  0
SECTION
  2
HEADER
  9
$ACADVER
  1
AC1024
  9
$ACADMAINTVER
 70
6
  9
$DWGCODEPAGE
  3
ANSI_1252
  9
$LASTSAVEDBY
  1
ezdxf
  9
$INSBASE
 10
0.0
 20
0.0
 30
0.0
  9
$EXTMIN
 10
1e+20
 20
1e+20
 30
1e+20
  9
$EXTMAX
 10
-1e+20
 20
-1e+20
 30
-1e+20
  9
$LIMMIN
 10
0.0
 20
0.0
  9
$LIMMAX
 10
420.0
 20
297.0
  9
$ORTHOMODE
 70
0
  9
$REGENMODE
 70
1
  9
$FILLMODE
 70
1
  9
$QTEXTMODE
 70
0
  9
$MIRRTEXT
 70
1
  9
$LTSCALE
 40
1.0
  9
$ATTMODE
 70
1
  9
$TEXTSIZE
 40
2.5
  9
$TRACEWID
 40
1.0
  9
$TEXTSTYLE
  7
Standard
  9
$CLAYER
  8
0
  9
$CELTYPE
  6
ByLayer
  9
$CECOLOR
 62
256
  9
$CELTSCALE
 40
1.0
  9
$DISPSILH
 70
0
  9
$DIMSCALE
 40
1.0
  9
$DIMASZ
 40
2.5
  9
$DIMEXO
 40
0.625
  9
$DIMDLI
 40
3.75
  9
$DIMRND
 40
0.0
  9
$DIMDLE
 40
0.0
  9
$DIMEXE
 40
1.25
  9
$DIMTP
 40
0.0
  9
$DIMTM
 40
0.0
  9
$DIMTXT
 40
2.5
  9
$DIMCEN
 40
2.5
  9
$DIMTSZ
 40
0.0
  9
$DIMTOL
 70
0
  9
$DIMLIM
 70
0
  9
$DIMTIH
 70
0
  9
$DIMTOH
 70
0
  9
$DIMSE1
 70
0
  9
$DIMSE2
 70
0
  9
$DIMTAD
 70
1
  9
$DIMZIN
 70
8
  9
$DIMBLK
  1

  9
$DIMASO
 70
1
  9
$DIMSHO
 70
1
  9
$DIMPOST
  1

  9
$DIMAPOST
  1

  9
$DIMALT
 70
0
  9
$DIMALTD
 70
3
  9
$DIMALTF
 40
0.03937007874
  9
$DIMLFAC
 40
1.0
  9
$DIMTOFL
 70
1
  9
$DIMTVP
 40
0.0
  9
$DIMTIX
 70
0
  9
$DIMSOXD
 70
0
  9
$DIMSAH
 70
0
  9
$DIMBLK1
  1

  9
$DIMBLK2
  1

  9
$DIMSTYLE
  2
ISO-25
  9
$DIMCLRD
 70
0
  9
$DIMCLRE
 70
0
  9
$DIMCLRT
 70
0
  9
$DIMTFAC
 40
1.0
  9
$DIMGAP
 40
0.625
  9
$DIMJUST
 70
0
  9
$DIMSD1
 70
0
  9
$DIMSD2
 70
0
  9
$DIMTOLJ
 70
0
  9
$DIMTZIN
 70
8
  9
$DIMALTZ
 70
0
  9
$DIMALTTZ
 70
0
  9
$DIMUPT
 70
0
  9
$DIMDEC
 70
2
  9
$DIMTDEC
 70
2
  9
$DIMALTU
 70
2
  9
$DIMALTTD
 70
3
  9
$DIMTXSTY
  7
Standard
  9
$DIMAUNIT
 70
0
  9
$DIMADEC
 70
0
  9
$DIMALTRND
 40
0.0
  9
$DIMAZIN
 70
0
  9
$DIMDSEP
 70
44
  9
$DIMATFIT
 70
3
  9
$DIMFRAC
 70
0
  9
$DIMLDRBLK
  1

  9
$DIMLUNIT
 70
2
  9
$DIMLWD
 70
-2
  9
$DIMLWE
 70
-2
  9
$DIMTMOVE
 70
0
  9
$DIMFXL
 40
1.0
  9
$DIMFXLON
 70
0
  9
$DIMJOGANG
 40
0.785398163397
  9
$DIMTFILL
 70
0
  9
$DIMTFILLCLR
 70
0
  9
$DIMARCSYM
 70
0
  9
$DIMLTYPE
  6

  9
$DIMLTEX1
  6

  9
$DIMLTEX2
  6

  9
$DIMTXTDIRECTION
 70
0
  9
$LUNITS
 70
2
  9
$LUPREC
 70
4
  9
$SKETCHINC
 40
1.0
  9
$FILLETRAD
 40
10.0
  9
$AUNITS
 70
0
  9
$AUPREC
 70
2
  9
$MENU
  1
.
  9
$ELEVATION
 40
0.0
  9
$PELEVATION
 40
0.0
  9
$THICKNESS
 40
0.0
  9
$LIMCHECK
 70
0
  9
$CHAMFERA
 40
0.0
  9
$CHAMFERB
 40
0.0
  9
$CHAMFERC
 40
0.0
  9
$CHAMFERD
 40
0.0
  9
$SKPOLY
 70
0
  9
$TDCREATE
 40
2461323.286400463
  9
$TDUCREATE
 40
2458532.153996898
  9
$TDUPDATE
 40
2461323.286400463
  9
$TDUUPDATE
 40
2458532.1544311
  9
$TDINDWG
 40
0.0
  9
$TDUSRTIMER
 40
0.0
  9
$USRTIMER
 70
1
  9
$ANGBASE
 50
0.0
  9
$ANGDIR
 70
0
  9
$PDMODE
 70
0
  9
$PDSIZE
 40
0.0
  9
$PLINEWID
 40
0.0
  9
$SPLFRAME
 70
0
  9
$SPLINETYPE
 70
6
  9
$SPLINESEGS
 70
8
  9
$HANDSEED
  5
5EC
  9
$SURFTAB1
 70
6
  9
$SURFTAB2
 70
6
  9
$SURFTYPE
 70
6
  9
$SURFU
 70
6
  9
$SURFV
 70
6
  9
$UCSBASE
  2

  9
$UCSNAME
  2

  9
$UCSORG
 10
0.0
 20
0.0
 30
0.0
  9
$UCSXDIR
 10
1.0
 20
0.0
 30
0.0
  9
$UCSYDIR
 10
0.0
 20
1.0
 30
0.0
  9
$UCSORTHOREF
  2

  9
$UCSORTHOVIEW
 70
0
  9
$UCSORGTOP
 10
0.0
 20
0.0
 30
0.0
  9
$UCSORGBOTTOM
 10
0.0
 20
0.0
 30
0.0
  9
$UCSORGLEFT
 10
0.0
 20
0.0
 30
0.0
  9
$UCSORGRIGHT
 10
0.0
 20
0.0
 30
0.0
  9
$UCSORGFRONT
 10
0.0
 20
0.0
 30
0.0
  9
$UCSORGBACK
 10
0.0
 20
0.0
 30
0.0
  9
$PUCSBASE
  2

  9
$PUCSNAME
  2

  9
$PUCSORG
 10
0.0
 20
0.0
 30
0.0
  9
$PUCSXDIR
 10
1.0
 20
0.0
 30
0.0
  9
$PUCSYDIR
 10
0.0
 20
1.0
 30
0.0
  9
$PUCSORTHOREF
  2

  9
$PUCSORTHOVIEW
 70
0
  9
$PUCSORGTOP
 10
0.0
 20
0.0
 30
0.0
  9
$PUCSORGBOTTOM
 10
0.0
 20
0.0
 30
0.0
  9
$PUCSORGLEFT
 10
0.0
 20
0.0
 30
0.0
  9
$PUCSORGRIGHT
 10
0.0
 20
0.0
 30
0.0
  9
$PUCSORGFRONT
 10
0.0
 20
0.0
 30
0.0
  9
$PUCSORGBACK
 10
0.0
 20
0.0
 30
0.0
  9
$USERI1
 70
0
  9
$USERI2
 70
0
  9
$USERI3
 70
0
  9
$USERI4
 70
0
  9
$USERI5
 70
0
  9
$USERR1
 40
0.0
  9
$USERR2
 40
0.0
  9
$USERR3
 40
0.0
  9
$USERR4
 40
0.0
  9
$USERR5
 40
0.0
  9
$WORLDVIEW
 70
1
  9
$SHADEDGE
 70
3
  9
$SHADEDIF
 70
70
  9
$TILEMODE
 70
1
  9
$MAXACTVP
 70
64
  9
$PINSBASE
 10
0.0
 20
0.0
 30
0.0
  9
$PLIMCHECK
 70
0
  9
$PEXTMIN
 10
1e+20
 20
1e+20
 30
1e+20
  9
$PEXTMAX
 10
-1e+20
 20
-1e+20
 30
-1e+20
  9
$PLIMMIN
 10
0.0
 20
0.0
  9
$PLIMMAX
 10
420.0
 20
297.0
  9
$UNITMODE
 70
0
  9
$VISRETAIN
 70
1
  9
$PLINEGEN
 70
0
  9
$PSLTSCALE
 70
1
  9
$TREEDEPTH
 70
3020
  9
$CMLSTYLE
  2
Standard
  9
$CMLJUST
 70
0
  9
$CMLSCALE
 40
20.0
  9
$PROXYGRAPHICS
 70
1
  9
$MEASUREMENT
 70
1
  9
$CELWEIGHT
370
-1
  9
$ENDCAPS
280
0
  9
$JOINSTYLE
280
0
  9
$LWDISPLAY
290
0
  9
$INSUNITS
 70
6
  9
$HYPERLINKBASE
  1

  9
$STYLESHEET
  1

  9
$XEDIT
290
1
  9
$CEPSNTYPE
380
0
  9
$PSTYLEMODE
290
1
  9
$FINGERPRINTGUID
  2
{A413E78C-4DA9-4A95-8026-A53345786F6A}
  9
$VERSIONGUID
  2
{BF226F18-23CF-4EDA-AF7B-F6441DB0E64A}
  9
$EXTNAMES
290
1
  9
$PSVPSCALE
 40
0.0
  9
$OLESTARTUP
290
0
  9
$SORTENTS
280
127
  9
$INDEXCTL
280
0
  9
$HIDETEXT
280
1
  9
$XCLIPFRAME
280
1
  9
$HALOGAP
280
0
  9
$OBSCOLOR
 70
257
  9
$OBSLTYPE
280
0
  9
$INTERSECTIONDISPLAY
280
0
  9
$INTERSECTIONCOLOR
 70
257
  9
$DIMASSOC
280
2
  9
$PROJECTNAME
  1

  9
$CAMERADISPLAY
290
0
  9
$LENSLENGTH
 40
50.0
  9
$CAMERAHEIGHT
 40
0.0
  9
$STEPSPERSEC
 40
24.0
  9
$STEPSIZE
 40
100.0
  9
$3DDWFPREC
 40
2.0
  9
$PSOLWIDTH
 40
0.005
  9
$PSOLHEIGHT
 40
0.08
  9
$LOFTANG1
 40
1.570796326795
  9
$LOFTANG2
 40
1.570796326795
  9
$LOFTMAG1
 40
0.0
  9
$LOFTMAG2
 40
0.0
  9
$LOFTPARAM
 70
7
  9
$LOFTNORMALS
280
1
  9
$LATITUDE
 40
37.795
  9
$LONGITUDE
 40
-122.394
  9
$NORTHDIRECTION
 40
0.0
  9
$TIMEZONE
 70
-8000
  9
$LIGHTGLYPHDISPLAY
280
1
  9
$TILEMODELIGHTSYNCH
280
1
  9
$CMATERIAL
347
20
  9
$SOLIDHIST
280
0
  9
$SHOWHIST
280
1
  9
$DWFFRAME
280
2
  9
$DGNFRAME
280
2
  9
$REALWORLDSCALE
290
1
  9
$INTERFERECOLOR
 62
256
  9
$CSHADOW
280
0
  9
$SHADOWPLANELOCATION
 40
0.0
  0
ENDSEC
  0
SECTION
  2
CLASSES
  0
CLASS
  1
ACDBDICTIONARYWDFLT
  2
AcDbDictionaryWithDefault
  3
ObjectDBX Classes
 90
0
 91
0
280
0
281
0
  0
CLASS
  1
SUN
  2
AcDbSun
  3
SCENEOE
 90
1153
 91
0
280
0
281
0
  0
CLASS
  1
VISUALSTYLE
  2
AcDbVisualStyle
  3
ObjectDBX Classes
 90
4095
 91
0
280
0
281
0
  0
CLASS
  1
MATERIAL
  2
AcDbMaterial
  3
ObjectDBX Classes
 90
1153
 91
0
280
0
281
0
  0
CLASS
  1
SCALE
  2
AcDbScale
  3
ObjectDBX Classes
 90
1153
 91
0
280
0
281
0
  0
CLASS
  1
TABLESTYLE
  2
AcDbTableStyle
  3
ObjectDBX Classes
 90
4095
 91
0
280
0
281
0
  0
CLASS
  1
MLEADERSTYLE
  2
AcDbMLeaderStyle
  3
ACDB_MLEADERSTYLE_CLASS
 90
4095
 91
0
280
0
281
0
  0
CLASS
  1
DICTIONARYVAR
  2
AcDbDictionaryVar
  3
ObjectDBX Classes
 90
0
 91
0
280
0
281
0
  0
CLASS
  1
CELLSTYLEMAP
  2
AcDbCellStyleMap
  3
ObjectDBX Classes
 90
1152
 91
0
280
0
281
0
  0
CLASS
  1
MENTALRAYRENDERSETTINGS
  2
AcDbMentalRayRenderSettings
  3
SCENEOE
 90
1024
 91
0
280
0
281
0
  0
CLASS
  1
ACDBDETAILVIEWSTYLE
  2
AcDbDetailViewStyle
  3
ObjectDBX Classes
 90
1025
 91
0
280
0
281
0
  0
CLASS
  1
ACDBSECTIONVIEWSTYLE
  2
AcDbSectionViewStyle
  3
ObjectDBX Classes
 90
1025
 91
0
280
0
281
0
  0
CLASS
  1
RASTERVARIABLES
  2
AcDbRasterVariables
  3
ISM
 90
0
 91
0
280
0
281
0
  0
CLASS
  1
IMAGE
  2
AcDbRasterImage
  3
ISM
 90
2175
 91
0
280
0
281
1
  0
CLASS
  1
IMAGEDEF
  2
AcDbRasterImageDef
  3
ISM
 90
0
 91
0
280
0
281
0
  0
CLASS
  1
IMAGEDEF_REACTOR
  2
AcDbRasterImageDefReactor
  3
ISM
 90
1
 91
0
280
0
281
0
  0
CLASS
  1
ACDBPLACEHOLDER
  2
AcDbPlaceHolder
  3
ObjectDBX Classes
 90
0
 91
0
280
0
281
0
  0
CLASS
  1
LAYOUT
  2
AcDbLayout
  3
ObjectDBX Classes
 90
0
 91
0
280
0
281
0
  0
ENDSEC
  0
SECTION
  2
TABLES
  0
TABLE
  2
VPORT
  5
8
330
0
100
AcDbSymbolTable
 70
1
  0
VPORT
  5
23
330
8
100
AcDbSymbolTableRecord
100
AcDbViewportTableRecord
  2
*Active
 70
0
 10
0.0
 20
0.0
 11
1.0
 21
1.0
 12
0.0
 22
0.0
 13
0.0
 23
0.0
 14
0.5
 24
0.5
 15
0.5
 25
0.5
 16
0.0
 26
0.0
 36
1.0
 17
0.0
 27
0.0
 37
0.0
 40
1000.0
 41
1.34
 42
50.0
 43
0.0
 44
0.0
 50
0.0
 51
0.0
 71
0
 72
1000
 73
1
 74
3
 75
0
 76
0
 77
0
 78
0
281
0
 65
0
146
0.0
  0
ENDTAB
  0
TABLE
  2
LTYPE
  5
2
330
0
100
AcDbSymbolTable
 70
3
  0
LTYPE
  5
24
330
2
100
AcDbSymbolTableRecord
100
AcDbLinetypeTableRecord
  2
ByBlock
 70
0
  3

 72
65
 73
0
 40
0.0
  0
LTYPE
  5
25
330
2
100
AcDbSymbolTableRecord
100
AcDbLinetypeTableRecord
  2
ByLayer
 70
0
  3

 72
65
 73
0
 40
0.0
  0
LTYPE
  5
26
330
2
100
AcDbSymbolTableRecord
100
AcDbLinetypeTableRecord
  2
Continuous
 70
0
  3

 72
65
 73
0
 40
0.0
  0
ENDTAB
  0
TABLE
  2
LAYER
  5
1
330
0
100
AcDbSymbolTable
 70
11
  0
LAYER
  5
27
330
1
100
AcDbSymbolTableRecord
100
AcDbLayerTableRecord
  2
0
 70
0
 62
7
  6
Continuous
370
-3
390
13
347
21
  0
LAYER
  5
28
330
1
100
AcDbSymbolTableRecord
100
AcDbLayerTableRecord
  2
Defpoints
 70
0
 62
7
  6
Continuous
290
0
370
-3
390
13
347
21
  0
LAYER
  5
2F
330
1
100
AcDbSymbolTableRecord
100
AcDbLayerTableRecord
  2
0.500-1.000
 70
0
 62
4
  6
Continuous
370
-3
390
13
347
21
  0
LAYER
  5
30
330
1
100
AcDbSymbolTableRecord
100
AcDbLayerTableRecord
  2
1.000-1.500
 70
0
 62
5
  6
Continuous
370
-3
390
13
347
21
  0
LAYER
  5
31
330
1
100
AcDbSymbolTableRecord
100
AcDbLayerTableRecord
  2
1.500-3.000
 70
0
 62
1
  6
Continuous
370
-3
390
13
347
21
  0
LAYER
  5
32
330
1
100
AcDbSymbolTableRecord
100
AcDbLayerTableRecord
  2
3.000-999.000
 70
0
 62
2
  6
Continuous
370
-3
390
13
347
21
  0
LAYER
  5
33
330
1
100
AcDbSymbolTableRecord
100
AcDbLayerTableRecord
  2
爆区方格网
 70
0
 62
7
  6
Continuous
370
-3
390
13
347
21
  0
LAYER
  5
34
330
1
100
AcDbSymbolTableRecord
100
AcDbLayerTableRecord
  2
钻孔
 70
0
 62
7
  6
Continuous
370
-3
390
13
347
21
  0
LAYER
  5
35
330
1
100
AcDbSymbolTableRecord
100
AcDbLayerTableRecord
  2
线条
 70
0
 62
7
  6
Continuous
370
-3
390
13
347
21
  0
LAYER
  5
36
330
1
100
AcDbSymbolTableRecord
100
AcDbLayerTableRecord
  2
点
 70
0
 62
7
  6
Continuous
370
-3
390
13
347
21
  0
LAYER
  5
37
330
1
100
AcDbSymbolTableRecord
100
AcDbLayerTableRecord
  2
报告
 70
0
 62
7
  6
Continuous
370
-3
390
13
347
21
  0
ENDTAB
  0
TABLE
  2
STYLE
  5
5
330
0
100
AcDbSymbolTable
 70
3
  0
STYLE
  5
29
330
5
100
AcDbSymbolTableRecord
100
AcDbTextStyleTableRecord
  2
Standard
 70
0
 40
0.0
 41
1.0
 50
0.0
 71
0
 42
2.5
  3
txt
  4

  0
STYLE
  5
38
330
5
100
AcDbSymbolTableRecord
100
AcDbTextStyleTableRecord
  2
CN_SHX
 70
0
 40
0.0
 41
1.0
 50
0.0
 71
0
 42
2.5
  3
txt.shx
  4
gbcbig.shx
  0
STYLE
  5
39
330
5
100
AcDbSymbolTableRecord
100
AcDbTextStyleTableRecord
  2
CN_TTF
 70
0
 40
0.0
 41
1.0
 50
0.0
 71
0
 42
2.5
  3
simsunb.ttf
  4

  0
ENDTAB
  0
TABLE
  2
VIEW
  5
7
330
0
100
AcDbSymbolTable
 70
0
  0
ENDTAB
  0
TABLE
  2
UCS
  5
6
330
0
100
AcDbSymbolTable
 70
0
  0
ENDTAB
  0
TABLE
  2
APPID
  5
3
330
0
100
AcDbSymbolTable
 70
3
  0
APPID
  5
2A
330
3
100
AcDbSymbolTableRecord
100
AcDbRegAppTableRecord
  2
ACAD
 70
0
  0
APPID
  5
5E9
330
3
100
AcDbSymbolTableRecord
100
AcDbRegAppTableRecord
  2
HATCHBACKGROUNDCOLOR
 70
0
  0
APPID
  5
5EA
330
3
100
AcDbSymbolTableRecord
100
AcDbRegAppTableRecord
  2
EZDXF
 70
0
  0
ENDTAB
  0
TABLE
  2
DIMSTYLE
  5
4
330
0
100
AcDbSymbolTable
 70
1
100
AcDbDimStyleTable
  0
DIMSTYLE
105
2B
330
4
100
AcDbSymbolTableRecord
100
AcDbDimStyleTableRecord
  2
Standard
 70
0
 40
1.0
 41
2.5
 42
0.625
 43
3.75
 44
1.25
 45
0.0
 46
0.0
 47
0.0
 48
0.0
 49
2.5
140
2.5
141
2.5
142
0.0
143
0.03937007874
144
1.0
145
0.0
146
1.0
147
0.625
148
0.0
 69
0
 70
0
 71
0
 72
0
 73
0
 74
0
 75
0
 76
0
 77
1
 78
8
 79
3
170
0
171
3
172
1
173
0
174
0
175
0
176
0
177
0
178
0
179
2
271
2
272
2
273
2
274
3
275
0
276
0
277
2
278
44
279
0
280
0
281
0
282
0
283
0
284
8
285
0
286
0
288
0
289
3
290
0
371
-2
372
-2
  0
ENDTAB
  0
TABLE
  2
BLOCK_RECORD
  5
9
330
0
100
AcDbSymbolTable
 70
2
  0
BLOCK_RECORD
  5
17
330
9
100
AcDbSymbolTableRecord
100
AcDbBlockTableRecord
  2
*Model_Space
340
1A
 70
0
280
1
281
0
  0
BLOCK_RECORD
  5
1B
330
9
100
AcDbSymbolTableRecord
100
AcDbBlockTableRecord
  2
*Paper_Space
340
1E
 70
0
280
1
281
0
  0
ENDTAB
  0
ENDSEC
  0
SECTION
  2
BLOCKS
  0
BLOCK
  5
18
330
17
100
AcDbEntity
  8
0
100
AcDbBlockBegin
  2
*Model_Space
 70
0
 10
0.0
 20
0.0
 30
0.0
  3
*Model_Space
  1

  0
ENDBLK
  5
19
330
17
100
AcDbEntity
  8
0
100
AcDbBlockEnd
  0
BLOCK
  5
1C
330
1B
100
AcDbEntity
  8
0
100
AcDbBlockBegin
  2
*Paper_Space
 70
0
 10
0.0
 20
0.0
 30
0.0
  3
*Paper_Space
  1

  0
ENDBLK
  5
1D
330
1B
100
AcDbEntity
  8
0
100
AcDbBlockEnd
  0
ENDSEC
  0
SECTION
  2
ENTITIES
  0
LWPOLYLINE
  5
3A
330
17
100
AcDbEntity
  8
1.500-3.000
 62
1
370
30
100
AcDbPolyline
 90
51
 70
1
 10
470089.243145109
 20
4349649.7274415465
 10
470089.00605638657
 20
4349649.556029757
 10
470088.7533987006
 20
4349649.4085266795
 10
470088.48757491173
 20
4349649.28633512
 10
470088.2111130946
 20
4349649.190617161
 10
470087.92664249527
 20
4349649.122283113
 10
470087.63686852594
 20
4349649.081982857
 10
470087.34454703575
 20
4349649.07009966
 10
470087.05245810153
 20
4349649.086746537
 10
470086.7633795886
 20
4349649.13176517
 10
470086.48006073193
 20
4349649.204727417
 10
470086.20519599033
 20
4349649.304939381
 10
470085.9413994211
 20
4349649.4314480135
 10
470085.69117981935
 20
4349649.583050174
 10
470085.45691685873
 20
4349649.758304073
 10
470085.24083845975
 20
4349649.955542987
 10
470085.0449996015
 20
4349650.172891108
 10
470084.8712627783
 20
4349650.40828138
 10
470084.7212802864
 20
4349650.659475163
 10
470084.5964785103
 20
4349650.924083516
 10
470084.4980443575
 20
4349651.199589925
 10
470084.42691397027
 20
4349651.483374231
 10
470084.3837638228
 20
4349651.772737547
 10
470084.36900428764
 20
4349652.06492793
 10
470084.3827757331
 20
4349652.35716655
 10
470084.4249471879
 20
4349652.646674119
 10
470084.49511758727
 20
4349652.930697321
 10
470085.70630333736
 20
4349656.974866325
 10
470087.7589213537
 20
4349663.828591411
 10
470090.8374754747
 20
4349662.952583649
 10
470095.7972466163
 20
4349665.391547016
 10
470094.54084997403
 20
4349669.234445546
 10
470097.8001144993
 20
4349671.997371838
 10
470095.57632022083
 20
4349676.247862697
 10
470098.7915192861
 20
4349678.362692751
 10
470103.72561326047
 20
4349674.6045682095
 10
470102.45024578564
 20
4349671.275450967
 10
470100.8574616403
 20
4349667.117774637
 10
470100.75491229474
 20
4349666.881086863
 10
470100.6324097494
 20
4349666.654083345
 10
470098.8079097494
 20
4349663.595583345
 10
470096.9834097494
 20
4349660.537083345
 10
470096.97881007026
 20
4349660.529398769
 10
470095.2458100701
 20
4349657.643898769
 10
470093.51281007024
 20
4349654.758398769
 10
470093.38109782635
 20
4349654.557742828
 10
470093.23376599513
 20
4349654.36825865
 10
470091.44776599505
 20
4349652.25175865
 10
470089.66176599514
 20
4349650.13525865
 10
470089.4624100733
 20
4349649.921131864
 10
470089.243145109
 20
4349649.7274415465
  0
LWPOLYLINE
  5
3B
330
17
100
AcDbEntity
  8
1.500-3.000
 62
1
370
30
100
AcDbPolyline
 90
18
 70
1
 10
470103.86387516087
 20
4349717.603295245
 10
470105.88254429406
 20
4349724.343664456
 10
470106.9011175873
 20
4349727.74469732
 10
470106.9979452364
 20
4349728.018886267
 10
470107.12086336815
 20
4349728.282412936
 10
470107.2687171643
 20
4349728.5328014875
 10
470107.44011753565
 20
4349728.767699518
 10
470107.6334541724
 20
4349728.984900156
 10
470107.84691067314
 20
4349729.182362797
 10
470108.07848161
 20
4349729.358232275
 10
470108.32599136955
 20
4349729.510856293
 10
470108.58711459296
 20
4349729.638800947
 10
470113.576614593
 20
4349731.790300948
 10
470115.39470834384
 20
4349727.573996616
 10
470109.46335040743
 20
4349723.278644713
 10
470111.3856567989
 20
4349719.01879421
 10
470109.32440103154
 20
4349716.732567614
 10
470103.86387516087
 20
4349717.603295245
  0
LWPOLYLINE
  5
3C
330
17
100
AcDbEntity
  8
0.500-1.000
 62
4
370
30
100
AcDbPolyline
 90
55
 70
1
 10
470093.8251364292
 20
4349684.083782639
 10
470097.04745032755
 20
4349694.843141382
 10
470101.12160604825
 20
4349708.446813884
 10
470103.86387516087
 20
4349717.603295245
 10
470109.32440103154
 20
4349716.732567614
 10
470111.3856567989
 20
4349719.01879421
 10
470109.46335040743
 20
4349723.278644713
 10
470115.39470834384
 20
4349727.573996616
 10
470113.576614593
 20
4349731.790300948
 10
470118.56611459295
 20
4349733.941800947
 10
470118.84374020196
 20
4349734.045570814
 10
470119.1302503677
 20
4349734.121439707
 10
470119.4228486185
 20
4349734.168667112
 10
470119.71867905994
 20
4349734.186792064
 10
470120.0148542501
 20
4349734.17563766
 10
470120.30848338216
 20
4349734.135312768
 10
470120.5967004998
 20
4349734.06621098
 10
470120.8766924707
 20
4349733.969006761
 10
470121.1457264436
 20
4349733.844648868
 10
470121.4011765226
 20
4349733.694351093
 10
470121.6405493966
 20
4349733.519580411
 10
470121.86150867556
 20
4349733.322042665
 10
470122.06189769483
 20
4349733.103665915
 10
470122.2397605648
 20
4349732.866581619
 10
470122.3933612616
 20
4349732.613103829
 10
470122.52120057127
 20
4349732.345706605
 10
470122.6220307231
 20
4349732.06699987
 10
470122.6948675681
 20
4349731.779703928
 10
470122.739000185
 20
4349731.486622922
 10
470122.75399781903
 20
4349731.190617458
 10
470122.7397140863
 20
4349730.8945766855
 10
470122.6962884027
 20
4349730.601390099
 10
470122.624144623
 20
4349730.3139193375
 10
470120.5709485821
 20
4349723.564291461
 10
470119.13350439526
 20
4349718.838871599
 10
470116.3350396626
 20
4349709.639265135
 10
470114.544144623
 20
4349703.751919338
 10
470114.4916235451
 20
4349703.594952643
 10
470112.3676710681
 20
4349697.785027044
 10
470110.911214607
 20
4349693.800990786
 10
470109.26525608636
 20
4349689.298584708
 10
470107.4046235451
 20
4349684.208952643
 10
470107.38846164034
 20
4349684.165774638
 10
470106.0376466336
 20
4349680.639715193
 10
470103.72561326047
 20
4349674.6045682095
 10
470098.7915192861
 20
4349678.362692751
 10
470095.57632022083
 20
4349676.247862697
 10
470097.8001144993
 20
4349671.997371838
 10
470094.54084997403
 20
4349669.234445546
 10
470095.7972466163
 20
4349665.391547016
 10
470090.8374754747
 20
4349662.952583649
 10
470087.7589213537
 20
4349663.828591411
 10
470089.76328363584
 20
4349670.521189812
 10
470091.84362618753
 20
4349677.467487575
 10
470093.8251364292
 20
4349684.083782639
  0
LINE
  5
3D
330
17
100
AcDbEntity
  8
爆区方格网
 62
1
100
AcDbLine
 10
470085.0
 20
4349650.233859579
 30
0.0
 11
470085.0
 21
4349654.616507945
 31
0.0
  0
LINE
  5
3E
330
17
100
AcDbEntity
  8
爆区方格网
 62
1
100
AcDbLine
 10
470086.0
 20
4349649.403344998
 30
0.0
 11
470086.0
 21
4349657.955524279
 31
0.0
  0
LINE
  5
3F
330
17
100
AcDbEntity
  8
爆区方格网
 62
1
100
AcDbLine
 10
470087.0
 20
4349649.094915916
 30
0.0
 11
470087.0
 21
4349661.294540614
 31
0.0
  0
LINE
  5
40
330
17
100
AcDbEntity
  8
爆区方格网
 62
1
100
AcDbLine
 10
470088.0
 20
4349649.139904671
 30
0.0
 11
470088.0
 21
4349663.759992076
 31
0.0
  0
LINE
  5
41
330
17
100
AcDbEntity
  8
爆区方格网
 62
1
100
AcDbLine
 10
470089.0
 20
4349649.552494002
 30
0.0
 11
470089.0
 21
4349663.475440391
 31
0.0
  0
LINE
  5
42
330
17
100
AcDbEntity
  8
爆区方格网
 62
1
100
AcDbLine
 10
470090.0
 20
4349650.5360829905
 30
0.0
 11
470090.0
 21
4349663.190888707
 31
0.0
  0
LINE
  5
43
330
17
100
AcDbEntity
  8
爆区方格网
 62
1
100
AcDbLine
 10
470091.0
 20
4349651.721133382
 30
0.0
 11
470091.0
 21
4349663.032504951
 31
0.0
  0
LINE
  5
44
330
17
100
AcDbEntity
  8
爆区方格网
 62
1
100
AcDbLine
 10
470092.0
 20
4349652.906183774
 30
0.0
 11
470092.0
 21
4349663.524254126
 31
0.0
  0
LINE
  5
45
330
17
100
AcDbEntity
  8
爆区方格网
 62
1
100
AcDbLine
 10
470093.0
 20
4349654.091234166
 30
0.0
 11
470093.0
 21
4349664.0160033
 31
0.0
  0
LINE
  5
46
330
17
100
AcDbEntity
  8
爆区方格网
 62
1
100
AcDbLine
 10
470094.0
 20
4349655.569585464
 30
0.0
 11
470094.0
 21
4349664.507752475
 31
0.0
  0
LINE
  5
47
330
17
100
AcDbEntity
  8
爆区方格网
 62
1
100
AcDbLine
 10
470095.0
 20
4349657.234617202
 30
0.0
 11
470095.0
 21
4349664.99950165
 31
0.0
  0
LINE
  5
48
330
17
100
AcDbEntity
  8
爆区方格网
 62
1
100
AcDbLine
 10
470095.0
 20
4349667.830058666
 30
0.0
 11
470095.0
 21
4349669.62367375
 31
0.0
  0
LINE
  5
49
330
17
100
AcDbEntity
  8
爆区方格网
 62
1
100
AcDbLine
 10
470096.0
 20
4349658.899648938
 30
0.0
 11
470096.0
 21
4349670.471388402
 31
0.0
  0
LINE
  5
4A
330
17
100
AcDbEntity
  8
爆区方格网
 62
1
100
AcDbLine
 10
470096.0
 20
4349675.438054413
 30
0.0
 11
470096.0
 21
4349676.526542403
 31
0.0
  0
LINE
  5
4B
330
17
100
AcDbEntity
  8
爆区方格网
 62
1
100
AcDbLine
 10
470097.0
 20
4349660.564894407
 30
0.0
 11
470097.0
 21
4349671.319103054
 31
0.0
  0
LINE
  5
4C
330
17
100
AcDbEntity
  8
爆区方格网
 62
1
100
AcDbLine
 10
470097.0
 20
4349673.5266856775
 30
0.0
 11
470097.0
 21
4349677.184302626
 31
0.0
  0
LINE
  5
4D
330
17
100
AcDbEntity
  8
爆区方格网
 62
1
100
AcDbLine
 10
470098.0
 20
4349662.241244092
 30
0.0
 11
470098.0
 21
4349677.842062849
 31
0.0
  0
LINE
  5
4E
330
17
100
AcDbEntity
  8
爆区方格网
 62
1
100
AcDbLine
 10
470099.0
 20
4349663.917593776
 30
0.0
 11
470099.0
 21
4349678.203900379
 31
0.0
  0
LINE
  5
4F
330
17
100
AcDbEntity
  8
爆区方格网
 62
1
100
AcDbLine
 10
470100.0
 20
4349665.593943461
 30
0.0
 11
470100.0
 21
4349677.4422358135
 31
0.0
  0
LINE
  5
50
330
17
100
AcDbEntity
  8
爆区方格网
 62
1
100
AcDbLine
 10
470101.0
 20
4349667.48984537
 30
0.0
 11
470101.0
 21
4349676.680571249
 31
0.0
  0
LINE
  5
51
330
17
100
AcDbEntity
  8
爆区方格网
 62
1
100
AcDbLine
 10
470102.0
 20
4349670.100165383
 30
0.0
 11
470102.0
 21
4349675.918906683
 31
0.0
  0
LINE
  5
52
330
17
100
AcDbEntity
  8
爆区方格网
 62
1
100
AcDbLine
 10
470103.0
 20
4349672.710485395
 30
0.0
 11
470103.0
 21
4349675.157242118
 31
0.0
  0
LINE
  5
53
330
17
100
AcDbEntity
  8
爆区方格网
 62
1
100
AcDbLine
 10
470085.20078101376
 20
4349650.0
 30
0.0
 11
470089.53583773825
 21
4349650.0
 31
0.0
  0
LINE
  5
54
330
17
100
AcDbEntity
  8
爆区方格网
 62
1
100
AcDbLine
 10
470084.5693547319
 20
4349651.0
 30
0.0
 11
470090.39147450007
 21
4349651.0
 31
0.0
  0
LINE
  5
55
330
17
100
AcDbEntity
  8
爆区方格网
 62
1
100
AcDbLine
 10
470084.37228401937
 20
4349652.0
 30
0.0
 11
470091.23532047233
 21
4349652.0
 31
0.0
  0
LINE
  5
56
330
17
100
AcDbEntity
  8
爆区方格网
 62
1
100
AcDbLine
 10
470084.5158730051
 20
4349653.0
 30
0.0
 11
470092.07916644437
 21
4349653.0
 31
0.0
  0
LINE
  5
57
330
17
100
AcDbEntity
  8
爆区方格网
 62
1
100
AcDbLine
 10
470084.81536240544
 20
4349654.0
 30
0.0
 11
470092.92301241634
 21
4349654.0
 31
0.0
  0
LINE
  5
58
330
17
100
AcDbEntity
  8
爆区方格网
 62
1
100
AcDbLine
 10
470085.11485180585
 20
4349655.0
 30
0.0
 11
470093.6579131486
 21
4349655.0
 31
0.0
  0
LINE
  5
59
330
17
100
AcDbEntity
  8
爆区方格网
 62
1
100
AcDbLine
 10
470085.4143412062
 20
4349656.0
 30
0.0
 11
470094.25850230124
 21
4349656.0
 31
0.0
  0
LINE
  5
5A
330
17
100
AcDbEntity
  8
爆区方格网
 62
1
100
AcDbLine
 10
470085.7138306066
 20
4349657.0
 30
0.0
 11
470094.85909145384
 21
4349657.0
 31
0.0
  0
LINE
  5
5B
330
17
100
AcDbEntity
  8
爆区方格网
 62
1
100
AcDbLine
 10
470086.01332000695
 20
4349658.0
 30
0.0
 11
470095.45968060655
 21
4349658.0
 31
0.0
  0
LINE
  5
5C
330
17
100
AcDbEntity
  8
爆区方格网
 62
1
100
AcDbLine
 10
470086.31280940736
 20
4349659.0
 30
0.0
 11
470096.06026975927
 21
4349659.0
 31
0.0
  0
LINE
  5
5D
330
17
100
AcDbEntity
  8
爆区方格网
 62
1
100
AcDbLine
 10
470086.61229880777
 20
4349660.0
 30
0.0
 11
470096.66085891204
 21
4349660.0
 31
0.0
  0
LINE
  5
5E
330
17
100
AcDbEntity
  8
爆区方格网
 62
1
100
AcDbLine
 10
470086.9117882081
 20
4349661.0
 30
0.0
 11
470097.25955538824
 21
4349661.0
 31
0.0
  0
LINE
  5
5F
330
17
100
AcDbEntity
  8
爆区方格网
 62
1
100
AcDbLine
 10
470087.2112776085
 20
4349662.0
 30
0.0
 11
470097.85608963715
 21
4349662.0
 31
0.0
  0
LINE
  5
60
330
17
100
AcDbEntity
  8
爆区方格网
 62
1
100
AcDbLine
 10
470087.5107670089
 20
4349663.0
 30
0.0
 11
470090.6708401907
 21
4349663.0
 31
0.0
  0
LINE
  5
61
330
17
100
AcDbEntity
  8
爆区方格网
 62
1
100
AcDbLine
 10
470090.933899329
 20
4349663.0
 30
0.0
 11
470098.4526238861
 21
4349663.0
 31
0.0
  0
LINE
  5
62
330
17
100
AcDbEntity
  8
爆区方格网
 62
1
100
AcDbLine
 10
470092.96745637595
 20
4349664.0
 30
0.0
 11
470099.04915813496
 21
4349664.0
 31
0.0
  0
LINE
  5
63
330
17
100
AcDbEntity
  8
爆区方格网
 62
1
100
AcDbLine
 10
470095.00101342297
 20
4349665.0
 30
0.0
 11
470099.64569238375
 21
4349665.0
 31
0.0
  0
LINE
  5
64
330
17
100
AcDbEntity
  8
爆区方格网
 62
1
100
AcDbLine
 10
470095.5983190931
 20
4349666.0
 30
0.0
 11
470100.2422266325
 21
4349666.0
 31
0.0
  0
LINE
  5
65
330
17
100
AcDbEntity
  8
爆区方格网
 62
1
100
AcDbLine
 10
470095.2713792501
 20
4349667.0
 30
0.0
 11
470100.80643360555
 21
4349667.0
 31
0.0
  0
LINE
  5
66
330
17
100
AcDbEntity
  8
爆区方格网
 62
1
100
AcDbLine
 10
470094.94443940703
 20
4349668.0
 30
0.0
 11
470101.19543758134
 21
4349668.0
 31
0.0
  0
LINE
  5
67
330
17
100
AcDbEntity
  8
爆区方格网
 62
1
100
AcDbLine
 10
470094.61749956396
 20
4349669.0
 30
0.0
 11
470101.57853237254
 21
4349669.0
 31
0.0
  0
LINE
  5
68
330
17
100
AcDbEntity
  8
爆区方格网
 62
1
100
AcDbLine
 10
470095.44393033534
 20
4349670.0
 30
0.0
 11
470101.9616271637
 21
4349670.0
 31
0.0
  0
LINE
  5
69
330
17
100
AcDbEntity
  8
爆区方格网
 62
1
100
AcDbLine
 10
470096.62357256253
 20
4349671.0
 30
0.0
 11
470102.34472195484
 21
4349671.0
 31
0.0
  0
LINE
  5
6A
330
17
100
AcDbEntity
  8
爆区方格网
 62
1
100
AcDbLine
 10
470097.7987394838
 20
4349672.0
 30
0.0
 11
470102.72781674605
 21
4349672.0
 31
0.0
  0
LINE
  5
6B
330
17
100
AcDbEntity
  8
爆区方格网
 62
1
100
AcDbLine
 10
470097.2755541971
 20
4349673.0
 30
0.0
 11
470103.11091153725
 21
4349673.0
 31
0.0
  0
LINE
  5
6C
330
17
100
AcDbEntity
  8
爆区方格网
 62
1
100
AcDbLine
 10
470096.75236891035
 20
4349674.0
 30
0.0
 11
470103.49400632846
 21
4349674.0
 31
0.0
  0
LINE
  5
6D
330
17
100
AcDbEntity
  8
爆区方格网
 62
1
100
AcDbLine
 10
470096.22918362357
 20
4349675.0
 30
0.0
 11
470103.20644536347
 21
4349675.0
 31
0.0
  0
LINE
  5
6E
330
17
100
AcDbEntity
  8
爆区方格网
 62
1
100
AcDbLine
 10
470095.70599833684
 20
4349676.0
 30
0.0
 11
470101.8935314566
 21
4349676.0
 31
0.0
  0
LINE
  5
6F
330
17
100
AcDbEntity
  8
爆区方格网
 62
1
100
AcDbLine
 10
470096.7198027195
 20
4349677.0
 30
0.0
 11
470100.5806175497
 21
4349677.0
 31
0.0
  0
LINE
  5
70
330
17
100
AcDbEntity
  8
爆区方格网
 62
1
100
AcDbLine
 10
470098.24011356366
 20
4349678.0
 30
0.0
 11
470099.26770364284
 21
4349678.0
 31
0.0
  0
LINE
  5
71
330
17
100
AcDbEntity
  8
爆区方格网
 62
1
100
AcDbLine
 10
470104.0
 20
4349717.581588973
 30
0.0
 11
470104.0
 21
4349718.057818307
 31
0.0
  0
LINE
  5
72
330
17
100
AcDbEntity
  8
爆区方格网
 62
1
100
AcDbLine
 10
470105.0
 20
4349717.422130406
 30
0.0
 11
470105.0
 21
4349721.396834642
 31
0.0
  0
LINE
  5
73
330
17
100
AcDbEntity
  8
爆区方格网
 62
1
100
AcDbLine
 10
470106.0
 20
4349717.262671839
 30
0.0
 11
470106.0
 21
4349724.735850977
 31
0.0
  0
LINE
  5
74
330
17
100
AcDbEntity
  8
爆区方格网
 62
1
100
AcDbLine
 10
470107.0
 20
4349717.103213272
 30
0.0
 11
470107.0
 21
4349728.023291516
 31
0.0
  0
LINE
  5
75
330
17
100
AcDbEntity
  8
爆区方格网
 62
1
100
AcDbLine
 10
470108.0
 20
4349716.943754705
 30
0.0
 11
470108.0
 21
4349729.298628423
 31
0.0
  0
LINE
  5
76
330
17
100
AcDbEntity
  8
爆区方格网
 62
1
100
AcDbLine
 10
470109.0
 20
4349716.784296137
 30
0.0
 11
470109.0
 21
4349729.816839418
 31
0.0
  0
LINE
  5
77
330
17
100
AcDbEntity
  8
爆区方格网
 62
1
100
AcDbLine
 10
470110.0
 20
4349717.481903215
 30
0.0
 11
470110.0
 21
4349722.089423761
 31
0.0
  0
LINE
  5
78
330
17
100
AcDbEntity
  8
爆区方格网
 62
1
100
AcDbLine
 10
470110.0
 20
4349723.667273906
 30
0.0
 11
470110.0
 21
4349730.24804495
 31
0.0
  0
LINE
  5
79
330
17
100
AcDbEntity
  8
爆区方格网
 62
1
100
AcDbLine
 10
470111.0
 20
4349718.591045822
 30
0.0
 11
470111.0
 21
4349719.873413596
 31
0.0
  0
LINE
  5
7A
330
17
100
AcDbEntity
  8
爆区方格网
 62
1
100
AcDbLine
 10
470111.0
 20
4349724.391450722
 30
0.0
 11
470111.0
 21
4349730.679250482
 31
0.0
  0
LINE
  5
7B
330
17
100
AcDbEntity
  8
爆区方格网
 62
1
100
AcDbLine
 10
470112.0
 20
4349725.1156275375
 30
0.0
 11
470112.0
 21
4349731.110456014
 31
0.0
  0
LINE
  5
7C
330
17
100
AcDbEntity
  8
爆区方格网
 62
1
100
AcDbLine
 10
470113.0
 20
4349725.839804352
 30
0.0
 11
470113.0
 21
4349731.541661546
 31
0.0
  0
LINE
  5
7D
330
17
100
AcDbEntity
  8
爆区方格网
 62
1
100
AcDbLine
 10
470114.0
 20
4349726.563981168
 30
0.0
 11
470114.0
 21
4349730.80843644
 31
0.0
  0
LINE
  5
7E
330
17
100
AcDbEntity
  8
爆区方格网
 62
1
100
AcDbLine
 10
470115.0
 20
4349727.288157984
 30
0.0
 11
470115.0
 21
4349728.489356728
 31
0.0
  0
LINE
  5
7F
330
17
100
AcDbEntity
  8
爆区方格网
 62
1
100
AcDbLine
 10
470107.64727329346
 20
4349717.0
 30
0.0
 11
470109.5655173536
 21
4349717.0
 31
0.0
  0
LINE
  5
80
330
17
100
AcDbEntity
  8
爆区方格网
 62
1
100
AcDbLine
 10
470103.98268403
 20
4349718.0
 30
0.0
 11
470110.4671146717
 21
4349718.0
 31
0.0
  0
LINE
  5
81
330
17
100
AcDbEntity
  8
爆区方格网
 62
1
100
AcDbLine
 10
470104.2821734304
 20
4349719.0
 30
0.0
 11
470111.36871198984
 21
4349719.0
 31
0.0
  0
LINE
  5
82
330
17
100
AcDbEntity
  8
爆区方格网
 62
1
100
AcDbLine
 10
470104.5816628307
 20
4349720.0
 30
0.0
 11
470110.94287643355
 21
4349720.0
 31
0.0
  0
LINE
  5
83
330
17
100
AcDbEntity
  8
爆区方格网
 62
1
100
AcDbLine
 10
470104.8811522311
 20
4349721.0
 30
0.0
 11
470110.49161496555
 21
4349721.0
 31
0.0
  0
LINE
  5
84
330
17
100
AcDbEntity
  8
爆区方格网
 62
1
100
AcDbLine
 10
470105.1806416314
 20
4349722.0
 30
0.0
 11
470110.04035349755
 21
4349722.0
 31
0.0
  0
LINE
  5
85
330
17
100
AcDbEntity
  8
爆区方格网
 62
1
100
AcDbLine
 10
470105.48013103177
 20
4349723.0
 30
0.0
 11
470109.5890920295
 21
4349723.0
 31
0.0
  0
LINE
  5
86
330
17
100
AcDbEntity
  8
爆区方格网
 62
1
100
AcDbLine
 10
470105.7796204322
 20
4349724.0
 30
0.0
 11
470110.4594542204
 21
4349724.0
 31
0.0
  0
LINE
  5
87
330
17
100
AcDbEntity
  8
爆区方格网
 62
1
100
AcDbLine
 10
470106.0791098325
 20
4349725.0
 30
0.0
 11
470111.8403324512
 21
4349725.0
 31
0.0
  0
LINE
  5
88
330
17
100
AcDbEntity
  8
爆区方格网
 62
1
100
AcDbLine
 10
470106.37859923294
 20
4349726.0
 30
0.0
 11
470113.221210682
 21
4349726.0
 31
0.0
  0
LINE
  5
89
330
17
100
AcDbEntity
  8
爆区方格网
 62
1
100
AcDbLine
 10
470106.67808863334
 20
4349727.0
 30
0.0
 11
470114.6020889128
 21
4349727.0
 31
0.0
  0
LINE
  5
8A
330
17
100
AcDbEntity
  8
爆区方格网
 62
1
100
AcDbLine
 10
470106.9912757011
 20
4349728.0
 30
0.0
 11
470115.211013328
 21
4349728.0
 31
0.0
  0
LINE
  5
8B
330
17
100
AcDbEntity
  8
爆区方格网
 62
1
100
AcDbLine
 10
470107.64977705677
 20
4349729.0
 30
0.0
 11
470114.7798077964
 21
4349729.0
 31
0.0
  0
LINE
  5
8C
330
17
100
AcDbEntity
  8
爆区方格网
 62
1
100
AcDbLine
 10
470109.42476398847
 20
4349730.0
 30
0.0
 11
470114.3486022648
 21
4349730.0
 31
0.0
  0
LINE
  5
8D
330
17
100
AcDbEntity
  8
爆区方格网
 62
1
100
AcDbLine
 10
470111.74384369963
 20
4349731.0
 30
0.0
 11
470113.91739673325
 21
4349731.0
 31
0.0
  0
LINE
  5
8E
330
17
100
AcDbEntity
  8
爆区方格网
 62
4
100
AcDbLine
 10
470088.0
 20
4349663.759992076
 30
0.0
 11
470088.0
 21
4349664.633556949
 31
0.0
  0
LINE
  5
8F
330
17
100
AcDbEntity
  8
爆区方格网
 62
4
100
AcDbLine
 10
470089.0
 20
4349663.475440391
 30
0.0
 11
470089.0
 21
4349667.972573283
 31
0.0
  0
LINE
  5
90
330
17
100
AcDbEntity
  8
爆区方格网
 62
4
100
AcDbLine
 10
470090.0
 20
4349663.190888707
 30
0.0
 11
470090.0
 21
4349671.311589618
 31
0.0
  0
LINE
  5
91
330
17
100
AcDbEntity
  8
爆区方格网
 62
4
100
AcDbLine
 10
470091.0
 20
4349663.032504951
 30
0.0
 11
470091.0
 21
4349674.650605953
 31
0.0
  0
LINE
  5
92
330
17
100
AcDbEntity
  8
爆区方格网
 62
4
100
AcDbLine
 10
470092.0
 20
4349663.524254126
 30
0.0
 11
470092.0
 21
4349677.989622288
 31
0.0
  0
LINE
  5
93
330
17
100
AcDbEntity
  8
爆区方格网
 62
4
100
AcDbLine
 10
470093.0
 20
4349664.0160033
 30
0.0
 11
470093.0
 21
4349681.3286386235
 31
0.0
  0
LINE
  5
94
330
17
100
AcDbEntity
  8
爆区方格网
 62
4
100
AcDbLine
 10
470094.0
 20
4349664.507752475
 30
0.0
 11
470094.0
 21
4349684.667654959
 31
0.0
  0
LINE
  5
95
330
17
100
AcDbEntity
  8
爆区方格网
 62
4
100
AcDbLine
 10
470095.0
 20
4349664.99950165
 30
0.0
 11
470095.0
 21
4349667.830058666
 31
0.0
  0
LINE
  5
96
330
17
100
AcDbEntity
  8
爆区方格网
 62
4
100
AcDbLine
 10
470095.0
 20
4349669.62367375
 30
0.0
 11
470095.0
 21
4349688.006671294
 31
0.0
  0
LINE
  5
97
330
17
100
AcDbEntity
  8
爆区方格网
 62
4
100
AcDbLine
 10
470096.0
 20
4349670.471388402
 30
0.0
 11
470096.0
 21
4349675.438054413
 31
0.0
  0
LINE
  5
98
330
17
100
AcDbEntity
  8
爆区方格网
 62
4
100
AcDbLine
 10
470096.0
 20
4349676.526542403
 30
0.0
 11
470096.0
 21
4349691.345687628
 31
0.0
  0
LINE
  5
99
330
17
100
AcDbEntity
  8
爆区方格网
 62
4
100
AcDbLine
 10
470097.0
 20
4349671.319103054
 30
0.0
 11
470097.0
 21
4349673.5266856775
 31
0.0
  0
LINE
  5
9A
330
17
100
AcDbEntity
  8
爆区方格网
 62
4
100
AcDbLine
 10
470097.0
 20
4349677.184302626
 30
0.0
 11
470097.0
 21
4349694.684703963
 31
0.0
  0
LINE
  5
9B
330
17
100
AcDbEntity
  8
爆区方格网
 62
4
100
AcDbLine
 10
470098.0
 20
4349677.842062849
 30
0.0
 11
470098.0
 21
4349698.023720298
 31
0.0
  0
LINE
  5
9C
330
17
100
AcDbEntity
  8
爆区方格网
 62
4
100
AcDbLine
 10
470099.0
 20
4349678.203900379
 30
0.0
 11
470099.0
 21
4349701.362736633
 31
0.0
  0
LINE
  5
9D
330
17
100
AcDbEntity
  8
爆区方格网
 62
4
100
AcDbLine
 10
470100.0
 20
4349677.4422358135
 30
0.0
 11
470100.0
 21
4349704.701752968
 31
0.0
  0
LINE
  5
9E
330
17
100
AcDbEntity
  8
爆区方格网
 62
4
100
AcDbLine
 10
470101.0
 20
4349676.680571249
 30
0.0
 11
470101.0
 21
4349708.040769302
 31
0.0
  0
LINE
  5
9F
330
17
100
AcDbEntity
  8
爆区方格网
 62
4
100
AcDbLine
 10
470102.0
 20
4349675.918906683
 30
0.0
 11
470102.0
 21
4349711.379785637
 31
0.0
  0
LINE
  5
A0
330
17
100
AcDbEntity
  8
爆区方格网
 62
4
100
AcDbLine
 10
470103.0
 20
4349675.157242118
 30
0.0
 11
470103.0
 21
4349714.7188019715
 31
0.0
  0
LINE
  5
A1
330
17
100
AcDbEntity
  8
爆区方格网
 62
4
100
AcDbLine
 10
470104.0
 20
4349675.320805407
 30
0.0
 11
470104.0
 21
4349717.581588973
 31
0.0
  0
LINE
  5
A2
330
17
100
AcDbEntity
  8
爆区方格网
 62
4
100
AcDbLine
 10
470105.0
 20
4349677.931125419
 30
0.0
 11
470105.0
 21
4349717.422130406
 31
0.0
  0
LINE
  5
A3
330
17
100
AcDbEntity
  8
爆区方格网
 62
4
100
AcDbLine
 10
470106.0
 20
4349680.541445432
 30
0.0
 11
470106.0
 21
4349717.262671839
 31
0.0
  0
LINE
  5
A4
330
17
100
AcDbEntity
  8
爆区方格网
 62
4
100
AcDbLine
 10
470107.0
 20
4349683.151765444
 30
0.0
 11
470107.0
 21
4349717.103213272
 31
0.0
  0
LINE
  5
A5
330
17
100
AcDbEntity
  8
爆区方格网
 62
4
100
AcDbLine
 10
470108.0
 20
4349685.837563897
 30
0.0
 11
470108.0
 21
4349716.943754705
 31
0.0
  0
LINE
  5
A6
330
17
100
AcDbEntity
  8
爆区方格网
 62
4
100
AcDbLine
 10
470109.0
 20
4349688.572994968
 30
0.0
 11
470109.0
 21
4349716.784296137
 31
0.0
  0
LINE
  5
A7
330
17
100
AcDbEntity
  8
爆区方格网
 62
4
100
AcDbLine
 10
470110.0
 20
4349691.308426038
 30
0.0
 11
470110.0
 21
4349717.481903215
 31
0.0
  0
LINE
  5
A8
330
17
100
AcDbEntity
  8
爆区方格网
 62
4
100
AcDbLine
 10
470110.0
 20
4349722.089423761
 30
0.0
 11
470110.0
 21
4349723.667273906
 31
0.0
  0
LINE
  5
A9
330
17
100
AcDbEntity
  8
爆区方格网
 62
4
100
AcDbLine
 10
470111.0
 20
4349694.043857109
 30
0.0
 11
470111.0
 21
4349718.591045822
 31
0.0
  0
LINE
  5
AA
330
17
100
AcDbEntity
  8
爆区方格网
 62
4
100
AcDbLine
 10
470111.0
 20
4349719.873413596
 30
0.0
 11
470111.0
 21
4349724.391450722
 31
0.0
  0
LINE
  5
AB
330
17
100
AcDbEntity
  8
爆区方格网
 62
4
100
AcDbLine
 10
470112.0
 20
4349696.77928818
 30
0.0
 11
470112.0
 21
4349725.1156275375
 31
0.0
  0
LINE
  5
AC
330
17
100
AcDbEntity
  8
爆区方格网
 62
4
100
AcDbLine
 10
470113.0
 20
4349699.514719252
 30
0.0
 11
470113.0
 21
4349725.839804352
 31
0.0
  0
LINE
  5
AD
330
17
100
AcDbEntity
  8
爆区方格网
 62
4
100
AcDbLine
 10
470114.0
 20
4349702.250150322
 30
0.0
 11
470114.0
 21
4349726.563981168
 31
0.0
  0
LINE
  5
AE
330
17
100
AcDbEntity
  8
爆区方格网
 62
4
100
AcDbLine
 10
470114.0
 20
4349730.80843644
 30
0.0
 11
470114.0
 21
4349731.972867077
 31
0.0
  0
LINE
  5
AF
330
17
100
AcDbEntity
  8
爆区方格网
 62
4
100
AcDbLine
 10
470115.0
 20
4349705.250487472
 30
0.0
 11
470115.0
 21
4349727.288157984
 31
0.0
  0
LINE
  5
B0
330
17
100
AcDbEntity
  8
爆区方格网
 62
4
100
AcDbLine
 10
470115.0
 20
4349728.489356728
 30
0.0
 11
470115.0
 21
4349732.404072609
 31
0.0
  0
LINE
  5
B1
330
17
100
AcDbEntity
  8
爆区方格网
 62
4
100
AcDbLine
 10
470116.0
 20
4349708.537863709
 30
0.0
 11
470116.0
 21
4349732.83527814
 31
0.0
  0
LINE
  5
B2
330
17
100
AcDbEntity
  8
爆区方格网
 62
4
100
AcDbLine
 10
470117.0
 20
4349711.825239947
 30
0.0
 11
470117.0
 21
4349733.266483672
 31
0.0
  0
LINE
  5
B3
330
17
100
AcDbEntity
  8
爆区方格网
 62
4
100
AcDbLine
 10
470118.0
 20
4349715.112616185
 30
0.0
 11
470118.0
 21
4349733.697689204
 31
0.0
  0
LINE
  5
B4
330
17
100
AcDbEntity
  8
爆区方格网
 62
4
100
AcDbLine
 10
470119.0
 20
4349718.399992422
 30
0.0
 11
470119.0
 21
4349734.0869489545
 31
0.0
  0
LINE
  5
B5
330
17
100
AcDbEntity
  8
爆区方格网
 62
4
100
AcDbLine
 10
470120.0
 20
4349721.68736866
 30
0.0
 11
470120.0
 21
4349734.176197093
 31
0.0
  0
LINE
  5
B6
330
17
100
AcDbEntity
  8
爆区方格网
 62
4
100
AcDbLine
 10
470121.0
 20
4349724.974744897
 30
0.0
 11
470121.0
 21
4349733.912009259
 31
0.0
  0
LINE
  5
B7
330
17
100
AcDbEntity
  8
爆区方格网
 62
4
100
AcDbLine
 10
470122.0
 20
4349728.262121135
 30
0.0
 11
470122.0
 21
4349733.171119798
 31
0.0
  0
LINE
  5
B8
330
17
100
AcDbEntity
  8
爆区方格网
 62
4
100
AcDbLine
 10
470090.6708401907
 20
4349663.0
 30
0.0
 11
470090.933899329
 21
4349663.0
 31
0.0
  0
LINE
  5
B9
330
17
100
AcDbEntity
  8
爆区方格网
 62
4
100
AcDbLine
 10
470087.8102564093
 20
4349664.0
 30
0.0
 11
470092.96745637595
 21
4349664.0
 31
0.0
  0
LINE
  5
BA
330
17
100
AcDbEntity
  8
爆区方格网
 62
4
100
AcDbLine
 10
470088.1097458097
 20
4349665.0
 30
0.0
 11
470095.00101342297
 21
4349665.0
 31
0.0
  0
LINE
  5
BB
330
17
100
AcDbEntity
  8
爆区方格网
 62
4
100
AcDbLine
 10
470088.40923521004
 20
4349666.0
 30
0.0
 11
470095.5983190931
 21
4349666.0
 31
0.0
  0
LINE
  5
BC
330
17
100
AcDbEntity
  8
爆区方格网
 62
4
100
AcDbLine
 10
470088.70872461045
 20
4349667.0
 30
0.0
 11
470095.2713792501
 21
4349667.0
 31
0.0
  0
LINE
  5
BD
330
17
100
AcDbEntity
  8
爆区方格网
 62
4
100
AcDbLine
 10
470089.00821401086
 20
4349668.0
 30
0.0
 11
470094.94443940703
 21
4349668.0
 31
0.0
  0
LINE
  5
BE
330
17
100
AcDbEntity
  8
爆区方格网
 62
4
100
AcDbLine
 10
470089.30770341126
 20
4349669.0
 30
0.0
 11
470094.61749956396
 21
4349669.0
 31
0.0
  0
LINE
  5
BF
330
17
100
AcDbEntity
  8
爆区方格网
 62
4
100
AcDbLine
 10
470089.6071928117
 20
4349670.0
 30
0.0
 11
470095.44393033534
 21
4349670.0
 31
0.0
  0
LINE
  5
C0
330
17
100
AcDbEntity
  8
爆区方格网
 62
4
100
AcDbLine
 10
470089.906682212
 20
4349671.0
 30
0.0
 11
470096.62357256253
 21
4349671.0
 31
0.0
  0
LINE
  5
C1
330
17
100
AcDbEntity
  8
爆区方格网
 62
4
100
AcDbLine
 10
470090.2061716124
 20
4349672.0
 30
0.0
 11
470097.7987394838
 21
4349672.0
 31
0.0
  0
LINE
  5
C2
330
17
100
AcDbEntity
  8
爆区方格网
 62
4
100
AcDbLine
 10
470090.5056610127
 20
4349673.0
 30
0.0
 11
470097.2755541971
 21
4349673.0
 31
0.0
  0
LINE
  5
C3
330
17
100
AcDbEntity
  8
爆区方格网
 62
4
100
AcDbLine
 10
470090.80515041307
 20
4349674.0
 30
0.0
 11
470096.75236891035
 21
4349674.0
 31
0.0
  0
LINE
  5
C4
330
17
100
AcDbEntity
  8
爆区方格网
 62
4
100
AcDbLine
 10
470091.1046398134
 20
4349675.0
 30
0.0
 11
470096.22918362357
 21
4349675.0
 31
0.0
  0
LINE
  5
C5
330
17
100
AcDbEntity
  8
爆区方格网
 62
4
100
AcDbLine
 10
470103.20644536347
 20
4349675.0
 30
0.0
 11
470103.87710111967
 21
4349675.0
 31
0.0
  0
LINE
  5
C6
330
17
100
AcDbEntity
  8
爆区方格网
 62
4
100
AcDbLine
 10
470091.4041292138
 20
4349676.0
 30
0.0
 11
470095.70599833684
 21
4349676.0
 31
0.0
  0
LINE
  5
C7
330
17
100
AcDbEntity
  8
爆区方格网
 62
4
100
AcDbLine
 10
470101.8935314566
 20
4349676.0
 30
0.0
 11
470104.2601959108
 21
4349676.0
 31
0.0
  0
LINE
  5
C8
330
17
100
AcDbEntity
  8
爆区方格网
 62
4
100
AcDbLine
 10
470091.7036186142
 20
4349677.0
 30
0.0
 11
470096.7198027195
 21
4349677.0
 31
0.0
  0
LINE
  5
C9
330
17
100
AcDbEntity
  8
爆区方格网
 62
4
100
AcDbLine
 10
470100.5806175497
 20
4349677.0
 30
0.0
 11
470104.64329070196
 21
4349677.0
 31
0.0
  0
LINE
  5
CA
330
17
100
AcDbEntity
  8
爆区方格网
 62
4
100
AcDbLine
 10
470092.0031080145
 20
4349678.0
 30
0.0
 11
470098.24011356366
 21
4349678.0
 31
0.0
  0
LINE
  5
CB
330
17
100
AcDbEntity
  8
爆区方格网
 62
4
100
AcDbLine
 10
470099.26770364284
 20
4349678.0
 30
0.0
 11
470105.0263854931
 21
4349678.0
 31
0.0
  0
LINE
  5
CC
330
17
100
AcDbEntity
  8
爆区方格网
 62
4
100
AcDbLine
 10
470092.3025974149
 20
4349679.0
 30
0.0
 11
470105.40948028426
 21
4349679.0
 31
0.0
  0
LINE
  5
CD
330
17
100
AcDbEntity
  8
爆区方格网
 62
4
100
AcDbLine
 10
470092.6020868153
 20
4349680.0
 30
0.0
 11
470105.7925750754
 21
4349680.0
 31
0.0
  0
LINE
  5
CE
330
17
100
AcDbEntity
  8
爆区方格网
 62
4
100
AcDbLine
 10
470092.90157621563
 20
4349681.0
 30
0.0
 11
470106.17566986656
 21
4349681.0
 31
0.0
  0
LINE
  5
CF
330
17
100
AcDbEntity
  8
爆区方格网
 62
4
100
AcDbLine
 10
470093.20106561604
 20
4349682.0
 30
0.0
 11
470106.5587646577
 21
4349682.0
 31
0.0
  0
LINE
  5
D0
330
17
100
AcDbEntity
  8
爆区方格网
 62
4
100
AcDbLine
 10
470093.50055501645
 20
4349683.0
 30
0.0
 11
470106.9418594489
 21
4349683.0
 31
0.0
  0
LINE
  5
D1
330
17
100
AcDbEntity
  8
爆区方格网
 62
4
100
AcDbLine
 10
470093.8000444168
 20
4349684.0
 30
0.0
 11
470107.32495424006
 21
4349684.0
 31
0.0
  0
LINE
  5
D2
330
17
100
AcDbEntity
  8
爆区方格网
 62
4
100
AcDbLine
 10
470094.0995338172
 20
4349685.0
 30
0.0
 11
470107.69380917493
 21
4349685.0
 31
0.0
  0
LINE
  5
D3
330
17
100
AcDbEntity
  8
爆区方格网
 62
4
100
AcDbLine
 10
470094.39902321756
 20
4349686.0
 30
0.0
 11
470108.0593822689
 21
4349686.0
 31
0.0
  0
LINE
  5
D4
330
17
100
AcDbEntity
  8
爆区方格网
 62
4
100
AcDbLine
 10
470094.69851261796
 20
4349687.0
 30
0.0
 11
470108.42495536286
 21
4349687.0
 31
0.0
  0
LINE
  5
D5
330
17
100
AcDbEntity
  8
爆区方格网
 62
4
100
AcDbLine
 10
470094.9980020184
 20
4349688.0
 30
0.0
 11
470108.79052845686
 21
4349688.0
 31
0.0
  0
LINE
  5
D6
330
17
100
AcDbEntity
  8
爆区方格网
 62
4
100
AcDbLine
 10
470095.2974914188
 20
4349689.0
 30
0.0
 11
470109.15610155085
 21
4349689.0
 31
0.0
  0
LINE
  5
D7
330
17
100
AcDbEntity
  8
爆区方格网
 62
4
100
AcDbLine
 10
470095.59698081913
 20
4349690.0
 30
0.0
 11
470109.52167464484
 21
4349690.0
 31
0.0
  0
LINE
  5
D8
330
17
100
AcDbEntity
  8
爆区方格网
 62
4
100
AcDbLine
 10
470095.89647021954
 20
4349691.0
 30
0.0
 11
470109.8872477389
 21
4349691.0
 31
0.0
  0
LINE
  5
D9
330
17
100
AcDbEntity
  8
爆区方格网
 62
4
100
AcDbLine
 10
470096.19595961994
 20
4349692.0
 30
0.0
 11
470110.2528208329
 21
4349692.0
 31
0.0
  0
LINE
  5
DA
330
17
100
AcDbEntity
  8
爆区方格网
 62
4
100
AcDbLine
 10
470096.49544902035
 20
4349693.0
 30
0.0
 11
470110.61839392694
 21
4349693.0
 31
0.0
  0
LINE
  5
DB
330
17
100
AcDbEntity
  8
爆区方格网
 62
4
100
AcDbLine
 10
470096.7949384207
 20
4349694.0
 30
0.0
 11
470110.98396702093
 21
4349694.0
 31
0.0
  0
LINE
  5
DC
330
17
100
AcDbEntity
  8
爆区方格网
 62
4
100
AcDbLine
 10
470097.0944278211
 20
4349695.0
 30
0.0
 11
470111.3495401149
 21
4349695.0
 31
0.0
  0
LINE
  5
DD
330
17
100
AcDbEntity
  8
爆区方格网
 62
4
100
AcDbLine
 10
470097.39391722146
 20
4349696.0
 30
0.0
 11
470111.71511320886
 21
4349696.0
 31
0.0
  0
LINE
  5
DE
330
17
100
AcDbEntity
  8
爆区方格网
 62
4
100
AcDbLine
 10
470097.69340662187
 20
4349697.0
 30
0.0
 11
470112.08068630286
 21
4349697.0
 31
0.0
  0
LINE
  5
DF
330
17
100
AcDbEntity
  8
爆区方格网
 62
4
100
AcDbLine
 10
470097.9928960222
 20
4349698.0
 30
0.0
 11
470112.4462593968
 21
4349698.0
 31
0.0
  0
LINE
  5
E0
330
17
100
AcDbEntity
  8
爆区方格网
 62
4
100
AcDbLine
 10
470098.2923854226
 20
4349699.0
 30
0.0
 11
470112.8118324908
 21
4349699.0
 31
0.0
  0
LINE
  5
E1
330
17
100
AcDbEntity
  8
爆区方格网
 62
4
100
AcDbLine
 10
470098.591874823
 20
4349700.0
 30
0.0
 11
470113.1774055848
 21
4349700.0
 31
0.0
  0
LINE
  5
E2
330
17
100
AcDbEntity
  8
爆区方格网
 62
4
100
AcDbLine
 10
470098.8913642234
 20
4349701.0
 30
0.0
 11
470113.5429786787
 21
4349701.0
 31
0.0
  0
LINE
  5
E3
330
17
100
AcDbEntity
  8
爆区方格网
 62
4
100
AcDbLine
 10
470099.19085362373
 20
4349702.0
 30
0.0
 11
470113.9085517727
 21
4349702.0
 31
0.0
  0
LINE
  5
E4
330
17
100
AcDbEntity
  8
爆区方格网
 62
4
100
AcDbLine
 10
470099.49034302414
 20
4349703.0
 30
0.0
 11
470114.2741248667
 21
4349703.0
 31
0.0
  0
LINE
  5
E5
330
17
100
AcDbEntity
  8
爆区方格网
 62
4
100
AcDbLine
 10
470099.7898324245
 20
4349704.0
 30
0.0
 11
470114.6196092624
 21
4349704.0
 31
0.0
  0
LINE
  5
E6
330
17
100
AcDbEntity
  8
爆区方格网
 62
4
100
AcDbLine
 10
470100.0893218249
 20
4349705.0
 30
0.0
 11
470114.9238032237
 21
4349705.0
 31
0.0
  0
LINE
  5
E7
330
17
100
AcDbEntity
  8
爆区方格网
 62
4
100
AcDbLine
 10
470100.38881122525
 20
4349706.0
 30
0.0
 11
470115.227997185
 21
4349706.0
 31
0.0
  0
LINE
  5
E8
330
17
100
AcDbEntity
  8
爆区方格网
 62
4
100
AcDbLine
 10
470100.6883006256
 20
4349707.0
 30
0.0
 11
470115.5321911463
 21
4349707.0
 31
0.0
  0
LINE
  5
E9
330
17
100
AcDbEntity
  8
爆区方格网
 62
4
100
AcDbLine
 10
470100.987790026
 20
4349708.0
 30
0.0
 11
470115.8363851076
 21
4349708.0
 31
0.0
  0
LINE
  5
EA
330
17
100
AcDbEntity
  8
爆区方格网
 62
4
100
AcDbLine
 10
470101.2872794264
 20
4349709.0
 30
0.0
 11
470116.1405790689
 21
4349709.0
 31
0.0
  0
LINE
  5
EB
330
17
100
AcDbEntity
  8
爆区方格网
 62
4
100
AcDbLine
 10
470101.5867688268
 20
4349710.0
 30
0.0
 11
470116.4447730302
 21
4349710.0
 31
0.0
  0
LINE
  5
EC
330
17
100
AcDbEntity
  8
爆区方格网
 62
4
100
AcDbLine
 10
470101.88625822717
 20
4349711.0
 30
0.0
 11
470116.7489669915
 21
4349711.0
 31
0.0
  0
LINE
  5
ED
330
17
100
AcDbEntity
  8
爆区方格网
 62
4
100
AcDbLine
 10
470102.1857476276
 20
4349712.0
 30
0.0
 11
470117.05316095275
 21
4349712.0
 31
0.0
  0
LINE
  5
EE
330
17
100
AcDbEntity
  8
爆区方格网
 62
4
100
AcDbLine
 10
470102.485237028
 20
4349713.0
 30
0.0
 11
470117.3573549141
 21
4349713.0
 31
0.0
  0
LINE
  5
EF
330
17
100
AcDbEntity
  8
爆区方格网
 62
4
100
AcDbLine
 10
470102.7847264284
 20
4349714.0
 30
0.0
 11
470117.66154887533
 21
4349714.0
 31
0.0
  0
LINE
  5
F0
330
17
100
AcDbEntity
  8
爆区方格网
 62
4
100
AcDbLine
 10
470103.0842158288
 20
4349715.0
 30
0.0
 11
470117.96574283665
 21
4349715.0
 31
0.0
  0
LINE
  5
F1
330
17
100
AcDbEntity
  8
爆区方格网
 62
4
100
AcDbLine
 10
470103.3837052292
 20
4349716.0
 30
0.0
 11
470118.2699367979
 21
4349716.0
 31
0.0
  0
LINE
  5
F2
330
17
100
AcDbEntity
  8
爆区方格网
 62
4
100
AcDbLine
 10
470103.6831946296
 20
4349717.0
 30
0.0
 11
470107.64727329346
 21
4349717.0
 31
0.0
  0
LINE
  5
F3
330
17
100
AcDbEntity
  8
爆区方格网
 62
4
100
AcDbLine
 10
470109.5655173536
 20
4349717.0
 30
0.0
 11
470118.5741307592
 21
4349717.0
 31
0.0
  0
LINE
  5
F4
330
17
100
AcDbEntity
  8
爆区方格网
 62
4
100
AcDbLine
 10
470110.4671146717
 20
4349718.0
 30
0.0
 11
470118.8783247205
 21
4349718.0
 31
0.0
  0
LINE
  5
F5
330
17
100
AcDbEntity
  8
爆区方格网
 62
4
100
AcDbLine
 10
470111.36871198984
 20
4349719.0
 30
0.0
 11
470119.1825186818
 21
4349719.0
 31
0.0
  0
LINE
  5
F6
330
17
100
AcDbEntity
  8
爆区方格网
 62
4
100
AcDbLine
 10
470110.94287643355
 20
4349720.0
 30
0.0
 11
470119.4867126431
 21
4349720.0
 31
0.0
  0
LINE
  5
F7
330
17
100
AcDbEntity
  8
爆区方格网
 62
4
100
AcDbLine
 10
470110.49161496555
 20
4349721.0
 30
0.0
 11
470119.79090660444
 21
4349721.0
 31
0.0
  0
LINE
  5
F8
330
17
100
AcDbEntity
  8
爆区方格网
 62
4
100
AcDbLine
 10
470110.04035349755
 20
4349722.0
 30
0.0
 11
470120.09510056576
 21
4349722.0
 31
0.0
  0
LINE
  5
F9
330
17
100
AcDbEntity
  8
爆区方格网
 62
4
100
AcDbLine
 10
470109.5890920295
 20
4349723.0
 30
0.0
 11
470120.39929452713
 21
4349723.0
 31
0.0
  0
LINE
  5
FA
330
17
100
AcDbEntity
  8
爆区方格网
 62
4
100
AcDbLine
 10
470110.4594542204
 20
4349724.0
 30
0.0
 11
470120.70348848845
 21
4349724.0
 31
0.0
  0
LINE
  5
FB
330
17
100
AcDbEntity
  8
爆区方格网
 62
4
100
AcDbLine
 10
470111.8403324512
 20
4349725.0
 30
0.0
 11
470121.0076824497
 21
4349725.0
 31
0.0
  0
LINE
  5
FC
330
17
100
AcDbEntity
  8
爆区方格网
 62
4
100
AcDbLine
 10
470113.221210682
 20
4349726.0
 30
0.0
 11
470121.311876411
 21
4349726.0
 31
0.0
  0
LINE
  5
FD
330
17
100
AcDbEntity
  8
爆区方格网
 62
4
100
AcDbLine
 10
470114.6020889128
 20
4349727.0
 30
0.0
 11
470121.6160703723
 21
4349727.0
 31
0.0
  0
LINE
  5
FE
330
17
100
AcDbEntity
  8
爆区方格网
 62
4
100
AcDbLine
 10
470115.211013328
 20
4349728.0
 30
0.0
 11
470121.9202643336
 21
4349728.0
 31
0.0
  0
LINE
  5
FF
330
17
100
AcDbEntity
  8
爆区方格网
 62
4
100
AcDbLine
 10
470114.7798077964
 20
4349729.0
 30
0.0
 11
470122.2244582949
 21
4349729.0
 31
0.0
  0
LINE
  5
100
330
17
100
AcDbEntity
  8
爆区方格网
 62
4
100
AcDbLine
 10
470114.3486022648
 20
4349730.0
 30
0.0
 11
470122.5286522562
 21
4349730.0
 31
0.0
  0
LINE
  5
101
330
17
100
AcDbEntity
  8
爆区方格网
 62
4
100
AcDbLine
 10
470113.91739673325
 20
4349731.0
 30
0.0
 11
470122.7448006777
 21
4349731.0
 31
0.0
  0
LINE
  5
102
330
17
100
AcDbEntity
  8
爆区方格网
 62
4
100
AcDbLine
 10
470114.062923411
 20
4349732.0
 30
0.0
 11
470122.6390168982
 21
4349732.0
 31
0.0
  0
LINE
  5
103
330
17
100
AcDbEntity
  8
爆区方格网
 62
4
100
AcDbLine
 10
470116.3820031232
 20
4349733.0
 30
0.0
 11
470122.13966883987
 21
4349733.0
 31
0.0
  0
LINE
  5
104
330
17
100
AcDbEntity
  8
爆区方格网
 62
4
100
AcDbLine
 10
470118.7218201745
 20
4349734.0
 30
0.0
 11
470120.7874179701
 21
4349734.0
 31
0.0
  0
TEXT
  5
105
330
17
100
AcDbEntity
  8
点
 62
1
100
AcDbText
 10
470084.5
 20
4349651.5
 30
0.0
 40
0.3
  1
1.42
  7
CN_TTF
 11
470084.5
 21
4349651.5
 31
0.0
100
AcDbText
  0
TEXT
  5
106
330
17
100
AcDbEntity
  8
点
 62
1
100
AcDbText
 10
470084.5
 20
4349652.5
 30
0.0
 40
0.3
  1
1.42
  7
CN_TTF
 11
470084.5
 21
4349652.5
 31
0.0
100
AcDbText
  0
TEXT
  5
107
330
17
100
AcDbEntity
  8
点
 62
1
100
AcDbText
 10
470085.5
 20
4349650.5
 30
0.0
 40
0.3
  1
1.42
  7
CN_TTF
 11
470085.5
 21
4349650.5
 31
0.0
100
AcDbText
  0
TEXT
  5
108
330
17
100
AcDbEntity
  8
点
 62
1
100
AcDbText
 10
470085.5
 20
4349651.5
 30
0.0
 40
0.3
  1
1.42
  7
CN_TTF
 11
470085.5
 21
4349651.5
 31
0.0
100
AcDbText
  0
TEXT
  5
109
330
17
100
AcDbEntity
  8
点
 62
1
100
AcDbText
 10
470085.5
 20
4349652.5
 30
0.0
 40
0.3
  1
1.42
  7
CN_TTF
 11
470085.5
 21
4349652.5
 31
0.0
100
AcDbText
  0
TEXT
  5
10A
330
17
100
AcDbEntity
  8
点
 62
1
100
AcDbText
 10
470085.5
 20
4349653.5
 30
0.0
 40
0.3
  1
1.42
  7
CN_TTF
 11
470085.5
 21
4349653.5
 31
0.0
100
AcDbText
  0
TEXT
  5
10B
330
17
100
AcDbEntity
  8
点
 62
1
100
AcDbText
 10
470085.5
 20
4349654.5
 30
0.0
 40
0.3
  1
1.42
  7
CN_TTF
 11
470085.5
 21
4349654.5
 31
0.0
100
AcDbText
  0
TEXT
  5
10C
330
17
100
AcDbEntity
  8
点
 62
1
100
AcDbText
 10
470085.5
 20
4349655.5
 30
0.0
 40
0.3
  1
1.42
  7
CN_TTF
 11
470085.5
 21
4349655.5
 31
0.0
100
AcDbText
  0
TEXT
  5
10D
330
17
100
AcDbEntity
  8
点
 62
1
100
AcDbText
 10
470086.5
 20
4349649.5
 30
0.0
 40
0.3
  1
1.42
  7
CN_TTF
 11
470086.5
 21
4349649.5
 31
0.0
100
AcDbText
  0
TEXT
  5
10E
330
17
100
AcDbEntity
  8
点
 62
1
100
AcDbText
 10
470086.5
 20
4349650.5
 30
0.0
 40
0.3
  1
1.42
  7
CN_TTF
 11
470086.5
 21
4349650.5
 31
0.0
100
AcDbText
  0
TEXT
  5
10F
330
17
100
AcDbEntity
  8
点
 62
1
100
AcDbText
 10
470086.5
 20
4349651.5
 30
0.0
 40
0.3
  1
1.42
  7
CN_TTF
 11
470086.5
 21
4349651.5
 31
0.0
100
AcDbText
  0
TEXT
  5
110
330
17
100
AcDbEntity
  8
点
 62
1
100
AcDbText
 10
470086.5
 20
4349652.5
 30
0.0
 40
0.3
  1
1.42
  7
CN_TTF
 11
470086.5
 21
4349652.5
 31
0.0
100
AcDbText
  0
TEXT
  5
111
330
17
100
AcDbEntity
  8
点
 62
1
100
AcDbText
 10
470086.5
 20
4349653.5
 30
0.0
 40
0.3
  1
1.42
  7
CN_TTF
 11
470086.5
 21
4349653.5
 31
0.0
100
AcDbText
  0
TEXT
  5
112
330
17
100
AcDbEntity
  8
点
 62
1
100
AcDbText
 10
470086.5
 20
4349654.5
 30
0.0
 40
0.3
  1
1.42
  7
CN_TTF
 11
470086.5
 21
4349654.5
 31
0.0
100
AcDbText
  0
TEXT
  5
113
330
17
100
AcDbEntity
  8
点
 62
1
100
AcDbText
 10
470086.5
 20
4349655.5
 30
0.0
 40
0.3
  1
1.42
  7
CN_TTF
 11
470086.5
 21
4349655.5
 31
0.0
100
AcDbText
  0
TEXT
  5
114
330
17
100
AcDbEntity
  8
点
 62
1
100
AcDbText
 10
470086.5
 20
4349656.5
 30
0.0
 40
0.3
  1
1.91
  7
CN_TTF
 11
470086.5
 21
4349656.5
 31
0.0
100
AcDbText
  0
TEXT
  5
115
330
17
100
AcDbEntity
  8
点
 62
1
100
AcDbText
 10
470086.5
 20
4349657.5
 30
0.0
 40
0.3
  1
3.21
  7
CN_TTF
 11
470086.5
 21
4349657.5
 31
0.0
100
AcDbText
  0
TEXT
  5
116
330
17
100
AcDbEntity
  8
点
 62
1
100
AcDbText
 10
470086.5
 20
4349658.5
 30
0.0
 40
0.3
  1
3.21
  7
CN_TTF
 11
470086.5
 21
4349658.5
 31
0.0
100
AcDbText
  0
TEXT
  5
117
330
17
100
AcDbEntity
  8
点
 62
1
100
AcDbText
 10
470086.5
 20
4349659.5
 30
0.0
 40
0.3
  1
3.21
  7
CN_TTF
 11
470086.5
 21
4349659.5
 31
0.0
100
AcDbText
  0
TEXT
  5
118
330
17
100
AcDbEntity
  8
点
 62
1
100
AcDbText
 10
470087.5
 20
4349649.5
 30
0.0
 40
0.3
  1
1.42
  7
CN_TTF
 11
470087.5
 21
4349649.5
 31
0.0
100
AcDbText
  0
TEXT
  5
119
330
17
100
AcDbEntity
  8
点
 62
1
100
AcDbText
 10
470087.5
 20
4349650.5
 30
0.0
 40
0.3
  1
1.42
  7
CN_TTF
 11
470087.5
 21
4349650.5
 31
0.0
100
AcDbText
  0
TEXT
  5
11A
330
17
100
AcDbEntity
  8
点
 62
1
100
AcDbText
 10
470087.5
 20
4349651.5
 30
0.0
 40
0.3
  1
1.42
  7
CN_TTF
 11
470087.5
 21
4349651.5
 31
0.0
100
AcDbText
  0
TEXT
  5
11B
330
17
100
AcDbEntity
  8
点
 62
1
100
AcDbText
 10
470087.5
 20
4349652.5
 30
0.0
 40
0.3
  1
1.42
  7
CN_TTF
 11
470087.5
 21
4349652.5
 31
0.0
100
AcDbText
  0
TEXT
  5
11C
330
17
100
AcDbEntity
  8
点
 62
1
100
AcDbText
 10
470087.5
 20
4349653.5
 30
0.0
 40
0.3
  1
1.42
  7
CN_TTF
 11
470087.5
 21
4349653.5
 31
0.0
100
AcDbText
  0
TEXT
  5
11D
330
17
100
AcDbEntity
  8
点
 62
1
100
AcDbText
 10
470087.5
 20
4349654.5
 30
0.0
 40
0.3
  1
1.42
  7
CN_TTF
 11
470087.5
 21
4349654.5
 31
0.0
100
AcDbText
  0
TEXT
  5
11E
330
17
100
AcDbEntity
  8
点
 62
1
100
AcDbText
 10
470087.5
 20
4349655.5
 30
0.0
 40
0.3
  1
1.42
  7
CN_TTF
 11
470087.5
 21
4349655.5
 31
0.0
100
AcDbText
  0
TEXT
  5
11F
330
17
100
AcDbEntity
  8
点
 62
1
100
AcDbText
 10
470087.5
 20
4349656.5
 30
0.0
 40
0.3
  1
1.91
  7
CN_TTF
 11
470087.5
 21
4349656.5
 31
0.0
100
AcDbText
  0
TEXT
  5
120
330
17
100
AcDbEntity
  8
点
 62
1
100
AcDbText
 10
470087.5
 20
4349657.5
 30
0.0
 40
0.3
  1
3.21
  7
CN_TTF
 11
470087.5
 21
4349657.5
 31
0.0
100
AcDbText
  0
TEXT
  5
121
330
17
100
AcDbEntity
  8
点
 62
1
100
AcDbText
 10
470087.5
 20
4349658.5
 30
0.0
 40
0.3
  1
3.21
  7
CN_TTF
 11
470087.5
 21
4349658.5
 31
0.0
100
AcDbText
  0
TEXT
  5
122
330
17
100
AcDbEntity
  8
点
 62
1
100
AcDbText
 10
470087.5
 20
4349659.5
 30
0.0
 40
0.3
  1
3.21
  7
CN_TTF
 11
470087.5
 21
4349659.5
 31
0.0
100
AcDbText
  0
TEXT
  5
123
330
17
100
AcDbEntity
  8
点
 62
1
100
AcDbText
 10
470087.5
 20
4349660.5
 30
0.0
 40
0.3
  1
3.21
  7
CN_TTF
 11
470087.5
 21
4349660.5
 31
0.0
100
AcDbText
  0
TEXT
  5
124
330
17
100
AcDbEntity
  8
点
 62
1
100
AcDbText
 10
470087.5
 20
4349661.5
 30
0.0
 40
0.3
  1
3.21
  7
CN_TTF
 11
470087.5
 21
4349661.5
 31
0.0
100
AcDbText
  0
TEXT
  5
125
330
17
100
AcDbEntity
  8
点
 62
1
100
AcDbText
 10
470087.5
 20
4349662.5
 30
0.0
 40
0.3
  1
3.21
  7
CN_TTF
 11
470087.5
 21
4349662.5
 31
0.0
100
AcDbText
  0
TEXT
  5
126
330
17
100
AcDbEntity
  8
点
 62
1
100
AcDbText
 10
470088.5
 20
4349649.5
 30
0.0
 40
0.3
  1
1.42
  7
CN_TTF
 11
470088.5
 21
4349649.5
 31
0.0
100
AcDbText
  0
TEXT
  5
127
330
17
100
AcDbEntity
  8
点
 62
1
100
AcDbText
 10
470088.5
 20
4349650.5
 30
0.0
 40
0.3
  1
1.42
  7
CN_TTF
 11
470088.5
 21
4349650.5
 31
0.0
100
AcDbText
  0
TEXT
  5
128
330
17
100
AcDbEntity
  8
点
 62
1
100
AcDbText
 10
470088.5
 20
4349651.5
 30
0.0
 40
0.3
  1
1.42
  7
CN_TTF
 11
470088.5
 21
4349651.5
 31
0.0
100
AcDbText
  0
TEXT
  5
129
330
17
100
AcDbEntity
  8
点
 62
1
100
AcDbText
 10
470088.5
 20
4349652.5
 30
0.0
 40
0.3
  1
1.42
  7
CN_TTF
 11
470088.5
 21
4349652.5
 31
0.0
100
AcDbText
  0
TEXT
  5
12A
330
17
100
AcDbEntity
  8
点
 62
1
100
AcDbText
 10
470088.5
 20
4349653.5
 30
0.0
 40
0.3
  1
1.42
  7
CN_TTF
 11
470088.5
 21
4349653.5
 31
0.0
100
AcDbText
  0
TEXT
  5
12B
330
17
100
AcDbEntity
  8
点
 62
1
100
AcDbText
 10
470088.5
 20
4349654.5
 30
0.0
 40
0.3
  1
1.42
  7
CN_TTF
 11
470088.5
 21
4349654.5
 31
0.0
100
AcDbText
  0
TEXT
  5
12C
330
17
100
AcDbEntity
  8
点
 62
1
100
AcDbText
 10
470088.5
 20
4349655.5
 30
0.0
 40
0.3
  1
1.91
  7
CN_TTF
 11
470088.5
 21
4349655.5
 31
0.0
100
AcDbText
  0
TEXT
  5
12D
330
17
100
AcDbEntity
  8
点
 62
1
100
AcDbText
 10
470088.5
 20
4349656.5
 30
0.0
 40
0.3
  1
1.91
  7
CN_TTF
 11
470088.5
 21
4349656.5
 31
0.0
100
AcDbText
  0
TEXT
  5
12E
330
17
100
AcDbEntity
  8
点
 62
1
100
AcDbText
 10
470088.5
 20
4349657.5
 30
0.0
 40
0.3
  1
3.21
  7
CN_TTF
 11
470088.5
 21
4349657.5
 31
0.0
100
AcDbText
  0
TEXT
  5
12F
330
17
100
AcDbEntity
  8
点
 62
1
100
AcDbText
 10
470088.5
 20
4349658.5
 30
0.0
 40
0.3
  1
3.21
  7
CN_TTF
 11
470088.5
 21
4349658.5
 31
0.0
100
AcDbText
  0
TEXT
  5
130
330
17
100
AcDbEntity
  8
点
 62
1
100
AcDbText
 10
470088.5
 20
4349659.5
 30
0.0
 40
0.3
  1
3.21
  7
CN_TTF
 11
470088.5
 21
4349659.5
 31
0.0
100
AcDbText
  0
TEXT
  5
131
330
17
100
AcDbEntity
  8
点
 62
1
100
AcDbText
 10
470088.5
 20
4349660.5
 30
0.0
 40
0.3
  1
3.21
  7
CN_TTF
 11
470088.5
 21
4349660.5
 31
0.0
100
AcDbText
  0
TEXT
  5
132
330
17
100
AcDbEntity
  8
点
 62
1
100
AcDbText
 10
470088.5
 20
4349661.5
 30
0.0
 40
0.3
  1
3.21
  7
CN_TTF
 11
470088.5
 21
4349661.5
 31
0.0
100
AcDbText
  0
TEXT
  5
133
330
17
100
AcDbEntity
  8
点
 62
1
100
AcDbText
 10
470088.5
 20
4349662.5
 30
0.0
 40
0.3
  1
3.21
  7
CN_TTF
 11
470088.5
 21
4349662.5
 31
0.0
100
AcDbText
  0
TEXT
  5
134
330
17
100
AcDbEntity
  8
点
 62
1
100
AcDbText
 10
470088.5
 20
4349663.5
 30
0.0
 40
0.3
  1
3.21
  7
CN_TTF
 11
470088.5
 21
4349663.5
 31
0.0
100
AcDbText
  0
TEXT
  5
135
330
17
100
AcDbEntity
  8
点
 62
1
100
AcDbText
 10
470089.5
 20
4349650.5
 30
0.0
 40
0.3
  1
1.42
  7
CN_TTF
 11
470089.5
 21
4349650.5
 31
0.0
100
AcDbText
  0
TEXT
  5
136
330
17
100
AcDbEntity
  8
点
 62
1
100
AcDbText
 10
470089.5
 20
4349651.5
 30
0.0
 40
0.3
  1
1.42
  7
CN_TTF
 11
470089.5
 21
4349651.5
 31
0.0
100
AcDbText
  0
TEXT
  5
137
330
17
100
AcDbEntity
  8
点
 62
1
100
AcDbText
 10
470089.5
 20
4349652.5
 30
0.0
 40
0.3
  1
1.42
  7
CN_TTF
 11
470089.5
 21
4349652.5
 31
0.0
100
AcDbText
  0
TEXT
  5
138
330
17
100
AcDbEntity
  8
点
 62
1
100
AcDbText
 10
470089.5
 20
4349653.5
 30
0.0
 40
0.3
  1
1.42
  7
CN_TTF
 11
470089.5
 21
4349653.5
 31
0.0
100
AcDbText
  0
TEXT
  5
139
330
17
100
AcDbEntity
  8
点
 62
1
100
AcDbText
 10
470089.5
 20
4349654.5
 30
0.0
 40
0.3
  1
1.91
  7
CN_TTF
 11
470089.5
 21
4349654.5
 31
0.0
100
AcDbText
  0
TEXT
  5
13A
330
17
100
AcDbEntity
  8
点
 62
1
100
AcDbText
 10
470089.5
 20
4349655.5
 30
0.0
 40
0.3
  1
1.91
  7
CN_TTF
 11
470089.5
 21
4349655.5
 31
0.0
100
AcDbText
  0
TEXT
  5
13B
330
17
100
AcDbEntity
  8
点
 62
1
100
AcDbText
 10
470089.5
 20
4349656.5
 30
0.0
 40
0.3
  1
1.91
  7
CN_TTF
 11
470089.5
 21
4349656.5
 31
0.0
100
AcDbText
  0
TEXT
  5
13C
330
17
100
AcDbEntity
  8
点
 62
1
100
AcDbText
 10
470089.5
 20
4349657.5
 30
0.0
 40
0.3
  1
1.91
  7
CN_TTF
 11
470089.5
 21
4349657.5
 31
0.0
100
AcDbText
  0
TEXT
  5
13D
330
17
100
AcDbEntity
  8
点
 62
1
100
AcDbText
 10
470089.5
 20
4349658.5
 30
0.0
 40
0.3
  1
3.21
  7
CN_TTF
 11
470089.5
 21
4349658.5
 31
0.0
100
AcDbText
  0
TEXT
  5
13E
330
17
100
AcDbEntity
  8
点
 62
1
100
AcDbText
 10
470089.5
 20
4349659.5
 30
0.0
 40
0.3
  1
3.21
  7
CN_TTF
 11
470089.5
 21
4349659.5
 31
0.0
100
AcDbText
  0
TEXT
  5
13F
330
17
100
AcDbEntity
  8
点
 62
1
100
AcDbText
 10
470089.5
 20
4349660.5
 30
0.0
 40
0.3
  1
3.21
  7
CN_TTF
 11
470089.5
 21
4349660.5
 31
0.0
100
AcDbText
  0
TEXT
  5
140
330
17
100
AcDbEntity
  8
点
 62
1
100
AcDbText
 10
470089.5
 20
4349661.5
 30
0.0
 40
0.3
  1
3.21
  7
CN_TTF
 11
470089.5
 21
4349661.5
 31
0.0
100
AcDbText
  0
TEXT
  5
141
330
17
100
AcDbEntity
  8
点
 62
1
100
AcDbText
 10
470089.5
 20
4349662.5
 30
0.0
 40
0.3
  1
3.21
  7
CN_TTF
 11
470089.5
 21
4349662.5
 31
0.0
100
AcDbText
  0
TEXT
  5
142
330
17
100
AcDbEntity
  8
点
 62
1
100
AcDbText
 10
470090.5
 20
4349651.5
 30
0.0
 40
0.3
  1
1.42
  7
CN_TTF
 11
470090.5
 21
4349651.5
 31
0.0
100
AcDbText
  0
TEXT
  5
143
330
17
100
AcDbEntity
  8
点
 62
1
100
AcDbText
 10
470090.5
 20
4349652.5
 30
0.0
 40
0.3
  1
1.42
  7
CN_TTF
 11
470090.5
 21
4349652.5
 31
0.0
100
AcDbText
  0
TEXT
  5
144
330
17
100
AcDbEntity
  8
点
 62
1
100
AcDbText
 10
470090.5
 20
4349653.5
 30
0.0
 40
0.3
  1
1.91
  7
CN_TTF
 11
470090.5
 21
4349653.5
 31
0.0
100
AcDbText
  0
TEXT
  5
145
330
17
100
AcDbEntity
  8
点
 62
1
100
AcDbText
 10
470090.5
 20
4349654.5
 30
0.0
 40
0.3
  1
1.91
  7
CN_TTF
 11
470090.5
 21
4349654.5
 31
0.0
100
AcDbText
  0
TEXT
  5
146
330
17
100
AcDbEntity
  8
点
 62
1
100
AcDbText
 10
470090.5
 20
4349655.5
 30
0.0
 40
0.3
  1
1.91
  7
CN_TTF
 11
470090.5
 21
4349655.5
 31
0.0
100
AcDbText
  0
TEXT
  5
147
330
17
100
AcDbEntity
  8
点
 62
1
100
AcDbText
 10
470090.5
 20
4349656.5
 30
0.0
 40
0.3
  1
1.91
  7
CN_TTF
 11
470090.5
 21
4349656.5
 31
0.0
100
AcDbText
  0
TEXT
  5
148
330
17
100
AcDbEntity
  8
点
 62
1
100
AcDbText
 10
470090.5
 20
4349657.5
 30
0.0
 40
0.3
  1
1.91
  7
CN_TTF
 11
470090.5
 21
4349657.5
 31
0.0
100
AcDbText
  0
TEXT
  5
149
330
17
100
AcDbEntity
  8
点
 62
1
100
AcDbText
 10
470090.5
 20
4349658.5
 30
0.0
 40
0.3
  1
3.21
  7
CN_TTF
 11
470090.5
 21
4349658.5
 31
0.0
100
AcDbText
  0
TEXT
  5
14A
330
17
100
AcDbEntity
  8
点
 62
1
100
AcDbText
 10
470090.5
 20
4349659.5
 30
0.0
 40
0.3
  1
3.21
  7
CN_TTF
 11
470090.5
 21
4349659.5
 31
0.0
100
AcDbText
  0
TEXT
  5
14B
330
17
100
AcDbEntity
  8
点
 62
1
100
AcDbText
 10
470090.5
 20
4349660.5
 30
0.0
 40
0.3
  1
3.21
  7
CN_TTF
 11
470090.5
 21
4349660.5
 31
0.0
100
AcDbText
  0
TEXT
  5
14C
330
17
100
AcDbEntity
  8
点
 62
1
100
AcDbText
 10
470090.5
 20
4349661.5
 30
0.0
 40
0.3
  1
3.21
  7
CN_TTF
 11
470090.5
 21
4349661.5
 31
0.0
100
AcDbText
  0
TEXT
  5
14D
330
17
100
AcDbEntity
  8
点
 62
1
100
AcDbText
 10
470090.5
 20
4349662.5
 30
0.0
 40
0.3
  1
3.21
  7
CN_TTF
 11
470090.5
 21
4349662.5
 31
0.0
100
AcDbText
  0
TEXT
  5
14E
330
17
100
AcDbEntity
  8
点
 62
1
100
AcDbText
 10
470091.5
 20
4349652.5
 30
0.0
 40
0.3
  1
1.91
  7
CN_TTF
 11
470091.5
 21
4349652.5
 31
0.0
100
AcDbText
  0
TEXT
  5
14F
330
17
100
AcDbEntity
  8
点
 62
1
100
AcDbText
 10
470091.5
 20
4349653.5
 30
0.0
 40
0.3
  1
1.91
  7
CN_TTF
 11
470091.5
 21
4349653.5
 31
0.0
100
AcDbText
  0
TEXT
  5
150
330
17
100
AcDbEntity
  8
点
 62
1
100
AcDbText
 10
470091.5
 20
4349654.5
 30
0.0
 40
0.3
  1
1.91
  7
CN_TTF
 11
470091.5
 21
4349654.5
 31
0.0
100
AcDbText
  0
TEXT
  5
151
330
17
100
AcDbEntity
  8
点
 62
1
100
AcDbText
 10
470091.5
 20
4349655.5
 30
0.0
 40
0.3
  1
1.91
  7
CN_TTF
 11
470091.5
 21
4349655.5
 31
0.0
100
AcDbText
  0
TEXT
  5
152
330
17
100
AcDbEntity
  8
点
 62
1
100
AcDbText
 10
470091.5
 20
4349656.5
 30
0.0
 40
0.3
  1
1.91
  7
CN_TTF
 11
470091.5
 21
4349656.5
 31
0.0
100
AcDbText
  0
TEXT
  5
153
330
17
100
AcDbEntity
  8
点
 62
1
100
AcDbText
 10
470091.5
 20
4349657.5
 30
0.0
 40
0.3
  1
1.91
  7
CN_TTF
 11
470091.5
 21
4349657.5
 31
0.0
100
AcDbText
  0
TEXT
  5
154
330
17
100
AcDbEntity
  8
点
 62
1
100
AcDbText
 10
470091.5
 20
4349658.5
 30
0.0
 40
0.3
  1
3.21
  7
CN_TTF
 11
470091.5
 21
4349658.5
 31
0.0
100
AcDbText
  0
TEXT
  5
155
330
17
100
AcDbEntity
  8
点
 62
1
100
AcDbText
 10
470091.5
 20
4349659.5
 30
0.0
 40
0.3
  1
3.21
  7
CN_TTF
 11
470091.5
 21
4349659.5
 31
0.0
100
AcDbText
  0
TEXT
  5
156
330
17
100
AcDbEntity
  8
点
 62
1
100
AcDbText
 10
470091.5
 20
4349660.5
 30
0.0
 40
0.3
  1
3.21
  7
CN_TTF
 11
470091.5
 21
4349660.5
 31
0.0
100
AcDbText
  0
TEXT
  5
157
330
17
100
AcDbEntity
  8
点
 62
1
100
AcDbText
 10
470091.5
 20
4349661.5
 30
0.0
 40
0.3
  1
3.21
  7
CN_TTF
 11
470091.5
 21
4349661.5
 31
0.0
100
AcDbText
  0
TEXT
  5
158
330
17
100
AcDbEntity
  8
点
 62
1
100
AcDbText
 10
470091.5
 20
4349662.5
 30
0.0
 40
0.3
  1
1.22
  7
CN_TTF
 11
470091.5
 21
4349662.5
 31
0.0
100
AcDbText
  0
TEXT
  5
159
330
17
100
AcDbEntity
  8
点
 62
1
100
AcDbText
 10
470092.5
 20
4349653.5
 30
0.0
 40
0.3
  1
1.91
  7
CN_TTF
 11
470092.5
 21
4349653.5
 31
0.0
100
AcDbText
  0
TEXT
  5
15A
330
17
100
AcDbEntity
  8
点
 62
1
100
AcDbText
 10
470092.5
 20
4349654.5
 30
0.0
 40
0.3
  1
1.91
  7
CN_TTF
 11
470092.5
 21
4349654.5
 31
0.0
100
AcDbText
  0
TEXT
  5
15B
330
17
100
AcDbEntity
  8
点
 62
1
100
AcDbText
 10
470092.5
 20
4349655.5
 30
0.0
 40
0.3
  1
1.91
  7
CN_TTF
 11
470092.5
 21
4349655.5
 31
0.0
100
AcDbText
  0
TEXT
  5
15C
330
17
100
AcDbEntity
  8
点
 62
1
100
AcDbText
 10
470092.5
 20
4349656.5
 30
0.0
 40
0.3
  1
1.91
  7
CN_TTF
 11
470092.5
 21
4349656.5
 31
0.0
100
AcDbText
  0
TEXT
  5
15D
330
17
100
AcDbEntity
  8
点
 62
1
100
AcDbText
 10
470092.5
 20
4349657.5
 30
0.0
 40
0.3
  1
1.91
  7
CN_TTF
 11
470092.5
 21
4349657.5
 31
0.0
100
AcDbText
  0
TEXT
  5
15E
330
17
100
AcDbEntity
  8
点
 62
1
100
AcDbText
 10
470092.5
 20
4349658.5
 30
0.0
 40
0.3
  1
3.21
  7
CN_TTF
 11
470092.5
 21
4349658.5
 31
0.0
100
AcDbText
  0
TEXT
  5
15F
330
17
100
AcDbEntity
  8
点
 62
1
100
AcDbText
 10
470092.5
 20
4349659.5
 30
0.0
 40
0.3
  1
3.21
  7
CN_TTF
 11
470092.5
 21
4349659.5
 31
0.0
100
AcDbText
  0
TEXT
  5
160
330
17
100
AcDbEntity
  8
点
 62
1
100
AcDbText
 10
470092.5
 20
4349660.5
 30
0.0
 40
0.3
  1
1.22
  7
CN_TTF
 11
470092.5
 21
4349660.5
 31
0.0
100
AcDbText
  0
TEXT
  5
161
330
17
100
AcDbEntity
  8
点
 62
1
100
AcDbText
 10
470092.5
 20
4349661.5
 30
0.0
 40
0.3
  1
1.22
  7
CN_TTF
 11
470092.5
 21
4349661.5
 31
0.0
100
AcDbText
  0
TEXT
  5
162
330
17
100
AcDbEntity
  8
点
 62
1
100
AcDbText
 10
470092.5
 20
4349662.5
 30
0.0
 40
0.3
  1
1.22
  7
CN_TTF
 11
470092.5
 21
4349662.5
 31
0.0
100
AcDbText
  0
TEXT
  5
163
330
17
100
AcDbEntity
  8
点
 62
1
100
AcDbText
 10
470092.5
 20
4349663.5
 30
0.0
 40
0.3
  1
1.22
  7
CN_TTF
 11
470092.5
 21
4349663.5
 31
0.0
100
AcDbText
  0
TEXT
  5
164
330
17
100
AcDbEntity
  8
点
 62
1
100
AcDbText
 10
470093.5
 20
4349655.5
 30
0.0
 40
0.3
  1
1.91
  7
CN_TTF
 11
470093.5
 21
4349655.5
 31
0.0
100
AcDbText
  0
TEXT
  5
165
330
17
100
AcDbEntity
  8
点
 62
1
100
AcDbText
 10
470093.5
 20
4349656.5
 30
0.0
 40
0.3
  1
1.91
  7
CN_TTF
 11
470093.5
 21
4349656.5
 31
0.0
100
AcDbText
  0
TEXT
  5
166
330
17
100
AcDbEntity
  8
点
 62
1
100
AcDbText
 10
470093.5
 20
4349657.5
 30
0.0
 40
0.3
  1
1.91
  7
CN_TTF
 11
470093.5
 21
4349657.5
 31
0.0
100
AcDbText
  0
TEXT
  5
167
330
17
100
AcDbEntity
  8
点
 62
1
100
AcDbText
 10
470093.5
 20
4349658.5
 30
0.0
 40
0.3
  1
3.21
  7
CN_TTF
 11
470093.5
 21
4349658.5
 31
0.0
100
AcDbText
  0
TEXT
  5
168
330
17
100
AcDbEntity
  8
点
 62
1
100
AcDbText
 10
470093.5
 20
4349659.5
 30
0.0
 40
0.3
  1
1.22
  7
CN_TTF
 11
470093.5
 21
4349659.5
 31
0.0
100
AcDbText
  0
TEXT
  5
169
330
17
100
AcDbEntity
  8
点
 62
1
100
AcDbText
 10
470093.5
 20
4349660.5
 30
0.0
 40
0.3
  1
1.22
  7
CN_TTF
 11
470093.5
 21
4349660.5
 31
0.0
100
AcDbText
  0
TEXT
  5
16A
330
17
100
AcDbEntity
  8
点
 62
1
100
AcDbText
 10
470093.5
 20
4349661.5
 30
0.0
 40
0.3
  1
1.22
  7
CN_TTF
 11
470093.5
 21
4349661.5
 31
0.0
100
AcDbText
  0
TEXT
  5
16B
330
17
100
AcDbEntity
  8
点
 62
1
100
AcDbText
 10
470093.5
 20
4349662.5
 30
0.0
 40
0.3
  1
1.22
  7
CN_TTF
 11
470093.5
 21
4349662.5
 31
0.0
100
AcDbText
  0
TEXT
  5
16C
330
17
100
AcDbEntity
  8
点
 62
1
100
AcDbText
 10
470093.5
 20
4349663.5
 30
0.0
 40
0.3
  1
1.22
  7
CN_TTF
 11
470093.5
 21
4349663.5
 31
0.0
100
AcDbText
  0
TEXT
  5
16D
330
17
100
AcDbEntity
  8
点
 62
1
100
AcDbText
 10
470094.5
 20
4349656.5
 30
0.0
 40
0.3
  1
1.91
  7
CN_TTF
 11
470094.5
 21
4349656.5
 31
0.0
100
AcDbText
  0
TEXT
  5
16E
330
17
100
AcDbEntity
  8
点
 62
1
100
AcDbText
 10
470094.5
 20
4349657.5
 30
0.0
 40
0.3
  1
1.91
  7
CN_TTF
 11
470094.5
 21
4349657.5
 31
0.0
100
AcDbText
  0
TEXT
  5
16F
330
17
100
AcDbEntity
  8
点
 62
1
100
AcDbText
 10
470094.5
 20
4349658.5
 30
0.0
 40
0.3
  1
1.22
  7
CN_TTF
 11
470094.5
 21
4349658.5
 31
0.0
100
AcDbText
  0
TEXT
  5
170
330
17
100
AcDbEntity
  8
点
 62
1
100
AcDbText
 10
470094.5
 20
4349659.5
 30
0.0
 40
0.3
  1
1.22
  7
CN_TTF
 11
470094.5
 21
4349659.5
 31
0.0
100
AcDbText
  0
TEXT
  5
171
330
17
100
AcDbEntity
  8
点
 62
1
100
AcDbText
 10
470094.5
 20
4349660.5
 30
0.0
 40
0.3
  1
1.22
  7
CN_TTF
 11
470094.5
 21
4349660.5
 31
0.0
100
AcDbText
  0
TEXT
  5
172
330
17
100
AcDbEntity
  8
点
 62
1
100
AcDbText
 10
470094.5
 20
4349661.5
 30
0.0
 40
0.3
  1
1.22
  7
CN_TTF
 11
470094.5
 21
4349661.5
 31
0.0
100
AcDbText
  0
TEXT
  5
173
330
17
100
AcDbEntity
  8
点
 62
1
100
AcDbText
 10
470094.5
 20
4349662.5
 30
0.0
 40
0.3
  1
1.22
  7
CN_TTF
 11
470094.5
 21
4349662.5
 31
0.0
100
AcDbText
  0
TEXT
  5
174
330
17
100
AcDbEntity
  8
点
 62
1
100
AcDbText
 10
470094.5
 20
4349663.5
 30
0.0
 40
0.3
  1
1.22
  7
CN_TTF
 11
470094.5
 21
4349663.5
 31
0.0
100
AcDbText
  0
TEXT
  5
175
330
17
100
AcDbEntity
  8
点
 62
1
100
AcDbText
 10
470094.5
 20
4349664.5
 30
0.0
 40
0.3
  1
1.22
  7
CN_TTF
 11
470094.5
 21
4349664.5
 31
0.0
100
AcDbText
  0
TEXT
  5
176
330
17
100
AcDbEntity
  8
点
 62
1
100
AcDbText
 10
470095.5
 20
4349658.5
 30
0.0
 40
0.3
  1
1.22
  7
CN_TTF
 11
470095.5
 21
4349658.5
 31
0.0
100
AcDbText
  0
TEXT
  5
177
330
17
100
AcDbEntity
  8
点
 62
1
100
AcDbText
 10
470095.5
 20
4349659.5
 30
0.0
 40
0.3
  1
1.22
  7
CN_TTF
 11
470095.5
 21
4349659.5
 31
0.0
100
AcDbText
  0
TEXT
  5
178
330
17
100
AcDbEntity
  8
点
 62
1
100
AcDbText
 10
470095.5
 20
4349660.5
 30
0.0
 40
0.3
  1
1.22
  7
CN_TTF
 11
470095.5
 21
4349660.5
 31
0.0
100
AcDbText
  0
TEXT
  5
179
330
17
100
AcDbEntity
  8
点
 62
1
100
AcDbText
 10
470095.5
 20
4349661.5
 30
0.0
 40
0.3
  1
1.22
  7
CN_TTF
 11
470095.5
 21
4349661.5
 31
0.0
100
AcDbText
  0
TEXT
  5
17A
330
17
100
AcDbEntity
  8
点
 62
1
100
AcDbText
 10
470095.5
 20
4349662.5
 30
0.0
 40
0.3
  1
1.22
  7
CN_TTF
 11
470095.5
 21
4349662.5
 31
0.0
100
AcDbText
  0
TEXT
  5
17B
330
17
100
AcDbEntity
  8
点
 62
1
100
AcDbText
 10
470095.5
 20
4349663.5
 30
0.0
 40
0.3
  1
1.22
  7
CN_TTF
 11
470095.5
 21
4349663.5
 31
0.0
100
AcDbText
  0
TEXT
  5
17C
330
17
100
AcDbEntity
  8
点
 62
1
100
AcDbText
 10
470095.5
 20
4349664.5
 30
0.0
 40
0.3
  1
1.22
  7
CN_TTF
 11
470095.5
 21
4349664.5
 31
0.0
100
AcDbText
  0
TEXT
  5
17D
330
17
100
AcDbEntity
  8
点
 62
1
100
AcDbText
 10
470095.5
 20
4349666.5
 30
0.0
 40
0.3
  1
1.53
  7
CN_TTF
 11
470095.5
 21
4349666.5
 31
0.0
100
AcDbText
  0
TEXT
  5
17E
330
17
100
AcDbEntity
  8
点
 62
1
100
AcDbText
 10
470095.5
 20
4349667.5
 30
0.0
 40
0.3
  1
1.53
  7
CN_TTF
 11
470095.5
 21
4349667.5
 31
0.0
100
AcDbText
  0
TEXT
  5
17F
330
17
100
AcDbEntity
  8
点
 62
1
100
AcDbText
 10
470095.5
 20
4349668.5
 30
0.0
 40
0.3
  1
1.53
  7
CN_TTF
 11
470095.5
 21
4349668.5
 31
0.0
100
AcDbText
  0
TEXT
  5
180
330
17
100
AcDbEntity
  8
点
 62
1
100
AcDbText
 10
470095.5
 20
4349669.5
 30
0.0
 40
0.3
  1
1.53
  7
CN_TTF
 11
470095.5
 21
4349669.5
 31
0.0
100
AcDbText
  0
TEXT
  5
181
330
17
100
AcDbEntity
  8
点
 62
1
100
AcDbText
 10
470096.5
 20
4349660.5
 30
0.0
 40
0.3
  1
1.22
  7
CN_TTF
 11
470096.5
 21
4349660.5
 31
0.0
100
AcDbText
  0
TEXT
  5
182
330
17
100
AcDbEntity
  8
点
 62
1
100
AcDbText
 10
470096.5
 20
4349661.5
 30
0.0
 40
0.3
  1
1.22
  7
CN_TTF
 11
470096.5
 21
4349661.5
 31
0.0
100
AcDbText
  0
TEXT
  5
183
330
17
100
AcDbEntity
  8
点
 62
1
100
AcDbText
 10
470096.5
 20
4349662.5
 30
0.0
 40
0.3
  1
1.22
  7
CN_TTF
 11
470096.5
 21
4349662.5
 31
0.0
100
AcDbText
  0
TEXT
  5
184
330
17
100
AcDbEntity
  8
点
 62
1
100
AcDbText
 10
470096.5
 20
4349663.5
 30
0.0
 40
0.3
  1
1.22
  7
CN_TTF
 11
470096.5
 21
4349663.5
 31
0.0
100
AcDbText
  0
TEXT
  5
185
330
17
100
AcDbEntity
  8
点
 62
1
100
AcDbText
 10
470096.5
 20
4349664.5
 30
0.0
 40
0.3
  1
1.22
  7
CN_TTF
 11
470096.5
 21
4349664.5
 31
0.0
100
AcDbText
  0
TEXT
  5
186
330
17
100
AcDbEntity
  8
点
 62
1
100
AcDbText
 10
470096.5
 20
4349665.5
 30
0.0
 40
0.3
  1
1.53
  7
CN_TTF
 11
470096.5
 21
4349665.5
 31
0.0
100
AcDbText
  0
TEXT
  5
187
330
17
100
AcDbEntity
  8
点
 62
1
100
AcDbText
 10
470096.5
 20
4349666.5
 30
0.0
 40
0.3
  1
1.53
  7
CN_TTF
 11
470096.5
 21
4349666.5
 31
0.0
100
AcDbText
  0
TEXT
  5
188
330
17
100
AcDbEntity
  8
点
 62
1
100
AcDbText
 10
470096.5
 20
4349667.5
 30
0.0
 40
0.3
  1
1.53
  7
CN_TTF
 11
470096.5
 21
4349667.5
 31
0.0
100
AcDbText
  0
TEXT
  5
189
330
17
100
AcDbEntity
  8
点
 62
1
100
AcDbText
 10
470096.5
 20
4349668.5
 30
0.0
 40
0.3
  1
1.53
  7
CN_TTF
 11
470096.5
 21
4349668.5
 31
0.0
100
AcDbText
  0
TEXT
  5
18A
330
17
100
AcDbEntity
  8
点
 62
1
100
AcDbText
 10
470096.5
 20
4349669.5
 30
0.0
 40
0.3
  1
1.53
  7
CN_TTF
 11
470096.5
 21
4349669.5
 31
0.0
100
AcDbText
  0
TEXT
  5
18B
330
17
100
AcDbEntity
  8
点
 62
1
100
AcDbText
 10
470096.5
 20
4349670.5
 30
0.0
 40
0.3
  1
1.53
  7
CN_TTF
 11
470096.5
 21
4349670.5
 31
0.0
100
AcDbText
  0
TEXT
  5
18C
330
17
100
AcDbEntity
  8
点
 62
1
100
AcDbText
 10
470096.5
 20
4349674.5
 30
0.0
 40
0.3
  1
1.06
  7
CN_TTF
 11
470096.5
 21
4349674.5
 31
0.0
100
AcDbText
  0
TEXT
  5
18D
330
17
100
AcDbEntity
  8
点
 62
1
100
AcDbText
 10
470096.5
 20
4349675.5
 30
0.0
 40
0.3
  1
1.06
  7
CN_TTF
 11
470096.5
 21
4349675.5
 31
0.0
100
AcDbText
  0
TEXT
  5
18E
330
17
100
AcDbEntity
  8
点
 62
1
100
AcDbText
 10
470096.5
 20
4349676.5
 30
0.0
 40
0.3
  1
1.06
  7
CN_TTF
 11
470096.5
 21
4349676.5
 31
0.0
100
AcDbText
  0
TEXT
  5
18F
330
17
100
AcDbEntity
  8
点
 62
1
100
AcDbText
 10
470097.5
 20
4349661.5
 30
0.0
 40
0.3
  1
1.22
  7
CN_TTF
 11
470097.5
 21
4349661.5
 31
0.0
100
AcDbText
  0
TEXT
  5
190
330
17
100
AcDbEntity
  8
点
 62
1
100
AcDbText
 10
470097.5
 20
4349662.5
 30
0.0
 40
0.3
  1
1.22
  7
CN_TTF
 11
470097.5
 21
4349662.5
 31
0.0
100
AcDbText
  0
TEXT
  5
191
330
17
100
AcDbEntity
  8
点
 62
1
100
AcDbText
 10
470097.5
 20
4349663.5
 30
0.0
 40
0.3
  1
1.22
  7
CN_TTF
 11
470097.5
 21
4349663.5
 31
0.0
100
AcDbText
  0
TEXT
  5
192
330
17
100
AcDbEntity
  8
点
 62
1
100
AcDbText
 10
470097.5
 20
4349664.5
 30
0.0
 40
0.3
  1
1.53
  7
CN_TTF
 11
470097.5
 21
4349664.5
 31
0.0
100
AcDbText
  0
TEXT
  5
193
330
17
100
AcDbEntity
  8
点
 62
1
100
AcDbText
 10
470097.5
 20
4349665.5
 30
0.0
 40
0.3
  1
1.53
  7
CN_TTF
 11
470097.5
 21
4349665.5
 31
0.0
100
AcDbText
  0
TEXT
  5
194
330
17
100
AcDbEntity
  8
点
 62
1
100
AcDbText
 10
470097.5
 20
4349666.5
 30
0.0
 40
0.3
  1
1.53
  7
CN_TTF
 11
470097.5
 21
4349666.5
 31
0.0
100
AcDbText
  0
TEXT
  5
195
330
17
100
AcDbEntity
  8
点
 62
1
100
AcDbText
 10
470097.5
 20
4349667.5
 30
0.0
 40
0.3
  1
1.53
  7
CN_TTF
 11
470097.5
 21
4349667.5
 31
0.0
100
AcDbText
  0
TEXT
  5
196
330
17
100
AcDbEntity
  8
点
 62
1
100
AcDbText
 10
470097.5
 20
4349668.5
 30
0.0
 40
0.3
  1
1.53
  7
CN_TTF
 11
470097.5
 21
4349668.5
 31
0.0
100
AcDbText
  0
TEXT
  5
197
330
17
100
AcDbEntity
  8
点
 62
1
100
AcDbText
 10
470097.5
 20
4349669.5
 30
0.0
 40
0.3
  1
1.53
  7
CN_TTF
 11
470097.5
 21
4349669.5
 31
0.0
100
AcDbText
  0
TEXT
  5
198
330
17
100
AcDbEntity
  8
点
 62
1
100
AcDbText
 10
470097.5
 20
4349670.5
 30
0.0
 40
0.3
  1
1.53
  7
CN_TTF
 11
470097.5
 21
4349670.5
 31
0.0
100
AcDbText
  0
TEXT
  5
199
330
17
100
AcDbEntity
  8
点
 62
1
100
AcDbText
 10
470097.5
 20
4349671.5
 30
0.0
 40
0.3
  1
1.53
  7
CN_TTF
 11
470097.5
 21
4349671.5
 31
0.0
100
AcDbText
  0
TEXT
  5
19A
330
17
100
AcDbEntity
  8
点
 62
1
100
AcDbText
 10
470097.5
 20
4349673.5
 30
0.0
 40
0.3
  1
1.06
  7
CN_TTF
 11
470097.5
 21
4349673.5
 31
0.0
100
AcDbText
  0
TEXT
  5
19B
330
17
100
AcDbEntity
  8
点
 62
1
100
AcDbText
 10
470097.5
 20
4349674.5
 30
0.0
 40
0.3
  1
1.06
  7
CN_TTF
 11
470097.5
 21
4349674.5
 31
0.0
100
AcDbText
  0
TEXT
  5
19C
330
17
100
AcDbEntity
  8
点
 62
1
100
AcDbText
 10
470097.5
 20
4349675.5
 30
0.0
 40
0.3
  1
1.06
  7
CN_TTF
 11
470097.5
 21
4349675.5
 31
0.0
100
AcDbText
  0
TEXT
  5
19D
330
17
100
AcDbEntity
  8
点
 62
1
100
AcDbText
 10
470097.5
 20
4349676.5
 30
0.0
 40
0.3
  1
1.06
  7
CN_TTF
 11
470097.5
 21
4349676.5
 31
0.0
100
AcDbText
  0
TEXT
  5
19E
330
17
100
AcDbEntity
  8
点
 62
1
100
AcDbText
 10
470097.5
 20
4349677.5
 30
0.0
 40
0.3
  1
1.06
  7
CN_TTF
 11
470097.5
 21
4349677.5
 31
0.0
100
AcDbText
  0
TEXT
  5
19F
330
17
100
AcDbEntity
  8
点
 62
1
100
AcDbText
 10
470098.5
 20
4349663.5
 30
0.0
 40
0.3
  1
1.22
  7
CN_TTF
 11
470098.5
 21
4349663.5
 31
0.0
100
AcDbText
  0
TEXT
  5
1A0
330
17
100
AcDbEntity
  8
点
 62
1
100
AcDbText
 10
470098.5
 20
4349664.5
 30
0.0
 40
0.3
  1
1.53
  7
CN_TTF
 11
470098.5
 21
4349664.5
 31
0.0
100
AcDbText
  0
TEXT
  5
1A1
330
17
100
AcDbEntity
  8
点
 62
1
100
AcDbText
 10
470098.5
 20
4349665.5
 30
0.0
 40
0.3
  1
1.53
  7
CN_TTF
 11
470098.5
 21
4349665.5
 31
0.0
100
AcDbText
  0
TEXT
  5
1A2
330
17
100
AcDbEntity
  8
点
 62
1
100
AcDbText
 10
470098.5
 20
4349666.5
 30
0.0
 40
0.3
  1
1.53
  7
CN_TTF
 11
470098.5
 21
4349666.5
 31
0.0
100
AcDbText
  0
TEXT
  5
1A3
330
17
100
AcDbEntity
  8
点
 62
1
100
AcDbText
 10
470098.5
 20
4349667.5
 30
0.0
 40
0.3
  1
1.53
  7
CN_TTF
 11
470098.5
 21
4349667.5
 31
0.0
100
AcDbText
  0
TEXT
  5
1A4
330
17
100
AcDbEntity
  8
点
 62
1
100
AcDbText
 10
470098.5
 20
4349668.5
 30
0.0
 40
0.3
  1
1.53
  7
CN_TTF
 11
470098.5
 21
4349668.5
 31
0.0
100
AcDbText
  0
TEXT
  5
1A5
330
17
100
AcDbEntity
  8
点
 62
1
100
AcDbText
 10
470098.5
 20
4349669.5
 30
0.0
 40
0.3
  1
1.53
  7
CN_TTF
 11
470098.5
 21
4349669.5
 31
0.0
100
AcDbText
  0
TEXT
  5
1A6
330
17
100
AcDbEntity
  8
点
 62
1
100
AcDbText
 10
470098.5
 20
4349670.5
 30
0.0
 40
0.3
  1
1.53
  7
CN_TTF
 11
470098.5
 21
4349670.5
 31
0.0
100
AcDbText
  0
TEXT
  5
1A7
330
17
100
AcDbEntity
  8
点
 62
1
100
AcDbText
 10
470098.5
 20
4349671.5
 30
0.0
 40
0.3
  1
1.53
  7
CN_TTF
 11
470098.5
 21
4349671.5
 31
0.0
100
AcDbText
  0
TEXT
  5
1A8
330
17
100
AcDbEntity
  8
点
 62
1
100
AcDbText
 10
470098.5
 20
4349672.5
 30
0.0
 40
0.3
  1
1.06
  7
CN_TTF
 11
470098.5
 21
4349672.5
 31
0.0
100
AcDbText
  0
TEXT
  5
1A9
330
17
100
AcDbEntity
  8
点
 62
1
100
AcDbText
 10
470098.5
 20
4349673.5
 30
0.0
 40
0.3
  1
1.06
  7
CN_TTF
 11
470098.5
 21
4349673.5
 31
0.0
100
AcDbText
  0
TEXT
  5
1AA
330
17
100
AcDbEntity
  8
点
 62
1
100
AcDbText
 10
470098.5
 20
4349674.5
 30
0.0
 40
0.3
  1
1.06
  7
CN_TTF
 11
470098.5
 21
4349674.5
 31
0.0
100
AcDbText
  0
TEXT
  5
1AB
330
17
100
AcDbEntity
  8
点
 62
1
100
AcDbText
 10
470098.5
 20
4349675.5
 30
0.0
 40
0.3
  1
1.06
  7
CN_TTF
 11
470098.5
 21
4349675.5
 31
0.0
100
AcDbText
  0
TEXT
  5
1AC
330
17
100
AcDbEntity
  8
点
 62
1
100
AcDbText
 10
470098.5
 20
4349676.5
 30
0.0
 40
0.3
  1
1.06
  7
CN_TTF
 11
470098.5
 21
4349676.5
 31
0.0
100
AcDbText
  0
TEXT
  5
1AD
330
17
100
AcDbEntity
  8
点
 62
1
100
AcDbText
 10
470098.5
 20
4349677.5
 30
0.0
 40
0.3
  1
1.06
  7
CN_TTF
 11
470098.5
 21
4349677.5
 31
0.0
100
AcDbText
  0
TEXT
  5
1AE
330
17
100
AcDbEntity
  8
点
 62
1
100
AcDbText
 10
470099.5
 20
4349665.5
 30
0.0
 40
0.3
  1
1.53
  7
CN_TTF
 11
470099.5
 21
4349665.5
 31
0.0
100
AcDbText
  0
TEXT
  5
1AF
330
17
100
AcDbEntity
  8
点
 62
1
100
AcDbText
 10
470099.5
 20
4349666.5
 30
0.0
 40
0.3
  1
1.53
  7
CN_TTF
 11
470099.5
 21
4349666.5
 31
0.0
100
AcDbText
  0
TEXT
  5
1B0
330
17
100
AcDbEntity
  8
点
 62
1
100
AcDbText
 10
470099.5
 20
4349667.5
 30
0.0
 40
0.3
  1
1.53
  7
CN_TTF
 11
470099.5
 21
4349667.5
 31
0.0
100
AcDbText
  0
TEXT
  5
1B1
330
17
100
AcDbEntity
  8
点
 62
1
100
AcDbText
 10
470099.5
 20
4349668.5
 30
0.0
 40
0.3
  1
1.53
  7
CN_TTF
 11
470099.5
 21
4349668.5
 31
0.0
100
AcDbText
  0
TEXT
  5
1B2
330
17
100
AcDbEntity
  8
点
 62
1
100
AcDbText
 10
470099.5
 20
4349669.5
 30
0.0
 40
0.3
  1
1.53
  7
CN_TTF
 11
470099.5
 21
4349669.5
 31
0.0
100
AcDbText
  0
TEXT
  5
1B3
330
17
100
AcDbEntity
  8
点
 62
1
100
AcDbText
 10
470099.5
 20
4349670.5
 30
0.0
 40
0.3
  1
1.53
  7
CN_TTF
 11
470099.5
 21
4349670.5
 31
0.0
100
AcDbText
  0
TEXT
  5
1B4
330
17
100
AcDbEntity
  8
点
 62
1
100
AcDbText
 10
470099.5
 20
4349671.5
 30
0.0
 40
0.3
  1
1.53
  7
CN_TTF
 11
470099.5
 21
4349671.5
 31
0.0
100
AcDbText
  0
TEXT
  5
1B5
330
17
100
AcDbEntity
  8
点
 62
1
100
AcDbText
 10
470099.5
 20
4349672.5
 30
0.0
 40
0.3
  1
1.06
  7
CN_TTF
 11
470099.5
 21
4349672.5
 31
0.0
100
AcDbText
  0
TEXT
  5
1B6
330
17
100
AcDbEntity
  8
点
 62
1
100
AcDbText
 10
470099.5
 20
4349673.5
 30
0.0
 40
0.3
  1
1.06
  7
CN_TTF
 11
470099.5
 21
4349673.5
 31
0.0
100
AcDbText
  0
TEXT
  5
1B7
330
17
100
AcDbEntity
  8
点
 62
1
100
AcDbText
 10
470099.5
 20
4349674.5
 30
0.0
 40
0.3
  1
1.06
  7
CN_TTF
 11
470099.5
 21
4349674.5
 31
0.0
100
AcDbText
  0
TEXT
  5
1B8
330
17
100
AcDbEntity
  8
点
 62
1
100
AcDbText
 10
470099.5
 20
4349675.5
 30
0.0
 40
0.3
  1
1.06
  7
CN_TTF
 11
470099.5
 21
4349675.5
 31
0.0
100
AcDbText
  0
TEXT
  5
1B9
330
17
100
AcDbEntity
  8
点
 62
1
100
AcDbText
 10
470099.5
 20
4349676.5
 30
0.0
 40
0.3
  1
1.06
  7
CN_TTF
 11
470099.5
 21
4349676.5
 31
0.0
100
AcDbText
  0
TEXT
  5
1BA
330
17
100
AcDbEntity
  8
点
 62
1
100
AcDbText
 10
470099.5
 20
4349677.5
 30
0.0
 40
0.3
  1
1.06
  7
CN_TTF
 11
470099.5
 21
4349677.5
 31
0.0
100
AcDbText
  0
TEXT
  5
1BB
330
17
100
AcDbEntity
  8
点
 62
1
100
AcDbText
 10
470100.5
 20
4349666.5
 30
0.0
 40
0.3
  1
1.53
  7
CN_TTF
 11
470100.5
 21
4349666.5
 31
0.0
100
AcDbText
  0
TEXT
  5
1BC
330
17
100
AcDbEntity
  8
点
 62
1
100
AcDbText
 10
470100.5
 20
4349667.5
 30
0.0
 40
0.3
  1
1.53
  7
CN_TTF
 11
470100.5
 21
4349667.5
 31
0.0
100
AcDbText
  0
TEXT
  5
1BD
330
17
100
AcDbEntity
  8
点
 62
1
100
AcDbText
 10
470100.5
 20
4349668.5
 30
0.0
 40
0.3
  1
1.53
  7
CN_TTF
 11
470100.5
 21
4349668.5
 31
0.0
100
AcDbText
  0
TEXT
  5
1BE
330
17
100
AcDbEntity
  8
点
 62
1
100
AcDbText
 10
470100.5
 20
4349669.5
 30
0.0
 40
0.3
  1
1.53
  7
CN_TTF
 11
470100.5
 21
4349669.5
 31
0.0
100
AcDbText
  0
TEXT
  5
1BF
330
17
100
AcDbEntity
  8
点
 62
1
100
AcDbText
 10
470100.5
 20
4349670.5
 30
0.0
 40
0.3
  1
1.53
  7
CN_TTF
 11
470100.5
 21
4349670.5
 31
0.0
100
AcDbText
  0
TEXT
  5
1C0
330
17
100
AcDbEntity
  8
点
 62
1
100
AcDbText
 10
470100.5
 20
4349671.5
 30
0.0
 40
0.3
  1
1.53
  7
CN_TTF
 11
470100.5
 21
4349671.5
 31
0.0
100
AcDbText
  0
TEXT
  5
1C1
330
17
100
AcDbEntity
  8
点
 62
1
100
AcDbText
 10
470100.5
 20
4349672.5
 30
0.0
 40
0.3
  1
1.06
  7
CN_TTF
 11
470100.5
 21
4349672.5
 31
0.0
100
AcDbText
  0
TEXT
  5
1C2
330
17
100
AcDbEntity
  8
点
 62
1
100
AcDbText
 10
470100.5
 20
4349673.5
 30
0.0
 40
0.3
  1
1.06
  7
CN_TTF
 11
470100.5
 21
4349673.5
 31
0.0
100
AcDbText
  0
TEXT
  5
1C3
330
17
100
AcDbEntity
  8
点
 62
1
100
AcDbText
 10
470100.5
 20
4349674.5
 30
0.0
 40
0.3
  1
1.06
  7
CN_TTF
 11
470100.5
 21
4349674.5
 31
0.0
100
AcDbText
  0
TEXT
  5
1C4
330
17
100
AcDbEntity
  8
点
 62
1
100
AcDbText
 10
470100.5
 20
4349675.5
 30
0.0
 40
0.3
  1
1.06
  7
CN_TTF
 11
470100.5
 21
4349675.5
 31
0.0
100
AcDbText
  0
TEXT
  5
1C5
330
17
100
AcDbEntity
  8
点
 62
1
100
AcDbText
 10
470100.5
 20
4349676.5
 30
0.0
 40
0.3
  1
1.06
  7
CN_TTF
 11
470100.5
 21
4349676.5
 31
0.0
100
AcDbText
  0
TEXT
  5
1C6
330
17
100
AcDbEntity
  8
点
 62
1
100
AcDbText
 10
470101.5
 20
4349669.5
 30
0.0
 40
0.3
  1
1.53
  7
CN_TTF
 11
470101.5
 21
4349669.5
 31
0.0
100
AcDbText
  0
TEXT
  5
1C7
330
17
100
AcDbEntity
  8
点
 62
1
100
AcDbText
 10
470101.5
 20
4349670.5
 30
0.0
 40
0.3
  1
1.53
  7
CN_TTF
 11
470101.5
 21
4349670.5
 31
0.0
100
AcDbText
  0
TEXT
  5
1C8
330
17
100
AcDbEntity
  8
点
 62
1
100
AcDbText
 10
470101.5
 20
4349671.5
 30
0.0
 40
0.3
  1
1.06
  7
CN_TTF
 11
470101.5
 21
4349671.5
 31
0.0
100
AcDbText
  0
TEXT
  5
1C9
330
17
100
AcDbEntity
  8
点
 62
1
100
AcDbText
 10
470101.5
 20
4349672.5
 30
0.0
 40
0.3
  1
1.06
  7
CN_TTF
 11
470101.5
 21
4349672.5
 31
0.0
100
AcDbText
  0
TEXT
  5
1CA
330
17
100
AcDbEntity
  8
点
 62
1
100
AcDbText
 10
470101.5
 20
4349673.5
 30
0.0
 40
0.3
  1
1.06
  7
CN_TTF
 11
470101.5
 21
4349673.5
 31
0.0
100
AcDbText
  0
TEXT
  5
1CB
330
17
100
AcDbEntity
  8
点
 62
1
100
AcDbText
 10
470101.5
 20
4349674.5
 30
0.0
 40
0.3
  1
1.06
  7
CN_TTF
 11
470101.5
 21
4349674.5
 31
0.0
100
AcDbText
  0
TEXT
  5
1CC
330
17
100
AcDbEntity
  8
点
 62
1
100
AcDbText
 10
470101.5
 20
4349675.5
 30
0.0
 40
0.3
  1
1.06
  7
CN_TTF
 11
470101.5
 21
4349675.5
 31
0.0
100
AcDbText
  0
TEXT
  5
1CD
330
17
100
AcDbEntity
  8
点
 62
1
100
AcDbText
 10
470102.5
 20
4349671.5
 30
0.0
 40
0.3
  1
1.06
  7
CN_TTF
 11
470102.5
 21
4349671.5
 31
0.0
100
AcDbText
  0
TEXT
  5
1CE
330
17
100
AcDbEntity
  8
点
 62
1
100
AcDbText
 10
470102.5
 20
4349672.5
 30
0.0
 40
0.3
  1
1.06
  7
CN_TTF
 11
470102.5
 21
4349672.5
 31
0.0
100
AcDbText
  0
TEXT
  5
1CF
330
17
100
AcDbEntity
  8
点
 62
1
100
AcDbText
 10
470102.5
 20
4349673.5
 30
0.0
 40
0.3
  1
1.06
  7
CN_TTF
 11
470102.5
 21
4349673.5
 31
0.0
100
AcDbText
  0
TEXT
  5
1D0
330
17
100
AcDbEntity
  8
点
 62
1
100
AcDbText
 10
470102.5
 20
4349674.5
 30
0.0
 40
0.3
  1
1.06
  7
CN_TTF
 11
470102.5
 21
4349674.5
 31
0.0
100
AcDbText
  0
TEXT
  5
1D1
330
17
100
AcDbEntity
  8
点
 62
1
100
AcDbText
 10
470102.5
 20
4349675.5
 30
0.0
 40
0.3
  1
1.06
  7
CN_TTF
 11
470102.5
 21
4349675.5
 31
0.0
100
AcDbText
  0
TEXT
  5
1D2
330
17
100
AcDbEntity
  8
点
 62
1
100
AcDbText
 10
470103.5
 20
4349674.5
 30
0.0
 40
0.3
  1
1.06
  7
CN_TTF
 11
470103.5
 21
4349674.5
 31
0.0
100
AcDbText
  0
TEXT
  5
1D3
330
17
100
AcDbEntity
  8
点
 62
1
100
AcDbText
 10
470104.5
 20
4349718.5
 30
0.0
 40
0.3
  1
1.51
  7
CN_TTF
 11
470104.5
 21
4349718.5
 31
0.0
100
AcDbText
  0
TEXT
  5
1D4
330
17
100
AcDbEntity
  8
点
 62
1
100
AcDbText
 10
470104.5
 20
4349719.5
 30
0.0
 40
0.3
  1
1.51
  7
CN_TTF
 11
470104.5
 21
4349719.5
 31
0.0
100
AcDbText
  0
TEXT
  5
1D5
330
17
100
AcDbEntity
  8
点
 62
1
100
AcDbText
 10
470105.5
 20
4349717.5
 30
0.0
 40
0.3
  1
1.51
  7
CN_TTF
 11
470105.5
 21
4349717.5
 31
0.0
100
AcDbText
  0
TEXT
  5
1D6
330
17
100
AcDbEntity
  8
点
 62
1
100
AcDbText
 10
470105.5
 20
4349718.5
 30
0.0
 40
0.3
  1
1.51
  7
CN_TTF
 11
470105.5
 21
4349718.5
 31
0.0
100
AcDbText
  0
TEXT
  5
1D7
330
17
100
AcDbEntity
  8
点
 62
1
100
AcDbText
 10
470105.5
 20
4349719.5
 30
0.0
 40
0.3
  1
1.51
  7
CN_TTF
 11
470105.5
 21
4349719.5
 31
0.0
100
AcDbText
  0
TEXT
  5
1D8
330
17
100
AcDbEntity
  8
点
 62
1
100
AcDbText
 10
470105.5
 20
4349720.5
 30
0.0
 40
0.3
  1
1.51
  7
CN_TTF
 11
470105.5
 21
4349720.5
 31
0.0
100
AcDbText
  0
TEXT
  5
1D9
330
17
100
AcDbEntity
  8
点
 62
1
100
AcDbText
 10
470105.5
 20
4349721.5
 30
0.0
 40
0.3
  1
1.51
  7
CN_TTF
 11
470105.5
 21
4349721.5
 31
0.0
100
AcDbText
  0
TEXT
  5
1DA
330
17
100
AcDbEntity
  8
点
 62
1
100
AcDbText
 10
470105.5
 20
4349722.5
 30
0.0
 40
0.3
  1
1.51
  7
CN_TTF
 11
470105.5
 21
4349722.5
 31
0.0
100
AcDbText
  0
TEXT
  5
1DB
330
17
100
AcDbEntity
  8
点
 62
1
100
AcDbText
 10
470106.5
 20
4349717.5
 30
0.0
 40
0.3
  1
1.51
  7
CN_TTF
 11
470106.5
 21
4349717.5
 31
0.0
100
AcDbText
  0
TEXT
  5
1DC
330
17
100
AcDbEntity
  8
点
 62
1
100
AcDbText
 10
470106.5
 20
4349718.5
 30
0.0
 40
0.3
  1
1.51
  7
CN_TTF
 11
470106.5
 21
4349718.5
 31
0.0
100
AcDbText
  0
TEXT
  5
1DD
330
17
100
AcDbEntity
  8
点
 62
1
100
AcDbText
 10
470106.5
 20
4349719.5
 30
0.0
 40
0.3
  1
1.51
  7
CN_TTF
 11
470106.5
 21
4349719.5
 31
0.0
100
AcDbText
  0
TEXT
  5
1DE
330
17
100
AcDbEntity
  8
点
 62
1
100
AcDbText
 10
470106.5
 20
4349720.5
 30
0.0
 40
0.3
  1
1.51
  7
CN_TTF
 11
470106.5
 21
4349720.5
 31
0.0
100
AcDbText
  0
TEXT
  5
1DF
330
17
100
AcDbEntity
  8
点
 62
1
100
AcDbText
 10
470106.5
 20
4349721.5
 30
0.0
 40
0.3
  1
1.51
  7
CN_TTF
 11
470106.5
 21
4349721.5
 31
0.0
100
AcDbText
  0
TEXT
  5
1E0
330
17
100
AcDbEntity
  8
点
 62
1
100
AcDbText
 10
470106.5
 20
4349722.5
 30
0.0
 40
0.3
  1
1.51
  7
CN_TTF
 11
470106.5
 21
4349722.5
 31
0.0
100
AcDbText
  0
TEXT
  5
1E1
330
17
100
AcDbEntity
  8
点
 62
1
100
AcDbText
 10
470106.5
 20
4349723.5
 30
0.0
 40
0.3
  1
1.51
  7
CN_TTF
 11
470106.5
 21
4349723.5
 31
0.0
100
AcDbText
  0
TEXT
  5
1E2
330
17
100
AcDbEntity
  8
点
 62
1
100
AcDbText
 10
470106.5
 20
4349724.5
 30
0.0
 40
0.3
  1
1.58
  7
CN_TTF
 11
470106.5
 21
4349724.5
 31
0.0
100
AcDbText
  0
TEXT
  5
1E3
330
17
100
AcDbEntity
  8
点
 62
1
100
AcDbText
 10
470106.5
 20
4349725.5
 30
0.0
 40
0.3
  1
1.58
  7
CN_TTF
 11
470106.5
 21
4349725.5
 31
0.0
100
AcDbText
  0
TEXT
  5
1E4
330
17
100
AcDbEntity
  8
点
 62
1
100
AcDbText
 10
470107.5
 20
4349717.5
 30
0.0
 40
0.3
  1
1.51
  7
CN_TTF
 11
470107.5
 21
4349717.5
 31
0.0
100
AcDbText
  0
TEXT
  5
1E5
330
17
100
AcDbEntity
  8
点
 62
1
100
AcDbText
 10
470107.5
 20
4349718.5
 30
0.0
 40
0.3
  1
1.51
  7
CN_TTF
 11
470107.5
 21
4349718.5
 31
0.0
100
AcDbText
  0
TEXT
  5
1E6
330
17
100
AcDbEntity
  8
点
 62
1
100
AcDbText
 10
470107.5
 20
4349719.5
 30
0.0
 40
0.3
  1
1.51
  7
CN_TTF
 11
470107.5
 21
4349719.5
 31
0.0
100
AcDbText
  0
TEXT
  5
1E7
330
17
100
AcDbEntity
  8
点
 62
1
100
AcDbText
 10
470107.5
 20
4349720.5
 30
0.0
 40
0.3
  1
1.51
  7
CN_TTF
 11
470107.5
 21
4349720.5
 31
0.0
100
AcDbText
  0
TEXT
  5
1E8
330
17
100
AcDbEntity
  8
点
 62
1
100
AcDbText
 10
470107.5
 20
4349721.5
 30
0.0
 40
0.3
  1
1.51
  7
CN_TTF
 11
470107.5
 21
4349721.5
 31
0.0
100
AcDbText
  0
TEXT
  5
1E9
330
17
100
AcDbEntity
  8
点
 62
1
100
AcDbText
 10
470107.5
 20
4349722.5
 30
0.0
 40
0.3
  1
1.51
  7
CN_TTF
 11
470107.5
 21
4349722.5
 31
0.0
100
AcDbText
  0
TEXT
  5
1EA
330
17
100
AcDbEntity
  8
点
 62
1
100
AcDbText
 10
470107.5
 20
4349723.5
 30
0.0
 40
0.3
  1
1.51
  7
CN_TTF
 11
470107.5
 21
4349723.5
 31
0.0
100
AcDbText
  0
TEXT
  5
1EB
330
17
100
AcDbEntity
  8
点
 62
1
100
AcDbText
 10
470107.5
 20
4349724.5
 30
0.0
 40
0.3
  1
1.58
  7
CN_TTF
 11
470107.5
 21
4349724.5
 31
0.0
100
AcDbText
  0
TEXT
  5
1EC
330
17
100
AcDbEntity
  8
点
 62
1
100
AcDbText
 10
470107.5
 20
4349725.5
 30
0.0
 40
0.3
  1
1.58
  7
CN_TTF
 11
470107.5
 21
4349725.5
 31
0.0
100
AcDbText
  0
TEXT
  5
1ED
330
17
100
AcDbEntity
  8
点
 62
1
100
AcDbText
 10
470107.5
 20
4349726.5
 30
0.0
 40
0.3
  1
1.58
  7
CN_TTF
 11
470107.5
 21
4349726.5
 31
0.0
100
AcDbText
  0
TEXT
  5
1EE
330
17
100
AcDbEntity
  8
点
 62
1
100
AcDbText
 10
470107.5
 20
4349727.5
 30
0.0
 40
0.3
  1
1.58
  7
CN_TTF
 11
470107.5
 21
4349727.5
 31
0.0
100
AcDbText
  0
TEXT
  5
1EF
330
17
100
AcDbEntity
  8
点
 62
1
100
AcDbText
 10
470107.5
 20
4349728.5
 30
0.0
 40
0.3
  1
1.58
  7
CN_TTF
 11
470107.5
 21
4349728.5
 31
0.0
100
AcDbText
  0
TEXT
  5
1F0
330
17
100
AcDbEntity
  8
点
 62
1
100
AcDbText
 10
470108.5
 20
4349717.5
 30
0.0
 40
0.3
  1
1.51
  7
CN_TTF
 11
470108.5
 21
4349717.5
 31
0.0
100
AcDbText
  0
TEXT
  5
1F1
330
17
100
AcDbEntity
  8
点
 62
1
100
AcDbText
 10
470108.5
 20
4349718.5
 30
0.0
 40
0.3
  1
1.51
  7
CN_TTF
 11
470108.5
 21
4349718.5
 31
0.0
100
AcDbText
  0
TEXT
  5
1F2
330
17
100
AcDbEntity
  8
点
 62
1
100
AcDbText
 10
470108.5
 20
4349719.5
 30
0.0
 40
0.3
  1
1.51
  7
CN_TTF
 11
470108.5
 21
4349719.5
 31
0.0
100
AcDbText
  0
TEXT
  5
1F3
330
17
100
AcDbEntity
  8
点
 62
1
100
AcDbText
 10
470108.5
 20
4349720.5
 30
0.0
 40
0.3
  1
1.51
  7
CN_TTF
 11
470108.5
 21
4349720.5
 31
0.0
100
AcDbText
  0
TEXT
  5
1F4
330
17
100
AcDbEntity
  8
点
 62
1
100
AcDbText
 10
470108.5
 20
4349721.5
 30
0.0
 40
0.3
  1
1.51
  7
CN_TTF
 11
470108.5
 21
4349721.5
 31
0.0
100
AcDbText
  0
TEXT
  5
1F5
330
17
100
AcDbEntity
  8
点
 62
1
100
AcDbText
 10
470108.5
 20
4349722.5
 30
0.0
 40
0.3
  1
1.51
  7
CN_TTF
 11
470108.5
 21
4349722.5
 31
0.0
100
AcDbText
  0
TEXT
  5
1F6
330
17
100
AcDbEntity
  8
点
 62
1
100
AcDbText
 10
470108.5
 20
4349723.5
 30
0.0
 40
0.3
  1
1.51
  7
CN_TTF
 11
470108.5
 21
4349723.5
 31
0.0
100
AcDbText
  0
TEXT
  5
1F7
330
17
100
AcDbEntity
  8
点
 62
1
100
AcDbText
 10
470108.5
 20
4349724.5
 30
0.0
 40
0.3
  1
1.58
  7
CN_TTF
 11
470108.5
 21
4349724.5
 31
0.0
100
AcDbText
  0
TEXT
  5
1F8
330
17
100
AcDbEntity
  8
点
 62
1
100
AcDbText
 10
470108.5
 20
4349725.5
 30
0.0
 40
0.3
  1
1.58
  7
CN_TTF
 11
470108.5
 21
4349725.5
 31
0.0
100
AcDbText
  0
TEXT
  5
1F9
330
17
100
AcDbEntity
  8
点
 62
1
100
AcDbText
 10
470108.5
 20
4349726.5
 30
0.0
 40
0.3
  1
1.58
  7
CN_TTF
 11
470108.5
 21
4349726.5
 31
0.0
100
AcDbText
  0
TEXT
  5
1FA
330
17
100
AcDbEntity
  8
点
 62
1
100
AcDbText
 10
470108.5
 20
4349727.5
 30
0.0
 40
0.3
  1
1.58
  7
CN_TTF
 11
470108.5
 21
4349727.5
 31
0.0
100
AcDbText
  0
TEXT
  5
1FB
330
17
100
AcDbEntity
  8
点
 62
1
100
AcDbText
 10
470108.5
 20
4349728.5
 30
0.0
 40
0.3
  1
1.58
  7
CN_TTF
 11
470108.5
 21
4349728.5
 31
0.0
100
AcDbText
  0
TEXT
  5
1FC
330
17
100
AcDbEntity
  8
点
 62
1
100
AcDbText
 10
470108.5
 20
4349729.5
 30
0.0
 40
0.3
  1
1.58
  7
CN_TTF
 11
470108.5
 21
4349729.5
 31
0.0
100
AcDbText
  0
TEXT
  5
1FD
330
17
100
AcDbEntity
  8
点
 62
1
100
AcDbText
 10
470109.5
 20
4349717.5
 30
0.0
 40
0.3
  1
1.51
  7
CN_TTF
 11
470109.5
 21
4349717.5
 31
0.0
100
AcDbText
  0
TEXT
  5
1FE
330
17
100
AcDbEntity
  8
点
 62
1
100
AcDbText
 10
470109.5
 20
4349718.5
 30
0.0
 40
0.3
  1
1.51
  7
CN_TTF
 11
470109.5
 21
4349718.5
 31
0.0
100
AcDbText
  0
TEXT
  5
1FF
330
17
100
AcDbEntity
  8
点
 62
1
100
AcDbText
 10
470109.5
 20
4349719.5
 30
0.0
 40
0.3
  1
1.51
  7
CN_TTF
 11
470109.5
 21
4349719.5
 31
0.0
100
AcDbText
  0
TEXT
  5
200
330
17
100
AcDbEntity
  8
点
 62
1
100
AcDbText
 10
470109.5
 20
4349720.5
 30
0.0
 40
0.3
  1
1.51
  7
CN_TTF
 11
470109.5
 21
4349720.5
 31
0.0
100
AcDbText
  0
TEXT
  5
201
330
17
100
AcDbEntity
  8
点
 62
1
100
AcDbText
 10
470109.5
 20
4349721.5
 30
0.0
 40
0.3
  1
1.51
  7
CN_TTF
 11
470109.5
 21
4349721.5
 31
0.0
100
AcDbText
  0
TEXT
  5
202
330
17
100
AcDbEntity
  8
点
 62
1
100
AcDbText
 10
470109.5
 20
4349722.5
 30
0.0
 40
0.3
  1
1.51
  7
CN_TTF
 11
470109.5
 21
4349722.5
 31
0.0
100
AcDbText
  0
TEXT
  5
203
330
17
100
AcDbEntity
  8
点
 62
1
100
AcDbText
 10
470109.5
 20
4349723.5
 30
0.0
 40
0.3
  1
1.58
  7
CN_TTF
 11
470109.5
 21
4349723.5
 31
0.0
100
AcDbText
  0
TEXT
  5
204
330
17
100
AcDbEntity
  8
点
 62
1
100
AcDbText
 10
470109.5
 20
4349724.5
 30
0.0
 40
0.3
  1
1.58
  7
CN_TTF
 11
470109.5
 21
4349724.5
 31
0.0
100
AcDbText
  0
TEXT
  5
205
330
17
100
AcDbEntity
  8
点
 62
1
100
AcDbText
 10
470109.5
 20
4349725.5
 30
0.0
 40
0.3
  1
1.58
  7
CN_TTF
 11
470109.5
 21
4349725.5
 31
0.0
100
AcDbText
  0
TEXT
  5
206
330
17
100
AcDbEntity
  8
点
 62
1
100
AcDbText
 10
470109.5
 20
4349726.5
 30
0.0
 40
0.3
  1
1.58
  7
CN_TTF
 11
470109.5
 21
4349726.5
 31
0.0
100
AcDbText
  0
TEXT
  5
207
330
17
100
AcDbEntity
  8
点
 62
1
100
AcDbText
 10
470109.5
 20
4349727.5
 30
0.0
 40
0.3
  1
1.58
  7
CN_TTF
 11
470109.5
 21
4349727.5
 31
0.0
100
AcDbText
  0
TEXT
  5
208
330
17
100
AcDbEntity
  8
点
 62
1
100
AcDbText
 10
470109.5
 20
4349728.5
 30
0.0
 40
0.3
  1
1.58
  7
CN_TTF
 11
470109.5
 21
4349728.5
 31
0.0
100
AcDbText
  0
TEXT
  5
209
330
17
100
AcDbEntity
  8
点
 62
1
100
AcDbText
 10
470109.5
 20
4349729.5
 30
0.0
 40
0.3
  1
1.58
  7
CN_TTF
 11
470109.5
 21
4349729.5
 31
0.0
100
AcDbText
  0
TEXT
  5
20A
330
17
100
AcDbEntity
  8
点
 62
1
100
AcDbText
 10
470110.5
 20
4349718.5
 30
0.0
 40
0.3
  1
1.51
  7
CN_TTF
 11
470110.5
 21
4349718.5
 31
0.0
100
AcDbText
  0
TEXT
  5
20B
330
17
100
AcDbEntity
  8
点
 62
1
100
AcDbText
 10
470110.5
 20
4349719.5
 30
0.0
 40
0.3
  1
1.51
  7
CN_TTF
 11
470110.5
 21
4349719.5
 31
0.0
100
AcDbText
  0
TEXT
  5
20C
330
17
100
AcDbEntity
  8
点
 62
1
100
AcDbText
 10
470110.5
 20
4349720.5
 30
0.0
 40
0.3
  1
1.51
  7
CN_TTF
 11
470110.5
 21
4349720.5
 31
0.0
100
AcDbText
  0
TEXT
  5
20D
330
17
100
AcDbEntity
  8
点
 62
1
100
AcDbText
 10
470110.5
 20
4349724.5
 30
0.0
 40
0.3
  1
1.58
  7
CN_TTF
 11
470110.5
 21
4349724.5
 31
0.0
100
AcDbText
  0
TEXT
  5
20E
330
17
100
AcDbEntity
  8
点
 62
1
100
AcDbText
 10
470110.5
 20
4349725.5
 30
0.0
 40
0.3
  1
1.58
  7
CN_TTF
 11
470110.5
 21
4349725.5
 31
0.0
100
AcDbText
  0
TEXT
  5
20F
330
17
100
AcDbEntity
  8
点
 62
1
100
AcDbText
 10
470110.5
 20
4349726.5
 30
0.0
 40
0.3
  1
1.58
  7
CN_TTF
 11
470110.5
 21
4349726.5
 31
0.0
100
AcDbText
  0
TEXT
  5
210
330
17
100
AcDbEntity
  8
点
 62
1
100
AcDbText
 10
470110.5
 20
4349727.5
 30
0.0
 40
0.3
  1
1.58
  7
CN_TTF
 11
470110.5
 21
4349727.5
 31
0.0
100
AcDbText
  0
TEXT
  5
211
330
17
100
AcDbEntity
  8
点
 62
1
100
AcDbText
 10
470110.5
 20
4349728.5
 30
0.0
 40
0.3
  1
1.58
  7
CN_TTF
 11
470110.5
 21
4349728.5
 31
0.0
100
AcDbText
  0
TEXT
  5
212
330
17
100
AcDbEntity
  8
点
 62
1
100
AcDbText
 10
470110.5
 20
4349729.5
 30
0.0
 40
0.3
  1
1.58
  7
CN_TTF
 11
470110.5
 21
4349729.5
 31
0.0
100
AcDbText
  0
TEXT
  5
213
330
17
100
AcDbEntity
  8
点
 62
1
100
AcDbText
 10
470111.5
 20
4349725.5
 30
0.0
 40
0.3
  1
1.58
  7
CN_TTF
 11
470111.5
 21
4349725.5
 31
0.0
100
AcDbText
  0
TEXT
  5
214
330
17
100
AcDbEntity
  8
点
 62
1
100
AcDbText
 10
470111.5
 20
4349726.5
 30
0.0
 40
0.3
  1
1.58
  7
CN_TTF
 11
470111.5
 21
4349726.5
 31
0.0
100
AcDbText
  0
TEXT
  5
215
330
17
100
AcDbEntity
  8
点
 62
1
100
AcDbText
 10
470111.5
 20
4349727.5
 30
0.0
 40
0.3
  1
1.58
  7
CN_TTF
 11
470111.5
 21
4349727.5
 31
0.0
100
AcDbText
  0
TEXT
  5
216
330
17
100
AcDbEntity
  8
点
 62
1
100
AcDbText
 10
470111.5
 20
4349728.5
 30
0.0
 40
0.3
  1
1.58
  7
CN_TTF
 11
470111.5
 21
4349728.5
 31
0.0
100
AcDbText
  0
TEXT
  5
217
330
17
100
AcDbEntity
  8
点
 62
1
100
AcDbText
 10
470111.5
 20
4349729.5
 30
0.0
 40
0.3
  1
1.58
  7
CN_TTF
 11
470111.5
 21
4349729.5
 31
0.0
100
AcDbText
  0
TEXT
  5
218
330
17
100
AcDbEntity
  8
点
 62
1
100
AcDbText
 10
470111.5
 20
4349730.5
 30
0.0
 40
0.3
  1
1.58
  7
CN_TTF
 11
470111.5
 21
4349730.5
 31
0.0
100
AcDbText
  0
TEXT
  5
219
330
17
100
AcDbEntity
  8
点
 62
1
100
AcDbText
 10
470112.5
 20
4349725.5
 30
0.0
 40
0.3
  1
1.58
  7
CN_TTF
 11
470112.5
 21
4349725.5
 31
0.0
100
AcDbText
  0
TEXT
  5
21A
330
17
100
AcDbEntity
  8
点
 62
1
100
AcDbText
 10
470112.5
 20
4349726.5
 30
0.0
 40
0.3
  1
1.58
  7
CN_TTF
 11
470112.5
 21
4349726.5
 31
0.0
100
AcDbText
  0
TEXT
  5
21B
330
17
100
AcDbEntity
  8
点
 62
1
100
AcDbText
 10
470112.5
 20
4349727.5
 30
0.0
 40
0.3
  1
1.58
  7
CN_TTF
 11
470112.5
 21
4349727.5
 31
0.0
100
AcDbText
  0
TEXT
  5
21C
330
17
100
AcDbEntity
  8
点
 62
1
100
AcDbText
 10
470112.5
 20
4349728.5
 30
0.0
 40
0.3
  1
1.58
  7
CN_TTF
 11
470112.5
 21
4349728.5
 31
0.0
100
AcDbText
  0
TEXT
  5
21D
330
17
100
AcDbEntity
  8
点
 62
1
100
AcDbText
 10
470112.5
 20
4349729.5
 30
0.0
 40
0.3
  1
1.58
  7
CN_TTF
 11
470112.5
 21
4349729.5
 31
0.0
100
AcDbText
  0
TEXT
  5
21E
330
17
100
AcDbEntity
  8
点
 62
1
100
AcDbText
 10
470112.5
 20
4349730.5
 30
0.0
 40
0.3
  1
1.58
  7
CN_TTF
 11
470112.5
 21
4349730.5
 31
0.0
100
AcDbText
  0
TEXT
  5
21F
330
17
100
AcDbEntity
  8
点
 62
1
100
AcDbText
 10
470113.5
 20
4349726.5
 30
0.0
 40
0.3
  1
1.58
  7
CN_TTF
 11
470113.5
 21
4349726.5
 31
0.0
100
AcDbText
  0
TEXT
  5
220
330
17
100
AcDbEntity
  8
点
 62
1
100
AcDbText
 10
470113.5
 20
4349727.5
 30
0.0
 40
0.3
  1
1.58
  7
CN_TTF
 11
470113.5
 21
4349727.5
 31
0.0
100
AcDbText
  0
TEXT
  5
221
330
17
100
AcDbEntity
  8
点
 62
1
100
AcDbText
 10
470113.5
 20
4349728.5
 30
0.0
 40
0.3
  1
1.58
  7
CN_TTF
 11
470113.5
 21
4349728.5
 31
0.0
100
AcDbText
  0
TEXT
  5
222
330
17
100
AcDbEntity
  8
点
 62
1
100
AcDbText
 10
470113.5
 20
4349729.5
 30
0.0
 40
0.3
  1
1.58
  7
CN_TTF
 11
470113.5
 21
4349729.5
 31
0.0
100
AcDbText
  0
TEXT
  5
223
330
17
100
AcDbEntity
  8
点
 62
1
100
AcDbText
 10
470113.5
 20
4349730.5
 30
0.0
 40
0.3
  1
1.58
  7
CN_TTF
 11
470113.5
 21
4349730.5
 31
0.0
100
AcDbText
  0
TEXT
  5
224
330
17
100
AcDbEntity
  8
点
 62
1
100
AcDbText
 10
470113.5
 20
4349731.5
 30
0.0
 40
0.3
  1
1.58
  7
CN_TTF
 11
470113.5
 21
4349731.5
 31
0.0
100
AcDbText
  0
TEXT
  5
225
330
17
100
AcDbEntity
  8
点
 62
1
100
AcDbText
 10
470114.5
 20
4349727.5
 30
0.0
 40
0.3
  1
1.58
  7
CN_TTF
 11
470114.5
 21
4349727.5
 31
0.0
100
AcDbText
  0
TEXT
  5
226
330
17
100
AcDbEntity
  8
点
 62
1
100
AcDbText
 10
470114.5
 20
4349728.5
 30
0.0
 40
0.3
  1
1.58
  7
CN_TTF
 11
470114.5
 21
4349728.5
 31
0.0
100
AcDbText
  0
TEXT
  5
227
330
17
100
AcDbEntity
  8
点
 62
1
100
AcDbText
 10
470114.5
 20
4349729.5
 30
0.0
 40
0.3
  1
1.58
  7
CN_TTF
 11
470114.5
 21
4349729.5
 31
0.0
100
AcDbText
  0
TEXT
  5
228
330
17
100
AcDbEntity
  8
点
 62
4
100
AcDbText
 10
470088.5
 20
4349664.5
 30
0.0
 40
0.3
  1
0.91
  7
CN_TTF
 11
470088.5
 21
4349664.5
 31
0.0
100
AcDbText
  0
TEXT
  5
229
330
17
100
AcDbEntity
  8
点
 62
4
100
AcDbText
 10
470088.5
 20
4349665.5
 30
0.0
 40
0.3
  1
0.91
  7
CN_TTF
 11
470088.5
 21
4349665.5
 31
0.0
100
AcDbText
  0
TEXT
  5
22A
330
17
100
AcDbEntity
  8
点
 62
4
100
AcDbText
 10
470089.5
 20
4349663.5
 30
0.0
 40
0.3
  1
0.91
  7
CN_TTF
 11
470089.5
 21
4349663.5
 31
0.0
100
AcDbText
  0
TEXT
  5
22B
330
17
100
AcDbEntity
  8
点
 62
4
100
AcDbText
 10
470089.5
 20
4349664.5
 30
0.0
 40
0.3
  1
0.91
  7
CN_TTF
 11
470089.5
 21
4349664.5
 31
0.0
100
AcDbText
  0
TEXT
  5
22C
330
17
100
AcDbEntity
  8
点
 62
4
100
AcDbText
 10
470089.5
 20
4349665.5
 30
0.0
 40
0.3
  1
0.91
  7
CN_TTF
 11
470089.5
 21
4349665.5
 31
0.0
100
AcDbText
  0
TEXT
  5
22D
330
17
100
AcDbEntity
  8
点
 62
4
100
AcDbText
 10
470089.5
 20
4349666.5
 30
0.0
 40
0.3
  1
0.91
  7
CN_TTF
 11
470089.5
 21
4349666.5
 31
0.0
100
AcDbText
  0
TEXT
  5
22E
330
17
100
AcDbEntity
  8
点
 62
4
100
AcDbText
 10
470089.5
 20
4349667.5
 30
0.0
 40
0.3
  1
0.91
  7
CN_TTF
 11
470089.5
 21
4349667.5
 31
0.0
100
AcDbText
  0
TEXT
  5
22F
330
17
100
AcDbEntity
  8
点
 62
4
100
AcDbText
 10
470089.5
 20
4349668.5
 30
0.0
 40
0.3
  1
0.91
  7
CN_TTF
 11
470089.5
 21
4349668.5
 31
0.0
100
AcDbText
  0
TEXT
  5
230
330
17
100
AcDbEntity
  8
点
 62
4
100
AcDbText
 10
470089.5
 20
4349669.5
 30
0.0
 40
0.3
  1
0.91
  7
CN_TTF
 11
470089.5
 21
4349669.5
 31
0.0
100
AcDbText
  0
TEXT
  5
231
330
17
100
AcDbEntity
  8
点
 62
4
100
AcDbText
 10
470090.5
 20
4349663.5
 30
0.0
 40
0.3
  1
0.91
  7
CN_TTF
 11
470090.5
 21
4349663.5
 31
0.0
100
AcDbText
  0
TEXT
  5
232
330
17
100
AcDbEntity
  8
点
 62
4
100
AcDbText
 10
470090.5
 20
4349664.5
 30
0.0
 40
0.3
  1
0.91
  7
CN_TTF
 11
470090.5
 21
4349664.5
 31
0.0
100
AcDbText
  0
TEXT
  5
233
330
17
100
AcDbEntity
  8
点
 62
4
100
AcDbText
 10
470090.5
 20
4349665.5
 30
0.0
 40
0.3
  1
0.91
  7
CN_TTF
 11
470090.5
 21
4349665.5
 31
0.0
100
AcDbText
  0
TEXT
  5
234
330
17
100
AcDbEntity
  8
点
 62
4
100
AcDbText
 10
470090.5
 20
4349666.5
 30
0.0
 40
0.3
  1
0.91
  7
CN_TTF
 11
470090.5
 21
4349666.5
 31
0.0
100
AcDbText
  0
TEXT
  5
235
330
17
100
AcDbEntity
  8
点
 62
4
100
AcDbText
 10
470090.5
 20
4349667.5
 30
0.0
 40
0.3
  1
0.91
  7
CN_TTF
 11
470090.5
 21
4349667.5
 31
0.0
100
AcDbText
  0
TEXT
  5
236
330
17
100
AcDbEntity
  8
点
 62
4
100
AcDbText
 10
470090.5
 20
4349668.5
 30
0.0
 40
0.3
  1
0.91
  7
CN_TTF
 11
470090.5
 21
4349668.5
 31
0.0
100
AcDbText
  0
TEXT
  5
237
330
17
100
AcDbEntity
  8
点
 62
4
100
AcDbText
 10
470090.5
 20
4349669.5
 30
0.0
 40
0.3
  1
0.91
  7
CN_TTF
 11
470090.5
 21
4349669.5
 31
0.0
100
AcDbText
  0
TEXT
  5
238
330
17
100
AcDbEntity
  8
点
 62
4
100
AcDbText
 10
470090.5
 20
4349670.5
 30
0.0
 40
0.3
  1
0.91
  7
CN_TTF
 11
470090.5
 21
4349670.5
 31
0.0
100
AcDbText
  0
TEXT
  5
239
330
17
100
AcDbEntity
  8
点
 62
4
100
AcDbText
 10
470090.5
 20
4349671.5
 30
0.0
 40
0.3
  1
0.91
  7
CN_TTF
 11
470090.5
 21
4349671.5
 31
0.0
100
AcDbText
  0
TEXT
  5
23A
330
17
100
AcDbEntity
  8
点
 62
4
100
AcDbText
 10
470090.5
 20
4349672.5
 30
0.0
 40
0.3
  1
0.91
  7
CN_TTF
 11
470090.5
 21
4349672.5
 31
0.0
100
AcDbText
  0
TEXT
  5
23B
330
17
100
AcDbEntity
  8
点
 62
4
100
AcDbText
 10
470091.5
 20
4349663.5
 30
0.0
 40
0.3
  1
0.91
  7
CN_TTF
 11
470091.5
 21
4349663.5
 31
0.0
100
AcDbText
  0
TEXT
  5
23C
330
17
100
AcDbEntity
  8
点
 62
4
100
AcDbText
 10
470091.5
 20
4349664.5
 30
0.0
 40
0.3
  1
0.91
  7
CN_TTF
 11
470091.5
 21
4349664.5
 31
0.0
100
AcDbText
  0
TEXT
  5
23D
330
17
100
AcDbEntity
  8
点
 62
4
100
AcDbText
 10
470091.5
 20
4349665.5
 30
0.0
 40
0.3
  1
0.91
  7
CN_TTF
 11
470091.5
 21
4349665.5
 31
0.0
100
AcDbText
  0
TEXT
  5
23E
330
17
100
AcDbEntity
  8
点
 62
4
100
AcDbText
 10
470091.5
 20
4349666.5
 30
0.0
 40
0.3
  1
0.91
  7
CN_TTF
 11
470091.5
 21
4349666.5
 31
0.0
100
AcDbText
  0
TEXT
  5
23F
330
17
100
AcDbEntity
  8
点
 62
4
100
AcDbText
 10
470091.5
 20
4349667.5
 30
0.0
 40
0.3
  1
0.91
  7
CN_TTF
 11
470091.5
 21
4349667.5
 31
0.0
100
AcDbText
  0
TEXT
  5
240
330
17
100
AcDbEntity
  8
点
 62
4
100
AcDbText
 10
470091.5
 20
4349668.5
 30
0.0
 40
0.3
  1
0.91
  7
CN_TTF
 11
470091.5
 21
4349668.5
 31
0.0
100
AcDbText
  0
TEXT
  5
241
330
17
100
AcDbEntity
  8
点
 62
4
100
AcDbText
 10
470091.5
 20
4349669.5
 30
0.0
 40
0.3
  1
0.91
  7
CN_TTF
 11
470091.5
 21
4349669.5
 31
0.0
100
AcDbText
  0
TEXT
  5
242
330
17
100
AcDbEntity
  8
点
 62
4
100
AcDbText
 10
470091.5
 20
4349670.5
 30
0.0
 40
0.3
  1
0.91
  7
CN_TTF
 11
470091.5
 21
4349670.5
 31
0.0
100
AcDbText
  0
TEXT
  5
243
330
17
100
AcDbEntity
  8
点
 62
4
100
AcDbText
 10
470091.5
 20
4349671.5
 30
0.0
 40
0.3
  1
0.91
  7
CN_TTF
 11
470091.5
 21
4349671.5
 31
0.0
100
AcDbText
  0
TEXT
  5
244
330
17
100
AcDbEntity
  8
点
 62
4
100
AcDbText
 10
470091.5
 20
4349672.5
 30
0.0
 40
0.3
  1
0.91
  7
CN_TTF
 11
470091.5
 21
4349672.5
 31
0.0
100
AcDbText
  0
TEXT
  5
245
330
17
100
AcDbEntity
  8
点
 62
4
100
AcDbText
 10
470091.5
 20
4349673.5
 30
0.0
 40
0.3
  1
0.91
  7
CN_TTF
 11
470091.5
 21
4349673.5
 31
0.0
100
AcDbText
  0
TEXT
  5
246
330
17
100
AcDbEntity
  8
点
 62
4
100
AcDbText
 10
470091.5
 20
4349674.5
 30
0.0
 40
0.3
  1
0.91
  7
CN_TTF
 11
470091.5
 21
4349674.5
 31
0.0
100
AcDbText
  0
TEXT
  5
247
330
17
100
AcDbEntity
  8
点
 62
4
100
AcDbText
 10
470091.5
 20
4349675.5
 30
0.0
 40
0.3
  1
0.91
  7
CN_TTF
 11
470091.5
 21
4349675.5
 31
0.0
100
AcDbText
  0
TEXT
  5
248
330
17
100
AcDbEntity
  8
点
 62
4
100
AcDbText
 10
470092.5
 20
4349664.5
 30
0.0
 40
0.3
  1
0.91
  7
CN_TTF
 11
470092.5
 21
4349664.5
 31
0.0
100
AcDbText
  0
TEXT
  5
249
330
17
100
AcDbEntity
  8
点
 62
4
100
AcDbText
 10
470092.5
 20
4349665.5
 30
0.0
 40
0.3
  1
0.91
  7
CN_TTF
 11
470092.5
 21
4349665.5
 31
0.0
100
AcDbText
  0
TEXT
  5
24A
330
17
100
AcDbEntity
  8
点
 62
4
100
AcDbText
 10
470092.5
 20
4349666.5
 30
0.0
 40
0.3
  1
0.91
  7
CN_TTF
 11
470092.5
 21
4349666.5
 31
0.0
100
AcDbText
  0
TEXT
  5
24B
330
17
100
AcDbEntity
  8
点
 62
4
100
AcDbText
 10
470092.5
 20
4349667.5
 30
0.0
 40
0.3
  1
0.91
  7
CN_TTF
 11
470092.5
 21
4349667.5
 31
0.0
100
AcDbText
  0
TEXT
  5
24C
330
17
100
AcDbEntity
  8
点
 62
4
100
AcDbText
 10
470092.5
 20
4349668.5
 30
0.0
 40
0.3
  1
0.91
  7
CN_TTF
 11
470092.5
 21
4349668.5
 31
0.0
100
AcDbText
  0
TEXT
  5
24D
330
17
100
AcDbEntity
  8
点
 62
4
100
AcDbText
 10
470092.5
 20
4349669.5
 30
0.0
 40
0.3
  1
0.91
  7
CN_TTF
 11
470092.5
 21
4349669.5
 31
0.0
100
AcDbText
  0
TEXT
  5
24E
330
17
100
AcDbEntity
  8
点
 62
4
100
AcDbText
 10
470092.5
 20
4349670.5
 30
0.0
 40
0.3
  1
0.91
  7
CN_TTF
 11
470092.5
 21
4349670.5
 31
0.0
100
AcDbText
  0
TEXT
  5
24F
330
17
100
AcDbEntity
  8
点
 62
4
100
AcDbText
 10
470092.5
 20
4349671.5
 30
0.0
 40
0.3
  1
0.91
  7
CN_TTF
 11
470092.5
 21
4349671.5
 31
0.0
100
AcDbText
  0
TEXT
  5
250
330
17
100
AcDbEntity
  8
点
 62
4
100
AcDbText
 10
470092.5
 20
4349672.5
 30
0.0
 40
0.3
  1
0.91
  7
CN_TTF
 11
470092.5
 21
4349672.5
 31
0.0
100
AcDbText
  0
TEXT
  5
251
330
17
100
AcDbEntity
  8
点
 62
4
100
AcDbText
 10
470092.5
 20
4349673.5
 30
0.0
 40
0.3
  1
0.91
  7
CN_TTF
 11
470092.5
 21
4349673.5
 31
0.0
100
AcDbText
  0
TEXT
  5
252
330
17
100
AcDbEntity
  8
点
 62
4
100
AcDbText
 10
470092.5
 20
4349674.5
 30
0.0
 40
0.3
  1
0.91
  7
CN_TTF
 11
470092.5
 21
4349674.5
 31
0.0
100
AcDbText
  0
TEXT
  5
253
330
17
100
AcDbEntity
  8
点
 62
4
100
AcDbText
 10
470092.5
 20
4349675.5
 30
0.0
 40
0.3
  1
0.91
  7
CN_TTF
 11
470092.5
 21
4349675.5
 31
0.0
100
AcDbText
  0
TEXT
  5
254
330
17
100
AcDbEntity
  8
点
 62
4
100
AcDbText
 10
470092.5
 20
4349676.5
 30
0.0
 40
0.3
  1
0.91
  7
CN_TTF
 11
470092.5
 21
4349676.5
 31
0.0
100
AcDbText
  0
TEXT
  5
255
330
17
100
AcDbEntity
  8
点
 62
4
100
AcDbText
 10
470092.5
 20
4349677.5
 30
0.0
 40
0.3
  1
0.76
  7
CN_TTF
 11
470092.5
 21
4349677.5
 31
0.0
100
AcDbText
  0
TEXT
  5
256
330
17
100
AcDbEntity
  8
点
 62
4
100
AcDbText
 10
470092.5
 20
4349678.5
 30
0.0
 40
0.3
  1
0.76
  7
CN_TTF
 11
470092.5
 21
4349678.5
 31
0.0
100
AcDbText
  0
TEXT
  5
257
330
17
100
AcDbEntity
  8
点
 62
4
100
AcDbText
 10
470092.5
 20
4349679.5
 30
0.0
 40
0.3
  1
0.76
  7
CN_TTF
 11
470092.5
 21
4349679.5
 31
0.0
100
AcDbText
  0
TEXT
  5
258
330
17
100
AcDbEntity
  8
点
 62
4
100
AcDbText
 10
470093.5
 20
4349664.5
 30
0.0
 40
0.3
  1
0.91
  7
CN_TTF
 11
470093.5
 21
4349664.5
 31
0.0
100
AcDbText
  0
TEXT
  5
259
330
17
100
AcDbEntity
  8
点
 62
4
100
AcDbText
 10
470093.5
 20
4349665.5
 30
0.0
 40
0.3
  1
0.91
  7
CN_TTF
 11
470093.5
 21
4349665.5
 31
0.0
100
AcDbText
  0
TEXT
  5
25A
330
17
100
AcDbEntity
  8
点
 62
4
100
AcDbText
 10
470093.5
 20
4349666.5
 30
0.0
 40
0.3
  1
0.91
  7
CN_TTF
 11
470093.5
 21
4349666.5
 31
0.0
100
AcDbText
  0
TEXT
  5
25B
330
17
100
AcDbEntity
  8
点
 62
4
100
AcDbText
 10
470093.5
 20
4349667.5
 30
0.0
 40
0.3
  1
0.91
  7
CN_TTF
 11
470093.5
 21
4349667.5
 31
0.0
100
AcDbText
  0
TEXT
  5
25C
330
17
100
AcDbEntity
  8
点
 62
4
100
AcDbText
 10
470093.5
 20
4349668.5
 30
0.0
 40
0.3
  1
0.91
  7
CN_TTF
 11
470093.5
 21
4349668.5
 31
0.0
100
AcDbText
  0
TEXT
  5
25D
330
17
100
AcDbEntity
  8
点
 62
4
100
AcDbText
 10
470093.5
 20
4349669.5
 30
0.0
 40
0.3
  1
0.91
  7
CN_TTF
 11
470093.5
 21
4349669.5
 31
0.0
100
AcDbText
  0
TEXT
  5
25E
330
17
100
AcDbEntity
  8
点
 62
4
100
AcDbText
 10
470093.5
 20
4349670.5
 30
0.0
 40
0.3
  1
0.91
  7
CN_TTF
 11
470093.5
 21
4349670.5
 31
0.0
100
AcDbText
  0
TEXT
  5
25F
330
17
100
AcDbEntity
  8
点
 62
4
100
AcDbText
 10
470093.5
 20
4349671.5
 30
0.0
 40
0.3
  1
0.91
  7
CN_TTF
 11
470093.5
 21
4349671.5
 31
0.0
100
AcDbText
  0
TEXT
  5
260
330
17
100
AcDbEntity
  8
点
 62
4
100
AcDbText
 10
470093.5
 20
4349672.5
 30
0.0
 40
0.3
  1
0.91
  7
CN_TTF
 11
470093.5
 21
4349672.5
 31
0.0
100
AcDbText
  0
TEXT
  5
261
330
17
100
AcDbEntity
  8
点
 62
4
100
AcDbText
 10
470093.5
 20
4349673.5
 30
0.0
 40
0.3
  1
0.91
  7
CN_TTF
 11
470093.5
 21
4349673.5
 31
0.0
100
AcDbText
  0
TEXT
  5
262
330
17
100
AcDbEntity
  8
点
 62
4
100
AcDbText
 10
470093.5
 20
4349674.5
 30
0.0
 40
0.3
  1
0.91
  7
CN_TTF
 11
470093.5
 21
4349674.5
 31
0.0
100
AcDbText
  0
TEXT
  5
263
330
17
100
AcDbEntity
  8
点
 62
4
100
AcDbText
 10
470093.5
 20
4349675.5
 30
0.0
 40
0.3
  1
0.91
  7
CN_TTF
 11
470093.5
 21
4349675.5
 31
0.0
100
AcDbText
  0
TEXT
  5
264
330
17
100
AcDbEntity
  8
点
 62
4
100
AcDbText
 10
470093.5
 20
4349676.5
 30
0.0
 40
0.3
  1
0.91
  7
CN_TTF
 11
470093.5
 21
4349676.5
 31
0.0
100
AcDbText
  0
TEXT
  5
265
330
17
100
AcDbEntity
  8
点
 62
4
100
AcDbText
 10
470093.5
 20
4349677.5
 30
0.0
 40
0.3
  1
0.76
  7
CN_TTF
 11
470093.5
 21
4349677.5
 31
0.0
100
AcDbText
  0
TEXT
  5
266
330
17
100
AcDbEntity
  8
点
 62
4
100
AcDbText
 10
470093.5
 20
4349678.5
 30
0.0
 40
0.3
  1
0.76
  7
CN_TTF
 11
470093.5
 21
4349678.5
 31
0.0
100
AcDbText
  0
TEXT
  5
267
330
17
100
AcDbEntity
  8
点
 62
4
100
AcDbText
 10
470093.5
 20
4349679.5
 30
0.0
 40
0.3
  1
0.76
  7
CN_TTF
 11
470093.5
 21
4349679.5
 31
0.0
100
AcDbText
  0
TEXT
  5
268
330
17
100
AcDbEntity
  8
点
 62
4
100
AcDbText
 10
470093.5
 20
4349680.5
 30
0.0
 40
0.3
  1
0.76
  7
CN_TTF
 11
470093.5
 21
4349680.5
 31
0.0
100
AcDbText
  0
TEXT
  5
269
330
17
100
AcDbEntity
  8
点
 62
4
100
AcDbText
 10
470093.5
 20
4349681.5
 30
0.0
 40
0.3
  1
0.76
  7
CN_TTF
 11
470093.5
 21
4349681.5
 31
0.0
100
AcDbText
  0
TEXT
  5
26A
330
17
100
AcDbEntity
  8
点
 62
4
100
AcDbText
 10
470093.5
 20
4349682.5
 30
0.0
 40
0.3
  1
0.76
  7
CN_TTF
 11
470093.5
 21
4349682.5
 31
0.0
100
AcDbText
  0
TEXT
  5
26B
330
17
100
AcDbEntity
  8
点
 62
4
100
AcDbText
 10
470094.5
 20
4349665.5
 30
0.0
 40
0.3
  1
0.91
  7
CN_TTF
 11
470094.5
 21
4349665.5
 31
0.0
100
AcDbText
  0
TEXT
  5
26C
330
17
100
AcDbEntity
  8
点
 62
4
100
AcDbText
 10
470094.5
 20
4349666.5
 30
0.0
 40
0.3
  1
0.91
  7
CN_TTF
 11
470094.5
 21
4349666.5
 31
0.0
100
AcDbText
  0
TEXT
  5
26D
330
17
100
AcDbEntity
  8
点
 62
4
100
AcDbText
 10
470094.5
 20
4349667.5
 30
0.0
 40
0.3
  1
0.91
  7
CN_TTF
 11
470094.5
 21
4349667.5
 31
0.0
100
AcDbText
  0
TEXT
  5
26E
330
17
100
AcDbEntity
  8
点
 62
4
100
AcDbText
 10
470094.5
 20
4349668.5
 30
0.0
 40
0.3
  1
0.91
  7
CN_TTF
 11
470094.5
 21
4349668.5
 31
0.0
100
AcDbText
  0
TEXT
  5
26F
330
17
100
AcDbEntity
  8
点
 62
4
100
AcDbText
 10
470094.5
 20
4349669.5
 30
0.0
 40
0.3
  1
0.91
  7
CN_TTF
 11
470094.5
 21
4349669.5
 31
0.0
100
AcDbText
  0
TEXT
  5
270
330
17
100
AcDbEntity
  8
点
 62
4
100
AcDbText
 10
470094.5
 20
4349670.5
 30
0.0
 40
0.3
  1
0.91
  7
CN_TTF
 11
470094.5
 21
4349670.5
 31
0.0
100
AcDbText
  0
TEXT
  5
271
330
17
100
AcDbEntity
  8
点
 62
4
100
AcDbText
 10
470094.5
 20
4349671.5
 30
0.0
 40
0.3
  1
0.91
  7
CN_TTF
 11
470094.5
 21
4349671.5
 31
0.0
100
AcDbText
  0
TEXT
  5
272
330
17
100
AcDbEntity
  8
点
 62
4
100
AcDbText
 10
470094.5
 20
4349672.5
 30
0.0
 40
0.3
  1
0.91
  7
CN_TTF
 11
470094.5
 21
4349672.5
 31
0.0
100
AcDbText
  0
TEXT
  5
273
330
17
100
AcDbEntity
  8
点
 62
4
100
AcDbText
 10
470094.5
 20
4349673.5
 30
0.0
 40
0.3
  1
0.91
  7
CN_TTF
 11
470094.5
 21
4349673.5
 31
0.0
100
AcDbText
  0
TEXT
  5
274
330
17
100
AcDbEntity
  8
点
 62
4
100
AcDbText
 10
470094.5
 20
4349674.5
 30
0.0
 40
0.3
  1
0.91
  7
CN_TTF
 11
470094.5
 21
4349674.5
 31
0.0
100
AcDbText
  0
TEXT
  5
275
330
17
100
AcDbEntity
  8
点
 62
4
100
AcDbText
 10
470094.5
 20
4349675.5
 30
0.0
 40
0.3
  1
0.91
  7
CN_TTF
 11
470094.5
 21
4349675.5
 31
0.0
100
AcDbText
  0
TEXT
  5
276
330
17
100
AcDbEntity
  8
点
 62
4
100
AcDbText
 10
470094.5
 20
4349676.5
 30
0.0
 40
0.3
  1
0.91
  7
CN_TTF
 11
470094.5
 21
4349676.5
 31
0.0
100
AcDbText
  0
TEXT
  5
277
330
17
100
AcDbEntity
  8
点
 62
4
100
AcDbText
 10
470094.5
 20
4349677.5
 30
0.0
 40
0.3
  1
0.76
  7
CN_TTF
 11
470094.5
 21
4349677.5
 31
0.0
100
AcDbText
  0
TEXT
  5
278
330
17
100
AcDbEntity
  8
点
 62
4
100
AcDbText
 10
470094.5
 20
4349678.5
 30
0.0
 40
0.3
  1
0.76
  7
CN_TTF
 11
470094.5
 21
4349678.5
 31
0.0
100
AcDbText
  0
TEXT
  5
279
330
17
100
AcDbEntity
  8
点
 62
4
100
AcDbText
 10
470094.5
 20
4349679.5
 30
0.0
 40
0.3
  1
0.76
  7
CN_TTF
 11
470094.5
 21
4349679.5
 31
0.0
100
AcDbText
  0
TEXT
  5
27A
330
17
100
AcDbEntity
  8
点
 62
4
100
AcDbText
 10
470094.5
 20
4349680.5
 30
0.0
 40
0.3
  1
0.76
  7
CN_TTF
 11
470094.5
 21
4349680.5
 31
0.0
100
AcDbText
  0
TEXT
  5
27B
330
17
100
AcDbEntity
  8
点
 62
4
100
AcDbText
 10
470094.5
 20
4349681.5
 30
0.0
 40
0.3
  1
0.76
  7
CN_TTF
 11
470094.5
 21
4349681.5
 31
0.0
100
AcDbText
  0
TEXT
  5
27C
330
17
100
AcDbEntity
  8
点
 62
4
100
AcDbText
 10
470094.5
 20
4349682.5
 30
0.0
 40
0.3
  1
0.76
  7
CN_TTF
 11
470094.5
 21
4349682.5
 31
0.0
100
AcDbText
  0
TEXT
  5
27D
330
17
100
AcDbEntity
  8
点
 62
4
100
AcDbText
 10
470094.5
 20
4349683.5
 30
0.0
 40
0.3
  1
0.76
  7
CN_TTF
 11
470094.5
 21
4349683.5
 31
0.0
100
AcDbText
  0
TEXT
  5
27E
330
17
100
AcDbEntity
  8
点
 62
4
100
AcDbText
 10
470094.5
 20
4349684.5
 30
0.0
 40
0.3
  1
0.60
  7
CN_TTF
 11
470094.5
 21
4349684.5
 31
0.0
100
AcDbText
  0
TEXT
  5
27F
330
17
100
AcDbEntity
  8
点
 62
4
100
AcDbText
 10
470094.5
 20
4349685.5
 30
0.0
 40
0.3
  1
0.60
  7
CN_TTF
 11
470094.5
 21
4349685.5
 31
0.0
100
AcDbText
  0
TEXT
  5
280
330
17
100
AcDbEntity
  8
点
 62
4
100
AcDbText
 10
470095.5
 20
4349665.5
 30
0.0
 40
0.3
  1
0.91
  7
CN_TTF
 11
470095.5
 21
4349665.5
 31
0.0
100
AcDbText
  0
TEXT
  5
281
330
17
100
AcDbEntity
  8
点
 62
4
100
AcDbText
 10
470095.5
 20
4349670.5
 30
0.0
 40
0.3
  1
0.91
  7
CN_TTF
 11
470095.5
 21
4349670.5
 31
0.0
100
AcDbText
  0
TEXT
  5
282
330
17
100
AcDbEntity
  8
点
 62
4
100
AcDbText
 10
470095.5
 20
4349671.5
 30
0.0
 40
0.3
  1
0.91
  7
CN_TTF
 11
470095.5
 21
4349671.5
 31
0.0
100
AcDbText
  0
TEXT
  5
283
330
17
100
AcDbEntity
  8
点
 62
4
100
AcDbText
 10
470095.5
 20
4349672.5
 30
0.0
 40
0.3
  1
0.91
  7
CN_TTF
 11
470095.5
 21
4349672.5
 31
0.0
100
AcDbText
  0
TEXT
  5
284
330
17
100
AcDbEntity
  8
点
 62
4
100
AcDbText
 10
470095.5
 20
4349673.5
 30
0.0
 40
0.3
  1
0.91
  7
CN_TTF
 11
470095.5
 21
4349673.5
 31
0.0
100
AcDbText
  0
TEXT
  5
285
330
17
100
AcDbEntity
  8
点
 62
4
100
AcDbText
 10
470095.5
 20
4349674.5
 30
0.0
 40
0.3
  1
0.91
  7
CN_TTF
 11
470095.5
 21
4349674.5
 31
0.0
100
AcDbText
  0
TEXT
  5
286
330
17
100
AcDbEntity
  8
点
 62
4
100
AcDbText
 10
470095.5
 20
4349675.5
 30
0.0
 40
0.3
  1
0.91
  7
CN_TTF
 11
470095.5
 21
4349675.5
 31
0.0
100
AcDbText
  0
TEXT
  5
287
330
17
100
AcDbEntity
  8
点
 62
4
100
AcDbText
 10
470095.5
 20
4349676.5
 30
0.0
 40
0.3
  1
0.76
  7
CN_TTF
 11
470095.5
 21
4349676.5
 31
0.0
100
AcDbText
  0
TEXT
  5
288
330
17
100
AcDbEntity
  8
点
 62
4
100
AcDbText
 10
470095.5
 20
4349677.5
 30
0.0
 40
0.3
  1
0.76
  7
CN_TTF
 11
470095.5
 21
4349677.5
 31
0.0
100
AcDbText
  0
TEXT
  5
289
330
17
100
AcDbEntity
  8
点
 62
4
100
AcDbText
 10
470095.5
 20
4349678.5
 30
0.0
 40
0.3
  1
0.76
  7
CN_TTF
 11
470095.5
 21
4349678.5
 31
0.0
100
AcDbText
  0
TEXT
  5
28A
330
17
100
AcDbEntity
  8
点
 62
4
100
AcDbText
 10
470095.5
 20
4349679.5
 30
0.0
 40
0.3
  1
0.76
  7
CN_TTF
 11
470095.5
 21
4349679.5
 31
0.0
100
AcDbText
  0
TEXT
  5
28B
330
17
100
AcDbEntity
  8
点
 62
4
100
AcDbText
 10
470095.5
 20
4349680.5
 30
0.0
 40
0.3
  1
0.76
  7
CN_TTF
 11
470095.5
 21
4349680.5
 31
0.0
100
AcDbText
  0
TEXT
  5
28C
330
17
100
AcDbEntity
  8
点
 62
4
100
AcDbText
 10
470095.5
 20
4349681.5
 30
0.0
 40
0.3
  1
0.76
  7
CN_TTF
 11
470095.5
 21
4349681.5
 31
0.0
100
AcDbText
  0
TEXT
  5
28D
330
17
100
AcDbEntity
  8
点
 62
4
100
AcDbText
 10
470095.5
 20
4349682.5
 30
0.0
 40
0.3
  1
0.76
  7
CN_TTF
 11
470095.5
 21
4349682.5
 31
0.0
100
AcDbText
  0
TEXT
  5
28E
330
17
100
AcDbEntity
  8
点
 62
4
100
AcDbText
 10
470095.5
 20
4349683.5
 30
0.0
 40
0.3
  1
0.76
  7
CN_TTF
 11
470095.5
 21
4349683.5
 31
0.0
100
AcDbText
  0
TEXT
  5
28F
330
17
100
AcDbEntity
  8
点
 62
4
100
AcDbText
 10
470095.5
 20
4349684.5
 30
0.0
 40
0.3
  1
0.60
  7
CN_TTF
 11
470095.5
 21
4349684.5
 31
0.0
100
AcDbText
  0
TEXT
  5
290
330
17
100
AcDbEntity
  8
点
 62
4
100
AcDbText
 10
470095.5
 20
4349685.5
 30
0.0
 40
0.3
  1
0.60
  7
CN_TTF
 11
470095.5
 21
4349685.5
 31
0.0
100
AcDbText
  0
TEXT
  5
291
330
17
100
AcDbEntity
  8
点
 62
4
100
AcDbText
 10
470095.5
 20
4349686.5
 30
0.0
 40
0.3
  1
0.60
  7
CN_TTF
 11
470095.5
 21
4349686.5
 31
0.0
100
AcDbText
  0
TEXT
  5
292
330
17
100
AcDbEntity
  8
点
 62
4
100
AcDbText
 10
470095.5
 20
4349687.5
 30
0.0
 40
0.3
  1
0.60
  7
CN_TTF
 11
470095.5
 21
4349687.5
 31
0.0
100
AcDbText
  0
TEXT
  5
293
330
17
100
AcDbEntity
  8
点
 62
4
100
AcDbText
 10
470095.5
 20
4349688.5
 30
0.0
 40
0.3
  1
0.60
  7
CN_TTF
 11
470095.5
 21
4349688.5
 31
0.0
100
AcDbText
  0
TEXT
  5
294
330
17
100
AcDbEntity
  8
点
 62
4
100
AcDbText
 10
470095.5
 20
4349689.5
 30
0.0
 40
0.3
  1
0.60
  7
CN_TTF
 11
470095.5
 21
4349689.5
 31
0.0
100
AcDbText
  0
TEXT
  5
295
330
17
100
AcDbEntity
  8
点
 62
4
100
AcDbText
 10
470096.5
 20
4349671.5
 30
0.0
 40
0.3
  1
0.91
  7
CN_TTF
 11
470096.5
 21
4349671.5
 31
0.0
100
AcDbText
  0
TEXT
  5
296
330
17
100
AcDbEntity
  8
点
 62
4
100
AcDbText
 10
470096.5
 20
4349672.5
 30
0.0
 40
0.3
  1
0.91
  7
CN_TTF
 11
470096.5
 21
4349672.5
 31
0.0
100
AcDbText
  0
TEXT
  5
297
330
17
100
AcDbEntity
  8
点
 62
4
100
AcDbText
 10
470096.5
 20
4349673.5
 30
0.0
 40
0.3
  1
0.91
  7
CN_TTF
 11
470096.5
 21
4349673.5
 31
0.0
100
AcDbText
  0
TEXT
  5
298
330
17
100
AcDbEntity
  8
点
 62
4
100
AcDbText
 10
470096.5
 20
4349677.5
 30
0.0
 40
0.3
  1
0.76
  7
CN_TTF
 11
470096.5
 21
4349677.5
 31
0.0
100
AcDbText
  0
TEXT
  5
299
330
17
100
AcDbEntity
  8
点
 62
4
100
AcDbText
 10
470096.5
 20
4349678.5
 30
0.0
 40
0.3
  1
0.76
  7
CN_TTF
 11
470096.5
 21
4349678.5
 31
0.0
100
AcDbText
  0
TEXT
  5
29A
330
17
100
AcDbEntity
  8
点
 62
4
100
AcDbText
 10
470096.5
 20
4349679.5
 30
0.0
 40
0.3
  1
0.76
  7
CN_TTF
 11
470096.5
 21
4349679.5
 31
0.0
100
AcDbText
  0
TEXT
  5
29B
330
17
100
AcDbEntity
  8
点
 62
4
100
AcDbText
 10
470096.5
 20
4349680.5
 30
0.0
 40
0.3
  1
0.76
  7
CN_TTF
 11
470096.5
 21
4349680.5
 31
0.0
100
AcDbText
  0
TEXT
  5
29C
330
17
100
AcDbEntity
  8
点
 62
4
100
AcDbText
 10
470096.5
 20
4349681.5
 30
0.0
 40
0.3
  1
0.76
  7
CN_TTF
 11
470096.5
 21
4349681.5
 31
0.0
100
AcDbText
  0
TEXT
  5
29D
330
17
100
AcDbEntity
  8
点
 62
4
100
AcDbText
 10
470096.5
 20
4349682.5
 30
0.0
 40
0.3
  1
0.76
  7
CN_TTF
 11
470096.5
 21
4349682.5
 31
0.0
100
AcDbText
  0
TEXT
  5
29E
330
17
100
AcDbEntity
  8
点
 62
4
100
AcDbText
 10
470096.5
 20
4349683.5
 30
0.0
 40
0.3
  1
0.60
  7
CN_TTF
 11
470096.5
 21
4349683.5
 31
0.0
100
AcDbText
  0
TEXT
  5
29F
330
17
100
AcDbEntity
  8
点
 62
4
100
AcDbText
 10
470096.5
 20
4349684.5
 30
0.0
 40
0.3
  1
0.60
  7
CN_TTF
 11
470096.5
 21
4349684.5
 31
0.0
100
AcDbText
  0
TEXT
  5
2A0
330
17
100
AcDbEntity
  8
点
 62
4
100
AcDbText
 10
470096.5
 20
4349685.5
 30
0.0
 40
0.3
  1
0.60
  7
CN_TTF
 11
470096.5
 21
4349685.5
 31
0.0
100
AcDbText
  0
TEXT
  5
2A1
330
17
100
AcDbEntity
  8
点
 62
4
100
AcDbText
 10
470096.5
 20
4349686.5
 30
0.0
 40
0.3
  1
0.60
  7
CN_TTF
 11
470096.5
 21
4349686.5
 31
0.0
100
AcDbText
  0
TEXT
  5
2A2
330
17
100
AcDbEntity
  8
点
 62
4
100
AcDbText
 10
470096.5
 20
4349687.5
 30
0.0
 40
0.3
  1
0.60
  7
CN_TTF
 11
470096.5
 21
4349687.5
 31
0.0
100
AcDbText
  0
TEXT
  5
2A3
330
17
100
AcDbEntity
  8
点
 62
4
100
AcDbText
 10
470096.5
 20
4349688.5
 30
0.0
 40
0.3
  1
0.60
  7
CN_TTF
 11
470096.5
 21
4349688.5
 31
0.0
100
AcDbText
  0
TEXT
  5
2A4
330
17
100
AcDbEntity
  8
点
 62
4
100
AcDbText
 10
470096.5
 20
4349689.5
 30
0.0
 40
0.3
  1
0.60
  7
CN_TTF
 11
470096.5
 21
4349689.5
 31
0.0
100
AcDbText
  0
TEXT
  5
2A5
330
17
100
AcDbEntity
  8
点
 62
4
100
AcDbText
 10
470096.5
 20
4349690.5
 30
0.0
 40
0.3
  1
0.48
  7
CN_TTF
 11
470096.5
 21
4349690.5
 31
0.0
100
AcDbText
  0
TEXT
  5
2A6
330
17
100
AcDbEntity
  8
点
 62
4
100
AcDbText
 10
470096.5
 20
4349691.5
 30
0.0
 40
0.3
  1
0.48
  7
CN_TTF
 11
470096.5
 21
4349691.5
 31
0.0
100
AcDbText
  0
TEXT
  5
2A7
330
17
100
AcDbEntity
  8
点
 62
4
100
AcDbText
 10
470096.5
 20
4349692.5
 30
0.0
 40
0.3
  1
0.48
  7
CN_TTF
 11
470096.5
 21
4349692.5
 31
0.0
100
AcDbText
  0
TEXT
  5
2A8
330
17
100
AcDbEntity
  8
点
 62
4
100
AcDbText
 10
470097.5
 20
4349672.5
 30
0.0
 40
0.3
  1
0.91
  7
CN_TTF
 11
470097.5
 21
4349672.5
 31
0.0
100
AcDbText
  0
TEXT
  5
2A9
330
17
100
AcDbEntity
  8
点
 62
4
100
AcDbText
 10
470097.5
 20
4349678.5
 30
0.0
 40
0.3
  1
0.76
  7
CN_TTF
 11
470097.5
 21
4349678.5
 31
0.0
100
AcDbText
  0
TEXT
  5
2AA
330
17
100
AcDbEntity
  8
点
 62
4
100
AcDbText
 10
470097.5
 20
4349679.5
 30
0.0
 40
0.3
  1
0.76
  7
CN_TTF
 11
470097.5
 21
4349679.5
 31
0.0
100
AcDbText
  0
TEXT
  5
2AB
330
17
100
AcDbEntity
  8
点
 62
4
100
AcDbText
 10
470097.5
 20
4349680.5
 30
0.0
 40
0.3
  1
0.76
  7
CN_TTF
 11
470097.5
 21
4349680.5
 31
0.0
100
AcDbText
  0
TEXT
  5
2AC
330
17
100
AcDbEntity
  8
点
 62
4
100
AcDbText
 10
470097.5
 20
4349681.5
 30
0.0
 40
0.3
  1
0.76
  7
CN_TTF
 11
470097.5
 21
4349681.5
 31
0.0
100
AcDbText
  0
TEXT
  5
2AD
330
17
100
AcDbEntity
  8
点
 62
4
100
AcDbText
 10
470097.5
 20
4349682.5
 30
0.0
 40
0.3
  1
0.96
  7
CN_TTF
 11
470097.5
 21
4349682.5
 31
0.0
100
AcDbText
  0
TEXT
  5
2AE
330
17
100
AcDbEntity
  8
点
 62
4
100
AcDbText
 10
470097.5
 20
4349683.5
 30
0.0
 40
0.3
  1
0.96
  7
CN_TTF
 11
470097.5
 21
4349683.5
 31
0.0
100
AcDbText
  0
TEXT
  5
2AF
330
17
100
AcDbEntity
  8
点
 62
4
100
AcDbText
 10
470097.5
 20
4349684.5
 30
0.0
 40
0.3
  1
0.60
  7
CN_TTF
 11
470097.5
 21
4349684.5
 31
0.0
100
AcDbText
  0
TEXT
  5
2B0
330
17
100
AcDbEntity
  8
点
 62
4
100
AcDbText
 10
470097.5
 20
4349685.5
 30
0.0
 40
0.3
  1
0.60
  7
CN_TTF
 11
470097.5
 21
4349685.5
 31
0.0
100
AcDbText
  0
TEXT
  5
2B1
330
17
100
AcDbEntity
  8
点
 62
4
100
AcDbText
 10
470097.5
 20
4349686.5
 30
0.0
 40
0.3
  1
0.60
  7
CN_TTF
 11
470097.5
 21
4349686.5
 31
0.0
100
AcDbText
  0
TEXT
  5
2B2
330
17
100
AcDbEntity
  8
点
 62
4
100
AcDbText
 10
470097.5
 20
4349687.5
 30
0.0
 40
0.3
  1
0.60
  7
CN_TTF
 11
470097.5
 21
4349687.5
 31
0.0
100
AcDbText
  0
TEXT
  5
2B3
330
17
100
AcDbEntity
  8
点
 62
4
100
AcDbText
 10
470097.5
 20
4349688.5
 30
0.0
 40
0.3
  1
0.60
  7
CN_TTF
 11
470097.5
 21
4349688.5
 31
0.0
100
AcDbText
  0
TEXT
  5
2B4
330
17
100
AcDbEntity
  8
点
 62
4
100
AcDbText
 10
470097.5
 20
4349689.5
 30
0.0
 40
0.3
  1
0.60
  7
CN_TTF
 11
470097.5
 21
4349689.5
 31
0.0
100
AcDbText
  0
TEXT
  5
2B5
330
17
100
AcDbEntity
  8
点
 62
4
100
AcDbText
 10
470097.5
 20
4349690.5
 30
0.0
 40
0.3
  1
0.48
  7
CN_TTF
 11
470097.5
 21
4349690.5
 31
0.0
100
AcDbText
  0
TEXT
  5
2B6
330
17
100
AcDbEntity
  8
点
 62
4
100
AcDbText
 10
470097.5
 20
4349691.5
 30
0.0
 40
0.3
  1
0.48
  7
CN_TTF
 11
470097.5
 21
4349691.5
 31
0.0
100
AcDbText
  0
TEXT
  5
2B7
330
17
100
AcDbEntity
  8
点
 62
4
100
AcDbText
 10
470097.5
 20
4349692.5
 30
0.0
 40
0.3
  1
0.48
  7
CN_TTF
 11
470097.5
 21
4349692.5
 31
0.0
100
AcDbText
  0
TEXT
  5
2B8
330
17
100
AcDbEntity
  8
点
 62
4
100
AcDbText
 10
470097.5
 20
4349693.5
 30
0.0
 40
0.3
  1
0.48
  7
CN_TTF
 11
470097.5
 21
4349693.5
 31
0.0
100
AcDbText
  0
TEXT
  5
2B9
330
17
100
AcDbEntity
  8
点
 62
4
100
AcDbText
 10
470097.5
 20
4349694.5
 30
0.0
 40
0.3
  1
0.48
  7
CN_TTF
 11
470097.5
 21
4349694.5
 31
0.0
100
AcDbText
  0
TEXT
  5
2BA
330
17
100
AcDbEntity
  8
点
 62
4
100
AcDbText
 10
470097.5
 20
4349695.5
 30
0.0
 40
0.3
  1
0.48
  7
CN_TTF
 11
470097.5
 21
4349695.5
 31
0.0
100
AcDbText
  0
TEXT
  5
2BB
330
17
100
AcDbEntity
  8
点
 62
4
100
AcDbText
 10
470098.5
 20
4349678.5
 30
0.0
 40
0.3
  1
0.76
  7
CN_TTF
 11
470098.5
 21
4349678.5
 31
0.0
100
AcDbText
  0
TEXT
  5
2BC
330
17
100
AcDbEntity
  8
点
 62
4
100
AcDbText
 10
470098.5
 20
4349679.5
 30
0.0
 40
0.3
  1
0.76
  7
CN_TTF
 11
470098.5
 21
4349679.5
 31
0.0
100
AcDbText
  0
TEXT
  5
2BD
330
17
100
AcDbEntity
  8
点
 62
4
100
AcDbText
 10
470098.5
 20
4349680.5
 30
0.0
 40
0.3
  1
0.76
  7
CN_TTF
 11
470098.5
 21
4349680.5
 31
0.0
100
AcDbText
  0
TEXT
  5
2BE
330
17
100
AcDbEntity
  8
点
 62
4
100
AcDbText
 10
470098.5
 20
4349681.5
 30
0.0
 40
0.3
  1
0.96
  7
CN_TTF
 11
470098.5
 21
4349681.5
 31
0.0
100
AcDbText
  0
TEXT
  5
2BF
330
17
100
AcDbEntity
  8
点
 62
4
100
AcDbText
 10
470098.5
 20
4349682.5
 30
0.0
 40
0.3
  1
0.96
  7
CN_TTF
 11
470098.5
 21
4349682.5
 31
0.0
100
AcDbText
  0
TEXT
  5
2C0
330
17
100
AcDbEntity
  8
点
 62
4
100
AcDbText
 10
470098.5
 20
4349683.5
 30
0.0
 40
0.3
  1
0.96
  7
CN_TTF
 11
470098.5
 21
4349683.5
 31
0.0
100
AcDbText
  0
TEXT
  5
2C1
330
17
100
AcDbEntity
  8
点
 62
4
100
AcDbText
 10
470098.5
 20
4349684.5
 30
0.0
 40
0.3
  1
0.60
  7
CN_TTF
 11
470098.5
 21
4349684.5
 31
0.0
100
AcDbText
  0
TEXT
  5
2C2
330
17
100
AcDbEntity
  8
点
 62
4
100
AcDbText
 10
470098.5
 20
4349685.5
 30
0.0
 40
0.3
  1
0.60
  7
CN_TTF
 11
470098.5
 21
4349685.5
 31
0.0
100
AcDbText
  0
TEXT
  5
2C3
330
17
100
AcDbEntity
  8
点
 62
4
100
AcDbText
 10
470098.5
 20
4349686.5
 30
0.0
 40
0.3
  1
0.60
  7
CN_TTF
 11
470098.5
 21
4349686.5
 31
0.0
100
AcDbText
  0
TEXT
  5
2C4
330
17
100
AcDbEntity
  8
点
 62
4
100
AcDbText
 10
470098.5
 20
4349687.5
 30
0.0
 40
0.3
  1
0.60
  7
CN_TTF
 11
470098.5
 21
4349687.5
 31
0.0
100
AcDbText
  0
TEXT
  5
2C5
330
17
100
AcDbEntity
  8
点
 62
4
100
AcDbText
 10
470098.5
 20
4349688.5
 30
0.0
 40
0.3
  1
0.60
  7
CN_TTF
 11
470098.5
 21
4349688.5
 31
0.0
100
AcDbText
  0
TEXT
  5
2C6
330
17
100
AcDbEntity
  8
点
 62
4
100
AcDbText
 10
470098.5
 20
4349689.5
 30
0.0
 40
0.3
  1
0.60
  7
CN_TTF
 11
470098.5
 21
4349689.5
 31
0.0
100
AcDbText
  0
TEXT
  5
2C7
330
17
100
AcDbEntity
  8
点
 62
4
100
AcDbText
 10
470098.5
 20
4349690.5
 30
0.0
 40
0.3
  1
0.48
  7
CN_TTF
 11
470098.5
 21
4349690.5
 31
0.0
100
AcDbText
  0
TEXT
  5
2C8
330
17
100
AcDbEntity
  8
点
 62
4
100
AcDbText
 10
470098.5
 20
4349691.5
 30
0.0
 40
0.3
  1
0.48
  7
CN_TTF
 11
470098.5
 21
4349691.5
 31
0.0
100
AcDbText
  0
TEXT
  5
2C9
330
17
100
AcDbEntity
  8
点
 62
4
100
AcDbText
 10
470098.5
 20
4349692.5
 30
0.0
 40
0.3
  1
0.48
  7
CN_TTF
 11
470098.5
 21
4349692.5
 31
0.0
100
AcDbText
  0
TEXT
  5
2CA
330
17
100
AcDbEntity
  8
点
 62
4
100
AcDbText
 10
470098.5
 20
4349693.5
 30
0.0
 40
0.3
  1
0.48
  7
CN_TTF
 11
470098.5
 21
4349693.5
 31
0.0
100
AcDbText
  0
TEXT
  5
2CB
330
17
100
AcDbEntity
  8
点
 62
4
100
AcDbText
 10
470098.5
 20
4349694.5
 30
0.0
 40
0.3
  1
0.48
  7
CN_TTF
 11
470098.5
 21
4349694.5
 31
0.0
100
AcDbText
  0
TEXT
  5
2CC
330
17
100
AcDbEntity
  8
点
 62
4
100
AcDbText
 10
470098.5
 20
4349695.5
 30
0.0
 40
0.3
  1
0.48
  7
CN_TTF
 11
470098.5
 21
4349695.5
 31
0.0
100
AcDbText
  0
TEXT
  5
2CD
330
17
100
AcDbEntity
  8
点
 62
4
100
AcDbText
 10
470098.5
 20
4349696.5
 30
0.0
 40
0.3
  1
0.48
  7
CN_TTF
 11
470098.5
 21
4349696.5
 31
0.0
100
AcDbText
  0
TEXT
  5
2CE
330
17
100
AcDbEntity
  8
点
 62
4
100
AcDbText
 10
470098.5
 20
4349697.5
 30
0.0
 40
0.3
  1
0.48
  7
CN_TTF
 11
470098.5
 21
4349697.5
 31
0.0
100
AcDbText
  0
TEXT
  5
2CF
330
17
100
AcDbEntity
  8
点
 62
4
100
AcDbText
 10
470098.5
 20
4349698.5
 30
0.0
 40
0.3
  1
0.67
  7
CN_TTF
 11
470098.5
 21
4349698.5
 31
0.0
100
AcDbText
  0
TEXT
  5
2D0
330
17
100
AcDbEntity
  8
点
 62
4
100
AcDbText
 10
470098.5
 20
4349699.5
 30
0.0
 40
0.3
  1
0.67
  7
CN_TTF
 11
470098.5
 21
4349699.5
 31
0.0
100
AcDbText
  0
TEXT
  5
2D1
330
17
100
AcDbEntity
  8
点
 62
4
100
AcDbText
 10
470099.5
 20
4349678.5
 30
0.0
 40
0.3
  1
0.73
  7
CN_TTF
 11
470099.5
 21
4349678.5
 31
0.0
100
AcDbText
  0
TEXT
  5
2D2
330
17
100
AcDbEntity
  8
点
 62
4
100
AcDbText
 10
470099.5
 20
4349679.5
 30
0.0
 40
0.3
  1
0.73
  7
CN_TTF
 11
470099.5
 21
4349679.5
 31
0.0
100
AcDbText
  0
TEXT
  5
2D3
330
17
100
AcDbEntity
  8
点
 62
4
100
AcDbText
 10
470099.5
 20
4349680.5
 30
0.0
 40
0.3
  1
0.96
  7
CN_TTF
 11
470099.5
 21
4349680.5
 31
0.0
100
AcDbText
  0
TEXT
  5
2D4
330
17
100
AcDbEntity
  8
点
 62
4
100
AcDbText
 10
470099.5
 20
4349681.5
 30
0.0
 40
0.3
  1
0.96
  7
CN_TTF
 11
470099.5
 21
4349681.5
 31
0.0
100
AcDbText
  0
TEXT
  5
2D5
330
17
100
AcDbEntity
  8
点
 62
4
100
AcDbText
 10
470099.5
 20
4349682.5
 30
0.0
 40
0.3
  1
0.96
  7
CN_TTF
 11
470099.5
 21
4349682.5
 31
0.0
100
AcDbText
  0
TEXT
  5
2D6
330
17
100
AcDbEntity
  8
点
 62
4
100
AcDbText
 10
470099.5
 20
4349683.5
 30
0.0
 40
0.3
  1
0.96
  7
CN_TTF
 11
470099.5
 21
4349683.5
 31
0.0
100
AcDbText
  0
TEXT
  5
2D7
330
17
100
AcDbEntity
  8
点
 62
4
100
AcDbText
 10
470099.5
 20
4349684.5
 30
0.0
 40
0.3
  1
0.96
  7
CN_TTF
 11
470099.5
 21
4349684.5
 31
0.0
100
AcDbText
  0
TEXT
  5
2D8
330
17
100
AcDbEntity
  8
点
 62
4
100
AcDbText
 10
470099.5
 20
4349685.5
 30
0.0
 40
0.3
  1
0.60
  7
CN_TTF
 11
470099.5
 21
4349685.5
 31
0.0
100
AcDbText
  0
TEXT
  5
2D9
330
17
100
AcDbEntity
  8
点
 62
4
100
AcDbText
 10
470099.5
 20
4349686.5
 30
0.0
 40
0.3
  1
0.60
  7
CN_TTF
 11
470099.5
 21
4349686.5
 31
0.0
100
AcDbText
  0
TEXT
  5
2DA
330
17
100
AcDbEntity
  8
点
 62
4
100
AcDbText
 10
470099.5
 20
4349687.5
 30
0.0
 40
0.3
  1
0.60
  7
CN_TTF
 11
470099.5
 21
4349687.5
 31
0.0
100
AcDbText
  0
TEXT
  5
2DB
330
17
100
AcDbEntity
  8
点
 62
4
100
AcDbText
 10
470099.5
 20
4349688.5
 30
0.0
 40
0.3
  1
0.60
  7
CN_TTF
 11
470099.5
 21
4349688.5
 31
0.0
100
AcDbText
  0
TEXT
  5
2DC
330
17
100
AcDbEntity
  8
点
 62
4
100
AcDbText
 10
470099.5
 20
4349689.5
 30
0.0
 40
0.3
  1
0.48
  7
CN_TTF
 11
470099.5
 21
4349689.5
 31
0.0
100
AcDbText
  0
TEXT
  5
2DD
330
17
100
AcDbEntity
  8
点
 62
4
100
AcDbText
 10
470099.5
 20
4349690.5
 30
0.0
 40
0.3
  1
0.48
  7
CN_TTF
 11
470099.5
 21
4349690.5
 31
0.0
100
AcDbText
  0
TEXT
  5
2DE
330
17
100
AcDbEntity
  8
点
 62
4
100
AcDbText
 10
470099.5
 20
4349691.5
 30
0.0
 40
0.3
  1
0.48
  7
CN_TTF
 11
470099.5
 21
4349691.5
 31
0.0
100
AcDbText
  0
TEXT
  5
2DF
330
17
100
AcDbEntity
  8
点
 62
4
100
AcDbText
 10
470099.5
 20
4349692.5
 30
0.0
 40
0.3
  1
0.48
  7
CN_TTF
 11
470099.5
 21
4349692.5
 31
0.0
100
AcDbText
  0
TEXT
  5
2E0
330
17
100
AcDbEntity
  8
点
 62
4
100
AcDbText
 10
470099.5
 20
4349693.5
 30
0.0
 40
0.3
  1
0.48
  7
CN_TTF
 11
470099.5
 21
4349693.5
 31
0.0
100
AcDbText
  0
TEXT
  5
2E1
330
17
100
AcDbEntity
  8
点
 62
4
100
AcDbText
 10
470099.5
 20
4349694.5
 30
0.0
 40
0.3
  1
0.48
  7
CN_TTF
 11
470099.5
 21
4349694.5
 31
0.0
100
AcDbText
  0
TEXT
  5
2E2
330
17
100
AcDbEntity
  8
点
 62
4
100
AcDbText
 10
470099.5
 20
4349695.5
 30
0.0
 40
0.3
  1
0.48
  7
CN_TTF
 11
470099.5
 21
4349695.5
 31
0.0
100
AcDbText
  0
TEXT
  5
2E3
330
17
100
AcDbEntity
  8
点
 62
4
100
AcDbText
 10
470099.5
 20
4349696.5
 30
0.0
 40
0.3
  1
0.48
  7
CN_TTF
 11
470099.5
 21
4349696.5
 31
0.0
100
AcDbText
  0
TEXT
  5
2E4
330
17
100
AcDbEntity
  8
点
 62
4
100
AcDbText
 10
470099.5
 20
4349697.5
 30
0.0
 40
0.3
  1
0.67
  7
CN_TTF
 11
470099.5
 21
4349697.5
 31
0.0
100
AcDbText
  0
TEXT
  5
2E5
330
17
100
AcDbEntity
  8
点
 62
4
100
AcDbText
 10
470099.5
 20
4349698.5
 30
0.0
 40
0.3
  1
0.67
  7
CN_TTF
 11
470099.5
 21
4349698.5
 31
0.0
100
AcDbText
  0
TEXT
  5
2E6
330
17
100
AcDbEntity
  8
点
 62
4
100
AcDbText
 10
470099.5
 20
4349699.5
 30
0.0
 40
0.3
  1
0.67
  7
CN_TTF
 11
470099.5
 21
4349699.5
 31
0.0
100
AcDbText
  0
TEXT
  5
2E7
330
17
100
AcDbEntity
  8
点
 62
4
100
AcDbText
 10
470099.5
 20
4349700.5
 30
0.0
 40
0.3
  1
0.67
  7
CN_TTF
 11
470099.5
 21
4349700.5
 31
0.0
100
AcDbText
  0
TEXT
  5
2E8
330
17
100
AcDbEntity
  8
点
 62
4
100
AcDbText
 10
470099.5
 20
4349701.5
 30
0.0
 40
0.3
  1
0.67
  7
CN_TTF
 11
470099.5
 21
4349701.5
 31
0.0
100
AcDbText
  0
TEXT
  5
2E9
330
17
100
AcDbEntity
  8
点
 62
4
100
AcDbText
 10
470099.5
 20
4349702.5
 30
0.0
 40
0.3
  1
0.67
  7
CN_TTF
 11
470099.5
 21
4349702.5
 31
0.0
100
AcDbText
  0
TEXT
  5
2EA
330
17
100
AcDbEntity
  8
点
 62
4
100
AcDbText
 10
470100.5
 20
4349677.5
 30
0.0
 40
0.3
  1
0.73
  7
CN_TTF
 11
470100.5
 21
4349677.5
 31
0.0
100
AcDbText
  0
TEXT
  5
2EB
330
17
100
AcDbEntity
  8
点
 62
4
100
AcDbText
 10
470100.5
 20
4349678.5
 30
0.0
 40
0.3
  1
0.73
  7
CN_TTF
 11
470100.5
 21
4349678.5
 31
0.0
100
AcDbText
  0
TEXT
  5
2EC
330
17
100
AcDbEntity
  8
点
 62
4
100
AcDbText
 10
470100.5
 20
4349679.5
 30
0.0
 40
0.3
  1
0.73
  7
CN_TTF
 11
470100.5
 21
4349679.5
 31
0.0
100
AcDbText
  0
TEXT
  5
2ED
330
17
100
AcDbEntity
  8
点
 62
4
100
AcDbText
 10
470100.5
 20
4349680.5
 30
0.0
 40
0.3
  1
0.96
  7
CN_TTF
 11
470100.5
 21
4349680.5
 31
0.0
100
AcDbText
  0
TEXT
  5
2EE
330
17
100
AcDbEntity
  8
点
 62
4
100
AcDbText
 10
470100.5
 20
4349681.5
 30
0.0
 40
0.3
  1
0.96
  7
CN_TTF
 11
470100.5
 21
4349681.5
 31
0.0
100
AcDbText
  0
TEXT
  5
2EF
330
17
100
AcDbEntity
  8
点
 62
4
100
AcDbText
 10
470100.5
 20
4349682.5
 30
0.0
 40
0.3
  1
0.96
  7
CN_TTF
 11
470100.5
 21
4349682.5
 31
0.0
100
AcDbText
  0
TEXT
  5
2F0
330
17
100
AcDbEntity
  8
点
 62
4
100
AcDbText
 10
470100.5
 20
4349683.5
 30
0.0
 40
0.3
  1
0.96
  7
CN_TTF
 11
470100.5
 21
4349683.5
 31
0.0
100
AcDbText
  0
TEXT
  5
2F1
330
17
100
AcDbEntity
  8
点
 62
4
100
AcDbText
 10
470100.5
 20
4349684.5
 30
0.0
 40
0.3
  1
0.96
  7
CN_TTF
 11
470100.5
 21
4349684.5
 31
0.0
100
AcDbText
  0
TEXT
  5
2F2
330
17
100
AcDbEntity
  8
点
 62
4
100
AcDbText
 10
470100.5
 20
4349685.5
 30
0.0
 40
0.3
  1
0.60
  7
CN_TTF
 11
470100.5
 21
4349685.5
 31
0.0
100
AcDbText
  0
TEXT
  5
2F3
330
17
100
AcDbEntity
  8
点
 62
4
100
AcDbText
 10
470100.5
 20
4349686.5
 30
0.0
 40
0.3
  1
0.60
  7
CN_TTF
 11
470100.5
 21
4349686.5
 31
0.0
100
AcDbText
  0
TEXT
  5
2F4
330
17
100
AcDbEntity
  8
点
 62
4
100
AcDbText
 10
470100.5
 20
4349687.5
 30
0.0
 40
0.3
  1
0.60
  7
CN_TTF
 11
470100.5
 21
4349687.5
 31
0.0
100
AcDbText
  0
TEXT
  5
2F5
330
17
100
AcDbEntity
  8
点
 62
4
100
AcDbText
 10
470100.5
 20
4349688.5
 30
0.0
 40
0.3
  1
0.84
  7
CN_TTF
 11
470100.5
 21
4349688.5
 31
0.0
100
AcDbText
  0
TEXT
  5
2F6
330
17
100
AcDbEntity
  8
点
 62
4
100
AcDbText
 10
470100.5
 20
4349689.5
 30
0.0
 40
0.3
  1
0.84
  7
CN_TTF
 11
470100.5
 21
4349689.5
 31
0.0
100
AcDbText
  0
TEXT
  5
2F7
330
17
100
AcDbEntity
  8
点
 62
4
100
AcDbText
 10
470100.5
 20
4349690.5
 30
0.0
 40
0.3
  1
0.48
  7
CN_TTF
 11
470100.5
 21
4349690.5
 31
0.0
100
AcDbText
  0
TEXT
  5
2F8
330
17
100
AcDbEntity
  8
点
 62
4
100
AcDbText
 10
470100.5
 20
4349691.5
 30
0.0
 40
0.3
  1
0.48
  7
CN_TTF
 11
470100.5
 21
4349691.5
 31
0.0
100
AcDbText
  0
TEXT
  5
2F9
330
17
100
AcDbEntity
  8
点
 62
4
100
AcDbText
 10
470100.5
 20
4349692.5
 30
0.0
 40
0.3
  1
0.48
  7
CN_TTF
 11
470100.5
 21
4349692.5
 31
0.0
100
AcDbText
  0
TEXT
  5
2FA
330
17
100
AcDbEntity
  8
点
 62
4
100
AcDbText
 10
470100.5
 20
4349693.5
 30
0.0
 40
0.3
  1
0.48
  7
CN_TTF
 11
470100.5
 21
4349693.5
 31
0.0
100
AcDbText
  0
TEXT
  5
2FB
330
17
100
AcDbEntity
  8
点
 62
4
100
AcDbText
 10
470100.5
 20
4349694.5
 30
0.0
 40
0.3
  1
0.48
  7
CN_TTF
 11
470100.5
 21
4349694.5
 31
0.0
100
AcDbText
  0
TEXT
  5
2FC
330
17
100
AcDbEntity
  8
点
 62
4
100
AcDbText
 10
470100.5
 20
4349695.5
 30
0.0
 40
0.3
  1
0.48
  7
CN_TTF
 11
470100.5
 21
4349695.5
 31
0.0
100
AcDbText
  0
TEXT
  5
2FD
330
17
100
AcDbEntity
  8
点
 62
4
100
AcDbText
 10
470100.5
 20
4349696.5
 30
0.0
 40
0.3
  1
0.48
  7
CN_TTF
 11
470100.5
 21
4349696.5
 31
0.0
100
AcDbText
  0
TEXT
  5
2FE
330
17
100
AcDbEntity
  8
点
 62
4
100
AcDbText
 10
470100.5
 20
4349697.5
 30
0.0
 40
0.3
  1
0.67
  7
CN_TTF
 11
470100.5
 21
4349697.5
 31
0.0
100
AcDbText
  0
TEXT
  5
2FF
330
17
100
AcDbEntity
  8
点
 62
4
100
AcDbText
 10
470100.5
 20
4349698.5
 30
0.0
 40
0.3
  1
0.67
  7
CN_TTF
 11
470100.5
 21
4349698.5
 31
0.0
100
AcDbText
  0
TEXT
  5
300
330
17
100
AcDbEntity
  8
点
 62
4
100
AcDbText
 10
470100.5
 20
4349699.5
 30
0.0
 40
0.3
  1
0.67
  7
CN_TTF
 11
470100.5
 21
4349699.5
 31
0.0
100
AcDbText
  0
TEXT
  5
301
330
17
100
AcDbEntity
  8
点
 62
4
100
AcDbText
 10
470100.5
 20
4349700.5
 30
0.0
 40
0.3
  1
0.67
  7
CN_TTF
 11
470100.5
 21
4349700.5
 31
0.0
100
AcDbText
  0
TEXT
  5
302
330
17
100
AcDbEntity
  8
点
 62
4
100
AcDbText
 10
470100.5
 20
4349701.5
 30
0.0
 40
0.3
  1
0.67
  7
CN_TTF
 11
470100.5
 21
4349701.5
 31
0.0
100
AcDbText
  0
TEXT
  5
303
330
17
100
AcDbEntity
  8
点
 62
4
100
AcDbText
 10
470100.5
 20
4349702.5
 30
0.0
 40
0.3
  1
0.67
  7
CN_TTF
 11
470100.5
 21
4349702.5
 31
0.0
100
AcDbText
  0
TEXT
  5
304
330
17
100
AcDbEntity
  8
点
 62
4
100
AcDbText
 10
470100.5
 20
4349703.5
 30
0.0
 40
0.3
  1
0.67
  7
CN_TTF
 11
470100.5
 21
4349703.5
 31
0.0
100
AcDbText
  0
TEXT
  5
305
330
17
100
AcDbEntity
  8
点
 62
4
100
AcDbText
 10
470100.5
 20
4349704.5
 30
0.0
 40
0.3
  1
0.43
  7
CN_TTF
 11
470100.5
 21
4349704.5
 31
0.0
100
AcDbText
  0
TEXT
  5
306
330
17
100
AcDbEntity
  8
点
 62
4
100
AcDbText
 10
470100.5
 20
4349705.5
 30
0.0
 40
0.3
  1
0.43
  7
CN_TTF
 11
470100.5
 21
4349705.5
 31
0.0
100
AcDbText
  0
TEXT
  5
307
330
17
100
AcDbEntity
  8
点
 62
4
100
AcDbText
 10
470101.5
 20
4349676.5
 30
0.0
 40
0.3
  1
0.73
  7
CN_TTF
 11
470101.5
 21
4349676.5
 31
0.0
100
AcDbText
  0
TEXT
  5
308
330
17
100
AcDbEntity
  8
点
 62
4
100
AcDbText
 10
470101.5
 20
4349677.5
 30
0.0
 40
0.3
  1
0.73
  7
CN_TTF
 11
470101.5
 21
4349677.5
 31
0.0
100
AcDbText
  0
TEXT
  5
309
330
17
100
AcDbEntity
  8
点
 62
4
100
AcDbText
 10
470101.5
 20
4349678.5
 30
0.0
 40
0.3
  1
0.73
  7
CN_TTF
 11
470101.5
 21
4349678.5
 31
0.0
100
AcDbText
  0
TEXT
  5
30A
330
17
100
AcDbEntity
  8
点
 62
4
100
AcDbText
 10
470101.5
 20
4349679.5
 30
0.0
 40
0.3
  1
0.73
  7
CN_TTF
 11
470101.5
 21
4349679.5
 31
0.0
100
AcDbText
  0
TEXT
  5
30B
330
17
100
AcDbEntity
  8
点
 62
4
100
AcDbText
 10
470101.5
 20
4349680.5
 30
0.0
 40
0.3
  1
0.73
  7
CN_TTF
 11
470101.5
 21
4349680.5
 31
0.0
100
AcDbText
  0
TEXT
  5
30C
330
17
100
AcDbEntity
  8
点
 62
4
100
AcDbText
 10
470101.5
 20
4349681.5
 30
0.0
 40
0.3
  1
0.96
  7
CN_TTF
 11
470101.5
 21
4349681.5
 31
0.0
100
AcDbText
  0
TEXT
  5
30D
330
17
100
AcDbEntity
  8
点
 62
4
100
AcDbText
 10
470101.5
 20
4349682.5
 30
0.0
 40
0.3
  1
0.96
  7
CN_TTF
 11
470101.5
 21
4349682.5
 31
0.0
100
AcDbText
  0
TEXT
  5
30E
330
17
100
AcDbEntity
  8
点
 62
4
100
AcDbText
 10
470101.5
 20
4349683.5
 30
0.0
 40
0.3
  1
0.96
  7
CN_TTF
 11
470101.5
 21
4349683.5
 31
0.0
100
AcDbText
  0
TEXT
  5
30F
330
17
100
AcDbEntity
  8
点
 62
4
100
AcDbText
 10
470101.5
 20
4349684.5
 30
0.0
 40
0.3
  1
0.96
  7
CN_TTF
 11
470101.5
 21
4349684.5
 31
0.0
100
AcDbText
  0
TEXT
  5
310
330
17
100
AcDbEntity
  8
点
 62
4
100
AcDbText
 10
470101.5
 20
4349685.5
 30
0.0
 40
0.3
  1
0.83
  7
CN_TTF
 11
470101.5
 21
4349685.5
 31
0.0
100
AcDbText
  0
TEXT
  5
311
330
17
100
AcDbEntity
  8
点
 62
4
100
AcDbText
 10
470101.5
 20
4349686.5
 30
0.0
 40
0.3
  1
0.84
  7
CN_TTF
 11
470101.5
 21
4349686.5
 31
0.0
100
AcDbText
  0
TEXT
  5
312
330
17
100
AcDbEntity
  8
点
 62
4
100
AcDbText
 10
470101.5
 20
4349687.5
 30
0.0
 40
0.3
  1
0.84
  7
CN_TTF
 11
470101.5
 21
4349687.5
 31
0.0
100
AcDbText
  0
TEXT
  5
313
330
17
100
AcDbEntity
  8
点
 62
4
100
AcDbText
 10
470101.5
 20
4349688.5
 30
0.0
 40
0.3
  1
0.84
  7
CN_TTF
 11
470101.5
 21
4349688.5
 31
0.0
100
AcDbText
  0
TEXT
  5
314
330
17
100
AcDbEntity
  8
点
 62
4
100
AcDbText
 10
470101.5
 20
4349689.5
 30
0.0
 40
0.3
  1
0.84
  7
CN_TTF
 11
470101.5
 21
4349689.5
 31
0.0
100
AcDbText
  0
TEXT
  5
315
330
17
100
AcDbEntity
  8
点
 62
4
100
AcDbText
 10
470101.5
 20
4349690.5
 30
0.0
 40
0.3
  1
0.84
  7
CN_TTF
 11
470101.5
 21
4349690.5
 31
0.0
100
AcDbText
  0
TEXT
  5
316
330
17
100
AcDbEntity
  8
点
 62
4
100
AcDbText
 10
470101.5
 20
4349691.5
 30
0.0
 40
0.3
  1
0.48
  7
CN_TTF
 11
470101.5
 21
4349691.5
 31
0.0
100
AcDbText
  0
TEXT
  5
317
330
17
100
AcDbEntity
  8
点
 62
4
100
AcDbText
 10
470101.5
 20
4349692.5
 30
0.0
 40
0.3
  1
0.48
  7
CN_TTF
 11
470101.5
 21
4349692.5
 31
0.0
100
AcDbText
  0
TEXT
  5
318
330
17
100
AcDbEntity
  8
点
 62
4
100
AcDbText
 10
470101.5
 20
4349693.5
 30
0.0
 40
0.3
  1
0.48
  7
CN_TTF
 11
470101.5
 21
4349693.5
 31
0.0
100
AcDbText
  0
TEXT
  5
319
330
17
100
AcDbEntity
  8
点
 62
4
100
AcDbText
 10
470101.5
 20
4349694.5
 30
0.0
 40
0.3
  1
0.48
  7
CN_TTF
 11
470101.5
 21
4349694.5
 31
0.0
100
AcDbText
  0
TEXT
  5
31A
330
17
100
AcDbEntity
  8
点
 62
4
100
AcDbText
 10
470101.5
 20
4349695.5
 30
0.0
 40
0.3
  1
0.48
  7
CN_TTF
 11
470101.5
 21
4349695.5
 31
0.0
100
AcDbText
  0
TEXT
  5
31B
330
17
100
AcDbEntity
  8
点
 62
4
100
AcDbText
 10
470101.5
 20
4349696.5
 30
0.0
 40
0.3
  1
0.39
  7
CN_TTF
 11
470101.5
 21
4349696.5
 31
0.0
100
AcDbText
  0
TEXT
  5
31C
330
17
100
AcDbEntity
  8
点
 62
4
100
AcDbText
 10
470101.5
 20
4349697.5
 30
0.0
 40
0.3
  1
0.67
  7
CN_TTF
 11
470101.5
 21
4349697.5
 31
0.0
100
AcDbText
  0
TEXT
  5
31D
330
17
100
AcDbEntity
  8
点
 62
4
100
AcDbText
 10
470101.5
 20
4349698.5
 30
0.0
 40
0.3
  1
0.67
  7
CN_TTF
 11
470101.5
 21
4349698.5
 31
0.0
100
AcDbText
  0
TEXT
  5
31E
330
17
100
AcDbEntity
  8
点
 62
4
100
AcDbText
 10
470101.5
 20
4349699.5
 30
0.0
 40
0.3
  1
0.67
  7
CN_TTF
 11
470101.5
 21
4349699.5
 31
0.0
100
AcDbText
  0
TEXT
  5
31F
330
17
100
AcDbEntity
  8
点
 62
4
100
AcDbText
 10
470101.5
 20
4349700.5
 30
0.0
 40
0.3
  1
0.67
  7
CN_TTF
 11
470101.5
 21
4349700.5
 31
0.0
100
AcDbText
  0
TEXT
  5
320
330
17
100
AcDbEntity
  8
点
 62
4
100
AcDbText
 10
470101.5
 20
4349701.5
 30
0.0
 40
0.3
  1
0.67
  7
CN_TTF
 11
470101.5
 21
4349701.5
 31
0.0
100
AcDbText
  0
TEXT
  5
321
330
17
100
AcDbEntity
  8
点
 62
4
100
AcDbText
 10
470101.5
 20
4349702.5
 30
0.0
 40
0.3
  1
0.67
  7
CN_TTF
 11
470101.5
 21
4349702.5
 31
0.0
100
AcDbText
  0
TEXT
  5
322
330
17
100
AcDbEntity
  8
点
 62
4
100
AcDbText
 10
470101.5
 20
4349703.5
 30
0.0
 40
0.3
  1
0.67
  7
CN_TTF
 11
470101.5
 21
4349703.5
 31
0.0
100
AcDbText
  0
TEXT
  5
323
330
17
100
AcDbEntity
  8
点
 62
4
100
AcDbText
 10
470101.5
 20
4349704.5
 30
0.0
 40
0.3
  1
0.43
  7
CN_TTF
 11
470101.5
 21
4349704.5
 31
0.0
100
AcDbText
  0
TEXT
  5
324
330
17
100
AcDbEntity
  8
点
 62
4
100
AcDbText
 10
470101.5
 20
4349705.5
 30
0.0
 40
0.3
  1
0.43
  7
CN_TTF
 11
470101.5
 21
4349705.5
 31
0.0
100
AcDbText
  0
TEXT
  5
325
330
17
100
AcDbEntity
  8
点
 62
4
100
AcDbText
 10
470101.5
 20
4349706.5
 30
0.0
 40
0.3
  1
0.43
  7
CN_TTF
 11
470101.5
 21
4349706.5
 31
0.0
100
AcDbText
  0
TEXT
  5
326
330
17
100
AcDbEntity
  8
点
 62
4
100
AcDbText
 10
470101.5
 20
4349707.5
 30
0.0
 40
0.3
  1
0.43
  7
CN_TTF
 11
470101.5
 21
4349707.5
 31
0.0
100
AcDbText
  0
TEXT
  5
327
330
17
100
AcDbEntity
  8
点
 62
4
100
AcDbText
 10
470101.5
 20
4349708.5
 30
0.0
 40
0.3
  1
0.43
  7
CN_TTF
 11
470101.5
 21
4349708.5
 31
0.0
100
AcDbText
  0
TEXT
  5
328
330
17
100
AcDbEntity
  8
点
 62
4
100
AcDbText
 10
470101.5
 20
4349709.5
 30
0.0
 40
0.3
  1
0.43
  7
CN_TTF
 11
470101.5
 21
4349709.5
 31
0.0
100
AcDbText
  0
TEXT
  5
329
330
17
100
AcDbEntity
  8
点
 62
4
100
AcDbText
 10
470102.5
 20
4349676.5
 30
0.0
 40
0.3
  1
0.73
  7
CN_TTF
 11
470102.5
 21
4349676.5
 31
0.0
100
AcDbText
  0
TEXT
  5
32A
330
17
100
AcDbEntity
  8
点
 62
4
100
AcDbText
 10
470102.5
 20
4349677.5
 30
0.0
 40
0.3
  1
0.73
  7
CN_TTF
 11
470102.5
 21
4349677.5
 31
0.0
100
AcDbText
  0
TEXT
  5
32B
330
17
100
AcDbEntity
  8
点
 62
4
100
AcDbText
 10
470102.5
 20
4349678.5
 30
0.0
 40
0.3
  1
0.73
  7
CN_TTF
 11
470102.5
 21
4349678.5
 31
0.0
100
AcDbText
  0
TEXT
  5
32C
330
17
100
AcDbEntity
  8
点
 62
4
100
AcDbText
 10
470102.5
 20
4349679.5
 30
0.0
 40
0.3
  1
0.73
  7
CN_TTF
 11
470102.5
 21
4349679.5
 31
0.0
100
AcDbText
  0
TEXT
  5
32D
330
17
100
AcDbEntity
  8
点
 62
4
100
AcDbText
 10
470102.5
 20
4349680.5
 30
0.0
 40
0.3
  1
0.73
  7
CN_TTF
 11
470102.5
 21
4349680.5
 31
0.0
100
AcDbText
  0
TEXT
  5
32E
330
17
100
AcDbEntity
  8
点
 62
4
100
AcDbText
 10
470102.5
 20
4349681.5
 30
0.0
 40
0.3
  1
0.96
  7
CN_TTF
 11
470102.5
 21
4349681.5
 31
0.0
100
AcDbText
  0
TEXT
  5
32F
330
17
100
AcDbEntity
  8
点
 62
4
100
AcDbText
 10
470102.5
 20
4349682.5
 30
0.0
 40
0.3
  1
0.96
  7
CN_TTF
 11
470102.5
 21
4349682.5
 31
0.0
100
AcDbText
  0
TEXT
  5
330
330
17
100
AcDbEntity
  8
点
 62
4
100
AcDbText
 10
470102.5
 20
4349683.5
 30
0.0
 40
0.3
  1
0.96
  7
CN_TTF
 11
470102.5
 21
4349683.5
 31
0.0
100
AcDbText
  0
TEXT
  5
331
330
17
100
AcDbEntity
  8
点
 62
4
100
AcDbText
 10
470102.5
 20
4349684.5
 30
0.0
 40
0.3
  1
0.83
  7
CN_TTF
 11
470102.5
 21
4349684.5
 31
0.0
100
AcDbText
  0
TEXT
  5
332
330
17
100
AcDbEntity
  8
点
 62
4
100
AcDbText
 10
470102.5
 20
4349685.5
 30
0.0
 40
0.3
  1
0.83
  7
CN_TTF
 11
470102.5
 21
4349685.5
 31
0.0
100
AcDbText
  0
TEXT
  5
333
330
17
100
AcDbEntity
  8
点
 62
4
100
AcDbText
 10
470102.5
 20
4349686.5
 30
0.0
 40
0.3
  1
0.83
  7
CN_TTF
 11
470102.5
 21
4349686.5
 31
0.0
100
AcDbText
  0
TEXT
  5
334
330
17
100
AcDbEntity
  8
点
 62
4
100
AcDbText
 10
470102.5
 20
4349687.5
 30
0.0
 40
0.3
  1
0.84
  7
CN_TTF
 11
470102.5
 21
4349687.5
 31
0.0
100
AcDbText
  0
TEXT
  5
335
330
17
100
AcDbEntity
  8
点
 62
4
100
AcDbText
 10
470102.5
 20
4349688.5
 30
0.0
 40
0.3
  1
0.84
  7
CN_TTF
 11
470102.5
 21
4349688.5
 31
0.0
100
AcDbText
  0
TEXT
  5
336
330
17
100
AcDbEntity
  8
点
 62
4
100
AcDbText
 10
470102.5
 20
4349689.5
 30
0.0
 40
0.3
  1
0.84
  7
CN_TTF
 11
470102.5
 21
4349689.5
 31
0.0
100
AcDbText
  0
TEXT
  5
337
330
17
100
AcDbEntity
  8
点
 62
4
100
AcDbText
 10
470102.5
 20
4349690.5
 30
0.0
 40
0.3
  1
0.84
  7
CN_TTF
 11
470102.5
 21
4349690.5
 31
0.0
100
AcDbText
  0
TEXT
  5
338
330
17
100
AcDbEntity
  8
点
 62
4
100
AcDbText
 10
470102.5
 20
4349691.5
 30
0.0
 40
0.3
  1
0.84
  7
CN_TTF
 11
470102.5
 21
4349691.5
 31
0.0
100
AcDbText
  0
TEXT
  5
339
330
17
100
AcDbEntity
  8
点
 62
4
100
AcDbText
 10
470102.5
 20
4349692.5
 30
0.0
 40
0.3
  1
0.48
  7
CN_TTF
 11
470102.5
 21
4349692.5
 31
0.0
100
AcDbText
  0
TEXT
  5
33A
330
17
100
AcDbEntity
  8
点
 62
4
100
AcDbText
 10
470102.5
 20
4349693.5
 30
0.0
 40
0.3
  1
0.48
  7
CN_TTF
 11
470102.5
 21
4349693.5
 31
0.0
100
AcDbText
  0
TEXT
  5
33B
330
17
100
AcDbEntity
  8
点
 62
4
100
AcDbText
 10
470102.5
 20
4349694.5
 30
0.0
 40
0.3
  1
0.39
  7
CN_TTF
 11
470102.5
 21
4349694.5
 31
0.0
100
AcDbText
  0
TEXT
  5
33C
330
17
100
AcDbEntity
  8
点
 62
4
100
AcDbText
 10
470102.5
 20
4349695.5
 30
0.0
 40
0.3
  1
0.39
  7
CN_TTF
 11
470102.5
 21
4349695.5
 31
0.0
100
AcDbText
  0
TEXT
  5
33D
330
17
100
AcDbEntity
  8
点
 62
4
100
AcDbText
 10
470102.5
 20
4349696.5
 30
0.0
 40
0.3
  1
0.39
  7
CN_TTF
 11
470102.5
 21
4349696.5
 31
0.0
100
AcDbText
  0
TEXT
  5
33E
330
17
100
AcDbEntity
  8
点
 62
4
100
AcDbText
 10
470102.5
 20
4349697.5
 30
0.0
 40
0.3
  1
0.39
  7
CN_TTF
 11
470102.5
 21
4349697.5
 31
0.0
100
AcDbText
  0
TEXT
  5
33F
330
17
100
AcDbEntity
  8
点
 62
4
100
AcDbText
 10
470102.5
 20
4349698.5
 30
0.0
 40
0.3
  1
0.67
  7
CN_TTF
 11
470102.5
 21
4349698.5
 31
0.0
100
AcDbText
  0
TEXT
  5
340
330
17
100
AcDbEntity
  8
点
 62
4
100
AcDbText
 10
470102.5
 20
4349699.5
 30
0.0
 40
0.3
  1
0.67
  7
CN_TTF
 11
470102.5
 21
4349699.5
 31
0.0
100
AcDbText
  0
TEXT
  5
341
330
17
100
AcDbEntity
  8
点
 62
4
100
AcDbText
 10
470102.5
 20
4349700.5
 30
0.0
 40
0.3
  1
0.67
  7
CN_TTF
 11
470102.5
 21
4349700.5
 31
0.0
100
AcDbText
  0
TEXT
  5
342
330
17
100
AcDbEntity
  8
点
 62
4
100
AcDbText
 10
470102.5
 20
4349701.5
 30
0.0
 40
0.3
  1
0.67
  7
CN_TTF
 11
470102.5
 21
4349701.5
 31
0.0
100
AcDbText
  0
TEXT
  5
343
330
17
100
AcDbEntity
  8
点
 62
4
100
AcDbText
 10
470102.5
 20
4349702.5
 30
0.0
 40
0.3
  1
0.67
  7
CN_TTF
 11
470102.5
 21
4349702.5
 31
0.0
100
AcDbText
  0
TEXT
  5
344
330
17
100
AcDbEntity
  8
点
 62
4
100
AcDbText
 10
470102.5
 20
4349703.5
 30
0.0
 40
0.3
  1
0.67
  7
CN_TTF
 11
470102.5
 21
4349703.5
 31
0.0
100
AcDbText
  0
TEXT
  5
345
330
17
100
AcDbEntity
  8
点
 62
4
100
AcDbText
 10
470102.5
 20
4349704.5
 30
0.0
 40
0.3
  1
0.43
  7
CN_TTF
 11
470102.5
 21
4349704.5
 31
0.0
100
AcDbText
  0
TEXT
  5
346
330
17
100
AcDbEntity
  8
点
 62
4
100
AcDbText
 10
470102.5
 20
4349705.5
 30
0.0
 40
0.3
  1
0.43
  7
CN_TTF
 11
470102.5
 21
4349705.5
 31
0.0
100
AcDbText
  0
TEXT
  5
347
330
17
100
AcDbEntity
  8
点
 62
4
100
AcDbText
 10
470102.5
 20
4349706.5
 30
0.0
 40
0.3
  1
0.43
  7
CN_TTF
 11
470102.5
 21
4349706.5
 31
0.0
100
AcDbText
  0
TEXT
  5
348
330
17
100
AcDbEntity
  8
点
 62
4
100
AcDbText
 10
470102.5
 20
4349707.5
 30
0.0
 40
0.3
  1
0.43
  7
CN_TTF
 11
470102.5
 21
4349707.5
 31
0.0
100
AcDbText
  0
TEXT
  5
349
330
17
100
AcDbEntity
  8
点
 62
4
100
AcDbText
 10
470102.5
 20
4349708.5
 30
0.0
 40
0.3
  1
0.43
  7
CN_TTF
 11
470102.5
 21
4349708.5
 31
0.0
100
AcDbText
  0
TEXT
  5
34A
330
17
100
AcDbEntity
  8
点
 62
4
100
AcDbText
 10
470102.5
 20
4349709.5
 30
0.0
 40
0.3
  1
0.43
  7
CN_TTF
 11
470102.5
 21
4349709.5
 31
0.0
100
AcDbText
  0
TEXT
  5
34B
330
17
100
AcDbEntity
  8
点
 62
4
100
AcDbText
 10
470102.5
 20
4349710.5
 30
0.0
 40
0.3
  1
0.43
  7
CN_TTF
 11
470102.5
 21
4349710.5
 31
0.0
100
AcDbText
  0
TEXT
  5
34C
330
17
100
AcDbEntity
  8
点
 62
4
100
AcDbText
 10
470102.5
 20
4349711.5
 30
0.0
 40
0.3
  1
0.43
  7
CN_TTF
 11
470102.5
 21
4349711.5
 31
0.0
100
AcDbText
  0
TEXT
  5
34D
330
17
100
AcDbEntity
  8
点
 62
4
100
AcDbText
 10
470102.5
 20
4349712.5
 30
0.0
 40
0.3
  1
0.73
  7
CN_TTF
 11
470102.5
 21
4349712.5
 31
0.0
100
AcDbText
  0
TEXT
  5
34E
330
17
100
AcDbEntity
  8
点
 62
4
100
AcDbText
 10
470103.5
 20
4349675.5
 30
0.0
 40
0.3
  1
0.73
  7
CN_TTF
 11
470103.5
 21
4349675.5
 31
0.0
100
AcDbText
  0
TEXT
  5
34F
330
17
100
AcDbEntity
  8
点
 62
4
100
AcDbText
 10
470103.5
 20
4349676.5
 30
0.0
 40
0.3
  1
0.73
  7
CN_TTF
 11
470103.5
 21
4349676.5
 31
0.0
100
AcDbText
  0
TEXT
  5
350
330
17
100
AcDbEntity
  8
点
 62
4
100
AcDbText
 10
470103.5
 20
4349677.5
 30
0.0
 40
0.3
  1
0.73
  7
CN_TTF
 11
470103.5
 21
4349677.5
 31
0.0
100
AcDbText
  0
TEXT
  5
351
330
17
100
AcDbEntity
  8
点
 62
4
100
AcDbText
 10
470103.5
 20
4349678.5
 30
0.0
 40
0.3
  1
0.73
  7
CN_TTF
 11
470103.5
 21
4349678.5
 31
0.0
100
AcDbText
  0
TEXT
  5
352
330
17
100
AcDbEntity
  8
点
 62
4
100
AcDbText
 10
470103.5
 20
4349679.5
 30
0.0
 40
0.3
  1
0.73
  7
CN_TTF
 11
470103.5
 21
4349679.5
 31
0.0
100
AcDbText
  0
TEXT
  5
353
330
17
100
AcDbEntity
  8
点
 62
4
100
AcDbText
 10
470103.5
 20
4349680.5
 30
0.0
 40
0.3
  1
0.73
  7
CN_TTF
 11
470103.5
 21
4349680.5
 31
0.0
100
AcDbText
  0
TEXT
  5
354
330
17
100
AcDbEntity
  8
点
 62
4
100
AcDbText
 10
470103.5
 20
4349681.5
 30
0.0
 40
0.3
  1
0.96
  7
CN_TTF
 11
470103.5
 21
4349681.5
 31
0.0
100
AcDbText
  0
TEXT
  5
355
330
17
100
AcDbEntity
  8
点
 62
4
100
AcDbText
 10
470103.5
 20
4349682.5
 30
0.0
 40
0.3
  1
0.83
  7
CN_TTF
 11
470103.5
 21
4349682.5
 31
0.0
100
AcDbText
  0
TEXT
  5
356
330
17
100
AcDbEntity
  8
点
 62
4
100
AcDbText
 10
470103.5
 20
4349683.5
 30
0.0
 40
0.3
  1
0.83
  7
CN_TTF
 11
470103.5
 21
4349683.5
 31
0.0
100
AcDbText
  0
TEXT
  5
357
330
17
100
AcDbEntity
  8
点
 62
4
100
AcDbText
 10
470103.5
 20
4349684.5
 30
0.0
 40
0.3
  1
0.83
  7
CN_TTF
 11
470103.5
 21
4349684.5
 31
0.0
100
AcDbText
  0
TEXT
  5
358
330
17
100
AcDbEntity
  8
点
 62
4
100
AcDbText
 10
470103.5
 20
4349685.5
 30
0.0
 40
0.3
  1
0.83
  7
CN_TTF
 11
470103.5
 21
4349685.5
 31
0.0
100
AcDbText
  0
TEXT
  5
359
330
17
100
AcDbEntity
  8
点
 62
4
100
AcDbText
 10
470103.5
 20
4349686.5
 30
0.0
 40
0.3
  1
0.83
  7
CN_TTF
 11
470103.5
 21
4349686.5
 31
0.0
100
AcDbText
  0
TEXT
  5
35A
330
17
100
AcDbEntity
  8
点
 62
4
100
AcDbText
 10
470103.5
 20
4349687.5
 30
0.0
 40
0.3
  1
0.84
  7
CN_TTF
 11
470103.5
 21
4349687.5
 31
0.0
100
AcDbText
  0
TEXT
  5
35B
330
17
100
AcDbEntity
  8
点
 62
4
100
AcDbText
 10
470103.5
 20
4349688.5
 30
0.0
 40
0.3
  1
0.84
  7
CN_TTF
 11
470103.5
 21
4349688.5
 31
0.0
100
AcDbText
  0
TEXT
  5
35C
330
17
100
AcDbEntity
  8
点
 62
4
100
AcDbText
 10
470103.5
 20
4349689.5
 30
0.0
 40
0.3
  1
0.84
  7
CN_TTF
 11
470103.5
 21
4349689.5
 31
0.0
100
AcDbText
  0
TEXT
  5
35D
330
17
100
AcDbEntity
  8
点
 62
4
100
AcDbText
 10
470103.5
 20
4349690.5
 30
0.0
 40
0.3
  1
0.84
  7
CN_TTF
 11
470103.5
 21
4349690.5
 31
0.0
100
AcDbText
  0
TEXT
  5
35E
330
17
100
AcDbEntity
  8
点
 62
4
100
AcDbText
 10
470103.5
 20
4349691.5
 30
0.0
 40
0.3
  1
0.84
  7
CN_TTF
 11
470103.5
 21
4349691.5
 31
0.0
100
AcDbText
  0
TEXT
  5
35F
330
17
100
AcDbEntity
  8
点
 62
4
100
AcDbText
 10
470103.5
 20
4349692.5
 30
0.0
 40
0.3
  1
0.48
  7
CN_TTF
 11
470103.5
 21
4349692.5
 31
0.0
100
AcDbText
  0
TEXT
  5
360
330
17
100
AcDbEntity
  8
点
 62
4
100
AcDbText
 10
470103.5
 20
4349693.5
 30
0.0
 40
0.3
  1
0.39
  7
CN_TTF
 11
470103.5
 21
4349693.5
 31
0.0
100
AcDbText
  0
TEXT
  5
361
330
17
100
AcDbEntity
  8
点
 62
4
100
AcDbText
 10
470103.5
 20
4349694.5
 30
0.0
 40
0.3
  1
0.39
  7
CN_TTF
 11
470103.5
 21
4349694.5
 31
0.0
100
AcDbText
  0
TEXT
  5
362
330
17
100
AcDbEntity
  8
点
 62
4
100
AcDbText
 10
470103.5
 20
4349695.5
 30
0.0
 40
0.3
  1
0.39
  7
CN_TTF
 11
470103.5
 21
4349695.5
 31
0.0
100
AcDbText
  0
TEXT
  5
363
330
17
100
AcDbEntity
  8
点
 62
4
100
AcDbText
 10
470103.5
 20
4349696.5
 30
0.0
 40
0.3
  1
0.39
  7
CN_TTF
 11
470103.5
 21
4349696.5
 31
0.0
100
AcDbText
  0
TEXT
  5
364
330
17
100
AcDbEntity
  8
点
 62
4
100
AcDbText
 10
470103.5
 20
4349697.5
 30
0.0
 40
0.3
  1
0.39
  7
CN_TTF
 11
470103.5
 21
4349697.5
 31
0.0
100
AcDbText
  0
TEXT
  5
365
330
17
100
AcDbEntity
  8
点
 62
4
100
AcDbText
 10
470103.5
 20
4349698.5
 30
0.0
 40
0.3
  1
0.67
  7
CN_TTF
 11
470103.5
 21
4349698.5
 31
0.0
100
AcDbText
  0
TEXT
  5
366
330
17
100
AcDbEntity
  8
点
 62
4
100
AcDbText
 10
470103.5
 20
4349699.5
 30
0.0
 40
0.3
  1
0.67
  7
CN_TTF
 11
470103.5
 21
4349699.5
 31
0.0
100
AcDbText
  0
TEXT
  5
367
330
17
100
AcDbEntity
  8
点
 62
4
100
AcDbText
 10
470103.5
 20
4349700.5
 30
0.0
 40
0.3
  1
0.67
  7
CN_TTF
 11
470103.5
 21
4349700.5
 31
0.0
100
AcDbText
  0
TEXT
  5
368
330
17
100
AcDbEntity
  8
点
 62
4
100
AcDbText
 10
470103.5
 20
4349701.5
 30
0.0
 40
0.3
  1
0.67
  7
CN_TTF
 11
470103.5
 21
4349701.5
 31
0.0
100
AcDbText
  0
TEXT
  5
369
330
17
100
AcDbEntity
  8
点
 62
4
100
AcDbText
 10
470103.5
 20
4349702.5
 30
0.0
 40
0.3
  1
0.67
  7
CN_TTF
 11
470103.5
 21
4349702.5
 31
0.0
100
AcDbText
  0
TEXT
  5
36A
330
17
100
AcDbEntity
  8
点
 62
4
100
AcDbText
 10
470103.5
 20
4349703.5
 30
0.0
 40
0.3
  1
0.67
  7
CN_TTF
 11
470103.5
 21
4349703.5
 31
0.0
100
AcDbText
  0
TEXT
  5
36B
330
17
100
AcDbEntity
  8
点
 62
4
100
AcDbText
 10
470103.5
 20
4349704.5
 30
0.0
 40
0.3
  1
0.43
  7
CN_TTF
 11
470103.5
 21
4349704.5
 31
0.0
100
AcDbText
  0
TEXT
  5
36C
330
17
100
AcDbEntity
  8
点
 62
4
100
AcDbText
 10
470103.5
 20
4349705.5
 30
0.0
 40
0.3
  1
0.43
  7
CN_TTF
 11
470103.5
 21
4349705.5
 31
0.0
100
AcDbText
  0
TEXT
  5
36D
330
17
100
AcDbEntity
  8
点
 62
4
100
AcDbText
 10
470103.5
 20
4349706.5
 30
0.0
 40
0.3
  1
0.43
  7
CN_TTF
 11
470103.5
 21
4349706.5
 31
0.0
100
AcDbText
  0
TEXT
  5
36E
330
17
100
AcDbEntity
  8
点
 62
4
100
AcDbText
 10
470103.5
 20
4349707.5
 30
0.0
 40
0.3
  1
0.43
  7
CN_TTF
 11
470103.5
 21
4349707.5
 31
0.0
100
AcDbText
  0
TEXT
  5
36F
330
17
100
AcDbEntity
  8
点
 62
4
100
AcDbText
 10
470103.5
 20
4349708.5
 30
0.0
 40
0.3
  1
0.43
  7
CN_TTF
 11
470103.5
 21
4349708.5
 31
0.0
100
AcDbText
  0
TEXT
  5
370
330
17
100
AcDbEntity
  8
点
 62
4
100
AcDbText
 10
470103.5
 20
4349709.5
 30
0.0
 40
0.3
  1
0.43
  7
CN_TTF
 11
470103.5
 21
4349709.5
 31
0.0
100
AcDbText
  0
TEXT
  5
371
330
17
100
AcDbEntity
  8
点
 62
4
100
AcDbText
 10
470103.5
 20
4349710.5
 30
0.0
 40
0.3
  1
0.43
  7
CN_TTF
 11
470103.5
 21
4349710.5
 31
0.0
100
AcDbText
  0
TEXT
  5
372
330
17
100
AcDbEntity
  8
点
 62
4
100
AcDbText
 10
470103.5
 20
4349711.5
 30
0.0
 40
0.3
  1
0.73
  7
CN_TTF
 11
470103.5
 21
4349711.5
 31
0.0
100
AcDbText
  0
TEXT
  5
373
330
17
100
AcDbEntity
  8
点
 62
4
100
AcDbText
 10
470103.5
 20
4349712.5
 30
0.0
 40
0.3
  1
0.73
  7
CN_TTF
 11
470103.5
 21
4349712.5
 31
0.0
100
AcDbText
  0
TEXT
  5
374
330
17
100
AcDbEntity
  8
点
 62
4
100
AcDbText
 10
470103.5
 20
4349713.5
 30
0.0
 40
0.3
  1
0.73
  7
CN_TTF
 11
470103.5
 21
4349713.5
 31
0.0
100
AcDbText
  0
TEXT
  5
375
330
17
100
AcDbEntity
  8
点
 62
4
100
AcDbText
 10
470103.5
 20
4349714.5
 30
0.0
 40
0.3
  1
0.73
  7
CN_TTF
 11
470103.5
 21
4349714.5
 31
0.0
100
AcDbText
  0
TEXT
  5
376
330
17
100
AcDbEntity
  8
点
 62
4
100
AcDbText
 10
470103.5
 20
4349715.5
 30
0.0
 40
0.3
  1
0.73
  7
CN_TTF
 11
470103.5
 21
4349715.5
 31
0.0
100
AcDbText
  0
TEXT
  5
377
330
17
100
AcDbEntity
  8
点
 62
4
100
AcDbText
 10
470104.5
 20
4349677.5
 30
0.0
 40
0.3
  1
0.73
  7
CN_TTF
 11
470104.5
 21
4349677.5
 31
0.0
100
AcDbText
  0
TEXT
  5
378
330
17
100
AcDbEntity
  8
点
 62
4
100
AcDbText
 10
470104.5
 20
4349678.5
 30
0.0
 40
0.3
  1
0.73
  7
CN_TTF
 11
470104.5
 21
4349678.5
 31
0.0
100
AcDbText
  0
TEXT
  5
379
330
17
100
AcDbEntity
  8
点
 62
4
100
AcDbText
 10
470104.5
 20
4349679.5
 30
0.0
 40
0.3
  1
0.73
  7
CN_TTF
 11
470104.5
 21
4349679.5
 31
0.0
100
AcDbText
  0
TEXT
  5
37A
330
17
100
AcDbEntity
  8
点
 62
4
100
AcDbText
 10
470104.5
 20
4349680.5
 30
0.0
 40
0.3
  1
0.73
  7
CN_TTF
 11
470104.5
 21
4349680.5
 31
0.0
100
AcDbText
  0
TEXT
  5
37B
330
17
100
AcDbEntity
  8
点
 62
4
100
AcDbText
 10
470104.5
 20
4349681.5
 30
0.0
 40
0.3
  1
0.83
  7
CN_TTF
 11
470104.5
 21
4349681.5
 31
0.0
100
AcDbText
  0
TEXT
  5
37C
330
17
100
AcDbEntity
  8
点
 62
4
100
AcDbText
 10
470104.5
 20
4349682.5
 30
0.0
 40
0.3
  1
0.83
  7
CN_TTF
 11
470104.5
 21
4349682.5
 31
0.0
100
AcDbText
  0
TEXT
  5
37D
330
17
100
AcDbEntity
  8
点
 62
4
100
AcDbText
 10
470104.5
 20
4349683.5
 30
0.0
 40
0.3
  1
0.83
  7
CN_TTF
 11
470104.5
 21
4349683.5
 31
0.0
100
AcDbText
  0
TEXT
  5
37E
330
17
100
AcDbEntity
  8
点
 62
4
100
AcDbText
 10
470104.5
 20
4349684.5
 30
0.0
 40
0.3
  1
0.83
  7
CN_TTF
 11
470104.5
 21
4349684.5
 31
0.0
100
AcDbText
  0
TEXT
  5
37F
330
17
100
AcDbEntity
  8
点
 62
4
100
AcDbText
 10
470104.5
 20
4349685.5
 30
0.0
 40
0.3
  1
0.83
  7
CN_TTF
 11
470104.5
 21
4349685.5
 31
0.0
100
AcDbText
  0
TEXT
  5
380
330
17
100
AcDbEntity
  8
点
 62
4
100
AcDbText
 10
470104.5
 20
4349686.5
 30
0.0
 40
0.3
  1
0.83
  7
CN_TTF
 11
470104.5
 21
4349686.5
 31
0.0
100
AcDbText
  0
TEXT
  5
381
330
17
100
AcDbEntity
  8
点
 62
4
100
AcDbText
 10
470104.5
 20
4349687.5
 30
0.0
 40
0.3
  1
0.84
  7
CN_TTF
 11
470104.5
 21
4349687.5
 31
0.0
100
AcDbText
  0
TEXT
  5
382
330
17
100
AcDbEntity
  8
点
 62
4
100
AcDbText
 10
470104.5
 20
4349688.5
 30
0.0
 40
0.3
  1
0.84
  7
CN_TTF
 11
470104.5
 21
4349688.5
 31
0.0
100
AcDbText
  0
TEXT
  5
383
330
17
100
AcDbEntity
  8
点
 62
4
100
AcDbText
 10
470104.5
 20
4349689.5
 30
0.0
 40
0.3
  1
0.84
  7
CN_TTF
 11
470104.5
 21
4349689.5
 31
0.0
100
AcDbText
  0
TEXT
  5
384
330
17
100
AcDbEntity
  8
点
 62
4
100
AcDbText
 10
470104.5
 20
4349690.5
 30
0.0
 40
0.3
  1
0.84
  7
CN_TTF
 11
470104.5
 21
4349690.5
 31
0.0
100
AcDbText
  0
TEXT
  5
385
330
17
100
AcDbEntity
  8
点
 62
4
100
AcDbText
 10
470104.5
 20
4349691.5
 30
0.0
 40
0.3
  1
0.84
  7
CN_TTF
 11
470104.5
 21
4349691.5
 31
0.0
100
AcDbText
  0
TEXT
  5
386
330
17
100
AcDbEntity
  8
点
 62
4
100
AcDbText
 10
470104.5
 20
4349692.5
 30
0.0
 40
0.3
  1
0.39
  7
CN_TTF
 11
470104.5
 21
4349692.5
 31
0.0
100
AcDbText
  0
TEXT
  5
387
330
17
100
AcDbEntity
  8
点
 62
4
100
AcDbText
 10
470104.5
 20
4349693.5
 30
0.0
 40
0.3
  1
0.39
  7
CN_TTF
 11
470104.5
 21
4349693.5
 31
0.0
100
AcDbText
  0
TEXT
  5
388
330
17
100
AcDbEntity
  8
点
 62
4
100
AcDbText
 10
470104.5
 20
4349694.5
 30
0.0
 40
0.3
  1
0.39
  7
CN_TTF
 11
470104.5
 21
4349694.5
 31
0.0
100
AcDbText
  0
TEXT
  5
389
330
17
100
AcDbEntity
  8
点
 62
4
100
AcDbText
 10
470104.5
 20
4349695.5
 30
0.0
 40
0.3
  1
0.39
  7
CN_TTF
 11
470104.5
 21
4349695.5
 31
0.0
100
AcDbText
  0
TEXT
  5
38A
330
17
100
AcDbEntity
  8
点
 62
4
100
AcDbText
 10
470104.5
 20
4349696.5
 30
0.0
 40
0.3
  1
0.39
  7
CN_TTF
 11
470104.5
 21
4349696.5
 31
0.0
100
AcDbText
  0
TEXT
  5
38B
330
17
100
AcDbEntity
  8
点
 62
4
100
AcDbText
 10
470104.5
 20
4349697.5
 30
0.0
 40
0.3
  1
0.39
  7
CN_TTF
 11
470104.5
 21
4349697.5
 31
0.0
100
AcDbText
  0
TEXT
  5
38C
330
17
100
AcDbEntity
  8
点
 62
4
100
AcDbText
 10
470104.5
 20
4349698.5
 30
0.0
 40
0.3
  1
0.39
  7
CN_TTF
 11
470104.5
 21
4349698.5
 31
0.0
100
AcDbText
  0
TEXT
  5
38D
330
17
100
AcDbEntity
  8
点
 62
4
100
AcDbText
 10
470104.5
 20
4349699.5
 30
0.0
 40
0.3
  1
0.67
  7
CN_TTF
 11
470104.5
 21
4349699.5
 31
0.0
100
AcDbText
  0
TEXT
  5
38E
330
17
100
AcDbEntity
  8
点
 62
4
100
AcDbText
 10
470104.5
 20
4349700.5
 30
0.0
 40
0.3
  1
0.67
  7
CN_TTF
 11
470104.5
 21
4349700.5
 31
0.0
100
AcDbText
  0
TEXT
  5
38F
330
17
100
AcDbEntity
  8
点
 62
4
100
AcDbText
 10
470104.5
 20
4349701.5
 30
0.0
 40
0.3
  1
0.67
  7
CN_TTF
 11
470104.5
 21
4349701.5
 31
0.0
100
AcDbText
  0
TEXT
  5
390
330
17
100
AcDbEntity
  8
点
 62
4
100
AcDbText
 10
470104.5
 20
4349702.5
 30
0.0
 40
0.3
  1
0.67
  7
CN_TTF
 11
470104.5
 21
4349702.5
 31
0.0
100
AcDbText
  0
TEXT
  5
391
330
17
100
AcDbEntity
  8
点
 62
4
100
AcDbText
 10
470104.5
 20
4349703.5
 30
0.0
 40
0.3
  1
0.91
  7
CN_TTF
 11
470104.5
 21
4349703.5
 31
0.0
100
AcDbText
  0
TEXT
  5
392
330
17
100
AcDbEntity
  8
点
 62
4
100
AcDbText
 10
470104.5
 20
4349704.5
 30
0.0
 40
0.3
  1
0.43
  7
CN_TTF
 11
470104.5
 21
4349704.5
 31
0.0
100
AcDbText
  0
TEXT
  5
393
330
17
100
AcDbEntity
  8
点
 62
4
100
AcDbText
 10
470104.5
 20
4349705.5
 30
0.0
 40
0.3
  1
0.43
  7
CN_TTF
 11
470104.5
 21
4349705.5
 31
0.0
100
AcDbText
  0
TEXT
  5
394
330
17
100
AcDbEntity
  8
点
 62
4
100
AcDbText
 10
470104.5
 20
4349706.5
 30
0.0
 40
0.3
  1
0.43
  7
CN_TTF
 11
470104.5
 21
4349706.5
 31
0.0
100
AcDbText
  0
TEXT
  5
395
330
17
100
AcDbEntity
  8
点
 62
4
100
AcDbText
 10
470104.5
 20
4349707.5
 30
0.0
 40
0.3
  1
0.43
  7
CN_TTF
 11
470104.5
 21
4349707.5
 31
0.0
100
AcDbText
  0
TEXT
  5
396
330
17
100
AcDbEntity
  8
点
 62
4
100
AcDbText
 10
470104.5
 20
4349708.5
 30
0.0
 40
0.3
  1
0.43
  7
CN_TTF
 11
470104.5
 21
4349708.5
 31
0.0
100
AcDbText
  0
TEXT
  5
397
330
17
100
AcDbEntity
  8
点
 62
4
100
AcDbText
 10
470104.5
 20
4349709.5
 30
0.0
 40
0.3
  1
0.43
  7
CN_TTF
 11
470104.5
 21
4349709.5
 31
0.0
100
AcDbText
  0
TEXT
  5
398
330
17
100
AcDbEntity
  8
点
 62
4
100
AcDbText
 10
470104.5
 20
4349710.5
 30
0.0
 40
0.3
  1
0.43
  7
CN_TTF
 11
470104.5
 21
4349710.5
 31
0.0
100
AcDbText
  0
TEXT
  5
399
330
17
100
AcDbEntity
  8
点
 62
4
100
AcDbText
 10
470104.5
 20
4349711.5
 30
0.0
 40
0.3
  1
0.73
  7
CN_TTF
 11
470104.5
 21
4349711.5
 31
0.0
100
AcDbText
  0
TEXT
  5
39A
330
17
100
AcDbEntity
  8
点
 62
4
100
AcDbText
 10
470104.5
 20
4349712.5
 30
0.0
 40
0.3
  1
0.73
  7
CN_TTF
 11
470104.5
 21
4349712.5
 31
0.0
100
AcDbText
  0
TEXT
  5
39B
330
17
100
AcDbEntity
  8
点
 62
4
100
AcDbText
 10
470104.5
 20
4349713.5
 30
0.0
 40
0.3
  1
0.73
  7
CN_TTF
 11
470104.5
 21
4349713.5
 31
0.0
100
AcDbText
  0
TEXT
  5
39C
330
17
100
AcDbEntity
  8
点
 62
4
100
AcDbText
 10
470104.5
 20
4349714.5
 30
0.0
 40
0.3
  1
0.73
  7
CN_TTF
 11
470104.5
 21
4349714.5
 31
0.0
100
AcDbText
  0
TEXT
  5
39D
330
17
100
AcDbEntity
  8
点
 62
4
100
AcDbText
 10
470104.5
 20
4349715.5
 30
0.0
 40
0.3
  1
0.73
  7
CN_TTF
 11
470104.5
 21
4349715.5
 31
0.0
100
AcDbText
  0
TEXT
  5
39E
330
17
100
AcDbEntity
  8
点
 62
4
100
AcDbText
 10
470104.5
 20
4349716.5
 30
0.0
 40
0.3
  1
0.73
  7
CN_TTF
 11
470104.5
 21
4349716.5
 31
0.0
100
AcDbText
  0
TEXT
  5
39F
330
17
100
AcDbEntity
  8
点
 62
4
100
AcDbText
 10
470104.5
 20
4349717.5
 30
0.0
 40
0.3
  1
0.73
  7
CN_TTF
 11
470104.5
 21
4349717.5
 31
0.0
100
AcDbText
  0
TEXT
  5
3A0
330
17
100
AcDbEntity
  8
点
 62
4
100
AcDbText
 10
470105.5
 20
4349679.5
 30
0.0
 40
0.3
  1
0.73
  7
CN_TTF
 11
470105.5
 21
4349679.5
 31
0.0
100
AcDbText
  0
TEXT
  5
3A1
330
17
100
AcDbEntity
  8
点
 62
4
100
AcDbText
 10
470105.5
 20
4349680.5
 30
0.0
 40
0.3
  1
0.73
  7
CN_TTF
 11
470105.5
 21
4349680.5
 31
0.0
100
AcDbText
  0
TEXT
  5
3A2
330
17
100
AcDbEntity
  8
点
 62
4
100
AcDbText
 10
470105.5
 20
4349681.5
 30
0.0
 40
0.3
  1
0.83
  7
CN_TTF
 11
470105.5
 21
4349681.5
 31
0.0
100
AcDbText
  0
TEXT
  5
3A3
330
17
100
AcDbEntity
  8
点
 62
4
100
AcDbText
 10
470105.5
 20
4349682.5
 30
0.0
 40
0.3
  1
0.83
  7
CN_TTF
 11
470105.5
 21
4349682.5
 31
0.0
100
AcDbText
  0
TEXT
  5
3A4
330
17
100
AcDbEntity
  8
点
 62
4
100
AcDbText
 10
470105.5
 20
4349683.5
 30
0.0
 40
0.3
  1
0.83
  7
CN_TTF
 11
470105.5
 21
4349683.5
 31
0.0
100
AcDbText
  0
TEXT
  5
3A5
330
17
100
AcDbEntity
  8
点
 62
4
100
AcDbText
 10
470105.5
 20
4349684.5
 30
0.0
 40
0.3
  1
0.83
  7
CN_TTF
 11
470105.5
 21
4349684.5
 31
0.0
100
AcDbText
  0
TEXT
  5
3A6
330
17
100
AcDbEntity
  8
点
 62
4
100
AcDbText
 10
470105.5
 20
4349685.5
 30
0.0
 40
0.3
  1
0.83
  7
CN_TTF
 11
470105.5
 21
4349685.5
 31
0.0
100
AcDbText
  0
TEXT
  5
3A7
330
17
100
AcDbEntity
  8
点
 62
4
100
AcDbText
 10
470105.5
 20
4349686.5
 30
0.0
 40
0.3
  1
0.83
  7
CN_TTF
 11
470105.5
 21
4349686.5
 31
0.0
100
AcDbText
  0
TEXT
  5
3A8
330
17
100
AcDbEntity
  8
点
 62
4
100
AcDbText
 10
470105.5
 20
4349687.5
 30
0.0
 40
0.3
  1
0.83
  7
CN_TTF
 11
470105.5
 21
4349687.5
 31
0.0
100
AcDbText
  0
TEXT
  5
3A9
330
17
100
AcDbEntity
  8
点
 62
4
100
AcDbText
 10
470105.5
 20
4349688.5
 30
0.0
 40
0.3
  1
0.84
  7
CN_TTF
 11
470105.5
 21
4349688.5
 31
0.0
100
AcDbText
  0
TEXT
  5
3AA
330
17
100
AcDbEntity
  8
点
 62
4
100
AcDbText
 10
470105.5
 20
4349689.5
 30
0.0
 40
0.3
  1
0.84
  7
CN_TTF
 11
470105.5
 21
4349689.5
 31
0.0
100
AcDbText
  0
TEXT
  5
3AB
330
17
100
AcDbEntity
  8
点
 62
4
100
AcDbText
 10
470105.5
 20
4349690.5
 30
0.0
 40
0.3
  1
0.84
  7
CN_TTF
 11
470105.5
 21
4349690.5
 31
0.0
100
AcDbText
  0
TEXT
  5
3AC
330
17
100
AcDbEntity
  8
点
 62
4
100
AcDbText
 10
470105.5
 20
4349691.5
 30
0.0
 40
0.3
  1
0.44
  7
CN_TTF
 11
470105.5
 21
4349691.5
 31
0.0
100
AcDbText
  0
TEXT
  5
3AD
330
17
100
AcDbEntity
  8
点
 62
4
100
AcDbText
 10
470105.5
 20
4349692.5
 30
0.0
 40
0.3
  1
0.39
  7
CN_TTF
 11
470105.5
 21
4349692.5
 31
0.0
100
AcDbText
  0
TEXT
  5
3AE
330
17
100
AcDbEntity
  8
点
 62
4
100
AcDbText
 10
470105.5
 20
4349693.5
 30
0.0
 40
0.3
  1
0.39
  7
CN_TTF
 11
470105.5
 21
4349693.5
 31
0.0
100
AcDbText
  0
TEXT
  5
3AF
330
17
100
AcDbEntity
  8
点
 62
4
100
AcDbText
 10
470105.5
 20
4349694.5
 30
0.0
 40
0.3
  1
0.39
  7
CN_TTF
 11
470105.5
 21
4349694.5
 31
0.0
100
AcDbText
  0
TEXT
  5
3B0
330
17
100
AcDbEntity
  8
点
 62
4
100
AcDbText
 10
470105.5
 20
4349695.5
 30
0.0
 40
0.3
  1
0.39
  7
CN_TTF
 11
470105.5
 21
4349695.5
 31
0.0
100
AcDbText
  0
TEXT
  5
3B1
330
17
100
AcDbEntity
  8
点
 62
4
100
AcDbText
 10
470105.5
 20
4349696.5
 30
0.0
 40
0.3
  1
0.39
  7
CN_TTF
 11
470105.5
 21
4349696.5
 31
0.0
100
AcDbText
  0
TEXT
  5
3B2
330
17
100
AcDbEntity
  8
点
 62
4
100
AcDbText
 10
470105.5
 20
4349697.5
 30
0.0
 40
0.3
  1
0.39
  7
CN_TTF
 11
470105.5
 21
4349697.5
 31
0.0
100
AcDbText
  0
TEXT
  5
3B3
330
17
100
AcDbEntity
  8
点
 62
4
100
AcDbText
 10
470105.5
 20
4349698.5
 30
0.0
 40
0.3
  1
0.39
  7
CN_TTF
 11
470105.5
 21
4349698.5
 31
0.0
100
AcDbText
  0
TEXT
  5
3B4
330
17
100
AcDbEntity
  8
点
 62
4
100
AcDbText
 10
470105.5
 20
4349699.5
 30
0.0
 40
0.3
  1
0.67
  7
CN_TTF
 11
470105.5
 21
4349699.5
 31
0.0
100
AcDbText
  0
TEXT
  5
3B5
330
17
100
AcDbEntity
  8
点
 62
4
100
AcDbText
 10
470105.5
 20
4349700.5
 30
0.0
 40
0.3
  1
0.91
  7
CN_TTF
 11
470105.5
 21
4349700.5
 31
0.0
100
AcDbText
  0
TEXT
  5
3B6
330
17
100
AcDbEntity
  8
点
 62
4
100
AcDbText
 10
470105.5
 20
4349701.5
 30
0.0
 40
0.3
  1
0.91
  7
CN_TTF
 11
470105.5
 21
4349701.5
 31
0.0
100
AcDbText
  0
TEXT
  5
3B7
330
17
100
AcDbEntity
  8
点
 62
4
100
AcDbText
 10
470105.5
 20
4349702.5
 30
0.0
 40
0.3
  1
0.91
  7
CN_TTF
 11
470105.5
 21
4349702.5
 31
0.0
100
AcDbText
  0
TEXT
  5
3B8
330
17
100
AcDbEntity
  8
点
 62
4
100
AcDbText
 10
470105.5
 20
4349703.5
 30
0.0
 40
0.3
  1
0.91
  7
CN_TTF
 11
470105.5
 21
4349703.5
 31
0.0
100
AcDbText
  0
TEXT
  5
3B9
330
17
100
AcDbEntity
  8
点
 62
4
100
AcDbText
 10
470105.5
 20
4349704.5
 30
0.0
 40
0.3
  1
0.43
  7
CN_TTF
 11
470105.5
 21
4349704.5
 31
0.0
100
AcDbText
  0
TEXT
  5
3BA
330
17
100
AcDbEntity
  8
点
 62
4
100
AcDbText
 10
470105.5
 20
4349705.5
 30
0.0
 40
0.3
  1
0.43
  7
CN_TTF
 11
470105.5
 21
4349705.5
 31
0.0
100
AcDbText
  0
TEXT
  5
3BB
330
17
100
AcDbEntity
  8
点
 62
4
100
AcDbText
 10
470105.5
 20
4349706.5
 30
0.0
 40
0.3
  1
0.43
  7
CN_TTF
 11
470105.5
 21
4349706.5
 31
0.0
100
AcDbText
  0
TEXT
  5
3BC
330
17
100
AcDbEntity
  8
点
 62
4
100
AcDbText
 10
470105.5
 20
4349707.5
 30
0.0
 40
0.3
  1
0.43
  7
CN_TTF
 11
470105.5
 21
4349707.5
 31
0.0
100
AcDbText
  0
TEXT
  5
3BD
330
17
100
AcDbEntity
  8
点
 62
4
100
AcDbText
 10
470105.5
 20
4349708.5
 30
0.0
 40
0.3
  1
0.43
  7
CN_TTF
 11
470105.5
 21
4349708.5
 31
0.0
100
AcDbText
  0
TEXT
  5
3BE
330
17
100
AcDbEntity
  8
点
 62
4
100
AcDbText
 10
470105.5
 20
4349709.5
 30
0.0
 40
0.3
  1
0.43
  7
CN_TTF
 11
470105.5
 21
4349709.5
 31
0.0
100
AcDbText
  0
TEXT
  5
3BF
330
17
100
AcDbEntity
  8
点
 62
4
100
AcDbText
 10
470105.5
 20
4349710.5
 30
0.0
 40
0.3
  1
0.73
  7
CN_TTF
 11
470105.5
 21
4349710.5
 31
0.0
100
AcDbText
  0
TEXT
  5
3C0
330
17
100
AcDbEntity
  8
点
 62
4
100
AcDbText
 10
470105.5
 20
4349711.5
 30
0.0
 40
0.3
  1
0.73
  7
CN_TTF
 11
470105.5
 21
4349711.5
 31
0.0
100
AcDbText
  0
TEXT
  5
3C1
330
17
100
AcDbEntity
  8
点
 62
4
100
AcDbText
 10
470105.5
 20
4349712.5
 30
0.0
 40
0.3
  1
0.73
  7
CN_TTF
 11
470105.5
 21
4349712.5
 31
0.0
100
AcDbText
  0
TEXT
  5
3C2
330
17
100
AcDbEntity
  8
点
 62
4
100
AcDbText
 10
470105.5
 20
4349713.5
 30
0.0
 40
0.3
  1
0.73
  7
CN_TTF
 11
470105.5
 21
4349713.5
 31
0.0
100
AcDbText
  0
TEXT
  5
3C3
330
17
100
AcDbEntity
  8
点
 62
4
100
AcDbText
 10
470105.5
 20
4349714.5
 30
0.0
 40
0.3
  1
0.73
  7
CN_TTF
 11
470105.5
 21
4349714.5
 31
0.0
100
AcDbText
  0
TEXT
  5
3C4
330
17
100
AcDbEntity
  8
点
 62
4
100
AcDbText
 10
470105.5
 20
4349715.5
 30
0.0
 40
0.3
  1
0.73
  7
CN_TTF
 11
470105.5
 21
4349715.5
 31
0.0
100
AcDbText
  0
TEXT
  5
3C5
330
17
100
AcDbEntity
  8
点
 62
4
100
AcDbText
 10
470105.5
 20
4349716.5
 30
0.0
 40
0.3
  1
0.73
  7
CN_TTF
 11
470105.5
 21
4349716.5
 31
0.0
100
AcDbText
  0
TEXT
  5
3C6
330
17
100
AcDbEntity
  8
点
 62
4
100
AcDbText
 10
470106.5
 20
4349682.5
 30
0.0
 40
0.3
  1
0.83
  7
CN_TTF
 11
470106.5
 21
4349682.5
 31
0.0
100
AcDbText
  0
TEXT
  5
3C7
330
17
100
AcDbEntity
  8
点
 62
4
100
AcDbText
 10
470106.5
 20
4349683.5
 30
0.0
 40
0.3
  1
0.83
  7
CN_TTF
 11
470106.5
 21
4349683.5
 31
0.0
100
AcDbText
  0
TEXT
  5
3C8
330
17
100
AcDbEntity
  8
点
 62
4
100
AcDbText
 10
470106.5
 20
4349684.5
 30
0.0
 40
0.3
  1
0.83
  7
CN_TTF
 11
470106.5
 21
4349684.5
 31
0.0
100
AcDbText
  0
TEXT
  5
3C9
330
17
100
AcDbEntity
  8
点
 62
4
100
AcDbText
 10
470106.5
 20
4349685.5
 30
0.0
 40
0.3
  1
0.83
  7
CN_TTF
 11
470106.5
 21
4349685.5
 31
0.0
100
AcDbText
  0
TEXT
  5
3CA
330
17
100
AcDbEntity
  8
点
 62
4
100
AcDbText
 10
470106.5
 20
4349686.5
 30
0.0
 40
0.3
  1
0.83
  7
CN_TTF
 11
470106.5
 21
4349686.5
 31
0.0
100
AcDbText
  0
TEXT
  5
3CB
330
17
100
AcDbEntity
  8
点
 62
4
100
AcDbText
 10
470106.5
 20
4349687.5
 30
0.0
 40
0.3
  1
0.83
  7
CN_TTF
 11
470106.5
 21
4349687.5
 31
0.0
100
AcDbText
  0
TEXT
  5
3CC
330
17
100
AcDbEntity
  8
点
 62
4
100
AcDbText
 10
470106.5
 20
4349688.5
 30
0.0
 40
0.3
  1
0.44
  7
CN_TTF
 11
470106.5
 21
4349688.5
 31
0.0
100
AcDbText
  0
TEXT
  5
3CD
330
17
100
AcDbEntity
  8
点
 62
4
100
AcDbText
 10
470106.5
 20
4349689.5
 30
0.0
 40
0.3
  1
0.44
  7
CN_TTF
 11
470106.5
 21
4349689.5
 31
0.0
100
AcDbText
  0
TEXT
  5
3CE
330
17
100
AcDbEntity
  8
点
 62
4
100
AcDbText
 10
470106.5
 20
4349690.5
 30
0.0
 40
0.3
  1
0.44
  7
CN_TTF
 11
470106.5
 21
4349690.5
 31
0.0
100
AcDbText
  0
TEXT
  5
3CF
330
17
100
AcDbEntity
  8
点
 62
4
100
AcDbText
 10
470106.5
 20
4349691.5
 30
0.0
 40
0.3
  1
0.44
  7
CN_TTF
 11
470106.5
 21
4349691.5
 31
0.0
100
AcDbText
  0
TEXT
  5
3D0
330
17
100
AcDbEntity
  8
点
 62
4
100
AcDbText
 10
470106.5
 20
4349692.5
 30
0.0
 40
0.3
  1
0.44
  7
CN_TTF
 11
470106.5
 21
4349692.5
 31
0.0
100
AcDbText
  0
TEXT
  5
3D1
330
17
100
AcDbEntity
  8
点
 62
4
100
AcDbText
 10
470106.5
 20
4349693.5
 30
0.0
 40
0.3
  1
0.39
  7
CN_TTF
 11
470106.5
 21
4349693.5
 31
0.0
100
AcDbText
  0
TEXT
  5
3D2
330
17
100
AcDbEntity
  8
点
 62
4
100
AcDbText
 10
470106.5
 20
4349694.5
 30
0.0
 40
0.3
  1
0.39
  7
CN_TTF
 11
470106.5
 21
4349694.5
 31
0.0
100
AcDbText
  0
TEXT
  5
3D3
330
17
100
AcDbEntity
  8
点
 62
4
100
AcDbText
 10
470106.5
 20
4349695.5
 30
0.0
 40
0.3
  1
0.39
  7
CN_TTF
 11
470106.5
 21
4349695.5
 31
0.0
100
AcDbText
  0
TEXT
  5
3D4
330
17
100
AcDbEntity
  8
点
 62
4
100
AcDbText
 10
470106.5
 20
4349696.5
 30
0.0
 40
0.3
  1
0.39
  7
CN_TTF
 11
470106.5
 21
4349696.5
 31
0.0
100
AcDbText
  0
TEXT
  5
3D5
330
17
100
AcDbEntity
  8
点
 62
4
100
AcDbText
 10
470106.5
 20
4349697.5
 30
0.0
 40
0.3
  1
0.39
  7
CN_TTF
 11
470106.5
 21
4349697.5
 31
0.0
100
AcDbText
  0
TEXT
  5
3D6
330
17
100
AcDbEntity
  8
点
 62
4
100
AcDbText
 10
470106.5
 20
4349698.5
 30
0.0
 40
0.3
  1
0.39
  7
CN_TTF
 11
470106.5
 21
4349698.5
 31
0.0
100
AcDbText
  0
TEXT
  5
3D7
330
17
100
AcDbEntity
  8
点
 62
4
100
AcDbText
 10
470106.5
 20
4349699.5
 30
0.0
 40
0.3
  1
0.91
  7
CN_TTF
 11
470106.5
 21
4349699.5
 31
0.0
100
AcDbText
  0
TEXT
  5
3D8
330
17
100
AcDbEntity
  8
点
 62
4
100
AcDbText
 10
470106.5
 20
4349700.5
 30
0.0
 40
0.3
  1
0.91
  7
CN_TTF
 11
470106.5
 21
4349700.5
 31
0.0
100
AcDbText
  0
TEXT
  5
3D9
330
17
100
AcDbEntity
  8
点
 62
4
100
AcDbText
 10
470106.5
 20
4349701.5
 30
0.0
 40
0.3
  1
0.91
  7
CN_TTF
 11
470106.5
 21
4349701.5
 31
0.0
100
AcDbText
  0
TEXT
  5
3DA
330
17
100
AcDbEntity
  8
点
 62
4
100
AcDbText
 10
470106.5
 20
4349702.5
 30
0.0
 40
0.3
  1
0.91
  7
CN_TTF
 11
470106.5
 21
4349702.5
 31
0.0
100
AcDbText
  0
TEXT
  5
3DB
330
17
100
AcDbEntity
  8
点
 62
4
100
AcDbText
 10
470106.5
 20
4349703.5
 30
0.0
 40
0.3
  1
0.91
  7
CN_TTF
 11
470106.5
 21
4349703.5
 31
0.0
100
AcDbText
  0
TEXT
  5
3DC
330
17
100
AcDbEntity
  8
点
 62
4
100
AcDbText
 10
470106.5
 20
4349704.5
 30
0.0
 40
0.3
  1
0.91
  7
CN_TTF
 11
470106.5
 21
4349704.5
 31
0.0
100
AcDbText
  0
TEXT
  5
3DD
330
17
100
AcDbEntity
  8
点
 62
4
100
AcDbText
 10
470106.5
 20
4349705.5
 30
0.0
 40
0.3
  1
0.43
  7
CN_TTF
 11
470106.5
 21
4349705.5
 31
0.0
100
AcDbText
  0
TEXT
  5
3DE
330
17
100
AcDbEntity
  8
点
 62
4
100
AcDbText
 10
470106.5
 20
4349706.5
 30
0.0
 40
0.3
  1
0.43
  7
CN_TTF
 11
470106.5
 21
4349706.5
 31
0.0
100
AcDbText
  0
TEXT
  5
3DF
330
17
100
AcDbEntity
  8
点
 62
4
100
AcDbText
 10
470106.5
 20
4349707.5
 30
0.0
 40
0.3
  1
0.43
  7
CN_TTF
 11
470106.5
 21
4349707.5
 31
0.0
100
AcDbText
  0
TEXT
  5
3E0
330
17
100
AcDbEntity
  8
点
 62
4
100
AcDbText
 10
470106.5
 20
4349708.5
 30
0.0
 40
0.3
  1
0.38
  7
CN_TTF
 11
470106.5
 21
4349708.5
 31
0.0
100
AcDbText
  0
TEXT
  5
3E1
330
17
100
AcDbEntity
  8
点
 62
4
100
AcDbText
 10
470106.5
 20
4349709.5
 30
0.0
 40
0.3
  1
0.38
  7
CN_TTF
 11
470106.5
 21
4349709.5
 31
0.0
100
AcDbText
  0
TEXT
  5
3E2
330
17
100
AcDbEntity
  8
点
 62
4
100
AcDbText
 10
470106.5
 20
4349710.5
 30
0.0
 40
0.3
  1
0.38
  7
CN_TTF
 11
470106.5
 21
4349710.5
 31
0.0
100
AcDbText
  0
TEXT
  5
3E3
330
17
100
AcDbEntity
  8
点
 62
4
100
AcDbText
 10
470106.5
 20
4349711.5
 30
0.0
 40
0.3
  1
0.73
  7
CN_TTF
 11
470106.5
 21
4349711.5
 31
0.0
100
AcDbText
  0
TEXT
  5
3E4
330
17
100
AcDbEntity
  8
点
 62
4
100
AcDbText
 10
470106.5
 20
4349712.5
 30
0.0
 40
0.3
  1
0.73
  7
CN_TTF
 11
470106.5
 21
4349712.5
 31
0.0
100
AcDbText
  0
TEXT
  5
3E5
330
17
100
AcDbEntity
  8
点
 62
4
100
AcDbText
 10
470106.5
 20
4349713.5
 30
0.0
 40
0.3
  1
0.73
  7
CN_TTF
 11
470106.5
 21
4349713.5
 31
0.0
100
AcDbText
  0
TEXT
  5
3E6
330
17
100
AcDbEntity
  8
点
 62
4
100
AcDbText
 10
470106.5
 20
4349714.5
 30
0.0
 40
0.3
  1
0.73
  7
CN_TTF
 11
470106.5
 21
4349714.5
 31
0.0
100
AcDbText
  0
TEXT
  5
3E7
330
17
100
AcDbEntity
  8
点
 62
4
100
AcDbText
 10
470106.5
 20
4349715.5
 30
0.0
 40
0.3
  1
0.73
  7
CN_TTF
 11
470106.5
 21
4349715.5
 31
0.0
100
AcDbText
  0
TEXT
  5
3E8
330
17
100
AcDbEntity
  8
点
 62
4
100
AcDbText
 10
470106.5
 20
4349716.5
 30
0.0
 40
0.3
  1
0.73
  7
CN_TTF
 11
470106.5
 21
4349716.5
 31
0.0
100
AcDbText
  0
TEXT
  5
3E9
330
17
100
AcDbEntity
  8
点
 62
4
100
AcDbText
 10
470107.5
 20
4349684.5
 30
0.0
 40
0.3
  1
0.83
  7
CN_TTF
 11
470107.5
 21
4349684.5
 31
0.0
100
AcDbText
  0
TEXT
  5
3EA
330
17
100
AcDbEntity
  8
点
 62
4
100
AcDbText
 10
470107.5
 20
4349685.5
 30
0.0
 40
0.3
  1
0.83
  7
CN_TTF
 11
470107.5
 21
4349685.5
 31
0.0
100
AcDbText
  0
TEXT
  5
3EB
330
17
100
AcDbEntity
  8
点
 62
4
100
AcDbText
 10
470107.5
 20
4349686.5
 30
0.0
 40
0.3
  1
0.83
  7
CN_TTF
 11
470107.5
 21
4349686.5
 31
0.0
100
AcDbText
  0
TEXT
  5
3EC
330
17
100
AcDbEntity
  8
点
 62
4
100
AcDbText
 10
470107.5
 20
4349687.5
 30
0.0
 40
0.3
  1
0.44
  7
CN_TTF
 11
470107.5
 21
4349687.5
 31
0.0
100
AcDbText
  0
TEXT
  5
3ED
330
17
100
AcDbEntity
  8
点
 62
4
100
AcDbText
 10
470107.5
 20
4349688.5
 30
0.0
 40
0.3
  1
0.44
  7
CN_TTF
 11
470107.5
 21
4349688.5
 31
0.0
100
AcDbText
  0
TEXT
  5
3EE
330
17
100
AcDbEntity
  8
点
 62
4
100
AcDbText
 10
470107.5
 20
4349689.5
 30
0.0
 40
0.3
  1
0.44
  7
CN_TTF
 11
470107.5
 21
4349689.5
 31
0.0
100
AcDbText
  0
TEXT
  5
3EF
330
17
100
AcDbEntity
  8
点
 62
4
100
AcDbText
 10
470107.5
 20
4349690.5
 30
0.0
 40
0.3
  1
0.44
  7
CN_TTF
 11
470107.5
 21
4349690.5
 31
0.0
100
AcDbText
  0
TEXT
  5
3F0
330
17
100
AcDbEntity
  8
点
 62
4
100
AcDbText
 10
470107.5
 20
4349691.5
 30
0.0
 40
0.3
  1
0.44
  7
CN_TTF
 11
470107.5
 21
4349691.5
 31
0.0
100
AcDbText
  0
TEXT
  5
3F1
330
17
100
AcDbEntity
  8
点
 62
4
100
AcDbText
 10
470107.5
 20
4349692.5
 30
0.0
 40
0.3
  1
0.44
  7
CN_TTF
 11
470107.5
 21
4349692.5
 31
0.0
100
AcDbText
  0
TEXT
  5
3F2
330
17
100
AcDbEntity
  8
点
 62
4
100
AcDbText
 10
470107.5
 20
4349693.5
 30
0.0
 40
0.3
  1
0.44
  7
CN_TTF
 11
470107.5
 21
4349693.5
 31
0.0
100
AcDbText
  0
TEXT
  5
3F3
330
17
100
AcDbEntity
  8
点
 62
4
100
AcDbText
 10
470107.5
 20
4349694.5
 30
0.0
 40
0.3
  1
0.39
  7
CN_TTF
 11
470107.5
 21
4349694.5
 31
0.0
100
AcDbText
  0
TEXT
  5
3F4
330
17
100
AcDbEntity
  8
点
 62
4
100
AcDbText
 10
470107.5
 20
4349695.5
 30
0.0
 40
0.3
  1
0.39
  7
CN_TTF
 11
470107.5
 21
4349695.5
 31
0.0
100
AcDbText
  0
TEXT
  5
3F5
330
17
100
AcDbEntity
  8
点
 62
4
100
AcDbText
 10
470107.5
 20
4349696.5
 30
0.0
 40
0.3
  1
0.39
  7
CN_TTF
 11
470107.5
 21
4349696.5
 31
0.0
100
AcDbText
  0
TEXT
  5
3F6
330
17
100
AcDbEntity
  8
点
 62
4
100
AcDbText
 10
470107.5
 20
4349697.5
 30
0.0
 40
0.3
  1
0.30
  7
CN_TTF
 11
470107.5
 21
4349697.5
 31
0.0
100
AcDbText
  0
TEXT
  5
3F7
330
17
100
AcDbEntity
  8
点
 62
4
100
AcDbText
 10
470107.5
 20
4349698.5
 30
0.0
 40
0.3
  1
0.30
  7
CN_TTF
 11
470107.5
 21
4349698.5
 31
0.0
100
AcDbText
  0
TEXT
  5
3F8
330
17
100
AcDbEntity
  8
点
 62
4
100
AcDbText
 10
470107.5
 20
4349699.5
 30
0.0
 40
0.3
  1
0.91
  7
CN_TTF
 11
470107.5
 21
4349699.5
 31
0.0
100
AcDbText
  0
TEXT
  5
3F9
330
17
100
AcDbEntity
  8
点
 62
4
100
AcDbText
 10
470107.5
 20
4349700.5
 30
0.0
 40
0.3
  1
0.91
  7
CN_TTF
 11
470107.5
 21
4349700.5
 31
0.0
100
AcDbText
  0
TEXT
  5
3FA
330
17
100
AcDbEntity
  8
点
 62
4
100
AcDbText
 10
470107.5
 20
4349701.5
 30
0.0
 40
0.3
  1
0.91
  7
CN_TTF
 11
470107.5
 21
4349701.5
 31
0.0
100
AcDbText
  0
TEXT
  5
3FB
330
17
100
AcDbEntity
  8
点
 62
4
100
AcDbText
 10
470107.5
 20
4349702.5
 30
0.0
 40
0.3
  1
0.91
  7
CN_TTF
 11
470107.5
 21
4349702.5
 31
0.0
100
AcDbText
  0
TEXT
  5
3FC
330
17
100
AcDbEntity
  8
点
 62
4
100
AcDbText
 10
470107.5
 20
4349703.5
 30
0.0
 40
0.3
  1
0.91
  7
CN_TTF
 11
470107.5
 21
4349703.5
 31
0.0
100
AcDbText
  0
TEXT
  5
3FD
330
17
100
AcDbEntity
  8
点
 62
4
100
AcDbText
 10
470107.5
 20
4349704.5
 30
0.0
 40
0.3
  1
0.91
  7
CN_TTF
 11
470107.5
 21
4349704.5
 31
0.0
100
AcDbText
  0
TEXT
  5
3FE
330
17
100
AcDbEntity
  8
点
 62
4
100
AcDbText
 10
470107.5
 20
4349705.5
 30
0.0
 40
0.3
  1
0.91
  7
CN_TTF
 11
470107.5
 21
4349705.5
 31
0.0
100
AcDbText
  0
TEXT
  5
3FF
330
17
100
AcDbEntity
  8
点
 62
4
100
AcDbText
 10
470107.5
 20
4349706.5
 30
0.0
 40
0.3
  1
0.38
  7
CN_TTF
 11
470107.5
 21
4349706.5
 31
0.0
100
AcDbText
  0
TEXT
  5
400
330
17
100
AcDbEntity
  8
点
 62
4
100
AcDbText
 10
470107.5
 20
4349707.5
 30
0.0
 40
0.3
  1
0.38
  7
CN_TTF
 11
470107.5
 21
4349707.5
 31
0.0
100
AcDbText
  0
TEXT
  5
401
330
17
100
AcDbEntity
  8
点
 62
4
100
AcDbText
 10
470107.5
 20
4349708.5
 30
0.0
 40
0.3
  1
0.38
  7
CN_TTF
 11
470107.5
 21
4349708.5
 31
0.0
100
AcDbText
  0
TEXT
  5
402
330
17
100
AcDbEntity
  8
点
 62
4
100
AcDbText
 10
470107.5
 20
4349709.5
 30
0.0
 40
0.3
  1
0.38
  7
CN_TTF
 11
470107.5
 21
4349709.5
 31
0.0
100
AcDbText
  0
TEXT
  5
403
330
17
100
AcDbEntity
  8
点
 62
4
100
AcDbText
 10
470107.5
 20
4349710.5
 30
0.0
 40
0.3
  1
0.38
  7
CN_TTF
 11
470107.5
 21
4349710.5
 31
0.0
100
AcDbText
  0
TEXT
  5
404
330
17
100
AcDbEntity
  8
点
 62
4
100
AcDbText
 10
470107.5
 20
4349711.5
 30
0.0
 40
0.3
  1
0.73
  7
CN_TTF
 11
470107.5
 21
4349711.5
 31
0.0
100
AcDbText
  0
TEXT
  5
405
330
17
100
AcDbEntity
  8
点
 62
4
100
AcDbText
 10
470107.5
 20
4349712.5
 30
0.0
 40
0.3
  1
0.73
  7
CN_TTF
 11
470107.5
 21
4349712.5
 31
0.0
100
AcDbText
  0
TEXT
  5
406
330
17
100
AcDbEntity
  8
点
 62
4
100
AcDbText
 10
470107.5
 20
4349713.5
 30
0.0
 40
0.3
  1
0.73
  7
CN_TTF
 11
470107.5
 21
4349713.5
 31
0.0
100
AcDbText
  0
TEXT
  5
407
330
17
100
AcDbEntity
  8
点
 62
4
100
AcDbText
 10
470107.5
 20
4349714.5
 30
0.0
 40
0.3
  1
0.73
  7
CN_TTF
 11
470107.5
 21
4349714.5
 31
0.0
100
AcDbText
  0
TEXT
  5
408
330
17
100
AcDbEntity
  8
点
 62
4
100
AcDbText
 10
470107.5
 20
4349715.5
 30
0.0
 40
0.3
  1
0.73
  7
CN_TTF
 11
470107.5
 21
4349715.5
 31
0.0
100
AcDbText
  0
TEXT
  5
409
330
17
100
AcDbEntity
  8
点
 62
4
100
AcDbText
 10
470107.5
 20
4349716.5
 30
0.0
 40
0.3
  1
0.73
  7
CN_TTF
 11
470107.5
 21
4349716.5
 31
0.0
100
AcDbText
  0
TEXT
  5
40A
330
17
100
AcDbEntity
  8
点
 62
4
100
AcDbText
 10
470108.5
 20
4349687.5
 30
0.0
 40
0.3
  1
0.44
  7
CN_TTF
 11
470108.5
 21
4349687.5
 31
0.0
100
AcDbText
  0
TEXT
  5
40B
330
17
100
AcDbEntity
  8
点
 62
4
100
AcDbText
 10
470108.5
 20
4349688.5
 30
0.0
 40
0.3
  1
0.44
  7
CN_TTF
 11
470108.5
 21
4349688.5
 31
0.0
100
AcDbText
  0
TEXT
  5
40C
330
17
100
AcDbEntity
  8
点
 62
4
100
AcDbText
 10
470108.5
 20
4349689.5
 30
0.0
 40
0.3
  1
0.44
  7
CN_TTF
 11
470108.5
 21
4349689.5
 31
0.0
100
AcDbText
  0
TEXT
  5
40D
330
17
100
AcDbEntity
  8
点
 62
4
100
AcDbText
 10
470108.5
 20
4349690.5
 30
0.0
 40
0.3
  1
0.44
  7
CN_TTF
 11
470108.5
 21
4349690.5
 31
0.0
100
AcDbText
  0
TEXT
  5
40E
330
17
100
AcDbEntity
  8
点
 62
4
100
AcDbText
 10
470108.5
 20
4349691.5
 30
0.0
 40
0.3
  1
0.44
  7
CN_TTF
 11
470108.5
 21
4349691.5
 31
0.0
100
AcDbText
  0
TEXT
  5
40F
330
17
100
AcDbEntity
  8
点
 62
4
100
AcDbText
 10
470108.5
 20
4349692.5
 30
0.0
 40
0.3
  1
0.44
  7
CN_TTF
 11
470108.5
 21
4349692.5
 31
0.0
100
AcDbText
  0
TEXT
  5
410
330
17
100
AcDbEntity
  8
点
 62
4
100
AcDbText
 10
470108.5
 20
4349693.5
 30
0.0
 40
0.3
  1
0.44
  7
CN_TTF
 11
470108.5
 21
4349693.5
 31
0.0
100
AcDbText
  0
TEXT
  5
411
330
17
100
AcDbEntity
  8
点
 62
4
100
AcDbText
 10
470108.5
 20
4349694.5
 30
0.0
 40
0.3
  1
0.30
  7
CN_TTF
 11
470108.5
 21
4349694.5
 31
0.0
100
AcDbText
  0
TEXT
  5
412
330
17
100
AcDbEntity
  8
点
 62
4
100
AcDbText
 10
470108.5
 20
4349695.5
 30
0.0
 40
0.3
  1
0.30
  7
CN_TTF
 11
470108.5
 21
4349695.5
 31
0.0
100
AcDbText
  0
TEXT
  5
413
330
17
100
AcDbEntity
  8
点
 62
4
100
AcDbText
 10
470108.5
 20
4349696.5
 30
0.0
 40
0.3
  1
0.30
  7
CN_TTF
 11
470108.5
 21
4349696.5
 31
0.0
100
AcDbText
  0
TEXT
  5
414
330
17
100
AcDbEntity
  8
点
 62
4
100
AcDbText
 10
470108.5
 20
4349697.5
 30
0.0
 40
0.3
  1
0.30
  7
CN_TTF
 11
470108.5
 21
4349697.5
 31
0.0
100
AcDbText
  0
TEXT
  5
415
330
17
100
AcDbEntity
  8
点
 62
4
100
AcDbText
 10
470108.5
 20
4349698.5
 30
0.0
 40
0.3
  1
0.30
  7
CN_TTF
 11
470108.5
 21
4349698.5
 31
0.0
100
AcDbText
  0
TEXT
  5
416
330
17
100
AcDbEntity
  8
点
 62
4
100
AcDbText
 10
470108.5
 20
4349699.5
 30
0.0
 40
0.3
  1
0.30
  7
CN_TTF
 11
470108.5
 21
4349699.5
 31
0.0
100
AcDbText
  0
TEXT
  5
417
330
17
100
AcDbEntity
  8
点
 62
4
100
AcDbText
 10
470108.5
 20
4349700.5
 30
0.0
 40
0.3
  1
0.91
  7
CN_TTF
 11
470108.5
 21
4349700.5
 31
0.0
100
AcDbText
  0
TEXT
  5
418
330
17
100
AcDbEntity
  8
点
 62
4
100
AcDbText
 10
470108.5
 20
4349701.5
 30
0.0
 40
0.3
  1
0.91
  7
CN_TTF
 11
470108.5
 21
4349701.5
 31
0.0
100
AcDbText
  0
TEXT
  5
419
330
17
100
AcDbEntity
  8
点
 62
4
100
AcDbText
 10
470108.5
 20
4349702.5
 30
0.0
 40
0.3
  1
0.91
  7
CN_TTF
 11
470108.5
 21
4349702.5
 31
0.0
100
AcDbText
  0
TEXT
  5
41A
330
17
100
AcDbEntity
  8
点
 62
4
100
AcDbText
 10
470108.5
 20
4349703.5
 30
0.0
 40
0.3
  1
0.91
  7
CN_TTF
 11
470108.5
 21
4349703.5
 31
0.0
100
AcDbText
  0
TEXT
  5
41B
330
17
100
AcDbEntity
  8
点
 62
4
100
AcDbText
 10
470108.5
 20
4349704.5
 30
0.0
 40
0.3
  1
0.91
  7
CN_TTF
 11
470108.5
 21
4349704.5
 31
0.0
100
AcDbText
  0
TEXT
  5
41C
330
17
100
AcDbEntity
  8
点
 62
4
100
AcDbText
 10
470108.5
 20
4349705.5
 30
0.0
 40
0.3
  1
0.89
  7
CN_TTF
 11
470108.5
 21
4349705.5
 31
0.0
100
AcDbText
  0
TEXT
  5
41D
330
17
100
AcDbEntity
  8
点
 62
4
100
AcDbText
 10
470108.5
 20
4349706.5
 30
0.0
 40
0.3
  1
0.38
  7
CN_TTF
 11
470108.5
 21
4349706.5
 31
0.0
100
AcDbText
  0
TEXT
  5
41E
330
17
100
AcDbEntity
  8
点
 62
4
100
AcDbText
 10
470108.5
 20
4349707.5
 30
0.0
 40
0.3
  1
0.38
  7
CN_TTF
 11
470108.5
 21
4349707.5
 31
0.0
100
AcDbText
  0
TEXT
  5
41F
330
17
100
AcDbEntity
  8
点
 62
4
100
AcDbText
 10
470108.5
 20
4349708.5
 30
0.0
 40
0.3
  1
0.38
  7
CN_TTF
 11
470108.5
 21
4349708.5
 31
0.0
100
AcDbText
  0
TEXT
  5
420
330
17
100
AcDbEntity
  8
点
 62
4
100
AcDbText
 10
470108.5
 20
4349709.5
 30
0.0
 40
0.3
  1
0.38
  7
CN_TTF
 11
470108.5
 21
4349709.5
 31
0.0
100
AcDbText
  0
TEXT
  5
421
330
17
100
AcDbEntity
  8
点
 62
4
100
AcDbText
 10
470108.5
 20
4349710.5
 30
0.0
 40
0.3
  1
0.38
  7
CN_TTF
 11
470108.5
 21
4349710.5
 31
0.0
100
AcDbText
  0
TEXT
  5
422
330
17
100
AcDbEntity
  8
点
 62
4
100
AcDbText
 10
470108.5
 20
4349711.5
 30
0.0
 40
0.3
  1
0.38
  7
CN_TTF
 11
470108.5
 21
4349711.5
 31
0.0
100
AcDbText
  0
TEXT
  5
423
330
17
100
AcDbEntity
  8
点
 62
4
100
AcDbText
 10
470108.5
 20
4349712.5
 30
0.0
 40
0.3
  1
0.73
  7
CN_TTF
 11
470108.5
 21
4349712.5
 31
0.0
100
AcDbText
  0
TEXT
  5
424
330
17
100
AcDbEntity
  8
点
 62
4
100
AcDbText
 10
470108.5
 20
4349713.5
 30
0.0
 40
0.3
  1
0.73
  7
CN_TTF
 11
470108.5
 21
4349713.5
 31
0.0
100
AcDbText
  0
TEXT
  5
425
330
17
100
AcDbEntity
  8
点
 62
4
100
AcDbText
 10
470108.5
 20
4349714.5
 30
0.0
 40
0.3
  1
0.73
  7
CN_TTF
 11
470108.5
 21
4349714.5
 31
0.0
100
AcDbText
  0
TEXT
  5
426
330
17
100
AcDbEntity
  8
点
 62
4
100
AcDbText
 10
470108.5
 20
4349715.5
 30
0.0
 40
0.3
  1
0.73
  7
CN_TTF
 11
470108.5
 21
4349715.5
 31
0.0
100
AcDbText
  0
TEXT
  5
427
330
17
100
AcDbEntity
  8
点
 62
4
100
AcDbText
 10
470108.5
 20
4349716.5
 30
0.0
 40
0.3
  1
0.73
  7
CN_TTF
 11
470108.5
 21
4349716.5
 31
0.0
100
AcDbText
  0
TEXT
  5
428
330
17
100
AcDbEntity
  8
点
 62
4
100
AcDbText
 10
470109.5
 20
4349690.5
 30
0.0
 40
0.3
  1
0.44
  7
CN_TTF
 11
470109.5
 21
4349690.5
 31
0.0
100
AcDbText
  0
TEXT
  5
429
330
17
100
AcDbEntity
  8
点
 62
4
100
AcDbText
 10
470109.5
 20
4349691.5
 30
0.0
 40
0.3
  1
0.44
  7
CN_TTF
 11
470109.5
 21
4349691.5
 31
0.0
100
AcDbText
  0
TEXT
  5
42A
330
17
100
AcDbEntity
  8
点
 62
4
100
AcDbText
 10
470109.5
 20
4349692.5
 30
0.0
 40
0.3
  1
0.44
  7
CN_TTF
 11
470109.5
 21
4349692.5
 31
0.0
100
AcDbText
  0
TEXT
  5
42B
330
17
100
AcDbEntity
  8
点
 62
4
100
AcDbText
 10
470109.5
 20
4349693.5
 30
0.0
 40
0.3
  1
0.44
  7
CN_TTF
 11
470109.5
 21
4349693.5
 31
0.0
100
AcDbText
  0
TEXT
  5
42C
330
17
100
AcDbEntity
  8
点
 62
4
100
AcDbText
 10
470109.5
 20
4349694.5
 30
0.0
 40
0.3
  1
0.30
  7
CN_TTF
 11
470109.5
 21
4349694.5
 31
0.0
100
AcDbText
  0
TEXT
  5
42D
330
17
100
AcDbEntity
  8
点
 62
4
100
AcDbText
 10
470109.5
 20
4349695.5
 30
0.0
 40
0.3
  1
0.30
  7
CN_TTF
 11
470109.5
 21
4349695.5
 31
0.0
100
AcDbText
  0
TEXT
  5
42E
330
17
100
AcDbEntity
  8
点
 62
4
100
AcDbText
 10
470109.5
 20
4349696.5
 30
0.0
 40
0.3
  1
0.30
  7
CN_TTF
 11
470109.5
 21
4349696.5
 31
0.0
100
AcDbText
  0
TEXT
  5
42F
330
17
100
AcDbEntity
  8
点
 62
4
100
AcDbText
 10
470109.5
 20
4349697.5
 30
0.0
 40
0.3
  1
0.30
  7
CN_TTF
 11
470109.5
 21
4349697.5
 31
0.0
100
AcDbText
  0
TEXT
  5
430
330
17
100
AcDbEntity
  8
点
 62
4
100
AcDbText
 10
470109.5
 20
4349698.5
 30
0.0
 40
0.3
  1
0.30
  7
CN_TTF
 11
470109.5
 21
4349698.5
 31
0.0
100
AcDbText
  0
TEXT
  5
431
330
17
100
AcDbEntity
  8
点
 62
4
100
AcDbText
 10
470109.5
 20
4349699.5
 30
0.0
 40
0.3
  1
0.30
  7
CN_TTF
 11
470109.5
 21
4349699.5
 31
0.0
100
AcDbText
  0
TEXT
  5
432
330
17
100
AcDbEntity
  8
点
 62
4
100
AcDbText
 10
470109.5
 20
4349700.5
 30
0.0
 40
0.3
  1
0.91
  7
CN_TTF
 11
470109.5
 21
4349700.5
 31
0.0
100
AcDbText
  0
TEXT
  5
433
330
17
100
AcDbEntity
  8
点
 62
4
100
AcDbText
 10
470109.5
 20
4349701.5
 30
0.0
 40
0.3
  1
0.91
  7
CN_TTF
 11
470109.5
 21
4349701.5
 31
0.0
100
AcDbText
  0
TEXT
  5
434
330
17
100
AcDbEntity
  8
点
 62
4
100
AcDbText
 10
470109.5
 20
4349702.5
 30
0.0
 40
0.3
  1
0.91
  7
CN_TTF
 11
470109.5
 21
4349702.5
 31
0.0
100
AcDbText
  0
TEXT
  5
435
330
17
100
AcDbEntity
  8
点
 62
4
100
AcDbText
 10
470109.5
 20
4349703.5
 30
0.0
 40
0.3
  1
0.89
  7
CN_TTF
 11
470109.5
 21
4349703.5
 31
0.0
100
AcDbText
  0
TEXT
  5
436
330
17
100
AcDbEntity
  8
点
 62
4
100
AcDbText
 10
470109.5
 20
4349704.5
 30
0.0
 40
0.3
  1
0.89
  7
CN_TTF
 11
470109.5
 21
4349704.5
 31
0.0
100
AcDbText
  0
TEXT
  5
437
330
17
100
AcDbEntity
  8
点
 62
4
100
AcDbText
 10
470109.5
 20
4349705.5
 30
0.0
 40
0.3
  1
0.89
  7
CN_TTF
 11
470109.5
 21
4349705.5
 31
0.0
100
AcDbText
  0
TEXT
  5
438
330
17
100
AcDbEntity
  8
点
 62
4
100
AcDbText
 10
470109.5
 20
4349706.5
 30
0.0
 40
0.3
  1
0.38
  7
CN_TTF
 11
470109.5
 21
4349706.5
 31
0.0
100
AcDbText
  0
TEXT
  5
439
330
17
100
AcDbEntity
  8
点
 62
4
100
AcDbText
 10
470109.5
 20
4349707.5
 30
0.0
 40
0.3
  1
0.38
  7
CN_TTF
 11
470109.5
 21
4349707.5
 31
0.0
100
AcDbText
  0
TEXT
  5
43A
330
17
100
AcDbEntity
  8
点
 62
4
100
AcDbText
 10
470109.5
 20
4349708.5
 30
0.0
 40
0.3
  1
0.38
  7
CN_TTF
 11
470109.5
 21
4349708.5
 31
0.0
100
AcDbText
  0
TEXT
  5
43B
330
17
100
AcDbEntity
  8
点
 62
4
100
AcDbText
 10
470109.5
 20
4349709.5
 30
0.0
 40
0.3
  1
0.38
  7
CN_TTF
 11
470109.5
 21
4349709.5
 31
0.0
100
AcDbText
  0
TEXT
  5
43C
330
17
100
AcDbEntity
  8
点
 62
4
100
AcDbText
 10
470109.5
 20
4349710.5
 30
0.0
 40
0.3
  1
0.38
  7
CN_TTF
 11
470109.5
 21
4349710.5
 31
0.0
100
AcDbText
  0
TEXT
  5
43D
330
17
100
AcDbEntity
  8
点
 62
4
100
AcDbText
 10
470109.5
 20
4349711.5
 30
0.0
 40
0.3
  1
0.38
  7
CN_TTF
 11
470109.5
 21
4349711.5
 31
0.0
100
AcDbText
  0
TEXT
  5
43E
330
17
100
AcDbEntity
  8
点
 62
4
100
AcDbText
 10
470109.5
 20
4349712.5
 30
0.0
 40
0.3
  1
0.73
  7
CN_TTF
 11
470109.5
 21
4349712.5
 31
0.0
100
AcDbText
  0
TEXT
  5
43F
330
17
100
AcDbEntity
  8
点
 62
4
100
AcDbText
 10
470109.5
 20
4349713.5
 30
0.0
 40
0.3
  1
0.73
  7
CN_TTF
 11
470109.5
 21
4349713.5
 31
0.0
100
AcDbText
  0
TEXT
  5
440
330
17
100
AcDbEntity
  8
点
 62
4
100
AcDbText
 10
470109.5
 20
4349714.5
 30
0.0
 40
0.3
  1
0.73
  7
CN_TTF
 11
470109.5
 21
4349714.5
 31
0.0
100
AcDbText
  0
TEXT
  5
441
330
17
100
AcDbEntity
  8
点
 62
4
100
AcDbText
 10
470109.5
 20
4349715.5
 30
0.0
 40
0.3
  1
0.73
  7
CN_TTF
 11
470109.5
 21
4349715.5
 31
0.0
100
AcDbText
  0
TEXT
  5
442
330
17
100
AcDbEntity
  8
点
 62
4
100
AcDbText
 10
470109.5
 20
4349716.5
 30
0.0
 40
0.3
  1
0.88
  7
CN_TTF
 11
470109.5
 21
4349716.5
 31
0.0
100
AcDbText
  0
TEXT
  5
443
330
17
100
AcDbEntity
  8
点
 62
4
100
AcDbText
 10
470110.5
 20
4349693.5
 30
0.0
 40
0.3
  1
0.44
  7
CN_TTF
 11
470110.5
 21
4349693.5
 31
0.0
100
AcDbText
  0
TEXT
  5
444
330
17
100
AcDbEntity
  8
点
 62
4
100
AcDbText
 10
470110.5
 20
4349694.5
 30
0.0
 40
0.3
  1
0.30
  7
CN_TTF
 11
470110.5
 21
4349694.5
 31
0.0
100
AcDbText
  0
TEXT
  5
445
330
17
100
AcDbEntity
  8
点
 62
4
100
AcDbText
 10
470110.5
 20
4349695.5
 30
0.0
 40
0.3
  1
0.30
  7
CN_TTF
 11
470110.5
 21
4349695.5
 31
0.0
100
AcDbText
  0
TEXT
  5
446
330
17
100
AcDbEntity
  8
点
 62
4
100
AcDbText
 10
470110.5
 20
4349696.5
 30
0.0
 40
0.3
  1
0.30
  7
CN_TTF
 11
470110.5
 21
4349696.5
 31
0.0
100
AcDbText
  0
TEXT
  5
447
330
17
100
AcDbEntity
  8
点
 62
4
100
AcDbText
 10
470110.5
 20
4349697.5
 30
0.0
 40
0.3
  1
0.30
  7
CN_TTF
 11
470110.5
 21
4349697.5
 31
0.0
100
AcDbText
  0
TEXT
  5
448
330
17
100
AcDbEntity
  8
点
 62
4
100
AcDbText
 10
470110.5
 20
4349698.5
 30
0.0
 40
0.3
  1
0.30
  7
CN_TTF
 11
470110.5
 21
4349698.5
 31
0.0
100
AcDbText
  0
TEXT
  5
449
330
17
100
AcDbEntity
  8
点
 62
4
100
AcDbText
 10
470110.5
 20
4349699.5
 30
0.0
 40
0.3
  1
0.30
  7
CN_TTF
 11
470110.5
 21
4349699.5
 31
0.0
100
AcDbText
  0
TEXT
  5
44A
330
17
100
AcDbEntity
  8
点
 62
4
100
AcDbText
 10
470110.5
 20
4349700.5
 30
0.0
 40
0.3
  1
0.30
  7
CN_TTF
 11
470110.5
 21
4349700.5
 31
0.0
100
AcDbText
  0
TEXT
  5
44B
330
17
100
AcDbEntity
  8
点
 62
4
100
AcDbText
 10
470110.5
 20
4349701.5
 30
0.0
 40
0.3
  1
0.89
  7
CN_TTF
 11
470110.5
 21
4349701.5
 31
0.0
100
AcDbText
  0
TEXT
  5
44C
330
17
100
AcDbEntity
  8
点
 62
4
100
AcDbText
 10
470110.5
 20
4349702.5
 30
0.0
 40
0.3
  1
0.89
  7
CN_TTF
 11
470110.5
 21
4349702.5
 31
0.0
100
AcDbText
  0
TEXT
  5
44D
330
17
100
AcDbEntity
  8
点
 62
4
100
AcDbText
 10
470110.5
 20
4349703.5
 30
0.0
 40
0.3
  1
0.89
  7
CN_TTF
 11
470110.5
 21
4349703.5
 31
0.0
100
AcDbText
  0
TEXT
  5
44E
330
17
100
AcDbEntity
  8
点
 62
4
100
AcDbText
 10
470110.5
 20
4349704.5
 30
0.0
 40
0.3
  1
0.89
  7
CN_TTF
 11
470110.5
 21
4349704.5
 31
0.0
100
AcDbText
  0
TEXT
  5
44F
330
17
100
AcDbEntity
  8
点
 62
4
100
AcDbText
 10
470110.5
 20
4349705.5
 30
0.0
 40
0.3
  1
0.89
  7
CN_TTF
 11
470110.5
 21
4349705.5
 31
0.0
100
AcDbText
  0
TEXT
  5
450
330
17
100
AcDbEntity
  8
点
 62
4
100
AcDbText
 10
470110.5
 20
4349706.5
 30
0.0
 40
0.3
  1
0.89
  7
CN_TTF
 11
470110.5
 21
4349706.5
 31
0.0
100
AcDbText
  0
TEXT
  5
451
330
17
100
AcDbEntity
  8
点
 62
4
100
AcDbText
 10
470110.5
 20
4349707.5
 30
0.0
 40
0.3
  1
0.38
  7
CN_TTF
 11
470110.5
 21
4349707.5
 31
0.0
100
AcDbText
  0
TEXT
  5
452
330
17
100
AcDbEntity
  8
点
 62
4
100
AcDbText
 10
470110.5
 20
4349708.5
 30
0.0
 40
0.3
  1
0.38
  7
CN_TTF
 11
470110.5
 21
4349708.5
 31
0.0
100
AcDbText
  0
TEXT
  5
453
330
17
100
AcDbEntity
  8
点
 62
4
100
AcDbText
 10
470110.5
 20
4349709.5
 30
0.0
 40
0.3
  1
0.38
  7
CN_TTF
 11
470110.5
 21
4349709.5
 31
0.0
100
AcDbText
  0
TEXT
  5
454
330
17
100
AcDbEntity
  8
点
 62
4
100
AcDbText
 10
470110.5
 20
4349710.5
 30
0.0
 40
0.3
  1
0.38
  7
CN_TTF
 11
470110.5
 21
4349710.5
 31
0.0
100
AcDbText
  0
TEXT
  5
455
330
17
100
AcDbEntity
  8
点
 62
4
100
AcDbText
 10
470110.5
 20
4349711.5
 30
0.0
 40
0.3
  1
0.38
  7
CN_TTF
 11
470110.5
 21
4349711.5
 31
0.0
100
AcDbText
  0
TEXT
  5
456
330
17
100
AcDbEntity
  8
点
 62
4
100
AcDbText
 10
470110.5
 20
4349712.5
 30
0.0
 40
0.3
  1
0.44
  7
CN_TTF
 11
470110.5
 21
4349712.5
 31
0.0
100
AcDbText
  0
TEXT
  5
457
330
17
100
AcDbEntity
  8
点
 62
4
100
AcDbText
 10
470110.5
 20
4349713.5
 30
0.0
 40
0.3
  1
0.88
  7
CN_TTF
 11
470110.5
 21
4349713.5
 31
0.0
100
AcDbText
  0
TEXT
  5
458
330
17
100
AcDbEntity
  8
点
 62
4
100
AcDbText
 10
470110.5
 20
4349714.5
 30
0.0
 40
0.3
  1
0.88
  7
CN_TTF
 11
470110.5
 21
4349714.5
 31
0.0
100
AcDbText
  0
TEXT
  5
459
330
17
100
AcDbEntity
  8
点
 62
4
100
AcDbText
 10
470110.5
 20
4349715.5
 30
0.0
 40
0.3
  1
0.88
  7
CN_TTF
 11
470110.5
 21
4349715.5
 31
0.0
100
AcDbText
  0
TEXT
  5
45A
330
17
100
AcDbEntity
  8
点
 62
4
100
AcDbText
 10
470110.5
 20
4349716.5
 30
0.0
 40
0.3
  1
0.88
  7
CN_TTF
 11
470110.5
 21
4349716.5
 31
0.0
100
AcDbText
  0
TEXT
  5
45B
330
17
100
AcDbEntity
  8
点
 62
4
100
AcDbText
 10
470110.5
 20
4349717.5
 30
0.0
 40
0.3
  1
0.88
  7
CN_TTF
 11
470110.5
 21
4349717.5
 31
0.0
100
AcDbText
  0
TEXT
  5
45C
330
17
100
AcDbEntity
  8
点
 62
4
100
AcDbText
 10
470110.5
 20
4349721.5
 30
0.0
 40
0.3
  1
0.74
  7
CN_TTF
 11
470110.5
 21
4349721.5
 31
0.0
100
AcDbText
  0
TEXT
  5
45D
330
17
100
AcDbEntity
  8
点
 62
4
100
AcDbText
 10
470110.5
 20
4349722.5
 30
0.0
 40
0.3
  1
0.74
  7
CN_TTF
 11
470110.5
 21
4349722.5
 31
0.0
100
AcDbText
  0
TEXT
  5
45E
330
17
100
AcDbEntity
  8
点
 62
4
100
AcDbText
 10
470110.5
 20
4349723.5
 30
0.0
 40
0.3
  1
0.74
  7
CN_TTF
 11
470110.5
 21
4349723.5
 31
0.0
100
AcDbText
  0
TEXT
  5
45F
330
17
100
AcDbEntity
  8
点
 62
4
100
AcDbText
 10
470111.5
 20
4349695.5
 30
0.0
 40
0.3
  1
0.30
  7
CN_TTF
 11
470111.5
 21
4349695.5
 31
0.0
100
AcDbText
  0
TEXT
  5
460
330
17
100
AcDbEntity
  8
点
 62
4
100
AcDbText
 10
470111.5
 20
4349696.5
 30
0.0
 40
0.3
  1
0.30
  7
CN_TTF
 11
470111.5
 21
4349696.5
 31
0.0
100
AcDbText
  0
TEXT
  5
461
330
17
100
AcDbEntity
  8
点
 62
4
100
AcDbText
 10
470111.5
 20
4349697.5
 30
0.0
 40
0.3
  1
0.30
  7
CN_TTF
 11
470111.5
 21
4349697.5
 31
0.0
100
AcDbText
  0
TEXT
  5
462
330
17
100
AcDbEntity
  8
点
 62
4
100
AcDbText
 10
470111.5
 20
4349698.5
 30
0.0
 40
0.3
  1
0.30
  7
CN_TTF
 11
470111.5
 21
4349698.5
 31
0.0
100
AcDbText
  0
TEXT
  5
463
330
17
100
AcDbEntity
  8
点
 62
4
100
AcDbText
 10
470111.5
 20
4349699.5
 30
0.0
 40
0.3
  1
0.30
  7
CN_TTF
 11
470111.5
 21
4349699.5
 31
0.0
100
AcDbText
  0
TEXT
  5
464
330
17
100
AcDbEntity
  8
点
 62
4
100
AcDbText
 10
470111.5
 20
4349700.5
 30
0.0
 40
0.3
  1
0.34
  7
CN_TTF
 11
470111.5
 21
4349700.5
 31
0.0
100
AcDbText
  0
TEXT
  5
465
330
17
100
AcDbEntity
  8
点
 62
4
100
AcDbText
 10
470111.5
 20
4349701.5
 30
0.0
 40
0.3
  1
0.89
  7
CN_TTF
 11
470111.5
 21
4349701.5
 31
0.0
100
AcDbText
  0
TEXT
  5
466
330
17
100
AcDbEntity
  8
点
 62
4
100
AcDbText
 10
470111.5
 20
4349702.5
 30
0.0
 40
0.3
  1
0.89
  7
CN_TTF
 11
470111.5
 21
4349702.5
 31
0.0
100
AcDbText
  0
TEXT
  5
467
330
17
100
AcDbEntity
  8
点
 62
4
100
AcDbText
 10
470111.5
 20
4349703.5
 30
0.0
 40
0.3
  1
0.89
  7
CN_TTF
 11
470111.5
 21
4349703.5
 31
0.0
100
AcDbText
  0
TEXT
  5
468
330
17
100
AcDbEntity
  8
点
 62
4
100
AcDbText
 10
470111.5
 20
4349704.5
 30
0.0
 40
0.3
  1
0.89
  7
CN_TTF
 11
470111.5
 21
4349704.5
 31
0.0
100
AcDbText
  0
TEXT
  5
469
330
17
100
AcDbEntity
  8
点
 62
4
100
AcDbText
 10
470111.5
 20
4349705.5
 30
0.0
 40
0.3
  1
0.89
  7
CN_TTF
 11
470111.5
 21
4349705.5
 31
0.0
100
AcDbText
  0
TEXT
  5
46A
330
17
100
AcDbEntity
  8
点
 62
4
100
AcDbText
 10
470111.5
 20
4349706.5
 30
0.0
 40
0.3
  1
0.89
  7
CN_TTF
 11
470111.5
 21
4349706.5
 31
0.0
100
AcDbText
  0
TEXT
  5
46B
330
17
100
AcDbEntity
  8
点
 62
4
100
AcDbText
 10
470111.5
 20
4349707.5
 30
0.0
 40
0.3
  1
0.89
  7
CN_TTF
 11
470111.5
 21
4349707.5
 31
0.0
100
AcDbText
  0
TEXT
  5
46C
330
17
100
AcDbEntity
  8
点
 62
4
100
AcDbText
 10
470111.5
 20
4349708.5
 30
0.0
 40
0.3
  1
0.38
  7
CN_TTF
 11
470111.5
 21
4349708.5
 31
0.0
100
AcDbText
  0
TEXT
  5
46D
330
17
100
AcDbEntity
  8
点
 62
4
100
AcDbText
 10
470111.5
 20
4349709.5
 30
0.0
 40
0.3
  1
0.38
  7
CN_TTF
 11
470111.5
 21
4349709.5
 31
0.0
100
AcDbText
  0
TEXT
  5
46E
330
17
100
AcDbEntity
  8
点
 62
4
100
AcDbText
 10
470111.5
 20
4349710.5
 30
0.0
 40
0.3
  1
0.44
  7
CN_TTF
 11
470111.5
 21
4349710.5
 31
0.0
100
AcDbText
  0
TEXT
  5
46F
330
17
100
AcDbEntity
  8
点
 62
4
100
AcDbText
 10
470111.5
 20
4349711.5
 30
0.0
 40
0.3
  1
0.44
  7
CN_TTF
 11
470111.5
 21
4349711.5
 31
0.0
100
AcDbText
  0
TEXT
  5
470
330
17
100
AcDbEntity
  8
点
 62
4
100
AcDbText
 10
470111.5
 20
4349712.5
 30
0.0
 40
0.3
  1
0.44
  7
CN_TTF
 11
470111.5
 21
4349712.5
 31
0.0
100
AcDbText
  0
TEXT
  5
471
330
17
100
AcDbEntity
  8
点
 62
4
100
AcDbText
 10
470111.5
 20
4349713.5
 30
0.0
 40
0.3
  1
0.88
  7
CN_TTF
 11
470111.5
 21
4349713.5
 31
0.0
100
AcDbText
  0
TEXT
  5
472
330
17
100
AcDbEntity
  8
点
 62
4
100
AcDbText
 10
470111.5
 20
4349714.5
 30
0.0
 40
0.3
  1
0.88
  7
CN_TTF
 11
470111.5
 21
4349714.5
 31
0.0
100
AcDbText
  0
TEXT
  5
473
330
17
100
AcDbEntity
  8
点
 62
4
100
AcDbText
 10
470111.5
 20
4349715.5
 30
0.0
 40
0.3
  1
0.88
  7
CN_TTF
 11
470111.5
 21
4349715.5
 31
0.0
100
AcDbText
  0
TEXT
  5
474
330
17
100
AcDbEntity
  8
点
 62
4
100
AcDbText
 10
470111.5
 20
4349716.5
 30
0.0
 40
0.3
  1
0.88
  7
CN_TTF
 11
470111.5
 21
4349716.5
 31
0.0
100
AcDbText
  0
TEXT
  5
475
330
17
100
AcDbEntity
  8
点
 62
4
100
AcDbText
 10
470111.5
 20
4349717.5
 30
0.0
 40
0.3
  1
0.88
  7
CN_TTF
 11
470111.5
 21
4349717.5
 31
0.0
100
AcDbText
  0
TEXT
  5
476
330
17
100
AcDbEntity
  8
点
 62
4
100
AcDbText
 10
470111.5
 20
4349718.5
 30
0.0
 40
0.3
  1
0.88
  7
CN_TTF
 11
470111.5
 21
4349718.5
 31
0.0
100
AcDbText
  0
TEXT
  5
477
330
17
100
AcDbEntity
  8
点
 62
4
100
AcDbText
 10
470111.5
 20
4349719.5
 30
0.0
 40
0.3
  1
0.74
  7
CN_TTF
 11
470111.5
 21
4349719.5
 31
0.0
100
AcDbText
  0
TEXT
  5
478
330
17
100
AcDbEntity
  8
点
 62
4
100
AcDbText
 10
470111.5
 20
4349720.5
 30
0.0
 40
0.3
  1
0.74
  7
CN_TTF
 11
470111.5
 21
4349720.5
 31
0.0
100
AcDbText
  0
TEXT
  5
479
330
17
100
AcDbEntity
  8
点
 62
4
100
AcDbText
 10
470111.5
 20
4349721.5
 30
0.0
 40
0.3
  1
0.74
  7
CN_TTF
 11
470111.5
 21
4349721.5
 31
0.0
100
AcDbText
  0
TEXT
  5
47A
330
17
100
AcDbEntity
  8
点
 62
4
100
AcDbText
 10
470111.5
 20
4349722.5
 30
0.0
 40
0.3
  1
0.74
  7
CN_TTF
 11
470111.5
 21
4349722.5
 31
0.0
100
AcDbText
  0
TEXT
  5
47B
330
17
100
AcDbEntity
  8
点
 62
4
100
AcDbText
 10
470111.5
 20
4349723.5
 30
0.0
 40
0.3
  1
0.74
  7
CN_TTF
 11
470111.5
 21
4349723.5
 31
0.0
100
AcDbText
  0
TEXT
  5
47C
330
17
100
AcDbEntity
  8
点
 62
4
100
AcDbText
 10
470111.5
 20
4349724.5
 30
0.0
 40
0.3
  1
0.74
  7
CN_TTF
 11
470111.5
 21
4349724.5
 31
0.0
100
AcDbText
  0
TEXT
  5
47D
330
17
100
AcDbEntity
  8
点
 62
4
100
AcDbText
 10
470112.5
 20
4349698.5
 30
0.0
 40
0.3
  1
0.30
  7
CN_TTF
 11
470112.5
 21
4349698.5
 31
0.0
100
AcDbText
  0
TEXT
  5
47E
330
17
100
AcDbEntity
  8
点
 62
4
100
AcDbText
 10
470112.5
 20
4349699.5
 30
0.0
 40
0.3
  1
0.34
  7
CN_TTF
 11
470112.5
 21
4349699.5
 31
0.0
100
AcDbText
  0
TEXT
  5
47F
330
17
100
AcDbEntity
  8
点
 62
4
100
AcDbText
 10
470112.5
 20
4349700.5
 30
0.0
 40
0.3
  1
0.34
  7
CN_TTF
 11
470112.5
 21
4349700.5
 31
0.0
100
AcDbText
  0
TEXT
  5
480
330
17
100
AcDbEntity
  8
点
 62
4
100
AcDbText
 10
470112.5
 20
4349701.5
 30
0.0
 40
0.3
  1
0.34
  7
CN_TTF
 11
470112.5
 21
4349701.5
 31
0.0
100
AcDbText
  0
TEXT
  5
481
330
17
100
AcDbEntity
  8
点
 62
4
100
AcDbText
 10
470112.5
 20
4349702.5
 30
0.0
 40
0.3
  1
0.89
  7
CN_TTF
 11
470112.5
 21
4349702.5
 31
0.0
100
AcDbText
  0
TEXT
  5
482
330
17
100
AcDbEntity
  8
点
 62
4
100
AcDbText
 10
470112.5
 20
4349703.5
 30
0.0
 40
0.3
  1
0.89
  7
CN_TTF
 11
470112.5
 21
4349703.5
 31
0.0
100
AcDbText
  0
TEXT
  5
483
330
17
100
AcDbEntity
  8
点
 62
4
100
AcDbText
 10
470112.5
 20
4349704.5
 30
0.0
 40
0.3
  1
0.89
  7
CN_TTF
 11
470112.5
 21
4349704.5
 31
0.0
100
AcDbText
  0
TEXT
  5
484
330
17
100
AcDbEntity
  8
点
 62
4
100
AcDbText
 10
470112.5
 20
4349705.5
 30
0.0
 40
0.3
  1
0.89
  7
CN_TTF
 11
470112.5
 21
4349705.5
 31
0.0
100
AcDbText
  0
TEXT
  5
485
330
17
100
AcDbEntity
  8
点
 62
4
100
AcDbText
 10
470112.5
 20
4349706.5
 30
0.0
 40
0.3
  1
0.89
  7
CN_TTF
 11
470112.5
 21
4349706.5
 31
0.0
100
AcDbText
  0
TEXT
  5
486
330
17
100
AcDbEntity
  8
点
 62
4
100
AcDbText
 10
470112.5
 20
4349707.5
 30
0.0
 40
0.3
  1
0.89
  7
CN_TTF
 11
470112.5
 21
4349707.5
 31
0.0
100
AcDbText
  0
TEXT
  5
487
330
17
100
AcDbEntity
  8
点
 62
4
100
AcDbText
 10
470112.5
 20
4349708.5
 30
0.0
 40
0.3
  1
0.44
  7
CN_TTF
 11
470112.5
 21
4349708.5
 31
0.0
100
AcDbText
  0
TEXT
  5
488
330
17
100
AcDbEntity
  8
点
 62
4
100
AcDbText
 10
470112.5
 20
4349709.5
 30
0.0
 40
0.3
  1
0.44
  7
CN_TTF
 11
470112.5
 21
4349709.5
 31
0.0
100
AcDbText
  0
TEXT
  5
489
330
17
100
AcDbEntity
  8
点
 62
4
100
AcDbText
 10
470112.5
 20
4349710.5
 30
0.0
 40
0.3
  1
0.44
  7
CN_TTF
 11
470112.5
 21
4349710.5
 31
0.0
100
AcDbText
  0
TEXT
  5
48A
330
17
100
AcDbEntity
  8
点
 62
4
100
AcDbText
 10
470112.5
 20
4349711.5
 30
0.0
 40
0.3
  1
0.44
  7
CN_TTF
 11
470112.5
 21
4349711.5
 31
0.0
100
AcDbText
  0
TEXT
  5
48B
330
17
100
AcDbEntity
  8
点
 62
4
100
AcDbText
 10
470112.5
 20
4349712.5
 30
0.0
 40
0.3
  1
0.44
  7
CN_TTF
 11
470112.5
 21
4349712.5
 31
0.0
100
AcDbText
  0
TEXT
  5
48C
330
17
100
AcDbEntity
  8
点
 62
4
100
AcDbText
 10
470112.5
 20
4349713.5
 30
0.0
 40
0.3
  1
0.88
  7
CN_TTF
 11
470112.5
 21
4349713.5
 31
0.0
100
AcDbText
  0
TEXT
  5
48D
330
17
100
AcDbEntity
  8
点
 62
4
100
AcDbText
 10
470112.5
 20
4349714.5
 30
0.0
 40
0.3
  1
0.88
  7
CN_TTF
 11
470112.5
 21
4349714.5
 31
0.0
100
AcDbText
  0
TEXT
  5
48E
330
17
100
AcDbEntity
  8
点
 62
4
100
AcDbText
 10
470112.5
 20
4349715.5
 30
0.0
 40
0.3
  1
0.88
  7
CN_TTF
 11
470112.5
 21
4349715.5
 31
0.0
100
AcDbText
  0
TEXT
  5
48F
330
17
100
AcDbEntity
  8
点
 62
4
100
AcDbText
 10
470112.5
 20
4349716.5
 30
0.0
 40
0.3
  1
0.88
  7
CN_TTF
 11
470112.5
 21
4349716.5
 31
0.0
100
AcDbText
  0
TEXT
  5
490
330
17
100
AcDbEntity
  8
点
 62
4
100
AcDbText
 10
470112.5
 20
4349717.5
 30
0.0
 40
0.3
  1
0.88
  7
CN_TTF
 11
470112.5
 21
4349717.5
 31
0.0
100
AcDbText
  0
TEXT
  5
491
330
17
100
AcDbEntity
  8
点
 62
4
100
AcDbText
 10
470112.5
 20
4349718.5
 30
0.0
 40
0.3
  1
0.88
  7
CN_TTF
 11
470112.5
 21
4349718.5
 31
0.0
100
AcDbText
  0
TEXT
  5
492
330
17
100
AcDbEntity
  8
点
 62
4
100
AcDbText
 10
470112.5
 20
4349719.5
 30
0.0
 40
0.3
  1
0.74
  7
CN_TTF
 11
470112.5
 21
4349719.5
 31
0.0
100
AcDbText
  0
TEXT
  5
493
330
17
100
AcDbEntity
  8
点
 62
4
100
AcDbText
 10
470112.5
 20
4349720.5
 30
0.0
 40
0.3
  1
0.74
  7
CN_TTF
 11
470112.5
 21
4349720.5
 31
0.0
100
AcDbText
  0
TEXT
  5
494
330
17
100
AcDbEntity
  8
点
 62
4
100
AcDbText
 10
470112.5
 20
4349721.5
 30
0.0
 40
0.3
  1
0.74
  7
CN_TTF
 11
470112.5
 21
4349721.5
 31
0.0
100
AcDbText
  0
TEXT
  5
495
330
17
100
AcDbEntity
  8
点
 62
4
100
AcDbText
 10
470112.5
 20
4349722.5
 30
0.0
 40
0.3
  1
0.74
  7
CN_TTF
 11
470112.5
 21
4349722.5
 31
0.0
100
AcDbText
  0
TEXT
  5
496
330
17
100
AcDbEntity
  8
点
 62
4
100
AcDbText
 10
470112.5
 20
4349723.5
 30
0.0
 40
0.3
  1
0.74
  7
CN_TTF
 11
470112.5
 21
4349723.5
 31
0.0
100
AcDbText
  0
TEXT
  5
497
330
17
100
AcDbEntity
  8
点
 62
4
100
AcDbText
 10
470112.5
 20
4349724.5
 30
0.0
 40
0.3
  1
0.74
  7
CN_TTF
 11
470112.5
 21
4349724.5
 31
0.0
100
AcDbText
  0
TEXT
  5
498
330
17
100
AcDbEntity
  8
点
 62
4
100
AcDbText
 10
470113.5
 20
4349701.5
 30
0.0
 40
0.3
  1
0.34
  7
CN_TTF
 11
470113.5
 21
4349701.5
 31
0.0
100
AcDbText
  0
TEXT
  5
499
330
17
100
AcDbEntity
  8
点
 62
4
100
AcDbText
 10
470113.5
 20
4349702.5
 30
0.0
 40
0.3
  1
0.34
  7
CN_TTF
 11
470113.5
 21
4349702.5
 31
0.0
100
AcDbText
  0
TEXT
  5
49A
330
17
100
AcDbEntity
  8
点
 62
4
100
AcDbText
 10
470113.5
 20
4349703.5
 30
0.0
 40
0.3
  1
0.89
  7
CN_TTF
 11
470113.5
 21
4349703.5
 31
0.0
100
AcDbText
  0
TEXT
  5
49B
330
17
100
AcDbEntity
  8
点
 62
4
100
AcDbText
 10
470113.5
 20
4349704.5
 30
0.0
 40
0.3
  1
0.89
  7
CN_TTF
 11
470113.5
 21
4349704.5
 31
0.0
100
AcDbText
  0
TEXT
  5
49C
330
17
100
AcDbEntity
  8
点
 62
4
100
AcDbText
 10
470113.5
 20
4349705.5
 30
0.0
 40
0.3
  1
0.89
  7
CN_TTF
 11
470113.5
 21
4349705.5
 31
0.0
100
AcDbText
  0
TEXT
  5
49D
330
17
100
AcDbEntity
  8
点
 62
4
100
AcDbText
 10
470113.5
 20
4349706.5
 30
0.0
 40
0.3
  1
0.89
  7
CN_TTF
 11
470113.5
 21
4349706.5
 31
0.0
100
AcDbText
  0
TEXT
  5
49E
330
17
100
AcDbEntity
  8
点
 62
4
100
AcDbText
 10
470113.5
 20
4349707.5
 30
0.0
 40
0.3
  1
0.89
  7
CN_TTF
 11
470113.5
 21
4349707.5
 31
0.0
100
AcDbText
  0
TEXT
  5
49F
330
17
100
AcDbEntity
  8
点
 62
4
100
AcDbText
 10
470113.5
 20
4349708.5
 30
0.0
 40
0.3
  1
0.44
  7
CN_TTF
 11
470113.5
 21
4349708.5
 31
0.0
100
AcDbText
  0
TEXT
  5
4A0
330
17
100
AcDbEntity
  8
点
 62
4
100
AcDbText
 10
470113.5
 20
4349709.5
 30
0.0
 40
0.3
  1
0.44
  7
CN_TTF
 11
470113.5
 21
4349709.5
 31
0.0
100
AcDbText
  0
TEXT
  5
4A1
330
17
100
AcDbEntity
  8
点
 62
4
100
AcDbText
 10
470113.5
 20
4349710.5
 30
0.0
 40
0.3
  1
0.44
  7
CN_TTF
 11
470113.5
 21
4349710.5
 31
0.0
100
AcDbText
  0
TEXT
  5
4A2
330
17
100
AcDbEntity
  8
点
 62
4
100
AcDbText
 10
470113.5
 20
4349711.5
 30
0.0
 40
0.3
  1
0.44
  7
CN_TTF
 11
470113.5
 21
4349711.5
 31
0.0
100
AcDbText
  0
TEXT
  5
4A3
330
17
100
AcDbEntity
  8
点
 62
4
100
AcDbText
 10
470113.5
 20
4349712.5
 30
0.0
 40
0.3
  1
0.44
  7
CN_TTF
 11
470113.5
 21
4349712.5
 31
0.0
100
AcDbText
  0
TEXT
  5
4A4
330
17
100
AcDbEntity
  8
点
 62
4
100
AcDbText
 10
470113.5
 20
4349713.5
 30
0.0
 40
0.3
  1
0.88
  7
CN_TTF
 11
470113.5
 21
4349713.5
 31
0.0
100
AcDbText
  0
TEXT
  5
4A5
330
17
100
AcDbEntity
  8
点
 62
4
100
AcDbText
 10
470113.5
 20
4349714.5
 30
0.0
 40
0.3
  1
0.88
  7
CN_TTF
 11
470113.5
 21
4349714.5
 31
0.0
100
AcDbText
  0
TEXT
  5
4A6
330
17
100
AcDbEntity
  8
点
 62
4
100
AcDbText
 10
470113.5
 20
4349715.5
 30
0.0
 40
0.3
  1
0.88
  7
CN_TTF
 11
470113.5
 21
4349715.5
 31
0.0
100
AcDbText
  0
TEXT
  5
4A7
330
17
100
AcDbEntity
  8
点
 62
4
100
AcDbText
 10
470113.5
 20
4349716.5
 30
0.0
 40
0.3
  1
0.88
  7
CN_TTF
 11
470113.5
 21
4349716.5
 31
0.0
100
AcDbText
  0
TEXT
  5
4A8
330
17
100
AcDbEntity
  8
点
 62
4
100
AcDbText
 10
470113.5
 20
4349717.5
 30
0.0
 40
0.3
  1
0.88
  7
CN_TTF
 11
470113.5
 21
4349717.5
 31
0.0
100
AcDbText
  0
TEXT
  5
4A9
330
17
100
AcDbEntity
  8
点
 62
4
100
AcDbText
 10
470113.5
 20
4349718.5
 30
0.0
 40
0.3
  1
0.88
  7
CN_TTF
 11
470113.5
 21
4349718.5
 31
0.0
100
AcDbText
  0
TEXT
  5
4AA
330
17
100
AcDbEntity
  8
点
 62
4
100
AcDbText
 10
470113.5
 20
4349719.5
 30
0.0
 40
0.3
  1
0.74
  7
CN_TTF
 11
470113.5
 21
4349719.5
 31
0.0
100
AcDbText
  0
TEXT
  5
4AB
330
17
100
AcDbEntity
  8
点
 62
4
100
AcDbText
 10
470113.5
 20
4349720.5
 30
0.0
 40
0.3
  1
0.74
  7
CN_TTF
 11
470113.5
 21
4349720.5
 31
0.0
100
AcDbText
  0
TEXT
  5
4AC
330
17
100
AcDbEntity
  8
点
 62
4
100
AcDbText
 10
470113.5
 20
4349721.5
 30
0.0
 40
0.3
  1
0.74
  7
CN_TTF
 11
470113.5
 21
4349721.5
 31
0.0
100
AcDbText
  0
TEXT
  5
4AD
330
17
100
AcDbEntity
  8
点
 62
4
100
AcDbText
 10
470113.5
 20
4349722.5
 30
0.0
 40
0.3
  1
0.74
  7
CN_TTF
 11
470113.5
 21
4349722.5
 31
0.0
100
AcDbText
  0
TEXT
  5
4AE
330
17
100
AcDbEntity
  8
点
 62
4
100
AcDbText
 10
470113.5
 20
4349723.5
 30
0.0
 40
0.3
  1
0.74
  7
CN_TTF
 11
470113.5
 21
4349723.5
 31
0.0
100
AcDbText
  0
TEXT
  5
4AF
330
17
100
AcDbEntity
  8
点
 62
4
100
AcDbText
 10
470113.5
 20
4349724.5
 30
0.0
 40
0.3
  1
0.74
  7
CN_TTF
 11
470113.5
 21
4349724.5
 31
0.0
100
AcDbText
  0
TEXT
  5
4B0
330
17
100
AcDbEntity
  8
点
 62
4
100
AcDbText
 10
470113.5
 20
4349725.5
 30
0.0
 40
0.3
  1
0.74
  7
CN_TTF
 11
470113.5
 21
4349725.5
 31
0.0
100
AcDbText
  0
TEXT
  5
4B1
330
17
100
AcDbEntity
  8
点
 62
4
100
AcDbText
 10
470114.5
 20
4349704.5
 30
0.0
 40
0.3
  1
0.89
  7
CN_TTF
 11
470114.5
 21
4349704.5
 31
0.0
100
AcDbText
  0
TEXT
  5
4B2
330
17
100
AcDbEntity
  8
点
 62
4
100
AcDbText
 10
470114.5
 20
4349705.5
 30
0.0
 40
0.3
  1
0.89
  7
CN_TTF
 11
470114.5
 21
4349705.5
 31
0.0
100
AcDbText
  0
TEXT
  5
4B3
330
17
100
AcDbEntity
  8
点
 62
4
100
AcDbText
 10
470114.5
 20
4349706.5
 30
0.0
 40
0.3
  1
0.89
  7
CN_TTF
 11
470114.5
 21
4349706.5
 31
0.0
100
AcDbText
  0
TEXT
  5
4B4
330
17
100
AcDbEntity
  8
点
 62
4
100
AcDbText
 10
470114.5
 20
4349707.5
 30
0.0
 40
0.3
  1
0.44
  7
CN_TTF
 11
470114.5
 21
4349707.5
 31
0.0
100
AcDbText
  0
TEXT
  5
4B5
330
17
100
AcDbEntity
  8
点
 62
4
100
AcDbText
 10
470114.5
 20
4349708.5
 30
0.0
 40
0.3
  1
0.44
  7
CN_TTF
 11
470114.5
 21
4349708.5
 31
0.0
100
AcDbText
  0
TEXT
  5
4B6
330
17
100
AcDbEntity
  8
点
 62
4
100
AcDbText
 10
470114.5
 20
4349709.5
 30
0.0
 40
0.3
  1
0.44
  7
CN_TTF
 11
470114.5
 21
4349709.5
 31
0.0
100
AcDbText
  0
TEXT
  5
4B7
330
17
100
AcDbEntity
  8
点
 62
4
100
AcDbText
 10
470114.5
 20
4349710.5
 30
0.0
 40
0.3
  1
0.44
  7
CN_TTF
 11
470114.5
 21
4349710.5
 31
0.0
100
AcDbText
  0
TEXT
  5
4B8
330
17
100
AcDbEntity
  8
点
 62
4
100
AcDbText
 10
470114.5
 20
4349711.5
 30
0.0
 40
0.3
  1
0.44
  7
CN_TTF
 11
470114.5
 21
4349711.5
 31
0.0
100
AcDbText
  0
TEXT
  5
4B9
330
17
100
AcDbEntity
  8
点
 62
4
100
AcDbText
 10
470114.5
 20
4349712.5
 30
0.0
 40
0.3
  1
0.44
  7
CN_TTF
 11
470114.5
 21
4349712.5
 31
0.0
100
AcDbText
  0
TEXT
  5
4BA
330
17
100
AcDbEntity
  8
点
 62
4
100
AcDbText
 10
470114.5
 20
4349713.5
 30
0.0
 40
0.3
  1
0.44
  7
CN_TTF
 11
470114.5
 21
4349713.5
 31
0.0
100
AcDbText
  0
TEXT
  5
4BB
330
17
100
AcDbEntity
  8
点
 62
4
100
AcDbText
 10
470114.5
 20
4349714.5
 30
0.0
 40
0.3
  1
0.88
  7
CN_TTF
 11
470114.5
 21
4349714.5
 31
0.0
100
AcDbText
  0
TEXT
  5
4BC
330
17
100
AcDbEntity
  8
点
 62
4
100
AcDbText
 10
470114.5
 20
4349715.5
 30
0.0
 40
0.3
  1
0.88
  7
CN_TTF
 11
470114.5
 21
4349715.5
 31
0.0
100
AcDbText
  0
TEXT
  5
4BD
330
17
100
AcDbEntity
  8
点
 62
4
100
AcDbText
 10
470114.5
 20
4349716.5
 30
0.0
 40
0.3
  1
0.88
  7
CN_TTF
 11
470114.5
 21
4349716.5
 31
0.0
100
AcDbText
  0
TEXT
  5
4BE
330
17
100
AcDbEntity
  8
点
 62
4
100
AcDbText
 10
470114.5
 20
4349717.5
 30
0.0
 40
0.3
  1
0.88
  7
CN_TTF
 11
470114.5
 21
4349717.5
 31
0.0
100
AcDbText
  0
TEXT
  5
4BF
330
17
100
AcDbEntity
  8
点
 62
4
100
AcDbText
 10
470114.5
 20
4349718.5
 30
0.0
 40
0.3
  1
0.88
  7
CN_TTF
 11
470114.5
 21
4349718.5
 31
0.0
100
AcDbText
  0
TEXT
  5
4C0
330
17
100
AcDbEntity
  8
点
 62
4
100
AcDbText
 10
470114.5
 20
4349719.5
 30
0.0
 40
0.3
  1
0.74
  7
CN_TTF
 11
470114.5
 21
4349719.5
 31
0.0
100
AcDbText
  0
TEXT
  5
4C1
330
17
100
AcDbEntity
  8
点
 62
4
100
AcDbText
 10
470114.5
 20
4349720.5
 30
0.0
 40
0.3
  1
0.74
  7
CN_TTF
 11
470114.5
 21
4349720.5
 31
0.0
100
AcDbText
  0
TEXT
  5
4C2
330
17
100
AcDbEntity
  8
点
 62
4
100
AcDbText
 10
470114.5
 20
4349721.5
 30
0.0
 40
0.3
  1
0.74
  7
CN_TTF
 11
470114.5
 21
4349721.5
 31
0.0
100
AcDbText
  0
TEXT
  5
4C3
330
17
100
AcDbEntity
  8
点
 62
4
100
AcDbText
 10
470114.5
 20
4349722.5
 30
0.0
 40
0.3
  1
0.74
  7
CN_TTF
 11
470114.5
 21
4349722.5
 31
0.0
100
AcDbText
  0
TEXT
  5
4C4
330
17
100
AcDbEntity
  8
点
 62
4
100
AcDbText
 10
470114.5
 20
4349723.5
 30
0.0
 40
0.3
  1
0.74
  7
CN_TTF
 11
470114.5
 21
4349723.5
 31
0.0
100
AcDbText
  0
TEXT
  5
4C5
330
17
100
AcDbEntity
  8
点
 62
4
100
AcDbText
 10
470114.5
 20
4349724.5
 30
0.0
 40
0.3
  1
0.74
  7
CN_TTF
 11
470114.5
 21
4349724.5
 31
0.0
100
AcDbText
  0
TEXT
  5
4C6
330
17
100
AcDbEntity
  8
点
 62
4
100
AcDbText
 10
470114.5
 20
4349725.5
 30
0.0
 40
0.3
  1
0.74
  7
CN_TTF
 11
470114.5
 21
4349725.5
 31
0.0
100
AcDbText
  0
TEXT
  5
4C7
330
17
100
AcDbEntity
  8
点
 62
4
100
AcDbText
 10
470114.5
 20
4349726.5
 30
0.0
 40
0.3
  1
0.74
  7
CN_TTF
 11
470114.5
 21
4349726.5
 31
0.0
100
AcDbText
  0
TEXT
  5
4C8
330
17
100
AcDbEntity
  8
点
 62
4
100
AcDbText
 10
470114.5
 20
4349730.5
 30
0.0
 40
0.3
  1
0.72
  7
CN_TTF
 11
470114.5
 21
4349730.5
 31
0.0
100
AcDbText
  0
TEXT
  5
4C9
330
17
100
AcDbEntity
  8
点
 62
4
100
AcDbText
 10
470114.5
 20
4349731.5
 30
0.0
 40
0.3
  1
0.72
  7
CN_TTF
 11
470114.5
 21
4349731.5
 31
0.0
100
AcDbText
  0
TEXT
  5
4CA
330
17
100
AcDbEntity
  8
点
 62
4
100
AcDbText
 10
470115.5
 20
4349707.5
 30
0.0
 40
0.3
  1
0.44
  7
CN_TTF
 11
470115.5
 21
4349707.5
 31
0.0
100
AcDbText
  0
TEXT
  5
4CB
330
17
100
AcDbEntity
  8
点
 62
4
100
AcDbText
 10
470115.5
 20
4349708.5
 30
0.0
 40
0.3
  1
0.44
  7
CN_TTF
 11
470115.5
 21
4349708.5
 31
0.0
100
AcDbText
  0
TEXT
  5
4CC
330
17
100
AcDbEntity
  8
点
 62
4
100
AcDbText
 10
470115.5
 20
4349709.5
 30
0.0
 40
0.3
  1
0.44
  7
CN_TTF
 11
470115.5
 21
4349709.5
 31
0.0
100
AcDbText
  0
TEXT
  5
4CD
330
17
100
AcDbEntity
  8
点
 62
4
100
AcDbText
 10
470115.5
 20
4349710.5
 30
0.0
 40
0.3
  1
0.44
  7
CN_TTF
 11
470115.5
 21
4349710.5
 31
0.0
100
AcDbText
  0
TEXT
  5
4CE
330
17
100
AcDbEntity
  8
点
 62
4
100
AcDbText
 10
470115.5
 20
4349711.5
 30
0.0
 40
0.3
  1
0.44
  7
CN_TTF
 11
470115.5
 21
4349711.5
 31
0.0
100
AcDbText
  0
TEXT
  5
4CF
330
17
100
AcDbEntity
  8
点
 62
4
100
AcDbText
 10
470115.5
 20
4349712.5
 30
0.0
 40
0.3
  1
0.44
  7
CN_TTF
 11
470115.5
 21
4349712.5
 31
0.0
100
AcDbText
  0
TEXT
  5
4D0
330
17
100
AcDbEntity
  8
点
 62
4
100
AcDbText
 10
470115.5
 20
4349713.5
 30
0.0
 40
0.3
  1
0.44
  7
CN_TTF
 11
470115.5
 21
4349713.5
 31
0.0
100
AcDbText
  0
TEXT
  5
4D1
330
17
100
AcDbEntity
  8
点
 62
4
100
AcDbText
 10
470115.5
 20
4349714.5
 30
0.0
 40
0.3
  1
0.88
  7
CN_TTF
 11
470115.5
 21
4349714.5
 31
0.0
100
AcDbText
  0
TEXT
  5
4D2
330
17
100
AcDbEntity
  8
点
 62
4
100
AcDbText
 10
470115.5
 20
4349715.5
 30
0.0
 40
0.3
  1
0.88
  7
CN_TTF
 11
470115.5
 21
4349715.5
 31
0.0
100
AcDbText
  0
TEXT
  5
4D3
330
17
100
AcDbEntity
  8
点
 62
4
100
AcDbText
 10
470115.5
 20
4349716.5
 30
0.0
 40
0.3
  1
0.88
  7
CN_TTF
 11
470115.5
 21
4349716.5
 31
0.0
100
AcDbText
  0
TEXT
  5
4D4
330
17
100
AcDbEntity
  8
点
 62
4
100
AcDbText
 10
470115.5
 20
4349717.5
 30
0.0
 40
0.3
  1
0.88
  7
CN_TTF
 11
470115.5
 21
4349717.5
 31
0.0
100
AcDbText
  0
TEXT
  5
4D5
330
17
100
AcDbEntity
  8
点
 62
4
100
AcDbText
 10
470115.5
 20
4349718.5
 30
0.0
 40
0.3
  1
0.88
  7
CN_TTF
 11
470115.5
 21
4349718.5
 31
0.0
100
AcDbText
  0
TEXT
  5
4D6
330
17
100
AcDbEntity
  8
点
 62
4
100
AcDbText
 10
470115.5
 20
4349719.5
 30
0.0
 40
0.3
  1
0.74
  7
CN_TTF
 11
470115.5
 21
4349719.5
 31
0.0
100
AcDbText
  0
TEXT
  5
4D7
330
17
100
AcDbEntity
  8
点
 62
4
100
AcDbText
 10
470115.5
 20
4349720.5
 30
0.0
 40
0.3
  1
0.74
  7
CN_TTF
 11
470115.5
 21
4349720.5
 31
0.0
100
AcDbText
  0
TEXT
  5
4D8
330
17
100
AcDbEntity
  8
点
 62
4
100
AcDbText
 10
470115.5
 20
4349721.5
 30
0.0
 40
0.3
  1
0.74
  7
CN_TTF
 11
470115.5
 21
4349721.5
 31
0.0
100
AcDbText
  0
TEXT
  5
4D9
330
17
100
AcDbEntity
  8
点
 62
4
100
AcDbText
 10
470115.5
 20
4349722.5
 30
0.0
 40
0.3
  1
0.74
  7
CN_TTF
 11
470115.5
 21
4349722.5
 31
0.0
100
AcDbText
  0
TEXT
  5
4DA
330
17
100
AcDbEntity
  8
点
 62
4
100
AcDbText
 10
470115.5
 20
4349723.5
 30
0.0
 40
0.3
  1
0.74
  7
CN_TTF
 11
470115.5
 21
4349723.5
 31
0.0
100
AcDbText
  0
TEXT
  5
4DB
330
17
100
AcDbEntity
  8
点
 62
4
100
AcDbText
 10
470115.5
 20
4349724.5
 30
0.0
 40
0.3
  1
0.74
  7
CN_TTF
 11
470115.5
 21
4349724.5
 31
0.0
100
AcDbText
  0
TEXT
  5
4DC
330
17
100
AcDbEntity
  8
点
 62
4
100
AcDbText
 10
470115.5
 20
4349725.5
 30
0.0
 40
0.3
  1
0.74
  7
CN_TTF
 11
470115.5
 21
4349725.5
 31
0.0
100
AcDbText
  0
TEXT
  5
4DD
330
17
100
AcDbEntity
  8
点
 62
4
100
AcDbText
 10
470115.5
 20
4349726.5
 30
0.0
 40
0.3
  1
0.74
  7
CN_TTF
 11
470115.5
 21
4349726.5
 31
0.0
100
AcDbText
  0
TEXT
  5
4DE
330
17
100
AcDbEntity
  8
点
 62
4
100
AcDbText
 10
470115.5
 20
4349727.5
 30
0.0
 40
0.3
  1
0.72
  7
CN_TTF
 11
470115.5
 21
4349727.5
 31
0.0
100
AcDbText
  0
TEXT
  5
4DF
330
17
100
AcDbEntity
  8
点
 62
4
100
AcDbText
 10
470115.5
 20
4349728.5
 30
0.0
 40
0.3
  1
0.72
  7
CN_TTF
 11
470115.5
 21
4349728.5
 31
0.0
100
AcDbText
  0
TEXT
  5
4E0
330
17
100
AcDbEntity
  8
点
 62
4
100
AcDbText
 10
470115.5
 20
4349729.5
 30
0.0
 40
0.3
  1
0.72
  7
CN_TTF
 11
470115.5
 21
4349729.5
 31
0.0
100
AcDbText
  0
TEXT
  5
4E1
330
17
100
AcDbEntity
  8
点
 62
4
100
AcDbText
 10
470115.5
 20
4349730.5
 30
0.0
 40
0.3
  1
0.72
  7
CN_TTF
 11
470115.5
 21
4349730.5
 31
0.0
100
AcDbText
  0
TEXT
  5
4E2
330
17
100
AcDbEntity
  8
点
 62
4
100
AcDbText
 10
470115.5
 20
4349731.5
 30
0.0
 40
0.3
  1
0.72
  7
CN_TTF
 11
470115.5
 21
4349731.5
 31
0.0
100
AcDbText
  0
TEXT
  5
4E3
330
17
100
AcDbEntity
  8
点
 62
4
100
AcDbText
 10
470115.5
 20
4349732.5
 30
0.0
 40
0.3
  1
0.72
  7
CN_TTF
 11
470115.5
 21
4349732.5
 31
0.0
100
AcDbText
  0
TEXT
  5
4E4
330
17
100
AcDbEntity
  8
点
 62
4
100
AcDbText
 10
470116.5
 20
4349710.5
 30
0.0
 40
0.3
  1
0.44
  7
CN_TTF
 11
470116.5
 21
4349710.5
 31
0.0
100
AcDbText
  0
TEXT
  5
4E5
330
17
100
AcDbEntity
  8
点
 62
4
100
AcDbText
 10
470116.5
 20
4349711.5
 30
0.0
 40
0.3
  1
0.44
  7
CN_TTF
 11
470116.5
 21
4349711.5
 31
0.0
100
AcDbText
  0
TEXT
  5
4E6
330
17
100
AcDbEntity
  8
点
 62
4
100
AcDbText
 10
470116.5
 20
4349712.5
 30
0.0
 40
0.3
  1
0.44
  7
CN_TTF
 11
470116.5
 21
4349712.5
 31
0.0
100
AcDbText
  0
TEXT
  5
4E7
330
17
100
AcDbEntity
  8
点
 62
4
100
AcDbText
 10
470116.5
 20
4349713.5
 30
0.0
 40
0.3
  1
0.44
  7
CN_TTF
 11
470116.5
 21
4349713.5
 31
0.0
100
AcDbText
  0
TEXT
  5
4E8
330
17
100
AcDbEntity
  8
点
 62
4
100
AcDbText
 10
470116.5
 20
4349714.5
 30
0.0
 40
0.3
  1
0.88
  7
CN_TTF
 11
470116.5
 21
4349714.5
 31
0.0
100
AcDbText
  0
TEXT
  5
4E9
330
17
100
AcDbEntity
  8
点
 62
4
100
AcDbText
 10
470116.5
 20
4349715.5
 30
0.0
 40
0.3
  1
0.88
  7
CN_TTF
 11
470116.5
 21
4349715.5
 31
0.0
100
AcDbText
  0
TEXT
  5
4EA
330
17
100
AcDbEntity
  8
点
 62
4
100
AcDbText
 10
470116.5
 20
4349716.5
 30
0.0
 40
0.3
  1
0.88
  7
CN_TTF
 11
470116.5
 21
4349716.5
 31
0.0
100
AcDbText
  0
TEXT
  5
4EB
330
17
100
AcDbEntity
  8
点
 62
4
100
AcDbText
 10
470116.5
 20
4349717.5
 30
0.0
 40
0.3
  1
0.88
  7
CN_TTF
 11
470116.5
 21
4349717.5
 31
0.0
100
AcDbText
  0
TEXT
  5
4EC
330
17
100
AcDbEntity
  8
点
 62
4
100
AcDbText
 10
470116.5
 20
4349718.5
 30
0.0
 40
0.3
  1
0.88
  7
CN_TTF
 11
470116.5
 21
4349718.5
 31
0.0
100
AcDbText
  0
TEXT
  5
4ED
330
17
100
AcDbEntity
  8
点
 62
4
100
AcDbText
 10
470116.5
 20
4349719.5
 30
0.0
 40
0.3
  1
0.74
  7
CN_TTF
 11
470116.5
 21
4349719.5
 31
0.0
100
AcDbText
  0
TEXT
  5
4EE
330
17
100
AcDbEntity
  8
点
 62
4
100
AcDbText
 10
470116.5
 20
4349720.5
 30
0.0
 40
0.3
  1
0.74
  7
CN_TTF
 11
470116.5
 21
4349720.5
 31
0.0
100
AcDbText
  0
TEXT
  5
4EF
330
17
100
AcDbEntity
  8
点
 62
4
100
AcDbText
 10
470116.5
 20
4349721.5
 30
0.0
 40
0.3
  1
0.74
  7
CN_TTF
 11
470116.5
 21
4349721.5
 31
0.0
100
AcDbText
  0
TEXT
  5
4F0
330
17
100
AcDbEntity
  8
点
 62
4
100
AcDbText
 10
470116.5
 20
4349722.5
 30
0.0
 40
0.3
  1
0.74
  7
CN_TTF
 11
470116.5
 21
4349722.5
 31
0.0
100
AcDbText
  0
TEXT
  5
4F1
330
17
100
AcDbEntity
  8
点
 62
4
100
AcDbText
 10
470116.5
 20
4349723.5
 30
0.0
 40
0.3
  1
0.74
  7
CN_TTF
 11
470116.5
 21
4349723.5
 31
0.0
100
AcDbText
  0
TEXT
  5
4F2
330
17
100
AcDbEntity
  8
点
 62
4
100
AcDbText
 10
470116.5
 20
4349724.5
 30
0.0
 40
0.3
  1
0.74
  7
CN_TTF
 11
470116.5
 21
4349724.5
 31
0.0
100
AcDbText
  0
TEXT
  5
4F3
330
17
100
AcDbEntity
  8
点
 62
4
100
AcDbText
 10
470116.5
 20
4349725.5
 30
0.0
 40
0.3
  1
0.74
  7
CN_TTF
 11
470116.5
 21
4349725.5
 31
0.0
100
AcDbText
  0
TEXT
  5
4F4
330
17
100
AcDbEntity
  8
点
 62
4
100
AcDbText
 10
470116.5
 20
4349726.5
 30
0.0
 40
0.3
  1
0.74
  7
CN_TTF
 11
470116.5
 21
4349726.5
 31
0.0
100
AcDbText
  0
TEXT
  5
4F5
330
17
100
AcDbEntity
  8
点
 62
4
100
AcDbText
 10
470116.5
 20
4349727.5
 30
0.0
 40
0.3
  1
0.72
  7
CN_TTF
 11
470116.5
 21
4349727.5
 31
0.0
100
AcDbText
  0
TEXT
  5
4F6
330
17
100
AcDbEntity
  8
点
 62
4
100
AcDbText
 10
470116.5
 20
4349728.5
 30
0.0
 40
0.3
  1
0.72
  7
CN_TTF
 11
470116.5
 21
4349728.5
 31
0.0
100
AcDbText
  0
TEXT
  5
4F7
330
17
100
AcDbEntity
  8
点
 62
4
100
AcDbText
 10
470116.5
 20
4349729.5
 30
0.0
 40
0.3
  1
0.72
  7
CN_TTF
 11
470116.5
 21
4349729.5
 31
0.0
100
AcDbText
  0
TEXT
  5
4F8
330
17
100
AcDbEntity
  8
点
 62
4
100
AcDbText
 10
470116.5
 20
4349730.5
 30
0.0
 40
0.3
  1
0.72
  7
CN_TTF
 11
470116.5
 21
4349730.5
 31
0.0
100
AcDbText
  0
TEXT
  5
4F9
330
17
100
AcDbEntity
  8
点
 62
4
100
AcDbText
 10
470116.5
 20
4349731.5
 30
0.0
 40
0.3
  1
0.72
  7
CN_TTF
 11
470116.5
 21
4349731.5
 31
0.0
100
AcDbText
  0
TEXT
  5
4FA
330
17
100
AcDbEntity
  8
点
 62
4
100
AcDbText
 10
470116.5
 20
4349732.5
 30
0.0
 40
0.3
  1
0.72
  7
CN_TTF
 11
470116.5
 21
4349732.5
 31
0.0
100
AcDbText
  0
TEXT
  5
4FB
330
17
100
AcDbEntity
  8
点
 62
4
100
AcDbText
 10
470117.5
 20
4349713.5
 30
0.0
 40
0.3
  1
0.44
  7
CN_TTF
 11
470117.5
 21
4349713.5
 31
0.0
100
AcDbText
  0
TEXT
  5
4FC
330
17
100
AcDbEntity
  8
点
 62
4
100
AcDbText
 10
470117.5
 20
4349714.5
 30
0.0
 40
0.3
  1
0.88
  7
CN_TTF
 11
470117.5
 21
4349714.5
 31
0.0
100
AcDbText
  0
TEXT
  5
4FD
330
17
100
AcDbEntity
  8
点
 62
4
100
AcDbText
 10
470117.5
 20
4349715.5
 30
0.0
 40
0.3
  1
0.88
  7
CN_TTF
 11
470117.5
 21
4349715.5
 31
0.0
100
AcDbText
  0
TEXT
  5
4FE
330
17
100
AcDbEntity
  8
点
 62
4
100
AcDbText
 10
470117.5
 20
4349716.5
 30
0.0
 40
0.3
  1
0.88
  7
CN_TTF
 11
470117.5
 21
4349716.5
 31
0.0
100
AcDbText
  0
TEXT
  5
4FF
330
17
100
AcDbEntity
  8
点
 62
4
100
AcDbText
 10
470117.5
 20
4349717.5
 30
0.0
 40
0.3
  1
0.88
  7
CN_TTF
 11
470117.5
 21
4349717.5
 31
0.0
100
AcDbText
  0
TEXT
  5
500
330
17
100
AcDbEntity
  8
点
 62
4
100
AcDbText
 10
470117.5
 20
4349718.5
 30
0.0
 40
0.3
  1
0.88
  7
CN_TTF
 11
470117.5
 21
4349718.5
 31
0.0
100
AcDbText
  0
TEXT
  5
501
330
17
100
AcDbEntity
  8
点
 62
4
100
AcDbText
 10
470117.5
 20
4349719.5
 30
0.0
 40
0.3
  1
0.74
  7
CN_TTF
 11
470117.5
 21
4349719.5
 31
0.0
100
AcDbText
  0
TEXT
  5
502
330
17
100
AcDbEntity
  8
点
 62
4
100
AcDbText
 10
470117.5
 20
4349720.5
 30
0.0
 40
0.3
  1
0.74
  7
CN_TTF
 11
470117.5
 21
4349720.5
 31
0.0
100
AcDbText
  0
TEXT
  5
503
330
17
100
AcDbEntity
  8
点
 62
4
100
AcDbText
 10
470117.5
 20
4349721.5
 30
0.0
 40
0.3
  1
0.74
  7
CN_TTF
 11
470117.5
 21
4349721.5
 31
0.0
100
AcDbText
  0
TEXT
  5
504
330
17
100
AcDbEntity
  8
点
 62
4
100
AcDbText
 10
470117.5
 20
4349722.5
 30
0.0
 40
0.3
  1
0.74
  7
CN_TTF
 11
470117.5
 21
4349722.5
 31
0.0
100
AcDbText
  0
TEXT
  5
505
330
17
100
AcDbEntity
  8
点
 62
4
100
AcDbText
 10
470117.5
 20
4349723.5
 30
0.0
 40
0.3
  1
0.74
  7
CN_TTF
 11
470117.5
 21
4349723.5
 31
0.0
100
AcDbText
  0
TEXT
  5
506
330
17
100
AcDbEntity
  8
点
 62
4
100
AcDbText
 10
470117.5
 20
4349724.5
 30
0.0
 40
0.3
  1
0.74
  7
CN_TTF
 11
470117.5
 21
4349724.5
 31
0.0
100
AcDbText
  0
TEXT
  5
507
330
17
100
AcDbEntity
  8
点
 62
4
100
AcDbText
 10
470117.5
 20
4349725.5
 30
0.0
 40
0.3
  1
0.74
  7
CN_TTF
 11
470117.5
 21
4349725.5
 31
0.0
100
AcDbText
  0
TEXT
  5
508
330
17
100
AcDbEntity
  8
点
 62
4
100
AcDbText
 10
470117.5
 20
4349726.5
 30
0.0
 40
0.3
  1
0.72
  7
CN_TTF
 11
470117.5
 21
4349726.5
 31
0.0
100
AcDbText
  0
TEXT
  5
509
330
17
100
AcDbEntity
  8
点
 62
4
100
AcDbText
 10
470117.5
 20
4349727.5
 30
0.0
 40
0.3
  1
0.72
  7
CN_TTF
 11
470117.5
 21
4349727.5
 31
0.0
100
AcDbText
  0
TEXT
  5
50A
330
17
100
AcDbEntity
  8
点
 62
4
100
AcDbText
 10
470117.5
 20
4349728.5
 30
0.0
 40
0.3
  1
0.72
  7
CN_TTF
 11
470117.5
 21
4349728.5
 31
0.0
100
AcDbText
  0
TEXT
  5
50B
330
17
100
AcDbEntity
  8
点
 62
4
100
AcDbText
 10
470117.5
 20
4349729.5
 30
0.0
 40
0.3
  1
0.72
  7
CN_TTF
 11
470117.5
 21
4349729.5
 31
0.0
100
AcDbText
  0
TEXT
  5
50C
330
17
100
AcDbEntity
  8
点
 62
4
100
AcDbText
 10
470117.5
 20
4349730.5
 30
0.0
 40
0.3
  1
0.72
  7
CN_TTF
 11
470117.5
 21
4349730.5
 31
0.0
100
AcDbText
  0
TEXT
  5
50D
330
17
100
AcDbEntity
  8
点
 62
4
100
AcDbText
 10
470117.5
 20
4349731.5
 30
0.0
 40
0.3
  1
0.72
  7
CN_TTF
 11
470117.5
 21
4349731.5
 31
0.0
100
AcDbText
  0
TEXT
  5
50E
330
17
100
AcDbEntity
  8
点
 62
4
100
AcDbText
 10
470117.5
 20
4349732.5
 30
0.0
 40
0.3
  1
0.72
  7
CN_TTF
 11
470117.5
 21
4349732.5
 31
0.0
100
AcDbText
  0
TEXT
  5
50F
330
17
100
AcDbEntity
  8
点
 62
4
100
AcDbText
 10
470118.5
 20
4349717.5
 30
0.0
 40
0.3
  1
0.88
  7
CN_TTF
 11
470118.5
 21
4349717.5
 31
0.0
100
AcDbText
  0
TEXT
  5
510
330
17
100
AcDbEntity
  8
点
 62
4
100
AcDbText
 10
470118.5
 20
4349718.5
 30
0.0
 40
0.3
  1
0.88
  7
CN_TTF
 11
470118.5
 21
4349718.5
 31
0.0
100
AcDbText
  0
TEXT
  5
511
330
17
100
AcDbEntity
  8
点
 62
4
100
AcDbText
 10
470118.5
 20
4349719.5
 30
0.0
 40
0.3
  1
0.74
  7
CN_TTF
 11
470118.5
 21
4349719.5
 31
0.0
100
AcDbText
  0
TEXT
  5
512
330
17
100
AcDbEntity
  8
点
 62
4
100
AcDbText
 10
470118.5
 20
4349720.5
 30
0.0
 40
0.3
  1
0.74
  7
CN_TTF
 11
470118.5
 21
4349720.5
 31
0.0
100
AcDbText
  0
TEXT
  5
513
330
17
100
AcDbEntity
  8
点
 62
4
100
AcDbText
 10
470118.5
 20
4349721.5
 30
0.0
 40
0.3
  1
0.74
  7
CN_TTF
 11
470118.5
 21
4349721.5
 31
0.0
100
AcDbText
  0
TEXT
  5
514
330
17
100
AcDbEntity
  8
点
 62
4
100
AcDbText
 10
470118.5
 20
4349722.5
 30
0.0
 40
0.3
  1
0.74
  7
CN_TTF
 11
470118.5
 21
4349722.5
 31
0.0
100
AcDbText
  0
TEXT
  5
515
330
17
100
AcDbEntity
  8
点
 62
4
100
AcDbText
 10
470118.5
 20
4349723.5
 30
0.0
 40
0.3
  1
0.74
  7
CN_TTF
 11
470118.5
 21
4349723.5
 31
0.0
100
AcDbText
  0
TEXT
  5
516
330
17
100
AcDbEntity
  8
点
 62
4
100
AcDbText
 10
470118.5
 20
4349724.5
 30
0.0
 40
0.3
  1
0.74
  7
CN_TTF
 11
470118.5
 21
4349724.5
 31
0.0
100
AcDbText
  0
TEXT
  5
517
330
17
100
AcDbEntity
  8
点
 62
4
100
AcDbText
 10
470118.5
 20
4349725.5
 30
0.0
 40
0.3
  1
0.72
  7
CN_TTF
 11
470118.5
 21
4349725.5
 31
0.0
100
AcDbText
  0
TEXT
  5
518
330
17
100
AcDbEntity
  8
点
 62
4
100
AcDbText
 10
470118.5
 20
4349726.5
 30
0.0
 40
0.3
  1
0.72
  7
CN_TTF
 11
470118.5
 21
4349726.5
 31
0.0
100
AcDbText
  0
TEXT
  5
519
330
17
100
AcDbEntity
  8
点
 62
4
100
AcDbText
 10
470118.5
 20
4349727.5
 30
0.0
 40
0.3
  1
0.72
  7
CN_TTF
 11
470118.5
 21
4349727.5
 31
0.0
100
AcDbText
  0
TEXT
  5
51A
330
17
100
AcDbEntity
  8
点
 62
4
100
AcDbText
 10
470118.5
 20
4349728.5
 30
0.0
 40
0.3
  1
0.72
  7
CN_TTF
 11
470118.5
 21
4349728.5
 31
0.0
100
AcDbText
  0
TEXT
  5
51B
330
17
100
AcDbEntity
  8
点
 62
4
100
AcDbText
 10
470118.5
 20
4349729.5
 30
0.0
 40
0.3
  1
0.72
  7
CN_TTF
 11
470118.5
 21
4349729.5
 31
0.0
100
AcDbText
  0
TEXT
  5
51C
330
17
100
AcDbEntity
  8
点
 62
4
100
AcDbText
 10
470118.5
 20
4349730.5
 30
0.0
 40
0.3
  1
0.72
  7
CN_TTF
 11
470118.5
 21
4349730.5
 31
0.0
100
AcDbText
  0
TEXT
  5
51D
330
17
100
AcDbEntity
  8
点
 62
4
100
AcDbText
 10
470118.5
 20
4349731.5
 30
0.0
 40
0.3
  1
0.72
  7
CN_TTF
 11
470118.5
 21
4349731.5
 31
0.0
100
AcDbText
  0
TEXT
  5
51E
330
17
100
AcDbEntity
  8
点
 62
4
100
AcDbText
 10
470118.5
 20
4349732.5
 30
0.0
 40
0.3
  1
0.72
  7
CN_TTF
 11
470118.5
 21
4349732.5
 31
0.0
100
AcDbText
  0
TEXT
  5
51F
330
17
100
AcDbEntity
  8
点
 62
4
100
AcDbText
 10
470118.5
 20
4349733.5
 30
0.0
 40
0.3
  1
0.72
  7
CN_TTF
 11
470118.5
 21
4349733.5
 31
0.0
100
AcDbText
  0
TEXT
  5
520
330
17
100
AcDbEntity
  8
点
 62
4
100
AcDbText
 10
470119.5
 20
4349720.5
 30
0.0
 40
0.3
  1
0.74
  7
CN_TTF
 11
470119.5
 21
4349720.5
 31
0.0
100
AcDbText
  0
TEXT
  5
521
330
17
100
AcDbEntity
  8
点
 62
4
100
AcDbText
 10
470119.5
 20
4349721.5
 30
0.0
 40
0.3
  1
0.74
  7
CN_TTF
 11
470119.5
 21
4349721.5
 31
0.0
100
AcDbText
  0
TEXT
  5
522
330
17
100
AcDbEntity
  8
点
 62
4
100
AcDbText
 10
470119.5
 20
4349722.5
 30
0.0
 40
0.3
  1
0.74
  7
CN_TTF
 11
470119.5
 21
4349722.5
 31
0.0
100
AcDbText
  0
TEXT
  5
523
330
17
100
AcDbEntity
  8
点
 62
4
100
AcDbText
 10
470119.5
 20
4349723.5
 30
0.0
 40
0.3
  1
0.74
  7
CN_TTF
 11
470119.5
 21
4349723.5
 31
0.0
100
AcDbText
  0
TEXT
  5
524
330
17
100
AcDbEntity
  8
点
 62
4
100
AcDbText
 10
470119.5
 20
4349724.5
 30
0.0
 40
0.3
  1
0.72
  7
CN_TTF
 11
470119.5
 21
4349724.5
 31
0.0
100
AcDbText
  0
TEXT
  5
525
330
17
100
AcDbEntity
  8
点
 62
4
100
AcDbText
 10
470119.5
 20
4349725.5
 30
0.0
 40
0.3
  1
0.72
  7
CN_TTF
 11
470119.5
 21
4349725.5
 31
0.0
100
AcDbText
  0
TEXT
  5
526
330
17
100
AcDbEntity
  8
点
 62
4
100
AcDbText
 10
470119.5
 20
4349726.5
 30
0.0
 40
0.3
  1
0.72
  7
CN_TTF
 11
470119.5
 21
4349726.5
 31
0.0
100
AcDbText
  0
TEXT
  5
527
330
17
100
AcDbEntity
  8
点
 62
4
100
AcDbText
 10
470119.5
 20
4349727.5
 30
0.0
 40
0.3
  1
0.72
  7
CN_TTF
 11
470119.5
 21
4349727.5
 31
0.0
100
AcDbText
  0
TEXT
  5
528
330
17
100
AcDbEntity
  8
点
 62
4
100
AcDbText
 10
470119.5
 20
4349728.5
 30
0.0
 40
0.3
  1
0.72
  7
CN_TTF
 11
470119.5
 21
4349728.5
 31
0.0
100
AcDbText
  0
TEXT
  5
529
330
17
100
AcDbEntity
  8
点
 62
4
100
AcDbText
 10
470119.5
 20
4349729.5
 30
0.0
 40
0.3
  1
0.72
  7
CN_TTF
 11
470119.5
 21
4349729.5
 31
0.0
100
AcDbText
  0
TEXT
  5
52A
330
17
100
AcDbEntity
  8
点
 62
4
100
AcDbText
 10
470119.5
 20
4349730.5
 30
0.0
 40
0.3
  1
0.72
  7
CN_TTF
 11
470119.5
 21
4349730.5
 31
0.0
100
AcDbText
  0
TEXT
  5
52B
330
17
100
AcDbEntity
  8
点
 62
4
100
AcDbText
 10
470119.5
 20
4349731.5
 30
0.0
 40
0.3
  1
0.72
  7
CN_TTF
 11
470119.5
 21
4349731.5
 31
0.0
100
AcDbText
  0
TEXT
  5
52C
330
17
100
AcDbEntity
  8
点
 62
4
100
AcDbText
 10
470119.5
 20
4349732.5
 30
0.0
 40
0.3
  1
0.72
  7
CN_TTF
 11
470119.5
 21
4349732.5
 31
0.0
100
AcDbText
  0
TEXT
  5
52D
330
17
100
AcDbEntity
  8
点
 62
4
100
AcDbText
 10
470119.5
 20
4349733.5
 30
0.0
 40
0.3
  1
0.72
  7
CN_TTF
 11
470119.5
 21
4349733.5
 31
0.0
100
AcDbText
  0
TEXT
  5
52E
330
17
100
AcDbEntity
  8
点
 62
4
100
AcDbText
 10
470120.5
 20
4349723.5
 30
0.0
 40
0.3
  1
0.74
  7
CN_TTF
 11
470120.5
 21
4349723.5
 31
0.0
100
AcDbText
  0
TEXT
  5
52F
330
17
100
AcDbEntity
  8
点
 62
4
100
AcDbText
 10
470120.5
 20
4349724.5
 30
0.0
 40
0.3
  1
0.72
  7
CN_TTF
 11
470120.5
 21
4349724.5
 31
0.0
100
AcDbText
  0
TEXT
  5
530
330
17
100
AcDbEntity
  8
点
 62
4
100
AcDbText
 10
470120.5
 20
4349725.5
 30
0.0
 40
0.3
  1
0.72
  7
CN_TTF
 11
470120.5
 21
4349725.5
 31
0.0
100
AcDbText
  0
TEXT
  5
531
330
17
100
AcDbEntity
  8
点
 62
4
100
AcDbText
 10
470120.5
 20
4349726.5
 30
0.0
 40
0.3
  1
0.72
  7
CN_TTF
 11
470120.5
 21
4349726.5
 31
0.0
100
AcDbText
  0
TEXT
  5
532
330
17
100
AcDbEntity
  8
点
 62
4
100
AcDbText
 10
470120.5
 20
4349727.5
 30
0.0
 40
0.3
  1
0.72
  7
CN_TTF
 11
470120.5
 21
4349727.5
 31
0.0
100
AcDbText
  0
TEXT
  5
533
330
17
100
AcDbEntity
  8
点
 62
4
100
AcDbText
 10
470120.5
 20
4349728.5
 30
0.0
 40
0.3
  1
0.72
  7
CN_TTF
 11
470120.5
 21
4349728.5
 31
0.0
100
AcDbText
  0
TEXT
  5
534
330
17
100
AcDbEntity
  8
点
 62
4
100
AcDbText
 10
470120.5
 20
4349729.5
 30
0.0
 40
0.3
  1
0.72
  7
CN_TTF
 11
470120.5
 21
4349729.5
 31
0.0
100
AcDbText
  0
TEXT
  5
535
330
17
100
AcDbEntity
  8
点
 62
4
100
AcDbText
 10
470120.5
 20
4349730.5
 30
0.0
 40
0.3
  1
0.72
  7
CN_TTF
 11
470120.5
 21
4349730.5
 31
0.0
100
AcDbText
  0
TEXT
  5
536
330
17
100
AcDbEntity
  8
点
 62
4
100
AcDbText
 10
470120.5
 20
4349731.5
 30
0.0
 40
0.3
  1
0.72
  7
CN_TTF
 11
470120.5
 21
4349731.5
 31
0.0
100
AcDbText
  0
TEXT
  5
537
330
17
100
AcDbEntity
  8
点
 62
4
100
AcDbText
 10
470120.5
 20
4349732.5
 30
0.0
 40
0.3
  1
0.72
  7
CN_TTF
 11
470120.5
 21
4349732.5
 31
0.0
100
AcDbText
  0
TEXT
  5
538
330
17
100
AcDbEntity
  8
点
 62
4
100
AcDbText
 10
470120.5
 20
4349733.5
 30
0.0
 40
0.3
  1
0.72
  7
CN_TTF
 11
470120.5
 21
4349733.5
 31
0.0
100
AcDbText
  0
TEXT
  5
539
330
17
100
AcDbEntity
  8
点
 62
4
100
AcDbText
 10
470121.5
 20
4349727.5
 30
0.0
 40
0.3
  1
0.72
  7
CN_TTF
 11
470121.5
 21
4349727.5
 31
0.0
100
AcDbText
  0
TEXT
  5
53A
330
17
100
AcDbEntity
  8
点
 62
4
100
AcDbText
 10
470121.5
 20
4349728.5
 30
0.0
 40
0.3
  1
0.72
  7
CN_TTF
 11
470121.5
 21
4349728.5
 31
0.0
100
AcDbText
  0
TEXT
  5
53B
330
17
100
AcDbEntity
  8
点
 62
4
100
AcDbText
 10
470121.5
 20
4349729.5
 30
0.0
 40
0.3
  1
0.72
  7
CN_TTF
 11
470121.5
 21
4349729.5
 31
0.0
100
AcDbText
  0
TEXT
  5
53C
330
17
100
AcDbEntity
  8
点
 62
4
100
AcDbText
 10
470121.5
 20
4349730.5
 30
0.0
 40
0.3
  1
0.72
  7
CN_TTF
 11
470121.5
 21
4349730.5
 31
0.0
100
AcDbText
  0
TEXT
  5
53D
330
17
100
AcDbEntity
  8
点
 62
4
100
AcDbText
 10
470121.5
 20
4349731.5
 30
0.0
 40
0.3
  1
0.72
  7
CN_TTF
 11
470121.5
 21
4349731.5
 31
0.0
100
AcDbText
  0
TEXT
  5
53E
330
17
100
AcDbEntity
  8
点
 62
4
100
AcDbText
 10
470121.5
 20
4349732.5
 30
0.0
 40
0.3
  1
0.72
  7
CN_TTF
 11
470121.5
 21
4349732.5
 31
0.0
100
AcDbText
  0
TEXT
  5
53F
330
17
100
AcDbEntity
  8
点
 62
4
100
AcDbText
 10
470121.5
 20
4349733.5
 30
0.0
 40
0.3
  1
0.72
  7
CN_TTF
 11
470121.5
 21
4349733.5
 31
0.0
100
AcDbText
  0
TEXT
  5
540
330
17
100
AcDbEntity
  8
点
 62
4
100
AcDbText
 10
470122.5
 20
4349730.5
 30
0.0
 40
0.3
  1
0.72
  7
CN_TTF
 11
470122.5
 21
4349730.5
 31
0.0
100
AcDbText
  0
TEXT
  5
541
330
17
100
AcDbEntity
  8
点
 62
4
100
AcDbText
 10
470122.5
 20
4349731.5
 30
0.0
 40
0.3
  1
0.72
  7
CN_TTF
 11
470122.5
 21
4349731.5
 31
0.0
100
AcDbText
  0
LINE
  5
542
330
17
100
AcDbEntity
  8
钻孔
 62
5
100
AcDbLine
 10
470086.569
 20
4349652.07
 30
0.0
 11
470088.169
 21
4349652.07
 31
0.0
  0
LINE
  5
543
330
17
100
AcDbEntity
  8
钻孔
 62
5
100
AcDbLine
 10
470087.369
 20
4349651.2700000005
 30
0.0
 11
470087.369
 21
4349652.87
 31
0.0
  0
LINE
  5
544
330
17
100
AcDbEntity
  8
钻孔
 62
5
100
AcDbLine
 10
470087.369
 20
4349652.07
 30
0.0
 11
470090.905
 21
4349655.606000001
 31
0.0
  0
TEXT
  5
545
330
17
100
AcDbEntity
  8
钻孔
 62
138
100
AcDbText
 10
470091.30500000005
 20
4349655.606000001
 30
0.0
 40
0.4
  1
BS-3940-1004-P1
  7
CN_TTF
 11
470091.30500000005
 21
4349655.606000001
 31
0.0
100
AcDbText
  0
TEXT
  5
546
330
17
100
AcDbEntity
  8
钻孔
 62
5
100
AcDbText
 10
470091.30500000005
 20
4349656.606000001
 30
0.0
 40
0.7
  1
1.42
  7
CN_TTF
 11
470091.30500000005
 21
4349656.606000001
 31
0.0
100
AcDbText
  0
LINE
  5
547
330
17
100
AcDbEntity
  8
钻孔
 62
1
100
AcDbLine
 10
470090.141
 20
4349656.303
 30
0.0
 11
470091.741
 21
4349656.303
 31
0.0
  0
LINE
  5
548
330
17
100
AcDbEntity
  8
钻孔
 62
1
100
AcDbLine
 10
470090.941
 20
4349655.5030000005
 30
0.0
 11
470090.941
 21
4349657.103
 31
0.0
  0
LINE
  5
549
330
17
100
AcDbEntity
  8
钻孔
 62
1
100
AcDbLine
 10
470090.941
 20
4349656.303
 30
0.0
 11
470094.477
 21
4349659.839000001
 31
0.0
  0
TEXT
  5
54A
330
17
100
AcDbEntity
  8
钻孔
 62
138
100
AcDbText
 10
470094.87700000004
 20
4349659.839000001
 30
0.0
 40
0.4
  1
BS-3940-1004-P2
  7
CN_TTF
 11
470094.87700000004
 21
4349659.839000001
 31
0.0
100
AcDbText
  0
TEXT
  5
54B
330
17
100
AcDbEntity
  8
钻孔
 62
1
100
AcDbText
 10
470094.87700000004
 20
4349660.839000001
 30
0.0
 40
0.7
  1
1.91
  7
CN_TTF
 11
470094.87700000004
 21
4349660.839000001
 31
0.0
100
AcDbText
  0
LINE
  5
54C
330
17
100
AcDbEntity
  8
钻孔
 62
2
100
AcDbLine
 10
470089.528
 20
4349659.312
 30
0.0
 11
470091.12799999997
 21
4349659.312
 31
0.0
  0
LINE
  5
54D
330
17
100
AcDbEntity
  8
钻孔
 62
2
100
AcDbLine
 10
470090.328
 20
4349658.512
 30
0.0
 11
470090.328
 21
4349660.112
 31
0.0
  0
LINE
  5
54E
330
17
100
AcDbEntity
  8
钻孔
 62
2
100
AcDbLine
 10
470090.328
 20
4349659.312
 30
0.0
 11
470093.864
 21
4349662.848
 31
0.0
  0
TEXT
  5
54F
330
17
100
AcDbEntity
  8
钻孔
 62
138
100
AcDbText
 10
470094.264
 20
4349662.848
 30
0.0
 40
0.4
  1
BS-3940-1004-P3
  7
CN_TTF
 11
470094.264
 21
4349662.848
 31
0.0
100
AcDbText
  0
TEXT
  5
550
330
17
100
AcDbEntity
  8
钻孔
 62
2
100
AcDbText
 10
470094.264
 20
4349663.848
 30
0.0
 40
0.7
  1
3.21
  7
CN_TTF
 11
470094.264
 21
4349663.848
 31
0.0
100
AcDbText
  0
LINE
  5
551
330
17
100
AcDbEntity
  8
钻孔
 62
5
100
AcDbLine
 10
470093.607
 20
4349662.074
 30
0.0
 11
470095.207
 21
4349662.074
 31
0.0
  0
LINE
  5
552
330
17
100
AcDbEntity
  8
钻孔
 62
5
100
AcDbLine
 10
470094.407
 20
4349661.274
 30
0.0
 11
470094.407
 21
4349662.874
 31
0.0
  0
LINE
  5
553
330
17
100
AcDbEntity
  8
钻孔
 62
5
100
AcDbLine
 10
470094.407
 20
4349662.074
 30
0.0
 11
470097.943
 21
4349665.61
 31
0.0
  0
TEXT
  5
554
330
17
100
AcDbEntity
  8
钻孔
 62
138
100
AcDbText
 10
470098.34300000005
 20
4349665.61
 30
0.0
 40
0.4
  1
BS-3940-1004-P4
  7
CN_TTF
 11
470098.34300000005
 21
4349665.61
 31
0.0
100
AcDbText
  0
TEXT
  5
555
330
17
100
AcDbEntity
  8
钻孔
 62
5
100
AcDbText
 10
470098.34300000005
 20
4349666.61
 30
0.0
 40
0.7
  1
1.22
  7
CN_TTF
 11
470098.34300000005
 21
4349666.61
 31
0.0
100
AcDbText
  0
LINE
  5
556
330
17
100
AcDbEntity
  8
钻孔
 62
4
100
AcDbLine
 10
470091.521
 20
4349666.316
 30
0.0
 11
470093.121
 21
4349666.316
 31
0.0
  0
LINE
  5
557
330
17
100
AcDbEntity
  8
钻孔
 62
4
100
AcDbLine
 10
470092.321
 20
4349665.516
 30
0.0
 11
470092.321
 21
4349667.115999999
 31
0.0
  0
LINE
  5
558
330
17
100
AcDbEntity
  8
钻孔
 62
4
100
AcDbLine
 10
470092.321
 20
4349666.316
 30
0.0
 11
470095.857
 21
4349669.852
 31
0.0
  0
TEXT
  5
559
330
17
100
AcDbEntity
  8
钻孔
 62
138
100
AcDbText
 10
470096.25700000004
 20
4349669.852
 30
0.0
 40
0.4
  1
BS-3940-1004-P5
  7
CN_TTF
 11
470096.25700000004
 21
4349669.852
 31
0.0
100
AcDbText
  0
TEXT
  5
55A
330
17
100
AcDbEntity
  8
钻孔
 62
4
100
AcDbText
 10
470096.25700000004
 20
4349670.852
 30
0.0
 40
0.7
  1
0.91
  7
CN_TTF
 11
470096.25700000004
 21
4349670.852
 31
0.0
100
AcDbText
  0
LINE
  5
55B
330
17
100
AcDbEntity
  8
钻孔
 62
1
100
AcDbLine
 10
470097.256
 20
4349668.191
 30
0.0
 11
470098.85599999997
 21
4349668.191
 31
0.0
  0
LINE
  5
55C
330
17
100
AcDbEntity
  8
钻孔
 62
1
100
AcDbLine
 10
470098.056
 20
4349667.391
 30
0.0
 11
470098.056
 21
4349668.990999999
 31
0.0
  0
LINE
  5
55D
330
17
100
AcDbEntity
  8
钻孔
 62
1
100
AcDbLine
 10
470098.056
 20
4349668.191
 30
0.0
 11
470101.592
 21
4349671.727
 31
0.0
  0
TEXT
  5
55E
330
17
100
AcDbEntity
  8
钻孔
 62
138
100
AcDbText
 10
470101.992
 20
4349671.727
 30
0.0
 40
0.4
  1
BS-3940-1004-P6
  7
CN_TTF
 11
470101.992
 21
4349671.727
 31
0.0
100
AcDbText
  0
TEXT
  5
55F
330
17
100
AcDbEntity
  8
钻孔
 62
1
100
AcDbText
 10
470101.992
 20
4349672.727
 30
0.0
 40
0.7
  1
1.53
  7
CN_TTF
 11
470101.992
 21
4349672.727
 31
0.0
100
AcDbText
  0
LINE
  5
560
330
17
100
AcDbEntity
  8
钻孔
 62
4
100
AcDbLine
 10
470093.287
 20
4349672.873
 30
0.0
 11
470094.887
 21
4349672.873
 31
0.0
  0
LINE
  5
561
330
17
100
AcDbEntity
  8
钻孔
 62
4
100
AcDbLine
 10
470094.087
 20
4349672.073
 30
0.0
 11
470094.087
 21
4349673.6729999995
 31
0.0
  0
LINE
  5
562
330
17
100
AcDbEntity
  8
钻孔
 62
4
100
AcDbLine
 10
470094.087
 20
4349672.873
 30
0.0
 11
470097.623
 21
4349676.409
 31
0.0
  0
TEXT
  5
563
330
17
100
AcDbEntity
  8
钻孔
 62
138
100
AcDbText
 10
470098.02300000004
 20
4349676.409
 30
0.0
 40
0.4
  1
BS-3940-1004-P7
  7
CN_TTF
 11
470098.02300000004
 21
4349676.409
 31
0.0
100
AcDbText
  0
TEXT
  5
564
330
17
100
AcDbEntity
  8
钻孔
 62
4
100
AcDbText
 10
470098.02300000004
 20
4349677.409
 30
0.0
 40
0.7
  1
0.91
  7
CN_TTF
 11
470098.02300000004
 21
4349677.409
 31
0.0
100
AcDbText
  0
LINE
  5
565
330
17
100
AcDbEntity
  8
钻孔
 62
5
100
AcDbLine
 10
470098.398
 20
4349675.547
 30
0.0
 11
470099.99799999996
 21
4349675.547
 31
0.0
  0
LINE
  5
566
330
17
100
AcDbEntity
  8
钻孔
 62
5
100
AcDbLine
 10
470099.198
 20
4349674.747
 30
0.0
 11
470099.198
 21
4349676.347
 31
0.0
  0
LINE
  5
567
330
17
100
AcDbEntity
  8
钻孔
 62
5
100
AcDbLine
 10
470099.198
 20
4349675.547
 30
0.0
 11
470102.734
 21
4349679.083000001
 31
0.0
  0
TEXT
  5
568
330
17
100
AcDbEntity
  8
钻孔
 62
138
100
AcDbText
 10
470103.134
 20
4349679.083000001
 30
0.0
 40
0.4
  1
BS-3940-1004-P8
  7
CN_TTF
 11
470103.134
 21
4349679.083000001
 31
0.0
100
AcDbText
  0
TEXT
  5
569
330
17
100
AcDbEntity
  8
钻孔
 62
5
100
AcDbText
 10
470103.134
 20
4349680.083000001
 30
0.0
 40
0.7
  1
1.06
  7
CN_TTF
 11
470103.134
 21
4349680.083000001
 31
0.0
100
AcDbText
  0
LINE
  5
56A
330
17
100
AcDbEntity
  8
钻孔
 62
4
100
AcDbLine
 10
470100.814
 20
4349678.719
 30
0.0
 11
470102.414
 21
4349678.719
 31
0.0
  0
LINE
  5
56B
330
17
100
AcDbEntity
  8
钻孔
 62
4
100
AcDbLine
 10
470101.614
 20
4349677.919
 30
0.0
 11
470101.614
 21
4349679.518999999
 31
0.0
  0
LINE
  5
56C
330
17
100
AcDbEntity
  8
钻孔
 62
4
100
AcDbLine
 10
470101.614
 20
4349678.719
 30
0.0
 11
470105.15
 21
4349682.255
 31
0.0
  0
TEXT
  5
56D
330
17
100
AcDbEntity
  8
钻孔
 62
138
100
AcDbText
 10
470105.55000000005
 20
4349682.255
 30
0.0
 40
0.4
  1
BS-3940-1004-P9
  7
CN_TTF
 11
470105.55000000005
 21
4349682.255
 31
0.0
100
AcDbText
  0
TEXT
  5
56E
330
17
100
AcDbEntity
  8
钻孔
 62
4
100
AcDbText
 10
470105.55000000005
 20
4349683.255
 30
0.0
 40
0.7
  1
0.73
  7
CN_TTF
 11
470105.55000000005
 21
4349683.255
 31
0.0
100
AcDbText
  0
LINE
  5
56F
330
17
100
AcDbEntity
  8
钻孔
 62
4
100
AcDbLine
 10
470095.56700000004
 20
4349679.851
 30
0.0
 11
470097.167
 21
4349679.851
 31
0.0
  0
LINE
  5
570
330
17
100
AcDbEntity
  8
钻孔
 62
4
100
AcDbLine
 10
470096.367
 20
4349679.051
 30
0.0
 11
470096.367
 21
4349680.651
 31
0.0
  0
LINE
  5
571
330
17
100
AcDbEntity
  8
钻孔
 62
4
100
AcDbLine
 10
470096.367
 20
4349679.851
 30
0.0
 11
470099.90300000005
 21
4349683.387
 31
0.0
  0
TEXT
  5
572
330
17
100
AcDbEntity
  8
钻孔
 62
138
100
AcDbText
 10
470100.3030000001
 20
4349683.387
 30
0.0
 40
0.4
  1
BS-3940-1004-P10
  7
CN_TTF
 11
470100.3030000001
 21
4349683.387
 31
0.0
100
AcDbText
  0
TEXT
  5
573
330
17
100
AcDbEntity
  8
钻孔
 62
4
100
AcDbText
 10
470100.3030000001
 20
4349684.387
 30
0.0
 40
0.7
  1
0.76
  7
CN_TTF
 11
470100.3030000001
 21
4349684.387
 31
0.0
100
AcDbText
  0
LINE
  5
574
330
17
100
AcDbEntity
  8
钻孔
 62
4
100
AcDbLine
 10
470099.575
 20
4349682.444
 30
0.0
 11
470101.175
 21
4349682.444
 31
0.0
  0
LINE
  5
575
330
17
100
AcDbEntity
  8
钻孔
 62
4
100
AcDbLine
 10
470100.375
 20
4349681.644
 30
0.0
 11
470100.375
 21
4349683.244
 31
0.0
  0
LINE
  5
576
330
17
100
AcDbEntity
  8
钻孔
 62
4
100
AcDbLine
 10
470100.375
 20
4349682.444
 30
0.0
 11
470103.911
 21
4349685.98
 31
0.0
  0
TEXT
  5
577
330
17
100
AcDbEntity
  8
钻孔
 62
138
100
AcDbText
 10
470104.31100000005
 20
4349685.98
 30
0.0
 40
0.4
  1
BS-3940-1004-P11
  7
CN_TTF
 11
470104.31100000005
 21
4349685.98
 31
0.0
100
AcDbText
  0
TEXT
  5
578
330
17
100
AcDbEntity
  8
钻孔
 62
4
100
AcDbText
 10
470104.31100000005
 20
4349686.98
 30
0.0
 40
0.7
  1
0.96
  7
CN_TTF
 11
470104.31100000005
 21
4349686.98
 31
0.0
100
AcDbText
  0
LINE
  5
579
330
17
100
AcDbEntity
  8
钻孔
 62
4
100
AcDbLine
 10
470103.787
 20
4349685.239
 30
0.0
 11
470105.387
 21
4349685.239
 31
0.0
  0
LINE
  5
57A
330
17
100
AcDbEntity
  8
钻孔
 62
4
100
AcDbLine
 10
470104.587
 20
4349684.439
 30
0.0
 11
470104.587
 21
4349686.039
 31
0.0
  0
LINE
  5
57B
330
17
100
AcDbEntity
  8
钻孔
 62
4
100
AcDbLine
 10
470104.587
 20
4349685.239
 30
0.0
 11
470108.123
 21
4349688.775
 31
0.0
  0
TEXT
  5
57C
330
17
100
AcDbEntity
  8
钻孔
 62
138
100
AcDbText
 10
470108.52300000004
 20
4349688.775
 30
0.0
 40
0.4
  1
BS-3940-1004-P12
  7
CN_TTF
 11
470108.52300000004
 21
4349688.775
 31
0.0
100
AcDbText
  0
TEXT
  5
57D
330
17
100
AcDbEntity
  8
钻孔
 62
4
100
AcDbText
 10
470108.52300000004
 20
4349689.775
 30
0.0
 40
0.7
  1
0.83
  7
CN_TTF
 11
470108.52300000004
 21
4349689.775
 31
0.0
100
AcDbText
  0
LINE
  5
57E
330
17
100
AcDbEntity
  8
钻孔
 62
4
100
AcDbLine
 10
470097.332
 20
4349686.498
 30
0.0
 11
470098.932
 21
4349686.498
 31
0.0
  0
LINE
  5
57F
330
17
100
AcDbEntity
  8
钻孔
 62
4
100
AcDbLine
 10
470098.132
 20
4349685.698
 30
0.0
 11
470098.132
 21
4349687.2979999995
 31
0.0
  0
LINE
  5
580
330
17
100
AcDbEntity
  8
钻孔
 62
4
100
AcDbLine
 10
470098.132
 20
4349686.498
 30
0.0
 11
470101.668
 21
4349690.034
 31
0.0
  0
TEXT
  5
581
330
17
100
AcDbEntity
  8
钻孔
 62
138
100
AcDbText
 10
470102.068
 20
4349690.034
 30
0.0
 40
0.4
  1
BS-3940-1004-P13
  7
CN_TTF
 11
470102.068
 21
4349690.034
 31
0.0
100
AcDbText
  0
TEXT
  5
582
330
17
100
AcDbEntity
  8
钻孔
 62
4
100
AcDbText
 10
470102.068
 20
4349691.034
 30
0.0
 40
0.7
  1
0.60
  7
CN_TTF
 11
470102.068
 21
4349691.034
 31
0.0
100
AcDbText
  0
LINE
  5
583
330
17
100
AcDbEntity
  8
钻孔
 62
4
100
AcDbLine
 10
470102.282
 20
4349688.933
 30
0.0
 11
470103.882
 21
4349688.933
 31
0.0
  0
LINE
  5
584
330
17
100
AcDbEntity
  8
钻孔
 62
4
100
AcDbLine
 10
470103.082
 20
4349688.133
 30
0.0
 11
470103.082
 21
4349689.733
 31
0.0
  0
LINE
  5
585
330
17
100
AcDbEntity
  8
钻孔
 62
4
100
AcDbLine
 10
470103.082
 20
4349688.933
 30
0.0
 11
470106.618
 21
4349692.4690000005
 31
0.0
  0
TEXT
  5
586
330
17
100
AcDbEntity
  8
钻孔
 62
138
100
AcDbText
 10
470107.01800000004
 20
4349692.4690000005
 30
0.0
 40
0.4
  1
BS-3940-1004-P14
  7
CN_TTF
 11
470107.01800000004
 21
4349692.4690000005
 31
0.0
100
AcDbText
  0
TEXT
  5
587
330
17
100
AcDbEntity
  8
钻孔
 62
4
100
AcDbText
 10
470107.01800000004
 20
4349693.4690000005
 30
0.0
 40
0.7
  1
0.84
  7
CN_TTF
 11
470107.01800000004
 21
4349693.4690000005
 31
0.0
100
AcDbText
  0
LINE
  5
588
330
17
100
AcDbEntity
  8
钻孔
 62
8
100
AcDbLine
 10
470107.811
 20
4349690.622
 30
0.0
 11
470109.41099999996
 21
4349690.622
 31
0.0
  0
LINE
  5
589
330
17
100
AcDbEntity
  8
钻孔
 62
8
100
AcDbLine
 10
470108.611
 20
4349689.822000001
 30
0.0
 11
470108.611
 21
4349691.422
 31
0.0
  0
LINE
  5
58A
330
17
100
AcDbEntity
  8
钻孔
 62
8
100
AcDbLine
 10
470108.611
 20
4349690.622
 30
0.0
 11
470112.147
 21
4349694.158000001
 31
0.0
  0
TEXT
  5
58B
330
17
100
AcDbEntity
  8
钻孔
 62
138
100
AcDbText
 10
470112.547
 20
4349694.158000001
 30
0.0
 40
0.4
  1
BS-3940-1004-P15
  7
CN_TTF
 11
470112.547
 21
4349694.158000001
 31
0.0
100
AcDbText
  0
TEXT
  5
58C
330
17
100
AcDbEntity
  8
钻孔
 62
8
100
AcDbText
 10
470112.547
 20
4349695.158000001
 30
0.0
 40
0.7
  1
0.44
  7
CN_TTF
 11
470112.547
 21
4349695.158000001
 31
0.0
100
AcDbText
  0
LINE
  5
58D
330
17
100
AcDbEntity
  8
钻孔
 62
8
100
AcDbLine
 10
470099.151
 20
4349692.584
 30
0.0
 11
470100.751
 21
4349692.584
 31
0.0
  0
LINE
  5
58E
330
17
100
AcDbEntity
  8
钻孔
 62
8
100
AcDbLine
 10
470099.951
 20
4349691.784
 30
0.0
 11
470099.951
 21
4349693.384
 31
0.0
  0
LINE
  5
58F
330
17
100
AcDbEntity
  8
钻孔
 62
8
100
AcDbLine
 10
470099.951
 20
4349692.584
 30
0.0
 11
470103.487
 21
4349696.12
 31
0.0
  0
TEXT
  5
590
330
17
100
AcDbEntity
  8
钻孔
 62
138
100
AcDbText
 10
470103.88700000005
 20
4349696.12
 30
0.0
 40
0.4
  1
BS-3940-1004-P16
  7
CN_TTF
 11
470103.88700000005
 21
4349696.12
 31
0.0
100
AcDbText
  0
TEXT
  5
591
330
17
100
AcDbEntity
  8
钻孔
 62
8
100
AcDbText
 10
470103.88700000005
 20
4349697.12
 30
0.0
 40
0.7
  1
0.48
  7
CN_TTF
 11
470103.88700000005
 21
4349697.12
 31
0.0
100
AcDbText
  0
LINE
  5
592
330
17
100
AcDbEntity
  8
钻孔
 62
8
100
AcDbLine
 10
470104.044
 20
4349696.018
 30
0.0
 11
470105.644
 21
4349696.018
 31
0.0
  0
LINE
  5
593
330
17
100
AcDbEntity
  8
钻孔
 62
8
100
AcDbLine
 10
470104.844
 20
4349695.218
 30
0.0
 11
470104.844
 21
4349696.818
 31
0.0
  0
LINE
  5
594
330
17
100
AcDbEntity
  8
钻孔
 62
8
100
AcDbLine
 10
470104.844
 20
4349696.018
 30
0.0
 11
470108.38
 21
4349699.5540000005
 31
0.0
  0
TEXT
  5
595
330
17
100
AcDbEntity
  8
钻孔
 62
138
100
AcDbText
 10
470108.78
 20
4349699.5540000005
 30
0.0
 40
0.4
  1
BS-3940-1004-P17
  7
CN_TTF
 11
470108.78
 21
4349699.5540000005
 31
0.0
100
AcDbText
  0
TEXT
  5
596
330
17
100
AcDbEntity
  8
钻孔
 62
8
100
AcDbText
 10
470108.78
 20
4349700.5540000005
 30
0.0
 40
0.7
  1
0.39
  7
CN_TTF
 11
470108.78
 21
4349700.5540000005
 31
0.0
100
AcDbText
  0
LINE
  5
597
330
17
100
AcDbEntity
  8
钻孔
 62
8
100
AcDbLine
 10
470109.458
 20
4349697.553
 30
0.0
 11
470111.05799999996
 21
4349697.553
 31
0.0
  0
LINE
  5
598
330
17
100
AcDbEntity
  8
钻孔
 62
8
100
AcDbLine
 10
470110.258
 20
4349696.7530000005
 30
0.0
 11
470110.258
 21
4349698.353
 31
0.0
  0
LINE
  5
599
330
17
100
AcDbEntity
  8
钻孔
 62
8
100
AcDbLine
 10
470110.258
 20
4349697.553
 30
0.0
 11
470113.794
 21
4349701.089000001
 31
0.0
  0
TEXT
  5
59A
330
17
100
AcDbEntity
  8
钻孔
 62
138
100
AcDbText
 10
470114.194
 20
4349701.089000001
 30
0.0
 40
0.4
  1
BS-3940-1004-P18
  7
CN_TTF
 11
470114.194
 21
4349701.089000001
 31
0.0
100
AcDbText
  0
TEXT
  5
59B
330
17
100
AcDbEntity
  8
钻孔
 62
8
100
AcDbText
 10
470114.194
 20
4349702.089000001
 30
0.0
 40
0.7
  1
0.30
  7
CN_TTF
 11
470114.194
 21
4349702.089000001
 31
0.0
100
AcDbText
  0
LINE
  5
59C
330
17
100
AcDbEntity
  8
钻孔
 62
8
100
AcDbLine
 10
470113.678
 20
4349699.933
 30
0.0
 11
470115.278
 21
4349699.933
 31
0.0
  0
LINE
  5
59D
330
17
100
AcDbEntity
  8
钻孔
 62
8
100
AcDbLine
 10
470114.478
 20
4349699.133
 30
0.0
 11
470114.478
 21
4349700.733
 31
0.0
  0
LINE
  5
59E
330
17
100
AcDbEntity
  8
钻孔
 62
8
100
AcDbLine
 10
470114.478
 20
4349699.933
 30
0.0
 11
470118.014
 21
4349703.4690000005
 31
0.0
  0
TEXT
  5
59F
330
17
100
AcDbEntity
  8
钻孔
 62
138
100
AcDbText
 10
470118.41400000005
 20
4349703.4690000005
 30
0.0
 40
0.4
  1
BS-3940-1004-P19
  7
CN_TTF
 11
470118.41400000005
 21
4349703.4690000005
 31
0.0
100
AcDbText
  0
TEXT
  5
5A0
330
17
100
AcDbEntity
  8
钻孔
 62
8
100
AcDbText
 10
470118.41400000005
 20
4349704.4690000005
 30
0.0
 40
0.7
  1
0.34
  7
CN_TTF
 11
470118.41400000005
 21
4349704.4690000005
 31
0.0
100
AcDbText
  0
LINE
  5
5A1
330
17
100
AcDbEntity
  8
钻孔
 62
4
100
AcDbLine
 10
470106.29000000004
 20
4349702.191
 30
0.0
 11
470107.89
 21
4349702.191
 31
0.0
  0
LINE
  5
5A2
330
17
100
AcDbEntity
  8
钻孔
 62
4
100
AcDbLine
 10
470107.09
 20
4349701.391
 30
0.0
 11
470107.09
 21
4349702.990999999
 31
0.0
  0
LINE
  5
5A3
330
17
100
AcDbEntity
  8
钻孔
 62
4
100
AcDbLine
 10
470107.09
 20
4349702.191
 30
0.0
 11
470110.62600000005
 21
4349705.727
 31
0.0
  0
TEXT
  5
5A4
330
17
100
AcDbEntity
  8
钻孔
 62
138
100
AcDbText
 10
470111.02600000007
 20
4349705.727
 30
0.0
 40
0.4
  1
BS-3940-1004-P20
  7
CN_TTF
 11
470111.02600000007
 21
4349705.727
 31
0.0
100
AcDbText
  0
TEXT
  5
5A5
330
17
100
AcDbEntity
  8
钻孔
 62
4
100
AcDbText
 10
470111.02600000007
 20
4349706.727
 30
0.0
 40
0.7
  1
0.91
  7
CN_TTF
 11
470111.02600000007
 21
4349706.727
 31
0.0
100
AcDbText
  0
LINE
  5
5A6
330
17
100
AcDbEntity
  8
钻孔
 62
4
100
AcDbLine
 10
470102.26
 20
4349700.731
 30
0.0
 11
470103.86
 21
4349700.731
 31
0.0
  0
LINE
  5
5A7
330
17
100
AcDbEntity
  8
钻孔
 62
4
100
AcDbLine
 10
470103.06
 20
4349699.931
 30
0.0
 11
470103.06
 21
4349701.5309999995
 31
0.0
  0
LINE
  5
5A8
330
17
100
AcDbEntity
  8
钻孔
 62
4
100
AcDbLine
 10
470103.06
 20
4349700.731
 30
0.0
 11
470106.596
 21
4349704.267
 31
0.0
  0
TEXT
  5
5A9
330
17
100
AcDbEntity
  8
钻孔
 62
138
100
AcDbText
 10
470106.99600000004
 20
4349704.267
 30
0.0
 40
0.4
  1
BS-3940-1004-P21
  7
CN_TTF
 11
470106.99600000004
 21
4349704.267
 31
0.0
100
AcDbText
  0
TEXT
  5
5AA
330
17
100
AcDbEntity
  8
钻孔
 62
4
100
AcDbText
 10
470106.99600000004
 20
4349705.267
 30
0.0
 40
0.7
  1
0.67
  7
CN_TTF
 11
470106.99600000004
 21
4349705.267
 31
0.0
100
AcDbText
  0
LINE
  5
5AB
330
17
100
AcDbEntity
  8
钻孔
 62
8
100
AcDbLine
 10
470103.37
 20
4349706.899
 30
0.0
 11
470104.97
 21
4349706.899
 31
0.0
  0
LINE
  5
5AC
330
17
100
AcDbEntity
  8
钻孔
 62
8
100
AcDbLine
 10
470104.17
 20
4349706.099
 30
0.0
 11
470104.17
 21
4349707.699
 31
0.0
  0
LINE
  5
5AD
330
17
100
AcDbEntity
  8
钻孔
 62
8
100
AcDbLine
 10
470104.17
 20
4349706.899
 30
0.0
 11
470107.706
 21
4349710.4350000005
 31
0.0
  0
TEXT
  5
5AE
330
17
100
AcDbEntity
  8
钻孔
 62
138
100
AcDbText
 10
470108.106
 20
4349710.4350000005
 30
0.0
 40
0.4
  1
BS-3940-1004-P22
  7
CN_TTF
 11
470108.106
 21
4349710.4350000005
 31
0.0
100
AcDbText
  0
TEXT
  5
5AF
330
17
100
AcDbEntity
  8
钻孔
 62
8
100
AcDbText
 10
470108.106
 20
4349711.4350000005
 30
0.0
 40
0.7
  1
0.43
  7
CN_TTF
 11
470108.106
 21
4349711.4350000005
 31
0.0
100
AcDbText
  0
LINE
  5
5B0
330
17
100
AcDbEntity
  8
钻孔
 62
4
100
AcDbLine
 10
470110.874
 20
4349704.625
 30
0.0
 11
470112.474
 21
4349704.625
 31
0.0
  0
LINE
  5
5B1
330
17
100
AcDbEntity
  8
钻孔
 62
4
100
AcDbLine
 10
470111.674
 20
4349703.825
 30
0.0
 11
470111.674
 21
4349705.425
 31
0.0
  0
LINE
  5
5B2
330
17
100
AcDbEntity
  8
钻孔
 62
4
100
AcDbLine
 10
470111.674
 20
4349704.625
 30
0.0
 11
470115.21
 21
4349708.161
 31
0.0
  0
TEXT
  5
5B3
330
17
100
AcDbEntity
  8
钻孔
 62
138
100
AcDbText
 10
470115.61000000004
 20
4349708.161
 30
0.0
 40
0.4
  1
BS-3940-1004-P23
  7
CN_TTF
 11
470115.61000000004
 21
4349708.161
 31
0.0
100
AcDbText
  0
TEXT
  5
5B4
330
17
100
AcDbEntity
  8
钻孔
 62
4
100
AcDbText
 10
470115.61000000004
 20
4349709.161
 30
0.0
 40
0.7
  1
0.89
  7
CN_TTF
 11
470115.61000000004
 21
4349709.161
 31
0.0
100
AcDbText
  0
LINE
  5
5B5
330
17
100
AcDbEntity
  8
钻孔
 62
8
100
AcDbLine
 10
470108.217
 20
4349709.016
 30
0.0
 11
470109.817
 21
4349709.016
 31
0.0
  0
LINE
  5
5B6
330
17
100
AcDbEntity
  8
钻孔
 62
8
100
AcDbLine
 10
470109.017
 20
4349708.216
 30
0.0
 11
470109.017
 21
4349709.816
 31
0.0
  0
LINE
  5
5B7
330
17
100
AcDbEntity
  8
钻孔
 62
8
100
AcDbLine
 10
470109.017
 20
4349709.016
 30
0.0
 11
470112.553
 21
4349712.552
 31
0.0
  0
TEXT
  5
5B8
330
17
100
AcDbEntity
  8
钻孔
 62
138
100
AcDbText
 10
470112.95300000004
 20
4349712.552
 30
0.0
 40
0.4
  1
BS-3940-1004-P24
  7
CN_TTF
 11
470112.95300000004
 21
4349712.552
 31
0.0
100
AcDbText
  0
TEXT
  5
5B9
330
17
100
AcDbEntity
  8
钻孔
 62
8
100
AcDbText
 10
470112.95300000004
 20
4349713.552
 30
0.0
 40
0.7
  1
0.38
  7
CN_TTF
 11
470112.95300000004
 21
4349713.552
 31
0.0
100
AcDbText
  0
LINE
  5
5BA
330
17
100
AcDbEntity
  8
钻孔
 62
8
100
AcDbLine
 10
470113.074
 20
4349711.238
 30
0.0
 11
470114.674
 21
4349711.238
 31
0.0
  0
LINE
  5
5BB
330
17
100
AcDbEntity
  8
钻孔
 62
8
100
AcDbLine
 10
470113.874
 20
4349710.438
 30
0.0
 11
470113.874
 21
4349712.038
 31
0.0
  0
LINE
  5
5BC
330
17
100
AcDbEntity
  8
钻孔
 62
8
100
AcDbLine
 10
470113.874
 20
4349711.238
 30
0.0
 11
470117.41000000003
 21
4349714.774
 31
0.0
  0
TEXT
  5
5BD
330
17
100
AcDbEntity
  8
钻孔
 62
138
100
AcDbText
 10
470117.81000000006
 20
4349714.774
 30
0.0
 40
0.4
  1
BS-3940-1004-P25
  7
CN_TTF
 11
470117.81000000006
 21
4349714.774
 31
0.0
100
AcDbText
  0
TEXT
  5
5BE
330
17
100
AcDbEntity
  8
钻孔
 62
8
100
AcDbText
 10
470117.81000000006
 20
4349715.774
 30
0.0
 40
0.7
  1
0.44
  7
CN_TTF
 11
470117.81000000006
 21
4349715.774
 31
0.0
100
AcDbText
  0
LINE
  5
5BF
330
17
100
AcDbEntity
  8
钻孔
 62
4
100
AcDbLine
 10
470112.025
 20
4349715.517
 30
0.0
 11
470113.625
 21
4349715.517
 31
0.0
  0
LINE
  5
5C0
330
17
100
AcDbEntity
  8
钻孔
 62
4
100
AcDbLine
 10
470112.825
 20
4349714.717
 30
0.0
 11
470112.825
 21
4349716.317
 31
0.0
  0
LINE
  5
5C1
330
17
100
AcDbEntity
  8
钻孔
 62
4
100
AcDbLine
 10
470112.825
 20
4349715.517
 30
0.0
 11
470116.36100000003
 21
4349719.053
 31
0.0
  0
TEXT
  5
5C2
330
17
100
AcDbEntity
  8
钻孔
 62
138
100
AcDbText
 10
470116.76100000006
 20
4349719.053
 30
0.0
 40
0.4
  1
BS-3940-1004-P26
  7
CN_TTF
 11
470116.76100000006
 21
4349719.053
 31
0.0
100
AcDbText
  0
TEXT
  5
5C3
330
17
100
AcDbEntity
  8
钻孔
 62
4
100
AcDbText
 10
470116.76100000006
 20
4349720.053
 30
0.0
 40
0.7
  1
0.88
  7
CN_TTF
 11
470116.76100000006
 21
4349720.053
 31
0.0
100
AcDbText
  0
LINE
  5
5C4
330
17
100
AcDbEntity
  8
钻孔
 62
4
100
AcDbLine
 10
470105.988
 20
4349714.031
 30
0.0
 11
470107.588
 21
4349714.031
 31
0.0
  0
LINE
  5
5C5
330
17
100
AcDbEntity
  8
钻孔
 62
4
100
AcDbLine
 10
470106.788
 20
4349713.231000001
 30
0.0
 11
470106.788
 21
4349714.831
 31
0.0
  0
LINE
  5
5C6
330
17
100
AcDbEntity
  8
钻孔
 62
4
100
AcDbLine
 10
470106.788
 20
4349714.031
 30
0.0
 11
470110.324
 21
4349717.567000001
 31
0.0
  0
TEXT
  5
5C7
330
17
100
AcDbEntity
  8
钻孔
 62
138
100
AcDbText
 10
470110.72400000005
 20
4349717.567000001
 30
0.0
 40
0.4
  1
BS-3940-1004-P27
  7
CN_TTF
 11
470110.72400000005
 21
4349717.567000001
 31
0.0
100
AcDbText
  0
TEXT
  5
5C8
330
17
100
AcDbEntity
  8
钻孔
 62
4
100
AcDbText
 10
470110.72400000005
 20
4349718.567000001
 30
0.0
 40
0.7
  1
0.73
  7
CN_TTF
 11
470110.72400000005
 21
4349718.567000001
 31
0.0
100
AcDbText
  0
LINE
  5
5C9
330
17
100
AcDbEntity
  8
钻孔
 62
1
100
AcDbLine
 10
470106.954
 20
4349720.089
 30
0.0
 11
470108.554
 21
4349720.089
 31
0.0
  0
LINE
  5
5CA
330
17
100
AcDbEntity
  8
钻孔
 62
1
100
AcDbLine
 10
470107.754
 20
4349719.289
 30
0.0
 11
470107.754
 21
4349720.8889999995
 31
0.0
  0
LINE
  5
5CB
330
17
100
AcDbEntity
  8
钻孔
 62
1
100
AcDbLine
 10
470107.754
 20
4349720.089
 30
0.0
 11
470111.29000000004
 21
4349723.625
 31
0.0
  0
TEXT
  5
5CC
330
17
100
AcDbEntity
  8
钻孔
 62
138
100
AcDbText
 10
470111.69000000006
 20
4349723.625
 30
0.0
 40
0.4
  1
BS-3940-1004-P28
  7
CN_TTF
 11
470111.69000000006
 21
4349723.625
 31
0.0
100
AcDbText
  0
TEXT
  5
5CD
330
17
100
AcDbEntity
  8
钻孔
 62
1
100
AcDbText
 10
470111.69000000006
 20
4349724.625
 30
0.0
 40
0.7
  1
1.51
  7
CN_TTF
 11
470111.69000000006
 21
4349724.625
 31
0.0
100
AcDbText
  0
LINE
  5
5CE
330
17
100
AcDbEntity
  8
钻孔
 62
4
100
AcDbLine
 10
470112.186
 20
4349722.45
 30
0.0
 11
470113.78599999996
 21
4349722.45
 31
0.0
  0
LINE
  5
5CF
330
17
100
AcDbEntity
  8
钻孔
 62
4
100
AcDbLine
 10
470112.986
 20
4349721.65
 30
0.0
 11
470112.986
 21
4349723.25
 31
0.0
  0
LINE
  5
5D0
330
17
100
AcDbEntity
  8
钻孔
 62
4
100
AcDbLine
 10
470112.986
 20
4349722.45
 30
0.0
 11
470116.522
 21
4349725.9860000005
 31
0.0
  0
TEXT
  5
5D1
330
17
100
AcDbEntity
  8
钻孔
 62
138
100
AcDbText
 10
470116.922
 20
4349725.9860000005
 30
0.0
 40
0.4
  1
BS-3940-1004-P29
  7
CN_TTF
 11
470116.922
 21
4349725.9860000005
 31
0.0
100
AcDbText
  0
TEXT
  5
5D2
330
17
100
AcDbEntity
  8
钻孔
 62
4
100
AcDbText
 10
470116.922
 20
4349726.9860000005
 30
0.0
 40
0.7
  1
0.74
  7
CN_TTF
 11
470116.922
 21
4349726.9860000005
 31
0.0
100
AcDbText
  0
LINE
  5
5D3
330
17
100
AcDbEntity
  8
钻孔
 62
1
100
AcDbLine
 10
470108.97500000003
 20
4349726.884
 30
0.0
 11
470110.575
 21
4349726.884
 31
0.0
  0
LINE
  5
5D4
330
17
100
AcDbEntity
  8
钻孔
 62
1
100
AcDbLine
 10
470109.775
 20
4349726.084
 30
0.0
 11
470109.775
 21
4349727.683999999
 31
0.0
  0
LINE
  5
5D5
330
17
100
AcDbEntity
  8
钻孔
 62
1
100
AcDbLine
 10
470109.775
 20
4349726.884
 30
0.0
 11
470113.31100000005
 21
4349730.42
 31
0.0
  0
TEXT
  5
5D6
330
17
100
AcDbEntity
  8
钻孔
 62
138
100
AcDbText
 10
470113.71100000007
 20
4349730.42
 30
0.0
 40
0.4
  1
BS-3940-1004-P30
  7
CN_TTF
 11
470113.71100000007
 21
4349730.42
 31
0.0
100
AcDbText
  0
TEXT
  5
5D7
330
17
100
AcDbEntity
  8
钻孔
 62
1
100
AcDbText
 10
470113.71100000007
 20
4349731.42
 30
0.0
 40
0.7
  1
1.58
  7
CN_TTF
 11
470113.71100000007
 21
4349731.42
 31
0.0
100
AcDbText
  0
LINE
  5
5D8
330
17
100
AcDbEntity
  8
钻孔
 62
4
100
AcDbLine
 10
470118.954
 20
4349731.187
 30
0.0
 11
470120.554
 21
4349731.187
 31
0.0
  0
LINE
  5
5D9
330
17
100
AcDbEntity
  8
钻孔
 62
4
100
AcDbLine
 10
470119.754
 20
4349730.387
 30
0.0
 11
470119.754
 21
4349731.987
 31
0.0
  0
LINE
  5
5DA
330
17
100
AcDbEntity
  8
钻孔
 62
4
100
AcDbLine
 10
470119.754
 20
4349731.187
 30
0.0
 11
470123.29000000004
 21
4349734.723
 31
0.0
  0
TEXT
  5
5DB
330
17
100
AcDbEntity
  8
钻孔
 62
138
100
AcDbText
 10
470123.69000000006
 20
4349734.723
 30
0.0
 40
0.4
  1
BS-3940-1004-P31
  7
CN_TTF
 11
470123.69000000006
 21
4349734.723
 31
0.0
100
AcDbText
  0
TEXT
  5
5DC
330
17
100
AcDbEntity
  8
钻孔
 62
4
100
AcDbText
 10
470123.69000000006
 20
4349735.723
 30
0.0
 40
0.7
  1
0.72
  7
CN_TTF
 11
470123.69000000006
 21
4349735.723
 31
0.0
100
AcDbText
  0
MTEXT
  5
5DD
330
17
100
AcDbEntity
  8
线条
100
AcDbMText
 10
470068.0
 20
4349642.0
 30
0.0
 40
4.0
 71
1
  1
1号矿块
  7
CN_SHX
  0
LINE
  5
5DE
330
17
100
AcDbEntity
  8
线条
 62
7
100
AcDbLine
 10
470084.7212802864
 20
4349650.659475163
 30
0.0
 11
470068.0
 21
4349642.0
 31
0.0
  0
MTEXT
  5
5DF
330
17
100
AcDbEntity
  8
线条
100
AcDbMText
 10
470128.0
 20
4349732.0
 30
0.0
 40
4.0
 71
1
  1
2号矿块
  7
CN_SHX
  0
LINE
  5
5E0
330
17
100
AcDbEntity
  8
线条
 62
7
100
AcDbLine
 10
470115.39470834384
 20
4349727.573996616
 30
0.0
 11
470128.0
 21
4349732.0
 31
0.0
  0
MTEXT
  5
5E1
330
17
100
AcDbEntity
  8
线条
100
AcDbMText
 10
470132.0
 20
4349698.0
 30
0.0
 40
4.0
 71
1
  1
3号矿块
  7
CN_SHX
  0
LINE
  5
5E2
330
17
100
AcDbEntity
  8
线条
 62
7
100
AcDbLine
 10
470114.544144623
 20
4349703.751919338
 30
0.0
 11
470132.0
 21
4349698.0
 31
0.0
  0
IMAGE
  5
5E6
330
17
100
AcDbEntity
  8
报告
100
AcDbRasterImage
 90
0
 10
470159.754
 20
4349671.187
 30
0.0
 11
0.035
 21
0.0
 31
0.0
 12
2.1431318985078684e-18
 22
0.035
 32
0.0
 13
47.25
 23
35.0
340
5E5
 70
3
280
0
281
50
282
50
283
0
360
5E7
 71
1
 91
2
 14
-0.5
 24
-0.5
 14
1349.5
 24
999.5
290
0
  0
TEXT
  5
5E8
330
17
100
AcDbEntity
  8
报告
100
AcDbText
 10
470087.369
 20
4349739.187
 30
0.0
 40
6.0
  1
3940平台 1004 二次圈矿矿块图（3块版）
  7
CN_SHX
 11
470087.369
 21
4349739.187
 31
0.0
100
AcDbText
  0
ENDSEC
  0
SECTION
  2
OBJECTS
  0
DICTIONARY
  5
A
330
0
100
AcDbDictionary
281
1
  3
ACAD_COLOR
350
B
  3
ACAD_GROUP
350
C
  3
ACAD_LAYOUT
350
D
  3
ACAD_MATERIAL
350
E
  3
ACAD_MLEADERSTYLE
350
F
  3
ACAD_MLINESTYLE
350
10
  3
ACAD_PLOTSETTINGS
350
11
  3
ACAD_PLOTSTYLENAME
350
12
  3
ACAD_SCALELIST
350
14
  3
ACAD_TABLESTYLE
350
15
  3
ACAD_VISUALSTYLE
350
16
  3
EZDXF_META
350
2D
  3
ACAD_IMAGE_VARS
350
5E3
  3
ACAD_IMAGE_DICT
350
5E4
  0
DICTIONARY
  5
B
330
A
100
AcDbDictionary
281
1
  0
DICTIONARY
  5
C
330
A
100
AcDbDictionary
281
1
  0
DICTIONARY
  5
D
330
A
100
AcDbDictionary
281
1
  3
Model
350
1A
  3
Layout1
350
1E
  0
DICTIONARY
  5
E
330
A
100
AcDbDictionary
281
1
  3
ByBlock
350
1F
  3
ByLayer
350
20
  3
Global
350
21
  0
DICTIONARY
  5
F
330
A
100
AcDbDictionary
281
1
  3
Standard
350
2C
  0
DICTIONARY
  5
10
330
A
100
AcDbDictionary
281
1
  3
Standard
350
22
  0
DICTIONARY
  5
11
330
A
100
AcDbDictionary
281
1
  0
ACDBDICTIONARYWDFLT
  5
12
330
A
100
AcDbDictionary
281
1
  3
Normal
350
13
100
AcDbDictionaryWithDefault
340
13
  0
ACDBPLACEHOLDER
  5
13
330
12
  0
DICTIONARY
  5
14
330
A
100
AcDbDictionary
281
1
  0
DICTIONARY
  5
15
330
A
100
AcDbDictionary
281
1
  0
DICTIONARY
  5
16
330
A
100
AcDbDictionary
281
1
  0
LAYOUT
  5
1A
330
D
100
AcDbPlotSettings
  1

  4
A3
  6

 40
7.5
 41
20.0
 42
7.5
 43
20.0
 44
420.0
 45
297.0
 46
0.0
 47
0.0
 48
0.0
 49
0.0
140
0.0
141
0.0
142
1.0
143
1.0
 70
1024
 72
1
 73
0
 74
5
  7

 75
16
 76
0
 77
2
 78
300
147
1.0
148
0.0
149
0.0
100
AcDbLayout
  1
Model
 70
1
 71
0
 10
0.0
 20
0.0
 11
420.0
 21
297.0
 12
0.0
 22
0.0
 32
0.0
 14
1e+20
 24
1e+20
 34
1e+20
 15
-1e+20
 25
-1e+20
 35
-1e+20
146
0.0
 13
0.0
 23
0.0
 33
0.0
 16
1.0
 26
0.0
 36
0.0
 17
0.0
 27
1.0
 37
0.0
 76
1
330
17
  0
LAYOUT
  5
1E
330
D
100
AcDbPlotSettings
  1

  4
A3
  6

 40
7.5
 41
20.0
 42
7.5
 43
20.0
 44
420.0
 45
297.0
 46
0.0
 47
0.0
 48
0.0
 49
0.0
140
0.0
141
0.0
142
1.0
143
1.0
 70
0
 72
1
 73
0
 74
5
  7

 75
16
 76
0
 77
2
 78
300
147
1.0
148
0.0
149
0.0
100
AcDbLayout
  1
Layout1
 70
1
 71
1
 10
0.0
 20
0.0
 11
420.0
 21
297.0
 12
0.0
 22
0.0
 32
0.0
 14
1e+20
 24
1e+20
 34
1e+20
 15
-1e+20
 25
-1e+20
 35
-1e+20
146
0.0
 13
0.0
 23
0.0
 33
0.0
 16
1.0
 26
0.0
 36
0.0
 17
0.0
 27
1.0
 37
0.0
 76
1
330
1B
  0
MATERIAL
  5
1F
102
{ACAD_REACTORS
330
E
102
}
330
E
100
AcDbMaterial
  1
ByBlock
  2

 70
0
 40
1.0
 71
1
 41
1.0
 91
-1023410177
 42
1.0
 72
1
  3

 73
1
 74
1
 75
1
 44
0.5
 73
0
 45
1.0
 46
1.0
 77
1
  4

 78
1
 79
1
170
1
 48
1.0
171
1
  6

172
1
173
1
174
1
140
1.0
141
1.0
175
1
  7

176
1
177
1
178
1
143
1.0
179
1
  8

270
1
271
1
272
1
145
1.0
146
1.0
273
1
  9

274
1
275
1
276
1
 42
1.0
 72
1
  3

 73
1
 74
1
 75
1
 94
63
  0
MATERIAL
  5
20
102
{ACAD_REACTORS
330
E
102
}
330
E
100
AcDbMaterial
  1
ByLayer
  2

 70
0
 40
1.0
 71
1
 41
1.0
 91
-1023410177
 42
1.0
 72
1
  3

 73
1
 74
1
 75
1
 44
0.5
 73
0
 45
1.0
 46
1.0
 77
1
  4

 78
1
 79
1
170
1
 48
1.0
171
1
  6

172
1
173
1
174
1
140
1.0
141
1.0
175
1
  7

176
1
177
1
178
1
143
1.0
179
1
  8

270
1
271
1
272
1
145
1.0
146
1.0
273
1
  9

274
1
275
1
276
1
 42
1.0
 72
1
  3

 73
1
 74
1
 75
1
 94
63
  0
MATERIAL
  5
21
102
{ACAD_REACTORS
330
E
102
}
330
E
100
AcDbMaterial
  1
Global
  2

 70
0
 40
1.0
 71
1
 41
1.0
 91
-1023410177
 42
1.0
 72
1
  3

 73
1
 74
1
 75
1
 44
0.5
 73
0
 45
1.0
 46
1.0
 77
1
  4

 78
1
 79
1
170
1
 48
1.0
171
1
  6

172
1
173
1
174
1
140
1.0
141
1.0
175
1
  7

176
1
177
1
178
1
143
1.0
179
1
  8

270
1
271
1
272
1
145
1.0
146
1.0
273
1
  9

274
1
275
1
276
1
 42
1.0
 72
1
  3

 73
1
 74
1
 75
1
 94
63
  0
MLINESTYLE
  5
22
102
{ACAD_REACTORS
330
10
102
}
330
10
100
AcDbMlineStyle
  2
Standard
 70
0
  3

 62
256
 51
90.0
 52
90.0
 71
2
 49
0.5
 62
256
  6
BYLAYER
 49
-0.5
 62
256
  6
BYLAYER
  0
MLEADERSTYLE
  5
2C
102
{ACAD_REACTORS
330
F
102
}
330
F
100
AcDbMLeaderStyle
179
2
170
2
171
1
172
0
 90
2
 40
0.0
 41
0.0
173
1
 91
-1056964608
 92
-2
290
1
 42
2.0
291
1
 43
8.0
  3
Standard
 44
4.0
300

342
29
174
1
175
1
176
0
178
1
 93
-1056964608
 45
4.0
292
0
297
0
 46
4.0
 94
-1056964608
 47
1.0
 49
1.0
140
1.0
294
1
141
0.0
177
0
142
1.0
295
0
296
0
143
3.75
271
0
272
9
273
9
  0
DICTIONARY
  5
2D
330
A
100
AcDbDictionary
280
1
281
1
  3
CREATED_BY_EZDXF
350
2E
  3
WRITTEN_BY_EZDXF
350
5EB
  0
DICTIONARYVAR
  5
2E
330
2D
100
DictionaryVariables
280
0
  1
1.4.4 @ 2026-10-09T01:52:25.016655+00:00
  0
RASTERVARIABLES
  5
5E3
102
{ACAD_REACTORS
330
A
102
}
330
A
100
AcDbRasterVariables
 90
0
 70
0
 71
1
 72
3
  0
DICTIONARY
  5
5E4
330
A
100
AcDbDictionary
281
1
  3
D:\WK\N CRT\3DMine二次圈矿工具_初步原型\output\1004_macro\1004炮孔数据报告_v5.png
350
5E5
  0
IMAGEDEF
  5
5E5
102
{ACAD_REACTORS
330
5E4
330
5E7
102
}
330
5E4
100
AcDbRasterImageDef
 90
0
  1
D:\WK\N CRT\3DMine二次圈矿工具_初步原型\output\1004_macro\1004炮孔数据报告_v5.png
 10
1350.0
 20
1000.0
 11
0.01
 21
0.01
280
1
281
0
  0
IMAGEDEF_REACTOR
  5
5E7
330
5E6
100
AcDbRasterImageDefReactor
 90
2
330
5E6
  0
DICTIONARYVAR
  5
5EB
330
2D
100
DictionaryVariables
280
0
  1
1.4.4 @ 2026-10-09T01:52:25.632093+00:00
  0
ENDSEC
  0
EOF
