  0
SECTION
  2
HEADER
  9
$ACADVER
  1
AC1024
  9
$ACADMAINTVER
 70
6
  9
$DWGCODEPAGE
  3
ANSI_1252
  9
$LASTSAVEDBY
  1
ezdxf
  9
$INSBASE
 10
0.0
 20
0.0
 30
0.0
  9
$EXTMIN
 10
1e+20
 20
1e+20
 30
1e+20
  9
$EXTMAX
 10
-1e+20
 20
-1e+20
 30
-1e+20
  9
$LIMMIN
 10
0.0
 20
0.0
  9
$LIMMAX
 10
420.0
 20
297.0
  9
$ORTHOMODE
 70
0
  9
$REGENMODE
 70
1
  9
$FILLMODE
 70
1
  9
$QTEXTMODE
 70
0
  9
$MIRRTEXT
 70
1
  9
$LTSCALE
 40
1.0
  9
$ATTMODE
 70
1
  9
$TEXTSIZE
 40
2.5
  9
$TRACEWID
 40
1.0
  9
$TEXTSTYLE
  7
Standard
  9
$CLAYER
  8
0
  9
$CELTYPE
  6
ByLayer
  9
$CECOLOR
 62
256
  9
$CELTSCALE
 40
1.0
  9
$DISPSILH
 70
0
  9
$DIMSCALE
 40
1.0
  9
$DIMASZ
 40
2.5
  9
$DIMEXO
 40
0.625
  9
$DIMDLI
 40
3.75
  9
$DIMRND
 40
0.0
  9
$DIMDLE
 40
0.0
  9
$DIMEXE
 40
1.25
  9
$DIMTP
 40
0.0
  9
$DIMTM
 40
0.0
  9
$DIMTXT
 40
2.5
  9
$DIMCEN
 40
2.5
  9
$DIMTSZ
 40
0.0
  9
$DIMTOL
 70
0
  9
$DIMLIM
 70
0
  9
$DIMTIH
 70
0
  9
$DIMTOH
 70
0
  9
$DIMSE1
 70
0
  9
$DIMSE2
 70
0
  9
$DIMTAD
 70
1
  9
$DIMZIN
 70
8
  9
$DIMBLK
  1

  9
$DIMASO
 70
1
  9
$DIMSHO
 70
1
  9
$DIMPOST
  1

  9
$DIMAPOST
  1

  9
$DIMALT
 70
0
  9
$DIMALTD
 70
3
  9
$DIMALTF
 40
0.03937007874
  9
$DIMLFAC
 40
1.0
  9
$DIMTOFL
 70
1
  9
$DIMTVP
 40
0.0
  9
$DIMTIX
 70
0
  9
$DIMSOXD
 70
0
  9
$DIMSAH
 70
0
  9
$DIMBLK1
  1

  9
$DIMBLK2
  1

  9
$DIMSTYLE
  2
ISO-25
  9
$DIMCLRD
 70
0
  9
$DIMCLRE
 70
0
  9
$DIMCLRT
 70
0
  9
$DIMTFAC
 40
1.0
  9
$DIMGAP
 40
0.625
  9
$DIMJUST
 70
0
  9
$DIMSD1
 70
0
  9
$DIMSD2
 70
0
  9
$DIMTOLJ
 70
0
  9
$DIMTZIN
 70
8
  9
$DIMALTZ
 70
0
  9
$DIMALTTZ
 70
0
  9
$DIMUPT
 70
0
  9
$DIMDEC
 70
2
  9
$DIMTDEC
 70
2
  9
$DIMALTU
 70
2
  9
$DIMALTTD
 70
3
  9
$DIMTXSTY
  7
Standard
  9
$DIMAUNIT
 70
0
  9
$DIMADEC
 70
0
  9
$DIMALTRND
 40
0.0
  9
$DIMAZIN
 70
0
  9
$DIMDSEP
 70
44
  9
$DIMATFIT
 70
3
  9
$DIMFRAC
 70
0
  9
$DIMLDRBLK
  1

  9
$DIMLUNIT
 70
2
  9
$DIMLWD
 70
-2
  9
$DIMLWE
 70
-2
  9
$DIMTMOVE
 70
0
  9
$DIMFXL
 40
1.0
  9
$DIMFXLON
 70
0
  9
$DIMJOGANG
 40
0.785398163397
  9
$DIMTFILL
 70
0
  9
$DIMTFILLCLR
 70
0
  9
$DIMARCSYM
 70
0
  9
$DIMLTYPE
  6

  9
$DIMLTEX1
  6

  9
$DIMLTEX2
  6

  9
$DIMTXTDIRECTION
 70
0
  9
$LUNITS
 70
2
  9
$LUPREC
 70
4
  9
$SKETCHINC
 40
1.0
  9
$FILLETRAD
 40
10.0
  9
$AUNITS
 70
0
  9
$AUPREC
 70
2
  9
$MENU
  1
.
  9
$ELEVATION
 40
0.0
  9
$PELEVATION
 40
0.0
  9
$THICKNESS
 40
0.0
  9
$LIMCHECK
 70
0
  9
$CHAMFERA
 40
0.0
  9
$CHAMFERB
 40
0.0
  9
$CHAMFERC
 40
0.0
  9
$CHAMFERD
 40
0.0
  9
$SKPOLY
 70
0
  9
$TDCREATE
 40
2461324.3952430557
  9
$TDUCREATE
 40
2458532.153996898
  9
$TDUPDATE
 40
2461324.3952430557
  9
$TDUUPDATE
 40
2458532.1544311
  9
$TDINDWG
 40
0.0
  9
$TDUSRTIMER
 40
0.0
  9
$USRTIMER
 70
1
  9
$ANGBASE
 50
0.0
  9
$ANGDIR
 70
0
  9
$PDMODE
 70
0
  9
$PDSIZE
 40
0.0
  9
$PLINEWID
 40
0.0
  9
$SPLFRAME
 70
0
  9
$SPLINETYPE
 70
6
  9
$SPLINESEGS
 70
8
  9
$HANDSEED
  5
489
  9
$SURFTAB1
 70
6
  9
$SURFTAB2
 70
6
  9
$SURFTYPE
 70
6
  9
$SURFU
 70
6
  9
$SURFV
 70
6
  9
$UCSBASE
  2

  9
$UCSNAME
  2

  9
$UCSORG
 10
0.0
 20
0.0
 30
0.0
  9
$UCSXDIR
 10
1.0
 20
0.0
 30
0.0
  9
$UCSYDIR
 10
0.0
 20
1.0
 30
0.0
  9
$UCSORTHOREF
  2

  9
$UCSORTHOVIEW
 70
0
  9
$UCSORGTOP
 10
0.0
 20
0.0
 30
0.0
  9
$UCSORGBOTTOM
 10
0.0
 20
0.0
 30
0.0
  9
$UCSORGLEFT
 10
0.0
 20
0.0
 30
0.0
  9
$UCSORGRIGHT
 10
0.0
 20
0.0
 30
0.0
  9
$UCSORGFRONT
 10
0.0
 20
0.0
 30
0.0
  9
$UCSORGBACK
 10
0.0
 20
0.0
 30
0.0
  9
$PUCSBASE
  2

  9
$PUCSNAME
  2

  9
$PUCSORG
 10
0.0
 20
0.0
 30
0.0
  9
$PUCSXDIR
 10
1.0
 20
0.0
 30
0.0
  9
$PUCSYDIR
 10
0.0
 20
1.0
 30
0.0
  9
$PUCSORTHOREF
  2

  9
$PUCSORTHOVIEW
 70
0
  9
$PUCSORGTOP
 10
0.0
 20
0.0
 30
0.0
  9
$PUCSORGBOTTOM
 10
0.0
 20
0.0
 30
0.0
  9
$PUCSORGLEFT
 10
0.0
 20
0.0
 30
0.0
  9
$PUCSORGRIGHT
 10
0.0
 20
0.0
 30
0.0
  9
$PUCSORGFRONT
 10
0.0
 20
0.0
 30
0.0
  9
$PUCSORGBACK
 10
0.0
 20
0.0
 30
0.0
  9
$USERI1
 70
0
  9
$USERI2
 70
0
  9
$USERI3
 70
0
  9
$USERI4
 70
0
  9
$USERI5
 70
0
  9
$USERR1
 40
0.0
  9
$USERR2
 40
0.0
  9
$USERR3
 40
0.0
  9
$USERR4
 40
0.0
  9
$USERR5
 40
0.0
  9
$WORLDVIEW
 70
1
  9
$SHADEDGE
 70
3
  9
$SHADEDIF
 70
70
  9
$TILEMODE
 70
1
  9
$MAXACTVP
 70
64
  9
$PINSBASE
 10
0.0
 20
0.0
 30
0.0
  9
$PLIMCHECK
 70
0
  9
$PEXTMIN
 10
1e+20
 20
1e+20
 30
1e+20
  9
$PEXTMAX
 10
-1e+20
 20
-1e+20
 30
-1e+20
  9
$PLIMMIN
 10
0.0
 20
0.0
  9
$PLIMMAX
 10
420.0
 20
297.0
  9
$UNITMODE
 70
0
  9
$VISRETAIN
 70
1
  9
$PLINEGEN
 70
0
  9
$PSLTSCALE
 70
1
  9
$TREEDEPTH
 70
3020
  9
$CMLSTYLE
  2
Standard
  9
$CMLJUST
 70
0
  9
$CMLSCALE
 40
20.0
  9
$PROXYGRAPHICS
 70
1
  9
$MEASUREMENT
 70
1
  9
$CELWEIGHT
370
-1
  9
$ENDCAPS
280
0
  9
$JOINSTYLE
280
0
  9
$LWDISPLAY
290
0
  9
$INSUNITS
 70
6
  9
$HYPERLINKBASE
  1

  9
$STYLESHEET
  1

  9
$XEDIT
290
1
  9
$CEPSNTYPE
380
0
  9
$PSTYLEMODE
290
1
  9
$FINGERPRINTGUID
  2
{37EF10A5-3FBE-42C7-97F4-AC2B0ECB7607}
  9
$VERSIONGUID
  2
{DAE718C8-C943-4BCC-B33B-E4467ECFC9DF}
  9
$EXTNAMES
290
1
  9
$PSVPSCALE
 40
0.0
  9
$OLESTARTUP
290
0
  9
$SORTENTS
280
127
  9
$INDEXCTL
280
0
  9
$HIDETEXT
280
1
  9
$XCLIPFRAME
280
1
  9
$HALOGAP
280
0
  9
$OBSCOLOR
 70
257
  9
$OBSLTYPE
280
0
  9
$INTERSECTIONDISPLAY
280
0
  9
$INTERSECTIONCOLOR
 70
257
  9
$DIMASSOC
280
2
  9
$PROJECTNAME
  1

  9
$CAMERADISPLAY
290
0
  9
$LENSLENGTH
 40
50.0
  9
$CAMERAHEIGHT
 40
0.0
  9
$STEPSPERSEC
 40
24.0
  9
$STEPSIZE
 40
100.0
  9
$3DDWFPREC
 40
2.0
  9
$PSOLWIDTH
 40
0.005
  9
$PSOLHEIGHT
 40
0.08
  9
$LOFTANG1
 40
1.570796326795
  9
$LOFTANG2
 40
1.570796326795
  9
$LOFTMAG1
 40
0.0
  9
$LOFTMAG2
 40
0.0
  9
$LOFTPARAM
 70
7
  9
$LOFTNORMALS
280
1
  9
$LATITUDE
 40
37.795
  9
$LONGITUDE
 40
-122.394
  9
$NORTHDIRECTION
 40
0.0
  9
$TIMEZONE
 70
-8000
  9
$LIGHTGLYPHDISPLAY
280
1
  9
$TILEMODELIGHTSYNCH
280
1
  9
$CMATERIAL
347
20
  9
$SOLIDHIST
280
0
  9
$SHOWHIST
280
1
  9
$DWFFRAME
280
2
  9
$DGNFRAME
280
2
  9
$REALWORLDSCALE
290
1
  9
$INTERFERECOLOR
 62
256
  9
$CSHADOW
280
0
  9
$SHADOWPLANELOCATION
 40
0.0
  0
ENDSEC
  0
SECTION
  2
CLASSES
  0
CLASS
  1
ACDBDICTIONARYWDFLT
  2
AcDbDictionaryWithDefault
  3
ObjectDBX Classes
 90
0
 91
0
280
0
281
0
  0
CLASS
  1
SUN
  2
AcDbSun
  3
SCENEOE
 90
1153
 91
0
280
0
281
0
  0
CLASS
  1
VISUALSTYLE
  2
AcDbVisualStyle
  3
ObjectDBX Classes
 90
4095
 91
0
280
0
281
0
  0
CLASS
  1
MATERIAL
  2
AcDbMaterial
  3
ObjectDBX Classes
 90
1153
 91
0
280
0
281
0
  0
CLASS
  1
SCALE
  2
AcDbScale
  3
ObjectDBX Classes
 90
1153
 91
0
280
0
281
0
  0
CLASS
  1
TABLESTYLE
  2
AcDbTableStyle
  3
ObjectDBX Classes
 90
4095
 91
0
280
0
281
0
  0
CLASS
  1
MLEADERSTYLE
  2
AcDbMLeaderStyle
  3
ACDB_MLEADERSTYLE_CLASS
 90
4095
 91
0
280
0
281
0
  0
CLASS
  1
DICTIONARYVAR
  2
AcDbDictionaryVar
  3
ObjectDBX Classes
 90
0
 91
0
280
0
281
0
  0
CLASS
  1
CELLSTYLEMAP
  2
AcDbCellStyleMap
  3
ObjectDBX Classes
 90
1152
 91
0
280
0
281
0
  0
CLASS
  1
MENTALRAYRENDERSETTINGS
  2
AcDbMentalRayRenderSettings
  3
SCENEOE
 90
1024
 91
0
280
0
281
0
  0
CLASS
  1
ACDBDETAILVIEWSTYLE
  2
AcDbDetailViewStyle
  3
ObjectDBX Classes
 90
1025
 91
0
280
0
281
0
  0
CLASS
  1
ACDBSECTIONVIEWSTYLE
  2
AcDbSectionViewStyle
  3
ObjectDBX Classes
 90
1025
 91
0
280
0
281
0
  0
CLASS
  1
RASTERVARIABLES
  2
AcDbRasterVariables
  3
ISM
 90
0
 91
0
280
0
281
0
  0
CLASS
  1
IMAGE
  2
AcDbRasterImage
  3
ISM
 90
2175
 91
0
280
0
281
1
  0
CLASS
  1
IMAGEDEF
  2
AcDbRasterImageDef
  3
ISM
 90
0
 91
0
280
0
281
0
  0
CLASS
  1
IMAGEDEF_REACTOR
  2
AcDbRasterImageDefReactor
  3
ISM
 90
1
 91
0
280
0
281
0
  0
CLASS
  1
LAYOUT
  2
AcDbLayout
  3
ObjectDBX Classes
 90
0
 91
0
280
0
281
0
  0
CLASS
  1
ACDBPLACEHOLDER
  2
AcDbPlaceHolder
  3
ObjectDBX Classes
 90
0
 91
0
280
0
281
0
  0
ENDSEC
  0
SECTION
  2
TABLES
  0
TABLE
  2
VPORT
  5
8
330
0
100
AcDbSymbolTable
 70
1
  0
VPORT
  5
23
330
8
100
AcDbSymbolTableRecord
100
AcDbViewportTableRecord
  2
*Active
 70
0
 10
0.0
 20
0.0
 11
1.0
 21
1.0
 12
0.0
 22
0.0
 13
0.0
 23
0.0
 14
0.5
 24
0.5
 15
0.5
 25
0.5
 16
0.0
 26
0.0
 36
1.0
 17
0.0
 27
0.0
 37
0.0
 40
1000.0
 41
1.34
 42
50.0
 43
0.0
 44
0.0
 50
0.0
 51
0.0
 71
0
 72
1000
 73
1
 74
3
 75
0
 76
0
 77
0
 78
0
281
0
 65
0
146
0.0
  0
ENDTAB
  0
TABLE
  2
LTYPE
  5
2
330
0
100
AcDbSymbolTable
 70
3
  0
LTYPE
  5
24
330
2
100
AcDbSymbolTableRecord
100
AcDbLinetypeTableRecord
  2
ByBlock
 70
0
  3

 72
65
 73
0
 40
0.0
  0
LTYPE
  5
25
330
2
100
AcDbSymbolTableRecord
100
AcDbLinetypeTableRecord
  2
ByLayer
 70
0
  3

 72
65
 73
0
 40
0.0
  0
LTYPE
  5
26
330
2
100
AcDbSymbolTableRecord
100
AcDbLinetypeTableRecord
  2
Continuous
 70
0
  3

 72
65
 73
0
 40
0.0
  0
ENDTAB
  0
TABLE
  2
LAYER
  5
1
330
0
100
AcDbSymbolTable
 70
9
  0
LAYER
  5
27
330
1
100
AcDbSymbolTableRecord
100
AcDbLayerTableRecord
  2
0
 70
0
 62
7
  6
Continuous
370
-3
390
13
347
21
  0
LAYER
  5
28
330
1
100
AcDbSymbolTableRecord
100
AcDbLayerTableRecord
  2
Defpoints
 70
0
 62
7
  6
Continuous
290
0
370
-3
390
13
347
21
  0
LAYER
  5
2F
330
1
100
AcDbSymbolTableRecord
100
AcDbLayerTableRecord
  2
0.500-1.000
 70
0
 62
4
  6
Continuous
370
-3
390
13
347
21
  0
LAYER
  5
30
330
1
100
AcDbSymbolTableRecord
100
AcDbLayerTableRecord
  2
1.000-1.500
 70
0
 62
5
  6
Continuous
370
-3
390
13
347
21
  0
LAYER
  5
31
330
1
100
AcDbSymbolTableRecord
100
AcDbLayerTableRecord
  2
1.500-3.000
 70
0
 62
1
  6
Continuous
370
-3
390
13
347
21
  0
LAYER
  5
32
330
1
100
AcDbSymbolTableRecord
100
AcDbLayerTableRecord
  2
3.000-999.000
 70
0
 62
2
  6
Continuous
370
-3
390
13
347
21
  0
LAYER
  5
33
330
1
100
AcDbSymbolTableRecord
100
AcDbLayerTableRecord
  2
爆区方格网
 70
0
 62
7
  6
Continuous
370
-3
390
13
347
21
  0
LAYER
  5
34
330
1
100
AcDbSymbolTableRecord
100
AcDbLayerTableRecord
  2
钻孔
 70
0
 62
7
  6
Continuous
370
-3
390
13
347
21
  0
LAYER
  5
35
330
1
100
AcDbSymbolTableRecord
100
AcDbLayerTableRecord
  2
点
 70
0
 62
7
  6
Continuous
370
-3
390
13
347
21
  0
ENDTAB
  0
TABLE
  2
STYLE
  5
5
330
0
100
AcDbSymbolTable
 70
2
  0
STYLE
  5
29
330
5
100
AcDbSymbolTableRecord
100
AcDbTextStyleTableRecord
  2
Standard
 70
0
 40
0.0
 41
1.0
 50
0.0
 71
0
 42
2.5
  3
txt
  4

  0
STYLE
  5
36
330
5
100
AcDbSymbolTableRecord
100
AcDbTextStyleTableRecord
  2
CN_TTF
 70
0
 40
0.0
 41
1.0
 50
0.0
 71
0
 42
2.5
  3
simsunb.ttf
  4

  0
ENDTAB
  0
TABLE
  2
VIEW
  5
7
330
0
100
AcDbSymbolTable
 70
0
  0
ENDTAB
  0
TABLE
  2
UCS
  5
6
330
0
100
AcDbSymbolTable
 70
0
  0
ENDTAB
  0
TABLE
  2
APPID
  5
3
330
0
100
AcDbSymbolTable
 70
3
  0
APPID
  5
2A
330
3
100
AcDbSymbolTableRecord
100
AcDbRegAppTableRecord
  2
ACAD
 70
0
  0
APPID
  5
486
330
3
100
AcDbSymbolTableRecord
100
AcDbRegAppTableRecord
  2
HATCHBACKGROUNDCOLOR
 70
0
  0
APPID
  5
487
330
3
100
AcDbSymbolTableRecord
100
AcDbRegAppTableRecord
  2
EZDXF
 70
0
  0
ENDTAB
  0
TABLE
  2
DIMSTYLE
  5
4
330
0
100
AcDbSymbolTable
 70
1
100
AcDbDimStyleTable
  0
DIMSTYLE
105
2B
330
4
100
AcDbSymbolTableRecord
100
AcDbDimStyleTableRecord
  2
Standard
 70
0
 40
1.0
 41
2.5
 42
0.625
 43
3.75
 44
1.25
 45
0.0
 46
0.0
 47
0.0
 48
0.0
 49
2.5
140
2.5
141
2.5
142
0.0
143
0.03937007874
144
1.0
145
0.0
146
1.0
147
0.625
148
0.0
 69
0
 70
0
 71
0
 72
0
 73
0
 74
0
 75
0
 76
0
 77
1
 78
8
 79
3
170
0
171
3
172
1
173
0
174
0
175
0
176
0
177
0
178
0
179
2
271
2
272
2
273
2
274
3
275
0
276
0
277
2
278
44
279
0
280
0
281
0
282
0
283
0
284
8
285
0
286
0
288
0
289
3
290
0
371
-2
372
-2
  0
ENDTAB
  0
TABLE
  2
BLOCK_RECORD
  5
9
330
0
100
AcDbSymbolTable
 70
2
  0
BLOCK_RECORD
  5
17
330
9
100
AcDbSymbolTableRecord
100
AcDbBlockTableRecord
  2
*Model_Space
340
1A
 70
0
280
1
281
0
  0
BLOCK_RECORD
  5
1B
330
9
100
AcDbSymbolTableRecord
100
AcDbBlockTableRecord
  2
*Paper_Space
340
1E
 70
0
280
1
281
0
  0
ENDTAB
  0
ENDSEC
  0
SECTION
  2
BLOCKS
  0
BLOCK
  5
18
330
17
100
AcDbEntity
  8
0
100
AcDbBlockBegin
  2
*Model_Space
 70
0
 10
0.0
 20
0.0
 30
0.0
  3
*Model_Space
  1

  0
ENDBLK
  5
19
330
17
100
AcDbEntity
  8
0
100
AcDbBlockEnd
  0
BLOCK
  5
1C
330
1B
100
AcDbEntity
  8
0
100
AcDbBlockBegin
  2
*Paper_Space
 70
0
 10
0.0
 20
0.0
 30
0.0
  3
*Paper_Space
  1

  0
ENDBLK
  5
1D
330
1B
100
AcDbEntity
  8
0
100
AcDbBlockEnd
  0
ENDSEC
  0
SECTION
  2
ENTITIES
  0
LWPOLYLINE
  5
37
330
17
100
AcDbEntity
  8
1.000-1.500
 62
5
370
30
100
AcDbPolyline
 90
164
 70
1
 10
470107.2724784929
 20
4349728.000338817
 10
470107.21857836377
 20
4349727.860607987
 10
470107.14896252594
 20
4349727.703557173
 10
470107.0717244252
 20
4349727.550111421
 10
470106.987050135
 20
4349727.4006403955
 10
470106.895143643
 20
4349727.255504184
 10
470106.7962263602
 20
4349727.115052435
 10
470106.69053658674
 20
4349726.979623506
 10
470106.57832893875
 20
4349726.849543658
 10
470106.45987373416
 20
4349726.7251262665
 10
470106.33545634197
 20
4349726.606671061
 10
470106.20537649456
 20
4349726.494463413
 10
470106.06994756573
 20
4349726.38877364
 10
470105.92949581554
 20
4349726.2898563575
 10
470105.78435960464
 20
4349726.197949865
 10
470105.6348885789
 20
4349726.1132755745
 10
470105.481442827
 20
4349726.036037474
 10
470105.32439201325
 20
4349725.966421637
 10
470105.16411448683
 20
4349725.904595772
 10
470105.0009963704
 20
4349725.8507088255
 10
470104.83543062967
 20
4349725.804890614
 10
470104.66781612707
 20
4349725.767251519
 10
470104.4985566606
 20
4349725.7378822155
 10
470104.3280599911
 20
4349725.716853457
 10
470104.1567368601
 20
4349725.704215904
 10
470103.985
 20
4349725.7
 10
470103.81326313986
 20
4349725.704215904
 10
470103.64194000885
 20
4349725.716853457
 10
470103.47144333937
 20
4349725.7378822155
 10
470103.3021838729
 20
4349725.767251519
 10
470103.1345693703
 20
4349725.804890614
 10
470102.9690036296
 20
4349725.8507088255
 10
470102.80588551314
 20
4349725.904595772
 10
470102.6456079867
 20
4349725.966421637
 10
470102.488557173
 20
4349726.036037474
 10
470102.33511142107
 20
4349726.1132755745
 10
470102.1856403953
 20
4349726.197949865
 10
470102.04050418444
 20
4349726.2898563575
 10
470101.90005243424
 20
4349726.38877364
 10
470101.7646235054
 20
4349726.494463413
 10
470101.634543658
 20
4349726.606671061
 10
470101.5101262658
 20
4349726.7251262665
 10
470101.3916710612
 20
4349726.849543658
 10
470101.27946341323
 20
4349726.979623506
 10
470101.1737736398
 20
4349727.115052435
 10
470101.07485635695
 20
4349727.255504184
 10
470100.982949865
 20
4349727.4006403955
 10
470100.8982755748
 20
4349727.550111421
 10
470100.82103747403
 20
4349727.703557173
 10
470100.7514216362
 20
4349727.860607987
 10
470100.68959577184
 20
4349728.020885513
 10
470100.6357088249
 20
4349728.18400363
 10
470100.5898906138
 20
4349728.349569371
 10
470100.5522515186
 20
4349728.517183873
 10
470100.5228822151
 20
4349728.68644334
 10
470100.5018534566
 20
4349728.856940009
 10
470100.4892159033
 20
4349729.0282631405
 10
470100.485
 20
4349729.2
 10
470100.4892159033
 20
4349729.37173686
 10
470100.5018534566
 20
4349729.543059992
 10
470100.5228822151
 20
4349729.71355666
 10
470100.5522515186
 20
4349729.8828161275
 10
470100.5898906138
 20
4349730.050430629
 10
470100.6357088249
 20
4349730.215996371
 10
470100.68959577184
 20
4349730.379114487
 10
470100.7514216362
 20
4349730.539392013
 10
470100.82103747403
 20
4349730.696442828
 10
470100.8982755748
 20
4349730.849888579
 10
470100.982949865
 20
4349730.999359605
 10
470101.06358985195
 20
4349731.1267040605
 10
470101.063589852
 20
4349731.1267040605
 10
470101.0639123266
 20
4349731.126746877
 10
470101.0640531488
 20
4349731.126765575
 10
470101.06405314873
 20
4349731.126765575
 10
470101.030543658
 20
4349731.155671061
 10
470100.9061262658
 20
4349731.274126266
 10
470100.78767106123
 20
4349731.398543658
 10
470100.67546341324
 20
4349731.5286235055
 10
470100.5697736398
 20
4349731.664052434
 10
470100.47085635696
 20
4349731.804504184
 10
470100.378949865
 20
4349731.949640395
 10
470100.2942755748
 20
4349732.099111421
 10
470100.21703747404
 20
4349732.252557172
 10
470100.1474216362
 20
4349732.409607987
 10
470100.08559577184
 20
4349732.569885513
 10
470100.0317088249
 20
4349732.733003629
 10
470099.9858906138
 20
4349732.898569371
 10
470099.9482515186
 20
4349733.0661838725
 10
470099.9188822151
 20
4349733.23544334
 10
470099.8978534566
 20
4349733.405940008
 10
470099.8852159033
 20
4349733.57726314
 10
470099.881
 20
4349733.749
 10
470099.8852159033
 20
4349733.92073686
 10
470099.8978534566
 20
4349734.092059991
 10
470099.9188822151
 20
4349734.26255666
 10
470099.9482515186
 20
4349734.431816127
 10
470099.9858906138
 20
4349734.599430629
 10
470100.0317088249
 20
4349734.76499637
 10
470100.08559577184
 20
4349734.928114487
 10
470100.1474216362
 20
4349735.088392013
 10
470100.21703747404
 20
4349735.245442827
 10
470100.2942755748
 20
4349735.398888579
 10
470100.378949865
 20
4349735.548359605
 10
470100.47085635696
 20
4349735.693495816
 10
470100.5697736398
 20
4349735.833947565
 10
470100.67546341324
 20
4349735.969376494
 10
470100.7814791714
 20
4349736.092278221
 10
470106.326504351
 20
4349734.336253237
 10
470106.32650435116
 20
4349734.336253237
 10
470107.23827268387
 20
4349734.680565984
 10
470107.39011448686
 20
4349734.630404228
 10
470107.5503920133
 20
4349734.568578363
 10
470107.707442827
 20
4349734.498962526
 10
470107.8608885789
 20
4349734.421724426
 10
470108.01035960467
 20
4349734.337050135
 10
470108.15549581556
 20
4349734.245143643
 10
470108.29594756576
 20
4349734.14622636
 10
470108.4313764946
 20
4349734.040536587
 10
470108.561456342
 20
4349733.928328939
 10
470108.6858737342
 20
4349733.809873734
 10
470108.8043289388
 20
4349733.685456342
 10
470108.91653658677
 20
4349733.555376494
 10
470109.0222263602
 20
4349733.4199475655
 10
470109.12114364305
 20
4349733.279495816
 10
470109.213050135
 20
4349733.134359605
 10
470109.2977244252
 20
4349732.984888579
 10
470109.37496252597
 20
4349732.831442827
 10
470109.4445783638
 20
4349732.674392013
 10
470109.50640422816
 20
4349732.514114487
 10
470109.5602911751
 20
4349732.35099637
 10
470109.6061093862
 20
4349732.185430629
 10
470109.6437484814
 20
4349732.017816127
 10
470109.6731177849
 20
4349731.84855666
 10
470109.6941465434
 20
4349731.678059991
 10
470109.7067840967
 20
4349731.50673686
 10
470109.711
 20
4349731.335
 10
470109.7067840967
 20
4349731.16326314
 10
470109.6941465434
 20
4349730.9919400085
 10
470109.6731177849
 20
4349730.82144334
 10
470109.6437484814
 20
4349730.652183873
 10
470109.6061093862
 20
4349730.484569371
 10
470109.5602911751
 20
4349730.3190036295
 10
470109.50640422816
 20
4349730.155885513
 10
470109.4445783638
 20
4349729.995607987
 10
470109.37496252597
 20
4349729.838557173
 10
470109.2977244252
 20
4349729.685111421
 10
470109.213050135
 20
4349729.535640395
 10
470109.12114364305
 20
4349729.390504184
 10
470109.0222263602
 20
4349729.250052434
 10
470108.91653658677
 20
4349729.114623506
 10
470108.8043289388
 20
4349728.984543658
 10
470108.6858737342
 20
4349728.860126266
 10
470108.561456342
 20
4349728.741671061
 10
470108.4313764946
 20
4349728.629463413
 10
470108.29594756576
 20
4349728.523773639
 10
470108.15549581556
 20
4349728.424856357
 10
470108.01035960467
 20
4349728.332949865
 10
470107.8608885789
 20
4349728.248275574
 10
470107.707442827
 20
4349728.171037474
 10
470107.5503920133
 20
4349728.1014216365
 10
470107.39011448686
 20
4349728.039595772
 10
470107.27219059947
 20
4349728.000638981
 10
470107.27219059935
 20
4349728.000638981
 10
470107.2724784929
 20
4349728.000338817
  0
LWPOLYLINE
  5
38
330
17
100
AcDbEntity
  8
1.000-1.500
 62
5
370
30
100
AcDbPolyline
 90
64
 70
1
 10
470104.6051093862
 20
4349740.508430629
 10
470104.6427484814
 20
4349740.340816127
 10
470104.6721177849
 20
4349740.17155666
 10
470104.6931465434
 20
4349740.001059991
 10
470104.694400904
 20
4349739.9840550395
 10
470100.7722107721
 20
4349736.186537193
 10
470100.6964433394
 20
4349736.195882215
 10
470100.52718387294
 20
4349736.225251518
 10
470100.35956937034
 20
4349736.262890614
 10
470100.1940036296
 20
4349736.308708825
 10
470100.0308855132
 20
4349736.362595771
 10
470099.87060798676
 20
4349736.424421636
 10
470099.71355717303
 20
4349736.494037474
 10
470099.5601114211
 20
4349736.571275574
 10
470099.41064039536
 20
4349736.655949865
 10
470099.26550418447
 20
4349736.747856357
 10
470099.1250524343
 20
4349736.846773639
 10
470098.98962350545
 20
4349736.952463413
 10
470098.85954365804
 20
4349737.064671061
 10
470098.73512626585
 20
4349737.183126266
 10
470098.61667106126
 20
4349737.307543658
 10
470098.50446341326
 20
4349737.4376235055
 10
470098.3987736398
 20
4349737.573052434
 10
470098.299856357
 20
4349737.713504184
 10
470098.207949865
 20
4349737.858640395
 10
470098.1232755748
 20
4349738.008111421
 10
470098.04603747407
 20
4349738.161557172
 10
470097.97642163624
 20
4349738.318607987
 10
470097.9145957719
 20
4349738.478885513
 10
470097.86070882494
 20
4349738.642003629
 10
470097.81489061384
 20
4349738.807569371
 10
470097.7772515186
 20
4349738.9751838725
 10
470097.74788221513
 20
4349739.14444334
 10
470097.72685345664
 20
4349739.314940008
 10
470097.7142159033
 20
4349739.48626314
 10
470097.71
 20
4349739.658
 10
470097.7142159033
 20
4349739.82973686
 10
470097.72685345664
 20
4349740.001059991
 10
470097.74788221513
 20
4349740.17155666
 10
470097.7772515186
 20
4349740.340816127
 10
470097.81489061384
 20
4349740.508430629
 10
470097.86070882494
 20
4349740.67399637
 10
470097.9145957719
 20
4349740.837114487
 10
470097.97642163624
 20
4349740.997392013
 10
470098.04603747407
 20
4349741.154442827
 10
470098.1232755748
 20
4349741.307888579
 10
470098.207949865
 20
4349741.457359605
 10
470098.299856357
 20
4349741.602495816
 10
470098.3987736398
 20
4349741.742947565
 10
470098.50446341326
 20
4349741.878376494
 10
470098.61667106126
 20
4349742.008456342
 10
470098.73512626585
 20
4349742.1328737335
 10
470098.85954365804
 20
4349742.251328939
 10
470098.98962350545
 20
4349742.363536587
 10
470099.1250524343
 20
4349742.46922636
 10
470099.26550418447
 20
4349742.5681436425
 10
470099.41064039536
 20
4349742.660050135
 10
470099.5517280066
 20
4349742.73997528
 10
470099.5517280087
 20
4349742.739975281
 10
470100.6208534512
 20
4349743.027404294
 10
470100.6208534519
 20
4349743.027404294
 10
470104.51754732366
 20
4349740.800356812
 10
470104.5592911751
 20
4349740.67399637
 10
470104.6051093862
 20
4349740.508430629
  0
LWPOLYLINE
  5
39
330
17
100
AcDbEntity
  8
1.000-1.500
 62
5
370
30
100
AcDbPolyline
 90
65
 70
1
 10
470098.4250036296
 20
4349742.888708825
 10
470098.26188551314
 20
4349742.9425957715
 10
470098.1016079867
 20
4349743.004421636
 10
470097.944557173
 20
4349743.074037474
 10
470097.7911114211
 20
4349743.151275574
 10
470097.64164039533
 20
4349743.235949865
 10
470097.49650418444
 20
4349743.327856357
 10
470097.35605243425
 20
4349743.426773639
 10
470097.2206235054
 20
4349743.532463413
 10
470097.090543658
 20
4349743.644671061
 10
470096.9661262658
 20
4349743.763126266
 10
470096.84767106123
 20
4349743.887543658
 10
470096.73546341324
 20
4349744.017623506
 10
470096.6297736398
 20
4349744.153052434
 10
470096.53085635696
 20
4349744.293504184
 10
470096.438949865
 20
4349744.438640395
 10
470096.3542755748
 20
4349744.588111421
 10
470096.27703747404
 20
4349744.7415571725
 10
470096.2074216362
 20
4349744.898607987
 10
470096.14559577184
 20
4349745.058885513
 10
470096.0917088249
 20
4349745.222003629
 10
470096.0458906138
 20
4349745.387569371
 10
470096.0082515186
 20
4349745.555183873
 10
470095.9788822151
 20
4349745.72444334
 10
470095.9578534566
 20
4349745.894940008
 10
470095.9452159033
 20
4349746.06626314
 10
470095.941
 20
4349746.238
 10
470095.9452159033
 20
4349746.40973686
 10
470095.9578534566
 20
4349746.581059991
 10
470095.9788822151
 20
4349746.75155666
 10
470096.0082515186
 20
4349746.920816127
 10
470096.0458906138
 20
4349747.088430629
 10
470096.0917088249
 20
4349747.25399637
 10
470096.14559577184
 20
4349747.417114487
 10
470096.2074216362
 20
4349747.577392013
 10
470096.27703747404
 20
4349747.734442827
 10
470096.3542755748
 20
4349747.887888579
 10
470096.438949865
 20
4349748.037359605
 10
470096.53085635696
 20
4349748.182495816
 10
470096.6297736398
 20
4349748.3229475655
 10
470096.73546341324
 20
4349748.458376494
 10
470096.84767106123
 20
4349748.588456342
 10
470096.9661262658
 20
4349748.712873734
 10
470097.090543658
 20
4349748.831328939
 10
470097.2206235054
 20
4349748.943536587
 10
470097.35605243425
 20
4349749.04922636
 10
470097.49650418444
 20
4349749.148143643
 10
470097.64164039533
 20
4349749.240050135
 10
470097.7911114211
 20
4349749.324724426
 10
470097.944557173
 20
4349749.401962526
 10
470098.1016079867
 20
4349749.471578363
 10
470098.26188551314
 20
4349749.533404228
 10
470098.4250036296
 20
4349749.587291175
 10
470098.5905693703
 20
4349749.633109386
 10
470098.68343870057
 20
4349749.653963892
 10
470102.64481410757
 20
4349747.444234772
 10
470100.6208534512
 20
4349743.027404294
 10
470099.5547691474
 20
4349742.740792876
 10
470099.441
 20
4349742.738
 10
470099.26926313987
 20
4349742.7422159035
 10
470099.09794000885
 20
4349742.754853456
 10
470098.9274433394
 20
4349742.775882215
 10
470098.7581838729
 20
4349742.805251518
 10
470098.5905693703
 20
4349742.842890614
 10
470098.4250036296
 20
4349742.888708825
  0
LWPOLYLINE
  5
3A
330
17
100
AcDbEntity
  8
1.000-1.500
 62
5
370
30
100
AcDbPolyline
 90
72
 70
1
 10
470098.50377051835
 20
4349750.483098379
 10
470098.4359963704
 20
4349750.460708825
 10
470098.27043062967
 20
4349750.414890613
 10
470098.10281612707
 20
4349750.377251518
 10
470097.9335566606
 20
4349750.347882215
 10
470097.7630599911
 20
4349750.326853456
 10
470097.5917368601
 20
4349750.314215903
 10
470097.42
 20
4349750.31
 10
470097.24826313986
 20
4349750.314215903
 10
470097.07694000885
 20
4349750.326853456
 10
470096.90644333937
 20
4349750.347882215
 10
470096.7371838729
 20
4349750.377251518
 10
470096.5695693703
 20
4349750.414890613
 10
470096.4040036296
 20
4349750.460708825
 10
470096.24088551314
 20
4349750.514595771
 10
470096.0806079867
 20
4349750.576421636
 10
470095.923557173
 20
4349750.646037473
 10
470095.77011142106
 20
4349750.723275574
 10
470095.6206403953
 20
4349750.807949864
 10
470095.47550418443
 20
4349750.899856357
 10
470095.33505243424
 20
4349750.998773639
 10
470095.1996235054
 20
4349751.104463412
 10
470095.069543658
 20
4349751.216671061
 10
470094.9451262658
 20
4349751.335126266
 10
470094.8266710612
 20
4349751.4595436575
 10
470094.7144634132
 20
4349751.589623505
 10
470094.6087736398
 20
4349751.725052434
 10
470094.50985635695
 20
4349751.865504184
 10
470094.417949865
 20
4349752.010640395
 10
470094.3332755748
 20
4349752.160111421
 10
470094.256037474
 20
4349752.313557172
 10
470094.1864216362
 20
4349752.470607987
 10
470094.12459577183
 20
4349752.630885513
 10
470094.0707088249
 20
4349752.794003629
 10
470094.0248906138
 20
4349752.95956937
 10
470093.9872515186
 20
4349753.127183872
 10
470093.9578822151
 20
4349753.296443339
 10
470093.9368534566
 20
4349753.466940008
 10
470093.9242159033
 20
4349753.63826314
 10
470093.92
 20
4349753.81
 10
470093.9242159033
 20
4349753.981736859
 10
470093.9368534566
 20
4349754.153059991
 10
470093.9578822151
 20
4349754.32355666
 10
470093.9872515186
 20
4349754.492816127
 10
470094.0248906138
 20
4349754.660430629
 10
470094.0707088249
 20
4349754.82599637
 10
470094.12459577183
 20
4349754.989114487
 10
470094.1864216362
 20
4349755.1493920125
 10
470094.256037474
 20
4349755.306442827
 10
470094.3332755748
 20
4349755.459888578
 10
470094.417949865
 20
4349755.609359604
 10
470094.50985635695
 20
4349755.754495815
 10
470094.6087736398
 20
4349755.894947565
 10
470094.7144634132
 20
4349756.030376494
 10
470094.8266710612
 20
4349756.160456342
 10
470094.9451262658
 20
4349756.284873733
 10
470095.069543658
 20
4349756.403328938
 10
470095.1996235054
 20
4349756.515536587
 10
470095.33505243424
 20
4349756.62122636
 10
470095.47550418443
 20
4349756.720143642
 10
470095.6206403953
 20
4349756.812050135
 10
470095.77011142106
 20
4349756.896724425
 10
470095.923557173
 20
4349756.973962526
 10
470095.94722627377
 20
4349756.984454316
 10
470096.8710768151
 20
4349757.221168497
 10
470100.8094038164
 20
4349754.681047909
 10
470100.81510938617
 20
4349754.660430629
 10
470100.8527484814
 20
4349754.492816127
 10
470100.8821177849
 20
4349754.32355666
 10
470100.90314654337
 20
4349754.153059991
 10
470100.9047254479
 20
4349754.131655305
 10
470098.50377051835
 20
4349750.483098379
  0
LWPOLYLINE
  5
3B
330
17
100
AcDbEntity
  8
0.500-1.000
 62
4
370
30
100
AcDbPolyline
 90
48
 70
1
 10
470104.7695566606
 20
4349739.974117785
 10
470104.9388161271
 20
4349739.944748482
 10
470105.1064306297
 20
4349739.907109386
 10
470105.2719963704
 20
4349739.861291175
 10
470105.43511448684
 20
4349739.8074042285
 10
470105.59539201326
 20
4349739.745578364
 10
470105.752442827
 20
4349739.675962526
 10
470105.9058885789
 20
4349739.598724426
 10
470106.05535960465
 20
4349739.514050135
 10
470106.20049581554
 20
4349739.422143643
 10
470106.34094756574
 20
4349739.323226361
 10
470106.47637649457
 20
4349739.217536587
 10
470106.606456342
 20
4349739.105328939
 10
470106.73087373417
 20
4349738.986873734
 10
470106.84932893876
 20
4349738.862456342
 10
470106.96153658675
 20
4349738.732376494
 10
470107.0672263602
 20
4349738.596947566
 10
470107.16614364303
 20
4349738.456495816
 10
470107.258050135
 20
4349738.311359605
 10
470107.3427244252
 20
4349738.161888579
 10
470107.41996252595
 20
4349738.0084428275
 10
470107.4895783638
 20
4349737.851392013
 10
470107.55140422814
 20
4349737.691114487
 10
470107.6052911751
 20
4349737.527996371
 10
470107.6511093862
 20
4349737.362430629
 10
470107.6887484814
 20
4349737.194816127
 10
470107.7181177849
 20
4349737.02555666
 10
470107.7391465434
 20
4349736.855059992
 10
470107.7517840967
 20
4349736.68373686
 10
470107.756
 20
4349736.512
 10
470107.7517840967
 20
4349736.34026314
 10
470107.7391465434
 20
4349736.168940009
 10
470107.7181177849
 20
4349735.99844334
 10
470107.6887484814
 20
4349735.829183873
 10
470107.6511093862
 20
4349735.661569371
 10
470107.6052911751
 20
4349735.49600363
 10
470107.55140422814
 20
4349735.332885513
 10
470107.4895783638
 20
4349735.172607987
 10
470107.41996252595
 20
4349735.015557173
 10
470107.3427244252
 20
4349734.862111421
 10
470107.258050135
 20
4349734.712640395
 10
470107.2375715814
 20
4349734.680301226
 10
470106.326504351
 20
4349734.336253237
 10
470100.7823425077
 20
4349736.092004815
 10
470100.7728534566
 20
4349736.168940009
 10
470100.771599096
 20
4349736.18594496
 10
470104.6937892281
 20
4349739.983462807
 10
470104.7695566606
 20
4349739.974117785
  0
LWPOLYLINE
  5
3C
330
17
100
AcDbEntity
  8
0.500-1.000
 62
4
370
30
100
AcDbPolyline
 90
54
 70
1
 10
470106.52853658673
 20
4349746.450376495
 10
470106.6342263602
 20
4349746.314947566
 10
470106.733143643
 20
4349746.174495816
 10
470106.82505013497
 20
4349746.029359605
 10
470106.9097244252
 20
4349745.879888579
 10
470106.98696252593
 20
4349745.726442828
 10
470107.05657836376
 20
4349745.569392013
 10
470107.1184042281
 20
4349745.4091144875
 10
470107.17229117505
 20
4349745.245996371
 10
470107.21810938616
 20
4349745.08043063
 10
470107.2557484814
 20
4349744.912816128
 10
470107.28511778486
 20
4349744.743556661
 10
470107.30614654336
 20
4349744.573059992
 10
470107.3187840967
 20
4349744.40173686
 10
470107.323
 20
4349744.23
 10
470107.3187840967
 20
4349744.058263141
 10
470107.30614654336
 20
4349743.886940009
 10
470107.28511778486
 20
4349743.71644334
 10
470107.2557484814
 20
4349743.547183873
 10
470107.21810938616
 20
4349743.379569371
 10
470107.17229117505
 20
4349743.21400363
 10
470107.1184042281
 20
4349743.050885513
 10
470107.05657836376
 20
4349742.8906079875
 10
470106.98696252593
 20
4349742.733557173
 10
470106.9097244252
 20
4349742.580111422
 10
470106.82505013497
 20
4349742.430640396
 10
470106.733143643
 20
4349742.285504185
 10
470106.6342263602
 20
4349742.145052435
 10
470106.52853658673
 20
4349742.009623506
 10
470106.41632893874
 20
4349741.879543658
 10
470106.29787373415
 20
4349741.755126267
 10
470106.17345634196
 20
4349741.636671062
 10
470106.04337649455
 20
4349741.524463413
 10
470105.9079475657
 20
4349741.41877364
 10
470105.7674958155
 20
4349741.319856358
 10
470105.62235960463
 20
4349741.227949865
 10
470105.4728885789
 20
4349741.143275575
 10
470105.31944282696
 20
4349741.066037474
 10
470105.16239201324
 20
4349740.996421637
 10
470105.0021144868
 20
4349740.934595772
 10
470104.8389963704
 20
4349740.880708826
 10
470104.67343062966
 20
4349740.834890614
 10
470104.5181389289
 20
4349740.800018696
 10
470100.6208534512
 20
4349743.027404294
 10
470102.64481410757
 20
4349747.444234772
 10
470103.6536957684
 20
4349747.725843814
 10
470103.823
 20
4349747.73
 10
470103.9947368601
 20
4349747.725784097
 10
470103.9952155765
 20
4349747.725748785
 10
470103.99521557713
 20
4349747.725748785
 10
470104.9108225735
 20
4349747.305391364
 10
470106.3592389224
 20
4349746.640419861
 10
470106.41632893874
 20
4349746.580456343
 10
470106.52853658673
 20
4349746.450376495
  0
LWPOLYLINE
  5
3D
330
17
100
AcDbEntity
  8
0.500-1.000
 62
4
370
30
100
AcDbPolyline
 90
43
 70
1
 10
470106.361784424
 20
4349746.639251215
 10
470105.33144107903
 20
4349747.112284375
 10
470103.9977610767
 20
4349747.72458014
 10
470103.9406710612
 20
4349747.784543658
 10
470103.87677614443
 20
4349747.858615623
 10
470104.58339854004
 20
4349752.660267957
 10
470106.74735188246
 20
4349753.1961985435
 10
470110.0308666868
 20
4349750.007362971
 10
470110.0297840967
 20
4349749.96326314
 10
470110.01714654337
 20
4349749.791940008
 10
470109.9961177849
 20
4349749.62144334
 10
470109.9667484814
 20
4349749.452183872
 10
470109.92910938617
 20
4349749.284569371
 10
470109.88329117507
 20
4349749.119003629
 10
470109.82940422813
 20
4349748.955885513
 10
470109.76757836377
 20
4349748.795607987
 10
470109.69796252594
 20
4349748.638557172
 10
470109.6207244252
 20
4349748.485111421
 10
470109.536050135
 20
4349748.335640395
 10
470109.444143643
 20
4349748.190504184
 10
470109.3452263602
 20
4349748.050052434
 10
470109.23953658674
 20
4349747.914623505
 10
470109.12732893875
 20
4349747.784543658
 10
470109.00887373416
 20
4349747.660126266
 10
470108.88445634197
 20
4349747.541671061
 10
470108.75437649456
 20
4349747.429463413
 10
470108.61894756573
 20
4349747.323773639
 10
470108.47849581554
 20
4349747.224856357
 10
470108.33335960464
 20
4349747.1329498645
 10
470108.1838885789
 20
4349747.048275574
 10
470108.030442827
 20
4349746.9710374735
 10
470107.87339201325
 20
4349746.901421636
 10
470107.71311448683
 20
4349746.839595771
 10
470107.5499963704
 20
4349746.785708825
 10
470107.38443062967
 20
4349746.739890614
 10
470107.21681612707
 20
4349746.702251518
 10
470107.0475566606
 20
4349746.672882215
 10
470106.8770599911
 20
4349746.651853456
 10
470106.7057368601
 20
4349746.639215903
 10
470106.534
 20
4349746.635
 10
470106.36226313986
 20
4349746.639215903
 10
470106.36178442475
 20
4349746.639251215
 10
470106.361784424
 20
4349746.639251215
  0
LWPOLYLINE
  5
3E
330
17
100
AcDbEntity
  8
0.500-1.000
 62
4
370
30
100
AcDbPolyline
 90
23
 70
1
 10
470103.78735960467
 20
4349747.801949864
 10
470103.65235105343
 20
4349747.725468464
 10
470103.6523510531
 20
4349747.725468464
 10
470102.64481410757
 20
4349747.444234772
 10
470098.6828881112
 20
4349749.654271021
 10
470098.63870882493
 20
4349749.788003629
 10
470098.5928906138
 20
4349749.95356937
 10
470098.5552515186
 20
4349750.121183872
 10
470098.5258822151
 20
4349750.290443339
 10
470098.50485345663
 20
4349750.460940008
 10
470098.50327455206
 20
4349750.482344695
 10
470100.9042294815
 20
4349754.13090162
 10
470100.9720036296
 20
4349754.153291174
 10
470101.13756937033
 20
4349754.199109386
 10
470101.30518387293
 20
4349754.236748481
 10
470101.4744433394
 20
4349754.266117784
 10
470101.6449400089
 20
4349754.287146543
 10
470101.8162631399
 20
4349754.299784096
 10
470101.96842173685
 20
4349754.30351938
 10
470104.5833985399
 20
4349752.660267957
 10
470104.58339854004
 20
4349752.660267957
 10
470103.8767691078
 20
4349747.858567808
 10
470103.78735960467
 20
4349747.801949864
  0
LWPOLYLINE
  5
3F
330
17
100
AcDbEntity
  8
0.500-1.000
 62
4
370
30
100
AcDbPolyline
 90
126
 70
1
 10
470094.02628398855
 20
4349763.542574828
 10
470093.88694000884
 20
4349763.552853457
 10
470093.71644333936
 20
4349763.573882216
 10
470093.5471838729
 20
4349763.603251519
 10
470093.3795693703
 20
4349763.640890614
 10
470093.2140036296
 20
4349763.686708826
 10
470093.05088551313
 20
4349763.740595772
 10
470092.8906079867
 20
4349763.802421637
 10
470092.733557173
 20
4349763.872037474
 10
470092.58011142106
 20
4349763.949275575
 10
470092.4306403953
 20
4349764.033949865
 10
470092.28550418443
 20
4349764.125856358
 10
470092.14505243424
 20
4349764.22477364
 10
470092.0096235054
 20
4349764.330463413
 10
470091.879543658
 20
4349764.4426710615
 10
470091.7551262658
 20
4349764.561126267
 10
470091.6366710612
 20
4349764.685543658
 10
470091.5244634132
 20
4349764.815623506
 10
470091.4187736398
 20
4349764.951052435
 10
470091.31985635695
 20
4349765.0915041845
 10
470091.227949865
 20
4349765.236640396
 10
470091.1432755748
 20
4349765.3861114215
 10
470091.066037474
 20
4349765.539557173
 10
470090.9964216362
 20
4349765.696607987
 10
470090.93459577183
 20
4349765.856885513
 10
470090.8807088249
 20
4349766.02000363
 10
470090.8348906138
 20
4349766.185569371
 10
470090.7972515186
 20
4349766.353183873
 10
470090.7678822151
 20
4349766.52244334
 10
470090.7468534566
 20
4349766.692940009
 10
470090.73421590327
 20
4349766.864263141
 10
470090.73
 20
4349767.036
 10
470090.73421590327
 20
4349767.20773686
 10
470090.7468534566
 20
4349767.379059992
 10
470090.7678822151
 20
4349767.5495566605
 10
470090.7972515186
 20
4349767.718816128
 10
470090.8348906138
 20
4349767.8864306295
 10
470090.8807088249
 20
4349768.051996371
 10
470090.93459577183
 20
4349768.215114487
 10
470090.9964216362
 20
4349768.375392013
 10
470091.066037474
 20
4349768.532442828
 10
470091.1432755748
 20
4349768.685888579
 10
470091.227949865
 20
4349768.835359605
 10
470091.31985635695
 20
4349768.980495816
 10
470091.4187736398
 20
4349769.120947566
 10
470091.5244634132
 20
4349769.256376495
 10
470091.6366710612
 20
4349769.386456342
 10
470091.7551262658
 20
4349769.510873734
 10
470091.879543658
 20
4349769.629328939
 10
470092.0096235054
 20
4349769.7415365875
 10
470092.14505243424
 20
4349769.847226361
 10
470092.28550418443
 20
4349769.946143643
 10
470092.4306403953
 20
4349770.038050136
 10
470092.58011142106
 20
4349770.122724426
 10
470092.733557173
 20
4349770.199962527
 10
470092.8906079867
 20
4349770.269578364
 10
470093.05088551313
 20
4349770.331404229
 10
470093.2140036296
 20
4349770.385291175
 10
470093.3795693703
 20
4349770.4311093865
 10
470093.5471838729
 20
4349770.468748482
 10
470093.5600101822
 20
4349770.470974058
 10
470097.24967737164
 20
4349768.283927114
 10
470095.4105579208
 20
4349763.855302567
 10
470098.9536740085
 20
4349761.794404843
 10
470099.00740422815
 20
4349761.655114487
 10
470099.0612911751
 20
4349761.49199637
 10
470099.0757215005
 20
4349761.4398518745
 10
470096.8710768151
 20
4349757.221168497
 10
470095.9496643107
 20
4349756.985079004
 10
470095.8837368601
 20
4349756.980215903
 10
470095.712
 20
4349756.976
 10
470095.5402631399
 20
4349756.980215903
 10
470095.36894000886
 20
4349756.992853456
 10
470095.1984433394
 20
4349757.013882215
 10
470095.0291838729
 20
4349757.043251518
 10
470094.8615693703
 20
4349757.080890614
 10
470094.6960036296
 20
4349757.126708825
 10
470094.53288551315
 20
4349757.180595771
 10
470094.37260798673
 20
4349757.242421636
 10
470094.215557173
 20
4349757.312037474
 10
470094.0621114211
 20
4349757.389275574
 10
470093.91264039534
 20
4349757.4739498645
 10
470093.76750418445
 20
4349757.565856357
 10
470093.62705243425
 20
4349757.664773639
 10
470093.4916235054
 20
4349757.770463413
 10
470093.361543658
 20
4349757.882671061
 10
470093.2371262658
 20
4349758.001126266
 10
470093.11867106124
 20
4349758.125543658
 10
470093.00646341324
 20
4349758.255623505
 10
470092.9007736398
 20
4349758.391052434
 10
470092.80185635696
 20
4349758.531504184
 10
470092.709949865
 20
4349758.676640395
 10
470092.6252755748
 20
4349758.826111421
 10
470092.54803747404
 20
4349758.979557172
 10
470092.4784216362
 20
4349759.136607987
 10
470092.41659577185
 20
4349759.296885513
 10
470092.3627088249
 20
4349759.460003629
 10
470092.3168906138
 20
4349759.625569371
 10
470092.2792515186
 20
4349759.7931838725
 10
470092.2498822151
 20
4349759.96244334
 10
470092.2288534566
 20
4349760.132940008
 10
470092.2162159033
 20
4349760.30426314
 10
470092.212
 20
4349760.476
 10
470092.2162159033
 20
4349760.6477368595
 10
470092.2288534566
 20
4349760.819059991
 10
470092.2498822151
 20
4349760.98955666
 10
470092.2792515186
 20
4349761.158816127
 10
470092.3168906138
 20
4349761.326430629
 10
470092.3627088249
 20
4349761.49199637
 10
470092.41659577185
 20
4349761.655114487
 10
470092.4784216362
 20
4349761.815392013
 10
470092.54803747404
 20
4349761.972442827
 10
470092.6252755748
 20
4349762.125888579
 10
470092.709949865
 20
4349762.2753596045
 10
470092.80185635696
 20
4349762.420495816
 10
470092.9007736398
 20
4349762.560947565
 10
470093.00646341324
 20
4349762.696376494
 10
470093.11867106124
 20
4349762.826456342
 10
470093.2371262658
 20
4349762.9508737335
 10
470093.361543658
 20
4349763.069328939
 10
470093.4916235054
 20
4349763.181536587
 10
470093.62705243425
 20
4349763.28722636
 10
470093.76750418445
 20
4349763.3861436425
 10
470093.91264039534
 20
4349763.478050135
 10
470094.02671382116
 20
4349763.542671933
 10
470094.02628398855
 20
4349763.542574828
  0
LWPOLYLINE
  5
40
330
17
100
AcDbEntity
  8
0.500-1.000
 62
4
370
30
100
AcDbPolyline
 90
78
 70
1
 10
470092.2803272313
 20
4349788.378138715
 10
470092.28771537874
 20
4349788.335559772
 10
470090.22305069625
 20
4349784.524774199
 10
470090.18500633555
 20
4349784.507910294
 10
470089.17860410805
 20
4349784.25552477
 10
470089.01173686015
 20
4349784.243215904
 10
470088.84
 20
4349784.239
 10
470088.6682631399
 20
4349784.243215904
 10
470088.4969400089
 20
4349784.255853456
 10
470088.37592774926
 20
4349784.270778895
 10
470088.3264433394
 20
4349784.276882215
 10
470088.32319053245
 20
4349784.277446631
 10
470088.30344333936
 20
4349784.279882215
 10
470088.1341838729
 20
4349784.309251518
 10
470087.9665693703
 20
4349784.346890613
 10
470087.8010036296
 20
4349784.392708825
 10
470087.63788551313
 20
4349784.446595771
 10
470087.4776079867
 20
4349784.508421636
 10
470087.320557173
 20
4349784.578037473
 10
470087.16711142106
 20
4349784.655275574
 10
470087.0176403953
 20
4349784.739949864
 10
470086.87250418443
 20
4349784.831856357
 10
470086.73205243424
 20
4349784.930773639
 10
470086.5966235054
 20
4349785.036463412
 10
470086.466543658
 20
4349785.148671061
 10
470086.3421262658
 20
4349785.267126266
 10
470086.2236710612
 20
4349785.3915436575
 10
470086.1114634132
 20
4349785.521623505
 10
470086.0057736398
 20
4349785.657052434
 10
470085.90685635695
 20
4349785.797504184
 10
470085.814949865
 20
4349785.942640395
 10
470085.7302755748
 20
4349786.092111421
 10
470085.653037474
 20
4349786.245557172
 10
470085.5834216362
 20
4349786.402607987
 10
470085.52159577183
 20
4349786.562885513
 10
470085.4677088249
 20
4349786.726003629
 10
470085.4218906138
 20
4349786.89156937
 10
470085.3842515186
 20
4349787.059183872
 10
470085.3548822151
 20
4349787.2284433395
 10
470085.3338534566
 20
4349787.398940008
 10
470085.32121590327
 20
4349787.57026314
 10
470085.317
 20
4349787.742
 10
470085.32121590327
 20
4349787.913736859
 10
470085.3338534566
 20
4349788.085059991
 10
470085.3548822151
 20
4349788.25555666
 10
470085.3842515186
 20
4349788.424816127
 10
470085.4218906138
 20
4349788.592430629
 10
470085.4677088249
 20
4349788.75799637
 10
470085.52159577183
 20
4349788.921114487
 10
470085.5834216362
 20
4349789.081392013
 10
470085.653037474
 20
4349789.238442827
 10
470085.7302755748
 20
4349789.391888578
 10
470085.814949865
 20
4349789.541359604
 10
470085.90685635695
 20
4349789.686495815
 10
470086.0057736398
 20
4349789.826947565
 10
470086.1114634132
 20
4349789.962376494
 10
470086.2236710612
 20
4349790.092456342
 10
470086.3421262658
 20
4349790.216873733
 10
470086.466543658
 20
4349790.335328938
 10
470086.5966235054
 20
4349790.447536587
 10
470086.73205243424
 20
4349790.55322636
 10
470086.87250418443
 20
4349790.652143642
 10
470087.0176403953
 20
4349790.744050135
 10
470087.16711142106
 20
4349790.828724425
 10
470087.320557173
 20
4349790.905962526
 10
470087.4776079867
 20
4349790.975578363
 10
470087.63788551313
 20
4349791.037404228
 10
470087.8010036296
 20
4349791.091291174
 10
470087.9665693703
 20
4349791.137109386
 10
470088.1341838729
 20
4349791.174748481
 10
470088.30344333936
 20
4349791.204117784
 10
470088.47394000884
 20
4349791.225146543
 10
470088.64526313986
 20
4349791.237784096
 10
470088.7899145263
 20
4349791.241335088
 10
470088.79413374903
 20
4349791.237874047
 10
470088.7941337494
 20
4349791.237874047
 10
470089.23726578266
 20
4349790.874371465
 10
470092.2803272313
 20
4349788.378138715
  0
LWPOLYLINE
  5
41
330
17
100
AcDbEntity
  8
0.500-1.000
 62
4
370
30
100
AcDbPolyline
 90
56
 70
1
 10
470086.3780599911
 20
4349797.9608534565
 10
470086.2067368601
 20
4349797.948215904
 10
470086.035
 20
4349797.944
 10
470085.86326313985
 20
4349797.948215904
 10
470085.69194000884
 20
4349797.9608534565
 10
470085.52144333936
 20
4349797.9818822155
 10
470085.3521838729
 20
4349798.0112515185
 10
470085.1845693703
 20
4349798.048890614
 10
470085.01900362957
 20
4349798.094708825
 10
470084.8558855131
 20
4349798.148595772
 10
470084.6956079867
 20
4349798.210421637
 10
470084.538557173
 20
4349798.280037474
 10
470084.38511142106
 20
4349798.3572755745
 10
470084.2356403953
 20
4349798.441949865
 10
470084.0905041844
 20
4349798.533856357
 10
470083.95005243423
 20
4349798.63277364
 10
470083.8146235054
 20
4349798.738463413
 10
470083.684543658
 20
4349798.850671061
 10
470083.5601262658
 20
4349798.969126266
 10
470083.4416710612
 20
4349799.093543658
 10
470083.3294634132
 20
4349799.223623506
 10
470083.22377363977
 20
4349799.359052435
 10
470083.12485635694
 20
4349799.499504184
 10
470083.032949865
 20
4349799.644640395
 10
470082.9482755748
 20
4349799.794111421
 10
470082.871037474
 20
4349799.947557173
 10
470082.8014216362
 20
4349800.104607987
 10
470082.7395957718
 20
4349800.264885513
 10
470082.6857088249
 20
4349800.42800363
 10
470082.6398906138
 20
4349800.593569371
 10
470082.6022515186
 20
4349800.761183873
 10
470082.5728822151
 20
4349800.93044334
 10
470082.5518534566
 20
4349801.100940009
 10
470082.53921590326
 20
4349801.27226314
 10
470082.535
 20
4349801.444
 10
470082.53921590326
 20
4349801.61573686
 10
470082.5518534566
 20
4349801.787059992
 10
470082.5728822151
 20
4349801.95755666
 10
470082.6022515186
 20
4349802.126816127
 10
470082.6398906138
 20
4349802.294430629
 10
470082.6857088249
 20
4349802.459996371
 10
470082.7395957718
 20
4349802.623114487
 10
470082.8014216362
 20
4349802.783392013
 10
470082.871037474
 20
4349802.9404428275
 10
470082.9482755748
 20
4349803.093888579
 10
470083.032949865
 20
4349803.243359605
 10
470083.12485635694
 20
4349803.388495816
 10
470083.22377363977
 20
4349803.528947566
 10
470083.3294634132
 20
4349803.6643764945
 10
470083.44010481384
 20
4349803.792640626
 10
470084.79600452696
 20
4349803.989026326
 10
470089.5345841033
 20
4349801.42705825
 10
470089.5318214689
 20
4349801.314521
 10
470087.1763222664
 20
4349798.242808968
 10
470086.4935511919
 20
4349797.9750979375
 10
470086.3780599911
 20
4349797.9608534565
  0
LWPOLYLINE
  5
42
330
17
100
AcDbEntity
  8
爆区方格网
 62
5
100
AcDbPolyline
 90
11
 70
1
 10
470094.535
 20
4349753.7
 10
470094.535
 20
4349752.7
 10
470094.1017634292
 20
4349752.7
 10
470094.0707088249
 20
4349752.794003629
 10
470094.0248906138
 20
4349752.95956937
 10
470093.9872515186
 20
4349753.127183872
 10
470093.9578822151
 20
4349753.296443339
 10
470093.9368534566
 20
4349753.466940008
 10
470093.9242159033
 20
4349753.63826314
 10
470093.9227003484
 20
4349753.7
 10
470094.535
 20
4349753.7
  0
TEXT
  5
43
330
17
100
AcDbEntity
  8
0
 62
5
100
AcDbText
 10
470094.0937834334
 20
4349753.141813606
 30
0.0
 40
0.1333
  1
1.16
  7
CN_TTF
 11
470094.0937834334
 21
4349753.141813606
 31
0.0
100
AcDbText
  0
LWPOLYLINE
  5
44
330
17
100
AcDbEntity
  8
爆区方格网
 62
5
100
AcDbPolyline
 90
11
 70
1
 10
470094.535
 20
4349754.7
 10
470094.535
 20
4349753.7
 10
470093.9227003484
 20
4349753.7
 10
470093.92
 20
4349753.81
 10
470093.9242159033
 20
4349753.981736859
 10
470093.9368534566
 20
4349754.153059991
 10
470093.9578822151
 20
4349754.32355666
 10
470093.9872515186
 20
4349754.492816127
 10
470094.0248906138
 20
4349754.660430629
 10
470094.03584093356
 20
4349754.7
 10
470094.535
 20
4349754.7
  0
TEXT
  5
45
330
17
100
AcDbEntity
  8
0
 62
5
100
AcDbText
 10
470094.08118391794
 20
4349754.168308325
 30
0.0
 40
0.1333
  1
1.16
  7
CN_TTF
 11
470094.08118391794
 21
4349754.168308325
 31
0.0
100
AcDbText
  0
LWPOLYLINE
  5
46
330
17
100
AcDbEntity
  8
爆区方格网
 62
5
100
AcDbPolyline
 90
7
 70
1
 10
470094.535
 20
4349752.7
 10
470095.535
 20
4349752.7
 10
470095.535
 20
4349751.7
 10
470094.62832475104
 20
4349751.7
 10
470094.6087736398
 20
4349751.725052434
 10
470094.535
 20
4349751.829802954
 10
470094.535
 20
4349752.7
  0
TEXT
  5
47
330
17
100
AcDbEntity
  8
0
 62
5
100
AcDbText
 10
470094.875
 20
4349752.194901477
 30
0.0
 40
0.1333
  1
1.16
  7
CN_TTF
 11
470094.875
 21
4349752.194901477
 31
0.0
100
AcDbText
  0
LWPOLYLINE
  5
48
330
17
100
AcDbEntity
  8
爆区方格网
 62
5
100
AcDbPolyline
 90
5
 70
1
 10
470094.535
 20
4349752.7
 10
470094.535
 20
4349753.7
 10
470095.535
 20
4349753.7
 10
470095.535
 20
4349752.7
 10
470094.535
 20
4349752.7
  0
TEXT
  5
49
330
17
100
AcDbEntity
  8
0
 62
5
100
AcDbText
 10
470094.875
 20
4349753.13
 30
0.0
 40
0.1333
  1
1.16
  7
CN_TTF
 11
470094.875
 21
4349753.13
 31
0.0
100
AcDbText
  0
LWPOLYLINE
  5
4A
330
17
100
AcDbEntity
  8
爆区方格网
 62
5
100
AcDbPolyline
 90
5
 70
1
 10
470094.535
 20
4349753.7
 10
470094.535
 20
4349754.7
 10
470095.535
 20
4349754.7
 10
470095.535
 20
4349753.7
 10
470094.535
 20
4349753.7
  0
TEXT
  5
4B
330
17
100
AcDbEntity
  8
0
 62
5
100
AcDbText
 10
470094.875
 20
4349754.13
 30
0.0
 40
0.1333
  1
1.16
  7
CN_TTF
 11
470094.875
 21
4349754.13
 31
0.0
100
AcDbText
  0
LWPOLYLINE
  5
4C
330
17
100
AcDbEntity
  8
爆区方格网
 62
5
100
AcDbPolyline
 90
5
 70
1
 10
470094.535
 20
4349754.7
 10
470094.535
 20
4349755.7
 10
470095.535
 20
4349755.7
 10
470095.535
 20
4349754.7
 10
470094.535
 20
4349754.7
  0
TEXT
  5
4D
330
17
100
AcDbEntity
  8
0
 62
5
100
AcDbText
 10
470094.875
 20
4349755.13
 30
0.0
 40
0.1333
  1
1.16
  7
CN_TTF
 11
470094.875
 21
4349755.13
 31
0.0
100
AcDbText
  0
LWPOLYLINE
  5
4E
330
17
100
AcDbEntity
  8
爆区方格网
 62
5
100
AcDbPolyline
 90
13
 70
1
 10
470095.535
 20
4349756.7
 10
470095.535
 20
4349755.7
 10
470094.535
 20
4349755.7
 10
470094.535
 20
4349755.790197046
 10
470094.6087736398
 20
4349755.894947565
 10
470094.7144634132
 20
4349756.030376494
 10
470094.8266710612
 20
4349756.160456342
 10
470094.9451262658
 20
4349756.284873733
 10
470095.069543658
 20
4349756.403328938
 10
470095.1996235054
 20
4349756.515536587
 10
470095.33505243424
 20
4349756.62122636
 10
470095.44690241007
 20
4349756.7
 10
470095.535
 20
4349756.7
  0
TEXT
  5
4F
330
17
100
AcDbEntity
  8
0
 62
5
100
AcDbText
 10
470095.050449332
 20
4349756.152665038
 30
0.0
 40
0.1333
  1
1.16
  7
CN_TTF
 11
470095.050449332
 21
4349756.152665038
 31
0.0
100
AcDbText
  0
LWPOLYLINE
  5
50
330
17
100
AcDbEntity
  8
爆区方格网
 62
5
100
AcDbPolyline
 90
11
 70
1
 10
470096.535
 20
4349746.7
 10
470096.535
 20
4349745.7
 10
470095.98312353686
 20
4349745.7
 10
470095.9788822151
 20
4349745.72444334
 10
470095.9578534566
 20
4349745.894940008
 10
470095.9452159033
 20
4349746.06626314
 10
470095.941
 20
4349746.238
 10
470095.9452159033
 20
4349746.40973686
 10
470095.9578534566
 20
4349746.581059991
 10
470095.9725233076
 20
4349746.7
 10
470096.535
 20
4349746.7
  0
TEXT
  5
51
330
17
100
AcDbEntity
  8
0
 62
5
100
AcDbText
 10
470096.0790539758
 20
4349746.08213157
 30
0.0
 40
0.1333
  1
1.04
  7
CN_TTF
 11
470096.0790539758
 21
4349746.08213157
 31
0.0
100
AcDbText
  0
LWPOLYLINE
  5
52
330
17
100
AcDbEntity
  8
爆区方格网
 62
5
100
AcDbPolyline
 90
8
 70
1
 10
470095.535
 20
4349751.7
 10
470096.535
 20
4349751.7
 10
470096.535
 20
4349750.7
 10
470095.81635204435
 20
4349750.7
 10
470095.77011142106
 20
4349750.723275574
 10
470095.6206403953
 20
4349750.807949864
 10
470095.535
 20
4349750.862181047
 10
470095.535
 20
4349751.7
  0
TEXT
  5
53
330
17
100
AcDbEntity
  8
0
 62
5
100
AcDbText
 10
470095.875
 20
4349751.211090524
 30
0.0
 40
0.1333
  1
1.16
  7
CN_TTF
 11
470095.875
 21
4349751.211090524
 31
0.0
100
AcDbText
  0
LWPOLYLINE
  5
54
330
17
100
AcDbEntity
  8
爆区方格网
 62
5
100
AcDbPolyline
 90
5
 70
1
 10
470095.535
 20
4349751.7
 10
470095.535
 20
4349752.7
 10
470096.535
 20
4349752.7
 10
470096.535
 20
4349751.7
 10
470095.535
 20
4349751.7
  0
TEXT
  5
55
330
17
100
AcDbEntity
  8
0
 62
5
100
AcDbText
 10
470095.875
 20
4349752.13
 30
0.0
 40
0.1333
  1
1.16
  7
CN_TTF
 11
470095.875
 21
4349752.13
 31
0.0
100
AcDbText
  0
LWPOLYLINE
  5
56
330
17
100
AcDbEntity
  8
爆区方格网
 62
5
100
AcDbPolyline
 90
5
 70
1
 10
470095.535
 20
4349752.7
 10
470095.535
 20
4349753.7
 10
470096.535
 20
4349753.7
 10
470096.535
 20
4349752.7
 10
470095.535
 20
4349752.7
  0
TEXT
  5
57
330
17
100
AcDbEntity
  8
0
 62
5
100
AcDbText
 10
470095.875
 20
4349753.13
 30
0.0
 40
0.1333
  1
1.16
  7
CN_TTF
 11
470095.875
 21
4349753.13
 31
0.0
100
AcDbText
  0
LWPOLYLINE
  5
58
330
17
100
AcDbEntity
  8
爆区方格网
 62
5
100
AcDbPolyline
 90
5
 70
1
 10
470095.535
 20
4349753.7
 10
470095.535
 20
4349754.7
 10
470096.535
 20
4349754.7
 10
470096.535
 20
4349753.7
 10
470095.535
 20
4349753.7
  0
TEXT
  5
59
330
17
100
AcDbEntity
  8
0
 62
5
100
AcDbText
 10
470095.875
 20
4349754.13
 30
0.0
 40
0.1333
  1
1.16
  7
CN_TTF
 11
470095.875
 21
4349754.13
 31
0.0
100
AcDbText
  0
LWPOLYLINE
  5
5A
330
17
100
AcDbEntity
  8
爆区方格网
 62
5
100
AcDbPolyline
 90
5
 70
1
 10
470095.535
 20
4349754.7
 10
470095.535
 20
4349755.7
 10
470096.535
 20
4349755.7
 10
470096.535
 20
4349754.7
 10
470095.535
 20
4349754.7
  0
TEXT
  5
5B
330
17
100
AcDbEntity
  8
0
 62
5
100
AcDbText
 10
470095.875
 20
4349755.13
 30
0.0
 40
0.1333
  1
1.16
  7
CN_TTF
 11
470095.875
 21
4349755.13
 31
0.0
100
AcDbText
  0
LWPOLYLINE
  5
5C
330
17
100
AcDbEntity
  8
爆区方格网
 62
5
100
AcDbPolyline
 90
5
 70
1
 10
470095.535
 20
4349755.7
 10
470095.535
 20
4349756.7
 10
470096.535
 20
4349756.7
 10
470096.535
 20
4349755.7
 10
470095.535
 20
4349755.7
  0
TEXT
  5
5D
330
17
100
AcDbEntity
  8
0
 62
5
100
AcDbText
 10
470095.875
 20
4349756.13
 30
0.0
 40
0.1333
  1
1.16
  7
CN_TTF
 11
470095.875
 21
4349756.13
 31
0.0
100
AcDbText
  0
LWPOLYLINE
  5
5E
330
17
100
AcDbEntity
  8
爆区方格网
 62
5
100
AcDbPolyline
 90
10
 70
1
 10
470096.535
 20
4349744.7
 10
470097.535
 20
4349744.7
 10
470097.535
 20
4349743.7
 10
470097.0324298562
 20
4349743.7
 10
470096.9661262658
 20
4349743.763126266
 10
470096.84767106123
 20
4349743.887543658
 10
470096.73546341324
 20
4349744.017623506
 10
470096.6297736398
 20
4349744.153052434
 10
470096.535
 20
4349744.287620663
 10
470096.535
 20
4349744.7
  0
TEXT
  5
5F
330
17
100
AcDbEntity
  8
0
 62
5
100
AcDbText
 10
470096.8986934098
 20
4349744.150336549
 30
0.0
 40
0.1333
  1
1.04
  7
CN_TTF
 11
470096.8986934098
 21
4349744.150336549
 31
0.0
100
AcDbText
  0
LWPOLYLINE
  5
60
330
17
100
AcDbEntity
  8
爆区方格网
 62
5
100
AcDbPolyline
 90
5
 70
1
 10
470096.535
 20
4349744.7
 10
470096.535
 20
4349745.7
 10
470097.535
 20
4349745.7
 10
470097.535
 20
4349744.7
 10
470096.535
 20
4349744.7
  0
TEXT
  5
61
330
17
100
AcDbEntity
  8
0
 62
5
100
AcDbText
 10
470096.875
 20
4349745.13
 30
0.0
 40
0.1333
  1
1.04
  7
CN_TTF
 11
470096.875
 21
4349745.13
 31
0.0
100
AcDbText
  0
LWPOLYLINE
  5
62
330
17
100
AcDbEntity
  8
爆区方格网
 62
5
100
AcDbPolyline
 90
5
 70
1
 10
470096.535
 20
4349745.7
 10
470096.535
 20
4349746.7
 10
470097.535
 20
4349746.7
 10
470097.535
 20
4349745.7
 10
470096.535
 20
4349745.7
  0
TEXT
  5
63
330
17
100
AcDbEntity
  8
0
 62
5
100
AcDbText
 10
470096.875
 20
4349746.13
 30
0.0
 40
0.1333
  1
1.04
  7
CN_TTF
 11
470096.875
 21
4349746.13
 31
0.0
100
AcDbText
  0
LWPOLYLINE
  5
64
330
17
100
AcDbEntity
  8
爆区方格网
 62
5
100
AcDbPolyline
 90
5
 70
1
 10
470096.535
 20
4349746.7
 10
470096.535
 20
4349747.7
 10
470097.535
 20
4349747.7
 10
470097.535
 20
4349746.7
 10
470096.535
 20
4349746.7
  0
TEXT
  5
65
330
17
100
AcDbEntity
  8
0
 62
5
100
AcDbText
 10
470096.875
 20
4349747.13
 30
0.0
 40
0.1333
  1
1.04
  7
CN_TTF
 11
470096.875
 21
4349747.13
 31
0.0
100
AcDbText
  0
LWPOLYLINE
  5
66
330
17
100
AcDbEntity
  8
爆区方格网
 62
5
100
AcDbPolyline
 90
9
 70
1
 10
470097.535
 20
4349748.7
 10
470097.535
 20
4349747.7
 10
470096.535
 20
4349747.7
 10
470096.535
 20
4349748.188379337
 10
470096.6297736398
 20
4349748.3229475655
 10
470096.73546341324
 20
4349748.458376494
 10
470096.84767106123
 20
4349748.588456342
 10
470096.95386945264
 20
4349748.7
 10
470097.535
 20
4349748.7
  0
TEXT
  5
67
330
17
100
AcDbEntity
  8
0
 62
5
100
AcDbText
 10
470096.8986934098
 20
4349748.1856634505
 30
0.0
 40
0.1333
  1
1.04
  7
CN_TTF
 11
470096.8986934098
 21
4349748.1856634505
 31
0.0
100
AcDbText
  0
LWPOLYLINE
  5
68
330
17
100
AcDbEntity
  8
爆区方格网
 62
5
100
AcDbPolyline
 90
5
 70
1
 10
470096.535
 20
4349750.7
 10
470096.535
 20
4349751.7
 10
470097.535
 20
4349751.7
 10
470097.535
 20
4349750.7
 10
470096.535
 20
4349750.7
  0
TEXT
  5
69
330
17
100
AcDbEntity
  8
0
 62
5
100
AcDbText
 10
470096.875
 20
4349751.13
 30
0.0
 40
0.1333
  1
1.16
  7
CN_TTF
 11
470096.875
 21
4349751.13
 31
0.0
100
AcDbText
  0
LWPOLYLINE
  5
6A
330
17
100
AcDbEntity
  8
爆区方格网
 62
5
100
AcDbPolyline
 90
5
 70
1
 10
470096.535
 20
4349751.7
 10
470096.535
 20
4349752.7
 10
470097.535
 20
4349752.7
 10
470097.535
 20
4349751.7
 10
470096.535
 20
4349751.7
  0
TEXT
  5
6B
330
17
100
AcDbEntity
  8
0
 62
5
100
AcDbText
 10
470096.875
 20
4349752.13
 30
0.0
 40
0.1333
  1
1.16
  7
CN_TTF
 11
470096.875
 21
4349752.13
 31
0.0
100
AcDbText
  0
LWPOLYLINE
  5
6C
330
17
100
AcDbEntity
  8
爆区方格网
 62
5
100
AcDbPolyline
 90
5
 70
1
 10
470096.535
 20
4349752.7
 10
470096.535
 20
4349753.7
 10
470097.535
 20
4349753.7
 10
470097.535
 20
4349752.7
 10
470096.535
 20
4349752.7
  0
TEXT
  5
6D
330
17
100
AcDbEntity
  8
0
 62
5
100
AcDbText
 10
470096.875
 20
4349753.13
 30
0.0
 40
0.1333
  1
1.16
  7
CN_TTF
 11
470096.875
 21
4349753.13
 31
0.0
100
AcDbText
  0
LWPOLYLINE
  5
6E
330
17
100
AcDbEntity
  8
爆区方格网
 62
5
100
AcDbPolyline
 90
5
 70
1
 10
470096.535
 20
4349753.7
 10
470096.535
 20
4349754.7
 10
470097.535
 20
4349754.7
 10
470097.535
 20
4349753.7
 10
470096.535
 20
4349753.7
  0
TEXT
  5
6F
330
17
100
AcDbEntity
  8
0
 62
5
100
AcDbText
 10
470096.875
 20
4349754.13
 30
0.0
 40
0.1333
  1
1.16
  7
CN_TTF
 11
470096.875
 21
4349754.13
 31
0.0
100
AcDbText
  0
LWPOLYLINE
  5
70
330
17
100
AcDbEntity
  8
爆区方格网
 62
5
100
AcDbPolyline
 90
5
 70
1
 10
470096.535
 20
4349754.7
 10
470096.535
 20
4349755.7
 10
470097.535
 20
4349755.7
 10
470097.535
 20
4349754.7
 10
470096.535
 20
4349754.7
  0
TEXT
  5
71
330
17
100
AcDbEntity
  8
0
 62
5
100
AcDbText
 10
470096.875
 20
4349755.13
 30
0.0
 40
0.1333
  1
1.16
  7
CN_TTF
 11
470096.875
 21
4349755.13
 31
0.0
100
AcDbText
  0
LWPOLYLINE
  5
72
330
17
100
AcDbEntity
  8
爆区方格网
 62
5
100
AcDbPolyline
 90
5
 70
1
 10
470096.535
 20
4349755.7
 10
470096.535
 20
4349756.7
 10
470097.535
 20
4349756.7
 10
470097.535
 20
4349755.7
 10
470096.535
 20
4349755.7
  0
TEXT
  5
73
330
17
100
AcDbEntity
  8
0
 62
5
100
AcDbText
 10
470096.875
 20
4349756.13
 30
0.0
 40
0.1333
  1
1.16
  7
CN_TTF
 11
470096.875
 21
4349756.13
 31
0.0
100
AcDbText
  0
LWPOLYLINE
  5
74
330
17
100
AcDbEntity
  8
爆区方格网
 62
5
100
AcDbPolyline
 90
12
 70
1
 10
470098.535
 20
4349738.7
 10
470098.535
 20
4349737.7
 10
470098.3093670763
 20
4349737.7
 10
470098.299856357
 20
4349737.713504184
 10
470098.207949865
 20
4349737.858640395
 10
470098.1232755748
 20
4349738.008111421
 10
470098.04603747407
 20
4349738.161557172
 10
470097.97642163624
 20
4349738.318607987
 10
470097.9145957719
 20
4349738.478885513
 10
470097.86070882494
 20
4349738.642003629
 10
470097.84465906763
 20
4349738.7
 10
470098.535
 20
4349738.7
  0
TEXT
  5
75
330
17
100
AcDbEntity
  8
0
 62
5
100
AcDbText
 10
470098.11311477754
 20
4349738.170082579
 30
0.0
 40
0.1333
  1
1.26
  7
CN_TTF
 11
470098.11311477754
 21
4349738.170082579
 31
0.0
100
AcDbText
  0
LWPOLYLINE
  5
76
330
17
100
AcDbEntity
  8
爆区方格网
 62
5
100
AcDbPolyline
 90
11
 70
1
 10
470098.535
 20
4349739.7
 10
470098.535
 20
4349738.7
 10
470097.84465906763
 20
4349738.7
 10
470097.81489061384
 20
4349738.807569371
 10
470097.7772515186
 20
4349738.9751838725
 10
470097.74788221513
 20
4349739.14444334
 10
470097.72685345664
 20
4349739.314940008
 10
470097.7142159033
 20
4349739.48626314
 10
470097.71
 20
4349739.658
 10
470097.71103104216
 20
4349739.7
 10
470098.535
 20
4349739.7
  0
TEXT
  5
77
330
17
100
AcDbEntity
  8
0
 62
5
100
AcDbText
 10
470097.97618391796
 20
4349739.159691674
 30
0.0
 40
0.1333
  1
1.26
  7
CN_TTF
 11
470097.97618391796
 21
4349739.159691674
 31
0.0
100
AcDbText
  0
LWPOLYLINE
  5
78
330
17
100
AcDbEntity
  8
爆区方格网
 62
5
100
AcDbPolyline
 90
11
 70
1
 10
470098.535
 20
4349740.7
 10
470098.535
 20
4349739.7
 10
470097.71103104216
 20
4349739.7
 10
470097.7142159033
 20
4349739.82973686
 10
470097.72685345664
 20
4349740.001059991
 10
470097.74788221513
 20
4349740.17155666
 10
470097.7772515186
 20
4349740.340816127
 10
470097.81489061384
 20
4349740.508430629
 10
470097.86070882494
 20
4349740.67399637
 10
470097.8692992639
 20
4349740.7
 10
470098.535
 20
4349740.7
  0
TEXT
  5
79
330
17
100
AcDbEntity
  8
0
 62
5
100
AcDbText
 10
470097.9887834335
 20
4349740.186186394
 30
0.0
 40
0.1333
  1
1.26
  7
CN_TTF
 11
470097.9887834335
 21
4349740.186186394
 31
0.0
100
AcDbText
  0
LWPOLYLINE
  5
7A
330
17
100
AcDbEntity
  8
爆区方格网
 62
5
100
AcDbPolyline
 90
11
 70
1
 10
470097.535
 20
4349743.7
 10
470098.535
 20
4349743.7
 10
470098.535
 20
4349742.858268729
 10
470098.4250036296
 20
4349742.888708825
 10
470098.26188551314
 20
4349742.9425957715
 10
470098.1016079867
 20
4349743.004421636
 10
470097.944557173
 20
4349743.074037474
 10
470097.7911114211
 20
4349743.151275574
 10
470097.64164039533
 20
4349743.235949865
 10
470097.535
 20
4349743.303479151
 10
470097.535
 20
4349743.7
  0
TEXT
  5
7B
330
17
100
AcDbEntity
  8
0
 62
5
100
AcDbText
 10
470097.90166009846
 20
4349743.199714508
 30
0.0
 40
0.1333
  1
1.04
  7
CN_TTF
 11
470097.90166009846
 21
4349743.199714508
 31
0.0
100
AcDbText
  0
LWPOLYLINE
  5
7C
330
17
100
AcDbEntity
  8
爆区方格网
 62
5
100
AcDbPolyline
 90
5
 70
1
 10
470097.535
 20
4349743.7
 10
470097.535
 20
4349744.7
 10
470098.535
 20
4349744.7
 10
470098.535
 20
4349743.7
 10
470097.535
 20
4349743.7
  0
TEXT
  5
7D
330
17
100
AcDbEntity
  8
0
 62
5
100
AcDbText
 10
470097.875
 20
4349744.13
 30
0.0
 40
0.1333
  1
1.04
  7
CN_TTF
 11
470097.875
 21
4349744.13
 31
0.0
100
AcDbText
  0
LWPOLYLINE
  5
7E
330
17
100
AcDbEntity
  8
爆区方格网
 62
5
100
AcDbPolyline
 90
5
 70
1
 10
470097.535
 20
4349744.7
 10
470097.535
 20
4349745.7
 10
470098.535
 20
4349745.7
 10
470098.535
 20
4349744.7
 10
470097.535
 20
4349744.7
  0
TEXT
  5
7F
330
17
100
AcDbEntity
  8
0
 62
5
100
AcDbText
 10
470097.875
 20
4349745.13
 30
0.0
 40
0.1333
  1
1.04
  7
CN_TTF
 11
470097.875
 21
4349745.13
 31
0.0
100
AcDbText
  0
LWPOLYLINE
  5
80
330
17
100
AcDbEntity
  8
爆区方格网
 62
5
100
AcDbPolyline
 90
5
 70
1
 10
470097.535
 20
4349745.7
 10
470097.535
 20
4349746.7
 10
470098.535
 20
4349746.7
 10
470098.535
 20
4349745.7
 10
470097.535
 20
4349745.7
  0
TEXT
  5
81
330
17
100
AcDbEntity
  8
0
 62
5
100
AcDbText
 10
470097.875
 20
4349746.13
 30
0.0
 40
0.1333
  1
1.04
  7
CN_TTF
 11
470097.875
 21
4349746.13
 31
0.0
100
AcDbText
  0
LWPOLYLINE
  5
82
330
17
100
AcDbEntity
  8
爆区方格网
 62
5
100
AcDbPolyline
 90
5
 70
1
 10
470097.535
 20
4349746.7
 10
470097.535
 20
4349747.7
 10
470098.535
 20
4349747.7
 10
470098.535
 20
4349746.7
 10
470097.535
 20
4349746.7
  0
TEXT
  5
83
330
17
100
AcDbEntity
  8
0
 62
5
100
AcDbText
 10
470097.875
 20
4349747.13
 30
0.0
 40
0.1333
  1
1.04
  7
CN_TTF
 11
470097.875
 21
4349747.13
 31
0.0
100
AcDbText
  0
LWPOLYLINE
  5
84
330
17
100
AcDbEntity
  8
爆区方格网
 62
5
100
AcDbPolyline
 90
5
 70
1
 10
470097.535
 20
4349747.7
 10
470097.535
 20
4349748.7
 10
470098.535
 20
4349748.7
 10
470098.535
 20
4349747.7
 10
470097.535
 20
4349747.7
  0
TEXT
  5
85
330
17
100
AcDbEntity
  8
0
 62
5
100
AcDbText
 10
470097.875
 20
4349748.13
 30
0.0
 40
0.1333
  1
1.04
  7
CN_TTF
 11
470097.875
 21
4349748.13
 31
0.0
100
AcDbText
  0
LWPOLYLINE
  5
86
330
17
100
AcDbEntity
  8
爆区方格网
 62
5
100
AcDbPolyline
 90
11
 70
1
 10
470098.535
 20
4349748.7
 10
470097.535
 20
4349748.7
 10
470097.535
 20
4349749.172520849
 10
470097.64164039533
 20
4349749.240050135
 10
470097.7911114211
 20
4349749.324724426
 10
470097.944557173
 20
4349749.401962526
 10
470098.1016079867
 20
4349749.471578363
 10
470098.26188551314
 20
4349749.533404228
 10
470098.4250036296
 20
4349749.587291175
 10
470098.535
 20
4349749.61773127
 10
470098.535
 20
4349748.7
  0
TEXT
  5
87
330
17
100
AcDbEntity
  8
0
 62
5
100
AcDbText
 10
470097.875
 20
4349748.866260424
 30
0.0
 40
0.1333
  1
1.04
  7
CN_TTF
 11
470097.875
 21
4349748.866260424
 31
0.0
100
AcDbText
  0
LWPOLYLINE
  5
88
330
17
100
AcDbEntity
  8
爆区方格网
 62
5
100
AcDbPolyline
 90
5
 70
1
 10
470097.535
 20
4349750.7
 10
470097.535
 20
4349751.7
 10
470098.535
 20
4349751.7
 10
470098.535
 20
4349750.7
 10
470097.535
 20
4349750.7
  0
TEXT
  5
89
330
17
100
AcDbEntity
  8
0
 62
5
100
AcDbText
 10
470097.875
 20
4349751.13
 30
0.0
 40
0.1333
  1
1.16
  7
CN_TTF
 11
470097.875
 21
4349751.13
 31
0.0
100
AcDbText
  0
LWPOLYLINE
  5
8A
330
17
100
AcDbEntity
  8
爆区方格网
 62
5
100
AcDbPolyline
 90
5
 70
1
 10
470097.535
 20
4349751.7
 10
470097.535
 20
4349752.7
 10
470098.535
 20
4349752.7
 10
470098.535
 20
4349751.7
 10
470097.535
 20
4349751.7
  0
TEXT
  5
8B
330
17
100
AcDbEntity
  8
0
 62
5
100
AcDbText
 10
470097.875
 20
4349752.13
 30
0.0
 40
0.1333
  1
1.16
  7
CN_TTF
 11
470097.875
 21
4349752.13
 31
0.0
100
AcDbText
  0
LWPOLYLINE
  5
8C
330
17
100
AcDbEntity
  8
爆区方格网
 62
5
100
AcDbPolyline
 90
5
 70
1
 10
470097.535
 20
4349752.7
 10
470097.535
 20
4349753.7
 10
470098.535
 20
4349753.7
 10
470098.535
 20
4349752.7
 10
470097.535
 20
4349752.7
  0
TEXT
  5
8D
330
17
100
AcDbEntity
  8
0
 62
5
100
AcDbText
 10
470097.875
 20
4349753.13
 30
0.0
 40
0.1333
  1
1.16
  7
CN_TTF
 11
470097.875
 21
4349753.13
 31
0.0
100
AcDbText
  0
LWPOLYLINE
  5
8E
330
17
100
AcDbEntity
  8
爆区方格网
 62
5
100
AcDbPolyline
 90
5
 70
1
 10
470097.535
 20
4349753.7
 10
470097.535
 20
4349754.7
 10
470098.535
 20
4349754.7
 10
470098.535
 20
4349753.7
 10
470097.535
 20
4349753.7
  0
TEXT
  5
8F
330
17
100
AcDbEntity
  8
0
 62
5
100
AcDbText
 10
470097.875
 20
4349754.13
 30
0.0
 40
0.1333
  1
1.16
  7
CN_TTF
 11
470097.875
 21
4349754.13
 31
0.0
100
AcDbText
  0
LWPOLYLINE
  5
90
330
17
100
AcDbEntity
  8
爆区方格网
 62
5
100
AcDbPolyline
 90
5
 70
1
 10
470097.535
 20
4349754.7
 10
470097.535
 20
4349755.7
 10
470098.535
 20
4349755.7
 10
470098.535
 20
4349754.7
 10
470097.535
 20
4349754.7
  0
TEXT
  5
91
330
17
100
AcDbEntity
  8
0
 62
5
100
AcDbText
 10
470097.875
 20
4349755.13
 30
0.0
 40
0.1333
  1
1.16
  7
CN_TTF
 11
470097.875
 21
4349755.13
 31
0.0
100
AcDbText
  0
LWPOLYLINE
  5
92
330
17
100
AcDbEntity
  8
爆区方格网
 62
5
100
AcDbPolyline
 90
6
 70
1
 10
470098.535
 20
4349755.7
 10
470097.535
 20
4349755.7
 10
470097.535
 20
4349756.7
 10
470097.6791219023
 20
4349756.7
 10
470098.535
 20
4349756.14798043
 10
470098.535
 20
4349755.7
  0
TEXT
  5
93
330
17
100
AcDbEntity
  8
0
 62
5
100
AcDbText
 10
470097.6610304756
 20
4349756.353990215
 30
0.0
 40
0.1333
  1
1.16
  7
CN_TTF
 11
470097.6610304756
 21
4349756.353990215
 31
0.0
100
AcDbText
  0
LWPOLYLINE
  5
94
330
17
100
AcDbEntity
  8
爆区方格网
 62
5
100
AcDbPolyline
 90
12
 70
1
 10
470098.535
 20
4349737.7
 10
470099.535
 20
4349737.7
 10
470099.535
 20
4349736.7
 10
470099.34107763
 20
4349736.7
 10
470099.26550418447
 20
4349736.747856357
 10
470099.1250524343
 20
4349736.846773639
 10
470098.98962350545
 20
4349736.952463413
 10
470098.85954365804
 20
4349737.064671061
 10
470098.73512626585
 20
4349737.183126266
 10
470098.61667106126
 20
4349737.307543658
 10
470098.535
 20
4349737.402223115
 10
470098.535
 20
4349737.7
  0
TEXT
  5
95
330
17
100
AcDbEntity
  8
0
 62
5
100
AcDbText
 10
470098.9454493316
 20
4349737.175334962
 30
0.0
 40
0.1333
  1
1.26
  7
CN_TTF
 11
470098.9454493316
 21
4349737.175334962
 31
0.0
100
AcDbText
  0
LWPOLYLINE
  5
96
330
17
100
AcDbEntity
  8
爆区方格网
 62
5
100
AcDbPolyline
 90
5
 70
1
 10
470098.535
 20
4349737.7
 10
470098.535
 20
4349738.7
 10
470099.535
 20
4349738.7
 10
470099.535
 20
4349737.7
 10
470098.535
 20
4349737.7
  0
TEXT
  5
97
330
17
100
AcDbEntity
  8
0
 62
5
100
AcDbText
 10
470098.875
 20
4349738.13
 30
0.0
 40
0.1333
  1
1.26
  7
CN_TTF
 11
470098.875
 21
4349738.13
 31
0.0
100
AcDbText
  0
LWPOLYLINE
  5
98
330
17
100
AcDbEntity
  8
爆区方格网
 62
5
100
AcDbPolyline
 90
5
 70
1
 10
470098.535
 20
4349738.7
 10
470098.535
 20
4349739.7
 10
470099.535
 20
4349739.7
 10
470099.535
 20
4349738.7
 10
470098.535
 20
4349738.7
  0
TEXT
  5
99
330
17
100
AcDbEntity
  8
0
 62
5
100
AcDbText
 10
470098.875
 20
4349739.13
 30
0.0
 40
0.1333
  1
1.26
  7
CN_TTF
 11
470098.875
 21
4349739.13
 31
0.0
100
AcDbText
  0
LWPOLYLINE
  5
9A
330
17
100
AcDbEntity
  8
爆区方格网
 62
5
100
AcDbPolyline
 90
5
 70
1
 10
470098.535
 20
4349739.7
 10
470098.535
 20
4349740.7
 10
470099.535
 20
4349740.7
 10
470099.535
 20
4349739.7
 10
470098.535
 20
4349739.7
  0
TEXT
  5
9B
330
17
100
AcDbEntity
  8
0
 62
5
100
AcDbText
 10
470098.875
 20
4349740.13
 30
0.0
 40
0.1333
  1
1.26
  7
CN_TTF
 11
470098.875
 21
4349740.13
 31
0.0
100
AcDbText
  0
LWPOLYLINE
  5
9C
330
17
100
AcDbEntity
  8
爆区方格网
 62
5
100
AcDbPolyline
 90
5
 70
1
 10
470098.535
 20
4349740.7
 10
470098.535
 20
4349741.7
 10
470099.535
 20
4349741.7
 10
470099.535
 20
4349740.7
 10
470098.535
 20
4349740.7
  0
TEXT
  5
9D
330
17
100
AcDbEntity
  8
0
 62
5
100
AcDbText
 10
470098.875
 20
4349741.13
 30
0.0
 40
0.1333
  1
1.26
  7
CN_TTF
 11
470098.875
 21
4349741.13
 31
0.0
100
AcDbText
  0
LWPOLYLINE
  5
9E
330
17
100
AcDbEntity
  8
爆区方格网
 62
5
100
AcDbPolyline
 90
13
 70
1
 10
470099.535
 20
4349742.7
 10
470099.535
 20
4349741.7
 10
470098.535
 20
4349741.7
 10
470098.535
 20
4349741.913776885
 10
470098.61667106126
 20
4349742.008456342
 10
470098.73512626585
 20
4349742.1328737335
 10
470098.85954365804
 20
4349742.251328939
 10
470098.98962350545
 20
4349742.363536587
 10
470099.1250524343
 20
4349742.46922636
 10
470099.26550418447
 20
4349742.5681436425
 10
470099.41064039536
 20
4349742.660050135
 10
470099.48116176925
 20
4349742.7
 10
470099.535
 20
4349742.7
  0
TEXT
  5
9F
330
17
100
AcDbEntity
  8
0
 62
5
100
AcDbText
 10
470099.006167481
 20
4349742.122101336
 30
0.0
 40
0.1333
  1
1.26
  7
CN_TTF
 11
470099.006167481
 21
4349742.122101336
 31
0.0
100
AcDbText
  0
LWPOLYLINE
  5
A0
330
17
100
AcDbEntity
  8
爆区方格网
 62
5
100
AcDbPolyline
 90
4
 70
1
 10
470099.535
 20
4349742.7
 10
470099.48116176925
 20
4349742.7
 10
470099.535
 20
4349742.730498982
 10
470099.535
 20
4349742.7
  0
TEXT
  5
A1
330
17
100
AcDbEntity
  8
0
 62
5
100
AcDbText
 10
470099.3615404423
 20
4349742.645249491
 30
0.0
 40
0.1333
  1
1.26
  7
CN_TTF
 11
470099.3615404423
 21
4349742.645249491
 31
0.0
100
AcDbText
  0
LWPOLYLINE
  5
A2
330
17
100
AcDbEntity
  8
爆区方格网
 62
5
100
AcDbPolyline
 90
11
 70
1
 10
470098.535
 20
4349743.7
 10
470099.535
 20
4349743.7
 10
470099.535
 20
4349742.74030757
 10
470099.441
 20
4349742.738
 10
470099.26926313987
 20
4349742.7422159035
 10
470099.09794000885
 20
4349742.754853456
 10
470098.9274433394
 20
4349742.775882215
 10
470098.7581838729
 20
4349742.805251518
 10
470098.5905693703
 20
4349742.842890614
 10
470098.535
 20
4349742.858268729
 10
470098.535
 20
4349743.7
  0
TEXT
  5
A3
330
17
100
AcDbEntity
  8
0
 62
5
100
AcDbText
 10
470098.875
 20
4349743.2091343645
 30
0.0
 40
0.1333
  1
1.04
  7
CN_TTF
 11
470098.875
 21
4349743.2091343645
 31
0.0
100
AcDbText
  0
LWPOLYLINE
  5
A4
330
17
100
AcDbEntity
  8
爆区方格网
 62
5
100
AcDbPolyline
 90
5
 70
1
 10
470098.535
 20
4349743.7
 10
470098.535
 20
4349744.7
 10
470099.535
 20
4349744.7
 10
470099.535
 20
4349743.7
 10
470098.535
 20
4349743.7
  0
TEXT
  5
A5
330
17
100
AcDbEntity
  8
0
 62
5
100
AcDbText
 10
470098.875
 20
4349744.13
 30
0.0
 40
0.1333
  1
1.04
  7
CN_TTF
 11
470098.875
 21
4349744.13
 31
0.0
100
AcDbText
  0
LWPOLYLINE
  5
A6
330
17
100
AcDbEntity
  8
爆区方格网
 62
5
100
AcDbPolyline
 90
5
 70
1
 10
470098.535
 20
4349744.7
 10
470098.535
 20
4349745.7
 10
470099.535
 20
4349745.7
 10
470099.535
 20
4349744.7
 10
470098.535
 20
4349744.7
  0
TEXT
  5
A7
330
17
100
AcDbEntity
  8
0
 62
5
100
AcDbText
 10
470098.875
 20
4349745.13
 30
0.0
 40
0.1333
  1
1.04
  7
CN_TTF
 11
470098.875
 21
4349745.13
 31
0.0
100
AcDbText
  0
LWPOLYLINE
  5
A8
330
17
100
AcDbEntity
  8
爆区方格网
 62
5
100
AcDbPolyline
 90
5
 70
1
 10
470098.535
 20
4349745.7
 10
470098.535
 20
4349746.7
 10
470099.535
 20
4349746.7
 10
470099.535
 20
4349745.7
 10
470098.535
 20
4349745.7
  0
TEXT
  5
A9
330
17
100
AcDbEntity
  8
0
 62
5
100
AcDbText
 10
470098.875
 20
4349746.13
 30
0.0
 40
0.1333
  1
1.04
  7
CN_TTF
 11
470098.875
 21
4349746.13
 31
0.0
100
AcDbText
  0
LWPOLYLINE
  5
AA
330
17
100
AcDbEntity
  8
爆区方格网
 62
5
100
AcDbPolyline
 90
5
 70
1
 10
470098.535
 20
4349746.7
 10
470098.535
 20
4349747.7
 10
470099.535
 20
4349747.7
 10
470099.535
 20
4349746.7
 10
470098.535
 20
4349746.7
  0
TEXT
  5
AB
330
17
100
AcDbEntity
  8
0
 62
5
100
AcDbText
 10
470098.875
 20
4349747.13
 30
0.0
 40
0.1333
  1
1.04
  7
CN_TTF
 11
470098.875
 21
4349747.13
 31
0.0
100
AcDbText
  0
LWPOLYLINE
  5
AC
330
17
100
AcDbEntity
  8
爆区方格网
 62
5
100
AcDbPolyline
 90
5
 70
1
 10
470098.535
 20
4349747.7
 10
470098.535
 20
4349748.7
 10
470099.535
 20
4349748.7
 10
470099.535
 20
4349747.7
 10
470098.535
 20
4349747.7
  0
TEXT
  5
AD
330
17
100
AcDbEntity
  8
0
 62
5
100
AcDbText
 10
470098.875
 20
4349748.13
 30
0.0
 40
0.1333
  1
1.04
  7
CN_TTF
 11
470098.875
 21
4349748.13
 31
0.0
100
AcDbText
  0
LWPOLYLINE
  5
AE
330
17
100
AcDbEntity
  8
爆区方格网
 62
5
100
AcDbPolyline
 90
7
 70
1
 10
470099.535
 20
4349748.7
 10
470098.535
 20
4349748.7
 10
470098.535
 20
4349749.61773127
 10
470098.5905693703
 20
4349749.633109386
 10
470098.68343870057
 20
4349749.653963892
 10
470099.535
 20
4349749.178947109
 10
470099.535
 20
4349748.7
  0
TEXT
  5
AF
330
17
100
AcDbEntity
  8
0
 62
5
100
AcDbText
 10
470098.875
 20
4349748.869473554
 30
0.0
 40
0.1333
  1
1.04
  7
CN_TTF
 11
470098.875
 21
4349748.869473554
 31
0.0
100
AcDbText
  0
LWPOLYLINE
  5
B0
330
17
100
AcDbEntity
  8
爆区方格网
 62
5
100
AcDbPolyline
 90
6
 70
1
 10
470098.535
 20
4349751.7
 10
470098.535
 20
4349752.7
 10
470099.535
 20
4349752.7
 10
470099.535
 20
4349752.050182967
 10
470099.30455998256
 20
4349751.7
 10
470098.535
 20
4349751.7
  0
TEXT
  5
B1
330
17
100
AcDbEntity
  8
0
 62
5
100
AcDbText
 10
470098.875
 20
4349752.3050914835
 30
0.0
 40
0.1333
  1
1.16
  7
CN_TTF
 11
470098.875
 21
4349752.3050914835
 31
0.0
100
AcDbText
  0
LWPOLYLINE
  5
B2
330
17
100
AcDbEntity
  8
爆区方格网
 62
5
100
AcDbPolyline
 90
5
 70
1
 10
470098.535
 20
4349752.7
 10
470098.535
 20
4349753.7
 10
470099.535
 20
4349753.7
 10
470099.535
 20
4349752.7
 10
470098.535
 20
4349752.7
  0
TEXT
  5
B3
330
17
100
AcDbEntity
  8
0
 62
5
100
AcDbText
 10
470098.875
 20
4349753.13
 30
0.0
 40
0.1333
  1
1.16
  7
CN_TTF
 11
470098.875
 21
4349753.13
 31
0.0
100
AcDbText
  0
LWPOLYLINE
  5
B4
330
17
100
AcDbEntity
  8
爆区方格网
 62
5
100
AcDbPolyline
 90
5
 70
1
 10
470098.535
 20
4349753.7
 10
470098.535
 20
4349754.7
 10
470099.535
 20
4349754.7
 10
470099.535
 20
4349753.7
 10
470098.535
 20
4349753.7
  0
TEXT
  5
B5
330
17
100
AcDbEntity
  8
0
 62
5
100
AcDbText
 10
470098.875
 20
4349754.13
 30
0.0
 40
0.1333
  1
1.16
  7
CN_TTF
 11
470098.875
 21
4349754.13
 31
0.0
100
AcDbText
  0
LWPOLYLINE
  5
B6
330
17
100
AcDbEntity
  8
爆区方格网
 62
5
100
AcDbPolyline
 90
6
 70
1
 10
470099.535
 20
4349754.7
 10
470098.535
 20
4349754.7
 10
470098.535
 20
4349755.7
 10
470099.22957073554
 20
4349755.7
 10
470099.535
 20
4349755.503005905
 10
470099.535
 20
4349754.7
  0
TEXT
  5
B7
330
17
100
AcDbEntity
  8
0
 62
5
100
AcDbText
 10
470098.875
 20
4349755.031502953
 30
0.0
 40
0.1333
  1
1.16
  7
CN_TTF
 11
470098.875
 21
4349755.031502953
 31
0.0
100
AcDbText
  0
LWPOLYLINE
  5
B8
330
17
100
AcDbEntity
  8
爆区方格网
 62
5
100
AcDbPolyline
 90
11
 70
1
 10
470100.535
 20
4349733.7
 10
470100.535
 20
4349732.7
 10
470100.0426117513
 20
4349732.7
 10
470100.0317088249
 20
4349732.733003629
 10
470099.9858906138
 20
4349732.898569371
 10
470099.9482515186
 20
4349733.0661838725
 10
470099.9188822151
 20
4349733.23544334
 10
470099.8978534566
 20
4349733.405940008
 10
470099.8852159033
 20
4349733.57726314
 10
470099.8822028825
 20
4349733.7
 10
470100.535
 20
4349733.7
  0
TEXT
  5
B9
330
17
100
AcDbEntity
  8
0
 62
5
100
AcDbText
 10
470100.07428343344
 20
4349733.080813605
 30
0.0
 40
0.1333
  1
1.32
  7
CN_TTF
 11
470100.07428343344
 21
4349733.080813605
 31
0.0
100
AcDbText
  0
LWPOLYLINE
  5
BA
330
17
100
AcDbEntity
  8
爆区方格网
 62
5
100
AcDbPolyline
 90
11
 70
1
 10
470100.535
 20
4349734.7
 10
470100.535
 20
4349733.7
 10
470099.8822028825
 20
4349733.7
 10
470099.881
 20
4349733.749
 10
470099.8852159033
 20
4349733.92073686
 10
470099.8978534566
 20
4349734.092059991
 10
470099.9188822151
 20
4349734.26255666
 10
470099.9482515186
 20
4349734.431816127
 10
470099.9858906138
 20
4349734.599430629
 10
470100.01372190693
 20
4349734.7
 10
470100.535
 20
4349734.7
  0
TEXT
  5
BB
330
17
100
AcDbEntity
  8
0
 62
5
100
AcDbText
 10
470100.06168391794
 20
4349734.107308325
 30
0.0
 40
0.1333
  1
1.32
  7
CN_TTF
 11
470100.06168391794
 21
4349734.107308325
 31
0.0
100
AcDbText
  0
LWPOLYLINE
  5
BC
330
17
100
AcDbEntity
  8
爆区方格网
 62
5
100
AcDbPolyline
 90
5
 70
1
 10
470099.535
 20
4349736.7
 10
470099.535
 20
4349737.7
 10
470100.535
 20
4349737.7
 10
470100.535
 20
4349736.7
 10
470099.535
 20
4349736.7
  0
TEXT
  5
BD
330
17
100
AcDbEntity
  8
0
 62
5
100
AcDbText
 10
470099.875
 20
4349737.13
 30
0.0
 40
0.1333
  1
1.26
  7
CN_TTF
 11
470099.875
 21
4349737.13
 31
0.0
100
AcDbText
  0
LWPOLYLINE
  5
BE
330
17
100
AcDbEntity
  8
爆区方格网
 62
5
100
AcDbPolyline
 90
5
 70
1
 10
470099.535
 20
4349737.7
 10
470099.535
 20
4349738.7
 10
470100.535
 20
4349738.7
 10
470100.535
 20
4349737.7
 10
470099.535
 20
4349737.7
  0
TEXT
  5
BF
330
17
100
AcDbEntity
  8
0
 62
5
100
AcDbText
 10
470099.875
 20
4349738.13
 30
0.0
 40
0.1333
  1
1.26
  7
CN_TTF
 11
470099.875
 21
4349738.13
 31
0.0
100
AcDbText
  0
LWPOLYLINE
  5
C0
330
17
100
AcDbEntity
  8
爆区方格网
 62
5
100
AcDbPolyline
 90
5
 70
1
 10
470099.535
 20
4349738.7
 10
470099.535
 20
4349739.7
 10
470100.535
 20
4349739.7
 10
470100.535
 20
4349738.7
 10
470099.535
 20
4349738.7
  0
TEXT
  5
C1
330
17
100
AcDbEntity
  8
0
 62
5
100
AcDbText
 10
470099.875
 20
4349739.13
 30
0.0
 40
0.1333
  1
1.26
  7
CN_TTF
 11
470099.875
 21
4349739.13
 31
0.0
100
AcDbText
  0
LWPOLYLINE
  5
C2
330
17
100
AcDbEntity
  8
爆区方格网
 62
5
100
AcDbPolyline
 90
5
 70
1
 10
470099.535
 20
4349739.7
 10
470099.535
 20
4349740.7
 10
470100.535
 20
4349740.7
 10
470100.535
 20
4349739.7
 10
470099.535
 20
4349739.7
  0
TEXT
  5
C3
330
17
100
AcDbEntity
  8
0
 62
5
100
AcDbText
 10
470099.875
 20
4349740.13
 30
0.0
 40
0.1333
  1
1.26
  7
CN_TTF
 11
470099.875
 21
4349740.13
 31
0.0
100
AcDbText
  0
LWPOLYLINE
  5
C4
330
17
100
AcDbEntity
  8
爆区方格网
 62
5
100
AcDbPolyline
 90
5
 70
1
 10
470099.535
 20
4349740.7
 10
470099.535
 20
4349741.7
 10
470100.535
 20
4349741.7
 10
470100.535
 20
4349740.7
 10
470099.535
 20
4349740.7
  0
TEXT
  5
C5
330
17
100
AcDbEntity
  8
0
 62
5
100
AcDbText
 10
470099.875
 20
4349741.13
 30
0.0
 40
0.1333
  1
1.26
  7
CN_TTF
 11
470099.875
 21
4349741.13
 31
0.0
100
AcDbText
  0
LWPOLYLINE
  5
C6
330
17
100
AcDbEntity
  8
爆区方格网
 62
5
100
AcDbPolyline
 90
5
 70
1
 10
470099.535
 20
4349741.7
 10
470099.535
 20
4349742.7
 10
470100.535
 20
4349742.7
 10
470100.535
 20
4349741.7
 10
470099.535
 20
4349741.7
  0
TEXT
  5
C7
330
17
100
AcDbEntity
  8
0
 62
5
100
AcDbText
 10
470099.875
 20
4349742.13
 30
0.0
 40
0.1333
  1
1.26
  7
CN_TTF
 11
470099.875
 21
4349742.13
 31
0.0
100
AcDbText
  0
LWPOLYLINE
  5
C8
330
17
100
AcDbEntity
  8
爆区方格网
 62
5
100
AcDbPolyline
 90
7
 70
1
 10
470100.535
 20
4349742.7
 10
470099.535
 20
4349742.7
 10
470099.535
 20
4349742.730498982
 10
470099.5517280066
 20
4349742.73997528
 10
470099.5517280087
 20
4349742.739975281
 10
470100.535
 20
4349743.004323024
 10
470100.535
 20
4349742.7
  0
TEXT
  5
C9
330
17
100
AcDbEntity
  8
0
 62
5
100
AcDbText
 10
470100.1291820022
 20
4349742.802149152
 30
0.0
 40
0.1333
  1
1.26
  7
CN_TTF
 11
470100.1291820022
 21
4349742.802149152
 31
0.0
100
AcDbText
  0
LWPOLYLINE
  5
CA
330
17
100
AcDbEntity
  8
爆区方格网
 62
5
100
AcDbPolyline
 90
6
 70
1
 10
470099.535
 20
4349743.7
 10
470100.535
 20
4349743.7
 10
470100.535
 20
4349743.004323024
 10
470099.5547691474
 20
4349742.740792876
 10
470099.535
 20
4349742.74030757
 10
470099.535
 20
4349743.7
  0
TEXT
  5
CB
330
17
100
AcDbEntity
  8
0
 62
5
100
AcDbText
 10
470099.875
 20
4349743.2821615115
 30
0.0
 40
0.1333
  1
1.04
  7
CN_TTF
 11
470099.875
 21
4349743.2821615115
 31
0.0
100
AcDbText
  0
LWPOLYLINE
  5
CC
330
17
100
AcDbEntity
  8
爆区方格网
 62
5
100
AcDbPolyline
 90
5
 70
1
 10
470099.535
 20
4349743.7
 10
470099.535
 20
4349744.7
 10
470100.535
 20
4349744.7
 10
470100.535
 20
4349743.7
 10
470099.535
 20
4349743.7
  0
TEXT
  5
CD
330
17
100
AcDbEntity
  8
0
 62
5
100
AcDbText
 10
470099.875
 20
4349744.13
 30
0.0
 40
0.1333
  1
1.04
  7
CN_TTF
 11
470099.875
 21
4349744.13
 31
0.0
100
AcDbText
  0
LWPOLYLINE
  5
CE
330
17
100
AcDbEntity
  8
爆区方格网
 62
5
100
AcDbPolyline
 90
5
 70
1
 10
470099.535
 20
4349744.7
 10
470099.535
 20
4349745.7
 10
470100.535
 20
4349745.7
 10
470100.535
 20
4349744.7
 10
470099.535
 20
4349744.7
  0
TEXT
  5
CF
330
17
100
AcDbEntity
  8
0
 62
5
100
AcDbText
 10
470099.875
 20
4349745.13
 30
0.0
 40
0.1333
  1
1.04
  7
CN_TTF
 11
470099.875
 21
4349745.13
 31
0.0
100
AcDbText
  0
LWPOLYLINE
  5
D0
330
17
100
AcDbEntity
  8
爆区方格网
 62
5
100
AcDbPolyline
 90
5
 70
1
 10
470099.535
 20
4349745.7
 10
470099.535
 20
4349746.7
 10
470100.535
 20
4349746.7
 10
470100.535
 20
4349745.7
 10
470099.535
 20
4349745.7
  0
TEXT
  5
D1
330
17
100
AcDbEntity
  8
0
 62
5
100
AcDbText
 10
470099.875
 20
4349746.13
 30
0.0
 40
0.1333
  1
1.04
  7
CN_TTF
 11
470099.875
 21
4349746.13
 31
0.0
100
AcDbText
  0
LWPOLYLINE
  5
D2
330
17
100
AcDbEntity
  8
爆区方格网
 62
5
100
AcDbPolyline
 90
5
 70
1
 10
470099.535
 20
4349746.7
 10
470099.535
 20
4349747.7
 10
470100.535
 20
4349747.7
 10
470100.535
 20
4349746.7
 10
470099.535
 20
4349746.7
  0
TEXT
  5
D3
330
17
100
AcDbEntity
  8
0
 62
5
100
AcDbText
 10
470099.875
 20
4349747.13
 30
0.0
 40
0.1333
  1
1.04
  7
CN_TTF
 11
470099.875
 21
4349747.13
 31
0.0
100
AcDbText
  0
LWPOLYLINE
  5
D4
330
17
100
AcDbEntity
  8
爆区方格网
 62
5
100
AcDbPolyline
 90
6
 70
1
 10
470100.535
 20
4349747.7
 10
470099.535
 20
4349747.7
 10
470099.535
 20
4349748.7
 10
470100.3936071845
 20
4349748.7
 10
470100.535
 20
4349748.621128449
 10
470100.535
 20
4349747.7
  0
TEXT
  5
D5
330
17
100
AcDbEntity
  8
0
 62
5
100
AcDbText
 10
470099.875
 20
4349748.090564225
 30
0.0
 40
0.1333
  1
1.04
  7
CN_TTF
 11
470099.875
 21
4349748.090564225
 31
0.0
100
AcDbText
  0
LWPOLYLINE
  5
D6
330
17
100
AcDbEntity
  8
爆区方格网
 62
5
100
AcDbPolyline
 90
6
 70
1
 10
470099.535
 20
4349752.7
 10
470099.535
 20
4349753.7
 10
470100.535
 20
4349753.7
 10
470100.535
 20
4349753.569810379
 10
470099.9626160246
 20
4349752.7
 10
470099.535
 20
4349752.7
  0
TEXT
  5
D7
330
17
100
AcDbEntity
  8
0
 62
5
100
AcDbText
 10
470099.73190400604
 20
4349753.064905189
 30
0.0
 40
0.1333
  1
1.16
  7
CN_TTF
 11
470099.73190400604
 21
4349753.064905189
 31
0.0
100
AcDbText
  0
LWPOLYLINE
  5
D8
330
17
100
AcDbEntity
  8
爆区方格网
 62
5
100
AcDbPolyline
 90
5
 70
1
 10
470099.535
 20
4349753.7
 10
470099.535
 20
4349754.7
 10
470100.535
 20
4349754.7
 10
470100.535
 20
4349753.7
 10
470099.535
 20
4349753.7
  0
TEXT
  5
D9
330
17
100
AcDbEntity
  8
0
 62
5
100
AcDbText
 10
470099.875
 20
4349754.13
 30
0.0
 40
0.1333
  1
1.16
  7
CN_TTF
 11
470099.875
 21
4349754.13
 31
0.0
100
AcDbText
  0
LWPOLYLINE
  5
DA
330
17
100
AcDbEntity
  8
爆区方格网
 62
5
100
AcDbPolyline
 90
12
 70
1
 10
470100.535
 20
4349728.7
 10
470101.535
 20
4349728.7
 10
470101.535
 20
4349727.7
 10
470100.82282800425
 20
4349727.7
 10
470100.82103747403
 20
4349727.703557173
 10
470100.7514216362
 20
4349727.860607987
 10
470100.68959577184
 20
4349728.020885513
 10
470100.6357088249
 20
4349728.18400363
 10
470100.5898906138
 20
4349728.349569371
 10
470100.5522515186
 20
4349728.517183873
 10
470100.535
 20
4349728.616606825
 10
470100.535
 20
4349728.7
  0
TEXT
  5
DB
330
17
100
AcDbEntity
  8
0
 62
5
100
AcDbText
 10
470100.9138998596
 20
4349728.1967865005
 30
0.0
 40
0.1333
  1
1.11
  7
CN_TTF
 11
470100.9138998596
 21
4349728.1967865005
 31
0.0
100
AcDbText
  0
LWPOLYLINE
  5
DC
330
17
100
AcDbEntity
  8
爆区方格网
 62
5
100
AcDbPolyline
 90
5
 70
1
 10
470100.535
 20
4349728.7
 10
470100.535
 20
4349729.7
 10
470101.535
 20
4349729.7
 10
470101.535
 20
4349728.7
 10
470100.535
 20
4349728.7
  0
TEXT
  5
DD
330
17
100
AcDbEntity
  8
0
 62
5
100
AcDbText
 10
470100.875
 20
4349729.13
 30
0.0
 40
0.1333
  1
1.11
  7
CN_TTF
 11
470100.875
 21
4349729.13
 31
0.0
100
AcDbText
  0
LWPOLYLINE
  5
DE
330
17
100
AcDbEntity
  8
爆区方格网
 62
5
100
AcDbPolyline
 90
12
 70
1
 10
470101.535
 20
4349730.7
 10
470101.535
 20
4349729.7
 10
470100.535
 20
4349729.7
 10
470100.535
 20
4349729.783393175
 10
470100.5522515186
 20
4349729.8828161275
 10
470100.5898906138
 20
4349730.050430629
 10
470100.6357088249
 20
4349730.215996371
 10
470100.68959577184
 20
4349730.379114487
 10
470100.7514216362
 20
4349730.539392013
 10
470100.82103747403
 20
4349730.696442828
 10
470100.82282800425
 20
4349730.7
 10
470101.535
 20
4349730.7
  0
TEXT
  5
DF
330
17
100
AcDbEntity
  8
0
 62
5
100
AcDbText
 10
470100.9138998596
 20
4349730.063213499
 30
0.0
 40
0.1333
  1
1.11
  7
CN_TTF
 11
470100.9138998596
 21
4349730.063213499
 31
0.0
100
AcDbText
  0
LWPOLYLINE
  5
E0
330
17
100
AcDbEntity
  8
爆区方格网
 62
5
100
AcDbPolyline
 90
17
 70
1
 10
470101.535
 20
4349731.7
 10
470101.535
 20
4349730.7
 10
470100.82282800425
 20
4349730.7
 10
470100.8982755748
 20
4349730.849888579
 10
470100.982949865
 20
4349730.999359605
 10
470101.06358985195
 20
4349731.1267040605
 10
470101.063589852
 20
4349731.1267040605
 10
470101.0639123266
 20
4349731.126746877
 10
470101.0640531488
 20
4349731.126765575
 10
470101.06405314873
 20
4349731.126765575
 10
470101.030543658
 20
4349731.155671061
 10
470100.9061262658
 20
4349731.274126266
 10
470100.78767106123
 20
4349731.398543658
 10
470100.67546341324
 20
4349731.5286235055
 10
470100.5697736398
 20
4349731.664052434
 10
470100.54445650737
 20
4349731.7
 10
470101.535
 20
4349731.7
  0
TEXT
  5
E1
330
17
100
AcDbEntity
  8
0
 62
5
100
AcDbText
 10
470101.09166748094
 20
4349731.144898663
 30
0.0
 40
0.1333
  1
1.32
  7
CN_TTF
 11
470101.09166748094
 21
4349731.144898663
 31
0.0
100
AcDbText
  0
LWPOLYLINE
  5
E2
330
17
100
AcDbEntity
  8
爆区方格网
 62
5
100
AcDbPolyline
 90
6
 70
1
 10
470100.535
 20
4349732.7
 10
470101.535
 20
4349732.7
 10
470101.535
 20
4349731.7
 10
470100.54445650737
 20
4349731.7
 10
470100.535
 20
4349731.713427209
 10
470100.535
 20
4349732.7
  0
TEXT
  5
E3
330
17
100
AcDbEntity
  8
0
 62
5
100
AcDbText
 10
470100.875
 20
4349732.136713604
 30
0.0
 40
0.1333
  1
1.32
  7
CN_TTF
 11
470100.875
 21
4349732.136713604
 31
0.0
100
AcDbText
  0
LWPOLYLINE
  5
E4
330
17
100
AcDbEntity
  8
爆区方格网
 62
5
100
AcDbPolyline
 90
5
 70
1
 10
470100.535
 20
4349732.7
 10
470100.535
 20
4349733.7
 10
470101.535
 20
4349733.7
 10
470101.535
 20
4349732.7
 10
470100.535
 20
4349732.7
  0
TEXT
  5
E5
330
17
100
AcDbEntity
  8
0
 62
5
100
AcDbText
 10
470100.875
 20
4349733.13
 30
0.0
 40
0.1333
  1
1.32
  7
CN_TTF
 11
470100.875
 21
4349733.13
 31
0.0
100
AcDbText
  0
LWPOLYLINE
  5
E6
330
17
100
AcDbEntity
  8
爆区方格网
 62
5
100
AcDbPolyline
 90
5
 70
1
 10
470100.535
 20
4349733.7
 10
470100.535
 20
4349734.7
 10
470101.535
 20
4349734.7
 10
470101.535
 20
4349733.7
 10
470100.535
 20
4349733.7
  0
TEXT
  5
E7
330
17
100
AcDbEntity
  8
0
 62
5
100
AcDbText
 10
470100.875
 20
4349734.13
 30
0.0
 40
0.1333
  1
1.32
  7
CN_TTF
 11
470100.875
 21
4349734.13
 31
0.0
100
AcDbText
  0
LWPOLYLINE
  5
E8
330
17
100
AcDbEntity
  8
爆区方格网
 62
5
100
AcDbPolyline
 90
5
 70
1
 10
470100.535
 20
4349734.7
 10
470100.535
 20
4349735.7
 10
470101.535
 20
4349735.7
 10
470101.535
 20
4349734.7
 10
470100.535
 20
4349734.7
  0
TEXT
  5
E9
330
17
100
AcDbEntity
  8
0
 62
5
100
AcDbText
 10
470100.875
 20
4349735.13
 30
0.0
 40
0.1333
  1
1.32
  7
CN_TTF
 11
470100.875
 21
4349735.13
 31
0.0
100
AcDbText
  0
LWPOLYLINE
  5
EA
330
17
100
AcDbEntity
  8
爆区方格网
 62
5
100
AcDbPolyline
 90
6
 70
1
 10
470100.535
 20
4349736.7
 10
470100.535
 20
4349737.7
 10
470101.535
 20
4349737.7
 10
470101.535
 20
4349736.925080101
 10
470101.30253053264
 20
4349736.7
 10
470100.535
 20
4349736.7
  0
TEXT
  5
EB
330
17
100
AcDbEntity
  8
0
 62
5
100
AcDbText
 10
470100.875
 20
4349737.24254005
 30
0.0
 40
0.1333
  1
1.26
  7
CN_TTF
 11
470100.875
 21
4349737.24254005
 31
0.0
100
AcDbText
  0
LWPOLYLINE
  5
EC
330
17
100
AcDbEntity
  8
爆区方格网
 62
5
100
AcDbPolyline
 90
5
 70
1
 10
470100.535
 20
4349737.7
 10
470100.535
 20
4349738.7
 10
470101.535
 20
4349738.7
 10
470101.535
 20
4349737.7
 10
470100.535
 20
4349737.7
  0
TEXT
  5
ED
330
17
100
AcDbEntity
  8
0
 62
5
100
AcDbText
 10
470100.875
 20
4349738.13
 30
0.0
 40
0.1333
  1
1.26
  7
CN_TTF
 11
470100.875
 21
4349738.13
 31
0.0
100
AcDbText
  0
LWPOLYLINE
  5
EE
330
17
100
AcDbEntity
  8
爆区方格网
 62
5
100
AcDbPolyline
 90
5
 70
1
 10
470100.535
 20
4349738.7
 10
470100.535
 20
4349739.7
 10
470101.535
 20
4349739.7
 10
470101.535
 20
4349738.7
 10
470100.535
 20
4349738.7
  0
TEXT
  5
EF
330
17
100
AcDbEntity
  8
0
 62
5
100
AcDbText
 10
470100.875
 20
4349739.13
 30
0.0
 40
0.1333
  1
1.26
  7
CN_TTF
 11
470100.875
 21
4349739.13
 31
0.0
100
AcDbText
  0
LWPOLYLINE
  5
F0
330
17
100
AcDbEntity
  8
爆区方格网
 62
5
100
AcDbPolyline
 90
5
 70
1
 10
470100.535
 20
4349739.7
 10
470100.535
 20
4349740.7
 10
470101.535
 20
4349740.7
 10
470101.535
 20
4349739.7
 10
470100.535
 20
4349739.7
  0
TEXT
  5
F1
330
17
100
AcDbEntity
  8
0
 62
5
100
AcDbText
 10
470100.875
 20
4349740.13
 30
0.0
 40
0.1333
  1
1.26
  7
CN_TTF
 11
470100.875
 21
4349740.13
 31
0.0
100
AcDbText
  0
LWPOLYLINE
  5
F2
330
17
100
AcDbEntity
  8
爆区方格网
 62
5
100
AcDbPolyline
 90
5
 70
1
 10
470100.535
 20
4349740.7
 10
470100.535
 20
4349741.7
 10
470101.535
 20
4349741.7
 10
470101.535
 20
4349740.7
 10
470100.535
 20
4349740.7
  0
TEXT
  5
F3
330
17
100
AcDbEntity
  8
0
 62
5
100
AcDbText
 10
470100.875
 20
4349741.13
 30
0.0
 40
0.1333
  1
1.26
  7
CN_TTF
 11
470100.875
 21
4349741.13
 31
0.0
100
AcDbText
  0
LWPOLYLINE
  5
F4
330
17
100
AcDbEntity
  8
爆区方格网
 62
5
100
AcDbPolyline
 90
6
 70
1
 10
470101.535
 20
4349741.7
 10
470100.535
 20
4349741.7
 10
470100.535
 20
4349742.7
 10
470101.19371699286
 20
4349742.7
 10
470101.535
 20
4349742.504949148
 10
470101.535
 20
4349741.7
  0
TEXT
  5
F5
330
17
100
AcDbEntity
  8
0
 62
5
100
AcDbText
 10
470100.875
 20
4349742.032474574
 30
0.0
 40
0.1333
  1
1.26
  7
CN_TTF
 11
470100.875
 21
4349742.032474574
 31
0.0
100
AcDbText
  0
LWPOLYLINE
  5
F6
330
17
100
AcDbEntity
  8
爆区方格网
 62
5
100
AcDbPolyline
 90
5
 70
1
 10
470100.535
 20
4349743.7
 10
470100.535
 20
4349744.7
 10
470101.3873007758
 20
4349744.7
 10
470100.92906252854
 20
4349743.7
 10
470100.535
 20
4349743.7
  0
TEXT
  5
F7
330
17
100
AcDbEntity
  8
0
 62
5
100
AcDbText
 10
470100.6865908261
 20
4349744.13
 30
0.0
 40
0.1333
  1
1.04
  7
CN_TTF
 11
470100.6865908261
 21
4349744.13
 31
0.0
100
AcDbText
  0
LWPOLYLINE
  5
F8
330
17
100
AcDbEntity
  8
爆区方格网
 62
5
100
AcDbPolyline
 90
6
 70
1
 10
470100.535
 20
4349744.7
 10
470100.535
 20
4349745.7
 10
470101.535
 20
4349745.7
 10
470101.535
 20
4349745.022319721
 10
470101.3873007758
 20
4349744.7
 10
470100.535
 20
4349744.7
  0
TEXT
  5
F9
330
17
100
AcDbEntity
  8
0
 62
5
100
AcDbText
 10
470100.875
 20
4349745.291159861
 30
0.0
 40
0.1333
  1
1.04
  7
CN_TTF
 11
470100.875
 21
4349745.291159861
 31
0.0
100
AcDbText
  0
LWPOLYLINE
  5
FA
330
17
100
AcDbEntity
  8
爆区方格网
 62
5
100
AcDbPolyline
 90
5
 70
1
 10
470100.535
 20
4349745.7
 10
470100.535
 20
4349746.7
 10
470101.535
 20
4349746.7
 10
470101.535
 20
4349745.7
 10
470100.535
 20
4349745.7
  0
TEXT
  5
FB
330
17
100
AcDbEntity
  8
0
 62
5
100
AcDbText
 10
470100.875
 20
4349746.13
 30
0.0
 40
0.1333
  1
1.04
  7
CN_TTF
 11
470100.875
 21
4349746.13
 31
0.0
100
AcDbText
  0
LWPOLYLINE
  5
FC
330
17
100
AcDbEntity
  8
爆区方格网
 62
5
100
AcDbPolyline
 90
5
 70
1
 10
470100.535
 20
4349746.7
 10
470100.535
 20
4349747.7
 10
470101.535
 20
4349747.7
 10
470101.535
 20
4349746.7
 10
470100.535
 20
4349746.7
  0
TEXT
  5
FD
330
17
100
AcDbEntity
  8
0
 62
5
100
AcDbText
 10
470100.875
 20
4349747.13
 30
0.0
 40
0.1333
  1
1.04
  7
CN_TTF
 11
470100.875
 21
4349747.13
 31
0.0
100
AcDbText
  0
LWPOLYLINE
  5
FE
330
17
100
AcDbEntity
  8
爆区方格网
 62
5
100
AcDbPolyline
 90
5
 70
1
 10
470101.535
 20
4349747.7
 10
470100.535
 20
4349747.7
 10
470100.535
 20
4349748.621128449
 10
470101.535
 20
4349748.06330979
 10
470101.535
 20
4349747.7
  0
TEXT
  5
FF
330
17
100
AcDbEntity
  8
0
 62
5
100
AcDbText
 10
470100.6249999996
 20
4349748.27221912
 30
0.0
 40
0.1333
  1
1.04
  7
CN_TTF
 11
470100.6249999996
 21
4349748.27221912
 31
0.0
100
AcDbText
  0
LWPOLYLINE
  5
100
330
17
100
AcDbEntity
  8
爆区方格网
 62
5
100
AcDbPolyline
 90
6
 70
1
 10
470101.535
 20
4349727.7
 10
470102.535
 20
4349727.7
 10
470102.535
 20
4349726.7
 10
470101.5365172085
 20
4349726.7
 10
470101.535
 20
4349726.701444503
 10
470101.535
 20
4349727.7
  0
TEXT
  5
101
330
17
100
AcDbEntity
  8
0
 62
5
100
AcDbText
 10
470101.875
 20
4349727.130722251
 30
0.0
 40
0.1333
  1
1.11
  7
CN_TTF
 11
470101.875
 21
4349727.130722251
 31
0.0
100
AcDbText
  0
LWPOLYLINE
  5
102
330
17
100
AcDbEntity
  8
爆区方格网
 62
5
100
AcDbPolyline
 90
5
 70
1
 10
470101.535
 20
4349727.7
 10
470101.535
 20
4349728.7
 10
470102.535
 20
4349728.7
 10
470102.535
 20
4349727.7
 10
470101.535
 20
4349727.7
  0
TEXT
  5
103
330
17
100
AcDbEntity
  8
0
 62
5
100
AcDbText
 10
470101.875
 20
4349728.13
 30
0.0
 40
0.1333
  1
1.11
  7
CN_TTF
 11
470101.875
 21
4349728.13
 31
0.0
100
AcDbText
  0
LWPOLYLINE
  5
104
330
17
100
AcDbEntity
  8
爆区方格网
 62
5
100
AcDbPolyline
 90
5
 70
1
 10
470101.535
 20
4349728.7
 10
470101.535
 20
4349729.7
 10
470102.535
 20
4349729.7
 10
470102.535
 20
4349728.7
 10
470101.535
 20
4349728.7
  0
TEXT
  5
105
330
17
100
AcDbEntity
  8
0
 62
5
100
AcDbText
 10
470101.875
 20
4349729.13
 30
0.0
 40
0.1333
  1
1.11
  7
CN_TTF
 11
470101.875
 21
4349729.13
 31
0.0
100
AcDbText
  0
LWPOLYLINE
  5
106
330
17
100
AcDbEntity
  8
爆区方格网
 62
5
100
AcDbPolyline
 90
5
 70
1
 10
470101.535
 20
4349729.7
 10
470101.535
 20
4349730.7
 10
470102.535
 20
4349730.7
 10
470102.535
 20
4349729.7
 10
470101.535
 20
4349729.7
  0
TEXT
  5
107
330
17
100
AcDbEntity
  8
0
 62
5
100
AcDbText
 10
470101.875
 20
4349730.13
 30
0.0
 40
0.1333
  1
1.11
  7
CN_TTF
 11
470101.875
 21
4349730.13
 31
0.0
100
AcDbText
  0
LWPOLYLINE
  5
108
330
17
100
AcDbEntity
  8
爆区方格网
 62
5
100
AcDbPolyline
 90
5
 70
1
 10
470101.535
 20
4349730.7
 10
470101.535
 20
4349731.7
 10
470102.535
 20
4349731.7
 10
470102.535
 20
4349730.7
 10
470101.535
 20
4349730.7
  0
TEXT
  5
109
330
17
100
AcDbEntity
  8
0
 62
5
100
AcDbText
 10
470101.875
 20
4349731.13
 30
0.0
 40
0.1333
  1
1.11
  7
CN_TTF
 11
470101.875
 21
4349731.13
 31
0.0
100
AcDbText
  0
LWPOLYLINE
  5
10A
330
17
100
AcDbEntity
  8
爆区方格网
 62
5
100
AcDbPolyline
 90
5
 70
1
 10
470101.535
 20
4349731.7
 10
470101.535
 20
4349732.7
 10
470102.535
 20
4349732.7
 10
470102.535
 20
4349731.7
 10
470101.535
 20
4349731.7
  0
TEXT
  5
10B
330
17
100
AcDbEntity
  8
0
 62
5
100
AcDbText
 10
470101.875
 20
4349732.13
 30
0.0
 40
0.1333
  1
1.32
  7
CN_TTF
 11
470101.875
 21
4349732.13
 31
0.0
100
AcDbText
  0
LWPOLYLINE
  5
10C
330
17
100
AcDbEntity
  8
爆区方格网
 62
5
100
AcDbPolyline
 90
5
 70
1
 10
470101.535
 20
4349732.7
 10
470101.535
 20
4349733.7
 10
470102.535
 20
4349733.7
 10
470102.535
 20
4349732.7
 10
470101.535
 20
4349732.7
  0
TEXT
  5
10D
330
17
100
AcDbEntity
  8
0
 62
5
100
AcDbText
 10
470101.875
 20
4349733.13
 30
0.0
 40
0.1333
  1
1.32
  7
CN_TTF
 11
470101.875
 21
4349733.13
 31
0.0
100
AcDbText
  0
LWPOLYLINE
  5
10E
330
17
100
AcDbEntity
  8
爆区方格网
 62
5
100
AcDbPolyline
 90
5
 70
1
 10
470101.535
 20
4349733.7
 10
470101.535
 20
4349734.7
 10
470102.535
 20
4349734.7
 10
470102.535
 20
4349733.7
 10
470101.535
 20
4349733.7
  0
TEXT
  5
10F
330
17
100
AcDbEntity
  8
0
 62
5
100
AcDbText
 10
470101.875
 20
4349734.13
 30
0.0
 40
0.1333
  1
1.32
  7
CN_TTF
 11
470101.875
 21
4349734.13
 31
0.0
100
AcDbText
  0
LWPOLYLINE
  5
110
330
17
100
AcDbEntity
  8
爆区方格网
 62
5
100
AcDbPolyline
 90
6
 70
1
 10
470102.535
 20
4349734.7
 10
470101.535
 20
4349734.7
 10
470101.535
 20
4349735.7
 10
470102.0201817128
 20
4349735.7
 10
470102.535
 20
4349735.536964893
 10
470102.535
 20
4349734.7
  0
TEXT
  5
111
330
17
100
AcDbEntity
  8
0
 62
5
100
AcDbText
 10
470101.875
 20
4349735.048482446
 30
0.0
 40
0.1333
  1
1.32
  7
CN_TTF
 11
470101.875
 21
4349735.048482446
 31
0.0
100
AcDbText
  0
LWPOLYLINE
  5
112
330
17
100
AcDbEntity
  8
爆区方格网
 62
5
100
AcDbPolyline
 90
6
 70
1
 10
470101.535
 20
4349737.7
 10
470101.535
 20
4349738.7
 10
470102.535
 20
4349738.7
 10
470102.535
 20
4349737.893293706
 10
470102.3353604733
 20
4349737.7
 10
470101.535
 20
4349737.7
  0
TEXT
  5
113
330
17
100
AcDbEntity
  8
0
 62
5
100
AcDbText
 10
470101.875
 20
4349738.226646853
 30
0.0
 40
0.1333
  1
1.26
  7
CN_TTF
 11
470101.875
 21
4349738.226646853
 31
0.0
100
AcDbText
  0
LWPOLYLINE
  5
114
330
17
100
AcDbEntity
  8
爆区方格网
 62
5
100
AcDbPolyline
 90
5
 70
1
 10
470101.535
 20
4349738.7
 10
470101.535
 20
4349739.7
 10
470102.535
 20
4349739.7
 10
470102.535
 20
4349738.7
 10
470101.535
 20
4349738.7
  0
TEXT
  5
115
330
17
100
AcDbEntity
  8
0
 62
5
100
AcDbText
 10
470101.875
 20
4349739.13
 30
0.0
 40
0.1333
  1
1.26
  7
CN_TTF
 11
470101.875
 21
4349739.13
 31
0.0
100
AcDbText
  0
LWPOLYLINE
  5
116
330
17
100
AcDbEntity
  8
爆区方格网
 62
5
100
AcDbPolyline
 90
5
 70
1
 10
470101.535
 20
4349739.7
 10
470101.535
 20
4349740.7
 10
470102.535
 20
4349740.7
 10
470102.535
 20
4349739.7
 10
470101.535
 20
4349739.7
  0
TEXT
  5
117
330
17
100
AcDbEntity
  8
0
 62
5
100
AcDbText
 10
470101.875
 20
4349740.13
 30
0.0
 40
0.1333
  1
1.26
  7
CN_TTF
 11
470101.875
 21
4349740.13
 31
0.0
100
AcDbText
  0
LWPOLYLINE
  5
118
330
17
100
AcDbEntity
  8
爆区方格网
 62
5
100
AcDbPolyline
 90
5
 70
1
 10
470101.535
 20
4349740.7
 10
470101.535
 20
4349741.7
 10
470102.535
 20
4349741.7
 10
470102.535
 20
4349740.7
 10
470101.535
 20
4349740.7
  0
TEXT
  5
119
330
17
100
AcDbEntity
  8
0
 62
5
100
AcDbText
 10
470101.875
 20
4349741.13
 30
0.0
 40
0.1333
  1
1.26
  7
CN_TTF
 11
470101.875
 21
4349741.13
 31
0.0
100
AcDbText
  0
LWPOLYLINE
  5
11A
330
17
100
AcDbEntity
  8
爆区方格网
 62
5
100
AcDbPolyline
 90
5
 70
1
 10
470102.535
 20
4349741.7
 10
470101.535
 20
4349741.7
 10
470101.535
 20
4349742.504949148
 10
470102.535
 20
4349741.933426837
 10
470102.535
 20
4349741.7
  0
TEXT
  5
11B
330
17
100
AcDbEntity
  8
0
 62
5
100
AcDbText
 10
470101.625
 20
4349742.149187992
 30
0.0
 40
0.1333
  1
1.26
  7
CN_TTF
 11
470101.625
 21
4349742.149187992
 31
0.0
100
AcDbText
  0
LWPOLYLINE
  5
11C
330
17
100
AcDbEntity
  8
爆区方格网
 62
5
100
AcDbPolyline
 90
5
 70
1
 10
470101.535
 20
4349745.7
 10
470101.535
 20
4349746.7
 10
470102.3037772703
 20
4349746.7
 10
470101.84553902305
 20
4349745.7
 10
470101.535
 20
4349745.7
  0
TEXT
  5
11D
330
17
100
AcDbEntity
  8
0
 62
5
100
AcDbText
 10
470101.6448290734
 20
4349746.13
 30
0.0
 40
0.1333
  1
1.04
  7
CN_TTF
 11
470101.6448290734
 21
4349746.13
 31
0.0
100
AcDbText
  0
LWPOLYLINE
  5
11E
330
17
100
AcDbEntity
  8
爆区方格网
 62
5
100
AcDbPolyline
 90
7
 70
1
 10
470102.535
 20
4349747.204590638
 10
470102.3037772703
 20
4349746.7
 10
470101.535
 20
4349746.7
 10
470101.535
 20
4349747.7
 10
470102.1863044753
 20
4349747.7
 10
470102.535
 20
4349747.50549113
 10
470102.535
 20
4349747.204590638
  0
TEXT
  5
11F
330
17
100
AcDbEntity
  8
0
 62
5
100
AcDbText
 10
470101.8171943176
 20
4349746.882295319
 30
0.0
 40
0.1333
  1
1.04
  7
CN_TTF
 11
470101.8171943176
 21
4349746.882295319
 31
0.0
100
AcDbText
  0
LWPOLYLINE
  5
120
330
17
100
AcDbEntity
  8
爆区方格网
 62
5
100
AcDbPolyline
 90
11
 70
1
 10
470102.535
 20
4349726.7
 10
470103.535
 20
4349726.7
 10
470103.535
 20
4349725.730043249
 10
470103.47144333937
 20
4349725.7378822155
 10
470103.3021838729
 20
4349725.767251519
 10
470103.1345693703
 20
4349725.804890614
 10
470102.9690036296
 20
4349725.8507088255
 10
470102.80588551314
 20
4349725.904595772
 10
470102.6456079867
 20
4349725.966421637
 10
470102.535
 20
4349726.015450785
 10
470102.535
 20
4349726.7
  0
TEXT
  5
121
330
17
100
AcDbEntity
  8
0
 62
5
100
AcDbText
 10
470102.875
 20
4349726.287725393
 30
0.0
 40
0.1333
  1
1.11
  7
CN_TTF
 11
470102.875
 21
4349726.287725393
 31
0.0
100
AcDbText
  0
LWPOLYLINE
  5
122
330
17
100
AcDbEntity
  8
爆区方格网
 62
5
100
AcDbPolyline
 90
5
 70
1
 10
470102.535
 20
4349726.7
 10
470102.535
 20
4349727.7
 10
470103.535
 20
4349727.7
 10
470103.535
 20
4349726.7
 10
470102.535
 20
4349726.7
  0
TEXT
  5
123
330
17
100
AcDbEntity
  8
0
 62
5
100
AcDbText
 10
470102.875
 20
4349727.13
 30
0.0
 40
0.1333
  1
1.11
  7
CN_TTF
 11
470102.875
 21
4349727.13
 31
0.0
100
AcDbText
  0
LWPOLYLINE
  5
124
330
17
100
AcDbEntity
  8
爆区方格网
 62
5
100
AcDbPolyline
 90
5
 70
1
 10
470102.535
 20
4349727.7
 10
470102.535
 20
4349728.7
 10
470103.535
 20
4349728.7
 10
470103.535
 20
4349727.7
 10
470102.535
 20
4349727.7
  0
TEXT
  5
125
330
17
100
AcDbEntity
  8
0
 62
5
100
AcDbText
 10
470102.875
 20
4349728.13
 30
0.0
 40
0.1333
  1
1.11
  7
CN_TTF
 11
470102.875
 21
4349728.13
 31
0.0
100
AcDbText
  0
LWPOLYLINE
  5
126
330
17
100
AcDbEntity
  8
爆区方格网
 62
5
100
AcDbPolyline
 90
5
 70
1
 10
470102.535
 20
4349728.7
 10
470102.535
 20
4349729.7
 10
470103.535
 20
4349729.7
 10
470103.535
 20
4349728.7
 10
470102.535
 20
4349728.7
  0
TEXT
  5
127
330
17
100
AcDbEntity
  8
0
 62
5
100
AcDbText
 10
470102.875
 20
4349729.13
 30
0.0
 40
0.1333
  1
1.11
  7
CN_TTF
 11
470102.875
 21
4349729.13
 31
0.0
100
AcDbText
  0
LWPOLYLINE
  5
128
330
17
100
AcDbEntity
  8
爆区方格网
 62
5
100
AcDbPolyline
 90
5
 70
1
 10
470102.535
 20
4349729.7
 10
470102.535
 20
4349730.7
 10
470103.535
 20
4349730.7
 10
470103.535
 20
4349729.7
 10
470102.535
 20
4349729.7
  0
TEXT
  5
129
330
17
100
AcDbEntity
  8
0
 62
5
100
AcDbText
 10
470102.875
 20
4349730.13
 30
0.0
 40
0.1333
  1
1.11
  7
CN_TTF
 11
470102.875
 21
4349730.13
 31
0.0
100
AcDbText
  0
LWPOLYLINE
  5
12A
330
17
100
AcDbEntity
  8
爆区方格网
 62
5
100
AcDbPolyline
 90
5
 70
1
 10
470102.535
 20
4349730.7
 10
470102.535
 20
4349731.7
 10
470103.535
 20
4349731.7
 10
470103.535
 20
4349730.7
 10
470102.535
 20
4349730.7
  0
TEXT
  5
12B
330
17
100
AcDbEntity
  8
0
 62
5
100
AcDbText
 10
470102.875
 20
4349731.13
 30
0.0
 40
0.1333
  1
1.11
  7
CN_TTF
 11
470102.875
 21
4349731.13
 31
0.0
100
AcDbText
  0
LWPOLYLINE
  5
12C
330
17
100
AcDbEntity
  8
爆区方格网
 62
5
100
AcDbPolyline
 90
5
 70
1
 10
470102.535
 20
4349731.7
 10
470102.535
 20
4349732.7
 10
470103.535
 20
4349732.7
 10
470103.535
 20
4349731.7
 10
470102.535
 20
4349731.7
  0
TEXT
  5
12D
330
17
100
AcDbEntity
  8
0
 62
5
100
AcDbText
 10
470102.875
 20
4349732.13
 30
0.0
 40
0.1333
  1
1.32
  7
CN_TTF
 11
470102.875
 21
4349732.13
 31
0.0
100
AcDbText
  0
LWPOLYLINE
  5
12E
330
17
100
AcDbEntity
  8
爆区方格网
 62
5
100
AcDbPolyline
 90
5
 70
1
 10
470102.535
 20
4349732.7
 10
470102.535
 20
4349733.7
 10
470103.535
 20
4349733.7
 10
470103.535
 20
4349732.7
 10
470102.535
 20
4349732.7
  0
TEXT
  5
12F
330
17
100
AcDbEntity
  8
0
 62
5
100
AcDbText
 10
470102.875
 20
4349733.13
 30
0.0
 40
0.1333
  1
1.32
  7
CN_TTF
 11
470102.875
 21
4349733.13
 31
0.0
100
AcDbText
  0
LWPOLYLINE
  5
130
330
17
100
AcDbEntity
  8
爆区方格网
 62
5
100
AcDbPolyline
 90
5
 70
1
 10
470102.535
 20
4349733.7
 10
470102.535
 20
4349734.7
 10
470103.535
 20
4349734.7
 10
470103.535
 20
4349733.7
 10
470102.535
 20
4349733.7
  0
TEXT
  5
131
330
17
100
AcDbEntity
  8
0
 62
5
100
AcDbText
 10
470102.875
 20
4349734.13
 30
0.0
 40
0.1333
  1
1.32
  7
CN_TTF
 11
470102.875
 21
4349734.13
 31
0.0
100
AcDbText
  0
LWPOLYLINE
  5
132
330
17
100
AcDbEntity
  8
爆区方格网
 62
5
100
AcDbPolyline
 90
5
 70
1
 10
470103.535
 20
4349734.7
 10
470102.535
 20
4349734.7
 10
470102.535
 20
4349735.536964893
 10
470103.535
 20
4349735.22028013
 10
470103.535
 20
4349734.7
  0
TEXT
  5
133
330
17
100
AcDbEntity
  8
0
 62
5
100
AcDbText
 10
470102.875
 20
4349734.890140065
 30
0.0
 40
0.1333
  1
1.32
  7
CN_TTF
 11
470102.875
 21
4349734.890140065
 31
0.0
100
AcDbText
  0
LWPOLYLINE
  5
134
330
17
100
AcDbEntity
  8
爆区方格网
 62
5
100
AcDbPolyline
 90
6
 70
1
 10
470102.535
 20
4349738.7
 10
470102.535
 20
4349739.7
 10
470103.535
 20
4349739.7
 10
470103.535
 20
4349738.8615073105
 10
470103.368190414
 20
4349738.7
 10
470102.535
 20
4349738.7
  0
TEXT
  5
135
330
17
100
AcDbEntity
  8
0
 62
5
100
AcDbText
 10
470102.875
 20
4349739.210753655
 30
0.0
 40
0.1333
  1
1.26
  7
CN_TTF
 11
470102.875
 21
4349739.210753655
 31
0.0
100
AcDbText
  0
LWPOLYLINE
  5
136
330
17
100
AcDbEntity
  8
爆区方格网
 62
5
100
AcDbPolyline
 90
5
 70
1
 10
470102.535
 20
4349739.7
 10
470102.535
 20
4349740.7
 10
470103.535
 20
4349740.7
 10
470103.535
 20
4349739.7
 10
470102.535
 20
4349739.7
  0
TEXT
  5
137
330
17
100
AcDbEntity
  8
0
 62
5
100
AcDbText
 10
470102.875
 20
4349740.13
 30
0.0
 40
0.1333
  1
1.26
  7
CN_TTF
 11
470102.875
 21
4349740.13
 31
0.0
100
AcDbText
  0
LWPOLYLINE
  5
138
330
17
100
AcDbEntity
  8
爆区方格网
 62
5
100
AcDbPolyline
 90
6
 70
1
 10
470103.535
 20
4349740.7
 10
470102.535
 20
4349740.7
 10
470102.535
 20
4349741.7
 10
470102.9434299659
 20
4349741.7
 10
470103.535
 20
4349741.361904528
 10
470103.535
 20
4349740.7
  0
TEXT
  5
139
330
17
100
AcDbEntity
  8
0
 62
5
100
AcDbText
 10
470102.875
 20
4349740.960952263
 30
0.0
 40
0.1333
  1
1.26
  7
CN_TTF
 11
470102.875
 21
4349740.960952263
 31
0.0
100
AcDbText
  0
LWPOLYLINE
  5
13A
330
17
100
AcDbEntity
  8
爆区方格网
 62
5
100
AcDbPolyline
 90
11
 70
1
 10
470103.535
 20
4349726.7
 10
470104.535
 20
4349726.7
 10
470104.535
 20
4349725.744205735
 10
470104.4985566606
 20
4349725.7378822155
 10
470104.3280599911
 20
4349725.716853457
 10
470104.1567368601
 20
4349725.704215904
 10
470103.985
 20
4349725.7
 10
470103.81326313986
 20
4349725.704215904
 10
470103.64194000885
 20
4349725.716853457
 10
470103.535
 20
4349725.730043249
 10
470103.535
 20
4349726.7
  0
TEXT
  5
13B
330
17
100
AcDbEntity
  8
0
 62
5
100
AcDbText
 10
470103.875
 20
4349726.152102867
 30
0.0
 40
0.1333
  1
1.11
  7
CN_TTF
 11
470103.875
 21
4349726.152102867
 31
0.0
100
AcDbText
  0
LWPOLYLINE
  5
13C
330
17
100
AcDbEntity
  8
爆区方格网
 62
5
100
AcDbPolyline
 90
5
 70
1
 10
470103.535
 20
4349726.7
 10
470103.535
 20
4349727.7
 10
470104.535
 20
4349727.7
 10
470104.535
 20
4349726.7
 10
470103.535
 20
4349726.7
  0
TEXT
  5
13D
330
17
100
AcDbEntity
  8
0
 62
5
100
AcDbText
 10
470103.875
 20
4349727.13
 30
0.0
 40
0.1333
  1
1.11
  7
CN_TTF
 11
470103.875
 21
4349727.13
 31
0.0
100
AcDbText
  0
LWPOLYLINE
  5
13E
330
17
100
AcDbEntity
  8
爆区方格网
 62
5
100
AcDbPolyline
 90
5
 70
1
 10
470103.535
 20
4349727.7
 10
470103.535
 20
4349728.7
 10
470104.535
 20
4349728.7
 10
470104.535
 20
4349727.7
 10
470103.535
 20
4349727.7
  0
TEXT
  5
13F
330
17
100
AcDbEntity
  8
0
 62
5
100
AcDbText
 10
470103.875
 20
4349728.13
 30
0.0
 40
0.1333
  1
1.11
  7
CN_TTF
 11
470103.875
 21
4349728.13
 31
0.0
100
AcDbText
  0
LWPOLYLINE
  5
140
330
17
100
AcDbEntity
  8
爆区方格网
 62
5
100
AcDbPolyline
 90
5
 70
1
 10
470103.535
 20
4349728.7
 10
470103.535
 20
4349729.7
 10
470104.535
 20
4349729.7
 10
470104.535
 20
4349728.7
 10
470103.535
 20
4349728.7
  0
TEXT
  5
141
330
17
100
AcDbEntity
  8
0
 62
5
100
AcDbText
 10
470103.875
 20
4349729.13
 30
0.0
 40
0.1333
  1
1.11
  7
CN_TTF
 11
470103.875
 21
4349729.13
 31
0.0
100
AcDbText
  0
LWPOLYLINE
  5
142
330
17
100
AcDbEntity
  8
爆区方格网
 62
5
100
AcDbPolyline
 90
5
 70
1
 10
470103.535
 20
4349729.7
 10
470103.535
 20
4349730.7
 10
470104.535
 20
4349730.7
 10
470104.535
 20
4349729.7
 10
470103.535
 20
4349729.7
  0
TEXT
  5
143
330
17
100
AcDbEntity
  8
0
 62
5
100
AcDbText
 10
470103.875
 20
4349730.13
 30
0.0
 40
0.1333
  1
1.11
  7
CN_TTF
 11
470103.875
 21
4349730.13
 31
0.0
100
AcDbText
  0
LWPOLYLINE
  5
144
330
17
100
AcDbEntity
  8
爆区方格网
 62
5
100
AcDbPolyline
 90
5
 70
1
 10
470103.535
 20
4349730.7
 10
470103.535
 20
4349731.7
 10
470104.535
 20
4349731.7
 10
470104.535
 20
4349730.7
 10
470103.535
 20
4349730.7
  0
TEXT
  5
145
330
17
100
AcDbEntity
  8
0
 62
5
100
AcDbText
 10
470103.875
 20
4349731.13
 30
0.0
 40
0.1333
  1
1.11
  7
CN_TTF
 11
470103.875
 21
4349731.13
 31
0.0
100
AcDbText
  0
LWPOLYLINE
  5
146
330
17
100
AcDbEntity
  8
爆区方格网
 62
5
100
AcDbPolyline
 90
5
 70
1
 10
470103.535
 20
4349731.7
 10
470103.535
 20
4349732.7
 10
470104.535
 20
4349732.7
 10
470104.535
 20
4349731.7
 10
470103.535
 20
4349731.7
  0
TEXT
  5
147
330
17
100
AcDbEntity
  8
0
 62
5
100
AcDbText
 10
470103.875
 20
4349732.13
 30
0.0
 40
0.1333
  1
1.32
  7
CN_TTF
 11
470103.875
 21
4349732.13
 31
0.0
100
AcDbText
  0
LWPOLYLINE
  5
148
330
17
100
AcDbEntity
  8
爆区方格网
 62
5
100
AcDbPolyline
 90
5
 70
1
 10
470103.535
 20
4349732.7
 10
470103.535
 20
4349733.7
 10
470104.535
 20
4349733.7
 10
470104.535
 20
4349732.7
 10
470103.535
 20
4349732.7
  0
TEXT
  5
149
330
17
100
AcDbEntity
  8
0
 62
5
100
AcDbText
 10
470103.875
 20
4349733.13
 30
0.0
 40
0.1333
  1
1.32
  7
CN_TTF
 11
470103.875
 21
4349733.13
 31
0.0
100
AcDbText
  0
LWPOLYLINE
  5
14A
330
17
100
AcDbEntity
  8
爆区方格网
 62
5
100
AcDbPolyline
 90
5
 70
1
 10
470103.535
 20
4349733.7
 10
470103.535
 20
4349734.7
 10
470104.535
 20
4349734.7
 10
470104.535
 20
4349733.7
 10
470103.535
 20
4349733.7
  0
TEXT
  5
14B
330
17
100
AcDbEntity
  8
0
 62
5
100
AcDbText
 10
470103.875
 20
4349734.13
 30
0.0
 40
0.1333
  1
1.32
  7
CN_TTF
 11
470103.875
 21
4349734.13
 31
0.0
100
AcDbText
  0
LWPOLYLINE
  5
14C
330
17
100
AcDbEntity
  8
爆区方格网
 62
5
100
AcDbPolyline
 90
6
 70
1
 10
470103.535
 20
4349739.7
 10
470103.535
 20
4349740.7
 10
470104.535
 20
4349740.7
 10
470104.535
 20
4349739.829720915
 10
470104.40102035465
 20
4349739.7
 10
470103.535
 20
4349739.7
  0
TEXT
  5
14D
330
17
100
AcDbEntity
  8
0
 62
5
100
AcDbText
 10
470103.875
 20
4349740.194860457
 30
0.0
 40
0.1333
  1
1.26
  7
CN_TTF
 11
470103.875
 21
4349740.194860457
 31
0.0
100
AcDbText
  0
LWPOLYLINE
  5
14E
330
17
100
AcDbEntity
  8
爆区方格网
 62
5
100
AcDbPolyline
 90
11
 70
1
 10
470104.535
 20
4349726.7
 10
470105.535
 20
4349726.7
 10
470105.535
 20
4349726.062995889
 10
470105.481442827
 20
4349726.036037474
 10
470105.32439201325
 20
4349725.966421637
 10
470105.16411448683
 20
4349725.904595772
 10
470105.0009963704
 20
4349725.8507088255
 10
470104.83543062967
 20
4349725.804890614
 10
470104.66781612707
 20
4349725.767251519
 10
470104.535
 20
4349725.744205735
 10
470104.535
 20
4349726.7
  0
TEXT
  5
14F
330
17
100
AcDbEntity
  8
0
 62
5
100
AcDbText
 10
470104.875
 20
4349726.311497944
 30
0.0
 40
0.1333
  1
1.11
  7
CN_TTF
 11
470104.875
 21
4349726.311497944
 31
0.0
100
AcDbText
  0
LWPOLYLINE
  5
150
330
17
100
AcDbEntity
  8
爆区方格网
 62
5
100
AcDbPolyline
 90
5
 70
1
 10
470104.535
 20
4349726.7
 10
470104.535
 20
4349727.7
 10
470105.535
 20
4349727.7
 10
470105.535
 20
4349726.7
 10
470104.535
 20
4349726.7
  0
TEXT
  5
151
330
17
100
AcDbEntity
  8
0
 62
5
100
AcDbText
 10
470104.875
 20
4349727.13
 30
0.0
 40
0.1333
  1
1.11
  7
CN_TTF
 11
470104.875
 21
4349727.13
 31
0.0
100
AcDbText
  0
LWPOLYLINE
  5
152
330
17
100
AcDbEntity
  8
爆区方格网
 62
5
100
AcDbPolyline
 90
5
 70
1
 10
470104.535
 20
4349727.7
 10
470104.535
 20
4349728.7
 10
470105.535
 20
4349728.7
 10
470105.535
 20
4349727.7
 10
470104.535
 20
4349727.7
  0
TEXT
  5
153
330
17
100
AcDbEntity
  8
0
 62
5
100
AcDbText
 10
470104.875
 20
4349728.13
 30
0.0
 40
0.1333
  1
1.11
  7
CN_TTF
 11
470104.875
 21
4349728.13
 31
0.0
100
AcDbText
  0
LWPOLYLINE
  5
154
330
17
100
AcDbEntity
  8
爆区方格网
 62
5
100
AcDbPolyline
 90
5
 70
1
 10
470104.535
 20
4349728.7
 10
470104.535
 20
4349729.7
 10
470105.535
 20
4349729.7
 10
470105.535
 20
4349728.7
 10
470104.535
 20
4349728.7
  0
TEXT
  5
155
330
17
100
AcDbEntity
  8
0
 62
5
100
AcDbText
 10
470104.875
 20
4349729.13
 30
0.0
 40
0.1333
  1
1.11
  7
CN_TTF
 11
470104.875
 21
4349729.13
 31
0.0
100
AcDbText
  0
LWPOLYLINE
  5
156
330
17
100
AcDbEntity
  8
爆区方格网
 62
5
100
AcDbPolyline
 90
5
 70
1
 10
470104.535
 20
4349729.7
 10
470104.535
 20
4349730.7
 10
470105.535
 20
4349730.7
 10
470105.535
 20
4349729.7
 10
470104.535
 20
4349729.7
  0
TEXT
  5
157
330
17
100
AcDbEntity
  8
0
 62
5
100
AcDbText
 10
470104.875
 20
4349730.13
 30
0.0
 40
0.1333
  1
1.11
  7
CN_TTF
 11
470104.875
 21
4349730.13
 31
0.0
100
AcDbText
  0
LWPOLYLINE
  5
158
330
17
100
AcDbEntity
  8
爆区方格网
 62
5
100
AcDbPolyline
 90
5
 70
1
 10
470104.535
 20
4349730.7
 10
470104.535
 20
4349731.7
 10
470105.535
 20
4349731.7
 10
470105.535
 20
4349730.7
 10
470104.535
 20
4349730.7
  0
TEXT
  5
159
330
17
100
AcDbEntity
  8
0
 62
5
100
AcDbText
 10
470104.875
 20
4349731.13
 30
0.0
 40
0.1333
  1
1.35
  7
CN_TTF
 11
470104.875
 21
4349731.13
 31
0.0
100
AcDbText
  0
LWPOLYLINE
  5
15A
330
17
100
AcDbEntity
  8
爆区方格网
 62
5
100
AcDbPolyline
 90
5
 70
1
 10
470104.535
 20
4349731.7
 10
470104.535
 20
4349732.7
 10
470105.535
 20
4349732.7
 10
470105.535
 20
4349731.7
 10
470104.535
 20
4349731.7
  0
TEXT
  5
15B
330
17
100
AcDbEntity
  8
0
 62
5
100
AcDbText
 10
470104.875
 20
4349732.13
 30
0.0
 40
0.1333
  1
1.35
  7
CN_TTF
 11
470104.875
 21
4349732.13
 31
0.0
100
AcDbText
  0
LWPOLYLINE
  5
15C
330
17
100
AcDbEntity
  8
爆区方格网
 62
5
100
AcDbPolyline
 90
5
 70
1
 10
470104.535
 20
4349732.7
 10
470104.535
 20
4349733.7
 10
470105.535
 20
4349733.7
 10
470105.535
 20
4349732.7
 10
470104.535
 20
4349732.7
  0
TEXT
  5
15D
330
17
100
AcDbEntity
  8
0
 62
5
100
AcDbText
 10
470104.875
 20
4349733.13
 30
0.0
 40
0.1333
  1
1.32
  7
CN_TTF
 11
470104.875
 21
4349733.13
 31
0.0
100
AcDbText
  0
LWPOLYLINE
  5
15E
330
17
100
AcDbEntity
  8
爆区方格网
 62
5
100
AcDbPolyline
 90
6
 70
1
 10
470105.535
 20
4349733.7
 10
470104.535
 20
4349733.7
 10
470104.535
 20
4349734.7
 10
470105.1778959999
 20
4349734.7
 10
470105.535
 20
4349734.5869106045
 10
470105.535
 20
4349733.7
  0
TEXT
  5
15F
330
17
100
AcDbEntity
  8
0
 62
5
100
AcDbText
 10
470104.875
 20
4349734.073455302
 30
0.0
 40
0.1333
  1
1.32
  7
CN_TTF
 11
470104.875
 21
4349734.073455302
 31
0.0
100
AcDbText
  0
LWPOLYLINE
  5
160
330
17
100
AcDbEntity
  8
爆区方格网
 62
5
100
AcDbPolyline
 90
7
 70
1
 10
470105.535
 20
4349726.7
 10
470105.535
 20
4349727.7
 10
470106.535
 20
4349727.7
 10
470106.535
 20
4349726.80403385
 10
470106.45987373416
 20
4349726.7251262665
 10
470106.4334827915
 20
4349726.7
 10
470105.535
 20
4349726.7
  0
TEXT
  5
161
330
17
100
AcDbEntity
  8
0
 62
5
100
AcDbText
 10
470105.875
 20
4349727.182016925
 30
0.0
 40
0.1333
  1
1.11
  7
CN_TTF
 11
470105.875
 21
4349727.182016925
 31
0.0
100
AcDbText
  0
LWPOLYLINE
  5
162
330
17
100
AcDbEntity
  8
爆区方格网
 62
5
100
AcDbPolyline
 90
5
 70
1
 10
470105.535
 20
4349727.7
 10
470105.535
 20
4349728.7
 10
470106.535
 20
4349728.7
 10
470106.535
 20
4349727.7
 10
470105.535
 20
4349727.7
  0
TEXT
  5
163
330
17
100
AcDbEntity
  8
0
 62
5
100
AcDbText
 10
470105.875
 20
4349728.13
 30
0.0
 40
0.1333
  1
1.11
  7
CN_TTF
 11
470105.875
 21
4349728.13
 31
0.0
100
AcDbText
  0
LWPOLYLINE
  5
164
330
17
100
AcDbEntity
  8
爆区方格网
 62
5
100
AcDbPolyline
 90
5
 70
1
 10
470105.535
 20
4349728.7
 10
470105.535
 20
4349729.7
 10
470106.535
 20
4349729.7
 10
470106.535
 20
4349728.7
 10
470105.535
 20
4349728.7
  0
TEXT
  5
165
330
17
100
AcDbEntity
  8
0
 62
5
100
AcDbText
 10
470105.875
 20
4349729.13
 30
0.0
 40
0.1333
  1
1.11
  7
CN_TTF
 11
470105.875
 21
4349729.13
 31
0.0
100
AcDbText
  0
LWPOLYLINE
  5
166
330
17
100
AcDbEntity
  8
爆区方格网
 62
5
100
AcDbPolyline
 90
5
 70
1
 10
470105.535
 20
4349729.7
 10
470105.535
 20
4349730.7
 10
470106.535
 20
4349730.7
 10
470106.535
 20
4349729.7
 10
470105.535
 20
4349729.7
  0
TEXT
  5
167
330
17
100
AcDbEntity
  8
0
 62
5
100
AcDbText
 10
470105.875
 20
4349730.13
 30
0.0
 40
0.1333
  1
1.35
  7
CN_TTF
 11
470105.875
 21
4349730.13
 31
0.0
100
AcDbText
  0
LWPOLYLINE
  5
168
330
17
100
AcDbEntity
  8
爆区方格网
 62
5
100
AcDbPolyline
 90
5
 70
1
 10
470105.535
 20
4349730.7
 10
470105.535
 20
4349731.7
 10
470106.535
 20
4349731.7
 10
470106.535
 20
4349730.7
 10
470105.535
 20
4349730.7
  0
TEXT
  5
169
330
17
100
AcDbEntity
  8
0
 62
5
100
AcDbText
 10
470105.875
 20
4349731.13
 30
0.0
 40
0.1333
  1
1.35
  7
CN_TTF
 11
470105.875
 21
4349731.13
 31
0.0
100
AcDbText
  0
LWPOLYLINE
  5
16A
330
17
100
AcDbEntity
  8
爆区方格网
 62
5
100
AcDbPolyline
 90
5
 70
1
 10
470105.535
 20
4349731.7
 10
470105.535
 20
4349732.7
 10
470106.535
 20
4349732.7
 10
470106.535
 20
4349731.7
 10
470105.535
 20
4349731.7
  0
TEXT
  5
16B
330
17
100
AcDbEntity
  8
0
 62
5
100
AcDbText
 10
470105.875
 20
4349732.13
 30
0.0
 40
0.1333
  1
1.35
  7
CN_TTF
 11
470105.875
 21
4349732.13
 31
0.0
100
AcDbText
  0
LWPOLYLINE
  5
16C
330
17
100
AcDbEntity
  8
爆区方格网
 62
5
100
AcDbPolyline
 90
5
 70
1
 10
470105.535
 20
4349732.7
 10
470105.535
 20
4349733.7
 10
470106.535
 20
4349733.7
 10
470106.535
 20
4349732.7
 10
470105.535
 20
4349732.7
  0
TEXT
  5
16D
330
17
100
AcDbEntity
  8
0
 62
5
100
AcDbText
 10
470105.875
 20
4349733.13
 30
0.0
 40
0.1333
  1
1.35
  7
CN_TTF
 11
470105.875
 21
4349733.13
 31
0.0
100
AcDbText
  0
LWPOLYLINE
  5
16E
330
17
100
AcDbEntity
  8
爆区方格网
 62
5
100
AcDbPolyline
 90
7
 70
1
 10
470106.535
 20
4349733.7
 10
470105.535
 20
4349733.7
 10
470105.535
 20
4349734.5869106045
 10
470106.326504351
 20
4349734.336253237
 10
470106.32650435116
 20
4349734.336253237
 10
470106.535
 20
4349734.414987831
 10
470106.535
 20
4349733.7
  0
TEXT
  5
16F
330
17
100
AcDbEntity
  8
0
 62
5
100
AcDbText
 10
470105.875
 20
4349733.948126618
 30
0.0
 40
0.1333
  1
1.32
  7
CN_TTF
 11
470105.875
 21
4349733.948126618
 31
0.0
100
AcDbText
  0
LWPOLYLINE
  5
170
330
17
100
AcDbEntity
  8
爆区方格网
 62
5
100
AcDbPolyline
 90
12
 70
1
 10
470106.535
 20
4349727.7
 10
470106.535
 20
4349728.7
 10
470107.535
 20
4349728.7
 10
470107.535
 20
4349728.095484282
 10
470107.39011448686
 20
4349728.039595772
 10
470107.27219059947
 20
4349728.000638981
 10
470107.27219059935
 20
4349728.000638981
 10
470107.2724784929
 20
4349728.000338817
 10
470107.21857836377
 20
4349727.860607987
 10
470107.14896252594
 20
4349727.703557173
 10
470107.1471719957
 20
4349727.7
 10
470106.535
 20
4349727.7
  0
TEXT
  5
171
330
17
100
AcDbEntity
  8
0
 62
5
100
AcDbText
 10
470106.875
 20
4349728.327742141
 30
0.0
 40
0.1333
  1
1.35
  7
CN_TTF
 11
470106.875
 21
4349728.327742141
 31
0.0
100
AcDbText
  0
LWPOLYLINE
  5
172
330
17
100
AcDbEntity
  8
爆区方格网
 62
5
100
AcDbPolyline
 90
5
 70
1
 10
470106.535
 20
4349728.7
 10
470106.535
 20
4349729.7
 10
470107.535
 20
4349729.7
 10
470107.535
 20
4349728.7
 10
470106.535
 20
4349728.7
  0
TEXT
  5
173
330
17
100
AcDbEntity
  8
0
 62
5
100
AcDbText
 10
470106.875
 20
4349729.13
 30
0.0
 40
0.1333
  1
1.35
  7
CN_TTF
 11
470106.875
 21
4349729.13
 31
0.0
100
AcDbText
  0
LWPOLYLINE
  5
174
330
17
100
AcDbEntity
  8
爆区方格网
 62
5
100
AcDbPolyline
 90
5
 70
1
 10
470106.535
 20
4349729.7
 10
470106.535
 20
4349730.7
 10
470107.535
 20
4349730.7
 10
470107.535
 20
4349729.7
 10
470106.535
 20
4349729.7
  0
TEXT
  5
175
330
17
100
AcDbEntity
  8
0
 62
5
100
AcDbText
 10
470106.875
 20
4349730.13
 30
0.0
 40
0.1333
  1
1.35
  7
CN_TTF
 11
470106.875
 21
4349730.13
 31
0.0
100
AcDbText
  0
LWPOLYLINE
  5
176
330
17
100
AcDbEntity
  8
爆区方格网
 62
5
100
AcDbPolyline
 90
5
 70
1
 10
470106.535
 20
4349730.7
 10
470106.535
 20
4349731.7
 10
470107.535
 20
4349731.7
 10
470107.535
 20
4349730.7
 10
470106.535
 20
4349730.7
  0
TEXT
  5
177
330
17
100
AcDbEntity
  8
0
 62
5
100
AcDbText
 10
470106.875
 20
4349731.13
 30
0.0
 40
0.1333
  1
1.35
  7
CN_TTF
 11
470106.875
 21
4349731.13
 31
0.0
100
AcDbText
  0
LWPOLYLINE
  5
178
330
17
100
AcDbEntity
  8
爆区方格网
 62
5
100
AcDbPolyline
 90
5
 70
1
 10
470106.535
 20
4349731.7
 10
470106.535
 20
4349732.7
 10
470107.535
 20
4349732.7
 10
470107.535
 20
4349731.7
 10
470106.535
 20
4349731.7
  0
TEXT
  5
179
330
17
100
AcDbEntity
  8
0
 62
5
100
AcDbText
 10
470106.875
 20
4349732.13
 30
0.0
 40
0.1333
  1
1.35
  7
CN_TTF
 11
470106.875
 21
4349732.13
 31
0.0
100
AcDbText
  0
LWPOLYLINE
  5
17A
330
17
100
AcDbEntity
  8
爆区方格网
 62
5
100
AcDbPolyline
 90
5
 70
1
 10
470106.535
 20
4349732.7
 10
470106.535
 20
4349733.7
 10
470107.535
 20
4349733.7
 10
470107.535
 20
4349732.7
 10
470106.535
 20
4349732.7
  0
TEXT
  5
17B
330
17
100
AcDbEntity
  8
0
 62
5
100
AcDbText
 10
470106.875
 20
4349733.13
 30
0.0
 40
0.1333
  1
1.35
  7
CN_TTF
 11
470106.875
 21
4349733.13
 31
0.0
100
AcDbText
  0
LWPOLYLINE
  5
17C
330
17
100
AcDbEntity
  8
爆区方格网
 62
5
100
AcDbPolyline
 90
7
 70
1
 10
470107.535
 20
4349733.7
 10
470106.535
 20
4349733.7
 10
470106.535
 20
4349734.414987831
 10
470107.23827268387
 20
4349734.680565984
 10
470107.39011448686
 20
4349734.630404228
 10
470107.535
 20
4349734.574515718
 10
470107.535
 20
4349733.7
  0
TEXT
  5
17D
330
17
100
AcDbEntity
  8
0
 62
5
100
AcDbText
 10
470106.875
 20
4349733.9874939155
 30
0.0
 40
0.1333
  1
1.35
  7
CN_TTF
 11
470106.875
 21
4349733.9874939155
 31
0.0
100
AcDbText
  0
LWPOLYLINE
  5
17E
330
17
100
AcDbEntity
  8
爆区方格网
 62
5
100
AcDbPolyline
 90
6
 70
1
 10
470107.535
 20
4349728.7
 10
470107.535
 20
4349729.7
 10
470108.535
 20
4349729.7
 10
470108.535
 20
4349728.718849664
 10
470108.5131480018
 20
4349728.7
 10
470107.535
 20
4349728.7
  0
TEXT
  5
17F
330
17
100
AcDbEntity
  8
0
 62
5
100
AcDbText
 10
470107.875
 20
4349729.139424832
 30
0.0
 40
0.1333
  1
1.35
  7
CN_TTF
 11
470107.875
 21
4349729.139424832
 31
0.0
100
AcDbText
  0
LWPOLYLINE
  5
180
330
17
100
AcDbEntity
  8
爆区方格网
 62
5
100
AcDbPolyline
 90
5
 70
1
 10
470107.535
 20
4349729.7
 10
470107.535
 20
4349730.7
 10
470108.535
 20
4349730.7
 10
470108.535
 20
4349729.7
 10
470107.535
 20
4349729.7
  0
TEXT
  5
181
330
17
100
AcDbEntity
  8
0
 62
5
100
AcDbText
 10
470107.875
 20
4349730.13
 30
0.0
 40
0.1333
  1
1.35
  7
CN_TTF
 11
470107.875
 21
4349730.13
 31
0.0
100
AcDbText
  0
LWPOLYLINE
  5
182
330
17
100
AcDbEntity
  8
爆区方格网
 62
5
100
AcDbPolyline
 90
5
 70
1
 10
470107.535
 20
4349730.7
 10
470107.535
 20
4349731.7
 10
470108.535
 20
4349731.7
 10
470108.535
 20
4349730.7
 10
470107.535
 20
4349730.7
  0
TEXT
  5
183
330
17
100
AcDbEntity
  8
0
 62
5
100
AcDbText
 10
470107.875
 20
4349731.13
 30
0.0
 40
0.1333
  1
1.35
  7
CN_TTF
 11
470107.875
 21
4349731.13
 31
0.0
100
AcDbText
  0
LWPOLYLINE
  5
184
330
17
100
AcDbEntity
  8
爆区方格网
 62
5
100
AcDbPolyline
 90
5
 70
1
 10
470107.535
 20
4349731.7
 10
470107.535
 20
4349732.7
 10
470108.535
 20
4349732.7
 10
470108.535
 20
4349731.7
 10
470107.535
 20
4349731.7
  0
TEXT
  5
185
330
17
100
AcDbEntity
  8
0
 62
5
100
AcDbText
 10
470107.875
 20
4349732.13
 30
0.0
 40
0.1333
  1
1.35
  7
CN_TTF
 11
470107.875
 21
4349732.13
 31
0.0
100
AcDbText
  0
LWPOLYLINE
  5
186
330
17
100
AcDbEntity
  8
爆区方格网
 62
5
100
AcDbPolyline
 90
5
 70
1
 10
470107.535
 20
4349732.7
 10
470107.535
 20
4349733.7
 10
470108.535
 20
4349733.7
 10
470108.535
 20
4349732.7
 10
470107.535
 20
4349732.7
  0
TEXT
  5
187
330
17
100
AcDbEntity
  8
0
 62
5
100
AcDbText
 10
470107.875
 20
4349733.13
 30
0.0
 40
0.1333
  1
1.35
  7
CN_TTF
 11
470107.875
 21
4349733.13
 31
0.0
100
AcDbText
  0
LWPOLYLINE
  5
188
330
17
100
AcDbEntity
  8
爆区方格网
 62
5
100
AcDbPolyline
 90
12
 70
1
 10
470108.535
 20
4349733.7
 10
470107.535
 20
4349733.7
 10
470107.535
 20
4349734.574515718
 10
470107.5503920133
 20
4349734.568578363
 10
470107.707442827
 20
4349734.498962526
 10
470107.8608885789
 20
4349734.421724426
 10
470108.01035960467
 20
4349734.337050135
 10
470108.15549581556
 20
4349734.245143643
 10
470108.29594756576
 20
4349734.14622636
 10
470108.4313764946
 20
4349734.040536587
 10
470108.535
 20
4349733.951150336
 10
470108.535
 20
4349733.7
  0
TEXT
  5
189
330
17
100
AcDbEntity
  8
0
 62
5
100
AcDbText
 10
470107.78933101514
 20
4349734.0233814735
 30
0.0
 40
0.1333
  1
1.35
  7
CN_TTF
 11
470107.78933101514
 21
4349734.0233814735
 31
0.0
100
AcDbText
  0
LWPOLYLINE
  5
18A
330
17
100
AcDbEntity
  8
爆区方格网
 62
5
100
AcDbPolyline
 90
9
 70
1
 10
470108.535
 20
4349729.7
 10
470108.535
 20
4349730.7
 10
470109.535
 20
4349730.7
 10
470109.535
 20
4349730.24244615
 10
470109.50640422816
 20
4349730.155885513
 10
470109.4445783638
 20
4349729.995607987
 10
470109.37496252597
 20
4349729.838557173
 10
470109.30521870614
 20
4349729.7
 10
470108.535
 20
4349729.7
  0
TEXT
  5
18B
330
17
100
AcDbEntity
  8
0
 62
5
100
AcDbText
 10
470108.86785105703
 20
4349730.129165831
 30
0.0
 40
0.1333
  1
1.35
  7
CN_TTF
 11
470108.86785105703
 21
4349730.129165831
 31
0.0
100
AcDbText
  0
LWPOLYLINE
  5
18C
330
17
100
AcDbEntity
  8
爆区方格网
 62
5
100
AcDbPolyline
 90
5
 70
1
 10
470108.535
 20
4349730.7
 10
470108.535
 20
4349731.7
 10
470109.535
 20
4349731.7
 10
470109.535
 20
4349730.7
 10
470108.535
 20
4349730.7
  0
TEXT
  5
18D
330
17
100
AcDbEntity
  8
0
 62
5
100
AcDbText
 10
470108.875
 20
4349731.13
 30
0.0
 40
0.1333
  1
1.35
  7
CN_TTF
 11
470108.875
 21
4349731.13
 31
0.0
100
AcDbText
  0
LWPOLYLINE
  5
18E
330
17
100
AcDbEntity
  8
爆区方格网
 62
5
100
AcDbPolyline
 90
8
 70
1
 10
470109.535
 20
4349731.7
 10
470108.535
 20
4349731.7
 10
470108.535
 20
4349732.7
 10
470109.43322712375
 20
4349732.7
 10
470109.4445783638
 20
4349732.674392013
 10
470109.50640422816
 20
4349732.514114487
 10
470109.535
 20
4349732.42755385
 10
470109.535
 20
4349731.7
  0
TEXT
  5
18F
330
17
100
AcDbEntity
  8
0
 62
5
100
AcDbText
 10
470108.875
 20
4349731.993776925
 30
0.0
 40
0.1333
  1
1.35
  7
CN_TTF
 11
470108.875
 21
4349731.993776925
 31
0.0
100
AcDbText
  0
LWPOLYLINE
  5
190
330
17
100
AcDbEntity
  8
爆区方格网
 62
5
100
AcDbPolyline
 90
12
 70
1
 10
470108.535
 20
4349732.7
 10
470108.535
 20
4349733.7
 10
470108.7904822251
 20
4349733.7
 10
470108.8043289388
 20
4349733.685456342
 10
470108.91653658677
 20
4349733.555376494
 10
470109.0222263602
 20
4349733.4199475655
 10
470109.12114364305
 20
4349733.279495816
 10
470109.213050135
 20
4349733.134359605
 10
470109.2977244252
 20
4349732.984888579
 10
470109.37496252597
 20
4349732.831442827
 10
470109.43322712375
 20
4349732.7
 10
470108.535
 20
4349732.7
  0
TEXT
  5
191
330
17
100
AcDbEntity
  8
0
 62
5
100
AcDbText
 10
470108.69104844454
 20
4349733.13692771
 30
0.0
 40
0.1333
  1
1.35
  7
CN_TTF
 11
470108.69104844454
 21
4349733.13692771
 31
0.0
100
AcDbText
  0
LWPOLYLINE
  5
192
330
17
100
AcDbEntity
  8
爆区方格网
 62
4
100
AcDbPolyline
 90
10
 70
1
 10
470099.535
 20
4349750.7
 10
470099.535
 20
4349749.7
 10
470098.66778129694
 20
4349749.7
 10
470098.63870882493
 20
4349749.788003629
 10
470098.5928906138
 20
4349749.95356937
 10
470098.5552515186
 20
4349750.121183872
 10
470098.535
 20
4349750.237896251
 10
470098.535
 20
4349750.530555556
 10
470098.6465039405
 20
4349750.7
 10
470099.535
 20
4349750.7
  0
TEXT
  5
193
330
17
100
AcDbEntity
  8
0
 62
4
100
AcDbText
 10
470098.8800628797
 20
4349750.109540061
 30
0.0
 40
0.1333
  1
0.51
  7
CN_TTF
 11
470098.8800628797
 21
4349750.109540061
 31
0.0
100
AcDbText
  0
LWPOLYLINE
  5
194
330
17
100
AcDbEntity
  8
爆区方格网
 62
4
100
AcDbPolyline
 90
5
 70
1
 10
470099.535
 20
4349751.7
 10
470099.535
 20
4349750.7
 10
470098.6465039405
 20
4349750.7
 10
470099.30455998273
 20
4349751.7
 10
470099.535
 20
4349751.7
  0
TEXT
  5
195
330
17
100
AcDbEntity
  8
0
 62
4
100
AcDbText
 10
470099.09526598087
 20
4349751.13
 30
0.0
 40
0.1333
  1
0.51
  7
CN_TTF
 11
470099.09526598087
 21
4349751.13
 31
0.0
100
AcDbText
  0
LWPOLYLINE
  5
196
330
17
100
AcDbEntity
  8
爆区方格网
 62
4
100
AcDbPolyline
 90
6
 70
1
 10
470099.535
 20
4349749.7
 10
470100.535
 20
4349749.7
 10
470100.535
 20
4349748.7
 10
470100.3936071843
 20
4349748.7
 10
470099.535
 20
4349749.178947109
 10
470099.535
 20
4349749.7
  0
TEXT
  5
197
330
17
100
AcDbEntity
  8
0
 62
4
100
AcDbText
 10
470099.875
 20
4349749.369473554
 30
0.0
 40
0.1333
  1
0.51
  7
CN_TTF
 11
470099.875
 21
4349749.369473554
 31
0.0
100
AcDbText
  0
LWPOLYLINE
  5
198
330
17
100
AcDbEntity
  8
爆区方格网
 62
4
100
AcDbPolyline
 90
5
 70
1
 10
470099.535
 20
4349749.7
 10
470099.535
 20
4349750.7
 10
470100.535
 20
4349750.7
 10
470100.535
 20
4349749.7
 10
470099.535
 20
4349749.7
  0
TEXT
  5
199
330
17
100
AcDbEntity
  8
0
 62
4
100
AcDbText
 10
470099.875
 20
4349750.13
 30
0.0
 40
0.1333
  1
0.51
  7
CN_TTF
 11
470099.875
 21
4349750.13
 31
0.0
100
AcDbText
  0
LWPOLYLINE
  5
19A
330
17
100
AcDbEntity
  8
爆区方格网
 62
4
100
AcDbPolyline
 90
5
 70
1
 10
470099.535
 20
4349750.7
 10
470099.535
 20
4349751.7
 10
470100.535
 20
4349751.7
 10
470100.535
 20
4349750.7
 10
470099.535
 20
4349750.7
  0
TEXT
  5
19B
330
17
100
AcDbEntity
  8
0
 62
4
100
AcDbText
 10
470099.875
 20
4349751.13
 30
0.0
 40
0.1333
  1
0.51
  7
CN_TTF
 11
470099.875
 21
4349751.13
 31
0.0
100
AcDbText
  0
LWPOLYLINE
  5
19C
330
17
100
AcDbEntity
  8
爆区方格网
 62
4
100
AcDbPolyline
 90
6
 70
1
 10
470100.535
 20
4349752.7
 10
470100.535
 20
4349751.7
 10
470099.535
 20
4349751.7
 10
470099.535
 20
4349752.050182967
 10
470099.9626160249
 20
4349752.7
 10
470100.535
 20
4349752.7
  0
TEXT
  5
19D
330
17
100
AcDbEntity
  8
0
 62
4
100
AcDbText
 10
470099.9819040063
 20
4349752.3050914835
 30
0.0
 40
0.1333
  1
0.51
  7
CN_TTF
 11
470099.9819040063
 21
4349752.3050914835
 31
0.0
100
AcDbText
  0
LWPOLYLINE
  5
19E
330
17
100
AcDbEntity
  8
爆区方格网
 62
4
100
AcDbPolyline
 90
7
 70
1
 10
470101.535
 20
4349736.7
 10
470101.535
 20
4349735.853649655
 10
470100.7823425077
 20
4349736.092004815
 10
470100.7728534566
 20
4349736.168940009
 10
470100.771599096
 20
4349736.18594496
 10
470101.30253053224
 20
4349736.7
 10
470101.535
 20
4349736.7
  0
TEXT
  5
19F
330
17
100
AcDbEntity
  8
0
 62
4
100
AcDbText
 10
470101.1260324071
 20
4349736.37297248
 30
0.0
 40
0.1333
  1
0.87
  7
CN_TTF
 11
470101.1260324071
 21
4349736.37297248
 31
0.0
100
AcDbText
  0
LWPOLYLINE
  5
1A0
330
17
100
AcDbEntity
  8
爆区方格网
 62
4
100
AcDbPolyline
 90
6
 70
1
 10
470101.535
 20
4349743.7
 10
470101.535
 20
4349742.7
 10
470101.1937169922
 20
4349742.7
 10
470100.6208534512
 20
4349743.027404294
 10
470100.92906252854
 20
4349743.7
 10
470101.535
 20
4349743.7
  0
TEXT
  5
1A1
330
17
100
AcDbEntity
  8
0
 62
4
100
AcDbText
 10
470100.99497899495
 20
4349743.293702147
 30
0.0
 40
0.1333
  1
0.71
  7
CN_TTF
 11
470100.99497899495
 21
4349743.293702147
 31
0.0
100
AcDbText
  0
LWPOLYLINE
  5
1A2
330
17
100
AcDbEntity
  8
爆区方格网
 62
4
100
AcDbPolyline
 90
5
 70
1
 10
470100.535
 20
4349748.7
 10
470100.535
 20
4349749.7
 10
470101.535
 20
4349749.7
 10
470101.535
 20
4349748.7
 10
470100.535
 20
4349748.7
  0
TEXT
  5
1A3
330
17
100
AcDbEntity
  8
0
 62
4
100
AcDbText
 10
470100.875
 20
4349749.13
 30
0.0
 40
0.1333
  1
0.51
  7
CN_TTF
 11
470100.875
 21
4349749.13
 31
0.0
100
AcDbText
  0
LWPOLYLINE
  5
1A4
330
17
100
AcDbEntity
  8
爆区方格网
 62
4
100
AcDbPolyline
 90
5
 70
1
 10
470100.535
 20
4349749.7
 10
470100.535
 20
4349750.7
 10
470101.535
 20
4349750.7
 10
470101.535
 20
4349749.7
 10
470100.535
 20
4349749.7
  0
TEXT
  5
1A5
330
17
100
AcDbEntity
  8
0
 62
4
100
AcDbText
 10
470100.875
 20
4349750.13
 30
0.0
 40
0.1333
  1
0.51
  7
CN_TTF
 11
470100.875
 21
4349750.13
 31
0.0
100
AcDbText
  0
LWPOLYLINE
  5
1A6
330
17
100
AcDbEntity
  8
爆区方格网
 62
4
100
AcDbPolyline
 90
5
 70
1
 10
470100.535
 20
4349750.7
 10
470100.535
 20
4349751.7
 10
470101.535
 20
4349751.7
 10
470101.535
 20
4349750.7
 10
470100.535
 20
4349750.7
  0
TEXT
  5
1A7
330
17
100
AcDbEntity
  8
0
 62
4
100
AcDbText
 10
470100.875
 20
4349751.13
 30
0.0
 40
0.1333
  1
0.51
  7
CN_TTF
 11
470100.875
 21
4349751.13
 31
0.0
100
AcDbText
  0
LWPOLYLINE
  5
1A8
330
17
100
AcDbEntity
  8
爆区方格网
 62
4
100
AcDbPolyline
 90
5
 70
1
 10
470100.535
 20
4349751.7
 10
470100.535
 20
4349752.7
 10
470101.535
 20
4349752.7
 10
470101.535
 20
4349751.7
 10
470100.535
 20
4349751.7
  0
TEXT
  5
1A9
330
17
100
AcDbEntity
  8
0
 62
4
100
AcDbText
 10
470100.875
 20
4349752.13
 30
0.0
 40
0.1333
  1
0.51
  7
CN_TTF
 11
470100.875
 21
4349752.13
 31
0.0
100
AcDbText
  0
LWPOLYLINE
  5
1AA
330
17
100
AcDbEntity
  8
爆区方格网
 62
4
100
AcDbPolyline
 90
6
 70
1
 10
470101.535
 20
4349753.7
 10
470101.535
 20
4349752.7
 10
470100.535
 20
4349752.7
 10
470100.535
 20
4349753.569810378
 10
470100.6206720671
 20
4349753.7
 10
470101.535
 20
4349753.7
  0
TEXT
  5
1AB
330
17
100
AcDbEntity
  8
0
 62
4
100
AcDbText
 10
470100.875
 20
4349753.064905189
 30
0.0
 40
0.1333
  1
0.51
  7
CN_TTF
 11
470100.875
 21
4349753.064905189
 31
0.0
100
AcDbText
  0
LWPOLYLINE
  5
1AC
330
17
100
AcDbEntity
  8
爆区方格网
 62
4
100
AcDbPolyline
 90
6
 70
1
 10
470101.535
 20
4349736.7
 10
470102.535
 20
4349736.7
 10
470102.535
 20
4349735.7
 10
470102.0201817125
 20
4349735.7
 10
470101.535
 20
4349735.853649655
 10
470101.535
 20
4349736.7
  0
TEXT
  5
1AD
330
17
100
AcDbEntity
  8
0
 62
4
100
AcDbText
 10
470101.875
 20
4349736.206824828
 30
0.0
 40
0.1333
  1
0.87
  7
CN_TTF
 11
470101.875
 21
4349736.206824828
 31
0.0
100
AcDbText
  0
LWPOLYLINE
  5
1AE
330
17
100
AcDbEntity
  8
爆区方格网
 62
4
100
AcDbPolyline
 90
6
 70
1
 10
470102.535
 20
4349737.7
 10
470102.535
 20
4349736.7
 10
470101.535
 20
4349736.7
 10
470101.535
 20
4349736.925080102
 10
470102.33536047296
 20
4349737.7
 10
470102.535
 20
4349737.7
  0
TEXT
  5
1AF
330
17
100
AcDbEntity
  8
0
 62
4
100
AcDbText
 10
470102.07509011804
 20
4349737.24254005
 30
0.0
 40
0.1333
  1
0.87
  7
CN_TTF
 11
470102.07509011804
 21
4349737.24254005
 31
0.0
100
AcDbText
  0
LWPOLYLINE
  5
1B0
330
17
100
AcDbEntity
  8
爆区方格网
 62
4
100
AcDbPolyline
 90
5
 70
1
 10
470101.535
 20
4349742.7
 10
470101.535
 20
4349743.7
 10
470102.535
 20
4349743.7
 10
470102.535
 20
4349742.7
 10
470101.535
 20
4349742.7
  0
TEXT
  5
1B1
330
17
100
AcDbEntity
  8
0
 62
4
100
AcDbText
 10
470101.875
 20
4349743.13
 30
0.0
 40
0.1333
  1
0.71
  7
CN_TTF
 11
470101.875
 21
4349743.13
 31
0.0
100
AcDbText
  0
LWPOLYLINE
  5
1B2
330
17
100
AcDbEntity
  8
爆区方格网
 62
4
100
AcDbPolyline
 90
5
 70
1
 10
470101.535
 20
4349743.7
 10
470101.535
 20
4349744.7
 10
470102.535
 20
4349744.7
 10
470102.535
 20
4349743.7
 10
470101.535
 20
4349743.7
  0
TEXT
  5
1B3
330
17
100
AcDbEntity
  8
0
 62
4
100
AcDbText
 10
470101.875
 20
4349744.13
 30
0.0
 40
0.1333
  1
0.71
  7
CN_TTF
 11
470101.875
 21
4349744.13
 31
0.0
100
AcDbText
  0
LWPOLYLINE
  5
1B4
330
17
100
AcDbEntity
  8
爆区方格网
 62
4
100
AcDbPolyline
 90
6
 70
1
 10
470102.535
 20
4349745.7
 10
470102.535
 20
4349744.7
 10
470101.535
 20
4349744.7
 10
470101.535
 20
4349745.022319721
 10
470101.84553902305
 20
4349745.7
 10
470102.535
 20
4349745.7
  0
TEXT
  5
1B5
330
17
100
AcDbEntity
  8
0
 62
4
100
AcDbText
 10
470101.9526347559
 20
4349745.291159861
 30
0.0
 40
0.1333
  1
0.71
  7
CN_TTF
 11
470101.9526347559
 21
4349745.291159861
 31
0.0
100
AcDbText
  0
LWPOLYLINE
  5
1B6
330
17
100
AcDbEntity
  8
爆区方格网
 62
4
100
AcDbPolyline
 90
6
 70
1
 10
470101.535
 20
4349748.7
 10
470102.535
 20
4349748.7
 10
470102.535
 20
4349747.7
 10
470102.18630447524
 20
4349747.7
 10
470101.535
 20
4349748.06330979
 10
470101.535
 20
4349748.7
  0
TEXT
  5
1B7
330
17
100
AcDbEntity
  8
0
 62
4
100
AcDbText
 10
470101.875
 20
4349748.311654895
 30
0.0
 40
0.1333
  1
0.51
  7
CN_TTF
 11
470101.875
 21
4349748.311654895
 31
0.0
100
AcDbText
  0
LWPOLYLINE
  5
1B8
330
17
100
AcDbEntity
  8
爆区方格网
 62
4
100
AcDbPolyline
 90
5
 70
1
 10
470101.535
 20
4349748.7
 10
470101.535
 20
4349749.7
 10
470102.535
 20
4349749.7
 10
470102.535
 20
4349748.7
 10
470101.535
 20
4349748.7
  0
TEXT
  5
1B9
330
17
100
AcDbEntity
  8
0
 62
4
100
AcDbText
 10
470101.875
 20
4349749.13
 30
0.0
 40
0.1333
  1
0.51
  7
CN_TTF
 11
470101.875
 21
4349749.13
 31
0.0
100
AcDbText
  0
LWPOLYLINE
  5
1BA
330
17
100
AcDbEntity
  8
爆区方格网
 62
4
100
AcDbPolyline
 90
5
 70
1
 10
470101.535
 20
4349749.7
 10
470101.535
 20
4349750.7
 10
470102.535
 20
4349750.7
 10
470102.535
 20
4349749.7
 10
470101.535
 20
4349749.7
  0
TEXT
  5
1BB
330
17
100
AcDbEntity
  8
0
 62
4
100
AcDbText
 10
470101.875
 20
4349750.13
 30
0.0
 40
0.1333
  1
0.51
  7
CN_TTF
 11
470101.875
 21
4349750.13
 31
0.0
100
AcDbText
  0
LWPOLYLINE
  5
1BC
330
17
100
AcDbEntity
  8
爆区方格网
 62
4
100
AcDbPolyline
 90
5
 70
1
 10
470101.535
 20
4349750.7
 10
470101.535
 20
4349751.7
 10
470102.535
 20
4349751.7
 10
470102.535
 20
4349750.7
 10
470101.535
 20
4349750.7
  0
TEXT
  5
1BD
330
17
100
AcDbEntity
  8
0
 62
4
100
AcDbText
 10
470101.875
 20
4349751.13
 30
0.0
 40
0.1333
  1
0.51
  7
CN_TTF
 11
470101.875
 21
4349751.13
 31
0.0
100
AcDbText
  0
LWPOLYLINE
  5
1BE
330
17
100
AcDbEntity
  8
爆区方格网
 62
4
100
AcDbPolyline
 90
5
 70
1
 10
470101.535
 20
4349751.7
 10
470101.535
 20
4349752.7
 10
470102.535
 20
4349752.7
 10
470102.535
 20
4349751.7
 10
470101.535
 20
4349751.7
  0
TEXT
  5
1BF
330
17
100
AcDbEntity
  8
0
 62
4
100
AcDbText
 10
470101.875
 20
4349752.13
 30
0.0
 40
0.1333
  1
0.51
  7
CN_TTF
 11
470101.875
 21
4349752.13
 31
0.0
100
AcDbText
  0
LWPOLYLINE
  5
1C0
330
17
100
AcDbEntity
  8
爆区方格网
 62
4
100
AcDbPolyline
 90
5
 70
1
 10
470101.535
 20
4349752.7
 10
470101.535
 20
4349753.7
 10
470102.535
 20
4349753.7
 10
470102.535
 20
4349752.7
 10
470101.535
 20
4349752.7
  0
TEXT
  5
1C1
330
17
100
AcDbEntity
  8
0
 62
4
100
AcDbText
 10
470101.875
 20
4349753.13
 30
0.0
 40
0.1333
  1
0.51
  7
CN_TTF
 11
470101.875
 21
4349753.13
 31
0.0
100
AcDbText
  0
LWPOLYLINE
  5
1C2
330
17
100
AcDbEntity
  8
爆区方格网
 62
4
100
AcDbPolyline
 90
8
 70
1
 10
470102.535
 20
4349753.7
 10
470101.535
 20
4349753.7
 10
470101.535
 20
4349754.273586736
 10
470101.6449400089
 20
4349754.287146543
 10
470101.8162631399
 20
4349754.299784096
 10
470101.96842173685
 20
4349754.30351938
 10
470102.535
 20
4349753.9474816
 10
470102.535
 20
4349753.7
  0
TEXT
  5
1C3
330
17
100
AcDbEntity
  8
0
 62
4
100
AcDbText
 10
470101.7452637109
 20
4349754.040534168
 30
0.0
 40
0.1333
  1
0.51
  7
CN_TTF
 11
470101.7452637109
 21
4349754.040534168
 31
0.0
100
AcDbText
  0
LWPOLYLINE
  5
1C4
330
17
100
AcDbEntity
  8
爆区方格网
 62
4
100
AcDbPolyline
 90
5
 70
1
 10
470102.535
 20
4349735.7
 10
470102.535
 20
4349736.7
 10
470103.535
 20
4349736.7
 10
470103.535
 20
4349735.7
 10
470102.535
 20
4349735.7
  0
TEXT
  5
1C5
330
17
100
AcDbEntity
  8
0
 62
4
100
AcDbText
 10
470102.875
 20
4349736.13
 30
0.0
 40
0.1333
  1
0.87
  7
CN_TTF
 11
470102.875
 21
4349736.13
 31
0.0
100
AcDbText
  0
LWPOLYLINE
  5
1C6
330
17
100
AcDbEntity
  8
爆区方格网
 62
4
100
AcDbPolyline
 90
5
 70
1
 10
470102.535
 20
4349736.7
 10
470102.535
 20
4349737.7
 10
470103.535
 20
4349737.7
 10
470103.535
 20
4349736.7
 10
470102.535
 20
4349736.7
  0
TEXT
  5
1C7
330
17
100
AcDbEntity
  8
0
 62
4
100
AcDbText
 10
470102.875
 20
4349737.13
 30
0.0
 40
0.1333
  1
0.87
  7
CN_TTF
 11
470102.875
 21
4349737.13
 31
0.0
100
AcDbText
  0
LWPOLYLINE
  5
1C8
330
17
100
AcDbEntity
  8
爆区方格网
 62
4
100
AcDbPolyline
 90
6
 70
1
 10
470103.535
 20
4349738.7
 10
470103.535
 20
4349737.7
 10
470102.535
 20
4349737.7
 10
470102.535
 20
4349737.893293707
 10
470103.36819041363
 20
4349738.7
 10
470103.535
 20
4349738.7
  0
TEXT
  5
1C9
330
17
100
AcDbEntity
  8
0
 62
4
100
AcDbText
 10
470103.08329760365
 20
4349738.226646854
 30
0.0
 40
0.1333
  1
0.87
  7
CN_TTF
 11
470103.08329760365
 21
4349738.226646854
 31
0.0
100
AcDbText
  0
LWPOLYLINE
  5
1CA
330
17
100
AcDbEntity
  8
爆区方格网
 62
4
100
AcDbPolyline
 90
6
 70
1
 10
470102.535
 20
4349742.7
 10
470103.535
 20
4349742.7
 10
470103.535
 20
4349741.7
 10
470102.94342996547
 20
4349741.7
 10
470102.535
 20
4349741.933426837
 10
470102.535
 20
4349742.7
  0
TEXT
  5
1CB
330
17
100
AcDbEntity
  8
0
 62
4
100
AcDbText
 10
470102.875
 20
4349742.2467134185
 30
0.0
 40
0.1333
  1
0.71
  7
CN_TTF
 11
470102.875
 21
4349742.2467134185
 31
0.0
100
AcDbText
  0
LWPOLYLINE
  5
1CC
330
17
100
AcDbEntity
  8
爆区方格网
 62
4
100
AcDbPolyline
 90
5
 70
1
 10
470102.535
 20
4349742.7
 10
470102.535
 20
4349743.7
 10
470103.535
 20
4349743.7
 10
470103.535
 20
4349742.7
 10
470102.535
 20
4349742.7
  0
TEXT
  5
1CD
330
17
100
AcDbEntity
  8
0
 62
4
100
AcDbText
 10
470102.875
 20
4349743.13
 30
0.0
 40
0.1333
  1
0.71
  7
CN_TTF
 11
470102.875
 21
4349743.13
 31
0.0
100
AcDbText
  0
LWPOLYLINE
  5
1CE
330
17
100
AcDbEntity
  8
爆区方格网
 62
4
100
AcDbPolyline
 90
5
 70
1
 10
470102.535
 20
4349743.7
 10
470102.535
 20
4349744.7
 10
470103.535
 20
4349744.7
 10
470103.535
 20
4349743.7
 10
470102.535
 20
4349743.7
  0
TEXT
  5
1CF
330
17
100
AcDbEntity
  8
0
 62
4
100
AcDbText
 10
470102.875
 20
4349744.13
 30
0.0
 40
0.1333
  1
0.71
  7
CN_TTF
 11
470102.875
 21
4349744.13
 31
0.0
100
AcDbText
  0
LWPOLYLINE
  5
1D0
330
17
100
AcDbEntity
  8
爆区方格网
 62
4
100
AcDbPolyline
 90
5
 70
1
 10
470102.535
 20
4349744.7
 10
470102.535
 20
4349745.7
 10
470103.535
 20
4349745.7
 10
470103.535
 20
4349744.7
 10
470102.535
 20
4349744.7
  0
TEXT
  5
1D1
330
17
100
AcDbEntity
  8
0
 62
4
100
AcDbText
 10
470102.875
 20
4349745.13
 30
0.0
 40
0.1333
  1
0.71
  7
CN_TTF
 11
470102.875
 21
4349745.13
 31
0.0
100
AcDbText
  0
LWPOLYLINE
  5
1D2
330
17
100
AcDbEntity
  8
爆区方格网
 62
4
100
AcDbPolyline
 90
5
 70
1
 10
470102.535
 20
4349745.7
 10
470102.535
 20
4349746.7
 10
470103.535
 20
4349746.7
 10
470103.535
 20
4349745.7
 10
470102.535
 20
4349745.7
  0
TEXT
  5
1D3
330
17
100
AcDbEntity
  8
0
 62
4
100
AcDbText
 10
470102.875
 20
4349746.13
 30
0.0
 40
0.1333
  1
0.71
  7
CN_TTF
 11
470102.875
 21
4349746.13
 31
0.0
100
AcDbText
  0
LWPOLYLINE
  5
1D4
330
17
100
AcDbEntity
  8
爆区方格网
 62
4
100
AcDbPolyline
 90
6
 70
1
 10
470103.535
 20
4349746.7
 10
470102.535
 20
4349746.7
 10
470102.535
 20
4349747.204590638
 10
470102.64481410757
 20
4349747.444234772
 10
470103.535
 20
4349747.692712275
 10
470103.535
 20
4349746.7
  0
TEXT
  5
1D5
330
17
100
AcDbEntity
  8
0
 62
4
100
AcDbText
 10
470102.875
 20
4349746.882295319
 30
0.0
 40
0.1333
  1
0.71
  7
CN_TTF
 11
470102.875
 21
4349746.882295319
 31
0.0
100
AcDbText
  0
LWPOLYLINE
  5
1D6
330
17
100
AcDbEntity
  8
爆区方格网
 62
4
100
AcDbPolyline
 90
6
 70
1
 10
470102.535
 20
4349747.7
 10
470103.535
 20
4349747.7
 10
470103.535
 20
4349747.692712276
 10
470102.64481410757
 20
4349747.444234772
 10
470102.535
 20
4349747.50549113
 10
470102.535
 20
4349747.7
  0
TEXT
  5
1D7
330
17
100
AcDbEntity
  8
0
 62
4
100
AcDbText
 10
470102.7073171925
 20
4349747.529101703
 30
0.0
 40
0.1333
  1
0.51
  7
CN_TTF
 11
470102.7073171925
 21
4349747.529101703
 31
0.0
100
AcDbText
  0
LWPOLYLINE
  5
1D8
330
17
100
AcDbEntity
  8
爆区方格网
 62
4
100
AcDbPolyline
 90
5
 70
1
 10
470102.535
 20
4349747.7
 10
470102.535
 20
4349748.7
 10
470103.535
 20
4349748.7
 10
470103.535
 20
4349747.7
 10
470102.535
 20
4349747.7
  0
TEXT
  5
1D9
330
17
100
AcDbEntity
  8
0
 62
4
100
AcDbText
 10
470102.875
 20
4349748.13
 30
0.0
 40
0.1333
  1
0.51
  7
CN_TTF
 11
470102.875
 21
4349748.13
 31
0.0
100
AcDbText
  0
LWPOLYLINE
  5
1DA
330
17
100
AcDbEntity
  8
爆区方格网
 62
4
100
AcDbPolyline
 90
5
 70
1
 10
470102.535
 20
4349748.7
 10
470102.535
 20
4349749.7
 10
470103.535
 20
4349749.7
 10
470103.535
 20
4349748.7
 10
470102.535
 20
4349748.7
  0
TEXT
  5
1DB
330
17
100
AcDbEntity
  8
0
 62
4
100
AcDbText
 10
470102.875
 20
4349749.13
 30
0.0
 40
0.1333
  1
0.51
  7
CN_TTF
 11
470102.875
 21
4349749.13
 31
0.0
100
AcDbText
  0
LWPOLYLINE
  5
1DC
330
17
100
AcDbEntity
  8
爆区方格网
 62
4
100
AcDbPolyline
 90
5
 70
1
 10
470102.535
 20
4349749.7
 10
470102.535
 20
4349750.7
 10
470103.535
 20
4349750.7
 10
470103.535
 20
4349749.7
 10
470102.535
 20
4349749.7
  0
TEXT
  5
1DD
330
17
100
AcDbEntity
  8
0
 62
4
100
AcDbText
 10
470102.875
 20
4349750.13
 30
0.0
 40
0.1333
  1
0.51
  7
CN_TTF
 11
470102.875
 21
4349750.13
 31
0.0
100
AcDbText
  0
LWPOLYLINE
  5
1DE
330
17
100
AcDbEntity
  8
爆区方格网
 62
4
100
AcDbPolyline
 90
5
 70
1
 10
470102.535
 20
4349750.7
 10
470102.535
 20
4349751.7
 10
470103.535
 20
4349751.7
 10
470103.535
 20
4349750.7
 10
470102.535
 20
4349750.7
  0
TEXT
  5
1DF
330
17
100
AcDbEntity
  8
0
 62
4
100
AcDbText
 10
470102.875
 20
4349751.13
 30
0.0
 40
0.1333
  1
0.51
  7
CN_TTF
 11
470102.875
 21
4349751.13
 31
0.0
100
AcDbText
  0
LWPOLYLINE
  5
1E0
330
17
100
AcDbEntity
  8
爆区方格网
 62
4
100
AcDbPolyline
 90
5
 70
1
 10
470102.535
 20
4349751.7
 10
470102.535
 20
4349752.7
 10
470103.535
 20
4349752.7
 10
470103.535
 20
4349751.7
 10
470102.535
 20
4349751.7
  0
TEXT
  5
1E1
330
17
100
AcDbEntity
  8
0
 62
4
100
AcDbText
 10
470102.875
 20
4349752.13
 30
0.0
 40
0.1333
  1
0.51
  7
CN_TTF
 11
470102.875
 21
4349752.13
 31
0.0
100
AcDbText
  0
LWPOLYLINE
  5
1E2
330
17
100
AcDbEntity
  8
爆区方格网
 62
4
100
AcDbPolyline
 90
6
 70
1
 10
470103.535
 20
4349752.7
 10
470102.535
 20
4349752.7
 10
470102.535
 20
4349753.7
 10
470102.9288281338
 20
4349753.7
 10
470103.535
 20
4349753.319081599
 10
470103.535
 20
4349752.7
  0
TEXT
  5
1E3
330
17
100
AcDbEntity
  8
0
 62
4
100
AcDbText
 10
470102.875
 20
4349752.9395408
 30
0.0
 40
0.1333
  1
0.51
  7
CN_TTF
 11
470102.875
 21
4349752.9395408
 31
0.0
100
AcDbText
  0
LWPOLYLINE
  5
1E4
330
17
100
AcDbEntity
  8
爆区方格网
 62
4
100
AcDbPolyline
 90
5
 70
1
 10
470103.535
 20
4349735.7
 10
470104.535
 20
4349735.7
 10
470104.535
 20
4349734.903595367
 10
470103.535
 20
4349735.22028013
 10
470103.535
 20
4349735.7
  0
TEXT
  5
1E5
330
17
100
AcDbEntity
  8
0
 62
4
100
AcDbText
 10
470103.875
 20
4349735.390140065
 30
0.0
 40
0.1333
  1
0.87
  7
CN_TTF
 11
470103.875
 21
4349735.390140065
 31
0.0
100
AcDbText
  0
LWPOLYLINE
  5
1E6
330
17
100
AcDbEntity
  8
爆区方格网
 62
4
100
AcDbPolyline
 90
5
 70
1
 10
470103.535
 20
4349735.7
 10
470103.535
 20
4349736.7
 10
470104.535
 20
4349736.7
 10
470104.535
 20
4349735.7
 10
470103.535
 20
4349735.7
  0
TEXT
  5
1E7
330
17
100
AcDbEntity
  8
0
 62
4
100
AcDbText
 10
470103.875
 20
4349736.13
 30
0.0
 40
0.1333
  1
0.87
  7
CN_TTF
 11
470103.875
 21
4349736.13
 31
0.0
100
AcDbText
  0
LWPOLYLINE
  5
1E8
330
17
100
AcDbEntity
  8
爆区方格网
 62
4
100
AcDbPolyline
 90
5
 70
1
 10
470103.535
 20
4349736.7
 10
470103.535
 20
4349737.7
 10
470104.535
 20
4349737.7
 10
470104.535
 20
4349736.7
 10
470103.535
 20
4349736.7
  0
TEXT
  5
1E9
330
17
100
AcDbEntity
  8
0
 62
4
100
AcDbText
 10
470103.875
 20
4349737.13
 30
0.0
 40
0.1333
  1
0.87
  7
CN_TTF
 11
470103.875
 21
4349737.13
 31
0.0
100
AcDbText
  0
LWPOLYLINE
  5
1EA
330
17
100
AcDbEntity
  8
爆区方格网
 62
4
100
AcDbPolyline
 90
5
 70
1
 10
470103.535
 20
4349737.7
 10
470103.535
 20
4349738.7
 10
470104.535
 20
4349738.7
 10
470104.535
 20
4349737.7
 10
470103.535
 20
4349737.7
  0
TEXT
  5
1EB
330
17
100
AcDbEntity
  8
0
 62
4
100
AcDbText
 10
470103.875
 20
4349738.13
 30
0.0
 40
0.1333
  1
0.87
  7
CN_TTF
 11
470103.875
 21
4349738.13
 31
0.0
100
AcDbText
  0
LWPOLYLINE
  5
1EC
330
17
100
AcDbEntity
  8
爆区方格网
 62
4
100
AcDbPolyline
 90
6
 70
1
 10
470104.535
 20
4349739.7
 10
470104.535
 20
4349738.7
 10
470103.535
 20
4349738.7
 10
470103.535
 20
4349738.861507311
 10
470104.40102035436
 20
4349739.7
 10
470104.535
 20
4349739.7
  0
TEXT
  5
1ED
330
17
100
AcDbEntity
  8
0
 62
4
100
AcDbText
 10
470104.0915050883
 20
4349739.210753655
 30
0.0
 40
0.1333
  1
0.87
  7
CN_TTF
 11
470104.0915050883
 21
4349739.210753655
 31
0.0
100
AcDbText
  0
LWPOLYLINE
  5
1EE
330
17
100
AcDbEntity
  8
爆区方格网
 62
4
100
AcDbPolyline
 90
6
 70
1
 10
470103.535
 20
4349741.7
 10
470104.535
 20
4349741.7
 10
470104.535
 20
4349740.803804976
 10
470104.5181389289
 20
4349740.800018696
 10
470103.535
 20
4349741.361904528
 10
470103.535
 20
4349741.7
  0
TEXT
  5
1EF
330
17
100
AcDbEntity
  8
0
 62
4
100
AcDbText
 10
470104.1191285069
 20
4349741.012854751
 30
0.0
 40
0.1333
  1
0.71
  7
CN_TTF
 11
470104.1191285069
 21
4349741.012854751
 31
0.0
100
AcDbText
  0
LWPOLYLINE
  5
1F0
330
17
100
AcDbEntity
  8
爆区方格网
 62
4
100
AcDbPolyline
 90
5
 70
1
 10
470103.535
 20
4349741.7
 10
470103.535
 20
4349742.7
 10
470104.535
 20
4349742.7
 10
470104.535
 20
4349741.7
 10
470103.535
 20
4349741.7
  0
TEXT
  5
1F1
330
17
100
AcDbEntity
  8
0
 62
4
100
AcDbText
 10
470103.875
 20
4349742.13
 30
0.0
 40
0.1333
  1
0.71
  7
CN_TTF
 11
470103.875
 21
4349742.13
 31
0.0
100
AcDbText
  0
LWPOLYLINE
  5
1F2
330
17
100
AcDbEntity
  8
爆区方格网
 62
4
100
AcDbPolyline
 90
5
 70
1
 10
470103.535
 20
4349742.7
 10
470103.535
 20
4349743.7
 10
470104.535
 20
4349743.7
 10
470104.535
 20
4349742.7
 10
470103.535
 20
4349742.7
  0
TEXT
  5
1F3
330
17
100
AcDbEntity
  8
0
 62
4
100
AcDbText
 10
470103.875
 20
4349743.13
 30
0.0
 40
0.1333
  1
0.71
  7
CN_TTF
 11
470103.875
 21
4349743.13
 31
0.0
100
AcDbText
  0
LWPOLYLINE
  5
1F4
330
17
100
AcDbEntity
  8
爆区方格网
 62
4
100
AcDbPolyline
 90
5
 70
1
 10
470103.535
 20
4349743.7
 10
470103.535
 20
4349744.7
 10
470104.535
 20
4349744.7
 10
470104.535
 20
4349743.7
 10
470103.535
 20
4349743.7
  0
TEXT
  5
1F5
330
17
100
AcDbEntity
  8
0
 62
4
100
AcDbText
 10
470103.875
 20
4349744.13
 30
0.0
 40
0.1333
  1
0.71
  7
CN_TTF
 11
470103.875
 21
4349744.13
 31
0.0
100
AcDbText
  0
LWPOLYLINE
  5
1F6
330
17
100
AcDbEntity
  8
爆区方格网
 62
4
100
AcDbPolyline
 90
5
 70
1
 10
470103.535
 20
4349744.7
 10
470103.535
 20
4349745.7
 10
470104.535
 20
4349745.7
 10
470104.535
 20
4349744.7
 10
470103.535
 20
4349744.7
  0
TEXT
  5
1F7
330
17
100
AcDbEntity
  8
0
 62
4
100
AcDbText
 10
470103.875
 20
4349745.13
 30
0.0
 40
0.1333
  1
0.71
  7
CN_TTF
 11
470103.875
 21
4349745.13
 31
0.0
100
AcDbText
  0
LWPOLYLINE
  5
1F8
330
17
100
AcDbEntity
  8
爆区方格网
 62
4
100
AcDbPolyline
 90
5
 70
1
 10
470103.535
 20
4349745.7
 10
470103.535
 20
4349746.7
 10
470104.535
 20
4349746.7
 10
470104.535
 20
4349745.7
 10
470103.535
 20
4349745.7
  0
TEXT
  5
1F9
330
17
100
AcDbEntity
  8
0
 62
4
100
AcDbText
 10
470103.875
 20
4349746.13
 30
0.0
 40
0.1333
  1
0.71
  7
CN_TTF
 11
470103.875
 21
4349746.13
 31
0.0
100
AcDbText
  0
LWPOLYLINE
  5
1FA
330
17
100
AcDbEntity
  8
爆区方格网
 62
4
100
AcDbPolyline
 90
7
 70
1
 10
470104.535
 20
4349746.7
 10
470103.535
 20
4349746.7
 10
470103.535
 20
4349747.692712275
 10
470103.56110872014
 20
4349747.7
 10
470104.0513006281
 20
4349747.7
 10
470104.535
 20
4349747.477932431
 10
470104.535
 20
4349746.7
  0
TEXT
  5
1FB
330
17
100
AcDbEntity
  8
0
 62
4
100
AcDbText
 10
470103.875
 20
4349747.018966215
 30
0.0
 40
0.1333
  1
0.71
  7
CN_TTF
 11
470103.875
 21
4349747.018966215
 31
0.0
100
AcDbText
  0
LWPOLYLINE
  5
1FC
330
17
100
AcDbEntity
  8
爆区方格网
 62
4
100
AcDbPolyline
 90
4
 70
1
 10
470104.535
 20
4349747.7
 10
470104.535
 20
4349747.477932431
 10
470104.0513006284
 20
4349747.7
 10
470104.535
 20
4349747.7
  0
TEXT
  5
1FD
330
17
100
AcDbEntity
  8
0
 62
4
100
AcDbText
 10
470104.25407515763
 20
4349747.518966215
 30
0.0
 40
0.1333
  1
0.82
  7
CN_TTF
 11
470104.25407515763
 21
4349747.518966215
 31
0.0
100
AcDbText
  0
LWPOLYLINE
  5
1FE
330
17
100
AcDbEntity
  8
爆区方格网
 62
4
100
AcDbPolyline
 90
4
 70
1
 10
470103.535
 20
4349747.7
 10
470103.5611087193
 20
4349747.7
 10
470103.535
 20
4349747.692712276
 10
470103.535
 20
4349747.7
  0
TEXT
  5
1FF
330
17
100
AcDbEntity
  8
0
 62
4
100
AcDbText
 10
470103.38152717985
 20
4349747.626356138
 30
0.0
 40
0.1333
  1
0.51
  7
CN_TTF
 11
470103.38152717985
 21
4349747.626356138
 31
0.0
100
AcDbText
  0
LWPOLYLINE
  5
200
330
17
100
AcDbEntity
  8
爆区方格网
 62
4
100
AcDbPolyline
 90
8
 70
1
 10
470104.535
 20
4349748.7
 10
470104.535
 20
4349747.7
 10
470104.0513006284
 20
4349747.7
 10
470103.9977610767
 20
4349747.72458014
 10
470103.9406710612
 20
4349747.784543658
 10
470103.87677614443
 20
4349747.858615623
 10
470104.00059623865
 20
4349748.7
 10
470104.535
 20
4349748.7
  0
TEXT
  5
201
330
17
100
AcDbEntity
  8
0
 62
4
100
AcDbText
 10
470104.07684309577
 20
4349748.209307811
 30
0.0
 40
0.1333
  1
0.82
  7
CN_TTF
 11
470104.07684309577
 21
4349748.209307811
 31
0.0
100
AcDbText
  0
LWPOLYLINE
  5
202
330
17
100
AcDbEntity
  8
爆区方格网
 62
4
100
AcDbPolyline
 90
9
 70
1
 10
470103.535
 20
4349747.7
 10
470103.535
 20
4349748.7
 10
470104.0005962386
 20
4349748.7
 10
470103.8767691078
 20
4349747.858567808
 10
470103.78735960467
 20
4349747.801949864
 10
470103.65235105343
 20
4349747.725468464
 10
470103.6523510531
 20
4349747.725468464
 10
470103.5611087193
 20
4349747.7
 10
470103.535
 20
4349747.7
  0
TEXT
  5
203
330
17
100
AcDbEntity
  8
0
 62
4
100
AcDbText
 10
470103.5768413366
 20
4349748.209283903
 30
0.0
 40
0.1333
  1
0.51
  7
CN_TTF
 11
470103.5768413366
 21
4349748.209283903
 31
0.0
100
AcDbText
  0
LWPOLYLINE
  5
204
330
17
100
AcDbEntity
  8
爆区方格网
 62
4
100
AcDbPolyline
 90
8
 70
1
 10
470103.56110872014
 20
4349747.7
 10
470103.6536957684
 20
4349747.725843814
 10
470103.823
 20
4349747.73
 10
470103.9947368601
 20
4349747.725784097
 10
470103.9952155765
 20
4349747.725748785
 10
470103.99521557713
 20
4349747.725748785
 10
470104.0513006281
 20
4349747.7
 10
470103.56110872014
 20
4349747.7
  0
TEXT
  5
205
330
17
100
AcDbEntity
  8
0
 62
4
100
AcDbText
 10
470103.655245061
 20
4349747.642874392
 30
0.0
 40
0.1333
  1
0.71
  7
CN_TTF
 11
470103.655245061
 21
4349747.642874392
 31
0.0
100
AcDbText
  0
LWPOLYLINE
  5
206
330
17
100
AcDbEntity
  8
爆区方格网
 62
4
100
AcDbPolyline
 90
5
 70
1
 10
470104.535
 20
4349749.7
 10
470104.535
 20
4349748.7
 10
470104.00059623865
 20
4349748.7
 10
470104.1477585791
 20
4349749.7
 10
470104.535
 20
4349749.7
  0
TEXT
  5
207
330
17
100
AcDbEntity
  8
0
 62
4
100
AcDbText
 10
470104.14458870445
 20
4349749.13
 30
0.0
 40
0.1333
  1
0.82
  7
CN_TTF
 11
470104.14458870445
 21
4349749.13
 31
0.0
100
AcDbText
  0
LWPOLYLINE
  5
208
330
17
100
AcDbEntity
  8
爆区方格网
 62
4
100
AcDbPolyline
 90
5
 70
1
 10
470103.535
 20
4349748.7
 10
470103.535
 20
4349749.7
 10
470104.1477585791
 20
4349749.7
 10
470104.0005962386
 20
4349748.7
 10
470103.535
 20
4349748.7
  0
TEXT
  5
209
330
17
100
AcDbEntity
  8
0
 62
4
100
AcDbText
 10
470103.6445887044
 20
4349749.13
 30
0.0
 40
0.1333
  1
0.51
  7
CN_TTF
 11
470103.6445887044
 21
4349749.13
 31
0.0
100
AcDbText
  0
LWPOLYLINE
  5
20A
330
17
100
AcDbEntity
  8
爆区方格网
 62
4
100
AcDbPolyline
 90
7
 70
1
 10
470104.535
 20
4349750.7
 10
470104.535
 20
4349749.7
 10
470104.1477585791
 20
4349749.7
 10
470103.535
 20
4349749.7
 10
470103.535
 20
4349750.7
 10
470104.2949209196
 20
4349750.7
 10
470104.535
 20
4349750.7
  0
TEXT
  5
20B
330
17
100
AcDbEntity
  8
0
 62
4
100
AcDbText
 10
470103.875
 20
4349750.13
 30
0.0
 40
0.1333
  1
0.51
  7
CN_TTF
 11
470103.875
 21
4349750.13
 31
0.0
100
AcDbText
  0
LWPOLYLINE
  5
20C
330
17
100
AcDbEntity
  8
爆区方格网
 62
4
100
AcDbPolyline
 90
7
 70
1
 10
470104.535
 20
4349751.7
 10
470104.535
 20
4349750.7
 10
470104.2949209196
 20
4349750.7
 10
470103.535
 20
4349750.7
 10
470103.535
 20
4349751.7
 10
470104.4420832601
 20
4349751.7
 10
470104.535
 20
4349751.7
  0
TEXT
  5
20D
330
17
100
AcDbEntity
  8
0
 62
4
100
AcDbText
 10
470103.875
 20
4349751.13
 30
0.0
 40
0.1333
  1
0.51
  7
CN_TTF
 11
470103.875
 21
4349751.13
 31
0.0
100
AcDbText
  0
LWPOLYLINE
  5
20E
330
17
100
AcDbEntity
  8
爆区方格网
 62
4
100
AcDbPolyline
 90
8
 70
1
 10
470104.535
 20
4349751.7
 10
470104.4420832601
 20
4349751.7
 10
470103.535
 20
4349751.7
 10
470103.535
 20
4349752.7
 10
470104.5201712267
 20
4349752.7
 10
470104.535
 20
4349752.690681599
 10
470104.535
 20
4349752.331389387
 10
470104.535
 20
4349751.7
  0
TEXT
  5
20F
330
17
100
AcDbEntity
  8
0
 62
4
100
AcDbText
 10
470103.875
 20
4349751.945694693
 30
0.0
 40
0.1333
  1
0.51
  7
CN_TTF
 11
470103.875
 21
4349751.945694693
 31
0.0
100
AcDbText
  0
LWPOLYLINE
  5
210
330
17
100
AcDbEntity
  8
爆区方格网
 62
4
100
AcDbPolyline
 90
6
 70
1
 10
470104.535
 20
4349735.7
 10
470105.535
 20
4349735.7
 10
470105.535
 20
4349734.7
 10
470105.17789599986
 20
4349734.7
 10
470104.535
 20
4349734.903595367
 10
470104.535
 20
4349735.7
  0
TEXT
  5
211
330
17
100
AcDbEntity
  8
0
 62
4
100
AcDbText
 10
470104.875
 20
4349735.231797684
 30
0.0
 40
0.1333
  1
0.87
  7
CN_TTF
 11
470104.875
 21
4349735.231797684
 31
0.0
100
AcDbText
  0
LWPOLYLINE
  5
212
330
17
100
AcDbEntity
  8
爆区方格网
 62
4
100
AcDbPolyline
 90
5
 70
1
 10
470104.535
 20
4349735.7
 10
470104.535
 20
4349736.7
 10
470105.535
 20
4349736.7
 10
470105.535
 20
4349735.7
 10
470104.535
 20
4349735.7
  0
TEXT
  5
213
330
17
100
AcDbEntity
  8
0
 62
4
100
AcDbText
 10
470104.875
 20
4349736.13
 30
0.0
 40
0.1333
  1
0.87
  7
CN_TTF
 11
470104.875
 21
4349736.13
 31
0.0
100
AcDbText
  0
LWPOLYLINE
  5
214
330
17
100
AcDbEntity
  8
爆区方格网
 62
4
100
AcDbPolyline
 90
5
 70
1
 10
470104.535
 20
4349736.7
 10
470104.535
 20
4349737.7
 10
470105.535
 20
4349737.7
 10
470105.535
 20
4349736.7
 10
470104.535
 20
4349736.7
  0
TEXT
  5
215
330
17
100
AcDbEntity
  8
0
 62
4
100
AcDbText
 10
470104.875
 20
4349737.13
 30
0.0
 40
0.1333
  1
0.87
  7
CN_TTF
 11
470104.875
 21
4349737.13
 31
0.0
100
AcDbText
  0
LWPOLYLINE
  5
216
330
17
100
AcDbEntity
  8
爆区方格网
 62
4
100
AcDbPolyline
 90
5
 70
1
 10
470104.535
 20
4349737.7
 10
470104.535
 20
4349738.7
 10
470105.535
 20
4349738.7
 10
470105.535
 20
4349737.7
 10
470104.535
 20
4349737.7
  0
TEXT
  5
217
330
17
100
AcDbEntity
  8
0
 62
4
100
AcDbText
 10
470104.875
 20
4349738.13
 30
0.0
 40
0.1333
  1
0.87
  7
CN_TTF
 11
470104.875
 21
4349738.13
 31
0.0
100
AcDbText
  0
LWPOLYLINE
  5
218
330
17
100
AcDbEntity
  8
爆区方格网
 62
4
100
AcDbPolyline
 90
5
 70
1
 10
470104.535
 20
4349738.7
 10
470104.535
 20
4349739.7
 10
470105.535
 20
4349739.7
 10
470105.535
 20
4349738.7
 10
470104.535
 20
4349738.7
  0
TEXT
  5
219
330
17
100
AcDbEntity
  8
0
 62
4
100
AcDbText
 10
470104.875
 20
4349739.13
 30
0.0
 40
0.1333
  1
0.87
  7
CN_TTF
 11
470104.875
 21
4349739.13
 31
0.0
100
AcDbText
  0
LWPOLYLINE
  5
21A
330
17
100
AcDbEntity
  8
爆区方格网
 62
4
100
AcDbPolyline
 90
11
 70
1
 10
470104.535
 20
4349741.7
 10
470105.535
 20
4349741.7
 10
470105.535
 20
4349741.17846126
 10
470105.4728885789
 20
4349741.143275575
 10
470105.31944282696
 20
4349741.066037474
 10
470105.16239201324
 20
4349740.996421637
 10
470105.0021144868
 20
4349740.934595772
 10
470104.8389963704
 20
4349740.880708826
 10
470104.67343062966
 20
4349740.834890614
 10
470104.535
 20
4349740.803804976
 10
470104.535
 20
4349741.7
  0
TEXT
  5
21B
330
17
100
AcDbEntity
  8
0
 62
4
100
AcDbText
 10
470104.875
 20
4349741.36923063
 30
0.0
 40
0.1333
  1
0.71
  7
CN_TTF
 11
470104.875
 21
4349741.36923063
 31
0.0
100
AcDbText
  0
LWPOLYLINE
  5
21C
330
17
100
AcDbEntity
  8
爆区方格网
 62
4
100
AcDbPolyline
 90
5
 70
1
 10
470104.535
 20
4349741.7
 10
470104.535
 20
4349742.7
 10
470105.535
 20
4349742.7
 10
470105.535
 20
4349741.7
 10
470104.535
 20
4349741.7
  0
TEXT
  5
21D
330
17
100
AcDbEntity
  8
0
 62
4
100
AcDbText
 10
470104.875
 20
4349742.13
 30
0.0
 40
0.1333
  1
0.71
  7
CN_TTF
 11
470104.875
 21
4349742.13
 31
0.0
100
AcDbText
  0
LWPOLYLINE
  5
21E
330
17
100
AcDbEntity
  8
爆区方格网
 62
4
100
AcDbPolyline
 90
5
 70
1
 10
470104.535
 20
4349742.7
 10
470104.535
 20
4349743.7
 10
470105.535
 20
4349743.7
 10
470105.535
 20
4349742.7
 10
470104.535
 20
4349742.7
  0
TEXT
  5
21F
330
17
100
AcDbEntity
  8
0
 62
4
100
AcDbText
 10
470104.875
 20
4349743.13
 30
0.0
 40
0.1333
  1
0.71
  7
CN_TTF
 11
470104.875
 21
4349743.13
 31
0.0
100
AcDbText
  0
LWPOLYLINE
  5
220
330
17
100
AcDbEntity
  8
爆区方格网
 62
4
100
AcDbPolyline
 90
5
 70
1
 10
470104.535
 20
4349743.7
 10
470104.535
 20
4349744.7
 10
470105.535
 20
4349744.7
 10
470105.535
 20
4349743.7
 10
470104.535
 20
4349743.7
  0
TEXT
  5
221
330
17
100
AcDbEntity
  8
0
 62
4
100
AcDbText
 10
470104.875
 20
4349744.13
 30
0.0
 40
0.1333
  1
0.71
  7
CN_TTF
 11
470104.875
 21
4349744.13
 31
0.0
100
AcDbText
  0
LWPOLYLINE
  5
222
330
17
100
AcDbEntity
  8
爆区方格网
 62
4
100
AcDbPolyline
 90
5
 70
1
 10
470104.535
 20
4349744.7
 10
470104.535
 20
4349745.7
 10
470105.535
 20
4349745.7
 10
470105.535
 20
4349744.7
 10
470104.535
 20
4349744.7
  0
TEXT
  5
223
330
17
100
AcDbEntity
  8
0
 62
4
100
AcDbText
 10
470104.875
 20
4349745.13
 30
0.0
 40
0.1333
  1
0.71
  7
CN_TTF
 11
470104.875
 21
4349745.13
 31
0.0
100
AcDbText
  0
LWPOLYLINE
  5
224
330
17
100
AcDbEntity
  8
爆区方格网
 62
4
100
AcDbPolyline
 90
5
 70
1
 10
470104.535
 20
4349745.7
 10
470104.535
 20
4349746.7
 10
470105.535
 20
4349746.7
 10
470105.535
 20
4349745.7
 10
470104.535
 20
4349745.7
  0
TEXT
  5
225
330
17
100
AcDbEntity
  8
0
 62
4
100
AcDbText
 10
470104.875
 20
4349746.13
 30
0.0
 40
0.1333
  1
0.71
  7
CN_TTF
 11
470104.875
 21
4349746.13
 31
0.0
100
AcDbText
  0
LWPOLYLINE
  5
226
330
17
100
AcDbEntity
  8
爆区方格网
 62
4
100
AcDbPolyline
 90
6
 70
1
 10
470105.535
 20
4349746.7
 10
470104.535
 20
4349746.7
 10
470104.535
 20
4349747.477932431
 10
470104.9108225735
 20
4349747.305391364
 10
470105.535
 20
4349747.018829974
 10
470105.535
 20
4349746.7
  0
TEXT
  5
227
330
17
100
AcDbEntity
  8
0
 62
4
100
AcDbText
 10
470104.7189556429
 20
4349747.092110669
 30
0.0
 40
0.1333
  1
0.71
  7
CN_TTF
 11
470104.7189556429
 21
4349747.092110669
 31
0.0
100
AcDbText
  0
LWPOLYLINE
  5
228
330
17
100
AcDbEntity
  8
爆区方格网
 62
4
100
AcDbPolyline
 90
6
 70
1
 10
470104.535
 20
4349747.7
 10
470105.535
 20
4349747.7
 10
470105.535
 20
4349747.018829975
 10
470105.33144107903
 20
4349747.112284375
 10
470104.535
 20
4349747.477932431
 10
470104.535
 20
4349747.7
  0
TEXT
  5
229
330
17
100
AcDbEntity
  8
0
 62
4
100
AcDbText
 10
470105.0741102697
 20
4349747.225108403
 30
0.0
 40
0.1333
  1
0.82
  7
CN_TTF
 11
470105.0741102697
 21
4349747.225108403
 31
0.0
100
AcDbText
  0
LWPOLYLINE
  5
22A
330
17
100
AcDbEntity
  8
爆区方格网
 62
4
100
AcDbPolyline
 90
5
 70
1
 10
470104.535
 20
4349747.7
 10
470104.535
 20
4349748.7
 10
470105.535
 20
4349748.7
 10
470105.535
 20
4349747.7
 10
470104.535
 20
4349747.7
  0
TEXT
  5
22B
330
17
100
AcDbEntity
  8
0
 62
4
100
AcDbText
 10
470104.875
 20
4349748.13
 30
0.0
 40
0.1333
  1
0.82
  7
CN_TTF
 11
470104.875
 21
4349748.13
 31
0.0
100
AcDbText
  0
LWPOLYLINE
  5
22C
330
17
100
AcDbEntity
  8
爆区方格网
 62
4
100
AcDbPolyline
 90
5
 70
1
 10
470104.535
 20
4349748.7
 10
470104.535
 20
4349749.7
 10
470105.535
 20
4349749.7
 10
470105.535
 20
4349748.7
 10
470104.535
 20
4349748.7
  0
TEXT
  5
22D
330
17
100
AcDbEntity
  8
0
 62
4
100
AcDbText
 10
470104.875
 20
4349749.13
 30
0.0
 40
0.1333
  1
0.82
  7
CN_TTF
 11
470104.875
 21
4349749.13
 31
0.0
100
AcDbText
  0
LWPOLYLINE
  5
22E
330
17
100
AcDbEntity
  8
爆区方格网
 62
4
100
AcDbPolyline
 90
5
 70
1
 10
470104.535
 20
4349749.7
 10
470104.535
 20
4349750.7
 10
470105.535
 20
4349750.7
 10
470105.535
 20
4349749.7
 10
470104.535
 20
4349749.7
  0
TEXT
  5
22F
330
17
100
AcDbEntity
  8
0
 62
4
100
AcDbText
 10
470104.875
 20
4349750.13
 30
0.0
 40
0.1333
  1
0.82
  7
CN_TTF
 11
470104.875
 21
4349750.13
 31
0.0
100
AcDbText
  0
LWPOLYLINE
  5
230
330
17
100
AcDbEntity
  8
爆区方格网
 62
4
100
AcDbPolyline
 90
5
 70
1
 10
470104.535
 20
4349750.7
 10
470104.535
 20
4349751.7
 10
470105.535
 20
4349751.7
 10
470105.535
 20
4349750.7
 10
470104.535
 20
4349750.7
  0
TEXT
  5
231
330
17
100
AcDbEntity
  8
0
 62
4
100
AcDbText
 10
470104.875
 20
4349751.13
 30
0.0
 40
0.1333
  1
0.82
  7
CN_TTF
 11
470104.875
 21
4349751.13
 31
0.0
100
AcDbText
  0
LWPOLYLINE
  5
232
330
17
100
AcDbEntity
  8
爆区方格网
 62
4
100
AcDbPolyline
 90
9
 70
1
 10
470105.535
 20
4349752.7
 10
470105.535
 20
4349751.7
 10
470104.535
 20
4349751.7
 10
470104.535
 20
4349752.331389387
 10
470104.535
 20
4349752.690681599
 10
470104.5833985399
 20
4349752.660267957
 10
470104.58339854004
 20
4349752.660267957
 10
470104.74382657063
 20
4349752.7
 10
470105.535
 20
4349752.7
  0
TEXT
  5
233
330
17
100
AcDbEntity
  8
0
 62
4
100
AcDbText
 10
470104.875
 20
4349751.945694693
 30
0.0
 40
0.1333
  1
0.82
  7
CN_TTF
 11
470104.875
 21
4349751.945694693
 31
0.0
100
AcDbText
  0
LWPOLYLINE
  5
234
330
17
100
AcDbEntity
  8
爆区方格网
 62
4
100
AcDbPolyline
 90
5
 70
1
 10
470105.535
 20
4349734.7
 10
470105.535
 20
4349735.7
 10
470106.535
 20
4349735.7
 10
470106.535
 20
4349734.7
 10
470105.535
 20
4349734.7
  0
TEXT
  5
235
330
17
100
AcDbEntity
  8
0
 62
4
100
AcDbText
 10
470105.875
 20
4349735.13
 30
0.0
 40
0.1333
  1
0.87
  7
CN_TTF
 11
470105.875
 21
4349735.13
 31
0.0
100
AcDbText
  0
LWPOLYLINE
  5
236
330
17
100
AcDbEntity
  8
爆区方格网
 62
4
100
AcDbPolyline
 90
5
 70
1
 10
470105.535
 20
4349735.7
 10
470105.535
 20
4349736.7
 10
470106.535
 20
4349736.7
 10
470106.535
 20
4349735.7
 10
470105.535
 20
4349735.7
  0
TEXT
  5
237
330
17
100
AcDbEntity
  8
0
 62
4
100
AcDbText
 10
470105.875
 20
4349736.13
 30
0.0
 40
0.1333
  1
0.87
  7
CN_TTF
 11
470105.875
 21
4349736.13
 31
0.0
100
AcDbText
  0
LWPOLYLINE
  5
238
330
17
100
AcDbEntity
  8
爆区方格网
 62
4
100
AcDbPolyline
 90
5
 70
1
 10
470105.535
 20
4349736.7
 10
470105.535
 20
4349737.7
 10
470106.535
 20
4349737.7
 10
470106.535
 20
4349736.7
 10
470105.535
 20
4349736.7
  0
TEXT
  5
239
330
17
100
AcDbEntity
  8
0
 62
4
100
AcDbText
 10
470105.875
 20
4349737.13
 30
0.0
 40
0.1333
  1
0.87
  7
CN_TTF
 11
470105.875
 21
4349737.13
 31
0.0
100
AcDbText
  0
LWPOLYLINE
  5
23A
330
17
100
AcDbEntity
  8
爆区方格网
 62
4
100
AcDbPolyline
 90
5
 70
1
 10
470105.535
 20
4349737.7
 10
470105.535
 20
4349738.7
 10
470106.535
 20
4349738.7
 10
470106.535
 20
4349737.7
 10
470105.535
 20
4349737.7
  0
TEXT
  5
23B
330
17
100
AcDbEntity
  8
0
 62
4
100
AcDbText
 10
470105.875
 20
4349738.13
 30
0.0
 40
0.1333
  1
0.87
  7
CN_TTF
 11
470105.875
 21
4349738.13
 31
0.0
100
AcDbText
  0
LWPOLYLINE
  5
23C
330
17
100
AcDbEntity
  8
爆区方格网
 62
4
100
AcDbPolyline
 90
12
 70
1
 10
470106.535
 20
4349738.7
 10
470105.535
 20
4349738.7
 10
470105.535
 20
4349739.7
 10
470105.6982151544
 20
4349739.7
 10
470105.752442827
 20
4349739.675962526
 10
470105.9058885789
 20
4349739.598724426
 10
470106.05535960465
 20
4349739.514050135
 10
470106.20049581554
 20
4349739.422143643
 10
470106.34094756574
 20
4349739.323226361
 10
470106.47637649457
 20
4349739.217536587
 10
470106.535
 20
4349739.166967603
 10
470106.535
 20
4349738.7
  0
TEXT
  5
23D
330
17
100
AcDbEntity
  8
0
 62
4
100
AcDbText
 10
470105.8603441234
 20
4349739.1222520955
 30
0.0
 40
0.1333
  1
0.87
  7
CN_TTF
 11
470105.8603441234
 21
4349739.1222520955
 31
0.0
100
AcDbText
  0
LWPOLYLINE
  5
23E
330
17
100
AcDbEntity
  8
爆区方格网
 62
4
100
AcDbPolyline
 90
9
 70
1
 10
470105.535
 20
4349741.7
 10
470105.535
 20
4349742.7
 10
470106.535
 20
4349742.7
 10
470106.535
 20
4349742.017905605
 10
470106.52853658673
 20
4349742.009623506
 10
470106.41632893874
 20
4349741.879543658
 10
470106.29787373415
 20
4349741.755126267
 10
470106.23997280595
 20
4349741.7
 10
470105.535
 20
4349741.7
  0
TEXT
  5
23F
330
17
100
AcDbEntity
  8
0
 62
4
100
AcDbText
 10
470105.875
 20
4349742.288952802
 30
0.0
 40
0.1333
  1
0.71
  7
CN_TTF
 11
470105.875
 21
4349742.288952802
 31
0.0
100
AcDbText
  0
LWPOLYLINE
  5
240
330
17
100
AcDbEntity
  8
爆区方格网
 62
4
100
AcDbPolyline
 90
5
 70
1
 10
470105.535
 20
4349742.7
 10
470105.535
 20
4349743.7
 10
470106.535
 20
4349743.7
 10
470106.535
 20
4349742.7
 10
470105.535
 20
4349742.7
  0
TEXT
  5
241
330
17
100
AcDbEntity
  8
0
 62
4
100
AcDbText
 10
470105.875
 20
4349743.13
 30
0.0
 40
0.1333
  1
0.71
  7
CN_TTF
 11
470105.875
 21
4349743.13
 31
0.0
100
AcDbText
  0
LWPOLYLINE
  5
242
330
17
100
AcDbEntity
  8
爆区方格网
 62
4
100
AcDbPolyline
 90
5
 70
1
 10
470105.535
 20
4349743.7
 10
470105.535
 20
4349744.7
 10
470106.535
 20
4349744.7
 10
470106.535
 20
4349743.7
 10
470105.535
 20
4349743.7
  0
TEXT
  5
243
330
17
100
AcDbEntity
  8
0
 62
4
100
AcDbText
 10
470105.875
 20
4349744.13
 30
0.0
 40
0.1333
  1
0.71
  7
CN_TTF
 11
470105.875
 21
4349744.13
 31
0.0
100
AcDbText
  0
LWPOLYLINE
  5
244
330
17
100
AcDbEntity
  8
爆区方格网
 62
4
100
AcDbPolyline
 90
5
 70
1
 10
470105.535
 20
4349744.7
 10
470105.535
 20
4349745.7
 10
470106.535
 20
4349745.7
 10
470106.535
 20
4349744.7
 10
470105.535
 20
4349744.7
  0
TEXT
  5
245
330
17
100
AcDbEntity
  8
0
 62
4
100
AcDbText
 10
470105.875
 20
4349745.13
 30
0.0
 40
0.1333
  1
0.71
  7
CN_TTF
 11
470105.875
 21
4349745.13
 31
0.0
100
AcDbText
  0
LWPOLYLINE
  5
246
330
17
100
AcDbEntity
  8
爆区方格网
 62
4
100
AcDbPolyline
 90
9
 70
1
 10
470106.535
 20
4349745.7
 10
470105.535
 20
4349745.7
 10
470105.535
 20
4349746.7
 10
470106.22946366604
 20
4349746.7
 10
470106.3592389224
 20
4349746.640419861
 10
470106.41632893874
 20
4349746.580456343
 10
470106.52853658673
 20
4349746.450376495
 10
470106.535
 20
4349746.442094396
 10
470106.535
 20
4349745.7
  0
TEXT
  5
247
330
17
100
AcDbEntity
  8
0
 62
4
100
AcDbText
 10
470105.875
 20
4349746.001047198
 30
0.0
 40
0.1333
  1
0.71
  7
CN_TTF
 11
470105.875
 21
4349746.001047198
 31
0.0
100
AcDbText
  0
LWPOLYLINE
  5
248
330
17
100
AcDbEntity
  8
爆区方格网
 62
4
100
AcDbPolyline
 90
8
 70
1
 10
470106.535
 20
4349746.7
 10
470106.535
 20
4349746.6350245485
 10
470106.534
 20
4349746.635
 10
470106.36226313986
 20
4349746.639215903
 10
470106.36178442475
 20
4349746.639251215
 10
470106.361784424
 20
4349746.639251215
 10
470106.2294636663
 20
4349746.7
 10
470106.535
 20
4349746.7
  0
TEXT
  5
249
330
17
100
AcDbEntity
  8
0
 62
4
100
AcDbText
 10
470106.2553120221
 20
4349746.599625608
 30
0.0
 40
0.1333
  1
0.82
  7
CN_TTF
 11
470106.2553120221
 21
4349746.599625608
 31
0.0
100
AcDbText
  0
LWPOLYLINE
  5
24A
330
17
100
AcDbEntity
  8
爆区方格网
 62
4
100
AcDbPolyline
 90
6
 70
1
 10
470105.535
 20
4349747.7
 10
470106.535
 20
4349747.7
 10
470106.535
 20
4349746.7
 10
470106.2294636663
 20
4349746.7
 10
470105.535
 20
4349747.018829975
 10
470105.535
 20
4349747.7
  0
TEXT
  5
24B
330
17
100
AcDbEntity
  8
0
 62
4
100
AcDbText
 10
470105.875
 20
4349747.289414987
 30
0.0
 40
0.1333
  1
0.82
  7
CN_TTF
 11
470105.875
 21
4349747.289414987
 31
0.0
100
AcDbText
  0
LWPOLYLINE
  5
24C
330
17
100
AcDbEntity
  8
爆区方格网
 62
4
100
AcDbPolyline
 90
4
 70
1
 10
470105.535
 20
4349746.7
 10
470105.535
 20
4349747.018829974
 10
470106.22946366604
 20
4349746.7
 10
470105.535
 20
4349746.7
  0
TEXT
  5
24D
330
17
100
AcDbEntity
  8
0
 62
4
100
AcDbText
 10
470105.5486159165
 20
4349746.789414987
 30
0.0
 40
0.1333
  1
0.71
  7
CN_TTF
 11
470105.5486159165
 21
4349746.789414987
 31
0.0
100
AcDbText
  0
LWPOLYLINE
  5
24E
330
17
100
AcDbEntity
  8
爆区方格网
 62
4
100
AcDbPolyline
 90
5
 70
1
 10
470105.535
 20
4349747.7
 10
470105.535
 20
4349748.7
 10
470106.535
 20
4349748.7
 10
470106.535
 20
4349747.7
 10
470105.535
 20
4349747.7
  0
TEXT
  5
24F
330
17
100
AcDbEntity
  8
0
 62
4
100
AcDbText
 10
470105.875
 20
4349748.13
 30
0.0
 40
0.1333
  1
0.82
  7
CN_TTF
 11
470105.875
 21
4349748.13
 31
0.0
100
AcDbText
  0
LWPOLYLINE
  5
250
330
17
100
AcDbEntity
  8
爆区方格网
 62
4
100
AcDbPolyline
 90
5
 70
1
 10
470105.535
 20
4349748.7
 10
470105.535
 20
4349749.7
 10
470106.535
 20
4349749.7
 10
470106.535
 20
4349748.7
 10
470105.535
 20
4349748.7
  0
TEXT
  5
251
330
17
100
AcDbEntity
  8
0
 62
4
100
AcDbText
 10
470105.875
 20
4349749.13
 30
0.0
 40
0.1333
  1
0.82
  7
CN_TTF
 11
470105.875
 21
4349749.13
 31
0.0
100
AcDbText
  0
LWPOLYLINE
  5
252
330
17
100
AcDbEntity
  8
爆区方格网
 62
4
100
AcDbPolyline
 90
5
 70
1
 10
470105.535
 20
4349749.7
 10
470105.535
 20
4349750.7
 10
470106.535
 20
4349750.7
 10
470106.535
 20
4349749.7
 10
470105.535
 20
4349749.7
  0
TEXT
  5
253
330
17
100
AcDbEntity
  8
0
 62
4
100
AcDbText
 10
470105.875
 20
4349750.13
 30
0.0
 40
0.1333
  1
0.82
  7
CN_TTF
 11
470105.875
 21
4349750.13
 31
0.0
100
AcDbText
  0
LWPOLYLINE
  5
254
330
17
100
AcDbEntity
  8
爆区方格网
 62
4
100
AcDbPolyline
 90
5
 70
1
 10
470105.535
 20
4349750.7
 10
470105.535
 20
4349751.7
 10
470106.535
 20
4349751.7
 10
470106.535
 20
4349750.7
 10
470105.535
 20
4349750.7
  0
TEXT
  5
255
330
17
100
AcDbEntity
  8
0
 62
4
100
AcDbText
 10
470105.875
 20
4349751.13
 30
0.0
 40
0.1333
  1
0.82
  7
CN_TTF
 11
470105.875
 21
4349751.13
 31
0.0
100
AcDbText
  0
LWPOLYLINE
  5
256
330
17
100
AcDbEntity
  8
爆区方格网
 62
4
100
AcDbPolyline
 90
5
 70
1
 10
470105.535
 20
4349751.7
 10
470105.535
 20
4349752.7
 10
470106.535
 20
4349752.7
 10
470106.535
 20
4349751.7
 10
470105.535
 20
4349751.7
  0
TEXT
  5
257
330
17
100
AcDbEntity
  8
0
 62
4
100
AcDbText
 10
470105.875
 20
4349752.13
 30
0.0
 40
0.1333
  1
0.82
  7
CN_TTF
 11
470105.875
 21
4349752.13
 31
0.0
100
AcDbText
  0
LWPOLYLINE
  5
258
330
17
100
AcDbEntity
  8
爆区方格网
 62
4
100
AcDbPolyline
 90
10
 70
1
 10
470106.535
 20
4349734.7
 10
470106.535
 20
4349735.7
 10
470107.535
 20
4349735.7
 10
470107.535
 20
4349735.290359151
 10
470107.4895783638
 20
4349735.172607987
 10
470107.41996252595
 20
4349735.015557173
 10
470107.3427244252
 20
4349734.862111421
 10
470107.258050135
 20
4349734.712640395
 10
470107.2500456929
 20
4349734.7
 10
470106.535
 20
4349734.7
  0
TEXT
  5
259
330
17
100
AcDbEntity
  8
0
 62
4
100
AcDbText
 10
470106.863644591
 20
4349735.161483569
 30
0.0
 40
0.1333
  1
0.87
  7
CN_TTF
 11
470106.863644591
 21
4349735.161483569
 31
0.0
100
AcDbText
  0
LWPOLYLINE
  5
25A
330
17
100
AcDbEntity
  8
爆区方格网
 62
4
100
AcDbPolyline
 90
5
 70
1
 10
470106.535
 20
4349735.7
 10
470106.535
 20
4349736.7
 10
470107.535
 20
4349736.7
 10
470107.535
 20
4349735.7
 10
470106.535
 20
4349735.7
  0
TEXT
  5
25B
330
17
100
AcDbEntity
  8
0
 62
4
100
AcDbText
 10
470106.875
 20
4349736.13
 30
0.0
 40
0.1333
  1
0.87
  7
CN_TTF
 11
470106.875
 21
4349736.13
 31
0.0
100
AcDbText
  0
LWPOLYLINE
  5
25C
330
17
100
AcDbEntity
  8
爆区方格网
 62
4
100
AcDbPolyline
 90
5
 70
1
 10
470106.535
 20
4349736.7
 10
470106.535
 20
4349737.7
 10
470107.535
 20
4349737.7
 10
470107.535
 20
4349736.7
 10
470106.535
 20
4349736.7
  0
TEXT
  5
25D
330
17
100
AcDbEntity
  8
0
 62
4
100
AcDbText
 10
470106.875
 20
4349737.13
 30
0.0
 40
0.1333
  1
0.87
  7
CN_TTF
 11
470106.875
 21
4349737.13
 31
0.0
100
AcDbText
  0
LWPOLYLINE
  5
25E
330
17
100
AcDbEntity
  8
爆区方格网
 62
4
100
AcDbPolyline
 90
12
 70
1
 10
470107.535
 20
4349737.7
 10
470106.535
 20
4349737.7
 10
470106.535
 20
4349738.7
 10
470106.9868034509
 20
4349738.7
 10
470107.0672263602
 20
4349738.596947566
 10
470107.16614364303
 20
4349738.456495816
 10
470107.258050135
 20
4349738.311359605
 10
470107.3427244252
 20
4349738.161888579
 10
470107.41996252595
 20
4349738.0084428275
 10
470107.4895783638
 20
4349737.851392013
 10
470107.535
 20
4349737.73364085
 10
470107.535
 20
4349737.7
  0
TEXT
  5
25F
330
17
100
AcDbEntity
  8
0
 62
4
100
AcDbText
 10
470106.75769364
 20
4349738.166624092
 30
0.0
 40
0.1333
  1
0.87
  7
CN_TTF
 11
470106.75769364
 21
4349738.166624092
 31
0.0
100
AcDbText
  0
LWPOLYLINE
  5
260
330
17
100
AcDbEntity
  8
爆区方格网
 62
4
100
AcDbPolyline
 90
11
 70
1
 10
470106.535
 20
4349742.7
 10
470106.535
 20
4349743.7
 10
470107.2822645947
 20
4349743.7
 10
470107.2557484814
 20
4349743.547183873
 10
470107.21810938616
 20
4349743.379569371
 10
470107.17229117505
 20
4349743.21400363
 10
470107.1184042281
 20
4349743.050885513
 10
470107.05657836376
 20
4349742.8906079875
 10
470106.98696252593
 20
4349742.733557173
 10
470106.97007126454
 20
4349742.7
 10
470106.535
 20
4349742.7
  0
TEXT
  5
261
330
17
100
AcDbEntity
  8
0
 62
4
100
AcDbText
 10
470106.6801738508
 20
4349743.062444571
 30
0.0
 40
0.1333
  1
0.71
  7
CN_TTF
 11
470106.6801738508
 21
4349743.062444571
 31
0.0
100
AcDbText
  0
LWPOLYLINE
  5
262
330
17
100
AcDbEntity
  8
爆区方格网
 62
4
100
AcDbPolyline
 90
11
 70
1
 10
470106.535
 20
4349743.7
 10
470106.535
 20
4349744.7
 10
470107.29048998654
 20
4349744.7
 10
470107.30614654336
 20
4349744.573059992
 10
470107.3187840967
 20
4349744.40173686
 10
470107.323
 20
4349744.23
 10
470107.3187840967
 20
4349744.058263141
 10
470107.30614654336
 20
4349743.886940009
 10
470107.28511778486
 20
4349743.71644334
 10
470107.2822645947
 20
4349743.7
 10
470106.535
 20
4349743.7
  0
TEXT
  5
263
330
17
100
AcDbEntity
  8
0
 62
4
100
AcDbText
 10
470106.7679460242
 20
4349744.074131571
 30
0.0
 40
0.1333
  1
0.71
  7
CN_TTF
 11
470106.7679460242
 21
4349744.074131571
 31
0.0
100
AcDbText
  0
LWPOLYLINE
  5
264
330
17
100
AcDbEntity
  8
爆区方格网
 62
4
100
AcDbPolyline
 90
11
 70
1
 10
470106.535
 20
4349744.7
 10
470106.535
 20
4349745.7
 10
470106.99868382525
 20
4349745.7
 10
470107.05657836376
 20
4349745.569392013
 10
470107.1184042281
 20
4349745.4091144875
 10
470107.17229117505
 20
4349745.245996371
 10
470107.21810938616
 20
4349745.08043063
 10
470107.2557484814
 20
4349744.912816128
 10
470107.28511778486
 20
4349744.743556661
 10
470107.29048998654
 20
4349744.7
 10
470106.535
 20
4349744.7
  0
TEXT
  5
265
330
17
100
AcDbEntity
  8
0
 62
4
100
AcDbText
 10
470106.70510014024
 20
4349745.0932135
 30
0.0
 40
0.1333
  1
0.71
  7
CN_TTF
 11
470106.70510014024
 21
4349745.0932135
 31
0.0
100
AcDbText
  0
LWPOLYLINE
  5
266
330
17
100
AcDbEntity
  8
爆区方格网
 62
4
100
AcDbPolyline
 90
8
 70
1
 10
470106.535
 20
4349746.7
 10
470106.535
 20
4349747.7
 10
470107.535
 20
4349747.7
 10
470107.535
 20
4349746.781558771
 10
470107.38443062967
 20
4349746.739890614
 10
470107.21681612707
 20
4349746.702251518
 10
470107.2038403092
 20
4349746.7
 10
470106.535
 20
4349746.7
  0
TEXT
  5
267
330
17
100
AcDbEntity
  8
0
 62
4
100
AcDbText
 10
470106.875
 20
4349747.170779385
 30
0.0
 40
0.1333
  1
0.82
  7
CN_TTF
 11
470106.875
 21
4349747.170779385
 31
0.0
100
AcDbText
  0
LWPOLYLINE
  5
268
330
17
100
AcDbEntity
  8
爆区方格网
 62
4
100
AcDbPolyline
 90
5
 70
1
 10
470106.535
 20
4349747.7
 10
470106.535
 20
4349748.7
 10
470107.535
 20
4349748.7
 10
470107.535
 20
4349747.7
 10
470106.535
 20
4349747.7
  0
TEXT
  5
269
330
17
100
AcDbEntity
  8
0
 62
4
100
AcDbText
 10
470106.875
 20
4349748.13
 30
0.0
 40
0.1333
  1
0.82
  7
CN_TTF
 11
470106.875
 21
4349748.13
 31
0.0
100
AcDbText
  0
LWPOLYLINE
  5
26A
330
17
100
AcDbEntity
  8
爆区方格网
 62
4
100
AcDbPolyline
 90
5
 70
1
 10
470106.535
 20
4349748.7
 10
470106.535
 20
4349749.7
 10
470107.535
 20
4349749.7
 10
470107.535
 20
4349748.7
 10
470106.535
 20
4349748.7
  0
TEXT
  5
26B
330
17
100
AcDbEntity
  8
0
 62
4
100
AcDbText
 10
470106.875
 20
4349749.13
 30
0.0
 40
0.1333
  1
0.82
  7
CN_TTF
 11
470106.875
 21
4349749.13
 31
0.0
100
AcDbText
  0
LWPOLYLINE
  5
26C
330
17
100
AcDbEntity
  8
爆区方格网
 62
4
100
AcDbPolyline
 90
5
 70
1
 10
470106.535
 20
4349749.7
 10
470106.535
 20
4349750.7
 10
470107.535
 20
4349750.7
 10
470107.535
 20
4349749.7
 10
470106.535
 20
4349749.7
  0
TEXT
  5
26D
330
17
100
AcDbEntity
  8
0
 62
4
100
AcDbText
 10
470106.875
 20
4349750.13
 30
0.0
 40
0.1333
  1
0.82
  7
CN_TTF
 11
470106.875
 21
4349750.13
 31
0.0
100
AcDbText
  0
LWPOLYLINE
  5
26E
330
17
100
AcDbEntity
  8
爆区方格网
 62
4
100
AcDbPolyline
 90
5
 70
1
 10
470106.535
 20
4349750.7
 10
470106.535
 20
4349751.7
 10
470107.535
 20
4349751.7
 10
470107.535
 20
4349750.7
 10
470106.535
 20
4349750.7
  0
TEXT
  5
26F
330
17
100
AcDbEntity
  8
0
 62
4
100
AcDbText
 10
470106.875
 20
4349751.13
 30
0.0
 40
0.1333
  1
0.82
  7
CN_TTF
 11
470106.875
 21
4349751.13
 31
0.0
100
AcDbText
  0
LWPOLYLINE
  5
270
330
17
100
AcDbEntity
  8
爆区方格网
 62
4
100
AcDbPolyline
 90
6
 70
1
 10
470107.535
 20
4349751.7
 10
470106.535
 20
4349751.7
 10
470106.535
 20
4349752.7
 10
470107.2582829813
 20
4349752.7
 10
470107.535
 20
4349752.43126204
 10
470107.535
 20
4349751.7
  0
TEXT
  5
271
330
17
100
AcDbEntity
  8
0
 62
4
100
AcDbText
 10
470106.875
 20
4349751.99563102
 30
0.0
 40
0.1333
  1
0.82
  7
CN_TTF
 11
470106.875
 21
4349751.99563102
 31
0.0
100
AcDbText
  0
LWPOLYLINE
  5
272
330
17
100
AcDbEntity
  8
爆区方格网
 62
4
100
AcDbPolyline
 90
12
 70
1
 10
470107.535
 20
4349747.7
 10
470108.535
 20
4349747.7
 10
470108.535
 20
4349747.264651094
 10
470108.47849581554
 20
4349747.224856357
 10
470108.33335960464
 20
4349747.1329498645
 10
470108.1838885789
 20
4349747.048275574
 10
470108.030442827
 20
4349746.9710374735
 10
470107.87339201325
 20
4349746.901421636
 10
470107.71311448683
 20
4349746.839595771
 10
470107.5499963704
 20
4349746.785708825
 10
470107.535
 20
4349746.781558771
 10
470107.535
 20
4349747.7
  0
TEXT
  5
273
330
17
100
AcDbEntity
  8
0
 62
4
100
AcDbText
 10
470107.8608739542
 20
4349747.1747537255
 30
0.0
 40
0.1333
  1
0.82
  7
CN_TTF
 11
470107.8608739542
 21
4349747.1747537255
 31
0.0
100
AcDbText
  0
LWPOLYLINE
  5
274
330
17
100
AcDbEntity
  8
爆区方格网
 62
4
100
AcDbPolyline
 90
5
 70
1
 10
470107.535
 20
4349747.7
 10
470107.535
 20
4349748.7
 10
470108.535
 20
4349748.7
 10
470108.535
 20
4349747.7
 10
470107.535
 20
4349747.7
  0
TEXT
  5
275
330
17
100
AcDbEntity
  8
0
 62
4
100
AcDbText
 10
470107.875
 20
4349748.13
 30
0.0
 40
0.1333
  1
0.82
  7
CN_TTF
 11
470107.875
 21
4349748.13
 31
0.0
100
AcDbText
  0
LWPOLYLINE
  5
276
330
17
100
AcDbEntity
  8
爆区方格网
 62
4
100
AcDbPolyline
 90
5
 70
1
 10
470107.535
 20
4349748.7
 10
470107.535
 20
4349749.7
 10
470108.535
 20
4349749.7
 10
470108.535
 20
4349748.7
 10
470107.535
 20
4349748.7
  0
TEXT
  5
277
330
17
100
AcDbEntity
  8
0
 62
4
100
AcDbText
 10
470107.875
 20
4349749.13
 30
0.0
 40
0.1333
  1
0.82
  7
CN_TTF
 11
470107.875
 21
4349749.13
 31
0.0
100
AcDbText
  0
LWPOLYLINE
  5
278
330
17
100
AcDbEntity
  8
爆区方格网
 62
4
100
AcDbPolyline
 90
5
 70
1
 10
470107.535
 20
4349749.7
 10
470107.535
 20
4349750.7
 10
470108.535
 20
4349750.7
 10
470108.535
 20
4349749.7
 10
470107.535
 20
4349749.7
  0
TEXT
  5
279
330
17
100
AcDbEntity
  8
0
 62
4
100
AcDbText
 10
470107.875
 20
4349750.13
 30
0.0
 40
0.1333
  1
0.82
  7
CN_TTF
 11
470107.875
 21
4349750.13
 31
0.0
100
AcDbText
  0
LWPOLYLINE
  5
27A
330
17
100
AcDbEntity
  8
爆区方格网
 62
4
100
AcDbPolyline
 90
6
 70
1
 10
470108.535
 20
4349750.7
 10
470107.535
 20
4349750.7
 10
470107.535
 20
4349751.7
 10
470108.28797382914
 20
4349751.7
 10
470108.535
 20
4349751.46009676
 10
470108.535
 20
4349750.7
  0
TEXT
  5
27B
330
17
100
AcDbEntity
  8
0
 62
4
100
AcDbText
 10
470107.875
 20
4349751.01004838
 30
0.0
 40
0.1333
  1
0.82
  7
CN_TTF
 11
470107.875
 21
4349751.01004838
 31
0.0
100
AcDbText
  0
LWPOLYLINE
  5
27C
330
17
100
AcDbEntity
  8
爆区方格网
 62
4
100
AcDbPolyline
 90
10
 70
1
 10
470108.535
 20
4349747.7
 10
470108.535
 20
4349748.7
 10
470109.535
 20
4349748.7
 10
470109.535
 20
4349748.33398205
 10
470109.444143643
 20
4349748.190504184
 10
470109.3452263602
 20
4349748.050052434
 10
470109.23953658674
 20
4349747.914623505
 10
470109.12732893875
 20
4349747.784543658
 10
470109.0468366851
 20
4349747.7
 10
470108.535
 20
4349747.7
  0
TEXT
  5
27D
330
17
100
AcDbEntity
  8
0
 62
4
100
AcDbText
 10
470108.8522859108
 20
4349748.192243117
 30
0.0
 40
0.1333
  1
0.82
  7
CN_TTF
 11
470108.8522859108
 21
4349748.192243117
 31
0.0
100
AcDbText
  0
LWPOLYLINE
  5
27E
330
17
100
AcDbEntity
  8
爆区方格网
 62
4
100
AcDbPolyline
 90
5
 70
1
 10
470108.535
 20
4349748.7
 10
470108.535
 20
4349749.7
 10
470109.535
 20
4349749.7
 10
470109.535
 20
4349748.7
 10
470108.535
 20
4349748.7
  0
TEXT
  5
27F
330
17
100
AcDbEntity
  8
0
 62
4
100
AcDbText
 10
470108.875
 20
4349749.13
 30
0.0
 40
0.1333
  1
0.82
  7
CN_TTF
 11
470108.875
 21
4349749.13
 31
0.0
100
AcDbText
  0
LWPOLYLINE
  5
280
330
17
100
AcDbEntity
  8
爆区方格网
 62
4
100
AcDbPolyline
 90
6
 70
1
 10
470109.535
 20
4349749.7
 10
470108.535
 20
4349749.7
 10
470108.535
 20
4349750.7
 10
470109.317664677
 20
4349750.7
 10
470109.535
 20
4349750.488931481
 10
470109.535
 20
4349749.7
  0
TEXT
  5
281
330
17
100
AcDbEntity
  8
0
 62
4
100
AcDbText
 10
470108.875
 20
4349750.02446574
 30
0.0
 40
0.1333
  1
0.82
  7
CN_TTF
 11
470108.875
 21
4349750.02446574
 31
0.0
100
AcDbText
  0
LWPOLYLINE
  5
282
330
17
100
AcDbEntity
  8
爆区方格网
 62
4
100
AcDbPolyline
 90
11
 70
1
 10
470091.535
 20
4349766.7
 10
470091.535
 20
4349765.7
 10
470090.9951131925
 20
4349765.7
 10
470090.93459577183
 20
4349765.856885513
 10
470090.8807088249
 20
4349766.02000363
 10
470090.8348906138
 20
4349766.185569371
 10
470090.7972515186
 20
4349766.353183873
 10
470090.7678822151
 20
4349766.52244334
 10
470090.7468534566
 20
4349766.692940009
 10
470090.74633268034
 20
4349766.7
 10
470091.535
 20
4349766.7
  0
TEXT
  5
283
330
17
100
AcDbEntity
  8
0
 62
4
100
AcDbText
 10
470091.015535533
 20
4349766.199376622
 30
0.0
 40
0.1333
  1
0.69
  7
CN_TTF
 11
470091.015535533
 21
4349766.199376622
 31
0.0
100
AcDbText
  0
LWPOLYLINE
  5
284
330
17
100
AcDbEntity
  8
爆区方格网
 62
4
100
AcDbPolyline
 90
10
 70
1
 10
470091.535
 20
4349767.7
 10
470091.535
 20
4349766.7
 10
470090.74633268034
 20
4349766.7
 10
470090.73421590327
 20
4349766.864263141
 10
470090.73
 20
4349767.036
 10
470090.73421590327
 20
4349767.20773686
 10
470090.7468534566
 20
4349767.379059992
 10
470090.7678822151
 20
4349767.5495566605
 10
470090.7939866108
 20
4349767.7
 10
470091.535
 20
4349767.7
  0
TEXT
  5
285
330
17
100
AcDbEntity
  8
0
 62
4
100
AcDbText
 10
470090.9735539758
 20
4349767.051868429
 30
0.0
 40
0.1333
  1
0.69
  7
CN_TTF
 11
470090.9735539758
 21
4349767.051868429
 31
0.0
100
AcDbText
  0
LWPOLYLINE
  5
286
330
17
100
AcDbEntity
  8
爆区方格网
 62
4
100
AcDbPolyline
 90
12
 70
1
 10
470091.535
 20
4349768.7
 10
470091.535
 20
4349767.7
 10
470090.7939866108
 20
4349767.7
 10
470090.7972515186
 20
4349767.718816128
 10
470090.8348906138
 20
4349767.8864306295
 10
470090.8807088249
 20
4349768.051996371
 10
470090.93459577183
 20
4349768.215114487
 10
470090.9964216362
 20
4349768.375392013
 10
470091.066037474
 20
4349768.532442828
 10
470091.1432755748
 20
4349768.685888579
 10
470091.15126959607
 20
4349768.7
 10
470091.535
 20
4349768.7
  0
TEXT
  5
287
330
17
100
AcDbEntity
  8
0
 62
4
100
AcDbText
 10
470091.0613261492
 20
4349768.063555429
 30
0.0
 40
0.1333
  1
0.69
  7
CN_TTF
 11
470091.0613261492
 21
4349768.063555429
 31
0.0
100
AcDbText
  0
LWPOLYLINE
  5
288
330
17
100
AcDbEntity
  8
爆区方格网
 62
4
100
AcDbPolyline
 90
6
 70
1
 10
470091.535
 20
4349765.7
 10
470092.535
 20
4349765.7
 10
470092.535
 20
4349764.7
 10
470091.6242009349
 20
4349764.7
 10
470091.535
 20
4349764.803408674
 10
470091.535
 20
4349765.7
  0
TEXT
  5
289
330
17
100
AcDbEntity
  8
0
 62
4
100
AcDbText
 10
470091.875
 20
4349765.181704337
 30
0.0
 40
0.1333
  1
0.69
  7
CN_TTF
 11
470091.875
 21
4349765.181704337
 31
0.0
100
AcDbText
  0
LWPOLYLINE
  5
28A
330
17
100
AcDbEntity
  8
爆区方格网
 62
4
100
AcDbPolyline
 90
5
 70
1
 10
470091.535
 20
4349765.7
 10
470091.535
 20
4349766.7
 10
470092.535
 20
4349766.7
 10
470092.535
 20
4349765.7
 10
470091.535
 20
4349765.7
  0
TEXT
  5
28B
330
17
100
AcDbEntity
  8
0
 62
4
100
AcDbText
 10
470091.875
 20
4349766.13
 30
0.0
 40
0.1333
  1
0.69
  7
CN_TTF
 11
470091.875
 21
4349766.13
 31
0.0
100
AcDbText
  0
LWPOLYLINE
  5
28C
330
17
100
AcDbEntity
  8
爆区方格网
 62
4
100
AcDbPolyline
 90
5
 70
1
 10
470091.535
 20
4349766.7
 10
470091.535
 20
4349767.7
 10
470092.535
 20
4349767.7
 10
470092.535
 20
4349766.7
 10
470091.535
 20
4349766.7
  0
TEXT
  5
28D
330
17
100
AcDbEntity
  8
0
 62
4
100
AcDbText
 10
470091.875
 20
4349767.13
 30
0.0
 40
0.1333
  1
0.69
  7
CN_TTF
 11
470091.875
 21
4349767.13
 31
0.0
100
AcDbText
  0
LWPOLYLINE
  5
28E
330
17
100
AcDbEntity
  8
爆区方格网
 62
4
100
AcDbPolyline
 90
5
 70
1
 10
470091.535
 20
4349767.7
 10
470091.535
 20
4349768.7
 10
470092.535
 20
4349768.7
 10
470092.535
 20
4349767.7
 10
470091.535
 20
4349767.7
  0
TEXT
  5
28F
330
17
100
AcDbEntity
  8
0
 62
4
100
AcDbText
 10
470091.875
 20
4349768.13
 30
0.0
 40
0.1333
  1
0.69
  7
CN_TTF
 11
470091.875
 21
4349768.13
 31
0.0
100
AcDbText
  0
LWPOLYLINE
  5
290
330
17
100
AcDbEntity
  8
爆区方格网
 62
4
100
AcDbPolyline
 90
9
 70
1
 10
470092.535
 20
4349769.7
 10
470092.535
 20
4349768.7
 10
470091.535
 20
4349768.7
 10
470091.535
 20
4349769.268591327
 10
470091.6366710612
 20
4349769.386456342
 10
470091.7551262658
 20
4349769.510873734
 10
470091.879543658
 20
4349769.629328939
 10
470091.96147105756
 20
4349769.7
 10
470092.535
 20
4349769.7
  0
TEXT
  5
291
330
17
100
AcDbEntity
  8
0
 62
4
100
AcDbText
 10
470091.875
 20
4349768.914295663
 30
0.0
 40
0.1333
  1
0.69
  7
CN_TTF
 11
470091.875
 21
4349768.914295663
 31
0.0
100
AcDbText
  0
LWPOLYLINE
  5
292
330
17
100
AcDbEntity
  8
爆区方格网
 62
4
100
AcDbPolyline
 90
8
 70
1
 10
470092.535
 20
4349759.7
 10
470093.535
 20
4349759.7
 10
470093.535
 20
4349758.7
 10
470092.69671681215
 20
4349758.7
 10
470092.6252755748
 20
4349758.826111421
 10
470092.54803747404
 20
4349758.979557172
 10
470092.535
 20
4349759.008969243
 10
470092.535
 20
4349759.7
  0
TEXT
  5
293
330
17
100
AcDbEntity
  8
0
 62
4
100
AcDbText
 10
470092.875
 20
4349759.284484621
 30
0.0
 40
0.1333
  1
0.67
  7
CN_TTF
 11
470092.875
 21
4349759.284484621
 31
0.0
100
AcDbText
  0
LWPOLYLINE
  5
294
330
17
100
AcDbEntity
  8
爆区方格网
 62
4
100
AcDbPolyline
 90
5
 70
1
 10
470092.535
 20
4349759.7
 10
470092.535
 20
4349760.7
 10
470093.535
 20
4349760.7
 10
470093.535
 20
4349759.7
 10
470092.535
 20
4349759.7
  0
TEXT
  5
295
330
17
100
AcDbEntity
  8
0
 62
4
100
AcDbText
 10
470092.875
 20
4349760.13
 30
0.0
 40
0.1333
  1
0.67
  7
CN_TTF
 11
470092.875
 21
4349760.13
 31
0.0
100
AcDbText
  0
LWPOLYLINE
  5
296
330
17
100
AcDbEntity
  8
爆区方格网
 62
4
100
AcDbPolyline
 90
5
 70
1
 10
470092.535
 20
4349760.7
 10
470092.535
 20
4349761.7
 10
470093.535
 20
4349761.7
 10
470093.535
 20
4349760.7
 10
470092.535
 20
4349760.7
  0
TEXT
  5
297
330
17
100
AcDbEntity
  8
0
 62
4
100
AcDbText
 10
470092.875
 20
4349761.13
 30
0.0
 40
0.1333
  1
0.67
  7
CN_TTF
 11
470092.875
 21
4349761.13
 31
0.0
100
AcDbText
  0
LWPOLYLINE
  5
298
330
17
100
AcDbEntity
  8
爆区方格网
 62
4
100
AcDbPolyline
 90
12
 70
1
 10
470093.535
 20
4349762.7
 10
470093.535
 20
4349761.7
 10
470092.535
 20
4349761.7
 10
470092.535
 20
4349761.943030757
 10
470092.54803747404
 20
4349761.972442827
 10
470092.6252755748
 20
4349762.125888579
 10
470092.709949865
 20
4349762.2753596045
 10
470092.80185635696
 20
4349762.420495816
 10
470092.9007736398
 20
4349762.560947565
 10
470093.00646341324
 20
4349762.696376494
 10
470093.00958907104
 20
4349762.7
 10
470093.535
 20
4349762.7
  0
TEXT
  5
299
330
17
100
AcDbEntity
  8
0
 62
4
100
AcDbText
 10
470092.94130636
 20
4349762.130624091
 30
0.0
 40
0.1333
  1
0.67
  7
CN_TTF
 11
470092.94130636
 21
4349762.130624091
 31
0.0
100
AcDbText
  0
LWPOLYLINE
  5
29A
330
17
100
AcDbEntity
  8
爆区方格网
 62
4
100
AcDbPolyline
 90
10
 70
1
 10
470092.535
 20
4349764.7
 10
470093.535
 20
4349764.7
 10
470093.535
 20
4349763.7
 10
470093.1737706695
 20
4349763.7
 10
470093.05088551313
 20
4349763.740595772
 10
470092.8906079867
 20
4349763.802421637
 10
470092.733557173
 20
4349763.872037474
 10
470092.58011142106
 20
4349763.949275575
 10
470092.535
 20
4349763.974830879
 10
470092.535
 20
4349764.7
  0
TEXT
  5
29B
330
17
100
AcDbEntity
  8
0
 62
4
100
AcDbText
 10
470092.875
 20
4349764.26741544
 30
0.0
 40
0.1333
  1
0.69
  7
CN_TTF
 11
470092.875
 21
4349764.26741544
 31
0.0
100
AcDbText
  0
LWPOLYLINE
  5
29C
330
17
100
AcDbEntity
  8
爆区方格网
 62
4
100
AcDbPolyline
 90
5
 70
1
 10
470092.535
 20
4349764.7
 10
470092.535
 20
4349765.7
 10
470093.535
 20
4349765.7
 10
470093.535
 20
4349764.7
 10
470092.535
 20
4349764.7
  0
TEXT
  5
29D
330
17
100
AcDbEntity
  8
0
 62
4
100
AcDbText
 10
470092.875
 20
4349765.13
 30
0.0
 40
0.1333
  1
0.69
  7
CN_TTF
 11
470092.875
 21
4349765.13
 31
0.0
100
AcDbText
  0
LWPOLYLINE
  5
29E
330
17
100
AcDbEntity
  8
爆区方格网
 62
4
100
AcDbPolyline
 90
5
 70
1
 10
470092.535
 20
4349765.7
 10
470092.535
 20
4349766.7
 10
470093.535
 20
4349766.7
 10
470093.535
 20
4349765.7
 10
470092.535
 20
4349765.7
  0
TEXT
  5
29F
330
17
100
AcDbEntity
  8
0
 62
4
100
AcDbText
 10
470092.875
 20
4349766.13
 30
0.0
 40
0.1333
  1
0.69
  7
CN_TTF
 11
470092.875
 21
4349766.13
 31
0.0
100
AcDbText
  0
LWPOLYLINE
  5
2A0
330
17
100
AcDbEntity
  8
爆区方格网
 62
4
100
AcDbPolyline
 90
5
 70
1
 10
470092.535
 20
4349766.7
 10
470092.535
 20
4349767.7
 10
470093.535
 20
4349767.7
 10
470093.535
 20
4349766.7
 10
470092.535
 20
4349766.7
  0
TEXT
  5
2A1
330
17
100
AcDbEntity
  8
0
 62
4
100
AcDbText
 10
470092.875
 20
4349767.13
 30
0.0
 40
0.1333
  1
0.69
  7
CN_TTF
 11
470092.875
 21
4349767.13
 31
0.0
100
AcDbText
  0
LWPOLYLINE
  5
2A2
330
17
100
AcDbEntity
  8
爆区方格网
 62
4
100
AcDbPolyline
 90
5
 70
1
 10
470092.535
 20
4349767.7
 10
470092.535
 20
4349768.7
 10
470093.535
 20
4349768.7
 10
470093.535
 20
4349767.7
 10
470092.535
 20
4349767.7
  0
TEXT
  5
2A3
330
17
100
AcDbEntity
  8
0
 62
4
100
AcDbText
 10
470092.875
 20
4349768.13
 30
0.0
 40
0.1333
  1
0.69
  7
CN_TTF
 11
470092.875
 21
4349768.13
 31
0.0
100
AcDbText
  0
LWPOLYLINE
  5
2A4
330
17
100
AcDbEntity
  8
爆区方格网
 62
4
100
AcDbPolyline
 90
5
 70
1
 10
470092.535
 20
4349768.7
 10
470092.535
 20
4349769.7
 10
470093.535
 20
4349769.7
 10
470093.535
 20
4349768.7
 10
470092.535
 20
4349768.7
  0
TEXT
  5
2A5
330
17
100
AcDbEntity
  8
0
 62
4
100
AcDbText
 10
470092.875
 20
4349769.13
 30
0.0
 40
0.1333
  1
0.69
  7
CN_TTF
 11
470092.875
 21
4349769.13
 31
0.0
100
AcDbText
  0
LWPOLYLINE
  5
2A6
330
17
100
AcDbEntity
  8
爆区方格网
 62
4
100
AcDbPolyline
 90
11
 70
1
 10
470093.535
 20
4349769.7
 10
470092.535
 20
4349769.7
 10
470092.535
 20
4349770.097169122
 10
470092.58011142106
 20
4349770.122724426
 10
470092.733557173
 20
4349770.199962527
 10
470092.8906079867
 20
4349770.269578364
 10
470093.05088551313
 20
4349770.331404229
 10
470093.2140036296
 20
4349770.385291175
 10
470093.3795693703
 20
4349770.4311093865
 10
470093.535
 20
4349770.466012502
 10
470093.535
 20
4349769.7
  0
TEXT
  5
2A7
330
17
100
AcDbEntity
  8
0
 62
4
100
AcDbText
 10
470092.875
 20
4349769.828584561
 30
0.0
 40
0.1333
  1
0.69
  7
CN_TTF
 11
470092.875
 21
4349769.828584561
 31
0.0
100
AcDbText
  0
LWPOLYLINE
  5
2A8
330
17
100
AcDbEntity
  8
爆区方格网
 62
4
100
AcDbPolyline
 90
6
 70
1
 10
470093.535
 20
4349758.7
 10
470094.535
 20
4349758.7
 10
470094.535
 20
4349757.7
 10
470093.58191402425
 20
4349757.7
 10
470093.535
 20
4349757.736612064
 10
470093.535
 20
4349758.7
  0
TEXT
  5
2A9
330
17
100
AcDbEntity
  8
0
 62
4
100
AcDbText
 10
470093.875
 20
4349758.148306032
 30
0.0
 40
0.1333
  1
0.67
  7
CN_TTF
 11
470093.875
 21
4349758.148306032
 31
0.0
100
AcDbText
  0
LWPOLYLINE
  5
2AA
330
17
100
AcDbEntity
  8
爆区方格网
 62
4
100
AcDbPolyline
 90
5
 70
1
 10
470093.535
 20
4349758.7
 10
470093.535
 20
4349759.7
 10
470094.535
 20
4349759.7
 10
470094.535
 20
4349758.7
 10
470093.535
 20
4349758.7
  0
TEXT
  5
2AB
330
17
100
AcDbEntity
  8
0
 62
4
100
AcDbText
 10
470093.875
 20
4349759.13
 30
0.0
 40
0.1333
  1
0.67
  7
CN_TTF
 11
470093.875
 21
4349759.13
 31
0.0
100
AcDbText
  0
LWPOLYLINE
  5
2AC
330
17
100
AcDbEntity
  8
爆区方格网
 62
4
100
AcDbPolyline
 90
5
 70
1
 10
470093.535
 20
4349759.7
 10
470093.535
 20
4349760.7
 10
470094.535
 20
4349760.7
 10
470094.535
 20
4349759.7
 10
470093.535
 20
4349759.7
  0
TEXT
  5
2AD
330
17
100
AcDbEntity
  8
0
 62
4
100
AcDbText
 10
470093.875
 20
4349760.13
 30
0.0
 40
0.1333
  1
0.67
  7
CN_TTF
 11
470093.875
 21
4349760.13
 31
0.0
100
AcDbText
  0
LWPOLYLINE
  5
2AE
330
17
100
AcDbEntity
  8
爆区方格网
 62
4
100
AcDbPolyline
 90
5
 70
1
 10
470093.535
 20
4349760.7
 10
470093.535
 20
4349761.7
 10
470094.535
 20
4349761.7
 10
470094.535
 20
4349760.7
 10
470093.535
 20
4349760.7
  0
TEXT
  5
2AF
330
17
100
AcDbEntity
  8
0
 62
4
100
AcDbText
 10
470093.875
 20
4349761.13
 30
0.0
 40
0.1333
  1
0.67
  7
CN_TTF
 11
470093.875
 21
4349761.13
 31
0.0
100
AcDbText
  0
LWPOLYLINE
  5
2B0
330
17
100
AcDbEntity
  8
爆区方格网
 62
4
100
AcDbPolyline
 90
5
 70
1
 10
470093.535
 20
4349761.7
 10
470093.535
 20
4349762.7
 10
470094.535
 20
4349762.7
 10
470094.535
 20
4349761.7
 10
470093.535
 20
4349761.7
  0
TEXT
  5
2B1
330
17
100
AcDbEntity
  8
0
 62
4
100
AcDbText
 10
470093.875
 20
4349762.13
 30
0.0
 40
0.1333
  1
0.67
  7
CN_TTF
 11
470093.875
 21
4349762.13
 31
0.0
100
AcDbText
  0
LWPOLYLINE
  5
2B2
330
17
100
AcDbEntity
  8
爆区方格网
 62
4
100
AcDbPolyline
 90
15
 70
1
 10
470093.535
 20
4349763.7
 10
470094.535
 20
4349763.7
 10
470094.535
 20
4349762.7
 10
470093.535
 20
4349762.7
 10
470093.535
 20
4349763.215387936
 10
470093.62705243425
 20
4349763.28722636
 10
470093.76750418445
 20
4349763.3861436425
 10
470093.91264039534
 20
4349763.478050135
 10
470094.02671382116
 20
4349763.542671933
 10
470094.02628398855
 20
4349763.542574828
 10
470093.88694000884
 20
4349763.552853457
 10
470093.71644333936
 20
4349763.573882216
 10
470093.5471838729
 20
4349763.603251519
 10
470093.535
 20
4349763.605987499
 10
470093.535
 20
4349763.7
  0
TEXT
  5
2B3
330
17
100
AcDbEntity
  8
0
 62
4
100
AcDbText
 10
470093.875
 20
4349762.887693968
 30
0.0
 40
0.1333
  1
0.67
  7
CN_TTF
 11
470093.875
 21
4349762.887693968
 31
0.0
100
AcDbText
  0
LWPOLYLINE
  5
2B4
330
17
100
AcDbEntity
  8
爆区方格网
 62
4
100
AcDbPolyline
 90
5
 70
1
 10
470093.535
 20
4349763.7
 10
470093.535
 20
4349764.7
 10
470094.535
 20
4349764.7
 10
470094.535
 20
4349763.7
 10
470093.535
 20
4349763.7
  0
TEXT
  5
2B5
330
17
100
AcDbEntity
  8
0
 62
4
100
AcDbText
 10
470093.875
 20
4349764.13
 30
0.0
 40
0.1333
  1
0.69
  7
CN_TTF
 11
470093.875
 21
4349764.13
 31
0.0
100
AcDbText
  0
LWPOLYLINE
  5
2B6
330
17
100
AcDbEntity
  8
爆区方格网
 62
4
100
AcDbPolyline
 90
5
 70
1
 10
470093.535
 20
4349764.7
 10
470093.535
 20
4349765.7
 10
470094.535
 20
4349765.7
 10
470094.535
 20
4349764.7
 10
470093.535
 20
4349764.7
  0
TEXT
  5
2B7
330
17
100
AcDbEntity
  8
0
 62
4
100
AcDbText
 10
470093.875
 20
4349765.13
 30
0.0
 40
0.1333
  1
0.69
  7
CN_TTF
 11
470093.875
 21
4349765.13
 31
0.0
100
AcDbText
  0
LWPOLYLINE
  5
2B8
330
17
100
AcDbEntity
  8
爆区方格网
 62
4
100
AcDbPolyline
 90
5
 70
1
 10
470093.535
 20
4349765.7
 10
470093.535
 20
4349766.7
 10
470094.535
 20
4349766.7
 10
470094.535
 20
4349765.7
 10
470093.535
 20
4349765.7
  0
TEXT
  5
2B9
330
17
100
AcDbEntity
  8
0
 62
4
100
AcDbText
 10
470093.875
 20
4349766.13
 30
0.0
 40
0.1333
  1
0.69
  7
CN_TTF
 11
470093.875
 21
4349766.13
 31
0.0
100
AcDbText
  0
LWPOLYLINE
  5
2BA
330
17
100
AcDbEntity
  8
爆区方格网
 62
4
100
AcDbPolyline
 90
5
 70
1
 10
470093.535
 20
4349766.7
 10
470093.535
 20
4349767.7
 10
470094.535
 20
4349767.7
 10
470094.535
 20
4349766.7
 10
470093.535
 20
4349766.7
  0
TEXT
  5
2BB
330
17
100
AcDbEntity
  8
0
 62
4
100
AcDbText
 10
470093.875
 20
4349767.13
 30
0.0
 40
0.1333
  1
0.69
  7
CN_TTF
 11
470093.875
 21
4349767.13
 31
0.0
100
AcDbText
  0
LWPOLYLINE
  5
2BC
330
17
100
AcDbEntity
  8
爆区方格网
 62
4
100
AcDbPolyline
 90
5
 70
1
 10
470093.535
 20
4349767.7
 10
470093.535
 20
4349768.7
 10
470094.535
 20
4349768.7
 10
470094.535
 20
4349767.7
 10
470093.535
 20
4349767.7
  0
TEXT
  5
2BD
330
17
100
AcDbEntity
  8
0
 62
4
100
AcDbText
 10
470093.875
 20
4349768.13
 30
0.0
 40
0.1333
  1
0.69
  7
CN_TTF
 11
470093.875
 21
4349768.13
 31
0.0
100
AcDbText
  0
LWPOLYLINE
  5
2BE
330
17
100
AcDbEntity
  8
爆区方格网
 62
4
100
AcDbPolyline
 90
5
 70
1
 10
470093.535
 20
4349768.7
 10
470093.535
 20
4349769.7
 10
470094.535
 20
4349769.7
 10
470094.535
 20
4349768.7
 10
470093.535
 20
4349768.7
  0
TEXT
  5
2BF
330
17
100
AcDbEntity
  8
0
 62
4
100
AcDbText
 10
470093.875
 20
4349769.13
 30
0.0
 40
0.1333
  1
0.69
  7
CN_TTF
 11
470093.875
 21
4349769.13
 31
0.0
100
AcDbText
  0
LWPOLYLINE
  5
2C0
330
17
100
AcDbEntity
  8
爆区方格网
 62
4
100
AcDbPolyline
 90
10
 70
1
 10
470094.535
 20
4349757.7
 10
470095.535
 20
4349757.7
 10
470095.535
 20
4349756.980604135
 10
470095.36894000886
 20
4349756.992853456
 10
470095.1984433394
 20
4349757.013882215
 10
470095.0291838729
 20
4349757.043251518
 10
470094.8615693703
 20
4349757.080890614
 10
470094.6960036296
 20
4349757.126708825
 10
470094.535
 20
4349757.179897239
 10
470094.535
 20
4349757.7
  0
TEXT
  5
2C1
330
17
100
AcDbEntity
  8
0
 62
4
100
AcDbText
 10
470094.875
 20
4349757.36994862
 30
0.0
 40
0.1333
  1
0.67
  7
CN_TTF
 11
470094.875
 21
4349757.36994862
 31
0.0
100
AcDbText
  0
LWPOLYLINE
  5
2C2
330
17
100
AcDbEntity
  8
爆区方格网
 62
4
100
AcDbPolyline
 90
5
 70
1
 10
470094.535
 20
4349757.7
 10
470094.535
 20
4349758.7
 10
470095.535
 20
4349758.7
 10
470095.535
 20
4349757.7
 10
470094.535
 20
4349757.7
  0
TEXT
  5
2C3
330
17
100
AcDbEntity
  8
0
 62
4
100
AcDbText
 10
470094.875
 20
4349758.13
 30
0.0
 40
0.1333
  1
0.67
  7
CN_TTF
 11
470094.875
 21
4349758.13
 31
0.0
100
AcDbText
  0
LWPOLYLINE
  5
2C4
330
17
100
AcDbEntity
  8
爆区方格网
 62
4
100
AcDbPolyline
 90
5
 70
1
 10
470094.535
 20
4349758.7
 10
470094.535
 20
4349759.7
 10
470095.535
 20
4349759.7
 10
470095.535
 20
4349758.7
 10
470094.535
 20
4349758.7
  0
TEXT
  5
2C5
330
17
100
AcDbEntity
  8
0
 62
4
100
AcDbText
 10
470094.875
 20
4349759.13
 30
0.0
 40
0.1333
  1
0.67
  7
CN_TTF
 11
470094.875
 21
4349759.13
 31
0.0
100
AcDbText
  0
LWPOLYLINE
  5
2C6
330
17
100
AcDbEntity
  8
爆区方格网
 62
4
100
AcDbPolyline
 90
5
 70
1
 10
470094.535
 20
4349759.7
 10
470094.535
 20
4349760.7
 10
470095.535
 20
4349760.7
 10
470095.535
 20
4349759.7
 10
470094.535
 20
4349759.7
  0
TEXT
  5
2C7
330
17
100
AcDbEntity
  8
0
 62
4
100
AcDbText
 10
470094.875
 20
4349760.13
 30
0.0
 40
0.1333
  1
0.67
  7
CN_TTF
 11
470094.875
 21
4349760.13
 31
0.0
100
AcDbText
  0
LWPOLYLINE
  5
2C8
330
17
100
AcDbEntity
  8
爆区方格网
 62
4
100
AcDbPolyline
 90
5
 70
1
 10
470094.535
 20
4349760.7
 10
470094.535
 20
4349761.7
 10
470095.535
 20
4349761.7
 10
470095.535
 20
4349760.7
 10
470094.535
 20
4349760.7
  0
TEXT
  5
2C9
330
17
100
AcDbEntity
  8
0
 62
4
100
AcDbText
 10
470094.875
 20
4349761.13
 30
0.0
 40
0.1333
  1
0.67
  7
CN_TTF
 11
470094.875
 21
4349761.13
 31
0.0
100
AcDbText
  0
LWPOLYLINE
  5
2CA
330
17
100
AcDbEntity
  8
爆区方格网
 62
4
100
AcDbPolyline
 90
5
 70
1
 10
470094.535
 20
4349761.7
 10
470094.535
 20
4349762.7
 10
470095.535
 20
4349762.7
 10
470095.535
 20
4349761.7
 10
470094.535
 20
4349761.7
  0
TEXT
  5
2CB
330
17
100
AcDbEntity
  8
0
 62
4
100
AcDbText
 10
470094.875
 20
4349762.13
 30
0.0
 40
0.1333
  1
0.67
  7
CN_TTF
 11
470094.875
 21
4349762.13
 31
0.0
100
AcDbText
  0
LWPOLYLINE
  5
2CC
330
17
100
AcDbEntity
  8
爆区方格网
 62
4
100
AcDbPolyline
 90
5
 70
1
 10
470094.535
 20
4349762.7
 10
470094.535
 20
4349763.7
 10
470095.535
 20
4349763.7
 10
470095.535
 20
4349762.7
 10
470094.535
 20
4349762.7
  0
TEXT
  5
2CD
330
17
100
AcDbEntity
  8
0
 62
4
100
AcDbText
 10
470094.875
 20
4349763.13
 30
0.0
 40
0.1333
  1
0.67
  7
CN_TTF
 11
470094.875
 21
4349763.13
 31
0.0
100
AcDbText
  0
LWPOLYLINE
  5
2CE
330
17
100
AcDbEntity
  8
爆区方格网
 62
4
100
AcDbPolyline
 90
8
 70
1
 10
470095.535
 20
4349763.7
 10
470094.535
 20
4349763.7
 10
470094.535
 20
4349764.7
 10
470095.535
 20
4349764.7
 10
470095.535
 20
4349764.154960779
 10
470095.4105579208
 20
4349763.855302567
 10
470095.535
 20
4349763.782919277
 10
470095.535
 20
4349763.7
  0
TEXT
  5
2CF
330
17
100
AcDbEntity
  8
0
 62
4
100
AcDbText
 10
470094.875
 20
4349764.357480389
 30
0.0
 40
0.1333
  1
0.69
  7
CN_TTF
 11
470094.875
 21
4349764.357480389
 31
0.0
100
AcDbText
  0
LWPOLYLINE
  5
2D0
330
17
100
AcDbEntity
  8
爆区方格网
 62
4
100
AcDbPolyline
 90
5
 70
1
 10
470094.535
 20
4349764.7
 10
470094.535
 20
4349765.7
 10
470095.535
 20
4349765.7
 10
470095.535
 20
4349764.7
 10
470094.535
 20
4349764.7
  0
TEXT
  5
2D1
330
17
100
AcDbEntity
  8
0
 62
4
100
AcDbText
 10
470094.875
 20
4349765.13
 30
0.0
 40
0.1333
  1
0.69
  7
CN_TTF
 11
470094.875
 21
4349765.13
 31
0.0
100
AcDbText
  0
LWPOLYLINE
  5
2D2
330
17
100
AcDbEntity
  8
爆区方格网
 62
4
100
AcDbPolyline
 90
5
 70
1
 10
470094.535
 20
4349765.7
 10
470094.535
 20
4349766.7
 10
470095.535
 20
4349766.7
 10
470095.535
 20
4349765.7
 10
470094.535
 20
4349765.7
  0
TEXT
  5
2D3
330
17
100
AcDbEntity
  8
0
 62
4
100
AcDbText
 10
470094.875
 20
4349766.13
 30
0.0
 40
0.1333
  1
0.69
  7
CN_TTF
 11
470094.875
 21
4349766.13
 31
0.0
100
AcDbText
  0
LWPOLYLINE
  5
2D4
330
17
100
AcDbEntity
  8
爆区方格网
 62
4
100
AcDbPolyline
 90
5
 70
1
 10
470094.535
 20
4349766.7
 10
470094.535
 20
4349767.7
 10
470095.535
 20
4349767.7
 10
470095.535
 20
4349766.7
 10
470094.535
 20
4349766.7
  0
TEXT
  5
2D5
330
17
100
AcDbEntity
  8
0
 62
4
100
AcDbText
 10
470094.875
 20
4349767.13
 30
0.0
 40
0.1333
  1
0.69
  7
CN_TTF
 11
470094.875
 21
4349767.13
 31
0.0
100
AcDbText
  0
LWPOLYLINE
  5
2D6
330
17
100
AcDbEntity
  8
爆区方格网
 62
4
100
AcDbPolyline
 90
5
 70
1
 10
470094.535
 20
4349767.7
 10
470094.535
 20
4349768.7
 10
470095.535
 20
4349768.7
 10
470095.535
 20
4349767.7
 10
470094.535
 20
4349767.7
  0
TEXT
  5
2D7
330
17
100
AcDbEntity
  8
0
 62
4
100
AcDbText
 10
470094.875
 20
4349768.13
 30
0.0
 40
0.1333
  1
0.69
  7
CN_TTF
 11
470094.875
 21
4349768.13
 31
0.0
100
AcDbText
  0
LWPOLYLINE
  5
2D8
330
17
100
AcDbEntity
  8
爆区方格网
 62
4
100
AcDbPolyline
 90
6
 70
1
 10
470095.535
 20
4349768.7
 10
470094.535
 20
4349768.7
 10
470094.535
 20
4349769.7
 10
470094.8606853654
 20
4349769.7
 10
470095.535
 20
4349769.3003006
 10
470095.535
 20
4349768.7
  0
TEXT
  5
2D9
330
17
100
AcDbEntity
  8
0
 62
4
100
AcDbText
 10
470094.875
 20
4349768.9301503
 30
0.0
 40
0.1333
  1
0.69
  7
CN_TTF
 11
470094.875
 21
4349768.9301503
 31
0.0
100
AcDbText
  0
LWPOLYLINE
  5
2DA
330
17
100
AcDbEntity
  8
爆区方格网
 62
4
100
AcDbPolyline
 90
9
 70
1
 10
470095.535
 20
4349757.7
 10
470096.535
 20
4349757.7
 10
470096.535
 20
4349757.135057006
 10
470095.9496643107
 20
4349756.985079004
 10
470095.8837368601
 20
4349756.980215903
 10
470095.712
 20
4349756.976
 10
470095.5402631399
 20
4349756.980215903
 10
470095.535
 20
4349756.980604135
 10
470095.535
 20
4349757.7
  0
TEXT
  5
2DB
330
17
100
AcDbEntity
  8
0
 62
4
100
AcDbText
 10
470095.875
 20
4349757.347528502
 30
0.0
 40
0.1333
  1
0.67
  7
CN_TTF
 11
470095.875
 21
4349757.347528502
 31
0.0
100
AcDbText
  0
LWPOLYLINE
  5
2DC
330
17
100
AcDbEntity
  8
爆区方格网
 62
4
100
AcDbPolyline
 90
5
 70
1
 10
470095.535
 20
4349757.7
 10
470095.535
 20
4349758.7
 10
470096.535
 20
4349758.7
 10
470096.535
 20
4349757.7
 10
470095.535
 20
4349757.7
  0
TEXT
  5
2DD
330
17
100
AcDbEntity
  8
0
 62
4
100
AcDbText
 10
470095.875
 20
4349758.13
 30
0.0
 40
0.1333
  1
0.67
  7
CN_TTF
 11
470095.875
 21
4349758.13
 31
0.0
100
AcDbText
  0
LWPOLYLINE
  5
2DE
330
17
100
AcDbEntity
  8
爆区方格网
 62
4
100
AcDbPolyline
 90
5
 70
1
 10
470095.535
 20
4349758.7
 10
470095.535
 20
4349759.7
 10
470096.535
 20
4349759.7
 10
470096.535
 20
4349758.7
 10
470095.535
 20
4349758.7
  0
TEXT
  5
2DF
330
17
100
AcDbEntity
  8
0
 62
4
100
AcDbText
 10
470095.875
 20
4349759.13
 30
0.0
 40
0.1333
  1
0.67
  7
CN_TTF
 11
470095.875
 21
4349759.13
 31
0.0
100
AcDbText
  0
LWPOLYLINE
  5
2E0
330
17
100
AcDbEntity
  8
爆区方格网
 62
4
100
AcDbPolyline
 90
5
 70
1
 10
470095.535
 20
4349759.7
 10
470095.535
 20
4349760.7
 10
470096.535
 20
4349760.7
 10
470096.535
 20
4349759.7
 10
470095.535
 20
4349759.7
  0
TEXT
  5
2E1
330
17
100
AcDbEntity
  8
0
 62
4
100
AcDbText
 10
470095.875
 20
4349760.13
 30
0.0
 40
0.1333
  1
0.67
  7
CN_TTF
 11
470095.875
 21
4349760.13
 31
0.0
100
AcDbText
  0
LWPOLYLINE
  5
2E2
330
17
100
AcDbEntity
  8
爆区方格网
 62
4
100
AcDbPolyline
 90
5
 70
1
 10
470095.535
 20
4349760.7
 10
470095.535
 20
4349761.7
 10
470096.535
 20
4349761.7
 10
470096.535
 20
4349760.7
 10
470095.535
 20
4349760.7
  0
TEXT
  5
2E3
330
17
100
AcDbEntity
  8
0
 62
4
100
AcDbText
 10
470095.875
 20
4349761.13
 30
0.0
 40
0.1333
  1
0.67
  7
CN_TTF
 11
470095.875
 21
4349761.13
 31
0.0
100
AcDbText
  0
LWPOLYLINE
  5
2E4
330
17
100
AcDbEntity
  8
爆区方格网
 62
4
100
AcDbPolyline
 90
5
 70
1
 10
470095.535
 20
4349761.7
 10
470095.535
 20
4349762.7
 10
470096.535
 20
4349762.7
 10
470096.535
 20
4349761.7
 10
470095.535
 20
4349761.7
  0
TEXT
  5
2E5
330
17
100
AcDbEntity
  8
0
 62
4
100
AcDbText
 10
470095.875
 20
4349762.13
 30
0.0
 40
0.1333
  1
0.67
  7
CN_TTF
 11
470095.875
 21
4349762.13
 31
0.0
100
AcDbText
  0
LWPOLYLINE
  5
2E6
330
17
100
AcDbEntity
  8
爆区方格网
 62
4
100
AcDbPolyline
 90
6
 70
1
 10
470096.535
 20
4349762.7
 10
470095.535
 20
4349762.7
 10
470095.535
 20
4349763.7
 10
470095.67755565455
 20
4349763.7
 10
470096.535
 20
4349763.201256787
 10
470096.535
 20
4349762.7
  0
TEXT
  5
2E7
330
17
100
AcDbEntity
  8
0
 62
4
100
AcDbText
 10
470095.875
 20
4349762.880628394
 30
0.0
 40
0.1333
  1
0.67
  7
CN_TTF
 11
470095.875
 21
4349762.880628394
 31
0.0
100
AcDbText
  0
LWPOLYLINE
  5
2E8
330
17
100
AcDbEntity
  8
爆区方格网
 62
4
100
AcDbPolyline
 90
6
 70
1
 10
470095.535
 20
4349765.7
 10
470095.535
 20
4349766.7
 10
470096.535
 20
4349766.7
 10
470096.535
 20
4349766.562974323
 10
470096.1766239747
 20
4349765.7
 10
470095.535
 20
4349765.7
  0
TEXT
  5
2E9
330
17
100
AcDbEntity
  8
0
 62
4
100
AcDbText
 10
470095.7854059936
 20
4349766.061487161
 30
0.0
 40
0.1333
  1
0.69
  7
CN_TTF
 11
470095.7854059936
 21
4349766.061487161
 31
0.0
100
AcDbText
  0
LWPOLYLINE
  5
2EA
330
17
100
AcDbEntity
  8
爆区方格网
 62
4
100
AcDbPolyline
 90
5
 70
1
 10
470095.535
 20
4349766.7
 10
470095.535
 20
4349767.7
 10
470096.535
 20
4349767.7
 10
470096.535
 20
4349766.7
 10
470095.535
 20
4349766.7
  0
TEXT
  5
2EB
330
17
100
AcDbEntity
  8
0
 62
4
100
AcDbText
 10
470095.875
 20
4349767.13
 30
0.0
 40
0.1333
  1
0.69
  7
CN_TTF
 11
470095.875
 21
4349767.13
 31
0.0
100
AcDbText
  0
LWPOLYLINE
  5
2EC
330
17
100
AcDbEntity
  8
爆区方格网
 62
4
100
AcDbPolyline
 90
5
 70
1
 10
470095.535
 20
4349767.7
 10
470095.535
 20
4349768.7
 10
470096.535
 20
4349768.7
 10
470096.535
 20
4349767.7
 10
470095.535
 20
4349767.7
  0
TEXT
  5
2ED
330
17
100
AcDbEntity
  8
0
 62
4
100
AcDbText
 10
470095.875
 20
4349768.13
 30
0.0
 40
0.1333
  1
0.69
  7
CN_TTF
 11
470095.875
 21
4349768.13
 31
0.0
100
AcDbText
  0
LWPOLYLINE
  5
2EE
330
17
100
AcDbEntity
  8
爆区方格网
 62
4
100
AcDbPolyline
 90
6
 70
1
 10
470096.535
 20
4349757.7
 10
470096.535
 20
4349758.7
 10
470097.535
 20
4349758.7
 10
470097.535
 20
4349758.491614353
 10
470097.12130970415
 20
4349757.7
 10
470096.535
 20
4349757.7
  0
TEXT
  5
2EF
330
17
100
AcDbEntity
  8
0
 62
4
100
AcDbText
 10
470096.77157742594
 20
4349758.025807176
 30
0.0
 40
0.1333
  1
0.67
  7
CN_TTF
 11
470096.77157742594
 21
4349758.025807176
 31
0.0
100
AcDbText
  0
LWPOLYLINE
  5
2F0
330
17
100
AcDbEntity
  8
爆区方格网
 62
4
100
AcDbPolyline
 90
5
 70
1
 10
470096.535
 20
4349758.7
 10
470096.535
 20
4349759.7
 10
470097.535
 20
4349759.7
 10
470097.535
 20
4349758.7
 10
470096.535
 20
4349758.7
  0
TEXT
  5
2F1
330
17
100
AcDbEntity
  8
0
 62
4
100
AcDbText
 10
470096.875
 20
4349759.13
 30
0.0
 40
0.1333
  1
0.67
  7
CN_TTF
 11
470096.875
 21
4349759.13
 31
0.0
100
AcDbText
  0
LWPOLYLINE
  5
2F2
330
17
100
AcDbEntity
  8
爆区方格网
 62
4
100
AcDbPolyline
 90
5
 70
1
 10
470096.535
 20
4349759.7
 10
470096.535
 20
4349760.7
 10
470097.535
 20
4349760.7
 10
470097.535
 20
4349759.7
 10
470096.535
 20
4349759.7
  0
TEXT
  5
2F3
330
17
100
AcDbEntity
  8
0
 62
4
100
AcDbText
 10
470096.875
 20
4349760.13
 30
0.0
 40
0.1333
  1
0.67
  7
CN_TTF
 11
470096.875
 21
4349760.13
 31
0.0
100
AcDbText
  0
LWPOLYLINE
  5
2F4
330
17
100
AcDbEntity
  8
爆区方格网
 62
4
100
AcDbPolyline
 90
5
 70
1
 10
470096.535
 20
4349760.7
 10
470096.535
 20
4349761.7
 10
470097.535
 20
4349761.7
 10
470097.535
 20
4349760.7
 10
470096.535
 20
4349760.7
  0
TEXT
  5
2F5
330
17
100
AcDbEntity
  8
0
 62
4
100
AcDbText
 10
470096.875
 20
4349761.13
 30
0.0
 40
0.1333
  1
0.67
  7
CN_TTF
 11
470096.875
 21
4349761.13
 31
0.0
100
AcDbText
  0
LWPOLYLINE
  5
2F6
330
17
100
AcDbEntity
  8
爆区方格网
 62
4
100
AcDbPolyline
 90
6
 70
1
 10
470097.535
 20
4349761.7
 10
470096.535
 20
4349761.7
 10
470096.535
 20
4349762.7
 10
470097.3967657089
 20
4349762.7
 10
470097.535
 20
4349762.619594298
 10
470097.535
 20
4349761.7
  0
TEXT
  5
2F7
330
17
100
AcDbEntity
  8
0
 62
4
100
AcDbText
 10
470096.875
 20
4349762.0897971485
 30
0.0
 40
0.1333
  1
0.67
  7
CN_TTF
 11
470096.875
 21
4349762.0897971485
 31
0.0
100
AcDbText
  0
LWPOLYLINE
  5
2F8
330
17
100
AcDbEntity
  8
爆区方格网
 62
4
100
AcDbPolyline
 90
6
 70
1
 10
470096.535
 20
4349767.7
 10
470096.535
 20
4349768.7
 10
470096.54773977416
 20
4349768.7
 10
470097.24967737164
 20
4349768.283927114
 10
470097.0071840871
 20
4349767.7
 10
470096.535
 20
4349767.7
  0
TEXT
  5
2F9
330
17
100
AcDbEntity
  8
0
 62
4
100
AcDbText
 10
470096.67171536473
 20
4349767.921963557
 30
0.0
 40
0.1333
  1
0.69
  7
CN_TTF
 11
470096.67171536473
 21
4349767.921963557
 31
0.0
100
AcDbText
  0
LWPOLYLINE
  5
2FA
330
17
100
AcDbEntity
  8
爆区方格网
 62
4
100
AcDbPolyline
 90
6
 70
1
 10
470097.535
 20
4349759.7
 10
470097.535
 20
4349760.7
 10
470098.535
 20
4349760.7
 10
470098.535
 20
4349760.405157793
 10
470098.1664910974
 20
4349759.7
 10
470097.535
 20
4349759.7
  0
TEXT
  5
2FB
330
17
100
AcDbEntity
  8
0
 62
4
100
AcDbText
 10
470097.78287277423
 20
4349759.982578896
 30
0.0
 40
0.1333
  1
0.67
  7
CN_TTF
 11
470097.78287277423
 21
4349759.982578896
 31
0.0
100
AcDbText
  0
LWPOLYLINE
  5
2FC
330
17
100
AcDbEntity
  8
爆区方格网
 62
4
100
AcDbPolyline
 90
5
 70
1
 10
470097.535
 20
4349760.7
 10
470097.535
 20
4349761.7
 10
470098.535
 20
4349761.7
 10
470098.535
 20
4349760.7
 10
470097.535
 20
4349760.7
  0
TEXT
  5
2FD
330
17
100
AcDbEntity
  8
0
 62
4
100
AcDbText
 10
470097.875
 20
4349761.13
 30
0.0
 40
0.1333
  1
0.67
  7
CN_TTF
 11
470097.875
 21
4349761.13
 31
0.0
100
AcDbText
  0
LWPOLYLINE
  5
2FE
330
17
100
AcDbEntity
  8
爆区方格网
 62
4
100
AcDbPolyline
 90
5
 70
1
 10
470098.535
 20
4349761.7
 10
470097.535
 20
4349761.7
 10
470097.535
 20
4349762.619594298
 10
470098.535
 20
4349762.037931809
 10
470098.535
 20
4349761.7
  0
TEXT
  5
2FF
330
17
100
AcDbEntity
  8
0
 62
4
100
AcDbText
 10
470097.625
 20
4349762.258763053
 30
0.0
 40
0.1333
  1
0.67
  7
CN_TTF
 11
470097.625
 21
4349762.258763053
 31
0.0
100
AcDbText
  0
LWPOLYLINE
  5
300
330
17
100
AcDbEntity
  8
爆区方格网
 62
4
100
AcDbPolyline
 90
11
 70
1
 10
470083.535
 20
4349800.7
 10
470083.535
 20
4349799.7
 10
470083.00158903626
 20
4349799.7
 10
470082.9482755748
 20
4349799.794111421
 10
470082.871037474
 20
4349799.947557173
 10
470082.8014216362
 20
4349800.104607987
 10
470082.7395957718
 20
4349800.264885513
 10
470082.6857088249
 20
4349800.42800363
 10
470082.6398906138
 20
4349800.593569371
 10
470082.6159908167
 20
4349800.7
 10
470083.535
 20
4349800.7
  0
TEXT
  5
301
330
17
100
AcDbEntity
  8
0
 62
4
100
AcDbText
 10
470082.9927543521
 20
4349800.114746749
 30
0.0
 40
0.1333
  1
0.52
  7
CN_TTF
 11
470082.9927543521
 21
4349800.114746749
 31
0.0
100
AcDbText
  0
LWPOLYLINE
  5
302
330
17
100
AcDbEntity
  8
爆区方格网
 62
4
100
AcDbPolyline
 90
11
 70
1
 10
470083.535
 20
4349801.7
 10
470083.535
 20
4349800.7
 10
470082.6159908167
 20
4349800.7
 10
470082.6022515186
 20
4349800.761183873
 10
470082.5728822151
 20
4349800.93044334
 10
470082.5518534566
 20
4349801.100940009
 10
470082.53921590326
 20
4349801.27226314
 10
470082.535
 20
4349801.444
 10
470082.53921590326
 20
4349801.61573686
 10
470082.54543152585
 20
4349801.7
 10
470083.535
 20
4349801.7
  0
TEXT
  5
303
330
17
100
AcDbEntity
  8
0
 62
4
100
AcDbText
 10
470082.88026733993
 20
4349801.116601574
 30
0.0
 40
0.1333
  1
0.52
  7
CN_TTF
 11
470082.88026733993
 21
4349801.116601574
 31
0.0
100
AcDbText
  0
LWPOLYLINE
  5
304
330
17
100
AcDbEntity
  8
爆区方格网
 62
4
100
AcDbPolyline
 90
11
 70
1
 10
470083.535
 20
4349802.7
 10
470083.535
 20
4349801.7
 10
470082.54543152585
 20
4349801.7
 10
470082.5518534566
 20
4349801.787059992
 10
470082.5728822151
 20
4349801.95755666
 10
470082.6022515186
 20
4349802.126816127
 10
470082.6398906138
 20
4349802.294430629
 10
470082.6857088249
 20
4349802.459996371
 10
470082.7395957718
 20
4349802.623114487
 10
470082.76925378706
 20
4349802.7
 10
470083.535
 20
4349802.7
  0
TEXT
  5
305
330
17
100
AcDbEntity
  8
0
 62
4
100
AcDbText
 10
470082.91803553305
 20
4349802.140623378
 30
0.0
 40
0.1333
  1
0.52
  7
CN_TTF
 11
470082.91803553305
 21
4349802.140623378
 31
0.0
100
AcDbText
  0
LWPOLYLINE
  5
306
330
17
100
AcDbEntity
  8
爆区方格网
 62
4
100
AcDbPolyline
 90
12
 70
1
 10
470083.535
 20
4349803.7
 10
470083.535
 20
4349802.7
 10
470082.76925378706
 20
4349802.7
 10
470082.8014216362
 20
4349802.783392013
 10
470082.871037474
 20
4349802.9404428275
 10
470082.9482755748
 20
4349803.093888579
 10
470083.032949865
 20
4349803.243359605
 10
470083.12485635694
 20
4349803.388495816
 10
470083.22377363977
 20
4349803.528947566
 10
470083.3294634132
 20
4349803.6643764945
 10
470083.3601924604
 20
4349803.7
 10
470083.535
 20
4349803.7
  0
TEXT
  5
307
330
17
100
AcDbEntity
  8
0
 62
4
100
AcDbText
 10
470083.10280635994
 20
4349803.098624092
 30
0.0
 40
0.1333
  1
0.52
  7
CN_TTF
 11
470083.10280635994
 21
4349803.098624092
 31
0.0
100
AcDbText
  0
LWPOLYLINE
  5
308
330
17
100
AcDbEntity
  8
爆区方格网
 62
4
100
AcDbPolyline
 90
9
 70
1
 10
470083.535
 20
4349799.7
 10
470084.535
 20
4349799.7
 10
470084.535
 20
4349798.7
 10
470083.8639098141
 20
4349798.7
 10
470083.8146235054
 20
4349798.738463413
 10
470083.684543658
 20
4349798.850671061
 10
470083.5601262658
 20
4349798.969126266
 10
470083.535
 20
4349798.995517208
 10
470083.535
 20
4349799.7
  0
TEXT
  5
309
330
17
100
AcDbEntity
  8
0
 62
4
100
AcDbText
 10
470083.875
 20
4349799.277758604
 30
0.0
 40
0.1333
  1
0.52
  7
CN_TTF
 11
470083.875
 21
4349799.277758604
 31
0.0
100
AcDbText
  0
LWPOLYLINE
  5
30A
330
17
100
AcDbEntity
  8
爆区方格网
 62
4
100
AcDbPolyline
 90
5
 70
1
 10
470083.535
 20
4349799.7
 10
470083.535
 20
4349800.7
 10
470084.535
 20
4349800.7
 10
470084.535
 20
4349799.7
 10
470083.535
 20
4349799.7
  0
TEXT
  5
30B
330
17
100
AcDbEntity
  8
0
 62
4
100
AcDbText
 10
470083.875
 20
4349800.13
 30
0.0
 40
0.1333
  1
0.52
  7
CN_TTF
 11
470083.875
 21
4349800.13
 31
0.0
100
AcDbText
  0
LWPOLYLINE
  5
30C
330
17
100
AcDbEntity
  8
爆区方格网
 62
4
100
AcDbPolyline
 90
5
 70
1
 10
470083.535
 20
4349800.7
 10
470083.535
 20
4349801.7
 10
470084.535
 20
4349801.7
 10
470084.535
 20
4349800.7
 10
470083.535
 20
4349800.7
  0
TEXT
  5
30D
330
17
100
AcDbEntity
  8
0
 62
4
100
AcDbText
 10
470083.875
 20
4349801.13
 30
0.0
 40
0.1333
  1
0.52
  7
CN_TTF
 11
470083.875
 21
4349801.13
 31
0.0
100
AcDbText
  0
LWPOLYLINE
  5
30E
330
17
100
AcDbEntity
  8
爆区方格网
 62
4
100
AcDbPolyline
 90
5
 70
1
 10
470083.535
 20
4349801.7
 10
470083.535
 20
4349802.7
 10
470084.535
 20
4349802.7
 10
470084.535
 20
4349801.7
 10
470083.535
 20
4349801.7
  0
TEXT
  5
30F
330
17
100
AcDbEntity
  8
0
 62
4
100
AcDbText
 10
470083.875
 20
4349802.13
 30
0.0
 40
0.1333
  1
0.52
  7
CN_TTF
 11
470083.875
 21
4349802.13
 31
0.0
100
AcDbText
  0
LWPOLYLINE
  5
310
330
17
100
AcDbEntity
  8
爆区方格网
 62
4
100
AcDbPolyline
 90
5
 70
1
 10
470083.535
 20
4349802.7
 10
470083.535
 20
4349803.7
 10
470084.535
 20
4349803.7
 10
470084.535
 20
4349802.7
 10
470083.535
 20
4349802.7
  0
TEXT
  5
311
330
17
100
AcDbEntity
  8
0
 62
4
100
AcDbText
 10
470083.875
 20
4349803.13
 30
0.0
 40
0.1333
  1
0.52
  7
CN_TTF
 11
470083.875
 21
4349803.13
 31
0.0
100
AcDbText
  0
LWPOLYLINE
  5
312
330
17
100
AcDbEntity
  8
爆区方格网
 62
4
100
AcDbPolyline
 90
12
 70
1
 10
470084.535
 20
4349798.7
 10
470085.535
 20
4349798.7
 10
470085.535
 20
4349797.980210161
 10
470085.52144333936
 20
4349797.9818822155
 10
470085.3521838729
 20
4349798.0112515185
 10
470085.1845693703
 20
4349798.048890614
 10
470085.01900362957
 20
4349798.094708825
 10
470084.8558855131
 20
4349798.148595772
 10
470084.6956079867
 20
4349798.210421637
 10
470084.538557173
 20
4349798.280037474
 10
470084.535
 20
4349798.281828004
 10
470084.535
 20
4349798.7
  0
TEXT
  5
313
330
17
100
AcDbEntity
  8
0
 62
4
100
AcDbText
 10
470084.875
 20
4349798.420914002
 30
0.0
 40
0.1333
  1
0.52
  7
CN_TTF
 11
470084.875
 21
4349798.420914002
 31
0.0
100
AcDbText
  0
LWPOLYLINE
  5
314
330
17
100
AcDbEntity
  8
爆区方格网
 62
4
100
AcDbPolyline
 90
5
 70
1
 10
470084.535
 20
4349798.7
 10
470084.535
 20
4349799.7
 10
470085.535
 20
4349799.7
 10
470085.535
 20
4349798.7
 10
470084.535
 20
4349798.7
  0
TEXT
  5
315
330
17
100
AcDbEntity
  8
0
 62
4
100
AcDbText
 10
470084.875
 20
4349799.13
 30
0.0
 40
0.1333
  1
0.52
  7
CN_TTF
 11
470084.875
 21
4349799.13
 31
0.0
100
AcDbText
  0
LWPOLYLINE
  5
316
330
17
100
AcDbEntity
  8
爆区方格网
 62
4
100
AcDbPolyline
 90
5
 70
1
 10
470084.535
 20
4349799.7
 10
470084.535
 20
4349800.7
 10
470085.535
 20
4349800.7
 10
470085.535
 20
4349799.7
 10
470084.535
 20
4349799.7
  0
TEXT
  5
317
330
17
100
AcDbEntity
  8
0
 62
4
100
AcDbText
 10
470084.875
 20
4349800.13
 30
0.0
 40
0.1333
  1
0.52
  7
CN_TTF
 11
470084.875
 21
4349800.13
 31
0.0
100
AcDbText
  0
LWPOLYLINE
  5
318
330
17
100
AcDbEntity
  8
爆区方格网
 62
4
100
AcDbPolyline
 90
5
 70
1
 10
470084.535
 20
4349800.7
 10
470084.535
 20
4349801.7
 10
470085.535
 20
4349801.7
 10
470085.535
 20
4349800.7
 10
470084.535
 20
4349800.7
  0
TEXT
  5
319
330
17
100
AcDbEntity
  8
0
 62
4
100
AcDbText
 10
470084.875
 20
4349801.13
 30
0.0
 40
0.1333
  1
0.52
  7
CN_TTF
 11
470084.875
 21
4349801.13
 31
0.0
100
AcDbText
  0
LWPOLYLINE
  5
31A
330
17
100
AcDbEntity
  8
爆区方格网
 62
4
100
AcDbPolyline
 90
5
 70
1
 10
470084.535
 20
4349801.7
 10
470084.535
 20
4349802.7
 10
470085.535
 20
4349802.7
 10
470085.535
 20
4349801.7
 10
470084.535
 20
4349801.7
  0
TEXT
  5
31B
330
17
100
AcDbEntity
  8
0
 62
4
100
AcDbText
 10
470084.875
 20
4349802.13
 30
0.0
 40
0.1333
  1
0.52
  7
CN_TTF
 11
470084.875
 21
4349802.13
 31
0.0
100
AcDbText
  0
LWPOLYLINE
  5
31C
330
17
100
AcDbEntity
  8
爆区方格网
 62
4
100
AcDbPolyline
 90
6
 70
1
 10
470085.535
 20
4349802.7
 10
470084.535
 20
4349802.7
 10
470084.535
 20
4349803.7
 10
470085.3305834923
 20
4349803.7
 10
470085.535
 20
4349803.589479841
 10
470085.535
 20
4349802.7
  0
TEXT
  5
31D
330
17
100
AcDbEntity
  8
0
 62
4
100
AcDbText
 10
470084.875
 20
4349803.07473992
 30
0.0
 40
0.1333
  1
0.52
  7
CN_TTF
 11
470084.875
 21
4349803.07473992
 31
0.0
100
AcDbText
  0
LWPOLYLINE
  5
31E
330
17
100
AcDbEntity
  8
爆区方格网
 62
4
100
AcDbPolyline
 90
11
 70
1
 10
470085.535
 20
4349786.7
 10
470086.535
 20
4349786.7
 10
470086.535
 20
4349785.7
 10
470085.97552655096
 20
4349785.7
 10
470085.90685635695
 20
4349785.797504184
 10
470085.814949865
 20
4349785.942640395
 10
470085.7302755748
 20
4349786.092111421
 10
470085.653037474
 20
4349786.245557172
 10
470085.5834216362
 20
4349786.402607987
 10
470085.535
 20
4349786.528136358
 10
470085.535
 20
4349786.7
  0
TEXT
  5
31F
330
17
100
AcDbEntity
  8
0
 62
4
100
AcDbText
 10
470085.9533282621
 20
4349786.098834297
 30
0.0
 40
0.1333
  1
0.73
  7
CN_TTF
 11
470085.9533282621
 21
4349786.098834297
 31
0.0
100
AcDbText
  0
LWPOLYLINE
  5
320
330
17
100
AcDbEntity
  8
爆区方格网
 62
4
100
AcDbPolyline
 90
5
 70
1
 10
470085.535
 20
4349786.7
 10
470085.535
 20
4349787.7
 10
470086.535
 20
4349787.7
 10
470086.535
 20
4349786.7
 10
470085.535
 20
4349786.7
  0
TEXT
  5
321
330
17
100
AcDbEntity
  8
0
 62
4
100
AcDbText
 10
470085.875
 20
4349787.13
 30
0.0
 40
0.1333
  1
0.73
  7
CN_TTF
 11
470085.875
 21
4349787.13
 31
0.0
100
AcDbText
  0
LWPOLYLINE
  5
322
330
17
100
AcDbEntity
  8
爆区方格网
 62
4
100
AcDbPolyline
 90
5
 70
1
 10
470085.535
 20
4349787.7
 10
470085.535
 20
4349788.7
 10
470086.535
 20
4349788.7
 10
470086.535
 20
4349787.7
 10
470085.535
 20
4349787.7
  0
TEXT
  5
323
330
17
100
AcDbEntity
  8
0
 62
4
100
AcDbText
 10
470085.875
 20
4349788.13
 30
0.0
 40
0.1333
  1
0.73
  7
CN_TTF
 11
470085.875
 21
4349788.13
 31
0.0
100
AcDbText
  0
LWPOLYLINE
  5
324
330
17
100
AcDbEntity
  8
爆区方格网
 62
4
100
AcDbPolyline
 90
11
 70
1
 10
470086.535
 20
4349789.7
 10
470086.535
 20
4349788.7
 10
470085.535
 20
4349788.7
 10
470085.535
 20
4349788.955863642
 10
470085.5834216362
 20
4349789.081392013
 10
470085.653037474
 20
4349789.238442827
 10
470085.7302755748
 20
4349789.391888578
 10
470085.814949865
 20
4349789.541359604
 10
470085.90685635695
 20
4349789.686495815
 10
470085.9163670769
 20
4349789.7
 10
470086.535
 20
4349789.7
  0
TEXT
  5
325
330
17
100
AcDbEntity
  8
0
 62
4
100
AcDbText
 10
470085.9166147776
 20
4349789.0899174195
 30
0.0
 40
0.1333
  1
0.73
  7
CN_TTF
 11
470085.9166147776
 21
4349789.0899174195
 31
0.0
100
AcDbText
  0
LWPOLYLINE
  5
326
330
17
100
AcDbEntity
  8
爆区方格网
 62
4
100
AcDbPolyline
 90
11
 70
1
 10
470085.535
 20
4349798.7
 10
470086.535
 20
4349798.7
 10
470086.535
 20
4349797.991349802
 10
470086.4935511919
 20
4349797.9750979375
 10
470086.3780599911
 20
4349797.9608534565
 10
470086.2067368601
 20
4349797.948215904
 10
470086.035
 20
4349797.944
 10
470085.86326313985
 20
4349797.948215904
 10
470085.69194000884
 20
4349797.9608534565
 10
470085.535
 20
4349797.980210161
 10
470085.535
 20
4349798.7
  0
TEXT
  5
327
330
17
100
AcDbEntity
  8
0
 62
4
100
AcDbText
 10
470085.875
 20
4349798.275674901
 30
0.0
 40
0.1333
  1
0.52
  7
CN_TTF
 11
470085.875
 21
4349798.275674901
 31
0.0
100
AcDbText
  0
LWPOLYLINE
  5
328
330
17
100
AcDbEntity
  8
爆区方格网
 62
4
100
AcDbPolyline
 90
5
 70
1
 10
470085.535
 20
4349798.7
 10
470085.535
 20
4349799.7
 10
470086.535
 20
4349799.7
 10
470086.535
 20
4349798.7
 10
470085.535
 20
4349798.7
  0
TEXT
  5
329
330
17
100
AcDbEntity
  8
0
 62
4
100
AcDbText
 10
470085.875
 20
4349799.13
 30
0.0
 40
0.1333
  1
0.52
  7
CN_TTF
 11
470085.875
 21
4349799.13
 31
0.0
100
AcDbText
  0
LWPOLYLINE
  5
32A
330
17
100
AcDbEntity
  8
爆区方格网
 62
4
100
AcDbPolyline
 90
5
 70
1
 10
470085.535
 20
4349799.7
 10
470085.535
 20
4349800.7
 10
470086.535
 20
4349800.7
 10
470086.535
 20
4349799.7
 10
470085.535
 20
4349799.7
  0
TEXT
  5
32B
330
17
100
AcDbEntity
  8
0
 62
4
100
AcDbText
 10
470085.875
 20
4349800.13
 30
0.0
 40
0.1333
  1
0.52
  7
CN_TTF
 11
470085.875
 21
4349800.13
 31
0.0
100
AcDbText
  0
LWPOLYLINE
  5
32C
330
17
100
AcDbEntity
  8
爆区方格网
 62
4
100
AcDbPolyline
 90
5
 70
1
 10
470085.535
 20
4349800.7
 10
470085.535
 20
4349801.7
 10
470086.535
 20
4349801.7
 10
470086.535
 20
4349800.7
 10
470085.535
 20
4349800.7
  0
TEXT
  5
32D
330
17
100
AcDbEntity
  8
0
 62
4
100
AcDbText
 10
470085.875
 20
4349801.13
 30
0.0
 40
0.1333
  1
0.52
  7
CN_TTF
 11
470085.875
 21
4349801.13
 31
0.0
100
AcDbText
  0
LWPOLYLINE
  5
32E
330
17
100
AcDbEntity
  8
爆区方格网
 62
4
100
AcDbPolyline
 90
5
 70
1
 10
470085.535
 20
4349801.7
 10
470085.535
 20
4349802.7
 10
470086.535
 20
4349802.7
 10
470086.535
 20
4349801.7
 10
470085.535
 20
4349801.7
  0
TEXT
  5
32F
330
17
100
AcDbEntity
  8
0
 62
4
100
AcDbText
 10
470085.875
 20
4349802.13
 30
0.0
 40
0.1333
  1
0.52
  7
CN_TTF
 11
470085.875
 21
4349802.13
 31
0.0
100
AcDbText
  0
LWPOLYLINE
  5
330
330
17
100
AcDbEntity
  8
爆区方格网
 62
4
100
AcDbPolyline
 90
5
 70
1
 10
470086.535
 20
4349802.7
 10
470085.535
 20
4349802.7
 10
470085.535
 20
4349803.589479841
 10
470086.535
 20
4349803.048818229
 10
470086.535
 20
4349802.7
  0
TEXT
  5
331
330
17
100
AcDbEntity
  8
0
 62
4
100
AcDbText
 10
470085.625
 20
4349803.249149035
 30
0.0
 40
0.1333
  1
0.52
  7
CN_TTF
 11
470085.625
 21
4349803.249149035
 31
0.0
100
AcDbText
  0
LWPOLYLINE
  5
332
330
17
100
AcDbEntity
  8
爆区方格网
 62
4
100
AcDbPolyline
 90
10
 70
1
 10
470086.535
 20
4349785.7
 10
470087.535
 20
4349785.7
 10
470087.535
 20
4349784.7
 10
470087.0881617678
 20
4349784.7
 10
470087.0176403953
 20
4349784.739949864
 10
470086.87250418443
 20
4349784.831856357
 10
470086.73205243424
 20
4349784.930773639
 10
470086.5966235054
 20
4349785.036463412
 10
470086.535
 20
4349785.089620214
 10
470086.535
 20
4349785.7
  0
TEXT
  5
333
330
17
100
AcDbEntity
  8
0
 62
4
100
AcDbText
 10
470086.875
 20
4349785.324810106
 30
0.0
 40
0.1333
  1
0.73
  7
CN_TTF
 11
470086.875
 21
4349785.324810106
 31
0.0
100
AcDbText
  0
LWPOLYLINE
  5
334
330
17
100
AcDbEntity
  8
爆区方格网
 62
4
100
AcDbPolyline
 90
5
 70
1
 10
470086.535
 20
4349785.7
 10
470086.535
 20
4349786.7
 10
470087.535
 20
4349786.7
 10
470087.535
 20
4349785.7
 10
470086.535
 20
4349785.7
  0
TEXT
  5
335
330
17
100
AcDbEntity
  8
0
 62
4
100
AcDbText
 10
470086.875
 20
4349786.13
 30
0.0
 40
0.1333
  1
0.73
  7
CN_TTF
 11
470086.875
 21
4349786.13
 31
0.0
100
AcDbText
  0
LWPOLYLINE
  5
336
330
17
100
AcDbEntity
  8
爆区方格网
 62
4
100
AcDbPolyline
 90
5
 70
1
 10
470086.535
 20
4349786.7
 10
470086.535
 20
4349787.7
 10
470087.535
 20
4349787.7
 10
470087.535
 20
4349786.7
 10
470086.535
 20
4349786.7
  0
TEXT
  5
337
330
17
100
AcDbEntity
  8
0
 62
4
100
AcDbText
 10
470086.875
 20
4349787.13
 30
0.0
 40
0.1333
  1
0.73
  7
CN_TTF
 11
470086.875
 21
4349787.13
 31
0.0
100
AcDbText
  0
LWPOLYLINE
  5
338
330
17
100
AcDbEntity
  8
爆区方格网
 62
4
100
AcDbPolyline
 90
5
 70
1
 10
470086.535
 20
4349787.7
 10
470086.535
 20
4349788.7
 10
470087.535
 20
4349788.7
 10
470087.535
 20
4349787.7
 10
470086.535
 20
4349787.7
  0
TEXT
  5
339
330
17
100
AcDbEntity
  8
0
 62
4
100
AcDbText
 10
470086.875
 20
4349788.13
 30
0.0
 40
0.1333
  1
0.73
  7
CN_TTF
 11
470086.875
 21
4349788.13
 31
0.0
100
AcDbText
  0
LWPOLYLINE
  5
33A
330
17
100
AcDbEntity
  8
爆区方格网
 62
4
100
AcDbPolyline
 90
5
 70
1
 10
470086.535
 20
4349788.7
 10
470086.535
 20
4349789.7
 10
470087.535
 20
4349789.7
 10
470087.535
 20
4349788.7
 10
470086.535
 20
4349788.7
  0
TEXT
  5
33B
330
17
100
AcDbEntity
  8
0
 62
4
100
AcDbText
 10
470086.875
 20
4349789.13
 30
0.0
 40
0.1333
  1
0.73
  7
CN_TTF
 11
470086.875
 21
4349789.13
 31
0.0
100
AcDbText
  0
LWPOLYLINE
  5
33C
330
17
100
AcDbEntity
  8
爆区方格网
 62
4
100
AcDbPolyline
 90
9
 70
1
 10
470087.535
 20
4349790.7
 10
470087.535
 20
4349789.7
 10
470086.535
 20
4349789.7
 10
470086.535
 20
4349790.394379785
 10
470086.5966235054
 20
4349790.447536587
 10
470086.73205243424
 20
4349790.55322636
 10
470086.87250418443
 20
4349790.652143642
 10
470086.9480776315
 20
4349790.7
 10
470087.535
 20
4349790.7
  0
TEXT
  5
33D
330
17
100
AcDbEntity
  8
0
 62
4
100
AcDbText
 10
470086.875
 20
4349789.977189893
 30
0.0
 40
0.1333
  1
0.73
  7
CN_TTF
 11
470086.875
 21
4349789.977189893
 31
0.0
100
AcDbText
  0
LWPOLYLINE
  5
33E
330
17
100
AcDbEntity
  8
爆区方格网
 62
4
100
AcDbPolyline
 90
5
 70
1
 10
470086.535
 20
4349798.7
 10
470087.5269127843
 20
4349798.7
 10
470087.1763222664
 20
4349798.242808968
 10
470086.535
 20
4349797.991349802
 10
470086.535
 20
4349798.7
  0
TEXT
  5
33F
330
17
100
AcDbEntity
  8
0
 62
4
100
AcDbText
 10
470086.78330876253
 20
4349798.401404483
 30
0.0
 40
0.1333
  1
0.52
  7
CN_TTF
 11
470086.78330876253
 21
4349798.401404483
 31
0.0
100
AcDbText
  0
LWPOLYLINE
  5
340
330
17
100
AcDbEntity
  8
爆区方格网
 62
4
100
AcDbPolyline
 90
6
 70
1
 10
470086.535
 20
4349798.7
 10
470086.535
 20
4349799.7
 10
470087.535
 20
4349799.7
 10
470087.535
 20
4349798.710546214
 10
470087.5269127843
 20
4349798.7
 10
470086.535
 20
4349798.7
  0
TEXT
  5
341
330
17
100
AcDbEntity
  8
0
 62
4
100
AcDbText
 10
470086.875
 20
4349799.135273106
 30
0.0
 40
0.1333
  1
0.52
  7
CN_TTF
 11
470086.875
 21
4349799.135273106
 31
0.0
100
AcDbText
  0
LWPOLYLINE
  5
342
330
17
100
AcDbEntity
  8
爆区方格网
 62
4
100
AcDbPolyline
 90
5
 70
1
 10
470086.535
 20
4349799.7
 10
470086.535
 20
4349800.7
 10
470087.535
 20
4349800.7
 10
470087.535
 20
4349799.7
 10
470086.535
 20
4349799.7
  0
TEXT
  5
343
330
17
100
AcDbEntity
  8
0
 62
4
100
AcDbText
 10
470086.875
 20
4349800.13
 30
0.0
 40
0.1333
  1
0.52
  7
CN_TTF
 11
470086.875
 21
4349800.13
 31
0.0
100
AcDbText
  0
LWPOLYLINE
  5
344
330
17
100
AcDbEntity
  8
爆区方格网
 62
4
100
AcDbPolyline
 90
5
 70
1
 10
470086.535
 20
4349800.7
 10
470086.535
 20
4349801.7
 10
470087.535
 20
4349801.7
 10
470087.535
 20
4349800.7
 10
470086.535
 20
4349800.7
  0
TEXT
  5
345
330
17
100
AcDbEntity
  8
0
 62
4
100
AcDbText
 10
470086.875
 20
4349801.13
 30
0.0
 40
0.1333
  1
0.52
  7
CN_TTF
 11
470086.875
 21
4349801.13
 31
0.0
100
AcDbText
  0
LWPOLYLINE
  5
346
330
17
100
AcDbEntity
  8
爆区方格网
 62
4
100
AcDbPolyline
 90
6
 70
1
 10
470087.535
 20
4349801.7
 10
470086.535
 20
4349801.7
 10
470086.535
 20
4349802.7
 10
470087.18016921537
 20
4349802.7
 10
470087.535
 20
4349802.508156616
 10
470087.535
 20
4349801.7
  0
TEXT
  5
347
330
17
100
AcDbEntity
  8
0
 62
4
100
AcDbText
 10
470086.875
 20
4349802.034078307
 30
0.0
 40
0.1333
  1
0.52
  7
CN_TTF
 11
470086.875
 21
4349802.034078307
 31
0.0
100
AcDbText
  0
LWPOLYLINE
  5
348
330
17
100
AcDbEntity
  8
爆区方格网
 62
4
100
AcDbPolyline
 90
5
 70
1
 10
470087.535
 20
4349784.7
 10
470087.535
 20
4349785.7
 10
470088.535
 20
4349785.7
 10
470088.535
 20
4349784.7
 10
470087.535
 20
4349784.7
  0
TEXT
  5
349
330
17
100
AcDbEntity
  8
0
 62
4
100
AcDbText
 10
470087.875
 20
4349785.13
 30
0.0
 40
0.1333
  1
0.73
  7
CN_TTF
 11
470087.875
 21
4349785.13
 31
0.0
100
AcDbText
  0
LWPOLYLINE
  5
34A
330
17
100
AcDbEntity
  8
爆区方格网
 62
4
100
AcDbPolyline
 90
5
 70
1
 10
470087.535
 20
4349785.7
 10
470087.535
 20
4349786.7
 10
470088.535
 20
4349786.7
 10
470088.535
 20
4349785.7
 10
470087.535
 20
4349785.7
  0
TEXT
  5
34B
330
17
100
AcDbEntity
  8
0
 62
4
100
AcDbText
 10
470087.875
 20
4349786.13
 30
0.0
 40
0.1333
  1
0.73
  7
CN_TTF
 11
470087.875
 21
4349786.13
 31
0.0
100
AcDbText
  0
LWPOLYLINE
  5
34C
330
17
100
AcDbEntity
  8
爆区方格网
 62
4
100
AcDbPolyline
 90
5
 70
1
 10
470087.535
 20
4349786.7
 10
470087.535
 20
4349787.7
 10
470088.535
 20
4349787.7
 10
470088.535
 20
4349786.7
 10
470087.535
 20
4349786.7
  0
TEXT
  5
34D
330
17
100
AcDbEntity
  8
0
 62
4
100
AcDbText
 10
470087.875
 20
4349787.13
 30
0.0
 40
0.1333
  1
0.73
  7
CN_TTF
 11
470087.875
 21
4349787.13
 31
0.0
100
AcDbText
  0
LWPOLYLINE
  5
34E
330
17
100
AcDbEntity
  8
爆区方格网
 62
4
100
AcDbPolyline
 90
5
 70
1
 10
470087.535
 20
4349787.7
 10
470087.535
 20
4349788.7
 10
470088.535
 20
4349788.7
 10
470088.535
 20
4349787.7
 10
470087.535
 20
4349787.7
  0
TEXT
  5
34F
330
17
100
AcDbEntity
  8
0
 62
4
100
AcDbText
 10
470087.875
 20
4349788.13
 30
0.0
 40
0.1333
  1
0.73
  7
CN_TTF
 11
470087.875
 21
4349788.13
 31
0.0
100
AcDbText
  0
LWPOLYLINE
  5
350
330
17
100
AcDbEntity
  8
爆区方格网
 62
4
100
AcDbPolyline
 90
5
 70
1
 10
470087.535
 20
4349788.7
 10
470087.535
 20
4349789.7
 10
470088.535
 20
4349789.7
 10
470088.535
 20
4349788.7
 10
470087.535
 20
4349788.7
  0
TEXT
  5
351
330
17
100
AcDbEntity
  8
0
 62
4
100
AcDbText
 10
470087.875
 20
4349789.13
 30
0.0
 40
0.1333
  1
0.73
  7
CN_TTF
 11
470087.875
 21
4349789.13
 31
0.0
100
AcDbText
  0
LWPOLYLINE
  5
352
330
17
100
AcDbEntity
  8
爆区方格网
 62
4
100
AcDbPolyline
 90
5
 70
1
 10
470087.535
 20
4349789.7
 10
470087.535
 20
4349790.7
 10
470088.535
 20
4349790.7
 10
470088.535
 20
4349789.7
 10
470087.535
 20
4349789.7
  0
TEXT
  5
353
330
17
100
AcDbEntity
  8
0
 62
4
100
AcDbText
 10
470087.875
 20
4349790.13
 30
0.0
 40
0.1333
  1
0.73
  7
CN_TTF
 11
470087.875
 21
4349790.13
 31
0.0
100
AcDbText
  0
LWPOLYLINE
  5
354
330
17
100
AcDbEntity
  8
爆区方格网
 62
4
100
AcDbPolyline
 90
6
 70
1
 10
470087.535
 20
4349799.7
 10
470087.535
 20
4349800.7
 10
470088.535
 20
4349800.7
 10
470088.535
 20
4349800.014606104
 10
470088.2937487305
 20
4349799.7
 10
470087.535
 20
4349799.7
  0
TEXT
  5
355
330
17
100
AcDbEntity
  8
0
 62
4
100
AcDbText
 10
470087.875
 20
4349800.287303052
 30
0.0
 40
0.1333
  1
0.52
  7
CN_TTF
 11
470087.875
 21
4349800.287303052
 31
0.0
100
AcDbText
  0
LWPOLYLINE
  5
356
330
17
100
AcDbEntity
  8
爆区方格网
 62
4
100
AcDbPolyline
 90
5
 70
1
 10
470087.535
 20
4349800.7
 10
470087.535
 20
4349801.7
 10
470088.535
 20
4349801.7
 10
470088.535
 20
4349800.7
 10
470087.535
 20
4349800.7
  0
TEXT
  5
357
330
17
100
AcDbEntity
  8
0
 62
4
100
AcDbText
 10
470087.875
 20
4349801.13
 30
0.0
 40
0.1333
  1
0.52
  7
CN_TTF
 11
470087.875
 21
4349801.13
 31
0.0
100
AcDbText
  0
LWPOLYLINE
  5
358
330
17
100
AcDbEntity
  8
爆区方格网
 62
4
100
AcDbPolyline
 90
5
 70
1
 10
470088.535
 20
4349801.7
 10
470087.535
 20
4349801.7
 10
470087.535
 20
4349802.508156616
 10
470088.535
 20
4349801.967495003
 10
470088.535
 20
4349801.7
  0
TEXT
  5
359
330
17
100
AcDbEntity
  8
0
 62
4
100
AcDbText
 10
470087.6250000004
 20
4349802.167825809
 30
0.0
 40
0.1333
  1
0.52
  7
CN_TTF
 11
470087.6250000004
 21
4349802.167825809
 31
0.0
100
AcDbText
  0
LWPOLYLINE
  5
35A
330
17
100
AcDbEntity
  8
爆区方格网
 62
4
100
AcDbPolyline
 90
5
 70
1
 10
470088.535
 20
4349784.7
 10
470088.535
 20
4349785.7
 10
470089.535
 20
4349785.7
 10
470089.535
 20
4349784.7
 10
470088.535
 20
4349784.7
  0
TEXT
  5
35B
330
17
100
AcDbEntity
  8
0
 62
4
100
AcDbText
 10
470088.875
 20
4349785.13
 30
0.0
 40
0.1333
  1
0.81
  7
CN_TTF
 11
470088.875
 21
4349785.13
 31
0.0
100
AcDbText
  0
LWPOLYLINE
  5
35C
330
17
100
AcDbEntity
  8
爆区方格网
 62
4
100
AcDbPolyline
 90
5
 70
1
 10
470088.535
 20
4349785.7
 10
470088.535
 20
4349786.7
 10
470089.535
 20
4349786.7
 10
470089.535
 20
4349785.7
 10
470088.535
 20
4349785.7
  0
TEXT
  5
35D
330
17
100
AcDbEntity
  8
0
 62
4
100
AcDbText
 10
470088.875
 20
4349786.13
 30
0.0
 40
0.1333
  1
0.81
  7
CN_TTF
 11
470088.875
 21
4349786.13
 31
0.0
100
AcDbText
  0
LWPOLYLINE
  5
35E
330
17
100
AcDbEntity
  8
爆区方格网
 62
4
100
AcDbPolyline
 90
5
 70
1
 10
470088.535
 20
4349786.7
 10
470088.535
 20
4349787.7
 10
470089.535
 20
4349787.7
 10
470089.535
 20
4349786.7
 10
470088.535
 20
4349786.7
  0
TEXT
  5
35F
330
17
100
AcDbEntity
  8
0
 62
4
100
AcDbText
 10
470088.875
 20
4349787.13
 30
0.0
 40
0.1333
  1
0.81
  7
CN_TTF
 11
470088.875
 21
4349787.13
 31
0.0
100
AcDbText
  0
LWPOLYLINE
  5
360
330
17
100
AcDbEntity
  8
爆区方格网
 62
4
100
AcDbPolyline
 90
5
 70
1
 10
470088.535
 20
4349787.7
 10
470088.535
 20
4349788.7
 10
470089.535
 20
4349788.7
 10
470089.535
 20
4349787.7
 10
470088.535
 20
4349787.7
  0
TEXT
  5
361
330
17
100
AcDbEntity
  8
0
 62
4
100
AcDbText
 10
470088.875
 20
4349788.13
 30
0.0
 40
0.1333
  1
0.81
  7
CN_TTF
 11
470088.875
 21
4349788.13
 31
0.0
100
AcDbText
  0
LWPOLYLINE
  5
362
330
17
100
AcDbEntity
  8
爆区方格网
 62
4
100
AcDbPolyline
 90
5
 70
1
 10
470088.535
 20
4349788.7
 10
470088.535
 20
4349789.7
 10
470089.535
 20
4349789.7
 10
470089.535
 20
4349788.7
 10
470088.535
 20
4349788.7
  0
TEXT
  5
363
330
17
100
AcDbEntity
  8
0
 62
4
100
AcDbText
 10
470088.875
 20
4349789.13
 30
0.0
 40
0.1333
  1
0.81
  7
CN_TTF
 11
470088.875
 21
4349789.13
 31
0.0
100
AcDbText
  0
LWPOLYLINE
  5
364
330
17
100
AcDbEntity
  8
爆区方格网
 62
4
100
AcDbPolyline
 90
6
 70
1
 10
470089.535
 20
4349789.7
 10
470088.535
 20
4349789.7
 10
470088.535
 20
4349790.7
 10
470089.449835337
 20
4349790.7
 10
470089.535
 20
4349790.630139163
 10
470089.535
 20
4349789.7
  0
TEXT
  5
365
330
17
100
AcDbEntity
  8
0
 62
4
100
AcDbText
 10
470088.875
 20
4349790.095069582
 30
0.0
 40
0.1333
  1
0.73
  7
CN_TTF
 11
470088.875
 21
4349790.095069582
 31
0.0
100
AcDbText
  0
LWPOLYLINE
  5
366
330
17
100
AcDbEntity
  8
爆区方格网
 62
4
100
AcDbPolyline
 90
7
 70
1
 10
470088.535
 20
4349800.7
 10
470088.535
 20
4349801.7
 10
470089.02975493844
 20
4349801.7
 10
470089.5345841033
 20
4349801.42705825
 10
470089.5318214689
 20
4349801.314521
 10
470089.0605846767
 20
4349800.7
 10
470088.535
 20
4349800.7
  0
TEXT
  5
367
330
17
100
AcDbEntity
  8
0
 62
4
100
AcDbText
 10
470088.7556015362
 20
4349800.937260499
 30
0.0
 40
0.1333
  1
0.52
  7
CN_TTF
 11
470088.7556015362
 21
4349800.937260499
 31
0.0
100
AcDbText
  0
LWPOLYLINE
  5
368
330
17
100
AcDbEntity
  8
爆区方格网
 62
4
100
AcDbPolyline
 90
6
 70
1
 10
470089.535
 20
4349784.7
 10
470089.535
 20
4349785.7
 10
470090.535
 20
4349785.7
 10
470090.535
 20
4349785.100544161
 10
470090.3179871642
 20
4349784.7
 10
470089.535
 20
4349784.7
  0
TEXT
  5
369
330
17
100
AcDbEntity
  8
0
 62
4
100
AcDbText
 10
470089.875
 20
4349785.33027208
 30
0.0
 40
0.1333
  1
0.81
  7
CN_TTF
 11
470089.875
 21
4349785.33027208
 31
0.0
100
AcDbText
  0
LWPOLYLINE
  5
36A
330
17
100
AcDbEntity
  8
爆区方格网
 62
4
100
AcDbPolyline
 90
5
 70
1
 10
470089.535
 20
4349785.7
 10
470089.535
 20
4349786.7
 10
470090.535
 20
4349786.7
 10
470090.535
 20
4349785.7
 10
470089.535
 20
4349785.7
  0
TEXT
  5
36B
330
17
100
AcDbEntity
  8
0
 62
4
100
AcDbText
 10
470089.875
 20
4349786.13
 30
0.0
 40
0.1333
  1
0.81
  7
CN_TTF
 11
470089.875
 21
4349786.13
 31
0.0
100
AcDbText
  0
LWPOLYLINE
  5
36C
330
17
100
AcDbEntity
  8
爆区方格网
 62
4
100
AcDbPolyline
 90
5
 70
1
 10
470089.535
 20
4349786.7
 10
470089.535
 20
4349787.7
 10
470090.535
 20
4349787.7
 10
470090.535
 20
4349786.7
 10
470089.535
 20
4349786.7
  0
TEXT
  5
36D
330
17
100
AcDbEntity
  8
0
 62
4
100
AcDbText
 10
470089.875
 20
4349787.13
 30
0.0
 40
0.1333
  1
0.81
  7
CN_TTF
 11
470089.875
 21
4349787.13
 31
0.0
100
AcDbText
  0
LWPOLYLINE
  5
36E
330
17
100
AcDbEntity
  8
爆区方格网
 62
4
100
AcDbPolyline
 90
5
 70
1
 10
470089.535
 20
4349787.7
 10
470089.535
 20
4349788.7
 10
470090.535
 20
4349788.7
 10
470090.535
 20
4349787.7
 10
470089.535
 20
4349787.7
  0
TEXT
  5
36F
330
17
100
AcDbEntity
  8
0
 62
4
100
AcDbText
 10
470089.875
 20
4349788.13
 30
0.0
 40
0.1333
  1
0.81
  7
CN_TTF
 11
470089.875
 21
4349788.13
 31
0.0
100
AcDbText
  0
LWPOLYLINE
  5
370
330
17
100
AcDbEntity
  8
爆区方格网
 62
4
100
AcDbPolyline
 90
5
 70
1
 10
470089.535
 20
4349788.7
 10
470089.535
 20
4349789.7
 10
470090.535
 20
4349789.7
 10
470090.535
 20
4349788.7
 10
470089.535
 20
4349788.7
  0
TEXT
  5
371
330
17
100
AcDbEntity
  8
0
 62
4
100
AcDbText
 10
470089.875
 20
4349789.13
 30
0.0
 40
0.1333
  1
0.81
  7
CN_TTF
 11
470089.875
 21
4349789.13
 31
0.0
100
AcDbText
  0
LWPOLYLINE
  5
372
330
17
100
AcDbEntity
  8
爆区方格网
 62
4
100
AcDbPolyline
 90
5
 70
1
 10
470090.535
 20
4349789.7
 10
470089.535
 20
4349789.7
 10
470089.535
 20
4349790.630139163
 10
470090.535
 20
4349789.80983606
 10
470090.535
 20
4349789.7
  0
TEXT
  5
373
330
17
100
AcDbEntity
  8
0
 62
4
100
AcDbText
 10
470089.625
 20
4349790.149987611
 30
0.0
 40
0.1333
  1
0.81
  7
CN_TTF
 11
470089.625
 21
4349790.149987611
 31
0.0
100
AcDbText
  0
LWPOLYLINE
  5
374
330
17
100
AcDbEntity
  8
爆区方格网
 62
4
100
AcDbPolyline
 90
5
 70
1
 10
470090.535
 20
4349785.7
 10
470090.535
 20
4349786.7
 10
470091.4015772235
 20
4349786.7
 10
470090.85978219385
 20
4349785.7
 10
470090.535
 20
4349785.7
  0
TEXT
  5
375
330
17
100
AcDbEntity
  8
0
 62
4
100
AcDbText
 10
470090.6728398543
 20
4349786.13
 30
0.0
 40
0.1333
  1
0.81
  7
CN_TTF
 11
470090.6728398543
 21
4349786.13
 31
0.0
100
AcDbText
  0
LWPOLYLINE
  5
376
330
17
100
AcDbEntity
  8
爆区方格网
 62
4
100
AcDbPolyline
 90
6
 70
1
 10
470090.535
 20
4349786.7
 10
470090.535
 20
4349787.7
 10
470091.535
 20
4349787.7
 10
470091.535
 20
4349786.946260613
 10
470091.4015772235
 20
4349786.7
 10
470090.535
 20
4349786.7
  0
TEXT
  5
377
330
17
100
AcDbEntity
  8
0
 62
4
100
AcDbText
 10
470090.875
 20
4349787.2531303065
 30
0.0
 40
0.1333
  1
0.81
  7
CN_TTF
 11
470090.875
 21
4349787.2531303065
 31
0.0
100
AcDbText
  0
LWPOLYLINE
  5
378
330
17
100
AcDbEntity
  8
爆区方格网
 62
4
100
AcDbPolyline
 90
5
 70
1
 10
470090.535
 20
4349787.7
 10
470090.535
 20
4349788.7
 10
470091.535
 20
4349788.7
 10
470091.535
 20
4349787.7
 10
470090.535
 20
4349787.7
  0
TEXT
  5
379
330
17
100
AcDbEntity
  8
0
 62
4
100
AcDbText
 10
470090.875
 20
4349788.13
 30
0.0
 40
0.1333
  1
0.81
  7
CN_TTF
 11
470090.875
 21
4349788.13
 31
0.0
100
AcDbText
  0
LWPOLYLINE
  5
37A
330
17
100
AcDbEntity
  8
爆区方格网
 62
4
100
AcDbPolyline
 90
6
 70
1
 10
470091.535
 20
4349788.7
 10
470090.535
 20
4349788.7
 10
470090.535
 20
4349789.7
 10
470090.6688969204
 20
4349789.7
 10
470091.535
 20
4349788.989532956
 10
470091.535
 20
4349788.7
  0
TEXT
  5
37B
330
17
100
AcDbEntity
  8
0
 62
4
100
AcDbText
 10
470090.65847423015
 20
4349789.274766478
 30
0.0
 40
0.1333
  1
0.81
  7
CN_TTF
 11
470090.65847423015
 21
4349789.274766478
 31
0.0
100
AcDbText
  0
LWPOLYLINE
  5
37C
330
17
100
AcDbEntity
  8
爆区方格网
 62
4
100
AcDbPolyline
 90
7
 70
1
 10
470091.535
 20
4349787.7
 10
470091.535
 20
4349788.7
 10
470091.8879585038
 20
4349788.7
 10
470092.2803272313
 20
4349788.378138715
 10
470092.28771537874
 20
4349788.335559772
 10
470091.94337225315
 20
4349787.7
 10
470091.535
 20
4349787.7
  0
TEXT
  5
37D
330
17
100
AcDbEntity
  8
0
 62
4
100
AcDbText
 10
470091.6652719081
 20
4349787.947779886
 30
0.0
 40
0.1333
  1
0.81
  7
CN_TTF
 11
470091.6652719081
 21
4349787.947779886
 31
0.0
100
AcDbText
  0
LINE
  5
37E
330
17
100
AcDbEntity
  8
点
 62
138
420
19532
100
AcDbLine
 10
470103.485
 20
4349729.2
 30
0.0
 11
470104.485
 21
4349729.2
 31
0.0
  0
LINE
  5
37F
330
17
100
AcDbEntity
  8
点
 62
138
420
19532
100
AcDbLine
 10
470103.985
 20
4349728.7
 30
0.0
 11
470103.985
 21
4349729.7
 31
0.0
  0
LINE
  5
380
330
17
100
AcDbEntity
  8
钻孔
 62
5
370
35
100
AcDbLine
 10
470103.985
 20
4349729.2
 30
0.0
 11
470102.785
 21
4349729.2
 31
0.0
  0
TEXT
  5
381
330
17
100
AcDbEntity
  8
钻孔
 62
138
420
19532
100
AcDbText
 10
470101.70499999996
 20
4349729.600000001
 30
0.0
 40
0.4
  1
BS-3940-1008-P1
  7
CN_TTF
 11
470101.70499999996
 21
4349729.600000001
 31
0.0
100
AcDbText
  0
TEXT
  5
382
330
17
100
AcDbEntity
  8
钻孔
 62
5
100
AcDbText
 10
470100.795
 20
4349728.850000001
 30
0.0
 40
0.7
  1
1.11
  7
CN_TTF
 11
470100.795
 21
4349728.850000001
 31
0.0
100
AcDbText
  0
LINE
  5
383
330
17
100
AcDbEntity
  8
点
 62
138
420
19532
100
AcDbLine
 10
470105.711
 20
4349731.335
 30
0.0
 11
470106.711
 21
4349731.335
 31
0.0
  0
LINE
  5
384
330
17
100
AcDbEntity
  8
点
 62
138
420
19532
100
AcDbLine
 10
470106.211
 20
4349730.835
 30
0.0
 11
470106.211
 21
4349731.835
 31
0.0
  0
LINE
  5
385
330
17
100
AcDbEntity
  8
钻孔
 62
5
370
35
100
AcDbLine
 10
470106.211
 20
4349731.335
 30
0.0
 11
470105.011
 21
4349731.335
 31
0.0
  0
TEXT
  5
386
330
17
100
AcDbEntity
  8
钻孔
 62
138
420
19532
100
AcDbText
 10
470103.931
 20
4349731.735
 30
0.0
 40
0.4
  1
BS-3940-1008-P2
  7
CN_TTF
 11
470103.931
 21
4349731.735
 31
0.0
100
AcDbText
  0
TEXT
  5
387
330
17
100
AcDbEntity
  8
钻孔
 62
5
100
AcDbText
 10
470103.021
 20
4349730.985
 30
0.0
 40
0.7
  1
1.35
  7
CN_TTF
 11
470103.021
 21
4349730.985
 31
0.0
100
AcDbText
  0
LINE
  5
388
330
17
100
AcDbEntity
  8
点
 62
138
420
19532
100
AcDbLine
 10
470102.881
 20
4349733.749
 30
0.0
 11
470103.881
 21
4349733.749
 31
0.0
  0
LINE
  5
389
330
17
100
AcDbEntity
  8
点
 62
138
420
19532
100
AcDbLine
 10
470103.381
 20
4349733.249
 30
0.0
 11
470103.381
 21
4349734.249
 31
0.0
  0
LINE
  5
38A
330
17
100
AcDbEntity
  8
钻孔
 62
5
370
35
100
AcDbLine
 10
470103.381
 20
4349733.749
 30
0.0
 11
470102.181
 21
4349733.749
 31
0.0
  0
TEXT
  5
38B
330
17
100
AcDbEntity
  8
钻孔
 62
138
420
19532
100
AcDbText
 10
470101.10099999997
 20
4349734.149
 30
0.0
 40
0.4
  1
BS-3940-1008-P3
  7
CN_TTF
 11
470101.10099999997
 21
4349734.149
 31
0.0
100
AcDbText
  0
TEXT
  5
38C
330
17
100
AcDbEntity
  8
钻孔
 62
5
100
AcDbText
 10
470100.191
 20
4349733.399
 30
0.0
 40
0.7
  1
1.32
  7
CN_TTF
 11
470100.191
 21
4349733.399
 31
0.0
100
AcDbText
  0
LINE
  5
38D
330
17
100
AcDbEntity
  8
点
 62
138
420
19532
100
AcDbLine
 10
470103.756
 20
4349736.512
 30
0.0
 11
470104.756
 21
4349736.512
 31
0.0
  0
LINE
  5
38E
330
17
100
AcDbEntity
  8
点
 62
138
420
19532
100
AcDbLine
 10
470104.256
 20
4349736.012
 30
0.0
 11
470104.256
 21
4349737.012
 31
0.0
  0
LINE
  5
38F
330
17
100
AcDbEntity
  8
钻孔
 62
4
370
35
100
AcDbLine
 10
470104.256
 20
4349736.512
 30
0.0
 11
470103.056
 21
4349736.512
 31
0.0
  0
TEXT
  5
390
330
17
100
AcDbEntity
  8
钻孔
 62
138
420
19532
100
AcDbText
 10
470101.97599999997
 20
4349736.9120000005
 30
0.0
 40
0.4
  1
BS-3940-1008-P4
  7
CN_TTF
 11
470101.97599999997
 21
4349736.9120000005
 31
0.0
100
AcDbText
  0
TEXT
  5
391
330
17
100
AcDbEntity
  8
钻孔
 62
4
100
AcDbText
 10
470101.066
 20
4349736.1620000005
 30
0.0
 40
0.7
  1
0.87
  7
CN_TTF
 11
470101.066
 21
4349736.1620000005
 31
0.0
100
AcDbText
  0
LINE
  5
392
330
17
100
AcDbEntity
  8
点
 62
138
420
19532
100
AcDbLine
 10
470100.71
 20
4349739.658
 30
0.0
 11
470101.71
 21
4349739.658
 31
0.0
  0
LINE
  5
393
330
17
100
AcDbEntity
  8
点
 62
138
420
19532
100
AcDbLine
 10
470101.21
 20
4349739.158
 30
0.0
 11
470101.21
 21
4349740.158
 31
0.0
  0
LINE
  5
394
330
17
100
AcDbEntity
  8
钻孔
 62
5
370
35
100
AcDbLine
 10
470101.21
 20
4349739.658
 30
0.0
 11
470100.01
 21
4349739.658
 31
0.0
  0
TEXT
  5
395
330
17
100
AcDbEntity
  8
钻孔
 62
138
420
19532
100
AcDbText
 10
470098.93
 20
4349740.058
 30
0.0
 40
0.4
  1
BS-3940-1008-P5
  7
CN_TTF
 11
470098.93
 21
4349740.058
 31
0.0
100
AcDbText
  0
TEXT
  5
396
330
17
100
AcDbEntity
  8
钻孔
 62
5
100
AcDbText
 10
470098.02
 20
4349739.308
 30
0.0
 40
0.7
  1
1.26
  7
CN_TTF
 11
470098.02
 21
4349739.308
 31
0.0
100
AcDbText
  0
LINE
  5
397
330
17
100
AcDbEntity
  8
点
 62
138
420
19532
100
AcDbLine
 10
470103.323
 20
4349744.23
 30
0.0
 11
470104.323
 21
4349744.23
 31
0.0
  0
LINE
  5
398
330
17
100
AcDbEntity
  8
点
 62
138
420
19532
100
AcDbLine
 10
470103.823
 20
4349743.73
 30
0.0
 11
470103.823
 21
4349744.73
 31
0.0
  0
LINE
  5
399
330
17
100
AcDbEntity
  8
钻孔
 62
4
370
35
100
AcDbLine
 10
470103.823
 20
4349744.23
 30
0.0
 11
470102.62299999996
 21
4349744.23
 31
0.0
  0
TEXT
  5
39A
330
17
100
AcDbEntity
  8
钻孔
 62
138
420
19532
100
AcDbText
 10
470101.54299999995
 20
4349744.630000001
 30
0.0
 40
0.4
  1
BS-3940-1008-P6
  7
CN_TTF
 11
470101.54299999995
 21
4349744.630000001
 31
0.0
100
AcDbText
  0
TEXT
  5
39B
330
17
100
AcDbEntity
  8
钻孔
 62
4
100
AcDbText
 10
470100.633
 20
4349743.880000001
 30
0.0
 40
0.7
  1
0.71
  7
CN_TTF
 11
470100.633
 21
4349743.880000001
 31
0.0
100
AcDbText
  0
LINE
  5
39C
330
17
100
AcDbEntity
  8
点
 62
138
420
19532
100
AcDbLine
 10
470098.941
 20
4349746.238
 30
0.0
 11
470099.941
 21
4349746.238
 31
0.0
  0
LINE
  5
39D
330
17
100
AcDbEntity
  8
点
 62
138
420
19532
100
AcDbLine
 10
470099.441
 20
4349745.738
 30
0.0
 11
470099.441
 21
4349746.738
 31
0.0
  0
LINE
  5
39E
330
17
100
AcDbEntity
  8
钻孔
 62
5
370
35
100
AcDbLine
 10
470099.441
 20
4349746.238
 30
0.0
 11
470098.241
 21
4349746.238
 31
0.0
  0
TEXT
  5
39F
330
17
100
AcDbEntity
  8
钻孔
 62
138
420
19532
100
AcDbText
 10
470097.16099999996
 20
4349746.638
 30
0.0
 40
0.4
  1
BS-3940-1008-P7
  7
CN_TTF
 11
470097.16099999996
 21
4349746.638
 31
0.0
100
AcDbText
  0
TEXT
  5
3A0
330
17
100
AcDbEntity
  8
钻孔
 62
5
100
AcDbText
 10
470096.251
 20
4349745.888
 30
0.0
 40
0.7
  1
1.04
  7
CN_TTF
 11
470096.251
 21
4349745.888
 31
0.0
100
AcDbText
  0
LINE
  5
3A1
330
17
100
AcDbEntity
  8
点
 62
138
420
19532
100
AcDbLine
 10
470101.488
 20
4349750.804
 30
0.0
 11
470102.488
 21
4349750.804
 31
0.0
  0
LINE
  5
3A2
330
17
100
AcDbEntity
  8
点
 62
138
420
19532
100
AcDbLine
 10
470101.988
 20
4349750.304
 30
0.0
 11
470101.988
 21
4349751.304
 31
0.0
  0
LINE
  5
3A3
330
17
100
AcDbEntity
  8
钻孔
 62
4
370
35
100
AcDbLine
 10
470101.988
 20
4349750.804
 30
0.0
 11
470100.788
 21
4349750.804
 31
0.0
  0
TEXT
  5
3A4
330
17
100
AcDbEntity
  8
钻孔
 62
138
420
19532
100
AcDbText
 10
470099.708
 20
4349751.204
 30
0.0
 40
0.4
  1
BS-3940-1008-P8
  7
CN_TTF
 11
470099.708
 21
4349751.204
 31
0.0
100
AcDbText
  0
TEXT
  5
3A5
330
17
100
AcDbEntity
  8
钻孔
 62
4
100
AcDbText
 10
470098.798
 20
4349750.454
 30
0.0
 40
0.7
  1
0.51
  7
CN_TTF
 11
470098.798
 21
4349750.454
 31
0.0
100
AcDbText
  0
LINE
  5
3A6
330
17
100
AcDbEntity
  8
点
 62
138
420
19532
100
AcDbLine
 10
470106.034
 20
4349750.135
 30
0.0
 11
470107.034
 21
4349750.135
 31
0.0
  0
LINE
  5
3A7
330
17
100
AcDbEntity
  8
点
 62
138
420
19532
100
AcDbLine
 10
470106.534
 20
4349749.635
 30
0.0
 11
470106.534
 21
4349750.635
 31
0.0
  0
LINE
  5
3A8
330
17
100
AcDbEntity
  8
钻孔
 62
4
370
35
100
AcDbLine
 10
470106.534
 20
4349750.135
 30
0.0
 11
470105.334
 21
4349750.135
 31
0.0
  0
TEXT
  5
3A9
330
17
100
AcDbEntity
  8
钻孔
 62
138
420
19532
100
AcDbText
 10
470104.25399999996
 20
4349750.535
 30
0.0
 40
0.4
  1
BS-3940-1008-P9
  7
CN_TTF
 11
470104.25399999996
 21
4349750.535
 31
0.0
100
AcDbText
  0
TEXT
  5
3AA
330
17
100
AcDbEntity
  8
钻孔
 62
4
100
AcDbText
 10
470103.344
 20
4349749.785
 30
0.0
 40
0.7
  1
0.82
  7
CN_TTF
 11
470103.344
 21
4349749.785
 31
0.0
100
AcDbText
  0
LINE
  5
3AB
330
17
100
AcDbEntity
  8
点
 62
138
420
19532
100
AcDbLine
 10
470109.301
 20
4349753.499
 30
0.0
 11
470110.301
 21
4349753.499
 31
0.0
  0
LINE
  5
3AC
330
17
100
AcDbEntity
  8
点
 62
138
420
19532
100
AcDbLine
 10
470109.801
 20
4349752.999
 30
0.0
 11
470109.801
 21
4349753.999
 31
0.0
  0
LINE
  5
3AD
330
17
100
AcDbEntity
  8
钻孔
 62
8
370
35
100
AcDbLine
 10
470109.801
 20
4349753.499
 30
0.0
 11
470108.60099999997
 21
4349753.499
 31
0.0
  0
TEXT
  5
3AE
330
17
100
AcDbEntity
  8
钻孔
 62
138
420
19532
100
AcDbText
 10
470107.52099999995
 20
4349753.899
 30
0.0
 40
0.4
  1
BS-3940-1008-P10
  7
CN_TTF
 11
470107.52099999995
 21
4349753.899
 31
0.0
100
AcDbText
  0
TEXT
  5
3AF
330
17
100
AcDbEntity
  8
钻孔
 62
8
100
AcDbText
 10
470106.611
 20
4349753.149
 30
0.0
 40
0.7
  1
0.15
  7
CN_TTF
 11
470106.611
 21
4349753.149
 31
0.0
100
AcDbText
  0
LINE
  5
3B0
330
17
100
AcDbEntity
  8
点
 62
138
420
19532
100
AcDbLine
 10
470104.63
 20
4349755.804
 30
0.0
 11
470105.63
 21
4349755.804
 31
0.0
  0
LINE
  5
3B1
330
17
100
AcDbEntity
  8
点
 62
138
420
19532
100
AcDbLine
 10
470105.13
 20
4349755.304
 30
0.0
 11
470105.13
 21
4349756.304
 31
0.0
  0
LINE
  5
3B2
330
17
100
AcDbEntity
  8
钻孔
 62
8
370
35
100
AcDbLine
 10
470105.13
 20
4349755.804
 30
0.0
 11
470103.93
 21
4349755.804
 31
0.0
  0
TEXT
  5
3B3
330
17
100
AcDbEntity
  8
钻孔
 62
138
420
19532
100
AcDbText
 10
470102.85
 20
4349756.204
 30
0.0
 40
0.4
  1
BS-3940-1008-P11
  7
CN_TTF
 11
470102.85
 21
4349756.204
 31
0.0
100
AcDbText
  0
TEXT
  5
3B4
330
17
100
AcDbEntity
  8
钻孔
 62
8
100
AcDbText
 10
470101.94
 20
4349755.454
 30
0.0
 40
0.7
  1
0.18
  7
CN_TTF
 11
470101.94
 21
4349755.454
 31
0.0
100
AcDbText
  0
LINE
  5
3B5
330
17
100
AcDbEntity
  8
点
 62
138
420
19532
100
AcDbLine
 10
470096.92
 20
4349753.81
 30
0.0
 11
470097.92
 21
4349753.81
 31
0.0
  0
LINE
  5
3B6
330
17
100
AcDbEntity
  8
点
 62
138
420
19532
100
AcDbLine
 10
470097.42
 20
4349753.31
 30
0.0
 11
470097.42
 21
4349754.31
 31
0.0
  0
LINE
  5
3B7
330
17
100
AcDbEntity
  8
钻孔
 62
5
370
35
100
AcDbLine
 10
470097.42
 20
4349753.81
 30
0.0
 11
470096.22
 21
4349753.81
 31
0.0
  0
TEXT
  5
3B8
330
17
100
AcDbEntity
  8
钻孔
 62
138
420
19532
100
AcDbText
 10
470095.13999999996
 20
4349754.21
 30
0.0
 40
0.4
  1
BS-3940-1008-P12
  7
CN_TTF
 11
470095.13999999996
 21
4349754.21
 31
0.0
100
AcDbText
  0
TEXT
  5
3B9
330
17
100
AcDbEntity
  8
钻孔
 62
5
100
AcDbText
 10
470094.23
 20
4349753.46
 30
0.0
 40
0.7
  1
1.16
  7
CN_TTF
 11
470094.23
 21
4349753.46
 31
0.0
100
AcDbText
  0
LINE
  5
3BA
330
17
100
AcDbEntity
  8
点
 62
138
420
19532
100
AcDbLine
 10
470099.705
 20
4349758.128
 30
0.0
 11
470100.705
 21
4349758.128
 31
0.0
  0
LINE
  5
3BB
330
17
100
AcDbEntity
  8
点
 62
138
420
19532
100
AcDbLine
 10
470100.205
 20
4349757.628
 30
0.0
 11
470100.205
 21
4349758.628
 31
0.0
  0
LINE
  5
3BC
330
17
100
AcDbEntity
  8
钻孔
 62
8
370
35
100
AcDbLine
 10
470100.205
 20
4349758.128
 30
0.0
 11
470099.005
 21
4349758.128
 31
0.0
  0
TEXT
  5
3BD
330
17
100
AcDbEntity
  8
钻孔
 62
138
420
19532
100
AcDbText
 10
470097.925
 20
4349758.528
 30
0.0
 40
0.4
  1
BS-3940-1008-P13
  7
CN_TTF
 11
470097.925
 21
4349758.528
 31
0.0
100
AcDbText
  0
TEXT
  5
3BE
330
17
100
AcDbEntity
  8
钻孔
 62
8
100
AcDbText
 10
470097.015
 20
4349757.778
 30
0.0
 40
0.7
  1
0.38
  7
CN_TTF
 11
470097.015
 21
4349757.778
 31
0.0
100
AcDbText
  0
LINE
  5
3BF
330
17
100
AcDbEntity
  8
点
 62
138
420
19532
100
AcDbLine
 10
470095.212
 20
4349760.476
 30
0.0
 11
470096.212
 21
4349760.476
 31
0.0
  0
LINE
  5
3C0
330
17
100
AcDbEntity
  8
点
 62
138
420
19532
100
AcDbLine
 10
470095.712
 20
4349759.976
 30
0.0
 11
470095.712
 21
4349760.976
 31
0.0
  0
LINE
  5
3C1
330
17
100
AcDbEntity
  8
钻孔
 62
4
370
35
100
AcDbLine
 10
470095.712
 20
4349760.476
 30
0.0
 11
470094.512
 21
4349760.476
 31
0.0
  0
TEXT
  5
3C2
330
17
100
AcDbEntity
  8
钻孔
 62
138
420
19532
100
AcDbText
 10
470093.432
 20
4349760.876
 30
0.0
 40
0.4
  1
BS-3940-1008-P14
  7
CN_TTF
 11
470093.432
 21
4349760.876
 31
0.0
100
AcDbText
  0
TEXT
  5
3C3
330
17
100
AcDbEntity
  8
钻孔
 62
4
100
AcDbText
 10
470092.522
 20
4349760.126
 30
0.0
 40
0.7
  1
0.67
  7
CN_TTF
 11
470092.522
 21
4349760.126
 31
0.0
100
AcDbText
  0
LINE
  5
3C4
330
17
100
AcDbEntity
  8
点
 62
138
420
19532
100
AcDbLine
 10
470102.708
 20
4349762.47
 30
0.0
 11
470103.708
 21
4349762.47
 31
0.0
  0
LINE
  5
3C5
330
17
100
AcDbEntity
  8
点
 62
138
420
19532
100
AcDbLine
 10
470103.208
 20
4349761.97
 30
0.0
 11
470103.208
 21
4349762.97
 31
0.0
  0
LINE
  5
3C6
330
17
100
AcDbEntity
  8
钻孔
 62
8
370
35
100
AcDbLine
 10
470103.208
 20
4349762.47
 30
0.0
 11
470102.008
 21
4349762.47
 31
0.0
  0
TEXT
  5
3C7
330
17
100
AcDbEntity
  8
钻孔
 62
138
420
19532
100
AcDbText
 10
470100.92799999996
 20
4349762.87
 30
0.0
 40
0.4
  1
BS-3940-1008-P15
  7
CN_TTF
 11
470100.92799999996
 21
4349762.87
 31
0.0
100
AcDbText
  0
TEXT
  5
3C8
330
17
100
AcDbEntity
  8
钻孔
 62
8
100
AcDbText
 10
470100.018
 20
4349762.12
 30
0.0
 40
0.7
  1
0.11
  7
CN_TTF
 11
470100.018
 21
4349762.12
 31
0.0
100
AcDbText
  0
LINE
  5
3C9
330
17
100
AcDbEntity
  8
点
 62
138
420
19532
100
AcDbLine
 10
470107.55
 20
4349760.481
 30
0.0
 11
470108.55
 21
4349760.481
 31
0.0
  0
LINE
  5
3CA
330
17
100
AcDbEntity
  8
点
 62
138
420
19532
100
AcDbLine
 10
470108.05
 20
4349759.981
 30
0.0
 11
470108.05
 21
4349760.981
 31
0.0
  0
LINE
  5
3CB
330
17
100
AcDbEntity
  8
钻孔
 62
8
370
35
100
AcDbLine
 10
470108.05
 20
4349760.481
 30
0.0
 11
470106.85
 21
4349760.481
 31
0.0
  0
TEXT
  5
3CC
330
17
100
AcDbEntity
  8
钻孔
 62
138
420
19532
100
AcDbText
 10
470105.76999999996
 20
4349760.881
 30
0.0
 40
0.4
  1
BS-3940-1008-P16
  7
CN_TTF
 11
470105.76999999996
 21
4349760.881
 31
0.0
100
AcDbText
  0
TEXT
  5
3CD
330
17
100
AcDbEntity
  8
钻孔
 62
8
100
AcDbText
 10
470104.86
 20
4349760.131
 30
0.0
 40
0.7
  1
0.17
  7
CN_TTF
 11
470104.86
 21
4349760.131
 31
0.0
100
AcDbText
  0
LINE
  5
3CE
330
17
100
AcDbEntity
  8
点
 62
138
420
19532
100
AcDbLine
 10
470111.465
 20
4349758.65
 30
0.0
 11
470112.465
 21
4349758.65
 31
0.0
  0
LINE
  5
3CF
330
17
100
AcDbEntity
  8
点
 62
138
420
19532
100
AcDbLine
 10
470111.965
 20
4349758.15
 30
0.0
 11
470111.965
 21
4349759.15
 31
0.0
  0
LINE
  5
3D0
330
17
100
AcDbEntity
  8
钻孔
 62
8
370
35
100
AcDbLine
 10
470111.965
 20
4349758.65
 30
0.0
 11
470110.765
 21
4349758.65
 31
0.0
  0
TEXT
  5
3D1
330
17
100
AcDbEntity
  8
钻孔
 62
138
420
19532
100
AcDbText
 10
470109.685
 20
4349759.050000001
 30
0.0
 40
0.4
  1
BS-3940-1008-P17
  7
CN_TTF
 11
470109.685
 21
4349759.050000001
 31
0.0
100
AcDbText
  0
TEXT
  5
3D2
330
17
100
AcDbEntity
  8
钻孔
 62
8
100
AcDbText
 10
470108.775
 20
4349758.300000001
 30
0.0
 40
0.7
  1
0.12
  7
CN_TTF
 11
470108.775
 21
4349758.300000001
 31
0.0
100
AcDbText
  0
LINE
  5
3D3
330
17
100
AcDbEntity
  8
点
 62
138
420
19532
100
AcDbLine
 10
470112.041
 20
4349754.645
 30
0.0
 11
470113.041
 21
4349754.645
 31
0.0
  0
LINE
  5
3D4
330
17
100
AcDbEntity
  8
点
 62
138
420
19532
100
AcDbLine
 10
470112.541
 20
4349754.145
 30
0.0
 11
470112.541
 21
4349755.145
 31
0.0
  0
LINE
  5
3D5
330
17
100
AcDbEntity
  8
钻孔
 62
8
370
35
100
AcDbLine
 10
470112.541
 20
4349754.645
 30
0.0
 11
470111.341
 21
4349754.645
 31
0.0
  0
TEXT
  5
3D6
330
17
100
AcDbEntity
  8
钻孔
 62
138
420
19532
100
AcDbText
 10
470110.261
 20
4349755.045
 30
0.0
 40
0.4
  1
BS-3940-1008-P18
  7
CN_TTF
 11
470110.261
 21
4349755.045
 31
0.0
100
AcDbText
  0
TEXT
  5
3D7
330
17
100
AcDbEntity
  8
钻孔
 62
8
100
AcDbText
 10
470109.351
 20
4349754.295
 30
0.0
 40
0.7
  1
0.17
  7
CN_TTF
 11
470109.351
 21
4349754.295
 31
0.0
100
AcDbText
  0
LINE
  5
3D8
330
17
100
AcDbEntity
  8
点
 62
138
420
19532
100
AcDbLine
 10
470110.66
 20
4349764.446
 30
0.0
 11
470111.66
 21
4349764.446
 31
0.0
  0
LINE
  5
3D9
330
17
100
AcDbEntity
  8
点
 62
138
420
19532
100
AcDbLine
 10
470111.16
 20
4349763.946
 30
0.0
 11
470111.16
 21
4349764.946
 31
0.0
  0
LINE
  5
3DA
330
17
100
AcDbEntity
  8
钻孔
 62
8
370
35
100
AcDbLine
 10
470111.16
 20
4349764.446
 30
0.0
 11
470109.95999999996
 21
4349764.446
 31
0.0
  0
TEXT
  5
3DB
330
17
100
AcDbEntity
  8
钻孔
 62
138
420
19532
100
AcDbText
 10
470108.87999999995
 20
4349764.846000001
 30
0.0
 40
0.4
  1
BS-3940-1008-P19
  7
CN_TTF
 11
470108.87999999995
 21
4349764.846000001
 31
0.0
100
AcDbText
  0
TEXT
  5
3DC
330
17
100
AcDbEntity
  8
钻孔
 62
8
100
AcDbText
 10
470107.97
 20
4349764.096000001
 30
0.0
 40
0.7
  1
0.11
  7
CN_TTF
 11
470107.97
 21
4349764.096000001
 31
0.0
100
AcDbText
  0
LINE
  5
3DD
330
17
100
AcDbEntity
  8
点
 62
138
420
19532
100
AcDbLine
 10
470111.67
 20
4349768.548
 30
0.0
 11
470112.67
 21
4349768.548
 31
0.0
  0
LINE
  5
3DE
330
17
100
AcDbEntity
  8
点
 62
138
420
19532
100
AcDbLine
 10
470112.17
 20
4349768.048
 30
0.0
 11
470112.17
 21
4349769.048
 31
0.0
  0
LINE
  5
3DF
330
17
100
AcDbEntity
  8
钻孔
 62
8
370
35
100
AcDbLine
 10
470112.17
 20
4349768.548
 30
0.0
 11
470110.97
 21
4349768.548
 31
0.0
  0
TEXT
  5
3E0
330
17
100
AcDbEntity
  8
钻孔
 62
138
420
19532
100
AcDbText
 10
470109.88999999996
 20
4349768.948000001
 30
0.0
 40
0.4
  1
BS-3940-1008-P20
  7
CN_TTF
 11
470109.88999999996
 21
4349768.948000001
 31
0.0
100
AcDbText
  0
TEXT
  5
3E1
330
17
100
AcDbEntity
  8
钻孔
 62
8
100
AcDbText
 10
470108.98
 20
4349768.198000001
 30
0.0
 40
0.7
  1
0.15
  7
CN_TTF
 11
470108.98
 21
4349768.198000001
 31
0.0
100
AcDbText
  0
LINE
  5
3E2
330
17
100
AcDbEntity
  8
点
 62
138
420
19532
100
AcDbLine
 10
470105.785
 20
4349766.593
 30
0.0
 11
470106.785
 21
4349766.593
 31
0.0
  0
LINE
  5
3E3
330
17
100
AcDbEntity
  8
点
 62
138
420
19532
100
AcDbLine
 10
470106.285
 20
4349766.093
 30
0.0
 11
470106.285
 21
4349767.093
 31
0.0
  0
LINE
  5
3E4
330
17
100
AcDbEntity
  8
钻孔
 62
8
370
35
100
AcDbLine
 10
470106.285
 20
4349766.593
 30
0.0
 11
470105.08499999996
 21
4349766.593
 31
0.0
  0
TEXT
  5
3E5
330
17
100
AcDbEntity
  8
钻孔
 62
138
420
19532
100
AcDbText
 10
470104.00499999995
 20
4349766.993000001
 30
0.0
 40
0.4
  1
BS-3940-1008-P21
  7
CN_TTF
 11
470104.00499999995
 21
4349766.993000001
 31
0.0
100
AcDbText
  0
TEXT
  5
3E6
330
17
100
AcDbEntity
  8
钻孔
 62
8
100
AcDbText
 10
470103.095
 20
4349766.243000001
 30
0.0
 40
0.7
  1
0.09
  7
CN_TTF
 11
470103.095
 21
4349766.243000001
 31
0.0
100
AcDbText
  0
LINE
  5
3E7
330
17
100
AcDbEntity
  8
点
 62
138
420
19532
100
AcDbLine
 10
470097.997
 20
4349765.264
 30
0.0
 11
470098.997
 21
4349765.264
 31
0.0
  0
LINE
  5
3E8
330
17
100
AcDbEntity
  8
点
 62
138
420
19532
100
AcDbLine
 10
470098.497
 20
4349764.764
 30
0.0
 11
470098.497
 21
4349765.764
 31
0.0
  0
LINE
  5
3E9
330
17
100
AcDbEntity
  8
钻孔
 62
8
370
35
100
AcDbLine
 10
470098.497
 20
4349765.264
 30
0.0
 11
470097.29699999996
 21
4349765.264
 31
0.0
  0
TEXT
  5
3EA
330
17
100
AcDbEntity
  8
钻孔
 62
138
420
19532
100
AcDbText
 10
470096.21699999995
 20
4349765.664000001
 30
0.0
 40
0.4
  1
BS-3940-1008-P22
  7
CN_TTF
 11
470096.21699999995
 21
4349765.664000001
 31
0.0
100
AcDbText
  0
TEXT
  5
3EB
330
17
100
AcDbEntity
  8
钻孔
 62
8
100
AcDbText
 10
470095.307
 20
4349764.914000001
 30
0.0
 40
0.7
  1
0.15
  7
CN_TTF
 11
470095.307
 21
4349764.914000001
 31
0.0
100
AcDbText
  0
LINE
  5
3EC
330
17
100
AcDbEntity
  8
点
 62
138
420
19532
100
AcDbLine
 10
470093.73
 20
4349767.036
 30
0.0
 11
470094.73
 21
4349767.036
 31
0.0
  0
LINE
  5
3ED
330
17
100
AcDbEntity
  8
点
 62
138
420
19532
100
AcDbLine
 10
470094.23
 20
4349766.536
 30
0.0
 11
470094.23
 21
4349767.536
 31
0.0
  0
LINE
  5
3EE
330
17
100
AcDbEntity
  8
钻孔
 62
4
370
35
100
AcDbLine
 10
470094.23
 20
4349767.036
 30
0.0
 11
470093.02999999997
 21
4349767.036
 31
0.0
  0
TEXT
  5
3EF
330
17
100
AcDbEntity
  8
钻孔
 62
138
420
19532
100
AcDbText
 10
470091.94999999995
 20
4349767.436000001
 30
0.0
 40
0.4
  1
BS-3940-1008-P23
  7
CN_TTF
 11
470091.94999999995
 21
4349767.436000001
 31
0.0
100
AcDbText
  0
TEXT
  5
3F0
330
17
100
AcDbEntity
  8
钻孔
 62
4
100
AcDbText
 10
470091.04
 20
4349766.686000001
 30
0.0
 40
0.7
  1
0.69
  7
CN_TTF
 11
470091.04
 21
4349766.686000001
 31
0.0
100
AcDbText
  0
LINE
  5
3F1
330
17
100
AcDbEntity
  8
点
 62
138
420
19532
100
AcDbLine
 10
470096.395
 20
4349771.532
 30
0.0
 11
470097.395
 21
4349771.532
 31
0.0
  0
LINE
  5
3F2
330
17
100
AcDbEntity
  8
点
 62
138
420
19532
100
AcDbLine
 10
470096.895
 20
4349771.032
 30
0.0
 11
470096.895
 21
4349772.032
 31
0.0
  0
LINE
  5
3F3
330
17
100
AcDbEntity
  8
钻孔
 62
8
370
35
100
AcDbLine
 10
470096.895
 20
4349771.532
 30
0.0
 11
470095.695
 21
4349771.532
 31
0.0
  0
TEXT
  5
3F4
330
17
100
AcDbEntity
  8
钻孔
 62
138
420
19532
100
AcDbText
 10
470094.615
 20
4349771.932
 30
0.0
 40
0.4
  1
BS-3940-1008-P24
  7
CN_TTF
 11
470094.615
 21
4349771.932
 31
0.0
100
AcDbText
  0
TEXT
  5
3F5
330
17
100
AcDbEntity
  8
钻孔
 62
8
100
AcDbText
 10
470093.705
 20
4349771.182
 30
0.0
 40
0.7
  1
0.17
  7
CN_TTF
 11
470093.705
 21
4349771.182
 31
0.0
100
AcDbText
  0
LINE
  5
3F6
330
17
100
AcDbEntity
  8
点
 62
138
420
19532
100
AcDbLine
 10
470096.465
 20
4349771.688
 30
0.0
 11
470097.465
 21
4349771.688
 31
0.0
  0
LINE
  5
3F7
330
17
100
AcDbEntity
  8
点
 62
138
420
19532
100
AcDbLine
 10
470096.965
 20
4349771.188
 30
0.0
 11
470096.965
 21
4349772.188
 31
0.0
  0
LINE
  5
3F8
330
17
100
AcDbEntity
  8
钻孔
 62
8
370
35
100
AcDbLine
 10
470096.965
 20
4349771.688
 30
0.0
 11
470095.765
 21
4349771.688
 31
0.0
  0
TEXT
  5
3F9
330
17
100
AcDbEntity
  8
钻孔
 62
138
420
19532
100
AcDbText
 10
470094.685
 20
4349772.088
 30
0.0
 40
0.4
  1
BS-3940-1008-P25
  7
CN_TTF
 11
470094.685
 21
4349772.088
 31
0.0
100
AcDbText
  0
TEXT
  5
3FA
330
17
100
AcDbEntity
  8
钻孔
 62
8
100
AcDbText
 10
470093.775
 20
4349771.338
 30
0.0
 40
0.7
  1
0.16
  7
CN_TTF
 11
470093.775
 21
4349771.338
 31
0.0
100
AcDbText
  0
LINE
  5
3FB
330
17
100
AcDbEntity
  8
点
 62
138
420
19532
100
AcDbLine
 10
470100.464
 20
4349770.613
 30
0.0
 11
470101.464
 21
4349770.613
 31
0.0
  0
LINE
  5
3FC
330
17
100
AcDbEntity
  8
点
 62
138
420
19532
100
AcDbLine
 10
470100.964
 20
4349770.113
 30
0.0
 11
470100.964
 21
4349771.113
 31
0.0
  0
LINE
  5
3FD
330
17
100
AcDbEntity
  8
钻孔
 62
8
370
35
100
AcDbLine
 10
470100.964
 20
4349770.613
 30
0.0
 11
470099.76399999997
 21
4349770.613
 31
0.0
  0
TEXT
  5
3FE
330
17
100
AcDbEntity
  8
钻孔
 62
138
420
19532
100
AcDbText
 10
470098.68399999995
 20
4349771.013
 30
0.0
 40
0.4
  1
BS-3940-1008-P26
  7
CN_TTF
 11
470098.68399999995
 21
4349771.013
 31
0.0
100
AcDbText
  0
TEXT
  5
3FF
330
17
100
AcDbEntity
  8
钻孔
 62
8
100
AcDbText
 10
470097.774
 20
4349770.263
 30
0.0
 40
0.7
  1
0.12
  7
CN_TTF
 11
470097.774
 21
4349770.263
 31
0.0
100
AcDbText
  0
LINE
  5
400
330
17
100
AcDbEntity
  8
点
 62
138
420
19532
100
AcDbLine
 10
470104.249
 20
4349773.513
 30
0.0
 11
470105.249
 21
4349773.513
 31
0.0
  0
LINE
  5
401
330
17
100
AcDbEntity
  8
点
 62
138
420
19532
100
AcDbLine
 10
470104.749
 20
4349773.013
 30
0.0
 11
470104.749
 21
4349774.013
 31
0.0
  0
LINE
  5
402
330
17
100
AcDbEntity
  8
钻孔
 62
8
370
35
100
AcDbLine
 10
470104.749
 20
4349773.513
 30
0.0
 11
470103.549
 21
4349773.513
 31
0.0
  0
TEXT
  5
403
330
17
100
AcDbEntity
  8
钻孔
 62
138
420
19532
100
AcDbText
 10
470102.469
 20
4349773.913000001
 30
0.0
 40
0.4
  1
BS-3940-1008-P27
  7
CN_TTF
 11
470102.469
 21
4349773.913000001
 31
0.0
100
AcDbText
  0
TEXT
  5
404
330
17
100
AcDbEntity
  8
钻孔
 62
8
100
AcDbText
 10
470101.559
 20
4349773.163000001
 30
0.0
 40
0.7
  1
0.12
  7
CN_TTF
 11
470101.559
 21
4349773.163000001
 31
0.0
100
AcDbText
  0
LINE
  5
405
330
17
100
AcDbEntity
  8
点
 62
138
420
19532
100
AcDbLine
 10
470108.837
 20
4349771.284
 30
0.0
 11
470109.837
 21
4349771.284
 31
0.0
  0
LINE
  5
406
330
17
100
AcDbEntity
  8
点
 62
138
420
19532
100
AcDbLine
 10
470109.337
 20
4349770.784
 30
0.0
 11
470109.337
 21
4349771.784
 31
0.0
  0
LINE
  5
407
330
17
100
AcDbEntity
  8
钻孔
 62
8
370
35
100
AcDbLine
 10
470109.337
 20
4349771.284
 30
0.0
 11
470108.137
 21
4349771.284
 31
0.0
  0
TEXT
  5
408
330
17
100
AcDbEntity
  8
钻孔
 62
138
420
19532
100
AcDbText
 10
470107.057
 20
4349771.684
 30
0.0
 40
0.4
  1
BS-3940-1008-P28
  7
CN_TTF
 11
470107.057
 21
4349771.684
 31
0.0
100
AcDbText
  0
TEXT
  5
409
330
17
100
AcDbEntity
  8
钻孔
 62
8
100
AcDbText
 10
470106.147
 20
4349770.934
 30
0.0
 40
0.7
  1
0.13
  7
CN_TTF
 11
470106.147
 21
4349770.934
 31
0.0
100
AcDbText
  0
LINE
  5
40A
330
17
100
AcDbEntity
  8
点
 62
138
420
19532
100
AcDbLine
 10
470110.826
 20
4349775.374
 30
0.0
 11
470111.826
 21
4349775.374
 31
0.0
  0
LINE
  5
40B
330
17
100
AcDbEntity
  8
点
 62
138
420
19532
100
AcDbLine
 10
470111.326
 20
4349774.874
 30
0.0
 11
470111.326
 21
4349775.874
 31
0.0
  0
LINE
  5
40C
330
17
100
AcDbEntity
  8
钻孔
 62
8
370
35
100
AcDbLine
 10
470111.326
 20
4349775.374
 30
0.0
 11
470110.126
 21
4349775.374
 31
0.0
  0
TEXT
  5
40D
330
17
100
AcDbEntity
  8
钻孔
 62
138
420
19532
100
AcDbText
 10
470109.046
 20
4349775.774
 30
0.0
 40
0.4
  1
BS-3940-1008-P29
  7
CN_TTF
 11
470109.046
 21
4349775.774
 31
0.0
100
AcDbText
  0
TEXT
  5
40E
330
17
100
AcDbEntity
  8
钻孔
 62
8
100
AcDbText
 10
470108.136
 20
4349775.024
 30
0.0
 40
0.7
  1
0.14
  7
CN_TTF
 11
470108.136
 21
4349775.024
 31
0.0
100
AcDbText
  0
LINE
  5
40F
330
17
100
AcDbEntity
  8
点
 62
138
420
19532
100
AcDbLine
 10
470107.695
 20
4349777.919
 30
0.0
 11
470108.695
 21
4349777.919
 31
0.0
  0
LINE
  5
410
330
17
100
AcDbEntity
  8
点
 62
138
420
19532
100
AcDbLine
 10
470108.195
 20
4349777.419
 30
0.0
 11
470108.195
 21
4349778.419
 31
0.0
  0
LINE
  5
411
330
17
100
AcDbEntity
  8
钻孔
 62
8
370
35
100
AcDbLine
 10
470108.195
 20
4349777.919
 30
0.0
 11
470106.995
 21
4349777.919
 31
0.0
  0
TEXT
  5
412
330
17
100
AcDbEntity
  8
钻孔
 62
138
420
19532
100
AcDbText
 10
470105.915
 20
4349778.319
 30
0.0
 40
0.4
  1
BS-3940-1008-P30
  7
CN_TTF
 11
470105.915
 21
4349778.319
 31
0.0
100
AcDbText
  0
TEXT
  5
413
330
17
100
AcDbEntity
  8
钻孔
 62
8
100
AcDbText
 10
470105.005
 20
4349777.569
 30
0.0
 40
0.7
  1
0.10
  7
CN_TTF
 11
470105.005
 21
4349777.569
 31
0.0
100
AcDbText
  0
LINE
  5
414
330
17
100
AcDbEntity
  8
点
 62
138
420
19532
100
AcDbLine
 10
470109.514
 20
4349782.067
 30
0.0
 11
470110.514
 21
4349782.067
 31
0.0
  0
LINE
  5
415
330
17
100
AcDbEntity
  8
点
 62
138
420
19532
100
AcDbLine
 10
470110.014
 20
4349781.567
 30
0.0
 11
470110.014
 21
4349782.567
 31
0.0
  0
LINE
  5
416
330
17
100
AcDbEntity
  8
钻孔
 62
8
370
35
100
AcDbLine
 10
470110.014
 20
4349782.067
 30
0.0
 11
470108.814
 21
4349782.067
 31
0.0
  0
TEXT
  5
417
330
17
100
AcDbEntity
  8
钻孔
 62
138
420
19532
100
AcDbText
 10
470107.734
 20
4349782.467
 30
0.0
 40
0.4
  1
BS-3940-1008-P31
  7
CN_TTF
 11
470107.734
 21
4349782.467
 31
0.0
100
AcDbText
  0
TEXT
  5
418
330
17
100
AcDbEntity
  8
钻孔
 62
8
100
AcDbText
 10
470106.824
 20
4349781.717
 30
0.0
 40
0.7
  1
0.16
  7
CN_TTF
 11
470106.824
 21
4349781.717
 31
0.0
100
AcDbText
  0
LINE
  5
419
330
17
100
AcDbEntity
  8
点
 62
138
420
19532
100
AcDbLine
 10
470105.976
 20
4349784.833
 30
0.0
 11
470106.976
 21
4349784.833
 31
0.0
  0
LINE
  5
41A
330
17
100
AcDbEntity
  8
点
 62
138
420
19532
100
AcDbLine
 10
470106.476
 20
4349784.333
 30
0.0
 11
470106.476
 21
4349785.333
 31
0.0
  0
LINE
  5
41B
330
17
100
AcDbEntity
  8
钻孔
 62
8
370
35
100
AcDbLine
 10
470106.476
 20
4349784.833
 30
0.0
 11
470105.276
 21
4349784.833
 31
0.0
  0
TEXT
  5
41C
330
17
100
AcDbEntity
  8
钻孔
 62
138
420
19532
100
AcDbText
 10
470104.196
 20
4349785.233
 30
0.0
 40
0.4
  1
BS-3940-1008-P32
  7
CN_TTF
 11
470104.196
 21
4349785.233
 31
0.0
100
AcDbText
  0
TEXT
  5
41D
330
17
100
AcDbEntity
  8
钻孔
 62
8
100
AcDbText
 10
470103.286
 20
4349784.483
 30
0.0
 40
0.7
  1
0.14
  7
CN_TTF
 11
470103.286
 21
4349784.483
 31
0.0
100
AcDbText
  0
LINE
  5
41E
330
17
100
AcDbEntity
  8
点
 62
138
420
19532
100
AcDbLine
 10
470102.467
 20
4349780.452
 30
0.0
 11
470103.467
 21
4349780.452
 31
0.0
  0
LINE
  5
41F
330
17
100
AcDbEntity
  8
点
 62
138
420
19532
100
AcDbLine
 10
470102.967
 20
4349779.952
 30
0.0
 11
470102.967
 21
4349780.952
 31
0.0
  0
LINE
  5
420
330
17
100
AcDbEntity
  8
钻孔
 62
8
370
35
100
AcDbLine
 10
470102.967
 20
4349780.452
 30
0.0
 11
470101.767
 21
4349780.452
 31
0.0
  0
TEXT
  5
421
330
17
100
AcDbEntity
  8
钻孔
 62
138
420
19532
100
AcDbText
 10
470100.687
 20
4349780.852
 30
0.0
 40
0.4
  1
BS-3940-1008-P33
  7
CN_TTF
 11
470100.687
 21
4349780.852
 31
0.0
100
AcDbText
  0
TEXT
  5
422
330
17
100
AcDbEntity
  8
钻孔
 62
8
100
AcDbText
 10
470099.777
 20
4349780.102
 30
0.0
 40
0.7
  1
0.15
  7
CN_TTF
 11
470099.777
 21
4349780.102
 31
0.0
100
AcDbText
  0
LINE
  5
423
330
17
100
AcDbEntity
  8
点
 62
138
420
19532
100
AcDbLine
 10
470099.026
 20
4349776.278
 30
0.0
 11
470100.026
 21
4349776.278
 31
0.0
  0
LINE
  5
424
330
17
100
AcDbEntity
  8
点
 62
138
420
19532
100
AcDbLine
 10
470099.526
 20
4349775.778
 30
0.0
 11
470099.526
 21
4349776.778
 31
0.0
  0
LINE
  5
425
330
17
100
AcDbEntity
  8
钻孔
 62
8
370
35
100
AcDbLine
 10
470099.526
 20
4349776.278
 30
0.0
 11
470098.326
 21
4349776.278
 31
0.0
  0
TEXT
  5
426
330
17
100
AcDbEntity
  8
钻孔
 62
138
420
19532
100
AcDbText
 10
470097.246
 20
4349776.678
 30
0.0
 40
0.4
  1
BS-3940-1008-P34
  7
CN_TTF
 11
470097.246
 21
4349776.678
 31
0.0
100
AcDbText
  0
TEXT
  5
427
330
17
100
AcDbEntity
  8
钻孔
 62
8
100
AcDbText
 10
470096.336
 20
4349775.928
 30
0.0
 40
0.7
  1
0.17
  7
CN_TTF
 11
470096.336
 21
4349775.928
 31
0.0
100
AcDbText
  0
LINE
  5
428
330
17
100
AcDbEntity
  8
点
 62
138
420
19532
100
AcDbLine
 10
470091.556
 20
4349774.187
 30
0.0
 11
470092.556
 21
4349774.187
 31
0.0
  0
LINE
  5
429
330
17
100
AcDbEntity
  8
点
 62
138
420
19532
100
AcDbLine
 10
470092.056
 20
4349773.687
 30
0.0
 11
470092.056
 21
4349774.687
 31
0.0
  0
LINE
  5
42A
330
17
100
AcDbEntity
  8
钻孔
 62
8
370
35
100
AcDbLine
 10
470092.056
 20
4349774.187
 30
0.0
 11
470090.85599999997
 21
4349774.187
 31
0.0
  0
TEXT
  5
42B
330
17
100
AcDbEntity
  8
钻孔
 62
138
420
19532
100
AcDbText
 10
470089.77599999995
 20
4349774.587
 30
0.0
 40
0.4
  1
BS-3940-1008-P35
  7
CN_TTF
 11
470089.77599999995
 21
4349774.587
 31
0.0
100
AcDbText
  0
TEXT
  5
42C
330
17
100
AcDbEntity
  8
钻孔
 62
8
100
AcDbText
 10
470088.866
 20
4349773.837
 30
0.0
 40
0.7
  1
0.37
  7
CN_TTF
 11
470088.866
 21
4349773.837
 31
0.0
100
AcDbText
  0
LINE
  5
42D
330
17
100
AcDbEntity
  8
点
 62
138
420
19532
100
AcDbLine
 10
470094.437
 20
4349778.668
 30
0.0
 11
470095.437
 21
4349778.668
 31
0.0
  0
LINE
  5
42E
330
17
100
AcDbEntity
  8
点
 62
138
420
19532
100
AcDbLine
 10
470094.937
 20
4349778.168
 30
0.0
 11
470094.937
 21
4349779.168
 31
0.0
  0
LINE
  5
42F
330
17
100
AcDbEntity
  8
钻孔
 62
8
370
35
100
AcDbLine
 10
470094.937
 20
4349778.668
 30
0.0
 11
470093.73699999996
 21
4349778.668
 31
0.0
  0
TEXT
  5
430
330
17
100
AcDbEntity
  8
钻孔
 62
138
420
19532
100
AcDbText
 10
470092.65699999995
 20
4349779.068
 30
0.0
 40
0.4
  1
BS-3940-1008-P36
  7
CN_TTF
 11
470092.65699999995
 21
4349779.068
 31
0.0
100
AcDbText
  0
TEXT
  5
431
330
17
100
AcDbEntity
  8
钻孔
 62
8
100
AcDbText
 10
470091.747
 20
4349778.318
 30
0.0
 40
0.7
  1
0.29
  7
CN_TTF
 11
470091.747
 21
4349778.318
 31
0.0
100
AcDbText
  0
LINE
  5
432
330
17
100
AcDbEntity
  8
点
 62
138
420
19532
100
AcDbLine
 10
470090.005
 20
4349781.011
 30
0.0
 11
470091.005
 21
4349781.011
 31
0.0
  0
LINE
  5
433
330
17
100
AcDbEntity
  8
点
 62
138
420
19532
100
AcDbLine
 10
470090.505
 20
4349780.511
 30
0.0
 11
470090.505
 21
4349781.511
 31
0.0
  0
LINE
  5
434
330
17
100
AcDbEntity
  8
钻孔
 62
8
370
35
100
AcDbLine
 10
470090.505
 20
4349781.011
 30
0.0
 11
470089.305
 21
4349781.011
 31
0.0
  0
TEXT
  5
435
330
17
100
AcDbEntity
  8
钻孔
 62
138
420
19532
100
AcDbText
 10
470088.225
 20
4349781.411
 30
0.0
 40
0.4
  1
BS-3940-1008-P37
  7
CN_TTF
 11
470088.225
 21
4349781.411
 31
0.0
100
AcDbText
  0
TEXT
  5
436
330
17
100
AcDbEntity
  8
钻孔
 62
8
100
AcDbText
 10
470087.315
 20
4349780.661
 30
0.0
 40
0.7
  1
0.36
  7
CN_TTF
 11
470087.315
 21
4349780.661
 31
0.0
100
AcDbText
  0
LINE
  5
437
330
17
100
AcDbEntity
  8
点
 62
138
420
19532
100
AcDbLine
 10
470093.186
 20
4349785.104
 30
0.0
 11
470094.186
 21
4349785.104
 31
0.0
  0
LINE
  5
438
330
17
100
AcDbEntity
  8
点
 62
138
420
19532
100
AcDbLine
 10
470093.686
 20
4349784.604
 30
0.0
 11
470093.686
 21
4349785.604
 31
0.0
  0
LINE
  5
439
330
17
100
AcDbEntity
  8
钻孔
 62
8
370
35
100
AcDbLine
 10
470093.686
 20
4349785.104
 30
0.0
 11
470092.486
 21
4349785.104
 31
0.0
  0
TEXT
  5
43A
330
17
100
AcDbEntity
  8
钻孔
 62
138
420
19532
100
AcDbText
 10
470091.40599999996
 20
4349785.504000001
 30
0.0
 40
0.4
  1
BS-3940-1008-P38
  7
CN_TTF
 11
470091.40599999996
 21
4349785.504000001
 31
0.0
100
AcDbText
  0
TEXT
  5
43B
330
17
100
AcDbEntity
  8
钻孔
 62
8
100
AcDbText
 10
470090.496
 20
4349784.754000001
 30
0.0
 40
0.7
  1
0.27
  7
CN_TTF
 11
470090.496
 21
4349784.754000001
 31
0.0
100
AcDbText
  0
LINE
  5
43C
330
17
100
AcDbEntity
  8
点
 62
138
420
19532
100
AcDbLine
 10
470097.726
 20
4349783.014
 30
0.0
 11
470098.726
 21
4349783.014
 31
0.0
  0
LINE
  5
43D
330
17
100
AcDbEntity
  8
点
 62
138
420
19532
100
AcDbLine
 10
470098.226
 20
4349782.514
 30
0.0
 11
470098.226
 21
4349783.514
 31
0.0
  0
LINE
  5
43E
330
17
100
AcDbEntity
  8
钻孔
 62
8
370
35
100
AcDbLine
 10
470098.226
 20
4349783.014
 30
0.0
 11
470097.026
 21
4349783.014
 31
0.0
  0
TEXT
  5
43F
330
17
100
AcDbEntity
  8
钻孔
 62
138
420
19532
100
AcDbText
 10
470095.946
 20
4349783.414000001
 30
0.0
 40
0.4
  1
BS-3940-1008-P39
  7
CN_TTF
 11
470095.946
 21
4349783.414000001
 31
0.0
100
AcDbText
  0
TEXT
  5
440
330
17
100
AcDbEntity
  8
钻孔
 62
8
100
AcDbText
 10
470095.036
 20
4349782.664000001
 30
0.0
 40
0.7
  1
0.28
  7
CN_TTF
 11
470095.036
 21
4349782.664000001
 31
0.0
100
AcDbText
  0
LINE
  5
441
330
17
100
AcDbEntity
  8
点
 62
138
420
19532
100
AcDbLine
 10
470100.548
 20
4349787.151
 30
0.0
 11
470101.548
 21
4349787.151
 31
0.0
  0
LINE
  5
442
330
17
100
AcDbEntity
  8
点
 62
138
420
19532
100
AcDbLine
 10
470101.048
 20
4349786.651
 30
0.0
 11
470101.048
 21
4349787.651
 31
0.0
  0
LINE
  5
443
330
17
100
AcDbEntity
  8
钻孔
 62
8
370
35
100
AcDbLine
 10
470101.048
 20
4349787.151
 30
0.0
 11
470099.848
 21
4349787.151
 31
0.0
  0
TEXT
  5
444
330
17
100
AcDbEntity
  8
钻孔
 62
138
420
19532
100
AcDbText
 10
470098.768
 20
4349787.551
 30
0.0
 40
0.4
  1
BS-3940-1008-P40
  7
CN_TTF
 11
470098.768
 21
4349787.551
 31
0.0
100
AcDbText
  0
TEXT
  5
445
330
17
100
AcDbEntity
  8
钻孔
 62
8
100
AcDbText
 10
470097.858
 20
4349786.801
 30
0.0
 40
0.7
  1
0.21
  7
CN_TTF
 11
470097.858
 21
4349786.801
 31
0.0
100
AcDbText
  0
LINE
  5
446
330
17
100
AcDbEntity
  8
点
 62
138
420
19532
100
AcDbLine
 10
470095.947
 20
4349789.58
 30
0.0
 11
470096.947
 21
4349789.58
 31
0.0
  0
LINE
  5
447
330
17
100
AcDbEntity
  8
点
 62
138
420
19532
100
AcDbLine
 10
470096.447
 20
4349789.08
 30
0.0
 11
470096.447
 21
4349790.08
 31
0.0
  0
LINE
  5
448
330
17
100
AcDbEntity
  8
钻孔
 62
8
370
35
100
AcDbLine
 10
470096.447
 20
4349789.58
 30
0.0
 11
470095.247
 21
4349789.58
 31
0.0
  0
TEXT
  5
449
330
17
100
AcDbEntity
  8
钻孔
 62
138
420
19532
100
AcDbText
 10
470094.16699999996
 20
4349789.98
 30
0.0
 40
0.4
  1
BS-3940-1008-P41
  7
CN_TTF
 11
470094.16699999996
 21
4349789.98
 31
0.0
100
AcDbText
  0
TEXT
  5
44A
330
17
100
AcDbEntity
  8
钻孔
 62
8
100
AcDbText
 10
470093.257
 20
4349789.23
 30
0.0
 40
0.7
  1
0.23
  7
CN_TTF
 11
470093.257
 21
4349789.23
 31
0.0
100
AcDbText
  0
LINE
  5
44B
330
17
100
AcDbEntity
  8
点
 62
138
420
19532
100
AcDbLine
 10
470091.727
 20
4349791.899
 30
0.0
 11
470092.727
 21
4349791.899
 31
0.0
  0
LINE
  5
44C
330
17
100
AcDbEntity
  8
点
 62
138
420
19532
100
AcDbLine
 10
470092.227
 20
4349791.399
 30
0.0
 11
470092.227
 21
4349792.399
 31
0.0
  0
LINE
  5
44D
330
17
100
AcDbEntity
  8
钻孔
 62
8
370
35
100
AcDbLine
 10
470092.227
 20
4349791.899
 30
0.0
 11
470091.027
 21
4349791.899
 31
0.0
  0
TEXT
  5
44E
330
17
100
AcDbEntity
  8
钻孔
 62
138
420
19532
100
AcDbText
 10
470089.947
 20
4349792.299000001
 30
0.0
 40
0.4
  1
BS-3940-1008-P42
  7
CN_TTF
 11
470089.947
 21
4349792.299000001
 31
0.0
100
AcDbText
  0
TEXT
  5
44F
330
17
100
AcDbEntity
  8
钻孔
 62
8
100
AcDbText
 10
470089.037
 20
4349791.549000001
 30
0.0
 40
0.7
  1
0.31
  7
CN_TTF
 11
470089.037
 21
4349791.549000001
 31
0.0
100
AcDbText
  0
LINE
  5
450
330
17
100
AcDbEntity
  8
点
 62
138
420
19532
100
AcDbLine
 10
470088.34
 20
4349787.739
 30
0.0
 11
470089.34
 21
4349787.739
 31
0.0
  0
LINE
  5
451
330
17
100
AcDbEntity
  8
点
 62
138
420
19532
100
AcDbLine
 10
470088.84
 20
4349787.239
 30
0.0
 11
470088.84
 21
4349788.239
 31
0.0
  0
LINE
  5
452
330
17
100
AcDbEntity
  8
钻孔
 62
4
370
35
100
AcDbLine
 10
470088.84
 20
4349787.739
 30
0.0
 11
470087.64
 21
4349787.739
 31
0.0
  0
TEXT
  5
453
330
17
100
AcDbEntity
  8
钻孔
 62
138
420
19532
100
AcDbText
 10
470086.56
 20
4349788.139
 30
0.0
 40
0.4
  1
BS-3940-1008-P43
  7
CN_TTF
 11
470086.56
 21
4349788.139
 31
0.0
100
AcDbText
  0
TEXT
  5
454
330
17
100
AcDbEntity
  8
钻孔
 62
4
100
AcDbText
 10
470085.65
 20
4349787.389
 30
0.0
 40
0.7
  1
0.81
  7
CN_TTF
 11
470085.65
 21
4349787.389
 31
0.0
100
AcDbText
  0
LINE
  5
455
330
17
100
AcDbEntity
  8
点
 62
138
420
19532
100
AcDbLine
 10
470088.317
 20
4349787.742
 30
0.0
 11
470089.317
 21
4349787.742
 31
0.0
  0
LINE
  5
456
330
17
100
AcDbEntity
  8
点
 62
138
420
19532
100
AcDbLine
 10
470088.817
 20
4349787.242
 30
0.0
 11
470088.817
 21
4349788.242
 31
0.0
  0
LINE
  5
457
330
17
100
AcDbEntity
  8
钻孔
 62
4
370
35
100
AcDbLine
 10
470088.817
 20
4349787.742
 30
0.0
 11
470087.61699999997
 21
4349787.742
 31
0.0
  0
TEXT
  5
458
330
17
100
AcDbEntity
  8
钻孔
 62
138
420
19532
100
AcDbText
 10
470086.53699999995
 20
4349788.142
 30
0.0
 40
0.4
  1
BS-3940-1008-P44
  7
CN_TTF
 11
470086.53699999995
 21
4349788.142
 31
0.0
100
AcDbText
  0
TEXT
  5
459
330
17
100
AcDbEntity
  8
钻孔
 62
4
100
AcDbText
 10
470085.627
 20
4349787.392
 30
0.0
 40
0.7
  1
0.73
  7
CN_TTF
 11
470085.627
 21
4349787.392
 31
0.0
100
AcDbText
  0
LINE
  5
45A
330
17
100
AcDbEntity
  8
点
 62
138
420
19532
100
AcDbLine
 10
470088.015
 20
4349795.119
 30
0.0
 11
470089.015
 21
4349795.119
 31
0.0
  0
LINE
  5
45B
330
17
100
AcDbEntity
  8
点
 62
138
420
19532
100
AcDbLine
 10
470088.515
 20
4349794.619
 30
0.0
 11
470088.515
 21
4349795.619
 31
0.0
  0
LINE
  5
45C
330
17
100
AcDbEntity
  8
钻孔
 62
8
370
35
100
AcDbLine
 10
470088.515
 20
4349795.119
 30
0.0
 11
470087.315
 21
4349795.119
 31
0.0
  0
TEXT
  5
45D
330
17
100
AcDbEntity
  8
钻孔
 62
138
420
19532
100
AcDbText
 10
470086.235
 20
4349795.519
 30
0.0
 40
0.4
  1
BS-3940-1008-P45
  7
CN_TTF
 11
470086.235
 21
4349795.519
 31
0.0
100
AcDbText
  0
TEXT
  5
45E
330
17
100
AcDbEntity
  8
钻孔
 62
8
100
AcDbText
 10
470085.325
 20
4349794.769
 30
0.0
 40
0.7
  1
0.41
  7
CN_TTF
 11
470085.325
 21
4349794.769
 31
0.0
100
AcDbText
  0
LINE
  5
45F
330
17
100
AcDbEntity
  8
点
 62
138
420
19532
100
AcDbLine
 10
470090.064
 20
4349797.971
 30
0.0
 11
470091.064
 21
4349797.971
 31
0.0
  0
LINE
  5
460
330
17
100
AcDbEntity
  8
点
 62
138
420
19532
100
AcDbLine
 10
470090.564
 20
4349797.471
 30
0.0
 11
470090.564
 21
4349798.471
 31
0.0
  0
LINE
  5
461
330
17
100
AcDbEntity
  8
钻孔
 62
8
370
35
100
AcDbLine
 10
470090.564
 20
4349797.971
 30
0.0
 11
470089.364
 21
4349797.971
 31
0.0
  0
TEXT
  5
462
330
17
100
AcDbEntity
  8
钻孔
 62
138
420
19532
100
AcDbText
 10
470088.284
 20
4349798.371
 30
0.0
 40
0.4
  1
BS-3940-1008-P46
  7
CN_TTF
 11
470088.284
 21
4349798.371
 31
0.0
100
AcDbText
  0
TEXT
  5
463
330
17
100
AcDbEntity
  8
钻孔
 62
8
100
AcDbText
 10
470087.374
 20
4349797.621
 30
0.0
 40
0.7
  1
0.25
  7
CN_TTF
 11
470087.374
 21
4349797.621
 31
0.0
100
AcDbText
  0
LINE
  5
464
330
17
100
AcDbEntity
  8
点
 62
138
420
19532
100
AcDbLine
 10
470085.535
 20
4349801.444
 30
0.0
 11
470086.535
 21
4349801.444
 31
0.0
  0
LINE
  5
465
330
17
100
AcDbEntity
  8
点
 62
138
420
19532
100
AcDbLine
 10
470086.035
 20
4349800.944
 30
0.0
 11
470086.035
 21
4349801.944
 31
0.0
  0
LINE
  5
466
330
17
100
AcDbEntity
  8
钻孔
 62
4
370
35
100
AcDbLine
 10
470086.035
 20
4349801.444
 30
0.0
 11
470084.83499999996
 21
4349801.444
 31
0.0
  0
TEXT
  5
467
330
17
100
AcDbEntity
  8
钻孔
 62
138
420
19532
100
AcDbText
 10
470083.75499999995
 20
4349801.8440000005
 30
0.0
 40
0.4
  1
BS-3940-1008-P47
  7
CN_TTF
 11
470083.75499999995
 21
4349801.8440000005
 31
0.0
100
AcDbText
  0
TEXT
  5
468
330
17
100
AcDbEntity
  8
钻孔
 62
4
100
AcDbText
 10
470082.845
 20
4349801.0940000005
 30
0.0
 40
0.7
  1
0.52
  7
CN_TTF
 11
470082.845
 21
4349801.0940000005
 31
0.0
100
AcDbText
  0
LINE
  5
469
330
17
100
AcDbEntity
  8
点
 62
138
420
19532
100
AcDbLine
 10
470087.104
 20
4349804.346
 30
0.0
 11
470088.104
 21
4349804.346
 31
0.0
  0
LINE
  5
46A
330
17
100
AcDbEntity
  8
点
 62
138
420
19532
100
AcDbLine
 10
470087.604
 20
4349803.846
 30
0.0
 11
470087.604
 21
4349804.846
 31
0.0
  0
LINE
  5
46B
330
17
100
AcDbEntity
  8
钻孔
 62
8
370
35
100
AcDbLine
 10
470087.604
 20
4349804.346
 30
0.0
 11
470086.404
 21
4349804.346
 31
0.0
  0
TEXT
  5
46C
330
17
100
AcDbEntity
  8
钻孔
 62
138
420
19532
100
AcDbText
 10
470085.32399999996
 20
4349804.746
 30
0.0
 40
0.4
  1
BS-3940-1008-P48
  7
CN_TTF
 11
470085.32399999996
 21
4349804.746
 31
0.0
100
AcDbText
  0
TEXT
  5
46D
330
17
100
AcDbEntity
  8
钻孔
 62
8
100
AcDbText
 10
470084.414
 20
4349803.996
 30
0.0
 40
0.7
  1
0.27
  7
CN_TTF
 11
470084.414
 21
4349803.996
 31
0.0
100
AcDbText
  0
LINE
  5
46E
330
17
100
AcDbEntity
  8
点
 62
138
420
19532
100
AcDbLine
 10
470084.762
 20
4349806.781
 30
0.0
 11
470085.762
 21
4349806.781
 31
0.0
  0
LINE
  5
46F
330
17
100
AcDbEntity
  8
点
 62
138
420
19532
100
AcDbLine
 10
470085.262
 20
4349806.281
 30
0.0
 11
470085.262
 21
4349807.281
 31
0.0
  0
LINE
  5
470
330
17
100
AcDbEntity
  8
钻孔
 62
8
370
35
100
AcDbLine
 10
470085.262
 20
4349806.781
 30
0.0
 11
470084.062
 21
4349806.781
 31
0.0
  0
TEXT
  5
471
330
17
100
AcDbEntity
  8
钻孔
 62
138
420
19532
100
AcDbText
 10
470082.98199999996
 20
4349807.181000001
 30
0.0
 40
0.4
  1
BS-3940-1008-P49
  7
CN_TTF
 11
470082.98199999996
 21
4349807.181000001
 31
0.0
100
AcDbText
  0
TEXT
  5
472
330
17
100
AcDbEntity
  8
钻孔
 62
8
100
AcDbText
 10
470082.072
 20
4349806.431000001
 30
0.0
 40
0.7
  1
0.24
  7
CN_TTF
 11
470082.072
 21
4349806.431000001
 31
0.0
100
AcDbText
  0
LINE
  5
473
330
17
100
AcDbEntity
  8
点
 62
138
420
19532
100
AcDbLine
 10
470092.838
 20
4349796.206
 30
0.0
 11
470093.838
 21
4349796.206
 31
0.0
  0
LINE
  5
474
330
17
100
AcDbEntity
  8
点
 62
138
420
19532
100
AcDbLine
 10
470093.338
 20
4349795.706
 30
0.0
 11
470093.338
 21
4349796.706
 31
0.0
  0
LINE
  5
475
330
17
100
AcDbEntity
  8
钻孔
 62
8
370
35
100
AcDbLine
 10
470093.338
 20
4349796.206
 30
0.0
 11
470092.138
 21
4349796.206
 31
0.0
  0
TEXT
  5
476
330
17
100
AcDbEntity
  8
钻孔
 62
138
420
19532
100
AcDbText
 10
470091.05799999996
 20
4349796.606000001
 30
0.0
 40
0.4
  1
BS-3940-1008-P50
  7
CN_TTF
 11
470091.05799999996
 21
4349796.606000001
 31
0.0
100
AcDbText
  0
TEXT
  5
477
330
17
100
AcDbEntity
  8
钻孔
 62
8
100
AcDbText
 10
470090.148
 20
4349795.856000001
 30
0.0
 40
0.7
  1
0.27
  7
CN_TTF
 11
470090.148
 21
4349795.856000001
 31
0.0
100
AcDbText
  0
LINE
  5
478
330
17
100
AcDbEntity
  8
0
 62
7
100
AcDbLine
 10
470105.481442827
 20
4349726.036037474
 30
0.0
 11
470111.6954575677
 21
4349712.321203014
 31
0.0
  0
MTEXT
  5
479
330
17
100
AcDbEntity
  8
0
100
AcDbMText
 10
470111.6954575677
 20
4349712.321203014
 30
0.0
 40
3.0
 71
1
  1
1号矿块
  7
CN_TTF
  0
LINE
  5
47A
330
17
100
AcDbEntity
  8
0
 62
7
100
AcDbLine
 10
470107.2375715814
 20
4349734.680301226
 30
0.0
 11
470113.4517484842
 21
4349729.419646393
 31
0.0
  0
MTEXT
  5
47B
330
17
100
AcDbEntity
  8
0
100
AcDbMText
 10
470113.4517484842
 20
4349729.419646393
 30
0.0
 40
3.0
 71
1
  1
2号矿块
  7
CN_TTF
  0
LINE
  5
47C
330
17
100
AcDbEntity
  8
0
 62
7
100
AcDbLine
 10
470093.05088551313
 20
4349770.331404229
 30
0.0
 11
470090.14600194636
 21
4349778.319251961
 31
0.0
  0
MTEXT
  5
47D
330
17
100
AcDbEntity
  8
0
100
AcDbMText
 10
470090.14600194636
 20
4349778.319251961
 30
0.0
 40
3.0
 71
1
  1
3号矿块
  7
CN_TTF
  0
LINE
  5
47E
330
17
100
AcDbEntity
  8
0
 62
7
100
AcDbLine
 10
470084.1733966163
 20
4349803.898849089
 30
0.0
 11
470082.46422084945
 21
4349815.699458501
 31
0.0
  0
MTEXT
  5
47F
330
17
100
AcDbEntity
  8
0
100
AcDbMText
 10
470082.46422084945
 20
4349815.699458501
 30
0.0
 40
3.0
 71
1
  1
4号矿块
  7
CN_TTF
  0
TEXT
  5
480
330
17
100
AcDbEntity
  8
0
 62
7
100
AcDbText
 10
470085.262
 20
4349818.781
 30
0.0
 40
5.0
  1
3940平台 1008二次圈矿矿块图
  7
CN_TTF
 11
470085.262
 21
4349818.781
 31
0.0
100
AcDbText
  0
IMAGE
  5
484
330
17
100
AcDbEntity
  8
0
100
AcDbRasterImage
 90
0
 10
470117.541
 20
4349795.339352403
 30
0.0
 11
0.03051106025934401
 21
0.0
 31
0.0
 12
1.8682636142598827e-18
 22
0.03051106025934401
 32
0.0
 13
1311.0
 23
375.0
340
483
 70
3
280
0
281
50
282
50
283
0
360
485
 71
1
 91
2
 14
-0.5
 24
-0.5
 14
1310.5
 24
374.5
290
0
  0
ENDSEC
  0
SECTION
  2
OBJECTS
  0
DICTIONARY
  5
A
330
0
100
AcDbDictionary
281
1
  3
ACAD_COLOR
350
B
  3
ACAD_GROUP
350
C
  3
ACAD_LAYOUT
350
D
  3
ACAD_MATERIAL
350
E
  3
ACAD_MLEADERSTYLE
350
F
  3
ACAD_MLINESTYLE
350
10
  3
ACAD_PLOTSETTINGS
350
11
  3
ACAD_PLOTSTYLENAME
350
12
  3
ACAD_SCALELIST
350
14
  3
ACAD_TABLESTYLE
350
15
  3
ACAD_VISUALSTYLE
350
16
  3
EZDXF_META
350
2D
  3
ACAD_IMAGE_VARS
350
481
  3
ACAD_IMAGE_DICT
350
482
  0
DICTIONARY
  5
B
330
A
100
AcDbDictionary
281
1
  0
DICTIONARY
  5
C
330
A
100
AcDbDictionary
281
1
  0
DICTIONARY
  5
D
330
A
100
AcDbDictionary
281
1
  3
Model
350
1A
  3
Layout1
350
1E
  0
DICTIONARY
  5
E
330
A
100
AcDbDictionary
281
1
  3
ByBlock
350
1F
  3
ByLayer
350
20
  3
Global
350
21
  0
DICTIONARY
  5
F
330
A
100
AcDbDictionary
281
1
  3
Standard
350
2C
  0
DICTIONARY
  5
10
330
A
100
AcDbDictionary
281
1
  3
Standard
350
22
  0
DICTIONARY
  5
11
330
A
100
AcDbDictionary
281
1
  0
ACDBDICTIONARYWDFLT
  5
12
330
A
100
AcDbDictionary
281
1
  3
Normal
350
13
100
AcDbDictionaryWithDefault
340
13
  0
ACDBPLACEHOLDER
  5
13
330
12
  0
DICTIONARY
  5
14
330
A
100
AcDbDictionary
281
1
  0
DICTIONARY
  5
15
330
A
100
AcDbDictionary
281
1
  0
DICTIONARY
  5
16
330
A
100
AcDbDictionary
281
1
  0
LAYOUT
  5
1A
330
D
100
AcDbPlotSettings
  1

  4
A3
  6

 40
7.5
 41
20.0
 42
7.5
 43
20.0
 44
420.0
 45
297.0
 46
0.0
 47
0.0
 48
0.0
 49
0.0
140
0.0
141
0.0
142
1.0
143
1.0
 70
1024
 72
1
 73
0
 74
5
  7

 75
16
 76
0
 77
2
 78
300
147
1.0
148
0.0
149
0.0
100
AcDbLayout
  1
Model
 70
1
 71
0
 10
0.0
 20
0.0
 11
420.0
 21
297.0
 12
0.0
 22
0.0
 32
0.0
 14
1e+20
 24
1e+20
 34
1e+20
 15
-1e+20
 25
-1e+20
 35
-1e+20
146
0.0
 13
0.0
 23
0.0
 33
0.0
 16
1.0
 26
0.0
 36
0.0
 17
0.0
 27
1.0
 37
0.0
 76
1
330
17
  0
LAYOUT
  5
1E
330
D
100
AcDbPlotSettings
  1

  4
A3
  6

 40
7.5
 41
20.0
 42
7.5
 43
20.0
 44
420.0
 45
297.0
 46
0.0
 47
0.0
 48
0.0
 49
0.0
140
0.0
141
0.0
142
1.0
143
1.0
 70
0
 72
1
 73
0
 74
5
  7

 75
16
 76
0
 77
2
 78
300
147
1.0
148
0.0
149
0.0
100
AcDbLayout
  1
Layout1
 70
1
 71
1
 10
0.0
 20
0.0
 11
420.0
 21
297.0
 12
0.0
 22
0.0
 32
0.0
 14
1e+20
 24
1e+20
 34
1e+20
 15
-1e+20
 25
-1e+20
 35
-1e+20
146
0.0
 13
0.0
 23
0.0
 33
0.0
 16
1.0
 26
0.0
 36
0.0
 17
0.0
 27
1.0
 37
0.0
 76
1
330
1B
  0
MATERIAL
  5
1F
102
{ACAD_REACTORS
330
E
102
}
330
E
100
AcDbMaterial
  1
ByBlock
  2

 70
0
 40
1.0
 71
1
 41
1.0
 91
-1023410177
 42
1.0
 72
1
  3

 73
1
 74
1
 75
1
 44
0.5
 73
0
 45
1.0
 46
1.0
 77
1
  4

 78
1
 79
1
170
1
 48
1.0
171
1
  6

172
1
173
1
174
1
140
1.0
141
1.0
175
1
  7

176
1
177
1
178
1
143
1.0
179
1
  8

270
1
271
1
272
1
145
1.0
146
1.0
273
1
  9

274
1
275
1
276
1
 42
1.0
 72
1
  3

 73
1
 74
1
 75
1
 94
63
  0
MATERIAL
  5
20
102
{ACAD_REACTORS
330
E
102
}
330
E
100
AcDbMaterial
  1
ByLayer
  2

 70
0
 40
1.0
 71
1
 41
1.0
 91
-1023410177
 42
1.0
 72
1
  3

 73
1
 74
1
 75
1
 44
0.5
 73
0
 45
1.0
 46
1.0
 77
1
  4

 78
1
 79
1
170
1
 48
1.0
171
1
  6

172
1
173
1
174
1
140
1.0
141
1.0
175
1
  7

176
1
177
1
178
1
143
1.0
179
1
  8

270
1
271
1
272
1
145
1.0
146
1.0
273
1
  9

274
1
275
1
276
1
 42
1.0
 72
1
  3

 73
1
 74
1
 75
1
 94
63
  0
MATERIAL
  5
21
102
{ACAD_REACTORS
330
E
102
}
330
E
100
AcDbMaterial
  1
Global
  2

 70
0
 40
1.0
 71
1
 41
1.0
 91
-1023410177
 42
1.0
 72
1
  3

 73
1
 74
1
 75
1
 44
0.5
 73
0
 45
1.0
 46
1.0
 77
1
  4

 78
1
 79
1
170
1
 48
1.0
171
1
  6

172
1
173
1
174
1
140
1.0
141
1.0
175
1
  7

176
1
177
1
178
1
143
1.0
179
1
  8

270
1
271
1
272
1
145
1.0
146
1.0
273
1
  9

274
1
275
1
276
1
 42
1.0
 72
1
  3

 73
1
 74
1
 75
1
 94
63
  0
MLINESTYLE
  5
22
102
{ACAD_REACTORS
330
10
102
}
330
10
100
AcDbMlineStyle
  2
Standard
 70
0
  3

 62
256
 51
90.0
 52
90.0
 71
2
 49
0.5
 62
256
  6
BYLAYER
 49
-0.5
 62
256
  6
BYLAYER
  0
MLEADERSTYLE
  5
2C
102
{ACAD_REACTORS
330
F
102
}
330
F
100
AcDbMLeaderStyle
179
2
170
2
171
1
172
0
 90
2
 40
0.0
 41
0.0
173
1
 91
-1056964608
 92
-2
290
1
 42
2.0
291
1
 43
8.0
  3
Standard
 44
4.0
300

342
29
174
1
175
1
176
0
178
1
 93
-1056964608
 45
4.0
292
0
297
0
 46
4.0
 94
-1056964608
 47
1.0
 49
1.0
140
1.0
294
1
141
0.0
177
0
142
1.0
295
0
296
0
143
3.75
271
0
272
9
273
9
  0
DICTIONARY
  5
2D
330
A
100
AcDbDictionary
280
1
281
1
  3
CREATED_BY_EZDXF
350
2E
  3
WRITTEN_BY_EZDXF
350
488
  0
DICTIONARYVAR
  5
2E
330
2D
100
DictionaryVariables
280
0
  1
1.4.4 @ 2026-10-10T04:29:09.349004+00:00
  0
RASTERVARIABLES
  5
481
102
{ACAD_REACTORS
330
A
102
}
330
A
100
AcDbRasterVariables
 90
0
 70
0
 71
1
 72
3
  0
DICTIONARY
  5
482
330
A
100
AcDbDictionary
281
1
  3
D:\WK\N CRT\北部山头3940平台2026\7、单日数据\北部山头3940平台-1008\二次圈矿成果_3940_1008\3940平台 1008炮孔数据报告.png
350
483
  0
IMAGEDEF
  5
483
102
{ACAD_REACTORS
330
482
330
485
102
}
330
482
100
AcDbRasterImageDef
 90
0
  1
D:\WK\N CRT\北部山头3940平台2026\7、单日数据\北部山头3940平台-1008\二次圈矿成果_3940_1008\3940平台 1008炮孔数据报告.png
 10
1311.0
 20
375.0
 11
0.01
 21
0.01
280
1
281
0
  0
IMAGEDEF_REACTOR
  5
485
330
484
100
AcDbRasterImageDefReactor
 90
2
330
484
  0
DICTIONARYVAR
  5
488
330
2D
100
DictionaryVariables
280
0
  1
1.4.4 @ 2026-10-10T04:29:09.524533+00:00
  0
ENDSEC
  0
EOF
