  0
SECTION
  2
HEADER
  9
$ACADVER
  1
AC1024
  9
$ACADMAINTVER
 70
6
  9
$DWGCODEPAGE
  3
ANSI_1252
  9
$LASTSAVEDBY
  1
ezdxf
  9
$INSBASE
 10
0.0
 20
0.0
 30
0.0
  9
$EXTMIN
 10
1e+20
 20
1e+20
 30
1e+20
  9
$EXTMAX
 10
-1e+20
 20
-1e+20
 30
-1e+20
  9
$LIMMIN
 10
0.0
 20
0.0
  9
$LIMMAX
 10
420.0
 20
297.0
  9
$ORTHOMODE
 70
0
  9
$REGENMODE
 70
1
  9
$FILLMODE
 70
1
  9
$QTEXTMODE
 70
0
  9
$MIRRTEXT
 70
1
  9
$LTSCALE
 40
1.0
  9
$ATTMODE
 70
1
  9
$TEXTSIZE
 40
2.5
  9
$TRACEWID
 40
1.0
  9
$TEXTSTYLE
  7
Standard
  9
$CLAYER
  8
0
  9
$CELTYPE
  6
ByLayer
  9
$CECOLOR
 62
256
  9
$CELTSCALE
 40
1.0
  9
$DISPSILH
 70
0
  9
$DIMSCALE
 40
1.0
  9
$DIMASZ
 40
2.5
  9
$DIMEXO
 40
0.625
  9
$DIMDLI
 40
3.75
  9
$DIMRND
 40
0.0
  9
$DIMDLE
 40
0.0
  9
$DIMEXE
 40
1.25
  9
$DIMTP
 40
0.0
  9
$DIMTM
 40
0.0
  9
$DIMTXT
 40
2.5
  9
$DIMCEN
 40
2.5
  9
$DIMTSZ
 40
0.0
  9
$DIMTOL
 70
0
  9
$DIMLIM
 70
0
  9
$DIMTIH
 70
0
  9
$DIMTOH
 70
0
  9
$DIMSE1
 70
0
  9
$DIMSE2
 70
0
  9
$DIMTAD
 70
1
  9
$DIMZIN
 70
8
  9
$DIMBLK
  1

  9
$DIMASO
 70
1
  9
$DIMSHO
 70
1
  9
$DIMPOST
  1

  9
$DIMAPOST
  1

  9
$DIMALT
 70
0
  9
$DIMALTD
 70
3
  9
$DIMALTF
 40
0.03937007874
  9
$DIMLFAC
 40
1.0
  9
$DIMTOFL
 70
1
  9
$DIMTVP
 40
0.0
  9
$DIMTIX
 70
0
  9
$DIMSOXD
 70
0
  9
$DIMSAH
 70
0
  9
$DIMBLK1
  1

  9
$DIMBLK2
  1

  9
$DIMSTYLE
  2
ISO-25
  9
$DIMCLRD
 70
0
  9
$DIMCLRE
 70
0
  9
$DIMCLRT
 70
0
  9
$DIMTFAC
 40
1.0
  9
$DIMGAP
 40
0.625
  9
$DIMJUST
 70
0
  9
$DIMSD1
 70
0
  9
$DIMSD2
 70
0
  9
$DIMTOLJ
 70
0
  9
$DIMTZIN
 70
8
  9
$DIMALTZ
 70
0
  9
$DIMALTTZ
 70
0
  9
$DIMUPT
 70
0
  9
$DIMDEC
 70
2
  9
$DIMTDEC
 70
2
  9
$DIMALTU
 70
2
  9
$DIMALTTD
 70
3
  9
$DIMTXSTY
  7
Standard
  9
$DIMAUNIT
 70
0
  9
$DIMADEC
 70
0
  9
$DIMALTRND
 40
0.0
  9
$DIMAZIN
 70
0
  9
$DIMDSEP
 70
44
  9
$DIMATFIT
 70
3
  9
$DIMFRAC
 70
0
  9
$DIMLDRBLK
  1

  9
$DIMLUNIT
 70
2
  9
$DIMLWD
 70
-2
  9
$DIMLWE
 70
-2
  9
$DIMTMOVE
 70
0
  9
$DIMFXL
 40
1.0
  9
$DIMFXLON
 70
0
  9
$DIMJOGANG
 40
0.785398163397
  9
$DIMTFILL
 70
0
  9
$DIMTFILLCLR
 70
0
  9
$DIMARCSYM
 70
0
  9
$DIMLTYPE
  6

  9
$DIMLTEX1
  6

  9
$DIMLTEX2
  6

  9
$DIMTXTDIRECTION
 70
0
  9
$LUNITS
 70
2
  9
$LUPREC
 70
4
  9
$SKETCHINC
 40
1.0
  9
$FILLETRAD
 40
10.0
  9
$AUNITS
 70
0
  9
$AUPREC
 70
2
  9
$MENU
  1
.
  9
$ELEVATION
 40
0.0
  9
$PELEVATION
 40
0.0
  9
$THICKNESS
 40
0.0
  9
$LIMCHECK
 70
0
  9
$CHAMFERA
 40
0.0
  9
$CHAMFERB
 40
0.0
  9
$CHAMFERC
 40
0.0
  9
$CHAMFERD
 40
0.0
  9
$SKPOLY
 70
0
  9
$TDCREATE
 40
2461324.416377315
  9
$TDUCREATE
 40
2458532.153996898
  9
$TDUPDATE
 40
2461324.416377315
  9
$TDUUPDATE
 40
2458532.1544311
  9
$TDINDWG
 40
0.0
  9
$TDUSRTIMER
 40
0.0
  9
$USRTIMER
 70
1
  9
$ANGBASE
 50
0.0
  9
$ANGDIR
 70
0
  9
$PDMODE
 70
0
  9
$PDSIZE
 40
0.0
  9
$PLINEWID
 40
0.0
  9
$SPLFRAME
 70
0
  9
$SPLINETYPE
 70
6
  9
$SPLINESEGS
 70
8
  9
$HANDSEED
  5
3B1
  9
$SURFTAB1
 70
6
  9
$SURFTAB2
 70
6
  9
$SURFTYPE
 70
6
  9
$SURFU
 70
6
  9
$SURFV
 70
6
  9
$UCSBASE
  2

  9
$UCSNAME
  2

  9
$UCSORG
 10
0.0
 20
0.0
 30
0.0
  9
$UCSXDIR
 10
1.0
 20
0.0
 30
0.0
  9
$UCSYDIR
 10
0.0
 20
1.0
 30
0.0
  9
$UCSORTHOREF
  2

  9
$UCSORTHOVIEW
 70
0
  9
$UCSORGTOP
 10
0.0
 20
0.0
 30
0.0
  9
$UCSORGBOTTOM
 10
0.0
 20
0.0
 30
0.0
  9
$UCSORGLEFT
 10
0.0
 20
0.0
 30
0.0
  9
$UCSORGRIGHT
 10
0.0
 20
0.0
 30
0.0
  9
$UCSORGFRONT
 10
0.0
 20
0.0
 30
0.0
  9
$UCSORGBACK
 10
0.0
 20
0.0
 30
0.0
  9
$PUCSBASE
  2

  9
$PUCSNAME
  2

  9
$PUCSORG
 10
0.0
 20
0.0
 30
0.0
  9
$PUCSXDIR
 10
1.0
 20
0.0
 30
0.0
  9
$PUCSYDIR
 10
0.0
 20
1.0
 30
0.0
  9
$PUCSORTHOREF
  2

  9
$PUCSORTHOVIEW
 70
0
  9
$PUCSORGTOP
 10
0.0
 20
0.0
 30
0.0
  9
$PUCSORGBOTTOM
 10
0.0
 20
0.0
 30
0.0
  9
$PUCSORGLEFT
 10
0.0
 20
0.0
 30
0.0
  9
$PUCSORGRIGHT
 10
0.0
 20
0.0
 30
0.0
  9
$PUCSORGFRONT
 10
0.0
 20
0.0
 30
0.0
  9
$PUCSORGBACK
 10
0.0
 20
0.0
 30
0.0
  9
$USERI1
 70
0
  9
$USERI2
 70
0
  9
$USERI3
 70
0
  9
$USERI4
 70
0
  9
$USERI5
 70
0
  9
$USERR1
 40
0.0
  9
$USERR2
 40
0.0
  9
$USERR3
 40
0.0
  9
$USERR4
 40
0.0
  9
$USERR5
 40
0.0
  9
$WORLDVIEW
 70
1
  9
$SHADEDGE
 70
3
  9
$SHADEDIF
 70
70
  9
$TILEMODE
 70
1
  9
$MAXACTVP
 70
64
  9
$PINSBASE
 10
0.0
 20
0.0
 30
0.0
  9
$PLIMCHECK
 70
0
  9
$PEXTMIN
 10
1e+20
 20
1e+20
 30
1e+20
  9
$PEXTMAX
 10
-1e+20
 20
-1e+20
 30
-1e+20
  9
$PLIMMIN
 10
0.0
 20
0.0
  9
$PLIMMAX
 10
420.0
 20
297.0
  9
$UNITMODE
 70
0
  9
$VISRETAIN
 70
1
  9
$PLINEGEN
 70
0
  9
$PSLTSCALE
 70
1
  9
$TREEDEPTH
 70
3020
  9
$CMLSTYLE
  2
Standard
  9
$CMLJUST
 70
0
  9
$CMLSCALE
 40
20.0
  9
$PROXYGRAPHICS
 70
1
  9
$MEASUREMENT
 70
1
  9
$CELWEIGHT
370
-1
  9
$ENDCAPS
280
0
  9
$JOINSTYLE
280
0
  9
$LWDISPLAY
290
0
  9
$INSUNITS
 70
6
  9
$HYPERLINKBASE
  1

  9
$STYLESHEET
  1

  9
$XEDIT
290
1
  9
$CEPSNTYPE
380
0
  9
$PSTYLEMODE
290
1
  9
$FINGERPRINTGUID
  2
{2B2ABDF5-A295-4085-8BFC-EC1FB2DBF0B7}
  9
$VERSIONGUID
  2
{02EB7ACF-9D24-4DAD-A9D7-80B79751D70F}
  9
$EXTNAMES
290
1
  9
$PSVPSCALE
 40
0.0
  9
$OLESTARTUP
290
0
  9
$SORTENTS
280
127
  9
$INDEXCTL
280
0
  9
$HIDETEXT
280
1
  9
$XCLIPFRAME
280
1
  9
$HALOGAP
280
0
  9
$OBSCOLOR
 70
257
  9
$OBSLTYPE
280
0
  9
$INTERSECTIONDISPLAY
280
0
  9
$INTERSECTIONCOLOR
 70
257
  9
$DIMASSOC
280
2
  9
$PROJECTNAME
  1

  9
$CAMERADISPLAY
290
0
  9
$LENSLENGTH
 40
50.0
  9
$CAMERAHEIGHT
 40
0.0
  9
$STEPSPERSEC
 40
24.0
  9
$STEPSIZE
 40
100.0
  9
$3DDWFPREC
 40
2.0
  9
$PSOLWIDTH
 40
0.005
  9
$PSOLHEIGHT
 40
0.08
  9
$LOFTANG1
 40
1.570796326795
  9
$LOFTANG2
 40
1.570796326795
  9
$LOFTMAG1
 40
0.0
  9
$LOFTMAG2
 40
0.0
  9
$LOFTPARAM
 70
7
  9
$LOFTNORMALS
280
1
  9
$LATITUDE
 40
37.795
  9
$LONGITUDE
 40
-122.394
  9
$NORTHDIRECTION
 40
0.0
  9
$TIMEZONE
 70
-8000
  9
$LIGHTGLYPHDISPLAY
280
1
  9
$TILEMODELIGHTSYNCH
280
1
  9
$CMATERIAL
347
20
  9
$SOLIDHIST
280
0
  9
$SHOWHIST
280
1
  9
$DWFFRAME
280
2
  9
$DGNFRAME
280
2
  9
$REALWORLDSCALE
290
1
  9
$INTERFERECOLOR
 62
256
  9
$CSHADOW
280
0
  9
$SHADOWPLANELOCATION
 40
0.0
  0
ENDSEC
  0
SECTION
  2
CLASSES
  0
CLASS
  1
ACDBDICTIONARYWDFLT
  2
AcDbDictionaryWithDefault
  3
ObjectDBX Classes
 90
0
 91
0
280
0
281
0
  0
CLASS
  1
SUN
  2
AcDbSun
  3
SCENEOE
 90
1153
 91
0
280
0
281
0
  0
CLASS
  1
VISUALSTYLE
  2
AcDbVisualStyle
  3
ObjectDBX Classes
 90
4095
 91
0
280
0
281
0
  0
CLASS
  1
MATERIAL
  2
AcDbMaterial
  3
ObjectDBX Classes
 90
1153
 91
0
280
0
281
0
  0
CLASS
  1
SCALE
  2
AcDbScale
  3
ObjectDBX Classes
 90
1153
 91
0
280
0
281
0
  0
CLASS
  1
TABLESTYLE
  2
AcDbTableStyle
  3
ObjectDBX Classes
 90
4095
 91
0
280
0
281
0
  0
CLASS
  1
MLEADERSTYLE
  2
AcDbMLeaderStyle
  3
ACDB_MLEADERSTYLE_CLASS
 90
4095
 91
0
280
0
281
0
  0
CLASS
  1
DICTIONARYVAR
  2
AcDbDictionaryVar
  3
ObjectDBX Classes
 90
0
 91
0
280
0
281
0
  0
CLASS
  1
CELLSTYLEMAP
  2
AcDbCellStyleMap
  3
ObjectDBX Classes
 90
1152
 91
0
280
0
281
0
  0
CLASS
  1
MENTALRAYRENDERSETTINGS
  2
AcDbMentalRayRenderSettings
  3
SCENEOE
 90
1024
 91
0
280
0
281
0
  0
CLASS
  1
ACDBDETAILVIEWSTYLE
  2
AcDbDetailViewStyle
  3
ObjectDBX Classes
 90
1025
 91
0
280
0
281
0
  0
CLASS
  1
ACDBSECTIONVIEWSTYLE
  2
AcDbSectionViewStyle
  3
ObjectDBX Classes
 90
1025
 91
0
280
0
281
0
  0
CLASS
  1
RASTERVARIABLES
  2
AcDbRasterVariables
  3
ISM
 90
0
 91
0
280
0
281
0
  0
CLASS
  1
IMAGE
  2
AcDbRasterImage
  3
ISM
 90
2175
 91
0
280
0
281
1
  0
CLASS
  1
IMAGEDEF
  2
AcDbRasterImageDef
  3
ISM
 90
0
 91
0
280
0
281
0
  0
CLASS
  1
IMAGEDEF_REACTOR
  2
AcDbRasterImageDefReactor
  3
ISM
 90
1
 91
0
280
0
281
0
  0
CLASS
  1
LAYOUT
  2
AcDbLayout
  3
ObjectDBX Classes
 90
0
 91
0
280
0
281
0
  0
CLASS
  1
ACDBPLACEHOLDER
  2
AcDbPlaceHolder
  3
ObjectDBX Classes
 90
0
 91
0
280
0
281
0
  0
ENDSEC
  0
SECTION
  2
TABLES
  0
TABLE
  2
VPORT
  5
8
330
0
100
AcDbSymbolTable
 70
1
  0
VPORT
  5
23
330
8
100
AcDbSymbolTableRecord
100
AcDbViewportTableRecord
  2
*Active
 70
0
 10
0.0
 20
0.0
 11
1.0
 21
1.0
 12
0.0
 22
0.0
 13
0.0
 23
0.0
 14
0.5
 24
0.5
 15
0.5
 25
0.5
 16
0.0
 26
0.0
 36
1.0
 17
0.0
 27
0.0
 37
0.0
 40
1000.0
 41
1.34
 42
50.0
 43
0.0
 44
0.0
 50
0.0
 51
0.0
 71
0
 72
1000
 73
1
 74
3
 75
0
 76
0
 77
0
 78
0
281
0
 65
0
146
0.0
  0
ENDTAB
  0
TABLE
  2
LTYPE
  5
2
330
0
100
AcDbSymbolTable
 70
3
  0
LTYPE
  5
24
330
2
100
AcDbSymbolTableRecord
100
AcDbLinetypeTableRecord
  2
ByBlock
 70
0
  3

 72
65
 73
0
 40
0.0
  0
LTYPE
  5
25
330
2
100
AcDbSymbolTableRecord
100
AcDbLinetypeTableRecord
  2
ByLayer
 70
0
  3

 72
65
 73
0
 40
0.0
  0
LTYPE
  5
26
330
2
100
AcDbSymbolTableRecord
100
AcDbLinetypeTableRecord
  2
Continuous
 70
0
  3

 72
65
 73
0
 40
0.0
  0
ENDTAB
  0
TABLE
  2
LAYER
  5
1
330
0
100
AcDbSymbolTable
 70
11
  0
LAYER
  5
27
330
1
100
AcDbSymbolTableRecord
100
AcDbLayerTableRecord
  2
0
 70
0
 62
7
  6
Continuous
370
-3
390
13
347
21
  0
LAYER
  5
28
330
1
100
AcDbSymbolTableRecord
100
AcDbLayerTableRecord
  2
Defpoints
 70
0
 62
7
  6
Continuous
290
0
370
-3
390
13
347
21
  0
LAYER
  5
2F
330
1
100
AcDbSymbolTableRecord
100
AcDbLayerTableRecord
  2
0.500-1.000
 70
0
 62
4
  6
Continuous
370
-3
390
13
347
21
  0
LAYER
  5
30
330
1
100
AcDbSymbolTableRecord
100
AcDbLayerTableRecord
  2
1.000-1.500
 70
0
 62
5
  6
Continuous
370
-3
390
13
347
21
  0
LAYER
  5
31
330
1
100
AcDbSymbolTableRecord
100
AcDbLayerTableRecord
  2
1.500-3.000
 70
0
 62
1
  6
Continuous
370
-3
390
13
347
21
  0
LAYER
  5
32
330
1
100
AcDbSymbolTableRecord
100
AcDbLayerTableRecord
  2
3.000-999.000
 70
0
 62
2
  6
Continuous
370
-3
390
13
347
21
  0
LAYER
  5
33
330
1
100
AcDbSymbolTableRecord
100
AcDbLayerTableRecord
  2
爆区方格网
 70
0
 62
7
  6
Continuous
370
-3
390
13
347
21
  0
LAYER
  5
34
330
1
100
AcDbSymbolTableRecord
100
AcDbLayerTableRecord
  2
钻孔
 70
0
 62
7
  6
Continuous
370
-3
390
13
347
21
  0
LAYER
  5
35
330
1
100
AcDbSymbolTableRecord
100
AcDbLayerTableRecord
  2
点
 70
0
 62
7
  6
Continuous
370
-3
390
13
347
21
  0
LAYER
  5
36
330
1
100
AcDbSymbolTableRecord
100
AcDbLayerTableRecord
  2
缺工程待取样
 70
0
 62
7
  6
Continuous
370
-3
390
13
347
21
  0
LAYER
  5
37
330
1
100
AcDbSymbolTableRecord
100
AcDbLayerTableRecord
  2
综合图_历史矿块
 70
0
 62
7
  6
Continuous
370
-3
390
13
347
21
  0
ENDTAB
  0
TABLE
  2
STYLE
  5
5
330
0
100
AcDbSymbolTable
 70
2
  0
STYLE
  5
29
330
5
100
AcDbSymbolTableRecord
100
AcDbTextStyleTableRecord
  2
Standard
 70
0
 40
0.0
 41
1.0
 50
0.0
 71
0
 42
2.5
  3
txt
  4

  0
STYLE
  5
38
330
5
100
AcDbSymbolTableRecord
100
AcDbTextStyleTableRecord
  2
CN_TTF
 70
0
 40
0.0
 41
1.0
 50
0.0
 71
0
 42
2.5
  3
simsunb.ttf
  4

  0
ENDTAB
  0
TABLE
  2
VIEW
  5
7
330
0
100
AcDbSymbolTable
 70
0
  0
ENDTAB
  0
TABLE
  2
UCS
  5
6
330
0
100
AcDbSymbolTable
 70
0
  0
ENDTAB
  0
TABLE
  2
APPID
  5
3
330
0
100
AcDbSymbolTable
 70
3
  0
APPID
  5
2A
330
3
100
AcDbSymbolTableRecord
100
AcDbRegAppTableRecord
  2
ACAD
 70
0
  0
APPID
  5
3AE
330
3
100
AcDbSymbolTableRecord
100
AcDbRegAppTableRecord
  2
HATCHBACKGROUNDCOLOR
 70
0
  0
APPID
  5
3AF
330
3
100
AcDbSymbolTableRecord
100
AcDbRegAppTableRecord
  2
EZDXF
 70
0
  0
ENDTAB
  0
TABLE
  2
DIMSTYLE
  5
4
330
0
100
AcDbSymbolTable
 70
1
100
AcDbDimStyleTable
  0
DIMSTYLE
105
2B
330
4
100
AcDbSymbolTableRecord
100
AcDbDimStyleTableRecord
  2
Standard
 70
0
 40
1.0
 41
2.5
 42
0.625
 43
3.75
 44
1.25
 45
0.0
 46
0.0
 47
0.0
 48
0.0
 49
2.5
140
2.5
141
2.5
142
0.0
143
0.03937007874
144
1.0
145
0.0
146
1.0
147
0.625
148
0.0
 69
0
 70
0
 71
0
 72
0
 73
0
 74
0
 75
0
 76
0
 77
1
 78
8
 79
3
170
0
171
3
172
1
173
0
174
0
175
0
176
0
177
0
178
0
179
2
271
2
272
2
273
2
274
3
275
0
276
0
277
2
278
44
279
0
280
0
281
0
282
0
283
0
284
8
285
0
286
0
288
0
289
3
290
0
371
-2
372
-2
  0
ENDTAB
  0
TABLE
  2
BLOCK_RECORD
  5
9
330
0
100
AcDbSymbolTable
 70
2
  0
BLOCK_RECORD
  5
17
330
9
100
AcDbSymbolTableRecord
100
AcDbBlockTableRecord
  2
*Model_Space
340
1A
 70
0
280
1
281
0
  0
BLOCK_RECORD
  5
1B
330
9
100
AcDbSymbolTableRecord
100
AcDbBlockTableRecord
  2
*Paper_Space
340
1E
 70
0
280
1
281
0
  0
ENDTAB
  0
ENDSEC
  0
SECTION
  2
BLOCKS
  0
BLOCK
  5
18
330
17
100
AcDbEntity
  8
0
100
AcDbBlockBegin
  2
*Model_Space
 70
0
 10
0.0
 20
0.0
 30
0.0
  3
*Model_Space
  1

  0
ENDBLK
  5
19
330
17
100
AcDbEntity
  8
0
100
AcDbBlockEnd
  0
BLOCK
  5
1C
330
1B
100
AcDbEntity
  8
0
100
AcDbBlockBegin
  2
*Paper_Space
 70
0
 10
0.0
 20
0.0
 30
0.0
  3
*Paper_Space
  1

  0
ENDBLK
  5
1D
330
1B
100
AcDbEntity
  8
0
100
AcDbBlockEnd
  0
ENDSEC
  0
SECTION
  2
ENTITIES
  0
LWPOLYLINE
  5
39
330
17
100
AcDbEntity
  8
综合图_历史矿块
 62
9
100
AcDbPolyline
 90
22
 70
1
 10
470000.618
 20
4349644.028
 10
470003.474
 20
4349646.45
 10
470006.69
 20
4349647.902
 10
470017.277
 20
4349652.328
 10
470025.068
 20
4349654.87
 10
470031.336
 20
4349656.433
 10
470040.661
 20
4349658.519
 10
470041.308
 20
4349654.163
 10
470042.09
 20
4349652.708
 10
470035.13
 20
4349650.711
 10
470032.425
 20
4349648.437
 10
470031.686
 20
4349647.744
 10
470028.158
 20
4349649.496
 10
470024.15
 20
4349646.879
 10
470026.249
 20
4349644.911
 10
470023.219
 20
4349642.756
 10
470021.897
 20
4349640.896
 10
470020.866
 20
4349638.2
 10
470011.725
 20
4349638.697
 10
470006.746
 20
4349640.564
 10
470003.426
 20
4349640.811
 10
470000.618
 20
4349644.028
  0
LWPOLYLINE
  5
3A
330
17
100
AcDbEntity
  8
综合图_历史矿块
 62
9
100
AcDbPolyline
 90
44
 70
1
 10
470049.125
 20
4349655.871
 10
470048.386
 20
4349659.836
 10
470053.816
 20
4349660.878
 10
470054.192
 20
4349658.942
 10
470055.414
 20
4349656.646
 10
470057.087
 20
4349654.869
 10
470060.964
 20
4349655.726
 10
470063.283
 20
4349656.008
 10
470066.204
 20
4349656.669
 10
470067.495
 20
4349658.791
 10
470066.788
 20
4349662.272
 10
470072.137
 20
4349662.937
 10
470076.183
 20
4349663.27
 10
470076.521
 20
4349660.129
 10
470077.249
 20
4349652.237
 10
470075.928
 20
4349647.622
 10
470073.547
 20
4349643.49
 10
470072.867
 20
4349640.331
 10
470068.933
 20
4349639.99
 10
470061.268
 20
4349639.601
 10
470054.879
 20
4349638.777
 10
470047.117
 20
4349638.106
 10
470044.567
 20
4349637.688
 10
470044.76
 20
4349641.293
 10
470047.467
 20
4349643.25
 10
470048.627
 20
4349645.298
 10
470052.039
 20
4349645.708
 10
470053.818
 20
4349643.965
 10
470057.131
 20
4349643.145
 10
470058.91
 20
4349643.639
 10
470059.872
 20
4349644.483
 10
470061.243
 20
4349645.934
 10
470062.274
 20
4349647.979
 10
470066.875
 20
4349647.997
 10
470069.526
 20
4349649.115
 10
470070.251
 20
4349650.304
 10
470068.988
 20
4349652.36
 10
470067.525
 20
4349652.661
 10
470062.645
 20
4349651.953
 10
470059.268
 20
4349651.538
 10
470055.296
 20
4349650.011
 10
470052.312
 20
4349651.762
 10
470050.741
 20
4349653.716
 10
470049.125
 20
4349655.871
  0
LWPOLYLINE
  5
3B
330
17
100
AcDbEntity
  8
综合图_历史矿块
 62
9
100
AcDbPolyline
 90
36
 70
1
 10
470027.679
 20
4349645.435
 10
470030.993
 20
4349646.298
 10
470031.686
 20
4349647.744
 10
470035.317
 20
4349645.041
 10
470039.466
 20
4349642.957
 10
470042.451
 20
4349644.322
 10
470042.562
 20
4349645.668
 10
470044.736
 20
4349648.414
 10
470045.096
 20
4349650.012
 10
470042.09
 20
4349652.708
 10
470045.45
 20
4349652.937
 10
470049.125
 20
4349655.871
 10
470052.312
 20
4349651.762
 10
470055.296
 20
4349650.011
 10
470059.268
 20
4349651.538
 10
470067.525
 20
4349652.661
 10
470068.988
 20
4349652.36
 10
470070.251
 20
4349650.304
 10
470069.526
 20
4349649.115
 10
470066.875
 20
4349647.997
 10
470062.274
 20
4349647.979
 10
470061.243
 20
4349645.934
 10
470059.872
 20
4349644.483
 10
470058.91
 20
4349643.639
 10
470057.131
 20
4349643.145
 10
470053.818
 20
4349643.965
 10
470052.039
 20
4349645.708
 10
470048.627
 20
4349645.298
 10
470047.467
 20
4349643.25
 10
470044.76
 20
4349641.293
 10
470044.567
 20
4349637.688
 10
470039.199
 20
4349637.514
 10
470030.11
 20
4349638.139
 10
470031.197
 20
4349641.303
 10
470029.949
 20
4349644.176
 10
470027.679
 20
4349645.435
  0
LWPOLYLINE
  5
3C
330
17
100
AcDbEntity
  8
综合图_历史矿块
 62
9
100
AcDbPolyline
 90
10
 70
1
 10
470053.816
 20
4349660.878
 10
470066.788
 20
4349662.272
 10
470067.495
 20
4349658.791
 10
470066.204
 20
4349656.669
 10
470063.283
 20
4349656.008
 10
470060.964
 20
4349655.726
 10
470057.087
 20
4349654.869
 10
470055.414
 20
4349656.646
 10
470054.192
 20
4349658.942
 10
470053.816
 20
4349660.878
  0
LWPOLYLINE
  5
3D
330
17
100
AcDbEntity
  8
综合图_历史矿块
 62
9
100
AcDbPolyline
 90
13
 70
1
 10
470045.096
 20
4349650.012
 10
470044.736
 20
4349648.414
 10
470043.047
 20
4349646.28
 10
470042.562
 20
4349645.668
 10
470042.451
 20
4349644.322
 10
470039.466
 20
4349642.957
 10
470035.741
 20
4349644.828
 10
470035.317
 20
4349645.041
 10
470031.686
 20
4349647.744
 10
470035.13
 20
4349650.711
 10
470038.1
 20
4349651.563
 10
470042.09
 20
4349652.708
 10
470045.096
 20
4349650.012
  0
LWPOLYLINE
  5
3E
330
17
100
AcDbEntity
  8
综合图_历史矿块
 62
9
100
AcDbPolyline
 90
14
 70
1
 10
470028.923
 20
4349644.745
 10
470029.949
 20
4349644.176
 10
470031.197
 20
4349641.303
 10
470030.11
 20
4349638.139
 10
470028.793
 20
4349637.985
 10
470025.85
 20
4349637.642
 10
470023.853
 20
4349637.865
 10
470020.866
 20
4349638.2
 10
470021.897
 20
4349640.896
 10
470023.219
 20
4349642.756
 10
470023.722
 20
4349643.113
 10
470026.249
 20
4349644.911
 10
470027.679
 20
4349645.435
 10
470028.923
 20
4349644.745
  0
LWPOLYLINE
  5
3F
330
17
100
AcDbEntity
  8
综合图_历史矿块
 62
9
100
AcDbPolyline
 90
7
 70
1
 10
470049.125
 20
4349655.871
 10
470045.45
 20
4349652.937
 10
470042.09
 20
4349652.708
 10
470041.308
 20
4349654.163
 10
470040.661
 20
4349658.519
 10
470048.386
 20
4349659.836
 10
470049.125
 20
4349655.871
  0
LWPOLYLINE
  5
40
330
17
100
AcDbEntity
  8
综合图_历史矿块
 62
9
100
AcDbPolyline
 90
38
 70
1
 10
470029.747
 20
4349659.666
 10
470022.479
 20
4349659.22
 10
470011.109
 20
4349657.066
 10
470005.904
 20
4349658.839
 10
470005.855
 20
4349663.071
 10
470009.65
 20
4349665.947
 10
470013.517
 20
4349665.924
 10
470020.331
 20
4349669.878
 10
470026.635
 20
4349670.162
 10
470034.008
 20
4349672.104
 10
470041.361
 20
4349673.104
 10
470047.349
 20
4349675.362
 10
470054.343
 20
4349677.216
 10
470060.932
 20
4349678.679
 10
470067.779
 20
4349680.445
 10
470070.374
 20
4349678.209
 10
470068.58
 20
4349676.606
 10
470063.61
 20
4349675.309
 10
470062.064
 20
4349672.658
 10
470060.242
 20
4349670.725
 10
470057.564
 20
4349669.703
 10
470054.969
 20
4349670.918
 10
470053.013
 20
4349672.199
 10
470049.134
 20
4349671.432
 10
470048.575
 20
4349669.089
 10
470047.317
 20
4349667.062
 10
470045.693
 20
4349664.477
 10
470051.034
 20
4349664.014
 10
470056.068
 20
4349663.433
 10
470058.789
 20
4349663.063
 10
470059.568
 20
4349661.496
 10
470056.568
 20
4349661.174
 10
470053.816
 20
4349660.878
 10
470048.386
 20
4349659.836
 10
470040.643
 20
4349658.515
 10
470037.619
 20
4349657.838
 10
470036.478
 20
4349659.6
 10
470029.747
 20
4349659.666
  0
LWPOLYLINE
  5
41
330
17
100
AcDbEntity
  8
综合图_历史矿块
 62
9
100
AcDbPolyline
 90
19
 70
1
 10
470059.568
 20
4349661.496
 10
470058.789
 20
4349663.063
 10
470056.068
 20
4349663.433
 10
470051.034
 20
4349664.014
 10
470045.693
 20
4349664.477
 10
470048.575
 20
4349669.089
 10
470049.134
 20
4349671.432
 10
470053.013
 20
4349672.199
 10
470054.969
 20
4349670.918
 10
470057.564
 20
4349669.703
 10
470060.242
 20
4349670.725
 10
470062.064
 20
4349672.658
 10
470063.61
 20
4349675.309
 10
470068.58
 20
4349676.606
 10
470071.461
 20
4349674.934
 10
470071.544
 20
4349671.081
 10
470069.538
 20
4349665.982
 10
470066.788
 20
4349662.272
 10
470059.568
 20
4349661.496
  0
LWPOLYLINE
  5
42
330
17
100
AcDbEntity
  8
综合图_历史矿块
 62
9
100
AcDbPolyline
 90
12
 70
1
 10
470087.319
 20
4349648.986
 10
470083.889
 20
4349651.991
 10
470087.36
 20
4349656.288
 10
470085.709
 20
4349659.311
 10
470090.823
 20
4349662.009
 10
470093.614
 20
4349664.11
 10
470095.247
 20
4349667.068
 10
470098.071
 20
4349670.29
 10
470100.543
 20
4349667.995
 10
470096.438
 20
4349661.24
 10
470092.908
 20
4349655.501
 10
470087.319
 20
4349648.986
  0
LWPOLYLINE
  5
43
330
17
100
AcDbEntity
  8
综合图_历史矿块
 62
9
100
AcDbPolyline
 90
28
 70
1
 10
470090.823
 20
4349662.009
 10
470088.803
 20
4349666.427
 10
470090.728
 20
4349672.913
 10
470092.958
 20
4349680.036
 10
470094.717
 20
4349686.447
 10
470097.817
 20
4349692.565
 10
470100.278
 20
4349701.085
 10
470103.459
 20
4349714.397
 10
470107.154
 20
4349716.026
 10
470110.138
 20
4349718.026
 10
470110.826
 20
4349722.422
 10
470114.373
 20
4349727.421
 10
470117.104
 20
4349732.651
 10
470121.68
 20
4349733.865
 10
470122.824
 20
4349730.456
 10
470115.23
 20
4349721.877
 10
470115.654
 20
4349715.406
 10
470115.919
 20
4349710.845
 10
470113.957
 20
4349704.321
 10
470116.025
 20
4349699.654
 10
470110.352
 20
4349690.002
 10
470106.057
 20
4349684.275
 10
470101.206
 20
4349674.834
 10
470100.543
 20
4349667.995
 10
470098.071
 20
4349670.29
 10
470095.247
 20
4349667.068
 10
470093.614
 20
4349664.11
 10
470090.823
 20
4349662.009
  0
LWPOLYLINE
  5
44
330
17
100
AcDbEntity
  8
综合图_历史矿块
 62
9
100
AcDbPolyline
 90
11
 70
1
 10
470114.373
 20
4349727.421
 10
470111.088
 20
4349722.791
 10
470110.826
 20
4349722.422
 10
470110.138
 20
4349718.026
 10
470107.154
 20
4349716.026
 10
470103.459
 20
4349714.397
 10
470104.254
 20
4349720.146
 10
470105.369
 20
4349724.5
 10
470106.074
 20
4349727.256
 10
470109.856
 20
4349729.218
 10
470114.373
 20
4349727.421
  0
LWPOLYLINE
  5
45
330
17
100
AcDbEntity
  8
1.000-1.500
 62
5
370
30
100
AcDbPolyline
 90
78
 70
1
 10
470106.69696787937
 20
4349727.91733472
 10
470106.630763793
 20
4349727.78580979
 10
470106.55818583
 20
4349727.657691767
 10
470106.47940883687
 20
4349727.533289301
 10
470106.3946225944
 20
4349727.412902087
 10
470106.3040313601
 20
4349727.296820148
 10
470106.20785337605
 20
4349727.185323136
 10
470106.10632034356
 20
4349727.078679657
 10
470105.99967686454
 20
4349726.977146624
 10
470105.88817985245
 20
4349726.880968641
 10
470105.7720979135
 20
4349726.7903774055
 10
470105.651710699
 20
4349726.705591164
 10
470105.52730823256
 20
4349726.62681417
 10
470105.39919021045
 20
4349726.554236207
 10
470105.26766528026
 20
4349726.488032121
 10
470105.1330502971
 20
4349726.428361403
 10
470104.99566956016
 20
4349726.375367804
 10
470104.85585403175
 20
4349726.329178993
 10
470104.7139405397
 20
4349726.289906241
 10
470104.57027096604
 20
4349726.257644159
 10
470104.42519142333
 20
4349726.2324704705
 10
470104.279051421
 20
4349726.21444582
 10
470104.13220302295
 20
4349726.203613631
 10
470103.985
 20
4349726.2
 10
470103.837796977
 20
4349726.203613631
 10
470103.690948579
 20
4349726.21444582
 10
470103.54480857664
 20
4349726.2324704705
 10
470103.39972903393
 20
4349726.257644159
 10
470103.2560594603
 20
4349726.289906241
 10
470103.1141459682
 20
4349726.329178993
 10
470102.9743304398
 20
4349726.375367804
 10
470102.8369497029
 20
4349726.428361403
 10
470102.7023347197
 20
4349726.488032121
 10
470102.5708097895
 20
4349726.554236207
 10
470102.4426917674
 20
4349726.62681417
 10
470102.31828930095
 20
4349726.705591164
 10
470102.1979020865
 20
4349726.7903774055
 10
470102.0818201475
 20
4349726.880968641
 10
470101.97032313544
 20
4349726.977146624
 10
470101.8636796564
 20
4349727.078679657
 10
470101.7621466239
 20
4349727.185323136
 10
470101.6659686399
 20
4349727.296820148
 10
470101.57537740556
 20
4349727.412902087
 10
470101.4905911631
 20
4349727.533289301
 10
470101.41181416996
 20
4349727.657691767
 10
470101.33923620696
 20
4349727.78580979
 10
470101.2730321206
 20
4349727.91733472
 10
470101.21336140245
 20
4349728.051949703
 10
470101.16036780446
 20
4349728.18933044
 10
470101.1141789928
 20
4349728.329145968
 10
470101.0749062404
 20
4349728.47105946
 10
470101.04264415876
 20
4349728.614729034
 10
470101.0174704701
 20
4349728.759808577
 10
470100.99944582
 20
4349728.905948579
 10
470100.98861363134
 20
4349729.052796978
 10
470100.985
 20
4349729.2
 10
470100.98861363134
 20
4349729.347203023
 10
470100.99944582
 20
4349729.494051421
 10
470101.0174704701
 20
4349729.640191424
 10
470101.04264415876
 20
4349729.785270967
 10
470101.0749062404
 20
4349729.92894054
 10
470101.1141789928
 20
4349730.070854032
 10
470101.16036780446
 20
4349730.21066956
 10
470101.21336140245
 20
4349730.348050297
 10
470101.2730321206
 20
4349730.482665281
 10
470101.33923620696
 20
4349730.614190211
 10
470101.41181416996
 20
4349730.742308233
 10
470101.4905911631
 20
4349730.866710699
 10
470101.57537740556
 20
4349730.987097913
 10
470101.6659686399
 20
4349731.1031798525
 10
470101.7621466239
 20
4349731.214676864
 10
470101.76735510293
 20
4349731.220147501
 10
470103.91127260163
 20
4349731.504809222
 10
470106.87850268855
 20
4349728.411107033
 10
470106.85582100716
 20
4349728.329145968
 10
470106.8096321955
 20
4349728.18933044
 10
470106.7566385975
 20
4349728.051949703
 10
470106.69696787937
 20
4349727.91733472
  0
LWPOLYLINE
  5
46
330
17
100
AcDbEntity
  8
1.000-1.500
 62
5
370
30
100
AcDbPolyline
 90
63
 70
1
 10
470107.08185403177
 20
4349734.2058210075
 10
470107.2216695602
 20
4349734.159632196
 10
470107.3590502971
 20
4349734.106638597
 10
470107.4936652803
 20
4349734.046967879
 10
470107.62519021047
 20
4349733.980763793
 10
470107.7533082326
 20
4349733.90818583
 10
470107.87771069905
 20
4349733.829408837
 10
470107.9980979135
 20
4349733.744622595
 10
470108.1141798525
 20
4349733.65403136
 10
470108.22567686456
 20
4349733.5578533765
 10
470108.3323203436
 20
4349733.456320344
 10
470108.4338533761
 20
4349733.349676864
 10
470108.5300313601
 20
4349733.238179852
 10
470108.62062259443
 20
4349733.122097913
 10
470108.7054088369
 20
4349733.001710699
 10
470108.78418583004
 20
4349732.877308233
 10
470108.85676379304
 20
4349732.74919021
 10
470108.9229678794
 20
4349732.617665281
 10
470108.98263859755
 20
4349732.483050297
 10
470109.03563219553
 20
4349732.34566956
 10
470109.0818210072
 20
4349732.205854032
 10
470109.1210937596
 20
4349732.06394054
 10
470109.15335584123
 20
4349731.920270966
 10
470109.1785295299
 20
4349731.7751914235
 10
470109.19655418
 20
4349731.629051421
 10
470109.20738636865
 20
4349731.482203023
 10
470109.211
 20
4349731.335
 10
470109.20738636865
 20
4349731.187796977
 10
470109.19655418
 20
4349731.040948579
 10
470109.1785295299
 20
4349730.894808576
 10
470109.15335584123
 20
4349730.749729034
 10
470109.1210937596
 20
4349730.60605946
 10
470109.0818210072
 20
4349730.464145968
 10
470109.03563219553
 20
4349730.32433044
 10
470108.98263859755
 20
4349730.186949703
 10
470108.9229678794
 20
4349730.052334719
 10
470108.85676379304
 20
4349729.92080979
 10
470108.78418583004
 20
4349729.792691767
 10
470108.7054088369
 20
4349729.668289301
 10
470108.62062259443
 20
4349729.547902087
 10
470108.5300313601
 20
4349729.431820148
 10
470108.4338533761
 20
4349729.320323136
 10
470108.3323203436
 20
4349729.213679656
 10
470108.22567686456
 20
4349729.112146623
 10
470108.1141798525
 20
4349729.01596864
 10
470107.9980979135
 20
4349728.925377405
 10
470107.87771069905
 20
4349728.840591163
 10
470107.7533082326
 20
4349728.76181417
 10
470107.62519021047
 20
4349728.689236207
 10
470107.4936652803
 20
4349728.623032121
 10
470107.3590502971
 20
4349728.563361403
 10
470107.2216695602
 20
4349728.510367804
 10
470107.08185403177
 20
4349728.464178992
 10
470106.9399405397
 20
4349728.424906241
 10
470106.8785004183
 20
4349728.4111094
 10
470103.91127260163
 20
4349731.504809222
 10
470106.32308820164
 20
4349734.332248389
 10
470106.358203023
 20
4349734.331386369
 10
470106.505051421
 20
4349734.32055418
 10
470106.65119142336
 20
4349734.30252953
 10
470106.79627096606
 20
4349734.277355841
 10
470106.9399405397
 20
4349734.245093759
 10
470107.08185403177
 20
4349734.2058210075
  0
LWPOLYLINE
  5
47
330
17
100
AcDbEntity
  8
1.000-1.500
 62
5
370
30
100
AcDbPolyline
 90
44
 70
1
 10
470100.80781416997
 20
4349732.206691767
 10
470100.73523620697
 20
4349732.334809789
 10
470100.6690321206
 20
4349732.466334719
 10
470100.60936140246
 20
4349732.600949703
 10
470100.5563678045
 20
4349732.73833044
 10
470100.5101789928
 20
4349732.878145968
 10
470100.4709062404
 20
4349733.02005946
 10
470100.43864415877
 20
4349733.163729033
 10
470100.4134704701
 20
4349733.308808576
 10
470100.39544582
 20
4349733.454948579
 10
470100.38461363135
 20
4349733.601796977
 10
470100.381
 20
4349733.749
 10
470100.38461363135
 20
4349733.896203022
 10
470100.39544582
 20
4349734.043051421
 10
470100.4134704701
 20
4349734.189191423
 10
470100.43864415877
 20
4349734.334270966
 10
470100.4709062404
 20
4349734.47794054
 10
470100.5101789928
 20
4349734.619854032
 10
470100.5563678045
 20
4349734.75966956
 10
470100.60936140246
 20
4349734.897050297
 10
470100.6690321206
 20
4349735.03166528
 10
470100.73523620697
 20
4349735.16319021
 10
470100.80781416997
 20
4349735.291308233
 10
470100.8865911631
 20
4349735.415710699
 10
470100.97137740557
 20
4349735.536097913
 10
470101.0619686399
 20
4349735.652179852
 10
470101.15814662393
 20
4349735.763676864
 10
470101.2596796564
 20
4349735.870320343
 10
470101.3152605801
 20
4349735.923237782
 10
470106.32263558416
 20
4349734.337478416
 10
470106.3233558412
 20
4349734.334270966
 10
470106.32360222907
 20
4349734.332850998
 10
470103.91127260163
 20
4349731.504809222
 10
470101.76845182886
 20
4349731.2202931205
 10
470101.71428930096
 20
4349731.254591163
 10
470101.5939020865
 20
4349731.339377405
 10
470101.4778201475
 20
4349731.42996864
 10
470101.36632313544
 20
4349731.526146623
 10
470101.2596796564
 20
4349731.627679656
 10
470101.15814662393
 20
4349731.734323136
 10
470101.0619686399
 20
4349731.845820148
 10
470100.97137740557
 20
4349731.961902087
 10
470100.8865911631
 20
4349732.082289301
 10
470100.80781416997
 20
4349732.206691767
  0
LWPOLYLINE
  5
48
330
17
100
AcDbEntity
  8
1.000-1.500
 62
5
370
30
100
AcDbPolyline
 90
82
 70
1
 10
470104.1200937596
 20
4349740.38694054
 10
470104.15235584124
 20
4349740.243270966
 10
470104.1775295299
 20
4349740.098191423
 10
470104.19555418
 20
4349739.952051421
 10
470104.20638636866
 20
4349739.805203022
 10
470104.21
 20
4349739.658
 10
470104.206405373
 20
4349739.511571127
 10
470101.26043031237
 20
4349736.659237995
 10
470101.21
 20
4349736.658
 10
470101.06279697706
 20
4349736.661613631
 10
470100.91594857903
 20
4349736.67244582
 10
470100.7698085767
 20
4349736.69047047
 10
470100.62472903397
 20
4349736.715644158
 10
470100.4810594603
 20
4349736.747906241
 10
470100.33914596826
 20
4349736.787178992
 10
470100.19933043985
 20
4349736.833367804
 10
470100.0619497029
 20
4349736.886361402
 10
470099.92733471974
 20
4349736.946032121
 10
470099.79580978956
 20
4349737.012236207
 10
470099.66769176745
 20
4349737.084814169
 10
470099.543289301
 20
4349737.163591163
 10
470099.4229020865
 20
4349737.248377405
 10
470099.30682014755
 20
4349737.33896864
 10
470099.1953231355
 20
4349737.435146623
 10
470099.08867965644
 20
4349737.536679656
 10
470098.98714662396
 20
4349737.643323136
 10
470098.8909686399
 20
4349737.7548201475
 10
470098.8003774056
 20
4349737.870902087
 10
470098.71559116314
 20
4349737.991289301
 10
470098.63681417
 20
4349738.115691767
 10
470098.564236207
 20
4349738.243809789
 10
470098.49803212064
 20
4349738.375334719
 10
470098.4383614025
 20
4349738.509949703
 10
470098.3853678045
 20
4349738.64733044
 10
470098.33917899284
 20
4349738.787145968
 10
470098.2999062404
 20
4349738.92905946
 10
470098.2676441588
 20
4349739.072729033
 10
470098.24247047014
 20
4349739.217808576
 10
470098.22444582003
 20
4349739.363948579
 10
470098.2136136314
 20
4349739.510796977
 10
470098.21
 20
4349739.658
 10
470098.2136136314
 20
4349739.805203022
 10
470098.22444582003
 20
4349739.952051421
 10
470098.24247047014
 20
4349740.098191423
 10
470098.2676441588
 20
4349740.243270966
 10
470098.2999062404
 20
4349740.38694054
 10
470098.33917899284
 20
4349740.528854032
 10
470098.3853678045
 20
4349740.66866956
 10
470098.4383614025
 20
4349740.806050297
 10
470098.49803212064
 20
4349740.94066528
 10
470098.564236207
 20
4349741.07219021
 10
470098.63681417
 20
4349741.200308233
 10
470098.71559116314
 20
4349741.324710699
 10
470098.8003774056
 20
4349741.445097913
 10
470098.8909686399
 20
4349741.561179852
 10
470098.98714662396
 20
4349741.672676864
 10
470099.08867965644
 20
4349741.779320343
 10
470099.1953231355
 20
4349741.880853376
 10
470099.30682014755
 20
4349741.977031359
 10
470099.4229020865
 20
4349742.067622595
 10
470099.543289301
 20
4349742.152408836
 10
470099.66769176745
 20
4349742.23118583
 10
470099.79580978956
 20
4349742.303763793
 10
470099.92733471974
 20
4349742.369967879
 10
470100.0619497029
 20
4349742.429638597
 10
470100.19933043985
 20
4349742.482632196
 10
470100.33914596826
 20
4349742.528821007
 10
470100.4810594603
 20
4349742.568093759
 10
470100.62472903397
 20
4349742.600355841
 10
470100.7698085767
 20
4349742.6255295295
 10
470100.91594857903
 20
4349742.64355418
 10
470101.06279697706
 20
4349742.654386369
 10
470101.21
 20
4349742.658
 10
470101.26977234165
 20
4349742.656532671
 10
470103.7635832383
 20
4349741.231264108
 10
470103.78318583005
 20
4349741.200308233
 10
470103.85576379305
 20
4349741.07219021
 10
470103.9219678794
 20
4349740.94066528
 10
470103.98163859756
 20
4349740.806050297
 10
470104.03463219554
 20
4349740.66866956
 10
470104.0808210072
 20
4349740.528854032
 10
470104.1200937596
 20
4349740.38694054
  0
LWPOLYLINE
  5
49
330
17
100
AcDbEntity
  8
1.000-1.500
 62
5
370
30
100
AcDbPolyline
 90
86
 70
1
 10
470100.85519021045
 20
4349743.592236207
 10
470100.72366528027
 20
4349743.526032121
 10
470100.5890502971
 20
4349743.4663614025
 10
470100.45166956016
 20
4349743.413367804
 10
470100.31185403175
 20
4349743.367178992
 10
470100.1699405397
 20
4349743.327906241
 10
470100.02627096605
 20
4349743.2956441585
 10
470099.88119142334
 20
4349743.27047047
 10
470099.735051421
 20
4349743.25244582
 10
470099.58820302295
 20
4349743.241613631
 10
470099.441
 20
4349743.238
 10
470099.293796977
 20
4349743.241613631
 10
470099.146948579
 20
4349743.25244582
 10
470099.00080857665
 20
4349743.27047047
 10
470098.85572903394
 20
4349743.2956441585
 10
470098.7120594603
 20
4349743.327906241
 10
470098.57014596823
 20
4349743.367178992
 10
470098.4303304398
 20
4349743.413367804
 10
470098.2929497029
 20
4349743.4663614025
 10
470098.1583347197
 20
4349743.526032121
 10
470098.02680978953
 20
4349743.592236207
 10
470097.8986917674
 20
4349743.6648141695
 10
470097.77428930096
 20
4349743.743591163
 10
470097.6539020865
 20
4349743.828377405
 10
470097.5378201475
 20
4349743.91896864
 10
470097.42632313544
 20
4349744.015146623
 10
470097.3196796564
 20
4349744.116679656
 10
470097.2181466239
 20
4349744.223323136
 10
470097.1219686399
 20
4349744.334820148
 10
470097.03137740557
 20
4349744.450902087
 10
470096.9465911631
 20
4349744.571289301
 10
470096.86781416996
 20
4349744.695691767
 10
470096.79523620696
 20
4349744.8238097895
 10
470096.7290321206
 20
4349744.955334719
 10
470096.66936140246
 20
4349745.089949703
 10
470096.61636780447
 20
4349745.22733044
 10
470096.5701789928
 20
4349745.367145968
 10
470096.5309062404
 20
4349745.50905946
 10
470096.49864415877
 20
4349745.6527290335
 10
470096.4734704701
 20
4349745.797808576
 10
470096.45544582
 20
4349745.943948579
 10
470096.44461363135
 20
4349746.090796977
 10
470096.441
 20
4349746.238
 10
470096.44461363135
 20
4349746.3852030225
 10
470096.45544582
 20
4349746.532051421
 10
470096.4734704701
 20
4349746.678191423
 10
470096.49864415877
 20
4349746.823270966
 10
470096.5309062404
 20
4349746.96694054
 10
470096.5701789928
 20
4349747.108854032
 10
470096.61636780447
 20
4349747.24866956
 10
470096.66936140246
 20
4349747.386050297
 10
470096.7290321206
 20
4349747.5206652805
 10
470096.79523620696
 20
4349747.65219021
 10
470096.86781416996
 20
4349747.780308233
 10
470096.9465911631
 20
4349747.904710699
 10
470097.03137740557
 20
4349748.025097913
 10
470097.1219686399
 20
4349748.141179852
 10
470097.2181466239
 20
4349748.252676864
 10
470097.3196796564
 20
4349748.3593203435
 10
470097.42632313544
 20
4349748.460853376
 10
470097.5378201475
 20
4349748.5570313595
 10
470097.6539020865
 20
4349748.647622595
 10
470097.77428930096
 20
4349748.7324088365
 10
470097.8986917674
 20
4349748.81118583
 10
470098.02680978953
 20
4349748.883763793
 10
470098.1583347197
 20
4349748.949967879
 10
470098.2929497029
 20
4349749.009638597
 10
470098.4303304398
 20
4349749.062632196
 10
470098.57014596823
 20
4349749.108821007
 10
470098.7120594603
 20
4349749.148093759
 10
470098.85572903394
 20
4349749.180355841
 10
470099.00080857665
 20
4349749.20552953
 10
470099.146948579
 20
4349749.22355418
 10
470099.293796977
 20
4349749.234386369
 10
470099.42963614577
 20
4349749.237721033
 10
470101.9988113751
 20
4349747.80458715
 10
470102.01418583
 20
4349747.780308233
 10
470102.086763793
 20
4349747.65219021
 10
470102.1529678794
 20
4349747.5206652805
 10
470102.2126385975
 20
4349747.386050297
 10
470102.2656321955
 20
4349747.24866956
 10
470102.31182100717
 20
4349747.108854032
 10
470102.3510937596
 20
4349746.96694054
 10
470102.3757616526
 20
4349746.857089424
 10
470100.8882675396
 20
4349743.610974282
 10
470100.85519021045
 20
4349743.592236207
  0
LWPOLYLINE
  5
4A
330
17
100
AcDbEntity
  8
1.000-1.500
 62
5
370
30
100
AcDbPolyline
 90
94
 70
1
 10
470100.42
 20
4349753.81
 10
470100.4163863686
 20
4349753.662796977
 10
470100.40555418
 20
4349753.515948579
 10
470100.38752952986
 20
4349753.369808576
 10
470100.3818506603
 20
4349753.337080444
 10
470099.0265121052
 20
4349751.277470823
 10
470098.96230823256
 20
4349751.236814169
 10
470098.83419021044
 20
4349751.164236207
 10
470098.70266528026
 20
4349751.098032121
 10
470098.5680502971
 20
4349751.038361402
 10
470098.43066956016
 20
4349750.985367804
 10
470098.29085403174
 20
4349750.939178992
 10
470098.1489405397
 20
4349750.89990624
 10
470098.00527096604
 20
4349750.867644158
 10
470097.86019142333
 20
4349750.84247047
 10
470097.714051421
 20
4349750.8244458195
 10
470097.56720302295
 20
4349750.813613631
 10
470097.42
 20
4349750.81
 10
470097.272796977
 20
4349750.813613631
 10
470097.125948579
 20
4349750.8244458195
 10
470096.97980857664
 20
4349750.84247047
 10
470096.83472903393
 20
4349750.867644158
 10
470096.6910594603
 20
4349750.89990624
 10
470096.5491459682
 20
4349750.939178992
 10
470096.4093304398
 20
4349750.985367804
 10
470096.2719497029
 20
4349751.038361402
 10
470096.1373347197
 20
4349751.098032121
 10
470096.0058097895
 20
4349751.164236207
 10
470095.8776917674
 20
4349751.236814169
 10
470095.75328930095
 20
4349751.315591163
 10
470095.6329020865
 20
4349751.400377405
 10
470095.5168201475
 20
4349751.49096864
 10
470095.40532313543
 20
4349751.587146623
 10
470095.2986796564
 20
4349751.688679656
 10
470095.1971466239
 20
4349751.795323135
 10
470095.1009686399
 20
4349751.906820147
 10
470095.01037740556
 20
4349752.022902086
 10
470094.9255911631
 20
4349752.143289301
 10
470094.84681416996
 20
4349752.267691767
 10
470094.77423620695
 20
4349752.395809789
 10
470094.7080321206
 20
4349752.527334719
 10
470094.64836140245
 20
4349752.661949703
 10
470094.59536780446
 20
4349752.799330439
 10
470094.5491789928
 20
4349752.939145967
 10
470094.5099062404
 20
4349753.08105946
 10
470094.47764415876
 20
4349753.224729033
 10
470094.4524704701
 20
4349753.369808576
 10
470094.43444582
 20
4349753.515948579
 10
470094.42361363134
 20
4349753.662796977
 10
470094.42
 20
4349753.81
 10
470094.42361363134
 20
4349753.957203022
 10
470094.43444582
 20
4349754.10405142
 10
470094.4524704701
 20
4349754.250191423
 10
470094.47764415876
 20
4349754.395270966
 10
470094.5099062404
 20
4349754.53894054
 10
470094.5491789928
 20
4349754.680854032
 10
470094.59536780446
 20
4349754.82066956
 10
470094.64836140245
 20
4349754.958050297
 10
470094.7080321206
 20
4349755.09266528
 10
470094.77423620695
 20
4349755.22419021
 10
470094.84681416996
 20
4349755.352308232
 10
470094.9255911631
 20
4349755.476710699
 10
470095.01037740556
 20
4349755.597097913
 10
470095.1009686399
 20
4349755.713179852
 10
470095.1971466239
 20
4349755.824676864
 10
470095.2986796564
 20
4349755.931320343
 10
470095.40532313543
 20
4349756.032853376
 10
470095.5168201475
 20
4349756.129031359
 10
470095.6329020865
 20
4349756.219622594
 10
470095.75328930095
 20
4349756.304408836
 10
470095.8776917674
 20
4349756.38318583
 10
470096.0058097895
 20
4349756.455763793
 10
470096.1373347197
 20
4349756.521967879
 10
470096.2719497029
 20
4349756.581638597
 10
470096.4093304398
 20
4349756.634632195
 10
470096.5491459682
 20
4349756.680821007
 10
470096.6910594603
 20
4349756.720093759
 10
470096.83472903393
 20
4349756.752355841
 10
470096.97980857664
 20
4349756.777529529
 10
470097.125948579
 20
4349756.79555418
 10
470097.272796977
 20
4349756.806386368
 10
470097.42
 20
4349756.81
 10
470097.5120771137
 20
4349756.807739633
 10
470100.1131023749
 20
4349755.130144601
 10
470100.13196787937
 20
4349755.09266528
 10
470100.1916385975
 20
4349754.958050297
 10
470100.2446321955
 20
4349754.82066956
 10
470100.29082100716
 20
4349754.680854032
 10
470100.3300937596
 20
4349754.53894054
 10
470100.3623558412
 20
4349754.395270966
 10
470100.38752952986
 20
4349754.250191423
 10
470100.40555418
 20
4349754.10405142
 10
470100.4163863686
 20
4349753.957203022
 10
470100.42
 20
4349753.81
  0
LWPOLYLINE
  5
4B
330
17
100
AcDbEntity
  8
0.500-1.000
 62
4
370
30
100
AcDbPolyline
 90
59
 70
1
 10
470104.2055696878
 20
4349739.510762005
 10
470104.256
 20
4349739.512
 10
470104.40320302296
 20
4349739.508386369
 10
470104.550051421
 20
4349739.49755418
 10
470104.69619142334
 20
4349739.47952953
 10
470104.84127096605
 20
4349739.4543558415
 10
470104.9849405397
 20
4349739.422093759
 10
470105.12685403175
 20
4349739.382821008
 10
470105.26666956017
 20
4349739.336632196
 10
470105.4040502971
 20
4349739.2836385975
 10
470105.53866528027
 20
4349739.223967879
 10
470105.67019021045
 20
4349739.157763793
 10
470105.79830823257
 20
4349739.0851858305
 10
470105.92271069903
 20
4349739.006408837
 10
470106.0430979135
 20
4349738.921622595
 10
470106.15917985246
 20
4349738.83103136
 10
470106.27067686454
 20
4349738.734853377
 10
470106.37732034357
 20
4349738.633320344
 10
470106.47885337606
 20
4349738.526676864
 10
470106.5750313601
 20
4349738.415179852
 10
470106.6656225944
 20
4349738.299097913
 10
470106.7504088369
 20
4349738.178710699
 10
470106.82918583
 20
4349738.054308233
 10
470106.901763793
 20
4349737.9261902105
 10
470106.9679678794
 20
4349737.794665281
 10
470107.02763859753
 20
4349737.660050297
 10
470107.0806321955
 20
4349737.52266956
 10
470107.1268210072
 20
4349737.382854032
 10
470107.1660937596
 20
4349737.24094054
 10
470107.1983558412
 20
4349737.0972709665
 10
470107.2235295299
 20
4349736.952191424
 10
470107.24155418
 20
4349736.806051421
 10
470107.25238636864
 20
4349736.659203023
 10
470107.256
 20
4349736.512
 10
470107.25238636864
 20
4349736.3647969775
 10
470107.24155418
 20
4349736.217948579
 10
470107.2235295299
 20
4349736.071808577
 10
470107.1983558412
 20
4349735.926729034
 10
470107.1660937596
 20
4349735.78305946
 10
470107.1268210072
 20
4349735.641145968
 10
470107.0806321955
 20
4349735.50133044
 10
470107.02763859753
 20
4349735.363949703
 10
470106.9679678794
 20
4349735.2293347195
 10
470106.901763793
 20
4349735.09780979
 10
470106.82918583
 20
4349734.969691767
 10
470106.7504088369
 20
4349734.845289301
 10
470106.6656225944
 20
4349734.724902087
 10
470106.5750313601
 20
4349734.608820148
 10
470106.47885337606
 20
4349734.497323136
 10
470106.37732034357
 20
4349734.3906796565
 10
470106.32173942
 20
4349734.337762218
 10
470101.31436441577
 20
4349735.923521584
 10
470101.31364415877
 20
4349735.926729034
 10
470101.2884704701
 20
4349736.071808577
 10
470101.27044582
 20
4349736.217948579
 10
470101.25961363135
 20
4349736.3647969775
 10
470101.256
 20
4349736.512
 10
470101.259594627
 20
4349736.658428873
 10
470104.2055696878
 20
4349739.510762005
  0
LWPOLYLINE
  5
4C
330
17
100
AcDbEntity
  8
0.500-1.000
 62
4
370
30
100
AcDbPolyline
 90
87
 70
1
 10
470100.8882383473
 20
4349743.610910577
 10
470102.37573246
 20
4349746.857025717
 10
470102.4088097895
 20
4349746.8757637935
 10
470102.5403347197
 20
4349746.941967879
 10
470102.67494970286
 20
4349747.001638598
 10
470102.8123304398
 20
4349747.054632196
 10
470102.9521459682
 20
4349747.100821008
 10
470103.0940594603
 20
4349747.14009376
 10
470103.2377290339
 20
4349747.172355842
 10
470103.3828085766
 20
4349747.19752953
 10
470103.528948579
 20
4349747.215554181
 10
470103.675796977
 20
4349747.226386369
 10
470103.823
 20
4349747.23
 10
470103.97020302294
 20
4349747.226386369
 10
470104.11705142097
 20
4349747.215554181
 10
470104.2631914233
 20
4349747.19752953
 10
470104.408270966
 20
4349747.172355842
 10
470104.5519405397
 20
4349747.14009376
 10
470104.69385403174
 20
4349747.100821008
 10
470104.83366956015
 20
4349747.054632196
 10
470104.9710502971
 20
4349747.001638598
 10
470105.10566528025
 20
4349746.941967879
 10
470105.23719021044
 20
4349746.8757637935
 10
470105.36530823255
 20
4349746.803185831
 10
470105.489710699
 20
4349746.724408837
 10
470105.6100979135
 20
4349746.639622595
 10
470105.72617985244
 20
4349746.54903136
 10
470105.8376768645
 20
4349746.452853377
 10
470105.94432034355
 20
4349746.351320344
 10
470106.04585337604
 20
4349746.244676865
 10
470106.14203136007
 20
4349746.133179853
 10
470106.2326225944
 20
4349746.017097914
 10
470106.31740883685
 20
4349745.896710699
 10
470106.39618583
 20
4349745.772308233
 10
470106.468763793
 20
4349745.644190211
 10
470106.53496787936
 20
4349745.512665281
 10
470106.5946385975
 20
4349745.3780502975
 10
470106.6476321955
 20
4349745.240669561
 10
470106.69382100715
 20
4349745.100854033
 10
470106.73309375957
 20
4349744.95894054
 10
470106.7653558412
 20
4349744.815270967
 10
470106.79052952986
 20
4349744.670191424
 10
470106.80855417997
 20
4349744.524051421
 10
470106.8193863686
 20
4349744.377203023
 10
470106.823
 20
4349744.23
 10
470106.8193863686
 20
4349744.082796978
 10
470106.80855417997
 20
4349743.93594858
 10
470106.79052952986
 20
4349743.789808577
 10
470106.7653558412
 20
4349743.644729034
 10
470106.73309375957
 20
4349743.50105946
 10
470106.69382100715
 20
4349743.359145968
 10
470106.6476321955
 20
4349743.21933044
 10
470106.5946385975
 20
4349743.081949703
 10
470106.53496787936
 20
4349742.94733472
 10
470106.468763793
 20
4349742.81580979
 10
470106.39618583
 20
4349742.687691768
 10
470106.31740883685
 20
4349742.5632893015
 10
470106.2326225944
 20
4349742.442902087
 10
470106.14203136007
 20
4349742.326820148
 10
470106.04585337604
 20
4349742.215323136
 10
470105.94432034355
 20
4349742.108679657
 10
470105.8376768645
 20
4349742.007146624
 10
470105.72617985244
 20
4349741.910968641
 10
470105.6100979135
 20
4349741.820377406
 10
470105.489710699
 20
4349741.735591164
 10
470105.36530823255
 20
4349741.65681417
 10
470105.23719021044
 20
4349741.584236207
 10
470105.10566528025
 20
4349741.5180321215
 10
470104.9710502971
 20
4349741.458361403
 10
470104.83366956015
 20
4349741.405367805
 10
470104.69385403174
 20
4349741.359178993
 10
470104.5519405397
 20
4349741.319906241
 10
470104.408270966
 20
4349741.287644159
 10
470104.2631914233
 20
4349741.262470471
 10
470104.11705142097
 20
4349741.24444582
 10
470103.97020302294
 20
4349741.233613632
 10
470103.823
 20
4349741.23
 10
470103.7632276592
 20
4349741.231467329
 10
470101.2694167612
 20
4349742.656735893
 10
470101.24981416995
 20
4349742.687691768
 10
470101.17723620695
 20
4349742.81580979
 10
470101.1110321206
 20
4349742.94733472
 10
470101.05136140244
 20
4349743.081949703
 10
470100.99836780445
 20
4349743.21933044
 10
470100.9521789928
 20
4349743.359145968
 10
470100.9129062404
 20
4349743.50105946
 10
470100.8882383473
 20
4349743.610910577
  0
LWPOLYLINE
  5
4D
330
17
100
AcDbEntity
  8
0.500-1.000
 62
4
370
30
100
AcDbPolyline
 90
131
 70
1
 10
470104.7469020865
 20
4349752.5446225945
 10
470104.86728930095
 20
4349752.629408836
 10
470104.9916917674
 20
4349752.70818583
 10
470105.1198097895
 20
4349752.780763793
 10
470105.1681221865
 20
4349752.805082209
 10
470106.4965338139
 20
4349753.134080256
 10
470106.534
 20
4349753.135
 10
470106.68120302295
 20
4349753.131386369
 10
470106.82501127874
 20
4349753.120778434
 10
470109.5090617482
 20
4349750.51412181
 10
470109.51955418
 20
4349750.429051421
 10
470109.5303863686
 20
4349750.282203022
 10
470109.534
 20
4349750.135
 10
470109.5303863686
 20
4349749.987796977
 10
470109.51955418
 20
4349749.840948579
 10
470109.50152952987
 20
4349749.694808576
 10
470109.4763558412
 20
4349749.549729033
 10
470109.4440937596
 20
4349749.40605946
 10
470109.40482100716
 20
4349749.264145968
 10
470109.3586321955
 20
4349749.12433044
 10
470109.3056385975
 20
4349748.986949703
 10
470109.24596787937
 20
4349748.852334719
 10
470109.179763793
 20
4349748.720809789
 10
470109.10718583
 20
4349748.592691767
 10
470109.02840883686
 20
4349748.468289301
 10
470108.9436225944
 20
4349748.347902087
 10
470108.8530313601
 20
4349748.2318201475
 10
470108.75685337605
 20
4349748.1203231355
 10
470108.65532034356
 20
4349748.013679656
 10
470108.54867686454
 20
4349747.912146623
 10
470108.43717985245
 20
4349747.81596864
 10
470108.3210979135
 20
4349747.725377405
 10
470108.200710699
 20
4349747.640591163
 10
470108.07630823256
 20
4349747.561814169
 10
470107.94819021045
 20
4349747.489236207
 10
470107.81666528026
 20
4349747.423032121
 10
470107.6820502971
 20
4349747.363361402
 10
470107.54466956016
 20
4349747.310367804
 10
470107.40485403175
 20
4349747.264178992
 10
470107.2629405397
 20
4349747.224906241
 10
470107.11927096604
 20
4349747.192644158
 10
470106.97419142333
 20
4349747.16747047
 10
470106.828051421
 20
4349747.14944582
 10
470106.68120302295
 20
4349747.138613631
 10
470106.534
 20
4349747.135
 10
470106.386796977
 20
4349747.138613631
 10
470106.239948579
 20
4349747.14944582
 10
470106.09380857664
 20
4349747.16747047
 10
470105.94872903393
 20
4349747.192644158
 10
470105.8050594603
 20
4349747.224906241
 10
470105.6631459682
 20
4349747.264178992
 10
470105.5233304398
 20
4349747.310367804
 10
470105.3859497029
 20
4349747.363361402
 10
470105.2513347197
 20
4349747.423032121
 10
470105.1198097895
 20
4349747.489236207
 10
470104.9916917674
 20
4349747.561814169
 10
470104.86728930095
 20
4349747.640591163
 10
470104.7469020865
 20
4349747.725377405
 10
470104.6308201475
 20
4349747.81596864
 10
470104.51932313544
 20
4349747.912146623
 10
470104.4126796564
 20
4349748.013679656
 10
470104.3111466239
 20
4349748.1203231355
 10
470104.2149686399
 20
4349748.2318201475
 10
470104.12437740556
 20
4349748.347902087
 10
470104.0395911631
 20
4349748.468289301
 10
470103.98028060986
 20
4349748.5619509
 10
470103.98026496614
 20
4349748.561844598
 10
470103.98025980644
 20
4349748.561809536
 10
470103.8911798525
 20
4349748.48496864
 10
470103.7750979135
 20
4349748.394377405
 10
470103.65471069905
 20
4349748.309591163
 10
470103.5303082326
 20
4349748.230814169
 10
470103.4021902105
 20
4349748.1582362065
 10
470103.2706652803
 20
4349748.092032121
 10
470103.1360502971
 20
4349748.032361402
 10
470102.9986695602
 20
4349747.979367804
 10
470102.8588540318
 20
4349747.933178992
 10
470102.7169405397
 20
4349747.89390624
 10
470102.57327096607
 20
4349747.861644158
 10
470102.42819142336
 20
4349747.83647047
 10
470102.282051421
 20
4349747.818445819
 10
470102.135203023
 20
4349747.807613631
 10
470101.9993638549
 20
4349747.804278967
 10
470099.43018862454
 20
4349749.23741285
 10
470099.41481417
 20
4349749.261691767
 10
470099.342236207
 20
4349749.389809789
 10
470099.27603212063
 20
4349749.521334719
 10
470099.2163614025
 20
4349749.6559497025
 10
470099.1633678045
 20
4349749.793330439
 10
470099.11717899283
 20
4349749.933145967
 10
470099.0779062404
 20
4349750.07505946
 10
470099.0456441588
 20
4349750.218729033
 10
470099.02047047013
 20
4349750.363808576
 10
470099.00244582
 20
4349750.509948579
 10
470098.99161363137
 20
4349750.656796977
 10
470098.988
 20
4349750.804
 10
470098.99161363137
 20
4349750.951203022
 10
470099.00244582
 20
4349751.09805142
 10
470099.02047047013
 20
4349751.244191423
 10
470099.02614933974
 20
4349751.276919555
 10
470100.38148789457
 20
4349753.336529176
 10
470100.44569176744
 20
4349753.37718583
 10
470100.57380978955
 20
4349753.449763793
 10
470100.70533471974
 20
4349753.5159678785
 10
470100.8399497029
 20
4349753.575638597
 10
470100.97733043984
 20
4349753.628632195
 10
470101.11714596825
 20
4349753.674821007
 10
470101.2590594603
 20
4349753.714093759
 10
470101.40272903396
 20
4349753.746355841
 10
470101.54780857667
 20
4349753.771529529
 10
470101.693948579
 20
4349753.78955418
 10
470101.84079697705
 20
4349753.800386368
 10
470101.988
 20
4349753.804
 10
470102.135203023
 20
4349753.800386368
 10
470102.282051421
 20
4349753.78955418
 10
470102.42819142336
 20
4349753.771529529
 10
470102.57327096607
 20
4349753.746355841
 10
470102.7169405397
 20
4349753.714093759
 10
470102.8588540318
 20
4349753.674821007
 10
470102.9986695602
 20
4349753.628632195
 10
470103.111913372
 20
4349753.584949236
 10
470104.0078051484
 20
4349753.021970844
 10
470104.1093203436
 20
4349752.925320343
 10
470104.2108533761
 20
4349752.818676864
 10
470104.3070313601
 20
4349752.707179852
 10
470104.39762259444
 20
4349752.591097913
 10
470104.4824088369
 20
4349752.4707106985
 10
470104.5417193902
 20
4349752.3770491
 10
470104.5417401936
 20
4349752.377190463
 10
470104.6308201475
 20
4349752.454031359
 10
470104.7469020865
 20
4349752.5446225945
  0
LWPOLYLINE
  5
4E
330
17
100
AcDbEntity
  8
0.500-1.000
 62
4
370
30
100
AcDbPolyline
 90
94
 70
1
 10
470098.357763793
 20
4349761.89019021
 10
470098.4239678794
 20
4349761.75866528
 10
470098.48363859754
 20
4349761.624050297
 10
470098.5366321955
 20
4349761.48666956
 10
470098.5828210072
 20
4349761.346854032
 10
470098.6220937596
 20
4349761.20494054
 10
470098.6543558412
 20
4349761.061270966
 10
470098.6795295299
 20
4349760.916191423
 10
470098.69755418
 20
4349760.770051421
 10
470098.70103436115
 20
4349760.722871756
 10
470097.21593974176
 20
4349757.8810786875
 10
470097.12619021046
 20
4349757.830236207
 10
470096.9946652803
 20
4349757.764032121
 10
470096.8600502971
 20
4349757.704361402
 10
470096.7226695602
 20
4349757.651367804
 10
470096.58285403176
 20
4349757.605178992
 10
470096.4409405397
 20
4349757.565906241
 10
470096.29727096605
 20
4349757.533644158
 10
470096.15219142335
 20
4349757.50847047
 10
470096.006051421
 20
4349757.49044582
 10
470095.85920302296
 20
4349757.479613631
 10
470095.712
 20
4349757.476
 10
470095.56479697704
 20
4349757.479613631
 10
470095.417948579
 20
4349757.49044582
 10
470095.27180857665
 20
4349757.50847047
 10
470095.12672903395
 20
4349757.533644158
 10
470094.9830594603
 20
4349757.565906241
 10
470094.84114596824
 20
4349757.605178992
 10
470094.7013304398
 20
4349757.651367804
 10
470094.5639497029
 20
4349757.704361402
 10
470094.4293347197
 20
4349757.764032121
 10
470094.29780978954
 20
4349757.830236207
 10
470094.1696917674
 20
4349757.902814169
 10
470094.04528930096
 20
4349757.981591163
 10
470093.9249020865
 20
4349758.066377405
 10
470093.80882014753
 20
4349758.15696864
 10
470093.69732313545
 20
4349758.253146623
 10
470093.5906796564
 20
4349758.354679656
 10
470093.48914662394
 20
4349758.4613231355
 10
470093.3929686399
 20
4349758.5728201475
 10
470093.3023774056
 20
4349758.688902087
 10
470093.2175911631
 20
4349758.809289301
 10
470093.13881417
 20
4349758.933691767
 10
470093.06623620697
 20
4349759.061809789
 10
470093.0000321206
 20
4349759.193334719
 10
470092.94036140246
 20
4349759.327949703
 10
470092.8873678045
 20
4349759.46533044
 10
470092.8411789928
 20
4349759.605145968
 10
470092.8019062404
 20
4349759.74705946
 10
470092.7696441588
 20
4349759.890729033
 10
470092.7444704701
 20
4349760.035808576
 10
470092.72644582
 20
4349760.181948579
 10
470092.71561363136
 20
4349760.328796977
 10
470092.712
 20
4349760.476
 10
470092.71561363136
 20
4349760.623203022
 10
470092.72644582
 20
4349760.770051421
 10
470092.7444704701
 20
4349760.916191423
 10
470092.7696441588
 20
4349761.061270966
 10
470092.8019062404
 20
4349761.20494054
 10
470092.8411789928
 20
4349761.346854032
 10
470092.8873678045
 20
4349761.48666956
 10
470092.94036140246
 20
4349761.624050297
 10
470093.0000321206
 20
4349761.75866528
 10
470093.06623620697
 20
4349761.89019021
 10
470093.13881417
 20
4349762.018308233
 10
470093.2175911631
 20
4349762.142710699
 10
470093.3023774056
 20
4349762.263097913
 10
470093.3929686399
 20
4349762.379179852
 10
470093.48914662394
 20
4349762.490676864
 10
470093.5906796564
 20
4349762.597320343
 10
470093.69732313545
 20
4349762.698853376
 10
470093.80882014753
 20
4349762.795031359
 10
470093.9249020865
 20
4349762.8856225945
 10
470094.04528930096
 20
4349762.970408836
 10
470094.1696917674
 20
4349763.04918583
 10
470094.29780978954
 20
4349763.121763793
 10
470094.4293347197
 20
4349763.187967879
 10
470094.5639497029
 20
4349763.247638597
 10
470094.7013304398
 20
4349763.300632196
 10
470094.84114596824
 20
4349763.346821007
 10
470094.9830594603
 20
4349763.386093759
 10
470095.12672903395
 20
4349763.418355841
 10
470095.27180857665
 20
4349763.4435295295
 10
470095.417948579
 20
4349763.46155418
 10
470095.56479697704
 20
4349763.472386369
 10
470095.712
 20
4349763.476
 10
470095.85920302296
 20
4349763.472386369
 10
470096.006051421
 20
4349763.46155418
 10
470096.1094108983
 20
4349763.448806004
 10
470098.09978522145
 20
4349762.291079921
 10
470098.1216225944
 20
4349762.263097913
 10
470098.2064088369
 20
4349762.142710699
 10
470098.28518583
 20
4349762.018308233
 10
470098.357763793
 20
4349761.89019021
  0
LWPOLYLINE
  5
4F
330
17
100
AcDbEntity
  8
0.500-1.000
 62
4
370
30
100
AcDbPolyline
 90
83
 70
1
 10
470097.0546321955
 20
4349768.0466695605
 10
470097.09739419114
 20
4349767.917227153
 10
470095.6296699614
 20
4349764.382927328
 10
470095.51266528026
 20
4349764.324032121
 10
470095.3780502971
 20
4349764.264361403
 10
470095.24066956015
 20
4349764.211367805
 10
470095.10085403174
 20
4349764.165178993
 10
470094.9589405397
 20
4349764.125906241
 10
470094.81527096604
 20
4349764.093644159
 10
470094.6701914233
 20
4349764.068470471
 10
470094.524051421
 20
4349764.05044582
 10
470094.37720302294
 20
4349764.039613632
 10
470094.23
 20
4349764.036
 10
470094.082796977
 20
4349764.039613632
 10
470093.935948579
 20
4349764.05044582
 10
470093.78980857664
 20
4349764.068470471
 10
470093.6447290339
 20
4349764.093644159
 10
470093.5010594603
 20
4349764.125906241
 10
470093.3591459682
 20
4349764.165178993
 10
470093.2193304398
 20
4349764.211367805
 10
470093.0819497029
 20
4349764.264361403
 10
470092.9473347197
 20
4349764.324032121
 10
470092.8158097895
 20
4349764.390236207
 10
470092.6876917674
 20
4349764.46281417
 10
470092.56328930095
 20
4349764.541591164
 10
470092.4429020865
 20
4349764.626377406
 10
470092.3268201475
 20
4349764.716968641
 10
470092.21532313543
 20
4349764.813146624
 10
470092.1086796564
 20
4349764.914679657
 10
470092.0071466239
 20
4349765.021323136
 10
470091.9109686399
 20
4349765.132820148
 10
470091.82037740556
 20
4349765.248902087
 10
470091.7355911631
 20
4349765.369289301
 10
470091.65681416995
 20
4349765.493691768
 10
470091.58423620695
 20
4349765.62180979
 10
470091.5180321206
 20
4349765.75333472
 10
470091.45836140245
 20
4349765.887949703
 10
470091.40536780446
 20
4349766.02533044
 10
470091.3591789928
 20
4349766.165145968
 10
470091.3199062404
 20
4349766.30705946
 10
470091.28764415876
 20
4349766.450729034
 10
470091.2624704701
 20
4349766.595808577
 10
470091.24444582
 20
4349766.741948579
 10
470091.23361363134
 20
4349766.888796978
 10
470091.23
 20
4349767.036
 10
470091.23361363134
 20
4349767.183203023
 10
470091.24444582
 20
4349767.330051421
 10
470091.2624704701
 20
4349767.476191424
 10
470091.28764415876
 20
4349767.621270967
 10
470091.3199062404
 20
4349767.76494054
 10
470091.3591789928
 20
4349767.906854033
 10
470091.40536780446
 20
4349768.0466695605
 10
470091.45836140245
 20
4349768.184050297
 10
470091.5180321206
 20
4349768.318665281
 10
470091.58423620695
 20
4349768.450190211
 10
470091.65681416995
 20
4349768.578308233
 10
470091.7355911631
 20
4349768.702710699
 10
470091.82037740556
 20
4349768.8230979135
 10
470091.9109686399
 20
4349768.939179853
 10
470092.0071466239
 20
4349769.050676865
 10
470092.1086796564
 20
4349769.157320344
 10
470092.21532313543
 20
4349769.258853377
 10
470092.3268201475
 20
4349769.35503136
 10
470092.4429020865
 20
4349769.445622595
 10
470092.56328930095
 20
4349769.530408837
 10
470092.6876917674
 20
4349769.609185831
 10
470092.8158097895
 20
4349769.681763793
 10
470092.9473347197
 20
4349769.747967879
 10
470093.0819497029
 20
4349769.807638598
 10
470093.2193304398
 20
4349769.860632196
 10
470093.3591459682
 20
4349769.906821008
 10
470093.5010594603
 20
4349769.9460937595
 10
470093.6447290339
 20
4349769.978355842
 10
470093.78980857664
 20
4349770.00352953
 10
470093.935948579
 20
4349770.02155418
 10
470094.082796977
 20
4349770.032386369
 10
470094.23
 20
4349770.036
 10
470094.2965930243
 20
4349770.034365233
 10
470096.8285365438
 20
4349768.5335579645
 10
470096.875763793
 20
4349768.450190211
 10
470096.94196787936
 20
4349768.318665281
 10
470097.0016385975
 20
4349768.184050297
 10
470097.0546321955
 20
4349768.0466695605
  0
LWPOLYLINE
  5
50
330
17
100
AcDbEntity
  8
缺工程待取样
 62
6
100
AcDbPolyline
 90
97
 70
1
 10
470091.84
 20
4349787.739
 10
470091.83357676974
 20
4349787.542790612
 10
470091.81433458417
 20
4349787.3474214235
 10
470091.78235584125
 20
4349787.153729034
 10
470091.7377774789
 20
4349786.9625428645
 10
470091.6807903885
 20
4349786.7746816045
 10
470091.61163859756
 20
4349786.590949703
 10
470091.53061822464
 20
4349786.412133929
 10
470091.4380762114
 20
4349786.239
 10
470091.3344088369
 20
4349786.072289301
 10
470091.2200600209
 20
4349785.9127157135
 10
470091.09551942244
 20
4349785.760962555
 10
470090.9613203436
 20
4349785.6176796565
 10
470090.8180374453
 20
4349785.483480577
 10
470090.66628428706
 20
4349785.358939979
 10
470090.50671069906
 20
4349785.2445911635
 10
470090.34
 20
4349785.140923789
 10
470090.1668660707
 20
4349785.048381776
 10
470089.98805029714
 20
4349784.967361403
 10
470089.8043183959
 20
4349784.898209612
 10
470089.61645713536
 20
4349784.841222521
 10
470089.4252709661
 20
4349784.796644159
 10
470089.23157857667
 20
4349784.7646654155
 10
470089.0362093877
 20
4349784.74542323
 10
470088.84
 20
4349784.739
 10
470088.64379061235
 20
4349784.74542323
 10
470088.4484214234
 20
4349784.7646654155
 10
470088.254729034
 20
4349784.796644159
 10
470088.0635428647
 20
4349784.841222521
 10
470087.87568160414
 20
4349784.898209612
 10
470087.6919497029
 20
4349784.967361403
 10
470087.51313392934
 20
4349785.048381776
 10
470087.34
 20
4349785.140923789
 10
470087.173289301
 20
4349785.2445911635
 10
470087.013715713
 20
4349785.358939979
 10
470086.86196255474
 20
4349785.483480577
 10
470086.71867965645
 20
4349785.6176796565
 10
470086.5844805776
 20
4349785.760962555
 10
470086.45993997913
 20
4349785.9127157135
 10
470086.34559116315
 20
4349786.072289301
 10
470086.2419237887
 20
4349786.239
 10
470086.1493817754
 20
4349786.412133929
 10
470086.0683614025
 20
4349786.590949703
 10
470085.99920961156
 20
4349786.7746816045
 10
470085.9422225212
 20
4349786.9625428645
 10
470085.8976441588
 20
4349787.153729034
 10
470085.8656654159
 20
4349787.3474214235
 10
470085.8464232303
 20
4349787.542790612
 10
470085.84
 20
4349787.739
 10
470085.8464232303
 20
4349787.935209388
 10
470085.8656654159
 20
4349788.130578577
 10
470085.8976441588
 20
4349788.324270966
 10
470085.9422225212
 20
4349788.515457136
 10
470085.99920961156
 20
4349788.703318396
 10
470086.0683614025
 20
4349788.887050297
 10
470086.1493817754
 20
4349789.065866071
 10
470086.2419237887
 20
4349789.239
 10
470086.34559116315
 20
4349789.405710699
 10
470086.45993997913
 20
4349789.565284287
 10
470086.5844805776
 20
4349789.717037445
 10
470086.71867965645
 20
4349789.860320344
 10
470086.86196255474
 20
4349789.994519423
 10
470087.013715713
 20
4349790.119060021
 10
470087.173289301
 20
4349790.233408837
 10
470087.34
 20
4349790.337076211
 10
470087.51313392934
 20
4349790.4296182245
 10
470087.6919497029
 20
4349790.510638597
 10
470087.87568160414
 20
4349790.579790388
 10
470088.0635428647
 20
4349790.636777479
 10
470088.254729034
 20
4349790.681355841
 10
470088.4484214234
 20
4349790.713334585
 10
470088.64379061235
 20
4349790.73257677
 10
470088.84
 20
4349790.739
 10
470089.0362093877
 20
4349790.73257677
 10
470089.23157857667
 20
4349790.713334585
 10
470089.4252709661
 20
4349790.681355841
 10
470089.61645713536
 20
4349790.636777479
 10
470089.8043183959
 20
4349790.579790388
 10
470089.98805029714
 20
4349790.510638597
 10
470090.1668660707
 20
4349790.4296182245
 10
470090.34
 20
4349790.337076211
 10
470090.50671069906
 20
4349790.233408837
 10
470090.66628428706
 20
4349790.119060021
 10
470090.8180374453
 20
4349789.994519423
 10
470090.9613203436
 20
4349789.860320344
 10
470091.09551942244
 20
4349789.717037445
 10
470091.2200600209
 20
4349789.565284287
 10
470091.3344088369
 20
4349789.405710699
 10
470091.4380762114
 20
4349789.239
 10
470091.53061822464
 20
4349789.065866071
 10
470091.61163859756
 20
4349788.887050297
 10
470091.6807903885
 20
4349788.703318396
 10
470091.7377774789
 20
4349788.515457136
 10
470091.78235584125
 20
4349788.324270966
 10
470091.81433458417
 20
4349788.130578577
 10
470091.83357676974
 20
4349787.935209388
 10
470091.84
 20
4349787.739
  0
TEXT
  5
51
330
17
100
AcDbEntity
  8
缺工程待取样
 62
6
100
AcDbText
 10
470086.56
 20
4349784.539
 30
0.0
 40
0.8
  1
BS-3940-1008-P43 0.81  （缺工程，待取样验证后再进行施工）
  7
CN_TTF
 11
470086.56
 21
4349784.539
 31
0.0
100
AcDbText
  0
LWPOLYLINE
  5
52
330
17
100
AcDbEntity
  8
缺工程待取样
 62
6
100
AcDbPolyline
 90
97
 70
1
 10
470089.035
 20
4349801.444
 10
470089.0285767697
 20
4349801.247790612
 10
470089.0093345841
 20
4349801.052421424
 10
470088.9773558412
 20
4349800.858729034
 10
470088.9327774788
 20
4349800.667542865
 10
470088.87579038844
 20
4349800.479681605
 10
470088.8066385975
 20
4349800.295949703
 10
470088.7256182246
 20
4349800.117133929
 10
470088.6330762113
 20
4349799.944
 10
470088.52940883685
 20
4349799.777289301
 10
470088.41506002087
 20
4349799.617715714
 10
470088.2905194224
 20
4349799.465962555
 10
470088.15632034355
 20
4349799.322679657
 10
470088.01303744526
 20
4349799.188480577
 10
470087.861284287
 20
4349799.063939979
 10
470087.701710699
 20
4349798.949591164
 10
470087.535
 20
4349798.845923789
 10
470087.36186607066
 20
4349798.753381776
 10
470087.1830502971
 20
4349798.672361403
 10
470086.99931839586
 20
4349798.603209612
 10
470086.8114571353
 20
4349798.546222521
 10
470086.620270966
 20
4349798.501644159
 10
470086.4265785766
 20
4349798.469665416
 10
470086.23120938765
 20
4349798.45042323
 10
470086.035
 20
4349798.444
 10
470085.8387906123
 20
4349798.45042323
 10
470085.64342142333
 20
4349798.469665416
 10
470085.4497290339
 20
4349798.501644159
 10
470085.25854286464
 20
4349798.546222521
 10
470085.0706816041
 20
4349798.603209612
 10
470084.88694970286
 20
4349798.672361403
 10
470084.7081339293
 20
4349798.753381776
 10
470084.535
 20
4349798.845923789
 10
470084.36828930094
 20
4349798.949591164
 10
470084.20871571294
 20
4349799.063939979
 10
470084.0569625547
 20
4349799.188480577
 10
470083.9136796564
 20
4349799.322679657
 10
470083.77948057756
 20
4349799.465962555
 10
470083.6549399791
 20
4349799.617715714
 10
470083.5405911631
 20
4349799.777289301
 10
470083.4369237886
 20
4349799.944
 10
470083.34438177536
 20
4349800.117133929
 10
470083.26336140244
 20
4349800.295949703
 10
470083.1942096115
 20
4349800.479681605
 10
470083.1372225211
 20
4349800.667542865
 10
470083.09264415875
 20
4349800.858729034
 10
470083.06066541583
 20
4349801.052421424
 10
470083.04142323026
 20
4349801.247790612
 10
470083.035
 20
4349801.444
 10
470083.04142323026
 20
4349801.640209388
 10
470083.06066541583
 20
4349801.835578577
 10
470083.09264415875
 20
4349802.029270967
 10
470083.1372225211
 20
4349802.220457136
 10
470083.1942096115
 20
4349802.408318396
 10
470083.26336140244
 20
4349802.592050297
 10
470083.34438177536
 20
4349802.770866071
 10
470083.4369237886
 20
4349802.944
 10
470083.5405911631
 20
4349803.110710699
 10
470083.6549399791
 20
4349803.270284287
 10
470083.77948057756
 20
4349803.422037445
 10
470083.9136796564
 20
4349803.565320344
 10
470084.0569625547
 20
4349803.699519423
 10
470084.20871571294
 20
4349803.824060021
 10
470084.36828930094
 20
4349803.938408837
 10
470084.535
 20
4349804.042076211
 10
470084.7081339293
 20
4349804.134618225
 10
470084.88694970286
 20
4349804.2156385975
 10
470085.0706816041
 20
4349804.284790388
 10
470085.25854286464
 20
4349804.341777479
 10
470085.4497290339
 20
4349804.3863558415
 10
470085.64342142333
 20
4349804.418334585
 10
470085.8387906123
 20
4349804.43757677
 10
470086.035
 20
4349804.444
 10
470086.23120938765
 20
4349804.43757677
 10
470086.4265785766
 20
4349804.418334585
 10
470086.620270966
 20
4349804.3863558415
 10
470086.8114571353
 20
4349804.341777479
 10
470086.99931839586
 20
4349804.284790388
 10
470087.1830502971
 20
4349804.2156385975
 10
470087.36186607066
 20
4349804.134618225
 10
470087.535
 20
4349804.042076211
 10
470087.701710699
 20
4349803.938408837
 10
470087.861284287
 20
4349803.824060021
 10
470088.01303744526
 20
4349803.699519423
 10
470088.15632034355
 20
4349803.565320344
 10
470088.2905194224
 20
4349803.422037445
 10
470088.41506002087
 20
4349803.270284287
 10
470088.52940883685
 20
4349803.110710699
 10
470088.6330762113
 20
4349802.944
 10
470088.7256182246
 20
4349802.770866071
 10
470088.8066385975
 20
4349802.592050297
 10
470088.87579038844
 20
4349802.408318396
 10
470088.9327774788
 20
4349802.220457136
 10
470088.9773558412
 20
4349802.029270967
 10
470089.0093345841
 20
4349801.835578577
 10
470089.0285767697
 20
4349801.640209388
 10
470089.035
 20
4349801.444
  0
TEXT
  5
53
330
17
100
AcDbEntity
  8
缺工程待取样
 62
6
100
AcDbText
 10
470083.75499999995
 20
4349798.244
 30
0.0
 40
0.8
  1
BS-3940-1008-P47 0.52  （缺工程，待取样验证后再进行施工）
  7
CN_TTF
 11
470083.75499999995
 21
4349798.244
 31
0.0
100
AcDbText
  0
LWPOLYLINE
  5
54
330
17
100
AcDbEntity
  8
爆区方格网
 62
5
100
AcDbPolyline
 90
12
 70
1
 10
470095.23
 20
4349753.2
 10
470095.23
 20
4349752.2
 10
470094.8896795086
 20
4349752.2
 10
470094.84681416996
 20
4349752.267691767
 10
470094.77423620695
 20
4349752.395809789
 10
470094.7080321206
 20
4349752.527334719
 10
470094.64836140245
 20
4349752.661949703
 10
470094.59536780446
 20
4349752.799330439
 10
470094.5491789928
 20
4349752.939145967
 10
470094.5099062404
 20
4349753.08105946
 10
470094.48319724883
 20
4349753.2
 10
470095.23
 20
4349753.2
  0
TEXT
  5
55
330
17
100
AcDbEntity
  8
0
 62
5
100
AcDbText
 10
470094.7659323018
 20
4349752.66064007
 30
0.0
 40
0.1333
  1
1.16
  7
CN_TTF
 11
470094.7659323018
 21
4349752.66064007
 31
0.0
100
AcDbText
  0
LWPOLYLINE
  5
56
330
17
100
AcDbEntity
  8
爆区方格网
 62
5
100
AcDbPolyline
 90
12
 70
1
 10
470095.23
 20
4349754.2
 10
470095.23
 20
4349753.2
 10
470094.48319724883
 20
4349753.2
 10
470094.47764415876
 20
4349753.224729033
 10
470094.4524704701
 20
4349753.369808576
 10
470094.43444582
 20
4349753.515948579
 10
470094.42361363134
 20
4349753.662796977
 10
470094.42
 20
4349753.81
 10
470094.42361363134
 20
4349753.957203022
 10
470094.43444582
 20
4349754.10405142
 10
470094.4462799485
 20
4349754.2
 10
470095.23
 20
4349754.2
  0
TEXT
  5
57
330
17
100
AcDbEntity
  8
0
 62
5
100
AcDbText
 10
470094.66590340785
 20
4349753.666398488
 30
0.0
 40
0.1333
  1
1.16
  7
CN_TTF
 11
470094.66590340785
 21
4349753.666398488
 31
0.0
100
AcDbText
  0
LWPOLYLINE
  5
58
330
17
100
AcDbEntity
  8
爆区方格网
 62
5
100
AcDbPolyline
 90
12
 70
1
 10
470095.23
 20
4349755.2
 10
470095.23
 20
4349754.2
 10
470094.4462799485
 20
4349754.2
 10
470094.4524704701
 20
4349754.250191423
 10
470094.47764415876
 20
4349754.395270966
 10
470094.5099062404
 20
4349754.53894054
 10
470094.5491789928
 20
4349754.680854032
 10
470094.59536780446
 20
4349754.82066956
 10
470094.64836140245
 20
4349754.958050297
 10
470094.7080321206
 20
4349755.09266528
 10
470094.76205987856
 20
4349755.2
 10
470095.23
 20
4349755.2
  0
TEXT
  5
59
330
17
100
AcDbEntity
  8
0
 62
5
100
AcDbText
 10
470094.74113669933
 20
4349754.6807617955
 30
0.0
 40
0.1333
  1
1.16
  7
CN_TTF
 11
470094.74113669933
 21
4349754.6807617955
 31
0.0
100
AcDbText
  0
LWPOLYLINE
  5
5A
330
17
100
AcDbEntity
  8
爆区方格网
 62
5
100
AcDbPolyline
 90
12
 70
1
 10
470095.23
 20
4349752.2
 10
470096.23
 20
4349752.2
 10
470096.23
 20
4349751.2
 10
470095.9426778644
 20
4349751.2
 10
470095.8776917674
 20
4349751.236814169
 10
470095.75328930095
 20
4349751.315591163
 10
470095.6329020865
 20
4349751.400377405
 10
470095.5168201475
 20
4349751.49096864
 10
470095.40532313543
 20
4349751.587146623
 10
470095.2986796564
 20
4349751.688679656
 10
470095.23
 20
4349751.760816155
 10
470095.23
 20
4349752.2
  0
TEXT
  5
5B
330
17
100
AcDbEntity
  8
0
 62
5
100
AcDbText
 10
470095.5871699141
 20
4349751.654747905
 30
0.0
 40
0.1333
  1
1.16
  7
CN_TTF
 11
470095.5871699141
 21
4349751.654747905
 31
0.0
100
AcDbText
  0
LWPOLYLINE
  5
5C
330
17
100
AcDbEntity
  8
爆区方格网
 62
5
100
AcDbPolyline
 90
5
 70
1
 10
470095.23
 20
4349752.2
 10
470095.23
 20
4349753.2
 10
470096.23
 20
4349753.2
 10
470096.23
 20
4349752.2
 10
470095.23
 20
4349752.2
  0
TEXT
  5
5D
330
17
100
AcDbEntity
  8
0
 62
5
100
AcDbText
 10
470095.57
 20
4349752.63
 30
0.0
 40
0.1333
  1
1.16
  7
CN_TTF
 11
470095.57
 21
4349752.63
 31
0.0
100
AcDbText
  0
LWPOLYLINE
  5
5E
330
17
100
AcDbEntity
  8
爆区方格网
 62
5
100
AcDbPolyline
 90
5
 70
1
 10
470095.23
 20
4349753.2
 10
470095.23
 20
4349754.2
 10
470096.23
 20
4349754.2
 10
470096.23
 20
4349753.2
 10
470095.23
 20
4349753.2
  0
TEXT
  5
5F
330
17
100
AcDbEntity
  8
0
 62
5
100
AcDbText
 10
470095.57
 20
4349753.63
 30
0.0
 40
0.1333
  1
1.16
  7
CN_TTF
 11
470095.57
 21
4349753.63
 31
0.0
100
AcDbText
  0
LWPOLYLINE
  5
60
330
17
100
AcDbEntity
  8
爆区方格网
 62
5
100
AcDbPolyline
 90
5
 70
1
 10
470095.23
 20
4349754.2
 10
470095.23
 20
4349755.2
 10
470096.23
 20
4349755.2
 10
470096.23
 20
4349754.2
 10
470095.23
 20
4349754.2
  0
TEXT
  5
61
330
17
100
AcDbEntity
  8
0
 62
5
100
AcDbText
 10
470095.57
 20
4349754.63
 30
0.0
 40
0.1333
  1
1.16
  7
CN_TTF
 11
470095.57
 21
4349754.63
 31
0.0
100
AcDbText
  0
LWPOLYLINE
  5
62
330
17
100
AcDbEntity
  8
爆区方格网
 62
5
100
AcDbPolyline
 90
9
 70
1
 10
470096.23
 20
4349756.2
 10
470096.23
 20
4349755.2
 10
470095.23
 20
4349755.2
 10
470095.23
 20
4349755.859183844
 10
470095.2986796564
 20
4349755.931320343
 10
470095.40532313543
 20
4349756.032853376
 10
470095.5168201475
 20
4349756.129031359
 10
470095.607758056
 20
4349756.2
 10
470096.23
 20
4349756.2
  0
TEXT
  5
63
330
17
100
AcDbEntity
  8
0
 62
5
100
AcDbText
 10
470095.57
 20
4349755.459591921
 30
0.0
 40
0.1333
  1
1.16
  7
CN_TTF
 11
470095.57
 21
4349755.459591921
 31
0.0
100
AcDbText
  0
LWPOLYLINE
  5
64
330
17
100
AcDbEntity
  8
爆区方格网
 62
5
100
AcDbPolyline
 90
12
 70
1
 10
470097.23
 20
4349746.2
 10
470097.23
 20
4349745.2
 10
470096.62691031833
 20
4349745.2
 10
470096.61636780447
 20
4349745.22733044
 10
470096.5701789928
 20
4349745.367145968
 10
470096.5309062404
 20
4349745.50905946
 10
470096.49864415877
 20
4349745.6527290335
 10
470096.4734704701
 20
4349745.797808576
 10
470096.45544582
 20
4349745.943948579
 10
470096.44461363135
 20
4349746.090796977
 10
470096.4419328476
 20
4349746.2
 10
470097.23
 20
4349746.2
  0
TEXT
  5
65
330
17
100
AcDbEntity
  8
0
 62
5
100
AcDbText
 10
470096.6980286572
 20
4349745.655268805
 30
0.0
 40
0.1333
  1
1.04
  7
CN_TTF
 11
470096.6980286572
 21
4349745.655268805
 31
0.0
100
AcDbText
  0
LWPOLYLINE
  5
66
330
17
100
AcDbEntity
  8
爆区方格网
 62
5
100
AcDbPolyline
 90
12
 70
1
 10
470097.23
 20
4349747.2
 10
470097.23
 20
4349746.2
 10
470096.4419328476
 20
4349746.2
 10
470096.441
 20
4349746.238
 10
470096.44461363135
 20
4349746.3852030225
 10
470096.45544582
 20
4349746.532051421
 10
470096.4734704701
 20
4349746.678191423
 10
470096.49864415877
 20
4349746.823270966
 10
470096.5309062404
 20
4349746.96694054
 10
470096.5701789928
 20
4349747.108854032
 10
470096.6002895536
 20
4349747.2
 10
470097.23
 20
4349747.2
  0
TEXT
  5
67
330
17
100
AcDbEntity
  8
0
 62
5
100
AcDbText
 10
470096.6980286572
 20
4349746.680731194
 30
0.0
 40
0.1333
  1
1.04
  7
CN_TTF
 11
470096.6980286572
 21
4349746.680731194
 31
0.0
100
AcDbText
  0
LWPOLYLINE
  5
68
330
17
100
AcDbEntity
  8
爆区方格网
 62
5
100
AcDbPolyline
 90
5
 70
1
 10
470096.23
 20
4349751.2
 10
470096.23
 20
4349752.2
 10
470097.23
 20
4349752.2
 10
470097.23
 20
4349751.2
 10
470096.23
 20
4349751.2
  0
TEXT
  5
69
330
17
100
AcDbEntity
  8
0
 62
5
100
AcDbText
 10
470096.57
 20
4349751.63
 30
0.0
 40
0.1333
  1
1.16
  7
CN_TTF
 11
470096.57
 21
4349751.63
 31
0.0
100
AcDbText
  0
LWPOLYLINE
  5
6A
330
17
100
AcDbEntity
  8
爆区方格网
 62
5
100
AcDbPolyline
 90
5
 70
1
 10
470096.23
 20
4349752.2
 10
470096.23
 20
4349753.2
 10
470097.23
 20
4349753.2
 10
470097.23
 20
4349752.2
 10
470096.23
 20
4349752.2
  0
TEXT
  5
6B
330
17
100
AcDbEntity
  8
0
 62
5
100
AcDbText
 10
470096.57
 20
4349752.63
 30
0.0
 40
0.1333
  1
1.16
  7
CN_TTF
 11
470096.57
 21
4349752.63
 31
0.0
100
AcDbText
  0
LWPOLYLINE
  5
6C
330
17
100
AcDbEntity
  8
爆区方格网
 62
5
100
AcDbPolyline
 90
5
 70
1
 10
470096.23
 20
4349753.2
 10
470096.23
 20
4349754.2
 10
470097.23
 20
4349754.2
 10
470097.23
 20
4349753.2
 10
470096.23
 20
4349753.2
  0
TEXT
  5
6D
330
17
100
AcDbEntity
  8
0
 62
5
100
AcDbText
 10
470096.57
 20
4349753.63
 30
0.0
 40
0.1333
  1
1.16
  7
CN_TTF
 11
470096.57
 21
4349753.63
 31
0.0
100
AcDbText
  0
LWPOLYLINE
  5
6E
330
17
100
AcDbEntity
  8
爆区方格网
 62
5
100
AcDbPolyline
 90
5
 70
1
 10
470096.23
 20
4349754.2
 10
470096.23
 20
4349755.2
 10
470097.23
 20
4349755.2
 10
470097.23
 20
4349754.2
 10
470096.23
 20
4349754.2
  0
TEXT
  5
6F
330
17
100
AcDbEntity
  8
0
 62
5
100
AcDbText
 10
470096.57
 20
4349754.63
 30
0.0
 40
0.1333
  1
1.16
  7
CN_TTF
 11
470096.57
 21
4349754.63
 31
0.0
100
AcDbText
  0
LWPOLYLINE
  5
70
330
17
100
AcDbEntity
  8
爆区方格网
 62
5
100
AcDbPolyline
 90
5
 70
1
 10
470096.23
 20
4349755.2
 10
470096.23
 20
4349756.2
 10
470097.23
 20
4349756.2
 10
470097.23
 20
4349755.2
 10
470096.23
 20
4349755.2
  0
TEXT
  5
71
330
17
100
AcDbEntity
  8
0
 62
5
100
AcDbText
 10
470096.57
 20
4349755.63
 30
0.0
 40
0.1333
  1
1.16
  7
CN_TTF
 11
470096.57
 21
4349755.63
 31
0.0
100
AcDbText
  0
LWPOLYLINE
  5
72
330
17
100
AcDbEntity
  8
爆区方格网
 62
5
100
AcDbPolyline
 90
12
 70
1
 10
470097.23
 20
4349756.2
 10
470096.23
 20
4349756.2
 10
470096.23
 20
4349756.563043572
 10
470096.2719497029
 20
4349756.581638597
 10
470096.4093304398
 20
4349756.634632195
 10
470096.5491459682
 20
4349756.680821007
 10
470096.6910594603
 20
4349756.720093759
 10
470096.83472903393
 20
4349756.752355841
 10
470096.97980857664
 20
4349756.777529529
 10
470097.125948579
 20
4349756.79555418
 10
470097.23
 20
4349756.8032294735
 10
470097.23
 20
4349756.2
  0
TEXT
  5
73
330
17
100
AcDbEntity
  8
0
 62
5
100
AcDbText
 10
470096.57
 20
4349756.311521785
 30
0.0
 40
0.1333
  1
1.16
  7
CN_TTF
 11
470096.57
 21
4349756.311521785
 31
0.0
100
AcDbText
  0
LWPOLYLINE
  5
74
330
17
100
AcDbEntity
  8
爆区方格网
 62
5
100
AcDbPolyline
 90
6
 70
1
 10
470097.23
 20
4349745.2
 10
470098.23
 20
4349745.2
 10
470098.23
 20
4349744.2
 10
470097.24035209476
 20
4349744.2
 10
470097.23
 20
4349744.210873146
 10
470097.23
 20
4349745.2
  0
TEXT
  5
75
330
17
100
AcDbEntity
  8
0
 62
5
100
AcDbText
 10
470097.57
 20
4349744.635436572
 30
0.0
 40
0.1333
  1
1.04
  7
CN_TTF
 11
470097.57
 21
4349744.635436572
 31
0.0
100
AcDbText
  0
LWPOLYLINE
  5
76
330
17
100
AcDbEntity
  8
爆区方格网
 62
5
100
AcDbPolyline
 90
5
 70
1
 10
470097.23
 20
4349745.2
 10
470097.23
 20
4349746.2
 10
470098.23
 20
4349746.2
 10
470098.23
 20
4349745.2
 10
470097.23
 20
4349745.2
  0
TEXT
  5
77
330
17
100
AcDbEntity
  8
0
 62
5
100
AcDbText
 10
470097.57
 20
4349745.63
 30
0.0
 40
0.1333
  1
1.04
  7
CN_TTF
 11
470097.57
 21
4349745.63
 31
0.0
100
AcDbText
  0
LWPOLYLINE
  5
78
330
17
100
AcDbEntity
  8
爆区方格网
 62
5
100
AcDbPolyline
 90
5
 70
1
 10
470097.23
 20
4349746.2
 10
470097.23
 20
4349747.2
 10
470098.23
 20
4349747.2
 10
470098.23
 20
4349746.2
 10
470097.23
 20
4349746.2
  0
TEXT
  5
79
330
17
100
AcDbEntity
  8
0
 62
5
100
AcDbText
 10
470097.57
 20
4349746.63
 30
0.0
 40
0.1333
  1
1.04
  7
CN_TTF
 11
470097.57
 21
4349746.63
 31
0.0
100
AcDbText
  0
LWPOLYLINE
  5
7A
330
17
100
AcDbEntity
  8
爆区方格网
 62
5
100
AcDbPolyline
 90
5
 70
1
 10
470097.23
 20
4349747.2
 10
470097.23
 20
4349748.2
 10
470098.23
 20
4349748.2
 10
470098.23
 20
4349747.2
 10
470097.23
 20
4349747.2
  0
TEXT
  5
7B
330
17
100
AcDbEntity
  8
0
 62
5
100
AcDbText
 10
470097.57
 20
4349747.63
 30
0.0
 40
0.1333
  1
1.04
  7
CN_TTF
 11
470097.57
 21
4349747.63
 31
0.0
100
AcDbText
  0
LWPOLYLINE
  5
7C
330
17
100
AcDbEntity
  8
爆区方格网
 62
5
100
AcDbPolyline
 90
13
 70
1
 10
470098.23
 20
4349748.2
 10
470097.23
 20
4349748.2
 10
470097.23
 20
4349748.265126854
 10
470097.3196796564
 20
4349748.3593203435
 10
470097.42632313544
 20
4349748.460853376
 10
470097.5378201475
 20
4349748.5570313595
 10
470097.6539020865
 20
4349748.647622595
 10
470097.77428930096
 20
4349748.7324088365
 10
470097.8986917674
 20
4349748.81118583
 10
470098.02680978953
 20
4349748.883763793
 10
470098.1583347197
 20
4349748.949967879
 10
470098.23
 20
4349748.981734913
 10
470098.23
 20
4349748.2
  0
TEXT
  5
7D
330
17
100
AcDbEntity
  8
0
 62
5
100
AcDbText
 10
470097.7529305585
 20
4349748.532326977
 30
0.0
 40
0.1333
  1
1.04
  7
CN_TTF
 11
470097.7529305585
 21
4349748.532326977
 31
0.0
100
AcDbText
  0
LWPOLYLINE
  5
7E
330
17
100
AcDbEntity
  8
爆区方格网
 62
5
100
AcDbPolyline
 90
5
 70
1
 10
470097.23
 20
4349751.2
 10
470097.23
 20
4349752.2
 10
470098.23
 20
4349752.2
 10
470098.23
 20
4349751.2
 10
470097.23
 20
4349751.2
  0
TEXT
  5
7F
330
17
100
AcDbEntity
  8
0
 62
5
100
AcDbText
 10
470097.57
 20
4349751.63
 30
0.0
 40
0.1333
  1
1.16
  7
CN_TTF
 11
470097.57
 21
4349751.63
 31
0.0
100
AcDbText
  0
LWPOLYLINE
  5
80
330
17
100
AcDbEntity
  8
爆区方格网
 62
5
100
AcDbPolyline
 90
5
 70
1
 10
470097.23
 20
4349752.2
 10
470097.23
 20
4349753.2
 10
470098.23
 20
4349753.2
 10
470098.23
 20
4349752.2
 10
470097.23
 20
4349752.2
  0
TEXT
  5
81
330
17
100
AcDbEntity
  8
0
 62
5
100
AcDbText
 10
470097.57
 20
4349752.63
 30
0.0
 40
0.1333
  1
1.16
  7
CN_TTF
 11
470097.57
 21
4349752.63
 31
0.0
100
AcDbText
  0
LWPOLYLINE
  5
82
330
17
100
AcDbEntity
  8
爆区方格网
 62
5
100
AcDbPolyline
 90
5
 70
1
 10
470097.23
 20
4349753.2
 10
470097.23
 20
4349754.2
 10
470098.23
 20
4349754.2
 10
470098.23
 20
4349753.2
 10
470097.23
 20
4349753.2
  0
TEXT
  5
83
330
17
100
AcDbEntity
  8
0
 62
5
100
AcDbText
 10
470097.57
 20
4349753.63
 30
0.0
 40
0.1333
  1
1.16
  7
CN_TTF
 11
470097.57
 21
4349753.63
 31
0.0
100
AcDbText
  0
LWPOLYLINE
  5
84
330
17
100
AcDbEntity
  8
爆区方格网
 62
5
100
AcDbPolyline
 90
5
 70
1
 10
470097.23
 20
4349754.2
 10
470097.23
 20
4349755.2
 10
470098.23
 20
4349755.2
 10
470098.23
 20
4349754.2
 10
470097.23
 20
4349754.2
  0
TEXT
  5
85
330
17
100
AcDbEntity
  8
0
 62
5
100
AcDbText
 10
470097.57
 20
4349754.63
 30
0.0
 40
0.1333
  1
1.16
  7
CN_TTF
 11
470097.57
 21
4349754.63
 31
0.0
100
AcDbText
  0
LWPOLYLINE
  5
86
330
17
100
AcDbEntity
  8
爆区方格网
 62
5
100
AcDbPolyline
 90
5
 70
1
 10
470097.23
 20
4349755.2
 10
470097.23
 20
4349756.2
 10
470098.23
 20
4349756.2
 10
470098.23
 20
4349755.2
 10
470097.23
 20
4349755.2
  0
TEXT
  5
87
330
17
100
AcDbEntity
  8
0
 62
5
100
AcDbText
 10
470097.57
 20
4349755.63
 30
0.0
 40
0.1333
  1
1.16
  7
CN_TTF
 11
470097.57
 21
4349755.63
 31
0.0
100
AcDbText
  0
LWPOLYLINE
  5
88
330
17
100
AcDbEntity
  8
爆区方格网
 62
5
100
AcDbPolyline
 90
12
 70
1
 10
470099.23
 20
4349739.2
 10
470099.23
 20
4349738.2
 10
470098.58905414597
 20
4349738.2
 10
470098.564236207
 20
4349738.243809789
 10
470098.49803212064
 20
4349738.375334719
 10
470098.4383614025
 20
4349738.509949703
 10
470098.3853678045
 20
4349738.64733044
 10
470098.33917899284
 20
4349738.787145968
 10
470098.2999062404
 20
4349738.92905946
 10
470098.2676441588
 20
4349739.072729033
 10
470098.24556055124
 20
4349739.2
 10
470099.23
 20
4349739.2
  0
TEXT
  5
89
330
17
100
AcDbEntity
  8
0
 62
5
100
AcDbText
 10
470098.63613669935
 20
4349738.647238203
 30
0.0
 40
0.1333
  1
1.26
  7
CN_TTF
 11
470098.63613669935
 21
4349738.647238203
 31
0.0
100
AcDbText
  0
LWPOLYLINE
  5
8A
330
17
100
AcDbEntity
  8
爆区方格网
 62
5
100
AcDbPolyline
 90
9
 70
1
 10
470099.23
 20
4349740.2
 10
470099.23
 20
4349739.2
 10
470098.24556055124
 20
4349739.2
 10
470098.24247047014
 20
4349739.217808576
 10
470098.23
 20
4349739.318916477
 10
470098.23
 20
4349739.997083522
 10
470098.24247047014
 20
4349740.098191423
 10
470098.260135934
 20
4349740.2
 10
470099.23
 20
4349740.2
  0
TEXT
  5
8B
330
17
100
AcDbEntity
  8
0
 62
5
100
AcDbText
 10
470098.57
 20
4349739.5879999995
 30
0.0
 40
0.1333
  1
1.26
  7
CN_TTF
 11
470098.57
 21
4349739.5879999995
 31
0.0
100
AcDbText
  0
LWPOLYLINE
  5
8C
330
17
100
AcDbEntity
  8
爆区方格网
 62
5
100
AcDbPolyline
 90
12
 70
1
 10
470099.23
 20
4349741.2
 10
470099.23
 20
4349740.2
 10
470098.260135934
 20
4349740.2
 10
470098.2676441588
 20
4349740.243270966
 10
470098.2999062404
 20
4349740.38694054
 10
470098.33917899284
 20
4349740.528854032
 10
470098.3853678045
 20
4349740.66866956
 10
470098.4383614025
 20
4349740.806050297
 10
470098.49803212064
 20
4349740.94066528
 10
470098.564236207
 20
4349741.07219021
 10
470098.6366395585
 20
4349741.2
 10
470099.23
 20
4349741.2
  0
TEXT
  5
8D
330
17
100
AcDbEntity
  8
0
 62
5
100
AcDbText
 10
470098.66093230166
 20
4349740.667359928
 30
0.0
 40
0.1333
  1
1.26
  7
CN_TTF
 11
470098.66093230166
 21
4349740.667359928
 31
0.0
100
AcDbText
  0
LWPOLYLINE
  5
8E
330
17
100
AcDbEntity
  8
爆区方格网
 62
5
100
AcDbPolyline
 90
12
 70
1
 10
470098.23
 20
4349744.2
 10
470099.23
 20
4349744.2
 10
470099.23
 20
4349743.246319579
 10
470099.146948579
 20
4349743.25244582
 10
470099.00080857665
 20
4349743.27047047
 10
470098.85572903394
 20
4349743.2956441585
 10
470098.7120594603
 20
4349743.327906241
 10
470098.57014596823
 20
4349743.367178992
 10
470098.4303304398
 20
4349743.413367804
 10
470098.2929497029
 20
4349743.4663614025
 10
470098.23
 20
4349743.494265087
 10
470098.23
 20
4349744.2
  0
TEXT
  5
8F
330
17
100
AcDbEntity
  8
0
 62
5
100
AcDbText
 10
470098.57
 20
4349743.777132543
 30
0.0
 40
0.1333
  1
1.04
  7
CN_TTF
 11
470098.57
 21
4349743.777132543
 31
0.0
100
AcDbText
  0
LWPOLYLINE
  5
90
330
17
100
AcDbEntity
  8
爆区方格网
 62
5
100
AcDbPolyline
 90
5
 70
1
 10
470098.23
 20
4349744.2
 10
470098.23
 20
4349745.2
 10
470099.23
 20
4349745.2
 10
470099.23
 20
4349744.2
 10
470098.23
 20
4349744.2
  0
TEXT
  5
91
330
17
100
AcDbEntity
  8
0
 62
5
100
AcDbText
 10
470098.57
 20
4349744.63
 30
0.0
 40
0.1333
  1
1.04
  7
CN_TTF
 11
470098.57
 21
4349744.63
 31
0.0
100
AcDbText
  0
LWPOLYLINE
  5
92
330
17
100
AcDbEntity
  8
爆区方格网
 62
5
100
AcDbPolyline
 90
5
 70
1
 10
470098.23
 20
4349745.2
 10
470098.23
 20
4349746.2
 10
470099.23
 20
4349746.2
 10
470099.23
 20
4349745.2
 10
470098.23
 20
4349745.2
  0
TEXT
  5
93
330
17
100
AcDbEntity
  8
0
 62
5
100
AcDbText
 10
470098.57
 20
4349745.63
 30
0.0
 40
0.1333
  1
1.04
  7
CN_TTF
 11
470098.57
 21
4349745.63
 31
0.0
100
AcDbText
  0
LWPOLYLINE
  5
94
330
17
100
AcDbEntity
  8
爆区方格网
 62
5
100
AcDbPolyline
 90
5
 70
1
 10
470098.23
 20
4349746.2
 10
470098.23
 20
4349747.2
 10
470099.23
 20
4349747.2
 10
470099.23
 20
4349746.2
 10
470098.23
 20
4349746.2
  0
TEXT
  5
95
330
17
100
AcDbEntity
  8
0
 62
5
100
AcDbText
 10
470098.57
 20
4349746.63
 30
0.0
 40
0.1333
  1
1.04
  7
CN_TTF
 11
470098.57
 21
4349746.63
 31
0.0
100
AcDbText
  0
LWPOLYLINE
  5
96
330
17
100
AcDbEntity
  8
爆区方格网
 62
5
100
AcDbPolyline
 90
5
 70
1
 10
470098.23
 20
4349747.2
 10
470098.23
 20
4349748.2
 10
470099.23
 20
4349748.2
 10
470099.23
 20
4349747.2
 10
470098.23
 20
4349747.2
  0
TEXT
  5
97
330
17
100
AcDbEntity
  8
0
 62
5
100
AcDbText
 10
470098.57
 20
4349747.63
 30
0.0
 40
0.1333
  1
1.04
  7
CN_TTF
 11
470098.57
 21
4349747.63
 31
0.0
100
AcDbText
  0
LWPOLYLINE
  5
98
330
17
100
AcDbEntity
  8
爆区方格网
 62
5
100
AcDbPolyline
 90
11
 70
1
 10
470099.23
 20
4349749.2
 10
470099.23
 20
4349748.2
 10
470098.23
 20
4349748.2
 10
470098.23
 20
4349748.981734913
 10
470098.2929497029
 20
4349749.009638597
 10
470098.4303304398
 20
4349749.062632196
 10
470098.57014596823
 20
4349749.108821007
 10
470098.7120594603
 20
4349749.148093759
 10
470098.85572903394
 20
4349749.180355841
 10
470098.9689411129
 20
4349749.2
 10
470099.23
 20
4349749.2
  0
TEXT
  5
99
330
17
100
AcDbEntity
  8
0
 62
5
100
AcDbText
 10
470098.57
 20
4349748.520867456
 30
0.0
 40
0.1333
  1
1.04
  7
CN_TTF
 11
470098.57
 21
4349748.520867456
 31
0.0
100
AcDbText
  0
LWPOLYLINE
  5
9A
330
17
100
AcDbEntity
  8
爆区方格网
 62
5
100
AcDbPolyline
 90
8
 70
1
 10
470098.23
 20
4349751.2
 10
470098.23
 20
4349752.2
 10
470099.23
 20
4349752.2
 10
470099.23
 20
4349751.586696606
 10
470099.0265121052
 20
4349751.277470823
 10
470098.96230823256
 20
4349751.236814169
 10
470098.89732213557
 20
4349751.2
 10
470098.23
 20
4349751.2
  0
TEXT
  5
9B
330
17
100
AcDbEntity
  8
0
 62
5
100
AcDbText
 10
470098.57
 20
4349751.823348302
 30
0.0
 40
0.1333
  1
1.16
  7
CN_TTF
 11
470098.57
 21
4349751.823348302
 31
0.0
100
AcDbText
  0
LWPOLYLINE
  5
9C
330
17
100
AcDbEntity
  8
爆区方格网
 62
5
100
AcDbPolyline
 90
5
 70
1
 10
470098.23
 20
4349752.2
 10
470098.23
 20
4349753.2
 10
470099.23
 20
4349753.2
 10
470099.23
 20
4349752.2
 10
470098.23
 20
4349752.2
  0
TEXT
  5
9D
330
17
100
AcDbEntity
  8
0
 62
5
100
AcDbText
 10
470098.57
 20
4349752.63
 30
0.0
 40
0.1333
  1
1.16
  7
CN_TTF
 11
470098.57
 21
4349752.63
 31
0.0
100
AcDbText
  0
LWPOLYLINE
  5
9E
330
17
100
AcDbEntity
  8
爆区方格网
 62
5
100
AcDbPolyline
 90
5
 70
1
 10
470098.23
 20
4349753.2
 10
470098.23
 20
4349754.2
 10
470099.23
 20
4349754.2
 10
470099.23
 20
4349753.2
 10
470098.23
 20
4349753.2
  0
TEXT
  5
9F
330
17
100
AcDbEntity
  8
0
 62
5
100
AcDbText
 10
470098.57
 20
4349753.63
 30
0.0
 40
0.1333
  1
1.16
  7
CN_TTF
 11
470098.57
 21
4349753.63
 31
0.0
100
AcDbText
  0
LWPOLYLINE
  5
A0
330
17
100
AcDbEntity
  8
爆区方格网
 62
5
100
AcDbPolyline
 90
5
 70
1
 10
470098.23
 20
4349754.2
 10
470098.23
 20
4349755.2
 10
470099.23
 20
4349755.2
 10
470099.23
 20
4349754.2
 10
470098.23
 20
4349754.2
  0
TEXT
  5
A1
330
17
100
AcDbEntity
  8
0
 62
5
100
AcDbText
 10
470098.57
 20
4349754.63
 30
0.0
 40
0.1333
  1
1.16
  7
CN_TTF
 11
470098.57
 21
4349754.63
 31
0.0
100
AcDbText
  0
LWPOLYLINE
  5
A2
330
17
100
AcDbEntity
  8
爆区方格网
 62
5
100
AcDbPolyline
 90
6
 70
1
 10
470099.23
 20
4349755.2
 10
470098.23
 20
4349755.2
 10
470098.23
 20
4349756.2
 10
470098.45434631873
 20
4349756.2
 10
470099.23
 20
4349755.699723136
 10
470099.23
 20
4349755.2
  0
TEXT
  5
A3
330
17
100
AcDbEntity
  8
0
 62
5
100
AcDbText
 10
470098.37608658004
 20
4349755.879861567
 30
0.0
 40
0.1333
  1
1.16
  7
CN_TTF
 11
470098.37608658004
 21
4349755.879861567
 31
0.0
100
AcDbText
  0
LWPOLYLINE
  5
A4
330
17
100
AcDbEntity
  8
爆区方格网
 62
5
100
AcDbPolyline
 90
8
 70
1
 10
470099.23
 20
4349738.2
 10
470100.23
 20
4349738.2
 10
470100.23
 20
4349737.2
 10
470099.4915927242
 20
4349737.2
 10
470099.4229020865
 20
4349737.248377405
 10
470099.30682014755
 20
4349737.33896864
 10
470099.23
 20
4349737.405234154
 10
470099.23
 20
4349738.2
  0
TEXT
  5
A5
330
17
100
AcDbEntity
  8
0
 62
5
100
AcDbText
 10
470099.57
 20
4349737.7326170765
 30
0.0
 40
0.1333
  1
1.26
  7
CN_TTF
 11
470099.57
 21
4349737.7326170765
 31
0.0
100
AcDbText
  0
LWPOLYLINE
  5
A6
330
17
100
AcDbEntity
  8
爆区方格网
 62
5
100
AcDbPolyline
 90
5
 70
1
 10
470099.23
 20
4349738.2
 10
470099.23
 20
4349739.2
 10
470100.23
 20
4349739.2
 10
470100.23
 20
4349738.2
 10
470099.23
 20
4349738.2
  0
TEXT
  5
A7
330
17
100
AcDbEntity
  8
0
 62
5
100
AcDbText
 10
470099.57
 20
4349738.63
 30
0.0
 40
0.1333
  1
1.26
  7
CN_TTF
 11
470099.57
 21
4349738.63
 31
0.0
100
AcDbText
  0
LWPOLYLINE
  5
A8
330
17
100
AcDbEntity
  8
爆区方格网
 62
5
100
AcDbPolyline
 90
5
 70
1
 10
470099.23
 20
4349739.2
 10
470099.23
 20
4349740.2
 10
470100.23
 20
4349740.2
 10
470100.23
 20
4349739.2
 10
470099.23
 20
4349739.2
  0
TEXT
  5
A9
330
17
100
AcDbEntity
  8
0
 62
5
100
AcDbText
 10
470099.57
 20
4349739.63
 30
0.0
 40
0.1333
  1
1.26
  7
CN_TTF
 11
470099.57
 21
4349739.63
 31
0.0
100
AcDbText
  0
LWPOLYLINE
  5
AA
330
17
100
AcDbEntity
  8
爆区方格网
 62
5
100
AcDbPolyline
 90
5
 70
1
 10
470099.23
 20
4349740.2
 10
470099.23
 20
4349741.2
 10
470100.23
 20
4349741.2
 10
470100.23
 20
4349740.2
 10
470099.23
 20
4349740.2
  0
TEXT
  5
AB
330
17
100
AcDbEntity
  8
0
 62
5
100
AcDbText
 10
470099.57
 20
4349740.63
 30
0.0
 40
0.1333
  1
1.26
  7
CN_TTF
 11
470099.57
 21
4349740.63
 31
0.0
100
AcDbText
  0
LWPOLYLINE
  5
AC
330
17
100
AcDbEntity
  8
爆区方格网
 62
5
100
AcDbPolyline
 90
9
 70
1
 10
470100.23
 20
4349742.2
 10
470100.23
 20
4349741.2
 10
470099.23
 20
4349741.2
 10
470099.23
 20
4349741.910765845
 10
470099.30682014755
 20
4349741.977031359
 10
470099.4229020865
 20
4349742.067622595
 10
470099.543289301
 20
4349742.152408836
 10
470099.6184439606
 20
4349742.2
 10
470100.23
 20
4349742.2
  0
TEXT
  5
AD
330
17
100
AcDbEntity
  8
0
 62
5
100
AcDbText
 10
470099.57
 20
4349741.485382922
 30
0.0
 40
0.1333
  1
1.26
  7
CN_TTF
 11
470099.57
 21
4349741.485382922
 31
0.0
100
AcDbText
  0
LWPOLYLINE
  5
AE
330
17
100
AcDbEntity
  8
爆区方格网
 62
5
100
AcDbPolyline
 90
12
 70
1
 10
470099.23
 20
4349744.2
 10
470100.23
 20
4349744.2
 10
470100.23
 20
4349743.344526932
 10
470100.1699405397
 20
4349743.327906241
 10
470100.02627096605
 20
4349743.2956441585
 10
470099.88119142334
 20
4349743.27047047
 10
470099.735051421
 20
4349743.25244582
 10
470099.58820302295
 20
4349743.241613631
 10
470099.441
 20
4349743.238
 10
470099.293796977
 20
4349743.241613631
 10
470099.23
 20
4349743.246319579
 10
470099.23
 20
4349744.2
  0
TEXT
  5
AF
330
17
100
AcDbEntity
  8
0
 62
5
100
AcDbText
 10
470099.57
 20
4349743.702263465
 30
0.0
 40
0.1333
  1
1.04
  7
CN_TTF
 11
470099.57
 21
4349743.702263465
 31
0.0
100
AcDbText
  0
LWPOLYLINE
  5
B0
330
17
100
AcDbEntity
  8
爆区方格网
 62
5
100
AcDbPolyline
 90
5
 70
1
 10
470099.23
 20
4349744.2
 10
470099.23
 20
4349745.2
 10
470100.23
 20
4349745.2
 10
470100.23
 20
4349744.2
 10
470099.23
 20
4349744.2
  0
TEXT
  5
B1
330
17
100
AcDbEntity
  8
0
 62
5
100
AcDbText
 10
470099.57
 20
4349744.63
 30
0.0
 40
0.1333
  1
1.04
  7
CN_TTF
 11
470099.57
 21
4349744.63
 31
0.0
100
AcDbText
  0
LWPOLYLINE
  5
B2
330
17
100
AcDbEntity
  8
爆区方格网
 62
5
100
AcDbPolyline
 90
5
 70
1
 10
470099.23
 20
4349745.2
 10
470099.23
 20
4349746.2
 10
470100.23
 20
4349746.2
 10
470100.23
 20
4349745.2
 10
470099.23
 20
4349745.2
  0
TEXT
  5
B3
330
17
100
AcDbEntity
  8
0
 62
5
100
AcDbText
 10
470099.57
 20
4349745.63
 30
0.0
 40
0.1333
  1
1.04
  7
CN_TTF
 11
470099.57
 21
4349745.63
 31
0.0
100
AcDbText
  0
LWPOLYLINE
  5
B4
330
17
100
AcDbEntity
  8
爆区方格网
 62
5
100
AcDbPolyline
 90
5
 70
1
 10
470099.23
 20
4349746.2
 10
470099.23
 20
4349747.2
 10
470100.23
 20
4349747.2
 10
470100.23
 20
4349746.2
 10
470099.23
 20
4349746.2
  0
TEXT
  5
B5
330
17
100
AcDbEntity
  8
0
 62
5
100
AcDbText
 10
470099.57
 20
4349746.63
 30
0.0
 40
0.1333
  1
1.04
  7
CN_TTF
 11
470099.57
 21
4349746.63
 31
0.0
100
AcDbText
  0
LWPOLYLINE
  5
B6
330
17
100
AcDbEntity
  8
爆区方格网
 62
5
100
AcDbPolyline
 90
5
 70
1
 10
470099.23
 20
4349747.2
 10
470099.23
 20
4349748.2
 10
470100.23
 20
4349748.2
 10
470100.23
 20
4349747.2
 10
470099.23
 20
4349747.2
  0
TEXT
  5
B7
330
17
100
AcDbEntity
  8
0
 62
5
100
AcDbText
 10
470099.57
 20
4349747.63
 30
0.0
 40
0.1333
  1
1.04
  7
CN_TTF
 11
470099.57
 21
4349747.63
 31
0.0
100
AcDbText
  0
LWPOLYLINE
  5
B8
330
17
100
AcDbEntity
  8
爆区方格网
 62
5
100
AcDbPolyline
 90
6
 70
1
 10
470100.23
 20
4349748.2
 10
470099.23
 20
4349748.2
 10
470099.23
 20
4349749.2
 10
470099.4972585398
 20
4349749.2
 10
470100.23
 20
4349748.791263141
 10
470100.23
 20
4349748.2
  0
TEXT
  5
B9
330
17
100
AcDbEntity
  8
0
 62
5
100
AcDbText
 10
470099.57
 20
4349748.42563157
 30
0.0
 40
0.1333
  1
1.04
  7
CN_TTF
 11
470099.57
 21
4349748.42563157
 31
0.0
100
AcDbText
  0
LWPOLYLINE
  5
BA
330
17
100
AcDbEntity
  8
爆区方格网
 62
5
100
AcDbPolyline
 90
6
 70
1
 10
470099.23
 20
4349752.2
 10
470099.23
 20
4349753.2
 10
470100.23
 20
4349753.2
 10
470100.23
 20
4349753.106324018
 10
470099.6335880039
 20
4349752.2
 10
470099.23
 20
4349752.2
  0
TEXT
  5
BB
330
17
100
AcDbEntity
  8
0
 62
5
100
AcDbText
 10
470099.420897001
 20
4349752.583162009
 30
0.0
 40
0.1333
  1
1.16
  7
CN_TTF
 11
470099.420897001
 21
4349752.583162009
 31
0.0
100
AcDbText
  0
LWPOLYLINE
  5
BC
330
17
100
AcDbEntity
  8
爆区方格网
 62
5
100
AcDbPolyline
 90
5
 70
1
 10
470099.23
 20
4349753.2
 10
470099.23
 20
4349754.2
 10
470100.23
 20
4349754.2
 10
470100.23
 20
4349753.2
 10
470099.23
 20
4349753.2
  0
TEXT
  5
BD
330
17
100
AcDbEntity
  8
0
 62
5
100
AcDbText
 10
470099.57
 20
4349753.63
 30
0.0
 40
0.1333
  1
1.16
  7
CN_TTF
 11
470099.57
 21
4349753.63
 31
0.0
100
AcDbText
  0
LWPOLYLINE
  5
BE
330
17
100
AcDbEntity
  8
爆区方格网
 62
5
100
AcDbPolyline
 90
9
 70
1
 10
470100.23
 20
4349754.2
 10
470099.23
 20
4349754.2
 10
470099.23
 20
4349755.2
 10
470100.00479515234
 20
4349755.2
 10
470100.1131023749
 20
4349755.130144601
 10
470100.13196787937
 20
4349755.09266528
 10
470100.1916385975
 20
4349754.958050297
 10
470100.23
 20
4349754.8586021
 10
470100.23
 20
4349754.2
  0
TEXT
  5
BF
330
17
100
AcDbEntity
  8
0
 62
5
100
AcDbText
 10
470099.57
 20
4349754.45930105
 30
0.0
 40
0.1333
  1
1.16
  7
CN_TTF
 11
470099.57
 21
4349754.45930105
 31
0.0
100
AcDbText
  0
LWPOLYLINE
  5
C0
330
17
100
AcDbEntity
  8
爆区方格网
 62
5
100
AcDbPolyline
 90
13
 70
1
 10
470101.23
 20
4349733.2
 10
470101.23
 20
4349732.2
 10
470100.81205168465
 20
4349732.2
 10
470100.80781416997
 20
4349732.206691767
 10
470100.73523620697
 20
4349732.334809789
 10
470100.6690321206
 20
4349732.466334719
 10
470100.60936140246
 20
4349732.600949703
 10
470100.5563678045
 20
4349732.73833044
 10
470100.5101789928
 20
4349732.878145968
 10
470100.4709062404
 20
4349733.02005946
 10
470100.43864415877
 20
4349733.163729033
 10
470100.43235054903
 20
4349733.2
 10
470101.23
 20
4349733.2
  0
TEXT
  5
C1
330
17
100
AcDbEntity
  8
0
 62
5
100
AcDbText
 10
470100.74643230165
 20
4349732.599640071
 30
0.0
 40
0.1333
  1
1.32
  7
CN_TTF
 11
470100.74643230165
 21
4349732.599640071
 31
0.0
100
AcDbText
  0
LWPOLYLINE
  5
C2
330
17
100
AcDbEntity
  8
爆区方格网
 62
5
100
AcDbPolyline
 90
12
 70
1
 10
470101.23
 20
4349734.2
 10
470101.23
 20
4349733.2
 10
470100.43235054903
 20
4349733.2
 10
470100.4134704701
 20
4349733.308808576
 10
470100.39544582
 20
4349733.454948579
 10
470100.38461363135
 20
4349733.601796977
 10
470100.381
 20
4349733.749
 10
470100.38461363135
 20
4349733.896203022
 10
470100.39544582
 20
4349734.043051421
 10
470100.4134704701
 20
4349734.189191423
 10
470100.4153459361
 20
4349734.2
 10
470101.23
 20
4349734.2
  0
TEXT
  5
C3
330
17
100
AcDbEntity
  8
0
 62
5
100
AcDbText
 10
470100.64640340785
 20
4349733.605398488
 30
0.0
 40
0.1333
  1
1.32
  7
CN_TTF
 11
470100.64640340785
 21
4349733.605398488
 31
0.0
100
AcDbText
  0
LWPOLYLINE
  5
C4
330
17
100
AcDbEntity
  8
爆区方格网
 62
5
100
AcDbPolyline
 90
12
 70
1
 10
470101.23
 20
4349735.2
 10
470101.23
 20
4349734.2
 10
470100.4153459361
 20
4349734.2
 10
470100.43864415877
 20
4349734.334270966
 10
470100.4709062404
 20
4349734.47794054
 10
470100.5101789928
 20
4349734.619854032
 10
470100.5563678045
 20
4349734.75966956
 10
470100.60936140246
 20
4349734.897050297
 10
470100.6690321206
 20
4349735.03166528
 10
470100.73523620697
 20
4349735.16319021
 10
470100.7560886954
 20
4349735.2
 10
470101.23
 20
4349735.2
  0
TEXT
  5
C5
330
17
100
AcDbEntity
  8
0
 62
5
100
AcDbText
 10
470100.72163669934
 20
4349734.619761796
 30
0.0
 40
0.1333
  1
1.32
  7
CN_TTF
 11
470100.72163669934
 21
4349734.619761796
 31
0.0
100
AcDbText
  0
LWPOLYLINE
  5
C6
330
17
100
AcDbEntity
  8
爆区方格网
 62
5
100
AcDbPolyline
 90
12
 70
1
 10
470100.23
 20
4349737.2
 10
470101.23
 20
4349737.2
 10
470101.23
 20
4349736.658490973
 10
470101.21
 20
4349736.658
 10
470101.06279697706
 20
4349736.661613631
 10
470100.91594857903
 20
4349736.67244582
 10
470100.7698085767
 20
4349736.69047047
 10
470100.62472903397
 20
4349736.715644158
 10
470100.4810594603
 20
4349736.747906241
 10
470100.33914596826
 20
4349736.787178992
 10
470100.23
 20
4349736.8232359495
 10
470100.23
 20
4349737.2
  0
TEXT
  5
C7
330
17
100
AcDbEntity
  8
0
 62
5
100
AcDbText
 10
470100.57
 20
4349736.941617975
 30
0.0
 40
0.1333
  1
1.26
  7
CN_TTF
 11
470100.57
 21
4349736.941617975
 31
0.0
100
AcDbText
  0
LWPOLYLINE
  5
C8
330
17
100
AcDbEntity
  8
爆区方格网
 62
5
100
AcDbPolyline
 90
5
 70
1
 10
470100.23
 20
4349737.2
 10
470100.23
 20
4349738.2
 10
470101.23
 20
4349738.2
 10
470101.23
 20
4349737.2
 10
470100.23
 20
4349737.2
  0
TEXT
  5
C9
330
17
100
AcDbEntity
  8
0
 62
5
100
AcDbText
 10
470100.57
 20
4349737.63
 30
0.0
 40
0.1333
  1
1.26
  7
CN_TTF
 11
470100.57
 21
4349737.63
 31
0.0
100
AcDbText
  0
LWPOLYLINE
  5
CA
330
17
100
AcDbEntity
  8
爆区方格网
 62
5
100
AcDbPolyline
 90
5
 70
1
 10
470100.23
 20
4349738.2
 10
470100.23
 20
4349739.2
 10
470101.23
 20
4349739.2
 10
470101.23
 20
4349738.2
 10
470100.23
 20
4349738.2
  0
TEXT
  5
CB
330
17
100
AcDbEntity
  8
0
 62
5
100
AcDbText
 10
470100.57
 20
4349738.63
 30
0.0
 40
0.1333
  1
1.26
  7
CN_TTF
 11
470100.57
 21
4349738.63
 31
0.0
100
AcDbText
  0
LWPOLYLINE
  5
CC
330
17
100
AcDbEntity
  8
爆区方格网
 62
5
100
AcDbPolyline
 90
5
 70
1
 10
470100.23
 20
4349739.2
 10
470100.23
 20
4349740.2
 10
470101.23
 20
4349740.2
 10
470101.23
 20
4349739.2
 10
470100.23
 20
4349739.2
  0
TEXT
  5
CD
330
17
100
AcDbEntity
  8
0
 62
5
100
AcDbText
 10
470100.57
 20
4349739.63
 30
0.0
 40
0.1333
  1
1.26
  7
CN_TTF
 11
470100.57
 21
4349739.63
 31
0.0
100
AcDbText
  0
LWPOLYLINE
  5
CE
330
17
100
AcDbEntity
  8
爆区方格网
 62
5
100
AcDbPolyline
 90
5
 70
1
 10
470100.23
 20
4349740.2
 10
470100.23
 20
4349741.2
 10
470101.23
 20
4349741.2
 10
470101.23
 20
4349740.2
 10
470100.23
 20
4349740.2
  0
TEXT
  5
CF
330
17
100
AcDbEntity
  8
0
 62
5
100
AcDbText
 10
470100.57
 20
4349740.63
 30
0.0
 40
0.1333
  1
1.26
  7
CN_TTF
 11
470100.57
 21
4349740.63
 31
0.0
100
AcDbText
  0
LWPOLYLINE
  5
D0
330
17
100
AcDbEntity
  8
爆区方格网
 62
5
100
AcDbPolyline
 90
5
 70
1
 10
470100.23
 20
4349741.2
 10
470100.23
 20
4349742.2
 10
470101.23
 20
4349742.2
 10
470101.23
 20
4349741.2
 10
470100.23
 20
4349741.2
  0
TEXT
  5
D1
330
17
100
AcDbEntity
  8
0
 62
5
100
AcDbText
 10
470100.57
 20
4349741.63
 30
0.0
 40
0.1333
  1
1.26
  7
CN_TTF
 11
470100.57
 21
4349741.63
 31
0.0
100
AcDbText
  0
LWPOLYLINE
  5
D2
330
17
100
AcDbEntity
  8
爆区方格网
 62
5
100
AcDbPolyline
 90
10
 70
1
 10
470100.23
 20
4349744.2
 10
470101.1581816523
 20
4349744.2
 10
470100.8882675396
 20
4349743.610974282
 10
470100.85519021045
 20
4349743.592236207
 10
470100.72366528027
 20
4349743.526032121
 10
470100.5890502971
 20
4349743.4663614025
 10
470100.45166956016
 20
4349743.413367804
 10
470100.31185403175
 20
4349743.367178992
 10
470100.23
 20
4349743.344526932
 10
470100.23
 20
4349744.2
  0
TEXT
  5
D3
330
17
100
AcDbEntity
  8
0
 62
5
100
AcDbText
 10
470100.46661229787
 20
4349743.83548714
 30
0.0
 40
0.1333
  1
1.04
  7
CN_TTF
 11
470100.46661229787
 21
4349743.83548714
 31
0.0
100
AcDbText
  0
LWPOLYLINE
  5
D4
330
17
100
AcDbEntity
  8
爆区方格网
 62
5
100
AcDbPolyline
 90
6
 70
1
 10
470100.23
 20
4349744.2
 10
470100.23
 20
4349745.2
 10
470101.23
 20
4349745.2
 10
470101.23
 20
4349744.356727092
 10
470101.1581816523
 20
4349744.2
 10
470100.23
 20
4349744.2
  0
TEXT
  5
D5
330
17
100
AcDbEntity
  8
0
 62
5
100
AcDbText
 10
470100.57
 20
4349744.708363546
 30
0.0
 40
0.1333
  1
1.04
  7
CN_TTF
 11
470100.57
 21
4349744.708363546
 31
0.0
100
AcDbText
  0
LWPOLYLINE
  5
D6
330
17
100
AcDbEntity
  8
爆区方格网
 62
5
100
AcDbPolyline
 90
5
 70
1
 10
470100.23
 20
4349745.2
 10
470100.23
 20
4349746.2
 10
470101.23
 20
4349746.2
 10
470101.23
 20
4349745.2
 10
470100.23
 20
4349745.2
  0
TEXT
  5
D7
330
17
100
AcDbEntity
  8
0
 62
5
100
AcDbText
 10
470100.57
 20
4349745.63
 30
0.0
 40
0.1333
  1
1.04
  7
CN_TTF
 11
470100.57
 21
4349745.63
 31
0.0
100
AcDbText
  0
LWPOLYLINE
  5
D8
330
17
100
AcDbEntity
  8
爆区方格网
 62
5
100
AcDbPolyline
 90
5
 70
1
 10
470100.23
 20
4349746.2
 10
470100.23
 20
4349747.2
 10
470101.23
 20
4349747.2
 10
470101.23
 20
4349746.2
 10
470100.23
 20
4349746.2
  0
TEXT
  5
D9
330
17
100
AcDbEntity
  8
0
 62
5
100
AcDbText
 10
470100.57
 20
4349746.63
 30
0.0
 40
0.1333
  1
1.04
  7
CN_TTF
 11
470100.57
 21
4349746.63
 31
0.0
100
AcDbText
  0
LWPOLYLINE
  5
DA
330
17
100
AcDbEntity
  8
爆区方格网
 62
5
100
AcDbPolyline
 90
5
 70
1
 10
470100.23
 20
4349747.2
 10
470100.23
 20
4349748.2
 10
470101.23
 20
4349748.2
 10
470101.23
 20
4349747.2
 10
470100.23
 20
4349747.2
  0
TEXT
  5
DB
330
17
100
AcDbEntity
  8
0
 62
5
100
AcDbText
 10
470100.57
 20
4349747.63
 30
0.0
 40
0.1333
  1
1.04
  7
CN_TTF
 11
470100.57
 21
4349747.63
 31
0.0
100
AcDbText
  0
LWPOLYLINE
  5
DC
330
17
100
AcDbEntity
  8
爆区方格网
 62
5
100
AcDbPolyline
 90
12
 70
1
 10
470101.23
 20
4349728.2
 10
470102.23
 20
4349728.2
 10
470102.23
 20
4349727.2
 10
470101.74948627374
 20
4349727.2
 10
470101.6659686399
 20
4349727.296820148
 10
470101.57537740556
 20
4349727.412902087
 10
470101.4905911631
 20
4349727.533289301
 10
470101.41181416996
 20
4349727.657691767
 10
470101.33923620696
 20
4349727.78580979
 10
470101.2730321206
 20
4349727.91733472
 10
470101.23
 20
4349728.014413629
 10
470101.23
 20
4349728.2
  0
TEXT
  5
DD
330
17
100
AcDbEntity
  8
0
 62
5
100
AcDbText
 10
470101.6427625941
 20
4349727.651750779
 30
0.0
 40
0.1333
  1
1.11
  7
CN_TTF
 11
470101.6427625941
 21
4349727.651750779
 31
0.0
100
AcDbText
  0
LWPOLYLINE
  5
DE
330
17
100
AcDbEntity
  8
爆区方格网
 62
5
100
AcDbPolyline
 90
5
 70
1
 10
470101.23
 20
4349728.2
 10
470101.23
 20
4349729.2
 10
470102.23
 20
4349729.2
 10
470102.23
 20
4349728.2
 10
470101.23
 20
4349728.2
  0
TEXT
  5
DF
330
17
100
AcDbEntity
  8
0
 62
5
100
AcDbText
 10
470101.57
 20
4349728.63
 30
0.0
 40
0.1333
  1
1.11
  7
CN_TTF
 11
470101.57
 21
4349728.63
 31
0.0
100
AcDbText
  0
LWPOLYLINE
  5
E0
330
17
100
AcDbEntity
  8
爆区方格网
 62
5
100
AcDbPolyline
 90
5
 70
1
 10
470101.23
 20
4349729.2
 10
470101.23
 20
4349730.2
 10
470102.23
 20
4349730.2
 10
470102.23
 20
4349729.2
 10
470101.23
 20
4349729.2
  0
TEXT
  5
E1
330
17
100
AcDbEntity
  8
0
 62
5
100
AcDbText
 10
470101.57
 20
4349729.63
 30
0.0
 40
0.1333
  1
1.11
  7
CN_TTF
 11
470101.57
 21
4349729.63
 31
0.0
100
AcDbText
  0
LWPOLYLINE
  5
E2
330
17
100
AcDbEntity
  8
爆区方格网
 62
5
100
AcDbPolyline
 90
12
 70
1
 10
470102.23
 20
4349731.2
 10
470102.23
 20
4349730.2
 10
470101.23
 20
4349730.2
 10
470101.23
 20
4349730.385586372
 10
470101.2730321206
 20
4349730.482665281
 10
470101.33923620696
 20
4349730.614190211
 10
470101.41181416996
 20
4349730.742308233
 10
470101.4905911631
 20
4349730.866710699
 10
470101.57537740556
 20
4349730.987097913
 10
470101.6659686399
 20
4349731.1031798525
 10
470101.74948627374
 20
4349731.2
 10
470102.23
 20
4349731.2
  0
TEXT
  5
E3
330
17
100
AcDbEntity
  8
0
 62
5
100
AcDbText
 10
470101.6427625941
 20
4349730.608249221
 30
0.0
 40
0.1333
  1
1.11
  7
CN_TTF
 11
470101.6427625941
 21
4349730.608249221
 31
0.0
100
AcDbText
  0
LWPOLYLINE
  5
E4
330
17
100
AcDbEntity
  8
爆区方格网
 62
5
100
AcDbPolyline
 90
6
 70
1
 10
470102.23
 20
4349731.2
 10
470101.74948627374
 20
4349731.2
 10
470101.7621466239
 20
4349731.214676864
 10
470101.76735510293
 20
4349731.220147501
 10
470102.23
 20
4349731.281575841
 10
470102.23
 20
4349731.2
  0
TEXT
  5
E5
330
17
100
AcDbEntity
  8
0
 62
5
100
AcDbText
 10
470101.9543387758
 20
4349731.1808616705
 30
0.0
 40
0.1333
  1
1.11
  7
CN_TTF
 11
470101.9543387758
 21
4349731.1808616705
 31
0.0
100
AcDbText
  0
LWPOLYLINE
  5
E6
330
17
100
AcDbEntity
  8
爆区方格网
 62
5
100
AcDbPolyline
 90
11
 70
1
 10
470101.23
 20
4349732.2
 10
470102.23
 20
4349732.2
 10
470102.23
 20
4349731.281575841
 10
470101.76845182886
 20
4349731.2202931205
 10
470101.71428930096
 20
4349731.254591163
 10
470101.5939020865
 20
4349731.339377405
 10
470101.4778201475
 20
4349731.42996864
 10
470101.36632313544
 20
4349731.526146623
 10
470101.2596796564
 20
4349731.627679656
 10
470101.23
 20
4349731.658853174
 10
470101.23
 20
4349732.2
  0
TEXT
  5
E7
330
17
100
AcDbEntity
  8
0
 62
5
100
AcDbText
 10
470101.57
 20
4349731.859426587
 30
0.0
 40
0.1333
  1
1.32
  7
CN_TTF
 11
470101.57
 21
4349731.859426587
 31
0.0
100
AcDbText
  0
LWPOLYLINE
  5
E8
330
17
100
AcDbEntity
  8
爆区方格网
 62
5
100
AcDbPolyline
 90
5
 70
1
 10
470101.23
 20
4349732.2
 10
470101.23
 20
4349733.2
 10
470102.23
 20
4349733.2
 10
470102.23
 20
4349732.2
 10
470101.23
 20
4349732.2
  0
TEXT
  5
E9
330
17
100
AcDbEntity
  8
0
 62
5
100
AcDbText
 10
470101.57
 20
4349732.63
 30
0.0
 40
0.1333
  1
1.32
  7
CN_TTF
 11
470101.57
 21
4349732.63
 31
0.0
100
AcDbText
  0
LWPOLYLINE
  5
EA
330
17
100
AcDbEntity
  8
爆区方格网
 62
5
100
AcDbPolyline
 90
5
 70
1
 10
470101.23
 20
4349733.2
 10
470101.23
 20
4349734.2
 10
470102.23
 20
4349734.2
 10
470102.23
 20
4349733.2
 10
470101.23
 20
4349733.2
  0
TEXT
  5
EB
330
17
100
AcDbEntity
  8
0
 62
5
100
AcDbText
 10
470101.57
 20
4349733.63
 30
0.0
 40
0.1333
  1
1.32
  7
CN_TTF
 11
470101.57
 21
4349733.63
 31
0.0
100
AcDbText
  0
LWPOLYLINE
  5
EC
330
17
100
AcDbEntity
  8
爆区方格网
 62
5
100
AcDbPolyline
 90
5
 70
1
 10
470101.23
 20
4349734.2
 10
470101.23
 20
4349735.2
 10
470102.23
 20
4349735.2
 10
470102.23
 20
4349734.2
 10
470101.23
 20
4349734.2
  0
TEXT
  5
ED
330
17
100
AcDbEntity
  8
0
 62
5
100
AcDbText
 10
470101.57
 20
4349734.63
 30
0.0
 40
0.1333
  1
1.32
  7
CN_TTF
 11
470101.57
 21
4349734.63
 31
0.0
100
AcDbText
  0
LWPOLYLINE
  5
EE
330
17
100
AcDbEntity
  8
爆区方格网
 62
5
100
AcDbPolyline
 90
7
 70
1
 10
470102.23
 20
4349735.2
 10
470101.23
 20
4349735.2
 10
470101.23
 20
4349735.8391468255
 10
470101.2596796564
 20
4349735.870320343
 10
470101.3152605801
 20
4349735.923237782
 10
470102.23
 20
4349735.633553745
 10
470102.23
 20
4349735.2
  0
TEXT
  5
EF
330
17
100
AcDbEntity
  8
0
 62
5
100
AcDbText
 10
470101.57
 20
4349735.346776873
 30
0.0
 40
0.1333
  1
1.32
  7
CN_TTF
 11
470101.57
 21
4349735.346776873
 31
0.0
100
AcDbText
  0
LWPOLYLINE
  5
F0
330
17
100
AcDbEntity
  8
爆区方格网
 62
5
100
AcDbPolyline
 90
6
 70
1
 10
470101.23
 20
4349737.2
 10
470101.23
 20
4349738.2
 10
470102.23
 20
4349738.2
 10
470102.23
 20
4349737.597988557
 10
470101.81894550245
 20
4349737.2
 10
470101.23
 20
4349737.2
  0
TEXT
  5
F1
330
17
100
AcDbEntity
  8
0
 62
5
100
AcDbText
 10
470101.57
 20
4349737.828994278
 30
0.0
 40
0.1333
  1
1.26
  7
CN_TTF
 11
470101.57
 21
4349737.828994278
 31
0.0
100
AcDbText
  0
LWPOLYLINE
  5
F2
330
17
100
AcDbEntity
  8
爆区方格网
 62
5
100
AcDbPolyline
 90
5
 70
1
 10
470101.23
 20
4349738.2
 10
470101.23
 20
4349739.2
 10
470102.23
 20
4349739.2
 10
470102.23
 20
4349738.2
 10
470101.23
 20
4349738.2
  0
TEXT
  5
F3
330
17
100
AcDbEntity
  8
0
 62
5
100
AcDbText
 10
470101.57
 20
4349738.63
 30
0.0
 40
0.1333
  1
1.26
  7
CN_TTF
 11
470101.57
 21
4349738.63
 31
0.0
100
AcDbText
  0
LWPOLYLINE
  5
F4
330
17
100
AcDbEntity
  8
爆区方格网
 62
5
100
AcDbPolyline
 90
5
 70
1
 10
470101.23
 20
4349739.2
 10
470101.23
 20
4349740.2
 10
470102.23
 20
4349740.2
 10
470102.23
 20
4349739.2
 10
470101.23
 20
4349739.2
  0
TEXT
  5
F5
330
17
100
AcDbEntity
  8
0
 62
5
100
AcDbText
 10
470101.57
 20
4349739.63
 30
0.0
 40
0.1333
  1
1.26
  7
CN_TTF
 11
470101.57
 21
4349739.63
 31
0.0
100
AcDbText
  0
LWPOLYLINE
  5
F6
330
17
100
AcDbEntity
  8
爆区方格网
 62
5
100
AcDbPolyline
 90
5
 70
1
 10
470101.23
 20
4349740.2
 10
470101.23
 20
4349741.2
 10
470102.23
 20
4349741.2
 10
470102.23
 20
4349740.2
 10
470101.23
 20
4349740.2
  0
TEXT
  5
F7
330
17
100
AcDbEntity
  8
0
 62
5
100
AcDbText
 10
470101.57
 20
4349740.63
 30
0.0
 40
0.1333
  1
1.26
  7
CN_TTF
 11
470101.57
 21
4349740.63
 31
0.0
100
AcDbText
  0
LWPOLYLINE
  5
F8
330
17
100
AcDbEntity
  8
爆区方格网
 62
5
100
AcDbPolyline
 90
6
 70
1
 10
470102.23
 20
4349741.2
 10
470101.23
 20
4349741.2
 10
470101.23
 20
4349742.2
 10
470102.06857347925
 20
4349742.2
 10
470102.23
 20
4349742.107741143
 10
470102.23
 20
4349741.2
  0
TEXT
  5
F9
330
17
100
AcDbEntity
  8
0
 62
5
100
AcDbText
 10
470101.57
 20
4349741.583870571
 30
0.0
 40
0.1333
  1
1.26
  7
CN_TTF
 11
470101.57
 21
4349741.583870571
 31
0.0
100
AcDbText
  0
LWPOLYLINE
  5
FA
330
17
100
AcDbEntity
  8
爆区方格网
 62
5
100
AcDbPolyline
 90
5
 70
1
 10
470101.23
 20
4349745.2
 10
470101.23
 20
4349746.2
 10
470102.0746581469
 20
4349746.2
 10
470101.6164198996
 20
4349745.2
 10
470101.23
 20
4349745.2
  0
TEXT
  5
FB
330
17
100
AcDbEntity
  8
0
 62
5
100
AcDbText
 10
470101.37776951166
 20
4349745.63
 30
0.0
 40
0.1333
  1
1.04
  7
CN_TTF
 11
470101.37776951166
 21
4349745.63
 31
0.0
100
AcDbText
  0
LWPOLYLINE
  5
FC
330
17
100
AcDbEntity
  8
爆区方格网
 62
5
100
AcDbPolyline
 90
6
 70
1
 10
470101.23
 20
4349746.2
 10
470101.23
 20
4349747.2
 10
470102.23
 20
4349747.2
 10
470102.23
 20
4349746.538998009
 10
470102.0746581469
 20
4349746.2
 10
470101.23
 20
4349746.2
  0
TEXT
  5
FD
330
17
100
AcDbEntity
  8
0
 62
5
100
AcDbText
 10
470101.57
 20
4349746.799499004
 30
0.0
 40
0.1333
  1
1.04
  7
CN_TTF
 11
470101.57
 21
4349746.799499004
 31
0.0
100
AcDbText
  0
LWPOLYLINE
  5
FE
330
17
100
AcDbEntity
  8
爆区方格网
 62
5
100
AcDbPolyline
 90
11
 70
1
 10
470102.23
 20
4349747.2
 10
470101.23
 20
4349747.2
 10
470101.23
 20
4349748.2
 10
470101.28995583
 20
4349748.2
 10
470101.9988113751
 20
4349747.80458715
 10
470102.01418583
 20
4349747.780308233
 10
470102.086763793
 20
4349747.65219021
 10
470102.1529678794
 20
4349747.5206652805
 10
470102.2126385975
 20
4349747.386050297
 10
470102.23
 20
4349747.341042553
 10
470102.23
 20
4349747.2
  0
TEXT
  5
FF
330
17
100
AcDbEntity
  8
0
 62
5
100
AcDbText
 10
470101.48023740563
 20
4349747.646249222
 30
0.0
 40
0.1333
  1
1.04
  7
CN_TTF
 11
470101.48023740563
 21
4349747.646249222
 31
0.0
100
AcDbText
  0
LWPOLYLINE
  5
100
330
17
100
AcDbEntity
  8
爆区方格网
 62
5
100
AcDbPolyline
 90
12
 70
1
 10
470102.23
 20
4349727.2
 10
470103.23
 20
4349727.2
 10
470103.23
 20
4349726.297117865
 10
470103.1141459682
 20
4349726.329178993
 10
470102.9743304398
 20
4349726.375367804
 10
470102.8369497029
 20
4349726.428361403
 10
470102.7023347197
 20
4349726.488032121
 10
470102.5708097895
 20
4349726.554236207
 10
470102.4426917674
 20
4349726.62681417
 10
470102.31828930095
 20
4349726.705591164
 10
470102.23
 20
4349726.767771505
 10
470102.23
 20
4349727.2
  0
TEXT
  5
101
330
17
100
AcDbEntity
  8
0
 62
5
100
AcDbText
 10
470102.5920723249
 20
4349726.666681334
 30
0.0
 40
0.1333
  1
1.11
  7
CN_TTF
 11
470102.5920723249
 21
4349726.666681334
 31
0.0
100
AcDbText
  0
LWPOLYLINE
  5
102
330
17
100
AcDbEntity
  8
爆区方格网
 62
5
100
AcDbPolyline
 90
5
 70
1
 10
470102.23
 20
4349727.2
 10
470102.23
 20
4349728.2
 10
470103.23
 20
4349728.2
 10
470103.23
 20
4349727.2
 10
470102.23
 20
4349727.2
  0
TEXT
  5
103
330
17
100
AcDbEntity
  8
0
 62
5
100
AcDbText
 10
470102.57
 20
4349727.63
 30
0.0
 40
0.1333
  1
1.11
  7
CN_TTF
 11
470102.57
 21
4349727.63
 31
0.0
100
AcDbText
  0
LWPOLYLINE
  5
104
330
17
100
AcDbEntity
  8
爆区方格网
 62
5
100
AcDbPolyline
 90
5
 70
1
 10
470102.23
 20
4349728.2
 10
470102.23
 20
4349729.2
 10
470103.23
 20
4349729.2
 10
470103.23
 20
4349728.2
 10
470102.23
 20
4349728.2
  0
TEXT
  5
105
330
17
100
AcDbEntity
  8
0
 62
5
100
AcDbText
 10
470102.57
 20
4349728.63
 30
0.0
 40
0.1333
  1
1.11
  7
CN_TTF
 11
470102.57
 21
4349728.63
 31
0.0
100
AcDbText
  0
LWPOLYLINE
  5
106
330
17
100
AcDbEntity
  8
爆区方格网
 62
5
100
AcDbPolyline
 90
5
 70
1
 10
470102.23
 20
4349729.2
 10
470102.23
 20
4349730.2
 10
470103.23
 20
4349730.2
 10
470103.23
 20
4349729.2
 10
470102.23
 20
4349729.2
  0
TEXT
  5
107
330
17
100
AcDbEntity
  8
0
 62
5
100
AcDbText
 10
470102.57
 20
4349729.63
 30
0.0
 40
0.1333
  1
1.11
  7
CN_TTF
 11
470102.57
 21
4349729.63
 31
0.0
100
AcDbText
  0
LWPOLYLINE
  5
108
330
17
100
AcDbEntity
  8
爆区方格网
 62
5
100
AcDbPolyline
 90
5
 70
1
 10
470102.23
 20
4349730.2
 10
470102.23
 20
4349731.2
 10
470103.23
 20
4349731.2
 10
470103.23
 20
4349730.2
 10
470102.23
 20
4349730.2
  0
TEXT
  5
109
330
17
100
AcDbEntity
  8
0
 62
5
100
AcDbText
 10
470102.57
 20
4349730.63
 30
0.0
 40
0.1333
  1
1.11
  7
CN_TTF
 11
470102.57
 21
4349730.63
 31
0.0
100
AcDbText
  0
LWPOLYLINE
  5
10A
330
17
100
AcDbEntity
  8
爆区方格网
 62
5
100
AcDbPolyline
 90
7
 70
1
 10
470103.23
 20
4349731.2
 10
470102.23
 20
4349731.2
 10
470102.23
 20
4349731.281575841
 10
470102.23
 20
4349732.2
 10
470103.23
 20
4349732.2
 10
470103.23
 20
4349731.414352275
 10
470103.23
 20
4349731.2
  0
TEXT
  5
10B
330
17
100
AcDbEntity
  8
0
 62
5
100
AcDbText
 10
470102.57
 20
4349731.737176137
 30
0.0
 40
0.1333
  1
1.32
  7
CN_TTF
 11
470102.57
 21
4349731.737176137
 31
0.0
100
AcDbText
  0
LWPOLYLINE
  5
10C
330
17
100
AcDbEntity
  8
爆区方格网
 62
5
100
AcDbPolyline
 90
5
 70
1
 10
470102.23
 20
4349732.2
 10
470102.23
 20
4349733.2
 10
470103.23
 20
4349733.2
 10
470103.23
 20
4349732.2
 10
470102.23
 20
4349732.2
  0
TEXT
  5
10D
330
17
100
AcDbEntity
  8
0
 62
5
100
AcDbText
 10
470102.57
 20
4349732.63
 30
0.0
 40
0.1333
  1
1.32
  7
CN_TTF
 11
470102.57
 21
4349732.63
 31
0.0
100
AcDbText
  0
LWPOLYLINE
  5
10E
330
17
100
AcDbEntity
  8
爆区方格网
 62
5
100
AcDbPolyline
 90
5
 70
1
 10
470102.23
 20
4349733.2
 10
470102.23
 20
4349734.2
 10
470103.23
 20
4349734.2
 10
470103.23
 20
4349733.2
 10
470102.23
 20
4349733.2
  0
TEXT
  5
10F
330
17
100
AcDbEntity
  8
0
 62
5
100
AcDbText
 10
470102.57
 20
4349733.63
 30
0.0
 40
0.1333
  1
1.32
  7
CN_TTF
 11
470102.57
 21
4349733.63
 31
0.0
100
AcDbText
  0
LWPOLYLINE
  5
110
330
17
100
AcDbEntity
  8
爆区方格网
 62
5
100
AcDbPolyline
 90
5
 70
1
 10
470102.23
 20
4349734.2
 10
470102.23
 20
4349735.2
 10
470103.23
 20
4349735.2
 10
470103.23
 20
4349734.2
 10
470102.23
 20
4349734.2
  0
TEXT
  5
111
330
17
100
AcDbEntity
  8
0
 62
5
100
AcDbText
 10
470102.57
 20
4349734.63
 30
0.0
 40
0.1333
  1
1.32
  7
CN_TTF
 11
470102.57
 21
4349734.63
 31
0.0
100
AcDbText
  0
LWPOLYLINE
  5
112
330
17
100
AcDbEntity
  8
爆区方格网
 62
5
100
AcDbPolyline
 90
6
 70
1
 10
470102.23
 20
4349738.2
 10
470102.23
 20
4349739.2
 10
470103.23
 20
4349739.2
 10
470103.23
 20
4349738.566202161
 10
470102.8517754435
 20
4349738.2
 10
470102.23
 20
4349738.2
  0
TEXT
  5
113
330
17
100
AcDbEntity
  8
0
 62
5
100
AcDbText
 10
470102.57
 20
4349738.81310108
 30
0.0
 40
0.1333
  1
1.26
  7
CN_TTF
 11
470102.57
 21
4349738.81310108
 31
0.0
100
AcDbText
  0
LWPOLYLINE
  5
114
330
17
100
AcDbEntity
  8
爆区方格网
 62
5
100
AcDbPolyline
 90
5
 70
1
 10
470102.23
 20
4349739.2
 10
470102.23
 20
4349740.2
 10
470103.23
 20
4349740.2
 10
470103.23
 20
4349739.2
 10
470102.23
 20
4349739.2
  0
TEXT
  5
115
330
17
100
AcDbEntity
  8
0
 62
5
100
AcDbText
 10
470102.57
 20
4349739.63
 30
0.0
 40
0.1333
  1
1.26
  7
CN_TTF
 11
470102.57
 21
4349739.63
 31
0.0
100
AcDbText
  0
LWPOLYLINE
  5
116
330
17
100
AcDbEntity
  8
爆区方格网
 62
5
100
AcDbPolyline
 90
5
 70
1
 10
470102.23
 20
4349740.2
 10
470102.23
 20
4349741.2
 10
470103.23
 20
4349741.2
 10
470103.23
 20
4349740.2
 10
470102.23
 20
4349740.2
  0
TEXT
  5
117
330
17
100
AcDbEntity
  8
0
 62
5
100
AcDbText
 10
470102.57
 20
4349740.63
 30
0.0
 40
0.1333
  1
1.26
  7
CN_TTF
 11
470102.57
 21
4349740.63
 31
0.0
100
AcDbText
  0
LWPOLYLINE
  5
118
330
17
100
AcDbEntity
  8
爆区方格网
 62
5
100
AcDbPolyline
 90
5
 70
1
 10
470103.23
 20
4349741.2
 10
470102.23
 20
4349741.2
 10
470102.23
 20
4349742.107741143
 10
470103.23
 20
4349741.536218832
 10
470103.23
 20
4349741.2
  0
TEXT
  5
119
330
17
100
AcDbEntity
  8
0
 62
5
100
AcDbText
 10
470102.32
 20
4349741.751979987
 30
0.0
 40
0.1333
  1
1.26
  7
CN_TTF
 11
470102.32
 21
4349741.751979987
 31
0.0
100
AcDbText
  0
LWPOLYLINE
  5
11A
330
17
100
AcDbEntity
  8
爆区方格网
 62
5
100
AcDbPolyline
 90
12
 70
1
 10
470103.23
 20
4349727.2
 10
470104.23
 20
4349727.2
 10
470104.23
 20
4349726.2108275695
 10
470104.13220302295
 20
4349726.203613631
 10
470103.985
 20
4349726.2
 10
470103.837796977
 20
4349726.203613631
 10
470103.690948579
 20
4349726.21444582
 10
470103.54480857664
 20
4349726.2324704705
 10
470103.39972903393
 20
4349726.257644159
 10
470103.2560594603
 20
4349726.289906241
 10
470103.23
 20
4349726.297117865
 10
470103.23
 20
4349727.2
  0
TEXT
  5
11B
330
17
100
AcDbEntity
  8
0
 62
5
100
AcDbText
 10
470103.57
 20
4349726.678558933
 30
0.0
 40
0.1333
  1
1.11
  7
CN_TTF
 11
470103.57
 21
4349726.678558933
 31
0.0
100
AcDbText
  0
LWPOLYLINE
  5
11C
330
17
100
AcDbEntity
  8
爆区方格网
 62
5
100
AcDbPolyline
 90
5
 70
1
 10
470103.23
 20
4349727.2
 10
470103.23
 20
4349728.2
 10
470104.23
 20
4349728.2
 10
470104.23
 20
4349727.2
 10
470103.23
 20
4349727.2
  0
TEXT
  5
11D
330
17
100
AcDbEntity
  8
0
 62
5
100
AcDbText
 10
470103.57
 20
4349727.63
 30
0.0
 40
0.1333
  1
1.11
  7
CN_TTF
 11
470103.57
 21
4349727.63
 31
0.0
100
AcDbText
  0
LWPOLYLINE
  5
11E
330
17
100
AcDbEntity
  8
爆区方格网
 62
5
100
AcDbPolyline
 90
5
 70
1
 10
470103.23
 20
4349728.2
 10
470103.23
 20
4349729.2
 10
470104.23
 20
4349729.2
 10
470104.23
 20
4349728.2
 10
470103.23
 20
4349728.2
  0
TEXT
  5
11F
330
17
100
AcDbEntity
  8
0
 62
5
100
AcDbText
 10
470103.57
 20
4349728.63
 30
0.0
 40
0.1333
  1
1.11
  7
CN_TTF
 11
470103.57
 21
4349728.63
 31
0.0
100
AcDbText
  0
LWPOLYLINE
  5
120
330
17
100
AcDbEntity
  8
爆区方格网
 62
5
100
AcDbPolyline
 90
5
 70
1
 10
470103.23
 20
4349729.2
 10
470103.23
 20
4349730.2
 10
470104.23
 20
4349730.2
 10
470104.23
 20
4349729.2
 10
470103.23
 20
4349729.2
  0
TEXT
  5
121
330
17
100
AcDbEntity
  8
0
 62
5
100
AcDbText
 10
470103.57
 20
4349729.63
 30
0.0
 40
0.1333
  1
1.11
  7
CN_TTF
 11
470103.57
 21
4349729.63
 31
0.0
100
AcDbText
  0
LWPOLYLINE
  5
122
330
17
100
AcDbEntity
  8
爆区方格网
 62
5
100
AcDbPolyline
 90
6
 70
1
 10
470104.23
 20
4349730.2
 10
470103.23
 20
4349730.2
 10
470103.23
 20
4349731.2
 10
470104.2036210692
 20
4349731.2
 10
470104.23
 20
4349731.172496721
 10
470104.23
 20
4349730.2
  0
TEXT
  5
123
330
17
100
AcDbEntity
  8
0
 62
5
100
AcDbText
 10
470103.57
 20
4349730.61624836
 30
0.0
 40
0.1333
  1
1.11
  7
CN_TTF
 11
470103.57
 21
4349730.61624836
 31
0.0
100
AcDbText
  0
LWPOLYLINE
  5
124
330
17
100
AcDbEntity
  8
爆区方格网
 62
5
100
AcDbPolyline
 90
4
 70
1
 10
470104.23
 20
4349731.2
 10
470104.23
 20
4349731.172496721
 10
470104.20362106926
 20
4349731.2
 10
470104.23
 20
4349731.2
  0
TEXT
  5
125
330
17
100
AcDbEntity
  8
0
 62
5
100
AcDbText
 10
470104.06340526755
 20
4349731.11624836
 30
0.0
 40
0.1333
  1
1.35
  7
CN_TTF
 11
470104.06340526755
 21
4349731.11624836
 31
0.0
100
AcDbText
  0
LWPOLYLINE
  5
126
330
17
100
AcDbEntity
  8
爆区方格网
 62
5
100
AcDbPolyline
 90
10
 70
1
 10
470104.23
 20
4349731.2
 10
470104.20362106926
 20
4349731.2
 10
470103.91127260163
 20
4349731.504809222
 10
470104.2036210692
 20
4349731.2
 10
470103.23
 20
4349731.2
 10
470103.23
 20
4349731.414352275
 10
470103.23
 20
4349732.2
 10
470104.23
 20
4349732.2
 10
470104.23
 20
4349731.878462303
 10
470104.23
 20
4349731.2
  0
TEXT
  5
127
330
17
100
AcDbEntity
  8
0
 62
5
100
AcDbText
 10
470103.57
 20
4349731.621635763
 30
0.0
 40
0.1333
  1
1.32
  7
CN_TTF
 11
470103.57
 21
4349731.621635763
 31
0.0
100
AcDbText
  0
LWPOLYLINE
  5
128
330
17
100
AcDbEntity
  8
爆区方格网
 62
5
100
AcDbPolyline
 90
5
 70
1
 10
470103.23
 20
4349732.2
 10
470103.23
 20
4349733.2
 10
470104.23
 20
4349733.2
 10
470104.23
 20
4349732.2
 10
470103.23
 20
4349732.2
  0
TEXT
  5
129
330
17
100
AcDbEntity
  8
0
 62
5
100
AcDbText
 10
470103.57
 20
4349732.63
 30
0.0
 40
0.1333
  1
1.32
  7
CN_TTF
 11
470103.57
 21
4349732.63
 31
0.0
100
AcDbText
  0
LWPOLYLINE
  5
12A
330
17
100
AcDbEntity
  8
爆区方格网
 62
5
100
AcDbPolyline
 90
5
 70
1
 10
470103.23
 20
4349733.2
 10
470103.23
 20
4349734.2
 10
470104.23
 20
4349734.2
 10
470104.23
 20
4349733.2
 10
470103.23
 20
4349733.2
  0
TEXT
  5
12B
330
17
100
AcDbEntity
  8
0
 62
5
100
AcDbText
 10
470103.57
 20
4349733.63
 30
0.0
 40
0.1333
  1
1.32
  7
CN_TTF
 11
470103.57
 21
4349733.63
 31
0.0
100
AcDbText
  0
LWPOLYLINE
  5
12C
330
17
100
AcDbEntity
  8
爆区方格网
 62
5
100
AcDbPolyline
 90
6
 70
1
 10
470104.23
 20
4349734.2
 10
470103.23
 20
4349734.2
 10
470103.23
 20
4349735.2
 10
470103.5990388559
 20
4349735.2
 10
470104.23
 20
4349735.00018422
 10
470104.23
 20
4349734.2
  0
TEXT
  5
12D
330
17
100
AcDbEntity
  8
0
 62
5
100
AcDbText
 10
470103.57
 20
4349734.53009211
 30
0.0
 40
0.1333
  1
1.32
  7
CN_TTF
 11
470103.57
 21
4349734.53009211
 31
0.0
100
AcDbText
  0
LWPOLYLINE
  5
12E
330
17
100
AcDbEntity
  8
爆区方格网
 62
5
100
AcDbPolyline
 90
10
 70
1
 10
470103.23
 20
4349739.2
 10
470103.23
 20
4349740.2
 10
470104.15986406605
 20
4349740.2
 10
470104.1775295299
 20
4349740.098191423
 10
470104.19555418
 20
4349739.952051421
 10
470104.20638636866
 20
4349739.805203022
 10
470104.21
 20
4349739.658
 10
470104.206405373
 20
4349739.511571127
 10
470103.8846053845
 20
4349739.2
 10
470103.23
 20
4349739.2
  0
TEXT
  5
12F
330
17
100
AcDbEntity
  8
0
 62
5
100
AcDbText
 10
470103.5590965922
 20
4349739.661601511
 30
0.0
 40
0.1333
  1
1.26
  7
CN_TTF
 11
470103.5590965922
 21
4349739.661601511
 31
0.0
100
AcDbText
  0
LWPOLYLINE
  5
130
330
17
100
AcDbEntity
  8
爆区方格网
 62
5
100
AcDbPolyline
 90
12
 70
1
 10
470103.23
 20
4349740.2
 10
470103.23
 20
4349741.2
 10
470103.78336044156
 20
4349741.2
 10
470103.85576379305
 20
4349741.07219021
 10
470103.9219678794
 20
4349740.94066528
 10
470103.98163859756
 20
4349740.806050297
 10
470104.03463219554
 20
4349740.66866956
 10
470104.0808210072
 20
4349740.528854032
 10
470104.1200937596
 20
4349740.38694054
 10
470104.15235584124
 20
4349740.243270966
 10
470104.15986406605
 20
4349740.2
 10
470103.23
 20
4349740.2
  0
TEXT
  5
131
330
17
100
AcDbEntity
  8
0
 62
5
100
AcDbText
 10
470103.4590676984
 20
4349740.667359928
 30
0.0
 40
0.1333
  1
1.26
  7
CN_TTF
 11
470103.4590676984
 21
4349740.667359928
 31
0.0
100
AcDbText
  0
LWPOLYLINE
  5
132
330
17
100
AcDbEntity
  8
爆区方格网
 62
5
100
AcDbPolyline
 90
12
 70
1
 10
470104.23
 20
4349727.2
 10
470105.23
 20
4349727.2
 10
470105.23
 20
4349726.471336251
 10
470105.1330502971
 20
4349726.428361403
 10
470104.99566956016
 20
4349726.375367804
 10
470104.85585403175
 20
4349726.329178993
 10
470104.7139405397
 20
4349726.289906241
 10
470104.57027096604
 20
4349726.257644159
 10
470104.42519142333
 20
4349726.2324704705
 10
470104.279051421
 20
4349726.21444582
 10
470104.23
 20
4349726.2108275695
 10
470104.23
 20
4349727.2
  0
TEXT
  5
133
330
17
100
AcDbEntity
  8
0
 62
5
100
AcDbText
 10
470104.57
 20
4349726.765668126
 30
0.0
 40
0.1333
  1
1.11
  7
CN_TTF
 11
470104.57
 21
4349726.765668126
 31
0.0
100
AcDbText
  0
LWPOLYLINE
  5
134
330
17
100
AcDbEntity
  8
爆区方格网
 62
5
100
AcDbPolyline
 90
5
 70
1
 10
470104.23
 20
4349727.2
 10
470104.23
 20
4349728.2
 10
470105.23
 20
4349728.2
 10
470105.23
 20
4349727.2
 10
470104.23
 20
4349727.2
  0
TEXT
  5
135
330
17
100
AcDbEntity
  8
0
 62
5
100
AcDbText
 10
470104.57
 20
4349727.63
 30
0.0
 40
0.1333
  1
1.11
  7
CN_TTF
 11
470104.57
 21
4349727.63
 31
0.0
100
AcDbText
  0
LWPOLYLINE
  5
136
330
17
100
AcDbEntity
  8
爆区方格网
 62
5
100
AcDbPolyline
 90
5
 70
1
 10
470104.23
 20
4349728.2
 10
470104.23
 20
4349729.2
 10
470105.23
 20
4349729.2
 10
470105.23
 20
4349728.2
 10
470104.23
 20
4349728.2
  0
TEXT
  5
137
330
17
100
AcDbEntity
  8
0
 62
5
100
AcDbText
 10
470104.57
 20
4349728.63
 30
0.0
 40
0.1333
  1
1.11
  7
CN_TTF
 11
470104.57
 21
4349728.63
 31
0.0
100
AcDbText
  0
LWPOLYLINE
  5
138
330
17
100
AcDbEntity
  8
爆区方格网
 62
5
100
AcDbPolyline
 90
6
 70
1
 10
470105.23
 20
4349729.2
 10
470104.23
 20
4349729.2
 10
470104.23
 20
4349730.2
 10
470105.16274056584
 20
4349730.2
 10
470105.23
 20
4349730.12987377
 10
470105.23
 20
4349729.2
  0
TEXT
  5
139
330
17
100
AcDbEntity
  8
0
 62
5
100
AcDbText
 10
470104.57
 20
4349729.594936885
 30
0.0
 40
0.1333
  1
1.11
  7
CN_TTF
 11
470104.57
 21
4349729.594936885
 31
0.0
100
AcDbText
  0
LWPOLYLINE
  5
13A
330
17
100
AcDbEntity
  8
爆区方格网
 62
5
100
AcDbPolyline
 90
4
 70
1
 10
470105.23
 20
4349730.2
 10
470105.23
 20
4349730.12987377
 10
470105.162740566
 20
4349730.2
 10
470105.23
 20
4349730.2
  0
TEXT
  5
13B
330
17
100
AcDbEntity
  8
0
 62
5
100
AcDbText
 10
470105.0531851415
 20
4349730.094936885
 30
0.0
 40
0.1333
  1
1.35
  7
CN_TTF
 11
470105.0531851415
 21
4349730.094936885
 31
0.0
100
AcDbText
  0
LWPOLYLINE
  5
13C
330
17
100
AcDbEntity
  8
爆区方格网
 62
5
100
AcDbPolyline
 90
6
 70
1
 10
470104.23
 20
4349731.2
 10
470105.23
 20
4349731.2
 10
470105.23
 20
4349730.2
 10
470105.162740566
 20
4349730.2
 10
470104.23
 20
4349731.172496721
 10
470104.23
 20
4349731.2
  0
TEXT
  5
13D
330
17
100
AcDbEntity
  8
0
 62
5
100
AcDbText
 10
470104.8031851417
 20
4349730.61624836
 30
0.0
 40
0.1333
  1
1.35
  7
CN_TTF
 11
470104.8031851417
 21
4349730.61624836
 31
0.0
100
AcDbText
  0
LWPOLYLINE
  5
13E
330
17
100
AcDbEntity
  8
爆区方格网
 62
5
100
AcDbPolyline
 90
4
 70
1
 10
470104.23
 20
4349730.2
 10
470104.23
 20
4349731.172496721
 10
470105.16274056584
 20
4349730.2
 10
470104.23
 20
4349730.2
  0
TEXT
  5
13F
330
17
100
AcDbEntity
  8
0
 62
5
100
AcDbText
 10
470104.3031851417
 20
4349730.61624836
 30
0.0
 40
0.1333
  1
1.11
  7
CN_TTF
 11
470104.3031851417
 21
4349730.61624836
 31
0.0
100
AcDbText
  0
LWPOLYLINE
  5
140
330
17
100
AcDbEntity
  8
爆区方格网
 62
5
100
AcDbPolyline
 90
6
 70
1
 10
470105.23
 20
4349732.2
 10
470105.23
 20
4349731.2
 10
470104.23
 20
4349731.2
 10
470104.23
 20
4349731.878462303
 10
470104.50427279173
 20
4349732.2
 10
470105.23
 20
4349732.2
  0
TEXT
  5
141
330
17
100
AcDbEntity
  8
0
 62
5
100
AcDbText
 10
470104.57
 20
4349731.469231151
 30
0.0
 40
0.1333
  1
1.35
  7
CN_TTF
 11
470104.57
 21
4349731.469231151
 31
0.0
100
AcDbText
  0
LWPOLYLINE
  5
142
330
17
100
AcDbEntity
  8
爆区方格网
 62
5
100
AcDbPolyline
 90
4
 70
1
 10
470104.23
 20
4349732.2
 10
470104.5042727916
 20
4349732.2
 10
470104.23
 20
4349731.878462303
 10
470104.23
 20
4349732.2
  0
TEXT
  5
143
330
17
100
AcDbEntity
  8
0
 62
5
100
AcDbText
 10
470104.1385681977
 20
4349731.969231151
 30
0.0
 40
0.1333
  1
1.32
  7
CN_TTF
 11
470104.1385681977
 21
4349731.969231151
 31
0.0
100
AcDbText
  0
LWPOLYLINE
  5
144
330
17
100
AcDbEntity
  8
爆区方格网
 62
5
100
AcDbPolyline
 90
4
 70
1
 10
470105.23
 20
4349732.2
 10
470104.50427279173
 20
4349732.2
 10
470105.23
 20
4349733.050790389
 10
470105.23
 20
4349732.2
  0
TEXT
  5
145
330
17
100
AcDbEntity
  8
0
 62
5
100
AcDbText
 10
470104.8885681979
 20
4349732.555395194
 30
0.0
 40
0.1333
  1
1.35
  7
CN_TTF
 11
470104.8885681979
 21
4349732.555395194
 31
0.0
100
AcDbText
  0
LWPOLYLINE
  5
146
330
17
100
AcDbEntity
  8
爆区方格网
 62
5
100
AcDbPolyline
 90
6
 70
1
 10
470104.23
 20
4349732.2
 10
470104.23
 20
4349733.2
 10
470105.23
 20
4349733.2
 10
470105.23
 20
4349733.05079039
 10
470104.5042727916
 20
4349732.2
 10
470104.23
 20
4349732.2
  0
TEXT
  5
147
330
17
100
AcDbEntity
  8
0
 62
5
100
AcDbText
 10
470104.38856819813
 20
4349732.555395195
 30
0.0
 40
0.1333
  1
1.32
  7
CN_TTF
 11
470104.38856819813
 21
4349732.555395195
 31
0.0
100
AcDbText
  0
LWPOLYLINE
  5
148
330
17
100
AcDbEntity
  8
爆区方格网
 62
5
100
AcDbPolyline
 90
5
 70
1
 10
470104.23
 20
4349733.2
 10
470104.23
 20
4349734.2
 10
470105.23
 20
4349734.2
 10
470105.23
 20
4349733.2
 10
470104.23
 20
4349733.2
  0
TEXT
  5
149
330
17
100
AcDbEntity
  8
0
 62
5
100
AcDbText
 10
470104.57
 20
4349733.63
 30
0.0
 40
0.1333
  1
1.32
  7
CN_TTF
 11
470104.57
 21
4349733.63
 31
0.0
100
AcDbText
  0
LWPOLYLINE
  5
14A
330
17
100
AcDbEntity
  8
爆区方格网
 62
5
100
AcDbPolyline
 90
5
 70
1
 10
470105.23
 20
4349734.2
 10
470104.23
 20
4349734.2
 10
470104.23
 20
4349735.00018422
 10
470105.23
 20
4349734.683499457
 10
470105.23
 20
4349734.2
  0
TEXT
  5
14B
330
17
100
AcDbEntity
  8
0
 62
5
100
AcDbText
 10
470104.57
 20
4349734.371749729
 30
0.0
 40
0.1333
  1
1.32
  7
CN_TTF
 11
470104.57
 21
4349734.371749729
 31
0.0
100
AcDbText
  0
LWPOLYLINE
  5
14C
330
17
100
AcDbEntity
  8
爆区方格网
 62
5
100
AcDbPolyline
 90
6
 70
1
 10
470105.23
 20
4349727.2
 10
470105.23
 20
4349728.2
 10
470106.23
 20
4349728.2
 10
470106.23
 20
4349727.210997228
 10
470106.22051372624
 20
4349727.2
 10
470105.23
 20
4349727.2
  0
TEXT
  5
14D
330
17
100
AcDbEntity
  8
0
 62
5
100
AcDbText
 10
470105.57
 20
4349727.635498613
 30
0.0
 40
0.1333
  1
1.11
  7
CN_TTF
 11
470105.57
 21
4349727.635498613
 31
0.0
100
AcDbText
  0
LWPOLYLINE
  5
14E
330
17
100
AcDbEntity
  8
爆区方格网
 62
5
100
AcDbPolyline
 90
6
 70
1
 10
470106.23
 20
4349728.2
 10
470105.23
 20
4349728.2
 10
470105.23
 20
4349729.2
 10
470106.1218600625
 20
4349729.2
 10
470106.23
 20
4349729.087250819
 10
470106.23
 20
4349728.2
  0
TEXT
  5
14F
330
17
100
AcDbEntity
  8
0
 62
5
100
AcDbText
 10
470105.57
 20
4349728.57362541
 30
0.0
 40
0.1333
  1
1.11
  7
CN_TTF
 11
470105.57
 21
4349728.57362541
 31
0.0
100
AcDbText
  0
LWPOLYLINE
  5
150
330
17
100
AcDbEntity
  8
爆区方格网
 62
5
100
AcDbPolyline
 90
4
 70
1
 10
470106.23
 20
4349729.2
 10
470106.23
 20
4349729.087250819
 10
470106.1218600628
 20
4349729.2
 10
470106.23
 20
4349729.2
  0
TEXT
  5
151
330
17
100
AcDbEntity
  8
0
 62
5
100
AcDbText
 10
470106.04296501545
 20
4349729.07362541
 30
0.0
 40
0.1333
  1
1.35
  7
CN_TTF
 11
470106.04296501545
 21
4349729.07362541
 31
0.0
100
AcDbText
  0
LWPOLYLINE
  5
152
330
17
100
AcDbEntity
  8
爆区方格网
 62
5
100
AcDbPolyline
 90
6
 70
1
 10
470105.23
 20
4349730.2
 10
470106.23
 20
4349730.2
 10
470106.23
 20
4349729.2
 10
470106.1218600628
 20
4349729.2
 10
470105.23
 20
4349730.12987377
 10
470105.23
 20
4349730.2
  0
TEXT
  5
153
330
17
100
AcDbEntity
  8
0
 62
5
100
AcDbText
 10
470105.7929650157
 20
4349729.594936885
 30
0.0
 40
0.1333
  1
1.35
  7
CN_TTF
 11
470105.7929650157
 21
4349729.594936885
 31
0.0
100
AcDbText
  0
LWPOLYLINE
  5
154
330
17
100
AcDbEntity
  8
爆区方格网
 62
5
100
AcDbPolyline
 90
4
 70
1
 10
470105.23
 20
4349729.2
 10
470105.23
 20
4349730.12987377
 10
470106.1218600625
 20
4349729.2
 10
470105.23
 20
4349729.2
  0
TEXT
  5
155
330
17
100
AcDbEntity
  8
0
 62
5
100
AcDbText
 10
470105.29296501563
 20
4349729.594936885
 30
0.0
 40
0.1333
  1
1.11
  7
CN_TTF
 11
470105.29296501563
 21
4349729.594936885
 31
0.0
100
AcDbText
  0
LWPOLYLINE
  5
156
330
17
100
AcDbEntity
  8
爆区方格网
 62
5
100
AcDbPolyline
 90
5
 70
1
 10
470105.23
 20
4349730.2
 10
470105.23
 20
4349731.2
 10
470106.23
 20
4349731.2
 10
470106.23
 20
4349730.2
 10
470105.23
 20
4349730.2
  0
TEXT
  5
157
330
17
100
AcDbEntity
  8
0
 62
5
100
AcDbText
 10
470105.57
 20
4349730.63
 30
0.0
 40
0.1333
  1
1.35
  7
CN_TTF
 11
470105.57
 21
4349730.63
 31
0.0
100
AcDbText
  0
LWPOLYLINE
  5
158
330
17
100
AcDbEntity
  8
爆区方格网
 62
5
100
AcDbPolyline
 90
5
 70
1
 10
470105.23
 20
4349731.2
 10
470105.23
 20
4349732.2
 10
470106.23
 20
4349732.2
 10
470106.23
 20
4349731.2
 10
470105.23
 20
4349731.2
  0
TEXT
  5
159
330
17
100
AcDbEntity
  8
0
 62
5
100
AcDbText
 10
470105.57
 20
4349731.63
 30
0.0
 40
0.1333
  1
1.35
  7
CN_TTF
 11
470105.57
 21
4349731.63
 31
0.0
100
AcDbText
  0
LWPOLYLINE
  5
15A
330
17
100
AcDbEntity
  8
爆区方格网
 62
5
100
AcDbPolyline
 90
6
 70
1
 10
470106.23
 20
4349733.2
 10
470106.23
 20
4349732.2
 10
470105.23
 20
4349732.2
 10
470105.23
 20
4349733.050790389
 10
470105.3572763253
 20
4349733.2
 10
470106.23
 20
4349733.2
  0
TEXT
  5
15B
330
17
100
AcDbEntity
  8
0
 62
5
100
AcDbText
 10
470105.57
 20
4349732.555395194
 30
0.0
 40
0.1333
  1
1.35
  7
CN_TTF
 11
470105.57
 21
4349732.555395194
 31
0.0
100
AcDbText
  0
LWPOLYLINE
  5
15C
330
17
100
AcDbEntity
  8
爆区方格网
 62
5
100
AcDbPolyline
 90
4
 70
1
 10
470105.23
 20
4349733.2
 10
470105.35727632494
 20
4349733.2
 10
470105.23
 20
4349733.05079039
 10
470105.23
 20
4349733.2
  0
TEXT
  5
15D
330
17
100
AcDbEntity
  8
0
 62
5
100
AcDbText
 10
470105.1018190814
 20
4349733.055395195
 30
0.0
 40
0.1333
  1
1.32
  7
CN_TTF
 11
470105.1018190814
 21
4349733.055395195
 31
0.0
100
AcDbText
  0
LWPOLYLINE
  5
15E
330
17
100
AcDbEntity
  8
爆区方格网
 62
5
100
AcDbPolyline
 90
5
 70
1
 10
470106.23
 20
4349734.2
 10
470106.23
 20
4349733.2
 10
470105.3572763253
 20
4349733.2
 10
470106.21027985885
 20
4349734.2
 10
470106.23
 20
4349734.2
  0
TEXT
  5
15F
330
17
100
AcDbEntity
  8
0
 62
5
100
AcDbText
 10
470105.8468890461
 20
4349733.63
 30
0.0
 40
0.1333
  1
1.35
  7
CN_TTF
 11
470105.8468890461
 21
4349733.63
 31
0.0
100
AcDbText
  0
LWPOLYLINE
  5
160
330
17
100
AcDbEntity
  8
爆区方格网
 62
5
100
AcDbPolyline
 90
5
 70
1
 10
470105.23
 20
4349733.2
 10
470105.23
 20
4349734.2
 10
470106.2102798583
 20
4349734.2
 10
470105.35727632494
 20
4349733.2
 10
470105.23
 20
4349733.2
  0
TEXT
  5
161
330
17
100
AcDbEntity
  8
0
 62
5
100
AcDbText
 10
470105.34688904585
 20
4349733.63
 30
0.0
 40
0.1333
  1
1.32
  7
CN_TTF
 11
470105.34688904585
 21
4349733.63
 31
0.0
100
AcDbText
  0
LWPOLYLINE
  5
162
330
17
100
AcDbEntity
  8
爆区方格网
 62
5
100
AcDbPolyline
 90
9
 70
1
 10
470106.23
 20
4349729.2
 10
470107.23
 20
4349729.2
 10
470107.23
 20
4349728.51358121
 10
470107.2216695602
 20
4349728.510367804
 10
470107.08185403177
 20
4349728.464178992
 10
470106.9399405397
 20
4349728.424906241
 10
470106.8785004183
 20
4349728.4111094
 10
470106.23
 20
4349729.087250819
 10
470106.23
 20
4349729.2
  0
TEXT
  5
163
330
17
100
AcDbEntity
  8
0
 62
5
100
AcDbText
 10
470106.7075544267
 20
4349728.730416015
 30
0.0
 40
0.1333
  1
1.35
  7
CN_TTF
 11
470106.7075544267
 21
4349728.730416015
 31
0.0
100
AcDbText
  0
LWPOLYLINE
  5
164
330
17
100
AcDbEntity
  8
爆区方格网
 62
5
100
AcDbPolyline
 90
6
 70
1
 10
470106.23
 20
4349728.2
 10
470106.23
 20
4349729.087250819
 10
470106.87850268855
 20
4349728.411107033
 10
470106.85582100716
 20
4349728.329145968
 10
470106.8131569421
 20
4349728.2
 10
470106.23
 20
4349728.2
  0
TEXT
  5
165
330
17
100
AcDbEntity
  8
0
 62
5
100
AcDbText
 10
470106.23212567234
 20
4349728.679178925
 30
0.0
 40
0.1333
  1
1.11
  7
CN_TTF
 11
470106.23212567234
 21
4349728.679178925
 31
0.0
100
AcDbText
  0
LWPOLYLINE
  5
166
330
17
100
AcDbEntity
  8
爆区方格网
 62
5
100
AcDbPolyline
 90
5
 70
1
 10
470106.23
 20
4349729.2
 10
470106.23
 20
4349730.2
 10
470107.23
 20
4349730.2
 10
470107.23
 20
4349729.2
 10
470106.23
 20
4349729.2
  0
TEXT
  5
167
330
17
100
AcDbEntity
  8
0
 62
5
100
AcDbText
 10
470106.57
 20
4349729.63
 30
0.0
 40
0.1333
  1
1.35
  7
CN_TTF
 11
470106.57
 21
4349729.63
 31
0.0
100
AcDbText
  0
LWPOLYLINE
  5
168
330
17
100
AcDbEntity
  8
爆区方格网
 62
5
100
AcDbPolyline
 90
5
 70
1
 10
470106.23
 20
4349730.2
 10
470106.23
 20
4349731.2
 10
470107.23
 20
4349731.2
 10
470107.23
 20
4349730.2
 10
470106.23
 20
4349730.2
  0
TEXT
  5
169
330
17
100
AcDbEntity
  8
0
 62
5
100
AcDbText
 10
470106.57
 20
4349730.63
 30
0.0
 40
0.1333
  1
1.35
  7
CN_TTF
 11
470106.57
 21
4349730.63
 31
0.0
100
AcDbText
  0
LWPOLYLINE
  5
16A
330
17
100
AcDbEntity
  8
爆区方格网
 62
5
100
AcDbPolyline
 90
5
 70
1
 10
470106.23
 20
4349731.2
 10
470106.23
 20
4349732.2
 10
470107.23
 20
4349732.2
 10
470107.23
 20
4349731.2
 10
470106.23
 20
4349731.2
  0
TEXT
  5
16B
330
17
100
AcDbEntity
  8
0
 62
5
100
AcDbText
 10
470106.57
 20
4349731.63
 30
0.0
 40
0.1333
  1
1.35
  7
CN_TTF
 11
470106.57
 21
4349731.63
 31
0.0
100
AcDbText
  0
LWPOLYLINE
  5
16C
330
17
100
AcDbEntity
  8
爆区方格网
 62
5
100
AcDbPolyline
 90
5
 70
1
 10
470106.23
 20
4349732.2
 10
470106.23
 20
4349733.2
 10
470107.23
 20
4349733.2
 10
470107.23
 20
4349732.2
 10
470106.23
 20
4349732.2
  0
TEXT
  5
16D
330
17
100
AcDbEntity
  8
0
 62
5
100
AcDbText
 10
470106.57
 20
4349732.63
 30
0.0
 40
0.1333
  1
1.35
  7
CN_TTF
 11
470106.57
 21
4349732.63
 31
0.0
100
AcDbText
  0
LWPOLYLINE
  5
16E
330
17
100
AcDbEntity
  8
爆区方格网
 62
5
100
AcDbPolyline
 90
7
 70
1
 10
470107.23
 20
4349733.2
 10
470106.23
 20
4349733.2
 10
470106.23
 20
4349734.2
 10
470107.09947447234
 20
4349734.2
 10
470107.2216695602
 20
4349734.159632196
 10
470107.23
 20
4349734.15641879
 10
470107.23
 20
4349733.2
  0
TEXT
  5
16F
330
17
100
AcDbEntity
  8
0
 62
5
100
AcDbText
 10
470106.57
 20
4349733.608209395
 30
0.0
 40
0.1333
  1
1.35
  7
CN_TTF
 11
470106.57
 21
4349733.608209395
 31
0.0
100
AcDbText
  0
LWPOLYLINE
  5
170
330
17
100
AcDbEntity
  8
爆区方格网
 62
5
100
AcDbPolyline
 90
5
 70
1
 10
470107.23
 20
4349729.2
 10
470107.23
 20
4349730.2
 10
470108.23
 20
4349730.2
 10
470108.23
 20
4349729.2
 10
470107.23
 20
4349729.2
  0
TEXT
  5
171
330
17
100
AcDbEntity
  8
0
 62
5
100
AcDbText
 10
470107.57
 20
4349729.63
 30
0.0
 40
0.1333
  1
1.35
  7
CN_TTF
 11
470107.57
 21
4349729.63
 31
0.0
100
AcDbText
  0
LWPOLYLINE
  5
172
330
17
100
AcDbEntity
  8
爆区方格网
 62
5
100
AcDbPolyline
 90
5
 70
1
 10
470107.23
 20
4349730.2
 10
470107.23
 20
4349731.2
 10
470108.23
 20
4349731.2
 10
470108.23
 20
4349730.2
 10
470107.23
 20
4349730.2
  0
TEXT
  5
173
330
17
100
AcDbEntity
  8
0
 62
5
100
AcDbText
 10
470107.57
 20
4349730.63
 30
0.0
 40
0.1333
  1
1.35
  7
CN_TTF
 11
470107.57
 21
4349730.63
 31
0.0
100
AcDbText
  0
LWPOLYLINE
  5
174
330
17
100
AcDbEntity
  8
爆区方格网
 62
5
100
AcDbPolyline
 90
5
 70
1
 10
470107.23
 20
4349731.2
 10
470107.23
 20
4349732.2
 10
470108.23
 20
4349732.2
 10
470108.23
 20
4349731.2
 10
470107.23
 20
4349731.2
  0
TEXT
  5
175
330
17
100
AcDbEntity
  8
0
 62
5
100
AcDbText
 10
470107.57
 20
4349731.63
 30
0.0
 40
0.1333
  1
1.35
  7
CN_TTF
 11
470107.57
 21
4349731.63
 31
0.0
100
AcDbText
  0
LWPOLYLINE
  5
176
330
17
100
AcDbEntity
  8
爆区方格网
 62
5
100
AcDbPolyline
 90
5
 70
1
 10
470107.23
 20
4349732.2
 10
470107.23
 20
4349733.2
 10
470108.23
 20
4349733.2
 10
470108.23
 20
4349732.2
 10
470107.23
 20
4349732.2
  0
TEXT
  5
177
330
17
100
AcDbEntity
  8
0
 62
5
100
AcDbText
 10
470107.57
 20
4349732.63
 30
0.0
 40
0.1333
  1
1.35
  7
CN_TTF
 11
470107.57
 21
4349732.63
 31
0.0
100
AcDbText
  0
LWPOLYLINE
  5
178
330
17
100
AcDbEntity
  8
爆区方格网
 62
5
100
AcDbPolyline
 90
13
 70
1
 10
470108.23
 20
4349733.2
 10
470107.23
 20
4349733.2
 10
470107.23
 20
4349734.15641879
 10
470107.3590502971
 20
4349734.106638597
 10
470107.4936652803
 20
4349734.046967879
 10
470107.62519021047
 20
4349733.980763793
 10
470107.7533082326
 20
4349733.90818583
 10
470107.87771069905
 20
4349733.829408837
 10
470107.9980979135
 20
4349733.744622595
 10
470108.1141798525
 20
4349733.65403136
 10
470108.22567686456
 20
4349733.5578533765
 10
470108.23
 20
4349733.553737409
 10
470108.23
 20
4349733.2
  0
TEXT
  5
179
330
17
100
AcDbEntity
  8
0
 62
5
100
AcDbText
 10
470107.4830694415
 20
4349733.629326977
 30
0.0
 40
0.1333
  1
1.35
  7
CN_TTF
 11
470107.4830694415
 21
4349733.629326977
 31
0.0
100
AcDbText
  0
LWPOLYLINE
  5
17A
330
17
100
AcDbEntity
  8
爆区方格网
 62
5
100
AcDbPolyline
 90
12
 70
1
 10
470108.23
 20
4349730.2
 10
470108.23
 20
4349731.2
 10
470109.20768593607
 20
4349731.2
 10
470109.20738636865
 20
4349731.187796977
 10
470109.19655418
 20
4349731.040948579
 10
470109.1785295299
 20
4349730.894808576
 10
470109.15335584123
 20
4349730.749729034
 10
470109.1210937596
 20
4349730.60605946
 10
470109.0818210072
 20
4349730.464145968
 10
470109.03563219553
 20
4349730.32433044
 10
470108.9876726527
 20
4349730.2
 10
470108.23
 20
4349730.2
  0
TEXT
  5
17B
330
17
100
AcDbEntity
  8
0
 62
5
100
AcDbText
 10
470108.5236124002
 20
4349730.6078942465
 30
0.0
 40
0.1333
  1
1.35
  7
CN_TTF
 11
470108.5236124002
 21
4349730.6078942465
 31
0.0
100
AcDbText
  0
LWPOLYLINE
  5
17C
330
17
100
AcDbEntity
  8
爆区方格网
 62
5
100
AcDbPolyline
 90
11
 70
1
 10
470108.23
 20
4349731.2
 10
470108.23
 20
4349732.2
 10
470109.083441036
 20
4349732.2
 10
470109.1210937596
 20
4349732.06394054
 10
470109.15335584123
 20
4349731.920270966
 10
470109.1785295299
 20
4349731.7751914235
 10
470109.19655418
 20
4349731.629051421
 10
470109.20738636865
 20
4349731.482203023
 10
470109.211
 20
4349731.335
 10
470109.20768593607
 20
4349731.2
 10
470108.23
 20
4349731.2
  0
TEXT
  5
17D
330
17
100
AcDbEntity
  8
0
 62
5
100
AcDbText
 10
470108.54877092753
 20
4349731.632121421
 30
0.0
 40
0.1333
  1
1.35
  7
CN_TTF
 11
470108.54877092753
 21
4349731.632121421
 31
0.0
100
AcDbText
  0
LWPOLYLINE
  5
17E
330
17
100
AcDbEntity
  8
爆区方格网
 62
5
100
AcDbPolyline
 90
13
 70
1
 10
470108.23
 20
4349732.2
 10
470108.23
 20
4349733.2
 10
470108.5598272091
 20
4349733.2
 10
470108.62062259443
 20
4349733.122097913
 10
470108.7054088369
 20
4349733.001710699
 10
470108.78418583004
 20
4349732.877308233
 10
470108.85676379304
 20
4349732.74919021
 10
470108.9229678794
 20
4349732.617665281
 10
470108.98263859755
 20
4349732.483050297
 10
470109.03563219553
 20
4349732.34566956
 10
470109.0818210072
 20
4349732.205854032
 10
470109.083441036
 20
4349732.2
 10
470108.23
 20
4349732.2
  0
TEXT
  5
17F
330
17
100
AcDbEntity
  8
0
 62
5
100
AcDbText
 10
470108.39993291814
 20
4349732.613427745
 30
0.0
 40
0.1333
  1
1.35
  7
CN_TTF
 11
470108.39993291814
 21
4349732.613427745
 31
0.0
100
AcDbText
  0
LWPOLYLINE
  5
180
330
17
100
AcDbEntity
  8
爆区方格网
 62
4
100
AcDbPolyline
 90
10
 70
1
 10
470099.23
 20
4349750.2
 10
470100.23
 20
4349750.2
 10
470100.23
 20
4349749.2
 10
470099.4972585397
 20
4349749.2
 10
470099.43018862454
 20
4349749.23741285
 10
470099.41481417
 20
4349749.261691767
 10
470099.342236207
 20
4349749.389809789
 10
470099.27603212063
 20
4349749.521334719
 10
470099.23
 20
4349749.625181519
 10
470099.23
 20
4349750.2
  0
TEXT
  5
181
330
17
100
AcDbEntity
  8
0
 62
4
100
AcDbText
 10
470099.57
 20
4349749.8425907595
 30
0.0
 40
0.1333
  1
0.51
  7
CN_TTF
 11
470099.57
 21
4349749.8425907595
 31
0.0
100
AcDbText
  0
LWPOLYLINE
  5
182
330
17
100
AcDbEntity
  8
爆区方格网
 62
4
100
AcDbPolyline
 90
5
 70
1
 10
470099.23
 20
4349750.2
 10
470099.23
 20
4349751.2
 10
470100.23
 20
4349751.2
 10
470100.23
 20
4349750.2
 10
470099.23
 20
4349750.2
  0
TEXT
  5
183
330
17
100
AcDbEntity
  8
0
 62
4
100
AcDbText
 10
470099.57
 20
4349750.63
 30
0.0
 40
0.1333
  1
0.51
  7
CN_TTF
 11
470099.57
 21
4349750.63
 31
0.0
100
AcDbText
  0
LWPOLYLINE
  5
184
330
17
100
AcDbEntity
  8
爆区方格网
 62
4
100
AcDbPolyline
 90
6
 70
1
 10
470100.23
 20
4349752.2
 10
470100.23
 20
4349751.2
 10
470099.23
 20
4349751.2
 10
470099.23
 20
4349751.586696606
 10
470099.63358800387
 20
4349752.2
 10
470100.23
 20
4349752.2
  0
TEXT
  5
185
330
17
100
AcDbEntity
  8
0
 62
4
100
AcDbText
 10
470099.6708970008
 20
4349751.823348302
 30
0.0
 40
0.1333
  1
0.51
  7
CN_TTF
 11
470099.6708970008
 21
4349751.823348302
 31
0.0
100
AcDbText
  0
LWPOLYLINE
  5
186
330
17
100
AcDbEntity
  8
爆区方格网
 62
4
100
AcDbPolyline
 90
5
 70
1
 10
470100.23
 20
4349749.2
 10
470101.23
 20
4349749.2
 10
470101.23
 20
4349748.233444481
 10
470100.23
 20
4349748.791263141
 10
470100.23
 20
4349749.2
  0
TEXT
  5
187
330
17
100
AcDbEntity
  8
0
 62
4
100
AcDbText
 10
470100.8199999996
 20
4349748.442353811
 30
0.0
 40
0.1333
  1
0.51
  7
CN_TTF
 11
470100.8199999996
 21
4349748.442353811
 31
0.0
100
AcDbText
  0
LWPOLYLINE
  5
188
330
17
100
AcDbEntity
  8
爆区方格网
 62
4
100
AcDbPolyline
 90
5
 70
1
 10
470100.23
 20
4349749.2
 10
470100.23
 20
4349750.2
 10
470101.23
 20
4349750.2
 10
470101.23
 20
4349749.2
 10
470100.23
 20
4349749.2
  0
TEXT
  5
189
330
17
100
AcDbEntity
  8
0
 62
4
100
AcDbText
 10
470100.57
 20
4349749.63
 30
0.0
 40
0.1333
  1
0.51
  7
CN_TTF
 11
470100.57
 21
4349749.63
 31
0.0
100
AcDbText
  0
LWPOLYLINE
  5
18A
330
17
100
AcDbEntity
  8
爆区方格网
 62
4
100
AcDbPolyline
 90
5
 70
1
 10
470100.23
 20
4349750.2
 10
470100.23
 20
4349751.2
 10
470101.23
 20
4349751.2
 10
470101.23
 20
4349750.2
 10
470100.23
 20
4349750.2
  0
TEXT
  5
18B
330
17
100
AcDbEntity
  8
0
 62
4
100
AcDbText
 10
470100.57
 20
4349750.63
 30
0.0
 40
0.1333
  1
0.51
  7
CN_TTF
 11
470100.57
 21
4349750.63
 31
0.0
100
AcDbText
  0
LWPOLYLINE
  5
18C
330
17
100
AcDbEntity
  8
爆区方格网
 62
4
100
AcDbPolyline
 90
5
 70
1
 10
470100.23
 20
4349751.2
 10
470100.23
 20
4349752.2
 10
470101.23
 20
4349752.2
 10
470101.23
 20
4349751.2
 10
470100.23
 20
4349751.2
  0
TEXT
  5
18D
330
17
100
AcDbEntity
  8
0
 62
4
100
AcDbText
 10
470100.57
 20
4349751.63
 30
0.0
 40
0.1333
  1
0.51
  7
CN_TTF
 11
470100.57
 21
4349751.63
 31
0.0
100
AcDbText
  0
LWPOLYLINE
  5
18E
330
17
100
AcDbEntity
  8
爆区方格网
 62
4
100
AcDbPolyline
 90
6
 70
1
 10
470101.23
 20
4349753.2
 10
470101.23
 20
4349752.2
 10
470100.23
 20
4349752.2
 10
470100.23
 20
4349753.106324019
 10
470100.2916440457
 20
4349753.2
 10
470101.23
 20
4349753.2
  0
TEXT
  5
18F
330
17
100
AcDbEntity
  8
0
 62
4
100
AcDbText
 10
470100.57
 20
4349752.58316201
 30
0.0
 40
0.1333
  1
0.51
  7
CN_TTF
 11
470100.57
 21
4349752.58316201
 31
0.0
100
AcDbText
  0
LWPOLYLINE
  5
190
330
17
100
AcDbEntity
  8
爆区方格网
 62
4
100
AcDbPolyline
 90
9
 70
1
 10
470102.23
 20
4349737.2
 10
470102.23
 20
4349736.2
 10
470101.2726595661
 20
4349736.2
 10
470101.27044582
 20
4349736.217948579
 10
470101.25961363135
 20
4349736.3647969775
 10
470101.256
 20
4349736.512
 10
470101.259594627
 20
4349736.658428873
 10
470101.81894550245
 20
4349737.2
 10
470102.23
 20
4349737.2
  0
TEXT
  5
191
330
17
100
AcDbEntity
  8
0
 62
4
100
AcDbText
 10
470101.7246350324
 20
4349736.859214436
 30
0.0
 40
0.1333
  1
0.87
  7
CN_TTF
 11
470101.7246350324
 21
4349736.859214436
 31
0.0
100
AcDbText
  0
LWPOLYLINE
  5
192
330
17
100
AcDbEntity
  8
爆区方格网
 62
4
100
AcDbPolyline
 90
8
 70
1
 10
470101.23
 20
4349743.2
 10
470102.23
 20
4349743.2
 10
470102.23
 20
4349742.2
 10
470102.06857347896
 20
4349742.2
 10
470101.2694167612
 20
4349742.656735893
 10
470101.24981416995
 20
4349742.687691768
 10
470101.23
 20
4349742.722668669
 10
470101.23
 20
4349743.2
  0
TEXT
  5
193
330
17
100
AcDbEntity
  8
0
 62
4
100
AcDbText
 10
470101.5749535425
 20
4349742.635180218
 30
0.0
 40
0.1333
  1
0.71
  7
CN_TTF
 11
470101.5749535425
 21
4349742.635180218
 31
0.0
100
AcDbText
  0
LWPOLYLINE
  5
194
330
17
100
AcDbEntity
  8
爆区方格网
 62
4
100
AcDbPolyline
 90
5
 70
1
 10
470101.23
 20
4349743.2
 10
470101.23
 20
4349744.2
 10
470102.23
 20
4349744.2
 10
470102.23
 20
4349743.2
 10
470101.23
 20
4349743.2
  0
TEXT
  5
195
330
17
100
AcDbEntity
  8
0
 62
4
100
AcDbText
 10
470101.57
 20
4349743.63
 30
0.0
 40
0.1333
  1
0.71
  7
CN_TTF
 11
470101.57
 21
4349743.63
 31
0.0
100
AcDbText
  0
LWPOLYLINE
  5
196
330
17
100
AcDbEntity
  8
爆区方格网
 62
4
100
AcDbPolyline
 90
6
 70
1
 10
470102.23
 20
4349745.2
 10
470102.23
 20
4349744.2
 10
470101.23
 20
4349744.2
 10
470101.23
 20
4349744.356727092
 10
470101.61641989957
 20
4349745.2
 10
470102.23
 20
4349745.2
  0
TEXT
  5
197
330
17
100
AcDbEntity
  8
0
 62
4
100
AcDbText
 10
470101.666604975
 20
4349744.708363546
 30
0.0
 40
0.1333
  1
0.71
  7
CN_TTF
 11
470101.666604975
 21
4349744.708363546
 31
0.0
100
AcDbText
  0
LWPOLYLINE
  5
198
330
17
100
AcDbEntity
  8
爆区方格网
 62
4
100
AcDbPolyline
 90
6
 70
1
 10
470101.23
 20
4349749.2
 10
470102.23
 20
4349749.2
 10
470102.23
 20
4349748.2
 10
470101.28995583067
 20
4349748.2
 10
470101.23
 20
4349748.233444481
 10
470101.23
 20
4349749.2
  0
TEXT
  5
199
330
17
100
AcDbEntity
  8
0
 62
4
100
AcDbText
 10
470101.57
 20
4349748.64672224
 30
0.0
 40
0.1333
  1
0.51
  7
CN_TTF
 11
470101.57
 21
4349748.64672224
 31
0.0
100
AcDbText
  0
LWPOLYLINE
  5
19A
330
17
100
AcDbEntity
  8
爆区方格网
 62
4
100
AcDbPolyline
 90
5
 70
1
 10
470101.23
 20
4349749.2
 10
470101.23
 20
4349750.2
 10
470102.23
 20
4349750.2
 10
470102.23
 20
4349749.2
 10
470101.23
 20
4349749.2
  0
TEXT
  5
19B
330
17
100
AcDbEntity
  8
0
 62
4
100
AcDbText
 10
470101.57
 20
4349749.63
 30
0.0
 40
0.1333
  1
0.51
  7
CN_TTF
 11
470101.57
 21
4349749.63
 31
0.0
100
AcDbText
  0
LWPOLYLINE
  5
19C
330
17
100
AcDbEntity
  8
爆区方格网
 62
4
100
AcDbPolyline
 90
5
 70
1
 10
470101.23
 20
4349750.2
 10
470101.23
 20
4349751.2
 10
470102.23
 20
4349751.2
 10
470102.23
 20
4349750.2
 10
470101.23
 20
4349750.2
  0
TEXT
  5
19D
330
17
100
AcDbEntity
  8
0
 62
4
100
AcDbText
 10
470101.57
 20
4349750.63
 30
0.0
 40
0.1333
  1
0.51
  7
CN_TTF
 11
470101.57
 21
4349750.63
 31
0.0
100
AcDbText
  0
LWPOLYLINE
  5
19E
330
17
100
AcDbEntity
  8
爆区方格网
 62
4
100
AcDbPolyline
 90
5
 70
1
 10
470101.23
 20
4349751.2
 10
470101.23
 20
4349752.2
 10
470102.23
 20
4349752.2
 10
470102.23
 20
4349751.2
 10
470101.23
 20
4349751.2
  0
TEXT
  5
19F
330
17
100
AcDbEntity
  8
0
 62
4
100
AcDbText
 10
470101.57
 20
4349751.63
 30
0.0
 40
0.1333
  1
0.51
  7
CN_TTF
 11
470101.57
 21
4349751.63
 31
0.0
100
AcDbText
  0
LWPOLYLINE
  5
1A0
330
17
100
AcDbEntity
  8
爆区方格网
 62
4
100
AcDbPolyline
 90
5
 70
1
 10
470101.23
 20
4349752.2
 10
470101.23
 20
4349753.2
 10
470102.23
 20
4349753.2
 10
470102.23
 20
4349752.2
 10
470101.23
 20
4349752.2
  0
TEXT
  5
1A1
330
17
100
AcDbEntity
  8
0
 62
4
100
AcDbText
 10
470101.57
 20
4349752.63
 30
0.0
 40
0.1333
  1
0.51
  7
CN_TTF
 11
470101.57
 21
4349752.63
 31
0.0
100
AcDbText
  0
LWPOLYLINE
  5
1A2
330
17
100
AcDbEntity
  8
爆区方格网
 62
4
100
AcDbPolyline
 90
12
 70
1
 10
470102.23
 20
4349753.2
 10
470101.23
 20
4349753.2
 10
470101.23
 20
4349753.706051923
 10
470101.2590594603
 20
4349753.714093759
 10
470101.40272903396
 20
4349753.746355841
 10
470101.54780857667
 20
4349753.771529529
 10
470101.693948579
 20
4349753.78955418
 10
470101.84079697705
 20
4349753.800386368
 10
470101.988
 20
4349753.804
 10
470102.135203023
 20
4349753.800386368
 10
470102.23
 20
4349753.793393723
 10
470102.23
 20
4349753.2
  0
TEXT
  5
1A3
330
17
100
AcDbEntity
  8
0
 62
4
100
AcDbText
 10
470101.57
 20
4349753.383025961
 30
0.0
 40
0.1333
  1
0.51
  7
CN_TTF
 11
470101.57
 21
4349753.383025961
 31
0.0
100
AcDbText
  0
LWPOLYLINE
  5
1A4
330
17
100
AcDbEntity
  8
爆区方格网
 62
4
100
AcDbPolyline
 90
5
 70
1
 10
470102.23
 20
4349736.2
 10
470103.23
 20
4349736.2
 10
470103.23
 20
4349735.316868983
 10
470102.23
 20
4349735.633553746
 10
470102.23
 20
4349736.2
  0
TEXT
  5
1A5
330
17
100
AcDbEntity
  8
0
 62
4
100
AcDbText
 10
470102.57
 20
4349735.846776873
 30
0.0
 40
0.1333
  1
0.87
  7
CN_TTF
 11
470102.57
 21
4349735.846776873
 31
0.0
100
AcDbText
  0
LWPOLYLINE
  5
1A6
330
17
100
AcDbEntity
  8
爆区方格网
 62
4
100
AcDbPolyline
 90
5
 70
1
 10
470102.23
 20
4349736.2
 10
470102.23
 20
4349737.2
 10
470103.23
 20
4349737.2
 10
470103.23
 20
4349736.2
 10
470102.23
 20
4349736.2
  0
TEXT
  5
1A7
330
17
100
AcDbEntity
  8
0
 62
4
100
AcDbText
 10
470102.57
 20
4349736.63
 30
0.0
 40
0.1333
  1
0.87
  7
CN_TTF
 11
470102.57
 21
4349736.63
 31
0.0
100
AcDbText
  0
LWPOLYLINE
  5
1A8
330
17
100
AcDbEntity
  8
爆区方格网
 62
4
100
AcDbPolyline
 90
6
 70
1
 10
470103.23
 20
4349738.2
 10
470103.23
 20
4349737.2
 10
470102.23
 20
4349737.2
 10
470102.23
 20
4349737.597988557
 10
470102.85177544353
 20
4349738.2
 10
470103.23
 20
4349738.2
  0
TEXT
  5
1A9
330
17
100
AcDbEntity
  8
0
 62
4
100
AcDbText
 10
470102.7254438607
 20
4349737.828994278
 30
0.0
 40
0.1333
  1
0.87
  7
CN_TTF
 11
470102.7254438607
 21
4349737.828994278
 31
0.0
100
AcDbText
  0
LWPOLYLINE
  5
1AA
330
17
100
AcDbEntity
  8
爆区方格网
 62
4
100
AcDbPolyline
 90
5
 70
1
 10
470102.23
 20
4349742.2
 10
470102.23
 20
4349743.2
 10
470103.23
 20
4349743.2
 10
470103.23
 20
4349742.2
 10
470102.23
 20
4349742.2
  0
TEXT
  5
1AB
330
17
100
AcDbEntity
  8
0
 62
4
100
AcDbText
 10
470102.57
 20
4349742.63
 30
0.0
 40
0.1333
  1
0.71
  7
CN_TTF
 11
470102.57
 21
4349742.63
 31
0.0
100
AcDbText
  0
LWPOLYLINE
  5
1AC
330
17
100
AcDbEntity
  8
爆区方格网
 62
4
100
AcDbPolyline
 90
5
 70
1
 10
470102.23
 20
4349743.2
 10
470102.23
 20
4349744.2
 10
470103.23
 20
4349744.2
 10
470103.23
 20
4349743.2
 10
470102.23
 20
4349743.2
  0
TEXT
  5
1AD
330
17
100
AcDbEntity
  8
0
 62
4
100
AcDbText
 10
470102.57
 20
4349743.63
 30
0.0
 40
0.1333
  1
0.71
  7
CN_TTF
 11
470102.57
 21
4349743.63
 31
0.0
100
AcDbText
  0
LWPOLYLINE
  5
1AE
330
17
100
AcDbEntity
  8
爆区方格网
 62
4
100
AcDbPolyline
 90
5
 70
1
 10
470102.23
 20
4349744.2
 10
470102.23
 20
4349745.2
 10
470103.23
 20
4349745.2
 10
470103.23
 20
4349744.2
 10
470102.23
 20
4349744.2
  0
TEXT
  5
1AF
330
17
100
AcDbEntity
  8
0
 62
4
100
AcDbText
 10
470102.57
 20
4349744.63
 30
0.0
 40
0.1333
  1
0.71
  7
CN_TTF
 11
470102.57
 21
4349744.63
 31
0.0
100
AcDbText
  0
LWPOLYLINE
  5
1B0
330
17
100
AcDbEntity
  8
爆区方格网
 62
4
100
AcDbPolyline
 90
5
 70
1
 10
470102.23
 20
4349745.2
 10
470102.23
 20
4349746.2
 10
470103.23
 20
4349746.2
 10
470103.23
 20
4349745.2
 10
470102.23
 20
4349745.2
  0
TEXT
  5
1B1
330
17
100
AcDbEntity
  8
0
 62
4
100
AcDbText
 10
470102.57
 20
4349745.63
 30
0.0
 40
0.1333
  1
0.71
  7
CN_TTF
 11
470102.57
 21
4349745.63
 31
0.0
100
AcDbText
  0
LWPOLYLINE
  5
1B2
330
17
100
AcDbEntity
  8
爆区方格网
 62
4
100
AcDbPolyline
 90
12
 70
1
 10
470103.23
 20
4349746.2
 10
470102.23
 20
4349746.2
 10
470102.23
 20
4349746.538998009
 10
470102.37573246
 20
4349746.857025717
 10
470102.4088097895
 20
4349746.8757637935
 10
470102.5403347197
 20
4349746.941967879
 10
470102.67494970286
 20
4349747.001638598
 10
470102.8123304398
 20
4349747.054632196
 10
470102.9521459682
 20
4349747.100821008
 10
470103.0940594603
 20
4349747.14009376
 10
470103.23
 20
4349747.170620229
 10
470103.23
 20
4349746.2
  0
TEXT
  5
1B3
330
17
100
AcDbEntity
  8
0
 62
4
100
AcDbText
 10
470102.606433115
 20
4349746.628011863
 30
0.0
 40
0.1333
  1
0.71
  7
CN_TTF
 11
470102.606433115
 21
4349746.628011863
 31
0.0
100
AcDbText
  0
LWPOLYLINE
  5
1B4
330
17
100
AcDbEntity
  8
爆区方格网
 62
4
100
AcDbPolyline
 90
5
 70
1
 10
470102.23
 20
4349748.2
 10
470102.23
 20
4349749.2
 10
470103.23
 20
4349749.2
 10
470103.23
 20
4349748.2
 10
470102.23
 20
4349748.2
  0
TEXT
  5
1B5
330
17
100
AcDbEntity
  8
0
 62
4
100
AcDbText
 10
470102.57
 20
4349748.63
 30
0.0
 40
0.1333
  1
0.51
  7
CN_TTF
 11
470102.57
 21
4349748.63
 31
0.0
100
AcDbText
  0
LWPOLYLINE
  5
1B6
330
17
100
AcDbEntity
  8
爆区方格网
 62
4
100
AcDbPolyline
 90
5
 70
1
 10
470102.23
 20
4349749.2
 10
470102.23
 20
4349750.2
 10
470103.23
 20
4349750.2
 10
470103.23
 20
4349749.2
 10
470102.23
 20
4349749.2
  0
TEXT
  5
1B7
330
17
100
AcDbEntity
  8
0
 62
4
100
AcDbText
 10
470102.57
 20
4349749.63
 30
0.0
 40
0.1333
  1
0.51
  7
CN_TTF
 11
470102.57
 21
4349749.63
 31
0.0
100
AcDbText
  0
LWPOLYLINE
  5
1B8
330
17
100
AcDbEntity
  8
爆区方格网
 62
4
100
AcDbPolyline
 90
5
 70
1
 10
470102.23
 20
4349750.2
 10
470102.23
 20
4349751.2
 10
470103.23
 20
4349751.2
 10
470103.23
 20
4349750.2
 10
470102.23
 20
4349750.2
  0
TEXT
  5
1B9
330
17
100
AcDbEntity
  8
0
 62
4
100
AcDbText
 10
470102.57
 20
4349750.63
 30
0.0
 40
0.1333
  1
0.51
  7
CN_TTF
 11
470102.57
 21
4349750.63
 31
0.0
100
AcDbText
  0
LWPOLYLINE
  5
1BA
330
17
100
AcDbEntity
  8
爆区方格网
 62
4
100
AcDbPolyline
 90
5
 70
1
 10
470102.23
 20
4349751.2
 10
470102.23
 20
4349752.2
 10
470103.23
 20
4349752.2
 10
470103.23
 20
4349751.2
 10
470102.23
 20
4349751.2
  0
TEXT
  5
1BB
330
17
100
AcDbEntity
  8
0
 62
4
100
AcDbText
 10
470102.57
 20
4349751.63
 30
0.0
 40
0.1333
  1
0.51
  7
CN_TTF
 11
470102.57
 21
4349751.63
 31
0.0
100
AcDbText
  0
LWPOLYLINE
  5
1BC
330
17
100
AcDbEntity
  8
爆区方格网
 62
4
100
AcDbPolyline
 90
5
 70
1
 10
470102.23
 20
4349752.2
 10
470102.23
 20
4349753.2
 10
470103.23
 20
4349753.2
 10
470103.23
 20
4349752.2
 10
470102.23
 20
4349752.2
  0
TEXT
  5
1BD
330
17
100
AcDbEntity
  8
0
 62
4
100
AcDbText
 10
470102.57
 20
4349752.63
 30
0.0
 40
0.1333
  1
0.51
  7
CN_TTF
 11
470102.57
 21
4349752.63
 31
0.0
100
AcDbText
  0
LWPOLYLINE
  5
1BE
330
17
100
AcDbEntity
  8
爆区方格网
 62
4
100
AcDbPolyline
 90
12
 70
1
 10
470103.23
 20
4349753.2
 10
470102.23
 20
4349753.2
 10
470102.23
 20
4349753.793393723
 10
470102.282051421
 20
4349753.78955418
 10
470102.42819142336
 20
4349753.771529529
 10
470102.57327096607
 20
4349753.746355841
 10
470102.7169405397
 20
4349753.714093759
 10
470102.8588540318
 20
4349753.674821007
 10
470102.9986695602
 20
4349753.628632195
 10
470103.111913372
 20
4349753.584949236
 10
470103.23
 20
4349753.510743599
 10
470103.23
 20
4349753.2
  0
TEXT
  5
1BF
330
17
100
AcDbEntity
  8
0
 62
4
100
AcDbText
 10
470102.57
 20
4349753.285371799
 30
0.0
 40
0.1333
  1
0.51
  7
CN_TTF
 11
470102.57
 21
4349753.285371799
 31
0.0
100
AcDbText
  0
LWPOLYLINE
  5
1C0
330
17
100
AcDbEntity
  8
爆区方格网
 62
4
100
AcDbPolyline
 90
6
 70
1
 10
470103.23
 20
4349736.2
 10
470104.23
 20
4349736.2
 10
470104.23
 20
4349735.2
 10
470103.59903885704
 20
4349735.2
 10
470103.23
 20
4349735.316868983
 10
470103.23
 20
4349736.2
  0
TEXT
  5
1C1
330
17
100
AcDbEntity
  8
0
 62
4
100
AcDbText
 10
470103.57
 20
4349735.688434491
 30
0.0
 40
0.1333
  1
0.87
  7
CN_TTF
 11
470103.57
 21
4349735.688434491
 31
0.0
100
AcDbText
  0
LWPOLYLINE
  5
1C2
330
17
100
AcDbEntity
  8
爆区方格网
 62
4
100
AcDbPolyline
 90
5
 70
1
 10
470103.23
 20
4349736.2
 10
470103.23
 20
4349737.2
 10
470104.23
 20
4349737.2
 10
470104.23
 20
4349736.2
 10
470103.23
 20
4349736.2
  0
TEXT
  5
1C3
330
17
100
AcDbEntity
  8
0
 62
4
100
AcDbText
 10
470103.57
 20
4349736.63
 30
0.0
 40
0.1333
  1
0.87
  7
CN_TTF
 11
470103.57
 21
4349736.63
 31
0.0
100
AcDbText
  0
LWPOLYLINE
  5
1C4
330
17
100
AcDbEntity
  8
爆区方格网
 62
4
100
AcDbPolyline
 90
5
 70
1
 10
470103.23
 20
4349737.2
 10
470103.23
 20
4349738.2
 10
470104.23
 20
4349738.2
 10
470104.23
 20
4349737.2
 10
470103.23
 20
4349737.2
  0
TEXT
  5
1C5
330
17
100
AcDbEntity
  8
0
 62
4
100
AcDbText
 10
470103.57
 20
4349737.63
 30
0.0
 40
0.1333
  1
0.87
  7
CN_TTF
 11
470103.57
 21
4349737.63
 31
0.0
100
AcDbText
  0
LWPOLYLINE
  5
1C6
330
17
100
AcDbEntity
  8
爆区方格网
 62
4
100
AcDbPolyline
 90
6
 70
1
 10
470104.23
 20
4349739.2
 10
470104.23
 20
4349738.2
 10
470103.23
 20
4349738.2
 10
470103.23
 20
4349738.566202161
 10
470103.8846053846
 20
4349739.2
 10
470104.23
 20
4349739.2
  0
TEXT
  5
1C7
330
17
100
AcDbEntity
  8
0
 62
4
100
AcDbText
 10
470103.7336513462
 20
4349738.81310108
 30
0.0
 40
0.1333
  1
0.87
  7
CN_TTF
 11
470103.7336513462
 21
4349738.81310108
 31
0.0
100
AcDbText
  0
LWPOLYLINE
  5
1C8
330
17
100
AcDbEntity
  8
爆区方格网
 62
4
100
AcDbPolyline
 90
9
 70
1
 10
470103.23
 20
4349742.2
 10
470104.23
 20
4349742.2
 10
470104.23
 20
4349741.258376699
 10
470104.11705142097
 20
4349741.24444582
 10
470103.97020302294
 20
4349741.233613632
 10
470103.823
 20
4349741.23
 10
470103.7632276592
 20
4349741.231467329
 10
470103.23
 20
4349741.536218832
 10
470103.23
 20
4349742.2
  0
TEXT
  5
1C9
330
17
100
AcDbEntity
  8
0
 62
4
100
AcDbText
 10
470103.57
 20
4349741.798109416
 30
0.0
 40
0.1333
  1
0.71
  7
CN_TTF
 11
470103.57
 21
4349741.798109416
 31
0.0
100
AcDbText
  0
LWPOLYLINE
  5
1CA
330
17
100
AcDbEntity
  8
爆区方格网
 62
4
100
AcDbPolyline
 90
5
 70
1
 10
470103.23
 20
4349742.2
 10
470103.23
 20
4349743.2
 10
470104.23
 20
4349743.2
 10
470104.23
 20
4349742.2
 10
470103.23
 20
4349742.2
  0
TEXT
  5
1CB
330
17
100
AcDbEntity
  8
0
 62
4
100
AcDbText
 10
470103.57
 20
4349742.63
 30
0.0
 40
0.1333
  1
0.71
  7
CN_TTF
 11
470103.57
 21
4349742.63
 31
0.0
100
AcDbText
  0
LWPOLYLINE
  5
1CC
330
17
100
AcDbEntity
  8
爆区方格网
 62
4
100
AcDbPolyline
 90
5
 70
1
 10
470103.23
 20
4349743.2
 10
470103.23
 20
4349744.2
 10
470104.23
 20
4349744.2
 10
470104.23
 20
4349743.2
 10
470103.23
 20
4349743.2
  0
TEXT
  5
1CD
330
17
100
AcDbEntity
  8
0
 62
4
100
AcDbText
 10
470103.57
 20
4349743.63
 30
0.0
 40
0.1333
  1
0.71
  7
CN_TTF
 11
470103.57
 21
4349743.63
 31
0.0
100
AcDbText
  0
LWPOLYLINE
  5
1CE
330
17
100
AcDbEntity
  8
爆区方格网
 62
4
100
AcDbPolyline
 90
5
 70
1
 10
470103.23
 20
4349744.2
 10
470103.23
 20
4349745.2
 10
470104.23
 20
4349745.2
 10
470104.23
 20
4349744.2
 10
470103.23
 20
4349744.2
  0
TEXT
  5
1CF
330
17
100
AcDbEntity
  8
0
 62
4
100
AcDbText
 10
470103.57
 20
4349744.63
 30
0.0
 40
0.1333
  1
0.71
  7
CN_TTF
 11
470103.57
 21
4349744.63
 31
0.0
100
AcDbText
  0
LWPOLYLINE
  5
1D0
330
17
100
AcDbEntity
  8
爆区方格网
 62
4
100
AcDbPolyline
 90
5
 70
1
 10
470103.23
 20
4349745.2
 10
470103.23
 20
4349746.2
 10
470104.23
 20
4349746.2
 10
470104.23
 20
4349745.2
 10
470103.23
 20
4349745.2
  0
TEXT
  5
1D1
330
17
100
AcDbEntity
  8
0
 62
4
100
AcDbText
 10
470103.57
 20
4349745.63
 30
0.0
 40
0.1333
  1
0.71
  7
CN_TTF
 11
470103.57
 21
4349745.63
 31
0.0
100
AcDbText
  0
LWPOLYLINE
  5
1D2
330
17
100
AcDbEntity
  8
爆区方格网
 62
4
100
AcDbPolyline
 90
8
 70
1
 10
470104.23
 20
4349747.2
 10
470104.23
 20
4349746.2
 10
470103.23
 20
4349746.2
 10
470103.23
 20
4349747.170620229
 10
470103.2377290339
 20
4349747.172355842
 10
470103.3828085766
 20
4349747.19752953
 10
470103.4028386182
 20
4349747.2
 10
470104.23
 20
4349747.2
  0
TEXT
  5
1D3
330
17
100
AcDbEntity
  8
0
 62
4
100
AcDbText
 10
470103.57
 20
4349746.615310114
 30
0.0
 40
0.1333
  1
0.71
  7
CN_TTF
 11
470103.57
 21
4349746.615310114
 31
0.0
100
AcDbText
  0
LWPOLYLINE
  5
1D4
330
17
100
AcDbEntity
  8
爆区方格网
 62
4
100
AcDbPolyline
 90
16
 70
1
 10
470103.23
 20
4349748.2
 10
470103.23
 20
4349749.2
 10
470104.23
 20
4349749.2
 10
470104.23
 20
4349748.214394623
 10
470104.2149686399
 20
4349748.2318201475
 10
470104.12437740556
 20
4349748.347902087
 10
470104.0395911631
 20
4349748.468289301
 10
470103.98028060986
 20
4349748.5619509
 10
470103.98026496614
 20
4349748.561844598
 10
470103.98025980644
 20
4349748.561809536
 10
470103.8911798525
 20
4349748.48496864
 10
470103.7750979135
 20
4349748.394377405
 10
470103.65471069905
 20
4349748.309591163
 10
470103.5303082326
 20
4349748.230814169
 10
470103.47591361695
 20
4349748.2
 10
470103.23
 20
4349748.2
  0
TEXT
  5
1D5
330
17
100
AcDbEntity
  8
0
 62
4
100
AcDbText
 10
470103.57
 20
4349748.810975449
 30
0.0
 40
0.1333
  1
0.51
  7
CN_TTF
 11
470103.57
 21
4349748.810975449
 31
0.0
100
AcDbText
  0
LWPOLYLINE
  5
1D6
330
17
100
AcDbEntity
  8
爆区方格网
 62
4
100
AcDbPolyline
 90
5
 70
1
 10
470103.23
 20
4349749.2
 10
470103.23
 20
4349750.2
 10
470104.23
 20
4349750.2
 10
470104.23
 20
4349749.2
 10
470103.23
 20
4349749.2
  0
TEXT
  5
1D7
330
17
100
AcDbEntity
  8
0
 62
4
100
AcDbText
 10
470103.57
 20
4349749.63
 30
0.0
 40
0.1333
  1
0.51
  7
CN_TTF
 11
470103.57
 21
4349749.63
 31
0.0
100
AcDbText
  0
LWPOLYLINE
  5
1D8
330
17
100
AcDbEntity
  8
爆区方格网
 62
4
100
AcDbPolyline
 90
5
 70
1
 10
470103.23
 20
4349750.2
 10
470103.23
 20
4349751.2
 10
470104.23
 20
4349751.2
 10
470104.23
 20
4349750.2
 10
470103.23
 20
4349750.2
  0
TEXT
  5
1D9
330
17
100
AcDbEntity
  8
0
 62
4
100
AcDbText
 10
470103.57
 20
4349750.63
 30
0.0
 40
0.1333
  1
0.51
  7
CN_TTF
 11
470103.57
 21
4349750.63
 31
0.0
100
AcDbText
  0
LWPOLYLINE
  5
1DA
330
17
100
AcDbEntity
  8
爆区方格网
 62
4
100
AcDbPolyline
 90
5
 70
1
 10
470103.23
 20
4349751.2
 10
470103.23
 20
4349752.2
 10
470104.23
 20
4349752.2
 10
470104.23
 20
4349751.2
 10
470103.23
 20
4349751.2
  0
TEXT
  5
1DB
330
17
100
AcDbEntity
  8
0
 62
4
100
AcDbText
 10
470103.57
 20
4349751.63
 30
0.0
 40
0.1333
  1
0.51
  7
CN_TTF
 11
470103.57
 21
4349751.63
 31
0.0
100
AcDbText
  0
LWPOLYLINE
  5
1DC
330
17
100
AcDbEntity
  8
爆区方格网
 62
4
100
AcDbPolyline
 90
9
 70
1
 10
470104.23
 20
4349752.2
 10
470103.23
 20
4349752.2
 10
470103.23
 20
4349753.2
 10
470103.72449968016
 20
4349753.2
 10
470104.0078051484
 20
4349753.021970844
 10
470104.1093203436
 20
4349752.925320343
 10
470104.2108533761
 20
4349752.818676864
 10
470104.23
 20
4349752.796480605
 10
470104.23
 20
4349752.2
  0
TEXT
  5
1DD
330
17
100
AcDbEntity
  8
0
 62
4
100
AcDbText
 10
470103.57
 20
4349752.428240303
 30
0.0
 40
0.1333
  1
0.51
  7
CN_TTF
 11
470103.57
 21
4349752.428240303
 31
0.0
100
AcDbText
  0
LWPOLYLINE
  5
1DE
330
17
100
AcDbEntity
  8
爆区方格网
 62
4
100
AcDbPolyline
 90
5
 70
1
 10
470104.23
 20
4349735.2
 10
470104.23
 20
4349736.2
 10
470105.23
 20
4349736.2
 10
470105.23
 20
4349735.2
 10
470104.23
 20
4349735.2
  0
TEXT
  5
1DF
330
17
100
AcDbEntity
  8
0
 62
4
100
AcDbText
 10
470104.57
 20
4349735.63
 30
0.0
 40
0.1333
  1
0.87
  7
CN_TTF
 11
470104.57
 21
4349735.63
 31
0.0
100
AcDbText
  0
LWPOLYLINE
  5
1E0
330
17
100
AcDbEntity
  8
爆区方格网
 62
4
100
AcDbPolyline
 90
5
 70
1
 10
470104.23
 20
4349736.2
 10
470104.23
 20
4349737.2
 10
470105.23
 20
4349737.2
 10
470105.23
 20
4349736.2
 10
470104.23
 20
4349736.2
  0
TEXT
  5
1E1
330
17
100
AcDbEntity
  8
0
 62
4
100
AcDbText
 10
470104.57
 20
4349736.63
 30
0.0
 40
0.1333
  1
0.87
  7
CN_TTF
 11
470104.57
 21
4349736.63
 31
0.0
100
AcDbText
  0
LWPOLYLINE
  5
1E2
330
17
100
AcDbEntity
  8
爆区方格网
 62
4
100
AcDbPolyline
 90
5
 70
1
 10
470104.23
 20
4349737.2
 10
470104.23
 20
4349738.2
 10
470105.23
 20
4349738.2
 10
470105.23
 20
4349737.2
 10
470104.23
 20
4349737.2
  0
TEXT
  5
1E3
330
17
100
AcDbEntity
  8
0
 62
4
100
AcDbText
 10
470104.57
 20
4349737.63
 30
0.0
 40
0.1333
  1
0.87
  7
CN_TTF
 11
470104.57
 21
4349737.63
 31
0.0
100
AcDbText
  0
LWPOLYLINE
  5
1E4
330
17
100
AcDbEntity
  8
爆区方格网
 62
4
100
AcDbPolyline
 90
5
 70
1
 10
470104.23
 20
4349738.2
 10
470104.23
 20
4349739.2
 10
470105.23
 20
4349739.2
 10
470105.23
 20
4349738.2
 10
470104.23
 20
4349738.2
  0
TEXT
  5
1E5
330
17
100
AcDbEntity
  8
0
 62
4
100
AcDbText
 10
470104.57
 20
4349738.63
 30
0.0
 40
0.1333
  1
0.87
  7
CN_TTF
 11
470104.57
 21
4349738.63
 31
0.0
100
AcDbText
  0
LWPOLYLINE
  5
1E6
330
17
100
AcDbEntity
  8
爆区方格网
 62
4
100
AcDbPolyline
 90
12
 70
1
 10
470104.23
 20
4349742.2
 10
470105.23
 20
4349742.2
 10
470105.23
 20
4349741.580616959
 10
470105.10566528025
 20
4349741.5180321215
 10
470104.9710502971
 20
4349741.458361403
 10
470104.83366956015
 20
4349741.405367805
 10
470104.69385403174
 20
4349741.359178993
 10
470104.5519405397
 20
4349741.319906241
 10
470104.408270966
 20
4349741.287644159
 10
470104.2631914233
 20
4349741.262470471
 10
470104.23
 20
4349741.258376699
 10
470104.23
 20
4349742.2
  0
TEXT
  5
1E7
330
17
100
AcDbEntity
  8
0
 62
4
100
AcDbText
 10
470104.57
 20
4349741.8203084795
 30
0.0
 40
0.1333
  1
0.71
  7
CN_TTF
 11
470104.57
 21
4349741.8203084795
 31
0.0
100
AcDbText
  0
LWPOLYLINE
  5
1E8
330
17
100
AcDbEntity
  8
爆区方格网
 62
4
100
AcDbPolyline
 90
5
 70
1
 10
470104.23
 20
4349742.2
 10
470104.23
 20
4349743.2
 10
470105.23
 20
4349743.2
 10
470105.23
 20
4349742.2
 10
470104.23
 20
4349742.2
  0
TEXT
  5
1E9
330
17
100
AcDbEntity
  8
0
 62
4
100
AcDbText
 10
470104.57
 20
4349742.63
 30
0.0
 40
0.1333
  1
0.71
  7
CN_TTF
 11
470104.57
 21
4349742.63
 31
0.0
100
AcDbText
  0
LWPOLYLINE
  5
1EA
330
17
100
AcDbEntity
  8
爆区方格网
 62
4
100
AcDbPolyline
 90
5
 70
1
 10
470104.23
 20
4349743.2
 10
470104.23
 20
4349744.2
 10
470105.23
 20
4349744.2
 10
470105.23
 20
4349743.2
 10
470104.23
 20
4349743.2
  0
TEXT
  5
1EB
330
17
100
AcDbEntity
  8
0
 62
4
100
AcDbText
 10
470104.57
 20
4349743.63
 30
0.0
 40
0.1333
  1
0.71
  7
CN_TTF
 11
470104.57
 21
4349743.63
 31
0.0
100
AcDbText
  0
LWPOLYLINE
  5
1EC
330
17
100
AcDbEntity
  8
爆区方格网
 62
4
100
AcDbPolyline
 90
5
 70
1
 10
470104.23
 20
4349744.2
 10
470104.23
 20
4349745.2
 10
470105.23
 20
4349745.2
 10
470105.23
 20
4349744.2
 10
470104.23
 20
4349744.2
  0
TEXT
  5
1ED
330
17
100
AcDbEntity
  8
0
 62
4
100
AcDbText
 10
470104.57
 20
4349744.63
 30
0.0
 40
0.1333
  1
0.71
  7
CN_TTF
 11
470104.57
 21
4349744.63
 31
0.0
100
AcDbText
  0
LWPOLYLINE
  5
1EE
330
17
100
AcDbEntity
  8
爆区方格网
 62
4
100
AcDbPolyline
 90
5
 70
1
 10
470104.23
 20
4349745.2
 10
470104.23
 20
4349746.2
 10
470105.23
 20
4349746.2
 10
470105.23
 20
4349745.2
 10
470104.23
 20
4349745.2
  0
TEXT
  5
1EF
330
17
100
AcDbEntity
  8
0
 62
4
100
AcDbText
 10
470104.57
 20
4349745.63
 30
0.0
 40
0.1333
  1
0.71
  7
CN_TTF
 11
470104.57
 21
4349745.63
 31
0.0
100
AcDbText
  0
LWPOLYLINE
  5
1F0
330
17
100
AcDbEntity
  8
爆区方格网
 62
4
100
AcDbPolyline
 90
13
 70
1
 10
470105.23
 20
4349746.2
 10
470104.23
 20
4349746.2
 10
470104.23
 20
4349747.2
 10
470104.24316138175
 20
4349747.2
 10
470104.2631914233
 20
4349747.19752953
 10
470104.408270966
 20
4349747.172355842
 10
470104.5519405397
 20
4349747.14009376
 10
470104.69385403174
 20
4349747.100821008
 10
470104.83366956015
 20
4349747.054632196
 10
470104.9710502971
 20
4349747.001638598
 10
470105.10566528025
 20
4349746.941967879
 10
470105.23
 20
4349746.8793830415
 10
470105.23
 20
4349746.2
  0
TEXT
  5
1F1
330
17
100
AcDbEntity
  8
0
 62
4
100
AcDbText
 10
470104.57
 20
4349746.469691521
 30
0.0
 40
0.1333
  1
0.71
  7
CN_TTF
 11
470104.57
 21
4349746.469691521
 31
0.0
100
AcDbText
  0
LWPOLYLINE
  5
1F2
330
17
100
AcDbEntity
  8
爆区方格网
 62
4
100
AcDbPolyline
 90
6
 70
1
 10
470104.23
 20
4349749.2
 10
470105.23
 20
4349749.2
 10
470105.23
 20
4349748.2
 10
470104.2424168877
 20
4349748.2
 10
470104.23
 20
4349748.214394623
 10
470104.23
 20
4349749.2
  0
TEXT
  5
1F3
330
17
100
AcDbEntity
  8
0
 62
4
100
AcDbText
 10
470104.57
 20
4349748.637197312
 30
0.0
 40
0.1333
  1
0.82
  7
CN_TTF
 11
470104.57
 21
4349748.637197312
 31
0.0
100
AcDbText
  0
LWPOLYLINE
  5
1F4
330
17
100
AcDbEntity
  8
爆区方格网
 62
4
100
AcDbPolyline
 90
5
 70
1
 10
470104.23
 20
4349749.2
 10
470104.23
 20
4349750.2
 10
470105.23
 20
4349750.2
 10
470105.23
 20
4349749.2
 10
470104.23
 20
4349749.2
  0
TEXT
  5
1F5
330
17
100
AcDbEntity
  8
0
 62
4
100
AcDbText
 10
470104.57
 20
4349749.63
 30
0.0
 40
0.1333
  1
0.82
  7
CN_TTF
 11
470104.57
 21
4349749.63
 31
0.0
100
AcDbText
  0
LWPOLYLINE
  5
1F6
330
17
100
AcDbEntity
  8
爆区方格网
 62
4
100
AcDbPolyline
 90
5
 70
1
 10
470104.23
 20
4349750.2
 10
470104.23
 20
4349751.2
 10
470105.23
 20
4349751.2
 10
470105.23
 20
4349750.2
 10
470104.23
 20
4349750.2
  0
TEXT
  5
1F7
330
17
100
AcDbEntity
  8
0
 62
4
100
AcDbText
 10
470104.57
 20
4349750.63
 30
0.0
 40
0.1333
  1
0.82
  7
CN_TTF
 11
470104.57
 21
4349750.63
 31
0.0
100
AcDbText
  0
LWPOLYLINE
  5
1F8
330
17
100
AcDbEntity
  8
爆区方格网
 62
4
100
AcDbPolyline
 90
5
 70
1
 10
470104.23
 20
4349751.2
 10
470104.23
 20
4349752.2
 10
470105.23
 20
4349752.2
 10
470105.23
 20
4349751.2
 10
470104.23
 20
4349751.2
  0
TEXT
  5
1F9
330
17
100
AcDbEntity
  8
0
 62
4
100
AcDbText
 10
470104.57
 20
4349751.63
 30
0.0
 40
0.1333
  1
0.82
  7
CN_TTF
 11
470104.57
 21
4349751.63
 31
0.0
100
AcDbText
  0
LWPOLYLINE
  5
1FA
330
17
100
AcDbEntity
  8
爆区方格网
 62
4
100
AcDbPolyline
 90
5
 70
1
 10
470105.23
 20
4349735.2
 10
470106.23
 20
4349735.2
 10
470106.23
 20
4349734.366814694
 10
470105.23
 20
4349734.683499457
 10
470105.23
 20
4349735.2
  0
TEXT
  5
1FB
330
17
100
AcDbEntity
  8
0
 62
4
100
AcDbText
 10
470105.57
 20
4349734.871749729
 30
0.0
 40
0.1333
  1
0.87
  7
CN_TTF
 11
470105.57
 21
4349734.871749729
 31
0.0
100
AcDbText
  0
LWPOLYLINE
  5
1FC
330
17
100
AcDbEntity
  8
爆区方格网
 62
4
100
AcDbPolyline
 90
5
 70
1
 10
470105.23
 20
4349735.2
 10
470105.23
 20
4349736.2
 10
470106.23
 20
4349736.2
 10
470106.23
 20
4349735.2
 10
470105.23
 20
4349735.2
  0
TEXT
  5
1FD
330
17
100
AcDbEntity
  8
0
 62
4
100
AcDbText
 10
470105.57
 20
4349735.63
 30
0.0
 40
0.1333
  1
0.87
  7
CN_TTF
 11
470105.57
 21
4349735.63
 31
0.0
100
AcDbText
  0
LWPOLYLINE
  5
1FE
330
17
100
AcDbEntity
  8
爆区方格网
 62
4
100
AcDbPolyline
 90
5
 70
1
 10
470105.23
 20
4349736.2
 10
470105.23
 20
4349737.2
 10
470106.23
 20
4349737.2
 10
470106.23
 20
4349736.2
 10
470105.23
 20
4349736.2
  0
TEXT
  5
1FF
330
17
100
AcDbEntity
  8
0
 62
4
100
AcDbText
 10
470105.57
 20
4349736.63
 30
0.0
 40
0.1333
  1
0.87
  7
CN_TTF
 11
470105.57
 21
4349736.63
 31
0.0
100
AcDbText
  0
LWPOLYLINE
  5
200
330
17
100
AcDbEntity
  8
爆区方格网
 62
4
100
AcDbPolyline
 90
5
 70
1
 10
470105.23
 20
4349737.2
 10
470105.23
 20
4349738.2
 10
470106.23
 20
4349738.2
 10
470106.23
 20
4349737.2
 10
470105.23
 20
4349737.2
  0
TEXT
  5
201
330
17
100
AcDbEntity
  8
0
 62
4
100
AcDbText
 10
470105.57
 20
4349737.63
 30
0.0
 40
0.1333
  1
0.87
  7
CN_TTF
 11
470105.57
 21
4349737.63
 31
0.0
100
AcDbText
  0
LWPOLYLINE
  5
202
330
17
100
AcDbEntity
  8
爆区方格网
 62
4
100
AcDbPolyline
 90
11
 70
1
 10
470106.23
 20
4349738.2
 10
470105.23
 20
4349738.2
 10
470105.23
 20
4349739.2
 10
470105.5862812779
 20
4349739.2
 10
470105.67019021045
 20
4349739.157763793
 10
470105.79830823257
 20
4349739.0851858305
 10
470105.92271069903
 20
4349739.006408837
 10
470106.0430979135
 20
4349738.921622595
 10
470106.15917985246
 20
4349738.83103136
 10
470106.23
 20
4349738.769941481
 10
470106.23
 20
4349738.2
  0
TEXT
  5
203
330
17
100
AcDbEntity
  8
0
 62
4
100
AcDbText
 10
470105.57
 20
4349738.414970741
 30
0.0
 40
0.1333
  1
0.87
  7
CN_TTF
 11
470105.57
 21
4349738.414970741
 31
0.0
100
AcDbText
  0
LWPOLYLINE
  5
204
330
17
100
AcDbEntity
  8
爆区方格网
 62
4
100
AcDbPolyline
 90
8
 70
1
 10
470105.23
 20
4349742.2
 10
470105.23
 20
4349743.2
 10
470106.23
 20
4349743.2
 10
470106.23
 20
4349742.439541543
 10
470106.14203136007
 20
4349742.326820148
 10
470106.04585337604
 20
4349742.215323136
 10
470106.0312645378
 20
4349742.2
 10
470105.23
 20
4349742.2
  0
TEXT
  5
205
330
17
100
AcDbEntity
  8
0
 62
4
100
AcDbText
 10
470105.57
 20
4349742.749770772
 30
0.0
 40
0.1333
  1
0.71
  7
CN_TTF
 11
470105.57
 21
4349742.749770772
 31
0.0
100
AcDbText
  0
LWPOLYLINE
  5
206
330
17
100
AcDbEntity
  8
爆区方格网
 62
4
100
AcDbPolyline
 90
5
 70
1
 10
470105.23
 20
4349743.2
 10
470105.23
 20
4349744.2
 10
470106.23
 20
4349744.2
 10
470106.23
 20
4349743.2
 10
470105.23
 20
4349743.2
  0
TEXT
  5
207
330
17
100
AcDbEntity
  8
0
 62
4
100
AcDbText
 10
470105.57
 20
4349743.63
 30
0.0
 40
0.1333
  1
0.71
  7
CN_TTF
 11
470105.57
 21
4349743.63
 31
0.0
100
AcDbText
  0
LWPOLYLINE
  5
208
330
17
100
AcDbEntity
  8
爆区方格网
 62
4
100
AcDbPolyline
 90
5
 70
1
 10
470105.23
 20
4349744.2
 10
470105.23
 20
4349745.2
 10
470106.23
 20
4349745.2
 10
470106.23
 20
4349744.2
 10
470105.23
 20
4349744.2
  0
TEXT
  5
209
330
17
100
AcDbEntity
  8
0
 62
4
100
AcDbText
 10
470105.57
 20
4349744.63
 30
0.0
 40
0.1333
  1
0.71
  7
CN_TTF
 11
470105.57
 21
4349744.63
 31
0.0
100
AcDbText
  0
LWPOLYLINE
  5
20A
330
17
100
AcDbEntity
  8
爆区方格网
 62
4
100
AcDbPolyline
 90
7
 70
1
 10
470106.23
 20
4349745.2
 10
470105.23
 20
4349745.2
 10
470105.23
 20
4349746.2
 10
470106.0843919044
 20
4349746.2
 10
470106.14203136007
 20
4349746.133179853
 10
470106.23
 20
4349746.020458458
 10
470106.23
 20
4349745.2
  0
TEXT
  5
20B
330
17
100
AcDbEntity
  8
0
 62
4
100
AcDbText
 10
470105.57
 20
4349745.540229229
 30
0.0
 40
0.1333
  1
0.71
  7
CN_TTF
 11
470105.57
 21
4349745.540229229
 31
0.0
100
AcDbText
  0
LWPOLYLINE
  5
20C
330
17
100
AcDbEntity
  8
爆区方格网
 62
4
100
AcDbPolyline
 90
11
 70
1
 10
470105.23
 20
4349748.2
 10
470106.23
 20
4349748.2
 10
470106.23
 20
4349747.2
 10
470105.9159719834
 20
4349747.2
 10
470105.8050594603
 20
4349747.224906241
 10
470105.6631459682
 20
4349747.264178992
 10
470105.5233304398
 20
4349747.310367804
 10
470105.3859497029
 20
4349747.363361402
 10
470105.2513347197
 20
4349747.423032121
 10
470105.23
 20
4349747.433771116
 10
470105.23
 20
4349748.2
  0
TEXT
  5
20D
330
17
100
AcDbEntity
  8
0
 62
4
100
AcDbText
 10
470105.57
 20
4349747.746885558
 30
0.0
 40
0.1333
  1
0.82
  7
CN_TTF
 11
470105.57
 21
4349747.746885558
 31
0.0
100
AcDbText
  0
LWPOLYLINE
  5
20E
330
17
100
AcDbEntity
  8
爆区方格网
 62
4
100
AcDbPolyline
 90
5
 70
1
 10
470105.23
 20
4349748.2
 10
470105.23
 20
4349749.2
 10
470106.23
 20
4349749.2
 10
470106.23
 20
4349748.2
 10
470105.23
 20
4349748.2
  0
TEXT
  5
20F
330
17
100
AcDbEntity
  8
0
 62
4
100
AcDbText
 10
470105.57
 20
4349748.63
 30
0.0
 40
0.1333
  1
0.82
  7
CN_TTF
 11
470105.57
 21
4349748.63
 31
0.0
100
AcDbText
  0
LWPOLYLINE
  5
210
330
17
100
AcDbEntity
  8
爆区方格网
 62
4
100
AcDbPolyline
 90
5
 70
1
 10
470105.23
 20
4349749.2
 10
470105.23
 20
4349750.2
 10
470106.23
 20
4349750.2
 10
470106.23
 20
4349749.2
 10
470105.23
 20
4349749.2
  0
TEXT
  5
211
330
17
100
AcDbEntity
  8
0
 62
4
100
AcDbText
 10
470105.57
 20
4349749.63
 30
0.0
 40
0.1333
  1
0.82
  7
CN_TTF
 11
470105.57
 21
4349749.63
 31
0.0
100
AcDbText
  0
LWPOLYLINE
  5
212
330
17
100
AcDbEntity
  8
爆区方格网
 62
4
100
AcDbPolyline
 90
5
 70
1
 10
470105.23
 20
4349750.2
 10
470105.23
 20
4349751.2
 10
470106.23
 20
4349751.2
 10
470106.23
 20
4349750.2
 10
470105.23
 20
4349750.2
  0
TEXT
  5
213
330
17
100
AcDbEntity
  8
0
 62
4
100
AcDbText
 10
470105.57
 20
4349750.63
 30
0.0
 40
0.1333
  1
0.82
  7
CN_TTF
 11
470105.57
 21
4349750.63
 31
0.0
100
AcDbText
  0
LWPOLYLINE
  5
214
330
17
100
AcDbEntity
  8
爆区方格网
 62
4
100
AcDbPolyline
 90
5
 70
1
 10
470105.23
 20
4349751.2
 10
470105.23
 20
4349752.2
 10
470106.23
 20
4349752.2
 10
470106.23
 20
4349751.2
 10
470105.23
 20
4349751.2
  0
TEXT
  5
215
330
17
100
AcDbEntity
  8
0
 62
4
100
AcDbText
 10
470105.57
 20
4349751.63
 30
0.0
 40
0.1333
  1
0.82
  7
CN_TTF
 11
470105.57
 21
4349751.63
 31
0.0
100
AcDbText
  0
LWPOLYLINE
  5
216
330
17
100
AcDbEntity
  8
爆区方格网
 62
4
100
AcDbPolyline
 90
5
 70
1
 10
470106.23
 20
4349752.2
 10
470105.23
 20
4349752.2
 10
470105.23
 20
4349752.820407038
 10
470106.23
 20
4349753.068069765
 10
470106.23
 20
4349752.2
  0
TEXT
  5
217
330
17
100
AcDbEntity
  8
0
 62
4
100
AcDbText
 10
470105.57
 20
4349752.440203519
 30
0.0
 40
0.1333
  1
0.82
  7
CN_TTF
 11
470105.57
 21
4349752.440203519
 31
0.0
100
AcDbText
  0
LWPOLYLINE
  5
218
330
17
100
AcDbEntity
  8
爆区方格网
 62
4
100
AcDbPolyline
 90
13
 70
1
 10
470106.23
 20
4349735.2
 10
470106.23
 20
4349736.2
 10
470107.23
 20
4349736.2
 10
470107.23
 20
4349736.124269762
 10
470107.2235295299
 20
4349736.071808577
 10
470107.1983558412
 20
4349735.926729034
 10
470107.1660937596
 20
4349735.78305946
 10
470107.1268210072
 20
4349735.641145968
 10
470107.0806321955
 20
4349735.50133044
 10
470107.02763859753
 20
4349735.363949703
 10
470106.9679678794
 20
4349735.2293347195
 10
470106.9532020225
 20
4349735.2
 10
470106.23
 20
4349735.2
  0
TEXT
  5
219
330
17
100
AcDbEntity
  8
0
 62
4
100
AcDbText
 10
470106.5282286917
 20
4349735.642102714
 30
0.0
 40
0.1333
  1
0.87
  7
CN_TTF
 11
470106.5282286917
 21
4349735.642102714
 31
0.0
100
AcDbText
  0
LWPOLYLINE
  5
21A
330
17
100
AcDbEntity
  8
爆区方格网
 62
4
100
AcDbPolyline
 90
8
 70
1
 10
470107.23
 20
4349736.2
 10
470106.23
 20
4349736.2
 10
470106.23
 20
4349737.2
 10
470107.1752872653
 20
4349737.2
 10
470107.1983558412
 20
4349737.0972709665
 10
470107.2235295299
 20
4349736.952191424
 10
470107.23
 20
4349736.899730238
 10
470107.23
 20
4349736.2
  0
TEXT
  5
21B
330
17
100
AcDbEntity
  8
0
 62
4
100
AcDbText
 10
470106.57
 20
4349736.479865119
 30
0.0
 40
0.1333
  1
0.87
  7
CN_TTF
 11
470106.57
 21
4349736.479865119
 31
0.0
100
AcDbText
  0
LWPOLYLINE
  5
21C
330
17
100
AcDbEntity
  8
爆区方格网
 62
4
100
AcDbPolyline
 90
13
 70
1
 10
470106.23
 20
4349737.2
 10
470106.23
 20
4349738.2
 10
470106.73541521933
 20
4349738.2
 10
470106.7504088369
 20
4349738.178710699
 10
470106.82918583
 20
4349738.054308233
 10
470106.901763793
 20
4349737.9261902105
 10
470106.9679678794
 20
4349737.794665281
 10
470107.02763859753
 20
4349737.660050297
 10
470107.0806321955
 20
4349737.52266956
 10
470107.1268210072
 20
4349737.382854032
 10
470107.1660937596
 20
4349737.24094054
 10
470107.1752872653
 20
4349737.2
 10
470106.23
 20
4349737.2
  0
TEXT
  5
21D
330
17
100
AcDbEntity
  8
0
 62
4
100
AcDbText
 10
470106.45390161924
 20
4349737.657357789
 30
0.0
 40
0.1333
  1
0.87
  7
CN_TTF
 11
470106.45390161924
 21
4349737.657357789
 31
0.0
100
AcDbText
  0
LWPOLYLINE
  5
21E
330
17
100
AcDbEntity
  8
爆区方格网
 62
4
100
AcDbPolyline
 90
12
 70
1
 10
470106.23
 20
4349743.2
 10
470106.23
 20
4349744.2
 10
470106.8222635413
 20
4349744.2
 10
470106.8193863686
 20
4349744.082796978
 10
470106.80855417997
 20
4349743.93594858
 10
470106.79052952986
 20
4349743.789808577
 10
470106.7653558412
 20
4349743.644729034
 10
470106.73309375957
 20
4349743.50105946
 10
470106.69382100715
 20
4349743.359145968
 10
470106.6476321955
 20
4349743.21933044
 10
470106.64017562196
 20
4349743.2
 10
470106.23
 20
4349743.2
  0
TEXT
  5
21F
330
17
100
AcDbEntity
  8
0
 62
4
100
AcDbText
 10
470106.34397134284
 20
4349743.647268806
 30
0.0
 40
0.1333
  1
0.71
  7
CN_TTF
 11
470106.34397134284
 21
4349743.647268806
 31
0.0
100
AcDbText
  0
LWPOLYLINE
  5
220
330
17
100
AcDbEntity
  8
爆区方格网
 62
4
100
AcDbPolyline
 90
12
 70
1
 10
470106.23
 20
4349744.2
 10
470106.23
 20
4349745.2
 10
470106.6610676035
 20
4349745.2
 10
470106.69382100715
 20
4349745.100854033
 10
470106.73309375957
 20
4349744.95894054
 10
470106.7653558412
 20
4349744.815270967
 10
470106.79052952986
 20
4349744.670191424
 10
470106.80855417997
 20
4349744.524051421
 10
470106.8193863686
 20
4349744.377203023
 10
470106.823
 20
4349744.23
 10
470106.8222635413
 20
4349744.2
 10
470106.23
 20
4349744.2
  0
TEXT
  5
221
330
17
100
AcDbEntity
  8
0
 62
4
100
AcDbText
 10
470106.34397134284
 20
4349744.672731195
 30
0.0
 40
0.1333
  1
0.71
  7
CN_TTF
 11
470106.34397134284
 21
4349744.672731195
 31
0.0
100
AcDbText
  0
LWPOLYLINE
  5
222
330
17
100
AcDbEntity
  8
爆区方格网
 62
4
100
AcDbPolyline
 90
6
 70
1
 10
470106.23
 20
4349747.2
 10
470106.23
 20
4349748.2
 10
470107.23
 20
4349748.2
 10
470107.23
 20
4349747.217509195
 10
470107.1520280166
 20
4349747.2
 10
470106.23
 20
4349747.2
  0
TEXT
  5
223
330
17
100
AcDbEntity
  8
0
 62
4
100
AcDbText
 10
470106.57
 20
4349747.638754597
 30
0.0
 40
0.1333
  1
0.82
  7
CN_TTF
 11
470106.57
 21
4349747.638754597
 31
0.0
100
AcDbText
  0
LWPOLYLINE
  5
224
330
17
100
AcDbEntity
  8
爆区方格网
 62
4
100
AcDbPolyline
 90
5
 70
1
 10
470106.23
 20
4349748.2
 10
470106.23
 20
4349749.2
 10
470107.23
 20
4349749.2
 10
470107.23
 20
4349748.2
 10
470106.23
 20
4349748.2
  0
TEXT
  5
225
330
17
100
AcDbEntity
  8
0
 62
4
100
AcDbText
 10
470106.57
 20
4349748.63
 30
0.0
 40
0.1333
  1
0.82
  7
CN_TTF
 11
470106.57
 21
4349748.63
 31
0.0
100
AcDbText
  0
LWPOLYLINE
  5
226
330
17
100
AcDbEntity
  8
爆区方格网
 62
4
100
AcDbPolyline
 90
5
 70
1
 10
470106.23
 20
4349749.2
 10
470106.23
 20
4349750.2
 10
470107.23
 20
4349750.2
 10
470107.23
 20
4349749.2
 10
470106.23
 20
4349749.2
  0
TEXT
  5
227
330
17
100
AcDbEntity
  8
0
 62
4
100
AcDbText
 10
470106.57
 20
4349749.63
 30
0.0
 40
0.1333
  1
0.82
  7
CN_TTF
 11
470106.57
 21
4349749.63
 31
0.0
100
AcDbText
  0
LWPOLYLINE
  5
228
330
17
100
AcDbEntity
  8
爆区方格网
 62
4
100
AcDbPolyline
 90
5
 70
1
 10
470106.23
 20
4349750.2
 10
470106.23
 20
4349751.2
 10
470107.23
 20
4349751.2
 10
470107.23
 20
4349750.2
 10
470106.23
 20
4349750.2
  0
TEXT
  5
229
330
17
100
AcDbEntity
  8
0
 62
4
100
AcDbText
 10
470106.57
 20
4349750.63
 30
0.0
 40
0.1333
  1
0.82
  7
CN_TTF
 11
470106.57
 21
4349750.63
 31
0.0
100
AcDbText
  0
LWPOLYLINE
  5
22A
330
17
100
AcDbEntity
  8
爆区方格网
 62
4
100
AcDbPolyline
 90
5
 70
1
 10
470106.23
 20
4349751.2
 10
470106.23
 20
4349752.2
 10
470107.23
 20
4349752.2
 10
470107.23
 20
4349751.2
 10
470106.23
 20
4349751.2
  0
TEXT
  5
22B
330
17
100
AcDbEntity
  8
0
 62
4
100
AcDbText
 10
470106.57
 20
4349751.63
 30
0.0
 40
0.1333
  1
0.82
  7
CN_TTF
 11
470106.57
 21
4349751.63
 31
0.0
100
AcDbText
  0
LWPOLYLINE
  5
22C
330
17
100
AcDbEntity
  8
爆区方格网
 62
4
100
AcDbPolyline
 90
9
 70
1
 10
470107.23
 20
4349752.2
 10
470106.23
 20
4349752.2
 10
470106.23
 20
4349753.068069765
 10
470106.4965338139
 20
4349753.134080256
 10
470106.534
 20
4349753.135
 10
470106.68120302295
 20
4349753.131386369
 10
470106.82501127874
 20
4349753.120778434
 10
470107.23
 20
4349752.727467449
 10
470107.23
 20
4349752.2
  0
TEXT
  5
22D
330
17
100
AcDbEntity
  8
0
 62
4
100
AcDbText
 10
470106.57
 20
4349752.393733725
 30
0.0
 40
0.1333
  1
0.82
  7
CN_TTF
 11
470106.57
 21
4349752.393733725
 31
0.0
100
AcDbText
  0
LWPOLYLINE
  5
22E
330
17
100
AcDbEntity
  8
爆区方格网
 62
4
100
AcDbPolyline
 90
13
 70
1
 10
470107.23
 20
4349748.2
 10
470108.23
 20
4349748.2
 10
470108.23
 20
4349747.661219016
 10
470108.200710699
 20
4349747.640591163
 10
470108.07630823256
 20
4349747.561814169
 10
470107.94819021045
 20
4349747.489236207
 10
470107.81666528026
 20
4349747.423032121
 10
470107.6820502971
 20
4349747.363361402
 10
470107.54466956016
 20
4349747.310367804
 10
470107.40485403175
 20
4349747.264178992
 10
470107.2629405397
 20
4349747.224906241
 10
470107.23
 20
4349747.217509195
 10
470107.23
 20
4349748.2
  0
TEXT
  5
22F
330
17
100
AcDbEntity
  8
0
 62
4
100
AcDbText
 10
470107.57
 20
4349747.860609507
 30
0.0
 40
0.1333
  1
0.82
  7
CN_TTF
 11
470107.57
 21
4349747.860609507
 31
0.0
100
AcDbText
  0
LWPOLYLINE
  5
230
330
17
100
AcDbEntity
  8
爆区方格网
 62
4
100
AcDbPolyline
 90
5
 70
1
 10
470107.23
 20
4349748.2
 10
470107.23
 20
4349749.2
 10
470108.23
 20
4349749.2
 10
470108.23
 20
4349748.2
 10
470107.23
 20
4349748.2
  0
TEXT
  5
231
330
17
100
AcDbEntity
  8
0
 62
4
100
AcDbText
 10
470107.57
 20
4349748.63
 30
0.0
 40
0.1333
  1
0.82
  7
CN_TTF
 11
470107.57
 21
4349748.63
 31
0.0
100
AcDbText
  0
LWPOLYLINE
  5
232
330
17
100
AcDbEntity
  8
爆区方格网
 62
4
100
AcDbPolyline
 90
5
 70
1
 10
470107.23
 20
4349749.2
 10
470107.23
 20
4349750.2
 10
470108.23
 20
4349750.2
 10
470108.23
 20
4349749.2
 10
470107.23
 20
4349749.2
  0
TEXT
  5
233
330
17
100
AcDbEntity
  8
0
 62
4
100
AcDbText
 10
470107.57
 20
4349749.63
 30
0.0
 40
0.1333
  1
0.82
  7
CN_TTF
 11
470107.57
 21
4349749.63
 31
0.0
100
AcDbText
  0
LWPOLYLINE
  5
234
330
17
100
AcDbEntity
  8
爆区方格网
 62
4
100
AcDbPolyline
 90
5
 70
1
 10
470107.23
 20
4349750.2
 10
470107.23
 20
4349751.2
 10
470108.23
 20
4349751.2
 10
470108.23
 20
4349750.2
 10
470107.23
 20
4349750.2
  0
TEXT
  5
235
330
17
100
AcDbEntity
  8
0
 62
4
100
AcDbText
 10
470107.57
 20
4349750.63
 30
0.0
 40
0.1333
  1
0.82
  7
CN_TTF
 11
470107.57
 21
4349750.63
 31
0.0
100
AcDbText
  0
LWPOLYLINE
  5
236
330
17
100
AcDbEntity
  8
爆区方格网
 62
4
100
AcDbPolyline
 90
6
 70
1
 10
470108.23
 20
4349751.2
 10
470107.23
 20
4349751.2
 10
470107.23
 20
4349752.2
 10
470107.773128405
 20
4349752.2
 10
470108.23
 20
4349751.75630217
 10
470108.23
 20
4349751.2
  0
TEXT
  5
237
330
17
100
AcDbEntity
  8
0
 62
4
100
AcDbText
 10
470107.57
 20
4349751.408151085
 30
0.0
 40
0.1333
  1
0.82
  7
CN_TTF
 11
470107.57
 21
4349751.408151085
 31
0.0
100
AcDbText
  0
LWPOLYLINE
  5
238
330
17
100
AcDbEntity
  8
爆区方格网
 62
4
100
AcDbPolyline
 90
11
 70
1
 10
470108.23
 20
4349748.2
 10
470108.23
 20
4349749.2
 10
470109.23
 20
4349749.2
 10
470109.23
 20
4349748.820611991
 10
470109.179763793
 20
4349748.720809789
 10
470109.10718583
 20
4349748.592691767
 10
470109.02840883686
 20
4349748.468289301
 10
470108.9436225944
 20
4349748.347902087
 10
470108.8530313601
 20
4349748.2318201475
 10
470108.82558311225
 20
4349748.2
 10
470108.23
 20
4349748.2
  0
TEXT
  5
239
330
17
100
AcDbEntity
  8
0
 62
4
100
AcDbText
 10
470108.5267374056
 20
4349748.586750777
 30
0.0
 40
0.1333
  1
0.82
  7
CN_TTF
 11
470108.5267374056
 21
4349748.586750777
 31
0.0
100
AcDbText
  0
LWPOLYLINE
  5
23A
330
17
100
AcDbEntity
  8
爆区方格网
 62
4
100
AcDbPolyline
 90
5
 70
1
 10
470108.23
 20
4349749.2
 10
470108.23
 20
4349750.2
 10
470109.23
 20
4349750.2
 10
470109.23
 20
4349749.2
 10
470108.23
 20
4349749.2
  0
TEXT
  5
23B
330
17
100
AcDbEntity
  8
0
 62
4
100
AcDbText
 10
470108.57
 20
4349749.63
 30
0.0
 40
0.1333
  1
0.82
  7
CN_TTF
 11
470108.57
 21
4349749.63
 31
0.0
100
AcDbText
  0
LWPOLYLINE
  5
23C
330
17
100
AcDbEntity
  8
爆区方格网
 62
4
100
AcDbPolyline
 90
6
 70
1
 10
470109.23
 20
4349750.2
 10
470108.23
 20
4349750.2
 10
470108.23
 20
4349751.2
 10
470108.80281925295
 20
4349751.2
 10
470109.23
 20
4349750.785136891
 10
470109.23
 20
4349750.2
  0
TEXT
  5
23D
330
17
100
AcDbEntity
  8
0
 62
4
100
AcDbText
 10
470108.57
 20
4349750.422568445
 30
0.0
 40
0.1333
  1
0.82
  7
CN_TTF
 11
470108.57
 21
4349750.422568445
 31
0.0
100
AcDbText
  0
LWPOLYLINE
  5
23E
330
17
100
AcDbEntity
  8
爆区方格网
 62
4
100
AcDbPolyline
 90
13
 70
1
 10
470092.23
 20
4349766.2
 10
470092.23
 20
4349765.2
 10
470091.85854096874
 20
4349765.2
 10
470091.82037740556
 20
4349765.248902087
 10
470091.7355911631
 20
4349765.369289301
 10
470091.65681416995
 20
4349765.493691768
 10
470091.58423620695
 20
4349765.62180979
 10
470091.5180321206
 20
4349765.75333472
 10
470091.45836140245
 20
4349765.887949703
 10
470091.40536780446
 20
4349766.02533044
 10
470091.3591789928
 20
4349766.165145968
 10
470091.3495335831
 20
4349766.2
 10
470092.23
 20
4349766.2
  0
TEXT
  5
23F
330
17
100
AcDbEntity
  8
0
 62
4
100
AcDbText
 10
470091.7305670819
 20
4349765.6175722545
 30
0.0
 40
0.1333
  1
0.69
  7
CN_TTF
 11
470091.7305670819
 21
4349765.6175722545
 31
0.0
100
AcDbText
  0
LWPOLYLINE
  5
240
330
17
100
AcDbEntity
  8
爆区方格网
 62
4
100
AcDbPolyline
 90
12
 70
1
 10
470092.23
 20
4349767.2
 10
470092.23
 20
4349766.2
 10
470091.3495335831
 20
4349766.2
 10
470091.3199062404
 20
4349766.30705946
 10
470091.28764415876
 20
4349766.450729034
 10
470091.2624704701
 20
4349766.595808577
 10
470091.24444582
 20
4349766.741948579
 10
470091.23361363134
 20
4349766.888796978
 10
470091.23
 20
4349767.036
 10
470091.23361363134
 20
4349767.183203023
 10
470091.23485265084
 20
4349767.2
 10
470092.23
 20
4349767.2
  0
TEXT
  5
241
330
17
100
AcDbEntity
  8
0
 62
4
100
AcDbText
 10
470091.58172907255
 20
4349766.598878577
 30
0.0
 40
0.1333
  1
0.69
  7
CN_TTF
 11
470091.58172907255
 21
4349766.598878577
 31
0.0
100
AcDbText
  0
LWPOLYLINE
  5
242
330
17
100
AcDbEntity
  8
爆区方格网
 62
4
100
AcDbPolyline
 90
12
 70
1
 10
470092.23
 20
4349768.2
 10
470092.23
 20
4349767.2
 10
470091.23485265084
 20
4349767.2
 10
470091.24444582
 20
4349767.330051421
 10
470091.2624704701
 20
4349767.476191424
 10
470091.28764415876
 20
4349767.621270967
 10
470091.3199062404
 20
4349767.76494054
 10
470091.3591789928
 20
4349767.906854033
 10
470091.40536780446
 20
4349768.0466695605
 10
470091.45836140245
 20
4349768.184050297
 10
470091.46543141943
 20
4349768.2
 10
470092.23
 20
4349768.2
  0
TEXT
  5
243
330
17
100
AcDbEntity
  8
0
 62
4
100
AcDbText
 10
470091.6068875998
 20
4349767.623105753
 30
0.0
 40
0.1333
  1
0.69
  7
CN_TTF
 11
470091.6068875998
 21
4349767.623105753
 31
0.0
100
AcDbText
  0
LWPOLYLINE
  5
244
330
17
100
AcDbEntity
  8
爆区方格网
 62
4
100
AcDbPolyline
 90
11
 70
1
 10
470093.23
 20
4349761.2
 10
470093.23
 20
4349760.2
 10
470092.7251142672
 20
4349760.2
 10
470092.71561363136
 20
4349760.328796977
 10
470092.712
 20
4349760.476
 10
470092.71561363136
 20
4349760.623203022
 10
470092.72644582
 20
4349760.770051421
 10
470092.7444704701
 20
4349760.916191423
 10
470092.7696441588
 20
4349761.061270966
 10
470092.8007968051
 20
4349761.2
 10
470093.23
 20
4349761.2
  0
TEXT
  5
245
330
17
100
AcDbEntity
  8
0
 62
4
100
AcDbText
 10
470092.8155148629
 20
4349760.626627222
 30
0.0
 40
0.1333
  1
0.67
  7
CN_TTF
 11
470092.8155148629
 21
4349760.626627222
 31
0.0
100
AcDbText
  0
LWPOLYLINE
  5
246
330
17
100
AcDbEntity
  8
爆区方格网
 62
4
100
AcDbPolyline
 90
13
 70
1
 10
470092.23
 20
4349765.2
 10
470093.23
 20
4349765.2
 10
470093.23
 20
4349764.207843058
 10
470093.2193304398
 20
4349764.211367805
 10
470093.0819497029
 20
4349764.264361403
 10
470092.9473347197
 20
4349764.324032121
 10
470092.8158097895
 20
4349764.390236207
 10
470092.6876917674
 20
4349764.46281417
 10
470092.56328930095
 20
4349764.541591164
 10
470092.4429020865
 20
4349764.626377406
 10
470092.3268201475
 20
4349764.716968641
 10
470092.23
 20
4349764.800486273
 10
470092.23
 20
4349765.2
  0
TEXT
  5
247
330
17
100
AcDbEntity
  8
0
 62
4
100
AcDbText
 10
470092.6474305585
 20
4349764.601673023
 30
0.0
 40
0.1333
  1
0.69
  7
CN_TTF
 11
470092.6474305585
 21
4349764.601673023
 31
0.0
100
AcDbText
  0
LWPOLYLINE
  5
248
330
17
100
AcDbEntity
  8
爆区方格网
 62
4
100
AcDbPolyline
 90
5
 70
1
 10
470092.23
 20
4349765.2
 10
470092.23
 20
4349766.2
 10
470093.23
 20
4349766.2
 10
470093.23
 20
4349765.2
 10
470092.23
 20
4349765.2
  0
TEXT
  5
249
330
17
100
AcDbEntity
  8
0
 62
4
100
AcDbText
 10
470092.57
 20
4349765.63
 30
0.0
 40
0.1333
  1
0.69
  7
CN_TTF
 11
470092.57
 21
4349765.63
 31
0.0
100
AcDbText
  0
LWPOLYLINE
  5
24A
330
17
100
AcDbEntity
  8
爆区方格网
 62
4
100
AcDbPolyline
 90
5
 70
1
 10
470092.23
 20
4349766.2
 10
470092.23
 20
4349767.2
 10
470093.23
 20
4349767.2
 10
470093.23
 20
4349766.2
 10
470092.23
 20
4349766.2
  0
TEXT
  5
24B
330
17
100
AcDbEntity
  8
0
 62
4
100
AcDbText
 10
470092.57
 20
4349766.63
 30
0.0
 40
0.1333
  1
0.69
  7
CN_TTF
 11
470092.57
 21
4349766.63
 31
0.0
100
AcDbText
  0
LWPOLYLINE
  5
24C
330
17
100
AcDbEntity
  8
爆区方格网
 62
4
100
AcDbPolyline
 90
5
 70
1
 10
470092.23
 20
4349767.2
 10
470092.23
 20
4349768.2
 10
470093.23
 20
4349768.2
 10
470093.23
 20
4349767.2
 10
470092.23
 20
4349767.2
  0
TEXT
  5
24D
330
17
100
AcDbEntity
  8
0
 62
4
100
AcDbText
 10
470092.57
 20
4349767.63
 30
0.0
 40
0.1333
  1
0.69
  7
CN_TTF
 11
470092.57
 21
4349767.63
 31
0.0
100
AcDbText
  0
LWPOLYLINE
  5
24E
330
17
100
AcDbEntity
  8
爆区方格网
 62
4
100
AcDbPolyline
 90
5
 70
1
 10
470092.23
 20
4349768.2
 10
470092.23
 20
4349769.2
 10
470093.23
 20
4349769.2
 10
470093.23
 20
4349768.2
 10
470092.23
 20
4349768.2
  0
TEXT
  5
24F
330
17
100
AcDbEntity
  8
0
 62
4
100
AcDbText
 10
470092.57
 20
4349768.63
 30
0.0
 40
0.1333
  1
0.69
  7
CN_TTF
 11
470092.57
 21
4349768.63
 31
0.0
100
AcDbText
  0
LWPOLYLINE
  5
250
330
17
100
AcDbEntity
  8
爆区方格网
 62
4
100
AcDbPolyline
 90
11
 70
1
 10
470093.23
 20
4349759.2
 10
470094.23
 20
4349759.2
 10
470094.23
 20
4349758.2
 10
470093.758934842
 20
4349758.2
 10
470093.69732313545
 20
4349758.253146623
 10
470093.5906796564
 20
4349758.354679656
 10
470093.48914662394
 20
4349758.4613231355
 10
470093.3929686399
 20
4349758.5728201475
 10
470093.3023774056
 20
4349758.688902087
 10
470093.23
 20
4349758.791670106
 10
470093.23
 20
4349759.2
  0
TEXT
  5
251
330
17
100
AcDbEntity
  8
0
 62
4
100
AcDbText
 10
470093.58809435123
 20
4349758.670286097
 30
0.0
 40
0.1333
  1
0.67
  7
CN_TTF
 11
470093.58809435123
 21
4349758.670286097
 31
0.0
100
AcDbText
  0
LWPOLYLINE
  5
252
330
17
100
AcDbEntity
  8
爆区方格网
 62
4
100
AcDbPolyline
 90
5
 70
1
 10
470093.23
 20
4349759.2
 10
470093.23
 20
4349760.2
 10
470094.23
 20
4349760.2
 10
470094.23
 20
4349759.2
 10
470093.23
 20
4349759.2
  0
TEXT
  5
253
330
17
100
AcDbEntity
  8
0
 62
4
100
AcDbText
 10
470093.57
 20
4349759.63
 30
0.0
 40
0.1333
  1
0.67
  7
CN_TTF
 11
470093.57
 21
4349759.63
 31
0.0
100
AcDbText
  0
LWPOLYLINE
  5
254
330
17
100
AcDbEntity
  8
爆区方格网
 62
4
100
AcDbPolyline
 90
5
 70
1
 10
470093.23
 20
4349760.2
 10
470093.23
 20
4349761.2
 10
470094.23
 20
4349761.2
 10
470094.23
 20
4349760.2
 10
470093.23
 20
4349760.2
  0
TEXT
  5
255
330
17
100
AcDbEntity
  8
0
 62
4
100
AcDbText
 10
470093.57
 20
4349760.63
 30
0.0
 40
0.1333
  1
0.67
  7
CN_TTF
 11
470093.57
 21
4349760.63
 31
0.0
100
AcDbText
  0
LWPOLYLINE
  5
256
330
17
100
AcDbEntity
  8
爆区方格网
 62
4
100
AcDbPolyline
 90
6
 70
1
 10
470094.23
 20
4349762.2
 10
470094.23
 20
4349761.2
 10
470093.23
 20
4349761.2
 10
470093.23
 20
4349762.160329893
 10
470093.2579388415
 20
4349762.2
 10
470094.23
 20
4349762.2
  0
TEXT
  5
257
330
17
100
AcDbEntity
  8
0
 62
4
100
AcDbText
 10
470093.57
 20
4349761.610164946
 30
0.0
 40
0.1333
  1
0.67
  7
CN_TTF
 11
470093.57
 21
4349761.610164946
 31
0.0
100
AcDbText
  0
LWPOLYLINE
  5
258
330
17
100
AcDbEntity
  8
爆区方格网
 62
4
100
AcDbPolyline
 90
13
 70
1
 10
470094.23
 20
4349762.2
 10
470093.2579388415
 20
4349762.2
 10
470093.3023774056
 20
4349762.263097913
 10
470093.3929686399
 20
4349762.379179852
 10
470093.48914662394
 20
4349762.490676864
 10
470093.5906796564
 20
4349762.597320343
 10
470093.69732313545
 20
4349762.698853376
 10
470093.80882014753
 20
4349762.795031359
 10
470093.9249020865
 20
4349762.8856225945
 10
470094.04528930096
 20
4349762.970408836
 10
470094.1696917674
 20
4349763.04918583
 10
470094.23
 20
4349763.083350021
 10
470094.23
 20
4349762.2
  0
TEXT
  5
259
330
17
100
AcDbEntity
  8
0
 62
4
100
AcDbText
 10
470093.77700069797
 20
4349762.57808686
 30
0.0
 40
0.1333
  1
0.67
  7
CN_TTF
 11
470093.77700069797
 21
4349762.57808686
 31
0.0
100
AcDbText
  0
LWPOLYLINE
  5
25A
330
17
100
AcDbEntity
  8
爆区方格网
 62
4
100
AcDbPolyline
 90
6
 70
1
 10
470093.23
 20
4349765.2
 10
470094.23
 20
4349765.2
 10
470094.23
 20
4349764.2
 10
470093.2537412747
 20
4349764.2
 10
470093.23
 20
4349764.207843058
 10
470093.23
 20
4349765.2
  0
TEXT
  5
25B
330
17
100
AcDbEntity
  8
0
 62
4
100
AcDbText
 10
470093.57
 20
4349764.633921528
 30
0.0
 40
0.1333
  1
0.69
  7
CN_TTF
 11
470093.57
 21
4349764.633921528
 31
0.0
100
AcDbText
  0
LWPOLYLINE
  5
25C
330
17
100
AcDbEntity
  8
爆区方格网
 62
4
100
AcDbPolyline
 90
5
 70
1
 10
470093.23
 20
4349765.2
 10
470093.23
 20
4349766.2
 10
470094.23
 20
4349766.2
 10
470094.23
 20
4349765.2
 10
470093.23
 20
4349765.2
  0
TEXT
  5
25D
330
17
100
AcDbEntity
  8
0
 62
4
100
AcDbText
 10
470093.57
 20
4349765.63
 30
0.0
 40
0.1333
  1
0.69
  7
CN_TTF
 11
470093.57
 21
4349765.63
 31
0.0
100
AcDbText
  0
LWPOLYLINE
  5
25E
330
17
100
AcDbEntity
  8
爆区方格网
 62
4
100
AcDbPolyline
 90
5
 70
1
 10
470093.23
 20
4349766.2
 10
470093.23
 20
4349767.2
 10
470094.23
 20
4349767.2
 10
470094.23
 20
4349766.2
 10
470093.23
 20
4349766.2
  0
TEXT
  5
25F
330
17
100
AcDbEntity
  8
0
 62
4
100
AcDbText
 10
470093.57
 20
4349766.63
 30
0.0
 40
0.1333
  1
0.69
  7
CN_TTF
 11
470093.57
 21
4349766.63
 31
0.0
100
AcDbText
  0
LWPOLYLINE
  5
260
330
17
100
AcDbEntity
  8
爆区方格网
 62
4
100
AcDbPolyline
 90
5
 70
1
 10
470093.23
 20
4349767.2
 10
470093.23
 20
4349768.2
 10
470094.23
 20
4349768.2
 10
470094.23
 20
4349767.2
 10
470093.23
 20
4349767.2
  0
TEXT
  5
261
330
17
100
AcDbEntity
  8
0
 62
4
100
AcDbText
 10
470093.57
 20
4349767.63
 30
0.0
 40
0.1333
  1
0.69
  7
CN_TTF
 11
470093.57
 21
4349767.63
 31
0.0
100
AcDbText
  0
LWPOLYLINE
  5
262
330
17
100
AcDbEntity
  8
爆区方格网
 62
4
100
AcDbPolyline
 90
5
 70
1
 10
470093.23
 20
4349768.2
 10
470093.23
 20
4349769.2
 10
470094.23
 20
4349769.2
 10
470094.23
 20
4349768.2
 10
470093.23
 20
4349768.2
  0
TEXT
  5
263
330
17
100
AcDbEntity
  8
0
 62
4
100
AcDbText
 10
470093.57
 20
4349768.63
 30
0.0
 40
0.1333
  1
0.69
  7
CN_TTF
 11
470093.57
 21
4349768.63
 31
0.0
100
AcDbText
  0
LWPOLYLINE
  5
264
330
17
100
AcDbEntity
  8
爆区方格网
 62
4
100
AcDbPolyline
 90
11
 70
1
 10
470094.23
 20
4349769.2
 10
470093.23
 20
4349769.2
 10
470093.23
 20
4349769.864156943
 10
470093.3591459682
 20
4349769.906821008
 10
470093.5010594603
 20
4349769.9460937595
 10
470093.6447290339
 20
4349769.978355842
 10
470093.78980857664
 20
4349770.00352953
 10
470093.935948579
 20
4349770.02155418
 10
470094.082796977
 20
4349770.032386369
 10
470094.23
 20
4349770.036
 10
470094.23
 20
4349769.2
  0
TEXT
  5
265
330
17
100
AcDbEntity
  8
0
 62
4
100
AcDbText
 10
470093.57
 20
4349769.462078471
 30
0.0
 40
0.1333
  1
0.69
  7
CN_TTF
 11
470093.57
 21
4349769.462078471
 31
0.0
100
AcDbText
  0
LWPOLYLINE
  5
266
330
17
100
AcDbEntity
  8
爆区方格网
 62
4
100
AcDbPolyline
 90
12
 70
1
 10
470094.23
 20
4349758.2
 10
470095.23
 20
4349758.2
 10
470095.23
 20
4349757.515724946
 10
470095.12672903395
 20
4349757.533644158
 10
470094.9830594603
 20
4349757.565906241
 10
470094.84114596824
 20
4349757.605178992
 10
470094.7013304398
 20
4349757.651367804
 10
470094.5639497029
 20
4349757.704361402
 10
470094.4293347197
 20
4349757.764032121
 10
470094.29780978954
 20
4349757.830236207
 10
470094.23
 20
4349757.868649978
 10
470094.23
 20
4349758.2
  0
TEXT
  5
267
330
17
100
AcDbEntity
  8
0
 62
4
100
AcDbText
 10
470094.586952447
 20
4349757.779443093
 30
0.0
 40
0.1333
  1
0.67
  7
CN_TTF
 11
470094.586952447
 21
4349757.779443093
 31
0.0
100
AcDbText
  0
LWPOLYLINE
  5
268
330
17
100
AcDbEntity
  8
爆区方格网
 62
4
100
AcDbPolyline
 90
5
 70
1
 10
470094.23
 20
4349758.2
 10
470094.23
 20
4349759.2
 10
470095.23
 20
4349759.2
 10
470095.23
 20
4349758.2
 10
470094.23
 20
4349758.2
  0
TEXT
  5
269
330
17
100
AcDbEntity
  8
0
 62
4
100
AcDbText
 10
470094.57
 20
4349758.63
 30
0.0
 40
0.1333
  1
0.67
  7
CN_TTF
 11
470094.57
 21
4349758.63
 31
0.0
100
AcDbText
  0
LWPOLYLINE
  5
26A
330
17
100
AcDbEntity
  8
爆区方格网
 62
4
100
AcDbPolyline
 90
5
 70
1
 10
470094.23
 20
4349759.2
 10
470094.23
 20
4349760.2
 10
470095.23
 20
4349760.2
 10
470095.23
 20
4349759.2
 10
470094.23
 20
4349759.2
  0
TEXT
  5
26B
330
17
100
AcDbEntity
  8
0
 62
4
100
AcDbText
 10
470094.57
 20
4349759.63
 30
0.0
 40
0.1333
  1
0.67
  7
CN_TTF
 11
470094.57
 21
4349759.63
 31
0.0
100
AcDbText
  0
LWPOLYLINE
  5
26C
330
17
100
AcDbEntity
  8
爆区方格网
 62
4
100
AcDbPolyline
 90
5
 70
1
 10
470094.23
 20
4349760.2
 10
470094.23
 20
4349761.2
 10
470095.23
 20
4349761.2
 10
470095.23
 20
4349760.2
 10
470094.23
 20
4349760.2
  0
TEXT
  5
26D
330
17
100
AcDbEntity
  8
0
 62
4
100
AcDbText
 10
470094.57
 20
4349760.63
 30
0.0
 40
0.1333
  1
0.67
  7
CN_TTF
 11
470094.57
 21
4349760.63
 31
0.0
100
AcDbText
  0
LWPOLYLINE
  5
26E
330
17
100
AcDbEntity
  8
爆区方格网
 62
4
100
AcDbPolyline
 90
5
 70
1
 10
470094.23
 20
4349761.2
 10
470094.23
 20
4349762.2
 10
470095.23
 20
4349762.2
 10
470095.23
 20
4349761.2
 10
470094.23
 20
4349761.2
  0
TEXT
  5
26F
330
17
100
AcDbEntity
  8
0
 62
4
100
AcDbText
 10
470094.57
 20
4349761.63
 30
0.0
 40
0.1333
  1
0.67
  7
CN_TTF
 11
470094.57
 21
4349761.63
 31
0.0
100
AcDbText
  0
LWPOLYLINE
  5
270
330
17
100
AcDbEntity
  8
爆区方格网
 62
4
100
AcDbPolyline
 90
8
 70
1
 10
470095.23
 20
4349763.2
 10
470095.23
 20
4349762.2
 10
470094.23
 20
4349762.2
 10
470094.23
 20
4349763.083350021
 10
470094.29780978954
 20
4349763.121763793
 10
470094.4293347197
 20
4349763.187967879
 10
470094.4564787506
 20
4349763.2
 10
470095.23
 20
4349763.2
  0
TEXT
  5
271
330
17
100
AcDbEntity
  8
0
 62
4
100
AcDbText
 10
470094.57
 20
4349762.57167501
 30
0.0
 40
0.1333
  1
0.67
  7
CN_TTF
 11
470094.57
 21
4349762.57167501
 31
0.0
100
AcDbText
  0
LWPOLYLINE
  5
272
330
17
100
AcDbEntity
  8
爆区方格网
 62
4
100
AcDbPolyline
 90
6
 70
1
 10
470094.23
 20
4349764.2
 10
470094.23
 20
4349765.2
 10
470095.23
 20
4349765.2
 10
470095.23
 20
4349764.207843058
 10
470095.20625872526
 20
4349764.2
 10
470094.23
 20
4349764.2
  0
TEXT
  5
273
330
17
100
AcDbEntity
  8
0
 62
4
100
AcDbText
 10
470094.57
 20
4349764.633921528
 30
0.0
 40
0.1333
  1
0.69
  7
CN_TTF
 11
470094.57
 21
4349764.633921528
 31
0.0
100
AcDbText
  0
LWPOLYLINE
  5
274
330
17
100
AcDbEntity
  8
爆区方格网
 62
4
100
AcDbPolyline
 90
5
 70
1
 10
470094.23
 20
4349765.2
 10
470094.23
 20
4349766.2
 10
470095.23
 20
4349766.2
 10
470095.23
 20
4349765.2
 10
470094.23
 20
4349765.2
  0
TEXT
  5
275
330
17
100
AcDbEntity
  8
0
 62
4
100
AcDbText
 10
470094.57
 20
4349765.63
 30
0.0
 40
0.1333
  1
0.69
  7
CN_TTF
 11
470094.57
 21
4349765.63
 31
0.0
100
AcDbText
  0
LWPOLYLINE
  5
276
330
17
100
AcDbEntity
  8
爆区方格网
 62
4
100
AcDbPolyline
 90
5
 70
1
 10
470094.23
 20
4349766.2
 10
470094.23
 20
4349767.2
 10
470095.23
 20
4349767.2
 10
470095.23
 20
4349766.2
 10
470094.23
 20
4349766.2
  0
TEXT
  5
277
330
17
100
AcDbEntity
  8
0
 62
4
100
AcDbText
 10
470094.57
 20
4349766.63
 30
0.0
 40
0.1333
  1
0.69
  7
CN_TTF
 11
470094.57
 21
4349766.63
 31
0.0
100
AcDbText
  0
LWPOLYLINE
  5
278
330
17
100
AcDbEntity
  8
爆区方格网
 62
4
100
AcDbPolyline
 90
5
 70
1
 10
470094.23
 20
4349767.2
 10
470094.23
 20
4349768.2
 10
470095.23
 20
4349768.2
 10
470095.23
 20
4349767.2
 10
470094.23
 20
4349767.2
  0
TEXT
  5
279
330
17
100
AcDbEntity
  8
0
 62
4
100
AcDbText
 10
470094.57
 20
4349767.63
 30
0.0
 40
0.1333
  1
0.69
  7
CN_TTF
 11
470094.57
 21
4349767.63
 31
0.0
100
AcDbText
  0
LWPOLYLINE
  5
27A
330
17
100
AcDbEntity
  8
爆区方格网
 62
4
100
AcDbPolyline
 90
5
 70
1
 10
470094.23
 20
4349768.2
 10
470094.23
 20
4349769.2
 10
470095.23
 20
4349769.2
 10
470095.23
 20
4349768.2
 10
470094.23
 20
4349768.2
  0
TEXT
  5
27B
330
17
100
AcDbEntity
  8
0
 62
4
100
AcDbText
 10
470094.57
 20
4349768.63
 30
0.0
 40
0.1333
  1
0.69
  7
CN_TTF
 11
470094.57
 21
4349768.63
 31
0.0
100
AcDbText
  0
LWPOLYLINE
  5
27C
330
17
100
AcDbEntity
  8
爆区方格网
 62
4
100
AcDbPolyline
 90
6
 70
1
 10
470095.23
 20
4349769.2
 10
470094.23
 20
4349769.2
 10
470094.23
 20
4349770.036
 10
470094.2965930243
 20
4349770.034365233
 10
470095.23
 20
4349769.481089079
 10
470095.23
 20
4349769.2
  0
TEXT
  5
27D
330
17
100
AcDbEntity
  8
0
 62
4
100
AcDbText
 10
470094.33664825646
 20
4349769.687727155
 30
0.0
 40
0.1333
  1
0.69
  7
CN_TTF
 11
470094.33664825646
 21
4349769.687727155
 31
0.0
100
AcDbText
  0
LWPOLYLINE
  5
27E
330
17
100
AcDbEntity
  8
爆区方格网
 62
4
100
AcDbPolyline
 90
12
 70
1
 10
470095.23
 20
4349758.2
 10
470096.23
 20
4349758.2
 10
470096.23
 20
4349757.521971539
 10
470096.15219142335
 20
4349757.50847047
 10
470096.006051421
 20
4349757.49044582
 10
470095.85920302296
 20
4349757.479613631
 10
470095.712
 20
4349757.476
 10
470095.56479697704
 20
4349757.479613631
 10
470095.417948579
 20
4349757.49044582
 10
470095.27180857665
 20
4349757.50847047
 10
470095.23
 20
4349757.515724946
 10
470095.23
 20
4349758.2
  0
TEXT
  5
27F
330
17
100
AcDbEntity
  8
0
 62
4
100
AcDbText
 10
470095.57
 20
4349757.790985769
 30
0.0
 40
0.1333
  1
0.67
  7
CN_TTF
 11
470095.57
 21
4349757.790985769
 31
0.0
100
AcDbText
  0
LWPOLYLINE
  5
280
330
17
100
AcDbEntity
  8
爆区方格网
 62
4
100
AcDbPolyline
 90
5
 70
1
 10
470095.23
 20
4349758.2
 10
470095.23
 20
4349759.2
 10
470096.23
 20
4349759.2
 10
470096.23
 20
4349758.2
 10
470095.23
 20
4349758.2
  0
TEXT
  5
281
330
17
100
AcDbEntity
  8
0
 62
4
100
AcDbText
 10
470095.57
 20
4349758.63
 30
0.0
 40
0.1333
  1
0.67
  7
CN_TTF
 11
470095.57
 21
4349758.63
 31
0.0
100
AcDbText
  0
LWPOLYLINE
  5
282
330
17
100
AcDbEntity
  8
爆区方格网
 62
4
100
AcDbPolyline
 90
5
 70
1
 10
470095.23
 20
4349759.2
 10
470095.23
 20
4349760.2
 10
470096.23
 20
4349760.2
 10
470096.23
 20
4349759.2
 10
470095.23
 20
4349759.2
  0
TEXT
  5
283
330
17
100
AcDbEntity
  8
0
 62
4
100
AcDbText
 10
470095.57
 20
4349759.63
 30
0.0
 40
0.1333
  1
0.67
  7
CN_TTF
 11
470095.57
 21
4349759.63
 31
0.0
100
AcDbText
  0
LWPOLYLINE
  5
284
330
17
100
AcDbEntity
  8
爆区方格网
 62
4
100
AcDbPolyline
 90
5
 70
1
 10
470095.23
 20
4349760.2
 10
470095.23
 20
4349761.2
 10
470096.23
 20
4349761.2
 10
470096.23
 20
4349760.2
 10
470095.23
 20
4349760.2
  0
TEXT
  5
285
330
17
100
AcDbEntity
  8
0
 62
4
100
AcDbText
 10
470095.57
 20
4349760.63
 30
0.0
 40
0.1333
  1
0.67
  7
CN_TTF
 11
470095.57
 21
4349760.63
 31
0.0
100
AcDbText
  0
LWPOLYLINE
  5
286
330
17
100
AcDbEntity
  8
爆区方格网
 62
4
100
AcDbPolyline
 90
5
 70
1
 10
470095.23
 20
4349761.2
 10
470095.23
 20
4349762.2
 10
470096.23
 20
4349762.2
 10
470096.23
 20
4349761.2
 10
470095.23
 20
4349761.2
  0
TEXT
  5
287
330
17
100
AcDbEntity
  8
0
 62
4
100
AcDbText
 10
470095.57
 20
4349761.63
 30
0.0
 40
0.1333
  1
0.67
  7
CN_TTF
 11
470095.57
 21
4349761.63
 31
0.0
100
AcDbText
  0
LWPOLYLINE
  5
288
330
17
100
AcDbEntity
  8
爆区方格网
 62
4
100
AcDbPolyline
 90
5
 70
1
 10
470095.23
 20
4349762.2
 10
470095.23
 20
4349763.2
 10
470096.23
 20
4349763.2
 10
470096.23
 20
4349762.2
 10
470095.23
 20
4349762.2
  0
TEXT
  5
289
330
17
100
AcDbEntity
  8
0
 62
4
100
AcDbText
 10
470095.57
 20
4349762.63
 30
0.0
 40
0.1333
  1
0.67
  7
CN_TTF
 11
470095.57
 21
4349762.63
 31
0.0
100
AcDbText
  0
LWPOLYLINE
  5
28A
330
17
100
AcDbEntity
  8
爆区方格网
 62
4
100
AcDbPolyline
 90
8
 70
1
 10
470095.23
 20
4349765.2
 10
470095.9689839465
 20
4349765.2
 10
470095.6296699614
 20
4349764.382927328
 10
470095.51266528026
 20
4349764.324032121
 10
470095.3780502971
 20
4349764.264361403
 10
470095.24066956015
 20
4349764.211367805
 10
470095.23
 20
4349764.207843058
 10
470095.23
 20
4349765.2
  0
TEXT
  5
28B
330
17
100
AcDbEntity
  8
0
 62
4
100
AcDbText
 10
470095.3546634769
 20
4349764.7214636635
 30
0.0
 40
0.1333
  1
0.69
  7
CN_TTF
 11
470095.3546634769
 21
4349764.7214636635
 31
0.0
100
AcDbText
  0
LWPOLYLINE
  5
28C
330
17
100
AcDbEntity
  8
爆区方格网
 62
4
100
AcDbPolyline
 90
6
 70
1
 10
470095.23
 20
4349765.2
 10
470095.23
 20
4349766.2
 10
470096.23
 20
4349766.2
 10
470096.23
 20
4349765.828530192
 10
470095.9689839465
 20
4349765.2
 10
470095.23
 20
4349765.2
  0
TEXT
  5
28D
330
17
100
AcDbEntity
  8
0
 62
4
100
AcDbText
 10
470095.50474598655
 20
4349765.4442650955
 30
0.0
 40
0.1333
  1
0.69
  7
CN_TTF
 11
470095.50474598655
 21
4349765.4442650955
 31
0.0
100
AcDbText
  0
LWPOLYLINE
  5
28E
330
17
100
AcDbEntity
  8
爆区方格网
 62
4
100
AcDbPolyline
 90
5
 70
1
 10
470095.23
 20
4349766.2
 10
470095.23
 20
4349767.2
 10
470096.23
 20
4349767.2
 10
470096.23
 20
4349766.2
 10
470095.23
 20
4349766.2
  0
TEXT
  5
28F
330
17
100
AcDbEntity
  8
0
 62
4
100
AcDbText
 10
470095.57
 20
4349766.63
 30
0.0
 40
0.1333
  1
0.69
  7
CN_TTF
 11
470095.57
 21
4349766.63
 31
0.0
100
AcDbText
  0
LWPOLYLINE
  5
290
330
17
100
AcDbEntity
  8
爆区方格网
 62
4
100
AcDbPolyline
 90
5
 70
1
 10
470095.23
 20
4349767.2
 10
470095.23
 20
4349768.2
 10
470096.23
 20
4349768.2
 10
470096.23
 20
4349767.2
 10
470095.23
 20
4349767.2
  0
TEXT
  5
291
330
17
100
AcDbEntity
  8
0
 62
4
100
AcDbText
 10
470095.57
 20
4349767.63
 30
0.0
 40
0.1333
  1
0.69
  7
CN_TTF
 11
470095.57
 21
4349767.63
 31
0.0
100
AcDbText
  0
LWPOLYLINE
  5
292
330
17
100
AcDbEntity
  8
爆区方格网
 62
4
100
AcDbPolyline
 90
6
 70
1
 10
470096.23
 20
4349768.2
 10
470095.23
 20
4349768.2
 10
470095.23
 20
4349769.2
 10
470095.7042125691
 20
4349769.2
 10
470096.23
 20
4349768.888339968
 10
470096.23
 20
4349768.2
  0
TEXT
  5
293
330
17
100
AcDbEntity
  8
0
 62
4
100
AcDbText
 10
470095.57
 20
4349768.474169984
 30
0.0
 40
0.1333
  1
0.69
  7
CN_TTF
 11
470095.57
 21
4349768.474169984
 31
0.0
100
AcDbText
  0
LWPOLYLINE
  5
294
330
17
100
AcDbEntity
  8
爆区方格网
 62
4
100
AcDbPolyline
 90
13
 70
1
 10
470096.23
 20
4349758.2
 10
470097.23
 20
4349758.2
 10
470097.23
 20
4349757.907983602
 10
470097.21593974176
 20
4349757.8810786875
 10
470097.12619021046
 20
4349757.830236207
 10
470096.9946652803
 20
4349757.764032121
 10
470096.8600502971
 20
4349757.704361402
 10
470096.7226695602
 20
4349757.651367804
 10
470096.58285403176
 20
4349757.605178992
 10
470096.4409405397
 20
4349757.565906241
 10
470096.29727096605
 20
4349757.533644158
 10
470096.23
 20
4349757.521971539
 10
470096.23
 20
4349758.2
  0
TEXT
  5
295
330
17
100
AcDbEntity
  8
0
 62
4
100
AcDbText
 10
470096.5405324881
 20
4349757.785657447
 30
0.0
 40
0.1333
  1
0.67
  7
CN_TTF
 11
470096.5405324881
 21
4349757.785657447
 31
0.0
100
AcDbText
  0
LWPOLYLINE
  5
296
330
17
100
AcDbEntity
  8
爆区方格网
 62
4
100
AcDbPolyline
 90
5
 70
1
 10
470096.23
 20
4349758.2
 10
470096.23
 20
4349759.2
 10
470097.23
 20
4349759.2
 10
470097.23
 20
4349758.2
 10
470096.23
 20
4349758.2
  0
TEXT
  5
297
330
17
100
AcDbEntity
  8
0
 62
4
100
AcDbText
 10
470096.57
 20
4349758.63
 30
0.0
 40
0.1333
  1
0.67
  7
CN_TTF
 11
470096.57
 21
4349758.63
 31
0.0
100
AcDbText
  0
LWPOLYLINE
  5
298
330
17
100
AcDbEntity
  8
爆区方格网
 62
4
100
AcDbPolyline
 90
5
 70
1
 10
470096.23
 20
4349759.2
 10
470096.23
 20
4349760.2
 10
470097.23
 20
4349760.2
 10
470097.23
 20
4349759.2
 10
470096.23
 20
4349759.2
  0
TEXT
  5
299
330
17
100
AcDbEntity
  8
0
 62
4
100
AcDbText
 10
470096.57
 20
4349759.63
 30
0.0
 40
0.1333
  1
0.67
  7
CN_TTF
 11
470096.57
 21
4349759.63
 31
0.0
100
AcDbText
  0
LWPOLYLINE
  5
29A
330
17
100
AcDbEntity
  8
爆区方格网
 62
4
100
AcDbPolyline
 90
5
 70
1
 10
470096.23
 20
4349760.2
 10
470096.23
 20
4349761.2
 10
470097.23
 20
4349761.2
 10
470097.23
 20
4349760.2
 10
470096.23
 20
4349760.2
  0
TEXT
  5
29B
330
17
100
AcDbEntity
  8
0
 62
4
100
AcDbText
 10
470096.57
 20
4349760.63
 30
0.0
 40
0.1333
  1
0.67
  7
CN_TTF
 11
470096.57
 21
4349760.63
 31
0.0
100
AcDbText
  0
LWPOLYLINE
  5
29C
330
17
100
AcDbEntity
  8
爆区方格网
 62
4
100
AcDbPolyline
 90
5
 70
1
 10
470096.23
 20
4349761.2
 10
470096.23
 20
4349762.2
 10
470097.23
 20
4349762.2
 10
470097.23
 20
4349761.2
 10
470096.23
 20
4349761.2
  0
TEXT
  5
29D
330
17
100
AcDbEntity
  8
0
 62
4
100
AcDbText
 10
470096.57
 20
4349761.63
 30
0.0
 40
0.1333
  1
0.67
  7
CN_TTF
 11
470096.57
 21
4349761.63
 31
0.0
100
AcDbText
  0
LWPOLYLINE
  5
29E
330
17
100
AcDbEntity
  8
爆区方格网
 62
4
100
AcDbPolyline
 90
6
 70
1
 10
470097.23
 20
4349762.2
 10
470096.23
 20
4349762.2
 10
470096.23
 20
4349763.2
 10
470096.5371606813
 20
4349763.2
 10
470097.23
 20
4349762.797001357
 10
470097.23
 20
4349762.2
  0
TEXT
  5
29F
330
17
100
AcDbEntity
  8
0
 62
4
100
AcDbText
 10
470096.57
 20
4349762.428500678
 30
0.0
 40
0.1333
  1
0.67
  7
CN_TTF
 11
470096.57
 21
4349762.428500678
 31
0.0
100
AcDbText
  0
LWPOLYLINE
  5
2A0
330
17
100
AcDbEntity
  8
爆区方格网
 62
4
100
AcDbPolyline
 90
8
 70
1
 10
470096.23
 20
4349767.2
 10
470096.23
 20
4349768.2
 10
470096.9945685805
 20
4349768.2
 10
470097.0016385975
 20
4349768.184050297
 10
470097.0546321955
 20
4349768.0466695605
 10
470097.09739419114
 20
4349767.917227153
 10
470096.7995440589
 20
4349767.2
 10
470096.23
 20
4349767.2
  0
TEXT
  5
2A1
330
17
100
AcDbEntity
  8
0
 62
4
100
AcDbText
 10
470096.42923456244
 20
4349767.488613576
 30
0.0
 40
0.1333
  1
0.69
  7
CN_TTF
 11
470096.42923456244
 21
4349767.488613576
 31
0.0
100
AcDbText
  0
LWPOLYLINE
  5
2A2
330
17
100
AcDbEntity
  8
爆区方格网
 62
4
100
AcDbPolyline
 90
6
 70
1
 10
470097.23
 20
4349759.2
 10
470097.23
 20
4349760.2
 10
470098.23
 20
4349760.2
 10
470098.23
 20
4349759.821527043
 10
470097.9051957493
 20
4349759.2
 10
470097.23
 20
4349759.2
  0
TEXT
  5
2A3
330
17
100
AcDbEntity
  8
0
 62
4
100
AcDbText
 10
470097.48879893747
 20
4349759.440763522
 30
0.0
 40
0.1333
  1
0.67
  7
CN_TTF
 11
470097.48879893747
 21
4349759.440763522
 31
0.0
100
AcDbText
  0
LWPOLYLINE
  5
2A4
330
17
100
AcDbEntity
  8
爆区方格网
 62
4
100
AcDbPolyline
 90
5
 70
1
 10
470097.23
 20
4349760.2
 10
470097.23
 20
4349761.2
 10
470098.23
 20
4349761.2
 10
470098.23
 20
4349760.2
 10
470097.23
 20
4349760.2
  0
TEXT
  5
2A5
330
17
100
AcDbEntity
  8
0
 62
4
100
AcDbText
 10
470097.57
 20
4349760.63
 30
0.0
 40
0.1333
  1
0.67
  7
CN_TTF
 11
470097.57
 21
4349760.63
 31
0.0
100
AcDbText
  0
LWPOLYLINE
  5
2A6
330
17
100
AcDbEntity
  8
爆区方格网
 62
4
100
AcDbPolyline
 90
7
 70
1
 10
470098.23
 20
4349761.2
 10
470097.23
 20
4349761.2
 10
470097.23
 20
4349762.2
 10
470098.1660611585
 20
4349762.2
 10
470098.2064088369
 20
4349762.142710699
 10
470098.23
 20
4349762.105456181
 10
470098.23
 20
4349761.2
  0
TEXT
  5
2A7
330
17
100
AcDbEntity
  8
0
 62
4
100
AcDbText
 10
470097.57
 20
4349761.58272809
 30
0.0
 40
0.1333
  1
0.67
  7
CN_TTF
 11
470097.57
 21
4349761.58272809
 31
0.0
100
AcDbText
  0
LINE
  5
2A8
330
17
100
AcDbEntity
  8
点
 62
138
420
19532
100
AcDbLine
 10
470103.485
 20
4349729.2
 30
0.0
 11
470104.485
 21
4349729.2
 31
0.0
  0
LINE
  5
2A9
330
17
100
AcDbEntity
  8
点
 62
138
420
19532
100
AcDbLine
 10
470103.985
 20
4349728.7
 30
0.0
 11
470103.985
 21
4349729.7
 31
0.0
  0
LINE
  5
2AA
330
17
100
AcDbEntity
  8
钻孔
 62
5
370
35
100
AcDbLine
 10
470103.985
 20
4349729.2
 30
0.0
 11
470102.785
 21
4349729.2
 31
0.0
  0
TEXT
  5
2AB
330
17
100
AcDbEntity
  8
钻孔
 62
138
420
19532
100
AcDbText
 10
470101.70499999996
 20
4349729.600000001
 30
0.0
 40
0.4
  1
BS-3940-1008-P1
  7
CN_TTF
 11
470101.70499999996
 21
4349729.600000001
 31
0.0
100
AcDbText
  0
TEXT
  5
2AC
330
17
100
AcDbEntity
  8
钻孔
 62
5
100
AcDbText
 10
470100.795
 20
4349728.850000001
 30
0.0
 40
0.7
  1
1.11
  7
CN_TTF
 11
470100.795
 21
4349728.850000001
 31
0.0
100
AcDbText
  0
LINE
  5
2AD
330
17
100
AcDbEntity
  8
点
 62
138
420
19532
100
AcDbLine
 10
470105.711
 20
4349731.335
 30
0.0
 11
470106.711
 21
4349731.335
 31
0.0
  0
LINE
  5
2AE
330
17
100
AcDbEntity
  8
点
 62
138
420
19532
100
AcDbLine
 10
470106.211
 20
4349730.835
 30
0.0
 11
470106.211
 21
4349731.835
 31
0.0
  0
LINE
  5
2AF
330
17
100
AcDbEntity
  8
钻孔
 62
5
370
35
100
AcDbLine
 10
470106.211
 20
4349731.335
 30
0.0
 11
470105.011
 21
4349731.335
 31
0.0
  0
TEXT
  5
2B0
330
17
100
AcDbEntity
  8
钻孔
 62
138
420
19532
100
AcDbText
 10
470103.931
 20
4349731.735
 30
0.0
 40
0.4
  1
BS-3940-1008-P2
  7
CN_TTF
 11
470103.931
 21
4349731.735
 31
0.0
100
AcDbText
  0
TEXT
  5
2B1
330
17
100
AcDbEntity
  8
钻孔
 62
5
100
AcDbText
 10
470103.021
 20
4349730.985
 30
0.0
 40
0.7
  1
1.35
  7
CN_TTF
 11
470103.021
 21
4349730.985
 31
0.0
100
AcDbText
  0
LINE
  5
2B2
330
17
100
AcDbEntity
  8
点
 62
138
420
19532
100
AcDbLine
 10
470102.881
 20
4349733.749
 30
0.0
 11
470103.881
 21
4349733.749
 31
0.0
  0
LINE
  5
2B3
330
17
100
AcDbEntity
  8
点
 62
138
420
19532
100
AcDbLine
 10
470103.381
 20
4349733.249
 30
0.0
 11
470103.381
 21
4349734.249
 31
0.0
  0
LINE
  5
2B4
330
17
100
AcDbEntity
  8
钻孔
 62
5
370
35
100
AcDbLine
 10
470103.381
 20
4349733.749
 30
0.0
 11
470102.181
 21
4349733.749
 31
0.0
  0
TEXT
  5
2B5
330
17
100
AcDbEntity
  8
钻孔
 62
138
420
19532
100
AcDbText
 10
470101.10099999997
 20
4349734.149
 30
0.0
 40
0.4
  1
BS-3940-1008-P3
  7
CN_TTF
 11
470101.10099999997
 21
4349734.149
 31
0.0
100
AcDbText
  0
TEXT
  5
2B6
330
17
100
AcDbEntity
  8
钻孔
 62
5
100
AcDbText
 10
470100.191
 20
4349733.399
 30
0.0
 40
0.7
  1
1.32
  7
CN_TTF
 11
470100.191
 21
4349733.399
 31
0.0
100
AcDbText
  0
LINE
  5
2B7
330
17
100
AcDbEntity
  8
点
 62
138
420
19532
100
AcDbLine
 10
470103.756
 20
4349736.512
 30
0.0
 11
470104.756
 21
4349736.512
 31
0.0
  0
LINE
  5
2B8
330
17
100
AcDbEntity
  8
点
 62
138
420
19532
100
AcDbLine
 10
470104.256
 20
4349736.012
 30
0.0
 11
470104.256
 21
4349737.012
 31
0.0
  0
LINE
  5
2B9
330
17
100
AcDbEntity
  8
钻孔
 62
4
370
35
100
AcDbLine
 10
470104.256
 20
4349736.512
 30
0.0
 11
470103.056
 21
4349736.512
 31
0.0
  0
TEXT
  5
2BA
330
17
100
AcDbEntity
  8
钻孔
 62
138
420
19532
100
AcDbText
 10
470101.97599999997
 20
4349736.9120000005
 30
0.0
 40
0.4
  1
BS-3940-1008-P4
  7
CN_TTF
 11
470101.97599999997
 21
4349736.9120000005
 31
0.0
100
AcDbText
  0
TEXT
  5
2BB
330
17
100
AcDbEntity
  8
钻孔
 62
4
100
AcDbText
 10
470101.066
 20
4349736.1620000005
 30
0.0
 40
0.7
  1
0.87
  7
CN_TTF
 11
470101.066
 21
4349736.1620000005
 31
0.0
100
AcDbText
  0
LINE
  5
2BC
330
17
100
AcDbEntity
  8
点
 62
138
420
19532
100
AcDbLine
 10
470100.71
 20
4349739.658
 30
0.0
 11
470101.71
 21
4349739.658
 31
0.0
  0
LINE
  5
2BD
330
17
100
AcDbEntity
  8
点
 62
138
420
19532
100
AcDbLine
 10
470101.21
 20
4349739.158
 30
0.0
 11
470101.21
 21
4349740.158
 31
0.0
  0
LINE
  5
2BE
330
17
100
AcDbEntity
  8
钻孔
 62
5
370
35
100
AcDbLine
 10
470101.21
 20
4349739.658
 30
0.0
 11
470100.01
 21
4349739.658
 31
0.0
  0
TEXT
  5
2BF
330
17
100
AcDbEntity
  8
钻孔
 62
138
420
19532
100
AcDbText
 10
470098.93
 20
4349740.058
 30
0.0
 40
0.4
  1
BS-3940-1008-P5
  7
CN_TTF
 11
470098.93
 21
4349740.058
 31
0.0
100
AcDbText
  0
TEXT
  5
2C0
330
17
100
AcDbEntity
  8
钻孔
 62
5
100
AcDbText
 10
470098.02
 20
4349739.308
 30
0.0
 40
0.7
  1
1.26
  7
CN_TTF
 11
470098.02
 21
4349739.308
 31
0.0
100
AcDbText
  0
LINE
  5
2C1
330
17
100
AcDbEntity
  8
点
 62
138
420
19532
100
AcDbLine
 10
470103.323
 20
4349744.23
 30
0.0
 11
470104.323
 21
4349744.23
 31
0.0
  0
LINE
  5
2C2
330
17
100
AcDbEntity
  8
点
 62
138
420
19532
100
AcDbLine
 10
470103.823
 20
4349743.73
 30
0.0
 11
470103.823
 21
4349744.73
 31
0.0
  0
LINE
  5
2C3
330
17
100
AcDbEntity
  8
钻孔
 62
4
370
35
100
AcDbLine
 10
470103.823
 20
4349744.23
 30
0.0
 11
470102.62299999996
 21
4349744.23
 31
0.0
  0
TEXT
  5
2C4
330
17
100
AcDbEntity
  8
钻孔
 62
138
420
19532
100
AcDbText
 10
470101.54299999995
 20
4349744.630000001
 30
0.0
 40
0.4
  1
BS-3940-1008-P6
  7
CN_TTF
 11
470101.54299999995
 21
4349744.630000001
 31
0.0
100
AcDbText
  0
TEXT
  5
2C5
330
17
100
AcDbEntity
  8
钻孔
 62
4
100
AcDbText
 10
470100.633
 20
4349743.880000001
 30
0.0
 40
0.7
  1
0.71
  7
CN_TTF
 11
470100.633
 21
4349743.880000001
 31
0.0
100
AcDbText
  0
LINE
  5
2C6
330
17
100
AcDbEntity
  8
点
 62
138
420
19532
100
AcDbLine
 10
470098.941
 20
4349746.238
 30
0.0
 11
470099.941
 21
4349746.238
 31
0.0
  0
LINE
  5
2C7
330
17
100
AcDbEntity
  8
点
 62
138
420
19532
100
AcDbLine
 10
470099.441
 20
4349745.738
 30
0.0
 11
470099.441
 21
4349746.738
 31
0.0
  0
LINE
  5
2C8
330
17
100
AcDbEntity
  8
钻孔
 62
5
370
35
100
AcDbLine
 10
470099.441
 20
4349746.238
 30
0.0
 11
470098.241
 21
4349746.238
 31
0.0
  0
TEXT
  5
2C9
330
17
100
AcDbEntity
  8
钻孔
 62
138
420
19532
100
AcDbText
 10
470097.16099999996
 20
4349746.638
 30
0.0
 40
0.4
  1
BS-3940-1008-P7
  7
CN_TTF
 11
470097.16099999996
 21
4349746.638
 31
0.0
100
AcDbText
  0
TEXT
  5
2CA
330
17
100
AcDbEntity
  8
钻孔
 62
5
100
AcDbText
 10
470096.251
 20
4349745.888
 30
0.0
 40
0.7
  1
1.04
  7
CN_TTF
 11
470096.251
 21
4349745.888
 31
0.0
100
AcDbText
  0
LINE
  5
2CB
330
17
100
AcDbEntity
  8
点
 62
138
420
19532
100
AcDbLine
 10
470101.488
 20
4349750.804
 30
0.0
 11
470102.488
 21
4349750.804
 31
0.0
  0
LINE
  5
2CC
330
17
100
AcDbEntity
  8
点
 62
138
420
19532
100
AcDbLine
 10
470101.988
 20
4349750.304
 30
0.0
 11
470101.988
 21
4349751.304
 31
0.0
  0
LINE
  5
2CD
330
17
100
AcDbEntity
  8
钻孔
 62
4
370
35
100
AcDbLine
 10
470101.988
 20
4349750.804
 30
0.0
 11
470100.788
 21
4349750.804
 31
0.0
  0
TEXT
  5
2CE
330
17
100
AcDbEntity
  8
钻孔
 62
138
420
19532
100
AcDbText
 10
470099.708
 20
4349751.204
 30
0.0
 40
0.4
  1
BS-3940-1008-P8
  7
CN_TTF
 11
470099.708
 21
4349751.204
 31
0.0
100
AcDbText
  0
TEXT
  5
2CF
330
17
100
AcDbEntity
  8
钻孔
 62
4
100
AcDbText
 10
470098.798
 20
4349750.454
 30
0.0
 40
0.7
  1
0.51
  7
CN_TTF
 11
470098.798
 21
4349750.454
 31
0.0
100
AcDbText
  0
LINE
  5
2D0
330
17
100
AcDbEntity
  8
点
 62
138
420
19532
100
AcDbLine
 10
470106.034
 20
4349750.135
 30
0.0
 11
470107.034
 21
4349750.135
 31
0.0
  0
LINE
  5
2D1
330
17
100
AcDbEntity
  8
点
 62
138
420
19532
100
AcDbLine
 10
470106.534
 20
4349749.635
 30
0.0
 11
470106.534
 21
4349750.635
 31
0.0
  0
LINE
  5
2D2
330
17
100
AcDbEntity
  8
钻孔
 62
4
370
35
100
AcDbLine
 10
470106.534
 20
4349750.135
 30
0.0
 11
470105.334
 21
4349750.135
 31
0.0
  0
TEXT
  5
2D3
330
17
100
AcDbEntity
  8
钻孔
 62
138
420
19532
100
AcDbText
 10
470104.25399999996
 20
4349750.535
 30
0.0
 40
0.4
  1
BS-3940-1008-P9
  7
CN_TTF
 11
470104.25399999996
 21
4349750.535
 31
0.0
100
AcDbText
  0
TEXT
  5
2D4
330
17
100
AcDbEntity
  8
钻孔
 62
4
100
AcDbText
 10
470103.344
 20
4349749.785
 30
0.0
 40
0.7
  1
0.82
  7
CN_TTF
 11
470103.344
 21
4349749.785
 31
0.0
100
AcDbText
  0
LINE
  5
2D5
330
17
100
AcDbEntity
  8
点
 62
138
420
19532
100
AcDbLine
 10
470109.301
 20
4349753.499
 30
0.0
 11
470110.301
 21
4349753.499
 31
0.0
  0
LINE
  5
2D6
330
17
100
AcDbEntity
  8
点
 62
138
420
19532
100
AcDbLine
 10
470109.801
 20
4349752.999
 30
0.0
 11
470109.801
 21
4349753.999
 31
0.0
  0
LINE
  5
2D7
330
17
100
AcDbEntity
  8
钻孔
 62
8
370
35
100
AcDbLine
 10
470109.801
 20
4349753.499
 30
0.0
 11
470108.60099999997
 21
4349753.499
 31
0.0
  0
TEXT
  5
2D8
330
17
100
AcDbEntity
  8
钻孔
 62
138
420
19532
100
AcDbText
 10
470107.52099999995
 20
4349753.899
 30
0.0
 40
0.4
  1
BS-3940-1008-P10
  7
CN_TTF
 11
470107.52099999995
 21
4349753.899
 31
0.0
100
AcDbText
  0
TEXT
  5
2D9
330
17
100
AcDbEntity
  8
钻孔
 62
8
100
AcDbText
 10
470106.611
 20
4349753.149
 30
0.0
 40
0.7
  1
0.15
  7
CN_TTF
 11
470106.611
 21
4349753.149
 31
0.0
100
AcDbText
  0
LINE
  5
2DA
330
17
100
AcDbEntity
  8
点
 62
138
420
19532
100
AcDbLine
 10
470104.63
 20
4349755.804
 30
0.0
 11
470105.63
 21
4349755.804
 31
0.0
  0
LINE
  5
2DB
330
17
100
AcDbEntity
  8
点
 62
138
420
19532
100
AcDbLine
 10
470105.13
 20
4349755.304
 30
0.0
 11
470105.13
 21
4349756.304
 31
0.0
  0
LINE
  5
2DC
330
17
100
AcDbEntity
  8
钻孔
 62
8
370
35
100
AcDbLine
 10
470105.13
 20
4349755.804
 30
0.0
 11
470103.93
 21
4349755.804
 31
0.0
  0
TEXT
  5
2DD
330
17
100
AcDbEntity
  8
钻孔
 62
138
420
19532
100
AcDbText
 10
470102.85
 20
4349756.204
 30
0.0
 40
0.4
  1
BS-3940-1008-P11
  7
CN_TTF
 11
470102.85
 21
4349756.204
 31
0.0
100
AcDbText
  0
TEXT
  5
2DE
330
17
100
AcDbEntity
  8
钻孔
 62
8
100
AcDbText
 10
470101.94
 20
4349755.454
 30
0.0
 40
0.7
  1
0.18
  7
CN_TTF
 11
470101.94
 21
4349755.454
 31
0.0
100
AcDbText
  0
LINE
  5
2DF
330
17
100
AcDbEntity
  8
点
 62
138
420
19532
100
AcDbLine
 10
470096.92
 20
4349753.81
 30
0.0
 11
470097.92
 21
4349753.81
 31
0.0
  0
LINE
  5
2E0
330
17
100
AcDbEntity
  8
点
 62
138
420
19532
100
AcDbLine
 10
470097.42
 20
4349753.31
 30
0.0
 11
470097.42
 21
4349754.31
 31
0.0
  0
LINE
  5
2E1
330
17
100
AcDbEntity
  8
钻孔
 62
5
370
35
100
AcDbLine
 10
470097.42
 20
4349753.81
 30
0.0
 11
470096.22
 21
4349753.81
 31
0.0
  0
TEXT
  5
2E2
330
17
100
AcDbEntity
  8
钻孔
 62
138
420
19532
100
AcDbText
 10
470095.13999999996
 20
4349754.21
 30
0.0
 40
0.4
  1
BS-3940-1008-P12
  7
CN_TTF
 11
470095.13999999996
 21
4349754.21
 31
0.0
100
AcDbText
  0
TEXT
  5
2E3
330
17
100
AcDbEntity
  8
钻孔
 62
5
100
AcDbText
 10
470094.23
 20
4349753.46
 30
0.0
 40
0.7
  1
1.16
  7
CN_TTF
 11
470094.23
 21
4349753.46
 31
0.0
100
AcDbText
  0
LINE
  5
2E4
330
17
100
AcDbEntity
  8
点
 62
138
420
19532
100
AcDbLine
 10
470099.705
 20
4349758.128
 30
0.0
 11
470100.705
 21
4349758.128
 31
0.0
  0
LINE
  5
2E5
330
17
100
AcDbEntity
  8
点
 62
138
420
19532
100
AcDbLine
 10
470100.205
 20
4349757.628
 30
0.0
 11
470100.205
 21
4349758.628
 31
0.0
  0
LINE
  5
2E6
330
17
100
AcDbEntity
  8
钻孔
 62
8
370
35
100
AcDbLine
 10
470100.205
 20
4349758.128
 30
0.0
 11
470099.005
 21
4349758.128
 31
0.0
  0
TEXT
  5
2E7
330
17
100
AcDbEntity
  8
钻孔
 62
138
420
19532
100
AcDbText
 10
470097.925
 20
4349758.528
 30
0.0
 40
0.4
  1
BS-3940-1008-P13
  7
CN_TTF
 11
470097.925
 21
4349758.528
 31
0.0
100
AcDbText
  0
TEXT
  5
2E8
330
17
100
AcDbEntity
  8
钻孔
 62
8
100
AcDbText
 10
470097.015
 20
4349757.778
 30
0.0
 40
0.7
  1
0.38
  7
CN_TTF
 11
470097.015
 21
4349757.778
 31
0.0
100
AcDbText
  0
LINE
  5
2E9
330
17
100
AcDbEntity
  8
点
 62
138
420
19532
100
AcDbLine
 10
470095.212
 20
4349760.476
 30
0.0
 11
470096.212
 21
4349760.476
 31
0.0
  0
LINE
  5
2EA
330
17
100
AcDbEntity
  8
点
 62
138
420
19532
100
AcDbLine
 10
470095.712
 20
4349759.976
 30
0.0
 11
470095.712
 21
4349760.976
 31
0.0
  0
LINE
  5
2EB
330
17
100
AcDbEntity
  8
钻孔
 62
4
370
35
100
AcDbLine
 10
470095.712
 20
4349760.476
 30
0.0
 11
470094.512
 21
4349760.476
 31
0.0
  0
TEXT
  5
2EC
330
17
100
AcDbEntity
  8
钻孔
 62
138
420
19532
100
AcDbText
 10
470093.432
 20
4349760.876
 30
0.0
 40
0.4
  1
BS-3940-1008-P14
  7
CN_TTF
 11
470093.432
 21
4349760.876
 31
0.0
100
AcDbText
  0
TEXT
  5
2ED
330
17
100
AcDbEntity
  8
钻孔
 62
4
100
AcDbText
 10
470092.522
 20
4349760.126
 30
0.0
 40
0.7
  1
0.67
  7
CN_TTF
 11
470092.522
 21
4349760.126
 31
0.0
100
AcDbText
  0
LINE
  5
2EE
330
17
100
AcDbEntity
  8
点
 62
138
420
19532
100
AcDbLine
 10
470102.708
 20
4349762.47
 30
0.0
 11
470103.708
 21
4349762.47
 31
0.0
  0
LINE
  5
2EF
330
17
100
AcDbEntity
  8
点
 62
138
420
19532
100
AcDbLine
 10
470103.208
 20
4349761.97
 30
0.0
 11
470103.208
 21
4349762.97
 31
0.0
  0
LINE
  5
2F0
330
17
100
AcDbEntity
  8
钻孔
 62
8
370
35
100
AcDbLine
 10
470103.208
 20
4349762.47
 30
0.0
 11
470102.008
 21
4349762.47
 31
0.0
  0
TEXT
  5
2F1
330
17
100
AcDbEntity
  8
钻孔
 62
138
420
19532
100
AcDbText
 10
470100.92799999996
 20
4349762.87
 30
0.0
 40
0.4
  1
BS-3940-1008-P15
  7
CN_TTF
 11
470100.92799999996
 21
4349762.87
 31
0.0
100
AcDbText
  0
TEXT
  5
2F2
330
17
100
AcDbEntity
  8
钻孔
 62
8
100
AcDbText
 10
470100.018
 20
4349762.12
 30
0.0
 40
0.7
  1
0.11
  7
CN_TTF
 11
470100.018
 21
4349762.12
 31
0.0
100
AcDbText
  0
LINE
  5
2F3
330
17
100
AcDbEntity
  8
点
 62
138
420
19532
100
AcDbLine
 10
470107.55
 20
4349760.481
 30
0.0
 11
470108.55
 21
4349760.481
 31
0.0
  0
LINE
  5
2F4
330
17
100
AcDbEntity
  8
点
 62
138
420
19532
100
AcDbLine
 10
470108.05
 20
4349759.981
 30
0.0
 11
470108.05
 21
4349760.981
 31
0.0
  0
LINE
  5
2F5
330
17
100
AcDbEntity
  8
钻孔
 62
8
370
35
100
AcDbLine
 10
470108.05
 20
4349760.481
 30
0.0
 11
470106.85
 21
4349760.481
 31
0.0
  0
TEXT
  5
2F6
330
17
100
AcDbEntity
  8
钻孔
 62
138
420
19532
100
AcDbText
 10
470105.76999999996
 20
4349760.881
 30
0.0
 40
0.4
  1
BS-3940-1008-P16
  7
CN_TTF
 11
470105.76999999996
 21
4349760.881
 31
0.0
100
AcDbText
  0
TEXT
  5
2F7
330
17
100
AcDbEntity
  8
钻孔
 62
8
100
AcDbText
 10
470104.86
 20
4349760.131
 30
0.0
 40
0.7
  1
0.17
  7
CN_TTF
 11
470104.86
 21
4349760.131
 31
0.0
100
AcDbText
  0
LINE
  5
2F8
330
17
100
AcDbEntity
  8
点
 62
138
420
19532
100
AcDbLine
 10
470111.465
 20
4349758.65
 30
0.0
 11
470112.465
 21
4349758.65
 31
0.0
  0
LINE
  5
2F9
330
17
100
AcDbEntity
  8
点
 62
138
420
19532
100
AcDbLine
 10
470111.965
 20
4349758.15
 30
0.0
 11
470111.965
 21
4349759.15
 31
0.0
  0
LINE
  5
2FA
330
17
100
AcDbEntity
  8
钻孔
 62
8
370
35
100
AcDbLine
 10
470111.965
 20
4349758.65
 30
0.0
 11
470110.765
 21
4349758.65
 31
0.0
  0
TEXT
  5
2FB
330
17
100
AcDbEntity
  8
钻孔
 62
138
420
19532
100
AcDbText
 10
470109.685
 20
4349759.050000001
 30
0.0
 40
0.4
  1
BS-3940-1008-P17
  7
CN_TTF
 11
470109.685
 21
4349759.050000001
 31
0.0
100
AcDbText
  0
TEXT
  5
2FC
330
17
100
AcDbEntity
  8
钻孔
 62
8
100
AcDbText
 10
470108.775
 20
4349758.300000001
 30
0.0
 40
0.7
  1
0.12
  7
CN_TTF
 11
470108.775
 21
4349758.300000001
 31
0.0
100
AcDbText
  0
LINE
  5
2FD
330
17
100
AcDbEntity
  8
点
 62
138
420
19532
100
AcDbLine
 10
470112.041
 20
4349754.645
 30
0.0
 11
470113.041
 21
4349754.645
 31
0.0
  0
LINE
  5
2FE
330
17
100
AcDbEntity
  8
点
 62
138
420
19532
100
AcDbLine
 10
470112.541
 20
4349754.145
 30
0.0
 11
470112.541
 21
4349755.145
 31
0.0
  0
LINE
  5
2FF
330
17
100
AcDbEntity
  8
钻孔
 62
8
370
35
100
AcDbLine
 10
470112.541
 20
4349754.645
 30
0.0
 11
470111.341
 21
4349754.645
 31
0.0
  0
TEXT
  5
300
330
17
100
AcDbEntity
  8
钻孔
 62
138
420
19532
100
AcDbText
 10
470110.261
 20
4349755.045
 30
0.0
 40
0.4
  1
BS-3940-1008-P18
  7
CN_TTF
 11
470110.261
 21
4349755.045
 31
0.0
100
AcDbText
  0
TEXT
  5
301
330
17
100
AcDbEntity
  8
钻孔
 62
8
100
AcDbText
 10
470109.351
 20
4349754.295
 30
0.0
 40
0.7
  1
0.17
  7
CN_TTF
 11
470109.351
 21
4349754.295
 31
0.0
100
AcDbText
  0
LINE
  5
302
330
17
100
AcDbEntity
  8
点
 62
138
420
19532
100
AcDbLine
 10
470110.66
 20
4349764.446
 30
0.0
 11
470111.66
 21
4349764.446
 31
0.0
  0
LINE
  5
303
330
17
100
AcDbEntity
  8
点
 62
138
420
19532
100
AcDbLine
 10
470111.16
 20
4349763.946
 30
0.0
 11
470111.16
 21
4349764.946
 31
0.0
  0
LINE
  5
304
330
17
100
AcDbEntity
  8
钻孔
 62
8
370
35
100
AcDbLine
 10
470111.16
 20
4349764.446
 30
0.0
 11
470109.95999999996
 21
4349764.446
 31
0.0
  0
TEXT
  5
305
330
17
100
AcDbEntity
  8
钻孔
 62
138
420
19532
100
AcDbText
 10
470108.87999999995
 20
4349764.846000001
 30
0.0
 40
0.4
  1
BS-3940-1008-P19
  7
CN_TTF
 11
470108.87999999995
 21
4349764.846000001
 31
0.0
100
AcDbText
  0
TEXT
  5
306
330
17
100
AcDbEntity
  8
钻孔
 62
8
100
AcDbText
 10
470107.97
 20
4349764.096000001
 30
0.0
 40
0.7
  1
0.11
  7
CN_TTF
 11
470107.97
 21
4349764.096000001
 31
0.0
100
AcDbText
  0
LINE
  5
307
330
17
100
AcDbEntity
  8
点
 62
138
420
19532
100
AcDbLine
 10
470111.67
 20
4349768.548
 30
0.0
 11
470112.67
 21
4349768.548
 31
0.0
  0
LINE
  5
308
330
17
100
AcDbEntity
  8
点
 62
138
420
19532
100
AcDbLine
 10
470112.17
 20
4349768.048
 30
0.0
 11
470112.17
 21
4349769.048
 31
0.0
  0
LINE
  5
309
330
17
100
AcDbEntity
  8
钻孔
 62
8
370
35
100
AcDbLine
 10
470112.17
 20
4349768.548
 30
0.0
 11
470110.97
 21
4349768.548
 31
0.0
  0
TEXT
  5
30A
330
17
100
AcDbEntity
  8
钻孔
 62
138
420
19532
100
AcDbText
 10
470109.88999999996
 20
4349768.948000001
 30
0.0
 40
0.4
  1
BS-3940-1008-P20
  7
CN_TTF
 11
470109.88999999996
 21
4349768.948000001
 31
0.0
100
AcDbText
  0
TEXT
  5
30B
330
17
100
AcDbEntity
  8
钻孔
 62
8
100
AcDbText
 10
470108.98
 20
4349768.198000001
 30
0.0
 40
0.7
  1
0.15
  7
CN_TTF
 11
470108.98
 21
4349768.198000001
 31
0.0
100
AcDbText
  0
LINE
  5
30C
330
17
100
AcDbEntity
  8
点
 62
138
420
19532
100
AcDbLine
 10
470105.785
 20
4349766.593
 30
0.0
 11
470106.785
 21
4349766.593
 31
0.0
  0
LINE
  5
30D
330
17
100
AcDbEntity
  8
点
 62
138
420
19532
100
AcDbLine
 10
470106.285
 20
4349766.093
 30
0.0
 11
470106.285
 21
4349767.093
 31
0.0
  0
LINE
  5
30E
330
17
100
AcDbEntity
  8
钻孔
 62
8
370
35
100
AcDbLine
 10
470106.285
 20
4349766.593
 30
0.0
 11
470105.08499999996
 21
4349766.593
 31
0.0
  0
TEXT
  5
30F
330
17
100
AcDbEntity
  8
钻孔
 62
138
420
19532
100
AcDbText
 10
470104.00499999995
 20
4349766.993000001
 30
0.0
 40
0.4
  1
BS-3940-1008-P21
  7
CN_TTF
 11
470104.00499999995
 21
4349766.993000001
 31
0.0
100
AcDbText
  0
TEXT
  5
310
330
17
100
AcDbEntity
  8
钻孔
 62
8
100
AcDbText
 10
470103.095
 20
4349766.243000001
 30
0.0
 40
0.7
  1
0.09
  7
CN_TTF
 11
470103.095
 21
4349766.243000001
 31
0.0
100
AcDbText
  0
LINE
  5
311
330
17
100
AcDbEntity
  8
点
 62
138
420
19532
100
AcDbLine
 10
470097.997
 20
4349765.264
 30
0.0
 11
470098.997
 21
4349765.264
 31
0.0
  0
LINE
  5
312
330
17
100
AcDbEntity
  8
点
 62
138
420
19532
100
AcDbLine
 10
470098.497
 20
4349764.764
 30
0.0
 11
470098.497
 21
4349765.764
 31
0.0
  0
LINE
  5
313
330
17
100
AcDbEntity
  8
钻孔
 62
8
370
35
100
AcDbLine
 10
470098.497
 20
4349765.264
 30
0.0
 11
470097.29699999996
 21
4349765.264
 31
0.0
  0
TEXT
  5
314
330
17
100
AcDbEntity
  8
钻孔
 62
138
420
19532
100
AcDbText
 10
470096.21699999995
 20
4349765.664000001
 30
0.0
 40
0.4
  1
BS-3940-1008-P22
  7
CN_TTF
 11
470096.21699999995
 21
4349765.664000001
 31
0.0
100
AcDbText
  0
TEXT
  5
315
330
17
100
AcDbEntity
  8
钻孔
 62
8
100
AcDbText
 10
470095.307
 20
4349764.914000001
 30
0.0
 40
0.7
  1
0.15
  7
CN_TTF
 11
470095.307
 21
4349764.914000001
 31
0.0
100
AcDbText
  0
LINE
  5
316
330
17
100
AcDbEntity
  8
点
 62
138
420
19532
100
AcDbLine
 10
470093.73
 20
4349767.036
 30
0.0
 11
470094.73
 21
4349767.036
 31
0.0
  0
LINE
  5
317
330
17
100
AcDbEntity
  8
点
 62
138
420
19532
100
AcDbLine
 10
470094.23
 20
4349766.536
 30
0.0
 11
470094.23
 21
4349767.536
 31
0.0
  0
LINE
  5
318
330
17
100
AcDbEntity
  8
钻孔
 62
4
370
35
100
AcDbLine
 10
470094.23
 20
4349767.036
 30
0.0
 11
470093.02999999997
 21
4349767.036
 31
0.0
  0
TEXT
  5
319
330
17
100
AcDbEntity
  8
钻孔
 62
138
420
19532
100
AcDbText
 10
470091.94999999995
 20
4349767.436000001
 30
0.0
 40
0.4
  1
BS-3940-1008-P23
  7
CN_TTF
 11
470091.94999999995
 21
4349767.436000001
 31
0.0
100
AcDbText
  0
TEXT
  5
31A
330
17
100
AcDbEntity
  8
钻孔
 62
4
100
AcDbText
 10
470091.04
 20
4349766.686000001
 30
0.0
 40
0.7
  1
0.69
  7
CN_TTF
 11
470091.04
 21
4349766.686000001
 31
0.0
100
AcDbText
  0
LINE
  5
31B
330
17
100
AcDbEntity
  8
点
 62
138
420
19532
100
AcDbLine
 10
470096.395
 20
4349771.532
 30
0.0
 11
470097.395
 21
4349771.532
 31
0.0
  0
LINE
  5
31C
330
17
100
AcDbEntity
  8
点
 62
138
420
19532
100
AcDbLine
 10
470096.895
 20
4349771.032
 30
0.0
 11
470096.895
 21
4349772.032
 31
0.0
  0
LINE
  5
31D
330
17
100
AcDbEntity
  8
钻孔
 62
8
370
35
100
AcDbLine
 10
470096.895
 20
4349771.532
 30
0.0
 11
470095.695
 21
4349771.532
 31
0.0
  0
TEXT
  5
31E
330
17
100
AcDbEntity
  8
钻孔
 62
138
420
19532
100
AcDbText
 10
470094.615
 20
4349771.932
 30
0.0
 40
0.4
  1
BS-3940-1008-P24
  7
CN_TTF
 11
470094.615
 21
4349771.932
 31
0.0
100
AcDbText
  0
TEXT
  5
31F
330
17
100
AcDbEntity
  8
钻孔
 62
8
100
AcDbText
 10
470093.705
 20
4349771.182
 30
0.0
 40
0.7
  1
0.17
  7
CN_TTF
 11
470093.705
 21
4349771.182
 31
0.0
100
AcDbText
  0
LINE
  5
320
330
17
100
AcDbEntity
  8
点
 62
138
420
19532
100
AcDbLine
 10
470096.465
 20
4349771.688
 30
0.0
 11
470097.465
 21
4349771.688
 31
0.0
  0
LINE
  5
321
330
17
100
AcDbEntity
  8
点
 62
138
420
19532
100
AcDbLine
 10
470096.965
 20
4349771.188
 30
0.0
 11
470096.965
 21
4349772.188
 31
0.0
  0
LINE
  5
322
330
17
100
AcDbEntity
  8
钻孔
 62
8
370
35
100
AcDbLine
 10
470096.965
 20
4349771.688
 30
0.0
 11
470095.765
 21
4349771.688
 31
0.0
  0
TEXT
  5
323
330
17
100
AcDbEntity
  8
钻孔
 62
138
420
19532
100
AcDbText
 10
470094.685
 20
4349772.088
 30
0.0
 40
0.4
  1
BS-3940-1008-P25
  7
CN_TTF
 11
470094.685
 21
4349772.088
 31
0.0
100
AcDbText
  0
TEXT
  5
324
330
17
100
AcDbEntity
  8
钻孔
 62
8
100
AcDbText
 10
470093.775
 20
4349771.338
 30
0.0
 40
0.7
  1
0.16
  7
CN_TTF
 11
470093.775
 21
4349771.338
 31
0.0
100
AcDbText
  0
LINE
  5
325
330
17
100
AcDbEntity
  8
点
 62
138
420
19532
100
AcDbLine
 10
470100.464
 20
4349770.613
 30
0.0
 11
470101.464
 21
4349770.613
 31
0.0
  0
LINE
  5
326
330
17
100
AcDbEntity
  8
点
 62
138
420
19532
100
AcDbLine
 10
470100.964
 20
4349770.113
 30
0.0
 11
470100.964
 21
4349771.113
 31
0.0
  0
LINE
  5
327
330
17
100
AcDbEntity
  8
钻孔
 62
8
370
35
100
AcDbLine
 10
470100.964
 20
4349770.613
 30
0.0
 11
470099.76399999997
 21
4349770.613
 31
0.0
  0
TEXT
  5
328
330
17
100
AcDbEntity
  8
钻孔
 62
138
420
19532
100
AcDbText
 10
470098.68399999995
 20
4349771.013
 30
0.0
 40
0.4
  1
BS-3940-1008-P26
  7
CN_TTF
 11
470098.68399999995
 21
4349771.013
 31
0.0
100
AcDbText
  0
TEXT
  5
329
330
17
100
AcDbEntity
  8
钻孔
 62
8
100
AcDbText
 10
470097.774
 20
4349770.263
 30
0.0
 40
0.7
  1
0.12
  7
CN_TTF
 11
470097.774
 21
4349770.263
 31
0.0
100
AcDbText
  0
LINE
  5
32A
330
17
100
AcDbEntity
  8
点
 62
138
420
19532
100
AcDbLine
 10
470104.249
 20
4349773.513
 30
0.0
 11
470105.249
 21
4349773.513
 31
0.0
  0
LINE
  5
32B
330
17
100
AcDbEntity
  8
点
 62
138
420
19532
100
AcDbLine
 10
470104.749
 20
4349773.013
 30
0.0
 11
470104.749
 21
4349774.013
 31
0.0
  0
LINE
  5
32C
330
17
100
AcDbEntity
  8
钻孔
 62
8
370
35
100
AcDbLine
 10
470104.749
 20
4349773.513
 30
0.0
 11
470103.549
 21
4349773.513
 31
0.0
  0
TEXT
  5
32D
330
17
100
AcDbEntity
  8
钻孔
 62
138
420
19532
100
AcDbText
 10
470102.469
 20
4349773.913000001
 30
0.0
 40
0.4
  1
BS-3940-1008-P27
  7
CN_TTF
 11
470102.469
 21
4349773.913000001
 31
0.0
100
AcDbText
  0
TEXT
  5
32E
330
17
100
AcDbEntity
  8
钻孔
 62
8
100
AcDbText
 10
470101.559
 20
4349773.163000001
 30
0.0
 40
0.7
  1
0.12
  7
CN_TTF
 11
470101.559
 21
4349773.163000001
 31
0.0
100
AcDbText
  0
LINE
  5
32F
330
17
100
AcDbEntity
  8
点
 62
138
420
19532
100
AcDbLine
 10
470108.837
 20
4349771.284
 30
0.0
 11
470109.837
 21
4349771.284
 31
0.0
  0
LINE
  5
330
330
17
100
AcDbEntity
  8
点
 62
138
420
19532
100
AcDbLine
 10
470109.337
 20
4349770.784
 30
0.0
 11
470109.337
 21
4349771.784
 31
0.0
  0
LINE
  5
331
330
17
100
AcDbEntity
  8
钻孔
 62
8
370
35
100
AcDbLine
 10
470109.337
 20
4349771.284
 30
0.0
 11
470108.137
 21
4349771.284
 31
0.0
  0
TEXT
  5
332
330
17
100
AcDbEntity
  8
钻孔
 62
138
420
19532
100
AcDbText
 10
470107.057
 20
4349771.684
 30
0.0
 40
0.4
  1
BS-3940-1008-P28
  7
CN_TTF
 11
470107.057
 21
4349771.684
 31
0.0
100
AcDbText
  0
TEXT
  5
333
330
17
100
AcDbEntity
  8
钻孔
 62
8
100
AcDbText
 10
470106.147
 20
4349770.934
 30
0.0
 40
0.7
  1
0.13
  7
CN_TTF
 11
470106.147
 21
4349770.934
 31
0.0
100
AcDbText
  0
LINE
  5
334
330
17
100
AcDbEntity
  8
点
 62
138
420
19532
100
AcDbLine
 10
470110.826
 20
4349775.374
 30
0.0
 11
470111.826
 21
4349775.374
 31
0.0
  0
LINE
  5
335
330
17
100
AcDbEntity
  8
点
 62
138
420
19532
100
AcDbLine
 10
470111.326
 20
4349774.874
 30
0.0
 11
470111.326
 21
4349775.874
 31
0.0
  0
LINE
  5
336
330
17
100
AcDbEntity
  8
钻孔
 62
8
370
35
100
AcDbLine
 10
470111.326
 20
4349775.374
 30
0.0
 11
470110.126
 21
4349775.374
 31
0.0
  0
TEXT
  5
337
330
17
100
AcDbEntity
  8
钻孔
 62
138
420
19532
100
AcDbText
 10
470109.046
 20
4349775.774
 30
0.0
 40
0.4
  1
BS-3940-1008-P29
  7
CN_TTF
 11
470109.046
 21
4349775.774
 31
0.0
100
AcDbText
  0
TEXT
  5
338
330
17
100
AcDbEntity
  8
钻孔
 62
8
100
AcDbText
 10
470108.136
 20
4349775.024
 30
0.0
 40
0.7
  1
0.14
  7
CN_TTF
 11
470108.136
 21
4349775.024
 31
0.0
100
AcDbText
  0
LINE
  5
339
330
17
100
AcDbEntity
  8
点
 62
138
420
19532
100
AcDbLine
 10
470107.695
 20
4349777.919
 30
0.0
 11
470108.695
 21
4349777.919
 31
0.0
  0
LINE
  5
33A
330
17
100
AcDbEntity
  8
点
 62
138
420
19532
100
AcDbLine
 10
470108.195
 20
4349777.419
 30
0.0
 11
470108.195
 21
4349778.419
 31
0.0
  0
LINE
  5
33B
330
17
100
AcDbEntity
  8
钻孔
 62
8
370
35
100
AcDbLine
 10
470108.195
 20
4349777.919
 30
0.0
 11
470106.995
 21
4349777.919
 31
0.0
  0
TEXT
  5
33C
330
17
100
AcDbEntity
  8
钻孔
 62
138
420
19532
100
AcDbText
 10
470105.915
 20
4349778.319
 30
0.0
 40
0.4
  1
BS-3940-1008-P30
  7
CN_TTF
 11
470105.915
 21
4349778.319
 31
0.0
100
AcDbText
  0
TEXT
  5
33D
330
17
100
AcDbEntity
  8
钻孔
 62
8
100
AcDbText
 10
470105.005
 20
4349777.569
 30
0.0
 40
0.7
  1
0.10
  7
CN_TTF
 11
470105.005
 21
4349777.569
 31
0.0
100
AcDbText
  0
LINE
  5
33E
330
17
100
AcDbEntity
  8
点
 62
138
420
19532
100
AcDbLine
 10
470109.514
 20
4349782.067
 30
0.0
 11
470110.514
 21
4349782.067
 31
0.0
  0
LINE
  5
33F
330
17
100
AcDbEntity
  8
点
 62
138
420
19532
100
AcDbLine
 10
470110.014
 20
4349781.567
 30
0.0
 11
470110.014
 21
4349782.567
 31
0.0
  0
LINE
  5
340
330
17
100
AcDbEntity
  8
钻孔
 62
8
370
35
100
AcDbLine
 10
470110.014
 20
4349782.067
 30
0.0
 11
470108.814
 21
4349782.067
 31
0.0
  0
TEXT
  5
341
330
17
100
AcDbEntity
  8
钻孔
 62
138
420
19532
100
AcDbText
 10
470107.734
 20
4349782.467
 30
0.0
 40
0.4
  1
BS-3940-1008-P31
  7
CN_TTF
 11
470107.734
 21
4349782.467
 31
0.0
100
AcDbText
  0
TEXT
  5
342
330
17
100
AcDbEntity
  8
钻孔
 62
8
100
AcDbText
 10
470106.824
 20
4349781.717
 30
0.0
 40
0.7
  1
0.16
  7
CN_TTF
 11
470106.824
 21
4349781.717
 31
0.0
100
AcDbText
  0
LINE
  5
343
330
17
100
AcDbEntity
  8
点
 62
138
420
19532
100
AcDbLine
 10
470105.976
 20
4349784.833
 30
0.0
 11
470106.976
 21
4349784.833
 31
0.0
  0
LINE
  5
344
330
17
100
AcDbEntity
  8
点
 62
138
420
19532
100
AcDbLine
 10
470106.476
 20
4349784.333
 30
0.0
 11
470106.476
 21
4349785.333
 31
0.0
  0
LINE
  5
345
330
17
100
AcDbEntity
  8
钻孔
 62
8
370
35
100
AcDbLine
 10
470106.476
 20
4349784.833
 30
0.0
 11
470105.276
 21
4349784.833
 31
0.0
  0
TEXT
  5
346
330
17
100
AcDbEntity
  8
钻孔
 62
138
420
19532
100
AcDbText
 10
470104.196
 20
4349785.233
 30
0.0
 40
0.4
  1
BS-3940-1008-P32
  7
CN_TTF
 11
470104.196
 21
4349785.233
 31
0.0
100
AcDbText
  0
TEXT
  5
347
330
17
100
AcDbEntity
  8
钻孔
 62
8
100
AcDbText
 10
470103.286
 20
4349784.483
 30
0.0
 40
0.7
  1
0.14
  7
CN_TTF
 11
470103.286
 21
4349784.483
 31
0.0
100
AcDbText
  0
LINE
  5
348
330
17
100
AcDbEntity
  8
点
 62
138
420
19532
100
AcDbLine
 10
470102.467
 20
4349780.452
 30
0.0
 11
470103.467
 21
4349780.452
 31
0.0
  0
LINE
  5
349
330
17
100
AcDbEntity
  8
点
 62
138
420
19532
100
AcDbLine
 10
470102.967
 20
4349779.952
 30
0.0
 11
470102.967
 21
4349780.952
 31
0.0
  0
LINE
  5
34A
330
17
100
AcDbEntity
  8
钻孔
 62
8
370
35
100
AcDbLine
 10
470102.967
 20
4349780.452
 30
0.0
 11
470101.767
 21
4349780.452
 31
0.0
  0
TEXT
  5
34B
330
17
100
AcDbEntity
  8
钻孔
 62
138
420
19532
100
AcDbText
 10
470100.687
 20
4349780.852
 30
0.0
 40
0.4
  1
BS-3940-1008-P33
  7
CN_TTF
 11
470100.687
 21
4349780.852
 31
0.0
100
AcDbText
  0
TEXT
  5
34C
330
17
100
AcDbEntity
  8
钻孔
 62
8
100
AcDbText
 10
470099.777
 20
4349780.102
 30
0.0
 40
0.7
  1
0.15
  7
CN_TTF
 11
470099.777
 21
4349780.102
 31
0.0
100
AcDbText
  0
LINE
  5
34D
330
17
100
AcDbEntity
  8
点
 62
138
420
19532
100
AcDbLine
 10
470099.026
 20
4349776.278
 30
0.0
 11
470100.026
 21
4349776.278
 31
0.0
  0
LINE
  5
34E
330
17
100
AcDbEntity
  8
点
 62
138
420
19532
100
AcDbLine
 10
470099.526
 20
4349775.778
 30
0.0
 11
470099.526
 21
4349776.778
 31
0.0
  0
LINE
  5
34F
330
17
100
AcDbEntity
  8
钻孔
 62
8
370
35
100
AcDbLine
 10
470099.526
 20
4349776.278
 30
0.0
 11
470098.326
 21
4349776.278
 31
0.0
  0
TEXT
  5
350
330
17
100
AcDbEntity
  8
钻孔
 62
138
420
19532
100
AcDbText
 10
470097.246
 20
4349776.678
 30
0.0
 40
0.4
  1
BS-3940-1008-P34
  7
CN_TTF
 11
470097.246
 21
4349776.678
 31
0.0
100
AcDbText
  0
TEXT
  5
351
330
17
100
AcDbEntity
  8
钻孔
 62
8
100
AcDbText
 10
470096.336
 20
4349775.928
 30
0.0
 40
0.7
  1
0.17
  7
CN_TTF
 11
470096.336
 21
4349775.928
 31
0.0
100
AcDbText
  0
LINE
  5
352
330
17
100
AcDbEntity
  8
点
 62
138
420
19532
100
AcDbLine
 10
470091.556
 20
4349774.187
 30
0.0
 11
470092.556
 21
4349774.187
 31
0.0
  0
LINE
  5
353
330
17
100
AcDbEntity
  8
点
 62
138
420
19532
100
AcDbLine
 10
470092.056
 20
4349773.687
 30
0.0
 11
470092.056
 21
4349774.687
 31
0.0
  0
LINE
  5
354
330
17
100
AcDbEntity
  8
钻孔
 62
8
370
35
100
AcDbLine
 10
470092.056
 20
4349774.187
 30
0.0
 11
470090.85599999997
 21
4349774.187
 31
0.0
  0
TEXT
  5
355
330
17
100
AcDbEntity
  8
钻孔
 62
138
420
19532
100
AcDbText
 10
470089.77599999995
 20
4349774.587
 30
0.0
 40
0.4
  1
BS-3940-1008-P35
  7
CN_TTF
 11
470089.77599999995
 21
4349774.587
 31
0.0
100
AcDbText
  0
TEXT
  5
356
330
17
100
AcDbEntity
  8
钻孔
 62
8
100
AcDbText
 10
470088.866
 20
4349773.837
 30
0.0
 40
0.7
  1
0.37
  7
CN_TTF
 11
470088.866
 21
4349773.837
 31
0.0
100
AcDbText
  0
LINE
  5
357
330
17
100
AcDbEntity
  8
点
 62
138
420
19532
100
AcDbLine
 10
470094.437
 20
4349778.668
 30
0.0
 11
470095.437
 21
4349778.668
 31
0.0
  0
LINE
  5
358
330
17
100
AcDbEntity
  8
点
 62
138
420
19532
100
AcDbLine
 10
470094.937
 20
4349778.168
 30
0.0
 11
470094.937
 21
4349779.168
 31
0.0
  0
LINE
  5
359
330
17
100
AcDbEntity
  8
钻孔
 62
8
370
35
100
AcDbLine
 10
470094.937
 20
4349778.668
 30
0.0
 11
470093.73699999996
 21
4349778.668
 31
0.0
  0
TEXT
  5
35A
330
17
100
AcDbEntity
  8
钻孔
 62
138
420
19532
100
AcDbText
 10
470092.65699999995
 20
4349779.068
 30
0.0
 40
0.4
  1
BS-3940-1008-P36
  7
CN_TTF
 11
470092.65699999995
 21
4349779.068
 31
0.0
100
AcDbText
  0
TEXT
  5
35B
330
17
100
AcDbEntity
  8
钻孔
 62
8
100
AcDbText
 10
470091.747
 20
4349778.318
 30
0.0
 40
0.7
  1
0.29
  7
CN_TTF
 11
470091.747
 21
4349778.318
 31
0.0
100
AcDbText
  0
LINE
  5
35C
330
17
100
AcDbEntity
  8
点
 62
138
420
19532
100
AcDbLine
 10
470090.005
 20
4349781.011
 30
0.0
 11
470091.005
 21
4349781.011
 31
0.0
  0
LINE
  5
35D
330
17
100
AcDbEntity
  8
点
 62
138
420
19532
100
AcDbLine
 10
470090.505
 20
4349780.511
 30
0.0
 11
470090.505
 21
4349781.511
 31
0.0
  0
LINE
  5
35E
330
17
100
AcDbEntity
  8
钻孔
 62
8
370
35
100
AcDbLine
 10
470090.505
 20
4349781.011
 30
0.0
 11
470089.305
 21
4349781.011
 31
0.0
  0
TEXT
  5
35F
330
17
100
AcDbEntity
  8
钻孔
 62
138
420
19532
100
AcDbText
 10
470088.225
 20
4349781.411
 30
0.0
 40
0.4
  1
BS-3940-1008-P37
  7
CN_TTF
 11
470088.225
 21
4349781.411
 31
0.0
100
AcDbText
  0
TEXT
  5
360
330
17
100
AcDbEntity
  8
钻孔
 62
8
100
AcDbText
 10
470087.315
 20
4349780.661
 30
0.0
 40
0.7
  1
0.36
  7
CN_TTF
 11
470087.315
 21
4349780.661
 31
0.0
100
AcDbText
  0
LINE
  5
361
330
17
100
AcDbEntity
  8
点
 62
138
420
19532
100
AcDbLine
 10
470093.186
 20
4349785.104
 30
0.0
 11
470094.186
 21
4349785.104
 31
0.0
  0
LINE
  5
362
330
17
100
AcDbEntity
  8
点
 62
138
420
19532
100
AcDbLine
 10
470093.686
 20
4349784.604
 30
0.0
 11
470093.686
 21
4349785.604
 31
0.0
  0
LINE
  5
363
330
17
100
AcDbEntity
  8
钻孔
 62
8
370
35
100
AcDbLine
 10
470093.686
 20
4349785.104
 30
0.0
 11
470092.486
 21
4349785.104
 31
0.0
  0
TEXT
  5
364
330
17
100
AcDbEntity
  8
钻孔
 62
138
420
19532
100
AcDbText
 10
470091.40599999996
 20
4349785.504000001
 30
0.0
 40
0.4
  1
BS-3940-1008-P38
  7
CN_TTF
 11
470091.40599999996
 21
4349785.504000001
 31
0.0
100
AcDbText
  0
TEXT
  5
365
330
17
100
AcDbEntity
  8
钻孔
 62
8
100
AcDbText
 10
470090.496
 20
4349784.754000001
 30
0.0
 40
0.7
  1
0.27
  7
CN_TTF
 11
470090.496
 21
4349784.754000001
 31
0.0
100
AcDbText
  0
LINE
  5
366
330
17
100
AcDbEntity
  8
点
 62
138
420
19532
100
AcDbLine
 10
470097.726
 20
4349783.014
 30
0.0
 11
470098.726
 21
4349783.014
 31
0.0
  0
LINE
  5
367
330
17
100
AcDbEntity
  8
点
 62
138
420
19532
100
AcDbLine
 10
470098.226
 20
4349782.514
 30
0.0
 11
470098.226
 21
4349783.514
 31
0.0
  0
LINE
  5
368
330
17
100
AcDbEntity
  8
钻孔
 62
8
370
35
100
AcDbLine
 10
470098.226
 20
4349783.014
 30
0.0
 11
470097.026
 21
4349783.014
 31
0.0
  0
TEXT
  5
369
330
17
100
AcDbEntity
  8
钻孔
 62
138
420
19532
100
AcDbText
 10
470095.946
 20
4349783.414000001
 30
0.0
 40
0.4
  1
BS-3940-1008-P39
  7
CN_TTF
 11
470095.946
 21
4349783.414000001
 31
0.0
100
AcDbText
  0
TEXT
  5
36A
330
17
100
AcDbEntity
  8
钻孔
 62
8
100
AcDbText
 10
470095.036
 20
4349782.664000001
 30
0.0
 40
0.7
  1
0.28
  7
CN_TTF
 11
470095.036
 21
4349782.664000001
 31
0.0
100
AcDbText
  0
LINE
  5
36B
330
17
100
AcDbEntity
  8
点
 62
138
420
19532
100
AcDbLine
 10
470100.548
 20
4349787.151
 30
0.0
 11
470101.548
 21
4349787.151
 31
0.0
  0
LINE
  5
36C
330
17
100
AcDbEntity
  8
点
 62
138
420
19532
100
AcDbLine
 10
470101.048
 20
4349786.651
 30
0.0
 11
470101.048
 21
4349787.651
 31
0.0
  0
LINE
  5
36D
330
17
100
AcDbEntity
  8
钻孔
 62
8
370
35
100
AcDbLine
 10
470101.048
 20
4349787.151
 30
0.0
 11
470099.848
 21
4349787.151
 31
0.0
  0
TEXT
  5
36E
330
17
100
AcDbEntity
  8
钻孔
 62
138
420
19532
100
AcDbText
 10
470098.768
 20
4349787.551
 30
0.0
 40
0.4
  1
BS-3940-1008-P40
  7
CN_TTF
 11
470098.768
 21
4349787.551
 31
0.0
100
AcDbText
  0
TEXT
  5
36F
330
17
100
AcDbEntity
  8
钻孔
 62
8
100
AcDbText
 10
470097.858
 20
4349786.801
 30
0.0
 40
0.7
  1
0.21
  7
CN_TTF
 11
470097.858
 21
4349786.801
 31
0.0
100
AcDbText
  0
LINE
  5
370
330
17
100
AcDbEntity
  8
点
 62
138
420
19532
100
AcDbLine
 10
470095.947
 20
4349789.58
 30
0.0
 11
470096.947
 21
4349789.58
 31
0.0
  0
LINE
  5
371
330
17
100
AcDbEntity
  8
点
 62
138
420
19532
100
AcDbLine
 10
470096.447
 20
4349789.08
 30
0.0
 11
470096.447
 21
4349790.08
 31
0.0
  0
LINE
  5
372
330
17
100
AcDbEntity
  8
钻孔
 62
8
370
35
100
AcDbLine
 10
470096.447
 20
4349789.58
 30
0.0
 11
470095.247
 21
4349789.58
 31
0.0
  0
TEXT
  5
373
330
17
100
AcDbEntity
  8
钻孔
 62
138
420
19532
100
AcDbText
 10
470094.16699999996
 20
4349789.98
 30
0.0
 40
0.4
  1
BS-3940-1008-P41
  7
CN_TTF
 11
470094.16699999996
 21
4349789.98
 31
0.0
100
AcDbText
  0
TEXT
  5
374
330
17
100
AcDbEntity
  8
钻孔
 62
8
100
AcDbText
 10
470093.257
 20
4349789.23
 30
0.0
 40
0.7
  1
0.23
  7
CN_TTF
 11
470093.257
 21
4349789.23
 31
0.0
100
AcDbText
  0
LINE
  5
375
330
17
100
AcDbEntity
  8
点
 62
138
420
19532
100
AcDbLine
 10
470091.727
 20
4349791.899
 30
0.0
 11
470092.727
 21
4349791.899
 31
0.0
  0
LINE
  5
376
330
17
100
AcDbEntity
  8
点
 62
138
420
19532
100
AcDbLine
 10
470092.227
 20
4349791.399
 30
0.0
 11
470092.227
 21
4349792.399
 31
0.0
  0
LINE
  5
377
330
17
100
AcDbEntity
  8
钻孔
 62
8
370
35
100
AcDbLine
 10
470092.227
 20
4349791.899
 30
0.0
 11
470091.027
 21
4349791.899
 31
0.0
  0
TEXT
  5
378
330
17
100
AcDbEntity
  8
钻孔
 62
138
420
19532
100
AcDbText
 10
470089.947
 20
4349792.299000001
 30
0.0
 40
0.4
  1
BS-3940-1008-P42
  7
CN_TTF
 11
470089.947
 21
4349792.299000001
 31
0.0
100
AcDbText
  0
TEXT
  5
379
330
17
100
AcDbEntity
  8
钻孔
 62
8
100
AcDbText
 10
470089.037
 20
4349791.549000001
 30
0.0
 40
0.7
  1
0.31
  7
CN_TTF
 11
470089.037
 21
4349791.549000001
 31
0.0
100
AcDbText
  0
LINE
  5
37A
330
17
100
AcDbEntity
  8
点
 62
138
420
19532
100
AcDbLine
 10
470088.34
 20
4349787.739
 30
0.0
 11
470089.34
 21
4349787.739
 31
0.0
  0
LINE
  5
37B
330
17
100
AcDbEntity
  8
点
 62
138
420
19532
100
AcDbLine
 10
470088.84
 20
4349787.239
 30
0.0
 11
470088.84
 21
4349788.239
 31
0.0
  0
LINE
  5
37C
330
17
100
AcDbEntity
  8
钻孔
 62
4
370
35
100
AcDbLine
 10
470088.84
 20
4349787.739
 30
0.0
 11
470087.64
 21
4349787.739
 31
0.0
  0
TEXT
  5
37D
330
17
100
AcDbEntity
  8
钻孔
 62
138
420
19532
100
AcDbText
 10
470086.56
 20
4349788.139
 30
0.0
 40
0.4
  1
BS-3940-1008-P43
  7
CN_TTF
 11
470086.56
 21
4349788.139
 31
0.0
100
AcDbText
  0
TEXT
  5
37E
330
17
100
AcDbEntity
  8
钻孔
 62
4
100
AcDbText
 10
470085.65
 20
4349787.389
 30
0.0
 40
0.7
  1
0.81
  7
CN_TTF
 11
470085.65
 21
4349787.389
 31
0.0
100
AcDbText
  0
LINE
  5
37F
330
17
100
AcDbEntity
  8
点
 62
138
420
19532
100
AcDbLine
 10
470088.317
 20
4349787.742
 30
0.0
 11
470089.317
 21
4349787.742
 31
0.0
  0
LINE
  5
380
330
17
100
AcDbEntity
  8
点
 62
138
420
19532
100
AcDbLine
 10
470088.817
 20
4349787.242
 30
0.0
 11
470088.817
 21
4349788.242
 31
0.0
  0
LINE
  5
381
330
17
100
AcDbEntity
  8
钻孔
 62
4
370
35
100
AcDbLine
 10
470088.817
 20
4349787.742
 30
0.0
 11
470087.61699999997
 21
4349787.742
 31
0.0
  0
TEXT
  5
382
330
17
100
AcDbEntity
  8
钻孔
 62
138
420
19532
100
AcDbText
 10
470086.53699999995
 20
4349788.142
 30
0.0
 40
0.4
  1
BS-3940-1008-P44
  7
CN_TTF
 11
470086.53699999995
 21
4349788.142
 31
0.0
100
AcDbText
  0
TEXT
  5
383
330
17
100
AcDbEntity
  8
钻孔
 62
4
100
AcDbText
 10
470085.627
 20
4349787.392
 30
0.0
 40
0.7
  1
0.73
  7
CN_TTF
 11
470085.627
 21
4349787.392
 31
0.0
100
AcDbText
  0
LINE
  5
384
330
17
100
AcDbEntity
  8
点
 62
138
420
19532
100
AcDbLine
 10
470088.015
 20
4349795.119
 30
0.0
 11
470089.015
 21
4349795.119
 31
0.0
  0
LINE
  5
385
330
17
100
AcDbEntity
  8
点
 62
138
420
19532
100
AcDbLine
 10
470088.515
 20
4349794.619
 30
0.0
 11
470088.515
 21
4349795.619
 31
0.0
  0
LINE
  5
386
330
17
100
AcDbEntity
  8
钻孔
 62
8
370
35
100
AcDbLine
 10
470088.515
 20
4349795.119
 30
0.0
 11
470087.315
 21
4349795.119
 31
0.0
  0
TEXT
  5
387
330
17
100
AcDbEntity
  8
钻孔
 62
138
420
19532
100
AcDbText
 10
470086.235
 20
4349795.519
 30
0.0
 40
0.4
  1
BS-3940-1008-P45
  7
CN_TTF
 11
470086.235
 21
4349795.519
 31
0.0
100
AcDbText
  0
TEXT
  5
388
330
17
100
AcDbEntity
  8
钻孔
 62
8
100
AcDbText
 10
470085.325
 20
4349794.769
 30
0.0
 40
0.7
  1
0.41
  7
CN_TTF
 11
470085.325
 21
4349794.769
 31
0.0
100
AcDbText
  0
LINE
  5
389
330
17
100
AcDbEntity
  8
点
 62
138
420
19532
100
AcDbLine
 10
470090.064
 20
4349797.971
 30
0.0
 11
470091.064
 21
4349797.971
 31
0.0
  0
LINE
  5
38A
330
17
100
AcDbEntity
  8
点
 62
138
420
19532
100
AcDbLine
 10
470090.564
 20
4349797.471
 30
0.0
 11
470090.564
 21
4349798.471
 31
0.0
  0
LINE
  5
38B
330
17
100
AcDbEntity
  8
钻孔
 62
8
370
35
100
AcDbLine
 10
470090.564
 20
4349797.971
 30
0.0
 11
470089.364
 21
4349797.971
 31
0.0
  0
TEXT
  5
38C
330
17
100
AcDbEntity
  8
钻孔
 62
138
420
19532
100
AcDbText
 10
470088.284
 20
4349798.371
 30
0.0
 40
0.4
  1
BS-3940-1008-P46
  7
CN_TTF
 11
470088.284
 21
4349798.371
 31
0.0
100
AcDbText
  0
TEXT
  5
38D
330
17
100
AcDbEntity
  8
钻孔
 62
8
100
AcDbText
 10
470087.374
 20
4349797.621
 30
0.0
 40
0.7
  1
0.25
  7
CN_TTF
 11
470087.374
 21
4349797.621
 31
0.0
100
AcDbText
  0
LINE
  5
38E
330
17
100
AcDbEntity
  8
点
 62
138
420
19532
100
AcDbLine
 10
470085.535
 20
4349801.444
 30
0.0
 11
470086.535
 21
4349801.444
 31
0.0
  0
LINE
  5
38F
330
17
100
AcDbEntity
  8
点
 62
138
420
19532
100
AcDbLine
 10
470086.035
 20
4349800.944
 30
0.0
 11
470086.035
 21
4349801.944
 31
0.0
  0
LINE
  5
390
330
17
100
AcDbEntity
  8
钻孔
 62
4
370
35
100
AcDbLine
 10
470086.035
 20
4349801.444
 30
0.0
 11
470084.83499999996
 21
4349801.444
 31
0.0
  0
TEXT
  5
391
330
17
100
AcDbEntity
  8
钻孔
 62
138
420
19532
100
AcDbText
 10
470083.75499999995
 20
4349801.8440000005
 30
0.0
 40
0.4
  1
BS-3940-1008-P47
  7
CN_TTF
 11
470083.75499999995
 21
4349801.8440000005
 31
0.0
100
AcDbText
  0
TEXT
  5
392
330
17
100
AcDbEntity
  8
钻孔
 62
4
100
AcDbText
 10
470082.845
 20
4349801.0940000005
 30
0.0
 40
0.7
  1
0.52
  7
CN_TTF
 11
470082.845
 21
4349801.0940000005
 31
0.0
100
AcDbText
  0
LINE
  5
393
330
17
100
AcDbEntity
  8
点
 62
138
420
19532
100
AcDbLine
 10
470087.104
 20
4349804.346
 30
0.0
 11
470088.104
 21
4349804.346
 31
0.0
  0
LINE
  5
394
330
17
100
AcDbEntity
  8
点
 62
138
420
19532
100
AcDbLine
 10
470087.604
 20
4349803.846
 30
0.0
 11
470087.604
 21
4349804.846
 31
0.0
  0
LINE
  5
395
330
17
100
AcDbEntity
  8
钻孔
 62
8
370
35
100
AcDbLine
 10
470087.604
 20
4349804.346
 30
0.0
 11
470086.404
 21
4349804.346
 31
0.0
  0
TEXT
  5
396
330
17
100
AcDbEntity
  8
钻孔
 62
138
420
19532
100
AcDbText
 10
470085.32399999996
 20
4349804.746
 30
0.0
 40
0.4
  1
BS-3940-1008-P48
  7
CN_TTF
 11
470085.32399999996
 21
4349804.746
 31
0.0
100
AcDbText
  0
TEXT
  5
397
330
17
100
AcDbEntity
  8
钻孔
 62
8
100
AcDbText
 10
470084.414
 20
4349803.996
 30
0.0
 40
0.7
  1
0.27
  7
CN_TTF
 11
470084.414
 21
4349803.996
 31
0.0
100
AcDbText
  0
LINE
  5
398
330
17
100
AcDbEntity
  8
点
 62
138
420
19532
100
AcDbLine
 10
470084.762
 20
4349806.781
 30
0.0
 11
470085.762
 21
4349806.781
 31
0.0
  0
LINE
  5
399
330
17
100
AcDbEntity
  8
点
 62
138
420
19532
100
AcDbLine
 10
470085.262
 20
4349806.281
 30
0.0
 11
470085.262
 21
4349807.281
 31
0.0
  0
LINE
  5
39A
330
17
100
AcDbEntity
  8
钻孔
 62
8
370
35
100
AcDbLine
 10
470085.262
 20
4349806.781
 30
0.0
 11
470084.062
 21
4349806.781
 31
0.0
  0
TEXT
  5
39B
330
17
100
AcDbEntity
  8
钻孔
 62
138
420
19532
100
AcDbText
 10
470082.98199999996
 20
4349807.181000001
 30
0.0
 40
0.4
  1
BS-3940-1008-P49
  7
CN_TTF
 11
470082.98199999996
 21
4349807.181000001
 31
0.0
100
AcDbText
  0
TEXT
  5
39C
330
17
100
AcDbEntity
  8
钻孔
 62
8
100
AcDbText
 10
470082.072
 20
4349806.431000001
 30
0.0
 40
0.7
  1
0.24
  7
CN_TTF
 11
470082.072
 21
4349806.431000001
 31
0.0
100
AcDbText
  0
LINE
  5
39D
330
17
100
AcDbEntity
  8
点
 62
138
420
19532
100
AcDbLine
 10
470092.838
 20
4349796.206
 30
0.0
 11
470093.838
 21
4349796.206
 31
0.0
  0
LINE
  5
39E
330
17
100
AcDbEntity
  8
点
 62
138
420
19532
100
AcDbLine
 10
470093.338
 20
4349795.706
 30
0.0
 11
470093.338
 21
4349796.706
 31
0.0
  0
LINE
  5
39F
330
17
100
AcDbEntity
  8
钻孔
 62
8
370
35
100
AcDbLine
 10
470093.338
 20
4349796.206
 30
0.0
 11
470092.138
 21
4349796.206
 31
0.0
  0
TEXT
  5
3A0
330
17
100
AcDbEntity
  8
钻孔
 62
138
420
19532
100
AcDbText
 10
470091.05799999996
 20
4349796.606000001
 30
0.0
 40
0.4
  1
BS-3940-1008-P50
  7
CN_TTF
 11
470091.05799999996
 21
4349796.606000001
 31
0.0
100
AcDbText
  0
TEXT
  5
3A1
330
17
100
AcDbEntity
  8
钻孔
 62
8
100
AcDbText
 10
470090.148
 20
4349795.856000001
 30
0.0
 40
0.7
  1
0.27
  7
CN_TTF
 11
470090.148
 21
4349795.856000001
 31
0.0
100
AcDbText
  0
LINE
  5
3A2
330
17
100
AcDbEntity
  8
0
 62
7
100
AcDbLine
 10
470104.279051421
 20
4349726.21444582
 30
0.0
 11
470104.7337269034
 21
4349721.49925187
 31
0.0
  0
MTEXT
  5
3A3
330
17
100
AcDbEntity
  8
0
100
AcDbMText
 10
470104.7337269034
 20
4349721.49925187
 30
0.0
 40
3.0
 71
1
  1
1号矿块
  7
CN_TTF
  0
LINE
  5
3A4
330
17
100
AcDbEntity
  8
0
 62
7
100
AcDbLine
 10
470109.5090617482
 20
4349750.51412181
 30
0.0
 11
470120.2041931322
 21
4349755.845137241
 31
0.0
  0
MTEXT
  5
3A5
330
17
100
AcDbEntity
  8
0
100
AcDbMText
 10
470120.2041931322
 20
4349755.845137241
 30
0.0
 40
3.0
 71
1
  1
2号矿块
  7
CN_TTF
  0
LINE
  5
3A6
330
17
100
AcDbEntity
  8
0
 62
7
100
AcDbLine
 10
470093.0819497029
 20
4349769.807638598
 30
0.0
 11
470091.1905712551
 21
4349774.370914166
 31
0.0
  0
MTEXT
  5
3A7
330
17
100
AcDbEntity
  8
0
100
AcDbMText
 10
470091.1905712551
 20
4349774.370914166
 30
0.0
 40
3.0
 71
1
  1
3号矿块
  7
CN_TTF
  0
TEXT
  5
3A8
330
17
100
AcDbEntity
  8
0
 62
7
100
AcDbText
 10
470085.262
 20
4349818.781
 30
0.0
 40
5.0
  1
3940平台 1008二次圈矿矿块图
  7
CN_TTF
 11
470085.262
 21
4349818.781
 31
0.0
100
AcDbText
  0
IMAGE
  5
3AC
330
17
100
AcDbEntity
  8
0
100
AcDbRasterImage
 90
0
 10
470117.541
 20
4349796.651327995
 30
0.0
 11
0.03051106025934401
 21
0.0
 31
0.0
 12
1.8682636142598827e-18
 22
0.03051106025934401
 32
0.0
 13
1311.0
 23
332.0
340
3AB
 70
3
280
0
281
50
282
50
283
0
360
3AD
 71
1
 91
2
 14
-0.5
 24
-0.5
 14
1310.5
 24
331.5
290
0
  0
ENDSEC
  0
SECTION
  2
OBJECTS
  0
DICTIONARY
  5
A
330
0
100
AcDbDictionary
281
1
  3
ACAD_COLOR
350
B
  3
ACAD_GROUP
350
C
  3
ACAD_LAYOUT
350
D
  3
ACAD_MATERIAL
350
E
  3
ACAD_MLEADERSTYLE
350
F
  3
ACAD_MLINESTYLE
350
10
  3
ACAD_PLOTSETTINGS
350
11
  3
ACAD_PLOTSTYLENAME
350
12
  3
ACAD_SCALELIST
350
14
  3
ACAD_TABLESTYLE
350
15
  3
ACAD_VISUALSTYLE
350
16
  3
EZDXF_META
350
2D
  3
ACAD_IMAGE_VARS
350
3A9
  3
ACAD_IMAGE_DICT
350
3AA
  0
DICTIONARY
  5
B
330
A
100
AcDbDictionary
281
1
  0
DICTIONARY
  5
C
330
A
100
AcDbDictionary
281
1
  0
DICTIONARY
  5
D
330
A
100
AcDbDictionary
281
1
  3
Model
350
1A
  3
Layout1
350
1E
  0
DICTIONARY
  5
E
330
A
100
AcDbDictionary
281
1
  3
ByBlock
350
1F
  3
ByLayer
350
20
  3
Global
350
21
  0
DICTIONARY
  5
F
330
A
100
AcDbDictionary
281
1
  3
Standard
350
2C
  0
DICTIONARY
  5
10
330
A
100
AcDbDictionary
281
1
  3
Standard
350
22
  0
DICTIONARY
  5
11
330
A
100
AcDbDictionary
281
1
  0
ACDBDICTIONARYWDFLT
  5
12
330
A
100
AcDbDictionary
281
1
  3
Normal
350
13
100
AcDbDictionaryWithDefault
340
13
  0
ACDBPLACEHOLDER
  5
13
330
12
  0
DICTIONARY
  5
14
330
A
100
AcDbDictionary
281
1
  0
DICTIONARY
  5
15
330
A
100
AcDbDictionary
281
1
  0
DICTIONARY
  5
16
330
A
100
AcDbDictionary
281
1
  0
LAYOUT
  5
1A
330
D
100
AcDbPlotSettings
  1

  4
A3
  6

 40
7.5
 41
20.0
 42
7.5
 43
20.0
 44
420.0
 45
297.0
 46
0.0
 47
0.0
 48
0.0
 49
0.0
140
0.0
141
0.0
142
1.0
143
1.0
 70
1024
 72
1
 73
0
 74
5
  7

 75
16
 76
0
 77
2
 78
300
147
1.0
148
0.0
149
0.0
100
AcDbLayout
  1
Model
 70
1
 71
0
 10
0.0
 20
0.0
 11
420.0
 21
297.0
 12
0.0
 22
0.0
 32
0.0
 14
1e+20
 24
1e+20
 34
1e+20
 15
-1e+20
 25
-1e+20
 35
-1e+20
146
0.0
 13
0.0
 23
0.0
 33
0.0
 16
1.0
 26
0.0
 36
0.0
 17
0.0
 27
1.0
 37
0.0
 76
1
330
17
  0
LAYOUT
  5
1E
330
D
100
AcDbPlotSettings
  1

  4
A3
  6

 40
7.5
 41
20.0
 42
7.5
 43
20.0
 44
420.0
 45
297.0
 46
0.0
 47
0.0
 48
0.0
 49
0.0
140
0.0
141
0.0
142
1.0
143
1.0
 70
0
 72
1
 73
0
 74
5
  7

 75
16
 76
0
 77
2
 78
300
147
1.0
148
0.0
149
0.0
100
AcDbLayout
  1
Layout1
 70
1
 71
1
 10
0.0
 20
0.0
 11
420.0
 21
297.0
 12
0.0
 22
0.0
 32
0.0
 14
1e+20
 24
1e+20
 34
1e+20
 15
-1e+20
 25
-1e+20
 35
-1e+20
146
0.0
 13
0.0
 23
0.0
 33
0.0
 16
1.0
 26
0.0
 36
0.0
 17
0.0
 27
1.0
 37
0.0
 76
1
330
1B
  0
MATERIAL
  5
1F
102
{ACAD_REACTORS
330
E
102
}
330
E
100
AcDbMaterial
  1
ByBlock
  2

 70
0
 40
1.0
 71
1
 41
1.0
 91
-1023410177
 42
1.0
 72
1
  3

 73
1
 74
1
 75
1
 44
0.5
 73
0
 45
1.0
 46
1.0
 77
1
  4

 78
1
 79
1
170
1
 48
1.0
171
1
  6

172
1
173
1
174
1
140
1.0
141
1.0
175
1
  7

176
1
177
1
178
1
143
1.0
179
1
  8

270
1
271
1
272
1
145
1.0
146
1.0
273
1
  9

274
1
275
1
276
1
 42
1.0
 72
1
  3

 73
1
 74
1
 75
1
 94
63
  0
MATERIAL
  5
20
102
{ACAD_REACTORS
330
E
102
}
330
E
100
AcDbMaterial
  1
ByLayer
  2

 70
0
 40
1.0
 71
1
 41
1.0
 91
-1023410177
 42
1.0
 72
1
  3

 73
1
 74
1
 75
1
 44
0.5
 73
0
 45
1.0
 46
1.0
 77
1
  4

 78
1
 79
1
170
1
 48
1.0
171
1
  6

172
1
173
1
174
1
140
1.0
141
1.0
175
1
  7

176
1
177
1
178
1
143
1.0
179
1
  8

270
1
271
1
272
1
145
1.0
146
1.0
273
1
  9

274
1
275
1
276
1
 42
1.0
 72
1
  3

 73
1
 74
1
 75
1
 94
63
  0
MATERIAL
  5
21
102
{ACAD_REACTORS
330
E
102
}
330
E
100
AcDbMaterial
  1
Global
  2

 70
0
 40
1.0
 71
1
 41
1.0
 91
-1023410177
 42
1.0
 72
1
  3

 73
1
 74
1
 75
1
 44
0.5
 73
0
 45
1.0
 46
1.0
 77
1
  4

 78
1
 79
1
170
1
 48
1.0
171
1
  6

172
1
173
1
174
1
140
1.0
141
1.0
175
1
  7

176
1
177
1
178
1
143
1.0
179
1
  8

270
1
271
1
272
1
145
1.0
146
1.0
273
1
  9

274
1
275
1
276
1
 42
1.0
 72
1
  3

 73
1
 74
1
 75
1
 94
63
  0
MLINESTYLE
  5
22
102
{ACAD_REACTORS
330
10
102
}
330
10
100
AcDbMlineStyle
  2
Standard
 70
0
  3

 62
256
 51
90.0
 52
90.0
 71
2
 49
0.5
 62
256
  6
BYLAYER
 49
-0.5
 62
256
  6
BYLAYER
  0
MLEADERSTYLE
  5
2C
102
{ACAD_REACTORS
330
F
102
}
330
F
100
AcDbMLeaderStyle
179
2
170
2
171
1
172
0
 90
2
 40
0.0
 41
0.0
173
1
 91
-1056964608
 92
-2
290
1
 42
2.0
291
1
 43
8.0
  3
Standard
 44
4.0
300

342
29
174
1
175
1
176
0
178
1
 93
-1056964608
 45
4.0
292
0
297
0
 46
4.0
 94
-1056964608
 47
1.0
 49
1.0
140
1.0
294
1
141
0.0
177
0
142
1.0
295
0
296
0
143
3.75
271
0
272
9
273
9
  0
DICTIONARY
  5
2D
330
A
100
AcDbDictionary
280
1
281
1
  3
CREATED_BY_EZDXF
350
2E
  3
WRITTEN_BY_EZDXF
350
3B0
  0
DICTIONARYVAR
  5
2E
330
2D
100
DictionaryVariables
280
0
  1
1.4.4 @ 2026-10-10T04:59:35.704593+00:00
  0
RASTERVARIABLES
  5
3A9
102
{ACAD_REACTORS
330
A
102
}
330
A
100
AcDbRasterVariables
 90
0
 70
0
 71
1
 72
3
  0
DICTIONARY
  5
3AA
330
A
100
AcDbDictionary
281
1
  3
3940平台 1008炮孔数据报告.png
350
3AB
  0
IMAGEDEF
  5
3AB
102
{ACAD_REACTORS
330
3AA
330
3AD
102
}
330
3AA
100
AcDbRasterImageDef
 90
0
  1
3940平台 1008炮孔数据报告.png
 10
1311.0
 20
332.0
 11
0.01
 21
0.01
280
1
281
0
  0
IMAGEDEF_REACTOR
  5
3AD
330
3AC
100
AcDbRasterImageDefReactor
 90
2
330
3AC
  0
DICTIONARYVAR
  5
3B0
330
2D
100
DictionaryVariables
280
0
  1
1.4.4 @ 2026-10-10T04:59:35.864528+00:00
  0
ENDSEC
  0
EOF
