  0
SECTION
  2
HEADER
  9
$ACADVER
  1
AC1024
  9
$ACADMAINTVER
 70
6
  9
$DWGCODEPAGE
  3
ANSI_1252
  9
$LASTSAVEDBY
  1
ezdxf
  9
$INSBASE
 10
0.0
 20
0.0
 30
0.0
  9
$EXTMIN
 10
1e+20
 20
1e+20
 30
1e+20
  9
$EXTMAX
 10
-1e+20
 20
-1e+20
 30
-1e+20
  9
$LIMMIN
 10
0.0
 20
0.0
  9
$LIMMAX
 10
420.0
 20
297.0
  9
$ORTHOMODE
 70
0
  9
$REGENMODE
 70
1
  9
$FILLMODE
 70
1
  9
$QTEXTMODE
 70
0
  9
$MIRRTEXT
 70
1
  9
$LTSCALE
 40
1.0
  9
$ATTMODE
 70
1
  9
$TEXTSIZE
 40
2.5
  9
$TRACEWID
 40
1.0
  9
$TEXTSTYLE
  7
Standard
  9
$CLAYER
  8
0
  9
$CELTYPE
  6
ByLayer
  9
$CECOLOR
 62
256
  9
$CELTSCALE
 40
1.0
  9
$DISPSILH
 70
0
  9
$DIMSCALE
 40
1.0
  9
$DIMASZ
 40
2.5
  9
$DIMEXO
 40
0.625
  9
$DIMDLI
 40
3.75
  9
$DIMRND
 40
0.0
  9
$DIMDLE
 40
0.0
  9
$DIMEXE
 40
1.25
  9
$DIMTP
 40
0.0
  9
$DIMTM
 40
0.0
  9
$DIMTXT
 40
2.5
  9
$DIMCEN
 40
2.5
  9
$DIMTSZ
 40
0.0
  9
$DIMTOL
 70
0
  9
$DIMLIM
 70
0
  9
$DIMTIH
 70
0
  9
$DIMTOH
 70
0
  9
$DIMSE1
 70
0
  9
$DIMSE2
 70
0
  9
$DIMTAD
 70
1
  9
$DIMZIN
 70
8
  9
$DIMBLK
  1

  9
$DIMASO
 70
1
  9
$DIMSHO
 70
1
  9
$DIMPOST
  1

  9
$DIMAPOST
  1

  9
$DIMALT
 70
0
  9
$DIMALTD
 70
3
  9
$DIMALTF
 40
0.03937007874
  9
$DIMLFAC
 40
1.0
  9
$DIMTOFL
 70
1
  9
$DIMTVP
 40
0.0
  9
$DIMTIX
 70
0
  9
$DIMSOXD
 70
0
  9
$DIMSAH
 70
0
  9
$DIMBLK1
  1

  9
$DIMBLK2
  1

  9
$DIMSTYLE
  2
ISO-25
  9
$DIMCLRD
 70
0
  9
$DIMCLRE
 70
0
  9
$DIMCLRT
 70
0
  9
$DIMTFAC
 40
1.0
  9
$DIMGAP
 40
0.625
  9
$DIMJUST
 70
0
  9
$DIMSD1
 70
0
  9
$DIMSD2
 70
0
  9
$DIMTOLJ
 70
0
  9
$DIMTZIN
 70
8
  9
$DIMALTZ
 70
0
  9
$DIMALTTZ
 70
0
  9
$DIMUPT
 70
0
  9
$DIMDEC
 70
2
  9
$DIMTDEC
 70
2
  9
$DIMALTU
 70
2
  9
$DIMALTTD
 70
3
  9
$DIMTXSTY
  7
Standard
  9
$DIMAUNIT
 70
0
  9
$DIMADEC
 70
0
  9
$DIMALTRND
 40
0.0
  9
$DIMAZIN
 70
0
  9
$DIMDSEP
 70
44
  9
$DIMATFIT
 70
3
  9
$DIMFRAC
 70
0
  9
$DIMLDRBLK
  1

  9
$DIMLUNIT
 70
2
  9
$DIMLWD
 70
-2
  9
$DIMLWE
 70
-2
  9
$DIMTMOVE
 70
0
  9
$DIMFXL
 40
1.0
  9
$DIMFXLON
 70
0
  9
$DIMJOGANG
 40
0.785398163397
  9
$DIMTFILL
 70
0
  9
$DIMTFILLCLR
 70
0
  9
$DIMARCSYM
 70
0
  9
$DIMLTYPE
  6

  9
$DIMLTEX1
  6

  9
$DIMLTEX2
  6

  9
$DIMTXTDIRECTION
 70
0
  9
$LUNITS
 70
2
  9
$LUPREC
 70
4
  9
$SKETCHINC
 40
1.0
  9
$FILLETRAD
 40
10.0
  9
$AUNITS
 70
0
  9
$AUPREC
 70
2
  9
$MENU
  1
.
  9
$ELEVATION
 40
0.0
  9
$PELEVATION
 40
0.0
  9
$THICKNESS
 40
0.0
  9
$LIMCHECK
 70
0
  9
$CHAMFERA
 40
0.0
  9
$CHAMFERB
 40
0.0
  9
$CHAMFERC
 40
0.0
  9
$CHAMFERD
 40
0.0
  9
$SKPOLY
 70
0
  9
$TDCREATE
 40
2461324.5168287037
  9
$TDUCREATE
 40
2458532.153996898
  9
$TDUPDATE
 40
2461324.5168287037
  9
$TDUUPDATE
 40
2458532.1544311
  9
$TDINDWG
 40
0.0
  9
$TDUSRTIMER
 40
0.0
  9
$USRTIMER
 70
1
  9
$ANGBASE
 50
0.0
  9
$ANGDIR
 70
0
  9
$PDMODE
 70
0
  9
$PDSIZE
 40
0.0
  9
$PLINEWID
 40
0.0
  9
$SPLFRAME
 70
0
  9
$SPLINETYPE
 70
6
  9
$SPLINESEGS
 70
8
  9
$HANDSEED
  5
3E0
  9
$SURFTAB1
 70
6
  9
$SURFTAB2
 70
6
  9
$SURFTYPE
 70
6
  9
$SURFU
 70
6
  9
$SURFV
 70
6
  9
$UCSBASE
  2

  9
$UCSNAME
  2

  9
$UCSORG
 10
0.0
 20
0.0
 30
0.0
  9
$UCSXDIR
 10
1.0
 20
0.0
 30
0.0
  9
$UCSYDIR
 10
0.0
 20
1.0
 30
0.0
  9
$UCSORTHOREF
  2

  9
$UCSORTHOVIEW
 70
0
  9
$UCSORGTOP
 10
0.0
 20
0.0
 30
0.0
  9
$UCSORGBOTTOM
 10
0.0
 20
0.0
 30
0.0
  9
$UCSORGLEFT
 10
0.0
 20
0.0
 30
0.0
  9
$UCSORGRIGHT
 10
0.0
 20
0.0
 30
0.0
  9
$UCSORGFRONT
 10
0.0
 20
0.0
 30
0.0
  9
$UCSORGBACK
 10
0.0
 20
0.0
 30
0.0
  9
$PUCSBASE
  2

  9
$PUCSNAME
  2

  9
$PUCSORG
 10
0.0
 20
0.0
 30
0.0
  9
$PUCSXDIR
 10
1.0
 20
0.0
 30
0.0
  9
$PUCSYDIR
 10
0.0
 20
1.0
 30
0.0
  9
$PUCSORTHOREF
  2

  9
$PUCSORTHOVIEW
 70
0
  9
$PUCSORGTOP
 10
0.0
 20
0.0
 30
0.0
  9
$PUCSORGBOTTOM
 10
0.0
 20
0.0
 30
0.0
  9
$PUCSORGLEFT
 10
0.0
 20
0.0
 30
0.0
  9
$PUCSORGRIGHT
 10
0.0
 20
0.0
 30
0.0
  9
$PUCSORGFRONT
 10
0.0
 20
0.0
 30
0.0
  9
$PUCSORGBACK
 10
0.0
 20
0.0
 30
0.0
  9
$USERI1
 70
0
  9
$USERI2
 70
0
  9
$USERI3
 70
0
  9
$USERI4
 70
0
  9
$USERI5
 70
0
  9
$USERR1
 40
0.0
  9
$USERR2
 40
0.0
  9
$USERR3
 40
0.0
  9
$USERR4
 40
0.0
  9
$USERR5
 40
0.0
  9
$WORLDVIEW
 70
1
  9
$SHADEDGE
 70
3
  9
$SHADEDIF
 70
70
  9
$TILEMODE
 70
1
  9
$MAXACTVP
 70
64
  9
$PINSBASE
 10
0.0
 20
0.0
 30
0.0
  9
$PLIMCHECK
 70
0
  9
$PEXTMIN
 10
1e+20
 20
1e+20
 30
1e+20
  9
$PEXTMAX
 10
-1e+20
 20
-1e+20
 30
-1e+20
  9
$PLIMMIN
 10
0.0
 20
0.0
  9
$PLIMMAX
 10
420.0
 20
297.0
  9
$UNITMODE
 70
0
  9
$VISRETAIN
 70
1
  9
$PLINEGEN
 70
0
  9
$PSLTSCALE
 70
1
  9
$TREEDEPTH
 70
3020
  9
$CMLSTYLE
  2
Standard
  9
$CMLJUST
 70
0
  9
$CMLSCALE
 40
20.0
  9
$PROXYGRAPHICS
 70
1
  9
$MEASUREMENT
 70
1
  9
$CELWEIGHT
370
-1
  9
$ENDCAPS
280
0
  9
$JOINSTYLE
280
0
  9
$LWDISPLAY
290
0
  9
$INSUNITS
 70
6
  9
$HYPERLINKBASE
  1

  9
$STYLESHEET
  1

  9
$XEDIT
290
1
  9
$CEPSNTYPE
380
0
  9
$PSTYLEMODE
290
1
  9
$FINGERPRINTGUID
  2
{7CBA6F7D-3C99-4724-A7C5-7ACD1BA99BEE}
  9
$VERSIONGUID
  2
{84C6BFE3-424C-4308-975B-8EB5F3D1B2CE}
  9
$EXTNAMES
290
1
  9
$PSVPSCALE
 40
0.0
  9
$OLESTARTUP
290
0
  9
$SORTENTS
280
127
  9
$INDEXCTL
280
0
  9
$HIDETEXT
280
1
  9
$XCLIPFRAME
280
1
  9
$HALOGAP
280
0
  9
$OBSCOLOR
 70
257
  9
$OBSLTYPE
280
0
  9
$INTERSECTIONDISPLAY
280
0
  9
$INTERSECTIONCOLOR
 70
257
  9
$DIMASSOC
280
2
  9
$PROJECTNAME
  1

  9
$CAMERADISPLAY
290
0
  9
$LENSLENGTH
 40
50.0
  9
$CAMERAHEIGHT
 40
0.0
  9
$STEPSPERSEC
 40
24.0
  9
$STEPSIZE
 40
100.0
  9
$3DDWFPREC
 40
2.0
  9
$PSOLWIDTH
 40
0.005
  9
$PSOLHEIGHT
 40
0.08
  9
$LOFTANG1
 40
1.570796326795
  9
$LOFTANG2
 40
1.570796326795
  9
$LOFTMAG1
 40
0.0
  9
$LOFTMAG2
 40
0.0
  9
$LOFTPARAM
 70
7
  9
$LOFTNORMALS
280
1
  9
$LATITUDE
 40
37.795
  9
$LONGITUDE
 40
-122.394
  9
$NORTHDIRECTION
 40
0.0
  9
$TIMEZONE
 70
-8000
  9
$LIGHTGLYPHDISPLAY
280
1
  9
$TILEMODELIGHTSYNCH
280
1
  9
$CMATERIAL
347
20
  9
$SOLIDHIST
280
0
  9
$SHOWHIST
280
1
  9
$DWFFRAME
280
2
  9
$DGNFRAME
280
2
  9
$REALWORLDSCALE
290
1
  9
$INTERFERECOLOR
 62
256
  9
$CSHADOW
280
0
  9
$SHADOWPLANELOCATION
 40
0.0
  0
ENDSEC
  0
SECTION
  2
CLASSES
  0
CLASS
  1
ACDBDICTIONARYWDFLT
  2
AcDbDictionaryWithDefault
  3
ObjectDBX Classes
 90
0
 91
0
280
0
281
0
  0
CLASS
  1
SUN
  2
AcDbSun
  3
SCENEOE
 90
1153
 91
0
280
0
281
0
  0
CLASS
  1
VISUALSTYLE
  2
AcDbVisualStyle
  3
ObjectDBX Classes
 90
4095
 91
0
280
0
281
0
  0
CLASS
  1
MATERIAL
  2
AcDbMaterial
  3
ObjectDBX Classes
 90
1153
 91
0
280
0
281
0
  0
CLASS
  1
SCALE
  2
AcDbScale
  3
ObjectDBX Classes
 90
1153
 91
0
280
0
281
0
  0
CLASS
  1
TABLESTYLE
  2
AcDbTableStyle
  3
ObjectDBX Classes
 90
4095
 91
0
280
0
281
0
  0
CLASS
  1
MLEADERSTYLE
  2
AcDbMLeaderStyle
  3
ACDB_MLEADERSTYLE_CLASS
 90
4095
 91
0
280
0
281
0
  0
CLASS
  1
DICTIONARYVAR
  2
AcDbDictionaryVar
  3
ObjectDBX Classes
 90
0
 91
0
280
0
281
0
  0
CLASS
  1
CELLSTYLEMAP
  2
AcDbCellStyleMap
  3
ObjectDBX Classes
 90
1152
 91
0
280
0
281
0
  0
CLASS
  1
MENTALRAYRENDERSETTINGS
  2
AcDbMentalRayRenderSettings
  3
SCENEOE
 90
1024
 91
0
280
0
281
0
  0
CLASS
  1
ACDBDETAILVIEWSTYLE
  2
AcDbDetailViewStyle
  3
ObjectDBX Classes
 90
1025
 91
0
280
0
281
0
  0
CLASS
  1
ACDBSECTIONVIEWSTYLE
  2
AcDbSectionViewStyle
  3
ObjectDBX Classes
 90
1025
 91
0
280
0
281
0
  0
CLASS
  1
RASTERVARIABLES
  2
AcDbRasterVariables
  3
ISM
 90
0
 91
0
280
0
281
0
  0
CLASS
  1
IMAGE
  2
AcDbRasterImage
  3
ISM
 90
2175
 91
0
280
0
281
1
  0
CLASS
  1
IMAGEDEF
  2
AcDbRasterImageDef
  3
ISM
 90
0
 91
0
280
0
281
0
  0
CLASS
  1
IMAGEDEF_REACTOR
  2
AcDbRasterImageDefReactor
  3
ISM
 90
1
 91
0
280
0
281
0
  0
CLASS
  1
ACDBPLACEHOLDER
  2
AcDbPlaceHolder
  3
ObjectDBX Classes
 90
0
 91
0
280
0
281
0
  0
CLASS
  1
LAYOUT
  2
AcDbLayout
  3
ObjectDBX Classes
 90
0
 91
0
280
0
281
0
  0
ENDSEC
  0
SECTION
  2
TABLES
  0
TABLE
  2
VPORT
  5
8
330
0
100
AcDbSymbolTable
 70
1
  0
VPORT
  5
23
330
8
100
AcDbSymbolTableRecord
100
AcDbViewportTableRecord
  2
*Active
 70
0
 10
0.0
 20
0.0
 11
1.0
 21
1.0
 12
0.0
 22
0.0
 13
0.0
 23
0.0
 14
0.5
 24
0.5
 15
0.5
 25
0.5
 16
0.0
 26
0.0
 36
1.0
 17
0.0
 27
0.0
 37
0.0
 40
1000.0
 41
1.34
 42
50.0
 43
0.0
 44
0.0
 50
0.0
 51
0.0
 71
0
 72
1000
 73
1
 74
3
 75
0
 76
0
 77
0
 78
0
281
0
 65
0
146
0.0
  0
ENDTAB
  0
TABLE
  2
LTYPE
  5
2
330
0
100
AcDbSymbolTable
 70
3
  0
LTYPE
  5
24
330
2
100
AcDbSymbolTableRecord
100
AcDbLinetypeTableRecord
  2
ByBlock
 70
0
  3

 72
65
 73
0
 40
0.0
  0
LTYPE
  5
25
330
2
100
AcDbSymbolTableRecord
100
AcDbLinetypeTableRecord
  2
ByLayer
 70
0
  3

 72
65
 73
0
 40
0.0
  0
LTYPE
  5
26
330
2
100
AcDbSymbolTableRecord
100
AcDbLinetypeTableRecord
  2
Continuous
 70
0
  3

 72
65
 73
0
 40
0.0
  0
ENDTAB
  0
TABLE
  2
LAYER
  5
1
330
0
100
AcDbSymbolTable
 70
11
  0
LAYER
  5
27
330
1
100
AcDbSymbolTableRecord
100
AcDbLayerTableRecord
  2
0
 70
0
 62
7
  6
Continuous
370
-3
390
13
347
21
  0
LAYER
  5
28
330
1
100
AcDbSymbolTableRecord
100
AcDbLayerTableRecord
  2
Defpoints
 70
0
 62
7
  6
Continuous
290
0
370
-3
390
13
347
21
  0
LAYER
  5
2F
330
1
100
AcDbSymbolTableRecord
100
AcDbLayerTableRecord
  2
0.500-1.000
 70
0
 62
4
  6
Continuous
370
-3
390
13
347
21
  0
LAYER
  5
30
330
1
100
AcDbSymbolTableRecord
100
AcDbLayerTableRecord
  2
1.000-1.500
 70
0
 62
5
  6
Continuous
370
-3
390
13
347
21
  0
LAYER
  5
31
330
1
100
AcDbSymbolTableRecord
100
AcDbLayerTableRecord
  2
1.500-3.000
 70
0
 62
1
  6
Continuous
370
-3
390
13
347
21
  0
LAYER
  5
32
330
1
100
AcDbSymbolTableRecord
100
AcDbLayerTableRecord
  2
3.000-999.000
 70
0
 62
2
  6
Continuous
370
-3
390
13
347
21
  0
LAYER
  5
33
330
1
100
AcDbSymbolTableRecord
100
AcDbLayerTableRecord
  2
爆区方格网
 70
0
 62
7
  6
Continuous
370
-3
390
13
347
21
  0
LAYER
  5
34
330
1
100
AcDbSymbolTableRecord
100
AcDbLayerTableRecord
  2
钻孔
 70
0
 62
7
  6
Continuous
370
-3
390
13
347
21
  0
LAYER
  5
35
330
1
100
AcDbSymbolTableRecord
100
AcDbLayerTableRecord
  2
点
 70
0
 62
7
  6
Continuous
370
-3
390
13
347
21
  0
LAYER
  5
36
330
1
100
AcDbSymbolTableRecord
100
AcDbLayerTableRecord
  2
缺工程待取样
 70
0
 62
7
  6
Continuous
370
-3
390
13
347
21
  0
LAYER
  5
37
330
1
100
AcDbSymbolTableRecord
100
AcDbLayerTableRecord
  2
综合图_历史矿块
 70
0
 62
7
  6
Continuous
370
-3
390
13
347
21
  0
ENDTAB
  0
TABLE
  2
STYLE
  5
5
330
0
100
AcDbSymbolTable
 70
2
  0
STYLE
  5
29
330
5
100
AcDbSymbolTableRecord
100
AcDbTextStyleTableRecord
  2
Standard
 70
0
 40
0.0
 41
1.0
 50
0.0
 71
0
 42
2.5
  3
txt
  4

  0
STYLE
  5
38
330
5
100
AcDbSymbolTableRecord
100
AcDbTextStyleTableRecord
  2
CN_TTF
 70
0
 40
0.0
 41
1.0
 50
0.0
 71
0
 42
2.5
  3
simsunb.ttf
  4

  0
ENDTAB
  0
TABLE
  2
VIEW
  5
7
330
0
100
AcDbSymbolTable
 70
0
  0
ENDTAB
  0
TABLE
  2
UCS
  5
6
330
0
100
AcDbSymbolTable
 70
0
  0
ENDTAB
  0
TABLE
  2
APPID
  5
3
330
0
100
AcDbSymbolTable
 70
3
  0
APPID
  5
2A
330
3
100
AcDbSymbolTableRecord
100
AcDbRegAppTableRecord
  2
ACAD
 70
0
  0
APPID
  5
3DD
330
3
100
AcDbSymbolTableRecord
100
AcDbRegAppTableRecord
  2
HATCHBACKGROUNDCOLOR
 70
0
  0
APPID
  5
3DE
330
3
100
AcDbSymbolTableRecord
100
AcDbRegAppTableRecord
  2
EZDXF
 70
0
  0
ENDTAB
  0
TABLE
  2
DIMSTYLE
  5
4
330
0
100
AcDbSymbolTable
 70
1
100
AcDbDimStyleTable
  0
DIMSTYLE
105
2B
330
4
100
AcDbSymbolTableRecord
100
AcDbDimStyleTableRecord
  2
Standard
 70
0
 40
1.0
 41
2.5
 42
0.625
 43
3.75
 44
1.25
 45
0.0
 46
0.0
 47
0.0
 48
0.0
 49
2.5
140
2.5
141
2.5
142
0.0
143
0.03937007874
144
1.0
145
0.0
146
1.0
147
0.625
148
0.0
 69
0
 70
0
 71
0
 72
0
 73
0
 74
0
 75
0
 76
0
 77
1
 78
8
 79
3
170
0
171
3
172
1
173
0
174
0
175
0
176
0
177
0
178
0
179
2
271
2
272
2
273
2
274
3
275
0
276
0
277
2
278
44
279
0
280
0
281
0
282
0
283
0
284
8
285
0
286
0
288
0
289
3
290
0
371
-2
372
-2
  0
ENDTAB
  0
TABLE
  2
BLOCK_RECORD
  5
9
330
0
100
AcDbSymbolTable
 70
2
  0
BLOCK_RECORD
  5
17
330
9
100
AcDbSymbolTableRecord
100
AcDbBlockTableRecord
  2
*Model_Space
340
1A
 70
0
280
1
281
0
  0
BLOCK_RECORD
  5
1B
330
9
100
AcDbSymbolTableRecord
100
AcDbBlockTableRecord
  2
*Paper_Space
340
1E
 70
0
280
1
281
0
  0
ENDTAB
  0
ENDSEC
  0
SECTION
  2
BLOCKS
  0
BLOCK
  5
18
330
17
100
AcDbEntity
  8
0
100
AcDbBlockBegin
  2
*Model_Space
 70
0
 10
0.0
 20
0.0
 30
0.0
  3
*Model_Space
  1

  0
ENDBLK
  5
19
330
17
100
AcDbEntity
  8
0
100
AcDbBlockEnd
  0
BLOCK
  5
1C
330
1B
100
AcDbEntity
  8
0
100
AcDbBlockBegin
  2
*Paper_Space
 70
0
 10
0.0
 20
0.0
 30
0.0
  3
*Paper_Space
  1

  0
ENDBLK
  5
1D
330
1B
100
AcDbEntity
  8
0
100
AcDbBlockEnd
  0
ENDSEC
  0
SECTION
  2
ENTITIES
  0
LWPOLYLINE
  5
39
330
17
100
AcDbEntity
  8
综合图_历史矿块
 62
9
100
AcDbPolyline
 90
22
 70
1
 10
470000.618
 20
4349644.028
 10
470003.474
 20
4349646.45
 10
470006.69
 20
4349647.902
 10
470017.277
 20
4349652.328
 10
470025.068
 20
4349654.87
 10
470031.336
 20
4349656.433
 10
470040.661
 20
4349658.519
 10
470041.308
 20
4349654.163
 10
470042.09
 20
4349652.708
 10
470035.13
 20
4349650.711
 10
470032.425
 20
4349648.437
 10
470031.686
 20
4349647.744
 10
470028.158
 20
4349649.496
 10
470024.15
 20
4349646.879
 10
470026.249
 20
4349644.911
 10
470023.219
 20
4349642.756
 10
470021.897
 20
4349640.896
 10
470020.866
 20
4349638.2
 10
470011.725
 20
4349638.697
 10
470006.746
 20
4349640.564
 10
470003.426
 20
4349640.811
 10
470000.618
 20
4349644.028
  0
LWPOLYLINE
  5
3A
330
17
100
AcDbEntity
  8
综合图_历史矿块
 62
9
100
AcDbPolyline
 90
44
 70
1
 10
470049.125
 20
4349655.871
 10
470048.386
 20
4349659.836
 10
470053.816
 20
4349660.878
 10
470054.192
 20
4349658.942
 10
470055.414
 20
4349656.646
 10
470057.087
 20
4349654.869
 10
470060.964
 20
4349655.726
 10
470063.283
 20
4349656.008
 10
470066.204
 20
4349656.669
 10
470067.495
 20
4349658.791
 10
470066.788
 20
4349662.272
 10
470072.137
 20
4349662.937
 10
470076.183
 20
4349663.27
 10
470076.521
 20
4349660.129
 10
470077.249
 20
4349652.237
 10
470075.928
 20
4349647.622
 10
470073.547
 20
4349643.49
 10
470072.867
 20
4349640.331
 10
470068.933
 20
4349639.99
 10
470061.268
 20
4349639.601
 10
470054.879
 20
4349638.777
 10
470047.117
 20
4349638.106
 10
470044.567
 20
4349637.688
 10
470044.76
 20
4349641.293
 10
470047.467
 20
4349643.25
 10
470048.627
 20
4349645.298
 10
470052.039
 20
4349645.708
 10
470053.818
 20
4349643.965
 10
470057.131
 20
4349643.145
 10
470058.91
 20
4349643.639
 10
470059.872
 20
4349644.483
 10
470061.243
 20
4349645.934
 10
470062.274
 20
4349647.979
 10
470066.875
 20
4349647.997
 10
470069.526
 20
4349649.115
 10
470070.251
 20
4349650.304
 10
470068.988
 20
4349652.36
 10
470067.525
 20
4349652.661
 10
470062.645
 20
4349651.953
 10
470059.268
 20
4349651.538
 10
470055.296
 20
4349650.011
 10
470052.312
 20
4349651.762
 10
470050.741
 20
4349653.716
 10
470049.125
 20
4349655.871
  0
LWPOLYLINE
  5
3B
330
17
100
AcDbEntity
  8
综合图_历史矿块
 62
9
100
AcDbPolyline
 90
36
 70
1
 10
470027.679
 20
4349645.435
 10
470030.993
 20
4349646.298
 10
470031.686
 20
4349647.744
 10
470035.317
 20
4349645.041
 10
470039.466
 20
4349642.957
 10
470042.451
 20
4349644.322
 10
470042.562
 20
4349645.668
 10
470044.736
 20
4349648.414
 10
470045.096
 20
4349650.012
 10
470042.09
 20
4349652.708
 10
470045.45
 20
4349652.937
 10
470049.125
 20
4349655.871
 10
470052.312
 20
4349651.762
 10
470055.296
 20
4349650.011
 10
470059.268
 20
4349651.538
 10
470067.525
 20
4349652.661
 10
470068.988
 20
4349652.36
 10
470070.251
 20
4349650.304
 10
470069.526
 20
4349649.115
 10
470066.875
 20
4349647.997
 10
470062.274
 20
4349647.979
 10
470061.243
 20
4349645.934
 10
470059.872
 20
4349644.483
 10
470058.91
 20
4349643.639
 10
470057.131
 20
4349643.145
 10
470053.818
 20
4349643.965
 10
470052.039
 20
4349645.708
 10
470048.627
 20
4349645.298
 10
470047.467
 20
4349643.25
 10
470044.76
 20
4349641.293
 10
470044.567
 20
4349637.688
 10
470039.199
 20
4349637.514
 10
470030.11
 20
4349638.139
 10
470031.197
 20
4349641.303
 10
470029.949
 20
4349644.176
 10
470027.679
 20
4349645.435
  0
LWPOLYLINE
  5
3C
330
17
100
AcDbEntity
  8
综合图_历史矿块
 62
9
100
AcDbPolyline
 90
10
 70
1
 10
470053.816
 20
4349660.878
 10
470066.788
 20
4349662.272
 10
470067.495
 20
4349658.791
 10
470066.204
 20
4349656.669
 10
470063.283
 20
4349656.008
 10
470060.964
 20
4349655.726
 10
470057.087
 20
4349654.869
 10
470055.414
 20
4349656.646
 10
470054.192
 20
4349658.942
 10
470053.816
 20
4349660.878
  0
LWPOLYLINE
  5
3D
330
17
100
AcDbEntity
  8
综合图_历史矿块
 62
9
100
AcDbPolyline
 90
13
 70
1
 10
470045.096
 20
4349650.012
 10
470044.736
 20
4349648.414
 10
470043.047
 20
4349646.28
 10
470042.562
 20
4349645.668
 10
470042.451
 20
4349644.322
 10
470039.466
 20
4349642.957
 10
470035.741
 20
4349644.828
 10
470035.317
 20
4349645.041
 10
470031.686
 20
4349647.744
 10
470035.13
 20
4349650.711
 10
470038.1
 20
4349651.563
 10
470042.09
 20
4349652.708
 10
470045.096
 20
4349650.012
  0
LWPOLYLINE
  5
3E
330
17
100
AcDbEntity
  8
综合图_历史矿块
 62
9
100
AcDbPolyline
 90
14
 70
1
 10
470028.923
 20
4349644.745
 10
470029.949
 20
4349644.176
 10
470031.197
 20
4349641.303
 10
470030.11
 20
4349638.139
 10
470028.793
 20
4349637.985
 10
470025.85
 20
4349637.642
 10
470023.853
 20
4349637.865
 10
470020.866
 20
4349638.2
 10
470021.897
 20
4349640.896
 10
470023.219
 20
4349642.756
 10
470023.722
 20
4349643.113
 10
470026.249
 20
4349644.911
 10
470027.679
 20
4349645.435
 10
470028.923
 20
4349644.745
  0
LWPOLYLINE
  5
3F
330
17
100
AcDbEntity
  8
综合图_历史矿块
 62
9
100
AcDbPolyline
 90
7
 70
1
 10
470049.125
 20
4349655.871
 10
470045.45
 20
4349652.937
 10
470042.09
 20
4349652.708
 10
470041.308
 20
4349654.163
 10
470040.661
 20
4349658.519
 10
470048.386
 20
4349659.836
 10
470049.125
 20
4349655.871
  0
LWPOLYLINE
  5
40
330
17
100
AcDbEntity
  8
综合图_历史矿块
 62
9
100
AcDbPolyline
 90
38
 70
1
 10
470029.747
 20
4349659.666
 10
470022.479
 20
4349659.22
 10
470011.109
 20
4349657.066
 10
470005.904
 20
4349658.839
 10
470005.855
 20
4349663.071
 10
470009.65
 20
4349665.947
 10
470013.517
 20
4349665.924
 10
470020.331
 20
4349669.878
 10
470026.635
 20
4349670.162
 10
470034.008
 20
4349672.104
 10
470041.361
 20
4349673.104
 10
470047.349
 20
4349675.362
 10
470054.343
 20
4349677.216
 10
470060.932
 20
4349678.679
 10
470067.779
 20
4349680.445
 10
470070.374
 20
4349678.209
 10
470068.58
 20
4349676.606
 10
470063.61
 20
4349675.309
 10
470062.064
 20
4349672.658
 10
470060.242
 20
4349670.725
 10
470057.564
 20
4349669.703
 10
470054.969
 20
4349670.918
 10
470053.013
 20
4349672.199
 10
470049.134
 20
4349671.432
 10
470048.575
 20
4349669.089
 10
470047.317
 20
4349667.062
 10
470045.693
 20
4349664.477
 10
470051.034
 20
4349664.014
 10
470056.068
 20
4349663.433
 10
470058.789
 20
4349663.063
 10
470059.568
 20
4349661.496
 10
470056.568
 20
4349661.174
 10
470053.816
 20
4349660.878
 10
470048.386
 20
4349659.836
 10
470040.643
 20
4349658.515
 10
470037.619
 20
4349657.838
 10
470036.478
 20
4349659.6
 10
470029.747
 20
4349659.666
  0
LWPOLYLINE
  5
41
330
17
100
AcDbEntity
  8
综合图_历史矿块
 62
9
100
AcDbPolyline
 90
19
 70
1
 10
470059.568
 20
4349661.496
 10
470058.789
 20
4349663.063
 10
470056.068
 20
4349663.433
 10
470051.034
 20
4349664.014
 10
470045.693
 20
4349664.477
 10
470048.575
 20
4349669.089
 10
470049.134
 20
4349671.432
 10
470053.013
 20
4349672.199
 10
470054.969
 20
4349670.918
 10
470057.564
 20
4349669.703
 10
470060.242
 20
4349670.725
 10
470062.064
 20
4349672.658
 10
470063.61
 20
4349675.309
 10
470068.58
 20
4349676.606
 10
470071.461
 20
4349674.934
 10
470071.544
 20
4349671.081
 10
470069.538
 20
4349665.982
 10
470066.788
 20
4349662.272
 10
470059.568
 20
4349661.496
  0
LWPOLYLINE
  5
42
330
17
100
AcDbEntity
  8
综合图_历史矿块
 62
9
100
AcDbPolyline
 90
12
 70
1
 10
470087.319
 20
4349648.986
 10
470083.889
 20
4349651.991
 10
470087.36
 20
4349656.288
 10
470085.709
 20
4349659.311
 10
470090.823
 20
4349662.009
 10
470093.614
 20
4349664.11
 10
470095.247
 20
4349667.068
 10
470098.071
 20
4349670.29
 10
470100.543
 20
4349667.995
 10
470096.438
 20
4349661.24
 10
470092.908
 20
4349655.501
 10
470087.319
 20
4349648.986
  0
LWPOLYLINE
  5
43
330
17
100
AcDbEntity
  8
综合图_历史矿块
 62
9
100
AcDbPolyline
 90
28
 70
1
 10
470090.823
 20
4349662.009
 10
470088.803
 20
4349666.427
 10
470090.728
 20
4349672.913
 10
470092.958
 20
4349680.036
 10
470094.717
 20
4349686.447
 10
470097.817
 20
4349692.565
 10
470100.278
 20
4349701.085
 10
470103.459
 20
4349714.397
 10
470107.154
 20
4349716.026
 10
470110.138
 20
4349718.026
 10
470110.826
 20
4349722.422
 10
470114.373
 20
4349727.421
 10
470117.104
 20
4349732.651
 10
470121.68
 20
4349733.865
 10
470122.824
 20
4349730.456
 10
470115.23
 20
4349721.877
 10
470115.654
 20
4349715.406
 10
470115.919
 20
4349710.845
 10
470113.957
 20
4349704.321
 10
470116.025
 20
4349699.654
 10
470110.352
 20
4349690.002
 10
470106.057
 20
4349684.275
 10
470101.206
 20
4349674.834
 10
470100.543
 20
4349667.995
 10
470098.071
 20
4349670.29
 10
470095.247
 20
4349667.068
 10
470093.614
 20
4349664.11
 10
470090.823
 20
4349662.009
  0
LWPOLYLINE
  5
44
330
17
100
AcDbEntity
  8
综合图_历史矿块
 62
9
100
AcDbPolyline
 90
11
 70
1
 10
470114.373
 20
4349727.421
 10
470111.088
 20
4349722.791
 10
470110.826
 20
4349722.422
 10
470110.138
 20
4349718.026
 10
470107.154
 20
4349716.026
 10
470103.459
 20
4349714.397
 10
470104.254
 20
4349720.146
 10
470105.369
 20
4349724.5
 10
470106.074
 20
4349727.256
 10
470109.856
 20
4349729.218
 10
470114.373
 20
4349727.421
  0
LWPOLYLINE
  5
45
330
17
100
AcDbEntity
  8
1.000-1.500
 62
5
370
30
100
AcDbPolyline
 90
40
 70
1
 10
470020.75266981364
 20
4349653.78103812
 10
470005.904
 20
4349658.839
 10
470005.855
 20
4349663.071
 10
470009.6500000002
 20
4349665.947
 10
470013.5170000001
 20
4349665.924
 10
470020.33099999995
 20
4349669.878
 10
470026.63500000036
 20
4349670.162
 10
470034.00799999334
 20
4349672.103999998
 10
470041.3609999962
 20
4349673.103999998
 10
470047.34899999975
 20
4349675.361999999
 10
470054.34299999994
 20
4349677.216
 10
470060.9319999986
 20
4349678.679
 10
470067.77899999986
 20
4349680.445
 10
470071.4096747744
 20
4349677.316603546
 10
470071.544
 20
4349671.081
 10
470068.2130099931
 20
4349662.614041852
 10
470076.183
 20
4349663.27
 10
470076.5209999998
 20
4349660.1290000025
 10
470077.249
 20
4349652.237
 10
470075.92800000013
 20
4349647.622000001
 10
470073.5469999999
 20
4349643.49
 10
470072.8669999999
 20
4349640.331
 10
470068.93300000095
 20
4349639.99
 10
470061.2679999995
 20
4349639.601
 10
470054.87899999856
 20
4349638.776999999
 10
470047.1169999982
 20
4349638.106
 10
470044.56699999905
 20
4349637.688
 10
470039.1990000002
 20
4349637.514
 10
470030.1099999983
 20
4349638.139000001
 10
470028.79377258325
 20
4349637.9850903405
 10
470025.84999982273
 20
4349637.64200002
 10
470023.85397615883
 20
4349637.864890995
 10
470020.8659996659
 20
4349638.200000018
 10
470011.7249999997
 20
4349638.697
 10
470006.74599999975
 20
4349640.564
 10
470003.42600000015
 20
4349640.811
 10
470000.618
 20
4349644.028
 10
470003.4740000018
 20
4349646.450000002
 10
470006.6899999805
 20
4349647.901999992
 10
470020.75266981364
 20
4349653.78103812
  0
LWPOLYLINE
  5
46
330
17
100
AcDbEntity
  8
1.000-1.500
 62
5
370
30
100
AcDbPolyline
 90
50
 70
1
 10
470083.889
 20
4349651.991
 10
470087.3599999999
 20
4349656.288
 10
470085.7089999998
 20
4349659.311
 10
470090.8229999999
 20
4349662.009000001
 10
470088.803
 20
4349666.427
 10
470090.7279999989
 20
4349672.912999996
 10
470092.958
 20
4349680.036
 10
470094.7170000005
 20
4349686.447000002
 10
470097.8170000005
 20
4349692.565000002
 10
470100.278
 20
4349701.084999999
 10
470103.459
 20
4349714.397
 10
470104.254
 20
4349720.146
 10
470106.01923992875
 20
4349727.039143184
 10
470104.21018022625
 20
4349727.385382344
 10
470106.9589002218
 20
4349729.594863869
 10
470100.46845420066
 20
4349733.02991936
 10
470099.49000960524
 20
4349735.672746971
 10
470098.3505981916
 20
4349738.750353979
 10
470097.42979446176
 20
4349742.169504089
 10
470096.5431683799
 20
4349745.46174495
 10
470095.5319854599
 20
4349749.25037376
 10
470094.51763683587
 20
4349753.050863607
 10
470093.66004599794
 20
4349756.398420126
 10
470101.09077028104
 20
4349758.302362082
 10
470102.5721662753
 20
4349756.665544094
 10
470101.13168827654
 20
4349754.47655424
 10
470098.1529011357
 20
4349749.949907646
 10
470102.6448141075
 20
4349747.444234772
 10
470100.62085345114
 20
4349743.027404294
 10
470105.1589130318
 20
4349740.433802001
 10
470100.7011360364
 20
4349736.1177216675
 10
470105.74789444543
 20
4349734.519490178
 10
470104.0877800824
 20
4349731.512773344
 10
470114.37299999996
 20
4349727.421
 10
470117.104
 20
4349732.651
 10
470121.68000000005
 20
4349733.865
 10
470122.82400000026
 20
4349730.455999999
 10
470115.23
 20
4349721.876999999
 10
470115.654
 20
4349715.406
 10
470115.919
 20
4349710.845
 10
470113.9569999998
 20
4349704.3209999995
 10
470116.0249999998
 20
4349699.654
 10
470110.35200000234
 20
4349690.002000004
 10
470106.05700000137
 20
4349684.275000003
 10
470101.20599999995
 20
4349674.834
 10
470100.543
 20
4349667.994999999
 10
470096.43800001923
 20
4349661.240000032
 10
470092.9079999995
 20
4349655.500999999
 10
470087.31900000013
 20
4349648.986
 10
470083.889
 20
4349651.991
  0
LWPOLYLINE
  5
47
330
17
100
AcDbEntity
  8
0.500-1.000
 62
4
370
30
100
AcDbPolyline
 90
40
 70
1
 10
470020.75266981364
 20
4349653.78103812
 10
470005.904
 20
4349658.839
 10
470005.855
 20
4349663.071
 10
470009.6500000002
 20
4349665.947
 10
470013.5170000001
 20
4349665.924
 10
470020.33099999995
 20
4349669.878
 10
470026.63500000036
 20
4349670.162
 10
470034.00799999334
 20
4349672.103999998
 10
470041.3609999962
 20
4349673.103999998
 10
470047.34899999975
 20
4349675.361999999
 10
470054.34299999994
 20
4349677.216
 10
470060.9319999986
 20
4349678.679
 10
470067.77899999986
 20
4349680.445
 10
470071.4096747744
 20
4349677.316603546
 10
470071.544
 20
4349671.081
 10
470068.2130099931
 20
4349662.614041852
 10
470076.183
 20
4349663.27
 10
470076.5209999998
 20
4349660.1290000025
 10
470077.249
 20
4349652.237
 10
470075.92800000013
 20
4349647.622000001
 10
470073.5469999999
 20
4349643.49
 10
470072.8669999999
 20
4349640.331
 10
470068.93300000095
 20
4349639.99
 10
470061.2679999995
 20
4349639.601
 10
470054.87899999856
 20
4349638.776999999
 10
470047.1169999982
 20
4349638.106
 10
470044.56699999905
 20
4349637.688
 10
470039.1990000002
 20
4349637.514
 10
470030.1099999983
 20
4349638.139000001
 10
470028.79377258325
 20
4349637.9850903405
 10
470025.84999982273
 20
4349637.64200002
 10
470023.85397615883
 20
4349637.864890995
 10
470020.8659996659
 20
4349638.200000018
 10
470011.7249999997
 20
4349638.697
 10
470006.74599999975
 20
4349640.564
 10
470003.42600000015
 20
4349640.811
 10
470000.618
 20
4349644.028
 10
470003.4740000018
 20
4349646.450000002
 10
470006.6899999805
 20
4349647.901999992
 10
470020.75266981364
 20
4349653.78103812
  0
LWPOLYLINE
  5
48
330
17
100
AcDbEntity
  8
0.500-1.000
 62
4
370
30
100
AcDbPolyline
 90
32
 70
1
 10
470083.889
 20
4349651.991
 10
470087.3599999999
 20
4349656.288
 10
470085.7089999998
 20
4349659.311
 10
470090.8229999999
 20
4349662.009000001
 10
470088.803
 20
4349666.427
 10
470090.7279999989
 20
4349672.912999996
 10
470092.958
 20
4349680.036
 10
470094.7170000005
 20
4349686.447000002
 10
470097.8170000005
 20
4349692.565000002
 10
470100.278
 20
4349701.084999999
 10
470103.459
 20
4349714.397
 10
470104.254
 20
4349720.146
 10
470105.36886598484
 20
4349724.49947668
 10
470106.0739999336
 20
4349727.255999966
 10
470109.85599999985
 20
4349729.218
 10
470114.37299999996
 20
4349727.421
 10
470117.104
 20
4349732.651
 10
470121.68000000005
 20
4349733.865
 10
470122.82400000026
 20
4349730.455999999
 10
470115.23
 20
4349721.876999999
 10
470115.654
 20
4349715.406
 10
470115.919
 20
4349710.845
 10
470113.9569999998
 20
4349704.3209999995
 10
470116.0249999998
 20
4349699.654
 10
470110.35200000234
 20
4349690.002000004
 10
470106.05700000137
 20
4349684.275000003
 10
470101.20599999995
 20
4349674.834
 10
470100.543
 20
4349667.994999999
 10
470096.43800001923
 20
4349661.240000032
 10
470092.9079999995
 20
4349655.500999999
 10
470087.31900000013
 20
4349648.986
 10
470083.889
 20
4349651.991
  0
LWPOLYLINE
  5
49
330
17
100
AcDbEntity
  8
0.500-1.000
 62
4
370
30
100
AcDbPolyline
 90
15
 70
1
 10
470105.7478944456
 20
4349734.519490178
 10
470100.7011360368
 20
4349736.1177216675
 10
470105.15891303186
 20
4349740.433802001
 10
470100.6208534512
 20
4349743.027404294
 10
470102.6448141075
 20
4349747.444234772
 10
470098.1529011354
 20
4349749.949907645
 10
470102.36672843696
 20
4349756.353355123
 10
470102.5721662754
 20
4349756.665544094
 10
470102.59800000006
 20
4349756.637
 10
470109.81179340265
 20
4349753.673713119
 10
470107.5122945496
 20
4349746.111049192
 10
470106.7706004582
 20
4349743.671742409
 10
470106.9722387688
 20
4349740.535534321
 10
470107.1909902799
 20
4349737.133153811
 10
470105.7478944456
 20
4349734.519490178
  0
LWPOLYLINE
  5
4A
330
17
100
AcDbEntity
  8
0.500-1.000
 62
4
370
30
100
AcDbPolyline
 90
15
 70
1
 10
470091.3037450249
 20
4349766.374916178
 10
470093.6510852115
 20
4349771.01060368
 10
470093.6510852113
 20
4349771.01060368
 10
470094.10422035505
 20
4349771.905485868
 10
470094.10422035557
 20
4349771.905485868
 10
470094.5835
 20
4349772.852
 10
470098.5110976884
 20
4349770.806465357
 10
470096.3634999993
 20
4349766.150000001
 10
470098.7189999995
 20
4349764.7530000005
 10
470097.2174999996
 20
4349762.582000001
 10
470101.09077028104
 20
4349758.302362082
 10
470093.6600459979
 20
4349756.398420126
 10
470092.79551306705
 20
4349759.773074706
 10
470092.044894134
 20
4349763.094949865
 10
470091.3037450249
 20
4349766.374916178
  0
LWPOLYLINE
  5
4B
330
17
100
AcDbEntity
  8
缺工程待取样
 62
6
100
AcDbPolyline
 90
97
 70
1
 10
470091.84
 20
4349787.739
 10
470091.83357676974
 20
4349787.542790612
 10
470091.81433458417
 20
4349787.3474214235
 10
470091.78235584125
 20
4349787.153729034
 10
470091.7377774789
 20
4349786.9625428645
 10
470091.6807903885
 20
4349786.7746816045
 10
470091.61163859756
 20
4349786.590949703
 10
470091.53061822464
 20
4349786.412133929
 10
470091.4380762114
 20
4349786.239
 10
470091.3344088369
 20
4349786.072289301
 10
470091.2200600209
 20
4349785.9127157135
 10
470091.09551942244
 20
4349785.760962555
 10
470090.9613203436
 20
4349785.6176796565
 10
470090.8180374453
 20
4349785.483480577
 10
470090.66628428706
 20
4349785.358939979
 10
470090.50671069906
 20
4349785.2445911635
 10
470090.34
 20
4349785.140923789
 10
470090.1668660707
 20
4349785.048381776
 10
470089.98805029714
 20
4349784.967361403
 10
470089.8043183959
 20
4349784.898209612
 10
470089.61645713536
 20
4349784.841222521
 10
470089.4252709661
 20
4349784.796644159
 10
470089.23157857667
 20
4349784.7646654155
 10
470089.0362093877
 20
4349784.74542323
 10
470088.84
 20
4349784.739
 10
470088.64379061235
 20
4349784.74542323
 10
470088.4484214234
 20
4349784.7646654155
 10
470088.254729034
 20
4349784.796644159
 10
470088.0635428647
 20
4349784.841222521
 10
470087.87568160414
 20
4349784.898209612
 10
470087.6919497029
 20
4349784.967361403
 10
470087.51313392934
 20
4349785.048381776
 10
470087.34
 20
4349785.140923789
 10
470087.173289301
 20
4349785.2445911635
 10
470087.013715713
 20
4349785.358939979
 10
470086.86196255474
 20
4349785.483480577
 10
470086.71867965645
 20
4349785.6176796565
 10
470086.5844805776
 20
4349785.760962555
 10
470086.45993997913
 20
4349785.9127157135
 10
470086.34559116315
 20
4349786.072289301
 10
470086.2419237887
 20
4349786.239
 10
470086.1493817754
 20
4349786.412133929
 10
470086.0683614025
 20
4349786.590949703
 10
470085.99920961156
 20
4349786.7746816045
 10
470085.9422225212
 20
4349786.9625428645
 10
470085.8976441588
 20
4349787.153729034
 10
470085.8656654159
 20
4349787.3474214235
 10
470085.8464232303
 20
4349787.542790612
 10
470085.84
 20
4349787.739
 10
470085.8464232303
 20
4349787.935209388
 10
470085.8656654159
 20
4349788.130578577
 10
470085.8976441588
 20
4349788.324270966
 10
470085.9422225212
 20
4349788.515457136
 10
470085.99920961156
 20
4349788.703318396
 10
470086.0683614025
 20
4349788.887050297
 10
470086.1493817754
 20
4349789.065866071
 10
470086.2419237887
 20
4349789.239
 10
470086.34559116315
 20
4349789.405710699
 10
470086.45993997913
 20
4349789.565284287
 10
470086.5844805776
 20
4349789.717037445
 10
470086.71867965645
 20
4349789.860320344
 10
470086.86196255474
 20
4349789.994519423
 10
470087.013715713
 20
4349790.119060021
 10
470087.173289301
 20
4349790.233408837
 10
470087.34
 20
4349790.337076211
 10
470087.51313392934
 20
4349790.4296182245
 10
470087.6919497029
 20
4349790.510638597
 10
470087.87568160414
 20
4349790.579790388
 10
470088.0635428647
 20
4349790.636777479
 10
470088.254729034
 20
4349790.681355841
 10
470088.4484214234
 20
4349790.713334585
 10
470088.64379061235
 20
4349790.73257677
 10
470088.84
 20
4349790.739
 10
470089.0362093877
 20
4349790.73257677
 10
470089.23157857667
 20
4349790.713334585
 10
470089.4252709661
 20
4349790.681355841
 10
470089.61645713536
 20
4349790.636777479
 10
470089.8043183959
 20
4349790.579790388
 10
470089.98805029714
 20
4349790.510638597
 10
470090.1668660707
 20
4349790.4296182245
 10
470090.34
 20
4349790.337076211
 10
470090.50671069906
 20
4349790.233408837
 10
470090.66628428706
 20
4349790.119060021
 10
470090.8180374453
 20
4349789.994519423
 10
470090.9613203436
 20
4349789.860320344
 10
470091.09551942244
 20
4349789.717037445
 10
470091.2200600209
 20
4349789.565284287
 10
470091.3344088369
 20
4349789.405710699
 10
470091.4380762114
 20
4349789.239
 10
470091.53061822464
 20
4349789.065866071
 10
470091.61163859756
 20
4349788.887050297
 10
470091.6807903885
 20
4349788.703318396
 10
470091.7377774789
 20
4349788.515457136
 10
470091.78235584125
 20
4349788.324270966
 10
470091.81433458417
 20
4349788.130578577
 10
470091.83357676974
 20
4349787.935209388
 10
470091.84
 20
4349787.739
  0
TEXT
  5
4C
330
17
100
AcDbEntity
  8
缺工程待取样
 62
6
100
AcDbText
 10
470086.56
 20
4349784.539
 30
0.0
 40
0.8
  1
BS-3940-1008-P43 0.81  （缺工程，待取样验证后再进行施工）
  7
CN_TTF
 11
470086.56
 21
4349784.539
 31
0.0
100
AcDbText
  0
LWPOLYLINE
  5
4D
330
17
100
AcDbEntity
  8
缺工程待取样
 62
6
100
AcDbPolyline
 90
97
 70
1
 10
470089.035
 20
4349801.444
 10
470089.0285767697
 20
4349801.247790612
 10
470089.0093345841
 20
4349801.052421424
 10
470088.9773558412
 20
4349800.858729034
 10
470088.9327774788
 20
4349800.667542865
 10
470088.87579038844
 20
4349800.479681605
 10
470088.8066385975
 20
4349800.295949703
 10
470088.7256182246
 20
4349800.117133929
 10
470088.6330762113
 20
4349799.944
 10
470088.52940883685
 20
4349799.777289301
 10
470088.41506002087
 20
4349799.617715714
 10
470088.2905194224
 20
4349799.465962555
 10
470088.15632034355
 20
4349799.322679657
 10
470088.01303744526
 20
4349799.188480577
 10
470087.861284287
 20
4349799.063939979
 10
470087.701710699
 20
4349798.949591164
 10
470087.535
 20
4349798.845923789
 10
470087.36186607066
 20
4349798.753381776
 10
470087.1830502971
 20
4349798.672361403
 10
470086.99931839586
 20
4349798.603209612
 10
470086.8114571353
 20
4349798.546222521
 10
470086.620270966
 20
4349798.501644159
 10
470086.4265785766
 20
4349798.469665416
 10
470086.23120938765
 20
4349798.45042323
 10
470086.035
 20
4349798.444
 10
470085.8387906123
 20
4349798.45042323
 10
470085.64342142333
 20
4349798.469665416
 10
470085.4497290339
 20
4349798.501644159
 10
470085.25854286464
 20
4349798.546222521
 10
470085.0706816041
 20
4349798.603209612
 10
470084.88694970286
 20
4349798.672361403
 10
470084.7081339293
 20
4349798.753381776
 10
470084.535
 20
4349798.845923789
 10
470084.36828930094
 20
4349798.949591164
 10
470084.20871571294
 20
4349799.063939979
 10
470084.0569625547
 20
4349799.188480577
 10
470083.9136796564
 20
4349799.322679657
 10
470083.77948057756
 20
4349799.465962555
 10
470083.6549399791
 20
4349799.617715714
 10
470083.5405911631
 20
4349799.777289301
 10
470083.4369237886
 20
4349799.944
 10
470083.34438177536
 20
4349800.117133929
 10
470083.26336140244
 20
4349800.295949703
 10
470083.1942096115
 20
4349800.479681605
 10
470083.1372225211
 20
4349800.667542865
 10
470083.09264415875
 20
4349800.858729034
 10
470083.06066541583
 20
4349801.052421424
 10
470083.04142323026
 20
4349801.247790612
 10
470083.035
 20
4349801.444
 10
470083.04142323026
 20
4349801.640209388
 10
470083.06066541583
 20
4349801.835578577
 10
470083.09264415875
 20
4349802.029270967
 10
470083.1372225211
 20
4349802.220457136
 10
470083.1942096115
 20
4349802.408318396
 10
470083.26336140244
 20
4349802.592050297
 10
470083.34438177536
 20
4349802.770866071
 10
470083.4369237886
 20
4349802.944
 10
470083.5405911631
 20
4349803.110710699
 10
470083.6549399791
 20
4349803.270284287
 10
470083.77948057756
 20
4349803.422037445
 10
470083.9136796564
 20
4349803.565320344
 10
470084.0569625547
 20
4349803.699519423
 10
470084.20871571294
 20
4349803.824060021
 10
470084.36828930094
 20
4349803.938408837
 10
470084.535
 20
4349804.042076211
 10
470084.7081339293
 20
4349804.134618225
 10
470084.88694970286
 20
4349804.2156385975
 10
470085.0706816041
 20
4349804.284790388
 10
470085.25854286464
 20
4349804.341777479
 10
470085.4497290339
 20
4349804.3863558415
 10
470085.64342142333
 20
4349804.418334585
 10
470085.8387906123
 20
4349804.43757677
 10
470086.035
 20
4349804.444
 10
470086.23120938765
 20
4349804.43757677
 10
470086.4265785766
 20
4349804.418334585
 10
470086.620270966
 20
4349804.3863558415
 10
470086.8114571353
 20
4349804.341777479
 10
470086.99931839586
 20
4349804.284790388
 10
470087.1830502971
 20
4349804.2156385975
 10
470087.36186607066
 20
4349804.134618225
 10
470087.535
 20
4349804.042076211
 10
470087.701710699
 20
4349803.938408837
 10
470087.861284287
 20
4349803.824060021
 10
470088.01303744526
 20
4349803.699519423
 10
470088.15632034355
 20
4349803.565320344
 10
470088.2905194224
 20
4349803.422037445
 10
470088.41506002087
 20
4349803.270284287
 10
470088.52940883685
 20
4349803.110710699
 10
470088.6330762113
 20
4349802.944
 10
470088.7256182246
 20
4349802.770866071
 10
470088.8066385975
 20
4349802.592050297
 10
470088.87579038844
 20
4349802.408318396
 10
470088.9327774788
 20
4349802.220457136
 10
470088.9773558412
 20
4349802.029270967
 10
470089.0093345841
 20
4349801.835578577
 10
470089.0285767697
 20
4349801.640209388
 10
470089.035
 20
4349801.444
  0
TEXT
  5
4E
330
17
100
AcDbEntity
  8
缺工程待取样
 62
6
100
AcDbText
 10
470083.75499999995
 20
4349798.244
 30
0.0
 40
0.8
  1
BS-3940-1008-P47 0.52  （缺工程，待取样验证后再进行施工）
  7
CN_TTF
 11
470083.75499999995
 21
4349798.244
 31
0.0
100
AcDbText
  0
LWPOLYLINE
  5
4F
330
17
100
AcDbEntity
  8
爆区方格网
 62
5
100
AcDbPolyline
 90
5
 70
1
 10
470094.3037450247
 20
4349755.705089463
 10
470093.83766630705
 20
4349755.705089463
 10
470093.6600459977
 20
4349756.398420126
 10
470094.3037450247
 20
4349756.56335231
 10
470094.3037450247
 20
4349755.705089463
  0
TEXT
  5
50
330
17
100
AcDbEntity
  8
0
 62
5
100
AcDbText
 10
470093.86630058853
 20
4349755.981754795
 30
0.0
 40
0.1333
  1
1.16
  7
CN_TTF
 11
470093.86630058853
 21
4349755.981754795
 31
0.0
100
AcDbText
  0
LWPOLYLINE
  5
51
330
17
100
AcDbEntity
  8
爆区方格网
 62
5
100
AcDbPolyline
 90
5
 70
1
 10
470095.3037450247
 20
4349752.705089463
 10
470095.3037450247
 20
4349751.705089463
 10
470094.87682320556
 20
4349751.705089463
 10
470094.6099237623
 20
4349752.705089463
 10
470095.3037450247
 20
4349752.705089463
  0
TEXT
  5
52
330
17
100
AcDbEntity
  8
0
 62
5
100
AcDbText
 10
470094.8635592544
 20
4349752.135089463
 30
0.0
 40
0.1333
  1
1.16
  7
CN_TTF
 11
470094.8635592544
 21
4349752.135089463
 31
0.0
100
AcDbText
  0
LWPOLYLINE
  5
53
330
17
100
AcDbEntity
  8
爆区方格网
 62
5
100
AcDbPolyline
 90
6
 70
1
 10
470095.3037450247
 20
4349753.705089463
 10
470095.3037450247
 20
4349752.705089463
 10
470094.6099237623
 20
4349752.705089463
 10
470094.5176368314
 20
4349753.050863624
 10
470094.35003455717
 20
4349753.705089463
 10
470095.3037450247
 20
4349753.705089463
  0
TEXT
  5
54
330
17
100
AcDbEntity
  8
0
 62
5
100
AcDbText
 10
470094.7087903595
 20
4349753.307976543
 30
0.0
 40
0.1333
  1
1.16
  7
CN_TTF
 11
470094.7087903595
 21
4349753.307976543
 31
0.0
100
AcDbText
  0
LWPOLYLINE
  5
55
330
17
100
AcDbEntity
  8
爆区方格网
 62
5
100
AcDbPolyline
 90
6
 70
1
 10
470094.3037450247
 20
4349754.705089463
 10
470095.3037450247
 20
4349754.705089463
 10
470095.3037450247
 20
4349753.705089463
 10
470094.35003455717
 20
4349753.705089463
 10
470094.3037450247
 20
4349753.885777991
 10
470094.3037450247
 20
4349754.705089463
  0
TEXT
  5
56
330
17
100
AcDbEntity
  8
0
 62
5
100
AcDbText
 10
470094.64374502475
 20
4349754.225433727
 30
0.0
 40
0.1333
  1
1.16
  7
CN_TTF
 11
470094.64374502475
 21
4349754.225433727
 31
0.0
100
AcDbText
  0
LWPOLYLINE
  5
57
330
17
100
AcDbEntity
  8
爆区方格网
 62
5
100
AcDbPolyline
 90
5
 70
1
 10
470094.3037450247
 20
4349754.705089463
 10
470094.3037450247
 20
4349755.705089463
 10
470095.3037450247
 20
4349755.705089463
 10
470095.3037450247
 20
4349754.705089463
 10
470094.3037450247
 20
4349754.705089463
  0
TEXT
  5
58
330
17
100
AcDbEntity
  8
0
 62
5
100
AcDbText
 10
470094.64374502475
 20
4349755.135089463
 30
0.0
 40
0.1333
  1
1.16
  7
CN_TTF
 11
470094.64374502475
 21
4349755.135089463
 31
0.0
100
AcDbText
  0
LWPOLYLINE
  5
59
330
17
100
AcDbEntity
  8
爆区方格网
 62
5
100
AcDbPolyline
 90
6
 70
1
 10
470095.3037450247
 20
4349756.705089463
 10
470095.3037450247
 20
4349755.705089463
 10
470094.3037450247
 20
4349755.705089463
 10
470094.3037450247
 20
4349756.56335231
 10
470094.85691824526
 20
4349756.705089463
 10
470095.3037450247
 20
4349756.705089463
  0
TEXT
  5
5A
330
17
100
AcDbEntity
  8
0
 62
5
100
AcDbText
 10
470094.64374502475
 20
4349756.064220887
 30
0.0
 40
0.1333
  1
1.16
  7
CN_TTF
 11
470094.64374502475
 21
4349756.064220887
 31
0.0
100
AcDbText
  0
LWPOLYLINE
  5
5B
330
17
100
AcDbEntity
  8
爆区方格网
 62
5
100
AcDbPolyline
 90
6
 70
1
 10
470096.3037450247
 20
4349749.705089463
 10
470096.3037450247
 20
4349748.705089463
 10
470095.67752153525
 20
4349748.705089463
 10
470095.5319854599
 20
4349749.25037376
 10
470095.410622092
 20
4349749.705089463
 10
470096.3037450247
 20
4349749.705089463
  0
TEXT
  5
5C
330
17
100
AcDbEntity
  8
0
 62
5
100
AcDbText
 10
470095.7942492612
 20
4349748.907731611
 30
0.0
 40
0.1333
  1
1.04
  7
CN_TTF
 11
470095.7942492612
 21
4349748.907731611
 31
0.0
100
AcDbText
  0
LWPOLYLINE
  5
5D
330
17
100
AcDbEntity
  8
爆区方格网
 62
5
100
AcDbPolyline
 90
6
 70
1
 10
470095.3037450247
 20
4349750.705089463
 10
470096.3037450247
 20
4349750.705089463
 10
470096.3037450247
 20
4349749.705089463
 10
470095.410622092
 20
4349749.705089463
 10
470095.3037450247
 20
4349750.105528917
 10
470095.3037450247
 20
4349750.705089463
  0
TEXT
  5
5E
330
17
100
AcDbEntity
  8
0
 62
5
100
AcDbText
 10
470095.64374502475
 20
4349750.33530919
 30
0.0
 40
0.1333
  1
1.16
  7
CN_TTF
 11
470095.64374502475
 21
4349750.33530919
 31
0.0
100
AcDbText
  0
LWPOLYLINE
  5
5F
330
17
100
AcDbEntity
  8
爆区方格网
 62
5
100
AcDbPolyline
 90
5
 70
1
 10
470095.3037450247
 20
4349750.705089463
 10
470095.3037450247
 20
4349751.705089463
 10
470096.3037450247
 20
4349751.705089463
 10
470096.3037450247
 20
4349750.705089463
 10
470095.3037450247
 20
4349750.705089463
  0
TEXT
  5
60
330
17
100
AcDbEntity
  8
0
 62
5
100
AcDbText
 10
470095.64374502475
 20
4349751.135089463
 30
0.0
 40
0.1333
  1
1.16
  7
CN_TTF
 11
470095.64374502475
 21
4349751.135089463
 31
0.0
100
AcDbText
  0
LWPOLYLINE
  5
61
330
17
100
AcDbEntity
  8
爆区方格网
 62
5
100
AcDbPolyline
 90
5
 70
1
 10
470095.3037450247
 20
4349751.705089463
 10
470095.3037450247
 20
4349752.705089463
 10
470096.3037450247
 20
4349752.705089463
 10
470096.3037450247
 20
4349751.705089463
 10
470095.3037450247
 20
4349751.705089463
  0
TEXT
  5
62
330
17
100
AcDbEntity
  8
0
 62
5
100
AcDbText
 10
470095.64374502475
 20
4349752.135089463
 30
0.0
 40
0.1333
  1
1.16
  7
CN_TTF
 11
470095.64374502475
 21
4349752.135089463
 31
0.0
100
AcDbText
  0
LWPOLYLINE
  5
63
330
17
100
AcDbEntity
  8
爆区方格网
 62
5
100
AcDbPolyline
 90
5
 70
1
 10
470095.3037450247
 20
4349752.705089463
 10
470095.3037450247
 20
4349753.705089463
 10
470096.3037450247
 20
4349753.705089463
 10
470096.3037450247
 20
4349752.705089463
 10
470095.3037450247
 20
4349752.705089463
  0
TEXT
  5
64
330
17
100
AcDbEntity
  8
0
 62
5
100
AcDbText
 10
470095.64374502475
 20
4349753.135089463
 30
0.0
 40
0.1333
  1
1.16
  7
CN_TTF
 11
470095.64374502475
 21
4349753.135089463
 31
0.0
100
AcDbText
  0
LWPOLYLINE
  5
65
330
17
100
AcDbEntity
  8
爆区方格网
 62
5
100
AcDbPolyline
 90
5
 70
1
 10
470095.3037450247
 20
4349753.705089463
 10
470095.3037450247
 20
4349754.705089463
 10
470096.3037450247
 20
4349754.705089463
 10
470096.3037450247
 20
4349753.705089463
 10
470095.3037450247
 20
4349753.705089463
  0
TEXT
  5
66
330
17
100
AcDbEntity
  8
0
 62
5
100
AcDbText
 10
470095.64374502475
 20
4349754.135089463
 30
0.0
 40
0.1333
  1
1.16
  7
CN_TTF
 11
470095.64374502475
 21
4349754.135089463
 31
0.0
100
AcDbText
  0
LWPOLYLINE
  5
67
330
17
100
AcDbEntity
  8
爆区方格网
 62
5
100
AcDbPolyline
 90
5
 70
1
 10
470095.3037450247
 20
4349754.705089463
 10
470095.3037450247
 20
4349755.705089463
 10
470096.3037450247
 20
4349755.705089463
 10
470096.3037450247
 20
4349754.705089463
 10
470095.3037450247
 20
4349754.705089463
  0
TEXT
  5
68
330
17
100
AcDbEntity
  8
0
 62
5
100
AcDbText
 10
470095.64374502475
 20
4349755.135089463
 30
0.0
 40
0.1333
  1
1.16
  7
CN_TTF
 11
470095.64374502475
 21
4349755.135089463
 31
0.0
100
AcDbText
  0
LWPOLYLINE
  5
69
330
17
100
AcDbEntity
  8
爆区方格网
 62
5
100
AcDbPolyline
 90
5
 70
1
 10
470095.3037450247
 20
4349755.705089463
 10
470095.3037450247
 20
4349756.705089463
 10
470096.3037450247
 20
4349756.705089463
 10
470096.3037450247
 20
4349755.705089463
 10
470095.3037450247
 20
4349755.705089463
  0
TEXT
  5
6A
330
17
100
AcDbEntity
  8
0
 62
5
100
AcDbText
 10
470095.64374502475
 20
4349756.135089463
 30
0.0
 40
0.1333
  1
1.16
  7
CN_TTF
 11
470095.64374502475
 21
4349756.135089463
 31
0.0
100
AcDbText
  0
LWPOLYLINE
  5
6B
330
17
100
AcDbEntity
  8
爆区方格网
 62
5
100
AcDbPolyline
 90
6
 70
1
 10
470097.3037450247
 20
4349745.705089463
 10
470097.3037450247
 20
4349744.705089463
 10
470096.74694159045
 20
4349744.705089463
 10
470096.54316838
 20
4349745.46174495
 10
470096.478219865
 20
4349745.705089463
 10
470097.3037450247
 20
4349745.705089463
  0
TEXT
  5
6C
330
17
100
AcDbEntity
  8
0
 62
5
100
AcDbText
 10
470096.8144000049
 20
4349745.013417207
 30
0.0
 40
0.1333
  1
1.04
  7
CN_TTF
 11
470096.8144000049
 21
4349745.013417207
 31
0.0
100
AcDbText
  0
LWPOLYLINE
  5
6D
330
17
100
AcDbEntity
  8
爆区方格网
 62
5
100
AcDbPolyline
 90
6
 70
1
 10
470096.3037450247
 20
4349746.705089463
 10
470097.3037450247
 20
4349746.705089463
 10
470097.3037450247
 20
4349745.705089463
 10
470096.478219865
 20
4349745.705089463
 10
470096.3037450247
 20
4349746.358799483
 10
470096.3037450247
 20
4349746.705089463
  0
TEXT
  5
6E
330
17
100
AcDbEntity
  8
0
 62
5
100
AcDbText
 10
470096.6873637349
 20
4349745.961944472
 30
0.0
 40
0.1333
  1
1.04
  7
CN_TTF
 11
470096.6873637349
 21
4349745.961944472
 31
0.0
100
AcDbText
  0
LWPOLYLINE
  5
6F
330
17
100
AcDbEntity
  8
爆区方格网
 62
5
100
AcDbPolyline
 90
5
 70
1
 10
470096.3037450247
 20
4349746.705089463
 10
470096.3037450247
 20
4349747.705089463
 10
470097.3037450247
 20
4349747.705089463
 10
470097.3037450247
 20
4349746.705089463
 10
470096.3037450247
 20
4349746.705089463
  0
TEXT
  5
70
330
17
100
AcDbEntity
  8
0
 62
5
100
AcDbText
 10
470096.64374502475
 20
4349747.135089463
 30
0.0
 40
0.1333
  1
1.04
  7
CN_TTF
 11
470096.64374502475
 21
4349747.135089463
 31
0.0
100
AcDbText
  0
LWPOLYLINE
  5
71
330
17
100
AcDbEntity
  8
爆区方格网
 62
5
100
AcDbPolyline
 90
5
 70
1
 10
470096.3037450247
 20
4349747.705089463
 10
470096.3037450247
 20
4349748.705089463
 10
470097.3037450247
 20
4349748.705089463
 10
470097.3037450247
 20
4349747.705089463
 10
470096.3037450247
 20
4349747.705089463
  0
TEXT
  5
72
330
17
100
AcDbEntity
  8
0
 62
5
100
AcDbText
 10
470096.64374502475
 20
4349748.135089463
 30
0.0
 40
0.1333
  1
1.04
  7
CN_TTF
 11
470096.64374502475
 21
4349748.135089463
 31
0.0
100
AcDbText
  0
LWPOLYLINE
  5
73
330
17
100
AcDbEntity
  8
爆区方格网
 62
5
100
AcDbPolyline
 90
5
 70
1
 10
470096.3037450247
 20
4349748.705089463
 10
470096.3037450247
 20
4349749.705089463
 10
470097.3037450247
 20
4349749.705089463
 10
470097.3037450247
 20
4349748.705089463
 10
470096.3037450247
 20
4349748.705089463
  0
TEXT
  5
74
330
17
100
AcDbEntity
  8
0
 62
5
100
AcDbText
 10
470096.64374502475
 20
4349749.135089463
 30
0.0
 40
0.1333
  1
1.04
  7
CN_TTF
 11
470096.64374502475
 21
4349749.135089463
 31
0.0
100
AcDbText
  0
LWPOLYLINE
  5
75
330
17
100
AcDbEntity
  8
爆区方格网
 62
5
100
AcDbPolyline
 90
5
 70
1
 10
470096.3037450247
 20
4349749.705089463
 10
470096.3037450247
 20
4349750.705089463
 10
470097.3037450247
 20
4349750.705089463
 10
470097.3037450247
 20
4349749.705089463
 10
470096.3037450247
 20
4349749.705089463
  0
TEXT
  5
76
330
17
100
AcDbEntity
  8
0
 62
5
100
AcDbText
 10
470096.64374502475
 20
4349750.135089463
 30
0.0
 40
0.1333
  1
1.16
  7
CN_TTF
 11
470096.64374502475
 21
4349750.135089463
 31
0.0
100
AcDbText
  0
LWPOLYLINE
  5
77
330
17
100
AcDbEntity
  8
爆区方格网
 62
5
100
AcDbPolyline
 90
5
 70
1
 10
470096.3037450247
 20
4349750.705089463
 10
470096.3037450247
 20
4349751.705089463
 10
470097.3037450247
 20
4349751.705089463
 10
470097.3037450247
 20
4349750.705089463
 10
470096.3037450247
 20
4349750.705089463
  0
TEXT
  5
78
330
17
100
AcDbEntity
  8
0
 62
5
100
AcDbText
 10
470096.64374502475
 20
4349751.135089463
 30
0.0
 40
0.1333
  1
1.16
  7
CN_TTF
 11
470096.64374502475
 21
4349751.135089463
 31
0.0
100
AcDbText
  0
LWPOLYLINE
  5
79
330
17
100
AcDbEntity
  8
爆区方格网
 62
5
100
AcDbPolyline
 90
5
 70
1
 10
470096.3037450247
 20
4349751.705089463
 10
470096.3037450247
 20
4349752.705089463
 10
470097.3037450247
 20
4349752.705089463
 10
470097.3037450247
 20
4349751.705089463
 10
470096.3037450247
 20
4349751.705089463
  0
TEXT
  5
7A
330
17
100
AcDbEntity
  8
0
 62
5
100
AcDbText
 10
470096.64374502475
 20
4349752.135089463
 30
0.0
 40
0.1333
  1
1.16
  7
CN_TTF
 11
470096.64374502475
 21
4349752.135089463
 31
0.0
100
AcDbText
  0
LWPOLYLINE
  5
7B
330
17
100
AcDbEntity
  8
爆区方格网
 62
5
100
AcDbPolyline
 90
5
 70
1
 10
470096.3037450247
 20
4349752.705089463
 10
470096.3037450247
 20
4349753.705089463
 10
470097.3037450247
 20
4349753.705089463
 10
470097.3037450247
 20
4349752.705089463
 10
470096.3037450247
 20
4349752.705089463
  0
TEXT
  5
7C
330
17
100
AcDbEntity
  8
0
 62
5
100
AcDbText
 10
470096.64374502475
 20
4349753.135089463
 30
0.0
 40
0.1333
  1
1.16
  7
CN_TTF
 11
470096.64374502475
 21
4349753.135089463
 31
0.0
100
AcDbText
  0
LWPOLYLINE
  5
7D
330
17
100
AcDbEntity
  8
爆区方格网
 62
5
100
AcDbPolyline
 90
5
 70
1
 10
470096.3037450247
 20
4349753.705089463
 10
470096.3037450247
 20
4349754.705089463
 10
470097.3037450247
 20
4349754.705089463
 10
470097.3037450247
 20
4349753.705089463
 10
470096.3037450247
 20
4349753.705089463
  0
TEXT
  5
7E
330
17
100
AcDbEntity
  8
0
 62
5
100
AcDbText
 10
470096.64374502475
 20
4349754.135089463
 30
0.0
 40
0.1333
  1
1.16
  7
CN_TTF
 11
470096.64374502475
 21
4349754.135089463
 31
0.0
100
AcDbText
  0
LWPOLYLINE
  5
7F
330
17
100
AcDbEntity
  8
爆区方格网
 62
5
100
AcDbPolyline
 90
5
 70
1
 10
470096.3037450247
 20
4349754.705089463
 10
470096.3037450247
 20
4349755.705089463
 10
470097.3037450247
 20
4349755.705089463
 10
470097.3037450247
 20
4349754.705089463
 10
470096.3037450247
 20
4349754.705089463
  0
TEXT
  5
80
330
17
100
AcDbEntity
  8
0
 62
5
100
AcDbText
 10
470096.64374502475
 20
4349755.135089463
 30
0.0
 40
0.1333
  1
1.16
  7
CN_TTF
 11
470096.64374502475
 21
4349755.135089463
 31
0.0
100
AcDbText
  0
LWPOLYLINE
  5
81
330
17
100
AcDbEntity
  8
爆区方格网
 62
5
100
AcDbPolyline
 90
5
 70
1
 10
470096.3037450247
 20
4349755.705089463
 10
470096.3037450247
 20
4349756.705089463
 10
470097.3037450247
 20
4349756.705089463
 10
470097.3037450247
 20
4349755.705089463
 10
470096.3037450247
 20
4349755.705089463
  0
TEXT
  5
82
330
17
100
AcDbEntity
  8
0
 62
5
100
AcDbText
 10
470096.64374502475
 20
4349756.135089463
 30
0.0
 40
0.1333
  1
1.16
  7
CN_TTF
 11
470096.64374502475
 21
4349756.135089463
 31
0.0
100
AcDbText
  0
LWPOLYLINE
  5
83
330
17
100
AcDbEntity
  8
爆区方格网
 62
5
100
AcDbPolyline
 90
5
 70
1
 10
470098.3037450247
 20
4349741.705089463
 10
470098.3037450247
 20
4349740.705089463
 10
470097.8241727156
 20
4349740.705089463
 10
470097.55486493435
 20
4349741.705089463
 10
470098.3037450247
 20
4349741.705089463
  0
TEXT
  5
84
330
17
100
AcDbEntity
  8
0
 62
5
100
AcDbText
 10
470097.8366319249
 20
4349741.135089463
 30
0.0
 40
0.1333
  1
1.26
  7
CN_TTF
 11
470097.8366319249
 21
4349741.135089463
 31
0.0
100
AcDbText
  0
LWPOLYLINE
  5
85
330
17
100
AcDbEntity
  8
爆区方格网
 62
5
100
AcDbPolyline
 90
7
 70
1
 10
470097.3037450247
 20
4349742.705089463
 10
470098.3037450247
 20
4349742.705089463
 10
470098.3037450247
 20
4349741.705089463
 10
470097.55486493435
 20
4349741.705089463
 10
470097.42979446176
 20
4349742.169504089
 10
470097.3037450247
 20
4349742.63755383
 10
470097.3037450247
 20
4349742.705089463
  0
TEXT
  5
86
330
17
100
AcDbEntity
  8
0
 62
5
100
AcDbText
 10
470097.675257384
 20
4349742.333528959
 30
0.0
 40
0.1333
  1
1.04
  7
CN_TTF
 11
470097.675257384
 21
4349742.333528959
 31
0.0
100
AcDbText
  0
LWPOLYLINE
  5
87
330
17
100
AcDbEntity
  8
爆区方格网
 62
5
100
AcDbPolyline
 90
5
 70
1
 10
470097.3037450247
 20
4349742.705089463
 10
470097.3037450247
 20
4349743.705089463
 10
470098.3037450247
 20
4349743.705089463
 10
470098.3037450247
 20
4349742.705089463
 10
470097.3037450247
 20
4349742.705089463
  0
TEXT
  5
88
330
17
100
AcDbEntity
  8
0
 62
5
100
AcDbText
 10
470097.64374502475
 20
4349743.135089463
 30
0.0
 40
0.1333
  1
1.04
  7
CN_TTF
 11
470097.64374502475
 21
4349743.135089463
 31
0.0
100
AcDbText
  0
LWPOLYLINE
  5
89
330
17
100
AcDbEntity
  8
爆区方格网
 62
5
100
AcDbPolyline
 90
5
 70
1
 10
470097.3037450247
 20
4349743.705089463
 10
470097.3037450247
 20
4349744.705089463
 10
470098.3037450247
 20
4349744.705089463
 10
470098.3037450247
 20
4349743.705089463
 10
470097.3037450247
 20
4349743.705089463
  0
TEXT
  5
8A
330
17
100
AcDbEntity
  8
0
 62
5
100
AcDbText
 10
470097.64374502475
 20
4349744.135089463
 30
0.0
 40
0.1333
  1
1.04
  7
CN_TTF
 11
470097.64374502475
 21
4349744.135089463
 31
0.0
100
AcDbText
  0
LWPOLYLINE
  5
8B
330
17
100
AcDbEntity
  8
爆区方格网
 62
5
100
AcDbPolyline
 90
5
 70
1
 10
470097.3037450247
 20
4349744.705089463
 10
470097.3037450247
 20
4349745.705089463
 10
470098.3037450247
 20
4349745.705089463
 10
470098.3037450247
 20
4349744.705089463
 10
470097.3037450247
 20
4349744.705089463
  0
TEXT
  5
8C
330
17
100
AcDbEntity
  8
0
 62
5
100
AcDbText
 10
470097.64374502475
 20
4349745.135089463
 30
0.0
 40
0.1333
  1
1.04
  7
CN_TTF
 11
470097.64374502475
 21
4349745.135089463
 31
0.0
100
AcDbText
  0
LWPOLYLINE
  5
8D
330
17
100
AcDbEntity
  8
爆区方格网
 62
5
100
AcDbPolyline
 90
5
 70
1
 10
470097.3037450247
 20
4349745.705089463
 10
470097.3037450247
 20
4349746.705089463
 10
470098.3037450247
 20
4349746.705089463
 10
470098.3037450247
 20
4349745.705089463
 10
470097.3037450247
 20
4349745.705089463
  0
TEXT
  5
8E
330
17
100
AcDbEntity
  8
0
 62
5
100
AcDbText
 10
470097.64374502475
 20
4349746.135089463
 30
0.0
 40
0.1333
  1
1.04
  7
CN_TTF
 11
470097.64374502475
 21
4349746.135089463
 31
0.0
100
AcDbText
  0
LWPOLYLINE
  5
8F
330
17
100
AcDbEntity
  8
爆区方格网
 62
5
100
AcDbPolyline
 90
5
 70
1
 10
470097.3037450247
 20
4349746.705089463
 10
470097.3037450247
 20
4349747.705089463
 10
470098.3037450247
 20
4349747.705089463
 10
470098.3037450247
 20
4349746.705089463
 10
470097.3037450247
 20
4349746.705089463
  0
TEXT
  5
90
330
17
100
AcDbEntity
  8
0
 62
5
100
AcDbText
 10
470097.64374502475
 20
4349747.135089463
 30
0.0
 40
0.1333
  1
1.04
  7
CN_TTF
 11
470097.64374502475
 21
4349747.135089463
 31
0.0
100
AcDbText
  0
LWPOLYLINE
  5
91
330
17
100
AcDbEntity
  8
爆区方格网
 62
5
100
AcDbPolyline
 90
5
 70
1
 10
470097.3037450247
 20
4349747.705089463
 10
470097.3037450247
 20
4349748.705089463
 10
470098.3037450247
 20
4349748.705089463
 10
470098.3037450247
 20
4349747.705089463
 10
470097.3037450247
 20
4349747.705089463
  0
TEXT
  5
92
330
17
100
AcDbEntity
  8
0
 62
5
100
AcDbText
 10
470097.64374502475
 20
4349748.135089463
 30
0.0
 40
0.1333
  1
1.04
  7
CN_TTF
 11
470097.64374502475
 21
4349748.135089463
 31
0.0
100
AcDbText
  0
LWPOLYLINE
  5
93
330
17
100
AcDbEntity
  8
爆区方格网
 62
5
100
AcDbPolyline
 90
5
 70
1
 10
470097.3037450247
 20
4349748.705089463
 10
470097.3037450247
 20
4349749.705089463
 10
470098.3037450247
 20
4349749.705089463
 10
470098.3037450247
 20
4349748.705089463
 10
470097.3037450247
 20
4349748.705089463
  0
TEXT
  5
94
330
17
100
AcDbEntity
  8
0
 62
5
100
AcDbText
 10
470097.64374502475
 20
4349749.135089463
 30
0.0
 40
0.1333
  1
1.04
  7
CN_TTF
 11
470097.64374502475
 21
4349749.135089463
 31
0.0
100
AcDbText
  0
LWPOLYLINE
  5
95
330
17
100
AcDbEntity
  8
爆区方格网
 62
5
100
AcDbPolyline
 90
8
 70
1
 10
470098.3037450247
 20
4349749.705089463
 10
470097.3037450247
 20
4349749.705089463
 10
470097.3037450247
 20
4349750.705089463
 10
470098.3037450247
 20
4349750.705089463
 10
470098.3037450247
 20
4349750.179134156
 10
470098.15290113474
 20
4349749.949907646
 10
470098.3037450247
 20
4349749.865764109
 10
470098.3037450247
 20
4349749.705089463
  0
TEXT
  5
96
330
17
100
AcDbEntity
  8
0
 62
5
100
AcDbText
 10
470097.64374502475
 20
4349750.3721118085
 30
0.0
 40
0.1333
  1
1.16
  7
CN_TTF
 11
470097.64374502475
 21
4349750.3721118085
 31
0.0
100
AcDbText
  0
LWPOLYLINE
  5
97
330
17
100
AcDbEntity
  8
爆区方格网
 62
5
100
AcDbPolyline
 90
5
 70
1
 10
470097.3037450247
 20
4349750.705089463
 10
470097.3037450247
 20
4349751.705089463
 10
470098.3037450247
 20
4349751.705089463
 10
470098.3037450247
 20
4349750.705089463
 10
470097.3037450247
 20
4349750.705089463
  0
TEXT
  5
98
330
17
100
AcDbEntity
  8
0
 62
5
100
AcDbText
 10
470097.64374502475
 20
4349751.135089463
 30
0.0
 40
0.1333
  1
1.16
  7
CN_TTF
 11
470097.64374502475
 21
4349751.135089463
 31
0.0
100
AcDbText
  0
LWPOLYLINE
  5
99
330
17
100
AcDbEntity
  8
爆区方格网
 62
5
100
AcDbPolyline
 90
5
 70
1
 10
470097.3037450247
 20
4349751.705089463
 10
470097.3037450247
 20
4349752.705089463
 10
470098.3037450247
 20
4349752.705089463
 10
470098.3037450247
 20
4349751.705089463
 10
470097.3037450247
 20
4349751.705089463
  0
TEXT
  5
9A
330
17
100
AcDbEntity
  8
0
 62
5
100
AcDbText
 10
470097.64374502475
 20
4349752.135089463
 30
0.0
 40
0.1333
  1
1.16
  7
CN_TTF
 11
470097.64374502475
 21
4349752.135089463
 31
0.0
100
AcDbText
  0
LWPOLYLINE
  5
9B
330
17
100
AcDbEntity
  8
爆区方格网
 62
5
100
AcDbPolyline
 90
5
 70
1
 10
470097.3037450247
 20
4349752.705089463
 10
470097.3037450247
 20
4349753.705089463
 10
470098.3037450247
 20
4349753.705089463
 10
470098.3037450247
 20
4349752.705089463
 10
470097.3037450247
 20
4349752.705089463
  0
TEXT
  5
9C
330
17
100
AcDbEntity
  8
0
 62
5
100
AcDbText
 10
470097.64374502475
 20
4349753.135089463
 30
0.0
 40
0.1333
  1
1.16
  7
CN_TTF
 11
470097.64374502475
 21
4349753.135089463
 31
0.0
100
AcDbText
  0
LWPOLYLINE
  5
9D
330
17
100
AcDbEntity
  8
爆区方格网
 62
5
100
AcDbPolyline
 90
5
 70
1
 10
470097.3037450247
 20
4349753.705089463
 10
470097.3037450247
 20
4349754.705089463
 10
470098.3037450247
 20
4349754.705089463
 10
470098.3037450247
 20
4349753.705089463
 10
470097.3037450247
 20
4349753.705089463
  0
TEXT
  5
9E
330
17
100
AcDbEntity
  8
0
 62
5
100
AcDbText
 10
470097.64374502475
 20
4349754.135089463
 30
0.0
 40
0.1333
  1
1.16
  7
CN_TTF
 11
470097.64374502475
 21
4349754.135089463
 31
0.0
100
AcDbText
  0
LWPOLYLINE
  5
9F
330
17
100
AcDbEntity
  8
爆区方格网
 62
5
100
AcDbPolyline
 90
5
 70
1
 10
470097.3037450247
 20
4349754.705089463
 10
470097.3037450247
 20
4349755.705089463
 10
470098.3037450247
 20
4349755.705089463
 10
470098.3037450247
 20
4349754.705089463
 10
470097.3037450247
 20
4349754.705089463
  0
TEXT
  5
A0
330
17
100
AcDbEntity
  8
0
 62
5
100
AcDbText
 10
470097.64374502475
 20
4349755.135089463
 30
0.0
 40
0.1333
  1
1.16
  7
CN_TTF
 11
470097.64374502475
 21
4349755.135089463
 31
0.0
100
AcDbText
  0
LWPOLYLINE
  5
A1
330
17
100
AcDbEntity
  8
爆区方格网
 62
5
100
AcDbPolyline
 90
5
 70
1
 10
470097.3037450247
 20
4349755.705089463
 10
470097.3037450247
 20
4349756.705089463
 10
470098.3037450247
 20
4349756.705089463
 10
470098.3037450247
 20
4349755.705089463
 10
470097.3037450247
 20
4349755.705089463
  0
TEXT
  5
A2
330
17
100
AcDbEntity
  8
0
 62
5
100
AcDbText
 10
470097.64374502475
 20
4349756.135089463
 30
0.0
 40
0.1333
  1
1.16
  7
CN_TTF
 11
470097.64374502475
 21
4349756.135089463
 31
0.0
100
AcDbText
  0
LWPOLYLINE
  5
A3
330
17
100
AcDbEntity
  8
爆区方格网
 62
5
100
AcDbPolyline
 90
5
 70
1
 10
470098.3037450247
 20
4349756.705089463
 10
470097.3037450247
 20
4349756.705089463
 10
470097.3037450247
 20
4349757.332029178
 10
470098.3037450247
 20
4349757.5882548
 10
470098.3037450247
 20
4349756.705089463
  0
TEXT
  5
A4
330
17
100
AcDbEntity
  8
0
 62
5
100
AcDbText
 10
470097.64374502475
 20
4349756.94855932
 30
0.0
 40
0.1333
  1
1.16
  7
CN_TTF
 11
470097.64374502475
 21
4349756.94855932
 31
0.0
100
AcDbText
  0
LWPOLYLINE
  5
A5
330
17
100
AcDbEntity
  8
爆区方格网
 62
5
100
AcDbPolyline
 90
5
 70
1
 10
470099.3037450247
 20
4349738.705089463
 10
470099.3037450247
 20
4349737.705089463
 10
470098.7375827277
 20
4349737.705089463
 10
470098.36735631136
 20
4349738.705089463
 10
470099.3037450247
 20
4349738.705089463
  0
TEXT
  5
A6
330
17
100
AcDbEntity
  8
0
 62
5
100
AcDbText
 10
470098.76810727216
 20
4349738.135089463
 30
0.0
 40
0.1333
  1
1.26
  7
CN_TTF
 11
470098.76810727216
 21
4349738.135089463
 31
0.0
100
AcDbText
  0
LWPOLYLINE
  5
A7
330
17
100
AcDbEntity
  8
爆区方格网
 62
5
100
AcDbPolyline
 90
7
 70
1
 10
470098.3037450247
 20
4349739.705089463
 10
470099.3037450247
 20
4349739.705089463
 10
470099.3037450247
 20
4349738.705089463
 10
470098.36735631136
 20
4349738.705089463
 10
470098.35059819143
 20
4349738.75035398
 10
470098.3037450247
 20
4349738.9243302625
 10
470098.3037450247
 20
4349739.705089463
  0
TEXT
  5
A8
330
17
100
AcDbEntity
  8
0
 62
5
100
AcDbText
 10
470098.64374502475
 20
4349739.244709862
 30
0.0
 40
0.1333
  1
1.26
  7
CN_TTF
 11
470098.64374502475
 21
4349739.244709862
 31
0.0
100
AcDbText
  0
LWPOLYLINE
  5
A9
330
17
100
AcDbEntity
  8
爆区方格网
 62
5
100
AcDbPolyline
 90
5
 70
1
 10
470098.3037450247
 20
4349739.705089463
 10
470098.3037450247
 20
4349740.705089463
 10
470099.3037450247
 20
4349740.705089463
 10
470099.3037450247
 20
4349739.705089463
 10
470098.3037450247
 20
4349739.705089463
  0
TEXT
  5
AA
330
17
100
AcDbEntity
  8
0
 62
5
100
AcDbText
 10
470098.64374502475
 20
4349740.135089463
 30
0.0
 40
0.1333
  1
1.26
  7
CN_TTF
 11
470098.64374502475
 21
4349740.135089463
 31
0.0
100
AcDbText
  0
LWPOLYLINE
  5
AB
330
17
100
AcDbEntity
  8
爆区方格网
 62
5
100
AcDbPolyline
 90
5
 70
1
 10
470098.3037450247
 20
4349740.705089463
 10
470098.3037450247
 20
4349741.705089463
 10
470099.3037450247
 20
4349741.705089463
 10
470099.3037450247
 20
4349740.705089463
 10
470098.3037450247
 20
4349740.705089463
  0
TEXT
  5
AC
330
17
100
AcDbEntity
  8
0
 62
5
100
AcDbText
 10
470098.64374502475
 20
4349741.135089463
 30
0.0
 40
0.1333
  1
1.26
  7
CN_TTF
 11
470098.64374502475
 21
4349741.135089463
 31
0.0
100
AcDbText
  0
LWPOLYLINE
  5
AD
330
17
100
AcDbEntity
  8
爆区方格网
 62
5
100
AcDbPolyline
 90
5
 70
1
 10
470098.3037450247
 20
4349741.705089463
 10
470098.3037450247
 20
4349742.705089463
 10
470099.3037450247
 20
4349742.705089463
 10
470099.3037450247
 20
4349741.705089463
 10
470098.3037450247
 20
4349741.705089463
  0
TEXT
  5
AE
330
17
100
AcDbEntity
  8
0
 62
5
100
AcDbText
 10
470098.64374502475
 20
4349742.135089463
 30
0.0
 40
0.1333
  1
1.26
  7
CN_TTF
 11
470098.64374502475
 21
4349742.135089463
 31
0.0
100
AcDbText
  0
LWPOLYLINE
  5
AF
330
17
100
AcDbEntity
  8
爆区方格网
 62
5
100
AcDbPolyline
 90
5
 70
1
 10
470098.3037450247
 20
4349742.705089463
 10
470098.3037450247
 20
4349743.705089463
 10
470099.3037450247
 20
4349743.705089463
 10
470099.3037450247
 20
4349742.705089463
 10
470098.3037450247
 20
4349742.705089463
  0
TEXT
  5
B0
330
17
100
AcDbEntity
  8
0
 62
5
100
AcDbText
 10
470098.64374502475
 20
4349743.135089463
 30
0.0
 40
0.1333
  1
1.04
  7
CN_TTF
 11
470098.64374502475
 21
4349743.135089463
 31
0.0
100
AcDbText
  0
LWPOLYLINE
  5
B1
330
17
100
AcDbEntity
  8
爆区方格网
 62
5
100
AcDbPolyline
 90
5
 70
1
 10
470098.3037450247
 20
4349743.705089463
 10
470098.3037450247
 20
4349744.705089463
 10
470099.3037450247
 20
4349744.705089463
 10
470099.3037450247
 20
4349743.705089463
 10
470098.3037450247
 20
4349743.705089463
  0
TEXT
  5
B2
330
17
100
AcDbEntity
  8
0
 62
5
100
AcDbText
 10
470098.64374502475
 20
4349744.135089463
 30
0.0
 40
0.1333
  1
1.04
  7
CN_TTF
 11
470098.64374502475
 21
4349744.135089463
 31
0.0
100
AcDbText
  0
LWPOLYLINE
  5
B3
330
17
100
AcDbEntity
  8
爆区方格网
 62
5
100
AcDbPolyline
 90
5
 70
1
 10
470098.3037450247
 20
4349744.705089463
 10
470098.3037450247
 20
4349745.705089463
 10
470099.3037450247
 20
4349745.705089463
 10
470099.3037450247
 20
4349744.705089463
 10
470098.3037450247
 20
4349744.705089463
  0
TEXT
  5
B4
330
17
100
AcDbEntity
  8
0
 62
5
100
AcDbText
 10
470098.64374502475
 20
4349745.135089463
 30
0.0
 40
0.1333
  1
1.04
  7
CN_TTF
 11
470098.64374502475
 21
4349745.135089463
 31
0.0
100
AcDbText
  0
LWPOLYLINE
  5
B5
330
17
100
AcDbEntity
  8
爆区方格网
 62
5
100
AcDbPolyline
 90
5
 70
1
 10
470098.3037450247
 20
4349745.705089463
 10
470098.3037450247
 20
4349746.705089463
 10
470099.3037450247
 20
4349746.705089463
 10
470099.3037450247
 20
4349745.705089463
 10
470098.3037450247
 20
4349745.705089463
  0
TEXT
  5
B6
330
17
100
AcDbEntity
  8
0
 62
5
100
AcDbText
 10
470098.64374502475
 20
4349746.135089463
 30
0.0
 40
0.1333
  1
1.04
  7
CN_TTF
 11
470098.64374502475
 21
4349746.135089463
 31
0.0
100
AcDbText
  0
LWPOLYLINE
  5
B7
330
17
100
AcDbEntity
  8
爆区方格网
 62
5
100
AcDbPolyline
 90
5
 70
1
 10
470098.3037450247
 20
4349746.705089463
 10
470098.3037450247
 20
4349747.705089463
 10
470099.3037450247
 20
4349747.705089463
 10
470099.3037450247
 20
4349746.705089463
 10
470098.3037450247
 20
4349746.705089463
  0
TEXT
  5
B8
330
17
100
AcDbEntity
  8
0
 62
5
100
AcDbText
 10
470098.64374502475
 20
4349747.135089463
 30
0.0
 40
0.1333
  1
1.04
  7
CN_TTF
 11
470098.64374502475
 21
4349747.135089463
 31
0.0
100
AcDbText
  0
LWPOLYLINE
  5
B9
330
17
100
AcDbEntity
  8
爆区方格网
 62
5
100
AcDbPolyline
 90
5
 70
1
 10
470098.3037450247
 20
4349747.705089463
 10
470098.3037450247
 20
4349748.705089463
 10
470099.3037450247
 20
4349748.705089463
 10
470099.3037450247
 20
4349747.705089463
 10
470098.3037450247
 20
4349747.705089463
  0
TEXT
  5
BA
330
17
100
AcDbEntity
  8
0
 62
5
100
AcDbText
 10
470098.64374502475
 20
4349748.135089463
 30
0.0
 40
0.1333
  1
1.04
  7
CN_TTF
 11
470098.64374502475
 21
4349748.135089463
 31
0.0
100
AcDbText
  0
LWPOLYLINE
  5
BB
330
17
100
AcDbEntity
  8
爆区方格网
 62
5
100
AcDbPolyline
 90
6
 70
1
 10
470099.3037450247
 20
4349748.705089463
 10
470098.3037450247
 20
4349748.705089463
 10
470098.3037450247
 20
4349749.705089463
 10
470098.59178602754
 20
4349749.705089463
 10
470099.3037450247
 20
4349749.307945449
 10
470099.3037450247
 20
4349748.705089463
  0
TEXT
  5
BC
330
17
100
AcDbEntity
  8
0
 62
5
100
AcDbText
 10
470098.64374502475
 20
4349748.936517456
 30
0.0
 40
0.1333
  1
1.04
  7
CN_TTF
 11
470098.64374502475
 21
4349748.936517456
 31
0.0
100
AcDbText
  0
LWPOLYLINE
  5
BD
330
17
100
AcDbEntity
  8
爆区方格网
 62
5
100
AcDbPolyline
 90
6
 70
1
 10
470098.3037450247
 20
4349750.705089463
 10
470098.3037450247
 20
4349751.705089463
 10
470099.3037450247
 20
4349751.705089463
 10
470099.3037450247
 20
4349751.6987615675
 10
470098.6498530925
 20
4349750.705089463
 10
470098.3037450247
 20
4349750.705089463
  0
TEXT
  5
BE
330
17
100
AcDbEntity
  8
0
 62
5
100
AcDbText
 10
470098.4802720417
 20
4349751.131925515
 30
0.0
 40
0.1333
  1
1.16
  7
CN_TTF
 11
470098.4802720417
 21
4349751.131925515
 31
0.0
100
AcDbText
  0
LWPOLYLINE
  5
BF
330
17
100
AcDbEntity
  8
爆区方格网
 62
5
100
AcDbPolyline
 90
5
 70
1
 10
470098.3037450247
 20
4349751.705089463
 10
470098.3037450247
 20
4349752.705089463
 10
470099.3037450247
 20
4349752.705089463
 10
470099.3037450247
 20
4349751.705089463
 10
470098.3037450247
 20
4349751.705089463
  0
TEXT
  5
C0
330
17
100
AcDbEntity
  8
0
 62
5
100
AcDbText
 10
470098.64374502475
 20
4349752.135089463
 30
0.0
 40
0.1333
  1
1.16
  7
CN_TTF
 11
470098.64374502475
 21
4349752.135089463
 31
0.0
100
AcDbText
  0
LWPOLYLINE
  5
C1
330
17
100
AcDbEntity
  8
爆区方格网
 62
5
100
AcDbPolyline
 90
5
 70
1
 10
470098.3037450247
 20
4349752.705089463
 10
470098.3037450247
 20
4349753.705089463
 10
470099.3037450247
 20
4349753.705089463
 10
470099.3037450247
 20
4349752.705089463
 10
470098.3037450247
 20
4349752.705089463
  0
TEXT
  5
C2
330
17
100
AcDbEntity
  8
0
 62
5
100
AcDbText
 10
470098.64374502475
 20
4349753.135089463
 30
0.0
 40
0.1333
  1
1.16
  7
CN_TTF
 11
470098.64374502475
 21
4349753.135089463
 31
0.0
100
AcDbText
  0
LWPOLYLINE
  5
C3
330
17
100
AcDbEntity
  8
爆区方格网
 62
5
100
AcDbPolyline
 90
5
 70
1
 10
470098.3037450247
 20
4349753.705089463
 10
470098.3037450247
 20
4349754.705089463
 10
470099.3037450247
 20
4349754.705089463
 10
470099.3037450247
 20
4349753.705089463
 10
470098.3037450247
 20
4349753.705089463
  0
TEXT
  5
C4
330
17
100
AcDbEntity
  8
0
 62
5
100
AcDbText
 10
470098.64374502475
 20
4349754.135089463
 30
0.0
 40
0.1333
  1
1.16
  7
CN_TTF
 11
470098.64374502475
 21
4349754.135089463
 31
0.0
100
AcDbText
  0
LWPOLYLINE
  5
C5
330
17
100
AcDbEntity
  8
爆区方格网
 62
5
100
AcDbPolyline
 90
5
 70
1
 10
470098.3037450247
 20
4349754.705089463
 10
470098.3037450247
 20
4349755.705089463
 10
470099.3037450247
 20
4349755.705089463
 10
470099.3037450247
 20
4349754.705089463
 10
470098.3037450247
 20
4349754.705089463
  0
TEXT
  5
C6
330
17
100
AcDbEntity
  8
0
 62
5
100
AcDbText
 10
470098.64374502475
 20
4349755.135089463
 30
0.0
 40
0.1333
  1
1.16
  7
CN_TTF
 11
470098.64374502475
 21
4349755.135089463
 31
0.0
100
AcDbText
  0
LWPOLYLINE
  5
C7
330
17
100
AcDbEntity
  8
爆区方格网
 62
5
100
AcDbPolyline
 90
5
 70
1
 10
470098.3037450247
 20
4349755.705089463
 10
470098.3037450247
 20
4349756.705089463
 10
470099.3037450247
 20
4349756.705089463
 10
470099.3037450247
 20
4349755.705089463
 10
470098.3037450247
 20
4349755.705089463
  0
TEXT
  5
C8
330
17
100
AcDbEntity
  8
0
 62
5
100
AcDbText
 10
470098.64374502475
 20
4349756.135089463
 30
0.0
 40
0.1333
  1
1.16
  7
CN_TTF
 11
470098.64374502475
 21
4349756.135089463
 31
0.0
100
AcDbText
  0
LWPOLYLINE
  5
C9
330
17
100
AcDbEntity
  8
爆区方格网
 62
5
100
AcDbPolyline
 90
6
 70
1
 10
470099.3037450247
 20
4349757.705089463
 10
470099.3037450247
 20
4349756.705089463
 10
470098.3037450247
 20
4349756.705089463
 10
470098.3037450247
 20
4349757.5882548
 10
470098.75972855
 20
4349757.705089463
 10
470099.3037450247
 20
4349757.705089463
  0
TEXT
  5
CA
330
17
100
AcDbEntity
  8
0
 62
5
100
AcDbText
 10
470098.64374502475
 20
4349757.076672131
 30
0.0
 40
0.1333
  1
1.16
  7
CN_TTF
 11
470098.64374502475
 21
4349757.076672131
 31
0.0
100
AcDbText
  0
LWPOLYLINE
  5
CB
330
17
100
AcDbEntity
  8
爆区方格网
 62
5
100
AcDbPolyline
 90
6
 70
1
 10
470100.3037450247
 20
4349735.705089463
 10
470100.3037450247
 20
4349734.705089463
 10
470099.8482619767
 20
4349734.705089463
 10
470099.4900096052
 20
4349735.672746971
 10
470099.4780355604
 20
4349735.705089463
 10
470100.3037450247
 20
4349735.705089463
  0
TEXT
  5
CC
330
17
100
AcDbEntity
  8
0
 62
5
100
AcDbText
 10
470099.82644040784
 20
4349735.118918217
 30
0.0
 40
0.1333
  1
1.32
  7
CN_TTF
 11
470099.82644040784
 21
4349735.118918217
 31
0.0
100
AcDbText
  0
LWPOLYLINE
  5
CD
330
17
100
AcDbEntity
  8
爆区方格网
 62
5
100
AcDbPolyline
 90
6
 70
1
 10
470099.3037450247
 20
4349736.705089463
 10
470100.3037450247
 20
4349736.705089463
 10
470100.3037450247
 20
4349735.705089463
 10
470099.4780355604
 20
4349735.705089463
 10
470099.3037450247
 20
4349736.1758568855
 10
470099.3037450247
 20
4349736.705089463
  0
TEXT
  5
CE
330
17
100
AcDbEntity
  8
0
 62
5
100
AcDbText
 10
470099.64374502475
 20
4349736.370473174
 30
0.0
 40
0.1333
  1
1.26
  7
CN_TTF
 11
470099.64374502475
 21
4349736.370473174
 31
0.0
100
AcDbText
  0
LWPOLYLINE
  5
CF
330
17
100
AcDbEntity
  8
爆区方格网
 62
5
100
AcDbPolyline
 90
5
 70
1
 10
470099.3037450247
 20
4349736.705089463
 10
470099.3037450247
 20
4349737.705089463
 10
470100.3037450247
 20
4349737.705089463
 10
470100.3037450247
 20
4349736.705089463
 10
470099.3037450247
 20
4349736.705089463
  0
TEXT
  5
D0
330
17
100
AcDbEntity
  8
0
 62
5
100
AcDbText
 10
470099.64374502475
 20
4349737.135089463
 30
0.0
 40
0.1333
  1
1.26
  7
CN_TTF
 11
470099.64374502475
 21
4349737.135089463
 31
0.0
100
AcDbText
  0
LWPOLYLINE
  5
D1
330
17
100
AcDbEntity
  8
爆区方格网
 62
5
100
AcDbPolyline
 90
5
 70
1
 10
470099.3037450247
 20
4349737.705089463
 10
470099.3037450247
 20
4349738.705089463
 10
470100.3037450247
 20
4349738.705089463
 10
470100.3037450247
 20
4349737.705089463
 10
470099.3037450247
 20
4349737.705089463
  0
TEXT
  5
D2
330
17
100
AcDbEntity
  8
0
 62
5
100
AcDbText
 10
470099.64374502475
 20
4349738.135089463
 30
0.0
 40
0.1333
  1
1.26
  7
CN_TTF
 11
470099.64374502475
 21
4349738.135089463
 31
0.0
100
AcDbText
  0
LWPOLYLINE
  5
D3
330
17
100
AcDbEntity
  8
爆区方格网
 62
5
100
AcDbPolyline
 90
5
 70
1
 10
470099.3037450247
 20
4349738.705089463
 10
470099.3037450247
 20
4349739.705089463
 10
470100.3037450247
 20
4349739.705089463
 10
470100.3037450247
 20
4349738.705089463
 10
470099.3037450247
 20
4349738.705089463
  0
TEXT
  5
D4
330
17
100
AcDbEntity
  8
0
 62
5
100
AcDbText
 10
470099.64374502475
 20
4349739.135089463
 30
0.0
 40
0.1333
  1
1.26
  7
CN_TTF
 11
470099.64374502475
 21
4349739.135089463
 31
0.0
100
AcDbText
  0
LWPOLYLINE
  5
D5
330
17
100
AcDbEntity
  8
爆区方格网
 62
5
100
AcDbPolyline
 90
5
 70
1
 10
470099.3037450247
 20
4349739.705089463
 10
470099.3037450247
 20
4349740.705089463
 10
470100.3037450247
 20
4349740.705089463
 10
470100.3037450247
 20
4349739.705089463
 10
470099.3037450247
 20
4349739.705089463
  0
TEXT
  5
D6
330
17
100
AcDbEntity
  8
0
 62
5
100
AcDbText
 10
470099.64374502475
 20
4349740.135089463
 30
0.0
 40
0.1333
  1
1.26
  7
CN_TTF
 11
470099.64374502475
 21
4349740.135089463
 31
0.0
100
AcDbText
  0
LWPOLYLINE
  5
D7
330
17
100
AcDbEntity
  8
爆区方格网
 62
5
100
AcDbPolyline
 90
5
 70
1
 10
470099.3037450247
 20
4349740.705089463
 10
470099.3037450247
 20
4349741.705089463
 10
470100.3037450247
 20
4349741.705089463
 10
470100.3037450247
 20
4349740.705089463
 10
470099.3037450247
 20
4349740.705089463
  0
TEXT
  5
D8
330
17
100
AcDbEntity
  8
0
 62
5
100
AcDbText
 10
470099.64374502475
 20
4349741.135089463
 30
0.0
 40
0.1333
  1
1.26
  7
CN_TTF
 11
470099.64374502475
 21
4349741.135089463
 31
0.0
100
AcDbText
  0
LWPOLYLINE
  5
D9
330
17
100
AcDbEntity
  8
爆区方格网
 62
5
100
AcDbPolyline
 90
5
 70
1
 10
470099.3037450247
 20
4349741.705089463
 10
470099.3037450247
 20
4349742.705089463
 10
470100.3037450247
 20
4349742.705089463
 10
470100.3037450247
 20
4349741.705089463
 10
470099.3037450247
 20
4349741.705089463
  0
TEXT
  5
DA
330
17
100
AcDbEntity
  8
0
 62
5
100
AcDbText
 10
470099.64374502475
 20
4349742.135089463
 30
0.0
 40
0.1333
  1
1.26
  7
CN_TTF
 11
470099.64374502475
 21
4349742.135089463
 31
0.0
100
AcDbText
  0
LWPOLYLINE
  5
DB
330
17
100
AcDbEntity
  8
爆区方格网
 62
5
100
AcDbPolyline
 90
5
 70
1
 10
470099.3037450247
 20
4349742.705089463
 10
470099.3037450247
 20
4349743.705089463
 10
470100.3037450247
 20
4349743.705089463
 10
470100.3037450247
 20
4349742.705089463
 10
470099.3037450247
 20
4349742.705089463
  0
TEXT
  5
DC
330
17
100
AcDbEntity
  8
0
 62
5
100
AcDbText
 10
470099.64374502475
 20
4349743.135089463
 30
0.0
 40
0.1333
  1
1.04
  7
CN_TTF
 11
470099.64374502475
 21
4349743.135089463
 31
0.0
100
AcDbText
  0
LWPOLYLINE
  5
DD
330
17
100
AcDbEntity
  8
爆区方格网
 62
5
100
AcDbPolyline
 90
5
 70
1
 10
470099.3037450247
 20
4349743.705089463
 10
470099.3037450247
 20
4349744.705089463
 10
470100.3037450247
 20
4349744.705089463
 10
470100.3037450247
 20
4349743.705089463
 10
470099.3037450247
 20
4349743.705089463
  0
TEXT
  5
DE
330
17
100
AcDbEntity
  8
0
 62
5
100
AcDbText
 10
470099.64374502475
 20
4349744.135089463
 30
0.0
 40
0.1333
  1
1.04
  7
CN_TTF
 11
470099.64374502475
 21
4349744.135089463
 31
0.0
100
AcDbText
  0
LWPOLYLINE
  5
DF
330
17
100
AcDbEntity
  8
爆区方格网
 62
5
100
AcDbPolyline
 90
5
 70
1
 10
470099.3037450247
 20
4349744.705089463
 10
470099.3037450247
 20
4349745.705089463
 10
470100.3037450247
 20
4349745.705089463
 10
470100.3037450247
 20
4349744.705089463
 10
470099.3037450247
 20
4349744.705089463
  0
TEXT
  5
E0
330
17
100
AcDbEntity
  8
0
 62
5
100
AcDbText
 10
470099.64374502475
 20
4349745.135089463
 30
0.0
 40
0.1333
  1
1.04
  7
CN_TTF
 11
470099.64374502475
 21
4349745.135089463
 31
0.0
100
AcDbText
  0
LWPOLYLINE
  5
E1
330
17
100
AcDbEntity
  8
爆区方格网
 62
5
100
AcDbPolyline
 90
5
 70
1
 10
470099.3037450247
 20
4349745.705089463
 10
470099.3037450247
 20
4349746.705089463
 10
470100.3037450247
 20
4349746.705089463
 10
470100.3037450247
 20
4349745.705089463
 10
470099.3037450247
 20
4349745.705089463
  0
TEXT
  5
E2
330
17
100
AcDbEntity
  8
0
 62
5
100
AcDbText
 10
470099.64374502475
 20
4349746.135089463
 30
0.0
 40
0.1333
  1
1.04
  7
CN_TTF
 11
470099.64374502475
 21
4349746.135089463
 31
0.0
100
AcDbText
  0
LWPOLYLINE
  5
E3
330
17
100
AcDbEntity
  8
爆区方格网
 62
5
100
AcDbPolyline
 90
5
 70
1
 10
470099.3037450247
 20
4349746.705089463
 10
470099.3037450247
 20
4349747.705089463
 10
470100.3037450247
 20
4349747.705089463
 10
470100.3037450247
 20
4349746.705089463
 10
470099.3037450247
 20
4349746.705089463
  0
TEXT
  5
E4
330
17
100
AcDbEntity
  8
0
 62
5
100
AcDbText
 10
470099.64374502475
 20
4349747.135089463
 30
0.0
 40
0.1333
  1
1.04
  7
CN_TTF
 11
470099.64374502475
 21
4349747.135089463
 31
0.0
100
AcDbText
  0
LWPOLYLINE
  5
E5
330
17
100
AcDbEntity
  8
爆区方格网
 62
5
100
AcDbPolyline
 90
5
 70
1
 10
470099.3037450247
 20
4349747.705089463
 10
470099.3037450247
 20
4349748.705089463
 10
470100.3037450247
 20
4349748.705089463
 10
470100.3037450247
 20
4349747.705089463
 10
470099.3037450247
 20
4349747.705089463
  0
TEXT
  5
E6
330
17
100
AcDbEntity
  8
0
 62
5
100
AcDbText
 10
470099.64374502475
 20
4349748.135089463
 30
0.0
 40
0.1333
  1
1.04
  7
CN_TTF
 11
470099.64374502475
 21
4349748.135089463
 31
0.0
100
AcDbText
  0
LWPOLYLINE
  5
E7
330
17
100
AcDbEntity
  8
爆区方格网
 62
5
100
AcDbPolyline
 90
6
 70
1
 10
470099.3037450247
 20
4349752.705089463
 10
470099.3037450247
 20
4349753.705089463
 10
470100.3037450247
 20
4349753.705089463
 10
470100.3037450247
 20
4349753.218388979
 10
470099.9659651767
 20
4349752.705089463
 10
470099.3037450247
 20
4349752.705089463
  0
TEXT
  5
E8
330
17
100
AcDbEntity
  8
0
 62
5
100
AcDbText
 10
470099.5593000629
 20
4349752.891739221
 30
0.0
 40
0.1333
  1
1.16
  7
CN_TTF
 11
470099.5593000629
 21
4349752.891739221
 31
0.0
100
AcDbText
  0
LWPOLYLINE
  5
E9
330
17
100
AcDbEntity
  8
爆区方格网
 62
5
100
AcDbPolyline
 90
5
 70
1
 10
470099.3037450247
 20
4349753.705089463
 10
470099.3037450247
 20
4349754.705089463
 10
470100.3037450247
 20
4349754.705089463
 10
470100.3037450247
 20
4349753.705089463
 10
470099.3037450247
 20
4349753.705089463
  0
TEXT
  5
EA
330
17
100
AcDbEntity
  8
0
 62
5
100
AcDbText
 10
470099.64374502475
 20
4349754.135089463
 30
0.0
 40
0.1333
  1
1.16
  7
CN_TTF
 11
470099.64374502475
 21
4349754.135089463
 31
0.0
100
AcDbText
  0
LWPOLYLINE
  5
EB
330
17
100
AcDbEntity
  8
爆区方格网
 62
5
100
AcDbPolyline
 90
5
 70
1
 10
470099.3037450247
 20
4349754.705089463
 10
470099.3037450247
 20
4349755.705089463
 10
470100.3037450247
 20
4349755.705089463
 10
470100.3037450247
 20
4349754.705089463
 10
470099.3037450247
 20
4349754.705089463
  0
TEXT
  5
EC
330
17
100
AcDbEntity
  8
0
 62
5
100
AcDbText
 10
470099.64374502475
 20
4349755.135089463
 30
0.0
 40
0.1333
  1
1.16
  7
CN_TTF
 11
470099.64374502475
 21
4349755.135089463
 31
0.0
100
AcDbText
  0
LWPOLYLINE
  5
ED
330
17
100
AcDbEntity
  8
爆区方格网
 62
5
100
AcDbPolyline
 90
5
 70
1
 10
470099.3037450247
 20
4349755.705089463
 10
470099.3037450247
 20
4349756.705089463
 10
470100.3037450247
 20
4349756.705089463
 10
470100.3037450247
 20
4349755.705089463
 10
470099.3037450247
 20
4349755.705089463
  0
TEXT
  5
EE
330
17
100
AcDbEntity
  8
0
 62
5
100
AcDbText
 10
470099.64374502475
 20
4349756.135089463
 30
0.0
 40
0.1333
  1
1.16
  7
CN_TTF
 11
470099.64374502475
 21
4349756.135089463
 31
0.0
100
AcDbText
  0
LWPOLYLINE
  5
EF
330
17
100
AcDbEntity
  8
爆区方格网
 62
5
100
AcDbPolyline
 90
5
 70
1
 10
470099.3037450247
 20
4349756.705089463
 10
470099.3037450247
 20
4349757.705089463
 10
470100.3037450247
 20
4349757.705089463
 10
470100.3037450247
 20
4349756.705089463
 10
470099.3037450247
 20
4349756.705089463
  0
TEXT
  5
F0
330
17
100
AcDbEntity
  8
0
 62
5
100
AcDbText
 10
470099.64374502475
 20
4349757.135089463
 30
0.0
 40
0.1333
  1
1.16
  7
CN_TTF
 11
470099.64374502475
 21
4349757.135089463
 31
0.0
100
AcDbText
  0
LWPOLYLINE
  5
F1
330
17
100
AcDbEntity
  8
爆区方格网
 62
5
100
AcDbPolyline
 90
7
 70
1
 10
470100.3037450247
 20
4349733.705089463
 10
470101.3037450247
 20
4349733.705089463
 10
470101.3037450247
 20
4349732.705089463
 10
470101.0822116542
 20
4349732.705089463
 10
470100.46845420054
 20
4349733.02991936
 10
470100.3037450247
 20
4349733.474807052
 10
470100.3037450247
 20
4349733.705089463
  0
TEXT
  5
F2
330
17
100
AcDbEntity
  8
0
 62
5
100
AcDbText
 10
470100.68492231873
 20
4349733.182363206
 30
0.0
 40
0.1333
  1
1.32
  7
CN_TTF
 11
470100.68492231873
 21
4349733.182363206
 31
0.0
100
AcDbText
  0
LWPOLYLINE
  5
F3
330
17
100
AcDbEntity
  8
爆区方格网
 62
5
100
AcDbPolyline
 90
5
 70
1
 10
470100.3037450247
 20
4349733.705089463
 10
470100.3037450247
 20
4349734.705089463
 10
470101.3037450247
 20
4349734.705089463
 10
470101.3037450247
 20
4349733.705089463
 10
470100.3037450247
 20
4349733.705089463
  0
TEXT
  5
F4
330
17
100
AcDbEntity
  8
0
 62
5
100
AcDbText
 10
470100.64374502475
 20
4349734.135089463
 30
0.0
 40
0.1333
  1
1.32
  7
CN_TTF
 11
470100.64374502475
 21
4349734.135089463
 31
0.0
100
AcDbText
  0
LWPOLYLINE
  5
F5
330
17
100
AcDbEntity
  8
爆区方格网
 62
5
100
AcDbPolyline
 90
5
 70
1
 10
470100.3037450247
 20
4349734.705089463
 10
470100.3037450247
 20
4349735.705089463
 10
470101.3037450247
 20
4349735.705089463
 10
470101.3037450247
 20
4349734.705089463
 10
470100.3037450247
 20
4349734.705089463
  0
TEXT
  5
F6
330
17
100
AcDbEntity
  8
0
 62
5
100
AcDbText
 10
470100.64374502475
 20
4349735.135089463
 30
0.0
 40
0.1333
  1
1.32
  7
CN_TTF
 11
470100.64374502475
 21
4349735.135089463
 31
0.0
100
AcDbText
  0
LWPOLYLINE
  5
F7
330
17
100
AcDbEntity
  8
爆区方格网
 62
5
100
AcDbPolyline
 90
5
 70
1
 10
470100.3037450247
 20
4349736.705089463
 10
470100.3037450247
 20
4349737.705089463
 10
470101.3037450247
 20
4349737.705089463
 10
470101.3037450247
 20
4349736.705089463
 10
470100.3037450247
 20
4349736.705089463
  0
TEXT
  5
F8
330
17
100
AcDbEntity
  8
0
 62
5
100
AcDbText
 10
470100.64374502475
 20
4349737.135089463
 30
0.0
 40
0.1333
  1
1.26
  7
CN_TTF
 11
470100.64374502475
 21
4349737.135089463
 31
0.0
100
AcDbText
  0
LWPOLYLINE
  5
F9
330
17
100
AcDbEntity
  8
爆区方格网
 62
5
100
AcDbPolyline
 90
5
 70
1
 10
470100.3037450247
 20
4349737.705089463
 10
470100.3037450247
 20
4349738.705089463
 10
470101.3037450247
 20
4349738.705089463
 10
470101.3037450247
 20
4349737.705089463
 10
470100.3037450247
 20
4349737.705089463
  0
TEXT
  5
FA
330
17
100
AcDbEntity
  8
0
 62
5
100
AcDbText
 10
470100.64374502475
 20
4349738.135089463
 30
0.0
 40
0.1333
  1
1.26
  7
CN_TTF
 11
470100.64374502475
 21
4349738.135089463
 31
0.0
100
AcDbText
  0
LWPOLYLINE
  5
FB
330
17
100
AcDbEntity
  8
爆区方格网
 62
5
100
AcDbPolyline
 90
5
 70
1
 10
470100.3037450247
 20
4349738.705089463
 10
470100.3037450247
 20
4349739.705089463
 10
470101.3037450247
 20
4349739.705089463
 10
470101.3037450247
 20
4349738.705089463
 10
470100.3037450247
 20
4349738.705089463
  0
TEXT
  5
FC
330
17
100
AcDbEntity
  8
0
 62
5
100
AcDbText
 10
470100.64374502475
 20
4349739.135089463
 30
0.0
 40
0.1333
  1
1.26
  7
CN_TTF
 11
470100.64374502475
 21
4349739.135089463
 31
0.0
100
AcDbText
  0
LWPOLYLINE
  5
FD
330
17
100
AcDbEntity
  8
爆区方格网
 62
5
100
AcDbPolyline
 90
5
 70
1
 10
470100.3037450247
 20
4349739.705089463
 10
470100.3037450247
 20
4349740.705089463
 10
470101.3037450247
 20
4349740.705089463
 10
470101.3037450247
 20
4349739.705089463
 10
470100.3037450247
 20
4349739.705089463
  0
TEXT
  5
FE
330
17
100
AcDbEntity
  8
0
 62
5
100
AcDbText
 10
470100.64374502475
 20
4349740.135089463
 30
0.0
 40
0.1333
  1
1.26
  7
CN_TTF
 11
470100.64374502475
 21
4349740.135089463
 31
0.0
100
AcDbText
  0
LWPOLYLINE
  5
FF
330
17
100
AcDbEntity
  8
爆区方格网
 62
5
100
AcDbPolyline
 90
5
 70
1
 10
470100.3037450247
 20
4349740.705089463
 10
470100.3037450247
 20
4349741.705089463
 10
470101.3037450247
 20
4349741.705089463
 10
470101.3037450247
 20
4349740.705089463
 10
470100.3037450247
 20
4349740.705089463
  0
TEXT
  5
100
330
17
100
AcDbEntity
  8
0
 62
5
100
AcDbText
 10
470100.64374502475
 20
4349741.135089463
 30
0.0
 40
0.1333
  1
1.26
  7
CN_TTF
 11
470100.64374502475
 21
4349741.135089463
 31
0.0
100
AcDbText
  0
LWPOLYLINE
  5
101
330
17
100
AcDbEntity
  8
爆区方格网
 62
5
100
AcDbPolyline
 90
6
 70
1
 10
470101.3037450247
 20
4349741.705089463
 10
470100.3037450247
 20
4349741.705089463
 10
470100.3037450247
 20
4349742.705089463
 10
470101.1848118933
 20
4349742.705089463
 10
470101.3037450247
 20
4349742.637116525
 10
470101.3037450247
 20
4349741.705089463
  0
TEXT
  5
102
330
17
100
AcDbEntity
  8
0
 62
5
100
AcDbText
 10
470100.64374502475
 20
4349742.101102994
 30
0.0
 40
0.1333
  1
1.26
  7
CN_TTF
 11
470100.64374502475
 21
4349742.101102994
 31
0.0
100
AcDbText
  0
LWPOLYLINE
  5
103
330
17
100
AcDbEntity
  8
爆区方格网
 62
5
100
AcDbPolyline
 90
6
 70
1
 10
470100.3037450247
 20
4349743.705089463
 10
470100.3037450247
 20
4349744.705089463
 10
470101.3037450247
 20
4349744.705089463
 10
470101.3037450247
 20
4349744.517658714
 10
470100.93139471504
 20
4349743.705089463
 10
470100.3037450247
 20
4349743.705089463
  0
TEXT
  5
104
330
17
100
AcDbEntity
  8
0
 62
5
100
AcDbText
 10
470100.5506574473
 20
4349744.041374088
 30
0.0
 40
0.1333
  1
1.04
  7
CN_TTF
 11
470100.5506574473
 21
4349744.041374088
 31
0.0
100
AcDbText
  0
LWPOLYLINE
  5
105
330
17
100
AcDbEntity
  8
爆区方格网
 62
5
100
AcDbPolyline
 90
5
 70
1
 10
470100.3037450247
 20
4349744.705089463
 10
470100.3037450247
 20
4349745.705089463
 10
470101.3037450247
 20
4349745.705089463
 10
470101.3037450247
 20
4349744.705089463
 10
470100.3037450247
 20
4349744.705089463
  0
TEXT
  5
106
330
17
100
AcDbEntity
  8
0
 62
5
100
AcDbText
 10
470100.64374502475
 20
4349745.135089463
 30
0.0
 40
0.1333
  1
1.04
  7
CN_TTF
 11
470100.64374502475
 21
4349745.135089463
 31
0.0
100
AcDbText
  0
LWPOLYLINE
  5
107
330
17
100
AcDbEntity
  8
爆区方格网
 62
5
100
AcDbPolyline
 90
5
 70
1
 10
470100.3037450247
 20
4349745.705089463
 10
470100.3037450247
 20
4349746.705089463
 10
470101.3037450247
 20
4349746.705089463
 10
470101.3037450247
 20
4349745.705089463
 10
470100.3037450247
 20
4349745.705089463
  0
TEXT
  5
108
330
17
100
AcDbEntity
  8
0
 62
5
100
AcDbText
 10
470100.64374502475
 20
4349746.135089463
 30
0.0
 40
0.1333
  1
1.04
  7
CN_TTF
 11
470100.64374502475
 21
4349746.135089463
 31
0.0
100
AcDbText
  0
LWPOLYLINE
  5
109
330
17
100
AcDbEntity
  8
爆区方格网
 62
5
100
AcDbPolyline
 90
5
 70
1
 10
470100.3037450247
 20
4349746.705089463
 10
470100.3037450247
 20
4349747.705089463
 10
470101.3037450247
 20
4349747.705089463
 10
470101.3037450247
 20
4349746.705089463
 10
470100.3037450247
 20
4349746.705089463
  0
TEXT
  5
10A
330
17
100
AcDbEntity
  8
0
 62
5
100
AcDbText
 10
470100.64374502475
 20
4349747.135089463
 30
0.0
 40
0.1333
  1
1.04
  7
CN_TTF
 11
470100.64374502475
 21
4349747.135089463
 31
0.0
100
AcDbText
  0
LWPOLYLINE
  5
10B
330
17
100
AcDbEntity
  8
爆区方格网
 62
5
100
AcDbPolyline
 90
6
 70
1
 10
470101.3037450247
 20
4349747.705089463
 10
470100.3037450247
 20
4349747.705089463
 10
470100.3037450247
 20
4349748.705089463
 10
470100.38448331837
 20
4349748.705089463
 10
470101.3037450247
 20
4349748.19230813
 10
470101.3037450247
 20
4349747.705089463
  0
TEXT
  5
10C
330
17
100
AcDbEntity
  8
0
 62
5
100
AcDbText
 10
470100.4139295982
 20
4349748.378698796
 30
0.0
 40
0.1333
  1
1.04
  7
CN_TTF
 11
470100.4139295982
 21
4349748.378698796
 31
0.0
100
AcDbText
  0
LWPOLYLINE
  5
10D
330
17
100
AcDbEntity
  8
爆区方格网
 62
5
100
AcDbPolyline
 90
8
 70
1
 10
470100.3037450247
 20
4349753.705089463
 10
470100.3037450247
 20
4349754.705089463
 10
470101.2820772608
 20
4349754.705089463
 10
470101.1316882766
 20
4349754.47655424
 10
470101.0965
 20
4349754.466
 10
470101.11805094604
 20
4349754.455830579
 10
470100.62402121874
 20
4349753.705089463
 10
470100.3037450247
 20
4349753.705089463
  0
TEXT
  5
10E
330
17
100
AcDbEntity
  8
0
 62
5
100
AcDbText
 10
470100.4273905537
 20
4349754.010460021
 30
0.0
 40
0.1333
  1
1.16
  7
CN_TTF
 11
470100.4273905537
 21
4349754.010460021
 31
0.0
100
AcDbText
  0
LWPOLYLINE
  5
10F
330
17
100
AcDbEntity
  8
爆区方格网
 62
5
100
AcDbPolyline
 90
6
 70
1
 10
470100.3037450247
 20
4349754.705089463
 10
470100.3037450247
 20
4349755.705089463
 10
470101.3037450247
 20
4349755.705089463
 10
470101.3037450247
 20
4349754.738016391
 10
470101.2820772608
 20
4349754.705089463
 10
470100.3037450247
 20
4349754.705089463
  0
TEXT
  5
110
330
17
100
AcDbEntity
  8
0
 62
5
100
AcDbText
 10
470100.64374502475
 20
4349755.151552927
 30
0.0
 40
0.1333
  1
1.16
  7
CN_TTF
 11
470100.64374502475
 21
4349755.151552927
 31
0.0
100
AcDbText
  0
LWPOLYLINE
  5
111
330
17
100
AcDbEntity
  8
爆区方格网
 62
5
100
AcDbPolyline
 90
5
 70
1
 10
470100.3037450247
 20
4349755.705089463
 10
470100.3037450247
 20
4349756.705089463
 10
470101.3037450247
 20
4349756.705089463
 10
470101.3037450247
 20
4349755.705089463
 10
470100.3037450247
 20
4349755.705089463
  0
TEXT
  5
112
330
17
100
AcDbEntity
  8
0
 62
5
100
AcDbText
 10
470100.64374502475
 20
4349756.135089463
 30
0.0
 40
0.1333
  1
1.16
  7
CN_TTF
 11
470100.64374502475
 21
4349756.135089463
 31
0.0
100
AcDbText
  0
LWPOLYLINE
  5
113
330
17
100
AcDbEntity
  8
爆区方格网
 62
5
100
AcDbPolyline
 90
5
 70
1
 10
470100.3037450247
 20
4349756.705089463
 10
470100.3037450247
 20
4349757.705089463
 10
470101.3037450247
 20
4349757.705089463
 10
470101.3037450247
 20
4349756.705089463
 10
470100.3037450247
 20
4349756.705089463
  0
TEXT
  5
114
330
17
100
AcDbEntity
  8
0
 62
5
100
AcDbText
 10
470100.64374502475
 20
4349757.135089463
 30
0.0
 40
0.1333
  1
1.16
  7
CN_TTF
 11
470100.64374502475
 21
4349757.135089463
 31
0.0
100
AcDbText
  0
LWPOLYLINE
  5
115
330
17
100
AcDbEntity
  8
爆区方格网
 62
5
100
AcDbPolyline
 90
6
 70
1
 10
470101.3037450247
 20
4349757.705089463
 10
470100.3037450247
 20
4349757.705089463
 10
470100.3037450247
 20
4349758.1007060455
 10
470101.09077028086
 20
4349758.302362082
 10
470101.3037450247
 20
4349758.067042901
 10
470101.3037450247
 20
4349757.705089463
  0
TEXT
  5
116
330
17
100
AcDbEntity
  8
0
 62
5
100
AcDbText
 10
470100.64374502475
 20
4349757.816066181
 30
0.0
 40
0.1333
  1
1.16
  7
CN_TTF
 11
470100.64374502475
 21
4349757.816066181
 31
0.0
100
AcDbText
  0
LWPOLYLINE
  5
117
330
17
100
AcDbEntity
  8
爆区方格网
 62
5
100
AcDbPolyline
 90
5
 70
1
 10
470101.3037450247
 20
4349732.705089463
 10
470101.3037450247
 20
4349733.705089463
 10
470102.3037450247
 20
4349733.705089463
 10
470102.3037450247
 20
4349732.705089463
 10
470101.3037450247
 20
4349732.705089463
  0
TEXT
  5
118
330
17
100
AcDbEntity
  8
0
 62
5
100
AcDbText
 10
470101.64374502475
 20
4349733.135089463
 30
0.0
 40
0.1333
  1
1.32
  7
CN_TTF
 11
470101.64374502475
 21
4349733.135089463
 31
0.0
100
AcDbText
  0
LWPOLYLINE
  5
119
330
17
100
AcDbEntity
  8
爆区方格网
 62
5
100
AcDbPolyline
 90
5
 70
1
 10
470101.3037450247
 20
4349733.705089463
 10
470101.3037450247
 20
4349734.705089463
 10
470102.3037450247
 20
4349734.705089463
 10
470102.3037450247
 20
4349733.705089463
 10
470101.3037450247
 20
4349733.705089463
  0
TEXT
  5
11A
330
17
100
AcDbEntity
  8
0
 62
5
100
AcDbText
 10
470101.64374502475
 20
4349734.135089463
 30
0.0
 40
0.1333
  1
1.32
  7
CN_TTF
 11
470101.64374502475
 21
4349734.135089463
 31
0.0
100
AcDbText
  0
LWPOLYLINE
  5
11B
330
17
100
AcDbEntity
  8
爆区方格网
 62
5
100
AcDbPolyline
 90
6
 70
1
 10
470102.3037450247
 20
4349734.705089463
 10
470101.3037450247
 20
4349734.705089463
 10
470101.3037450247
 20
4349735.705089463
 10
470102.0041106442
 20
4349735.705089463
 10
470102.3037450247
 20
4349735.61019982
 10
470102.3037450247
 20
4349734.705089463
  0
TEXT
  5
11C
330
17
100
AcDbEntity
  8
0
 62
5
100
AcDbText
 10
470101.64374502475
 20
4349735.087644641
 30
0.0
 40
0.1333
  1
1.32
  7
CN_TTF
 11
470101.64374502475
 21
4349735.087644641
 31
0.0
100
AcDbText
  0
LWPOLYLINE
  5
11D
330
17
100
AcDbEntity
  8
爆区方格网
 62
5
100
AcDbPolyline
 90
6
 70
1
 10
470101.3037450247
 20
4349736.705089463
 10
470101.3037450247
 20
4349737.705089463
 10
470102.3037450247
 20
4349737.705089463
 10
470102.3037450247
 20
4349737.669389493
 10
470101.3077870818
 20
4349736.705089463
 10
470101.3037450247
 20
4349736.705089463
  0
TEXT
  5
11E
330
17
100
AcDbEntity
  8
0
 62
5
100
AcDbText
 10
470101.3947555388
 20
4349737.117239477
 30
0.0
 40
0.1333
  1
1.26
  7
CN_TTF
 11
470101.3947555388
 21
4349737.117239477
 31
0.0
100
AcDbText
  0
LWPOLYLINE
  5
11F
330
17
100
AcDbEntity
  8
爆区方格网
 62
5
100
AcDbPolyline
 90
5
 70
1
 10
470101.3037450247
 20
4349737.705089463
 10
470101.3037450247
 20
4349738.705089463
 10
470102.3037450247
 20
4349738.705089463
 10
470102.3037450247
 20
4349737.705089463
 10
470101.3037450247
 20
4349737.705089463
  0
TEXT
  5
120
330
17
100
AcDbEntity
  8
0
 62
5
100
AcDbText
 10
470101.64374502475
 20
4349738.135089463
 30
0.0
 40
0.1333
  1
1.26
  7
CN_TTF
 11
470101.64374502475
 21
4349738.135089463
 31
0.0
100
AcDbText
  0
LWPOLYLINE
  5
121
330
17
100
AcDbEntity
  8
爆区方格网
 62
5
100
AcDbPolyline
 90
5
 70
1
 10
470101.3037450247
 20
4349738.705089463
 10
470101.3037450247
 20
4349739.705089463
 10
470102.3037450247
 20
4349739.705089463
 10
470102.3037450247
 20
4349738.705089463
 10
470101.3037450247
 20
4349738.705089463
  0
TEXT
  5
122
330
17
100
AcDbEntity
  8
0
 62
5
100
AcDbText
 10
470101.64374502475
 20
4349739.135089463
 30
0.0
 40
0.1333
  1
1.26
  7
CN_TTF
 11
470101.64374502475
 21
4349739.135089463
 31
0.0
100
AcDbText
  0
LWPOLYLINE
  5
123
330
17
100
AcDbEntity
  8
爆区方格网
 62
5
100
AcDbPolyline
 90
5
 70
1
 10
470101.3037450247
 20
4349739.705089463
 10
470101.3037450247
 20
4349740.705089463
 10
470102.3037450247
 20
4349740.705089463
 10
470102.3037450247
 20
4349739.705089463
 10
470101.3037450247
 20
4349739.705089463
  0
TEXT
  5
124
330
17
100
AcDbEntity
  8
0
 62
5
100
AcDbText
 10
470101.64374502475
 20
4349740.135089463
 30
0.0
 40
0.1333
  1
1.26
  7
CN_TTF
 11
470101.64374502475
 21
4349740.135089463
 31
0.0
100
AcDbText
  0
LWPOLYLINE
  5
125
330
17
100
AcDbEntity
  8
爆区方格网
 62
5
100
AcDbPolyline
 90
5
 70
1
 10
470101.3037450247
 20
4349740.705089463
 10
470101.3037450247
 20
4349741.705089463
 10
470102.3037450247
 20
4349741.705089463
 10
470102.3037450247
 20
4349740.705089463
 10
470101.3037450247
 20
4349740.705089463
  0
TEXT
  5
126
330
17
100
AcDbEntity
  8
0
 62
5
100
AcDbText
 10
470101.64374502475
 20
4349741.135089463
 30
0.0
 40
0.1333
  1
1.26
  7
CN_TTF
 11
470101.64374502475
 21
4349741.135089463
 31
0.0
100
AcDbText
  0
LWPOLYLINE
  5
127
330
17
100
AcDbEntity
  8
爆区方格网
 62
5
100
AcDbPolyline
 90
5
 70
1
 10
470102.3037450247
 20
4349741.705089463
 10
470101.3037450247
 20
4349741.705089463
 10
470101.3037450247
 20
4349742.637116525
 10
470102.3037450247
 20
4349742.065594215
 10
470102.3037450247
 20
4349741.705089463
  0
TEXT
  5
128
330
17
100
AcDbEntity
  8
0
 62
5
100
AcDbText
 10
470101.39374502475
 20
4349742.28135537
 30
0.0
 40
0.1333
  1
1.26
  7
CN_TTF
 11
470101.39374502475
 21
4349742.28135537
 31
0.0
100
AcDbText
  0
LWPOLYLINE
  5
129
330
17
100
AcDbEntity
  8
爆区方格网
 62
5
100
AcDbPolyline
 90
6
 70
1
 10
470101.3037450247
 20
4349745.705089463
 10
470101.3037450247
 20
4349746.705089463
 10
470102.3037450247
 20
4349746.705089463
 10
470102.3037450247
 20
4349746.699929631
 10
470101.84787120955
 20
4349745.705089463
 10
470101.3037450247
 20
4349745.705089463
  0
TEXT
  5
12A
330
17
100
AcDbEntity
  8
0
 62
5
100
AcDbText
 10
470101.52977657085
 20
4349746.132509546
 30
0.0
 40
0.1333
  1
1.04
  7
CN_TTF
 11
470101.52977657085
 21
4349746.132509546
 31
0.0
100
AcDbText
  0
LWPOLYLINE
  5
12B
330
17
100
AcDbEntity
  8
爆区方格网
 62
5
100
AcDbPolyline
 90
6
 70
1
 10
470102.3037450247
 20
4349746.705089463
 10
470101.3037450247
 20
4349746.705089463
 10
470101.3037450247
 20
4349747.705089463
 10
470102.17718060926
 20
4349747.705089463
 10
470102.3037450247
 20
4349747.63448947
 10
470102.3037450247
 20
4349746.705089463
  0
TEXT
  5
12C
330
17
100
AcDbEntity
  8
0
 62
5
100
AcDbText
 10
470101.64374502475
 20
4349747.099789467
 30
0.0
 40
0.1333
  1
1.04
  7
CN_TTF
 11
470101.64374502475
 21
4349747.099789467
 31
0.0
100
AcDbText
  0
LWPOLYLINE
  5
12D
330
17
100
AcDbEntity
  8
爆区方格网
 62
5
100
AcDbPolyline
 90
6
 70
1
 10
470101.3037450247
 20
4349755.705089463
 10
470101.3037450247
 20
4349756.705089463
 10
470102.3037450247
 20
4349756.705089463
 10
470102.3037450247
 20
4349756.257643803
 10
470101.94013330265
 20
4349755.705089463
 10
470101.3037450247
 20
4349755.705089463
  0
TEXT
  5
12E
330
17
100
AcDbEntity
  8
0
 62
5
100
AcDbText
 10
470101.55284209404
 20
4349755.911366632
 30
0.0
 40
0.1333
  1
1.16
  7
CN_TTF
 11
470101.55284209404
 21
4349755.911366632
 31
0.0
100
AcDbText
  0
LWPOLYLINE
  5
12F
330
17
100
AcDbEntity
  8
爆区方格网
 62
5
100
AcDbPolyline
 90
6
 70
1
 10
470102.3037450247
 20
4349756.705089463
 10
470101.3037450247
 20
4349756.705089463
 10
470101.3037450247
 20
4349757.705089463
 10
470101.63132962916
 20
4349757.705089463
 10
470102.3037450247
 20
4349756.962127001
 10
470102.3037450247
 20
4349756.705089463
  0
TEXT
  5
130
330
17
100
AcDbEntity
  8
0
 62
5
100
AcDbText
 10
470101.47564117564
 20
4349757.263608232
 30
0.0
 40
0.1333
  1
1.16
  7
CN_TTF
 11
470101.47564117564
 21
4349757.263608232
 31
0.0
100
AcDbText
  0
LWPOLYLINE
  5
131
330
17
100
AcDbEntity
  8
爆区方格网
 62
5
100
AcDbPolyline
 90
6
 70
1
 10
470102.3037450247
 20
4349732.705089463
 10
470103.3037450247
 20
4349732.705089463
 10
470103.3037450247
 20
4349731.705089463
 10
470102.9716850664
 20
4349731.705089463
 10
470102.3037450247
 20
4349732.058595385
 10
470102.3037450247
 20
4349732.705089463
  0
TEXT
  5
132
330
17
100
AcDbEntity
  8
0
 62
5
100
AcDbText
 10
470102.64374502475
 20
4349732.311842424
 30
0.0
 40
0.1333
  1
1.32
  7
CN_TTF
 11
470102.64374502475
 21
4349732.311842424
 31
0.0
100
AcDbText
  0
LWPOLYLINE
  5
133
330
17
100
AcDbEntity
  8
爆区方格网
 62
5
100
AcDbPolyline
 90
5
 70
1
 10
470102.3037450247
 20
4349732.705089463
 10
470102.3037450247
 20
4349733.705089463
 10
470103.3037450247
 20
4349733.705089463
 10
470103.3037450247
 20
4349732.705089463
 10
470102.3037450247
 20
4349732.705089463
  0
TEXT
  5
134
330
17
100
AcDbEntity
  8
0
 62
5
100
AcDbText
 10
470102.64374502475
 20
4349733.135089463
 30
0.0
 40
0.1333
  1
1.32
  7
CN_TTF
 11
470102.64374502475
 21
4349733.135089463
 31
0.0
100
AcDbText
  0
LWPOLYLINE
  5
135
330
17
100
AcDbEntity
  8
爆区方格网
 62
5
100
AcDbPolyline
 90
5
 70
1
 10
470102.3037450247
 20
4349733.705089463
 10
470102.3037450247
 20
4349734.705089463
 10
470103.3037450247
 20
4349734.705089463
 10
470103.3037450247
 20
4349733.705089463
 10
470102.3037450247
 20
4349733.705089463
  0
TEXT
  5
136
330
17
100
AcDbEntity
  8
0
 62
5
100
AcDbText
 10
470102.64374502475
 20
4349734.135089463
 30
0.0
 40
0.1333
  1
1.32
  7
CN_TTF
 11
470102.64374502475
 21
4349734.135089463
 31
0.0
100
AcDbText
  0
LWPOLYLINE
  5
137
330
17
100
AcDbEntity
  8
爆区方格网
 62
5
100
AcDbPolyline
 90
5
 70
1
 10
470103.3037450247
 20
4349734.705089463
 10
470102.3037450247
 20
4349734.705089463
 10
470102.3037450247
 20
4349735.61019982
 10
470103.3037450247
 20
4349735.293515057
 10
470103.3037450247
 20
4349734.705089463
  0
TEXT
  5
138
330
17
100
AcDbEntity
  8
0
 62
5
100
AcDbText
 10
470102.64374502475
 20
4349734.92930226
 30
0.0
 40
0.1333
  1
1.32
  7
CN_TTF
 11
470102.64374502475
 21
4349734.92930226
 31
0.0
100
AcDbText
  0
LWPOLYLINE
  5
139
330
17
100
AcDbEntity
  8
爆区方格网
 62
5
100
AcDbPolyline
 90
6
 70
1
 10
470102.3037450247
 20
4349737.705089463
 10
470102.3037450247
 20
4349738.705089463
 10
470103.3037450247
 20
4349738.705089463
 10
470103.3037450247
 20
4349738.637603098
 10
470102.3406170226
 20
4349737.705089463
 10
470102.3037450247
 20
4349737.705089463
  0
TEXT
  5
13A
330
17
100
AcDbEntity
  8
0
 62
5
100
AcDbText
 10
470102.40296302445
 20
4349738.10134628
 30
0.0
 40
0.1333
  1
1.26
  7
CN_TTF
 11
470102.40296302445
 21
4349738.10134628
 31
0.0
100
AcDbText
  0
LWPOLYLINE
  5
13B
330
17
100
AcDbEntity
  8
爆区方格网
 62
5
100
AcDbPolyline
 90
5
 70
1
 10
470102.3037450247
 20
4349738.705089463
 10
470102.3037450247
 20
4349739.705089463
 10
470103.3037450247
 20
4349739.705089463
 10
470103.3037450247
 20
4349738.705089463
 10
470102.3037450247
 20
4349738.705089463
  0
TEXT
  5
13C
330
17
100
AcDbEntity
  8
0
 62
5
100
AcDbText
 10
470102.64374502475
 20
4349739.135089463
 30
0.0
 40
0.1333
  1
1.26
  7
CN_TTF
 11
470102.64374502475
 21
4349739.135089463
 31
0.0
100
AcDbText
  0
LWPOLYLINE
  5
13D
330
17
100
AcDbEntity
  8
爆区方格网
 62
5
100
AcDbPolyline
 90
5
 70
1
 10
470102.3037450247
 20
4349739.705089463
 10
470102.3037450247
 20
4349740.705089463
 10
470103.3037450247
 20
4349740.705089463
 10
470103.3037450247
 20
4349739.705089463
 10
470102.3037450247
 20
4349739.705089463
  0
TEXT
  5
13E
330
17
100
AcDbEntity
  8
0
 62
5
100
AcDbText
 10
470102.64374502475
 20
4349740.135089463
 30
0.0
 40
0.1333
  1
1.26
  7
CN_TTF
 11
470102.64374502475
 21
4349740.135089463
 31
0.0
100
AcDbText
  0
LWPOLYLINE
  5
13F
330
17
100
AcDbEntity
  8
爆区方格网
 62
5
100
AcDbPolyline
 90
6
 70
1
 10
470103.3037450247
 20
4349740.705089463
 10
470102.3037450247
 20
4349740.705089463
 10
470102.3037450247
 20
4349741.705089463
 10
470102.9345248669
 20
4349741.705089463
 10
470103.3037450247
 20
4349741.4940719055
 10
470103.3037450247
 20
4349740.705089463
  0
TEXT
  5
140
330
17
100
AcDbEntity
  8
0
 62
5
100
AcDbText
 10
470102.64374502475
 20
4349741.029580684
 30
0.0
 40
0.1333
  1
1.26
  7
CN_TTF
 11
470102.64374502475
 21
4349741.029580684
 31
0.0
100
AcDbText
  0
LWPOLYLINE
  5
141
330
17
100
AcDbEntity
  8
爆区方格网
 62
5
100
AcDbPolyline
 90
6
 70
1
 10
470103.3037450247
 20
4349731.705089463
 10
470103.3037450247
 20
4349732.705089463
 10
470104.3037450247
 20
4349732.705089463
 10
470104.3037450247
 20
4349731.90391834
 10
470104.1939645921
 20
4349731.705089463
 10
470103.3037450247
 20
4349731.705089463
  0
TEXT
  5
142
330
17
100
AcDbEntity
  8
0
 62
5
100
AcDbText
 10
470103.64374502475
 20
4349732.234503901
 30
0.0
 40
0.1333
  1
1.32
  7
CN_TTF
 11
470103.64374502475
 21
4349732.234503901
 31
0.0
100
AcDbText
  0
LWPOLYLINE
  5
143
330
17
100
AcDbEntity
  8
爆区方格网
 62
5
100
AcDbPolyline
 90
5
 70
1
 10
470103.3037450247
 20
4349732.705089463
 10
470103.3037450247
 20
4349733.705089463
 10
470104.3037450247
 20
4349733.705089463
 10
470104.3037450247
 20
4349732.705089463
 10
470103.3037450247
 20
4349732.705089463
  0
TEXT
  5
144
330
17
100
AcDbEntity
  8
0
 62
5
100
AcDbText
 10
470103.64374502475
 20
4349733.135089463
 30
0.0
 40
0.1333
  1
1.32
  7
CN_TTF
 11
470103.64374502475
 21
4349733.135089463
 31
0.0
100
AcDbText
  0
LWPOLYLINE
  5
145
330
17
100
AcDbEntity
  8
爆区方格网
 62
5
100
AcDbPolyline
 90
5
 70
1
 10
470103.3037450247
 20
4349733.705089463
 10
470103.3037450247
 20
4349734.705089463
 10
470104.3037450247
 20
4349734.705089463
 10
470104.3037450247
 20
4349733.705089463
 10
470103.3037450247
 20
4349733.705089463
  0
TEXT
  5
146
330
17
100
AcDbEntity
  8
0
 62
5
100
AcDbText
 10
470103.64374502475
 20
4349734.135089463
 30
0.0
 40
0.1333
  1
1.32
  7
CN_TTF
 11
470103.64374502475
 21
4349734.135089463
 31
0.0
100
AcDbText
  0
LWPOLYLINE
  5
147
330
17
100
AcDbEntity
  8
爆区方格网
 62
5
100
AcDbPolyline
 90
6
 70
1
 10
470103.3037450247
 20
4349738.705089463
 10
470103.3037450247
 20
4349739.705089463
 10
470104.3037450247
 20
4349739.705089463
 10
470104.3037450247
 20
4349739.605816702
 10
470103.3734469634
 20
4349738.705089463
 10
470103.3037450247
 20
4349738.705089463
  0
TEXT
  5
148
330
17
100
AcDbEntity
  8
0
 62
5
100
AcDbText
 10
470103.4111705092
 20
4349739.085453082
 30
0.0
 40
0.1333
  1
1.26
  7
CN_TTF
 11
470103.4111705092
 21
4349739.085453082
 31
0.0
100
AcDbText
  0
LWPOLYLINE
  5
149
330
17
100
AcDbEntity
  8
爆区方格网
 62
5
100
AcDbPolyline
 90
5
 70
1
 10
470103.3037450247
 20
4349739.705089463
 10
470103.3037450247
 20
4349740.705089463
 10
470104.3037450247
 20
4349740.705089463
 10
470104.3037450247
 20
4349739.705089463
 10
470103.3037450247
 20
4349739.705089463
  0
TEXT
  5
14A
330
17
100
AcDbEntity
  8
0
 62
5
100
AcDbText
 10
470103.64374502475
 20
4349740.135089463
 30
0.0
 40
0.1333
  1
1.26
  7
CN_TTF
 11
470103.64374502475
 21
4349740.135089463
 31
0.0
100
AcDbText
  0
LWPOLYLINE
  5
14B
330
17
100
AcDbEntity
  8
爆区方格网
 62
5
100
AcDbPolyline
 90
5
 70
1
 10
470104.3037450247
 20
4349740.705089463
 10
470103.3037450247
 20
4349740.705089463
 10
470103.3037450247
 20
4349741.4940719055
 10
470104.3037450247
 20
4349740.922549596
 10
470104.3037450247
 20
4349740.705089463
  0
TEXT
  5
14C
330
17
100
AcDbEntity
  8
0
 62
5
100
AcDbText
 10
470103.39374502434
 20
4349741.138310751
 30
0.0
 40
0.1333
  1
1.26
  7
CN_TTF
 11
470103.39374502434
 21
4349741.138310751
 31
0.0
100
AcDbText
  0
LWPOLYLINE
  5
14D
330
17
100
AcDbEntity
  8
爆区方格网
 62
5
100
AcDbPolyline
 90
5
 70
1
 10
470104.3037450247
 20
4349732.705089463
 10
470104.3037450247
 20
4349733.705089463
 10
470105.2982351001
 20
4349733.705089463
 10
470104.74609984603
 20
4349732.705089463
 10
470104.3037450247
 20
4349732.705089463
  0
TEXT
  5
14E
330
17
100
AcDbEntity
  8
0
 62
5
100
AcDbText
 10
470104.50295624894
 20
4349733.135089463
 30
0.0
 40
0.1333
  1
1.32
  7
CN_TTF
 11
470104.50295624894
 21
4349733.135089463
 31
0.0
100
AcDbText
  0
LWPOLYLINE
  5
14F
330
17
100
AcDbEntity
  8
爆区方格网
 62
5
100
AcDbPolyline
 90
7
 70
1
 10
470105.3037450247
 20
4349733.715068765
 10
470105.2982351001
 20
4349733.705089463
 10
470104.3037450247
 20
4349733.705089463
 10
470104.3037450247
 20
4349734.705089463
 10
470105.1618249312
 20
4349734.705089463
 10
470105.3037450247
 20
4349734.660145531
 10
470105.3037450247
 20
4349733.715068765
  0
TEXT
  5
150
330
17
100
AcDbEntity
  8
0
 62
5
100
AcDbText
 10
470104.64374502475
 20
4349734.117607148
 30
0.0
 40
0.1333
  1
1.32
  7
CN_TTF
 11
470104.64374502475
 21
4349734.117607148
 31
0.0
100
AcDbText
  0
LWPOLYLINE
  5
151
330
17
100
AcDbEntity
  8
爆区方格网
 62
5
100
AcDbPolyline
 90
6
 70
1
 10
470104.3037450247
 20
4349739.705089463
 10
470104.3037450247
 20
4349740.705089463
 10
470104.6842378405
 20
4349740.705089463
 10
470105.1589130319
 20
4349740.433802001
 10
470104.40627690416
 20
4349739.705089463
 10
470104.3037450247
 20
4349739.705089463
  0
TEXT
  5
152
330
17
100
AcDbEntity
  8
0
 62
5
100
AcDbText
 10
470104.3831699964
 20
4349739.999445732
 30
0.0
 40
0.1333
  1
1.26
  7
CN_TTF
 11
470104.3831699964
 21
4349739.999445732
 31
0.0
100
AcDbText
  0
LWPOLYLINE
  5
153
330
17
100
AcDbEntity
  8
爆区方格网
 62
5
100
AcDbPolyline
 90
5
 70
1
 10
470105.3037450247
 20
4349727.705089463
 10
470106.3037450247
 20
4349727.705089463
 10
470106.3037450247
 20
4349726.984691246
 10
470105.3037450247
 20
4349727.176083028
 10
470105.3037450247
 20
4349727.705089463
  0
TEXT
  5
154
330
17
100
AcDbEntity
  8
0
 62
5
100
AcDbText
 10
470105.64374502475
 20
4349727.370586245
 30
0.0
 40
0.1333
  1
1.11
  7
CN_TTF
 11
470105.64374502475
 21
4349727.370586245
 31
0.0
100
AcDbText
  0
LWPOLYLINE
  5
155
330
17
100
AcDbEntity
  8
爆区方格网
 62
5
100
AcDbPolyline
 90
6
 70
1
 10
470106.3037450247
 20
4349727.705089463
 10
470105.3037450247
 20
4349727.705089463
 10
470105.3037450247
 20
4349728.264413754
 10
470105.58454022417
 20
4349728.490123105
 10
470106.3037450247
 20
4349727.90124666
 10
470106.3037450247
 20
4349727.705089463
  0
TEXT
  5
156
330
17
100
AcDbEntity
  8
0
 62
5
100
AcDbText
 10
470105.5328594902
 20
4349728.012830207
 30
0.0
 40
0.1333
  1
1.11
  7
CN_TTF
 11
470105.5328594902
 21
4349728.012830207
 31
0.0
100
AcDbText
  0
LWPOLYLINE
  5
157
330
17
100
AcDbEntity
  8
爆区方格网
 62
5
100
AcDbPolyline
 90
6
 70
1
 10
470107.3037450247
 20
4349726.793299465
 10
470106.3037450247
 20
4349726.984691246
 10
470106.3037450247
 20
4349727.705089463
 10
470106.5433151404
 20
4349727.705089463
 10
470107.3037450247
 20
4349727.082458404
 10
470107.3037450247
 20
4349726.793299465
  0
TEXT
  5
158
330
17
100
AcDbEntity
  8
0
 62
5
100
AcDbText
 10
470106.4536375534
 20
4349727.323773934
 30
0.0
 40
0.1333
  1
1.11
  7
CN_TTF
 11
470106.4536375534
 21
4349727.323773934
 31
0.0
100
AcDbText
  0
LWPOLYLINE
  5
159
330
17
100
AcDbEntity
  8
爆区方格网
 62
4
100
AcDbPolyline
 90
7
 70
1
 10
470099.3037450247
 20
4349750.705089463
 10
470099.3037450247
 20
4349749.705089463
 10
470098.59178602754
 20
4349749.705089463
 10
470098.3037450247
 20
4349749.865764109
 10
470098.3037450247
 20
4349750.179134156
 10
470098.6498530925
 20
4349750.705089463
 10
470099.3037450247
 20
4349750.705089463
  0
TEXT
  5
15A
330
17
100
AcDbEntity
  8
0
 62
4
100
AcDbText
 10
470098.7302720416
 20
4349750.3721118085
 30
0.0
 40
0.1333
  1
0.51
  7
CN_TTF
 11
470098.7302720416
 21
4349750.3721118085
 31
0.0
100
AcDbText
  0
LWPOLYLINE
  5
15B
330
17
100
AcDbEntity
  8
爆区方格网
 62
4
100
AcDbPolyline
 90
5
 70
1
 10
470099.3037450247
 20
4349749.705089463
 10
470100.3037450247
 20
4349749.705089463
 10
470100.3037450247
 20
4349748.750126789
 10
470099.3037450247
 20
4349749.307945449
 10
470099.3037450247
 20
4349749.705089463
  0
TEXT
  5
15C
330
17
100
AcDbEntity
  8
0
 62
4
100
AcDbText
 10
470099.89374502434
 20
4349748.959036119
 30
0.0
 40
0.1333
  1
0.51
  7
CN_TTF
 11
470099.89374502434
 21
4349748.959036119
 31
0.0
100
AcDbText
  0
LWPOLYLINE
  5
15D
330
17
100
AcDbEntity
  8
爆区方格网
 62
4
100
AcDbPolyline
 90
5
 70
1
 10
470099.3037450247
 20
4349749.705089463
 10
470099.3037450247
 20
4349750.705089463
 10
470100.3037450247
 20
4349750.705089463
 10
470100.3037450247
 20
4349749.705089463
 10
470099.3037450247
 20
4349749.705089463
  0
TEXT
  5
15E
330
17
100
AcDbEntity
  8
0
 62
4
100
AcDbText
 10
470099.64374502475
 20
4349750.135089463
 30
0.0
 40
0.1333
  1
0.51
  7
CN_TTF
 11
470099.64374502475
 21
4349750.135089463
 31
0.0
100
AcDbText
  0
LWPOLYLINE
  5
15F
330
17
100
AcDbEntity
  8
爆区方格网
 62
4
100
AcDbPolyline
 90
6
 70
1
 10
470100.3037450247
 20
4349751.705089463
 10
470100.3037450247
 20
4349750.705089463
 10
470099.3037450247
 20
4349750.705089463
 10
470099.3037450247
 20
4349751.6987615675
 10
470099.3079091346
 20
4349751.705089463
 10
470100.3037450247
 20
4349751.705089463
  0
TEXT
  5
160
330
17
100
AcDbEntity
  8
0
 62
4
100
AcDbText
 10
470099.64374502475
 20
4349751.131925515
 30
0.0
 40
0.1333
  1
0.51
  7
CN_TTF
 11
470099.64374502475
 21
4349751.131925515
 31
0.0
100
AcDbText
  0
LWPOLYLINE
  5
161
330
17
100
AcDbEntity
  8
爆区方格网
 62
4
100
AcDbPolyline
 90
5
 70
1
 10
470100.3037450247
 20
4349752.705089463
 10
470100.3037450247
 20
4349751.705089463
 10
470099.3079091346
 20
4349751.705089463
 10
470099.9659651767
 20
4349752.705089463
 10
470100.3037450247
 20
4349752.705089463
  0
TEXT
  5
162
330
17
100
AcDbEntity
  8
0
 62
4
100
AcDbText
 10
470099.8103410902
 20
4349752.135089463
 30
0.0
 40
0.1333
  1
0.51
  7
CN_TTF
 11
470099.8103410902
 21
4349752.135089463
 31
0.0
100
AcDbText
  0
LWPOLYLINE
  5
163
330
17
100
AcDbEntity
  8
爆区方格网
 62
4
100
AcDbPolyline
 90
4
 70
1
 10
470101.3037450247
 20
4349735.926884583
 10
470100.7011360365
 20
4349736.1177216675
 10
470101.3037450247
 20
4349736.701175888
 10
470101.3037450247
 20
4349735.926884583
  0
TEXT
  5
164
330
17
100
AcDbEntity
  8
0
 62
4
100
AcDbText
 10
470100.99309277796
 20
4349736.339448778
 30
0.0
 40
0.1333
  1
0.87
  7
CN_TTF
 11
470100.99309277796
 21
4349736.339448778
 31
0.0
100
AcDbText
  0
LWPOLYLINE
  5
165
330
17
100
AcDbEntity
  8
爆区方格网
 62
4
100
AcDbPolyline
 90
6
 70
1
 10
470101.3037450247
 20
4349743.705089463
 10
470101.3037450247
 20
4349742.705089463
 10
470101.1848118933
 20
4349742.705089463
 10
470100.6208534512
 20
4349743.027404294
 10
470100.93139471504
 20
4349743.705089463
 10
470101.3037450247
 20
4349743.705089463
  0
TEXT
  5
166
330
17
100
AcDbEntity
  8
0
 62
4
100
AcDbText
 10
470100.87993455405
 20
4349743.296246879
 30
0.0
 40
0.1333
  1
0.71
  7
CN_TTF
 11
470100.87993455405
 21
4349743.296246879
 31
0.0
100
AcDbText
  0
LWPOLYLINE
  5
167
330
17
100
AcDbEntity
  8
爆区方格网
 62
4
100
AcDbPolyline
 90
6
 70
1
 10
470100.3037450247
 20
4349749.705089463
 10
470101.3037450247
 20
4349749.705089463
 10
470101.3037450247
 20
4349748.705089463
 10
470100.38448331837
 20
4349748.705089463
 10
470100.3037450247
 20
4349748.750126789
 10
470100.3037450247
 20
4349749.705089463
  0
TEXT
  5
168
330
17
100
AcDbEntity
  8
0
 62
4
100
AcDbText
 10
470100.64374502475
 20
4349749.157608125
 30
0.0
 40
0.1333
  1
0.51
  7
CN_TTF
 11
470100.64374502475
 21
4349749.157608125
 31
0.0
100
AcDbText
  0
LWPOLYLINE
  5
169
330
17
100
AcDbEntity
  8
爆区方格网
 62
4
100
AcDbPolyline
 90
5
 70
1
 10
470100.3037450247
 20
4349749.705089463
 10
470100.3037450247
 20
4349750.705089463
 10
470101.3037450247
 20
4349750.705089463
 10
470101.3037450247
 20
4349749.705089463
 10
470100.3037450247
 20
4349749.705089463
  0
TEXT
  5
16A
330
17
100
AcDbEntity
  8
0
 62
4
100
AcDbText
 10
470100.64374502475
 20
4349750.135089463
 30
0.0
 40
0.1333
  1
0.51
  7
CN_TTF
 11
470100.64374502475
 21
4349750.135089463
 31
0.0
100
AcDbText
  0
LWPOLYLINE
  5
16B
330
17
100
AcDbEntity
  8
爆区方格网
 62
4
100
AcDbPolyline
 90
5
 70
1
 10
470100.3037450247
 20
4349750.705089463
 10
470100.3037450247
 20
4349751.705089463
 10
470101.3037450247
 20
4349751.705089463
 10
470101.3037450247
 20
4349750.705089463
 10
470100.3037450247
 20
4349750.705089463
  0
TEXT
  5
16C
330
17
100
AcDbEntity
  8
0
 62
4
100
AcDbText
 10
470100.64374502475
 20
4349751.135089463
 30
0.0
 40
0.1333
  1
0.51
  7
CN_TTF
 11
470100.64374502475
 21
4349751.135089463
 31
0.0
100
AcDbText
  0
LWPOLYLINE
  5
16D
330
17
100
AcDbEntity
  8
爆区方格网
 62
4
100
AcDbPolyline
 90
5
 70
1
 10
470100.3037450247
 20
4349751.705089463
 10
470100.3037450247
 20
4349752.705089463
 10
470101.3037450247
 20
4349752.705089463
 10
470101.3037450247
 20
4349751.705089463
 10
470100.3037450247
 20
4349751.705089463
  0
TEXT
  5
16E
330
17
100
AcDbEntity
  8
0
 62
4
100
AcDbText
 10
470100.64374502475
 20
4349752.135089463
 30
0.0
 40
0.1333
  1
0.51
  7
CN_TTF
 11
470100.64374502475
 21
4349752.135089463
 31
0.0
100
AcDbText
  0
LWPOLYLINE
  5
16F
330
17
100
AcDbEntity
  8
爆区方格网
 62
4
100
AcDbPolyline
 90
6
 70
1
 10
470101.3037450247
 20
4349753.705089463
 10
470101.3037450247
 20
4349752.705089463
 10
470100.3037450247
 20
4349752.705089463
 10
470100.3037450247
 20
4349753.218388979
 10
470100.62402121874
 20
4349753.705089463
 10
470101.3037450247
 20
4349753.705089463
  0
TEXT
  5
170
330
17
100
AcDbEntity
  8
0
 62
4
100
AcDbText
 10
470100.64374502475
 20
4349752.891739221
 30
0.0
 40
0.1333
  1
0.51
  7
CN_TTF
 11
470100.64374502475
 21
4349752.891739221
 31
0.0
100
AcDbText
  0
LWPOLYLINE
  5
171
330
17
100
AcDbEntity
  8
爆区方格网
 62
4
100
AcDbPolyline
 90
7
 70
1
 10
470102.3037450247
 20
4349736.705089463
 10
470102.3037450247
 20
4349735.705089463
 10
470102.0041106442
 20
4349735.705089463
 10
470101.3037450247
 20
4349735.926884583
 10
470101.3037450247
 20
4349736.701175888
 10
470101.3077870818
 20
4349736.705089463
 10
470102.3037450247
 20
4349736.705089463
  0
TEXT
  5
172
330
17
100
AcDbEntity
  8
0
 62
4
100
AcDbText
 10
470101.64374502475
 20
4349736.244030235
 30
0.0
 40
0.1333
  1
0.87
  7
CN_TTF
 11
470101.64374502475
 21
4349736.244030235
 31
0.0
100
AcDbText
  0
LWPOLYLINE
  5
173
330
17
100
AcDbEntity
  8
爆区方格网
 62
4
100
AcDbPolyline
 90
5
 70
1
 10
470101.3037450247
 20
4349742.705089463
 10
470101.3037450247
 20
4349743.705089463
 10
470102.3037450247
 20
4349743.705089463
 10
470102.3037450247
 20
4349742.705089463
 10
470101.3037450247
 20
4349742.705089463
  0
TEXT
  5
174
330
17
100
AcDbEntity
  8
0
 62
4
100
AcDbText
 10
470101.64374502475
 20
4349743.135089463
 30
0.0
 40
0.1333
  1
0.71
  7
CN_TTF
 11
470101.64374502475
 21
4349743.135089463
 31
0.0
100
AcDbText
  0
LWPOLYLINE
  5
175
330
17
100
AcDbEntity
  8
爆区方格网
 62
4
100
AcDbPolyline
 90
6
 70
1
 10
470102.3037450247
 20
4349744.705089463
 10
470102.3037450247
 20
4349743.705089463
 10
470101.3037450247
 20
4349743.705089463
 10
470101.3037450247
 20
4349744.517658714
 10
470101.3896329623
 20
4349744.705089463
 10
470102.3037450247
 20
4349744.705089463
  0
TEXT
  5
176
330
17
100
AcDbEntity
  8
0
 62
4
100
AcDbText
 10
470101.64374502475
 20
4349744.041374088
 30
0.0
 40
0.1333
  1
0.71
  7
CN_TTF
 11
470101.64374502475
 21
4349744.041374088
 31
0.0
100
AcDbText
  0
LWPOLYLINE
  5
177
330
17
100
AcDbEntity
  8
爆区方格网
 62
4
100
AcDbPolyline
 90
5
 70
1
 10
470102.3037450247
 20
4349745.705089463
 10
470102.3037450247
 20
4349744.705089463
 10
470101.3896329623
 20
4349744.705089463
 10
470101.84787120955
 20
4349745.705089463
 10
470102.3037450247
 20
4349745.705089463
  0
TEXT
  5
178
330
17
100
AcDbEntity
  8
0
 62
4
100
AcDbText
 10
470101.80124855536
 20
4349745.135089463
 30
0.0
 40
0.1333
  1
0.71
  7
CN_TTF
 11
470101.80124855536
 21
4349745.135089463
 31
0.0
100
AcDbText
  0
LWPOLYLINE
  5
179
330
17
100
AcDbEntity
  8
爆区方格网
 62
4
100
AcDbPolyline
 90
6
 70
1
 10
470101.3037450247
 20
4349748.705089463
 10
470102.3037450247
 20
4349748.705089463
 10
470102.3037450247
 20
4349747.705089463
 10
470102.17718060926
 20
4349747.705089463
 10
470101.3037450247
 20
4349748.19230813
 10
470101.3037450247
 20
4349748.705089463
  0
TEXT
  5
17A
330
17
100
AcDbEntity
  8
0
 62
4
100
AcDbText
 10
470101.64374502475
 20
4349748.378698796
 30
0.0
 40
0.1333
  1
0.51
  7
CN_TTF
 11
470101.64374502475
 21
4349748.378698796
 31
0.0
100
AcDbText
  0
LWPOLYLINE
  5
17B
330
17
100
AcDbEntity
  8
爆区方格网
 62
4
100
AcDbPolyline
 90
5
 70
1
 10
470101.3037450247
 20
4349748.705089463
 10
470101.3037450247
 20
4349749.705089463
 10
470102.3037450247
 20
4349749.705089463
 10
470102.3037450247
 20
4349748.705089463
 10
470101.3037450247
 20
4349748.705089463
  0
TEXT
  5
17C
330
17
100
AcDbEntity
  8
0
 62
4
100
AcDbText
 10
470101.64374502475
 20
4349749.135089463
 30
0.0
 40
0.1333
  1
0.51
  7
CN_TTF
 11
470101.64374502475
 21
4349749.135089463
 31
0.0
100
AcDbText
  0
LWPOLYLINE
  5
17D
330
17
100
AcDbEntity
  8
爆区方格网
 62
4
100
AcDbPolyline
 90
5
 70
1
 10
470101.3037450247
 20
4349749.705089463
 10
470101.3037450247
 20
4349750.705089463
 10
470102.3037450247
 20
4349750.705089463
 10
470102.3037450247
 20
4349749.705089463
 10
470101.3037450247
 20
4349749.705089463
  0
TEXT
  5
17E
330
17
100
AcDbEntity
  8
0
 62
4
100
AcDbText
 10
470101.64374502475
 20
4349750.135089463
 30
0.0
 40
0.1333
  1
0.51
  7
CN_TTF
 11
470101.64374502475
 21
4349750.135089463
 31
0.0
100
AcDbText
  0
LWPOLYLINE
  5
17F
330
17
100
AcDbEntity
  8
爆区方格网
 62
4
100
AcDbPolyline
 90
5
 70
1
 10
470101.3037450247
 20
4349750.705089463
 10
470101.3037450247
 20
4349751.705089463
 10
470102.3037450247
 20
4349751.705089463
 10
470102.3037450247
 20
4349750.705089463
 10
470101.3037450247
 20
4349750.705089463
  0
TEXT
  5
180
330
17
100
AcDbEntity
  8
0
 62
4
100
AcDbText
 10
470101.64374502475
 20
4349751.135089463
 30
0.0
 40
0.1333
  1
0.51
  7
CN_TTF
 11
470101.64374502475
 21
4349751.135089463
 31
0.0
100
AcDbText
  0
LWPOLYLINE
  5
181
330
17
100
AcDbEntity
  8
爆区方格网
 62
4
100
AcDbPolyline
 90
5
 70
1
 10
470101.3037450247
 20
4349751.705089463
 10
470101.3037450247
 20
4349752.705089463
 10
470102.3037450247
 20
4349752.705089463
 10
470102.3037450247
 20
4349751.705089463
 10
470101.3037450247
 20
4349751.705089463
  0
TEXT
  5
182
330
17
100
AcDbEntity
  8
0
 62
4
100
AcDbText
 10
470101.64374502475
 20
4349752.135089463
 30
0.0
 40
0.1333
  1
0.51
  7
CN_TTF
 11
470101.64374502475
 21
4349752.135089463
 31
0.0
100
AcDbText
  0
LWPOLYLINE
  5
183
330
17
100
AcDbEntity
  8
爆区方格网
 62
4
100
AcDbPolyline
 90
5
 70
1
 10
470101.3037450247
 20
4349752.705089463
 10
470101.3037450247
 20
4349753.705089463
 10
470102.3037450247
 20
4349753.705089463
 10
470102.3037450247
 20
4349752.705089463
 10
470101.3037450247
 20
4349752.705089463
  0
TEXT
  5
184
330
17
100
AcDbEntity
  8
0
 62
4
100
AcDbText
 10
470101.64374502475
 20
4349753.135089463
 30
0.0
 40
0.1333
  1
0.51
  7
CN_TTF
 11
470101.64374502475
 21
4349753.135089463
 31
0.0
100
AcDbText
  0
LWPOLYLINE
  5
185
330
17
100
AcDbEntity
  8
爆区方格网
 62
4
100
AcDbPolyline
 90
7
 70
1
 10
470102.3037450247
 20
4349755.705089463
 10
470102.3037450247
 20
4349754.828096564
 10
470101.89363422757
 20
4349754.705089463
 10
470101.3037450247
 20
4349754.705089463
 10
470101.3037450247
 20
4349754.738016391
 10
470101.94013330265
 20
4349755.705089463
 10
470102.3037450247
 20
4349755.705089463
  0
TEXT
  5
186
330
17
100
AcDbEntity
  8
0
 62
4
100
AcDbText
 10
470101.8176615446
 20
4349755.196593013
 30
0.0
 40
0.1333
  1
0.51
  7
CN_TTF
 11
470101.8176615446
 21
4349755.196593013
 31
0.0
100
AcDbText
  0
LWPOLYLINE
  5
187
330
17
100
AcDbEntity
  8
爆区方格网
 62
4
100
AcDbPolyline
 90
5
 70
1
 10
470102.3037450247
 20
4349735.705089463
 10
470102.3037450247
 20
4349736.705089463
 10
470103.3037450247
 20
4349736.705089463
 10
470103.3037450247
 20
4349735.705089463
 10
470102.3037450247
 20
4349735.705089463
  0
TEXT
  5
188
330
17
100
AcDbEntity
  8
0
 62
4
100
AcDbText
 10
470102.64374502475
 20
4349736.135089463
 30
0.0
 40
0.1333
  1
0.87
  7
CN_TTF
 11
470102.64374502475
 21
4349736.135089463
 31
0.0
100
AcDbText
  0
LWPOLYLINE
  5
189
330
17
100
AcDbEntity
  8
爆区方格网
 62
4
100
AcDbPolyline
 90
6
 70
1
 10
470103.3037450247
 20
4349737.705089463
 10
470103.3037450247
 20
4349736.705089463
 10
470102.3037450247
 20
4349736.705089463
 10
470102.3037450247
 20
4349737.669389493
 10
470102.3406170226
 20
4349737.705089463
 10
470103.3037450247
 20
4349737.705089463
  0
TEXT
  5
18A
330
17
100
AcDbEntity
  8
0
 62
4
100
AcDbText
 10
470102.64374502475
 20
4349737.117239477
 30
0.0
 40
0.1333
  1
0.87
  7
CN_TTF
 11
470102.64374502475
 21
4349737.117239477
 31
0.0
100
AcDbText
  0
LWPOLYLINE
  5
18B
330
17
100
AcDbEntity
  8
爆区方格网
 62
4
100
AcDbPolyline
 90
6
 70
1
 10
470102.3037450247
 20
4349742.705089463
 10
470103.3037450247
 20
4349742.705089463
 10
470103.3037450247
 20
4349741.705089463
 10
470102.9345248669
 20
4349741.705089463
 10
470102.3037450247
 20
4349742.065594215
 10
470102.3037450247
 20
4349742.705089463
  0
TEXT
  5
18C
330
17
100
AcDbEntity
  8
0
 62
4
100
AcDbText
 10
470102.64374502475
 20
4349742.315341839
 30
0.0
 40
0.1333
  1
0.71
  7
CN_TTF
 11
470102.64374502475
 21
4349742.315341839
 31
0.0
100
AcDbText
  0
LWPOLYLINE
  5
18D
330
17
100
AcDbEntity
  8
爆区方格网
 62
4
100
AcDbPolyline
 90
5
 70
1
 10
470102.3037450247
 20
4349742.705089463
 10
470102.3037450247
 20
4349743.705089463
 10
470103.3037450247
 20
4349743.705089463
 10
470103.3037450247
 20
4349742.705089463
 10
470102.3037450247
 20
4349742.705089463
  0
TEXT
  5
18E
330
17
100
AcDbEntity
  8
0
 62
4
100
AcDbText
 10
470102.64374502475
 20
4349743.135089463
 30
0.0
 40
0.1333
  1
0.71
  7
CN_TTF
 11
470102.64374502475
 21
4349743.135089463
 31
0.0
100
AcDbText
  0
LWPOLYLINE
  5
18F
330
17
100
AcDbEntity
  8
爆区方格网
 62
4
100
AcDbPolyline
 90
5
 70
1
 10
470102.3037450247
 20
4349743.705089463
 10
470102.3037450247
 20
4349744.705089463
 10
470103.3037450247
 20
4349744.705089463
 10
470103.3037450247
 20
4349743.705089463
 10
470102.3037450247
 20
4349743.705089463
  0
TEXT
  5
190
330
17
100
AcDbEntity
  8
0
 62
4
100
AcDbText
 10
470102.64374502475
 20
4349744.135089463
 30
0.0
 40
0.1333
  1
0.71
  7
CN_TTF
 11
470102.64374502475
 21
4349744.135089463
 31
0.0
100
AcDbText
  0
LWPOLYLINE
  5
191
330
17
100
AcDbEntity
  8
爆区方格网
 62
4
100
AcDbPolyline
 90
5
 70
1
 10
470102.3037450247
 20
4349744.705089463
 10
470102.3037450247
 20
4349745.705089463
 10
470103.3037450247
 20
4349745.705089463
 10
470103.3037450247
 20
4349744.705089463
 10
470102.3037450247
 20
4349744.705089463
  0
TEXT
  5
192
330
17
100
AcDbEntity
  8
0
 62
4
100
AcDbText
 10
470102.64374502475
 20
4349745.135089463
 30
0.0
 40
0.1333
  1
0.71
  7
CN_TTF
 11
470102.64374502475
 21
4349745.135089463
 31
0.0
100
AcDbText
  0
LWPOLYLINE
  5
193
330
17
100
AcDbEntity
  8
爆区方格网
 62
4
100
AcDbPolyline
 90
6
 70
1
 10
470103.3037450247
 20
4349746.705089463
 10
470103.3037450247
 20
4349745.705089463
 10
470102.3037450247
 20
4349745.705089463
 10
470102.3037450247
 20
4349746.699929631
 10
470102.3061094568
 20
4349746.705089463
 10
470103.3037450247
 20
4349746.705089463
  0
TEXT
  5
194
330
17
100
AcDbEntity
  8
0
 62
4
100
AcDbText
 10
470102.64374502475
 20
4349746.132509546
 30
0.0
 40
0.1333
  1
0.71
  7
CN_TTF
 11
470102.64374502475
 21
4349746.132509546
 31
0.0
100
AcDbText
  0
LWPOLYLINE
  5
195
330
17
100
AcDbEntity
  8
爆区方格网
 62
4
100
AcDbPolyline
 90
7
 70
1
 10
470102.3037450247
 20
4349747.705089463
 10
470103.3037450247
 20
4349747.705089463
 10
470103.3037450247
 20
4349746.705089463
 10
470102.3061094568
 20
4349746.705089463
 10
470102.64481410757
 20
4349747.444234772
 10
470102.3037450247
 20
4349747.63448947
 10
470102.3037450247
 20
4349747.705089463
  0
TEXT
  5
196
330
17
100
AcDbEntity
  8
0
 62
4
100
AcDbText
 10
470102.7296034035
 20
4349747.004662117
 30
0.0
 40
0.1333
  1
0.71
  7
CN_TTF
 11
470102.7296034035
 21
4349747.004662117
 31
0.0
100
AcDbText
  0
LWPOLYLINE
  5
197
330
17
100
AcDbEntity
  8
爆区方格网
 62
4
100
AcDbPolyline
 90
5
 70
1
 10
470102.3037450247
 20
4349747.705089463
 10
470102.3037450247
 20
4349748.705089463
 10
470103.3037450247
 20
4349748.705089463
 10
470103.3037450247
 20
4349747.705089463
 10
470102.3037450247
 20
4349747.705089463
  0
TEXT
  5
198
330
17
100
AcDbEntity
  8
0
 62
4
100
AcDbText
 10
470102.64374502475
 20
4349748.135089463
 30
0.0
 40
0.1333
  1
0.51
  7
CN_TTF
 11
470102.64374502475
 21
4349748.135089463
 31
0.0
100
AcDbText
  0
LWPOLYLINE
  5
199
330
17
100
AcDbEntity
  8
爆区方格网
 62
4
100
AcDbPolyline
 90
5
 70
1
 10
470102.3037450247
 20
4349748.705089463
 10
470102.3037450247
 20
4349749.705089463
 10
470103.3037450247
 20
4349749.705089463
 10
470103.3037450247
 20
4349748.705089463
 10
470102.3037450247
 20
4349748.705089463
  0
TEXT
  5
19A
330
17
100
AcDbEntity
  8
0
 62
4
100
AcDbText
 10
470102.64374502475
 20
4349749.135089463
 30
0.0
 40
0.1333
  1
0.51
  7
CN_TTF
 11
470102.64374502475
 21
4349749.135089463
 31
0.0
100
AcDbText
  0
LWPOLYLINE
  5
19B
330
17
100
AcDbEntity
  8
爆区方格网
 62
4
100
AcDbPolyline
 90
5
 70
1
 10
470102.3037450247
 20
4349749.705089463
 10
470102.3037450247
 20
4349750.705089463
 10
470103.3037450247
 20
4349750.705089463
 10
470103.3037450247
 20
4349749.705089463
 10
470102.3037450247
 20
4349749.705089463
  0
TEXT
  5
19C
330
17
100
AcDbEntity
  8
0
 62
4
100
AcDbText
 10
470102.64374502475
 20
4349750.135089463
 30
0.0
 40
0.1333
  1
0.51
  7
CN_TTF
 11
470102.64374502475
 21
4349750.135089463
 31
0.0
100
AcDbText
  0
LWPOLYLINE
  5
19D
330
17
100
AcDbEntity
  8
爆区方格网
 62
4
100
AcDbPolyline
 90
5
 70
1
 10
470102.3037450247
 20
4349750.705089463
 10
470102.3037450247
 20
4349751.705089463
 10
470103.3037450247
 20
4349751.705089463
 10
470103.3037450247
 20
4349750.705089463
 10
470102.3037450247
 20
4349750.705089463
  0
TEXT
  5
19E
330
17
100
AcDbEntity
  8
0
 62
4
100
AcDbText
 10
470102.64374502475
 20
4349751.135089463
 30
0.0
 40
0.1333
  1
0.51
  7
CN_TTF
 11
470102.64374502475
 21
4349751.135089463
 31
0.0
100
AcDbText
  0
LWPOLYLINE
  5
19F
330
17
100
AcDbEntity
  8
爆区方格网
 62
4
100
AcDbPolyline
 90
5
 70
1
 10
470102.3037450247
 20
4349751.705089463
 10
470102.3037450247
 20
4349752.705089463
 10
470103.3037450247
 20
4349752.705089463
 10
470103.3037450247
 20
4349751.705089463
 10
470102.3037450247
 20
4349751.705089463
  0
TEXT
  5
1A0
330
17
100
AcDbEntity
  8
0
 62
4
100
AcDbText
 10
470102.64374502475
 20
4349752.135089463
 30
0.0
 40
0.1333
  1
0.51
  7
CN_TTF
 11
470102.64374502475
 21
4349752.135089463
 31
0.0
100
AcDbText
  0
LWPOLYLINE
  5
1A1
330
17
100
AcDbEntity
  8
爆区方格网
 62
4
100
AcDbPolyline
 90
7
 70
1
 10
470103.3037450247
 20
4349752.705089463
 10
470102.3037450247
 20
4349752.705089463
 10
470102.3037450247
 20
4349753.705089463
 10
470102.70901479886
 20
4349753.705089463
 10
470102.8886302994
 20
4349753.620332829
 10
470103.3037450247
 20
4349753.484570471
 10
470103.3037450247
 20
4349752.705089463
  0
TEXT
  5
1A2
330
17
100
AcDbEntity
  8
0
 62
4
100
AcDbText
 10
470102.64374502475
 20
4349753.024829967
 30
0.0
 40
0.1333
  1
0.51
  7
CN_TTF
 11
470102.64374502475
 21
4349753.024829967
 31
0.0
100
AcDbText
  0
LWPOLYLINE
  5
1A3
330
17
100
AcDbEntity
  8
爆区方格网
 62
4
100
AcDbPolyline
 90
5
 70
1
 10
470102.3037450247
 20
4349755.705089463
 10
470103.3037450247
 20
4349755.705089463
 10
470103.3037450247
 20
4349755.128032829
 10
470102.3037450247
 20
4349754.828096564
 10
470102.3037450247
 20
4349755.705089463
  0
TEXT
  5
1A4
330
17
100
AcDbEntity
  8
0
 62
4
100
AcDbText
 10
470102.64374502475
 20
4349755.346561145
 30
0.0
 40
0.1333
  1
0.51
  7
CN_TTF
 11
470102.64374502475
 21
4349755.346561145
 31
0.0
100
AcDbText
  0
LWPOLYLINE
  5
1A5
330
17
100
AcDbEntity
  8
爆区方格网
 62
4
100
AcDbPolyline
 90
7
 70
1
 10
470103.3037450247
 20
4349755.705089463
 10
470102.3037450247
 20
4349755.705089463
 10
470102.3037450247
 20
4349756.257643803
 10
470102.57216627535
 20
4349756.665544094
 10
470102.598
 20
4349756.637
 10
470103.3037450247
 20
4349756.347093587
 10
470103.3037450247
 20
4349755.705089463
  0
TEXT
  5
1A6
330
17
100
AcDbEntity
  8
0
 62
4
100
AcDbText
 10
470102.64374502475
 20
4349755.911366632
 30
0.0
 40
0.1333
  1
0.51
  7
CN_TTF
 11
470102.64374502475
 21
4349755.911366632
 31
0.0
100
AcDbText
  0
LWPOLYLINE
  5
1A7
330
17
100
AcDbEntity
  8
爆区方格网
 62
4
100
AcDbPolyline
 90
5
 70
1
 10
470103.3037450247
 20
4349735.705089463
 10
470104.3037450247
 20
4349735.705089463
 10
470104.3037450247
 20
4349734.976830294
 10
470103.3037450247
 20
4349735.293515057
 10
470103.3037450247
 20
4349735.705089463
  0
TEXT
  5
1A8
330
17
100
AcDbEntity
  8
0
 62
4
100
AcDbText
 10
470103.64374502475
 20
4349735.42930226
 30
0.0
 40
0.1333
  1
0.87
  7
CN_TTF
 11
470103.64374502475
 21
4349735.42930226
 31
0.0
100
AcDbText
  0
LWPOLYLINE
  5
1A9
330
17
100
AcDbEntity
  8
爆区方格网
 62
4
100
AcDbPolyline
 90
5
 70
1
 10
470103.3037450247
 20
4349735.705089463
 10
470103.3037450247
 20
4349736.705089463
 10
470104.3037450247
 20
4349736.705089463
 10
470104.3037450247
 20
4349735.705089463
 10
470103.3037450247
 20
4349735.705089463
  0
TEXT
  5
1AA
330
17
100
AcDbEntity
  8
0
 62
4
100
AcDbText
 10
470103.64374502475
 20
4349736.135089463
 30
0.0
 40
0.1333
  1
0.87
  7
CN_TTF
 11
470103.64374502475
 21
4349736.135089463
 31
0.0
100
AcDbText
  0
LWPOLYLINE
  5
1AB
330
17
100
AcDbEntity
  8
爆区方格网
 62
4
100
AcDbPolyline
 90
5
 70
1
 10
470103.3037450247
 20
4349736.705089463
 10
470103.3037450247
 20
4349737.705089463
 10
470104.3037450247
 20
4349737.705089463
 10
470104.3037450247
 20
4349736.705089463
 10
470103.3037450247
 20
4349736.705089463
  0
TEXT
  5
1AC
330
17
100
AcDbEntity
  8
0
 62
4
100
AcDbText
 10
470103.64374502475
 20
4349737.135089463
 30
0.0
 40
0.1333
  1
0.87
  7
CN_TTF
 11
470103.64374502475
 21
4349737.135089463
 31
0.0
100
AcDbText
  0
LWPOLYLINE
  5
1AD
330
17
100
AcDbEntity
  8
爆区方格网
 62
4
100
AcDbPolyline
 90
6
 70
1
 10
470104.3037450247
 20
4349738.705089463
 10
470104.3037450247
 20
4349737.705089463
 10
470103.3037450247
 20
4349737.705089463
 10
470103.3037450247
 20
4349738.637603098
 10
470103.3734469634
 20
4349738.705089463
 10
470104.3037450247
 20
4349738.705089463
  0
TEXT
  5
1AE
330
17
100
AcDbEntity
  8
0
 62
4
100
AcDbText
 10
470103.64374502475
 20
4349738.10134628
 30
0.0
 40
0.1333
  1
0.87
  7
CN_TTF
 11
470103.64374502475
 21
4349738.10134628
 31
0.0
100
AcDbText
  0
LWPOLYLINE
  5
1AF
330
17
100
AcDbEntity
  8
爆区方格网
 62
4
100
AcDbPolyline
 90
5
 70
1
 10
470103.3037450247
 20
4349741.705089463
 10
470103.3037450247
 20
4349742.705089463
 10
470104.3037450247
 20
4349742.705089463
 10
470104.3037450247
 20
4349741.705089463
 10
470103.3037450247
 20
4349741.705089463
  0
TEXT
  5
1B0
330
17
100
AcDbEntity
  8
0
 62
4
100
AcDbText
 10
470103.64374502475
 20
4349742.135089463
 30
0.0
 40
0.1333
  1
0.71
  7
CN_TTF
 11
470103.64374502475
 21
4349742.135089463
 31
0.0
100
AcDbText
  0
LWPOLYLINE
  5
1B1
330
17
100
AcDbEntity
  8
爆区方格网
 62
4
100
AcDbPolyline
 90
5
 70
1
 10
470103.3037450247
 20
4349742.705089463
 10
470103.3037450247
 20
4349743.705089463
 10
470104.3037450247
 20
4349743.705089463
 10
470104.3037450247
 20
4349742.705089463
 10
470103.3037450247
 20
4349742.705089463
  0
TEXT
  5
1B2
330
17
100
AcDbEntity
  8
0
 62
4
100
AcDbText
 10
470103.64374502475
 20
4349743.135089463
 30
0.0
 40
0.1333
  1
0.71
  7
CN_TTF
 11
470103.64374502475
 21
4349743.135089463
 31
0.0
100
AcDbText
  0
LWPOLYLINE
  5
1B3
330
17
100
AcDbEntity
  8
爆区方格网
 62
4
100
AcDbPolyline
 90
5
 70
1
 10
470103.3037450247
 20
4349743.705089463
 10
470103.3037450247
 20
4349744.705089463
 10
470104.3037450247
 20
4349744.705089463
 10
470104.3037450247
 20
4349743.705089463
 10
470103.3037450247
 20
4349743.705089463
  0
TEXT
  5
1B4
330
17
100
AcDbEntity
  8
0
 62
4
100
AcDbText
 10
470103.64374502475
 20
4349744.135089463
 30
0.0
 40
0.1333
  1
0.71
  7
CN_TTF
 11
470103.64374502475
 21
4349744.135089463
 31
0.0
100
AcDbText
  0
LWPOLYLINE
  5
1B5
330
17
100
AcDbEntity
  8
爆区方格网
 62
4
100
AcDbPolyline
 90
5
 70
1
 10
470103.3037450247
 20
4349744.705089463
 10
470103.3037450247
 20
4349745.705089463
 10
470104.3037450247
 20
4349745.705089463
 10
470104.3037450247
 20
4349744.705089463
 10
470103.3037450247
 20
4349744.705089463
  0
TEXT
  5
1B6
330
17
100
AcDbEntity
  8
0
 62
4
100
AcDbText
 10
470103.64374502475
 20
4349745.135089463
 30
0.0
 40
0.1333
  1
0.71
  7
CN_TTF
 11
470103.64374502475
 21
4349745.135089463
 31
0.0
100
AcDbText
  0
LWPOLYLINE
  5
1B7
330
17
100
AcDbEntity
  8
爆区方格网
 62
4
100
AcDbPolyline
 90
5
 70
1
 10
470103.3037450247
 20
4349745.705089463
 10
470103.3037450247
 20
4349746.705089463
 10
470104.3037450247
 20
4349746.705089463
 10
470104.3037450247
 20
4349745.705089463
 10
470103.3037450247
 20
4349745.705089463
  0
TEXT
  5
1B8
330
17
100
AcDbEntity
  8
0
 62
4
100
AcDbText
 10
470103.64374502475
 20
4349746.135089463
 30
0.0
 40
0.1333
  1
0.71
  7
CN_TTF
 11
470103.64374502475
 21
4349746.135089463
 31
0.0
100
AcDbText
  0
LWPOLYLINE
  5
1B9
330
17
100
AcDbEntity
  8
爆区方格网
 62
4
100
AcDbPolyline
 90
5
 70
1
 10
470103.3037450247
 20
4349746.705089463
 10
470103.3037450247
 20
4349747.705089463
 10
470104.3037450247
 20
4349747.705089463
 10
470104.3037450247
 20
4349746.705089463
 10
470103.3037450247
 20
4349746.705089463
  0
TEXT
  5
1BA
330
17
100
AcDbEntity
  8
0
 62
4
100
AcDbText
 10
470103.64374502475
 20
4349747.135089463
 30
0.0
 40
0.1333
  1
0.71
  7
CN_TTF
 11
470103.64374502475
 21
4349747.135089463
 31
0.0
100
AcDbText
  0
LWPOLYLINE
  5
1BB
330
17
100
AcDbEntity
  8
爆区方格网
 62
4
100
AcDbPolyline
 90
5
 70
1
 10
470103.3037450247
 20
4349747.705089463
 10
470103.3037450247
 20
4349748.705089463
 10
470104.3037450247
 20
4349748.705089463
 10
470104.3037450247
 20
4349747.705089463
 10
470103.3037450247
 20
4349747.705089463
  0
TEXT
  5
1BC
330
17
100
AcDbEntity
  8
0
 62
4
100
AcDbText
 10
470103.64374502475
 20
4349748.135089463
 30
0.0
 40
0.1333
  1
0.51
  7
CN_TTF
 11
470103.64374502475
 21
4349748.135089463
 31
0.0
100
AcDbText
  0
LWPOLYLINE
  5
1BD
330
17
100
AcDbEntity
  8
爆区方格网
 62
4
100
AcDbPolyline
 90
5
 70
1
 10
470103.3037450247
 20
4349748.705089463
 10
470103.3037450247
 20
4349749.705089463
 10
470104.3037450247
 20
4349749.705089463
 10
470104.3037450247
 20
4349748.705089463
 10
470103.3037450247
 20
4349748.705089463
  0
TEXT
  5
1BE
330
17
100
AcDbEntity
  8
0
 62
4
100
AcDbText
 10
470103.64374502475
 20
4349749.135089463
 30
0.0
 40
0.1333
  1
0.51
  7
CN_TTF
 11
470103.64374502475
 21
4349749.135089463
 31
0.0
100
AcDbText
  0
LWPOLYLINE
  5
1BF
330
17
100
AcDbEntity
  8
爆区方格网
 62
4
100
AcDbPolyline
 90
5
 70
1
 10
470103.3037450247
 20
4349749.705089463
 10
470103.3037450247
 20
4349750.705089463
 10
470104.3037450247
 20
4349750.705089463
 10
470104.3037450247
 20
4349749.705089463
 10
470103.3037450247
 20
4349749.705089463
  0
TEXT
  5
1C0
330
17
100
AcDbEntity
  8
0
 62
4
100
AcDbText
 10
470103.64374502475
 20
4349750.135089463
 30
0.0
 40
0.1333
  1
0.51
  7
CN_TTF
 11
470103.64374502475
 21
4349750.135089463
 31
0.0
100
AcDbText
  0
LWPOLYLINE
  5
1C1
330
17
100
AcDbEntity
  8
爆区方格网
 62
4
100
AcDbPolyline
 90
5
 70
1
 10
470103.3037450247
 20
4349750.705089463
 10
470103.3037450247
 20
4349751.705089463
 10
470104.3037450247
 20
4349751.705089463
 10
470104.3037450247
 20
4349750.705089463
 10
470103.3037450247
 20
4349750.705089463
  0
TEXT
  5
1C2
330
17
100
AcDbEntity
  8
0
 62
4
100
AcDbText
 10
470103.64374502475
 20
4349751.135089463
 30
0.0
 40
0.1333
  1
0.51
  7
CN_TTF
 11
470103.64374502475
 21
4349751.135089463
 31
0.0
100
AcDbText
  0
LWPOLYLINE
  5
1C3
330
17
100
AcDbEntity
  8
爆区方格网
 62
4
100
AcDbPolyline
 90
5
 70
1
 10
470103.3037450247
 20
4349751.705089463
 10
470103.3037450247
 20
4349752.705089463
 10
470104.3037450247
 20
4349752.705089463
 10
470104.3037450247
 20
4349751.705089463
 10
470103.3037450247
 20
4349751.705089463
  0
TEXT
  5
1C4
330
17
100
AcDbEntity
  8
0
 62
4
100
AcDbText
 10
470103.64374502475
 20
4349752.135089463
 30
0.0
 40
0.1333
  1
0.51
  7
CN_TTF
 11
470103.64374502475
 21
4349752.135089463
 31
0.0
100
AcDbText
  0
LWPOLYLINE
  5
1C5
330
17
100
AcDbEntity
  8
爆区方格网
 62
4
100
AcDbPolyline
 90
6
 70
1
 10
470104.3037450247
 20
4349752.705089463
 10
470103.3037450247
 20
4349752.705089463
 10
470103.3037450247
 20
4349753.484570471
 10
470104.12791281147
 20
4349753.215028208
 10
470104.3037450247
 20
4349753.187529957
 10
470104.3037450247
 20
4349752.705089463
  0
TEXT
  5
1C6
330
17
100
AcDbEntity
  8
0
 62
4
100
AcDbText
 10
470103.64374502475
 20
4349752.87630971
 30
0.0
 40
0.1333
  1
0.51
  7
CN_TTF
 11
470103.64374502475
 21
4349752.87630971
 31
0.0
100
AcDbText
  0
LWPOLYLINE
  5
1C7
330
17
100
AcDbEntity
  8
爆区方格网
 62
4
100
AcDbPolyline
 90
6
 70
1
 10
470104.3037450247
 20
4349735.705089463
 10
470105.3037450247
 20
4349735.705089463
 10
470105.3037450247
 20
4349734.705089463
 10
470105.1618249312
 20
4349734.705089463
 10
470104.3037450247
 20
4349734.976830294
 10
470104.3037450247
 20
4349735.705089463
  0
TEXT
  5
1C8
330
17
100
AcDbEntity
  8
0
 62
4
100
AcDbText
 10
470104.64374502475
 20
4349735.270959878
 30
0.0
 40
0.1333
  1
0.87
  7
CN_TTF
 11
470104.64374502475
 21
4349735.270959878
 31
0.0
100
AcDbText
  0
LWPOLYLINE
  5
1C9
330
17
100
AcDbEntity
  8
爆区方格网
 62
4
100
AcDbPolyline
 90
5
 70
1
 10
470104.3037450247
 20
4349735.705089463
 10
470104.3037450247
 20
4349736.705089463
 10
470105.3037450247
 20
4349736.705089463
 10
470105.3037450247
 20
4349735.705089463
 10
470104.3037450247
 20
4349735.705089463
  0
TEXT
  5
1CA
330
17
100
AcDbEntity
  8
0
 62
4
100
AcDbText
 10
470104.64374502475
 20
4349736.135089463
 30
0.0
 40
0.1333
  1
0.87
  7
CN_TTF
 11
470104.64374502475
 21
4349736.135089463
 31
0.0
100
AcDbText
  0
LWPOLYLINE
  5
1CB
330
17
100
AcDbEntity
  8
爆区方格网
 62
4
100
AcDbPolyline
 90
5
 70
1
 10
470104.3037450247
 20
4349736.705089463
 10
470104.3037450247
 20
4349737.705089463
 10
470105.3037450247
 20
4349737.705089463
 10
470105.3037450247
 20
4349736.705089463
 10
470104.3037450247
 20
4349736.705089463
  0
TEXT
  5
1CC
330
17
100
AcDbEntity
  8
0
 62
4
100
AcDbText
 10
470104.64374502475
 20
4349737.135089463
 30
0.0
 40
0.1333
  1
0.87
  7
CN_TTF
 11
470104.64374502475
 21
4349737.135089463
 31
0.0
100
AcDbText
  0
LWPOLYLINE
  5
1CD
330
17
100
AcDbEntity
  8
爆区方格网
 62
4
100
AcDbPolyline
 90
5
 70
1
 10
470104.3037450247
 20
4349737.705089463
 10
470104.3037450247
 20
4349738.705089463
 10
470105.3037450247
 20
4349738.705089463
 10
470105.3037450247
 20
4349737.705089463
 10
470104.3037450247
 20
4349737.705089463
  0
TEXT
  5
1CE
330
17
100
AcDbEntity
  8
0
 62
4
100
AcDbText
 10
470104.64374502475
 20
4349738.135089463
 30
0.0
 40
0.1333
  1
0.87
  7
CN_TTF
 11
470104.64374502475
 21
4349738.135089463
 31
0.0
100
AcDbText
  0
LWPOLYLINE
  5
1CF
330
17
100
AcDbEntity
  8
爆区方格网
 62
4
100
AcDbPolyline
 90
6
 70
1
 10
470105.3037450247
 20
4349739.705089463
 10
470105.3037450247
 20
4349738.705089463
 10
470104.3037450247
 20
4349738.705089463
 10
470104.3037450247
 20
4349739.605816702
 10
470104.40627690416
 20
4349739.705089463
 10
470105.3037450247
 20
4349739.705089463
  0
TEXT
  5
1D0
330
17
100
AcDbEntity
  8
0
 62
4
100
AcDbText
 10
470104.64374502475
 20
4349739.085453082
 30
0.0
 40
0.1333
  1
0.87
  7
CN_TTF
 11
470104.64374502475
 21
4349739.085453082
 31
0.0
100
AcDbText
  0
LWPOLYLINE
  5
1D1
330
17
100
AcDbEntity
  8
爆区方格网
 62
4
100
AcDbPolyline
 90
6
 70
1
 10
470104.3037450247
 20
4349741.705089463
 10
470105.3037450247
 20
4349741.705089463
 10
470105.3037450247
 20
4349740.705089463
 10
470104.6842378405
 20
4349740.705089463
 10
470104.3037450247
 20
4349740.922549596
 10
470104.3037450247
 20
4349741.705089463
  0
TEXT
  5
1D2
330
17
100
AcDbEntity
  8
0
 62
4
100
AcDbText
 10
470104.64374502475
 20
4349741.243819529
 30
0.0
 40
0.1333
  1
0.71
  7
CN_TTF
 11
470104.64374502475
 21
4349741.243819529
 31
0.0
100
AcDbText
  0
LWPOLYLINE
  5
1D3
330
17
100
AcDbEntity
  8
爆区方格网
 62
4
100
AcDbPolyline
 90
5
 70
1
 10
470104.3037450247
 20
4349741.705089463
 10
470104.3037450247
 20
4349742.705089463
 10
470105.3037450247
 20
4349742.705089463
 10
470105.3037450247
 20
4349741.705089463
 10
470104.3037450247
 20
4349741.705089463
  0
TEXT
  5
1D4
330
17
100
AcDbEntity
  8
0
 62
4
100
AcDbText
 10
470104.64374502475
 20
4349742.135089463
 30
0.0
 40
0.1333
  1
0.71
  7
CN_TTF
 11
470104.64374502475
 21
4349742.135089463
 31
0.0
100
AcDbText
  0
LWPOLYLINE
  5
1D5
330
17
100
AcDbEntity
  8
爆区方格网
 62
4
100
AcDbPolyline
 90
5
 70
1
 10
470104.3037450247
 20
4349742.705089463
 10
470104.3037450247
 20
4349743.705089463
 10
470105.3037450247
 20
4349743.705089463
 10
470105.3037450247
 20
4349742.705089463
 10
470104.3037450247
 20
4349742.705089463
  0
TEXT
  5
1D6
330
17
100
AcDbEntity
  8
0
 62
4
100
AcDbText
 10
470104.64374502475
 20
4349743.135089463
 30
0.0
 40
0.1333
  1
0.71
  7
CN_TTF
 11
470104.64374502475
 21
4349743.135089463
 31
0.0
100
AcDbText
  0
LWPOLYLINE
  5
1D7
330
17
100
AcDbEntity
  8
爆区方格网
 62
4
100
AcDbPolyline
 90
5
 70
1
 10
470104.3037450247
 20
4349743.705089463
 10
470104.3037450247
 20
4349744.705089463
 10
470105.3037450247
 20
4349744.705089463
 10
470105.3037450247
 20
4349743.705089463
 10
470104.3037450247
 20
4349743.705089463
  0
TEXT
  5
1D8
330
17
100
AcDbEntity
  8
0
 62
4
100
AcDbText
 10
470104.64374502475
 20
4349744.135089463
 30
0.0
 40
0.1333
  1
0.71
  7
CN_TTF
 11
470104.64374502475
 21
4349744.135089463
 31
0.0
100
AcDbText
  0
LWPOLYLINE
  5
1D9
330
17
100
AcDbEntity
  8
爆区方格网
 62
4
100
AcDbPolyline
 90
5
 70
1
 10
470104.3037450247
 20
4349744.705089463
 10
470104.3037450247
 20
4349745.705089463
 10
470105.3037450247
 20
4349745.705089463
 10
470105.3037450247
 20
4349744.705089463
 10
470104.3037450247
 20
4349744.705089463
  0
TEXT
  5
1DA
330
17
100
AcDbEntity
  8
0
 62
4
100
AcDbText
 10
470104.64374502475
 20
4349745.135089463
 30
0.0
 40
0.1333
  1
0.71
  7
CN_TTF
 11
470104.64374502475
 21
4349745.135089463
 31
0.0
100
AcDbText
  0
LWPOLYLINE
  5
1DB
330
17
100
AcDbEntity
  8
爆区方格网
 62
4
100
AcDbPolyline
 90
5
 70
1
 10
470104.3037450247
 20
4349745.705089463
 10
470104.3037450247
 20
4349746.705089463
 10
470105.3037450247
 20
4349746.705089463
 10
470105.3037450247
 20
4349745.705089463
 10
470104.3037450247
 20
4349745.705089463
  0
TEXT
  5
1DC
330
17
100
AcDbEntity
  8
0
 62
4
100
AcDbText
 10
470104.64374502475
 20
4349746.135089463
 30
0.0
 40
0.1333
  1
0.71
  7
CN_TTF
 11
470104.64374502475
 21
4349746.135089463
 31
0.0
100
AcDbText
  0
LWPOLYLINE
  5
1DD
330
17
100
AcDbEntity
  8
爆区方格网
 62
4
100
AcDbPolyline
 90
5
 70
1
 10
470104.3037450247
 20
4349746.705089463
 10
470104.3037450247
 20
4349747.705089463
 10
470105.3037450247
 20
4349747.705089463
 10
470105.3037450247
 20
4349746.705089463
 10
470104.3037450247
 20
4349746.705089463
  0
TEXT
  5
1DE
330
17
100
AcDbEntity
  8
0
 62
4
100
AcDbText
 10
470104.64374502475
 20
4349747.135089463
 30
0.0
 40
0.1333
  1
0.71
  7
CN_TTF
 11
470104.64374502475
 21
4349747.135089463
 31
0.0
100
AcDbText
  0
LWPOLYLINE
  5
1DF
330
17
100
AcDbEntity
  8
爆区方格网
 62
4
100
AcDbPolyline
 90
5
 70
1
 10
470104.3037450247
 20
4349747.705089463
 10
470104.3037450247
 20
4349748.705089463
 10
470105.3037450247
 20
4349748.705089463
 10
470105.3037450247
 20
4349747.705089463
 10
470104.3037450247
 20
4349747.705089463
  0
TEXT
  5
1E0
330
17
100
AcDbEntity
  8
0
 62
4
100
AcDbText
 10
470104.64374502475
 20
4349748.135089463
 30
0.0
 40
0.1333
  1
0.82
  7
CN_TTF
 11
470104.64374502475
 21
4349748.135089463
 31
0.0
100
AcDbText
  0
LWPOLYLINE
  5
1E1
330
17
100
AcDbEntity
  8
爆区方格网
 62
4
100
AcDbPolyline
 90
5
 70
1
 10
470104.3037450247
 20
4349748.705089463
 10
470104.3037450247
 20
4349749.705089463
 10
470105.3037450247
 20
4349749.705089463
 10
470105.3037450247
 20
4349748.705089463
 10
470104.3037450247
 20
4349748.705089463
  0
TEXT
  5
1E2
330
17
100
AcDbEntity
  8
0
 62
4
100
AcDbText
 10
470104.64374502475
 20
4349749.135089463
 30
0.0
 40
0.1333
  1
0.82
  7
CN_TTF
 11
470104.64374502475
 21
4349749.135089463
 31
0.0
100
AcDbText
  0
LWPOLYLINE
  5
1E3
330
17
100
AcDbEntity
  8
爆区方格网
 62
4
100
AcDbPolyline
 90
5
 70
1
 10
470104.3037450247
 20
4349749.705089463
 10
470104.3037450247
 20
4349750.705089463
 10
470105.3037450247
 20
4349750.705089463
 10
470105.3037450247
 20
4349749.705089463
 10
470104.3037450247
 20
4349749.705089463
  0
TEXT
  5
1E4
330
17
100
AcDbEntity
  8
0
 62
4
100
AcDbText
 10
470104.64374502475
 20
4349750.135089463
 30
0.0
 40
0.1333
  1
0.82
  7
CN_TTF
 11
470104.64374502475
 21
4349750.135089463
 31
0.0
100
AcDbText
  0
LWPOLYLINE
  5
1E5
330
17
100
AcDbEntity
  8
爆区方格网
 62
4
100
AcDbPolyline
 90
5
 70
1
 10
470104.3037450247
 20
4349750.705089463
 10
470104.3037450247
 20
4349751.705089463
 10
470105.3037450247
 20
4349751.705089463
 10
470105.3037450247
 20
4349750.705089463
 10
470104.3037450247
 20
4349750.705089463
  0
TEXT
  5
1E6
330
17
100
AcDbEntity
  8
0
 62
4
100
AcDbText
 10
470104.64374502475
 20
4349751.135089463
 30
0.0
 40
0.1333
  1
0.82
  7
CN_TTF
 11
470104.64374502475
 21
4349751.135089463
 31
0.0
100
AcDbText
  0
LWPOLYLINE
  5
1E7
330
17
100
AcDbEntity
  8
爆区方格网
 62
4
100
AcDbPolyline
 90
5
 70
1
 10
470104.3037450247
 20
4349751.705089463
 10
470104.3037450247
 20
4349752.705089463
 10
470105.3037450247
 20
4349752.705089463
 10
470105.3037450247
 20
4349751.705089463
 10
470104.3037450247
 20
4349751.705089463
  0
TEXT
  5
1E8
330
17
100
AcDbEntity
  8
0
 62
4
100
AcDbText
 10
470104.64374502475
 20
4349752.135089463
 30
0.0
 40
0.1333
  1
0.82
  7
CN_TTF
 11
470104.64374502475
 21
4349752.135089463
 31
0.0
100
AcDbText
  0
LWPOLYLINE
  5
1E9
330
17
100
AcDbEntity
  8
爆区方格网
 62
4
100
AcDbPolyline
 90
6
 70
1
 10
470105.3037450247
 20
4349734.705089463
 10
470105.3037450247
 20
4349735.705089463
 10
470106.3037450247
 20
4349735.705089463
 10
470106.3037450247
 20
4349735.52621919
 10
470105.85037035414
 20
4349734.705089463
 10
470105.3037450247
 20
4349734.705089463
  0
TEXT
  5
1EA
330
17
100
AcDbEntity
  8
0
 62
4
100
AcDbText
 10
470105.5304013572
 20
4349735.045654327
 30
0.0
 40
0.1333
  1
0.87
  7
CN_TTF
 11
470105.5304013572
 21
4349735.045654327
 31
0.0
100
AcDbText
  0
LWPOLYLINE
  5
1EB
330
17
100
AcDbEntity
  8
爆区方格网
 62
4
100
AcDbPolyline
 90
5
 70
1
 10
470105.3037450247
 20
4349735.705089463
 10
470105.3037450247
 20
4349736.705089463
 10
470106.3037450247
 20
4349736.705089463
 10
470106.3037450247
 20
4349735.705089463
 10
470105.3037450247
 20
4349735.705089463
  0
TEXT
  5
1EC
330
17
100
AcDbEntity
  8
0
 62
4
100
AcDbText
 10
470105.64374502475
 20
4349736.135089463
 30
0.0
 40
0.1333
  1
0.87
  7
CN_TTF
 11
470105.64374502475
 21
4349736.135089463
 31
0.0
100
AcDbText
  0
LWPOLYLINE
  5
1ED
330
17
100
AcDbEntity
  8
爆区方格网
 62
4
100
AcDbPolyline
 90
5
 70
1
 10
470105.3037450247
 20
4349736.705089463
 10
470105.3037450247
 20
4349737.705089463
 10
470106.3037450247
 20
4349737.705089463
 10
470106.3037450247
 20
4349736.705089463
 10
470105.3037450247
 20
4349736.705089463
  0
TEXT
  5
1EE
330
17
100
AcDbEntity
  8
0
 62
4
100
AcDbText
 10
470105.64374502475
 20
4349737.135089463
 30
0.0
 40
0.1333
  1
0.87
  7
CN_TTF
 11
470105.64374502475
 21
4349737.135089463
 31
0.0
100
AcDbText
  0
LWPOLYLINE
  5
1EF
330
17
100
AcDbEntity
  8
爆区方格网
 62
4
100
AcDbPolyline
 90
5
 70
1
 10
470105.3037450247
 20
4349737.705089463
 10
470105.3037450247
 20
4349738.705089463
 10
470106.3037450247
 20
4349738.705089463
 10
470106.3037450247
 20
4349737.705089463
 10
470105.3037450247
 20
4349737.705089463
  0
TEXT
  5
1F0
330
17
100
AcDbEntity
  8
0
 62
4
100
AcDbText
 10
470105.64374502475
 20
4349738.135089463
 30
0.0
 40
0.1333
  1
0.87
  7
CN_TTF
 11
470105.64374502475
 21
4349738.135089463
 31
0.0
100
AcDbText
  0
LWPOLYLINE
  5
1F1
330
17
100
AcDbEntity
  8
爆区方格网
 62
4
100
AcDbPolyline
 90
5
 70
1
 10
470105.3037450247
 20
4349738.705089463
 10
470105.3037450247
 20
4349739.705089463
 10
470106.3037450247
 20
4349739.705089463
 10
470106.3037450247
 20
4349738.705089463
 10
470105.3037450247
 20
4349738.705089463
  0
TEXT
  5
1F2
330
17
100
AcDbEntity
  8
0
 62
4
100
AcDbText
 10
470105.64374502475
 20
4349739.135089463
 30
0.0
 40
0.1333
  1
0.87
  7
CN_TTF
 11
470105.64374502475
 21
4349739.135089463
 31
0.0
100
AcDbText
  0
LWPOLYLINE
  5
1F3
330
17
100
AcDbEntity
  8
爆区方格网
 62
4
100
AcDbPolyline
 90
5
 70
1
 10
470105.3037450247
 20
4349739.705089463
 10
470105.3037450247
 20
4349740.705089463
 10
470106.3037450247
 20
4349740.705089463
 10
470106.3037450247
 20
4349739.705089463
 10
470105.3037450247
 20
4349739.705089463
  0
TEXT
  5
1F4
330
17
100
AcDbEntity
  8
0
 62
4
100
AcDbText
 10
470105.64374502475
 20
4349740.135089463
 30
0.0
 40
0.1333
  1
0.87
  7
CN_TTF
 11
470105.64374502475
 21
4349740.135089463
 31
0.0
100
AcDbText
  0
LWPOLYLINE
  5
1F5
330
17
100
AcDbEntity
  8
爆区方格网
 62
4
100
AcDbPolyline
 90
5
 70
1
 10
470105.3037450247
 20
4349740.705089463
 10
470105.3037450247
 20
4349741.705089463
 10
470106.3037450247
 20
4349741.705089463
 10
470106.3037450247
 20
4349740.705089463
 10
470105.3037450247
 20
4349740.705089463
  0
TEXT
  5
1F6
330
17
100
AcDbEntity
  8
0
 62
4
100
AcDbText
 10
470105.64374502475
 20
4349741.135089463
 30
0.0
 40
0.1333
  1
0.71
  7
CN_TTF
 11
470105.64374502475
 21
4349741.135089463
 31
0.0
100
AcDbText
  0
LWPOLYLINE
  5
1F7
330
17
100
AcDbEntity
  8
爆区方格网
 62
4
100
AcDbPolyline
 90
5
 70
1
 10
470105.3037450247
 20
4349741.705089463
 10
470105.3037450247
 20
4349742.705089463
 10
470106.3037450247
 20
4349742.705089463
 10
470106.3037450247
 20
4349741.705089463
 10
470105.3037450247
 20
4349741.705089463
  0
TEXT
  5
1F8
330
17
100
AcDbEntity
  8
0
 62
4
100
AcDbText
 10
470105.64374502475
 20
4349742.135089463
 30
0.0
 40
0.1333
  1
0.71
  7
CN_TTF
 11
470105.64374502475
 21
4349742.135089463
 31
0.0
100
AcDbText
  0
LWPOLYLINE
  5
1F9
330
17
100
AcDbEntity
  8
爆区方格网
 62
4
100
AcDbPolyline
 90
5
 70
1
 10
470105.3037450247
 20
4349742.705089463
 10
470105.3037450247
 20
4349743.705089463
 10
470106.3037450247
 20
4349743.705089463
 10
470106.3037450247
 20
4349742.705089463
 10
470105.3037450247
 20
4349742.705089463
  0
TEXT
  5
1FA
330
17
100
AcDbEntity
  8
0
 62
4
100
AcDbText
 10
470105.64374502475
 20
4349743.135089463
 30
0.0
 40
0.1333
  1
0.71
  7
CN_TTF
 11
470105.64374502475
 21
4349743.135089463
 31
0.0
100
AcDbText
  0
LWPOLYLINE
  5
1FB
330
17
100
AcDbEntity
  8
爆区方格网
 62
4
100
AcDbPolyline
 90
5
 70
1
 10
470105.3037450247
 20
4349743.705089463
 10
470105.3037450247
 20
4349744.705089463
 10
470106.3037450247
 20
4349744.705089463
 10
470106.3037450247
 20
4349743.705089463
 10
470105.3037450247
 20
4349743.705089463
  0
TEXT
  5
1FC
330
17
100
AcDbEntity
  8
0
 62
4
100
AcDbText
 10
470105.64374502475
 20
4349744.135089463
 30
0.0
 40
0.1333
  1
0.71
  7
CN_TTF
 11
470105.64374502475
 21
4349744.135089463
 31
0.0
100
AcDbText
  0
LWPOLYLINE
  5
1FD
330
17
100
AcDbEntity
  8
爆区方格网
 62
4
100
AcDbPolyline
 90
5
 70
1
 10
470105.3037450247
 20
4349744.705089463
 10
470105.3037450247
 20
4349745.705089463
 10
470106.3037450247
 20
4349745.705089463
 10
470106.3037450247
 20
4349744.705089463
 10
470105.3037450247
 20
4349744.705089463
  0
TEXT
  5
1FE
330
17
100
AcDbEntity
  8
0
 62
4
100
AcDbText
 10
470105.64374502475
 20
4349745.135089463
 30
0.0
 40
0.1333
  1
0.71
  7
CN_TTF
 11
470105.64374502475
 21
4349745.135089463
 31
0.0
100
AcDbText
  0
LWPOLYLINE
  5
1FF
330
17
100
AcDbEntity
  8
爆区方格网
 62
4
100
AcDbPolyline
 90
5
 70
1
 10
470105.3037450247
 20
4349745.705089463
 10
470105.3037450247
 20
4349746.705089463
 10
470106.3037450247
 20
4349746.705089463
 10
470106.3037450247
 20
4349745.705089463
 10
470105.3037450247
 20
4349745.705089463
  0
TEXT
  5
200
330
17
100
AcDbEntity
  8
0
 62
4
100
AcDbText
 10
470105.64374502475
 20
4349746.135089463
 30
0.0
 40
0.1333
  1
0.71
  7
CN_TTF
 11
470105.64374502475
 21
4349746.135089463
 31
0.0
100
AcDbText
  0
LWPOLYLINE
  5
201
330
17
100
AcDbEntity
  8
爆区方格网
 62
4
100
AcDbPolyline
 90
5
 70
1
 10
470105.3037450247
 20
4349746.705089463
 10
470105.3037450247
 20
4349747.705089463
 10
470106.3037450247
 20
4349747.705089463
 10
470106.3037450247
 20
4349746.705089463
 10
470105.3037450247
 20
4349746.705089463
  0
TEXT
  5
202
330
17
100
AcDbEntity
  8
0
 62
4
100
AcDbText
 10
470105.64374502475
 20
4349747.135089463
 30
0.0
 40
0.1333
  1
0.82
  7
CN_TTF
 11
470105.64374502475
 21
4349747.135089463
 31
0.0
100
AcDbText
  0
LWPOLYLINE
  5
203
330
17
100
AcDbEntity
  8
爆区方格网
 62
4
100
AcDbPolyline
 90
5
 70
1
 10
470105.3037450247
 20
4349747.705089463
 10
470105.3037450247
 20
4349748.705089463
 10
470106.3037450247
 20
4349748.705089463
 10
470106.3037450247
 20
4349747.705089463
 10
470105.3037450247
 20
4349747.705089463
  0
TEXT
  5
204
330
17
100
AcDbEntity
  8
0
 62
4
100
AcDbText
 10
470105.64374502475
 20
4349748.135089463
 30
0.0
 40
0.1333
  1
0.82
  7
CN_TTF
 11
470105.64374502475
 21
4349748.135089463
 31
0.0
100
AcDbText
  0
LWPOLYLINE
  5
205
330
17
100
AcDbEntity
  8
爆区方格网
 62
4
100
AcDbPolyline
 90
5
 70
1
 10
470105.3037450247
 20
4349748.705089463
 10
470105.3037450247
 20
4349749.705089463
 10
470106.3037450247
 20
4349749.705089463
 10
470106.3037450247
 20
4349748.705089463
 10
470105.3037450247
 20
4349748.705089463
  0
TEXT
  5
206
330
17
100
AcDbEntity
  8
0
 62
4
100
AcDbText
 10
470105.64374502475
 20
4349749.135089463
 30
0.0
 40
0.1333
  1
0.82
  7
CN_TTF
 11
470105.64374502475
 21
4349749.135089463
 31
0.0
100
AcDbText
  0
LWPOLYLINE
  5
207
330
17
100
AcDbEntity
  8
爆区方格网
 62
4
100
AcDbPolyline
 90
5
 70
1
 10
470105.3037450247
 20
4349749.705089463
 10
470105.3037450247
 20
4349750.705089463
 10
470106.3037450247
 20
4349750.705089463
 10
470106.3037450247
 20
4349749.705089463
 10
470105.3037450247
 20
4349749.705089463
  0
TEXT
  5
208
330
17
100
AcDbEntity
  8
0
 62
4
100
AcDbText
 10
470105.64374502475
 20
4349750.135089463
 30
0.0
 40
0.1333
  1
0.82
  7
CN_TTF
 11
470105.64374502475
 21
4349750.135089463
 31
0.0
100
AcDbText
  0
LWPOLYLINE
  5
209
330
17
100
AcDbEntity
  8
爆区方格网
 62
4
100
AcDbPolyline
 90
5
 70
1
 10
470105.3037450247
 20
4349750.705089463
 10
470105.3037450247
 20
4349751.705089463
 10
470106.3037450247
 20
4349751.705089463
 10
470106.3037450247
 20
4349750.705089463
 10
470105.3037450247
 20
4349750.705089463
  0
TEXT
  5
20A
330
17
100
AcDbEntity
  8
0
 62
4
100
AcDbText
 10
470105.64374502475
 20
4349751.135089463
 30
0.0
 40
0.1333
  1
0.82
  7
CN_TTF
 11
470105.64374502475
 21
4349751.135089463
 31
0.0
100
AcDbText
  0
LWPOLYLINE
  5
20B
330
17
100
AcDbEntity
  8
爆区方格网
 62
4
100
AcDbPolyline
 90
5
 70
1
 10
470105.3037450247
 20
4349751.705089463
 10
470105.3037450247
 20
4349752.705089463
 10
470106.3037450247
 20
4349752.705089463
 10
470106.3037450247
 20
4349751.705089463
 10
470105.3037450247
 20
4349751.705089463
  0
TEXT
  5
20C
330
17
100
AcDbEntity
  8
0
 62
4
100
AcDbText
 10
470105.64374502475
 20
4349752.135089463
 30
0.0
 40
0.1333
  1
0.82
  7
CN_TTF
 11
470105.64374502475
 21
4349752.135089463
 31
0.0
100
AcDbText
  0
LWPOLYLINE
  5
20D
330
17
100
AcDbEntity
  8
爆区方格网
 62
4
100
AcDbPolyline
 90
6
 70
1
 10
470106.3037450247
 20
4349736.705089463
 10
470106.3037450247
 20
4349737.705089463
 10
470107.154218441
 20
4349737.705089463
 10
470107.1909902799
 20
4349737.133153811
 10
470106.95464086224
 20
4349736.705089463
 10
470106.3037450247
 20
4349736.705089463
  0
TEXT
  5
20E
330
17
100
AcDbEntity
  8
0
 62
4
100
AcDbText
 10
470106.57817469264
 20
4349737.349121637
 30
0.0
 40
0.1333
  1
0.87
  7
CN_TTF
 11
470106.57817469264
 21
4349737.349121637
 31
0.0
100
AcDbText
  0
LWPOLYLINE
  5
20F
330
17
100
AcDbEntity
  8
爆区方格网
 62
4
100
AcDbPolyline
 90
5
 70
1
 10
470106.3037450247
 20
4349737.705089463
 10
470106.3037450247
 20
4349738.705089463
 10
470107.08992477646
 20
4349738.705089463
 10
470107.154218441
 20
4349737.705089463
 10
470106.3037450247
 20
4349737.705089463
  0
TEXT
  5
210
330
17
100
AcDbEntity
  8
0
 62
4
100
AcDbText
 10
470106.5529083168
 20
4349738.135089463
 30
0.0
 40
0.1333
  1
0.87
  7
CN_TTF
 11
470106.5529083168
 21
4349738.135089463
 31
0.0
100
AcDbText
  0
LWPOLYLINE
  5
211
330
17
100
AcDbEntity
  8
爆区方格网
 62
4
100
AcDbPolyline
 90
5
 70
1
 10
470106.3037450247
 20
4349738.705089463
 10
470106.3037450247
 20
4349739.705089463
 10
470107.02563111193
 20
4349739.705089463
 10
470107.08992477646
 20
4349738.705089463
 10
470106.3037450247
 20
4349738.705089463
  0
TEXT
  5
212
330
17
100
AcDbEntity
  8
0
 62
4
100
AcDbText
 10
470106.52076148445
 20
4349739.135089463
 30
0.0
 40
0.1333
  1
0.87
  7
CN_TTF
 11
470106.52076148445
 21
4349739.135089463
 31
0.0
100
AcDbText
  0
LWPOLYLINE
  5
213
330
17
100
AcDbEntity
  8
爆区方格网
 62
4
100
AcDbPolyline
 90
6
 70
1
 10
470106.3037450247
 20
4349739.705089463
 10
470106.3037450247
 20
4349740.705089463
 10
470106.96133744746
 20
4349740.705089463
 10
470106.9722387688
 20
4349740.535534321
 10
470107.02563111193
 20
4349739.705089463
 10
470106.3037450247
 20
4349739.705089463
  0
TEXT
  5
214
330
17
100
AcDbEntity
  8
0
 62
4
100
AcDbText
 10
470106.4913399826
 20
4349740.050311891
 30
0.0
 40
0.1333
  1
0.87
  7
CN_TTF
 11
470106.4913399826
 21
4349740.050311891
 31
0.0
100
AcDbText
  0
LWPOLYLINE
  5
215
330
17
100
AcDbEntity
  8
爆区方格网
 62
4
100
AcDbPolyline
 90
5
 70
1
 10
470106.3037450247
 20
4349740.705089463
 10
470106.3037450247
 20
4349741.705089463
 10
470106.8970437829
 20
4349741.705089463
 10
470106.96133744746
 20
4349740.705089463
 10
470106.3037450247
 20
4349740.705089463
  0
TEXT
  5
216
330
17
100
AcDbEntity
  8
0
 62
4
100
AcDbText
 10
470106.45646782
 20
4349741.135089463
 30
0.0
 40
0.1333
  1
0.71
  7
CN_TTF
 11
470106.45646782
 21
4349741.135089463
 31
0.0
100
AcDbText
  0
LWPOLYLINE
  5
217
330
17
100
AcDbEntity
  8
爆区方格网
 62
4
100
AcDbPolyline
 90
5
 70
1
 10
470106.3037450247
 20
4349741.705089463
 10
470106.3037450247
 20
4349742.705089463
 10
470106.8327501184
 20
4349742.705089463
 10
470106.8970437829
 20
4349741.705089463
 10
470106.3037450247
 20
4349741.705089463
  0
TEXT
  5
218
330
17
100
AcDbEntity
  8
0
 62
4
100
AcDbText
 10
470106.4243209877
 20
4349742.135089463
 30
0.0
 40
0.1333
  1
0.71
  7
CN_TTF
 11
470106.4243209877
 21
4349742.135089463
 31
0.0
100
AcDbText
  0
LWPOLYLINE
  5
219
330
17
100
AcDbEntity
  8
爆区方格网
 62
4
100
AcDbPolyline
 90
5
 70
1
 10
470106.3037450247
 20
4349743.705089463
 10
470106.3037450247
 20
4349744.705089463
 10
470107.0847993158
 20
4349744.705089463
 10
470106.7807399426
 20
4349743.705089463
 10
470106.3037450247
 20
4349743.705089463
  0
TEXT
  5
21A
330
17
100
AcDbEntity
  8
0
 62
4
100
AcDbText
 10
470106.458257327
 20
4349744.135089463
 30
0.0
 40
0.1333
  1
0.71
  7
CN_TTF
 11
470106.458257327
 21
4349744.135089463
 31
0.0
100
AcDbText
  0
LWPOLYLINE
  5
21B
330
17
100
AcDbEntity
  8
爆区方格网
 62
4
100
AcDbPolyline
 90
6
 70
1
 10
470106.3037450247
 20
4349744.705089463
 10
470106.3037450247
 20
4349745.705089463
 10
470107.3037450247
 20
4349745.705089463
 10
470107.3037450247
 20
4349745.425164975
 10
470107.0847993158
 20
4349744.705089463
 10
470106.3037450247
 20
4349744.705089463
  0
TEXT
  5
21C
330
17
100
AcDbEntity
  8
0
 62
4
100
AcDbText
 10
470106.5890085975
 20
4349744.995127219
 30
0.0
 40
0.1333
  1
0.71
  7
CN_TTF
 11
470106.5890085975
 21
4349744.995127219
 31
0.0
100
AcDbText
  0
LWPOLYLINE
  5
21D
330
17
100
AcDbEntity
  8
爆区方格网
 62
4
100
AcDbPolyline
 90
5
 70
1
 10
470106.3037450247
 20
4349745.705089463
 10
470106.3037450247
 20
4349746.705089463
 10
470107.3037450247
 20
4349746.705089463
 10
470107.3037450247
 20
4349745.705089463
 10
470106.3037450247
 20
4349745.705089463
  0
TEXT
  5
21E
330
17
100
AcDbEntity
  8
0
 62
4
100
AcDbText
 10
470106.64374502475
 20
4349746.135089463
 30
0.0
 40
0.1333
  1
0.71
  7
CN_TTF
 11
470106.64374502475
 21
4349746.135089463
 31
0.0
100
AcDbText
  0
LWPOLYLINE
  5
21F
330
17
100
AcDbEntity
  8
爆区方格网
 62
4
100
AcDbPolyline
 90
5
 70
1
 10
470106.3037450247
 20
4349746.705089463
 10
470106.3037450247
 20
4349747.705089463
 10
470107.3037450247
 20
4349747.705089463
 10
470107.3037450247
 20
4349746.705089463
 10
470106.3037450247
 20
4349746.705089463
  0
TEXT
  5
220
330
17
100
AcDbEntity
  8
0
 62
4
100
AcDbText
 10
470106.64374502475
 20
4349747.135089463
 30
0.0
 40
0.1333
  1
0.82
  7
CN_TTF
 11
470106.64374502475
 21
4349747.135089463
 31
0.0
100
AcDbText
  0
LWPOLYLINE
  5
221
330
17
100
AcDbEntity
  8
爆区方格网
 62
4
100
AcDbPolyline
 90
5
 70
1
 10
470106.3037450247
 20
4349747.705089463
 10
470106.3037450247
 20
4349748.705089463
 10
470107.3037450247
 20
4349748.705089463
 10
470107.3037450247
 20
4349747.705089463
 10
470106.3037450247
 20
4349747.705089463
  0
TEXT
  5
222
330
17
100
AcDbEntity
  8
0
 62
4
100
AcDbText
 10
470106.64374502475
 20
4349748.135089463
 30
0.0
 40
0.1333
  1
0.82
  7
CN_TTF
 11
470106.64374502475
 21
4349748.135089463
 31
0.0
100
AcDbText
  0
LWPOLYLINE
  5
223
330
17
100
AcDbEntity
  8
爆区方格网
 62
4
100
AcDbPolyline
 90
5
 70
1
 10
470106.3037450247
 20
4349748.705089463
 10
470106.3037450247
 20
4349749.705089463
 10
470107.3037450247
 20
4349749.705089463
 10
470107.3037450247
 20
4349748.705089463
 10
470106.3037450247
 20
4349748.705089463
  0
TEXT
  5
224
330
17
100
AcDbEntity
  8
0
 62
4
100
AcDbText
 10
470106.64374502475
 20
4349749.135089463
 30
0.0
 40
0.1333
  1
0.82
  7
CN_TTF
 11
470106.64374502475
 21
4349749.135089463
 31
0.0
100
AcDbText
  0
LWPOLYLINE
  5
225
330
17
100
AcDbEntity
  8
爆区方格网
 62
4
100
AcDbPolyline
 90
5
 70
1
 10
470106.3037450247
 20
4349749.705089463
 10
470106.3037450247
 20
4349750.705089463
 10
470107.3037450247
 20
4349750.705089463
 10
470107.3037450247
 20
4349749.705089463
 10
470106.3037450247
 20
4349749.705089463
  0
TEXT
  5
226
330
17
100
AcDbEntity
  8
0
 62
4
100
AcDbText
 10
470106.64374502475
 20
4349750.135089463
 30
0.0
 40
0.1333
  1
0.82
  7
CN_TTF
 11
470106.64374502475
 21
4349750.135089463
 31
0.0
100
AcDbText
  0
LWPOLYLINE
  5
227
330
17
100
AcDbEntity
  8
爆区方格网
 62
4
100
AcDbPolyline
 90
5
 70
1
 10
470106.3037450247
 20
4349750.705089463
 10
470106.3037450247
 20
4349751.705089463
 10
470107.3037450247
 20
4349751.705089463
 10
470107.3037450247
 20
4349750.705089463
 10
470106.3037450247
 20
4349750.705089463
  0
TEXT
  5
228
330
17
100
AcDbEntity
  8
0
 62
4
100
AcDbText
 10
470106.64374502475
 20
4349751.135089463
 30
0.0
 40
0.1333
  1
0.82
  7
CN_TTF
 11
470106.64374502475
 21
4349751.135089463
 31
0.0
100
AcDbText
  0
LWPOLYLINE
  5
229
330
17
100
AcDbEntity
  8
爆区方格网
 62
4
100
AcDbPolyline
 90
7
 70
1
 10
470107.3037450247
 20
4349751.705089463
 10
470106.3037450247
 20
4349751.705089463
 10
470106.3037450247
 20
4349752.705089463
 10
470107.2180908636
 20
4349752.705089463
 10
470106.54628099303
 20
4349752.4241062105
 10
470107.3037450247
 20
4349752.176379264
 10
470107.3037450247
 20
4349751.705089463
  0
TEXT
  5
22A
330
17
100
AcDbEntity
  8
0
 62
4
100
AcDbText
 10
470106.4543790175
 20
4349752.230242737
 30
0.0
 40
0.1333
  1
0.82
  7
CN_TTF
 11
470106.4543790175
 21
4349752.230242737
 31
0.0
100
AcDbText
  0
LWPOLYLINE
  5
22B
330
17
100
AcDbEntity
  8
爆区方格网
 62
4
100
AcDbPolyline
 90
5
 70
1
 10
470107.3037450247
 20
4349746.705089463
 10
470107.3037450247
 20
4349747.705089463
 10
470107.99697743513
 20
4349747.705089463
 10
470107.69291806204
 20
4349746.705089463
 10
470107.3037450247
 20
4349746.705089463
  0
TEXT
  5
22C
330
17
100
AcDbEntity
  8
0
 62
4
100
AcDbText
 10
470107.4143463867
 20
4349747.135089463
 30
0.0
 40
0.1333
  1
0.82
  7
CN_TTF
 11
470107.4143463867
 21
4349747.135089463
 31
0.0
100
AcDbText
  0
LWPOLYLINE
  5
22D
330
17
100
AcDbEntity
  8
爆区方格网
 62
4
100
AcDbPolyline
 90
5
 70
1
 10
470107.3037450247
 20
4349747.705089463
 10
470107.3037450247
 20
4349748.705089463
 10
470108.3010368083
 20
4349748.705089463
 10
470107.99697743513
 20
4349747.705089463
 10
470107.3037450247
 20
4349747.705089463
  0
TEXT
  5
22E
330
17
100
AcDbEntity
  8
0
 62
4
100
AcDbText
 10
470107.5663760732
 20
4349748.135089463
 30
0.0
 40
0.1333
  1
0.82
  7
CN_TTF
 11
470107.5663760732
 21
4349748.135089463
 31
0.0
100
AcDbText
  0
LWPOLYLINE
  5
22F
330
17
100
AcDbEntity
  8
爆区方格网
 62
4
100
AcDbPolyline
 90
6
 70
1
 10
470107.3037450247
 20
4349748.705089463
 10
470107.3037450247
 20
4349749.705089463
 10
470108.3037450247
 20
4349749.705089463
 10
470108.3037450247
 20
4349748.71399633
 10
470108.3010368083
 20
4349748.705089463
 10
470107.3037450247
 20
4349748.705089463
  0
TEXT
  5
230
330
17
100
AcDbEntity
  8
0
 62
4
100
AcDbText
 10
470107.64374502475
 20
4349749.139542896
 30
0.0
 40
0.1333
  1
0.82
  7
CN_TTF
 11
470107.64374502475
 21
4349749.139542896
 31
0.0
100
AcDbText
  0
LWPOLYLINE
  5
231
330
17
100
AcDbEntity
  8
爆区方格网
 62
4
100
AcDbPolyline
 90
5
 70
1
 10
470107.3037450247
 20
4349749.705089463
 10
470107.3037450247
 20
4349750.705089463
 10
470108.3037450247
 20
4349750.705089463
 10
470108.3037450247
 20
4349749.705089463
 10
470107.3037450247
 20
4349749.705089463
  0
TEXT
  5
232
330
17
100
AcDbEntity
  8
0
 62
4
100
AcDbText
 10
470107.64374502475
 20
4349750.135089463
 30
0.0
 40
0.1333
  1
0.82
  7
CN_TTF
 11
470107.64374502475
 21
4349750.135089463
 31
0.0
100
AcDbText
  0
LWPOLYLINE
  5
233
330
17
100
AcDbEntity
  8
爆区方格网
 62
4
100
AcDbPolyline
 90
5
 70
1
 10
470107.3037450247
 20
4349750.705089463
 10
470107.3037450247
 20
4349751.705089463
 10
470108.3037450247
 20
4349751.705089463
 10
470108.3037450247
 20
4349750.705089463
 10
470107.3037450247
 20
4349750.705089463
  0
TEXT
  5
234
330
17
100
AcDbEntity
  8
0
 62
4
100
AcDbText
 10
470107.64374502475
 20
4349751.135089463
 30
0.0
 40
0.1333
  1
0.82
  7
CN_TTF
 11
470107.64374502475
 21
4349751.135089463
 31
0.0
100
AcDbText
  0
LWPOLYLINE
  5
235
330
17
100
AcDbEntity
  8
爆区方格网
 62
4
100
AcDbPolyline
 90
6
 70
1
 10
470108.3037450247
 20
4349750.705089463
 10
470108.3037450247
 20
4349751.705089463
 10
470108.7447875848
 20
4349751.705089463
 10
470109.1708467716
 20
4349751.565747743
 10
470108.9091555546
 20
4349750.705089463
 10
470108.3037450247
 20
4349750.705089463
  0
TEXT
  5
236
330
17
100
AcDbEntity
  8
0
 62
4
100
AcDbText
 10
470108.511873094
 20
4349751.065418603
 30
0.0
 40
0.1333
  1
0.82
  7
CN_TTF
 11
470108.511873094
 21
4349751.065418603
 31
0.0
100
AcDbText
  0
LWPOLYLINE
  5
237
330
17
100
AcDbEntity
  8
爆区方格网
 62
4
100
AcDbPolyline
 90
5
 70
1
 10
470092.3037450247
 20
4349764.705089463
 10
470092.3037450247
 20
4349763.705089463
 10
470091.9070255168
 20
4349763.705089463
 10
470091.68106310186
 20
4349764.705089463
 10
470092.3037450247
 20
4349764.705089463
  0
TEXT
  5
238
330
17
100
AcDbEntity
  8
0
 62
4
100
AcDbText
 10
470091.88889466703
 20
4349764.135089463
 30
0.0
 40
0.1333
  1
0.69
  7
CN_TTF
 11
470091.88889466703
 21
4349764.135089463
 31
0.0
100
AcDbText
  0
LWPOLYLINE
  5
239
330
17
100
AcDbEntity
  8
爆区方格网
 62
4
100
AcDbPolyline
 90
5
 70
1
 10
470092.3037450247
 20
4349765.705089463
 10
470092.3037450247
 20
4349764.705089463
 10
470091.68106310186
 20
4349764.705089463
 10
470091.4551006869
 20
4349765.705089463
 10
470092.3037450247
 20
4349765.705089463
  0
TEXT
  5
23A
330
17
100
AcDbEntity
  8
0
 62
4
100
AcDbText
 10
470091.77591345954
 20
4349765.135089463
 30
0.0
 40
0.1333
  1
0.69
  7
CN_TTF
 11
470091.77591345954
 21
4349765.135089463
 31
0.0
100
AcDbText
  0
LWPOLYLINE
  5
23B
330
17
100
AcDbEntity
  8
爆区方格网
 62
4
100
AcDbPolyline
 90
6
 70
1
 10
470092.3037450247
 20
4349766.705089463
 10
470092.3037450247
 20
4349765.705089463
 10
470091.4551006869
 20
4349765.705089463
 10
470091.3037450247
 20
4349766.374916178
 10
470091.4709325281
 20
4349766.705089463
 10
470092.3037450247
 20
4349766.705089463
  0
TEXT
  5
23C
330
17
100
AcDbEntity
  8
0
 62
4
100
AcDbText
 10
470091.6815839402
 20
4349765.970002821
 30
0.0
 40
0.1333
  1
0.69
  7
CN_TTF
 11
470091.6815839402
 21
4349765.970002821
 31
0.0
100
AcDbText
  0
LWPOLYLINE
  5
23D
330
17
100
AcDbEntity
  8
爆区方格网
 62
4
100
AcDbPolyline
 90
5
 70
1
 10
470092.3037450247
 20
4349767.705089463
 10
470092.3037450247
 20
4349766.705089463
 10
470091.4709325281
 20
4349766.705089463
 10
470091.9772954323
 20
4349767.705089463
 10
470092.3037450247
 20
4349767.705089463
  0
TEXT
  5
23E
330
17
100
AcDbEntity
  8
0
 62
4
100
AcDbText
 10
470091.8539295025
 20
4349767.135089463
 30
0.0
 40
0.1333
  1
0.69
  7
CN_TTF
 11
470091.8539295025
 21
4349767.135089463
 31
0.0
100
AcDbText
  0
LWPOLYLINE
  5
23F
330
17
100
AcDbEntity
  8
爆区方格网
 62
4
100
AcDbPolyline
 90
6
 70
1
 10
470093.3037450247
 20
4349760.705089463
 10
470093.3037450247
 20
4349759.705089463
 10
470092.81292980694
 20
4349759.705089463
 10
470092.7955130662
 20
4349759.773074709
 10
470092.5849127616
 20
4349760.705089463
 10
470093.3037450247
 20
4349760.705089463
  0
TEXT
  5
240
330
17
100
AcDbEntity
  8
0
 62
4
100
AcDbText
 10
470092.83697896934
 20
4349760.169082086
 30
0.0
 40
0.1333
  1
0.67
  7
CN_TTF
 11
470092.83697896934
 21
4349760.169082086
 31
0.0
100
AcDbText
  0
LWPOLYLINE
  5
241
330
17
100
AcDbEntity
  8
爆区方格网
 62
4
100
AcDbPolyline
 90
5
 70
1
 10
470093.3037450247
 20
4349761.705089463
 10
470093.3037450247
 20
4349760.705089463
 10
470092.5849127616
 20
4349760.705089463
 10
470092.35895034665
 20
4349761.705089463
 10
470093.3037450247
 20
4349761.705089463
  0
TEXT
  5
242
330
17
100
AcDbEntity
  8
0
 62
4
100
AcDbText
 10
470092.7278382894
 20
4349761.135089463
 30
0.0
 40
0.1333
  1
0.67
  7
CN_TTF
 11
470092.7278382894
 21
4349761.135089463
 31
0.0
100
AcDbText
  0
LWPOLYLINE
  5
243
330
17
100
AcDbEntity
  8
爆区方格网
 62
4
100
AcDbPolyline
 90
6
 70
1
 10
470092.3037450247
 20
4349762.705089463
 10
470093.3037450247
 20
4349762.705089463
 10
470093.3037450247
 20
4349761.705089463
 10
470092.35895034665
 20
4349761.705089463
 10
470092.3037450247
 20
4349761.949401429
 10
470092.3037450247
 20
4349762.705089463
  0
TEXT
  5
244
330
17
100
AcDbEntity
  8
0
 62
4
100
AcDbText
 10
470092.64374502475
 20
4349762.257245446
 30
0.0
 40
0.1333
  1
0.67
  7
CN_TTF
 11
470092.64374502475
 21
4349762.257245446
 31
0.0
100
AcDbText
  0
LWPOLYLINE
  5
245
330
17
100
AcDbEntity
  8
爆区方格网
 62
4
100
AcDbPolyline
 90
5
 70
1
 10
470092.3037450247
 20
4349762.705089463
 10
470092.3037450247
 20
4349763.705089463
 10
470093.3037450247
 20
4349763.705089463
 10
470093.3037450247
 20
4349762.705089463
 10
470092.3037450247
 20
4349762.705089463
  0
TEXT
  5
246
330
17
100
AcDbEntity
  8
0
 62
4
100
AcDbText
 10
470092.64374502475
 20
4349763.135089463
 30
0.0
 40
0.1333
  1
0.67
  7
CN_TTF
 11
470092.64374502475
 21
4349763.135089463
 31
0.0
100
AcDbText
  0
LWPOLYLINE
  5
247
330
17
100
AcDbEntity
  8
爆区方格网
 62
4
100
AcDbPolyline
 90
5
 70
1
 10
470092.3037450247
 20
4349763.705089463
 10
470092.3037450247
 20
4349764.705089463
 10
470093.3037450247
 20
4349764.705089463
 10
470093.3037450247
 20
4349763.705089463
 10
470092.3037450247
 20
4349763.705089463
  0
TEXT
  5
248
330
17
100
AcDbEntity
  8
0
 62
4
100
AcDbText
 10
470092.64374502475
 20
4349764.135089463
 30
0.0
 40
0.1333
  1
0.69
  7
CN_TTF
 11
470092.64374502475
 21
4349764.135089463
 31
0.0
100
AcDbText
  0
LWPOLYLINE
  5
249
330
17
100
AcDbEntity
  8
爆区方格网
 62
4
100
AcDbPolyline
 90
5
 70
1
 10
470092.3037450247
 20
4349764.705089463
 10
470092.3037450247
 20
4349765.705089463
 10
470093.3037450247
 20
4349765.705089463
 10
470093.3037450247
 20
4349764.705089463
 10
470092.3037450247
 20
4349764.705089463
  0
TEXT
  5
24A
330
17
100
AcDbEntity
  8
0
 62
4
100
AcDbText
 10
470092.64374502475
 20
4349765.135089463
 30
0.0
 40
0.1333
  1
0.69
  7
CN_TTF
 11
470092.64374502475
 21
4349765.135089463
 31
0.0
100
AcDbText
  0
LWPOLYLINE
  5
24B
330
17
100
AcDbEntity
  8
爆区方格网
 62
4
100
AcDbPolyline
 90
5
 70
1
 10
470092.3037450247
 20
4349765.705089463
 10
470092.3037450247
 20
4349766.705089463
 10
470093.3037450247
 20
4349766.705089463
 10
470093.3037450247
 20
4349765.705089463
 10
470092.3037450247
 20
4349765.705089463
  0
TEXT
  5
24C
330
17
100
AcDbEntity
  8
0
 62
4
100
AcDbText
 10
470092.64374502475
 20
4349766.135089463
 30
0.0
 40
0.1333
  1
0.69
  7
CN_TTF
 11
470092.64374502475
 21
4349766.135089463
 31
0.0
100
AcDbText
  0
LWPOLYLINE
  5
24D
330
17
100
AcDbEntity
  8
爆区方格网
 62
4
100
AcDbPolyline
 90
5
 70
1
 10
470092.3037450247
 20
4349766.705089463
 10
470092.3037450247
 20
4349767.705089463
 10
470093.3037450247
 20
4349767.705089463
 10
470093.3037450247
 20
4349766.705089463
 10
470092.3037450247
 20
4349766.705089463
  0
TEXT
  5
24E
330
17
100
AcDbEntity
  8
0
 62
4
100
AcDbText
 10
470092.64374502475
 20
4349767.135089463
 30
0.0
 40
0.1333
  1
0.69
  7
CN_TTF
 11
470092.64374502475
 21
4349767.135089463
 31
0.0
100
AcDbText
  0
LWPOLYLINE
  5
24F
330
17
100
AcDbEntity
  8
爆区方格网
 62
4
100
AcDbPolyline
 90
6
 70
1
 10
470093.3037450247
 20
4349768.705089463
 10
470093.3037450247
 20
4349767.705089463
 10
470092.3037450247
 20
4349767.705089463
 10
470092.3037450247
 20
4349768.349784384
 10
470092.4836583365
 20
4349768.705089463
 10
470093.3037450247
 20
4349768.705089463
  0
TEXT
  5
250
330
17
100
AcDbEntity
  8
0
 62
4
100
AcDbText
 10
470092.64374502475
 20
4349767.957436923
 30
0.0
 40
0.1333
  1
0.69
  7
CN_TTF
 11
470092.64374502475
 21
4349767.957436923
 31
0.0
100
AcDbText
  0
LWPOLYLINE
  5
251
330
17
100
AcDbEntity
  8
爆区方格网
 62
4
100
AcDbPolyline
 90
5
 70
1
 10
470093.3037450247
 20
4349769.705089463
 10
470093.3037450247
 20
4349768.705089463
 10
470092.4836583365
 20
4349768.705089463
 10
470092.9900212408
 20
4349769.705089463
 10
470093.3037450247
 20
4349769.705089463
  0
TEXT
  5
252
330
17
100
AcDbEntity
  8
0
 62
4
100
AcDbText
 10
470092.8602924067
 20
4349769.135089463
 30
0.0
 40
0.1333
  1
0.69
  7
CN_TTF
 11
470092.8602924067
 21
4349769.135089463
 31
0.0
100
AcDbText
  0
LWPOLYLINE
  5
253
330
17
100
AcDbEntity
  8
爆区方格网
 62
4
100
AcDbPolyline
 90
5
 70
1
 10
470094.3037450247
 20
4349757.705089463
 10
470094.3037450247
 20
4349756.705089463
 10
470093.581482182
 20
4349756.705089463
 10
470093.325298057
 20
4349757.705089463
 10
470094.3037450247
 20
4349757.705089463
  0
TEXT
  5
254
330
17
100
AcDbEntity
  8
0
 62
4
100
AcDbText
 10
470093.7185675721
 20
4349757.135089463
 30
0.0
 40
0.1333
  1
0.67
  7
CN_TTF
 11
470093.7185675721
 21
4349757.135089463
 31
0.0
100
AcDbText
  0
LWPOLYLINE
  5
255
330
17
100
AcDbEntity
  8
爆区方格网
 62
4
100
AcDbPolyline
 90
6
 70
1
 10
470093.3037450247
 20
4349758.705089463
 10
470094.3037450247
 20
4349758.705089463
 10
470094.3037450247
 20
4349757.705089463
 10
470093.325298057
 20
4349757.705089463
 10
470093.3037450247
 20
4349757.789220485
 10
470093.3037450247
 20
4349758.705089463
  0
TEXT
  5
256
330
17
100
AcDbEntity
  8
0
 62
4
100
AcDbText
 10
470093.64374502475
 20
4349758.177154973
 30
0.0
 40
0.1333
  1
0.67
  7
CN_TTF
 11
470093.64374502475
 21
4349758.177154973
 31
0.0
100
AcDbText
  0
LWPOLYLINE
  5
257
330
17
100
AcDbEntity
  8
爆区方格网
 62
4
100
AcDbPolyline
 90
5
 70
1
 10
470093.3037450247
 20
4349758.705089463
 10
470093.3037450247
 20
4349759.705089463
 10
470094.3037450247
 20
4349759.705089463
 10
470094.3037450247
 20
4349758.705089463
 10
470093.3037450247
 20
4349758.705089463
  0
TEXT
  5
258
330
17
100
AcDbEntity
  8
0
 62
4
100
AcDbText
 10
470093.64374502475
 20
4349759.135089463
 30
0.0
 40
0.1333
  1
0.67
  7
CN_TTF
 11
470093.64374502475
 21
4349759.135089463
 31
0.0
100
AcDbText
  0
LWPOLYLINE
  5
259
330
17
100
AcDbEntity
  8
爆区方格网
 62
4
100
AcDbPolyline
 90
5
 70
1
 10
470093.3037450247
 20
4349759.705089463
 10
470093.3037450247
 20
4349760.705089463
 10
470094.3037450247
 20
4349760.705089463
 10
470094.3037450247
 20
4349759.705089463
 10
470093.3037450247
 20
4349759.705089463
  0
TEXT
  5
25A
330
17
100
AcDbEntity
  8
0
 62
4
100
AcDbText
 10
470093.64374502475
 20
4349760.135089463
 30
0.0
 40
0.1333
  1
0.67
  7
CN_TTF
 11
470093.64374502475
 21
4349760.135089463
 31
0.0
100
AcDbText
  0
LWPOLYLINE
  5
25B
330
17
100
AcDbEntity
  8
爆区方格网
 62
4
100
AcDbPolyline
 90
5
 70
1
 10
470093.3037450247
 20
4349760.705089463
 10
470093.3037450247
 20
4349761.705089463
 10
470094.3037450247
 20
4349761.705089463
 10
470094.3037450247
 20
4349760.705089463
 10
470093.3037450247
 20
4349760.705089463
  0
TEXT
  5
25C
330
17
100
AcDbEntity
  8
0
 62
4
100
AcDbText
 10
470093.64374502475
 20
4349761.135089463
 30
0.0
 40
0.1333
  1
0.67
  7
CN_TTF
 11
470093.64374502475
 21
4349761.135089463
 31
0.0
100
AcDbText
  0
LWPOLYLINE
  5
25D
330
17
100
AcDbEntity
  8
爆区方格网
 62
4
100
AcDbPolyline
 90
5
 70
1
 10
470093.3037450247
 20
4349761.705089463
 10
470093.3037450247
 20
4349762.705089463
 10
470094.3037450247
 20
4349762.705089463
 10
470094.3037450247
 20
4349761.705089463
 10
470093.3037450247
 20
4349761.705089463
  0
TEXT
  5
25E
330
17
100
AcDbEntity
  8
0
 62
4
100
AcDbText
 10
470093.64374502475
 20
4349762.135089463
 30
0.0
 40
0.1333
  1
0.67
  7
CN_TTF
 11
470093.64374502475
 21
4349762.135089463
 31
0.0
100
AcDbText
  0
LWPOLYLINE
  5
25F
330
17
100
AcDbEntity
  8
爆区方格网
 62
4
100
AcDbPolyline
 90
5
 70
1
 10
470093.3037450247
 20
4349762.705089463
 10
470093.3037450247
 20
4349763.705089463
 10
470094.3037450247
 20
4349763.705089463
 10
470094.3037450247
 20
4349762.705089463
 10
470093.3037450247
 20
4349762.705089463
  0
TEXT
  5
260
330
17
100
AcDbEntity
  8
0
 62
4
100
AcDbText
 10
470093.64374502475
 20
4349763.135089463
 30
0.0
 40
0.1333
  1
0.67
  7
CN_TTF
 11
470093.64374502475
 21
4349763.135089463
 31
0.0
100
AcDbText
  0
LWPOLYLINE
  5
261
330
17
100
AcDbEntity
  8
爆区方格网
 62
4
100
AcDbPolyline
 90
5
 70
1
 10
470093.3037450247
 20
4349763.705089463
 10
470093.3037450247
 20
4349764.705089463
 10
470094.3037450247
 20
4349764.705089463
 10
470094.3037450247
 20
4349763.705089463
 10
470093.3037450247
 20
4349763.705089463
  0
TEXT
  5
262
330
17
100
AcDbEntity
  8
0
 62
4
100
AcDbText
 10
470093.64374502475
 20
4349764.135089463
 30
0.0
 40
0.1333
  1
0.69
  7
CN_TTF
 11
470093.64374502475
 21
4349764.135089463
 31
0.0
100
AcDbText
  0
LWPOLYLINE
  5
263
330
17
100
AcDbEntity
  8
爆区方格网
 62
4
100
AcDbPolyline
 90
5
 70
1
 10
470093.3037450247
 20
4349764.705089463
 10
470093.3037450247
 20
4349765.705089463
 10
470094.3037450247
 20
4349765.705089463
 10
470094.3037450247
 20
4349764.705089463
 10
470093.3037450247
 20
4349764.705089463
  0
TEXT
  5
264
330
17
100
AcDbEntity
  8
0
 62
4
100
AcDbText
 10
470093.64374502475
 20
4349765.135089463
 30
0.0
 40
0.1333
  1
0.69
  7
CN_TTF
 11
470093.64374502475
 21
4349765.135089463
 31
0.0
100
AcDbText
  0
LWPOLYLINE
  5
265
330
17
100
AcDbEntity
  8
爆区方格网
 62
4
100
AcDbPolyline
 90
5
 70
1
 10
470093.3037450247
 20
4349765.705089463
 10
470093.3037450247
 20
4349766.705089463
 10
470094.3037450247
 20
4349766.705089463
 10
470094.3037450247
 20
4349765.705089463
 10
470093.3037450247
 20
4349765.705089463
  0
TEXT
  5
266
330
17
100
AcDbEntity
  8
0
 62
4
100
AcDbText
 10
470093.64374502475
 20
4349766.135089463
 30
0.0
 40
0.1333
  1
0.69
  7
CN_TTF
 11
470093.64374502475
 21
4349766.135089463
 31
0.0
100
AcDbText
  0
LWPOLYLINE
  5
267
330
17
100
AcDbEntity
  8
爆区方格网
 62
4
100
AcDbPolyline
 90
5
 70
1
 10
470093.3037450247
 20
4349766.705089463
 10
470093.3037450247
 20
4349767.705089463
 10
470094.3037450247
 20
4349767.705089463
 10
470094.3037450247
 20
4349766.705089463
 10
470093.3037450247
 20
4349766.705089463
  0
TEXT
  5
268
330
17
100
AcDbEntity
  8
0
 62
4
100
AcDbText
 10
470093.64374502475
 20
4349767.135089463
 30
0.0
 40
0.1333
  1
0.69
  7
CN_TTF
 11
470093.64374502475
 21
4349767.135089463
 31
0.0
100
AcDbText
  0
LWPOLYLINE
  5
269
330
17
100
AcDbEntity
  8
爆区方格网
 62
4
100
AcDbPolyline
 90
5
 70
1
 10
470093.3037450247
 20
4349767.705089463
 10
470093.3037450247
 20
4349768.705089463
 10
470094.3037450247
 20
4349768.705089463
 10
470094.3037450247
 20
4349767.705089463
 10
470093.3037450247
 20
4349767.705089463
  0
TEXT
  5
26A
330
17
100
AcDbEntity
  8
0
 62
4
100
AcDbText
 10
470093.64374502475
 20
4349768.135089463
 30
0.0
 40
0.1333
  1
0.69
  7
CN_TTF
 11
470093.64374502475
 21
4349768.135089463
 31
0.0
100
AcDbText
  0
LWPOLYLINE
  5
26B
330
17
100
AcDbEntity
  8
爆区方格网
 62
4
100
AcDbPolyline
 90
5
 70
1
 10
470093.3037450247
 20
4349768.705089463
 10
470093.3037450247
 20
4349769.705089463
 10
470094.3037450247
 20
4349769.705089463
 10
470094.3037450247
 20
4349768.705089463
 10
470093.3037450247
 20
4349768.705089463
  0
TEXT
  5
26C
330
17
100
AcDbEntity
  8
0
 62
4
100
AcDbText
 10
470093.64374502475
 20
4349769.135089463
 30
0.0
 40
0.1333
  1
0.69
  7
CN_TTF
 11
470093.64374502475
 21
4349769.135089463
 31
0.0
100
AcDbText
  0
LWPOLYLINE
  5
26D
330
17
100
AcDbEntity
  8
爆区方格网
 62
4
100
AcDbPolyline
 90
6
 70
1
 10
470094.3037450247
 20
4349769.705089463
 10
470093.3037450247
 20
4349769.705089463
 10
470093.3037450247
 20
4349770.324652589
 10
470093.3862825702
 20
4349770.4876533635
 10
470094.3037450247
 20
4349770.020605355
 10
470094.3037450247
 20
4349769.705089463
  0
TEXT
  5
26E
330
17
100
AcDbEntity
  8
0
 62
4
100
AcDbText
 10
470093.49442851095
 20
4349770.102628971
 30
0.0
 40
0.1333
  1
0.69
  7
CN_TTF
 11
470093.49442851095
 21
4349770.102628971
 31
0.0
100
AcDbText
  0
LWPOLYLINE
  5
26F
330
17
100
AcDbEntity
  8
爆区方格网
 62
4
100
AcDbPolyline
 90
5
 70
1
 10
470094.3037450247
 20
4349771.705089463
 10
470094.3037450247
 20
4349770.936415374
 10
470093.4995286147
 20
4349770.711299376
 10
470094.0027470495
 20
4349771.705089463
 10
470094.3037450247
 20
4349771.705089463
  0
TEXT
  5
270
330
17
100
AcDbEntity
  8
0
 62
4
100
AcDbText
 10
470093.89593902614
 20
4349771.250752418
 30
0.0
 40
0.1333
  1
0.69
  7
CN_TTF
 11
470093.89593902614
 21
4349771.250752418
 31
0.0
100
AcDbText
  0
LWPOLYLINE
  5
271
330
17
100
AcDbEntity
  8
爆区方格网
 62
4
100
AcDbPolyline
 90
6
 70
1
 10
470094.3037450247
 20
4349756.705089463
 10
470094.3037450247
 20
4349757.705089463
 10
470095.3037450247
 20
4349757.705089463
 10
470095.3037450247
 20
4349756.819577932
 10
470094.85691824526
 20
4349756.705089463
 10
470094.3037450247
 20
4349756.705089463
  0
TEXT
  5
272
330
17
100
AcDbEntity
  8
0
 62
4
100
AcDbText
 10
470094.64374502475
 20
4349757.192333697
 30
0.0
 40
0.1333
  1
0.67
  7
CN_TTF
 11
470094.64374502475
 21
4349757.192333697
 31
0.0
100
AcDbText
  0
LWPOLYLINE
  5
273
330
17
100
AcDbEntity
  8
爆区方格网
 62
4
100
AcDbPolyline
 90
5
 70
1
 10
470094.3037450247
 20
4349757.705089463
 10
470094.3037450247
 20
4349758.705089463
 10
470095.3037450247
 20
4349758.705089463
 10
470095.3037450247
 20
4349757.705089463
 10
470094.3037450247
 20
4349757.705089463
  0
TEXT
  5
274
330
17
100
AcDbEntity
  8
0
 62
4
100
AcDbText
 10
470094.64374502475
 20
4349758.135089463
 30
0.0
 40
0.1333
  1
0.67
  7
CN_TTF
 11
470094.64374502475
 21
4349758.135089463
 31
0.0
100
AcDbText
  0
LWPOLYLINE
  5
275
330
17
100
AcDbEntity
  8
爆区方格网
 62
4
100
AcDbPolyline
 90
5
 70
1
 10
470094.3037450247
 20
4349758.705089463
 10
470094.3037450247
 20
4349759.705089463
 10
470095.3037450247
 20
4349759.705089463
 10
470095.3037450247
 20
4349758.705089463
 10
470094.3037450247
 20
4349758.705089463
  0
TEXT
  5
276
330
17
100
AcDbEntity
  8
0
 62
4
100
AcDbText
 10
470094.64374502475
 20
4349759.135089463
 30
0.0
 40
0.1333
  1
0.67
  7
CN_TTF
 11
470094.64374502475
 21
4349759.135089463
 31
0.0
100
AcDbText
  0
LWPOLYLINE
  5
277
330
17
100
AcDbEntity
  8
爆区方格网
 62
4
100
AcDbPolyline
 90
5
 70
1
 10
470094.3037450247
 20
4349759.705089463
 10
470094.3037450247
 20
4349760.705089463
 10
470095.3037450247
 20
4349760.705089463
 10
470095.3037450247
 20
4349759.705089463
 10
470094.3037450247
 20
4349759.705089463
  0
TEXT
  5
278
330
17
100
AcDbEntity
  8
0
 62
4
100
AcDbText
 10
470094.64374502475
 20
4349760.135089463
 30
0.0
 40
0.1333
  1
0.67
  7
CN_TTF
 11
470094.64374502475
 21
4349760.135089463
 31
0.0
100
AcDbText
  0
LWPOLYLINE
  5
279
330
17
100
AcDbEntity
  8
爆区方格网
 62
4
100
AcDbPolyline
 90
5
 70
1
 10
470094.3037450247
 20
4349760.705089463
 10
470094.3037450247
 20
4349761.705089463
 10
470095.3037450247
 20
4349761.705089463
 10
470095.3037450247
 20
4349760.705089463
 10
470094.3037450247
 20
4349760.705089463
  0
TEXT
  5
27A
330
17
100
AcDbEntity
  8
0
 62
4
100
AcDbText
 10
470094.64374502475
 20
4349761.135089463
 30
0.0
 40
0.1333
  1
0.67
  7
CN_TTF
 11
470094.64374502475
 21
4349761.135089463
 31
0.0
100
AcDbText
  0
LWPOLYLINE
  5
27B
330
17
100
AcDbEntity
  8
爆区方格网
 62
4
100
AcDbPolyline
 90
5
 70
1
 10
470094.3037450247
 20
4349761.705089463
 10
470094.3037450247
 20
4349762.705089463
 10
470095.3037450247
 20
4349762.705089463
 10
470095.3037450247
 20
4349761.705089463
 10
470094.3037450247
 20
4349761.705089463
  0
TEXT
  5
27C
330
17
100
AcDbEntity
  8
0
 62
4
100
AcDbText
 10
470094.64374502475
 20
4349762.135089463
 30
0.0
 40
0.1333
  1
0.67
  7
CN_TTF
 11
470094.64374502475
 21
4349762.135089463
 31
0.0
100
AcDbText
  0
LWPOLYLINE
  5
27D
330
17
100
AcDbEntity
  8
爆区方格网
 62
4
100
AcDbPolyline
 90
5
 70
1
 10
470094.3037450247
 20
4349762.705089463
 10
470094.3037450247
 20
4349763.705089463
 10
470095.3037450247
 20
4349763.705089463
 10
470095.3037450247
 20
4349762.705089463
 10
470094.3037450247
 20
4349762.705089463
  0
TEXT
  5
27E
330
17
100
AcDbEntity
  8
0
 62
4
100
AcDbText
 10
470094.64374502475
 20
4349763.135089463
 30
0.0
 40
0.1333
  1
0.67
  7
CN_TTF
 11
470094.64374502475
 21
4349763.135089463
 31
0.0
100
AcDbText
  0
LWPOLYLINE
  5
27F
330
17
100
AcDbEntity
  8
爆区方格网
 62
4
100
AcDbPolyline
 90
5
 70
1
 10
470094.3037450247
 20
4349763.705089463
 10
470094.3037450247
 20
4349764.705089463
 10
470095.3037450247
 20
4349764.705089463
 10
470095.3037450247
 20
4349763.705089463
 10
470094.3037450247
 20
4349763.705089463
  0
TEXT
  5
280
330
17
100
AcDbEntity
  8
0
 62
4
100
AcDbText
 10
470094.64374502475
 20
4349764.135089463
 30
0.0
 40
0.1333
  1
0.69
  7
CN_TTF
 11
470094.64374502475
 21
4349764.135089463
 31
0.0
100
AcDbText
  0
LWPOLYLINE
  5
281
330
17
100
AcDbEntity
  8
爆区方格网
 62
4
100
AcDbPolyline
 90
5
 70
1
 10
470094.3037450247
 20
4349764.705089463
 10
470094.3037450247
 20
4349765.705089463
 10
470095.3037450247
 20
4349765.705089463
 10
470095.3037450247
 20
4349764.705089463
 10
470094.3037450247
 20
4349764.705089463
  0
TEXT
  5
282
330
17
100
AcDbEntity
  8
0
 62
4
100
AcDbText
 10
470094.64374502475
 20
4349765.135089463
 30
0.0
 40
0.1333
  1
0.69
  7
CN_TTF
 11
470094.64374502475
 21
4349765.135089463
 31
0.0
100
AcDbText
  0
LWPOLYLINE
  5
283
330
17
100
AcDbEntity
  8
爆区方格网
 62
4
100
AcDbPolyline
 90
5
 70
1
 10
470094.3037450247
 20
4349765.705089463
 10
470094.3037450247
 20
4349766.705089463
 10
470095.3037450247
 20
4349766.705089463
 10
470095.3037450247
 20
4349765.705089463
 10
470094.3037450247
 20
4349765.705089463
  0
TEXT
  5
284
330
17
100
AcDbEntity
  8
0
 62
4
100
AcDbText
 10
470094.64374502475
 20
4349766.135089463
 30
0.0
 40
0.1333
  1
0.69
  7
CN_TTF
 11
470094.64374502475
 21
4349766.135089463
 31
0.0
100
AcDbText
  0
LWPOLYLINE
  5
285
330
17
100
AcDbEntity
  8
爆区方格网
 62
4
100
AcDbPolyline
 90
5
 70
1
 10
470094.3037450247
 20
4349766.705089463
 10
470094.3037450247
 20
4349767.705089463
 10
470095.3037450247
 20
4349767.705089463
 10
470095.3037450247
 20
4349766.705089463
 10
470094.3037450247
 20
4349766.705089463
  0
TEXT
  5
286
330
17
100
AcDbEntity
  8
0
 62
4
100
AcDbText
 10
470094.64374502475
 20
4349767.135089463
 30
0.0
 40
0.1333
  1
0.69
  7
CN_TTF
 11
470094.64374502475
 21
4349767.135089463
 31
0.0
100
AcDbText
  0
LWPOLYLINE
  5
287
330
17
100
AcDbEntity
  8
爆区方格网
 62
4
100
AcDbPolyline
 90
5
 70
1
 10
470094.3037450247
 20
4349767.705089463
 10
470094.3037450247
 20
4349768.705089463
 10
470095.3037450247
 20
4349768.705089463
 10
470095.3037450247
 20
4349767.705089463
 10
470094.3037450247
 20
4349767.705089463
  0
TEXT
  5
288
330
17
100
AcDbEntity
  8
0
 62
4
100
AcDbText
 10
470094.64374502475
 20
4349768.135089463
 30
0.0
 40
0.1333
  1
0.69
  7
CN_TTF
 11
470094.64374502475
 21
4349768.135089463
 31
0.0
100
AcDbText
  0
LWPOLYLINE
  5
289
330
17
100
AcDbEntity
  8
爆区方格网
 62
4
100
AcDbPolyline
 90
6
 70
1
 10
470095.3037450247
 20
4349768.705089463
 10
470094.3037450247
 20
4349768.705089463
 10
470094.3037450247
 20
4349769.705089463
 10
470094.9235399468
 20
4349769.705089463
 10
470095.3037450247
 20
4349769.511540371
 10
470095.3037450247
 20
4349768.705089463
  0
TEXT
  5
28A
330
17
100
AcDbEntity
  8
0
 62
4
100
AcDbText
 10
470094.64374502475
 20
4349769.038314916
 30
0.0
 40
0.1333
  1
0.69
  7
CN_TTF
 11
470094.64374502475
 21
4349769.038314916
 31
0.0
100
AcDbText
  0
LWPOLYLINE
  5
28B
330
17
100
AcDbEntity
  8
爆区方格网
 62
4
100
AcDbPolyline
 90
5
 70
1
 10
470094.3037450247
 20
4349771.705089463
 10
470095.3037450247
 20
4349771.705089463
 10
470095.3037450247
 20
4349771.216335053
 10
470094.3037450247
 20
4349770.936415374
 10
470094.3037450247
 20
4349771.705089463
  0
TEXT
  5
28C
330
17
100
AcDbEntity
  8
0
 62
4
100
AcDbText
 10
470094.64374502475
 20
4349771.3907122575
 30
0.0
 40
0.1333
  1
0.69
  7
CN_TTF
 11
470094.64374502475
 21
4349771.3907122575
 31
0.0
100
AcDbText
  0
LWPOLYLINE
  5
28D
330
17
100
AcDbEntity
  8
爆区方格网
 62
4
100
AcDbPolyline
 90
7
 70
1
 10
470095.3037450247
 20
4349771.705089463
 10
470094.3037450247
 20
4349771.705089463
 10
470094.3037450247
 20
4349772.299520794
 10
470094.50910995377
 20
4349772.705089463
 10
470094.8655805248
 20
4349772.705089463
 10
470095.3037450247
 20
4349772.476888732
 10
470095.3037450247
 20
4349771.705089463
  0
TEXT
  5
28E
330
17
100
AcDbEntity
  8
0
 62
4
100
AcDbText
 10
470094.64374502475
 20
4349771.932305128
 30
0.0
 40
0.1333
  1
0.69
  7
CN_TTF
 11
470094.64374502475
 21
4349771.932305128
 31
0.0
100
AcDbText
  0
LWPOLYLINE
  5
28F
330
17
100
AcDbEntity
  8
爆区方格网
 62
4
100
AcDbPolyline
 90
5
 70
1
 10
470095.3037450247
 20
4349757.705089463
 10
470096.3037450247
 20
4349757.705089463
 10
470096.3037450247
 20
4349757.075803556
 10
470095.3037450247
 20
4349756.819577932
 10
470095.3037450247
 20
4349757.705089463
  0
TEXT
  5
290
330
17
100
AcDbEntity
  8
0
 62
4
100
AcDbText
 10
470095.64374502475
 20
4349757.320446509
 30
0.0
 40
0.1333
  1
0.67
  7
CN_TTF
 11
470095.64374502475
 21
4349757.320446509
 31
0.0
100
AcDbText
  0
LWPOLYLINE
  5
291
330
17
100
AcDbEntity
  8
爆区方格网
 62
4
100
AcDbPolyline
 90
5
 70
1
 10
470095.3037450247
 20
4349757.705089463
 10
470095.3037450247
 20
4349758.705089463
 10
470096.3037450247
 20
4349758.705089463
 10
470096.3037450247
 20
4349757.705089463
 10
470095.3037450247
 20
4349757.705089463
  0
TEXT
  5
292
330
17
100
AcDbEntity
  8
0
 62
4
100
AcDbText
 10
470095.64374502475
 20
4349758.135089463
 30
0.0
 40
0.1333
  1
0.67
  7
CN_TTF
 11
470095.64374502475
 21
4349758.135089463
 31
0.0
100
AcDbText
  0
LWPOLYLINE
  5
293
330
17
100
AcDbEntity
  8
爆区方格网
 62
4
100
AcDbPolyline
 90
5
 70
1
 10
470095.3037450247
 20
4349758.705089463
 10
470095.3037450247
 20
4349759.705089463
 10
470096.3037450247
 20
4349759.705089463
 10
470096.3037450247
 20
4349758.705089463
 10
470095.3037450247
 20
4349758.705089463
  0
TEXT
  5
294
330
17
100
AcDbEntity
  8
0
 62
4
100
AcDbText
 10
470095.64374502475
 20
4349759.135089463
 30
0.0
 40
0.1333
  1
0.67
  7
CN_TTF
 11
470095.64374502475
 21
4349759.135089463
 31
0.0
100
AcDbText
  0
LWPOLYLINE
  5
295
330
17
100
AcDbEntity
  8
爆区方格网
 62
4
100
AcDbPolyline
 90
5
 70
1
 10
470095.3037450247
 20
4349759.705089463
 10
470095.3037450247
 20
4349760.705089463
 10
470096.3037450247
 20
4349760.705089463
 10
470096.3037450247
 20
4349759.705089463
 10
470095.3037450247
 20
4349759.705089463
  0
TEXT
  5
296
330
17
100
AcDbEntity
  8
0
 62
4
100
AcDbText
 10
470095.64374502475
 20
4349760.135089463
 30
0.0
 40
0.1333
  1
0.67
  7
CN_TTF
 11
470095.64374502475
 21
4349760.135089463
 31
0.0
100
AcDbText
  0
LWPOLYLINE
  5
297
330
17
100
AcDbEntity
  8
爆区方格网
 62
4
100
AcDbPolyline
 90
5
 70
1
 10
470095.3037450247
 20
4349760.705089463
 10
470095.3037450247
 20
4349761.705089463
 10
470096.3037450247
 20
4349761.705089463
 10
470096.3037450247
 20
4349760.705089463
 10
470095.3037450247
 20
4349760.705089463
  0
TEXT
  5
298
330
17
100
AcDbEntity
  8
0
 62
4
100
AcDbText
 10
470095.64374502475
 20
4349761.135089463
 30
0.0
 40
0.1333
  1
0.67
  7
CN_TTF
 11
470095.64374502475
 21
4349761.135089463
 31
0.0
100
AcDbText
  0
LWPOLYLINE
  5
299
330
17
100
AcDbEntity
  8
爆区方格网
 62
4
100
AcDbPolyline
 90
5
 70
1
 10
470095.3037450247
 20
4349761.705089463
 10
470095.3037450247
 20
4349762.705089463
 10
470096.3037450247
 20
4349762.705089463
 10
470096.3037450247
 20
4349761.705089463
 10
470095.3037450247
 20
4349761.705089463
  0
TEXT
  5
29A
330
17
100
AcDbEntity
  8
0
 62
4
100
AcDbText
 10
470095.64374502475
 20
4349762.135089463
 30
0.0
 40
0.1333
  1
0.67
  7
CN_TTF
 11
470095.64374502475
 21
4349762.135089463
 31
0.0
100
AcDbText
  0
LWPOLYLINE
  5
29B
330
17
100
AcDbEntity
  8
爆区方格网
 62
4
100
AcDbPolyline
 90
5
 70
1
 10
470095.3037450247
 20
4349762.705089463
 10
470095.3037450247
 20
4349763.705089463
 10
470096.3037450247
 20
4349763.705089463
 10
470096.3037450247
 20
4349762.705089463
 10
470095.3037450247
 20
4349762.705089463
  0
TEXT
  5
29C
330
17
100
AcDbEntity
  8
0
 62
4
100
AcDbText
 10
470095.64374502475
 20
4349763.135089463
 30
0.0
 40
0.1333
  1
0.67
  7
CN_TTF
 11
470095.64374502475
 21
4349763.135089463
 31
0.0
100
AcDbText
  0
LWPOLYLINE
  5
29D
330
17
100
AcDbEntity
  8
爆区方格网
 62
4
100
AcDbPolyline
 90
5
 70
1
 10
470095.3037450247
 20
4349763.705089463
 10
470095.3037450247
 20
4349764.705089463
 10
470096.3037450247
 20
4349764.705089463
 10
470096.3037450247
 20
4349763.705089463
 10
470095.3037450247
 20
4349763.705089463
  0
TEXT
  5
29E
330
17
100
AcDbEntity
  8
0
 62
4
100
AcDbText
 10
470095.64374502475
 20
4349764.135089463
 30
0.0
 40
0.1333
  1
0.69
  7
CN_TTF
 11
470095.64374502475
 21
4349764.135089463
 31
0.0
100
AcDbText
  0
LWPOLYLINE
  5
29F
330
17
100
AcDbEntity
  8
爆区方格网
 62
4
100
AcDbPolyline
 90
5
 70
1
 10
470095.3037450247
 20
4349764.705089463
 10
470095.3037450247
 20
4349765.705089463
 10
470096.3037450247
 20
4349765.705089463
 10
470096.3037450247
 20
4349764.705089463
 10
470095.3037450247
 20
4349764.705089463
  0
TEXT
  5
2A0
330
17
100
AcDbEntity
  8
0
 62
4
100
AcDbText
 10
470095.64374502475
 20
4349765.135089463
 30
0.0
 40
0.1333
  1
0.69
  7
CN_TTF
 11
470095.64374502475
 21
4349765.135089463
 31
0.0
100
AcDbText
  0
LWPOLYLINE
  5
2A1
330
17
100
AcDbEntity
  8
爆区方格网
 62
4
100
AcDbPolyline
 90
5
 70
1
 10
470095.3037450247
 20
4349765.705089463
 10
470095.3037450247
 20
4349766.705089463
 10
470096.3037450247
 20
4349766.705089463
 10
470096.3037450247
 20
4349765.705089463
 10
470095.3037450247
 20
4349765.705089463
  0
TEXT
  5
2A2
330
17
100
AcDbEntity
  8
0
 62
4
100
AcDbText
 10
470095.64374502475
 20
4349766.135089463
 30
0.0
 40
0.1333
  1
0.69
  7
CN_TTF
 11
470095.64374502475
 21
4349766.135089463
 31
0.0
100
AcDbText
  0
LWPOLYLINE
  5
2A3
330
17
100
AcDbEntity
  8
爆区方格网
 62
4
100
AcDbPolyline
 90
5
 70
1
 10
470095.3037450247
 20
4349766.705089463
 10
470095.3037450247
 20
4349767.705089463
 10
470096.3037450247
 20
4349767.705089463
 10
470096.3037450247
 20
4349766.705089463
 10
470095.3037450247
 20
4349766.705089463
  0
TEXT
  5
2A4
330
17
100
AcDbEntity
  8
0
 62
4
100
AcDbText
 10
470095.64374502475
 20
4349767.135089463
 30
0.0
 40
0.1333
  1
0.69
  7
CN_TTF
 11
470095.64374502475
 21
4349767.135089463
 31
0.0
100
AcDbText
  0
LWPOLYLINE
  5
2A5
330
17
100
AcDbEntity
  8
爆区方格网
 62
4
100
AcDbPolyline
 90
5
 70
1
 10
470095.3037450247
 20
4349767.705089463
 10
470095.3037450247
 20
4349768.705089463
 10
470096.3037450247
 20
4349768.705089463
 10
470096.3037450247
 20
4349767.705089463
 10
470095.3037450247
 20
4349767.705089463
  0
TEXT
  5
2A6
330
17
100
AcDbEntity
  8
0
 62
4
100
AcDbText
 10
470095.64374502475
 20
4349768.135089463
 30
0.0
 40
0.1333
  1
0.69
  7
CN_TTF
 11
470095.64374502475
 21
4349768.135089463
 31
0.0
100
AcDbText
  0
LWPOLYLINE
  5
2A7
330
17
100
AcDbEntity
  8
爆区方格网
 62
4
100
AcDbPolyline
 90
7
 70
1
 10
470096.3037450247
 20
4349768.705089463
 10
470095.3037450247
 20
4349768.705089463
 10
470095.3037450247
 20
4349769.511540371
 10
470095.59750000003
 20
4349769.362
 10
470095.5625
 20
4349769.284
 10
470096.3037450247
 20
4349769.116586832
 10
470096.3037450247
 20
4349768.705089463
  0
TEXT
  5
2A8
330
17
100
AcDbEntity
  8
0
 62
4
100
AcDbText
 10
470095.64374502475
 20
4349768.840838147
 30
0.0
 40
0.1333
  1
0.69
  7
CN_TTF
 11
470095.64374502475
 21
4349768.840838147
 31
0.0
100
AcDbText
  0
LWPOLYLINE
  5
2A9
330
17
100
AcDbEntity
  8
爆区方格网
 62
4
100
AcDbPolyline
 90
5
 70
1
 10
470096.3037450247
 20
4349771.705089463
 10
470095.3037450247
 20
4349771.705089463
 10
470095.3037450247
 20
4349772.476888732
 10
470096.3037450247
 20
4349771.956078097
 10
470096.3037450247
 20
4349771.705089463
  0
TEXT
  5
2AA
330
17
100
AcDbEntity
  8
0
 62
4
100
AcDbText
 10
470095.3937450252
 20
4349772.146483414
 30
0.0
 40
0.1333
  1
0.69
  7
CN_TTF
 11
470095.3937450252
 21
4349772.146483414
 31
0.0
100
AcDbText
  0
LWPOLYLINE
  5
2AB
330
17
100
AcDbEntity
  8
爆区方格网
 62
4
100
AcDbPolyline
 90
5
 70
1
 10
470096.3037450247
 20
4349757.705089463
 10
470097.3037450247
 20
4349757.705089463
 10
470097.3037450247
 20
4349757.332029178
 10
470096.3037450247
 20
4349757.075803556
 10
470096.3037450247
 20
4349757.705089463
  0
TEXT
  5
2AC
330
17
100
AcDbEntity
  8
0
 62
4
100
AcDbText
 10
470096.64374502475
 20
4349757.44855932
 30
0.0
 40
0.1333
  1
0.67
  7
CN_TTF
 11
470096.64374502475
 21
4349757.44855932
 31
0.0
100
AcDbText
  0
LWPOLYLINE
  5
2AD
330
17
100
AcDbEntity
  8
爆区方格网
 62
4
100
AcDbPolyline
 90
5
 70
1
 10
470096.3037450247
 20
4349757.705089463
 10
470096.3037450247
 20
4349758.705089463
 10
470097.3037450247
 20
4349758.705089463
 10
470097.3037450247
 20
4349757.705089463
 10
470096.3037450247
 20
4349757.705089463
  0
TEXT
  5
2AE
330
17
100
AcDbEntity
  8
0
 62
4
100
AcDbText
 10
470096.64374502475
 20
4349758.135089463
 30
0.0
 40
0.1333
  1
0.67
  7
CN_TTF
 11
470096.64374502475
 21
4349758.135089463
 31
0.0
100
AcDbText
  0
LWPOLYLINE
  5
2AF
330
17
100
AcDbEntity
  8
爆区方格网
 62
4
100
AcDbPolyline
 90
5
 70
1
 10
470096.3037450247
 20
4349758.705089463
 10
470096.3037450247
 20
4349759.705089463
 10
470097.3037450247
 20
4349759.705089463
 10
470097.3037450247
 20
4349758.705089463
 10
470096.3037450247
 20
4349758.705089463
  0
TEXT
  5
2B0
330
17
100
AcDbEntity
  8
0
 62
4
100
AcDbText
 10
470096.64374502475
 20
4349759.135089463
 30
0.0
 40
0.1333
  1
0.67
  7
CN_TTF
 11
470096.64374502475
 21
4349759.135089463
 31
0.0
100
AcDbText
  0
LWPOLYLINE
  5
2B1
330
17
100
AcDbEntity
  8
爆区方格网
 62
4
100
AcDbPolyline
 90
5
 70
1
 10
470096.3037450247
 20
4349759.705089463
 10
470096.3037450247
 20
4349760.705089463
 10
470097.3037450247
 20
4349760.705089463
 10
470097.3037450247
 20
4349759.705089463
 10
470096.3037450247
 20
4349759.705089463
  0
TEXT
  5
2B2
330
17
100
AcDbEntity
  8
0
 62
4
100
AcDbText
 10
470096.64374502475
 20
4349760.135089463
 30
0.0
 40
0.1333
  1
0.67
  7
CN_TTF
 11
470096.64374502475
 21
4349760.135089463
 31
0.0
100
AcDbText
  0
LWPOLYLINE
  5
2B3
330
17
100
AcDbEntity
  8
爆区方格网
 62
4
100
AcDbPolyline
 90
5
 70
1
 10
470096.3037450247
 20
4349760.705089463
 10
470096.3037450247
 20
4349761.705089463
 10
470097.3037450247
 20
4349761.705089463
 10
470097.3037450247
 20
4349760.705089463
 10
470096.3037450247
 20
4349760.705089463
  0
TEXT
  5
2B4
330
17
100
AcDbEntity
  8
0
 62
4
100
AcDbText
 10
470096.64374502475
 20
4349761.135089463
 30
0.0
 40
0.1333
  1
0.67
  7
CN_TTF
 11
470096.64374502475
 21
4349761.135089463
 31
0.0
100
AcDbText
  0
LWPOLYLINE
  5
2B5
330
17
100
AcDbEntity
  8
爆区方格网
 62
4
100
AcDbPolyline
 90
7
 70
1
 10
470097.3037450247
 20
4349761.705089463
 10
470096.3037450247
 20
4349761.705089463
 10
470096.3037450247
 20
4349762.705089463
 10
470097.3026307361
 20
4349762.705089463
 10
470097.2175
 20
4349762.582
 10
470097.3037450247
 20
4349762.486706501
 10
470097.3037450247
 20
4349761.705089463
  0
TEXT
  5
2B6
330
17
100
AcDbEntity
  8
0
 62
4
100
AcDbText
 10
470096.64374502475
 20
4349762.025897982
 30
0.0
 40
0.1333
  1
0.67
  7
CN_TTF
 11
470096.64374502475
 21
4349762.025897982
 31
0.0
100
AcDbText
  0
LWPOLYLINE
  5
2B7
330
17
100
AcDbEntity
  8
爆区方格网
 62
4
100
AcDbPolyline
 90
6
 70
1
 10
470096.3037450247
 20
4349762.705089463
 10
470096.3037450247
 20
4349763.705089463
 10
470097.3037450247
 20
4349763.705089463
 10
470097.3037450247
 20
4349762.706700599
 10
470097.3026307361
 20
4349762.705089463
 10
470096.3037450247
 20
4349762.705089463
  0
TEXT
  5
2B8
330
17
100
AcDbEntity
  8
0
 62
4
100
AcDbText
 10
470096.64374502475
 20
4349763.135895031
 30
0.0
 40
0.1333
  1
0.67
  7
CN_TTF
 11
470096.64374502475
 21
4349763.135895031
 31
0.0
100
AcDbText
  0
LWPOLYLINE
  5
2B9
330
17
100
AcDbEntity
  8
爆区方格网
 62
4
100
AcDbPolyline
 90
5
 70
1
 10
470096.3037450247
 20
4349763.705089463
 10
470096.3037450247
 20
4349764.705089463
 10
470097.3037450247
 20
4349764.705089463
 10
470097.3037450247
 20
4349763.705089463
 10
470096.3037450247
 20
4349763.705089463
  0
TEXT
  5
2BA
330
17
100
AcDbEntity
  8
0
 62
4
100
AcDbText
 10
470096.64374502475
 20
4349764.135089463
 30
0.0
 40
0.1333
  1
0.69
  7
CN_TTF
 11
470096.64374502475
 21
4349764.135089463
 31
0.0
100
AcDbText
  0
LWPOLYLINE
  5
2BB
330
17
100
AcDbEntity
  8
爆区方格网
 62
4
100
AcDbPolyline
 90
6
 70
1
 10
470097.3037450247
 20
4349764.705089463
 10
470096.3037450247
 20
4349764.705089463
 10
470096.3037450247
 20
4349765.705089463
 10
470097.1136694853
 20
4349765.705089463
 10
470097.3037450247
 20
4349765.592359457
 10
470097.3037450247
 20
4349764.705089463
  0
TEXT
  5
2BC
330
17
100
AcDbEntity
  8
0
 62
4
100
AcDbText
 10
470096.64374502475
 20
4349765.07872446
 30
0.0
 40
0.1333
  1
0.69
  7
CN_TTF
 11
470096.64374502475
 21
4349765.07872446
 31
0.0
100
AcDbText
  0
LWPOLYLINE
  5
2BD
330
17
100
AcDbEntity
  8
爆区方格网
 62
4
100
AcDbPolyline
 90
5
 70
1
 10
470096.3037450247
 20
4349766.705089463
 10
470096.3037450247
 20
4349767.705089463
 10
470097.08071923803
 20
4349767.705089463
 10
470096.6195115356
 20
4349766.705089463
 10
470096.3037450247
 20
4349766.705089463
  0
TEXT
  5
2BE
330
17
100
AcDbEntity
  8
0
 62
4
100
AcDbText
 10
470096.4169302058
 20
4349767.135089463
 30
0.0
 40
0.1333
  1
0.69
  7
CN_TTF
 11
470096.4169302058
 21
4349767.135089463
 31
0.0
100
AcDbText
  0
LWPOLYLINE
  5
2BF
330
17
100
AcDbEntity
  8
爆区方格网
 62
4
100
AcDbPolyline
 90
6
 70
1
 10
470096.3037450247
 20
4349767.705089463
 10
470096.3037450247
 20
4349768.705089463
 10
470097.3037450247
 20
4349768.705089463
 10
470097.3037450247
 20
4349768.188658548
 10
470097.08071923803
 20
4349767.705089463
 10
470096.3037450247
 20
4349767.705089463
  0
TEXT
  5
2C0
330
17
100
AcDbEntity
  8
0
 62
4
100
AcDbText
 10
470096.64374502475
 20
4349768.376874005
 30
0.0
 40
0.1333
  1
0.69
  7
CN_TTF
 11
470096.64374502475
 21
4349768.376874005
 31
0.0
100
AcDbText
  0
LWPOLYLINE
  5
2C1
330
17
100
AcDbEntity
  8
爆区方格网
 62
4
100
AcDbPolyline
 90
5
 70
1
 10
470097.3037450247
 20
4349757.705089463
 10
470097.3037450247
 20
4349758.705089463
 10
470098.3037450247
 20
4349758.705089463
 10
470098.3037450247
 20
4349757.705089463
 10
470097.3037450247
 20
4349757.705089463
  0
TEXT
  5
2C2
330
17
100
AcDbEntity
  8
0
 62
4
100
AcDbText
 10
470097.64374502475
 20
4349758.135089463
 30
0.0
 40
0.1333
  1
0.67
  7
CN_TTF
 11
470097.64374502475
 21
4349758.135089463
 31
0.0
100
AcDbText
  0
LWPOLYLINE
  5
2C3
330
17
100
AcDbEntity
  8
爆区方格网
 62
4
100
AcDbPolyline
 90
5
 70
1
 10
470097.3037450247
 20
4349758.705089463
 10
470097.3037450247
 20
4349759.705089463
 10
470098.3037450247
 20
4349759.705089463
 10
470098.3037450247
 20
4349758.705089463
 10
470097.3037450247
 20
4349758.705089463
  0
TEXT
  5
2C4
330
17
100
AcDbEntity
  8
0
 62
4
100
AcDbText
 10
470097.64374502475
 20
4349759.135089463
 30
0.0
 40
0.1333
  1
0.67
  7
CN_TTF
 11
470097.64374502475
 21
4349759.135089463
 31
0.0
100
AcDbText
  0
LWPOLYLINE
  5
2C5
330
17
100
AcDbEntity
  8
爆区方格网
 62
4
100
AcDbPolyline
 90
5
 70
1
 10
470097.3037450247
 20
4349759.705089463
 10
470097.3037450247
 20
4349760.705089463
 10
470098.3037450247
 20
4349760.705089463
 10
470098.3037450247
 20
4349759.705089463
 10
470097.3037450247
 20
4349759.705089463
  0
TEXT
  5
2C6
330
17
100
AcDbEntity
  8
0
 62
4
100
AcDbText
 10
470097.64374502475
 20
4349760.135089463
 30
0.0
 40
0.1333
  1
0.67
  7
CN_TTF
 11
470097.64374502475
 21
4349760.135089463
 31
0.0
100
AcDbText
  0
LWPOLYLINE
  5
2C7
330
17
100
AcDbEntity
  8
爆区方格网
 62
4
100
AcDbPolyline
 90
6
 70
1
 10
470098.3037450247
 20
4349760.705089463
 10
470097.3037450247
 20
4349760.705089463
 10
470097.3037450247
 20
4349761.705089463
 10
470098.01114459994
 20
4349761.705089463
 10
470098.3037450247
 20
4349761.381790601
 10
470098.3037450247
 20
4349760.705089463
  0
TEXT
  5
2C8
330
17
100
AcDbEntity
  8
0
 62
4
100
AcDbText
 10
470097.64374502475
 20
4349760.9734400315
 30
0.0
 40
0.1333
  1
0.67
  7
CN_TTF
 11
470097.64374502475
 21
4349760.9734400315
 31
0.0
100
AcDbText
  0
LWPOLYLINE
  5
2C9
330
17
100
AcDbEntity
  8
爆区方格网
 62
4
100
AcDbPolyline
 90
6
 70
1
 10
470097.3037450247
 20
4349763.705089463
 10
470097.3037450247
 20
4349764.705089463
 10
470098.3037450247
 20
4349764.705089463
 10
470098.3037450247
 20
4349764.152588045
 10
470097.9942475025
 20
4349763.705089463
 10
470097.3037450247
 20
4349763.705089463
  0
TEXT
  5
2CA
330
17
100
AcDbEntity
  8
0
 62
4
100
AcDbText
 10
470097.64374502475
 20
4349764.358838754
 30
0.0
 40
0.1333
  1
0.69
  7
CN_TTF
 11
470097.64374502475
 21
4349764.358838754
 31
0.0
100
AcDbText
  0
LWPOLYLINE
  5
2CB
330
17
100
AcDbEntity
  8
爆区方格网
 62
4
100
AcDbPolyline
 90
5
 70
1
 10
470098.3037450247
 20
4349764.705089463
 10
470097.3037450247
 20
4349764.705089463
 10
470097.3037450247
 20
4349765.592359457
 10
470098.3037450247
 20
4349764.999279432
 10
470098.3037450247
 20
4349764.705089463
  0
TEXT
  5
2CC
330
17
100
AcDbEntity
  8
0
 62
4
100
AcDbText
 10
470097.39374502475
 20
4349765.225819444
 30
0.0
 40
0.1333
  1
0.69
  7
CN_TTF
 11
470097.39374502475
 21
4349765.225819444
 31
0.0
100
AcDbText
  0
LWPOLYLINE
  5
2CD
330
17
100
AcDbEntity
  8
爆区方格网
 62
4
100
AcDbPolyline
 90
6
 70
1
 10
470098.3037450247
 20
4349757.705089463
 10
470098.3037450247
 20
4349758.705089463
 10
470099.3037450247
 20
4349758.705089463
 10
470099.3037450247
 20
4349757.844480423
 10
470098.75972855
 20
4349757.705089463
 10
470098.3037450247
 20
4349757.705089463
  0
TEXT
  5
2CE
330
17
100
AcDbEntity
  8
0
 62
4
100
AcDbText
 10
470098.64374502475
 20
4349758.204784943
 30
0.0
 40
0.1333
  1
0.67
  7
CN_TTF
 11
470098.64374502475
 21
4349758.204784943
 31
0.0
100
AcDbText
  0
LWPOLYLINE
  5
2CF
330
17
100
AcDbEntity
  8
爆区方格网
 62
4
100
AcDbPolyline
 90
5
 70
1
 10
470098.3037450247
 20
4349758.705089463
 10
470098.3037450247
 20
4349759.705089463
 10
470099.3037450247
 20
4349759.705089463
 10
470099.3037450247
 20
4349758.705089463
 10
470098.3037450247
 20
4349758.705089463
  0
TEXT
  5
2D0
330
17
100
AcDbEntity
  8
0
 62
4
100
AcDbText
 10
470098.64374502475
 20
4349759.135089463
 30
0.0
 40
0.1333
  1
0.67
  7
CN_TTF
 11
470098.64374502475
 21
4349759.135089463
 31
0.0
100
AcDbText
  0
LWPOLYLINE
  5
2D1
330
17
100
AcDbEntity
  8
爆区方格网
 62
4
100
AcDbPolyline
 90
6
 70
1
 10
470099.3037450247
 20
4349759.705089463
 10
470098.3037450247
 20
4349759.705089463
 10
470098.3037450247
 20
4349760.705089463
 10
470098.9161908572
 20
4349760.705089463
 10
470099.3037450247
 20
4349760.2768747015
 10
470099.3037450247
 20
4349759.705089463
  0
TEXT
  5
2D2
330
17
100
AcDbEntity
  8
0
 62
4
100
AcDbText
 10
470098.64374502475
 20
4349759.920982081
 30
0.0
 40
0.1333
  1
0.67
  7
CN_TTF
 11
470098.64374502475
 21
4349759.920982081
 31
0.0
100
AcDbText
  0
LWPOLYLINE
  5
2D3
330
17
100
AcDbEntity
  8
爆区方格网
 62
4
100
AcDbPolyline
 90
5
 70
1
 10
470099.3037450247
 20
4349758.705089463
 10
470100.3037450247
 20
4349758.705089463
 10
470100.3037450247
 20
4349758.1007060455
 10
470099.3037450247
 20
4349757.844480423
 10
470099.3037450247
 20
4349758.705089463
  0
TEXT
  5
2D4
330
17
100
AcDbEntity
  8
0
 62
4
100
AcDbText
 10
470099.64374502475
 20
4349758.332897754
 30
0.0
 40
0.1333
  1
0.67
  7
CN_TTF
 11
470099.64374502475
 21
4349758.332897754
 31
0.0
100
AcDbText
  0
LWPOLYLINE
  5
2D5
330
17
100
AcDbEntity
  8
爆区方格网
 62
4
100
AcDbPolyline
 90
6
 70
1
 10
470100.3037450247
 20
4349758.705089463
 10
470099.3037450247
 20
4349758.705089463
 10
470099.3037450247
 20
4349759.705089463
 10
470099.82123711443
 20
4349759.705089463
 10
470100.3037450247
 20
4349759.171958801
 10
470100.3037450247
 20
4349758.705089463
  0
TEXT
  5
2D6
330
17
100
AcDbEntity
  8
0
 62
4
100
AcDbText
 10
470099.523118047
 20
4349759.368524132
 30
0.0
 40
0.1333
  1
0.67
  7
CN_TTF
 11
470099.523118047
 21
4349759.368524132
 31
0.0
100
AcDbText
  0
LINE
  5
2D7
330
17
100
AcDbEntity
  8
点
 62
138
420
19532
100
AcDbLine
 10
470103.485
 20
4349729.2
 30
0.0
 11
470104.485
 21
4349729.2
 31
0.0
  0
LINE
  5
2D8
330
17
100
AcDbEntity
  8
点
 62
138
420
19532
100
AcDbLine
 10
470103.985
 20
4349728.7
 30
0.0
 11
470103.985
 21
4349729.7
 31
0.0
  0
LINE
  5
2D9
330
17
100
AcDbEntity
  8
钻孔
 62
5
370
35
100
AcDbLine
 10
470103.985
 20
4349729.2
 30
0.0
 11
470102.785
 21
4349729.2
 31
0.0
  0
TEXT
  5
2DA
330
17
100
AcDbEntity
  8
钻孔
 62
138
420
19532
100
AcDbText
 10
470101.70499999996
 20
4349729.600000001
 30
0.0
 40
0.4
  1
BS-3940-1008-P1
  7
CN_TTF
 11
470101.70499999996
 21
4349729.600000001
 31
0.0
100
AcDbText
  0
TEXT
  5
2DB
330
17
100
AcDbEntity
  8
钻孔
 62
5
100
AcDbText
 10
470100.795
 20
4349728.850000001
 30
0.0
 40
0.7
  1
1.11
  7
CN_TTF
 11
470100.795
 21
4349728.850000001
 31
0.0
100
AcDbText
  0
LINE
  5
2DC
330
17
100
AcDbEntity
  8
点
 62
138
420
19532
100
AcDbLine
 10
470105.711
 20
4349731.335
 30
0.0
 11
470106.711
 21
4349731.335
 31
0.0
  0
LINE
  5
2DD
330
17
100
AcDbEntity
  8
点
 62
138
420
19532
100
AcDbLine
 10
470106.211
 20
4349730.835
 30
0.0
 11
470106.211
 21
4349731.835
 31
0.0
  0
LINE
  5
2DE
330
17
100
AcDbEntity
  8
钻孔
 62
5
370
35
100
AcDbLine
 10
470106.211
 20
4349731.335
 30
0.0
 11
470105.011
 21
4349731.335
 31
0.0
  0
TEXT
  5
2DF
330
17
100
AcDbEntity
  8
钻孔
 62
138
420
19532
100
AcDbText
 10
470103.931
 20
4349731.735
 30
0.0
 40
0.4
  1
BS-3940-1008-P2
  7
CN_TTF
 11
470103.931
 21
4349731.735
 31
0.0
100
AcDbText
  0
TEXT
  5
2E0
330
17
100
AcDbEntity
  8
钻孔
 62
5
100
AcDbText
 10
470103.021
 20
4349730.985
 30
0.0
 40
0.7
  1
1.35
  7
CN_TTF
 11
470103.021
 21
4349730.985
 31
0.0
100
AcDbText
  0
LINE
  5
2E1
330
17
100
AcDbEntity
  8
点
 62
138
420
19532
100
AcDbLine
 10
470102.881
 20
4349733.749
 30
0.0
 11
470103.881
 21
4349733.749
 31
0.0
  0
LINE
  5
2E2
330
17
100
AcDbEntity
  8
点
 62
138
420
19532
100
AcDbLine
 10
470103.381
 20
4349733.249
 30
0.0
 11
470103.381
 21
4349734.249
 31
0.0
  0
LINE
  5
2E3
330
17
100
AcDbEntity
  8
钻孔
 62
5
370
35
100
AcDbLine
 10
470103.381
 20
4349733.749
 30
0.0
 11
470102.181
 21
4349733.749
 31
0.0
  0
TEXT
  5
2E4
330
17
100
AcDbEntity
  8
钻孔
 62
138
420
19532
100
AcDbText
 10
470101.10099999997
 20
4349734.149
 30
0.0
 40
0.4
  1
BS-3940-1008-P3
  7
CN_TTF
 11
470101.10099999997
 21
4349734.149
 31
0.0
100
AcDbText
  0
TEXT
  5
2E5
330
17
100
AcDbEntity
  8
钻孔
 62
5
100
AcDbText
 10
470100.191
 20
4349733.399
 30
0.0
 40
0.7
  1
1.32
  7
CN_TTF
 11
470100.191
 21
4349733.399
 31
0.0
100
AcDbText
  0
LINE
  5
2E6
330
17
100
AcDbEntity
  8
点
 62
138
420
19532
100
AcDbLine
 10
470103.756
 20
4349736.512
 30
0.0
 11
470104.756
 21
4349736.512
 31
0.0
  0
LINE
  5
2E7
330
17
100
AcDbEntity
  8
点
 62
138
420
19532
100
AcDbLine
 10
470104.256
 20
4349736.012
 30
0.0
 11
470104.256
 21
4349737.012
 31
0.0
  0
LINE
  5
2E8
330
17
100
AcDbEntity
  8
钻孔
 62
4
370
35
100
AcDbLine
 10
470104.256
 20
4349736.512
 30
0.0
 11
470103.056
 21
4349736.512
 31
0.0
  0
TEXT
  5
2E9
330
17
100
AcDbEntity
  8
钻孔
 62
138
420
19532
100
AcDbText
 10
470101.97599999997
 20
4349736.9120000005
 30
0.0
 40
0.4
  1
BS-3940-1008-P4
  7
CN_TTF
 11
470101.97599999997
 21
4349736.9120000005
 31
0.0
100
AcDbText
  0
TEXT
  5
2EA
330
17
100
AcDbEntity
  8
钻孔
 62
4
100
AcDbText
 10
470101.066
 20
4349736.1620000005
 30
0.0
 40
0.7
  1
0.87
  7
CN_TTF
 11
470101.066
 21
4349736.1620000005
 31
0.0
100
AcDbText
  0
LINE
  5
2EB
330
17
100
AcDbEntity
  8
点
 62
138
420
19532
100
AcDbLine
 10
470100.71
 20
4349739.658
 30
0.0
 11
470101.71
 21
4349739.658
 31
0.0
  0
LINE
  5
2EC
330
17
100
AcDbEntity
  8
点
 62
138
420
19532
100
AcDbLine
 10
470101.21
 20
4349739.158
 30
0.0
 11
470101.21
 21
4349740.158
 31
0.0
  0
LINE
  5
2ED
330
17
100
AcDbEntity
  8
钻孔
 62
5
370
35
100
AcDbLine
 10
470101.21
 20
4349739.658
 30
0.0
 11
470100.01
 21
4349739.658
 31
0.0
  0
TEXT
  5
2EE
330
17
100
AcDbEntity
  8
钻孔
 62
138
420
19532
100
AcDbText
 10
470098.93
 20
4349740.058
 30
0.0
 40
0.4
  1
BS-3940-1008-P5
  7
CN_TTF
 11
470098.93
 21
4349740.058
 31
0.0
100
AcDbText
  0
TEXT
  5
2EF
330
17
100
AcDbEntity
  8
钻孔
 62
5
100
AcDbText
 10
470098.02
 20
4349739.308
 30
0.0
 40
0.7
  1
1.26
  7
CN_TTF
 11
470098.02
 21
4349739.308
 31
0.0
100
AcDbText
  0
LINE
  5
2F0
330
17
100
AcDbEntity
  8
点
 62
138
420
19532
100
AcDbLine
 10
470103.323
 20
4349744.23
 30
0.0
 11
470104.323
 21
4349744.23
 31
0.0
  0
LINE
  5
2F1
330
17
100
AcDbEntity
  8
点
 62
138
420
19532
100
AcDbLine
 10
470103.823
 20
4349743.73
 30
0.0
 11
470103.823
 21
4349744.73
 31
0.0
  0
LINE
  5
2F2
330
17
100
AcDbEntity
  8
钻孔
 62
4
370
35
100
AcDbLine
 10
470103.823
 20
4349744.23
 30
0.0
 11
470102.62299999996
 21
4349744.23
 31
0.0
  0
TEXT
  5
2F3
330
17
100
AcDbEntity
  8
钻孔
 62
138
420
19532
100
AcDbText
 10
470101.54299999995
 20
4349744.630000001
 30
0.0
 40
0.4
  1
BS-3940-1008-P6
  7
CN_TTF
 11
470101.54299999995
 21
4349744.630000001
 31
0.0
100
AcDbText
  0
TEXT
  5
2F4
330
17
100
AcDbEntity
  8
钻孔
 62
4
100
AcDbText
 10
470100.633
 20
4349743.880000001
 30
0.0
 40
0.7
  1
0.71
  7
CN_TTF
 11
470100.633
 21
4349743.880000001
 31
0.0
100
AcDbText
  0
LINE
  5
2F5
330
17
100
AcDbEntity
  8
点
 62
138
420
19532
100
AcDbLine
 10
470098.941
 20
4349746.238
 30
0.0
 11
470099.941
 21
4349746.238
 31
0.0
  0
LINE
  5
2F6
330
17
100
AcDbEntity
  8
点
 62
138
420
19532
100
AcDbLine
 10
470099.441
 20
4349745.738
 30
0.0
 11
470099.441
 21
4349746.738
 31
0.0
  0
LINE
  5
2F7
330
17
100
AcDbEntity
  8
钻孔
 62
5
370
35
100
AcDbLine
 10
470099.441
 20
4349746.238
 30
0.0
 11
470098.241
 21
4349746.238
 31
0.0
  0
TEXT
  5
2F8
330
17
100
AcDbEntity
  8
钻孔
 62
138
420
19532
100
AcDbText
 10
470097.16099999996
 20
4349746.638
 30
0.0
 40
0.4
  1
BS-3940-1008-P7
  7
CN_TTF
 11
470097.16099999996
 21
4349746.638
 31
0.0
100
AcDbText
  0
TEXT
  5
2F9
330
17
100
AcDbEntity
  8
钻孔
 62
5
100
AcDbText
 10
470096.251
 20
4349745.888
 30
0.0
 40
0.7
  1
1.04
  7
CN_TTF
 11
470096.251
 21
4349745.888
 31
0.0
100
AcDbText
  0
LINE
  5
2FA
330
17
100
AcDbEntity
  8
点
 62
138
420
19532
100
AcDbLine
 10
470101.488
 20
4349750.804
 30
0.0
 11
470102.488
 21
4349750.804
 31
0.0
  0
LINE
  5
2FB
330
17
100
AcDbEntity
  8
点
 62
138
420
19532
100
AcDbLine
 10
470101.988
 20
4349750.304
 30
0.0
 11
470101.988
 21
4349751.304
 31
0.0
  0
LINE
  5
2FC
330
17
100
AcDbEntity
  8
钻孔
 62
4
370
35
100
AcDbLine
 10
470101.988
 20
4349750.804
 30
0.0
 11
470100.788
 21
4349750.804
 31
0.0
  0
TEXT
  5
2FD
330
17
100
AcDbEntity
  8
钻孔
 62
138
420
19532
100
AcDbText
 10
470099.708
 20
4349751.204
 30
0.0
 40
0.4
  1
BS-3940-1008-P8
  7
CN_TTF
 11
470099.708
 21
4349751.204
 31
0.0
100
AcDbText
  0
TEXT
  5
2FE
330
17
100
AcDbEntity
  8
钻孔
 62
4
100
AcDbText
 10
470098.798
 20
4349750.454
 30
0.0
 40
0.7
  1
0.51
  7
CN_TTF
 11
470098.798
 21
4349750.454
 31
0.0
100
AcDbText
  0
LINE
  5
2FF
330
17
100
AcDbEntity
  8
点
 62
138
420
19532
100
AcDbLine
 10
470106.034
 20
4349750.135
 30
0.0
 11
470107.034
 21
4349750.135
 31
0.0
  0
LINE
  5
300
330
17
100
AcDbEntity
  8
点
 62
138
420
19532
100
AcDbLine
 10
470106.534
 20
4349749.635
 30
0.0
 11
470106.534
 21
4349750.635
 31
0.0
  0
LINE
  5
301
330
17
100
AcDbEntity
  8
钻孔
 62
4
370
35
100
AcDbLine
 10
470106.534
 20
4349750.135
 30
0.0
 11
470105.334
 21
4349750.135
 31
0.0
  0
TEXT
  5
302
330
17
100
AcDbEntity
  8
钻孔
 62
138
420
19532
100
AcDbText
 10
470104.25399999996
 20
4349750.535
 30
0.0
 40
0.4
  1
BS-3940-1008-P9
  7
CN_TTF
 11
470104.25399999996
 21
4349750.535
 31
0.0
100
AcDbText
  0
TEXT
  5
303
330
17
100
AcDbEntity
  8
钻孔
 62
4
100
AcDbText
 10
470103.344
 20
4349749.785
 30
0.0
 40
0.7
  1
0.82
  7
CN_TTF
 11
470103.344
 21
4349749.785
 31
0.0
100
AcDbText
  0
LINE
  5
304
330
17
100
AcDbEntity
  8
点
 62
138
420
19532
100
AcDbLine
 10
470109.301
 20
4349753.499
 30
0.0
 11
470110.301
 21
4349753.499
 31
0.0
  0
LINE
  5
305
330
17
100
AcDbEntity
  8
点
 62
138
420
19532
100
AcDbLine
 10
470109.801
 20
4349752.999
 30
0.0
 11
470109.801
 21
4349753.999
 31
0.0
  0
LINE
  5
306
330
17
100
AcDbEntity
  8
钻孔
 62
8
370
35
100
AcDbLine
 10
470109.801
 20
4349753.499
 30
0.0
 11
470108.60099999997
 21
4349753.499
 31
0.0
  0
TEXT
  5
307
330
17
100
AcDbEntity
  8
钻孔
 62
138
420
19532
100
AcDbText
 10
470107.52099999995
 20
4349753.899
 30
0.0
 40
0.4
  1
BS-3940-1008-P10
  7
CN_TTF
 11
470107.52099999995
 21
4349753.899
 31
0.0
100
AcDbText
  0
TEXT
  5
308
330
17
100
AcDbEntity
  8
钻孔
 62
8
100
AcDbText
 10
470106.611
 20
4349753.149
 30
0.0
 40
0.7
  1
0.15
  7
CN_TTF
 11
470106.611
 21
4349753.149
 31
0.0
100
AcDbText
  0
LINE
  5
309
330
17
100
AcDbEntity
  8
点
 62
138
420
19532
100
AcDbLine
 10
470104.63
 20
4349755.804
 30
0.0
 11
470105.63
 21
4349755.804
 31
0.0
  0
LINE
  5
30A
330
17
100
AcDbEntity
  8
点
 62
138
420
19532
100
AcDbLine
 10
470105.13
 20
4349755.304
 30
0.0
 11
470105.13
 21
4349756.304
 31
0.0
  0
LINE
  5
30B
330
17
100
AcDbEntity
  8
钻孔
 62
8
370
35
100
AcDbLine
 10
470105.13
 20
4349755.804
 30
0.0
 11
470103.93
 21
4349755.804
 31
0.0
  0
TEXT
  5
30C
330
17
100
AcDbEntity
  8
钻孔
 62
138
420
19532
100
AcDbText
 10
470102.85
 20
4349756.204
 30
0.0
 40
0.4
  1
BS-3940-1008-P11
  7
CN_TTF
 11
470102.85
 21
4349756.204
 31
0.0
100
AcDbText
  0
TEXT
  5
30D
330
17
100
AcDbEntity
  8
钻孔
 62
8
100
AcDbText
 10
470101.94
 20
4349755.454
 30
0.0
 40
0.7
  1
0.18
  7
CN_TTF
 11
470101.94
 21
4349755.454
 31
0.0
100
AcDbText
  0
LINE
  5
30E
330
17
100
AcDbEntity
  8
点
 62
138
420
19532
100
AcDbLine
 10
470096.92
 20
4349753.81
 30
0.0
 11
470097.92
 21
4349753.81
 31
0.0
  0
LINE
  5
30F
330
17
100
AcDbEntity
  8
点
 62
138
420
19532
100
AcDbLine
 10
470097.42
 20
4349753.31
 30
0.0
 11
470097.42
 21
4349754.31
 31
0.0
  0
LINE
  5
310
330
17
100
AcDbEntity
  8
钻孔
 62
5
370
35
100
AcDbLine
 10
470097.42
 20
4349753.81
 30
0.0
 11
470096.22
 21
4349753.81
 31
0.0
  0
TEXT
  5
311
330
17
100
AcDbEntity
  8
钻孔
 62
138
420
19532
100
AcDbText
 10
470095.13999999996
 20
4349754.21
 30
0.0
 40
0.4
  1
BS-3940-1008-P12
  7
CN_TTF
 11
470095.13999999996
 21
4349754.21
 31
0.0
100
AcDbText
  0
TEXT
  5
312
330
17
100
AcDbEntity
  8
钻孔
 62
5
100
AcDbText
 10
470094.23
 20
4349753.46
 30
0.0
 40
0.7
  1
1.16
  7
CN_TTF
 11
470094.23
 21
4349753.46
 31
0.0
100
AcDbText
  0
LINE
  5
313
330
17
100
AcDbEntity
  8
点
 62
138
420
19532
100
AcDbLine
 10
470099.705
 20
4349758.128
 30
0.0
 11
470100.705
 21
4349758.128
 31
0.0
  0
LINE
  5
314
330
17
100
AcDbEntity
  8
点
 62
138
420
19532
100
AcDbLine
 10
470100.205
 20
4349757.628
 30
0.0
 11
470100.205
 21
4349758.628
 31
0.0
  0
LINE
  5
315
330
17
100
AcDbEntity
  8
钻孔
 62
8
370
35
100
AcDbLine
 10
470100.205
 20
4349758.128
 30
0.0
 11
470099.005
 21
4349758.128
 31
0.0
  0
TEXT
  5
316
330
17
100
AcDbEntity
  8
钻孔
 62
138
420
19532
100
AcDbText
 10
470097.925
 20
4349758.528
 30
0.0
 40
0.4
  1
BS-3940-1008-P13
  7
CN_TTF
 11
470097.925
 21
4349758.528
 31
0.0
100
AcDbText
  0
TEXT
  5
317
330
17
100
AcDbEntity
  8
钻孔
 62
8
100
AcDbText
 10
470097.015
 20
4349757.778
 30
0.0
 40
0.7
  1
0.38
  7
CN_TTF
 11
470097.015
 21
4349757.778
 31
0.0
100
AcDbText
  0
LINE
  5
318
330
17
100
AcDbEntity
  8
点
 62
138
420
19532
100
AcDbLine
 10
470095.212
 20
4349760.476
 30
0.0
 11
470096.212
 21
4349760.476
 31
0.0
  0
LINE
  5
319
330
17
100
AcDbEntity
  8
点
 62
138
420
19532
100
AcDbLine
 10
470095.712
 20
4349759.976
 30
0.0
 11
470095.712
 21
4349760.976
 31
0.0
  0
LINE
  5
31A
330
17
100
AcDbEntity
  8
钻孔
 62
4
370
35
100
AcDbLine
 10
470095.712
 20
4349760.476
 30
0.0
 11
470094.512
 21
4349760.476
 31
0.0
  0
TEXT
  5
31B
330
17
100
AcDbEntity
  8
钻孔
 62
138
420
19532
100
AcDbText
 10
470093.432
 20
4349760.876
 30
0.0
 40
0.4
  1
BS-3940-1008-P14
  7
CN_TTF
 11
470093.432
 21
4349760.876
 31
0.0
100
AcDbText
  0
TEXT
  5
31C
330
17
100
AcDbEntity
  8
钻孔
 62
4
100
AcDbText
 10
470092.522
 20
4349760.126
 30
0.0
 40
0.7
  1
0.67
  7
CN_TTF
 11
470092.522
 21
4349760.126
 31
0.0
100
AcDbText
  0
LINE
  5
31D
330
17
100
AcDbEntity
  8
点
 62
138
420
19532
100
AcDbLine
 10
470102.708
 20
4349762.47
 30
0.0
 11
470103.708
 21
4349762.47
 31
0.0
  0
LINE
  5
31E
330
17
100
AcDbEntity
  8
点
 62
138
420
19532
100
AcDbLine
 10
470103.208
 20
4349761.97
 30
0.0
 11
470103.208
 21
4349762.97
 31
0.0
  0
LINE
  5
31F
330
17
100
AcDbEntity
  8
钻孔
 62
8
370
35
100
AcDbLine
 10
470103.208
 20
4349762.47
 30
0.0
 11
470102.008
 21
4349762.47
 31
0.0
  0
TEXT
  5
320
330
17
100
AcDbEntity
  8
钻孔
 62
138
420
19532
100
AcDbText
 10
470100.92799999996
 20
4349762.87
 30
0.0
 40
0.4
  1
BS-3940-1008-P15
  7
CN_TTF
 11
470100.92799999996
 21
4349762.87
 31
0.0
100
AcDbText
  0
TEXT
  5
321
330
17
100
AcDbEntity
  8
钻孔
 62
8
100
AcDbText
 10
470100.018
 20
4349762.12
 30
0.0
 40
0.7
  1
0.11
  7
CN_TTF
 11
470100.018
 21
4349762.12
 31
0.0
100
AcDbText
  0
LINE
  5
322
330
17
100
AcDbEntity
  8
点
 62
138
420
19532
100
AcDbLine
 10
470107.55
 20
4349760.481
 30
0.0
 11
470108.55
 21
4349760.481
 31
0.0
  0
LINE
  5
323
330
17
100
AcDbEntity
  8
点
 62
138
420
19532
100
AcDbLine
 10
470108.05
 20
4349759.981
 30
0.0
 11
470108.05
 21
4349760.981
 31
0.0
  0
LINE
  5
324
330
17
100
AcDbEntity
  8
钻孔
 62
8
370
35
100
AcDbLine
 10
470108.05
 20
4349760.481
 30
0.0
 11
470106.85
 21
4349760.481
 31
0.0
  0
TEXT
  5
325
330
17
100
AcDbEntity
  8
钻孔
 62
138
420
19532
100
AcDbText
 10
470105.76999999996
 20
4349760.881
 30
0.0
 40
0.4
  1
BS-3940-1008-P16
  7
CN_TTF
 11
470105.76999999996
 21
4349760.881
 31
0.0
100
AcDbText
  0
TEXT
  5
326
330
17
100
AcDbEntity
  8
钻孔
 62
8
100
AcDbText
 10
470104.86
 20
4349760.131
 30
0.0
 40
0.7
  1
0.17
  7
CN_TTF
 11
470104.86
 21
4349760.131
 31
0.0
100
AcDbText
  0
LINE
  5
327
330
17
100
AcDbEntity
  8
点
 62
138
420
19532
100
AcDbLine
 10
470111.465
 20
4349758.65
 30
0.0
 11
470112.465
 21
4349758.65
 31
0.0
  0
LINE
  5
328
330
17
100
AcDbEntity
  8
点
 62
138
420
19532
100
AcDbLine
 10
470111.965
 20
4349758.15
 30
0.0
 11
470111.965
 21
4349759.15
 31
0.0
  0
LINE
  5
329
330
17
100
AcDbEntity
  8
钻孔
 62
8
370
35
100
AcDbLine
 10
470111.965
 20
4349758.65
 30
0.0
 11
470110.765
 21
4349758.65
 31
0.0
  0
TEXT
  5
32A
330
17
100
AcDbEntity
  8
钻孔
 62
138
420
19532
100
AcDbText
 10
470109.685
 20
4349759.050000001
 30
0.0
 40
0.4
  1
BS-3940-1008-P17
  7
CN_TTF
 11
470109.685
 21
4349759.050000001
 31
0.0
100
AcDbText
  0
TEXT
  5
32B
330
17
100
AcDbEntity
  8
钻孔
 62
8
100
AcDbText
 10
470108.775
 20
4349758.300000001
 30
0.0
 40
0.7
  1
0.12
  7
CN_TTF
 11
470108.775
 21
4349758.300000001
 31
0.0
100
AcDbText
  0
LINE
  5
32C
330
17
100
AcDbEntity
  8
点
 62
138
420
19532
100
AcDbLine
 10
470112.041
 20
4349754.645
 30
0.0
 11
470113.041
 21
4349754.645
 31
0.0
  0
LINE
  5
32D
330
17
100
AcDbEntity
  8
点
 62
138
420
19532
100
AcDbLine
 10
470112.541
 20
4349754.145
 30
0.0
 11
470112.541
 21
4349755.145
 31
0.0
  0
LINE
  5
32E
330
17
100
AcDbEntity
  8
钻孔
 62
8
370
35
100
AcDbLine
 10
470112.541
 20
4349754.645
 30
0.0
 11
470111.341
 21
4349754.645
 31
0.0
  0
TEXT
  5
32F
330
17
100
AcDbEntity
  8
钻孔
 62
138
420
19532
100
AcDbText
 10
470110.261
 20
4349755.045
 30
0.0
 40
0.4
  1
BS-3940-1008-P18
  7
CN_TTF
 11
470110.261
 21
4349755.045
 31
0.0
100
AcDbText
  0
TEXT
  5
330
330
17
100
AcDbEntity
  8
钻孔
 62
8
100
AcDbText
 10
470109.351
 20
4349754.295
 30
0.0
 40
0.7
  1
0.17
  7
CN_TTF
 11
470109.351
 21
4349754.295
 31
0.0
100
AcDbText
  0
LINE
  5
331
330
17
100
AcDbEntity
  8
点
 62
138
420
19532
100
AcDbLine
 10
470110.66
 20
4349764.446
 30
0.0
 11
470111.66
 21
4349764.446
 31
0.0
  0
LINE
  5
332
330
17
100
AcDbEntity
  8
点
 62
138
420
19532
100
AcDbLine
 10
470111.16
 20
4349763.946
 30
0.0
 11
470111.16
 21
4349764.946
 31
0.0
  0
LINE
  5
333
330
17
100
AcDbEntity
  8
钻孔
 62
8
370
35
100
AcDbLine
 10
470111.16
 20
4349764.446
 30
0.0
 11
470109.95999999996
 21
4349764.446
 31
0.0
  0
TEXT
  5
334
330
17
100
AcDbEntity
  8
钻孔
 62
138
420
19532
100
AcDbText
 10
470108.87999999995
 20
4349764.846000001
 30
0.0
 40
0.4
  1
BS-3940-1008-P19
  7
CN_TTF
 11
470108.87999999995
 21
4349764.846000001
 31
0.0
100
AcDbText
  0
TEXT
  5
335
330
17
100
AcDbEntity
  8
钻孔
 62
8
100
AcDbText
 10
470107.97
 20
4349764.096000001
 30
0.0
 40
0.7
  1
0.11
  7
CN_TTF
 11
470107.97
 21
4349764.096000001
 31
0.0
100
AcDbText
  0
LINE
  5
336
330
17
100
AcDbEntity
  8
点
 62
138
420
19532
100
AcDbLine
 10
470111.67
 20
4349768.548
 30
0.0
 11
470112.67
 21
4349768.548
 31
0.0
  0
LINE
  5
337
330
17
100
AcDbEntity
  8
点
 62
138
420
19532
100
AcDbLine
 10
470112.17
 20
4349768.048
 30
0.0
 11
470112.17
 21
4349769.048
 31
0.0
  0
LINE
  5
338
330
17
100
AcDbEntity
  8
钻孔
 62
8
370
35
100
AcDbLine
 10
470112.17
 20
4349768.548
 30
0.0
 11
470110.97
 21
4349768.548
 31
0.0
  0
TEXT
  5
339
330
17
100
AcDbEntity
  8
钻孔
 62
138
420
19532
100
AcDbText
 10
470109.88999999996
 20
4349768.948000001
 30
0.0
 40
0.4
  1
BS-3940-1008-P20
  7
CN_TTF
 11
470109.88999999996
 21
4349768.948000001
 31
0.0
100
AcDbText
  0
TEXT
  5
33A
330
17
100
AcDbEntity
  8
钻孔
 62
8
100
AcDbText
 10
470108.98
 20
4349768.198000001
 30
0.0
 40
0.7
  1
0.15
  7
CN_TTF
 11
470108.98
 21
4349768.198000001
 31
0.0
100
AcDbText
  0
LINE
  5
33B
330
17
100
AcDbEntity
  8
点
 62
138
420
19532
100
AcDbLine
 10
470105.785
 20
4349766.593
 30
0.0
 11
470106.785
 21
4349766.593
 31
0.0
  0
LINE
  5
33C
330
17
100
AcDbEntity
  8
点
 62
138
420
19532
100
AcDbLine
 10
470106.285
 20
4349766.093
 30
0.0
 11
470106.285
 21
4349767.093
 31
0.0
  0
LINE
  5
33D
330
17
100
AcDbEntity
  8
钻孔
 62
8
370
35
100
AcDbLine
 10
470106.285
 20
4349766.593
 30
0.0
 11
470105.08499999996
 21
4349766.593
 31
0.0
  0
TEXT
  5
33E
330
17
100
AcDbEntity
  8
钻孔
 62
138
420
19532
100
AcDbText
 10
470104.00499999995
 20
4349766.993000001
 30
0.0
 40
0.4
  1
BS-3940-1008-P21
  7
CN_TTF
 11
470104.00499999995
 21
4349766.993000001
 31
0.0
100
AcDbText
  0
TEXT
  5
33F
330
17
100
AcDbEntity
  8
钻孔
 62
8
100
AcDbText
 10
470103.095
 20
4349766.243000001
 30
0.0
 40
0.7
  1
0.09
  7
CN_TTF
 11
470103.095
 21
4349766.243000001
 31
0.0
100
AcDbText
  0
LINE
  5
340
330
17
100
AcDbEntity
  8
点
 62
138
420
19532
100
AcDbLine
 10
470097.997
 20
4349765.264
 30
0.0
 11
470098.997
 21
4349765.264
 31
0.0
  0
LINE
  5
341
330
17
100
AcDbEntity
  8
点
 62
138
420
19532
100
AcDbLine
 10
470098.497
 20
4349764.764
 30
0.0
 11
470098.497
 21
4349765.764
 31
0.0
  0
LINE
  5
342
330
17
100
AcDbEntity
  8
钻孔
 62
8
370
35
100
AcDbLine
 10
470098.497
 20
4349765.264
 30
0.0
 11
470097.29699999996
 21
4349765.264
 31
0.0
  0
TEXT
  5
343
330
17
100
AcDbEntity
  8
钻孔
 62
138
420
19532
100
AcDbText
 10
470096.21699999995
 20
4349765.664000001
 30
0.0
 40
0.4
  1
BS-3940-1008-P22
  7
CN_TTF
 11
470096.21699999995
 21
4349765.664000001
 31
0.0
100
AcDbText
  0
TEXT
  5
344
330
17
100
AcDbEntity
  8
钻孔
 62
8
100
AcDbText
 10
470095.307
 20
4349764.914000001
 30
0.0
 40
0.7
  1
0.15
  7
CN_TTF
 11
470095.307
 21
4349764.914000001
 31
0.0
100
AcDbText
  0
LINE
  5
345
330
17
100
AcDbEntity
  8
点
 62
138
420
19532
100
AcDbLine
 10
470093.73
 20
4349767.036
 30
0.0
 11
470094.73
 21
4349767.036
 31
0.0
  0
LINE
  5
346
330
17
100
AcDbEntity
  8
点
 62
138
420
19532
100
AcDbLine
 10
470094.23
 20
4349766.536
 30
0.0
 11
470094.23
 21
4349767.536
 31
0.0
  0
LINE
  5
347
330
17
100
AcDbEntity
  8
钻孔
 62
4
370
35
100
AcDbLine
 10
470094.23
 20
4349767.036
 30
0.0
 11
470093.02999999997
 21
4349767.036
 31
0.0
  0
TEXT
  5
348
330
17
100
AcDbEntity
  8
钻孔
 62
138
420
19532
100
AcDbText
 10
470091.94999999995
 20
4349767.436000001
 30
0.0
 40
0.4
  1
BS-3940-1008-P23
  7
CN_TTF
 11
470091.94999999995
 21
4349767.436000001
 31
0.0
100
AcDbText
  0
TEXT
  5
349
330
17
100
AcDbEntity
  8
钻孔
 62
4
100
AcDbText
 10
470091.04
 20
4349766.686000001
 30
0.0
 40
0.7
  1
0.69
  7
CN_TTF
 11
470091.04
 21
4349766.686000001
 31
0.0
100
AcDbText
  0
LINE
  5
34A
330
17
100
AcDbEntity
  8
点
 62
138
420
19532
100
AcDbLine
 10
470096.395
 20
4349771.532
 30
0.0
 11
470097.395
 21
4349771.532
 31
0.0
  0
LINE
  5
34B
330
17
100
AcDbEntity
  8
点
 62
138
420
19532
100
AcDbLine
 10
470096.895
 20
4349771.032
 30
0.0
 11
470096.895
 21
4349772.032
 31
0.0
  0
LINE
  5
34C
330
17
100
AcDbEntity
  8
钻孔
 62
8
370
35
100
AcDbLine
 10
470096.895
 20
4349771.532
 30
0.0
 11
470095.695
 21
4349771.532
 31
0.0
  0
TEXT
  5
34D
330
17
100
AcDbEntity
  8
钻孔
 62
138
420
19532
100
AcDbText
 10
470094.615
 20
4349771.932
 30
0.0
 40
0.4
  1
BS-3940-1008-P24
  7
CN_TTF
 11
470094.615
 21
4349771.932
 31
0.0
100
AcDbText
  0
TEXT
  5
34E
330
17
100
AcDbEntity
  8
钻孔
 62
8
100
AcDbText
 10
470093.705
 20
4349771.182
 30
0.0
 40
0.7
  1
0.17
  7
CN_TTF
 11
470093.705
 21
4349771.182
 31
0.0
100
AcDbText
  0
LINE
  5
34F
330
17
100
AcDbEntity
  8
点
 62
138
420
19532
100
AcDbLine
 10
470096.465
 20
4349771.688
 30
0.0
 11
470097.465
 21
4349771.688
 31
0.0
  0
LINE
  5
350
330
17
100
AcDbEntity
  8
点
 62
138
420
19532
100
AcDbLine
 10
470096.965
 20
4349771.188
 30
0.0
 11
470096.965
 21
4349772.188
 31
0.0
  0
LINE
  5
351
330
17
100
AcDbEntity
  8
钻孔
 62
8
370
35
100
AcDbLine
 10
470096.965
 20
4349771.688
 30
0.0
 11
470095.765
 21
4349771.688
 31
0.0
  0
TEXT
  5
352
330
17
100
AcDbEntity
  8
钻孔
 62
138
420
19532
100
AcDbText
 10
470094.685
 20
4349772.088
 30
0.0
 40
0.4
  1
BS-3940-1008-P25
  7
CN_TTF
 11
470094.685
 21
4349772.088
 31
0.0
100
AcDbText
  0
TEXT
  5
353
330
17
100
AcDbEntity
  8
钻孔
 62
8
100
AcDbText
 10
470093.775
 20
4349771.338
 30
0.0
 40
0.7
  1
0.16
  7
CN_TTF
 11
470093.775
 21
4349771.338
 31
0.0
100
AcDbText
  0
LINE
  5
354
330
17
100
AcDbEntity
  8
点
 62
138
420
19532
100
AcDbLine
 10
470100.464
 20
4349770.613
 30
0.0
 11
470101.464
 21
4349770.613
 31
0.0
  0
LINE
  5
355
330
17
100
AcDbEntity
  8
点
 62
138
420
19532
100
AcDbLine
 10
470100.964
 20
4349770.113
 30
0.0
 11
470100.964
 21
4349771.113
 31
0.0
  0
LINE
  5
356
330
17
100
AcDbEntity
  8
钻孔
 62
8
370
35
100
AcDbLine
 10
470100.964
 20
4349770.613
 30
0.0
 11
470099.76399999997
 21
4349770.613
 31
0.0
  0
TEXT
  5
357
330
17
100
AcDbEntity
  8
钻孔
 62
138
420
19532
100
AcDbText
 10
470098.68399999995
 20
4349771.013
 30
0.0
 40
0.4
  1
BS-3940-1008-P26
  7
CN_TTF
 11
470098.68399999995
 21
4349771.013
 31
0.0
100
AcDbText
  0
TEXT
  5
358
330
17
100
AcDbEntity
  8
钻孔
 62
8
100
AcDbText
 10
470097.774
 20
4349770.263
 30
0.0
 40
0.7
  1
0.12
  7
CN_TTF
 11
470097.774
 21
4349770.263
 31
0.0
100
AcDbText
  0
LINE
  5
359
330
17
100
AcDbEntity
  8
点
 62
138
420
19532
100
AcDbLine
 10
470104.249
 20
4349773.513
 30
0.0
 11
470105.249
 21
4349773.513
 31
0.0
  0
LINE
  5
35A
330
17
100
AcDbEntity
  8
点
 62
138
420
19532
100
AcDbLine
 10
470104.749
 20
4349773.013
 30
0.0
 11
470104.749
 21
4349774.013
 31
0.0
  0
LINE
  5
35B
330
17
100
AcDbEntity
  8
钻孔
 62
8
370
35
100
AcDbLine
 10
470104.749
 20
4349773.513
 30
0.0
 11
470103.549
 21
4349773.513
 31
0.0
  0
TEXT
  5
35C
330
17
100
AcDbEntity
  8
钻孔
 62
138
420
19532
100
AcDbText
 10
470102.469
 20
4349773.913000001
 30
0.0
 40
0.4
  1
BS-3940-1008-P27
  7
CN_TTF
 11
470102.469
 21
4349773.913000001
 31
0.0
100
AcDbText
  0
TEXT
  5
35D
330
17
100
AcDbEntity
  8
钻孔
 62
8
100
AcDbText
 10
470101.559
 20
4349773.163000001
 30
0.0
 40
0.7
  1
0.12
  7
CN_TTF
 11
470101.559
 21
4349773.163000001
 31
0.0
100
AcDbText
  0
LINE
  5
35E
330
17
100
AcDbEntity
  8
点
 62
138
420
19532
100
AcDbLine
 10
470108.837
 20
4349771.284
 30
0.0
 11
470109.837
 21
4349771.284
 31
0.0
  0
LINE
  5
35F
330
17
100
AcDbEntity
  8
点
 62
138
420
19532
100
AcDbLine
 10
470109.337
 20
4349770.784
 30
0.0
 11
470109.337
 21
4349771.784
 31
0.0
  0
LINE
  5
360
330
17
100
AcDbEntity
  8
钻孔
 62
8
370
35
100
AcDbLine
 10
470109.337
 20
4349771.284
 30
0.0
 11
470108.137
 21
4349771.284
 31
0.0
  0
TEXT
  5
361
330
17
100
AcDbEntity
  8
钻孔
 62
138
420
19532
100
AcDbText
 10
470107.057
 20
4349771.684
 30
0.0
 40
0.4
  1
BS-3940-1008-P28
  7
CN_TTF
 11
470107.057
 21
4349771.684
 31
0.0
100
AcDbText
  0
TEXT
  5
362
330
17
100
AcDbEntity
  8
钻孔
 62
8
100
AcDbText
 10
470106.147
 20
4349770.934
 30
0.0
 40
0.7
  1
0.13
  7
CN_TTF
 11
470106.147
 21
4349770.934
 31
0.0
100
AcDbText
  0
LINE
  5
363
330
17
100
AcDbEntity
  8
点
 62
138
420
19532
100
AcDbLine
 10
470110.826
 20
4349775.374
 30
0.0
 11
470111.826
 21
4349775.374
 31
0.0
  0
LINE
  5
364
330
17
100
AcDbEntity
  8
点
 62
138
420
19532
100
AcDbLine
 10
470111.326
 20
4349774.874
 30
0.0
 11
470111.326
 21
4349775.874
 31
0.0
  0
LINE
  5
365
330
17
100
AcDbEntity
  8
钻孔
 62
8
370
35
100
AcDbLine
 10
470111.326
 20
4349775.374
 30
0.0
 11
470110.126
 21
4349775.374
 31
0.0
  0
TEXT
  5
366
330
17
100
AcDbEntity
  8
钻孔
 62
138
420
19532
100
AcDbText
 10
470109.046
 20
4349775.774
 30
0.0
 40
0.4
  1
BS-3940-1008-P29
  7
CN_TTF
 11
470109.046
 21
4349775.774
 31
0.0
100
AcDbText
  0
TEXT
  5
367
330
17
100
AcDbEntity
  8
钻孔
 62
8
100
AcDbText
 10
470108.136
 20
4349775.024
 30
0.0
 40
0.7
  1
0.14
  7
CN_TTF
 11
470108.136
 21
4349775.024
 31
0.0
100
AcDbText
  0
LINE
  5
368
330
17
100
AcDbEntity
  8
点
 62
138
420
19532
100
AcDbLine
 10
470107.695
 20
4349777.919
 30
0.0
 11
470108.695
 21
4349777.919
 31
0.0
  0
LINE
  5
369
330
17
100
AcDbEntity
  8
点
 62
138
420
19532
100
AcDbLine
 10
470108.195
 20
4349777.419
 30
0.0
 11
470108.195
 21
4349778.419
 31
0.0
  0
LINE
  5
36A
330
17
100
AcDbEntity
  8
钻孔
 62
8
370
35
100
AcDbLine
 10
470108.195
 20
4349777.919
 30
0.0
 11
470106.995
 21
4349777.919
 31
0.0
  0
TEXT
  5
36B
330
17
100
AcDbEntity
  8
钻孔
 62
138
420
19532
100
AcDbText
 10
470105.915
 20
4349778.319
 30
0.0
 40
0.4
  1
BS-3940-1008-P30
  7
CN_TTF
 11
470105.915
 21
4349778.319
 31
0.0
100
AcDbText
  0
TEXT
  5
36C
330
17
100
AcDbEntity
  8
钻孔
 62
8
100
AcDbText
 10
470105.005
 20
4349777.569
 30
0.0
 40
0.7
  1
0.10
  7
CN_TTF
 11
470105.005
 21
4349777.569
 31
0.0
100
AcDbText
  0
LINE
  5
36D
330
17
100
AcDbEntity
  8
点
 62
138
420
19532
100
AcDbLine
 10
470109.514
 20
4349782.067
 30
0.0
 11
470110.514
 21
4349782.067
 31
0.0
  0
LINE
  5
36E
330
17
100
AcDbEntity
  8
点
 62
138
420
19532
100
AcDbLine
 10
470110.014
 20
4349781.567
 30
0.0
 11
470110.014
 21
4349782.567
 31
0.0
  0
LINE
  5
36F
330
17
100
AcDbEntity
  8
钻孔
 62
8
370
35
100
AcDbLine
 10
470110.014
 20
4349782.067
 30
0.0
 11
470108.814
 21
4349782.067
 31
0.0
  0
TEXT
  5
370
330
17
100
AcDbEntity
  8
钻孔
 62
138
420
19532
100
AcDbText
 10
470107.734
 20
4349782.467
 30
0.0
 40
0.4
  1
BS-3940-1008-P31
  7
CN_TTF
 11
470107.734
 21
4349782.467
 31
0.0
100
AcDbText
  0
TEXT
  5
371
330
17
100
AcDbEntity
  8
钻孔
 62
8
100
AcDbText
 10
470106.824
 20
4349781.717
 30
0.0
 40
0.7
  1
0.16
  7
CN_TTF
 11
470106.824
 21
4349781.717
 31
0.0
100
AcDbText
  0
LINE
  5
372
330
17
100
AcDbEntity
  8
点
 62
138
420
19532
100
AcDbLine
 10
470105.976
 20
4349784.833
 30
0.0
 11
470106.976
 21
4349784.833
 31
0.0
  0
LINE
  5
373
330
17
100
AcDbEntity
  8
点
 62
138
420
19532
100
AcDbLine
 10
470106.476
 20
4349784.333
 30
0.0
 11
470106.476
 21
4349785.333
 31
0.0
  0
LINE
  5
374
330
17
100
AcDbEntity
  8
钻孔
 62
8
370
35
100
AcDbLine
 10
470106.476
 20
4349784.833
 30
0.0
 11
470105.276
 21
4349784.833
 31
0.0
  0
TEXT
  5
375
330
17
100
AcDbEntity
  8
钻孔
 62
138
420
19532
100
AcDbText
 10
470104.196
 20
4349785.233
 30
0.0
 40
0.4
  1
BS-3940-1008-P32
  7
CN_TTF
 11
470104.196
 21
4349785.233
 31
0.0
100
AcDbText
  0
TEXT
  5
376
330
17
100
AcDbEntity
  8
钻孔
 62
8
100
AcDbText
 10
470103.286
 20
4349784.483
 30
0.0
 40
0.7
  1
0.14
  7
CN_TTF
 11
470103.286
 21
4349784.483
 31
0.0
100
AcDbText
  0
LINE
  5
377
330
17
100
AcDbEntity
  8
点
 62
138
420
19532
100
AcDbLine
 10
470102.467
 20
4349780.452
 30
0.0
 11
470103.467
 21
4349780.452
 31
0.0
  0
LINE
  5
378
330
17
100
AcDbEntity
  8
点
 62
138
420
19532
100
AcDbLine
 10
470102.967
 20
4349779.952
 30
0.0
 11
470102.967
 21
4349780.952
 31
0.0
  0
LINE
  5
379
330
17
100
AcDbEntity
  8
钻孔
 62
8
370
35
100
AcDbLine
 10
470102.967
 20
4349780.452
 30
0.0
 11
470101.767
 21
4349780.452
 31
0.0
  0
TEXT
  5
37A
330
17
100
AcDbEntity
  8
钻孔
 62
138
420
19532
100
AcDbText
 10
470100.687
 20
4349780.852
 30
0.0
 40
0.4
  1
BS-3940-1008-P33
  7
CN_TTF
 11
470100.687
 21
4349780.852
 31
0.0
100
AcDbText
  0
TEXT
  5
37B
330
17
100
AcDbEntity
  8
钻孔
 62
8
100
AcDbText
 10
470099.777
 20
4349780.102
 30
0.0
 40
0.7
  1
0.15
  7
CN_TTF
 11
470099.777
 21
4349780.102
 31
0.0
100
AcDbText
  0
LINE
  5
37C
330
17
100
AcDbEntity
  8
点
 62
138
420
19532
100
AcDbLine
 10
470099.026
 20
4349776.278
 30
0.0
 11
470100.026
 21
4349776.278
 31
0.0
  0
LINE
  5
37D
330
17
100
AcDbEntity
  8
点
 62
138
420
19532
100
AcDbLine
 10
470099.526
 20
4349775.778
 30
0.0
 11
470099.526
 21
4349776.778
 31
0.0
  0
LINE
  5
37E
330
17
100
AcDbEntity
  8
钻孔
 62
8
370
35
100
AcDbLine
 10
470099.526
 20
4349776.278
 30
0.0
 11
470098.326
 21
4349776.278
 31
0.0
  0
TEXT
  5
37F
330
17
100
AcDbEntity
  8
钻孔
 62
138
420
19532
100
AcDbText
 10
470097.246
 20
4349776.678
 30
0.0
 40
0.4
  1
BS-3940-1008-P34
  7
CN_TTF
 11
470097.246
 21
4349776.678
 31
0.0
100
AcDbText
  0
TEXT
  5
380
330
17
100
AcDbEntity
  8
钻孔
 62
8
100
AcDbText
 10
470096.336
 20
4349775.928
 30
0.0
 40
0.7
  1
0.17
  7
CN_TTF
 11
470096.336
 21
4349775.928
 31
0.0
100
AcDbText
  0
LINE
  5
381
330
17
100
AcDbEntity
  8
点
 62
138
420
19532
100
AcDbLine
 10
470091.556
 20
4349774.187
 30
0.0
 11
470092.556
 21
4349774.187
 31
0.0
  0
LINE
  5
382
330
17
100
AcDbEntity
  8
点
 62
138
420
19532
100
AcDbLine
 10
470092.056
 20
4349773.687
 30
0.0
 11
470092.056
 21
4349774.687
 31
0.0
  0
LINE
  5
383
330
17
100
AcDbEntity
  8
钻孔
 62
8
370
35
100
AcDbLine
 10
470092.056
 20
4349774.187
 30
0.0
 11
470090.85599999997
 21
4349774.187
 31
0.0
  0
TEXT
  5
384
330
17
100
AcDbEntity
  8
钻孔
 62
138
420
19532
100
AcDbText
 10
470089.77599999995
 20
4349774.587
 30
0.0
 40
0.4
  1
BS-3940-1008-P35
  7
CN_TTF
 11
470089.77599999995
 21
4349774.587
 31
0.0
100
AcDbText
  0
TEXT
  5
385
330
17
100
AcDbEntity
  8
钻孔
 62
8
100
AcDbText
 10
470088.866
 20
4349773.837
 30
0.0
 40
0.7
  1
0.37
  7
CN_TTF
 11
470088.866
 21
4349773.837
 31
0.0
100
AcDbText
  0
LINE
  5
386
330
17
100
AcDbEntity
  8
点
 62
138
420
19532
100
AcDbLine
 10
470094.437
 20
4349778.668
 30
0.0
 11
470095.437
 21
4349778.668
 31
0.0
  0
LINE
  5
387
330
17
100
AcDbEntity
  8
点
 62
138
420
19532
100
AcDbLine
 10
470094.937
 20
4349778.168
 30
0.0
 11
470094.937
 21
4349779.168
 31
0.0
  0
LINE
  5
388
330
17
100
AcDbEntity
  8
钻孔
 62
8
370
35
100
AcDbLine
 10
470094.937
 20
4349778.668
 30
0.0
 11
470093.73699999996
 21
4349778.668
 31
0.0
  0
TEXT
  5
389
330
17
100
AcDbEntity
  8
钻孔
 62
138
420
19532
100
AcDbText
 10
470092.65699999995
 20
4349779.068
 30
0.0
 40
0.4
  1
BS-3940-1008-P36
  7
CN_TTF
 11
470092.65699999995
 21
4349779.068
 31
0.0
100
AcDbText
  0
TEXT
  5
38A
330
17
100
AcDbEntity
  8
钻孔
 62
8
100
AcDbText
 10
470091.747
 20
4349778.318
 30
0.0
 40
0.7
  1
0.29
  7
CN_TTF
 11
470091.747
 21
4349778.318
 31
0.0
100
AcDbText
  0
LINE
  5
38B
330
17
100
AcDbEntity
  8
点
 62
138
420
19532
100
AcDbLine
 10
470090.005
 20
4349781.011
 30
0.0
 11
470091.005
 21
4349781.011
 31
0.0
  0
LINE
  5
38C
330
17
100
AcDbEntity
  8
点
 62
138
420
19532
100
AcDbLine
 10
470090.505
 20
4349780.511
 30
0.0
 11
470090.505
 21
4349781.511
 31
0.0
  0
LINE
  5
38D
330
17
100
AcDbEntity
  8
钻孔
 62
8
370
35
100
AcDbLine
 10
470090.505
 20
4349781.011
 30
0.0
 11
470089.305
 21
4349781.011
 31
0.0
  0
TEXT
  5
38E
330
17
100
AcDbEntity
  8
钻孔
 62
138
420
19532
100
AcDbText
 10
470088.225
 20
4349781.411
 30
0.0
 40
0.4
  1
BS-3940-1008-P37
  7
CN_TTF
 11
470088.225
 21
4349781.411
 31
0.0
100
AcDbText
  0
TEXT
  5
38F
330
17
100
AcDbEntity
  8
钻孔
 62
8
100
AcDbText
 10
470087.315
 20
4349780.661
 30
0.0
 40
0.7
  1
0.36
  7
CN_TTF
 11
470087.315
 21
4349780.661
 31
0.0
100
AcDbText
  0
LINE
  5
390
330
17
100
AcDbEntity
  8
点
 62
138
420
19532
100
AcDbLine
 10
470093.186
 20
4349785.104
 30
0.0
 11
470094.186
 21
4349785.104
 31
0.0
  0
LINE
  5
391
330
17
100
AcDbEntity
  8
点
 62
138
420
19532
100
AcDbLine
 10
470093.686
 20
4349784.604
 30
0.0
 11
470093.686
 21
4349785.604
 31
0.0
  0
LINE
  5
392
330
17
100
AcDbEntity
  8
钻孔
 62
8
370
35
100
AcDbLine
 10
470093.686
 20
4349785.104
 30
0.0
 11
470092.486
 21
4349785.104
 31
0.0
  0
TEXT
  5
393
330
17
100
AcDbEntity
  8
钻孔
 62
138
420
19532
100
AcDbText
 10
470091.40599999996
 20
4349785.504000001
 30
0.0
 40
0.4
  1
BS-3940-1008-P38
  7
CN_TTF
 11
470091.40599999996
 21
4349785.504000001
 31
0.0
100
AcDbText
  0
TEXT
  5
394
330
17
100
AcDbEntity
  8
钻孔
 62
8
100
AcDbText
 10
470090.496
 20
4349784.754000001
 30
0.0
 40
0.7
  1
0.27
  7
CN_TTF
 11
470090.496
 21
4349784.754000001
 31
0.0
100
AcDbText
  0
LINE
  5
395
330
17
100
AcDbEntity
  8
点
 62
138
420
19532
100
AcDbLine
 10
470097.726
 20
4349783.014
 30
0.0
 11
470098.726
 21
4349783.014
 31
0.0
  0
LINE
  5
396
330
17
100
AcDbEntity
  8
点
 62
138
420
19532
100
AcDbLine
 10
470098.226
 20
4349782.514
 30
0.0
 11
470098.226
 21
4349783.514
 31
0.0
  0
LINE
  5
397
330
17
100
AcDbEntity
  8
钻孔
 62
8
370
35
100
AcDbLine
 10
470098.226
 20
4349783.014
 30
0.0
 11
470097.026
 21
4349783.014
 31
0.0
  0
TEXT
  5
398
330
17
100
AcDbEntity
  8
钻孔
 62
138
420
19532
100
AcDbText
 10
470095.946
 20
4349783.414000001
 30
0.0
 40
0.4
  1
BS-3940-1008-P39
  7
CN_TTF
 11
470095.946
 21
4349783.414000001
 31
0.0
100
AcDbText
  0
TEXT
  5
399
330
17
100
AcDbEntity
  8
钻孔
 62
8
100
AcDbText
 10
470095.036
 20
4349782.664000001
 30
0.0
 40
0.7
  1
0.28
  7
CN_TTF
 11
470095.036
 21
4349782.664000001
 31
0.0
100
AcDbText
  0
LINE
  5
39A
330
17
100
AcDbEntity
  8
点
 62
138
420
19532
100
AcDbLine
 10
470100.548
 20
4349787.151
 30
0.0
 11
470101.548
 21
4349787.151
 31
0.0
  0
LINE
  5
39B
330
17
100
AcDbEntity
  8
点
 62
138
420
19532
100
AcDbLine
 10
470101.048
 20
4349786.651
 30
0.0
 11
470101.048
 21
4349787.651
 31
0.0
  0
LINE
  5
39C
330
17
100
AcDbEntity
  8
钻孔
 62
8
370
35
100
AcDbLine
 10
470101.048
 20
4349787.151
 30
0.0
 11
470099.848
 21
4349787.151
 31
0.0
  0
TEXT
  5
39D
330
17
100
AcDbEntity
  8
钻孔
 62
138
420
19532
100
AcDbText
 10
470098.768
 20
4349787.551
 30
0.0
 40
0.4
  1
BS-3940-1008-P40
  7
CN_TTF
 11
470098.768
 21
4349787.551
 31
0.0
100
AcDbText
  0
TEXT
  5
39E
330
17
100
AcDbEntity
  8
钻孔
 62
8
100
AcDbText
 10
470097.858
 20
4349786.801
 30
0.0
 40
0.7
  1
0.21
  7
CN_TTF
 11
470097.858
 21
4349786.801
 31
0.0
100
AcDbText
  0
LINE
  5
39F
330
17
100
AcDbEntity
  8
点
 62
138
420
19532
100
AcDbLine
 10
470095.947
 20
4349789.58
 30
0.0
 11
470096.947
 21
4349789.58
 31
0.0
  0
LINE
  5
3A0
330
17
100
AcDbEntity
  8
点
 62
138
420
19532
100
AcDbLine
 10
470096.447
 20
4349789.08
 30
0.0
 11
470096.447
 21
4349790.08
 31
0.0
  0
LINE
  5
3A1
330
17
100
AcDbEntity
  8
钻孔
 62
8
370
35
100
AcDbLine
 10
470096.447
 20
4349789.58
 30
0.0
 11
470095.247
 21
4349789.58
 31
0.0
  0
TEXT
  5
3A2
330
17
100
AcDbEntity
  8
钻孔
 62
138
420
19532
100
AcDbText
 10
470094.16699999996
 20
4349789.98
 30
0.0
 40
0.4
  1
BS-3940-1008-P41
  7
CN_TTF
 11
470094.16699999996
 21
4349789.98
 31
0.0
100
AcDbText
  0
TEXT
  5
3A3
330
17
100
AcDbEntity
  8
钻孔
 62
8
100
AcDbText
 10
470093.257
 20
4349789.23
 30
0.0
 40
0.7
  1
0.23
  7
CN_TTF
 11
470093.257
 21
4349789.23
 31
0.0
100
AcDbText
  0
LINE
  5
3A4
330
17
100
AcDbEntity
  8
点
 62
138
420
19532
100
AcDbLine
 10
470091.727
 20
4349791.899
 30
0.0
 11
470092.727
 21
4349791.899
 31
0.0
  0
LINE
  5
3A5
330
17
100
AcDbEntity
  8
点
 62
138
420
19532
100
AcDbLine
 10
470092.227
 20
4349791.399
 30
0.0
 11
470092.227
 21
4349792.399
 31
0.0
  0
LINE
  5
3A6
330
17
100
AcDbEntity
  8
钻孔
 62
8
370
35
100
AcDbLine
 10
470092.227
 20
4349791.899
 30
0.0
 11
470091.027
 21
4349791.899
 31
0.0
  0
TEXT
  5
3A7
330
17
100
AcDbEntity
  8
钻孔
 62
138
420
19532
100
AcDbText
 10
470089.947
 20
4349792.299000001
 30
0.0
 40
0.4
  1
BS-3940-1008-P42
  7
CN_TTF
 11
470089.947
 21
4349792.299000001
 31
0.0
100
AcDbText
  0
TEXT
  5
3A8
330
17
100
AcDbEntity
  8
钻孔
 62
8
100
AcDbText
 10
470089.037
 20
4349791.549000001
 30
0.0
 40
0.7
  1
0.31
  7
CN_TTF
 11
470089.037
 21
4349791.549000001
 31
0.0
100
AcDbText
  0
LINE
  5
3A9
330
17
100
AcDbEntity
  8
点
 62
138
420
19532
100
AcDbLine
 10
470088.34
 20
4349787.739
 30
0.0
 11
470089.34
 21
4349787.739
 31
0.0
  0
LINE
  5
3AA
330
17
100
AcDbEntity
  8
点
 62
138
420
19532
100
AcDbLine
 10
470088.84
 20
4349787.239
 30
0.0
 11
470088.84
 21
4349788.239
 31
0.0
  0
LINE
  5
3AB
330
17
100
AcDbEntity
  8
钻孔
 62
4
370
35
100
AcDbLine
 10
470088.84
 20
4349787.739
 30
0.0
 11
470087.64
 21
4349787.739
 31
0.0
  0
TEXT
  5
3AC
330
17
100
AcDbEntity
  8
钻孔
 62
138
420
19532
100
AcDbText
 10
470086.56
 20
4349788.139
 30
0.0
 40
0.4
  1
BS-3940-1008-P43
  7
CN_TTF
 11
470086.56
 21
4349788.139
 31
0.0
100
AcDbText
  0
TEXT
  5
3AD
330
17
100
AcDbEntity
  8
钻孔
 62
4
100
AcDbText
 10
470085.65
 20
4349787.389
 30
0.0
 40
0.7
  1
0.81
  7
CN_TTF
 11
470085.65
 21
4349787.389
 31
0.0
100
AcDbText
  0
LINE
  5
3AE
330
17
100
AcDbEntity
  8
点
 62
138
420
19532
100
AcDbLine
 10
470088.317
 20
4349787.742
 30
0.0
 11
470089.317
 21
4349787.742
 31
0.0
  0
LINE
  5
3AF
330
17
100
AcDbEntity
  8
点
 62
138
420
19532
100
AcDbLine
 10
470088.817
 20
4349787.242
 30
0.0
 11
470088.817
 21
4349788.242
 31
0.0
  0
LINE
  5
3B0
330
17
100
AcDbEntity
  8
钻孔
 62
4
370
35
100
AcDbLine
 10
470088.817
 20
4349787.742
 30
0.0
 11
470087.61699999997
 21
4349787.742
 31
0.0
  0
TEXT
  5
3B1
330
17
100
AcDbEntity
  8
钻孔
 62
138
420
19532
100
AcDbText
 10
470086.53699999995
 20
4349788.142
 30
0.0
 40
0.4
  1
BS-3940-1008-P44
  7
CN_TTF
 11
470086.53699999995
 21
4349788.142
 31
0.0
100
AcDbText
  0
TEXT
  5
3B2
330
17
100
AcDbEntity
  8
钻孔
 62
4
100
AcDbText
 10
470085.627
 20
4349787.392
 30
0.0
 40
0.7
  1
0.73
  7
CN_TTF
 11
470085.627
 21
4349787.392
 31
0.0
100
AcDbText
  0
LINE
  5
3B3
330
17
100
AcDbEntity
  8
点
 62
138
420
19532
100
AcDbLine
 10
470088.015
 20
4349795.119
 30
0.0
 11
470089.015
 21
4349795.119
 31
0.0
  0
LINE
  5
3B4
330
17
100
AcDbEntity
  8
点
 62
138
420
19532
100
AcDbLine
 10
470088.515
 20
4349794.619
 30
0.0
 11
470088.515
 21
4349795.619
 31
0.0
  0
LINE
  5
3B5
330
17
100
AcDbEntity
  8
钻孔
 62
8
370
35
100
AcDbLine
 10
470088.515
 20
4349795.119
 30
0.0
 11
470087.315
 21
4349795.119
 31
0.0
  0
TEXT
  5
3B6
330
17
100
AcDbEntity
  8
钻孔
 62
138
420
19532
100
AcDbText
 10
470086.235
 20
4349795.519
 30
0.0
 40
0.4
  1
BS-3940-1008-P45
  7
CN_TTF
 11
470086.235
 21
4349795.519
 31
0.0
100
AcDbText
  0
TEXT
  5
3B7
330
17
100
AcDbEntity
  8
钻孔
 62
8
100
AcDbText
 10
470085.325
 20
4349794.769
 30
0.0
 40
0.7
  1
0.41
  7
CN_TTF
 11
470085.325
 21
4349794.769
 31
0.0
100
AcDbText
  0
LINE
  5
3B8
330
17
100
AcDbEntity
  8
点
 62
138
420
19532
100
AcDbLine
 10
470090.064
 20
4349797.971
 30
0.0
 11
470091.064
 21
4349797.971
 31
0.0
  0
LINE
  5
3B9
330
17
100
AcDbEntity
  8
点
 62
138
420
19532
100
AcDbLine
 10
470090.564
 20
4349797.471
 30
0.0
 11
470090.564
 21
4349798.471
 31
0.0
  0
LINE
  5
3BA
330
17
100
AcDbEntity
  8
钻孔
 62
8
370
35
100
AcDbLine
 10
470090.564
 20
4349797.971
 30
0.0
 11
470089.364
 21
4349797.971
 31
0.0
  0
TEXT
  5
3BB
330
17
100
AcDbEntity
  8
钻孔
 62
138
420
19532
100
AcDbText
 10
470088.284
 20
4349798.371
 30
0.0
 40
0.4
  1
BS-3940-1008-P46
  7
CN_TTF
 11
470088.284
 21
4349798.371
 31
0.0
100
AcDbText
  0
TEXT
  5
3BC
330
17
100
AcDbEntity
  8
钻孔
 62
8
100
AcDbText
 10
470087.374
 20
4349797.621
 30
0.0
 40
0.7
  1
0.25
  7
CN_TTF
 11
470087.374
 21
4349797.621
 31
0.0
100
AcDbText
  0
LINE
  5
3BD
330
17
100
AcDbEntity
  8
点
 62
138
420
19532
100
AcDbLine
 10
470085.535
 20
4349801.444
 30
0.0
 11
470086.535
 21
4349801.444
 31
0.0
  0
LINE
  5
3BE
330
17
100
AcDbEntity
  8
点
 62
138
420
19532
100
AcDbLine
 10
470086.035
 20
4349800.944
 30
0.0
 11
470086.035
 21
4349801.944
 31
0.0
  0
LINE
  5
3BF
330
17
100
AcDbEntity
  8
钻孔
 62
4
370
35
100
AcDbLine
 10
470086.035
 20
4349801.444
 30
0.0
 11
470084.83499999996
 21
4349801.444
 31
0.0
  0
TEXT
  5
3C0
330
17
100
AcDbEntity
  8
钻孔
 62
138
420
19532
100
AcDbText
 10
470083.75499999995
 20
4349801.8440000005
 30
0.0
 40
0.4
  1
BS-3940-1008-P47
  7
CN_TTF
 11
470083.75499999995
 21
4349801.8440000005
 31
0.0
100
AcDbText
  0
TEXT
  5
3C1
330
17
100
AcDbEntity
  8
钻孔
 62
4
100
AcDbText
 10
470082.845
 20
4349801.0940000005
 30
0.0
 40
0.7
  1
0.52
  7
CN_TTF
 11
470082.845
 21
4349801.0940000005
 31
0.0
100
AcDbText
  0
LINE
  5
3C2
330
17
100
AcDbEntity
  8
点
 62
138
420
19532
100
AcDbLine
 10
470087.104
 20
4349804.346
 30
0.0
 11
470088.104
 21
4349804.346
 31
0.0
  0
LINE
  5
3C3
330
17
100
AcDbEntity
  8
点
 62
138
420
19532
100
AcDbLine
 10
470087.604
 20
4349803.846
 30
0.0
 11
470087.604
 21
4349804.846
 31
0.0
  0
LINE
  5
3C4
330
17
100
AcDbEntity
  8
钻孔
 62
8
370
35
100
AcDbLine
 10
470087.604
 20
4349804.346
 30
0.0
 11
470086.404
 21
4349804.346
 31
0.0
  0
TEXT
  5
3C5
330
17
100
AcDbEntity
  8
钻孔
 62
138
420
19532
100
AcDbText
 10
470085.32399999996
 20
4349804.746
 30
0.0
 40
0.4
  1
BS-3940-1008-P48
  7
CN_TTF
 11
470085.32399999996
 21
4349804.746
 31
0.0
100
AcDbText
  0
TEXT
  5
3C6
330
17
100
AcDbEntity
  8
钻孔
 62
8
100
AcDbText
 10
470084.414
 20
4349803.996
 30
0.0
 40
0.7
  1
0.27
  7
CN_TTF
 11
470084.414
 21
4349803.996
 31
0.0
100
AcDbText
  0
LINE
  5
3C7
330
17
100
AcDbEntity
  8
点
 62
138
420
19532
100
AcDbLine
 10
470084.762
 20
4349806.781
 30
0.0
 11
470085.762
 21
4349806.781
 31
0.0
  0
LINE
  5
3C8
330
17
100
AcDbEntity
  8
点
 62
138
420
19532
100
AcDbLine
 10
470085.262
 20
4349806.281
 30
0.0
 11
470085.262
 21
4349807.281
 31
0.0
  0
LINE
  5
3C9
330
17
100
AcDbEntity
  8
钻孔
 62
8
370
35
100
AcDbLine
 10
470085.262
 20
4349806.781
 30
0.0
 11
470084.062
 21
4349806.781
 31
0.0
  0
TEXT
  5
3CA
330
17
100
AcDbEntity
  8
钻孔
 62
138
420
19532
100
AcDbText
 10
470082.98199999996
 20
4349807.181000001
 30
0.0
 40
0.4
  1
BS-3940-1008-P49
  7
CN_TTF
 11
470082.98199999996
 21
4349807.181000001
 31
0.0
100
AcDbText
  0
TEXT
  5
3CB
330
17
100
AcDbEntity
  8
钻孔
 62
8
100
AcDbText
 10
470082.072
 20
4349806.431000001
 30
0.0
 40
0.7
  1
0.24
  7
CN_TTF
 11
470082.072
 21
4349806.431000001
 31
0.0
100
AcDbText
  0
LINE
  5
3CC
330
17
100
AcDbEntity
  8
点
 62
138
420
19532
100
AcDbLine
 10
470092.838
 20
4349796.206
 30
0.0
 11
470093.838
 21
4349796.206
 31
0.0
  0
LINE
  5
3CD
330
17
100
AcDbEntity
  8
点
 62
138
420
19532
100
AcDbLine
 10
470093.338
 20
4349795.706
 30
0.0
 11
470093.338
 21
4349796.706
 31
0.0
  0
LINE
  5
3CE
330
17
100
AcDbEntity
  8
钻孔
 62
8
370
35
100
AcDbLine
 10
470093.338
 20
4349796.206
 30
0.0
 11
470092.138
 21
4349796.206
 31
0.0
  0
TEXT
  5
3CF
330
17
100
AcDbEntity
  8
钻孔
 62
138
420
19532
100
AcDbText
 10
470091.05799999996
 20
4349796.606000001
 30
0.0
 40
0.4
  1
BS-3940-1008-P50
  7
CN_TTF
 11
470091.05799999996
 21
4349796.606000001
 31
0.0
100
AcDbText
  0
TEXT
  5
3D0
330
17
100
AcDbEntity
  8
钻孔
 62
8
100
AcDbText
 10
470090.148
 20
4349795.856000001
 30
0.0
 40
0.7
  1
0.27
  7
CN_TTF
 11
470090.148
 21
4349795.856000001
 31
0.0
100
AcDbText
  0
LINE
  5
3D1
330
17
100
AcDbEntity
  8
0
 62
7
100
AcDbLine
 10
470104.21018022706
 20
4349727.385382343
 30
0.0
 11
470096.4662226357
 21
4349726.059815983
 31
0.0
  0
MTEXT
  5
3D2
330
17
100
AcDbEntity
  8
0
100
AcDbMText
 10
470096.4662226357
 20
4349726.059815983
 30
0.0
 40
3.0
 71
1
  1
1号矿块
  7
CN_TTF
  0
LINE
  5
3D3
330
17
100
AcDbEntity
  8
0
 62
7
100
AcDbLine
 10
470107.1909902799
 20
4349737.133153811
 30
0.0
 11
470116.40072082233
 21
4349732.2241265215
 31
0.0
  0
MTEXT
  5
3D4
330
17
100
AcDbEntity
  8
0
100
AcDbMText
 10
470116.40072082233
 20
4349732.2241265215
 30
0.0
 40
3.0
 71
1
  1
2号矿块
  7
CN_TTF
  0
LINE
  5
3D5
330
17
100
AcDbEntity
  8
0
 62
7
100
AcDbLine
 10
470094.58349999995
 20
4349772.852
 30
0.0
 11
470089.884733847
 21
4349778.908140963
 31
0.0
  0
MTEXT
  5
3D6
330
17
100
AcDbEntity
  8
0
100
AcDbMText
 10
470089.884733847
 20
4349778.908140963
 30
0.0
 40
3.0
 71
1
  1
3号矿块
  7
CN_TTF
  0
TEXT
  5
3D7
330
17
100
AcDbEntity
  8
0
 62
7
100
AcDbText
 10
470085.262
 20
4349818.781
 30
0.0
 40
5.0
  1
3940平台 1008二次圈矿矿块图
  7
CN_TTF
 11
470085.262
 21
4349818.781
 31
0.0
100
AcDbText
  0
IMAGE
  5
3DB
330
17
100
AcDbEntity
  8
0
100
AcDbRasterImage
 90
0
 10
470117.541
 20
4349796.651327995
 30
0.0
 11
0.03051106025934401
 21
0.0
 31
0.0
 12
1.8682636142598827e-18
 22
0.03051106025934401
 32
0.0
 13
1311.0
 23
332.0
340
3DA
 70
3
280
0
281
50
282
50
283
0
360
3DC
 71
1
 91
2
 14
-0.5
 24
-0.5
 14
1310.5
 24
331.5
290
0
  0
ENDSEC
  0
SECTION
  2
OBJECTS
  0
DICTIONARY
  5
A
330
0
100
AcDbDictionary
281
1
  3
ACAD_COLOR
350
B
  3
ACAD_GROUP
350
C
  3
ACAD_LAYOUT
350
D
  3
ACAD_MATERIAL
350
E
  3
ACAD_MLEADERSTYLE
350
F
  3
ACAD_MLINESTYLE
350
10
  3
ACAD_PLOTSETTINGS
350
11
  3
ACAD_PLOTSTYLENAME
350
12
  3
ACAD_SCALELIST
350
14
  3
ACAD_TABLESTYLE
350
15
  3
ACAD_VISUALSTYLE
350
16
  3
EZDXF_META
350
2D
  3
ACAD_IMAGE_VARS
350
3D8
  3
ACAD_IMAGE_DICT
350
3D9
  0
DICTIONARY
  5
B
330
A
100
AcDbDictionary
281
1
  0
DICTIONARY
  5
C
330
A
100
AcDbDictionary
281
1
  0
DICTIONARY
  5
D
330
A
100
AcDbDictionary
281
1
  3
Model
350
1A
  3
Layout1
350
1E
  0
DICTIONARY
  5
E
330
A
100
AcDbDictionary
281
1
  3
ByBlock
350
1F
  3
ByLayer
350
20
  3
Global
350
21
  0
DICTIONARY
  5
F
330
A
100
AcDbDictionary
281
1
  3
Standard
350
2C
  0
DICTIONARY
  5
10
330
A
100
AcDbDictionary
281
1
  3
Standard
350
22
  0
DICTIONARY
  5
11
330
A
100
AcDbDictionary
281
1
  0
ACDBDICTIONARYWDFLT
  5
12
330
A
100
AcDbDictionary
281
1
  3
Normal
350
13
100
AcDbDictionaryWithDefault
340
13
  0
ACDBPLACEHOLDER
  5
13
330
12
  0
DICTIONARY
  5
14
330
A
100
AcDbDictionary
281
1
  0
DICTIONARY
  5
15
330
A
100
AcDbDictionary
281
1
  0
DICTIONARY
  5
16
330
A
100
AcDbDictionary
281
1
  0
LAYOUT
  5
1A
330
D
100
AcDbPlotSettings
  1

  4
A3
  6

 40
7.5
 41
20.0
 42
7.5
 43
20.0
 44
420.0
 45
297.0
 46
0.0
 47
0.0
 48
0.0
 49
0.0
140
0.0
141
0.0
142
1.0
143
1.0
 70
1024
 72
1
 73
0
 74
5
  7

 75
16
 76
0
 77
2
 78
300
147
1.0
148
0.0
149
0.0
100
AcDbLayout
  1
Model
 70
1
 71
0
 10
0.0
 20
0.0
 11
420.0
 21
297.0
 12
0.0
 22
0.0
 32
0.0
 14
1e+20
 24
1e+20
 34
1e+20
 15
-1e+20
 25
-1e+20
 35
-1e+20
146
0.0
 13
0.0
 23
0.0
 33
0.0
 16
1.0
 26
0.0
 36
0.0
 17
0.0
 27
1.0
 37
0.0
 76
1
330
17
  0
LAYOUT
  5
1E
330
D
100
AcDbPlotSettings
  1

  4
A3
  6

 40
7.5
 41
20.0
 42
7.5
 43
20.0
 44
420.0
 45
297.0
 46
0.0
 47
0.0
 48
0.0
 49
0.0
140
0.0
141
0.0
142
1.0
143
1.0
 70
0
 72
1
 73
0
 74
5
  7

 75
16
 76
0
 77
2
 78
300
147
1.0
148
0.0
149
0.0
100
AcDbLayout
  1
Layout1
 70
1
 71
1
 10
0.0
 20
0.0
 11
420.0
 21
297.0
 12
0.0
 22
0.0
 32
0.0
 14
1e+20
 24
1e+20
 34
1e+20
 15
-1e+20
 25
-1e+20
 35
-1e+20
146
0.0
 13
0.0
 23
0.0
 33
0.0
 16
1.0
 26
0.0
 36
0.0
 17
0.0
 27
1.0
 37
0.0
 76
1
330
1B
  0
MATERIAL
  5
1F
102
{ACAD_REACTORS
330
E
102
}
330
E
100
AcDbMaterial
  1
ByBlock
  2

 70
0
 40
1.0
 71
1
 41
1.0
 91
-1023410177
 42
1.0
 72
1
  3

 73
1
 74
1
 75
1
 44
0.5
 73
0
 45
1.0
 46
1.0
 77
1
  4

 78
1
 79
1
170
1
 48
1.0
171
1
  6

172
1
173
1
174
1
140
1.0
141
1.0
175
1
  7

176
1
177
1
178
1
143
1.0
179
1
  8

270
1
271
1
272
1
145
1.0
146
1.0
273
1
  9

274
1
275
1
276
1
 42
1.0
 72
1
  3

 73
1
 74
1
 75
1
 94
63
  0
MATERIAL
  5
20
102
{ACAD_REACTORS
330
E
102
}
330
E
100
AcDbMaterial
  1
ByLayer
  2

 70
0
 40
1.0
 71
1
 41
1.0
 91
-1023410177
 42
1.0
 72
1
  3

 73
1
 74
1
 75
1
 44
0.5
 73
0
 45
1.0
 46
1.0
 77
1
  4

 78
1
 79
1
170
1
 48
1.0
171
1
  6

172
1
173
1
174
1
140
1.0
141
1.0
175
1
  7

176
1
177
1
178
1
143
1.0
179
1
  8

270
1
271
1
272
1
145
1.0
146
1.0
273
1
  9

274
1
275
1
276
1
 42
1.0
 72
1
  3

 73
1
 74
1
 75
1
 94
63
  0
MATERIAL
  5
21
102
{ACAD_REACTORS
330
E
102
}
330
E
100
AcDbMaterial
  1
Global
  2

 70
0
 40
1.0
 71
1
 41
1.0
 91
-1023410177
 42
1.0
 72
1
  3

 73
1
 74
1
 75
1
 44
0.5
 73
0
 45
1.0
 46
1.0
 77
1
  4

 78
1
 79
1
170
1
 48
1.0
171
1
  6

172
1
173
1
174
1
140
1.0
141
1.0
175
1
  7

176
1
177
1
178
1
143
1.0
179
1
  8

270
1
271
1
272
1
145
1.0
146
1.0
273
1
  9

274
1
275
1
276
1
 42
1.0
 72
1
  3

 73
1
 74
1
 75
1
 94
63
  0
MLINESTYLE
  5
22
102
{ACAD_REACTORS
330
10
102
}
330
10
100
AcDbMlineStyle
  2
Standard
 70
0
  3

 62
256
 51
90.0
 52
90.0
 71
2
 49
0.5
 62
256
  6
BYLAYER
 49
-0.5
 62
256
  6
BYLAYER
  0
MLEADERSTYLE
  5
2C
102
{ACAD_REACTORS
330
F
102
}
330
F
100
AcDbMLeaderStyle
179
2
170
2
171
1
172
0
 90
2
 40
0.0
 41
0.0
173
1
 91
-1056964608
 92
-2
290
1
 42
2.0
291
1
 43
8.0
  3
Standard
 44
4.0
300

342
29
174
1
175
1
176
0
178
1
 93
-1056964608
 45
4.0
292
0
297
0
 46
4.0
 94
-1056964608
 47
1.0
 49
1.0
140
1.0
294
1
141
0.0
177
0
142
1.0
295
0
296
0
143
3.75
271
0
272
9
273
9
  0
DICTIONARY
  5
2D
330
A
100
AcDbDictionary
280
1
281
1
  3
CREATED_BY_EZDXF
350
2E
  3
WRITTEN_BY_EZDXF
350
3DF
  0
DICTIONARYVAR
  5
2E
330
2D
100
DictionaryVariables
280
0
  1
1.4.4 @ 2026-10-10T07:24:14.164143+00:00
  0
RASTERVARIABLES
  5
3D8
102
{ACAD_REACTORS
330
A
102
}
330
A
100
AcDbRasterVariables
 90
0
 70
0
 71
1
 72
3
  0
DICTIONARY
  5
3D9
330
A
100
AcDbDictionary
281
1
  3
D:\WK\N CRT\北部山头3940平台2026\7、单日数据\北部山头3940平台-1008\二次圈矿成果_3940_1008_strip\3940平台 1008炮孔数据报告.png
350
3DA
  0
IMAGEDEF
  5
3DA
102
{ACAD_REACTORS
330
3D9
330
3DC
102
}
330
3D9
100
AcDbRasterImageDef
 90
0
  1
D:\WK\N CRT\北部山头3940平台2026\7、单日数据\北部山头3940平台-1008\二次圈矿成果_3940_1008_strip\3940平台 1008炮孔数据报告.png
 10
1311.0
 20
332.0
 11
0.01
 21
0.01
280
1
281
0
  0
IMAGEDEF_REACTOR
  5
3DC
330
3DB
100
AcDbRasterImageDefReactor
 90
2
330
3DB
  0
DICTIONARYVAR
  5
3DF
330
2D
100
DictionaryVariables
280
0
  1
1.4.4 @ 2026-10-10T07:24:14.304490+00:00
  0
ENDSEC
  0
EOF
