  0
SECTION
  2
HEADER
  9
$ACADVER
  1
AC1027
  9
$ACADMAINTVER
 70
   125
  9
$DWGCODEPAGE
  3
ANSI_936
  9
$LASTSAVEDBY
  1
ezdxf
  9
$REQUIREDVERSIONS
160
                 0
  9
$INSBASE
 10
0.0
 20
0.0
 30
0.0
  9
$EXTMIN
 10
470084.25
 20
4349649.07009966
 30
0.0
  9
$EXTMAX
 10
470232.7919888268
 20
4349745.187
 30
0.0
  9
$LIMMIN
 10
0.0
 20
0.0
  9
$LIMMAX
 10
420.0
 20
297.0
  9
$ORTHOMODE
 70
     0
  9
$REGENMODE
 70
     1
  9
$FILLMODE
 70
     1
  9
$QTEXTMODE
 70
     0
  9
$MIRRTEXT
 70
     1
  9
$LTSCALE
 40
1.0
  9
$ATTMODE
 70
     1
  9
$TEXTSIZE
 40
2.5
  9
$TRACEWID
 40
1.0
  9
$TEXTSTYLE
  7
Standard
  9
$CLAYER
  8
0
  9
$CELTYPE
  6
ByLayer
  9
$CECOLOR
 62
   256
  9
$CELTSCALE
 40
1.0
  9
$DISPSILH
 70
     0
  9
$DIMSCALE
 40
1.0
  9
$DIMASZ
 40
2.5
  9
$DIMEXO
 40
0.625
  9
$DIMDLI
 40
3.75
  9
$DIMRND
 40
0.0
  9
$DIMDLE
 40
0.0
  9
$DIMEXE
 40
1.25
  9
$DIMTP
 40
0.0
  9
$DIMTM
 40
0.0
  9
$DIMTXT
 40
2.5
  9
$DIMCEN
 40
2.5
  9
$DIMTSZ
 40
0.0
  9
$DIMTOL
 70
     0
  9
$DIMLIM
 70
     0
  9
$DIMTIH
 70
     0
  9
$DIMTOH
 70
     0
  9
$DIMSE1
 70
     0
  9
$DIMSE2
 70
     0
  9
$DIMTAD
 70
     1
  9
$DIMZIN
 70
     8
  9
$DIMBLK
  1

  9
$DIMASO
 70
     1
  9
$DIMSHO
 70
     1
  9
$DIMPOST
  1

  9
$DIMAPOST
  1

  9
$DIMALT
 70
     0
  9
$DIMALTD
 70
     3
  9
$DIMALTF
 40
0.03937007874
  9
$DIMLFAC
 40
1.0
  9
$DIMTOFL
 70
     1
  9
$DIMTVP
 40
0.0
  9
$DIMTIX
 70
     0
  9
$DIMSOXD
 70
     0
  9
$DIMSAH
 70
     0
  9
$DIMBLK1
  1

  9
$DIMBLK2
  1

  9
$DIMSTYLE
  2
Standard
  9
$DIMCLRD
 70
     0
  9
$DIMCLRE
 70
     0
  9
$DIMCLRT
 70
     0
  9
$DIMTFAC
 40
1.0
  9
$DIMGAP
 40
0.625
  9
$DIMJUST
 70
     0
  9
$DIMSD1
 70
     0
  9
$DIMSD2
 70
     0
  9
$DIMTOLJ
 70
     0
  9
$DIMTZIN
 70
     8
  9
$DIMALTZ
 70
     0
  9
$DIMALTTZ
 70
     0
  9
$DIMUPT
 70
     0
  9
$DIMDEC
 70
     2
  9
$DIMTDEC
 70
     2
  9
$DIMALTU
 70
     2
  9
$DIMALTTD
 70
     3
  9
$DIMTXSTY
  7
Standard
  9
$DIMAUNIT
 70
     0
  9
$DIMADEC
 70
     0
  9
$DIMALTRND
 40
0.0
  9
$DIMAZIN
 70
     0
  9
$DIMDSEP
 70
    44
  9
$DIMATFIT
 70
     3
  9
$DIMFRAC
 70
     0
  9
$DIMLDRBLK
  1

  9
$DIMLUNIT
 70
     2
  9
$DIMLWD
 70
    -2
  9
$DIMLWE
 70
    -2
  9
$DIMTMOVE
 70
     0
  9
$DIMFXL
 40
1.0
  9
$DIMFXLON
 70
     0
  9
$DIMJOGANG
 40
0.785398163397
  9
$DIMTFILL
 70
     0
  9
$DIMTFILLCLR
 70
     0
  9
$DIMARCSYM
 70
     0
  9
$DIMLTYPE
  6

  9
$DIMLTEX1
  6

  9
$DIMLTEX2
  6

  9
$DIMTXTDIRECTION
 70
     0
  9
$LUNITS
 70
     2
  9
$LUPREC
 70
     4
  9
$SKETCHINC
 40
1.0
  9
$FILLETRAD
 40
10.0
  9
$AUNITS
 70
     0
  9
$AUPREC
 70
     2
  9
$MENU
  1
.
  9
$ELEVATION
 40
0.0
  9
$PELEVATION
 40
0.0
  9
$THICKNESS
 40
0.0
  9
$LIMCHECK
 70
     0
  9
$CHAMFERA
 40
0.0
  9
$CHAMFERB
 40
0.0
  9
$CHAMFERC
 40
0.0
  9
$CHAMFERD
 40
0.0
  9
$SKPOLY
 70
     0
  9
$TDCREATE
 40
2458532.362326389
  9
$TDUCREATE
 40
2458532.153996898
  9
$TDUPDATE
 40
2458532.362754630
  9
$TDUUPDATE
 40
2458532.154431100
  9
$TDINDWG
 40
0.0000115741
  9
$TDUSRTIMER
 40
0.0000115741
  9
$USRTIMER
 70
     1
  9
$ANGBASE
 50
0.0
  9
$ANGDIR
 70
     0
  9
$PDMODE
 70
     0
  9
$PDSIZE
 40
0.0
  9
$PLINEWID
 40
0.0
  9
$SPLFRAME
 70
     0
  9
$SPLINETYPE
 70
     6
  9
$SPLINESEGS
 70
     8
  9
$HANDSEED
  5
5EA
  9
$SURFTAB1
 70
     6
  9
$SURFTAB2
 70
     6
  9
$SURFTYPE
 70
     6
  9
$SURFU
 70
     6
  9
$SURFV
 70
     6
  9
$UCSBASE
  2

  9
$UCSNAME
  2

  9
$UCSORG
 10
0.0
 20
0.0
 30
0.0
  9
$UCSXDIR
 10
1.0
 20
0.0
 30
0.0
  9
$UCSYDIR
 10
0.0
 20
1.0
 30
0.0
  9
$UCSORTHOREF
  2

  9
$UCSORTHOVIEW
 70
     0
  9
$UCSORGTOP
 10
0.0
 20
0.0
 30
0.0
  9
$UCSORGBOTTOM
 10
0.0
 20
0.0
 30
0.0
  9
$UCSORGLEFT
 10
0.0
 20
0.0
 30
0.0
  9
$UCSORGRIGHT
 10
0.0
 20
0.0
 30
0.0
  9
$UCSORGFRONT
 10
0.0
 20
0.0
 30
0.0
  9
$UCSORGBACK
 10
0.0
 20
0.0
 30
0.0
  9
$PUCSBASE
  2

  9
$PUCSNAME
  2

  9
$PUCSORG
 10
0.0
 20
0.0
 30
0.0
  9
$PUCSXDIR
 10
1.0
 20
0.0
 30
0.0
  9
$PUCSYDIR
 10
0.0
 20
1.0
 30
0.0
  9
$PUCSORTHOREF
  2

  9
$PUCSORTHOVIEW
 70
     0
  9
$PUCSORGTOP
 10
0.0
 20
0.0
 30
0.0
  9
$PUCSORGBOTTOM
 10
0.0
 20
0.0
 30
0.0
  9
$PUCSORGLEFT
 10
0.0
 20
0.0
 30
0.0
  9
$PUCSORGRIGHT
 10
0.0
 20
0.0
 30
0.0
  9
$PUCSORGFRONT
 10
0.0
 20
0.0
 30
0.0
  9
$PUCSORGBACK
 10
0.0
 20
0.0
 30
0.0
  9
$USERI1
 70
     0
  9
$USERI2
 70
     0
  9
$USERI3
 70
     0
  9
$USERI4
 70
     0
  9
$USERI5
 70
     0
  9
$USERR1
 40
0.0
  9
$USERR2
 40
0.0
  9
$USERR3
 40
0.0
  9
$USERR4
 40
0.0
  9
$USERR5
 40
0.0
  9
$WORLDVIEW
 70
     1
  9
$SHADEDGE
 70
     3
  9
$SHADEDIF
 70
    70
  9
$TILEMODE
 70
     1
  9
$MAXACTVP
 70
    64
  9
$PINSBASE
 10
0.0
 20
0.0
 30
0.0
  9
$PLIMCHECK
 70
     0
  9
$PEXTMIN
 10
1.000000000000000E+20
 20
1.000000000000000E+20
 30
1.000000000000000E+20
  9
$PEXTMAX
 10
-1.000000000000000E+20
 20
-1.000000000000000E+20
 30
-1.000000000000000E+20
  9
$PLIMMIN
 10
0.0
 20
0.0
  9
$PLIMMAX
 10
420.0
 20
297.0
  9
$UNITMODE
 70
     0
  9
$VISRETAIN
 70
     1
  9
$PLINEGEN
 70
     0
  9
$PSLTSCALE
 70
     1
  9
$TREEDEPTH
 70
  3020
  9
$CMLSTYLE
  2
Standard
  9
$CMLJUST
 70
     0
  9
$CMLSCALE
 40
20.0
  9
$PROXYGRAPHICS
 70
     1
  9
$MEASUREMENT
 70
     1
  9
$CELWEIGHT
370
    -1
  9
$ENDCAPS
280
     0
  9
$JOINSTYLE
280
     0
  9
$LWDISPLAY
290
     0
  9
$INSUNITS
 70
     6
  9
$HYPERLINKBASE
  1

  9
$STYLESHEET
  1

  9
$XEDIT
290
     1
  9
$CEPSNTYPE
380
     0
  9
$PSTYLEMODE
290
     1
  9
$FINGERPRINTGUID
  2
{220121E5-D488-4C21-AB58-2A0122D28512}
  9
$VERSIONGUID
  2
{6DD6F8A1-C14D-42EE-BF02-706AA83CB3AA}
  9
$EXTNAMES
290
     1
  9
$PSVPSCALE
 40
0.0
  9
$OLESTARTUP
290
     0
  9
$SORTENTS
280
   127
  9
$INDEXCTL
280
     0
  9
$HIDETEXT
280
     1
  9
$XCLIPFRAME
280
     1
  9
$HALOGAP
280
     0
  9
$OBSCOLOR
 70
   257
  9
$OBSLTYPE
280
     0
  9
$INTERSECTIONDISPLAY
280
     0
  9
$INTERSECTIONCOLOR
 70
   257
  9
$DIMASSOC
280
     2
  9
$PROJECTNAME
  1

  9
$CAMERADISPLAY
290
     0
  9
$LENSLENGTH
 40
50.0
  9
$CAMERAHEIGHT
 40
0.0
  9
$STEPSPERSEC
 40
24.0
  9
$STEPSIZE
 40
100.0
  9
$3DDWFPREC
 40
2.0
  9
$PSOLWIDTH
 40
0.005
  9
$PSOLHEIGHT
 40
0.08
  9
$LOFTANG1
 40
1.570796326795
  9
$LOFTANG2
 40
1.570796326795
  9
$LOFTMAG1
 40
0.0
  9
$LOFTMAG2
 40
0.0
  9
$LOFTPARAM
 70
     7
  9
$LOFTNORMALS
280
     1
  9
$LATITUDE
 40
37.795
  9
$LONGITUDE
 40
-122.394
  9
$NORTHDIRECTION
 40
0.0
  9
$TIMEZONE
 70
 -8000
  9
$LIGHTGLYPHDISPLAY
280
     1
  9
$TILEMODELIGHTSYNCH
280
     1
  9
$CMATERIAL
347
20
  9
$SOLIDHIST
280
     0
  9
$SHOWHIST
280
     1
  9
$DWFFRAME
280
     2
  9
$DGNFRAME
280
     2
  9
$REALWORLDSCALE
290
     1
  9
$INTERFERECOLOR
 62
   256
  9
$INTERFEREOBJVS
345
5B4
  9
$INTERFEREVPVS
346
5B1
  9
$CSHADOW
280
     0
  9
$SHADOWPLANELOCATION
 40
0.0
  0
ENDSEC
  0
SECTION
  2
CLASSES
  0
CLASS
  1
ACDBDICTIONARYWDFLT
  2
AcDbDictionaryWithDefault
  3
ObjectDBX Classes
 90
        0
 91
        1
280
     0
281
     0
  0
CLASS
  1
SUN
  2
AcDbSun
  3
SCENEOE
 90
     1153
 91
        0
280
     0
281
     0
  0
CLASS
  1
VISUALSTYLE
  2
AcDbVisualStyle
  3
ObjectDBX Classes
 90
     4095
 91
       24
280
     0
281
     0
  0
CLASS
  1
MATERIAL
  2
AcDbMaterial
  3
ObjectDBX Classes
 90
     1153
 91
        3
280
     0
281
     0
  0
CLASS
  1
SCALE
  2
AcDbScale
  3
ObjectDBX Classes
 90
     1153
 91
       17
280
     0
281
     0
  0
CLASS
  1
TABLESTYLE
  2
AcDbTableStyle
  3
ObjectDBX Classes
 90
     4095
 91
        1
280
     0
281
     0
  0
CLASS
  1
MLEADERSTYLE
  2
AcDbMLeaderStyle
  3
ACDB_MLEADERSTYLE_CLASS
 90
     4095
 91
        1
280
     0
281
     0
  0
CLASS
  1
DICTIONARYVAR
  2
AcDbDictionaryVar
  3
ObjectDBX Classes
 90
        0
 91
        7
280
     0
281
     0
  0
CLASS
  1
CELLSTYLEMAP
  2
AcDbCellStyleMap
  3
ObjectDBX Classes
 90
     1152
 91
        1
280
     0
281
     0
  0
CLASS
  1
MENTALRAYRENDERSETTINGS
  2
AcDbMentalRayRenderSettings
  3
SCENEOE
 90
     1024
 91
        0
280
     0
281
     0
  0
CLASS
  1
ACDBDETAILVIEWSTYLE
  2
AcDbDetailViewStyle
  3
ObjectDBX Classes
 90
     1025
 91
        1
280
     0
281
     0
  0
CLASS
  1
ACDBSECTIONVIEWSTYLE
  2
AcDbSectionViewStyle
  3
ObjectDBX Classes
 90
     1025
 91
        1
280
     0
281
     0
  0
CLASS
  1
RASTERVARIABLES
  2
AcDbRasterVariables
  3
ISM
 90
        0
 91
        0
280
     0
281
     0
  0
ENDSEC
  0
SECTION
  2
TABLES
  0
TABLE
  2
VPORT
  5
8
330
0
100
AcDbSymbolTable
 70
     1
1001
ACAD
1000
DbSaveVer
1071
      279
  0
VPORT
  5
23
330
8
100
AcDbSymbolTableRecord
100
AcDbViewportTableRecord
  2
*Active
 70
     0
 10
0.0
 20
0.0
 11
1.0
 21
1.0
 12
167.5
 22
0.0
 13
0.0
 23
0.0
 14
0.5
 24
0.5
 15
0.5
 25
0.5
 16
0.0
 26
0.0
 36
1.0
 17
0.0
 27
0.0
 37
0.0
 40
1000.0
 41
1.675
 42
50.0
 43
0.0
 44
0.0
 50
0.0
 51
0.0
 71
     0
 72
  1000
 73
     1
 74
     3
 75
     0
 76
     0
 77
     0
 78
     0
281
     0
 65
     0
110
0.0
120
0.0
130
0.0
111
1.0
121
0.0
131
0.0
112
0.0
122
1.0
132
0.0
 79
     0
146
0.0
348
5B0
 60
     3
 61
     5
292
     1
282
     1
141
0.0
142
0.0
 63
   250
421
  3355443
1001
ACAD_NAV_VCDISPLAY
1070
     3
  0
ENDTAB
  0
TABLE
  2
LTYPE
  5
2
330
0
100
AcDbSymbolTable
 70
     1
  0
LTYPE
  5
24
330
2
100
AcDbSymbolTableRecord
100
AcDbLinetypeTableRecord
  2
ByBlock
 70
     0
  3

 72
    65
 73
     0
 40
0.0
  0
LTYPE
  5
25
330
2
100
AcDbSymbolTableRecord
100
AcDbLinetypeTableRecord
  2
ByLayer
 70
     0
  3

 72
    65
 73
     0
 40
0.0
  0
LTYPE
  5
26
330
2
100
AcDbSymbolTableRecord
100
AcDbLinetypeTableRecord
  2
Continuous
 70
     0
  3

 72
    65
 73
     0
 40
0.0
  0
ENDTAB
  0
TABLE
  2
LAYER
  5
1
330
0
100
AcDbSymbolTable
 70
    11
  0
LAYER
  5
27
330
1
100
AcDbSymbolTableRecord
100
AcDbLayerTableRecord
  2
0
 70
     0
 62
     7
  6
Continuous
370
    -3
390
13
347
21
348
0
  0
LAYER
  5
28
330
1
100
AcDbSymbolTableRecord
100
AcDbLayerTableRecord
  2
Defpoints
 70
     0
 62
     7
  6
Continuous
290
     0
370
    -3
390
13
347
21
348
0
  0
LAYER
  5
2F
330
1
100
AcDbSymbolTableRecord
100
AcDbLayerTableRecord
  2
0.500-1.000
 70
     0
 62
     4
  6
Continuous
370
    -3
390
13
347
21
348
0
  0
LAYER
  5
30
330
1
100
AcDbSymbolTableRecord
100
AcDbLayerTableRecord
  2
1.000-1.500
 70
     0
 62
     5
  6
Continuous
370
    -3
390
13
347
21
348
0
  0
LAYER
  5
31
330
1
100
AcDbSymbolTableRecord
100
AcDbLayerTableRecord
  2
1.500-3.000
 70
     0
 62
     1
  6
Continuous
370
    -3
390
13
347
21
348
0
  0
LAYER
  5
32
330
1
100
AcDbSymbolTableRecord
100
AcDbLayerTableRecord
  2
3.000-999.000
 70
     0
 62
     2
  6
Continuous
370
    -3
390
13
347
21
348
0
  0
LAYER
  5
33
330
1
100
AcDbSymbolTableRecord
100
AcDbLayerTableRecord
  2
爆区方格网
 70
     0
 62
     7
  6
Continuous
370
    -3
390
13
347
21
348
0
  0
LAYER
  5
34
330
1
100
AcDbSymbolTableRecord
100
AcDbLayerTableRecord
  2
钻孔
 70
     0
 62
     7
  6
Continuous
370
    -3
390
13
347
21
348
0
  0
LAYER
  5
35
330
1
100
AcDbSymbolTableRecord
100
AcDbLayerTableRecord
  2
线条
 70
     0
 62
     7
  6
Continuous
370
    -3
390
13
347
21
348
0
  0
LAYER
  5
36
330
1
100
AcDbSymbolTableRecord
100
AcDbLayerTableRecord
  2
点
 70
     0
 62
     7
  6
Continuous
370
    -3
390
13
347
21
348
0
  0
LAYER
  5
37
330
1
100
AcDbSymbolTableRecord
100
AcDbLayerTableRecord
  2
报告
 70
     0
 62
     7
  6
Continuous
370
    -3
390
13
347
21
348
0
  0
ENDTAB
  0
TABLE
  2
STYLE
  5
5
330
0
100
AcDbSymbolTable
 70
     1
  0
STYLE
  5
29
330
5
100
AcDbSymbolTableRecord
100
AcDbTextStyleTableRecord
  2
Standard
 70
     0
 40
0.0
 41
1.0
 50
0.0
 71
     0
 42
2.5
  3
txt
  4

  0
ENDTAB
  0
TABLE
  2
VIEW
  5
7
330
0
100
AcDbSymbolTable
 70
     0
  0
ENDTAB
  0
TABLE
  2
UCS
  5
6
330
0
100
AcDbSymbolTable
 70
     0
  0
ENDTAB
  0
TABLE
  2
APPID
  5
3
330
0
100
AcDbSymbolTable
 70
     4
  0
APPID
  5
2A
330
3
100
AcDbSymbolTableRecord
100
AcDbRegAppTableRecord
  2
ACAD
 70
     0
  0
APPID
  5
5A5
330
3
100
AcDbSymbolTableRecord
100
AcDbRegAppTableRecord
  2
HATCHBACKGROUNDCOLOR
 70
     0
  0
APPID
  5
5A6
330
3
100
AcDbSymbolTableRecord
100
AcDbRegAppTableRecord
  2
EZDXF
 70
     0
  0
APPID
  5
5E2
330
3
100
AcDbSymbolTableRecord
100
AcDbRegAppTableRecord
  2
ACAD_NAV_VCDISPLAY
 70
     0
  0
ENDTAB
  0
TABLE
  2
DIMSTYLE
  5
4
330
0
100
AcDbSymbolTable
 70
     1
100
AcDbDimStyleTable
 71
     0
  0
DIMSTYLE
105
2B
330
4
100
AcDbSymbolTableRecord
100
AcDbDimStyleTableRecord
  2
Standard
 70
     0
 41
2.5
 42
0.625
 43
3.75
 44
1.25
 49
2.5
 73
     0
 74
     0
 77
     1
 78
     8
 79
     3
140
2.5
141
2.5
143
0.03937007874
147
0.625
171
     3
172
     1
179
     2
271
     2
272
     2
274
     3
278
    44
283
     0
284
     8
  0
ENDTAB
  0
TABLE
  2
BLOCK_RECORD
  5
9
330
0
100
AcDbSymbolTable
 70
     0
  0
BLOCK_RECORD
  5
17
330
9
100
AcDbSymbolTableRecord
100
AcDbBlockTableRecord
  2
*Model_Space
340
1A
 70
     0
280
     1
281
     0
  0
BLOCK_RECORD
  5
1B
330
9
100
AcDbSymbolTableRecord
100
AcDbBlockTableRecord
  2
*Paper_Space
340
1E
 70
     0
280
     1
281
     0
  0
ENDTAB
  0
ENDSEC
  0
SECTION
  2
BLOCKS
  0
BLOCK
  5
18
330
17
100
AcDbEntity
  8
0
100
AcDbBlockBegin
  2
*Model_Space
 70
     0
 10
0.0
 20
0.0
 30
0.0
  3
*Model_Space
  1

  0
ENDBLK
  5
19
330
17
100
AcDbEntity
  8
0
100
AcDbBlockEnd
  0
BLOCK
  5
1C
330
1B
100
AcDbEntity
 67
     1
  8
0
100
AcDbBlockBegin
  2
*Paper_Space
 70
     0
 10
0.0
 20
0.0
 30
0.0
  3
*Paper_Space
  1

  0
ENDBLK
  5
1D
330
1B
100
AcDbEntity
 67
     1
  8
0
100
AcDbBlockEnd
  0
ENDSEC
  0
SECTION
  2
ENTITIES
  0
HATCH
  5
38
330
17
100
AcDbEntity
  8
1.500-3.000
 62
     1
100
AcDbHatch
 10
0.0
 20
0.0
 30
0.0
210
0.0
220
0.0
230
1.0
  2
SOLID
 70
     0
 71
     0
 91
        1
 92
        3
 72
     0
 73
     1
 93
       51
 10
470089.243145109
 20
4349649.727441547
 10
470089.0060563866
 20
4349649.556029756
 10
470088.7533987006
 20
4349649.40852668
 10
470088.4875749117
 20
4349649.28633512
 10
470088.2111130946
 20
4349649.190617161
 10
470087.9266424953
 20
4349649.122283113
 10
470087.636868526
 20
4349649.081982857
 10
470087.3445470358
 20
4349649.07009966
 10
470087.0524581015
 20
4349649.086746537
 10
470086.7633795886
 20
4349649.13176517
 10
470086.4800607319
 20
4349649.204727417
 10
470086.2051959903
 20
4349649.30493938
 10
470085.9413994211
 20
4349649.431448013
 10
470085.6911798193
 20
4349649.583050173
 10
470085.4569168586
 20
4349649.758304074
 10
470085.2408384597
 20
4349649.955542987
 10
470085.0449996015
 20
4349650.172891109
 10
470084.8712627784
 20
4349650.40828138
 10
470084.7212802864
 20
4349650.659475163
 10
470084.5964785103
 20
4349650.924083515
 10
470084.4980443576
 20
4349651.199589924
 10
470084.4269139703
 20
4349651.483374231
 10
470084.3837638227
 20
4349651.772737547
 10
470084.3690042877
 20
4349652.06492793
 10
470084.3827757331
 20
4349652.35716655
 10
470084.4249471879
 20
4349652.646674119
 10
470084.4951175873
 20
4349652.930697321
 10
470085.7063033374
 20
4349656.974866324
 10
470087.7589213536
 20
4349663.828591411
 10
470090.8374754747
 20
4349662.952583649
 10
470095.7972466163
 20
4349665.391547016
 10
470094.540849974
 20
4349669.234445546
 10
470097.8001144993
 20
4349671.997371839
 10
470095.5763202208
 20
4349676.247862697
 10
470098.7915192861
 20
4349678.362692751
 10
470103.7256132605
 20
4349674.604568209
 10
470102.4502457856
 20
4349671.275450967
 10
470100.8574616404
 20
4349667.117774636
 10
470100.7549122947
 20
4349666.881086863
 10
470100.6324097494
 20
4349666.654083344
 10
470098.8079097494
 20
4349663.595583344
 10
470096.9834097494
 20
4349660.537083345
 10
470096.9788100703
 20
4349660.529398769
 10
470095.24581007
 20
4349657.643898768
 10
470093.5128100702
 20
4349654.758398768
 10
470093.3810978265
 20
4349654.557742828
 10
470093.2337659951
 20
4349654.368258651
 10
470091.447765995
 20
4349652.25175865
 10
470089.6617659952
 20
4349650.13525865
 10
470089.4624100732
 20
4349649.921131864
 10
470089.243145109
 20
4349649.727441547
 97
        0
 75
     1
 76
     1
 52
0.0
 41
1.0
 77
     0
 78
     1
 53
45.0
 43
0.0
 44
0.0
 45
-0.0883883476
 46
0.0883883476
 79
     0
 98
        0
  0
HATCH
  5
39
330
17
100
AcDbEntity
  8
1.500-3.000
 62
     1
100
AcDbHatch
 10
0.0
 20
0.0
 30
0.0
210
0.0
220
0.0
230
1.0
  2
SOLID
 70
     0
 71
     0
 91
        1
 92
        3
 72
     0
 73
     1
 93
       18
 10
470103.8638751609
 20
4349717.603295245
 10
470105.8825442941
 20
4349724.343664456
 10
470106.9011175873
 20
4349727.74469732
 10
470106.9979452364
 20
4349728.018886267
 10
470107.1208633682
 20
4349728.282412936
 10
470107.2687171643
 20
4349728.532801488
 10
470107.4401175357
 20
4349728.767699517
 10
470107.6334541724
 20
4349728.984900155
 10
470107.8469106731
 20
4349729.182362796
 10
470108.07848161
 20
4349729.358232274
 10
470108.3259913696
 20
4349729.510856293
 10
470108.587114593
 20
4349729.638800947
 10
470113.576614593
 20
4349731.790300948
 10
470115.3947083438
 20
4349727.573996616
 10
470109.4633504074
 20
4349723.278644713
 10
470111.3856567989
 20
4349719.01879421
 10
470109.3244010315
 20
4349716.732567613
 10
470103.8638751609
 20
4349717.603295245
 97
        0
 75
     1
 76
     1
 52
0.0
 41
1.0
 77
     0
 78
     1
 53
45.0
 43
0.0
 44
0.0
 45
-0.0883883476
 46
0.0883883476
 79
     0
 98
        0
  0
HATCH
  5
3A
330
17
100
AcDbEntity
  8
0.500-1.000
 62
     4
100
AcDbHatch
 10
0.0
 20
0.0
 30
0.0
210
0.0
220
0.0
230
1.0
  2
SOLID
 70
     0
 71
     0
 91
        1
 92
        3
 72
     0
 73
     1
 93
       55
 10
470093.8251364292
 20
4349684.083782638
 10
470097.0474503276
 20
4349694.843141381
 10
470101.1216060481
 20
4349708.446813884
 10
470103.8638751609
 20
4349717.603295245
 10
470109.3244010315
 20
4349716.732567613
 10
470111.3856567989
 20
4349719.01879421
 10
470109.4633504074
 20
4349723.278644713
 10
470115.3947083438
 20
4349727.573996616
 10
470113.576614593
 20
4349731.790300948
 10
470118.5661145929
 20
4349733.941800947
 10
470118.843740202
 20
4349734.045570814
 10
470119.1302503677
 20
4349734.121439706
 10
470119.4228486185
 20
4349734.168667111
 10
470119.71867906
 20
4349734.186792063
 10
470120.0148542501
 20
4349734.175637659
 10
470120.3084833822
 20
4349734.135312767
 10
470120.5967004997
 20
4349734.066210979
 10
470120.8766924707
 20
4349733.969006761
 10
470121.1457264436
 20
4349733.844648867
 10
470121.4011765226
 20
4349733.694351093
 10
470121.6405493966
 20
4349733.519580411
 10
470121.8615086756
 20
4349733.322042665
 10
470122.0618976948
 20
4349733.103665915
 10
470122.2397605647
 20
4349732.866581619
 10
470122.3933612616
 20
4349732.613103828
 10
470122.5212005713
 20
4349732.345706605
 10
470122.6220307232
 20
4349732.06699987
 10
470122.6948675681
 20
4349731.779703928
 10
470122.7390001849
 20
4349731.486622922
 10
470122.753997819
 20
4349731.190617458
 10
470122.7397140864
 20
4349730.894576685
 10
470122.6962884027
 20
4349730.601390099
 10
470122.624144623
 20
4349730.313919337
 10
470120.5709485821
 20
4349723.564291461
 10
470119.1335043954
 20
4349718.838871599
 10
470116.3350396626
 20
4349709.639265134
 10
470114.544144623
 20
4349703.751919339
 10
470114.4916235451
 20
4349703.594952642
 10
470112.3676710682
 20
4349697.785027044
 10
470110.9112146069
 20
4349693.800990786
 10
470109.2652560864
 20
4349689.298584707
 10
470107.4046235451
 20
4349684.208952643
 10
470107.3884616404
 20
4349684.165774638
 10
470106.0376466336
 20
4349680.639715193
 10
470103.7256132605
 20
4349674.604568209
 10
470098.7915192861
 20
4349678.362692751
 10
470095.5763202208
 20
4349676.247862697
 10
470097.8001144993
 20
4349671.997371839
 10
470094.540849974
 20
4349669.234445546
 10
470095.7972466163
 20
4349665.391547016
 10
470090.8374754747
 20
4349662.952583649
 10
470087.7589213536
 20
4349663.828591411
 10
470089.7632836357
 20
4349670.521189811
 10
470091.8436261875
 20
4349677.467487574
 10
470093.8251364292
 20
4349684.083782638
 97
        0
 75
     1
 76
     1
 52
0.0
 41
1.0
 77
     0
 78
     1
 53
45.0
 43
0.0
 44
0.0
 45
-0.0883883476
 46
0.0883883476
 79
     0
 98
        0
  0
LINE
  5
3B
330
17
100
AcDbEntity
  8
爆区方格网
100
AcDbLine
 10
470085.0
 20
4349650.233859579
 30
0.0
 11
470085.0
 21
4349654.616507945
 31
0.0
  0
LINE
  5
3C
330
17
100
AcDbEntity
  8
爆区方格网
100
AcDbLine
 10
470086.0
 20
4349649.403344998
 30
0.0
 11
470086.0
 21
4349657.955524278
 31
0.0
  0
LINE
  5
3D
330
17
100
AcDbEntity
  8
爆区方格网
100
AcDbLine
 10
470087.0
 20
4349649.094915916
 30
0.0
 11
470087.0
 21
4349661.294540614
 31
0.0
  0
LINE
  5
3E
330
17
100
AcDbEntity
  8
爆区方格网
100
AcDbLine
 10
470088.0
 20
4349649.139904671
 30
0.0
 11
470088.0
 21
4349663.759992075
 31
0.0
  0
LINE
  5
3F
330
17
100
AcDbEntity
  8
爆区方格网
100
AcDbLine
 10
470089.0
 20
4349649.552494001
 30
0.0
 11
470089.0
 21
4349663.475440391
 31
0.0
  0
LINE
  5
40
330
17
100
AcDbEntity
  8
爆区方格网
100
AcDbLine
 10
470090.0
 20
4349650.536082991
 30
0.0
 11
470090.0
 21
4349663.190888707
 31
0.0
  0
LINE
  5
41
330
17
100
AcDbEntity
  8
爆区方格网
100
AcDbLine
 10
470091.0
 20
4349651.721133382
 30
0.0
 11
470091.0
 21
4349663.032504952
 31
0.0
  0
LINE
  5
42
330
17
100
AcDbEntity
  8
爆区方格网
100
AcDbLine
 10
470092.0
 20
4349652.906183774
 30
0.0
 11
470092.0
 21
4349663.524254126
 31
0.0
  0
LINE
  5
43
330
17
100
AcDbEntity
  8
爆区方格网
100
AcDbLine
 10
470093.0
 20
4349654.091234166
 30
0.0
 11
470093.0
 21
4349664.016003299
 31
0.0
  0
LINE
  5
44
330
17
100
AcDbEntity
  8
爆区方格网
100
AcDbLine
 10
470094.0
 20
4349655.569585464
 30
0.0
 11
470094.0
 21
4349664.507752475
 31
0.0
  0
LINE
  5
45
330
17
100
AcDbEntity
  8
爆区方格网
100
AcDbLine
 10
470095.0
 20
4349657.234617201
 30
0.0
 11
470095.0
 21
4349664.99950165
 31
0.0
  0
LINE
  5
46
330
17
100
AcDbEntity
  8
爆区方格网
100
AcDbLine
 10
470095.0
 20
4349667.830058666
 30
0.0
 11
470095.0
 21
4349669.62367375
 31
0.0
  0
LINE
  5
47
330
17
100
AcDbEntity
  8
爆区方格网
100
AcDbLine
 10
470096.0
 20
4349658.899648938
 30
0.0
 11
470096.0
 21
4349670.471388401
 31
0.0
  0
LINE
  5
48
330
17
100
AcDbEntity
  8
爆区方格网
100
AcDbLine
 10
470096.0
 20
4349675.438054413
 30
0.0
 11
470096.0
 21
4349676.526542403
 31
0.0
  0
LINE
  5
49
330
17
100
AcDbEntity
  8
爆区方格网
100
AcDbLine
 10
470097.0
 20
4349660.564894407
 30
0.0
 11
470097.0
 21
4349671.319103054
 31
0.0
  0
LINE
  5
4A
330
17
100
AcDbEntity
  8
爆区方格网
100
AcDbLine
 10
470097.0
 20
4349673.526685677
 30
0.0
 11
470097.0
 21
4349677.184302627
 31
0.0
  0
LINE
  5
4B
330
17
100
AcDbEntity
  8
爆区方格网
100
AcDbLine
 10
470098.0
 20
4349662.241244091
 30
0.0
 11
470098.0
 21
4349677.842062848
 31
0.0
  0
LINE
  5
4C
330
17
100
AcDbEntity
  8
爆区方格网
100
AcDbLine
 10
470099.0
 20
4349663.917593776
 30
0.0
 11
470099.0
 21
4349678.20390038
 31
0.0
  0
LINE
  5
4D
330
17
100
AcDbEntity
  8
爆区方格网
100
AcDbLine
 10
470100.0
 20
4349665.593943461
 30
0.0
 11
470100.0
 21
4349677.442235813
 31
0.0
  0
LINE
  5
4E
330
17
100
AcDbEntity
  8
爆区方格网
100
AcDbLine
 10
470101.0
 20
4349667.489845369
 30
0.0
 11
470101.0
 21
4349676.680571248
 31
0.0
  0
LINE
  5
4F
330
17
100
AcDbEntity
  8
爆区方格网
100
AcDbLine
 10
470102.0
 20
4349670.100165383
 30
0.0
 11
470102.0
 21
4349675.918906683
 31
0.0
  0
LINE
  5
50
330
17
100
AcDbEntity
  8
爆区方格网
100
AcDbLine
 10
470103.0
 20
4349672.710485395
 30
0.0
 11
470103.0
 21
4349675.157242118
 31
0.0
  0
LINE
  5
51
330
17
100
AcDbEntity
  8
爆区方格网
100
AcDbLine
 10
470085.2007810138
 20
4349650.0
 30
0.0
 11
470089.5358377382
 21
4349650.0
 31
0.0
  0
LINE
  5
52
330
17
100
AcDbEntity
  8
爆区方格网
100
AcDbLine
 10
470084.5693547319
 20
4349651.0
 30
0.0
 11
470090.3914745
 21
4349651.0
 31
0.0
  0
LINE
  5
53
330
17
100
AcDbEntity
  8
爆区方格网
100
AcDbLine
 10
470084.3722840193
 20
4349652.0
 30
0.0
 11
470091.2353204723
 21
4349652.0
 31
0.0
  0
LINE
  5
54
330
17
100
AcDbEntity
  8
爆区方格网
100
AcDbLine
 10
470084.5158730051
 20
4349653.0
 30
0.0
 11
470092.0791664444
 21
4349653.0
 31
0.0
  0
LINE
  5
55
330
17
100
AcDbEntity
  8
爆区方格网
100
AcDbLine
 10
470084.8153624053
 20
4349654.0
 30
0.0
 11
470092.9230124163
 21
4349654.0
 31
0.0
  0
LINE
  5
56
330
17
100
AcDbEntity
  8
爆区方格网
100
AcDbLine
 10
470085.1148518058
 20
4349655.0
 30
0.0
 11
470093.6579131486
 21
4349655.0
 31
0.0
  0
LINE
  5
57
330
17
100
AcDbEntity
  8
爆区方格网
100
AcDbLine
 10
470085.4143412062
 20
4349656.0
 30
0.0
 11
470094.2585023013
 21
4349656.0
 31
0.0
  0
LINE
  5
58
330
17
100
AcDbEntity
  8
爆区方格网
100
AcDbLine
 10
470085.7138306065
 20
4349657.0
 30
0.0
 11
470094.8590914538
 21
4349657.0
 31
0.0
  0
LINE
  5
59
330
17
100
AcDbEntity
  8
爆区方格网
100
AcDbLine
 10
470086.013320007
 20
4349658.0
 30
0.0
 11
470095.4596806066
 21
4349658.0
 31
0.0
  0
LINE
  5
5A
330
17
100
AcDbEntity
  8
爆区方格网
100
AcDbLine
 10
470086.3128094074
 20
4349659.0
 30
0.0
 11
470096.0602697593
 21
4349659.0
 31
0.0
  0
LINE
  5
5B
330
17
100
AcDbEntity
  8
爆区方格网
100
AcDbLine
 10
470086.6122988078
 20
4349660.0
 30
0.0
 11
470096.660858912
 21
4349660.0
 31
0.0
  0
LINE
  5
5C
330
17
100
AcDbEntity
  8
爆区方格网
100
AcDbLine
 10
470086.911788208
 20
4349661.0
 30
0.0
 11
470097.2595553881
 21
4349661.0
 31
0.0
  0
LINE
  5
5D
330
17
100
AcDbEntity
  8
爆区方格网
100
AcDbLine
 10
470087.2112776085
 20
4349662.0
 30
0.0
 11
470097.8560896373
 21
4349662.0
 31
0.0
  0
LINE
  5
5E
330
17
100
AcDbEntity
  8
爆区方格网
100
AcDbLine
 10
470087.5107670089
 20
4349663.0
 30
0.0
 11
470090.6708401907
 21
4349663.0
 31
0.0
  0
LINE
  5
5F
330
17
100
AcDbEntity
  8
爆区方格网
100
AcDbLine
 10
470090.933899329
 20
4349663.0
 30
0.0
 11
470098.4526238861
 21
4349663.0
 31
0.0
  0
LINE
  5
60
330
17
100
AcDbEntity
  8
爆区方格网
100
AcDbLine
 10
470092.967456376
 20
4349664.0
 30
0.0
 11
470099.049158135
 21
4349664.0
 31
0.0
  0
LINE
  5
61
330
17
100
AcDbEntity
  8
爆区方格网
100
AcDbLine
 10
470095.001013423
 20
4349665.0
 30
0.0
 11
470099.6456923838
 21
4349665.0
 31
0.0
  0
LINE
  5
62
330
17
100
AcDbEntity
  8
爆区方格网
100
AcDbLine
 10
470095.5983190931
 20
4349666.0
 30
0.0
 11
470100.2422266324
 21
4349666.0
 31
0.0
  0
LINE
  5
63
330
17
100
AcDbEntity
  8
爆区方格网
100
AcDbLine
 10
470095.2713792501
 20
4349667.0
 30
0.0
 11
470100.8064336057
 21
4349667.0
 31
0.0
  0
LINE
  5
64
330
17
100
AcDbEntity
  8
爆区方格网
100
AcDbLine
 10
470094.944439407
 20
4349668.0
 30
0.0
 11
470101.1954375814
 21
4349668.0
 31
0.0
  0
LINE
  5
65
330
17
100
AcDbEntity
  8
爆区方格网
100
AcDbLine
 10
470094.617499564
 20
4349669.0
 30
0.0
 11
470101.5785323725
 21
4349669.0
 31
0.0
  0
LINE
  5
66
330
17
100
AcDbEntity
  8
爆区方格网
100
AcDbLine
 10
470095.4439303354
 20
4349670.0
 30
0.0
 11
470101.9616271636
 21
4349670.0
 31
0.0
  0
LINE
  5
67
330
17
100
AcDbEntity
  8
爆区方格网
100
AcDbLine
 10
470096.6235725624
 20
4349671.0
 30
0.0
 11
470102.3447219549
 21
4349671.0
 31
0.0
  0
LINE
  5
68
330
17
100
AcDbEntity
  8
爆区方格网
100
AcDbLine
 10
470097.7987394838
 20
4349672.0
 30
0.0
 11
470102.7278167461
 21
4349672.0
 31
0.0
  0
LINE
  5
69
330
17
100
AcDbEntity
  8
爆区方格网
100
AcDbLine
 10
470097.2755541971
 20
4349673.0
 30
0.0
 11
470103.1109115372
 21
4349673.0
 31
0.0
  0
LINE
  5
6A
330
17
100
AcDbEntity
  8
爆区方格网
100
AcDbLine
 10
470096.7523689103
 20
4349674.0
 30
0.0
 11
470103.4940063285
 21
4349674.0
 31
0.0
  0
LINE
  5
6B
330
17
100
AcDbEntity
  8
爆区方格网
100
AcDbLine
 10
470096.2291836236
 20
4349675.0
 30
0.0
 11
470103.2064453634
 21
4349675.0
 31
0.0
  0
LINE
  5
6C
330
17
100
AcDbEntity
  8
爆区方格网
100
AcDbLine
 10
470095.7059983368
 20
4349676.0
 30
0.0
 11
470101.8935314566
 21
4349676.0
 31
0.0
  0
LINE
  5
6D
330
17
100
AcDbEntity
  8
爆区方格网
100
AcDbLine
 10
470096.7198027195
 20
4349677.0
 30
0.0
 11
470100.5806175497
 21
4349677.0
 31
0.0
  0
LINE
  5
6E
330
17
100
AcDbEntity
  8
爆区方格网
100
AcDbLine
 10
470098.2401135637
 20
4349678.0
 30
0.0
 11
470099.2677036429
 21
4349678.0
 31
0.0
  0
LINE
  5
6F
330
17
100
AcDbEntity
  8
爆区方格网
100
AcDbLine
 10
470104.0
 20
4349717.581588973
 30
0.0
 11
470104.0
 21
4349718.057818306
 31
0.0
  0
LINE
  5
70
330
17
100
AcDbEntity
  8
爆区方格网
100
AcDbLine
 10
470105.0
 20
4349717.422130406
 30
0.0
 11
470105.0
 21
4349721.396834642
 31
0.0
  0
LINE
  5
71
330
17
100
AcDbEntity
  8
爆区方格网
100
AcDbLine
 10
470106.0
 20
4349717.262671839
 30
0.0
 11
470106.0
 21
4349724.735850976
 31
0.0
  0
LINE
  5
72
330
17
100
AcDbEntity
  8
爆区方格网
100
AcDbLine
 10
470107.0
 20
4349717.103213272
 30
0.0
 11
470107.0
 21
4349728.023291516
 31
0.0
  0
LINE
  5
73
330
17
100
AcDbEntity
  8
爆区方格网
100
AcDbLine
 10
470108.0
 20
4349716.943754704
 30
0.0
 11
470108.0
 21
4349729.298628424
 31
0.0
  0
LINE
  5
74
330
17
100
AcDbEntity
  8
爆区方格网
100
AcDbLine
 10
470109.0
 20
4349716.784296137
 30
0.0
 11
470109.0
 21
4349729.816839418
 31
0.0
  0
LINE
  5
75
330
17
100
AcDbEntity
  8
爆区方格网
100
AcDbLine
 10
470110.0
 20
4349717.481903215
 30
0.0
 11
470110.0
 21
4349722.089423762
 31
0.0
  0
LINE
  5
76
330
17
100
AcDbEntity
  8
爆区方格网
100
AcDbLine
 10
470110.0
 20
4349723.667273906
 30
0.0
 11
470110.0
 21
4349730.24804495
 31
0.0
  0
LINE
  5
77
330
17
100
AcDbEntity
  8
爆区方格网
100
AcDbLine
 10
470111.0
 20
4349718.591045822
 30
0.0
 11
470111.0
 21
4349719.873413596
 31
0.0
  0
LINE
  5
78
330
17
100
AcDbEntity
  8
爆区方格网
100
AcDbLine
 10
470111.0
 20
4349724.391450721
 30
0.0
 11
470111.0
 21
4349730.679250481
 31
0.0
  0
LINE
  5
79
330
17
100
AcDbEntity
  8
爆区方格网
100
AcDbLine
 10
470112.0
 20
4349725.115627538
 30
0.0
 11
470112.0
 21
4349731.110456014
 31
0.0
  0
LINE
  5
7A
330
17
100
AcDbEntity
  8
爆区方格网
100
AcDbLine
 10
470113.0
 20
4349725.839804352
 30
0.0
 11
470113.0
 21
4349731.541661546
 31
0.0
  0
LINE
  5
7B
330
17
100
AcDbEntity
  8
爆区方格网
100
AcDbLine
 10
470114.0
 20
4349726.563981168
 30
0.0
 11
470114.0
 21
4349730.80843644
 31
0.0
  0
LINE
  5
7C
330
17
100
AcDbEntity
  8
爆区方格网
100
AcDbLine
 10
470115.0
 20
4349727.288157984
 30
0.0
 11
470115.0
 21
4349728.489356728
 31
0.0
  0
LINE
  5
7D
330
17
100
AcDbEntity
  8
爆区方格网
100
AcDbLine
 10
470107.6472732935
 20
4349717.0
 30
0.0
 11
470109.5655173536
 21
4349717.0
 31
0.0
  0
LINE
  5
7E
330
17
100
AcDbEntity
  8
爆区方格网
100
AcDbLine
 10
470103.9826840299
 20
4349718.0
 30
0.0
 11
470110.4671146717
 21
4349718.0
 31
0.0
  0
LINE
  5
7F
330
17
100
AcDbEntity
  8
爆区方格网
100
AcDbLine
 10
470104.2821734303
 20
4349719.0
 30
0.0
 11
470111.3687119898
 21
4349719.0
 31
0.0
  0
LINE
  5
80
330
17
100
AcDbEntity
  8
爆区方格网
100
AcDbLine
 10
470104.5816628307
 20
4349720.0
 30
0.0
 11
470110.9428764335
 21
4349720.0
 31
0.0
  0
LINE
  5
81
330
17
100
AcDbEntity
  8
爆区方格网
100
AcDbLine
 10
470104.8811522311
 20
4349721.0
 30
0.0
 11
470110.4916149656
 21
4349721.0
 31
0.0
  0
LINE
  5
82
330
17
100
AcDbEntity
  8
爆区方格网
100
AcDbLine
 10
470105.1806416314
 20
4349722.0
 30
0.0
 11
470110.0403534976
 21
4349722.0
 31
0.0
  0
LINE
  5
83
330
17
100
AcDbEntity
  8
爆区方格网
100
AcDbLine
 10
470105.4801310318
 20
4349723.0
 30
0.0
 11
470109.5890920295
 21
4349723.0
 31
0.0
  0
LINE
  5
84
330
17
100
AcDbEntity
  8
爆区方格网
100
AcDbLine
 10
470105.7796204322
 20
4349724.0
 30
0.0
 11
470110.4594542203
 21
4349724.0
 31
0.0
  0
LINE
  5
85
330
17
100
AcDbEntity
  8
爆区方格网
100
AcDbLine
 10
470106.0791098325
 20
4349725.0
 30
0.0
 11
470111.8403324511
 21
4349725.0
 31
0.0
  0
LINE
  5
86
330
17
100
AcDbEntity
  8
爆区方格网
100
AcDbLine
 10
470106.378599233
 20
4349726.0
 30
0.0
 11
470113.221210682
 21
4349726.0
 31
0.0
  0
LINE
  5
87
330
17
100
AcDbEntity
  8
爆区方格网
100
AcDbLine
 10
470106.6780886333
 20
4349727.0
 30
0.0
 11
470114.6020889128
 21
4349727.0
 31
0.0
  0
LINE
  5
88
330
17
100
AcDbEntity
  8
爆区方格网
100
AcDbLine
 10
470106.9912757011
 20
4349728.0
 30
0.0
 11
470115.211013328
 21
4349728.0
 31
0.0
  0
LINE
  5
89
330
17
100
AcDbEntity
  8
爆区方格网
100
AcDbLine
 10
470107.6497770568
 20
4349729.0
 30
0.0
 11
470114.7798077964
 21
4349729.0
 31
0.0
  0
LINE
  5
8A
330
17
100
AcDbEntity
  8
爆区方格网
100
AcDbLine
 10
470109.4247639885
 20
4349730.0
 30
0.0
 11
470114.3486022647
 21
4349730.0
 31
0.0
  0
LINE
  5
8B
330
17
100
AcDbEntity
  8
爆区方格网
100
AcDbLine
 10
470111.7438436996
 20
4349731.0
 30
0.0
 11
470113.9173967333
 21
4349731.0
 31
0.0
  0
LINE
  5
8C
330
17
100
AcDbEntity
  8
爆区方格网
100
AcDbLine
 10
470088.0
 20
4349663.759992075
 30
0.0
 11
470088.0
 21
4349664.633556949
 31
0.0
  0
LINE
  5
8D
330
17
100
AcDbEntity
  8
爆区方格网
100
AcDbLine
 10
470089.0
 20
4349663.475440391
 30
0.0
 11
470089.0
 21
4349667.972573283
 31
0.0
  0
LINE
  5
8E
330
17
100
AcDbEntity
  8
爆区方格网
100
AcDbLine
 10
470090.0
 20
4349663.190888707
 30
0.0
 11
470090.0
 21
4349671.311589617
 31
0.0
  0
LINE
  5
8F
330
17
100
AcDbEntity
  8
爆区方格网
100
AcDbLine
 10
470091.0
 20
4349663.032504952
 30
0.0
 11
470091.0
 21
4349674.650605954
 31
0.0
  0
LINE
  5
90
330
17
100
AcDbEntity
  8
爆区方格网
100
AcDbLine
 10
470092.0
 20
4349663.524254126
 30
0.0
 11
470092.0
 21
4349677.989622288
 31
0.0
  0
LINE
  5
91
330
17
100
AcDbEntity
  8
爆区方格网
100
AcDbLine
 10
470093.0
 20
4349664.016003299
 30
0.0
 11
470093.0
 21
4349681.328638623
 31
0.0
  0
LINE
  5
92
330
17
100
AcDbEntity
  8
爆区方格网
100
AcDbLine
 10
470094.0
 20
4349664.507752475
 30
0.0
 11
470094.0
 21
4349684.667654958
 31
0.0
  0
LINE
  5
93
330
17
100
AcDbEntity
  8
爆区方格网
100
AcDbLine
 10
470095.0
 20
4349664.99950165
 30
0.0
 11
470095.0
 21
4349667.830058666
 31
0.0
  0
LINE
  5
94
330
17
100
AcDbEntity
  8
爆区方格网
100
AcDbLine
 10
470095.0
 20
4349669.62367375
 30
0.0
 11
470095.0
 21
4349688.006671293
 31
0.0
  0
LINE
  5
95
330
17
100
AcDbEntity
  8
爆区方格网
100
AcDbLine
 10
470096.0
 20
4349670.471388401
 30
0.0
 11
470096.0
 21
4349675.438054413
 31
0.0
  0
LINE
  5
96
330
17
100
AcDbEntity
  8
爆区方格网
100
AcDbLine
 10
470096.0
 20
4349676.526542403
 30
0.0
 11
470096.0
 21
4349691.345687627
 31
0.0
  0
LINE
  5
97
330
17
100
AcDbEntity
  8
爆区方格网
100
AcDbLine
 10
470097.0
 20
4349671.319103054
 30
0.0
 11
470097.0
 21
4349673.526685677
 31
0.0
  0
LINE
  5
98
330
17
100
AcDbEntity
  8
爆区方格网
100
AcDbLine
 10
470097.0
 20
4349677.184302627
 30
0.0
 11
470097.0
 21
4349694.684703963
 31
0.0
  0
LINE
  5
99
330
17
100
AcDbEntity
  8
爆区方格网
100
AcDbLine
 10
470098.0
 20
4349677.842062848
 30
0.0
 11
470098.0
 21
4349698.023720297
 31
0.0
  0
LINE
  5
9A
330
17
100
AcDbEntity
  8
爆区方格网
100
AcDbLine
 10
470099.0
 20
4349678.20390038
 30
0.0
 11
470099.0
 21
4349701.362736633
 31
0.0
  0
LINE
  5
9B
330
17
100
AcDbEntity
  8
爆区方格网
100
AcDbLine
 10
470100.0
 20
4349677.442235813
 30
0.0
 11
470100.0
 21
4349704.701752968
 31
0.0
  0
LINE
  5
9C
330
17
100
AcDbEntity
  8
爆区方格网
100
AcDbLine
 10
470101.0
 20
4349676.680571248
 30
0.0
 11
470101.0
 21
4349708.040769302
 31
0.0
  0
LINE
  5
9D
330
17
100
AcDbEntity
  8
爆区方格网
100
AcDbLine
 10
470102.0
 20
4349675.918906683
 30
0.0
 11
470102.0
 21
4349711.379785636
 31
0.0
  0
LINE
  5
9E
330
17
100
AcDbEntity
  8
爆区方格网
100
AcDbLine
 10
470103.0
 20
4349675.157242118
 30
0.0
 11
470103.0
 21
4349714.718801971
 31
0.0
  0
LINE
  5
9F
330
17
100
AcDbEntity
  8
爆区方格网
100
AcDbLine
 10
470104.0
 20
4349675.320805407
 30
0.0
 11
470104.0
 21
4349717.581588973
 31
0.0
  0
LINE
  5
A0
330
17
100
AcDbEntity
  8
爆区方格网
100
AcDbLine
 10
470105.0
 20
4349677.931125419
 30
0.0
 11
470105.0
 21
4349717.422130406
 31
0.0
  0
LINE
  5
A1
330
17
100
AcDbEntity
  8
爆区方格网
100
AcDbLine
 10
470106.0
 20
4349680.541445432
 30
0.0
 11
470106.0
 21
4349717.262671839
 31
0.0
  0
LINE
  5
A2
330
17
100
AcDbEntity
  8
爆区方格网
100
AcDbLine
 10
470107.0
 20
4349683.151765443
 30
0.0
 11
470107.0
 21
4349717.103213272
 31
0.0
  0
LINE
  5
A3
330
17
100
AcDbEntity
  8
爆区方格网
100
AcDbLine
 10
470108.0
 20
4349685.837563896
 30
0.0
 11
470108.0
 21
4349716.943754704
 31
0.0
  0
LINE
  5
A4
330
17
100
AcDbEntity
  8
爆区方格网
100
AcDbLine
 10
470109.0
 20
4349688.572994968
 30
0.0
 11
470109.0
 21
4349716.784296137
 31
0.0
  0
LINE
  5
A5
330
17
100
AcDbEntity
  8
爆区方格网
100
AcDbLine
 10
470110.0
 20
4349691.308426038
 30
0.0
 11
470110.0
 21
4349717.481903215
 31
0.0
  0
LINE
  5
A6
330
17
100
AcDbEntity
  8
爆区方格网
100
AcDbLine
 10
470110.0
 20
4349722.089423762
 30
0.0
 11
470110.0
 21
4349723.667273906
 31
0.0
  0
LINE
  5
A7
330
17
100
AcDbEntity
  8
爆区方格网
100
AcDbLine
 10
470111.0
 20
4349694.043857109
 30
0.0
 11
470111.0
 21
4349718.591045822
 31
0.0
  0
LINE
  5
A8
330
17
100
AcDbEntity
  8
爆区方格网
100
AcDbLine
 10
470111.0
 20
4349719.873413596
 30
0.0
 11
470111.0
 21
4349724.391450721
 31
0.0
  0
LINE
  5
A9
330
17
100
AcDbEntity
  8
爆区方格网
100
AcDbLine
 10
470112.0
 20
4349696.77928818
 30
0.0
 11
470112.0
 21
4349725.115627538
 31
0.0
  0
LINE
  5
AA
330
17
100
AcDbEntity
  8
爆区方格网
100
AcDbLine
 10
470113.0
 20
4349699.514719252
 30
0.0
 11
470113.0
 21
4349725.839804352
 31
0.0
  0
LINE
  5
AB
330
17
100
AcDbEntity
  8
爆区方格网
100
AcDbLine
 10
470114.0
 20
4349702.250150322
 30
0.0
 11
470114.0
 21
4349726.563981168
 31
0.0
  0
LINE
  5
AC
330
17
100
AcDbEntity
  8
爆区方格网
100
AcDbLine
 10
470114.0
 20
4349730.80843644
 30
0.0
 11
470114.0
 21
4349731.972867076
 31
0.0
  0
LINE
  5
AD
330
17
100
AcDbEntity
  8
爆区方格网
100
AcDbLine
 10
470115.0
 20
4349705.250487472
 30
0.0
 11
470115.0
 21
4349727.288157984
 31
0.0
  0
LINE
  5
AE
330
17
100
AcDbEntity
  8
爆区方格网
100
AcDbLine
 10
470115.0
 20
4349728.489356728
 30
0.0
 11
470115.0
 21
4349732.404072609
 31
0.0
  0
LINE
  5
AF
330
17
100
AcDbEntity
  8
爆区方格网
100
AcDbLine
 10
470116.0
 20
4349708.537863709
 30
0.0
 11
470116.0
 21
4349732.83527814
 31
0.0
  0
LINE
  5
B0
330
17
100
AcDbEntity
  8
爆区方格网
100
AcDbLine
 10
470117.0
 20
4349711.825239947
 30
0.0
 11
470117.0
 21
4349733.266483672
 31
0.0
  0
LINE
  5
B1
330
17
100
AcDbEntity
  8
爆区方格网
100
AcDbLine
 10
470118.0
 20
4349715.112616185
 30
0.0
 11
470118.0
 21
4349733.697689203
 31
0.0
  0
LINE
  5
B2
330
17
100
AcDbEntity
  8
爆区方格网
100
AcDbLine
 10
470119.0
 20
4349718.399992422
 30
0.0
 11
470119.0
 21
4349734.086948954
 31
0.0
  0
LINE
  5
B3
330
17
100
AcDbEntity
  8
爆区方格网
100
AcDbLine
 10
470120.0
 20
4349721.68736866
 30
0.0
 11
470120.0
 21
4349734.176197093
 31
0.0
  0
LINE
  5
B4
330
17
100
AcDbEntity
  8
爆区方格网
100
AcDbLine
 10
470121.0
 20
4349724.974744897
 30
0.0
 11
470121.0
 21
4349733.912009258
 31
0.0
  0
LINE
  5
B5
330
17
100
AcDbEntity
  8
爆区方格网
100
AcDbLine
 10
470122.0
 20
4349728.262121135
 30
0.0
 11
470122.0
 21
4349733.171119798
 31
0.0
  0
LINE
  5
B6
330
17
100
AcDbEntity
  8
爆区方格网
100
AcDbLine
 10
470090.6708401907
 20
4349663.0
 30
0.0
 11
470090.933899329
 21
4349663.0
 31
0.0
  0
LINE
  5
B7
330
17
100
AcDbEntity
  8
爆区方格网
100
AcDbLine
 10
470087.8102564092
 20
4349664.0
 30
0.0
 11
470092.967456376
 21
4349664.0
 31
0.0
  0
LINE
  5
B8
330
17
100
AcDbEntity
  8
爆区方格网
100
AcDbLine
 10
470088.1097458097
 20
4349665.0
 30
0.0
 11
470095.001013423
 21
4349665.0
 31
0.0
  0
LINE
  5
B9
330
17
100
AcDbEntity
  8
爆区方格网
100
AcDbLine
 10
470088.4092352101
 20
4349666.0
 30
0.0
 11
470095.5983190931
 21
4349666.0
 31
0.0
  0
LINE
  5
BA
330
17
100
AcDbEntity
  8
爆区方格网
100
AcDbLine
 10
470088.7087246104
 20
4349667.0
 30
0.0
 11
470095.2713792501
 21
4349667.0
 31
0.0
  0
LINE
  5
BB
330
17
100
AcDbEntity
  8
爆区方格网
100
AcDbLine
 10
470089.0082140109
 20
4349668.0
 30
0.0
 11
470094.944439407
 21
4349668.0
 31
0.0
  0
LINE
  5
BC
330
17
100
AcDbEntity
  8
爆区方格网
100
AcDbLine
 10
470089.3077034113
 20
4349669.0
 30
0.0
 11
470094.617499564
 21
4349669.0
 31
0.0
  0
LINE
  5
BD
330
17
100
AcDbEntity
  8
爆区方格网
100
AcDbLine
 10
470089.6071928117
 20
4349670.0
 30
0.0
 11
470095.4439303354
 21
4349670.0
 31
0.0
  0
LINE
  5
BE
330
17
100
AcDbEntity
  8
爆区方格网
100
AcDbLine
 10
470089.9066822119
 20
4349671.0
 30
0.0
 11
470096.6235725624
 21
4349671.0
 31
0.0
  0
LINE
  5
BF
330
17
100
AcDbEntity
  8
爆区方格网
100
AcDbLine
 10
470090.2061716124
 20
4349672.0
 30
0.0
 11
470097.7987394838
 21
4349672.0
 31
0.0
  0
LINE
  5
C0
330
17
100
AcDbEntity
  8
爆区方格网
100
AcDbLine
 10
470090.5056610127
 20
4349673.0
 30
0.0
 11
470097.2755541971
 21
4349673.0
 31
0.0
  0
LINE
  5
C1
330
17
100
AcDbEntity
  8
爆区方格网
100
AcDbLine
 10
470090.8051504129
 20
4349674.0
 30
0.0
 11
470096.7523689103
 21
4349674.0
 31
0.0
  0
LINE
  5
C2
330
17
100
AcDbEntity
  8
爆区方格网
100
AcDbLine
 10
470091.1046398134
 20
4349675.0
 30
0.0
 11
470096.2291836236
 21
4349675.0
 31
0.0
  0
LINE
  5
C3
330
17
100
AcDbEntity
  8
爆区方格网
100
AcDbLine
 10
470103.2064453634
 20
4349675.0
 30
0.0
 11
470103.8771011197
 21
4349675.0
 31
0.0
  0
LINE
  5
C4
330
17
100
AcDbEntity
  8
爆区方格网
100
AcDbLine
 10
470091.4041292138
 20
4349676.0
 30
0.0
 11
470095.7059983368
 21
4349676.0
 31
0.0
  0
LINE
  5
C5
330
17
100
AcDbEntity
  8
爆区方格网
100
AcDbLine
 10
470101.8935314566
 20
4349676.0
 30
0.0
 11
470104.2601959108
 21
4349676.0
 31
0.0
  0
LINE
  5
C6
330
17
100
AcDbEntity
  8
爆区方格网
100
AcDbLine
 10
470091.7036186143
 20
4349677.0
 30
0.0
 11
470096.7198027195
 21
4349677.0
 31
0.0
  0
LINE
  5
C7
330
17
100
AcDbEntity
  8
爆区方格网
100
AcDbLine
 10
470100.5806175497
 20
4349677.0
 30
0.0
 11
470104.643290702
 21
4349677.0
 31
0.0
  0
LINE
  5
C8
330
17
100
AcDbEntity
  8
爆区方格网
100
AcDbLine
 10
470092.0031080145
 20
4349678.0
 30
0.0
 11
470098.2401135637
 21
4349678.0
 31
0.0
  0
LINE
  5
C9
330
17
100
AcDbEntity
  8
爆区方格网
100
AcDbLine
 10
470099.2677036429
 20
4349678.0
 30
0.0
 11
470105.0263854931
 21
4349678.0
 31
0.0
  0
LINE
  5
CA
330
17
100
AcDbEntity
  8
爆区方格网
100
AcDbLine
 10
470092.3025974149
 20
4349679.0
 30
0.0
 11
470105.4094802842
 21
4349679.0
 31
0.0
  0
LINE
  5
CB
330
17
100
AcDbEntity
  8
爆区方格网
100
AcDbLine
 10
470092.6020868153
 20
4349680.0
 30
0.0
 11
470105.7925750754
 21
4349680.0
 31
0.0
  0
LINE
  5
CC
330
17
100
AcDbEntity
  8
爆区方格网
100
AcDbLine
 10
470092.9015762156
 20
4349681.0
 30
0.0
 11
470106.1756698666
 21
4349681.0
 31
0.0
  0
LINE
  5
CD
330
17
100
AcDbEntity
  8
爆区方格网
100
AcDbLine
 10
470093.2010656161
 20
4349682.0
 30
0.0
 11
470106.5587646577
 21
4349682.0
 31
0.0
  0
LINE
  5
CE
330
17
100
AcDbEntity
  8
爆区方格网
100
AcDbLine
 10
470093.5005550165
 20
4349683.0
 30
0.0
 11
470106.9418594489
 21
4349683.0
 31
0.0
  0
LINE
  5
CF
330
17
100
AcDbEntity
  8
爆区方格网
100
AcDbLine
 10
470093.8000444168
 20
4349684.0
 30
0.0
 11
470107.3249542401
 21
4349684.0
 31
0.0
  0
LINE
  5
D0
330
17
100
AcDbEntity
  8
爆区方格网
100
AcDbLine
 10
470094.0995338172
 20
4349685.0
 30
0.0
 11
470107.6938091749
 21
4349685.0
 31
0.0
  0
LINE
  5
D1
330
17
100
AcDbEntity
  8
爆区方格网
100
AcDbLine
 10
470094.3990232175
 20
4349686.0
 30
0.0
 11
470108.0593822689
 21
4349686.0
 31
0.0
  0
LINE
  5
D2
330
17
100
AcDbEntity
  8
爆区方格网
100
AcDbLine
 10
470094.6985126179
 20
4349687.0
 30
0.0
 11
470108.424955363
 21
4349687.0
 31
0.0
  0
LINE
  5
D3
330
17
100
AcDbEntity
  8
爆区方格网
100
AcDbLine
 10
470094.9980020184
 20
4349688.0
 30
0.0
 11
470108.7905284569
 21
4349688.0
 31
0.0
  0
LINE
  5
D4
330
17
100
AcDbEntity
  8
爆区方格网
100
AcDbLine
 10
470095.2974914188
 20
4349689.0
 30
0.0
 11
470109.156101551
 21
4349689.0
 31
0.0
  0
LINE
  5
D5
330
17
100
AcDbEntity
  8
爆区方格网
100
AcDbLine
 10
470095.596980819
 20
4349690.0
 30
0.0
 11
470109.5216746447
 21
4349690.0
 31
0.0
  0
LINE
  5
D6
330
17
100
AcDbEntity
  8
爆区方格网
100
AcDbLine
 10
470095.8964702195
 20
4349691.0
 30
0.0
 11
470109.8872477389
 21
4349691.0
 31
0.0
  0
LINE
  5
D7
330
17
100
AcDbEntity
  8
爆区方格网
100
AcDbLine
 10
470096.19595962
 20
4349692.0
 30
0.0
 11
470110.2528208329
 21
4349692.0
 31
0.0
  0
LINE
  5
D8
330
17
100
AcDbEntity
  8
爆区方格网
100
AcDbLine
 10
470096.4954490205
 20
4349693.0
 30
0.0
 11
470110.6183939269
 21
4349693.0
 31
0.0
  0
LINE
  5
D9
330
17
100
AcDbEntity
  8
爆区方格网
100
AcDbLine
 10
470096.7949384207
 20
4349694.0
 30
0.0
 11
470110.9839670209
 21
4349694.0
 31
0.0
  0
LINE
  5
DA
330
17
100
AcDbEntity
  8
爆区方格网
100
AcDbLine
 10
470097.0944278211
 20
4349695.0
 30
0.0
 11
470111.3495401149
 21
4349695.0
 31
0.0
  0
LINE
  5
DB
330
17
100
AcDbEntity
  8
爆区方格网
100
AcDbLine
 10
470097.3939172214
 20
4349696.0
 30
0.0
 11
470111.7151132089
 21
4349696.0
 31
0.0
  0
LINE
  5
DC
330
17
100
AcDbEntity
  8
爆区方格网
100
AcDbLine
 10
470097.6934066217
 20
4349697.0
 30
0.0
 11
470112.080686303
 21
4349697.0
 31
0.0
  0
LINE
  5
DD
330
17
100
AcDbEntity
  8
爆区方格网
100
AcDbLine
 10
470097.9928960221
 20
4349698.0
 30
0.0
 11
470112.4462593968
 21
4349698.0
 31
0.0
  0
LINE
  5
DE
330
17
100
AcDbEntity
  8
爆区方格网
100
AcDbLine
 10
470098.2923854225
 20
4349699.0
 30
0.0
 11
470112.8118324908
 21
4349699.0
 31
0.0
  0
LINE
  5
DF
330
17
100
AcDbEntity
  8
爆区方格网
100
AcDbLine
 10
470098.5918748229
 20
4349700.0
 30
0.0
 11
470113.1774055848
 21
4349700.0
 31
0.0
  0
LINE
  5
E0
330
17
100
AcDbEntity
  8
爆区方格网
100
AcDbLine
 10
470098.8913642234
 20
4349701.0
 30
0.0
 11
470113.5429786787
 21
4349701.0
 31
0.0
  0
LINE
  5
E1
330
17
100
AcDbEntity
  8
爆区方格网
100
AcDbLine
 10
470099.1908536237
 20
4349702.0
 30
0.0
 11
470113.9085517727
 21
4349702.0
 31
0.0
  0
LINE
  5
E2
330
17
100
AcDbEntity
  8
爆区方格网
100
AcDbLine
 10
470099.4903430242
 20
4349703.0
 30
0.0
 11
470114.2741248667
 21
4349703.0
 31
0.0
  0
LINE
  5
E3
330
17
100
AcDbEntity
  8
爆区方格网
100
AcDbLine
 10
470099.7898324245
 20
4349704.0
 30
0.0
 11
470114.6196092625
 21
4349704.0
 31
0.0
  0
LINE
  5
E4
330
17
100
AcDbEntity
  8
爆区方格网
100
AcDbLine
 10
470100.0893218249
 20
4349705.0
 30
0.0
 11
470114.9238032236
 21
4349705.0
 31
0.0
  0
LINE
  5
E5
330
17
100
AcDbEntity
  8
爆区方格网
100
AcDbLine
 10
470100.3888112253
 20
4349706.0
 30
0.0
 11
470115.227997185
 21
4349706.0
 31
0.0
  0
LINE
  5
E6
330
17
100
AcDbEntity
  8
爆区方格网
100
AcDbLine
 10
470100.6883006257
 20
4349707.0
 30
0.0
 11
470115.5321911463
 21
4349707.0
 31
0.0
  0
LINE
  5
E7
330
17
100
AcDbEntity
  8
爆区方格网
100
AcDbLine
 10
470100.987790026
 20
4349708.0
 30
0.0
 11
470115.8363851076
 21
4349708.0
 31
0.0
  0
LINE
  5
E8
330
17
100
AcDbEntity
  8
爆区方格网
100
AcDbLine
 10
470101.2872794264
 20
4349709.0
 30
0.0
 11
470116.1405790689
 21
4349709.0
 31
0.0
  0
LINE
  5
E9
330
17
100
AcDbEntity
  8
爆区方格网
100
AcDbLine
 10
470101.5867688268
 20
4349710.0
 30
0.0
 11
470116.4447730302
 21
4349710.0
 31
0.0
  0
LINE
  5
EA
330
17
100
AcDbEntity
  8
爆区方格网
100
AcDbLine
 10
470101.8862582272
 20
4349711.0
 30
0.0
 11
470116.7489669916
 21
4349711.0
 31
0.0
  0
LINE
  5
EB
330
17
100
AcDbEntity
  8
爆区方格网
100
AcDbLine
 10
470102.1857476276
 20
4349712.0
 30
0.0
 11
470117.0531609528
 21
4349712.0
 31
0.0
  0
LINE
  5
EC
330
17
100
AcDbEntity
  8
爆区方格网
100
AcDbLine
 10
470102.485237028
 20
4349713.0
 30
0.0
 11
470117.357354914
 21
4349713.0
 31
0.0
  0
LINE
  5
ED
330
17
100
AcDbEntity
  8
爆区方格网
100
AcDbLine
 10
470102.7847264284
 20
4349714.0
 30
0.0
 11
470117.6615488753
 21
4349714.0
 31
0.0
  0
LINE
  5
EE
330
17
100
AcDbEntity
  8
爆区方格网
100
AcDbLine
 10
470103.0842158288
 20
4349715.0
 30
0.0
 11
470117.9657428367
 21
4349715.0
 31
0.0
  0
LINE
  5
EF
330
17
100
AcDbEntity
  8
爆区方格网
100
AcDbLine
 10
470103.3837052292
 20
4349716.0
 30
0.0
 11
470118.2699367978
 21
4349716.0
 31
0.0
  0
LINE
  5
F0
330
17
100
AcDbEntity
  8
爆区方格网
100
AcDbLine
 10
470103.6831946296
 20
4349717.0
 30
0.0
 11
470107.6472732935
 21
4349717.0
 31
0.0
  0
LINE
  5
F1
330
17
100
AcDbEntity
  8
爆区方格网
100
AcDbLine
 10
470109.5655173536
 20
4349717.0
 30
0.0
 11
470118.5741307592
 21
4349717.0
 31
0.0
  0
LINE
  5
F2
330
17
100
AcDbEntity
  8
爆区方格网
100
AcDbLine
 10
470110.4671146717
 20
4349718.0
 30
0.0
 11
470118.8783247205
 21
4349718.0
 31
0.0
  0
LINE
  5
F3
330
17
100
AcDbEntity
  8
爆区方格网
100
AcDbLine
 10
470111.3687119898
 20
4349719.0
 30
0.0
 11
470119.1825186818
 21
4349719.0
 31
0.0
  0
LINE
  5
F4
330
17
100
AcDbEntity
  8
爆区方格网
100
AcDbLine
 10
470110.9428764335
 20
4349720.0
 30
0.0
 11
470119.4867126431
 21
4349720.0
 31
0.0
  0
LINE
  5
F5
330
17
100
AcDbEntity
  8
爆区方格网
100
AcDbLine
 10
470110.4916149656
 20
4349721.0
 30
0.0
 11
470119.7909066046
 21
4349721.0
 31
0.0
  0
LINE
  5
F6
330
17
100
AcDbEntity
  8
爆区方格网
100
AcDbLine
 10
470110.0403534976
 20
4349722.0
 30
0.0
 11
470120.0951005658
 21
4349722.0
 31
0.0
  0
LINE
  5
F7
330
17
100
AcDbEntity
  8
爆区方格网
100
AcDbLine
 10
470109.5890920295
 20
4349723.0
 30
0.0
 11
470120.3992945271
 21
4349723.0
 31
0.0
  0
LINE
  5
F8
330
17
100
AcDbEntity
  8
爆区方格网
100
AcDbLine
 10
470110.4594542203
 20
4349724.0
 30
0.0
 11
470120.7034884885
 21
4349724.0
 31
0.0
  0
LINE
  5
F9
330
17
100
AcDbEntity
  8
爆区方格网
100
AcDbLine
 10
470111.8403324511
 20
4349725.0
 30
0.0
 11
470121.0076824497
 21
4349725.0
 31
0.0
  0
LINE
  5
FA
330
17
100
AcDbEntity
  8
爆区方格网
100
AcDbLine
 10
470113.221210682
 20
4349726.0
 30
0.0
 11
470121.311876411
 21
4349726.0
 31
0.0
  0
LINE
  5
FB
330
17
100
AcDbEntity
  8
爆区方格网
100
AcDbLine
 10
470114.6020889128
 20
4349727.0
 30
0.0
 11
470121.6160703722
 21
4349727.0
 31
0.0
  0
LINE
  5
FC
330
17
100
AcDbEntity
  8
爆区方格网
100
AcDbLine
 10
470115.211013328
 20
4349728.0
 30
0.0
 11
470121.9202643335
 21
4349728.0
 31
0.0
  0
LINE
  5
FD
330
17
100
AcDbEntity
  8
爆区方格网
100
AcDbLine
 10
470114.7798077964
 20
4349729.0
 30
0.0
 11
470122.2244582949
 21
4349729.0
 31
0.0
  0
LINE
  5
FE
330
17
100
AcDbEntity
  8
爆区方格网
100
AcDbLine
 10
470114.3486022647
 20
4349730.0
 30
0.0
 11
470122.5286522562
 21
4349730.0
 31
0.0
  0
LINE
  5
FF
330
17
100
AcDbEntity
  8
爆区方格网
100
AcDbLine
 10
470113.9173967333
 20
4349731.0
 30
0.0
 11
470122.7448006778
 21
4349731.0
 31
0.0
  0
LINE
  5
100
330
17
100
AcDbEntity
  8
爆区方格网
100
AcDbLine
 10
470114.062923411
 20
4349732.0
 30
0.0
 11
470122.6390168982
 21
4349732.0
 31
0.0
  0
LINE
  5
101
330
17
100
AcDbEntity
  8
爆区方格网
100
AcDbLine
 10
470116.3820031232
 20
4349733.0
 30
0.0
 11
470122.1396688399
 21
4349733.0
 31
0.0
  0
LINE
  5
102
330
17
100
AcDbEntity
  8
爆区方格网
100
AcDbLine
 10
470118.7218201745
 20
4349734.0
 30
0.0
 11
470120.7874179701
 21
4349734.0
 31
0.0
  0
TEXT
  5
103
330
17
100
AcDbEntity
  8
点
100
AcDbText
 10
470084.25
 20
4349651.249999999
 30
0.0
 40
0.5
  1
1.42
100
AcDbText
  0
TEXT
  5
104
330
17
100
AcDbEntity
  8
点
100
AcDbText
 10
470084.25
 20
4349652.25
 30
0.0
 40
0.5
  1
1.42
100
AcDbText
  0
TEXT
  5
105
330
17
100
AcDbEntity
  8
点
100
AcDbText
 10
470085.2499999999
 20
4349650.25
 30
0.0
 40
0.5
  1
1.42
100
AcDbText
  0
TEXT
  5
106
330
17
100
AcDbEntity
  8
点
100
AcDbText
 10
470085.2499999999
 20
4349651.249999999
 30
0.0
 40
0.5
  1
1.42
100
AcDbText
  0
TEXT
  5
107
330
17
100
AcDbEntity
  8
点
100
AcDbText
 10
470085.2499999999
 20
4349652.25
 30
0.0
 40
0.5
  1
1.42
100
AcDbText
  0
TEXT
  5
108
330
17
100
AcDbEntity
  8
点
100
AcDbText
 10
470085.2499999999
 20
4349653.25
 30
0.0
 40
0.5
  1
1.42
100
AcDbText
  0
TEXT
  5
109
330
17
100
AcDbEntity
  8
点
100
AcDbText
 10
470085.2499999999
 20
4349654.25
 30
0.0
 40
0.5
  1
1.42
100
AcDbText
  0
TEXT
  5
10A
330
17
100
AcDbEntity
  8
点
100
AcDbText
 10
470085.2499999999
 20
4349655.25
 30
0.0
 40
0.5
  1
1.42
100
AcDbText
  0
TEXT
  5
10B
330
17
100
AcDbEntity
  8
点
100
AcDbText
 10
470086.25
 20
4349649.249999999
 30
0.0
 40
0.5
  1
1.42
100
AcDbText
  0
TEXT
  5
10C
330
17
100
AcDbEntity
  8
点
100
AcDbText
 10
470086.25
 20
4349650.25
 30
0.0
 40
0.5
  1
1.42
100
AcDbText
  0
TEXT
  5
10D
330
17
100
AcDbEntity
  8
点
100
AcDbText
 10
470086.25
 20
4349651.249999999
 30
0.0
 40
0.5
  1
1.42
100
AcDbText
  0
TEXT
  5
10E
330
17
100
AcDbEntity
  8
点
100
AcDbText
 10
470086.25
 20
4349652.25
 30
0.0
 40
0.5
  1
1.42
100
AcDbText
  0
TEXT
  5
10F
330
17
100
AcDbEntity
  8
点
100
AcDbText
 10
470086.25
 20
4349653.25
 30
0.0
 40
0.5
  1
1.42
100
AcDbText
  0
TEXT
  5
110
330
17
100
AcDbEntity
  8
点
100
AcDbText
 10
470086.25
 20
4349654.25
 30
0.0
 40
0.5
  1
1.42
100
AcDbText
  0
TEXT
  5
111
330
17
100
AcDbEntity
  8
点
100
AcDbText
 10
470086.25
 20
4349655.25
 30
0.0
 40
0.5
  1
1.42
100
AcDbText
  0
TEXT
  5
112
330
17
100
AcDbEntity
  8
点
100
AcDbText
 10
470086.25
 20
4349656.25
 30
0.0
 40
0.5
  1
1.91
100
AcDbText
  0
TEXT
  5
113
330
17
100
AcDbEntity
  8
点
100
AcDbText
 10
470086.25
 20
4349657.249999999
 30
0.0
 40
0.5
  1
3.21
100
AcDbText
  0
TEXT
  5
114
330
17
100
AcDbEntity
  8
点
100
AcDbText
 10
470086.25
 20
4349658.25
 30
0.0
 40
0.5
  1
3.21
100
AcDbText
  0
TEXT
  5
115
330
17
100
AcDbEntity
  8
点
100
AcDbText
 10
470086.25
 20
4349659.25
 30
0.0
 40
0.5
  1
3.21
100
AcDbText
  0
TEXT
  5
116
330
17
100
AcDbEntity
  8
点
100
AcDbText
 10
470087.25
 20
4349649.249999999
 30
0.0
 40
0.5
  1
1.42
100
AcDbText
  0
TEXT
  5
117
330
17
100
AcDbEntity
  8
点
100
AcDbText
 10
470087.25
 20
4349650.25
 30
0.0
 40
0.5
  1
1.42
100
AcDbText
  0
TEXT
  5
118
330
17
100
AcDbEntity
  8
点
100
AcDbText
 10
470087.25
 20
4349651.249999999
 30
0.0
 40
0.5
  1
1.42
100
AcDbText
  0
TEXT
  5
119
330
17
100
AcDbEntity
  8
点
100
AcDbText
 10
470087.25
 20
4349652.25
 30
0.0
 40
0.5
  1
1.42
100
AcDbText
  0
TEXT
  5
11A
330
17
100
AcDbEntity
  8
点
100
AcDbText
 10
470087.25
 20
4349653.25
 30
0.0
 40
0.5
  1
1.42
100
AcDbText
  0
TEXT
  5
11B
330
17
100
AcDbEntity
  8
点
100
AcDbText
 10
470087.25
 20
4349654.25
 30
0.0
 40
0.5
  1
1.42
100
AcDbText
  0
TEXT
  5
11C
330
17
100
AcDbEntity
  8
点
100
AcDbText
 10
470087.25
 20
4349655.25
 30
0.0
 40
0.5
  1
1.42
100
AcDbText
  0
TEXT
  5
11D
330
17
100
AcDbEntity
  8
点
100
AcDbText
 10
470087.25
 20
4349656.25
 30
0.0
 40
0.5
  1
1.91
100
AcDbText
  0
TEXT
  5
11E
330
17
100
AcDbEntity
  8
点
100
AcDbText
 10
470087.25
 20
4349657.249999999
 30
0.0
 40
0.5
  1
3.21
100
AcDbText
  0
TEXT
  5
11F
330
17
100
AcDbEntity
  8
点
100
AcDbText
 10
470087.25
 20
4349658.25
 30
0.0
 40
0.5
  1
3.21
100
AcDbText
  0
TEXT
  5
120
330
17
100
AcDbEntity
  8
点
100
AcDbText
 10
470087.25
 20
4349659.25
 30
0.0
 40
0.5
  1
3.21
100
AcDbText
  0
TEXT
  5
121
330
17
100
AcDbEntity
  8
点
100
AcDbText
 10
470087.25
 20
4349660.25
 30
0.0
 40
0.5
  1
3.21
100
AcDbText
  0
TEXT
  5
122
330
17
100
AcDbEntity
  8
点
100
AcDbText
 10
470087.25
 20
4349661.25
 30
0.0
 40
0.5
  1
3.21
100
AcDbText
  0
TEXT
  5
123
330
17
100
AcDbEntity
  8
点
100
AcDbText
 10
470087.25
 20
4349662.25
 30
0.0
 40
0.5
  1
3.21
100
AcDbText
  0
TEXT
  5
124
330
17
100
AcDbEntity
  8
点
100
AcDbText
 10
470088.25
 20
4349649.249999999
 30
0.0
 40
0.5
  1
1.42
100
AcDbText
  0
TEXT
  5
125
330
17
100
AcDbEntity
  8
点
100
AcDbText
 10
470088.25
 20
4349650.25
 30
0.0
 40
0.5
  1
1.42
100
AcDbText
  0
TEXT
  5
126
330
17
100
AcDbEntity
  8
点
100
AcDbText
 10
470088.25
 20
4349651.249999999
 30
0.0
 40
0.5
  1
1.42
100
AcDbText
  0
TEXT
  5
127
330
17
100
AcDbEntity
  8
点
100
AcDbText
 10
470088.25
 20
4349652.25
 30
0.0
 40
0.5
  1
1.42
100
AcDbText
  0
TEXT
  5
128
330
17
100
AcDbEntity
  8
点
100
AcDbText
 10
470088.25
 20
4349653.25
 30
0.0
 40
0.5
  1
1.42
100
AcDbText
  0
TEXT
  5
129
330
17
100
AcDbEntity
  8
点
100
AcDbText
 10
470088.25
 20
4349654.25
 30
0.0
 40
0.5
  1
1.42
100
AcDbText
  0
TEXT
  5
12A
330
17
100
AcDbEntity
  8
点
100
AcDbText
 10
470088.25
 20
4349655.25
 30
0.0
 40
0.5
  1
1.91
100
AcDbText
  0
TEXT
  5
12B
330
17
100
AcDbEntity
  8
点
100
AcDbText
 10
470088.25
 20
4349656.25
 30
0.0
 40
0.5
  1
1.91
100
AcDbText
  0
TEXT
  5
12C
330
17
100
AcDbEntity
  8
点
100
AcDbText
 10
470088.25
 20
4349657.249999999
 30
0.0
 40
0.5
  1
3.21
100
AcDbText
  0
TEXT
  5
12D
330
17
100
AcDbEntity
  8
点
100
AcDbText
 10
470088.25
 20
4349658.25
 30
0.0
 40
0.5
  1
3.21
100
AcDbText
  0
TEXT
  5
12E
330
17
100
AcDbEntity
  8
点
100
AcDbText
 10
470088.25
 20
4349659.25
 30
0.0
 40
0.5
  1
3.21
100
AcDbText
  0
TEXT
  5
12F
330
17
100
AcDbEntity
  8
点
100
AcDbText
 10
470088.25
 20
4349660.25
 30
0.0
 40
0.5
  1
3.21
100
AcDbText
  0
TEXT
  5
130
330
17
100
AcDbEntity
  8
点
100
AcDbText
 10
470088.25
 20
4349661.25
 30
0.0
 40
0.5
  1
3.21
100
AcDbText
  0
TEXT
  5
131
330
17
100
AcDbEntity
  8
点
100
AcDbText
 10
470088.25
 20
4349662.25
 30
0.0
 40
0.5
  1
3.21
100
AcDbText
  0
TEXT
  5
132
330
17
100
AcDbEntity
  8
点
100
AcDbText
 10
470088.25
 20
4349663.25
 30
0.0
 40
0.5
  1
3.21
100
AcDbText
  0
TEXT
  5
133
330
17
100
AcDbEntity
  8
点
100
AcDbText
 10
470089.2500000001
 20
4349650.25
 30
0.0
 40
0.5
  1
1.42
100
AcDbText
  0
TEXT
  5
134
330
17
100
AcDbEntity
  8
点
100
AcDbText
 10
470089.2500000001
 20
4349651.249999999
 30
0.0
 40
0.5
  1
1.42
100
AcDbText
  0
TEXT
  5
135
330
17
100
AcDbEntity
  8
点
100
AcDbText
 10
470089.2500000001
 20
4349652.25
 30
0.0
 40
0.5
  1
1.42
100
AcDbText
  0
TEXT
  5
136
330
17
100
AcDbEntity
  8
点
100
AcDbText
 10
470089.2500000001
 20
4349653.25
 30
0.0
 40
0.5
  1
1.42
100
AcDbText
  0
TEXT
  5
137
330
17
100
AcDbEntity
  8
点
100
AcDbText
 10
470089.2500000001
 20
4349654.25
 30
0.0
 40
0.5
  1
1.91
100
AcDbText
  0
TEXT
  5
138
330
17
100
AcDbEntity
  8
点
100
AcDbText
 10
470089.2500000001
 20
4349655.25
 30
0.0
 40
0.5
  1
1.91
100
AcDbText
  0
TEXT
  5
139
330
17
100
AcDbEntity
  8
点
100
AcDbText
 10
470089.2500000001
 20
4349656.25
 30
0.0
 40
0.5
  1
1.91
100
AcDbText
  0
TEXT
  5
13A
330
17
100
AcDbEntity
  8
点
100
AcDbText
 10
470089.2500000001
 20
4349657.249999999
 30
0.0
 40
0.5
  1
1.91
100
AcDbText
  0
TEXT
  5
13B
330
17
100
AcDbEntity
  8
点
100
AcDbText
 10
470089.2500000001
 20
4349658.25
 30
0.0
 40
0.5
  1
3.21
100
AcDbText
  0
TEXT
  5
13C
330
17
100
AcDbEntity
  8
点
100
AcDbText
 10
470089.2500000001
 20
4349659.25
 30
0.0
 40
0.5
  1
3.21
100
AcDbText
  0
TEXT
  5
13D
330
17
100
AcDbEntity
  8
点
100
AcDbText
 10
470089.2500000001
 20
4349660.25
 30
0.0
 40
0.5
  1
3.21
100
AcDbText
  0
TEXT
  5
13E
330
17
100
AcDbEntity
  8
点
100
AcDbText
 10
470089.2500000001
 20
4349661.25
 30
0.0
 40
0.5
  1
3.21
100
AcDbText
  0
TEXT
  5
13F
330
17
100
AcDbEntity
  8
点
100
AcDbText
 10
470089.2500000001
 20
4349662.25
 30
0.0
 40
0.5
  1
3.21
100
AcDbText
  0
TEXT
  5
140
330
17
100
AcDbEntity
  8
点
100
AcDbText
 10
470090.25
 20
4349651.249999999
 30
0.0
 40
0.5
  1
1.42
100
AcDbText
  0
TEXT
  5
141
330
17
100
AcDbEntity
  8
点
100
AcDbText
 10
470090.25
 20
4349652.25
 30
0.0
 40
0.5
  1
1.42
100
AcDbText
  0
TEXT
  5
142
330
17
100
AcDbEntity
  8
点
100
AcDbText
 10
470090.25
 20
4349653.25
 30
0.0
 40
0.5
  1
1.91
100
AcDbText
  0
TEXT
  5
143
330
17
100
AcDbEntity
  8
点
100
AcDbText
 10
470090.25
 20
4349654.25
 30
0.0
 40
0.5
  1
1.91
100
AcDbText
  0
TEXT
  5
144
330
17
100
AcDbEntity
  8
点
100
AcDbText
 10
470090.25
 20
4349655.25
 30
0.0
 40
0.5
  1
1.91
100
AcDbText
  0
TEXT
  5
145
330
17
100
AcDbEntity
  8
点
100
AcDbText
 10
470090.25
 20
4349656.25
 30
0.0
 40
0.5
  1
1.91
100
AcDbText
  0
TEXT
  5
146
330
17
100
AcDbEntity
  8
点
100
AcDbText
 10
470090.25
 20
4349657.249999999
 30
0.0
 40
0.5
  1
1.91
100
AcDbText
  0
TEXT
  5
147
330
17
100
AcDbEntity
  8
点
100
AcDbText
 10
470090.25
 20
4349658.25
 30
0.0
 40
0.5
  1
3.21
100
AcDbText
  0
TEXT
  5
148
330
17
100
AcDbEntity
  8
点
100
AcDbText
 10
470090.25
 20
4349659.25
 30
0.0
 40
0.5
  1
3.21
100
AcDbText
  0
TEXT
  5
149
330
17
100
AcDbEntity
  8
点
100
AcDbText
 10
470090.25
 20
4349660.25
 30
0.0
 40
0.5
  1
3.21
100
AcDbText
  0
TEXT
  5
14A
330
17
100
AcDbEntity
  8
点
100
AcDbText
 10
470090.25
 20
4349661.25
 30
0.0
 40
0.5
  1
3.21
100
AcDbText
  0
TEXT
  5
14B
330
17
100
AcDbEntity
  8
点
100
AcDbText
 10
470090.25
 20
4349662.25
 30
0.0
 40
0.5
  1
3.21
100
AcDbText
  0
TEXT
  5
14C
330
17
100
AcDbEntity
  8
点
100
AcDbText
 10
470091.25
 20
4349652.25
 30
0.0
 40
0.5
  1
1.91
100
AcDbText
  0
TEXT
  5
14D
330
17
100
AcDbEntity
  8
点
100
AcDbText
 10
470091.25
 20
4349653.25
 30
0.0
 40
0.5
  1
1.91
100
AcDbText
  0
TEXT
  5
14E
330
17
100
AcDbEntity
  8
点
100
AcDbText
 10
470091.25
 20
4349654.25
 30
0.0
 40
0.5
  1
1.91
100
AcDbText
  0
TEXT
  5
14F
330
17
100
AcDbEntity
  8
点
100
AcDbText
 10
470091.25
 20
4349655.25
 30
0.0
 40
0.5
  1
1.91
100
AcDbText
  0
TEXT
  5
150
330
17
100
AcDbEntity
  8
点
100
AcDbText
 10
470091.25
 20
4349656.25
 30
0.0
 40
0.5
  1
1.91
100
AcDbText
  0
TEXT
  5
151
330
17
100
AcDbEntity
  8
点
100
AcDbText
 10
470091.25
 20
4349657.249999999
 30
0.0
 40
0.5
  1
1.91
100
AcDbText
  0
TEXT
  5
152
330
17
100
AcDbEntity
  8
点
100
AcDbText
 10
470091.25
 20
4349658.25
 30
0.0
 40
0.5
  1
3.21
100
AcDbText
  0
TEXT
  5
153
330
17
100
AcDbEntity
  8
点
100
AcDbText
 10
470091.25
 20
4349659.25
 30
0.0
 40
0.5
  1
3.21
100
AcDbText
  0
TEXT
  5
154
330
17
100
AcDbEntity
  8
点
100
AcDbText
 10
470091.25
 20
4349660.25
 30
0.0
 40
0.5
  1
3.21
100
AcDbText
  0
TEXT
  5
155
330
17
100
AcDbEntity
  8
点
100
AcDbText
 10
470091.25
 20
4349661.25
 30
0.0
 40
0.5
  1
3.21
100
AcDbText
  0
TEXT
  5
156
330
17
100
AcDbEntity
  8
点
100
AcDbText
 10
470091.25
 20
4349662.25
 30
0.0
 40
0.5
  1
1.22
100
AcDbText
  0
TEXT
  5
157
330
17
100
AcDbEntity
  8
点
100
AcDbText
 10
470092.2499999999
 20
4349653.25
 30
0.0
 40
0.5
  1
1.91
100
AcDbText
  0
TEXT
  5
158
330
17
100
AcDbEntity
  8
点
100
AcDbText
 10
470092.2499999999
 20
4349654.25
 30
0.0
 40
0.5
  1
1.91
100
AcDbText
  0
TEXT
  5
159
330
17
100
AcDbEntity
  8
点
100
AcDbText
 10
470092.2499999999
 20
4349655.25
 30
0.0
 40
0.5
  1
1.91
100
AcDbText
  0
TEXT
  5
15A
330
17
100
AcDbEntity
  8
点
100
AcDbText
 10
470092.2499999999
 20
4349656.25
 30
0.0
 40
0.5
  1
1.91
100
AcDbText
  0
TEXT
  5
15B
330
17
100
AcDbEntity
  8
点
100
AcDbText
 10
470092.2499999999
 20
4349657.249999999
 30
0.0
 40
0.5
  1
1.91
100
AcDbText
  0
TEXT
  5
15C
330
17
100
AcDbEntity
  8
点
100
AcDbText
 10
470092.2499999999
 20
4349658.25
 30
0.0
 40
0.5
  1
3.21
100
AcDbText
  0
TEXT
  5
15D
330
17
100
AcDbEntity
  8
点
100
AcDbText
 10
470092.2499999999
 20
4349659.25
 30
0.0
 40
0.5
  1
3.21
100
AcDbText
  0
TEXT
  5
15E
330
17
100
AcDbEntity
  8
点
100
AcDbText
 10
470092.2499999999
 20
4349660.25
 30
0.0
 40
0.5
  1
1.22
100
AcDbText
  0
TEXT
  5
15F
330
17
100
AcDbEntity
  8
点
100
AcDbText
 10
470092.2499999999
 20
4349661.25
 30
0.0
 40
0.5
  1
1.22
100
AcDbText
  0
TEXT
  5
160
330
17
100
AcDbEntity
  8
点
100
AcDbText
 10
470092.2499999999
 20
4349662.25
 30
0.0
 40
0.5
  1
1.22
100
AcDbText
  0
TEXT
  5
161
330
17
100
AcDbEntity
  8
点
100
AcDbText
 10
470092.2499999999
 20
4349663.25
 30
0.0
 40
0.5
  1
1.22
100
AcDbText
  0
TEXT
  5
162
330
17
100
AcDbEntity
  8
点
100
AcDbText
 10
470093.25
 20
4349655.25
 30
0.0
 40
0.5
  1
1.91
100
AcDbText
  0
TEXT
  5
163
330
17
100
AcDbEntity
  8
点
100
AcDbText
 10
470093.25
 20
4349656.25
 30
0.0
 40
0.5
  1
1.91
100
AcDbText
  0
TEXT
  5
164
330
17
100
AcDbEntity
  8
点
100
AcDbText
 10
470093.25
 20
4349657.249999999
 30
0.0
 40
0.5
  1
1.91
100
AcDbText
  0
TEXT
  5
165
330
17
100
AcDbEntity
  8
点
100
AcDbText
 10
470093.25
 20
4349658.25
 30
0.0
 40
0.5
  1
3.21
100
AcDbText
  0
TEXT
  5
166
330
17
100
AcDbEntity
  8
点
100
AcDbText
 10
470093.25
 20
4349659.25
 30
0.0
 40
0.5
  1
1.22
100
AcDbText
  0
TEXT
  5
167
330
17
100
AcDbEntity
  8
点
100
AcDbText
 10
470093.25
 20
4349660.25
 30
0.0
 40
0.5
  1
1.22
100
AcDbText
  0
TEXT
  5
168
330
17
100
AcDbEntity
  8
点
100
AcDbText
 10
470093.25
 20
4349661.25
 30
0.0
 40
0.5
  1
1.22
100
AcDbText
  0
TEXT
  5
169
330
17
100
AcDbEntity
  8
点
100
AcDbText
 10
470093.25
 20
4349662.25
 30
0.0
 40
0.5
  1
1.22
100
AcDbText
  0
TEXT
  5
16A
330
17
100
AcDbEntity
  8
点
100
AcDbText
 10
470093.25
 20
4349663.25
 30
0.0
 40
0.5
  1
1.22
100
AcDbText
  0
TEXT
  5
16B
330
17
100
AcDbEntity
  8
点
100
AcDbText
 10
470094.25
 20
4349656.25
 30
0.0
 40
0.5
  1
1.91
100
AcDbText
  0
TEXT
  5
16C
330
17
100
AcDbEntity
  8
点
100
AcDbText
 10
470094.25
 20
4349657.249999999
 30
0.0
 40
0.5
  1
1.91
100
AcDbText
  0
TEXT
  5
16D
330
17
100
AcDbEntity
  8
点
100
AcDbText
 10
470094.25
 20
4349658.25
 30
0.0
 40
0.5
  1
1.22
100
AcDbText
  0
TEXT
  5
16E
330
17
100
AcDbEntity
  8
点
100
AcDbText
 10
470094.25
 20
4349659.25
 30
0.0
 40
0.5
  1
1.22
100
AcDbText
  0
TEXT
  5
16F
330
17
100
AcDbEntity
  8
点
100
AcDbText
 10
470094.25
 20
4349660.25
 30
0.0
 40
0.5
  1
1.22
100
AcDbText
  0
TEXT
  5
170
330
17
100
AcDbEntity
  8
点
100
AcDbText
 10
470094.25
 20
4349661.25
 30
0.0
 40
0.5
  1
1.22
100
AcDbText
  0
TEXT
  5
171
330
17
100
AcDbEntity
  8
点
100
AcDbText
 10
470094.25
 20
4349662.25
 30
0.0
 40
0.5
  1
1.22
100
AcDbText
  0
TEXT
  5
172
330
17
100
AcDbEntity
  8
点
100
AcDbText
 10
470094.25
 20
4349663.25
 30
0.0
 40
0.5
  1
1.22
100
AcDbText
  0
TEXT
  5
173
330
17
100
AcDbEntity
  8
点
100
AcDbText
 10
470094.25
 20
4349664.25
 30
0.0
 40
0.5
  1
1.22
100
AcDbText
  0
TEXT
  5
174
330
17
100
AcDbEntity
  8
点
100
AcDbText
 10
470095.25
 20
4349658.25
 30
0.0
 40
0.5
  1
1.22
100
AcDbText
  0
TEXT
  5
175
330
17
100
AcDbEntity
  8
点
100
AcDbText
 10
470095.25
 20
4349659.25
 30
0.0
 40
0.5
  1
1.22
100
AcDbText
  0
TEXT
  5
176
330
17
100
AcDbEntity
  8
点
100
AcDbText
 10
470095.25
 20
4349660.25
 30
0.0
 40
0.5
  1
1.22
100
AcDbText
  0
TEXT
  5
177
330
17
100
AcDbEntity
  8
点
100
AcDbText
 10
470095.25
 20
4349661.25
 30
0.0
 40
0.5
  1
1.22
100
AcDbText
  0
TEXT
  5
178
330
17
100
AcDbEntity
  8
点
100
AcDbText
 10
470095.25
 20
4349662.25
 30
0.0
 40
0.5
  1
1.22
100
AcDbText
  0
TEXT
  5
179
330
17
100
AcDbEntity
  8
点
100
AcDbText
 10
470095.25
 20
4349663.25
 30
0.0
 40
0.5
  1
1.22
100
AcDbText
  0
TEXT
  5
17A
330
17
100
AcDbEntity
  8
点
100
AcDbText
 10
470095.25
 20
4349664.25
 30
0.0
 40
0.5
  1
1.22
100
AcDbText
  0
TEXT
  5
17B
330
17
100
AcDbEntity
  8
点
100
AcDbText
 10
470095.25
 20
4349666.25
 30
0.0
 40
0.5
  1
1.53
100
AcDbText
  0
TEXT
  5
17C
330
17
100
AcDbEntity
  8
点
100
AcDbText
 10
470095.25
 20
4349667.25
 30
0.0
 40
0.5
  1
1.53
100
AcDbText
  0
TEXT
  5
17D
330
17
100
AcDbEntity
  8
点
100
AcDbText
 10
470095.25
 20
4349668.25
 30
0.0
 40
0.5
  1
1.53
100
AcDbText
  0
TEXT
  5
17E
330
17
100
AcDbEntity
  8
点
100
AcDbText
 10
470095.25
 20
4349669.249999999
 30
0.0
 40
0.5
  1
1.53
100
AcDbText
  0
TEXT
  5
17F
330
17
100
AcDbEntity
  8
点
100
AcDbText
 10
470096.25
 20
4349660.25
 30
0.0
 40
0.5
  1
1.22
100
AcDbText
  0
TEXT
  5
180
330
17
100
AcDbEntity
  8
点
100
AcDbText
 10
470096.25
 20
4349661.25
 30
0.0
 40
0.5
  1
1.22
100
AcDbText
  0
TEXT
  5
181
330
17
100
AcDbEntity
  8
点
100
AcDbText
 10
470096.25
 20
4349662.25
 30
0.0
 40
0.5
  1
1.22
100
AcDbText
  0
TEXT
  5
182
330
17
100
AcDbEntity
  8
点
100
AcDbText
 10
470096.25
 20
4349663.25
 30
0.0
 40
0.5
  1
1.22
100
AcDbText
  0
TEXT
  5
183
330
17
100
AcDbEntity
  8
点
100
AcDbText
 10
470096.25
 20
4349664.25
 30
0.0
 40
0.5
  1
1.22
100
AcDbText
  0
TEXT
  5
184
330
17
100
AcDbEntity
  8
点
100
AcDbText
 10
470096.25
 20
4349665.25
 30
0.0
 40
0.5
  1
1.53
100
AcDbText
  0
TEXT
  5
185
330
17
100
AcDbEntity
  8
点
100
AcDbText
 10
470096.25
 20
4349666.25
 30
0.0
 40
0.5
  1
1.53
100
AcDbText
  0
TEXT
  5
186
330
17
100
AcDbEntity
  8
点
100
AcDbText
 10
470096.25
 20
4349667.25
 30
0.0
 40
0.5
  1
1.53
100
AcDbText
  0
TEXT
  5
187
330
17
100
AcDbEntity
  8
点
100
AcDbText
 10
470096.25
 20
4349668.25
 30
0.0
 40
0.5
  1
1.53
100
AcDbText
  0
TEXT
  5
188
330
17
100
AcDbEntity
  8
点
100
AcDbText
 10
470096.25
 20
4349669.249999999
 30
0.0
 40
0.5
  1
1.53
100
AcDbText
  0
TEXT
  5
189
330
17
100
AcDbEntity
  8
点
100
AcDbText
 10
470096.25
 20
4349670.25
 30
0.0
 40
0.5
  1
1.53
100
AcDbText
  0
TEXT
  5
18A
330
17
100
AcDbEntity
  8
点
100
AcDbText
 10
470096.25
 20
4349674.25
 30
0.0
 40
0.5
  1
1.06
100
AcDbText
  0
TEXT
  5
18B
330
17
100
AcDbEntity
  8
点
100
AcDbText
 10
470096.25
 20
4349675.25
 30
0.0
 40
0.5
  1
1.06
100
AcDbText
  0
TEXT
  5
18C
330
17
100
AcDbEntity
  8
点
100
AcDbText
 10
470096.25
 20
4349676.249999999
 30
0.0
 40
0.5
  1
1.06
100
AcDbText
  0
TEXT
  5
18D
330
17
100
AcDbEntity
  8
点
100
AcDbText
 10
470097.25
 20
4349661.25
 30
0.0
 40
0.5
  1
1.22
100
AcDbText
  0
TEXT
  5
18E
330
17
100
AcDbEntity
  8
点
100
AcDbText
 10
470097.25
 20
4349662.25
 30
0.0
 40
0.5
  1
1.22
100
AcDbText
  0
TEXT
  5
18F
330
17
100
AcDbEntity
  8
点
100
AcDbText
 10
470097.25
 20
4349663.25
 30
0.0
 40
0.5
  1
1.22
100
AcDbText
  0
TEXT
  5
190
330
17
100
AcDbEntity
  8
点
100
AcDbText
 10
470097.25
 20
4349664.25
 30
0.0
 40
0.5
  1
1.53
100
AcDbText
  0
TEXT
  5
191
330
17
100
AcDbEntity
  8
点
100
AcDbText
 10
470097.25
 20
4349665.25
 30
0.0
 40
0.5
  1
1.53
100
AcDbText
  0
TEXT
  5
192
330
17
100
AcDbEntity
  8
点
100
AcDbText
 10
470097.25
 20
4349666.25
 30
0.0
 40
0.5
  1
1.53
100
AcDbText
  0
TEXT
  5
193
330
17
100
AcDbEntity
  8
点
100
AcDbText
 10
470097.25
 20
4349667.25
 30
0.0
 40
0.5
  1
1.53
100
AcDbText
  0
TEXT
  5
194
330
17
100
AcDbEntity
  8
点
100
AcDbText
 10
470097.25
 20
4349668.25
 30
0.0
 40
0.5
  1
1.53
100
AcDbText
  0
TEXT
  5
195
330
17
100
AcDbEntity
  8
点
100
AcDbText
 10
470097.25
 20
4349669.249999999
 30
0.0
 40
0.5
  1
1.53
100
AcDbText
  0
TEXT
  5
196
330
17
100
AcDbEntity
  8
点
100
AcDbText
 10
470097.25
 20
4349670.25
 30
0.0
 40
0.5
  1
1.53
100
AcDbText
  0
TEXT
  5
197
330
17
100
AcDbEntity
  8
点
100
AcDbText
 10
470097.25
 20
4349671.25
 30
0.0
 40
0.5
  1
1.53
100
AcDbText
  0
TEXT
  5
198
330
17
100
AcDbEntity
  8
点
100
AcDbText
 10
470097.25
 20
4349673.25
 30
0.0
 40
0.5
  1
1.06
100
AcDbText
  0
TEXT
  5
199
330
17
100
AcDbEntity
  8
点
100
AcDbText
 10
470097.25
 20
4349674.25
 30
0.0
 40
0.5
  1
1.06
100
AcDbText
  0
TEXT
  5
19A
330
17
100
AcDbEntity
  8
点
100
AcDbText
 10
470097.25
 20
4349675.25
 30
0.0
 40
0.5
  1
1.06
100
AcDbText
  0
TEXT
  5
19B
330
17
100
AcDbEntity
  8
点
100
AcDbText
 10
470097.25
 20
4349676.249999999
 30
0.0
 40
0.5
  1
1.06
100
AcDbText
  0
TEXT
  5
19C
330
17
100
AcDbEntity
  8
点
100
AcDbText
 10
470097.25
 20
4349677.25
 30
0.0
 40
0.5
  1
1.06
100
AcDbText
  0
TEXT
  5
19D
330
17
100
AcDbEntity
  8
点
100
AcDbText
 10
470098.25
 20
4349663.25
 30
0.0
 40
0.5
  1
1.22
100
AcDbText
  0
TEXT
  5
19E
330
17
100
AcDbEntity
  8
点
100
AcDbText
 10
470098.25
 20
4349664.25
 30
0.0
 40
0.5
  1
1.53
100
AcDbText
  0
TEXT
  5
19F
330
17
100
AcDbEntity
  8
点
100
AcDbText
 10
470098.25
 20
4349665.25
 30
0.0
 40
0.5
  1
1.53
100
AcDbText
  0
TEXT
  5
1A0
330
17
100
AcDbEntity
  8
点
100
AcDbText
 10
470098.25
 20
4349666.25
 30
0.0
 40
0.5
  1
1.53
100
AcDbText
  0
TEXT
  5
1A1
330
17
100
AcDbEntity
  8
点
100
AcDbText
 10
470098.25
 20
4349667.25
 30
0.0
 40
0.5
  1
1.53
100
AcDbText
  0
TEXT
  5
1A2
330
17
100
AcDbEntity
  8
点
100
AcDbText
 10
470098.25
 20
4349668.25
 30
0.0
 40
0.5
  1
1.53
100
AcDbText
  0
TEXT
  5
1A3
330
17
100
AcDbEntity
  8
点
100
AcDbText
 10
470098.25
 20
4349669.249999999
 30
0.0
 40
0.5
  1
1.53
100
AcDbText
  0
TEXT
  5
1A4
330
17
100
AcDbEntity
  8
点
100
AcDbText
 10
470098.25
 20
4349670.25
 30
0.0
 40
0.5
  1
1.53
100
AcDbText
  0
TEXT
  5
1A5
330
17
100
AcDbEntity
  8
点
100
AcDbText
 10
470098.25
 20
4349671.25
 30
0.0
 40
0.5
  1
1.53
100
AcDbText
  0
TEXT
  5
1A6
330
17
100
AcDbEntity
  8
点
100
AcDbText
 10
470098.25
 20
4349672.25
 30
0.0
 40
0.5
  1
1.06
100
AcDbText
  0
TEXT
  5
1A7
330
17
100
AcDbEntity
  8
点
100
AcDbText
 10
470098.25
 20
4349673.25
 30
0.0
 40
0.5
  1
1.06
100
AcDbText
  0
TEXT
  5
1A8
330
17
100
AcDbEntity
  8
点
100
AcDbText
 10
470098.25
 20
4349674.25
 30
0.0
 40
0.5
  1
1.06
100
AcDbText
  0
TEXT
  5
1A9
330
17
100
AcDbEntity
  8
点
100
AcDbText
 10
470098.25
 20
4349675.25
 30
0.0
 40
0.5
  1
1.06
100
AcDbText
  0
TEXT
  5
1AA
330
17
100
AcDbEntity
  8
点
100
AcDbText
 10
470098.25
 20
4349676.249999999
 30
0.0
 40
0.5
  1
1.06
100
AcDbText
  0
TEXT
  5
1AB
330
17
100
AcDbEntity
  8
点
100
AcDbText
 10
470098.25
 20
4349677.25
 30
0.0
 40
0.5
  1
1.06
100
AcDbText
  0
TEXT
  5
1AC
330
17
100
AcDbEntity
  8
点
100
AcDbText
 10
470099.25
 20
4349665.25
 30
0.0
 40
0.5
  1
1.53
100
AcDbText
  0
TEXT
  5
1AD
330
17
100
AcDbEntity
  8
点
100
AcDbText
 10
470099.25
 20
4349666.25
 30
0.0
 40
0.5
  1
1.53
100
AcDbText
  0
TEXT
  5
1AE
330
17
100
AcDbEntity
  8
点
100
AcDbText
 10
470099.25
 20
4349667.25
 30
0.0
 40
0.5
  1
1.53
100
AcDbText
  0
TEXT
  5
1AF
330
17
100
AcDbEntity
  8
点
100
AcDbText
 10
470099.25
 20
4349668.25
 30
0.0
 40
0.5
  1
1.53
100
AcDbText
  0
TEXT
  5
1B0
330
17
100
AcDbEntity
  8
点
100
AcDbText
 10
470099.25
 20
4349669.249999999
 30
0.0
 40
0.5
  1
1.53
100
AcDbText
  0
TEXT
  5
1B1
330
17
100
AcDbEntity
  8
点
100
AcDbText
 10
470099.25
 20
4349670.25
 30
0.0
 40
0.5
  1
1.53
100
AcDbText
  0
TEXT
  5
1B2
330
17
100
AcDbEntity
  8
点
100
AcDbText
 10
470099.25
 20
4349671.25
 30
0.0
 40
0.5
  1
1.53
100
AcDbText
  0
TEXT
  5
1B3
330
17
100
AcDbEntity
  8
点
100
AcDbText
 10
470099.25
 20
4349672.25
 30
0.0
 40
0.5
  1
1.06
100
AcDbText
  0
TEXT
  5
1B4
330
17
100
AcDbEntity
  8
点
100
AcDbText
 10
470099.25
 20
4349673.25
 30
0.0
 40
0.5
  1
1.06
100
AcDbText
  0
TEXT
  5
1B5
330
17
100
AcDbEntity
  8
点
100
AcDbText
 10
470099.25
 20
4349674.25
 30
0.0
 40
0.5
  1
1.06
100
AcDbText
  0
TEXT
  5
1B6
330
17
100
AcDbEntity
  8
点
100
AcDbText
 10
470099.25
 20
4349675.25
 30
0.0
 40
0.5
  1
1.06
100
AcDbText
  0
TEXT
  5
1B7
330
17
100
AcDbEntity
  8
点
100
AcDbText
 10
470099.25
 20
4349676.249999999
 30
0.0
 40
0.5
  1
1.06
100
AcDbText
  0
TEXT
  5
1B8
330
17
100
AcDbEntity
  8
点
100
AcDbText
 10
470099.25
 20
4349677.25
 30
0.0
 40
0.5
  1
1.06
100
AcDbText
  0
TEXT
  5
1B9
330
17
100
AcDbEntity
  8
点
100
AcDbText
 10
470100.25
 20
4349666.25
 30
0.0
 40
0.5
  1
1.53
100
AcDbText
  0
TEXT
  5
1BA
330
17
100
AcDbEntity
  8
点
100
AcDbText
 10
470100.25
 20
4349667.25
 30
0.0
 40
0.5
  1
1.53
100
AcDbText
  0
TEXT
  5
1BB
330
17
100
AcDbEntity
  8
点
100
AcDbText
 10
470100.25
 20
4349668.25
 30
0.0
 40
0.5
  1
1.53
100
AcDbText
  0
TEXT
  5
1BC
330
17
100
AcDbEntity
  8
点
100
AcDbText
 10
470100.25
 20
4349669.249999999
 30
0.0
 40
0.5
  1
1.53
100
AcDbText
  0
TEXT
  5
1BD
330
17
100
AcDbEntity
  8
点
100
AcDbText
 10
470100.25
 20
4349670.25
 30
0.0
 40
0.5
  1
1.53
100
AcDbText
  0
TEXT
  5
1BE
330
17
100
AcDbEntity
  8
点
100
AcDbText
 10
470100.25
 20
4349671.25
 30
0.0
 40
0.5
  1
1.53
100
AcDbText
  0
TEXT
  5
1BF
330
17
100
AcDbEntity
  8
点
100
AcDbText
 10
470100.25
 20
4349672.25
 30
0.0
 40
0.5
  1
1.06
100
AcDbText
  0
TEXT
  5
1C0
330
17
100
AcDbEntity
  8
点
100
AcDbText
 10
470100.25
 20
4349673.25
 30
0.0
 40
0.5
  1
1.06
100
AcDbText
  0
TEXT
  5
1C1
330
17
100
AcDbEntity
  8
点
100
AcDbText
 10
470100.25
 20
4349674.25
 30
0.0
 40
0.5
  1
1.06
100
AcDbText
  0
TEXT
  5
1C2
330
17
100
AcDbEntity
  8
点
100
AcDbText
 10
470100.25
 20
4349675.25
 30
0.0
 40
0.5
  1
1.06
100
AcDbText
  0
TEXT
  5
1C3
330
17
100
AcDbEntity
  8
点
100
AcDbText
 10
470100.25
 20
4349676.249999999
 30
0.0
 40
0.5
  1
1.06
100
AcDbText
  0
TEXT
  5
1C4
330
17
100
AcDbEntity
  8
点
100
AcDbText
 10
470101.25
 20
4349669.249999999
 30
0.0
 40
0.5
  1
1.53
100
AcDbText
  0
TEXT
  5
1C5
330
17
100
AcDbEntity
  8
点
100
AcDbText
 10
470101.25
 20
4349670.25
 30
0.0
 40
0.5
  1
1.53
100
AcDbText
  0
TEXT
  5
1C6
330
17
100
AcDbEntity
  8
点
100
AcDbText
 10
470101.25
 20
4349671.25
 30
0.0
 40
0.5
  1
1.06
100
AcDbText
  0
TEXT
  5
1C7
330
17
100
AcDbEntity
  8
点
100
AcDbText
 10
470101.25
 20
4349672.25
 30
0.0
 40
0.5
  1
1.06
100
AcDbText
  0
TEXT
  5
1C8
330
17
100
AcDbEntity
  8
点
100
AcDbText
 10
470101.25
 20
4349673.25
 30
0.0
 40
0.5
  1
1.06
100
AcDbText
  0
TEXT
  5
1C9
330
17
100
AcDbEntity
  8
点
100
AcDbText
 10
470101.25
 20
4349674.25
 30
0.0
 40
0.5
  1
1.06
100
AcDbText
  0
TEXT
  5
1CA
330
17
100
AcDbEntity
  8
点
100
AcDbText
 10
470101.25
 20
4349675.25
 30
0.0
 40
0.5
  1
1.06
100
AcDbText
  0
TEXT
  5
1CB
330
17
100
AcDbEntity
  8
点
100
AcDbText
 10
470102.25
 20
4349671.25
 30
0.0
 40
0.5
  1
1.06
100
AcDbText
  0
TEXT
  5
1CC
330
17
100
AcDbEntity
  8
点
100
AcDbText
 10
470102.25
 20
4349672.25
 30
0.0
 40
0.5
  1
1.06
100
AcDbText
  0
TEXT
  5
1CD
330
17
100
AcDbEntity
  8
点
100
AcDbText
 10
470102.25
 20
4349673.25
 30
0.0
 40
0.5
  1
1.06
100
AcDbText
  0
TEXT
  5
1CE
330
17
100
AcDbEntity
  8
点
100
AcDbText
 10
470102.25
 20
4349674.25
 30
0.0
 40
0.5
  1
1.06
100
AcDbText
  0
TEXT
  5
1CF
330
17
100
AcDbEntity
  8
点
100
AcDbText
 10
470102.25
 20
4349675.25
 30
0.0
 40
0.5
  1
1.06
100
AcDbText
  0
TEXT
  5
1D0
330
17
100
AcDbEntity
  8
点
100
AcDbText
 10
470103.25
 20
4349674.25
 30
0.0
 40
0.5
  1
1.06
100
AcDbText
  0
TEXT
  5
1D1
330
17
100
AcDbEntity
  8
点
100
AcDbText
 10
470104.25
 20
4349718.25
 30
0.0
 40
0.5
  1
1.51
100
AcDbText
  0
TEXT
  5
1D2
330
17
100
AcDbEntity
  8
点
100
AcDbText
 10
470104.25
 20
4349719.249999999
 30
0.0
 40
0.5
  1
1.51
100
AcDbText
  0
TEXT
  5
1D3
330
17
100
AcDbEntity
  8
点
100
AcDbText
 10
470105.25
 20
4349717.25
 30
0.0
 40
0.5
  1
1.51
100
AcDbText
  0
TEXT
  5
1D4
330
17
100
AcDbEntity
  8
点
100
AcDbText
 10
470105.25
 20
4349718.25
 30
0.0
 40
0.5
  1
1.51
100
AcDbText
  0
TEXT
  5
1D5
330
17
100
AcDbEntity
  8
点
100
AcDbText
 10
470105.25
 20
4349719.249999999
 30
0.0
 40
0.5
  1
1.51
100
AcDbText
  0
TEXT
  5
1D6
330
17
100
AcDbEntity
  8
点
100
AcDbText
 10
470105.25
 20
4349720.25
 30
0.0
 40
0.5
  1
1.51
100
AcDbText
  0
TEXT
  5
1D7
330
17
100
AcDbEntity
  8
点
100
AcDbText
 10
470105.25
 20
4349721.249999999
 30
0.0
 40
0.5
  1
1.51
100
AcDbText
  0
TEXT
  5
1D8
330
17
100
AcDbEntity
  8
点
100
AcDbText
 10
470105.25
 20
4349722.25
 30
0.0
 40
0.5
  1
1.51
100
AcDbText
  0
TEXT
  5
1D9
330
17
100
AcDbEntity
  8
点
100
AcDbText
 10
470106.25
 20
4349717.25
 30
0.0
 40
0.5
  1
1.51
100
AcDbText
  0
TEXT
  5
1DA
330
17
100
AcDbEntity
  8
点
100
AcDbText
 10
470106.25
 20
4349718.25
 30
0.0
 40
0.5
  1
1.51
100
AcDbText
  0
TEXT
  5
1DB
330
17
100
AcDbEntity
  8
点
100
AcDbText
 10
470106.25
 20
4349719.249999999
 30
0.0
 40
0.5
  1
1.51
100
AcDbText
  0
TEXT
  5
1DC
330
17
100
AcDbEntity
  8
点
100
AcDbText
 10
470106.25
 20
4349720.25
 30
0.0
 40
0.5
  1
1.51
100
AcDbText
  0
TEXT
  5
1DD
330
17
100
AcDbEntity
  8
点
100
AcDbText
 10
470106.25
 20
4349721.249999999
 30
0.0
 40
0.5
  1
1.51
100
AcDbText
  0
TEXT
  5
1DE
330
17
100
AcDbEntity
  8
点
100
AcDbText
 10
470106.25
 20
4349722.25
 30
0.0
 40
0.5
  1
1.51
100
AcDbText
  0
TEXT
  5
1DF
330
17
100
AcDbEntity
  8
点
100
AcDbText
 10
470106.25
 20
4349723.25
 30
0.0
 40
0.5
  1
1.51
100
AcDbText
  0
TEXT
  5
1E0
330
17
100
AcDbEntity
  8
点
100
AcDbText
 10
470106.25
 20
4349724.25
 30
0.0
 40
0.5
  1
1.58
100
AcDbText
  0
TEXT
  5
1E1
330
17
100
AcDbEntity
  8
点
100
AcDbText
 10
470106.25
 20
4349725.25
 30
0.0
 40
0.5
  1
1.58
100
AcDbText
  0
TEXT
  5
1E2
330
17
100
AcDbEntity
  8
点
100
AcDbText
 10
470107.25
 20
4349717.25
 30
0.0
 40
0.5
  1
1.51
100
AcDbText
  0
TEXT
  5
1E3
330
17
100
AcDbEntity
  8
点
100
AcDbText
 10
470107.25
 20
4349718.25
 30
0.0
 40
0.5
  1
1.51
100
AcDbText
  0
TEXT
  5
1E4
330
17
100
AcDbEntity
  8
点
100
AcDbText
 10
470107.25
 20
4349719.249999999
 30
0.0
 40
0.5
  1
1.51
100
AcDbText
  0
TEXT
  5
1E5
330
17
100
AcDbEntity
  8
点
100
AcDbText
 10
470107.25
 20
4349720.25
 30
0.0
 40
0.5
  1
1.51
100
AcDbText
  0
TEXT
  5
1E6
330
17
100
AcDbEntity
  8
点
100
AcDbText
 10
470107.25
 20
4349721.249999999
 30
0.0
 40
0.5
  1
1.51
100
AcDbText
  0
TEXT
  5
1E7
330
17
100
AcDbEntity
  8
点
100
AcDbText
 10
470107.25
 20
4349722.25
 30
0.0
 40
0.5
  1
1.51
100
AcDbText
  0
TEXT
  5
1E8
330
17
100
AcDbEntity
  8
点
100
AcDbText
 10
470107.25
 20
4349723.25
 30
0.0
 40
0.5
  1
1.51
100
AcDbText
  0
TEXT
  5
1E9
330
17
100
AcDbEntity
  8
点
100
AcDbText
 10
470107.25
 20
4349724.25
 30
0.0
 40
0.5
  1
1.58
100
AcDbText
  0
TEXT
  5
1EA
330
17
100
AcDbEntity
  8
点
100
AcDbText
 10
470107.25
 20
4349725.25
 30
0.0
 40
0.5
  1
1.58
100
AcDbText
  0
TEXT
  5
1EB
330
17
100
AcDbEntity
  8
点
100
AcDbText
 10
470107.25
 20
4349726.249999999
 30
0.0
 40
0.5
  1
1.58
100
AcDbText
  0
TEXT
  5
1EC
330
17
100
AcDbEntity
  8
点
100
AcDbText
 10
470107.25
 20
4349727.249999999
 30
0.0
 40
0.5
  1
1.58
100
AcDbText
  0
TEXT
  5
1ED
330
17
100
AcDbEntity
  8
点
100
AcDbText
 10
470107.25
 20
4349728.25
 30
0.0
 40
0.5
  1
1.58
100
AcDbText
  0
TEXT
  5
1EE
330
17
100
AcDbEntity
  8
点
100
AcDbText
 10
470108.25
 20
4349717.25
 30
0.0
 40
0.5
  1
1.51
100
AcDbText
  0
TEXT
  5
1EF
330
17
100
AcDbEntity
  8
点
100
AcDbText
 10
470108.25
 20
4349718.25
 30
0.0
 40
0.5
  1
1.51
100
AcDbText
  0
TEXT
  5
1F0
330
17
100
AcDbEntity
  8
点
100
AcDbText
 10
470108.25
 20
4349719.249999999
 30
0.0
 40
0.5
  1
1.51
100
AcDbText
  0
TEXT
  5
1F1
330
17
100
AcDbEntity
  8
点
100
AcDbText
 10
470108.25
 20
4349720.25
 30
0.0
 40
0.5
  1
1.51
100
AcDbText
  0
TEXT
  5
1F2
330
17
100
AcDbEntity
  8
点
100
AcDbText
 10
470108.25
 20
4349721.249999999
 30
0.0
 40
0.5
  1
1.51
100
AcDbText
  0
TEXT
  5
1F3
330
17
100
AcDbEntity
  8
点
100
AcDbText
 10
470108.25
 20
4349722.25
 30
0.0
 40
0.5
  1
1.51
100
AcDbText
  0
TEXT
  5
1F4
330
17
100
AcDbEntity
  8
点
100
AcDbText
 10
470108.25
 20
4349723.25
 30
0.0
 40
0.5
  1
1.51
100
AcDbText
  0
TEXT
  5
1F5
330
17
100
AcDbEntity
  8
点
100
AcDbText
 10
470108.25
 20
4349724.25
 30
0.0
 40
0.5
  1
1.58
100
AcDbText
  0
TEXT
  5
1F6
330
17
100
AcDbEntity
  8
点
100
AcDbText
 10
470108.25
 20
4349725.25
 30
0.0
 40
0.5
  1
1.58
100
AcDbText
  0
TEXT
  5
1F7
330
17
100
AcDbEntity
  8
点
100
AcDbText
 10
470108.25
 20
4349726.249999999
 30
0.0
 40
0.5
  1
1.58
100
AcDbText
  0
TEXT
  5
1F8
330
17
100
AcDbEntity
  8
点
100
AcDbText
 10
470108.25
 20
4349727.249999999
 30
0.0
 40
0.5
  1
1.58
100
AcDbText
  0
TEXT
  5
1F9
330
17
100
AcDbEntity
  8
点
100
AcDbText
 10
470108.25
 20
4349728.25
 30
0.0
 40
0.5
  1
1.58
100
AcDbText
  0
TEXT
  5
1FA
330
17
100
AcDbEntity
  8
点
100
AcDbText
 10
470108.25
 20
4349729.25
 30
0.0
 40
0.5
  1
1.58
100
AcDbText
  0
TEXT
  5
1FB
330
17
100
AcDbEntity
  8
点
100
AcDbText
 10
470109.25
 20
4349717.25
 30
0.0
 40
0.5
  1
1.51
100
AcDbText
  0
TEXT
  5
1FC
330
17
100
AcDbEntity
  8
点
100
AcDbText
 10
470109.25
 20
4349718.25
 30
0.0
 40
0.5
  1
1.51
100
AcDbText
  0
TEXT
  5
1FD
330
17
100
AcDbEntity
  8
点
100
AcDbText
 10
470109.25
 20
4349719.249999999
 30
0.0
 40
0.5
  1
1.51
100
AcDbText
  0
TEXT
  5
1FE
330
17
100
AcDbEntity
  8
点
100
AcDbText
 10
470109.25
 20
4349720.25
 30
0.0
 40
0.5
  1
1.51
100
AcDbText
  0
TEXT
  5
1FF
330
17
100
AcDbEntity
  8
点
100
AcDbText
 10
470109.25
 20
4349721.249999999
 30
0.0
 40
0.5
  1
1.51
100
AcDbText
  0
TEXT
  5
200
330
17
100
AcDbEntity
  8
点
100
AcDbText
 10
470109.25
 20
4349722.25
 30
0.0
 40
0.5
  1
1.51
100
AcDbText
  0
TEXT
  5
201
330
17
100
AcDbEntity
  8
点
100
AcDbText
 10
470109.25
 20
4349723.25
 30
0.0
 40
0.5
  1
1.58
100
AcDbText
  0
TEXT
  5
202
330
17
100
AcDbEntity
  8
点
100
AcDbText
 10
470109.25
 20
4349724.25
 30
0.0
 40
0.5
  1
1.58
100
AcDbText
  0
TEXT
  5
203
330
17
100
AcDbEntity
  8
点
100
AcDbText
 10
470109.25
 20
4349725.25
 30
0.0
 40
0.5
  1
1.58
100
AcDbText
  0
TEXT
  5
204
330
17
100
AcDbEntity
  8
点
100
AcDbText
 10
470109.25
 20
4349726.249999999
 30
0.0
 40
0.5
  1
1.58
100
AcDbText
  0
TEXT
  5
205
330
17
100
AcDbEntity
  8
点
100
AcDbText
 10
470109.25
 20
4349727.249999999
 30
0.0
 40
0.5
  1
1.58
100
AcDbText
  0
TEXT
  5
206
330
17
100
AcDbEntity
  8
点
100
AcDbText
 10
470109.25
 20
4349728.25
 30
0.0
 40
0.5
  1
1.58
100
AcDbText
  0
TEXT
  5
207
330
17
100
AcDbEntity
  8
点
100
AcDbText
 10
470109.25
 20
4349729.25
 30
0.0
 40
0.5
  1
1.58
100
AcDbText
  0
TEXT
  5
208
330
17
100
AcDbEntity
  8
点
100
AcDbText
 10
470110.25
 20
4349718.25
 30
0.0
 40
0.5
  1
1.51
100
AcDbText
  0
TEXT
  5
209
330
17
100
AcDbEntity
  8
点
100
AcDbText
 10
470110.25
 20
4349719.249999999
 30
0.0
 40
0.5
  1
1.51
100
AcDbText
  0
TEXT
  5
20A
330
17
100
AcDbEntity
  8
点
100
AcDbText
 10
470110.25
 20
4349720.25
 30
0.0
 40
0.5
  1
1.51
100
AcDbText
  0
TEXT
  5
20B
330
17
100
AcDbEntity
  8
点
100
AcDbText
 10
470110.25
 20
4349724.25
 30
0.0
 40
0.5
  1
1.58
100
AcDbText
  0
TEXT
  5
20C
330
17
100
AcDbEntity
  8
点
100
AcDbText
 10
470110.25
 20
4349725.25
 30
0.0
 40
0.5
  1
1.58
100
AcDbText
  0
TEXT
  5
20D
330
17
100
AcDbEntity
  8
点
100
AcDbText
 10
470110.25
 20
4349726.249999999
 30
0.0
 40
0.5
  1
1.58
100
AcDbText
  0
TEXT
  5
20E
330
17
100
AcDbEntity
  8
点
100
AcDbText
 10
470110.25
 20
4349727.249999999
 30
0.0
 40
0.5
  1
1.58
100
AcDbText
  0
TEXT
  5
20F
330
17
100
AcDbEntity
  8
点
100
AcDbText
 10
470110.25
 20
4349728.25
 30
0.0
 40
0.5
  1
1.58
100
AcDbText
  0
TEXT
  5
210
330
17
100
AcDbEntity
  8
点
100
AcDbText
 10
470110.25
 20
4349729.25
 30
0.0
 40
0.5
  1
1.58
100
AcDbText
  0
TEXT
  5
211
330
17
100
AcDbEntity
  8
点
100
AcDbText
 10
470111.2499999999
 20
4349725.25
 30
0.0
 40
0.5
  1
1.58
100
AcDbText
  0
TEXT
  5
212
330
17
100
AcDbEntity
  8
点
100
AcDbText
 10
470111.2499999999
 20
4349726.249999999
 30
0.0
 40
0.5
  1
1.58
100
AcDbText
  0
TEXT
  5
213
330
17
100
AcDbEntity
  8
点
100
AcDbText
 10
470111.2499999999
 20
4349727.249999999
 30
0.0
 40
0.5
  1
1.58
100
AcDbText
  0
TEXT
  5
214
330
17
100
AcDbEntity
  8
点
100
AcDbText
 10
470111.2499999999
 20
4349728.25
 30
0.0
 40
0.5
  1
1.58
100
AcDbText
  0
TEXT
  5
215
330
17
100
AcDbEntity
  8
点
100
AcDbText
 10
470111.2499999999
 20
4349729.25
 30
0.0
 40
0.5
  1
1.58
100
AcDbText
  0
TEXT
  5
216
330
17
100
AcDbEntity
  8
点
100
AcDbText
 10
470111.2499999999
 20
4349730.25
 30
0.0
 40
0.5
  1
1.58
100
AcDbText
  0
TEXT
  5
217
330
17
100
AcDbEntity
  8
点
100
AcDbText
 10
470112.25
 20
4349725.25
 30
0.0
 40
0.5
  1
1.58
100
AcDbText
  0
TEXT
  5
218
330
17
100
AcDbEntity
  8
点
100
AcDbText
 10
470112.25
 20
4349726.249999999
 30
0.0
 40
0.5
  1
1.58
100
AcDbText
  0
TEXT
  5
219
330
17
100
AcDbEntity
  8
点
100
AcDbText
 10
470112.25
 20
4349727.249999999
 30
0.0
 40
0.5
  1
1.58
100
AcDbText
  0
TEXT
  5
21A
330
17
100
AcDbEntity
  8
点
100
AcDbText
 10
470112.25
 20
4349728.25
 30
0.0
 40
0.5
  1
1.58
100
AcDbText
  0
TEXT
  5
21B
330
17
100
AcDbEntity
  8
点
100
AcDbText
 10
470112.25
 20
4349729.25
 30
0.0
 40
0.5
  1
1.58
100
AcDbText
  0
TEXT
  5
21C
330
17
100
AcDbEntity
  8
点
100
AcDbText
 10
470112.25
 20
4349730.25
 30
0.0
 40
0.5
  1
1.58
100
AcDbText
  0
TEXT
  5
21D
330
17
100
AcDbEntity
  8
点
100
AcDbText
 10
470113.2499999999
 20
4349726.249999999
 30
0.0
 40
0.5
  1
1.58
100
AcDbText
  0
TEXT
  5
21E
330
17
100
AcDbEntity
  8
点
100
AcDbText
 10
470113.2499999999
 20
4349727.249999999
 30
0.0
 40
0.5
  1
1.58
100
AcDbText
  0
TEXT
  5
21F
330
17
100
AcDbEntity
  8
点
100
AcDbText
 10
470113.2499999999
 20
4349728.25
 30
0.0
 40
0.5
  1
1.58
100
AcDbText
  0
TEXT
  5
220
330
17
100
AcDbEntity
  8
点
100
AcDbText
 10
470113.2499999999
 20
4349729.25
 30
0.0
 40
0.5
  1
1.58
100
AcDbText
  0
TEXT
  5
221
330
17
100
AcDbEntity
  8
点
100
AcDbText
 10
470113.2499999999
 20
4349730.25
 30
0.0
 40
0.5
  1
1.58
100
AcDbText
  0
TEXT
  5
222
330
17
100
AcDbEntity
  8
点
100
AcDbText
 10
470113.2499999999
 20
4349731.25
 30
0.0
 40
0.5
  1
1.58
100
AcDbText
  0
TEXT
  5
223
330
17
100
AcDbEntity
  8
点
100
AcDbText
 10
470114.25
 20
4349727.249999999
 30
0.0
 40
0.5
  1
1.58
100
AcDbText
  0
TEXT
  5
224
330
17
100
AcDbEntity
  8
点
100
AcDbText
 10
470114.25
 20
4349728.25
 30
0.0
 40
0.5
  1
1.58
100
AcDbText
  0
TEXT
  5
225
330
17
100
AcDbEntity
  8
点
100
AcDbText
 10
470114.25
 20
4349729.25
 30
0.0
 40
0.5
  1
1.58
100
AcDbText
  0
TEXT
  5
226
330
17
100
AcDbEntity
  8
点
100
AcDbText
 10
470088.25
 20
4349664.25
 30
0.0
 40
0.5
  1
0.91
100
AcDbText
  0
TEXT
  5
227
330
17
100
AcDbEntity
  8
点
100
AcDbText
 10
470088.25
 20
4349665.25
 30
0.0
 40
0.5
  1
0.91
100
AcDbText
  0
TEXT
  5
228
330
17
100
AcDbEntity
  8
点
100
AcDbText
 10
470089.2500000001
 20
4349663.25
 30
0.0
 40
0.5
  1
0.91
100
AcDbText
  0
TEXT
  5
229
330
17
100
AcDbEntity
  8
点
100
AcDbText
 10
470089.2500000001
 20
4349664.25
 30
0.0
 40
0.5
  1
0.91
100
AcDbText
  0
TEXT
  5
22A
330
17
100
AcDbEntity
  8
点
100
AcDbText
 10
470089.2500000001
 20
4349665.25
 30
0.0
 40
0.5
  1
0.91
100
AcDbText
  0
TEXT
  5
22B
330
17
100
AcDbEntity
  8
点
100
AcDbText
 10
470089.2500000001
 20
4349666.25
 30
0.0
 40
0.5
  1
0.91
100
AcDbText
  0
TEXT
  5
22C
330
17
100
AcDbEntity
  8
点
100
AcDbText
 10
470089.2500000001
 20
4349667.25
 30
0.0
 40
0.5
  1
0.91
100
AcDbText
  0
TEXT
  5
22D
330
17
100
AcDbEntity
  8
点
100
AcDbText
 10
470089.2500000001
 20
4349668.25
 30
0.0
 40
0.5
  1
0.91
100
AcDbText
  0
TEXT
  5
22E
330
17
100
AcDbEntity
  8
点
100
AcDbText
 10
470089.2500000001
 20
4349669.249999999
 30
0.0
 40
0.5
  1
0.91
100
AcDbText
  0
TEXT
  5
22F
330
17
100
AcDbEntity
  8
点
100
AcDbText
 10
470090.25
 20
4349663.25
 30
0.0
 40
0.5
  1
0.91
100
AcDbText
  0
TEXT
  5
230
330
17
100
AcDbEntity
  8
点
100
AcDbText
 10
470090.25
 20
4349664.25
 30
0.0
 40
0.5
  1
0.91
100
AcDbText
  0
TEXT
  5
231
330
17
100
AcDbEntity
  8
点
100
AcDbText
 10
470090.25
 20
4349665.25
 30
0.0
 40
0.5
  1
0.91
100
AcDbText
  0
TEXT
  5
232
330
17
100
AcDbEntity
  8
点
100
AcDbText
 10
470090.25
 20
4349666.25
 30
0.0
 40
0.5
  1
0.91
100
AcDbText
  0
TEXT
  5
233
330
17
100
AcDbEntity
  8
点
100
AcDbText
 10
470090.25
 20
4349667.25
 30
0.0
 40
0.5
  1
0.91
100
AcDbText
  0
TEXT
  5
234
330
17
100
AcDbEntity
  8
点
100
AcDbText
 10
470090.25
 20
4349668.25
 30
0.0
 40
0.5
  1
0.91
100
AcDbText
  0
TEXT
  5
235
330
17
100
AcDbEntity
  8
点
100
AcDbText
 10
470090.25
 20
4349669.249999999
 30
0.0
 40
0.5
  1
0.91
100
AcDbText
  0
TEXT
  5
236
330
17
100
AcDbEntity
  8
点
100
AcDbText
 10
470090.25
 20
4349670.25
 30
0.0
 40
0.5
  1
0.91
100
AcDbText
  0
TEXT
  5
237
330
17
100
AcDbEntity
  8
点
100
AcDbText
 10
470090.25
 20
4349671.25
 30
0.0
 40
0.5
  1
0.91
100
AcDbText
  0
TEXT
  5
238
330
17
100
AcDbEntity
  8
点
100
AcDbText
 10
470090.25
 20
4349672.25
 30
0.0
 40
0.5
  1
0.91
100
AcDbText
  0
TEXT
  5
239
330
17
100
AcDbEntity
  8
点
100
AcDbText
 10
470091.25
 20
4349663.25
 30
0.0
 40
0.5
  1
0.91
100
AcDbText
  0
TEXT
  5
23A
330
17
100
AcDbEntity
  8
点
100
AcDbText
 10
470091.25
 20
4349664.25
 30
0.0
 40
0.5
  1
0.91
100
AcDbText
  0
TEXT
  5
23B
330
17
100
AcDbEntity
  8
点
100
AcDbText
 10
470091.25
 20
4349665.25
 30
0.0
 40
0.5
  1
0.91
100
AcDbText
  0
TEXT
  5
23C
330
17
100
AcDbEntity
  8
点
100
AcDbText
 10
470091.25
 20
4349666.25
 30
0.0
 40
0.5
  1
0.91
100
AcDbText
  0
TEXT
  5
23D
330
17
100
AcDbEntity
  8
点
100
AcDbText
 10
470091.25
 20
4349667.25
 30
0.0
 40
0.5
  1
0.91
100
AcDbText
  0
TEXT
  5
23E
330
17
100
AcDbEntity
  8
点
100
AcDbText
 10
470091.25
 20
4349668.25
 30
0.0
 40
0.5
  1
0.91
100
AcDbText
  0
TEXT
  5
23F
330
17
100
AcDbEntity
  8
点
100
AcDbText
 10
470091.25
 20
4349669.249999999
 30
0.0
 40
0.5
  1
0.91
100
AcDbText
  0
TEXT
  5
240
330
17
100
AcDbEntity
  8
点
100
AcDbText
 10
470091.25
 20
4349670.25
 30
0.0
 40
0.5
  1
0.91
100
AcDbText
  0
TEXT
  5
241
330
17
100
AcDbEntity
  8
点
100
AcDbText
 10
470091.25
 20
4349671.25
 30
0.0
 40
0.5
  1
0.91
100
AcDbText
  0
TEXT
  5
242
330
17
100
AcDbEntity
  8
点
100
AcDbText
 10
470091.25
 20
4349672.25
 30
0.0
 40
0.5
  1
0.91
100
AcDbText
  0
TEXT
  5
243
330
17
100
AcDbEntity
  8
点
100
AcDbText
 10
470091.25
 20
4349673.25
 30
0.0
 40
0.5
  1
0.91
100
AcDbText
  0
TEXT
  5
244
330
17
100
AcDbEntity
  8
点
100
AcDbText
 10
470091.25
 20
4349674.25
 30
0.0
 40
0.5
  1
0.91
100
AcDbText
  0
TEXT
  5
245
330
17
100
AcDbEntity
  8
点
100
AcDbText
 10
470091.25
 20
4349675.25
 30
0.0
 40
0.5
  1
0.91
100
AcDbText
  0
TEXT
  5
246
330
17
100
AcDbEntity
  8
点
100
AcDbText
 10
470092.2499999999
 20
4349664.25
 30
0.0
 40
0.5
  1
0.91
100
AcDbText
  0
TEXT
  5
247
330
17
100
AcDbEntity
  8
点
100
AcDbText
 10
470092.2499999999
 20
4349665.25
 30
0.0
 40
0.5
  1
0.91
100
AcDbText
  0
TEXT
  5
248
330
17
100
AcDbEntity
  8
点
100
AcDbText
 10
470092.2499999999
 20
4349666.25
 30
0.0
 40
0.5
  1
0.91
100
AcDbText
  0
TEXT
  5
249
330
17
100
AcDbEntity
  8
点
100
AcDbText
 10
470092.2499999999
 20
4349667.25
 30
0.0
 40
0.5
  1
0.91
100
AcDbText
  0
TEXT
  5
24A
330
17
100
AcDbEntity
  8
点
100
AcDbText
 10
470092.2499999999
 20
4349668.25
 30
0.0
 40
0.5
  1
0.91
100
AcDbText
  0
TEXT
  5
24B
330
17
100
AcDbEntity
  8
点
100
AcDbText
 10
470092.2499999999
 20
4349669.249999999
 30
0.0
 40
0.5
  1
0.91
100
AcDbText
  0
TEXT
  5
24C
330
17
100
AcDbEntity
  8
点
100
AcDbText
 10
470092.2499999999
 20
4349670.25
 30
0.0
 40
0.5
  1
0.91
100
AcDbText
  0
TEXT
  5
24D
330
17
100
AcDbEntity
  8
点
100
AcDbText
 10
470092.2499999999
 20
4349671.25
 30
0.0
 40
0.5
  1
0.91
100
AcDbText
  0
TEXT
  5
24E
330
17
100
AcDbEntity
  8
点
100
AcDbText
 10
470092.2499999999
 20
4349672.25
 30
0.0
 40
0.5
  1
0.91
100
AcDbText
  0
TEXT
  5
24F
330
17
100
AcDbEntity
  8
点
100
AcDbText
 10
470092.2499999999
 20
4349673.25
 30
0.0
 40
0.5
  1
0.91
100
AcDbText
  0
TEXT
  5
250
330
17
100
AcDbEntity
  8
点
100
AcDbText
 10
470092.2499999999
 20
4349674.25
 30
0.0
 40
0.5
  1
0.91
100
AcDbText
  0
TEXT
  5
251
330
17
100
AcDbEntity
  8
点
100
AcDbText
 10
470092.2499999999
 20
4349675.25
 30
0.0
 40
0.5
  1
0.91
100
AcDbText
  0
TEXT
  5
252
330
17
100
AcDbEntity
  8
点
100
AcDbText
 10
470092.2499999999
 20
4349676.249999999
 30
0.0
 40
0.5
  1
0.91
100
AcDbText
  0
TEXT
  5
253
330
17
100
AcDbEntity
  8
点
100
AcDbText
 10
470092.2499999999
 20
4349677.25
 30
0.0
 40
0.5
  1
0.76
100
AcDbText
  0
TEXT
  5
254
330
17
100
AcDbEntity
  8
点
100
AcDbText
 10
470092.2499999999
 20
4349678.25
 30
0.0
 40
0.5
  1
0.76
100
AcDbText
  0
TEXT
  5
255
330
17
100
AcDbEntity
  8
点
100
AcDbText
 10
470092.2499999999
 20
4349679.25
 30
0.0
 40
0.5
  1
0.76
100
AcDbText
  0
TEXT
  5
256
330
17
100
AcDbEntity
  8
点
100
AcDbText
 10
470093.25
 20
4349664.25
 30
0.0
 40
0.5
  1
0.91
100
AcDbText
  0
TEXT
  5
257
330
17
100
AcDbEntity
  8
点
100
AcDbText
 10
470093.25
 20
4349665.25
 30
0.0
 40
0.5
  1
0.91
100
AcDbText
  0
TEXT
  5
258
330
17
100
AcDbEntity
  8
点
100
AcDbText
 10
470093.25
 20
4349666.25
 30
0.0
 40
0.5
  1
0.91
100
AcDbText
  0
TEXT
  5
259
330
17
100
AcDbEntity
  8
点
100
AcDbText
 10
470093.25
 20
4349667.25
 30
0.0
 40
0.5
  1
0.91
100
AcDbText
  0
TEXT
  5
25A
330
17
100
AcDbEntity
  8
点
100
AcDbText
 10
470093.25
 20
4349668.25
 30
0.0
 40
0.5
  1
0.91
100
AcDbText
  0
TEXT
  5
25B
330
17
100
AcDbEntity
  8
点
100
AcDbText
 10
470093.25
 20
4349669.249999999
 30
0.0
 40
0.5
  1
0.91
100
AcDbText
  0
TEXT
  5
25C
330
17
100
AcDbEntity
  8
点
100
AcDbText
 10
470093.25
 20
4349670.25
 30
0.0
 40
0.5
  1
0.91
100
AcDbText
  0
TEXT
  5
25D
330
17
100
AcDbEntity
  8
点
100
AcDbText
 10
470093.25
 20
4349671.25
 30
0.0
 40
0.5
  1
0.91
100
AcDbText
  0
TEXT
  5
25E
330
17
100
AcDbEntity
  8
点
100
AcDbText
 10
470093.25
 20
4349672.25
 30
0.0
 40
0.5
  1
0.91
100
AcDbText
  0
TEXT
  5
25F
330
17
100
AcDbEntity
  8
点
100
AcDbText
 10
470093.25
 20
4349673.25
 30
0.0
 40
0.5
  1
0.91
100
AcDbText
  0
TEXT
  5
260
330
17
100
AcDbEntity
  8
点
100
AcDbText
 10
470093.25
 20
4349674.25
 30
0.0
 40
0.5
  1
0.91
100
AcDbText
  0
TEXT
  5
261
330
17
100
AcDbEntity
  8
点
100
AcDbText
 10
470093.25
 20
4349675.25
 30
0.0
 40
0.5
  1
0.91
100
AcDbText
  0
TEXT
  5
262
330
17
100
AcDbEntity
  8
点
100
AcDbText
 10
470093.25
 20
4349676.249999999
 30
0.0
 40
0.5
  1
0.91
100
AcDbText
  0
TEXT
  5
263
330
17
100
AcDbEntity
  8
点
100
AcDbText
 10
470093.25
 20
4349677.25
 30
0.0
 40
0.5
  1
0.76
100
AcDbText
  0
TEXT
  5
264
330
17
100
AcDbEntity
  8
点
100
AcDbText
 10
470093.25
 20
4349678.25
 30
0.0
 40
0.5
  1
0.76
100
AcDbText
  0
TEXT
  5
265
330
17
100
AcDbEntity
  8
点
100
AcDbText
 10
470093.25
 20
4349679.25
 30
0.0
 40
0.5
  1
0.76
100
AcDbText
  0
TEXT
  5
266
330
17
100
AcDbEntity
  8
点
100
AcDbText
 10
470093.25
 20
4349680.25
 30
0.0
 40
0.5
  1
0.76
100
AcDbText
  0
TEXT
  5
267
330
17
100
AcDbEntity
  8
点
100
AcDbText
 10
470093.25
 20
4349681.25
 30
0.0
 40
0.5
  1
0.76
100
AcDbText
  0
TEXT
  5
268
330
17
100
AcDbEntity
  8
点
100
AcDbText
 10
470093.25
 20
4349682.249999999
 30
0.0
 40
0.5
  1
0.76
100
AcDbText
  0
TEXT
  5
269
330
17
100
AcDbEntity
  8
点
100
AcDbText
 10
470094.25
 20
4349665.25
 30
0.0
 40
0.5
  1
0.91
100
AcDbText
  0
TEXT
  5
26A
330
17
100
AcDbEntity
  8
点
100
AcDbText
 10
470094.25
 20
4349666.25
 30
0.0
 40
0.5
  1
0.91
100
AcDbText
  0
TEXT
  5
26B
330
17
100
AcDbEntity
  8
点
100
AcDbText
 10
470094.25
 20
4349667.25
 30
0.0
 40
0.5
  1
0.91
100
AcDbText
  0
TEXT
  5
26C
330
17
100
AcDbEntity
  8
点
100
AcDbText
 10
470094.25
 20
4349668.25
 30
0.0
 40
0.5
  1
0.91
100
AcDbText
  0
TEXT
  5
26D
330
17
100
AcDbEntity
  8
点
100
AcDbText
 10
470094.25
 20
4349669.249999999
 30
0.0
 40
0.5
  1
0.91
100
AcDbText
  0
TEXT
  5
26E
330
17
100
AcDbEntity
  8
点
100
AcDbText
 10
470094.25
 20
4349670.25
 30
0.0
 40
0.5
  1
0.91
100
AcDbText
  0
TEXT
  5
26F
330
17
100
AcDbEntity
  8
点
100
AcDbText
 10
470094.25
 20
4349671.25
 30
0.0
 40
0.5
  1
0.91
100
AcDbText
  0
TEXT
  5
270
330
17
100
AcDbEntity
  8
点
100
AcDbText
 10
470094.25
 20
4349672.25
 30
0.0
 40
0.5
  1
0.91
100
AcDbText
  0
TEXT
  5
271
330
17
100
AcDbEntity
  8
点
100
AcDbText
 10
470094.25
 20
4349673.25
 30
0.0
 40
0.5
  1
0.91
100
AcDbText
  0
TEXT
  5
272
330
17
100
AcDbEntity
  8
点
100
AcDbText
 10
470094.25
 20
4349674.25
 30
0.0
 40
0.5
  1
0.91
100
AcDbText
  0
TEXT
  5
273
330
17
100
AcDbEntity
  8
点
100
AcDbText
 10
470094.25
 20
4349675.25
 30
0.0
 40
0.5
  1
0.91
100
AcDbText
  0
TEXT
  5
274
330
17
100
AcDbEntity
  8
点
100
AcDbText
 10
470094.25
 20
4349676.249999999
 30
0.0
 40
0.5
  1
0.91
100
AcDbText
  0
TEXT
  5
275
330
17
100
AcDbEntity
  8
点
100
AcDbText
 10
470094.25
 20
4349677.25
 30
0.0
 40
0.5
  1
0.76
100
AcDbText
  0
TEXT
  5
276
330
17
100
AcDbEntity
  8
点
100
AcDbText
 10
470094.25
 20
4349678.25
 30
0.0
 40
0.5
  1
0.76
100
AcDbText
  0
TEXT
  5
277
330
17
100
AcDbEntity
  8
点
100
AcDbText
 10
470094.25
 20
4349679.25
 30
0.0
 40
0.5
  1
0.76
100
AcDbText
  0
TEXT
  5
278
330
17
100
AcDbEntity
  8
点
100
AcDbText
 10
470094.25
 20
4349680.25
 30
0.0
 40
0.5
  1
0.76
100
AcDbText
  0
TEXT
  5
279
330
17
100
AcDbEntity
  8
点
100
AcDbText
 10
470094.25
 20
4349681.25
 30
0.0
 40
0.5
  1
0.76
100
AcDbText
  0
TEXT
  5
27A
330
17
100
AcDbEntity
  8
点
100
AcDbText
 10
470094.25
 20
4349682.249999999
 30
0.0
 40
0.5
  1
0.76
100
AcDbText
  0
TEXT
  5
27B
330
17
100
AcDbEntity
  8
点
100
AcDbText
 10
470094.25
 20
4349683.25
 30
0.0
 40
0.5
  1
0.76
100
AcDbText
  0
TEXT
  5
27C
330
17
100
AcDbEntity
  8
点
100
AcDbText
 10
470094.25
 20
4349684.25
 30
0.0
 40
0.5
  1
0.60
100
AcDbText
  0
TEXT
  5
27D
330
17
100
AcDbEntity
  8
点
100
AcDbText
 10
470094.25
 20
4349685.25
 30
0.0
 40
0.5
  1
0.60
100
AcDbText
  0
TEXT
  5
27E
330
17
100
AcDbEntity
  8
点
100
AcDbText
 10
470095.25
 20
4349665.25
 30
0.0
 40
0.5
  1
0.91
100
AcDbText
  0
TEXT
  5
27F
330
17
100
AcDbEntity
  8
点
100
AcDbText
 10
470095.25
 20
4349670.25
 30
0.0
 40
0.5
  1
0.91
100
AcDbText
  0
TEXT
  5
280
330
17
100
AcDbEntity
  8
点
100
AcDbText
 10
470095.25
 20
4349671.25
 30
0.0
 40
0.5
  1
0.91
100
AcDbText
  0
TEXT
  5
281
330
17
100
AcDbEntity
  8
点
100
AcDbText
 10
470095.25
 20
4349672.25
 30
0.0
 40
0.5
  1
0.91
100
AcDbText
  0
TEXT
  5
282
330
17
100
AcDbEntity
  8
点
100
AcDbText
 10
470095.25
 20
4349673.25
 30
0.0
 40
0.5
  1
0.91
100
AcDbText
  0
TEXT
  5
283
330
17
100
AcDbEntity
  8
点
100
AcDbText
 10
470095.25
 20
4349674.25
 30
0.0
 40
0.5
  1
0.91
100
AcDbText
  0
TEXT
  5
284
330
17
100
AcDbEntity
  8
点
100
AcDbText
 10
470095.25
 20
4349675.25
 30
0.0
 40
0.5
  1
0.91
100
AcDbText
  0
TEXT
  5
285
330
17
100
AcDbEntity
  8
点
100
AcDbText
 10
470095.25
 20
4349676.249999999
 30
0.0
 40
0.5
  1
0.76
100
AcDbText
  0
TEXT
  5
286
330
17
100
AcDbEntity
  8
点
100
AcDbText
 10
470095.25
 20
4349677.25
 30
0.0
 40
0.5
  1
0.76
100
AcDbText
  0
TEXT
  5
287
330
17
100
AcDbEntity
  8
点
100
AcDbText
 10
470095.25
 20
4349678.25
 30
0.0
 40
0.5
  1
0.76
100
AcDbText
  0
TEXT
  5
288
330
17
100
AcDbEntity
  8
点
100
AcDbText
 10
470095.25
 20
4349679.25
 30
0.0
 40
0.5
  1
0.76
100
AcDbText
  0
TEXT
  5
289
330
17
100
AcDbEntity
  8
点
100
AcDbText
 10
470095.25
 20
4349680.25
 30
0.0
 40
0.5
  1
0.76
100
AcDbText
  0
TEXT
  5
28A
330
17
100
AcDbEntity
  8
点
100
AcDbText
 10
470095.25
 20
4349681.25
 30
0.0
 40
0.5
  1
0.76
100
AcDbText
  0
TEXT
  5
28B
330
17
100
AcDbEntity
  8
点
100
AcDbText
 10
470095.25
 20
4349682.249999999
 30
0.0
 40
0.5
  1
0.76
100
AcDbText
  0
TEXT
  5
28C
330
17
100
AcDbEntity
  8
点
100
AcDbText
 10
470095.25
 20
4349683.25
 30
0.0
 40
0.5
  1
0.76
100
AcDbText
  0
TEXT
  5
28D
330
17
100
AcDbEntity
  8
点
100
AcDbText
 10
470095.25
 20
4349684.25
 30
0.0
 40
0.5
  1
0.60
100
AcDbText
  0
TEXT
  5
28E
330
17
100
AcDbEntity
  8
点
100
AcDbText
 10
470095.25
 20
4349685.25
 30
0.0
 40
0.5
  1
0.60
100
AcDbText
  0
TEXT
  5
28F
330
17
100
AcDbEntity
  8
点
100
AcDbText
 10
470095.25
 20
4349686.25
 30
0.0
 40
0.5
  1
0.60
100
AcDbText
  0
TEXT
  5
290
330
17
100
AcDbEntity
  8
点
100
AcDbText
 10
470095.25
 20
4349687.25
 30
0.0
 40
0.5
  1
0.60
100
AcDbText
  0
TEXT
  5
291
330
17
100
AcDbEntity
  8
点
100
AcDbText
 10
470095.25
 20
4349688.25
 30
0.0
 40
0.5
  1
0.60
100
AcDbText
  0
TEXT
  5
292
330
17
100
AcDbEntity
  8
点
100
AcDbText
 10
470095.25
 20
4349689.249999999
 30
0.0
 40
0.5
  1
0.60
100
AcDbText
  0
TEXT
  5
293
330
17
100
AcDbEntity
  8
点
100
AcDbText
 10
470096.25
 20
4349671.25
 30
0.0
 40
0.5
  1
0.91
100
AcDbText
  0
TEXT
  5
294
330
17
100
AcDbEntity
  8
点
100
AcDbText
 10
470096.25
 20
4349672.25
 30
0.0
 40
0.5
  1
0.91
100
AcDbText
  0
TEXT
  5
295
330
17
100
AcDbEntity
  8
点
100
AcDbText
 10
470096.25
 20
4349673.25
 30
0.0
 40
0.5
  1
0.91
100
AcDbText
  0
TEXT
  5
296
330
17
100
AcDbEntity
  8
点
100
AcDbText
 10
470096.25
 20
4349677.25
 30
0.0
 40
0.5
  1
0.76
100
AcDbText
  0
TEXT
  5
297
330
17
100
AcDbEntity
  8
点
100
AcDbText
 10
470096.25
 20
4349678.25
 30
0.0
 40
0.5
  1
0.76
100
AcDbText
  0
TEXT
  5
298
330
17
100
AcDbEntity
  8
点
100
AcDbText
 10
470096.25
 20
4349679.25
 30
0.0
 40
0.5
  1
0.76
100
AcDbText
  0
TEXT
  5
299
330
17
100
AcDbEntity
  8
点
100
AcDbText
 10
470096.25
 20
4349680.25
 30
0.0
 40
0.5
  1
0.76
100
AcDbText
  0
TEXT
  5
29A
330
17
100
AcDbEntity
  8
点
100
AcDbText
 10
470096.25
 20
4349681.25
 30
0.0
 40
0.5
  1
0.76
100
AcDbText
  0
TEXT
  5
29B
330
17
100
AcDbEntity
  8
点
100
AcDbText
 10
470096.25
 20
4349682.249999999
 30
0.0
 40
0.5
  1
0.76
100
AcDbText
  0
TEXT
  5
29C
330
17
100
AcDbEntity
  8
点
100
AcDbText
 10
470096.25
 20
4349683.25
 30
0.0
 40
0.5
  1
0.60
100
AcDbText
  0
TEXT
  5
29D
330
17
100
AcDbEntity
  8
点
100
AcDbText
 10
470096.25
 20
4349684.25
 30
0.0
 40
0.5
  1
0.60
100
AcDbText
  0
TEXT
  5
29E
330
17
100
AcDbEntity
  8
点
100
AcDbText
 10
470096.25
 20
4349685.25
 30
0.0
 40
0.5
  1
0.60
100
AcDbText
  0
TEXT
  5
29F
330
17
100
AcDbEntity
  8
点
100
AcDbText
 10
470096.25
 20
4349686.25
 30
0.0
 40
0.5
  1
0.60
100
AcDbText
  0
TEXT
  5
2A0
330
17
100
AcDbEntity
  8
点
100
AcDbText
 10
470096.25
 20
4349687.25
 30
0.0
 40
0.5
  1
0.60
100
AcDbText
  0
TEXT
  5
2A1
330
17
100
AcDbEntity
  8
点
100
AcDbText
 10
470096.25
 20
4349688.25
 30
0.0
 40
0.5
  1
0.60
100
AcDbText
  0
TEXT
  5
2A2
330
17
100
AcDbEntity
  8
点
100
AcDbText
 10
470096.25
 20
4349689.249999999
 30
0.0
 40
0.5
  1
0.60
100
AcDbText
  0
TEXT
  5
2A3
330
17
100
AcDbEntity
  8
点
100
AcDbText
 10
470096.25
 20
4349690.25
 30
0.0
 40
0.5
  1
0.48
100
AcDbText
  0
TEXT
  5
2A4
330
17
100
AcDbEntity
  8
点
100
AcDbText
 10
470096.25
 20
4349691.25
 30
0.0
 40
0.5
  1
0.48
100
AcDbText
  0
TEXT
  5
2A5
330
17
100
AcDbEntity
  8
点
100
AcDbText
 10
470096.25
 20
4349692.25
 30
0.0
 40
0.5
  1
0.48
100
AcDbText
  0
TEXT
  5
2A6
330
17
100
AcDbEntity
  8
点
100
AcDbText
 10
470097.25
 20
4349672.25
 30
0.0
 40
0.5
  1
0.91
100
AcDbText
  0
TEXT
  5
2A7
330
17
100
AcDbEntity
  8
点
100
AcDbText
 10
470097.25
 20
4349678.25
 30
0.0
 40
0.5
  1
0.76
100
AcDbText
  0
TEXT
  5
2A8
330
17
100
AcDbEntity
  8
点
100
AcDbText
 10
470097.25
 20
4349679.25
 30
0.0
 40
0.5
  1
0.76
100
AcDbText
  0
TEXT
  5
2A9
330
17
100
AcDbEntity
  8
点
100
AcDbText
 10
470097.25
 20
4349680.25
 30
0.0
 40
0.5
  1
0.76
100
AcDbText
  0
TEXT
  5
2AA
330
17
100
AcDbEntity
  8
点
100
AcDbText
 10
470097.25
 20
4349681.25
 30
0.0
 40
0.5
  1
0.76
100
AcDbText
  0
TEXT
  5
2AB
330
17
100
AcDbEntity
  8
点
100
AcDbText
 10
470097.25
 20
4349682.249999999
 30
0.0
 40
0.5
  1
0.96
100
AcDbText
  0
TEXT
  5
2AC
330
17
100
AcDbEntity
  8
点
100
AcDbText
 10
470097.25
 20
4349683.25
 30
0.0
 40
0.5
  1
0.96
100
AcDbText
  0
TEXT
  5
2AD
330
17
100
AcDbEntity
  8
点
100
AcDbText
 10
470097.25
 20
4349684.25
 30
0.0
 40
0.5
  1
0.60
100
AcDbText
  0
TEXT
  5
2AE
330
17
100
AcDbEntity
  8
点
100
AcDbText
 10
470097.25
 20
4349685.25
 30
0.0
 40
0.5
  1
0.60
100
AcDbText
  0
TEXT
  5
2AF
330
17
100
AcDbEntity
  8
点
100
AcDbText
 10
470097.25
 20
4349686.25
 30
0.0
 40
0.5
  1
0.60
100
AcDbText
  0
TEXT
  5
2B0
330
17
100
AcDbEntity
  8
点
100
AcDbText
 10
470097.25
 20
4349687.25
 30
0.0
 40
0.5
  1
0.60
100
AcDbText
  0
TEXT
  5
2B1
330
17
100
AcDbEntity
  8
点
100
AcDbText
 10
470097.25
 20
4349688.25
 30
0.0
 40
0.5
  1
0.60
100
AcDbText
  0
TEXT
  5
2B2
330
17
100
AcDbEntity
  8
点
100
AcDbText
 10
470097.25
 20
4349689.249999999
 30
0.0
 40
0.5
  1
0.60
100
AcDbText
  0
TEXT
  5
2B3
330
17
100
AcDbEntity
  8
点
100
AcDbText
 10
470097.25
 20
4349690.25
 30
0.0
 40
0.5
  1
0.48
100
AcDbText
  0
TEXT
  5
2B4
330
17
100
AcDbEntity
  8
点
100
AcDbText
 10
470097.25
 20
4349691.25
 30
0.0
 40
0.5
  1
0.48
100
AcDbText
  0
TEXT
  5
2B5
330
17
100
AcDbEntity
  8
点
100
AcDbText
 10
470097.25
 20
4349692.25
 30
0.0
 40
0.5
  1
0.48
100
AcDbText
  0
TEXT
  5
2B6
330
17
100
AcDbEntity
  8
点
100
AcDbText
 10
470097.25
 20
4349693.25
 30
0.0
 40
0.5
  1
0.48
100
AcDbText
  0
TEXT
  5
2B7
330
17
100
AcDbEntity
  8
点
100
AcDbText
 10
470097.25
 20
4349694.249999999
 30
0.0
 40
0.5
  1
0.48
100
AcDbText
  0
TEXT
  5
2B8
330
17
100
AcDbEntity
  8
点
100
AcDbText
 10
470097.25
 20
4349695.25
 30
0.0
 40
0.5
  1
0.48
100
AcDbText
  0
TEXT
  5
2B9
330
17
100
AcDbEntity
  8
点
100
AcDbText
 10
470098.25
 20
4349678.25
 30
0.0
 40
0.5
  1
0.76
100
AcDbText
  0
TEXT
  5
2BA
330
17
100
AcDbEntity
  8
点
100
AcDbText
 10
470098.25
 20
4349679.25
 30
0.0
 40
0.5
  1
0.76
100
AcDbText
  0
TEXT
  5
2BB
330
17
100
AcDbEntity
  8
点
100
AcDbText
 10
470098.25
 20
4349680.25
 30
0.0
 40
0.5
  1
0.76
100
AcDbText
  0
TEXT
  5
2BC
330
17
100
AcDbEntity
  8
点
100
AcDbText
 10
470098.25
 20
4349681.25
 30
0.0
 40
0.5
  1
0.96
100
AcDbText
  0
TEXT
  5
2BD
330
17
100
AcDbEntity
  8
点
100
AcDbText
 10
470098.25
 20
4349682.249999999
 30
0.0
 40
0.5
  1
0.96
100
AcDbText
  0
TEXT
  5
2BE
330
17
100
AcDbEntity
  8
点
100
AcDbText
 10
470098.25
 20
4349683.25
 30
0.0
 40
0.5
  1
0.96
100
AcDbText
  0
TEXT
  5
2BF
330
17
100
AcDbEntity
  8
点
100
AcDbText
 10
470098.25
 20
4349684.25
 30
0.0
 40
0.5
  1
0.60
100
AcDbText
  0
TEXT
  5
2C0
330
17
100
AcDbEntity
  8
点
100
AcDbText
 10
470098.25
 20
4349685.25
 30
0.0
 40
0.5
  1
0.60
100
AcDbText
  0
TEXT
  5
2C1
330
17
100
AcDbEntity
  8
点
100
AcDbText
 10
470098.25
 20
4349686.25
 30
0.0
 40
0.5
  1
0.60
100
AcDbText
  0
TEXT
  5
2C2
330
17
100
AcDbEntity
  8
点
100
AcDbText
 10
470098.25
 20
4349687.25
 30
0.0
 40
0.5
  1
0.60
100
AcDbText
  0
TEXT
  5
2C3
330
17
100
AcDbEntity
  8
点
100
AcDbText
 10
470098.25
 20
4349688.25
 30
0.0
 40
0.5
  1
0.60
100
AcDbText
  0
TEXT
  5
2C4
330
17
100
AcDbEntity
  8
点
100
AcDbText
 10
470098.25
 20
4349689.249999999
 30
0.0
 40
0.5
  1
0.60
100
AcDbText
  0
TEXT
  5
2C5
330
17
100
AcDbEntity
  8
点
100
AcDbText
 10
470098.25
 20
4349690.25
 30
0.0
 40
0.5
  1
0.48
100
AcDbText
  0
TEXT
  5
2C6
330
17
100
AcDbEntity
  8
点
100
AcDbText
 10
470098.25
 20
4349691.25
 30
0.0
 40
0.5
  1
0.48
100
AcDbText
  0
TEXT
  5
2C7
330
17
100
AcDbEntity
  8
点
100
AcDbText
 10
470098.25
 20
4349692.25
 30
0.0
 40
0.5
  1
0.48
100
AcDbText
  0
TEXT
  5
2C8
330
17
100
AcDbEntity
  8
点
100
AcDbText
 10
470098.25
 20
4349693.25
 30
0.0
 40
0.5
  1
0.48
100
AcDbText
  0
TEXT
  5
2C9
330
17
100
AcDbEntity
  8
点
100
AcDbText
 10
470098.25
 20
4349694.249999999
 30
0.0
 40
0.5
  1
0.48
100
AcDbText
  0
TEXT
  5
2CA
330
17
100
AcDbEntity
  8
点
100
AcDbText
 10
470098.25
 20
4349695.25
 30
0.0
 40
0.5
  1
0.48
100
AcDbText
  0
TEXT
  5
2CB
330
17
100
AcDbEntity
  8
点
100
AcDbText
 10
470098.25
 20
4349696.25
 30
0.0
 40
0.5
  1
0.48
100
AcDbText
  0
TEXT
  5
2CC
330
17
100
AcDbEntity
  8
点
100
AcDbText
 10
470098.25
 20
4349697.25
 30
0.0
 40
0.5
  1
0.48
100
AcDbText
  0
TEXT
  5
2CD
330
17
100
AcDbEntity
  8
点
100
AcDbText
 10
470098.25
 20
4349698.25
 30
0.0
 40
0.5
  1
0.67
100
AcDbText
  0
TEXT
  5
2CE
330
17
100
AcDbEntity
  8
点
100
AcDbText
 10
470098.25
 20
4349699.25
 30
0.0
 40
0.5
  1
0.67
100
AcDbText
  0
TEXT
  5
2CF
330
17
100
AcDbEntity
  8
点
100
AcDbText
 10
470099.25
 20
4349678.25
 30
0.0
 40
0.5
  1
0.73
100
AcDbText
  0
TEXT
  5
2D0
330
17
100
AcDbEntity
  8
点
100
AcDbText
 10
470099.25
 20
4349679.25
 30
0.0
 40
0.5
  1
0.73
100
AcDbText
  0
TEXT
  5
2D1
330
17
100
AcDbEntity
  8
点
100
AcDbText
 10
470099.25
 20
4349680.25
 30
0.0
 40
0.5
  1
0.96
100
AcDbText
  0
TEXT
  5
2D2
330
17
100
AcDbEntity
  8
点
100
AcDbText
 10
470099.25
 20
4349681.25
 30
0.0
 40
0.5
  1
0.96
100
AcDbText
  0
TEXT
  5
2D3
330
17
100
AcDbEntity
  8
点
100
AcDbText
 10
470099.25
 20
4349682.249999999
 30
0.0
 40
0.5
  1
0.96
100
AcDbText
  0
TEXT
  5
2D4
330
17
100
AcDbEntity
  8
点
100
AcDbText
 10
470099.25
 20
4349683.25
 30
0.0
 40
0.5
  1
0.96
100
AcDbText
  0
TEXT
  5
2D5
330
17
100
AcDbEntity
  8
点
100
AcDbText
 10
470099.25
 20
4349684.25
 30
0.0
 40
0.5
  1
0.96
100
AcDbText
  0
TEXT
  5
2D6
330
17
100
AcDbEntity
  8
点
100
AcDbText
 10
470099.25
 20
4349685.25
 30
0.0
 40
0.5
  1
0.60
100
AcDbText
  0
TEXT
  5
2D7
330
17
100
AcDbEntity
  8
点
100
AcDbText
 10
470099.25
 20
4349686.25
 30
0.0
 40
0.5
  1
0.60
100
AcDbText
  0
TEXT
  5
2D8
330
17
100
AcDbEntity
  8
点
100
AcDbText
 10
470099.25
 20
4349687.25
 30
0.0
 40
0.5
  1
0.60
100
AcDbText
  0
TEXT
  5
2D9
330
17
100
AcDbEntity
  8
点
100
AcDbText
 10
470099.25
 20
4349688.25
 30
0.0
 40
0.5
  1
0.60
100
AcDbText
  0
TEXT
  5
2DA
330
17
100
AcDbEntity
  8
点
100
AcDbText
 10
470099.25
 20
4349689.249999999
 30
0.0
 40
0.5
  1
0.48
100
AcDbText
  0
TEXT
  5
2DB
330
17
100
AcDbEntity
  8
点
100
AcDbText
 10
470099.25
 20
4349690.25
 30
0.0
 40
0.5
  1
0.48
100
AcDbText
  0
TEXT
  5
2DC
330
17
100
AcDbEntity
  8
点
100
AcDbText
 10
470099.25
 20
4349691.25
 30
0.0
 40
0.5
  1
0.48
100
AcDbText
  0
TEXT
  5
2DD
330
17
100
AcDbEntity
  8
点
100
AcDbText
 10
470099.25
 20
4349692.25
 30
0.0
 40
0.5
  1
0.48
100
AcDbText
  0
TEXT
  5
2DE
330
17
100
AcDbEntity
  8
点
100
AcDbText
 10
470099.25
 20
4349693.25
 30
0.0
 40
0.5
  1
0.48
100
AcDbText
  0
TEXT
  5
2DF
330
17
100
AcDbEntity
  8
点
100
AcDbText
 10
470099.25
 20
4349694.249999999
 30
0.0
 40
0.5
  1
0.48
100
AcDbText
  0
TEXT
  5
2E0
330
17
100
AcDbEntity
  8
点
100
AcDbText
 10
470099.25
 20
4349695.25
 30
0.0
 40
0.5
  1
0.48
100
AcDbText
  0
TEXT
  5
2E1
330
17
100
AcDbEntity
  8
点
100
AcDbText
 10
470099.25
 20
4349696.25
 30
0.0
 40
0.5
  1
0.48
100
AcDbText
  0
TEXT
  5
2E2
330
17
100
AcDbEntity
  8
点
100
AcDbText
 10
470099.25
 20
4349697.25
 30
0.0
 40
0.5
  1
0.67
100
AcDbText
  0
TEXT
  5
2E3
330
17
100
AcDbEntity
  8
点
100
AcDbText
 10
470099.25
 20
4349698.25
 30
0.0
 40
0.5
  1
0.67
100
AcDbText
  0
TEXT
  5
2E4
330
17
100
AcDbEntity
  8
点
100
AcDbText
 10
470099.25
 20
4349699.25
 30
0.0
 40
0.5
  1
0.67
100
AcDbText
  0
TEXT
  5
2E5
330
17
100
AcDbEntity
  8
点
100
AcDbText
 10
470099.25
 20
4349700.25
 30
0.0
 40
0.5
  1
0.67
100
AcDbText
  0
TEXT
  5
2E6
330
17
100
AcDbEntity
  8
点
100
AcDbText
 10
470099.25
 20
4349701.249999999
 30
0.0
 40
0.5
  1
0.67
100
AcDbText
  0
TEXT
  5
2E7
330
17
100
AcDbEntity
  8
点
100
AcDbText
 10
470099.25
 20
4349702.249999999
 30
0.0
 40
0.5
  1
0.67
100
AcDbText
  0
TEXT
  5
2E8
330
17
100
AcDbEntity
  8
点
100
AcDbText
 10
470100.25
 20
4349677.25
 30
0.0
 40
0.5
  1
0.73
100
AcDbText
  0
TEXT
  5
2E9
330
17
100
AcDbEntity
  8
点
100
AcDbText
 10
470100.25
 20
4349678.25
 30
0.0
 40
0.5
  1
0.73
100
AcDbText
  0
TEXT
  5
2EA
330
17
100
AcDbEntity
  8
点
100
AcDbText
 10
470100.25
 20
4349679.25
 30
0.0
 40
0.5
  1
0.73
100
AcDbText
  0
TEXT
  5
2EB
330
17
100
AcDbEntity
  8
点
100
AcDbText
 10
470100.25
 20
4349680.25
 30
0.0
 40
0.5
  1
0.96
100
AcDbText
  0
TEXT
  5
2EC
330
17
100
AcDbEntity
  8
点
100
AcDbText
 10
470100.25
 20
4349681.25
 30
0.0
 40
0.5
  1
0.96
100
AcDbText
  0
TEXT
  5
2ED
330
17
100
AcDbEntity
  8
点
100
AcDbText
 10
470100.25
 20
4349682.249999999
 30
0.0
 40
0.5
  1
0.96
100
AcDbText
  0
TEXT
  5
2EE
330
17
100
AcDbEntity
  8
点
100
AcDbText
 10
470100.25
 20
4349683.25
 30
0.0
 40
0.5
  1
0.96
100
AcDbText
  0
TEXT
  5
2EF
330
17
100
AcDbEntity
  8
点
100
AcDbText
 10
470100.25
 20
4349684.25
 30
0.0
 40
0.5
  1
0.96
100
AcDbText
  0
TEXT
  5
2F0
330
17
100
AcDbEntity
  8
点
100
AcDbText
 10
470100.25
 20
4349685.25
 30
0.0
 40
0.5
  1
0.60
100
AcDbText
  0
TEXT
  5
2F1
330
17
100
AcDbEntity
  8
点
100
AcDbText
 10
470100.25
 20
4349686.25
 30
0.0
 40
0.5
  1
0.60
100
AcDbText
  0
TEXT
  5
2F2
330
17
100
AcDbEntity
  8
点
100
AcDbText
 10
470100.25
 20
4349687.25
 30
0.0
 40
0.5
  1
0.60
100
AcDbText
  0
TEXT
  5
2F3
330
17
100
AcDbEntity
  8
点
100
AcDbText
 10
470100.25
 20
4349688.25
 30
0.0
 40
0.5
  1
0.84
100
AcDbText
  0
TEXT
  5
2F4
330
17
100
AcDbEntity
  8
点
100
AcDbText
 10
470100.25
 20
4349689.249999999
 30
0.0
 40
0.5
  1
0.84
100
AcDbText
  0
TEXT
  5
2F5
330
17
100
AcDbEntity
  8
点
100
AcDbText
 10
470100.25
 20
4349690.25
 30
0.0
 40
0.5
  1
0.48
100
AcDbText
  0
TEXT
  5
2F6
330
17
100
AcDbEntity
  8
点
100
AcDbText
 10
470100.25
 20
4349691.25
 30
0.0
 40
0.5
  1
0.48
100
AcDbText
  0
TEXT
  5
2F7
330
17
100
AcDbEntity
  8
点
100
AcDbText
 10
470100.25
 20
4349692.25
 30
0.0
 40
0.5
  1
0.48
100
AcDbText
  0
TEXT
  5
2F8
330
17
100
AcDbEntity
  8
点
100
AcDbText
 10
470100.25
 20
4349693.25
 30
0.0
 40
0.5
  1
0.48
100
AcDbText
  0
TEXT
  5
2F9
330
17
100
AcDbEntity
  8
点
100
AcDbText
 10
470100.25
 20
4349694.249999999
 30
0.0
 40
0.5
  1
0.48
100
AcDbText
  0
TEXT
  5
2FA
330
17
100
AcDbEntity
  8
点
100
AcDbText
 10
470100.25
 20
4349695.25
 30
0.0
 40
0.5
  1
0.48
100
AcDbText
  0
TEXT
  5
2FB
330
17
100
AcDbEntity
  8
点
100
AcDbText
 10
470100.25
 20
4349696.25
 30
0.0
 40
0.5
  1
0.48
100
AcDbText
  0
TEXT
  5
2FC
330
17
100
AcDbEntity
  8
点
100
AcDbText
 10
470100.25
 20
4349697.25
 30
0.0
 40
0.5
  1
0.67
100
AcDbText
  0
TEXT
  5
2FD
330
17
100
AcDbEntity
  8
点
100
AcDbText
 10
470100.25
 20
4349698.25
 30
0.0
 40
0.5
  1
0.67
100
AcDbText
  0
TEXT
  5
2FE
330
17
100
AcDbEntity
  8
点
100
AcDbText
 10
470100.25
 20
4349699.25
 30
0.0
 40
0.5
  1
0.67
100
AcDbText
  0
TEXT
  5
2FF
330
17
100
AcDbEntity
  8
点
100
AcDbText
 10
470100.25
 20
4349700.25
 30
0.0
 40
0.5
  1
0.67
100
AcDbText
  0
TEXT
  5
300
330
17
100
AcDbEntity
  8
点
100
AcDbText
 10
470100.25
 20
4349701.249999999
 30
0.0
 40
0.5
  1
0.67
100
AcDbText
  0
TEXT
  5
301
330
17
100
AcDbEntity
  8
点
100
AcDbText
 10
470100.25
 20
4349702.249999999
 30
0.0
 40
0.5
  1
0.67
100
AcDbText
  0
TEXT
  5
302
330
17
100
AcDbEntity
  8
点
100
AcDbText
 10
470100.25
 20
4349703.25
 30
0.0
 40
0.5
  1
0.67
100
AcDbText
  0
TEXT
  5
303
330
17
100
AcDbEntity
  8
点
100
AcDbText
 10
470100.25
 20
4349704.25
 30
0.0
 40
0.5
  1
0.43
100
AcDbText
  0
TEXT
  5
304
330
17
100
AcDbEntity
  8
点
100
AcDbText
 10
470100.25
 20
4349705.25
 30
0.0
 40
0.5
  1
0.43
100
AcDbText
  0
TEXT
  5
305
330
17
100
AcDbEntity
  8
点
100
AcDbText
 10
470101.25
 20
4349676.249999999
 30
0.0
 40
0.5
  1
0.73
100
AcDbText
  0
TEXT
  5
306
330
17
100
AcDbEntity
  8
点
100
AcDbText
 10
470101.25
 20
4349677.25
 30
0.0
 40
0.5
  1
0.73
100
AcDbText
  0
TEXT
  5
307
330
17
100
AcDbEntity
  8
点
100
AcDbText
 10
470101.25
 20
4349678.25
 30
0.0
 40
0.5
  1
0.73
100
AcDbText
  0
TEXT
  5
308
330
17
100
AcDbEntity
  8
点
100
AcDbText
 10
470101.25
 20
4349679.25
 30
0.0
 40
0.5
  1
0.73
100
AcDbText
  0
TEXT
  5
309
330
17
100
AcDbEntity
  8
点
100
AcDbText
 10
470101.25
 20
4349680.25
 30
0.0
 40
0.5
  1
0.73
100
AcDbText
  0
TEXT
  5
30A
330
17
100
AcDbEntity
  8
点
100
AcDbText
 10
470101.25
 20
4349681.25
 30
0.0
 40
0.5
  1
0.96
100
AcDbText
  0
TEXT
  5
30B
330
17
100
AcDbEntity
  8
点
100
AcDbText
 10
470101.25
 20
4349682.249999999
 30
0.0
 40
0.5
  1
0.96
100
AcDbText
  0
TEXT
  5
30C
330
17
100
AcDbEntity
  8
点
100
AcDbText
 10
470101.25
 20
4349683.25
 30
0.0
 40
0.5
  1
0.96
100
AcDbText
  0
TEXT
  5
30D
330
17
100
AcDbEntity
  8
点
100
AcDbText
 10
470101.25
 20
4349684.25
 30
0.0
 40
0.5
  1
0.96
100
AcDbText
  0
TEXT
  5
30E
330
17
100
AcDbEntity
  8
点
100
AcDbText
 10
470101.25
 20
4349685.25
 30
0.0
 40
0.5
  1
0.83
100
AcDbText
  0
TEXT
  5
30F
330
17
100
AcDbEntity
  8
点
100
AcDbText
 10
470101.25
 20
4349686.25
 30
0.0
 40
0.5
  1
0.84
100
AcDbText
  0
TEXT
  5
310
330
17
100
AcDbEntity
  8
点
100
AcDbText
 10
470101.25
 20
4349687.25
 30
0.0
 40
0.5
  1
0.84
100
AcDbText
  0
TEXT
  5
311
330
17
100
AcDbEntity
  8
点
100
AcDbText
 10
470101.25
 20
4349688.25
 30
0.0
 40
0.5
  1
0.84
100
AcDbText
  0
TEXT
  5
312
330
17
100
AcDbEntity
  8
点
100
AcDbText
 10
470101.25
 20
4349689.249999999
 30
0.0
 40
0.5
  1
0.84
100
AcDbText
  0
TEXT
  5
313
330
17
100
AcDbEntity
  8
点
100
AcDbText
 10
470101.25
 20
4349690.25
 30
0.0
 40
0.5
  1
0.84
100
AcDbText
  0
TEXT
  5
314
330
17
100
AcDbEntity
  8
点
100
AcDbText
 10
470101.25
 20
4349691.25
 30
0.0
 40
0.5
  1
0.48
100
AcDbText
  0
TEXT
  5
315
330
17
100
AcDbEntity
  8
点
100
AcDbText
 10
470101.25
 20
4349692.25
 30
0.0
 40
0.5
  1
0.48
100
AcDbText
  0
TEXT
  5
316
330
17
100
AcDbEntity
  8
点
100
AcDbText
 10
470101.25
 20
4349693.25
 30
0.0
 40
0.5
  1
0.48
100
AcDbText
  0
TEXT
  5
317
330
17
100
AcDbEntity
  8
点
100
AcDbText
 10
470101.25
 20
4349694.249999999
 30
0.0
 40
0.5
  1
0.48
100
AcDbText
  0
TEXT
  5
318
330
17
100
AcDbEntity
  8
点
100
AcDbText
 10
470101.25
 20
4349695.25
 30
0.0
 40
0.5
  1
0.48
100
AcDbText
  0
TEXT
  5
319
330
17
100
AcDbEntity
  8
点
100
AcDbText
 10
470101.25
 20
4349696.25
 30
0.0
 40
0.5
  1
0.39
100
AcDbText
  0
TEXT
  5
31A
330
17
100
AcDbEntity
  8
点
100
AcDbText
 10
470101.25
 20
4349697.25
 30
0.0
 40
0.5
  1
0.67
100
AcDbText
  0
TEXT
  5
31B
330
17
100
AcDbEntity
  8
点
100
AcDbText
 10
470101.25
 20
4349698.25
 30
0.0
 40
0.5
  1
0.67
100
AcDbText
  0
TEXT
  5
31C
330
17
100
AcDbEntity
  8
点
100
AcDbText
 10
470101.25
 20
4349699.25
 30
0.0
 40
0.5
  1
0.67
100
AcDbText
  0
TEXT
  5
31D
330
17
100
AcDbEntity
  8
点
100
AcDbText
 10
470101.25
 20
4349700.25
 30
0.0
 40
0.5
  1
0.67
100
AcDbText
  0
TEXT
  5
31E
330
17
100
AcDbEntity
  8
点
100
AcDbText
 10
470101.25
 20
4349701.249999999
 30
0.0
 40
0.5
  1
0.67
100
AcDbText
  0
TEXT
  5
31F
330
17
100
AcDbEntity
  8
点
100
AcDbText
 10
470101.25
 20
4349702.249999999
 30
0.0
 40
0.5
  1
0.67
100
AcDbText
  0
TEXT
  5
320
330
17
100
AcDbEntity
  8
点
100
AcDbText
 10
470101.25
 20
4349703.25
 30
0.0
 40
0.5
  1
0.67
100
AcDbText
  0
TEXT
  5
321
330
17
100
AcDbEntity
  8
点
100
AcDbText
 10
470101.25
 20
4349704.25
 30
0.0
 40
0.5
  1
0.43
100
AcDbText
  0
TEXT
  5
322
330
17
100
AcDbEntity
  8
点
100
AcDbText
 10
470101.25
 20
4349705.25
 30
0.0
 40
0.5
  1
0.43
100
AcDbText
  0
TEXT
  5
323
330
17
100
AcDbEntity
  8
点
100
AcDbText
 10
470101.25
 20
4349706.25
 30
0.0
 40
0.5
  1
0.43
100
AcDbText
  0
TEXT
  5
324
330
17
100
AcDbEntity
  8
点
100
AcDbText
 10
470101.25
 20
4349707.25
 30
0.0
 40
0.5
  1
0.43
100
AcDbText
  0
TEXT
  5
325
330
17
100
AcDbEntity
  8
点
100
AcDbText
 10
470101.25
 20
4349708.25
 30
0.0
 40
0.5
  1
0.43
100
AcDbText
  0
TEXT
  5
326
330
17
100
AcDbEntity
  8
点
100
AcDbText
 10
470101.25
 20
4349709.25
 30
0.0
 40
0.5
  1
0.43
100
AcDbText
  0
TEXT
  5
327
330
17
100
AcDbEntity
  8
点
100
AcDbText
 10
470102.25
 20
4349676.249999999
 30
0.0
 40
0.5
  1
0.73
100
AcDbText
  0
TEXT
  5
328
330
17
100
AcDbEntity
  8
点
100
AcDbText
 10
470102.25
 20
4349677.25
 30
0.0
 40
0.5
  1
0.73
100
AcDbText
  0
TEXT
  5
329
330
17
100
AcDbEntity
  8
点
100
AcDbText
 10
470102.25
 20
4349678.25
 30
0.0
 40
0.5
  1
0.73
100
AcDbText
  0
TEXT
  5
32A
330
17
100
AcDbEntity
  8
点
100
AcDbText
 10
470102.25
 20
4349679.25
 30
0.0
 40
0.5
  1
0.73
100
AcDbText
  0
TEXT
  5
32B
330
17
100
AcDbEntity
  8
点
100
AcDbText
 10
470102.25
 20
4349680.25
 30
0.0
 40
0.5
  1
0.73
100
AcDbText
  0
TEXT
  5
32C
330
17
100
AcDbEntity
  8
点
100
AcDbText
 10
470102.25
 20
4349681.25
 30
0.0
 40
0.5
  1
0.96
100
AcDbText
  0
TEXT
  5
32D
330
17
100
AcDbEntity
  8
点
100
AcDbText
 10
470102.25
 20
4349682.249999999
 30
0.0
 40
0.5
  1
0.96
100
AcDbText
  0
TEXT
  5
32E
330
17
100
AcDbEntity
  8
点
100
AcDbText
 10
470102.25
 20
4349683.25
 30
0.0
 40
0.5
  1
0.96
100
AcDbText
  0
TEXT
  5
32F
330
17
100
AcDbEntity
  8
点
100
AcDbText
 10
470102.25
 20
4349684.25
 30
0.0
 40
0.5
  1
0.83
100
AcDbText
  0
TEXT
  5
330
330
17
100
AcDbEntity
  8
点
100
AcDbText
 10
470102.25
 20
4349685.25
 30
0.0
 40
0.5
  1
0.83
100
AcDbText
  0
TEXT
  5
331
330
17
100
AcDbEntity
  8
点
100
AcDbText
 10
470102.25
 20
4349686.25
 30
0.0
 40
0.5
  1
0.83
100
AcDbText
  0
TEXT
  5
332
330
17
100
AcDbEntity
  8
点
100
AcDbText
 10
470102.25
 20
4349687.25
 30
0.0
 40
0.5
  1
0.84
100
AcDbText
  0
TEXT
  5
333
330
17
100
AcDbEntity
  8
点
100
AcDbText
 10
470102.25
 20
4349688.25
 30
0.0
 40
0.5
  1
0.84
100
AcDbText
  0
TEXT
  5
334
330
17
100
AcDbEntity
  8
点
100
AcDbText
 10
470102.25
 20
4349689.249999999
 30
0.0
 40
0.5
  1
0.84
100
AcDbText
  0
TEXT
  5
335
330
17
100
AcDbEntity
  8
点
100
AcDbText
 10
470102.25
 20
4349690.25
 30
0.0
 40
0.5
  1
0.84
100
AcDbText
  0
TEXT
  5
336
330
17
100
AcDbEntity
  8
点
100
AcDbText
 10
470102.25
 20
4349691.25
 30
0.0
 40
0.5
  1
0.84
100
AcDbText
  0
TEXT
  5
337
330
17
100
AcDbEntity
  8
点
100
AcDbText
 10
470102.25
 20
4349692.25
 30
0.0
 40
0.5
  1
0.48
100
AcDbText
  0
TEXT
  5
338
330
17
100
AcDbEntity
  8
点
100
AcDbText
 10
470102.25
 20
4349693.25
 30
0.0
 40
0.5
  1
0.48
100
AcDbText
  0
TEXT
  5
339
330
17
100
AcDbEntity
  8
点
100
AcDbText
 10
470102.25
 20
4349694.249999999
 30
0.0
 40
0.5
  1
0.39
100
AcDbText
  0
TEXT
  5
33A
330
17
100
AcDbEntity
  8
点
100
AcDbText
 10
470102.25
 20
4349695.25
 30
0.0
 40
0.5
  1
0.39
100
AcDbText
  0
TEXT
  5
33B
330
17
100
AcDbEntity
  8
点
100
AcDbText
 10
470102.25
 20
4349696.25
 30
0.0
 40
0.5
  1
0.39
100
AcDbText
  0
TEXT
  5
33C
330
17
100
AcDbEntity
  8
点
100
AcDbText
 10
470102.25
 20
4349697.25
 30
0.0
 40
0.5
  1
0.39
100
AcDbText
  0
TEXT
  5
33D
330
17
100
AcDbEntity
  8
点
100
AcDbText
 10
470102.25
 20
4349698.25
 30
0.0
 40
0.5
  1
0.67
100
AcDbText
  0
TEXT
  5
33E
330
17
100
AcDbEntity
  8
点
100
AcDbText
 10
470102.25
 20
4349699.25
 30
0.0
 40
0.5
  1
0.67
100
AcDbText
  0
TEXT
  5
33F
330
17
100
AcDbEntity
  8
点
100
AcDbText
 10
470102.25
 20
4349700.25
 30
0.0
 40
0.5
  1
0.67
100
AcDbText
  0
TEXT
  5
340
330
17
100
AcDbEntity
  8
点
100
AcDbText
 10
470102.25
 20
4349701.249999999
 30
0.0
 40
0.5
  1
0.67
100
AcDbText
  0
TEXT
  5
341
330
17
100
AcDbEntity
  8
点
100
AcDbText
 10
470102.25
 20
4349702.249999999
 30
0.0
 40
0.5
  1
0.67
100
AcDbText
  0
TEXT
  5
342
330
17
100
AcDbEntity
  8
点
100
AcDbText
 10
470102.25
 20
4349703.25
 30
0.0
 40
0.5
  1
0.67
100
AcDbText
  0
TEXT
  5
343
330
17
100
AcDbEntity
  8
点
100
AcDbText
 10
470102.25
 20
4349704.25
 30
0.0
 40
0.5
  1
0.43
100
AcDbText
  0
TEXT
  5
344
330
17
100
AcDbEntity
  8
点
100
AcDbText
 10
470102.25
 20
4349705.25
 30
0.0
 40
0.5
  1
0.43
100
AcDbText
  0
TEXT
  5
345
330
17
100
AcDbEntity
  8
点
100
AcDbText
 10
470102.25
 20
4349706.25
 30
0.0
 40
0.5
  1
0.43
100
AcDbText
  0
TEXT
  5
346
330
17
100
AcDbEntity
  8
点
100
AcDbText
 10
470102.25
 20
4349707.25
 30
0.0
 40
0.5
  1
0.43
100
AcDbText
  0
TEXT
  5
347
330
17
100
AcDbEntity
  8
点
100
AcDbText
 10
470102.25
 20
4349708.25
 30
0.0
 40
0.5
  1
0.43
100
AcDbText
  0
TEXT
  5
348
330
17
100
AcDbEntity
  8
点
100
AcDbText
 10
470102.25
 20
4349709.25
 30
0.0
 40
0.5
  1
0.43
100
AcDbText
  0
TEXT
  5
349
330
17
100
AcDbEntity
  8
点
100
AcDbText
 10
470102.25
 20
4349710.25
 30
0.0
 40
0.5
  1
0.43
100
AcDbText
  0
TEXT
  5
34A
330
17
100
AcDbEntity
  8
点
100
AcDbText
 10
470102.25
 20
4349711.25
 30
0.0
 40
0.5
  1
0.43
100
AcDbText
  0
TEXT
  5
34B
330
17
100
AcDbEntity
  8
点
100
AcDbText
 10
470102.25
 20
4349712.25
 30
0.0
 40
0.5
  1
0.73
100
AcDbText
  0
TEXT
  5
34C
330
17
100
AcDbEntity
  8
点
100
AcDbText
 10
470103.25
 20
4349675.25
 30
0.0
 40
0.5
  1
0.73
100
AcDbText
  0
TEXT
  5
34D
330
17
100
AcDbEntity
  8
点
100
AcDbText
 10
470103.25
 20
4349676.249999999
 30
0.0
 40
0.5
  1
0.73
100
AcDbText
  0
TEXT
  5
34E
330
17
100
AcDbEntity
  8
点
100
AcDbText
 10
470103.25
 20
4349677.25
 30
0.0
 40
0.5
  1
0.73
100
AcDbText
  0
TEXT
  5
34F
330
17
100
AcDbEntity
  8
点
100
AcDbText
 10
470103.25
 20
4349678.25
 30
0.0
 40
0.5
  1
0.73
100
AcDbText
  0
TEXT
  5
350
330
17
100
AcDbEntity
  8
点
100
AcDbText
 10
470103.25
 20
4349679.25
 30
0.0
 40
0.5
  1
0.73
100
AcDbText
  0
TEXT
  5
351
330
17
100
AcDbEntity
  8
点
100
AcDbText
 10
470103.25
 20
4349680.25
 30
0.0
 40
0.5
  1
0.73
100
AcDbText
  0
TEXT
  5
352
330
17
100
AcDbEntity
  8
点
100
AcDbText
 10
470103.25
 20
4349681.25
 30
0.0
 40
0.5
  1
0.96
100
AcDbText
  0
TEXT
  5
353
330
17
100
AcDbEntity
  8
点
100
AcDbText
 10
470103.25
 20
4349682.249999999
 30
0.0
 40
0.5
  1
0.83
100
AcDbText
  0
TEXT
  5
354
330
17
100
AcDbEntity
  8
点
100
AcDbText
 10
470103.25
 20
4349683.25
 30
0.0
 40
0.5
  1
0.83
100
AcDbText
  0
TEXT
  5
355
330
17
100
AcDbEntity
  8
点
100
AcDbText
 10
470103.25
 20
4349684.25
 30
0.0
 40
0.5
  1
0.83
100
AcDbText
  0
TEXT
  5
356
330
17
100
AcDbEntity
  8
点
100
AcDbText
 10
470103.25
 20
4349685.25
 30
0.0
 40
0.5
  1
0.83
100
AcDbText
  0
TEXT
  5
357
330
17
100
AcDbEntity
  8
点
100
AcDbText
 10
470103.25
 20
4349686.25
 30
0.0
 40
0.5
  1
0.83
100
AcDbText
  0
TEXT
  5
358
330
17
100
AcDbEntity
  8
点
100
AcDbText
 10
470103.25
 20
4349687.25
 30
0.0
 40
0.5
  1
0.84
100
AcDbText
  0
TEXT
  5
359
330
17
100
AcDbEntity
  8
点
100
AcDbText
 10
470103.25
 20
4349688.25
 30
0.0
 40
0.5
  1
0.84
100
AcDbText
  0
TEXT
  5
35A
330
17
100
AcDbEntity
  8
点
100
AcDbText
 10
470103.25
 20
4349689.249999999
 30
0.0
 40
0.5
  1
0.84
100
AcDbText
  0
TEXT
  5
35B
330
17
100
AcDbEntity
  8
点
100
AcDbText
 10
470103.25
 20
4349690.25
 30
0.0
 40
0.5
  1
0.84
100
AcDbText
  0
TEXT
  5
35C
330
17
100
AcDbEntity
  8
点
100
AcDbText
 10
470103.25
 20
4349691.25
 30
0.0
 40
0.5
  1
0.84
100
AcDbText
  0
TEXT
  5
35D
330
17
100
AcDbEntity
  8
点
100
AcDbText
 10
470103.25
 20
4349692.25
 30
0.0
 40
0.5
  1
0.48
100
AcDbText
  0
TEXT
  5
35E
330
17
100
AcDbEntity
  8
点
100
AcDbText
 10
470103.25
 20
4349693.25
 30
0.0
 40
0.5
  1
0.39
100
AcDbText
  0
TEXT
  5
35F
330
17
100
AcDbEntity
  8
点
100
AcDbText
 10
470103.25
 20
4349694.249999999
 30
0.0
 40
0.5
  1
0.39
100
AcDbText
  0
TEXT
  5
360
330
17
100
AcDbEntity
  8
点
100
AcDbText
 10
470103.25
 20
4349695.25
 30
0.0
 40
0.5
  1
0.39
100
AcDbText
  0
TEXT
  5
361
330
17
100
AcDbEntity
  8
点
100
AcDbText
 10
470103.25
 20
4349696.25
 30
0.0
 40
0.5
  1
0.39
100
AcDbText
  0
TEXT
  5
362
330
17
100
AcDbEntity
  8
点
100
AcDbText
 10
470103.25
 20
4349697.25
 30
0.0
 40
0.5
  1
0.39
100
AcDbText
  0
TEXT
  5
363
330
17
100
AcDbEntity
  8
点
100
AcDbText
 10
470103.25
 20
4349698.25
 30
0.0
 40
0.5
  1
0.67
100
AcDbText
  0
TEXT
  5
364
330
17
100
AcDbEntity
  8
点
100
AcDbText
 10
470103.25
 20
4349699.25
 30
0.0
 40
0.5
  1
0.67
100
AcDbText
  0
TEXT
  5
365
330
17
100
AcDbEntity
  8
点
100
AcDbText
 10
470103.25
 20
4349700.25
 30
0.0
 40
0.5
  1
0.67
100
AcDbText
  0
TEXT
  5
366
330
17
100
AcDbEntity
  8
点
100
AcDbText
 10
470103.25
 20
4349701.249999999
 30
0.0
 40
0.5
  1
0.67
100
AcDbText
  0
TEXT
  5
367
330
17
100
AcDbEntity
  8
点
100
AcDbText
 10
470103.25
 20
4349702.249999999
 30
0.0
 40
0.5
  1
0.67
100
AcDbText
  0
TEXT
  5
368
330
17
100
AcDbEntity
  8
点
100
AcDbText
 10
470103.25
 20
4349703.25
 30
0.0
 40
0.5
  1
0.67
100
AcDbText
  0
TEXT
  5
369
330
17
100
AcDbEntity
  8
点
100
AcDbText
 10
470103.25
 20
4349704.25
 30
0.0
 40
0.5
  1
0.43
100
AcDbText
  0
TEXT
  5
36A
330
17
100
AcDbEntity
  8
点
100
AcDbText
 10
470103.25
 20
4349705.25
 30
0.0
 40
0.5
  1
0.43
100
AcDbText
  0
TEXT
  5
36B
330
17
100
AcDbEntity
  8
点
100
AcDbText
 10
470103.25
 20
4349706.25
 30
0.0
 40
0.5
  1
0.43
100
AcDbText
  0
TEXT
  5
36C
330
17
100
AcDbEntity
  8
点
100
AcDbText
 10
470103.25
 20
4349707.25
 30
0.0
 40
0.5
  1
0.43
100
AcDbText
  0
TEXT
  5
36D
330
17
100
AcDbEntity
  8
点
100
AcDbText
 10
470103.25
 20
4349708.25
 30
0.0
 40
0.5
  1
0.43
100
AcDbText
  0
TEXT
  5
36E
330
17
100
AcDbEntity
  8
点
100
AcDbText
 10
470103.25
 20
4349709.25
 30
0.0
 40
0.5
  1
0.43
100
AcDbText
  0
TEXT
  5
36F
330
17
100
AcDbEntity
  8
点
100
AcDbText
 10
470103.25
 20
4349710.25
 30
0.0
 40
0.5
  1
0.43
100
AcDbText
  0
TEXT
  5
370
330
17
100
AcDbEntity
  8
点
100
AcDbText
 10
470103.25
 20
4349711.25
 30
0.0
 40
0.5
  1
0.73
100
AcDbText
  0
TEXT
  5
371
330
17
100
AcDbEntity
  8
点
100
AcDbText
 10
470103.25
 20
4349712.25
 30
0.0
 40
0.5
  1
0.73
100
AcDbText
  0
TEXT
  5
372
330
17
100
AcDbEntity
  8
点
100
AcDbText
 10
470103.25
 20
4349713.25
 30
0.0
 40
0.5
  1
0.73
100
AcDbText
  0
TEXT
  5
373
330
17
100
AcDbEntity
  8
点
100
AcDbText
 10
470103.25
 20
4349714.249999999
 30
0.0
 40
0.5
  1
0.73
100
AcDbText
  0
TEXT
  5
374
330
17
100
AcDbEntity
  8
点
100
AcDbText
 10
470103.25
 20
4349715.25
 30
0.0
 40
0.5
  1
0.73
100
AcDbText
  0
TEXT
  5
375
330
17
100
AcDbEntity
  8
点
100
AcDbText
 10
470104.25
 20
4349677.25
 30
0.0
 40
0.5
  1
0.73
100
AcDbText
  0
TEXT
  5
376
330
17
100
AcDbEntity
  8
点
100
AcDbText
 10
470104.25
 20
4349678.25
 30
0.0
 40
0.5
  1
0.73
100
AcDbText
  0
TEXT
  5
377
330
17
100
AcDbEntity
  8
点
100
AcDbText
 10
470104.25
 20
4349679.25
 30
0.0
 40
0.5
  1
0.73
100
AcDbText
  0
TEXT
  5
378
330
17
100
AcDbEntity
  8
点
100
AcDbText
 10
470104.25
 20
4349680.25
 30
0.0
 40
0.5
  1
0.73
100
AcDbText
  0
TEXT
  5
379
330
17
100
AcDbEntity
  8
点
100
AcDbText
 10
470104.25
 20
4349681.25
 30
0.0
 40
0.5
  1
0.83
100
AcDbText
  0
TEXT
  5
37A
330
17
100
AcDbEntity
  8
点
100
AcDbText
 10
470104.25
 20
4349682.249999999
 30
0.0
 40
0.5
  1
0.83
100
AcDbText
  0
TEXT
  5
37B
330
17
100
AcDbEntity
  8
点
100
AcDbText
 10
470104.25
 20
4349683.25
 30
0.0
 40
0.5
  1
0.83
100
AcDbText
  0
TEXT
  5
37C
330
17
100
AcDbEntity
  8
点
100
AcDbText
 10
470104.25
 20
4349684.25
 30
0.0
 40
0.5
  1
0.83
100
AcDbText
  0
TEXT
  5
37D
330
17
100
AcDbEntity
  8
点
100
AcDbText
 10
470104.25
 20
4349685.25
 30
0.0
 40
0.5
  1
0.83
100
AcDbText
  0
TEXT
  5
37E
330
17
100
AcDbEntity
  8
点
100
AcDbText
 10
470104.25
 20
4349686.25
 30
0.0
 40
0.5
  1
0.83
100
AcDbText
  0
TEXT
  5
37F
330
17
100
AcDbEntity
  8
点
100
AcDbText
 10
470104.25
 20
4349687.25
 30
0.0
 40
0.5
  1
0.84
100
AcDbText
  0
TEXT
  5
380
330
17
100
AcDbEntity
  8
点
100
AcDbText
 10
470104.25
 20
4349688.25
 30
0.0
 40
0.5
  1
0.84
100
AcDbText
  0
TEXT
  5
381
330
17
100
AcDbEntity
  8
点
100
AcDbText
 10
470104.25
 20
4349689.249999999
 30
0.0
 40
0.5
  1
0.84
100
AcDbText
  0
TEXT
  5
382
330
17
100
AcDbEntity
  8
点
100
AcDbText
 10
470104.25
 20
4349690.25
 30
0.0
 40
0.5
  1
0.84
100
AcDbText
  0
TEXT
  5
383
330
17
100
AcDbEntity
  8
点
100
AcDbText
 10
470104.25
 20
4349691.25
 30
0.0
 40
0.5
  1
0.84
100
AcDbText
  0
TEXT
  5
384
330
17
100
AcDbEntity
  8
点
100
AcDbText
 10
470104.25
 20
4349692.25
 30
0.0
 40
0.5
  1
0.39
100
AcDbText
  0
TEXT
  5
385
330
17
100
AcDbEntity
  8
点
100
AcDbText
 10
470104.25
 20
4349693.25
 30
0.0
 40
0.5
  1
0.39
100
AcDbText
  0
TEXT
  5
386
330
17
100
AcDbEntity
  8
点
100
AcDbText
 10
470104.25
 20
4349694.249999999
 30
0.0
 40
0.5
  1
0.39
100
AcDbText
  0
TEXT
  5
387
330
17
100
AcDbEntity
  8
点
100
AcDbText
 10
470104.25
 20
4349695.25
 30
0.0
 40
0.5
  1
0.39
100
AcDbText
  0
TEXT
  5
388
330
17
100
AcDbEntity
  8
点
100
AcDbText
 10
470104.25
 20
4349696.25
 30
0.0
 40
0.5
  1
0.39
100
AcDbText
  0
TEXT
  5
389
330
17
100
AcDbEntity
  8
点
100
AcDbText
 10
470104.25
 20
4349697.25
 30
0.0
 40
0.5
  1
0.39
100
AcDbText
  0
TEXT
  5
38A
330
17
100
AcDbEntity
  8
点
100
AcDbText
 10
470104.25
 20
4349698.25
 30
0.0
 40
0.5
  1
0.39
100
AcDbText
  0
TEXT
  5
38B
330
17
100
AcDbEntity
  8
点
100
AcDbText
 10
470104.25
 20
4349699.25
 30
0.0
 40
0.5
  1
0.67
100
AcDbText
  0
TEXT
  5
38C
330
17
100
AcDbEntity
  8
点
100
AcDbText
 10
470104.25
 20
4349700.25
 30
0.0
 40
0.5
  1
0.67
100
AcDbText
  0
TEXT
  5
38D
330
17
100
AcDbEntity
  8
点
100
AcDbText
 10
470104.25
 20
4349701.249999999
 30
0.0
 40
0.5
  1
0.67
100
AcDbText
  0
TEXT
  5
38E
330
17
100
AcDbEntity
  8
点
100
AcDbText
 10
470104.25
 20
4349702.249999999
 30
0.0
 40
0.5
  1
0.67
100
AcDbText
  0
TEXT
  5
38F
330
17
100
AcDbEntity
  8
点
100
AcDbText
 10
470104.25
 20
4349703.25
 30
0.0
 40
0.5
  1
0.91
100
AcDbText
  0
TEXT
  5
390
330
17
100
AcDbEntity
  8
点
100
AcDbText
 10
470104.25
 20
4349704.25
 30
0.0
 40
0.5
  1
0.43
100
AcDbText
  0
TEXT
  5
391
330
17
100
AcDbEntity
  8
点
100
AcDbText
 10
470104.25
 20
4349705.25
 30
0.0
 40
0.5
  1
0.43
100
AcDbText
  0
TEXT
  5
392
330
17
100
AcDbEntity
  8
点
100
AcDbText
 10
470104.25
 20
4349706.25
 30
0.0
 40
0.5
  1
0.43
100
AcDbText
  0
TEXT
  5
393
330
17
100
AcDbEntity
  8
点
100
AcDbText
 10
470104.25
 20
4349707.25
 30
0.0
 40
0.5
  1
0.43
100
AcDbText
  0
TEXT
  5
394
330
17
100
AcDbEntity
  8
点
100
AcDbText
 10
470104.25
 20
4349708.25
 30
0.0
 40
0.5
  1
0.43
100
AcDbText
  0
TEXT
  5
395
330
17
100
AcDbEntity
  8
点
100
AcDbText
 10
470104.25
 20
4349709.25
 30
0.0
 40
0.5
  1
0.43
100
AcDbText
  0
TEXT
  5
396
330
17
100
AcDbEntity
  8
点
100
AcDbText
 10
470104.25
 20
4349710.25
 30
0.0
 40
0.5
  1
0.43
100
AcDbText
  0
TEXT
  5
397
330
17
100
AcDbEntity
  8
点
100
AcDbText
 10
470104.25
 20
4349711.25
 30
0.0
 40
0.5
  1
0.73
100
AcDbText
  0
TEXT
  5
398
330
17
100
AcDbEntity
  8
点
100
AcDbText
 10
470104.25
 20
4349712.25
 30
0.0
 40
0.5
  1
0.73
100
AcDbText
  0
TEXT
  5
399
330
17
100
AcDbEntity
  8
点
100
AcDbText
 10
470104.25
 20
4349713.25
 30
0.0
 40
0.5
  1
0.73
100
AcDbText
  0
TEXT
  5
39A
330
17
100
AcDbEntity
  8
点
100
AcDbText
 10
470104.25
 20
4349714.249999999
 30
0.0
 40
0.5
  1
0.73
100
AcDbText
  0
TEXT
  5
39B
330
17
100
AcDbEntity
  8
点
100
AcDbText
 10
470104.25
 20
4349715.25
 30
0.0
 40
0.5
  1
0.73
100
AcDbText
  0
TEXT
  5
39C
330
17
100
AcDbEntity
  8
点
100
AcDbText
 10
470104.25
 20
4349716.25
 30
0.0
 40
0.5
  1
0.73
100
AcDbText
  0
TEXT
  5
39D
330
17
100
AcDbEntity
  8
点
100
AcDbText
 10
470104.25
 20
4349717.25
 30
0.0
 40
0.5
  1
0.73
100
AcDbText
  0
TEXT
  5
39E
330
17
100
AcDbEntity
  8
点
100
AcDbText
 10
470105.25
 20
4349679.25
 30
0.0
 40
0.5
  1
0.73
100
AcDbText
  0
TEXT
  5
39F
330
17
100
AcDbEntity
  8
点
100
AcDbText
 10
470105.25
 20
4349680.25
 30
0.0
 40
0.5
  1
0.73
100
AcDbText
  0
TEXT
  5
3A0
330
17
100
AcDbEntity
  8
点
100
AcDbText
 10
470105.25
 20
4349681.25
 30
0.0
 40
0.5
  1
0.83
100
AcDbText
  0
TEXT
  5
3A1
330
17
100
AcDbEntity
  8
点
100
AcDbText
 10
470105.25
 20
4349682.249999999
 30
0.0
 40
0.5
  1
0.83
100
AcDbText
  0
TEXT
  5
3A2
330
17
100
AcDbEntity
  8
点
100
AcDbText
 10
470105.25
 20
4349683.25
 30
0.0
 40
0.5
  1
0.83
100
AcDbText
  0
TEXT
  5
3A3
330
17
100
AcDbEntity
  8
点
100
AcDbText
 10
470105.25
 20
4349684.25
 30
0.0
 40
0.5
  1
0.83
100
AcDbText
  0
TEXT
  5
3A4
330
17
100
AcDbEntity
  8
点
100
AcDbText
 10
470105.25
 20
4349685.25
 30
0.0
 40
0.5
  1
0.83
100
AcDbText
  0
TEXT
  5
3A5
330
17
100
AcDbEntity
  8
点
100
AcDbText
 10
470105.25
 20
4349686.25
 30
0.0
 40
0.5
  1
0.83
100
AcDbText
  0
TEXT
  5
3A6
330
17
100
AcDbEntity
  8
点
100
AcDbText
 10
470105.25
 20
4349687.25
 30
0.0
 40
0.5
  1
0.83
100
AcDbText
  0
TEXT
  5
3A7
330
17
100
AcDbEntity
  8
点
100
AcDbText
 10
470105.25
 20
4349688.25
 30
0.0
 40
0.5
  1
0.84
100
AcDbText
  0
TEXT
  5
3A8
330
17
100
AcDbEntity
  8
点
100
AcDbText
 10
470105.25
 20
4349689.249999999
 30
0.0
 40
0.5
  1
0.84
100
AcDbText
  0
TEXT
  5
3A9
330
17
100
AcDbEntity
  8
点
100
AcDbText
 10
470105.25
 20
4349690.25
 30
0.0
 40
0.5
  1
0.84
100
AcDbText
  0
TEXT
  5
3AA
330
17
100
AcDbEntity
  8
点
100
AcDbText
 10
470105.25
 20
4349691.25
 30
0.0
 40
0.5
  1
0.44
100
AcDbText
  0
TEXT
  5
3AB
330
17
100
AcDbEntity
  8
点
100
AcDbText
 10
470105.25
 20
4349692.25
 30
0.0
 40
0.5
  1
0.39
100
AcDbText
  0
TEXT
  5
3AC
330
17
100
AcDbEntity
  8
点
100
AcDbText
 10
470105.25
 20
4349693.25
 30
0.0
 40
0.5
  1
0.39
100
AcDbText
  0
TEXT
  5
3AD
330
17
100
AcDbEntity
  8
点
100
AcDbText
 10
470105.25
 20
4349694.249999999
 30
0.0
 40
0.5
  1
0.39
100
AcDbText
  0
TEXT
  5
3AE
330
17
100
AcDbEntity
  8
点
100
AcDbText
 10
470105.25
 20
4349695.25
 30
0.0
 40
0.5
  1
0.39
100
AcDbText
  0
TEXT
  5
3AF
330
17
100
AcDbEntity
  8
点
100
AcDbText
 10
470105.25
 20
4349696.25
 30
0.0
 40
0.5
  1
0.39
100
AcDbText
  0
TEXT
  5
3B0
330
17
100
AcDbEntity
  8
点
100
AcDbText
 10
470105.25
 20
4349697.25
 30
0.0
 40
0.5
  1
0.39
100
AcDbText
  0
TEXT
  5
3B1
330
17
100
AcDbEntity
  8
点
100
AcDbText
 10
470105.25
 20
4349698.25
 30
0.0
 40
0.5
  1
0.39
100
AcDbText
  0
TEXT
  5
3B2
330
17
100
AcDbEntity
  8
点
100
AcDbText
 10
470105.25
 20
4349699.25
 30
0.0
 40
0.5
  1
0.67
100
AcDbText
  0
TEXT
  5
3B3
330
17
100
AcDbEntity
  8
点
100
AcDbText
 10
470105.25
 20
4349700.25
 30
0.0
 40
0.5
  1
0.91
100
AcDbText
  0
TEXT
  5
3B4
330
17
100
AcDbEntity
  8
点
100
AcDbText
 10
470105.25
 20
4349701.249999999
 30
0.0
 40
0.5
  1
0.91
100
AcDbText
  0
TEXT
  5
3B5
330
17
100
AcDbEntity
  8
点
100
AcDbText
 10
470105.25
 20
4349702.249999999
 30
0.0
 40
0.5
  1
0.91
100
AcDbText
  0
TEXT
  5
3B6
330
17
100
AcDbEntity
  8
点
100
AcDbText
 10
470105.25
 20
4349703.25
 30
0.0
 40
0.5
  1
0.91
100
AcDbText
  0
TEXT
  5
3B7
330
17
100
AcDbEntity
  8
点
100
AcDbText
 10
470105.25
 20
4349704.25
 30
0.0
 40
0.5
  1
0.43
100
AcDbText
  0
TEXT
  5
3B8
330
17
100
AcDbEntity
  8
点
100
AcDbText
 10
470105.25
 20
4349705.25
 30
0.0
 40
0.5
  1
0.43
100
AcDbText
  0
TEXT
  5
3B9
330
17
100
AcDbEntity
  8
点
100
AcDbText
 10
470105.25
 20
4349706.25
 30
0.0
 40
0.5
  1
0.43
100
AcDbText
  0
TEXT
  5
3BA
330
17
100
AcDbEntity
  8
点
100
AcDbText
 10
470105.25
 20
4349707.25
 30
0.0
 40
0.5
  1
0.43
100
AcDbText
  0
TEXT
  5
3BB
330
17
100
AcDbEntity
  8
点
100
AcDbText
 10
470105.25
 20
4349708.25
 30
0.0
 40
0.5
  1
0.43
100
AcDbText
  0
TEXT
  5
3BC
330
17
100
AcDbEntity
  8
点
100
AcDbText
 10
470105.25
 20
4349709.25
 30
0.0
 40
0.5
  1
0.43
100
AcDbText
  0
TEXT
  5
3BD
330
17
100
AcDbEntity
  8
点
100
AcDbText
 10
470105.25
 20
4349710.25
 30
0.0
 40
0.5
  1
0.73
100
AcDbText
  0
TEXT
  5
3BE
330
17
100
AcDbEntity
  8
点
100
AcDbText
 10
470105.25
 20
4349711.25
 30
0.0
 40
0.5
  1
0.73
100
AcDbText
  0
TEXT
  5
3BF
330
17
100
AcDbEntity
  8
点
100
AcDbText
 10
470105.25
 20
4349712.25
 30
0.0
 40
0.5
  1
0.73
100
AcDbText
  0
TEXT
  5
3C0
330
17
100
AcDbEntity
  8
点
100
AcDbText
 10
470105.25
 20
4349713.25
 30
0.0
 40
0.5
  1
0.73
100
AcDbText
  0
TEXT
  5
3C1
330
17
100
AcDbEntity
  8
点
100
AcDbText
 10
470105.25
 20
4349714.249999999
 30
0.0
 40
0.5
  1
0.73
100
AcDbText
  0
TEXT
  5
3C2
330
17
100
AcDbEntity
  8
点
100
AcDbText
 10
470105.25
 20
4349715.25
 30
0.0
 40
0.5
  1
0.73
100
AcDbText
  0
TEXT
  5
3C3
330
17
100
AcDbEntity
  8
点
100
AcDbText
 10
470105.25
 20
4349716.25
 30
0.0
 40
0.5
  1
0.73
100
AcDbText
  0
TEXT
  5
3C4
330
17
100
AcDbEntity
  8
点
100
AcDbText
 10
470106.25
 20
4349682.249999999
 30
0.0
 40
0.5
  1
0.83
100
AcDbText
  0
TEXT
  5
3C5
330
17
100
AcDbEntity
  8
点
100
AcDbText
 10
470106.25
 20
4349683.25
 30
0.0
 40
0.5
  1
0.83
100
AcDbText
  0
TEXT
  5
3C6
330
17
100
AcDbEntity
  8
点
100
AcDbText
 10
470106.25
 20
4349684.25
 30
0.0
 40
0.5
  1
0.83
100
AcDbText
  0
TEXT
  5
3C7
330
17
100
AcDbEntity
  8
点
100
AcDbText
 10
470106.25
 20
4349685.25
 30
0.0
 40
0.5
  1
0.83
100
AcDbText
  0
TEXT
  5
3C8
330
17
100
AcDbEntity
  8
点
100
AcDbText
 10
470106.25
 20
4349686.25
 30
0.0
 40
0.5
  1
0.83
100
AcDbText
  0
TEXT
  5
3C9
330
17
100
AcDbEntity
  8
点
100
AcDbText
 10
470106.25
 20
4349687.25
 30
0.0
 40
0.5
  1
0.83
100
AcDbText
  0
TEXT
  5
3CA
330
17
100
AcDbEntity
  8
点
100
AcDbText
 10
470106.25
 20
4349688.25
 30
0.0
 40
0.5
  1
0.44
100
AcDbText
  0
TEXT
  5
3CB
330
17
100
AcDbEntity
  8
点
100
AcDbText
 10
470106.25
 20
4349689.249999999
 30
0.0
 40
0.5
  1
0.44
100
AcDbText
  0
TEXT
  5
3CC
330
17
100
AcDbEntity
  8
点
100
AcDbText
 10
470106.25
 20
4349690.25
 30
0.0
 40
0.5
  1
0.44
100
AcDbText
  0
TEXT
  5
3CD
330
17
100
AcDbEntity
  8
点
100
AcDbText
 10
470106.25
 20
4349691.25
 30
0.0
 40
0.5
  1
0.44
100
AcDbText
  0
TEXT
  5
3CE
330
17
100
AcDbEntity
  8
点
100
AcDbText
 10
470106.25
 20
4349692.25
 30
0.0
 40
0.5
  1
0.44
100
AcDbText
  0
TEXT
  5
3CF
330
17
100
AcDbEntity
  8
点
100
AcDbText
 10
470106.25
 20
4349693.25
 30
0.0
 40
0.5
  1
0.39
100
AcDbText
  0
TEXT
  5
3D0
330
17
100
AcDbEntity
  8
点
100
AcDbText
 10
470106.25
 20
4349694.249999999
 30
0.0
 40
0.5
  1
0.39
100
AcDbText
  0
TEXT
  5
3D1
330
17
100
AcDbEntity
  8
点
100
AcDbText
 10
470106.25
 20
4349695.25
 30
0.0
 40
0.5
  1
0.39
100
AcDbText
  0
TEXT
  5
3D2
330
17
100
AcDbEntity
  8
点
100
AcDbText
 10
470106.25
 20
4349696.25
 30
0.0
 40
0.5
  1
0.39
100
AcDbText
  0
TEXT
  5
3D3
330
17
100
AcDbEntity
  8
点
100
AcDbText
 10
470106.25
 20
4349697.25
 30
0.0
 40
0.5
  1
0.39
100
AcDbText
  0
TEXT
  5
3D4
330
17
100
AcDbEntity
  8
点
100
AcDbText
 10
470106.25
 20
4349698.25
 30
0.0
 40
0.5
  1
0.39
100
AcDbText
  0
TEXT
  5
3D5
330
17
100
AcDbEntity
  8
点
100
AcDbText
 10
470106.25
 20
4349699.25
 30
0.0
 40
0.5
  1
0.91
100
AcDbText
  0
TEXT
  5
3D6
330
17
100
AcDbEntity
  8
点
100
AcDbText
 10
470106.25
 20
4349700.25
 30
0.0
 40
0.5
  1
0.91
100
AcDbText
  0
TEXT
  5
3D7
330
17
100
AcDbEntity
  8
点
100
AcDbText
 10
470106.25
 20
4349701.249999999
 30
0.0
 40
0.5
  1
0.91
100
AcDbText
  0
TEXT
  5
3D8
330
17
100
AcDbEntity
  8
点
100
AcDbText
 10
470106.25
 20
4349702.249999999
 30
0.0
 40
0.5
  1
0.91
100
AcDbText
  0
TEXT
  5
3D9
330
17
100
AcDbEntity
  8
点
100
AcDbText
 10
470106.25
 20
4349703.25
 30
0.0
 40
0.5
  1
0.91
100
AcDbText
  0
TEXT
  5
3DA
330
17
100
AcDbEntity
  8
点
100
AcDbText
 10
470106.25
 20
4349704.25
 30
0.0
 40
0.5
  1
0.91
100
AcDbText
  0
TEXT
  5
3DB
330
17
100
AcDbEntity
  8
点
100
AcDbText
 10
470106.25
 20
4349705.25
 30
0.0
 40
0.5
  1
0.43
100
AcDbText
  0
TEXT
  5
3DC
330
17
100
AcDbEntity
  8
点
100
AcDbText
 10
470106.25
 20
4349706.25
 30
0.0
 40
0.5
  1
0.43
100
AcDbText
  0
TEXT
  5
3DD
330
17
100
AcDbEntity
  8
点
100
AcDbText
 10
470106.25
 20
4349707.25
 30
0.0
 40
0.5
  1
0.43
100
AcDbText
  0
TEXT
  5
3DE
330
17
100
AcDbEntity
  8
点
100
AcDbText
 10
470106.25
 20
4349708.25
 30
0.0
 40
0.5
  1
0.38
100
AcDbText
  0
TEXT
  5
3DF
330
17
100
AcDbEntity
  8
点
100
AcDbText
 10
470106.25
 20
4349709.25
 30
0.0
 40
0.5
  1
0.38
100
AcDbText
  0
TEXT
  5
3E0
330
17
100
AcDbEntity
  8
点
100
AcDbText
 10
470106.25
 20
4349710.25
 30
0.0
 40
0.5
  1
0.38
100
AcDbText
  0
TEXT
  5
3E1
330
17
100
AcDbEntity
  8
点
100
AcDbText
 10
470106.25
 20
4349711.25
 30
0.0
 40
0.5
  1
0.73
100
AcDbText
  0
TEXT
  5
3E2
330
17
100
AcDbEntity
  8
点
100
AcDbText
 10
470106.25
 20
4349712.25
 30
0.0
 40
0.5
  1
0.73
100
AcDbText
  0
TEXT
  5
3E3
330
17
100
AcDbEntity
  8
点
100
AcDbText
 10
470106.25
 20
4349713.25
 30
0.0
 40
0.5
  1
0.73
100
AcDbText
  0
TEXT
  5
3E4
330
17
100
AcDbEntity
  8
点
100
AcDbText
 10
470106.25
 20
4349714.249999999
 30
0.0
 40
0.5
  1
0.73
100
AcDbText
  0
TEXT
  5
3E5
330
17
100
AcDbEntity
  8
点
100
AcDbText
 10
470106.25
 20
4349715.25
 30
0.0
 40
0.5
  1
0.73
100
AcDbText
  0
TEXT
  5
3E6
330
17
100
AcDbEntity
  8
点
100
AcDbText
 10
470106.25
 20
4349716.25
 30
0.0
 40
0.5
  1
0.73
100
AcDbText
  0
TEXT
  5
3E7
330
17
100
AcDbEntity
  8
点
100
AcDbText
 10
470107.25
 20
4349684.25
 30
0.0
 40
0.5
  1
0.83
100
AcDbText
  0
TEXT
  5
3E8
330
17
100
AcDbEntity
  8
点
100
AcDbText
 10
470107.25
 20
4349685.25
 30
0.0
 40
0.5
  1
0.83
100
AcDbText
  0
TEXT
  5
3E9
330
17
100
AcDbEntity
  8
点
100
AcDbText
 10
470107.25
 20
4349686.25
 30
0.0
 40
0.5
  1
0.83
100
AcDbText
  0
TEXT
  5
3EA
330
17
100
AcDbEntity
  8
点
100
AcDbText
 10
470107.25
 20
4349687.25
 30
0.0
 40
0.5
  1
0.44
100
AcDbText
  0
TEXT
  5
3EB
330
17
100
AcDbEntity
  8
点
100
AcDbText
 10
470107.25
 20
4349688.25
 30
0.0
 40
0.5
  1
0.44
100
AcDbText
  0
TEXT
  5
3EC
330
17
100
AcDbEntity
  8
点
100
AcDbText
 10
470107.25
 20
4349689.249999999
 30
0.0
 40
0.5
  1
0.44
100
AcDbText
  0
TEXT
  5
3ED
330
17
100
AcDbEntity
  8
点
100
AcDbText
 10
470107.25
 20
4349690.25
 30
0.0
 40
0.5
  1
0.44
100
AcDbText
  0
TEXT
  5
3EE
330
17
100
AcDbEntity
  8
点
100
AcDbText
 10
470107.25
 20
4349691.25
 30
0.0
 40
0.5
  1
0.44
100
AcDbText
  0
TEXT
  5
3EF
330
17
100
AcDbEntity
  8
点
100
AcDbText
 10
470107.25
 20
4349692.25
 30
0.0
 40
0.5
  1
0.44
100
AcDbText
  0
TEXT
  5
3F0
330
17
100
AcDbEntity
  8
点
100
AcDbText
 10
470107.25
 20
4349693.25
 30
0.0
 40
0.5
  1
0.44
100
AcDbText
  0
TEXT
  5
3F1
330
17
100
AcDbEntity
  8
点
100
AcDbText
 10
470107.25
 20
4349694.249999999
 30
0.0
 40
0.5
  1
0.39
100
AcDbText
  0
TEXT
  5
3F2
330
17
100
AcDbEntity
  8
点
100
AcDbText
 10
470107.25
 20
4349695.25
 30
0.0
 40
0.5
  1
0.39
100
AcDbText
  0
TEXT
  5
3F3
330
17
100
AcDbEntity
  8
点
100
AcDbText
 10
470107.25
 20
4349696.25
 30
0.0
 40
0.5
  1
0.39
100
AcDbText
  0
TEXT
  5
3F4
330
17
100
AcDbEntity
  8
点
100
AcDbText
 10
470107.25
 20
4349697.25
 30
0.0
 40
0.5
  1
0.30
100
AcDbText
  0
TEXT
  5
3F5
330
17
100
AcDbEntity
  8
点
100
AcDbText
 10
470107.25
 20
4349698.25
 30
0.0
 40
0.5
  1
0.30
100
AcDbText
  0
TEXT
  5
3F6
330
17
100
AcDbEntity
  8
点
100
AcDbText
 10
470107.25
 20
4349699.25
 30
0.0
 40
0.5
  1
0.91
100
AcDbText
  0
TEXT
  5
3F7
330
17
100
AcDbEntity
  8
点
100
AcDbText
 10
470107.25
 20
4349700.25
 30
0.0
 40
0.5
  1
0.91
100
AcDbText
  0
TEXT
  5
3F8
330
17
100
AcDbEntity
  8
点
100
AcDbText
 10
470107.25
 20
4349701.249999999
 30
0.0
 40
0.5
  1
0.91
100
AcDbText
  0
TEXT
  5
3F9
330
17
100
AcDbEntity
  8
点
100
AcDbText
 10
470107.25
 20
4349702.249999999
 30
0.0
 40
0.5
  1
0.91
100
AcDbText
  0
TEXT
  5
3FA
330
17
100
AcDbEntity
  8
点
100
AcDbText
 10
470107.25
 20
4349703.25
 30
0.0
 40
0.5
  1
0.91
100
AcDbText
  0
TEXT
  5
3FB
330
17
100
AcDbEntity
  8
点
100
AcDbText
 10
470107.25
 20
4349704.25
 30
0.0
 40
0.5
  1
0.91
100
AcDbText
  0
TEXT
  5
3FC
330
17
100
AcDbEntity
  8
点
100
AcDbText
 10
470107.25
 20
4349705.25
 30
0.0
 40
0.5
  1
0.91
100
AcDbText
  0
TEXT
  5
3FD
330
17
100
AcDbEntity
  8
点
100
AcDbText
 10
470107.25
 20
4349706.25
 30
0.0
 40
0.5
  1
0.38
100
AcDbText
  0
TEXT
  5
3FE
330
17
100
AcDbEntity
  8
点
100
AcDbText
 10
470107.25
 20
4349707.25
 30
0.0
 40
0.5
  1
0.38
100
AcDbText
  0
TEXT
  5
3FF
330
17
100
AcDbEntity
  8
点
100
AcDbText
 10
470107.25
 20
4349708.25
 30
0.0
 40
0.5
  1
0.38
100
AcDbText
  0
TEXT
  5
400
330
17
100
AcDbEntity
  8
点
100
AcDbText
 10
470107.25
 20
4349709.25
 30
0.0
 40
0.5
  1
0.38
100
AcDbText
  0
TEXT
  5
401
330
17
100
AcDbEntity
  8
点
100
AcDbText
 10
470107.25
 20
4349710.25
 30
0.0
 40
0.5
  1
0.38
100
AcDbText
  0
TEXT
  5
402
330
17
100
AcDbEntity
  8
点
100
AcDbText
 10
470107.25
 20
4349711.25
 30
0.0
 40
0.5
  1
0.73
100
AcDbText
  0
TEXT
  5
403
330
17
100
AcDbEntity
  8
点
100
AcDbText
 10
470107.25
 20
4349712.25
 30
0.0
 40
0.5
  1
0.73
100
AcDbText
  0
TEXT
  5
404
330
17
100
AcDbEntity
  8
点
100
AcDbText
 10
470107.25
 20
4349713.25
 30
0.0
 40
0.5
  1
0.73
100
AcDbText
  0
TEXT
  5
405
330
17
100
AcDbEntity
  8
点
100
AcDbText
 10
470107.25
 20
4349714.249999999
 30
0.0
 40
0.5
  1
0.73
100
AcDbText
  0
TEXT
  5
406
330
17
100
AcDbEntity
  8
点
100
AcDbText
 10
470107.25
 20
4349715.25
 30
0.0
 40
0.5
  1
0.73
100
AcDbText
  0
TEXT
  5
407
330
17
100
AcDbEntity
  8
点
100
AcDbText
 10
470107.25
 20
4349716.25
 30
0.0
 40
0.5
  1
0.73
100
AcDbText
  0
TEXT
  5
408
330
17
100
AcDbEntity
  8
点
100
AcDbText
 10
470108.25
 20
4349687.25
 30
0.0
 40
0.5
  1
0.44
100
AcDbText
  0
TEXT
  5
409
330
17
100
AcDbEntity
  8
点
100
AcDbText
 10
470108.25
 20
4349688.25
 30
0.0
 40
0.5
  1
0.44
100
AcDbText
  0
TEXT
  5
40A
330
17
100
AcDbEntity
  8
点
100
AcDbText
 10
470108.25
 20
4349689.249999999
 30
0.0
 40
0.5
  1
0.44
100
AcDbText
  0
TEXT
  5
40B
330
17
100
AcDbEntity
  8
点
100
AcDbText
 10
470108.25
 20
4349690.25
 30
0.0
 40
0.5
  1
0.44
100
AcDbText
  0
TEXT
  5
40C
330
17
100
AcDbEntity
  8
点
100
AcDbText
 10
470108.25
 20
4349691.25
 30
0.0
 40
0.5
  1
0.44
100
AcDbText
  0
TEXT
  5
40D
330
17
100
AcDbEntity
  8
点
100
AcDbText
 10
470108.25
 20
4349692.25
 30
0.0
 40
0.5
  1
0.44
100
AcDbText
  0
TEXT
  5
40E
330
17
100
AcDbEntity
  8
点
100
AcDbText
 10
470108.25
 20
4349693.25
 30
0.0
 40
0.5
  1
0.44
100
AcDbText
  0
TEXT
  5
40F
330
17
100
AcDbEntity
  8
点
100
AcDbText
 10
470108.25
 20
4349694.249999999
 30
0.0
 40
0.5
  1
0.30
100
AcDbText
  0
TEXT
  5
410
330
17
100
AcDbEntity
  8
点
100
AcDbText
 10
470108.25
 20
4349695.25
 30
0.0
 40
0.5
  1
0.30
100
AcDbText
  0
TEXT
  5
411
330
17
100
AcDbEntity
  8
点
100
AcDbText
 10
470108.25
 20
4349696.25
 30
0.0
 40
0.5
  1
0.30
100
AcDbText
  0
TEXT
  5
412
330
17
100
AcDbEntity
  8
点
100
AcDbText
 10
470108.25
 20
4349697.25
 30
0.0
 40
0.5
  1
0.30
100
AcDbText
  0
TEXT
  5
413
330
17
100
AcDbEntity
  8
点
100
AcDbText
 10
470108.25
 20
4349698.25
 30
0.0
 40
0.5
  1
0.30
100
AcDbText
  0
TEXT
  5
414
330
17
100
AcDbEntity
  8
点
100
AcDbText
 10
470108.25
 20
4349699.25
 30
0.0
 40
0.5
  1
0.30
100
AcDbText
  0
TEXT
  5
415
330
17
100
AcDbEntity
  8
点
100
AcDbText
 10
470108.25
 20
4349700.25
 30
0.0
 40
0.5
  1
0.91
100
AcDbText
  0
TEXT
  5
416
330
17
100
AcDbEntity
  8
点
100
AcDbText
 10
470108.25
 20
4349701.249999999
 30
0.0
 40
0.5
  1
0.91
100
AcDbText
  0
TEXT
  5
417
330
17
100
AcDbEntity
  8
点
100
AcDbText
 10
470108.25
 20
4349702.249999999
 30
0.0
 40
0.5
  1
0.91
100
AcDbText
  0
TEXT
  5
418
330
17
100
AcDbEntity
  8
点
100
AcDbText
 10
470108.25
 20
4349703.25
 30
0.0
 40
0.5
  1
0.91
100
AcDbText
  0
TEXT
  5
419
330
17
100
AcDbEntity
  8
点
100
AcDbText
 10
470108.25
 20
4349704.25
 30
0.0
 40
0.5
  1
0.91
100
AcDbText
  0
TEXT
  5
41A
330
17
100
AcDbEntity
  8
点
100
AcDbText
 10
470108.25
 20
4349705.25
 30
0.0
 40
0.5
  1
0.89
100
AcDbText
  0
TEXT
  5
41B
330
17
100
AcDbEntity
  8
点
100
AcDbText
 10
470108.25
 20
4349706.25
 30
0.0
 40
0.5
  1
0.38
100
AcDbText
  0
TEXT
  5
41C
330
17
100
AcDbEntity
  8
点
100
AcDbText
 10
470108.25
 20
4349707.25
 30
0.0
 40
0.5
  1
0.38
100
AcDbText
  0
TEXT
  5
41D
330
17
100
AcDbEntity
  8
点
100
AcDbText
 10
470108.25
 20
4349708.25
 30
0.0
 40
0.5
  1
0.38
100
AcDbText
  0
TEXT
  5
41E
330
17
100
AcDbEntity
  8
点
100
AcDbText
 10
470108.25
 20
4349709.25
 30
0.0
 40
0.5
  1
0.38
100
AcDbText
  0
TEXT
  5
41F
330
17
100
AcDbEntity
  8
点
100
AcDbText
 10
470108.25
 20
4349710.25
 30
0.0
 40
0.5
  1
0.38
100
AcDbText
  0
TEXT
  5
420
330
17
100
AcDbEntity
  8
点
100
AcDbText
 10
470108.25
 20
4349711.25
 30
0.0
 40
0.5
  1
0.38
100
AcDbText
  0
TEXT
  5
421
330
17
100
AcDbEntity
  8
点
100
AcDbText
 10
470108.25
 20
4349712.25
 30
0.0
 40
0.5
  1
0.73
100
AcDbText
  0
TEXT
  5
422
330
17
100
AcDbEntity
  8
点
100
AcDbText
 10
470108.25
 20
4349713.25
 30
0.0
 40
0.5
  1
0.73
100
AcDbText
  0
TEXT
  5
423
330
17
100
AcDbEntity
  8
点
100
AcDbText
 10
470108.25
 20
4349714.249999999
 30
0.0
 40
0.5
  1
0.73
100
AcDbText
  0
TEXT
  5
424
330
17
100
AcDbEntity
  8
点
100
AcDbText
 10
470108.25
 20
4349715.25
 30
0.0
 40
0.5
  1
0.73
100
AcDbText
  0
TEXT
  5
425
330
17
100
AcDbEntity
  8
点
100
AcDbText
 10
470108.25
 20
4349716.25
 30
0.0
 40
0.5
  1
0.73
100
AcDbText
  0
TEXT
  5
426
330
17
100
AcDbEntity
  8
点
100
AcDbText
 10
470109.25
 20
4349690.25
 30
0.0
 40
0.5
  1
0.44
100
AcDbText
  0
TEXT
  5
427
330
17
100
AcDbEntity
  8
点
100
AcDbText
 10
470109.25
 20
4349691.25
 30
0.0
 40
0.5
  1
0.44
100
AcDbText
  0
TEXT
  5
428
330
17
100
AcDbEntity
  8
点
100
AcDbText
 10
470109.25
 20
4349692.25
 30
0.0
 40
0.5
  1
0.44
100
AcDbText
  0
TEXT
  5
429
330
17
100
AcDbEntity
  8
点
100
AcDbText
 10
470109.25
 20
4349693.25
 30
0.0
 40
0.5
  1
0.44
100
AcDbText
  0
TEXT
  5
42A
330
17
100
AcDbEntity
  8
点
100
AcDbText
 10
470109.25
 20
4349694.249999999
 30
0.0
 40
0.5
  1
0.30
100
AcDbText
  0
TEXT
  5
42B
330
17
100
AcDbEntity
  8
点
100
AcDbText
 10
470109.25
 20
4349695.25
 30
0.0
 40
0.5
  1
0.30
100
AcDbText
  0
TEXT
  5
42C
330
17
100
AcDbEntity
  8
点
100
AcDbText
 10
470109.25
 20
4349696.25
 30
0.0
 40
0.5
  1
0.30
100
AcDbText
  0
TEXT
  5
42D
330
17
100
AcDbEntity
  8
点
100
AcDbText
 10
470109.25
 20
4349697.25
 30
0.0
 40
0.5
  1
0.30
100
AcDbText
  0
TEXT
  5
42E
330
17
100
AcDbEntity
  8
点
100
AcDbText
 10
470109.25
 20
4349698.25
 30
0.0
 40
0.5
  1
0.30
100
AcDbText
  0
TEXT
  5
42F
330
17
100
AcDbEntity
  8
点
100
AcDbText
 10
470109.25
 20
4349699.25
 30
0.0
 40
0.5
  1
0.30
100
AcDbText
  0
TEXT
  5
430
330
17
100
AcDbEntity
  8
点
100
AcDbText
 10
470109.25
 20
4349700.25
 30
0.0
 40
0.5
  1
0.91
100
AcDbText
  0
TEXT
  5
431
330
17
100
AcDbEntity
  8
点
100
AcDbText
 10
470109.25
 20
4349701.249999999
 30
0.0
 40
0.5
  1
0.91
100
AcDbText
  0
TEXT
  5
432
330
17
100
AcDbEntity
  8
点
100
AcDbText
 10
470109.25
 20
4349702.249999999
 30
0.0
 40
0.5
  1
0.91
100
AcDbText
  0
TEXT
  5
433
330
17
100
AcDbEntity
  8
点
100
AcDbText
 10
470109.25
 20
4349703.25
 30
0.0
 40
0.5
  1
0.89
100
AcDbText
  0
TEXT
  5
434
330
17
100
AcDbEntity
  8
点
100
AcDbText
 10
470109.25
 20
4349704.25
 30
0.0
 40
0.5
  1
0.89
100
AcDbText
  0
TEXT
  5
435
330
17
100
AcDbEntity
  8
点
100
AcDbText
 10
470109.25
 20
4349705.25
 30
0.0
 40
0.5
  1
0.89
100
AcDbText
  0
TEXT
  5
436
330
17
100
AcDbEntity
  8
点
100
AcDbText
 10
470109.25
 20
4349706.25
 30
0.0
 40
0.5
  1
0.38
100
AcDbText
  0
TEXT
  5
437
330
17
100
AcDbEntity
  8
点
100
AcDbText
 10
470109.25
 20
4349707.25
 30
0.0
 40
0.5
  1
0.38
100
AcDbText
  0
TEXT
  5
438
330
17
100
AcDbEntity
  8
点
100
AcDbText
 10
470109.25
 20
4349708.25
 30
0.0
 40
0.5
  1
0.38
100
AcDbText
  0
TEXT
  5
439
330
17
100
AcDbEntity
  8
点
100
AcDbText
 10
470109.25
 20
4349709.25
 30
0.0
 40
0.5
  1
0.38
100
AcDbText
  0
TEXT
  5
43A
330
17
100
AcDbEntity
  8
点
100
AcDbText
 10
470109.25
 20
4349710.25
 30
0.0
 40
0.5
  1
0.38
100
AcDbText
  0
TEXT
  5
43B
330
17
100
AcDbEntity
  8
点
100
AcDbText
 10
470109.25
 20
4349711.25
 30
0.0
 40
0.5
  1
0.38
100
AcDbText
  0
TEXT
  5
43C
330
17
100
AcDbEntity
  8
点
100
AcDbText
 10
470109.25
 20
4349712.25
 30
0.0
 40
0.5
  1
0.73
100
AcDbText
  0
TEXT
  5
43D
330
17
100
AcDbEntity
  8
点
100
AcDbText
 10
470109.25
 20
4349713.25
 30
0.0
 40
0.5
  1
0.73
100
AcDbText
  0
TEXT
  5
43E
330
17
100
AcDbEntity
  8
点
100
AcDbText
 10
470109.25
 20
4349714.249999999
 30
0.0
 40
0.5
  1
0.73
100
AcDbText
  0
TEXT
  5
43F
330
17
100
AcDbEntity
  8
点
100
AcDbText
 10
470109.25
 20
4349715.25
 30
0.0
 40
0.5
  1
0.73
100
AcDbText
  0
TEXT
  5
440
330
17
100
AcDbEntity
  8
点
100
AcDbText
 10
470109.25
 20
4349716.25
 30
0.0
 40
0.5
  1
0.88
100
AcDbText
  0
TEXT
  5
441
330
17
100
AcDbEntity
  8
点
100
AcDbText
 10
470110.25
 20
4349693.25
 30
0.0
 40
0.5
  1
0.44
100
AcDbText
  0
TEXT
  5
442
330
17
100
AcDbEntity
  8
点
100
AcDbText
 10
470110.25
 20
4349694.249999999
 30
0.0
 40
0.5
  1
0.30
100
AcDbText
  0
TEXT
  5
443
330
17
100
AcDbEntity
  8
点
100
AcDbText
 10
470110.25
 20
4349695.25
 30
0.0
 40
0.5
  1
0.30
100
AcDbText
  0
TEXT
  5
444
330
17
100
AcDbEntity
  8
点
100
AcDbText
 10
470110.25
 20
4349696.25
 30
0.0
 40
0.5
  1
0.30
100
AcDbText
  0
TEXT
  5
445
330
17
100
AcDbEntity
  8
点
100
AcDbText
 10
470110.25
 20
4349697.25
 30
0.0
 40
0.5
  1
0.30
100
AcDbText
  0
TEXT
  5
446
330
17
100
AcDbEntity
  8
点
100
AcDbText
 10
470110.25
 20
4349698.25
 30
0.0
 40
0.5
  1
0.30
100
AcDbText
  0
TEXT
  5
447
330
17
100
AcDbEntity
  8
点
100
AcDbText
 10
470110.25
 20
4349699.25
 30
0.0
 40
0.5
  1
0.30
100
AcDbText
  0
TEXT
  5
448
330
17
100
AcDbEntity
  8
点
100
AcDbText
 10
470110.25
 20
4349700.25
 30
0.0
 40
0.5
  1
0.30
100
AcDbText
  0
TEXT
  5
449
330
17
100
AcDbEntity
  8
点
100
AcDbText
 10
470110.25
 20
4349701.249999999
 30
0.0
 40
0.5
  1
0.89
100
AcDbText
  0
TEXT
  5
44A
330
17
100
AcDbEntity
  8
点
100
AcDbText
 10
470110.25
 20
4349702.249999999
 30
0.0
 40
0.5
  1
0.89
100
AcDbText
  0
TEXT
  5
44B
330
17
100
AcDbEntity
  8
点
100
AcDbText
 10
470110.25
 20
4349703.25
 30
0.0
 40
0.5
  1
0.89
100
AcDbText
  0
TEXT
  5
44C
330
17
100
AcDbEntity
  8
点
100
AcDbText
 10
470110.25
 20
4349704.25
 30
0.0
 40
0.5
  1
0.89
100
AcDbText
  0
TEXT
  5
44D
330
17
100
AcDbEntity
  8
点
100
AcDbText
 10
470110.25
 20
4349705.25
 30
0.0
 40
0.5
  1
0.89
100
AcDbText
  0
TEXT
  5
44E
330
17
100
AcDbEntity
  8
点
100
AcDbText
 10
470110.25
 20
4349706.25
 30
0.0
 40
0.5
  1
0.89
100
AcDbText
  0
TEXT
  5
44F
330
17
100
AcDbEntity
  8
点
100
AcDbText
 10
470110.25
 20
4349707.25
 30
0.0
 40
0.5
  1
0.38
100
AcDbText
  0
TEXT
  5
450
330
17
100
AcDbEntity
  8
点
100
AcDbText
 10
470110.25
 20
4349708.25
 30
0.0
 40
0.5
  1
0.38
100
AcDbText
  0
TEXT
  5
451
330
17
100
AcDbEntity
  8
点
100
AcDbText
 10
470110.25
 20
4349709.25
 30
0.0
 40
0.5
  1
0.38
100
AcDbText
  0
TEXT
  5
452
330
17
100
AcDbEntity
  8
点
100
AcDbText
 10
470110.25
 20
4349710.25
 30
0.0
 40
0.5
  1
0.38
100
AcDbText
  0
TEXT
  5
453
330
17
100
AcDbEntity
  8
点
100
AcDbText
 10
470110.25
 20
4349711.25
 30
0.0
 40
0.5
  1
0.38
100
AcDbText
  0
TEXT
  5
454
330
17
100
AcDbEntity
  8
点
100
AcDbText
 10
470110.25
 20
4349712.25
 30
0.0
 40
0.5
  1
0.44
100
AcDbText
  0
TEXT
  5
455
330
17
100
AcDbEntity
  8
点
100
AcDbText
 10
470110.25
 20
4349713.25
 30
0.0
 40
0.5
  1
0.88
100
AcDbText
  0
TEXT
  5
456
330
17
100
AcDbEntity
  8
点
100
AcDbText
 10
470110.25
 20
4349714.249999999
 30
0.0
 40
0.5
  1
0.88
100
AcDbText
  0
TEXT
  5
457
330
17
100
AcDbEntity
  8
点
100
AcDbText
 10
470110.25
 20
4349715.25
 30
0.0
 40
0.5
  1
0.88
100
AcDbText
  0
TEXT
  5
458
330
17
100
AcDbEntity
  8
点
100
AcDbText
 10
470110.25
 20
4349716.25
 30
0.0
 40
0.5
  1
0.88
100
AcDbText
  0
TEXT
  5
459
330
17
100
AcDbEntity
  8
点
100
AcDbText
 10
470110.25
 20
4349717.25
 30
0.0
 40
0.5
  1
0.88
100
AcDbText
  0
TEXT
  5
45A
330
17
100
AcDbEntity
  8
点
100
AcDbText
 10
470110.25
 20
4349721.249999999
 30
0.0
 40
0.5
  1
0.74
100
AcDbText
  0
TEXT
  5
45B
330
17
100
AcDbEntity
  8
点
100
AcDbText
 10
470110.25
 20
4349722.25
 30
0.0
 40
0.5
  1
0.74
100
AcDbText
  0
TEXT
  5
45C
330
17
100
AcDbEntity
  8
点
100
AcDbText
 10
470110.25
 20
4349723.25
 30
0.0
 40
0.5
  1
0.74
100
AcDbText
  0
TEXT
  5
45D
330
17
100
AcDbEntity
  8
点
100
AcDbText
 10
470111.2499999999
 20
4349695.25
 30
0.0
 40
0.5
  1
0.30
100
AcDbText
  0
TEXT
  5
45E
330
17
100
AcDbEntity
  8
点
100
AcDbText
 10
470111.2499999999
 20
4349696.25
 30
0.0
 40
0.5
  1
0.30
100
AcDbText
  0
TEXT
  5
45F
330
17
100
AcDbEntity
  8
点
100
AcDbText
 10
470111.2499999999
 20
4349697.25
 30
0.0
 40
0.5
  1
0.30
100
AcDbText
  0
TEXT
  5
460
330
17
100
AcDbEntity
  8
点
100
AcDbText
 10
470111.2499999999
 20
4349698.25
 30
0.0
 40
0.5
  1
0.30
100
AcDbText
  0
TEXT
  5
461
330
17
100
AcDbEntity
  8
点
100
AcDbText
 10
470111.2499999999
 20
4349699.25
 30
0.0
 40
0.5
  1
0.30
100
AcDbText
  0
TEXT
  5
462
330
17
100
AcDbEntity
  8
点
100
AcDbText
 10
470111.2499999999
 20
4349700.25
 30
0.0
 40
0.5
  1
0.34
100
AcDbText
  0
TEXT
  5
463
330
17
100
AcDbEntity
  8
点
100
AcDbText
 10
470111.2499999999
 20
4349701.249999999
 30
0.0
 40
0.5
  1
0.89
100
AcDbText
  0
TEXT
  5
464
330
17
100
AcDbEntity
  8
点
100
AcDbText
 10
470111.2499999999
 20
4349702.249999999
 30
0.0
 40
0.5
  1
0.89
100
AcDbText
  0
TEXT
  5
465
330
17
100
AcDbEntity
  8
点
100
AcDbText
 10
470111.2499999999
 20
4349703.25
 30
0.0
 40
0.5
  1
0.89
100
AcDbText
  0
TEXT
  5
466
330
17
100
AcDbEntity
  8
点
100
AcDbText
 10
470111.2499999999
 20
4349704.25
 30
0.0
 40
0.5
  1
0.89
100
AcDbText
  0
TEXT
  5
467
330
17
100
AcDbEntity
  8
点
100
AcDbText
 10
470111.2499999999
 20
4349705.25
 30
0.0
 40
0.5
  1
0.89
100
AcDbText
  0
TEXT
  5
468
330
17
100
AcDbEntity
  8
点
100
AcDbText
 10
470111.2499999999
 20
4349706.25
 30
0.0
 40
0.5
  1
0.89
100
AcDbText
  0
TEXT
  5
469
330
17
100
AcDbEntity
  8
点
100
AcDbText
 10
470111.2499999999
 20
4349707.25
 30
0.0
 40
0.5
  1
0.89
100
AcDbText
  0
TEXT
  5
46A
330
17
100
AcDbEntity
  8
点
100
AcDbText
 10
470111.2499999999
 20
4349708.25
 30
0.0
 40
0.5
  1
0.38
100
AcDbText
  0
TEXT
  5
46B
330
17
100
AcDbEntity
  8
点
100
AcDbText
 10
470111.2499999999
 20
4349709.25
 30
0.0
 40
0.5
  1
0.38
100
AcDbText
  0
TEXT
  5
46C
330
17
100
AcDbEntity
  8
点
100
AcDbText
 10
470111.2499999999
 20
4349710.25
 30
0.0
 40
0.5
  1
0.44
100
AcDbText
  0
TEXT
  5
46D
330
17
100
AcDbEntity
  8
点
100
AcDbText
 10
470111.2499999999
 20
4349711.25
 30
0.0
 40
0.5
  1
0.44
100
AcDbText
  0
TEXT
  5
46E
330
17
100
AcDbEntity
  8
点
100
AcDbText
 10
470111.2499999999
 20
4349712.25
 30
0.0
 40
0.5
  1
0.44
100
AcDbText
  0
TEXT
  5
46F
330
17
100
AcDbEntity
  8
点
100
AcDbText
 10
470111.2499999999
 20
4349713.25
 30
0.0
 40
0.5
  1
0.88
100
AcDbText
  0
TEXT
  5
470
330
17
100
AcDbEntity
  8
点
100
AcDbText
 10
470111.2499999999
 20
4349714.249999999
 30
0.0
 40
0.5
  1
0.88
100
AcDbText
  0
TEXT
  5
471
330
17
100
AcDbEntity
  8
点
100
AcDbText
 10
470111.2499999999
 20
4349715.25
 30
0.0
 40
0.5
  1
0.88
100
AcDbText
  0
TEXT
  5
472
330
17
100
AcDbEntity
  8
点
100
AcDbText
 10
470111.2499999999
 20
4349716.25
 30
0.0
 40
0.5
  1
0.88
100
AcDbText
  0
TEXT
  5
473
330
17
100
AcDbEntity
  8
点
100
AcDbText
 10
470111.2499999999
 20
4349717.25
 30
0.0
 40
0.5
  1
0.88
100
AcDbText
  0
TEXT
  5
474
330
17
100
AcDbEntity
  8
点
100
AcDbText
 10
470111.2499999999
 20
4349718.25
 30
0.0
 40
0.5
  1
0.88
100
AcDbText
  0
TEXT
  5
475
330
17
100
AcDbEntity
  8
点
100
AcDbText
 10
470111.2499999999
 20
4349719.249999999
 30
0.0
 40
0.5
  1
0.74
100
AcDbText
  0
TEXT
  5
476
330
17
100
AcDbEntity
  8
点
100
AcDbText
 10
470111.2499999999
 20
4349720.25
 30
0.0
 40
0.5
  1
0.74
100
AcDbText
  0
TEXT
  5
477
330
17
100
AcDbEntity
  8
点
100
AcDbText
 10
470111.2499999999
 20
4349721.249999999
 30
0.0
 40
0.5
  1
0.74
100
AcDbText
  0
TEXT
  5
478
330
17
100
AcDbEntity
  8
点
100
AcDbText
 10
470111.2499999999
 20
4349722.25
 30
0.0
 40
0.5
  1
0.74
100
AcDbText
  0
TEXT
  5
479
330
17
100
AcDbEntity
  8
点
100
AcDbText
 10
470111.2499999999
 20
4349723.25
 30
0.0
 40
0.5
  1
0.74
100
AcDbText
  0
TEXT
  5
47A
330
17
100
AcDbEntity
  8
点
100
AcDbText
 10
470111.2499999999
 20
4349724.25
 30
0.0
 40
0.5
  1
0.74
100
AcDbText
  0
TEXT
  5
47B
330
17
100
AcDbEntity
  8
点
100
AcDbText
 10
470112.25
 20
4349698.25
 30
0.0
 40
0.5
  1
0.30
100
AcDbText
  0
TEXT
  5
47C
330
17
100
AcDbEntity
  8
点
100
AcDbText
 10
470112.25
 20
4349699.25
 30
0.0
 40
0.5
  1
0.34
100
AcDbText
  0
TEXT
  5
47D
330
17
100
AcDbEntity
  8
点
100
AcDbText
 10
470112.25
 20
4349700.25
 30
0.0
 40
0.5
  1
0.34
100
AcDbText
  0
TEXT
  5
47E
330
17
100
AcDbEntity
  8
点
100
AcDbText
 10
470112.25
 20
4349701.249999999
 30
0.0
 40
0.5
  1
0.34
100
AcDbText
  0
TEXT
  5
47F
330
17
100
AcDbEntity
  8
点
100
AcDbText
 10
470112.25
 20
4349702.249999999
 30
0.0
 40
0.5
  1
0.89
100
AcDbText
  0
TEXT
  5
480
330
17
100
AcDbEntity
  8
点
100
AcDbText
 10
470112.25
 20
4349703.25
 30
0.0
 40
0.5
  1
0.89
100
AcDbText
  0
TEXT
  5
481
330
17
100
AcDbEntity
  8
点
100
AcDbText
 10
470112.25
 20
4349704.25
 30
0.0
 40
0.5
  1
0.89
100
AcDbText
  0
TEXT
  5
482
330
17
100
AcDbEntity
  8
点
100
AcDbText
 10
470112.25
 20
4349705.25
 30
0.0
 40
0.5
  1
0.89
100
AcDbText
  0
TEXT
  5
483
330
17
100
AcDbEntity
  8
点
100
AcDbText
 10
470112.25
 20
4349706.25
 30
0.0
 40
0.5
  1
0.89
100
AcDbText
  0
TEXT
  5
484
330
17
100
AcDbEntity
  8
点
100
AcDbText
 10
470112.25
 20
4349707.25
 30
0.0
 40
0.5
  1
0.89
100
AcDbText
  0
TEXT
  5
485
330
17
100
AcDbEntity
  8
点
100
AcDbText
 10
470112.25
 20
4349708.25
 30
0.0
 40
0.5
  1
0.44
100
AcDbText
  0
TEXT
  5
486
330
17
100
AcDbEntity
  8
点
100
AcDbText
 10
470112.25
 20
4349709.25
 30
0.0
 40
0.5
  1
0.44
100
AcDbText
  0
TEXT
  5
487
330
17
100
AcDbEntity
  8
点
100
AcDbText
 10
470112.25
 20
4349710.25
 30
0.0
 40
0.5
  1
0.44
100
AcDbText
  0
TEXT
  5
488
330
17
100
AcDbEntity
  8
点
100
AcDbText
 10
470112.25
 20
4349711.25
 30
0.0
 40
0.5
  1
0.44
100
AcDbText
  0
TEXT
  5
489
330
17
100
AcDbEntity
  8
点
100
AcDbText
 10
470112.25
 20
4349712.25
 30
0.0
 40
0.5
  1
0.44
100
AcDbText
  0
TEXT
  5
48A
330
17
100
AcDbEntity
  8
点
100
AcDbText
 10
470112.25
 20
4349713.25
 30
0.0
 40
0.5
  1
0.88
100
AcDbText
  0
TEXT
  5
48B
330
17
100
AcDbEntity
  8
点
100
AcDbText
 10
470112.25
 20
4349714.249999999
 30
0.0
 40
0.5
  1
0.88
100
AcDbText
  0
TEXT
  5
48C
330
17
100
AcDbEntity
  8
点
100
AcDbText
 10
470112.25
 20
4349715.25
 30
0.0
 40
0.5
  1
0.88
100
AcDbText
  0
TEXT
  5
48D
330
17
100
AcDbEntity
  8
点
100
AcDbText
 10
470112.25
 20
4349716.25
 30
0.0
 40
0.5
  1
0.88
100
AcDbText
  0
TEXT
  5
48E
330
17
100
AcDbEntity
  8
点
100
AcDbText
 10
470112.25
 20
4349717.25
 30
0.0
 40
0.5
  1
0.88
100
AcDbText
  0
TEXT
  5
48F
330
17
100
AcDbEntity
  8
点
100
AcDbText
 10
470112.25
 20
4349718.25
 30
0.0
 40
0.5
  1
0.88
100
AcDbText
  0
TEXT
  5
490
330
17
100
AcDbEntity
  8
点
100
AcDbText
 10
470112.25
 20
4349719.249999999
 30
0.0
 40
0.5
  1
0.74
100
AcDbText
  0
TEXT
  5
491
330
17
100
AcDbEntity
  8
点
100
AcDbText
 10
470112.25
 20
4349720.25
 30
0.0
 40
0.5
  1
0.74
100
AcDbText
  0
TEXT
  5
492
330
17
100
AcDbEntity
  8
点
100
AcDbText
 10
470112.25
 20
4349721.249999999
 30
0.0
 40
0.5
  1
0.74
100
AcDbText
  0
TEXT
  5
493
330
17
100
AcDbEntity
  8
点
100
AcDbText
 10
470112.25
 20
4349722.25
 30
0.0
 40
0.5
  1
0.74
100
AcDbText
  0
TEXT
  5
494
330
17
100
AcDbEntity
  8
点
100
AcDbText
 10
470112.25
 20
4349723.25
 30
0.0
 40
0.5
  1
0.74
100
AcDbText
  0
TEXT
  5
495
330
17
100
AcDbEntity
  8
点
100
AcDbText
 10
470112.25
 20
4349724.25
 30
0.0
 40
0.5
  1
0.74
100
AcDbText
  0
TEXT
  5
496
330
17
100
AcDbEntity
  8
点
100
AcDbText
 10
470113.2499999999
 20
4349701.249999999
 30
0.0
 40
0.5
  1
0.34
100
AcDbText
  0
TEXT
  5
497
330
17
100
AcDbEntity
  8
点
100
AcDbText
 10
470113.2499999999
 20
4349702.249999999
 30
0.0
 40
0.5
  1
0.34
100
AcDbText
  0
TEXT
  5
498
330
17
100
AcDbEntity
  8
点
100
AcDbText
 10
470113.2499999999
 20
4349703.25
 30
0.0
 40
0.5
  1
0.89
100
AcDbText
  0
TEXT
  5
499
330
17
100
AcDbEntity
  8
点
100
AcDbText
 10
470113.2499999999
 20
4349704.25
 30
0.0
 40
0.5
  1
0.89
100
AcDbText
  0
TEXT
  5
49A
330
17
100
AcDbEntity
  8
点
100
AcDbText
 10
470113.2499999999
 20
4349705.25
 30
0.0
 40
0.5
  1
0.89
100
AcDbText
  0
TEXT
  5
49B
330
17
100
AcDbEntity
  8
点
100
AcDbText
 10
470113.2499999999
 20
4349706.25
 30
0.0
 40
0.5
  1
0.89
100
AcDbText
  0
TEXT
  5
49C
330
17
100
AcDbEntity
  8
点
100
AcDbText
 10
470113.2499999999
 20
4349707.25
 30
0.0
 40
0.5
  1
0.89
100
AcDbText
  0
TEXT
  5
49D
330
17
100
AcDbEntity
  8
点
100
AcDbText
 10
470113.2499999999
 20
4349708.25
 30
0.0
 40
0.5
  1
0.44
100
AcDbText
  0
TEXT
  5
49E
330
17
100
AcDbEntity
  8
点
100
AcDbText
 10
470113.2499999999
 20
4349709.25
 30
0.0
 40
0.5
  1
0.44
100
AcDbText
  0
TEXT
  5
49F
330
17
100
AcDbEntity
  8
点
100
AcDbText
 10
470113.2499999999
 20
4349710.25
 30
0.0
 40
0.5
  1
0.44
100
AcDbText
  0
TEXT
  5
4A0
330
17
100
AcDbEntity
  8
点
100
AcDbText
 10
470113.2499999999
 20
4349711.25
 30
0.0
 40
0.5
  1
0.44
100
AcDbText
  0
TEXT
  5
4A1
330
17
100
AcDbEntity
  8
点
100
AcDbText
 10
470113.2499999999
 20
4349712.25
 30
0.0
 40
0.5
  1
0.44
100
AcDbText
  0
TEXT
  5
4A2
330
17
100
AcDbEntity
  8
点
100
AcDbText
 10
470113.2499999999
 20
4349713.25
 30
0.0
 40
0.5
  1
0.88
100
AcDbText
  0
TEXT
  5
4A3
330
17
100
AcDbEntity
  8
点
100
AcDbText
 10
470113.2499999999
 20
4349714.249999999
 30
0.0
 40
0.5
  1
0.88
100
AcDbText
  0
TEXT
  5
4A4
330
17
100
AcDbEntity
  8
点
100
AcDbText
 10
470113.2499999999
 20
4349715.25
 30
0.0
 40
0.5
  1
0.88
100
AcDbText
  0
TEXT
  5
4A5
330
17
100
AcDbEntity
  8
点
100
AcDbText
 10
470113.2499999999
 20
4349716.25
 30
0.0
 40
0.5
  1
0.88
100
AcDbText
  0
TEXT
  5
4A6
330
17
100
AcDbEntity
  8
点
100
AcDbText
 10
470113.2499999999
 20
4349717.25
 30
0.0
 40
0.5
  1
0.88
100
AcDbText
  0
TEXT
  5
4A7
330
17
100
AcDbEntity
  8
点
100
AcDbText
 10
470113.2499999999
 20
4349718.25
 30
0.0
 40
0.5
  1
0.88
100
AcDbText
  0
TEXT
  5
4A8
330
17
100
AcDbEntity
  8
点
100
AcDbText
 10
470113.2499999999
 20
4349719.249999999
 30
0.0
 40
0.5
  1
0.74
100
AcDbText
  0
TEXT
  5
4A9
330
17
100
AcDbEntity
  8
点
100
AcDbText
 10
470113.2499999999
 20
4349720.25
 30
0.0
 40
0.5
  1
0.74
100
AcDbText
  0
TEXT
  5
4AA
330
17
100
AcDbEntity
  8
点
100
AcDbText
 10
470113.2499999999
 20
4349721.249999999
 30
0.0
 40
0.5
  1
0.74
100
AcDbText
  0
TEXT
  5
4AB
330
17
100
AcDbEntity
  8
点
100
AcDbText
 10
470113.2499999999
 20
4349722.25
 30
0.0
 40
0.5
  1
0.74
100
AcDbText
  0
TEXT
  5
4AC
330
17
100
AcDbEntity
  8
点
100
AcDbText
 10
470113.2499999999
 20
4349723.25
 30
0.0
 40
0.5
  1
0.74
100
AcDbText
  0
TEXT
  5
4AD
330
17
100
AcDbEntity
  8
点
100
AcDbText
 10
470113.2499999999
 20
4349724.25
 30
0.0
 40
0.5
  1
0.74
100
AcDbText
  0
TEXT
  5
4AE
330
17
100
AcDbEntity
  8
点
100
AcDbText
 10
470113.2499999999
 20
4349725.25
 30
0.0
 40
0.5
  1
0.74
100
AcDbText
  0
TEXT
  5
4AF
330
17
100
AcDbEntity
  8
点
100
AcDbText
 10
470114.25
 20
4349704.25
 30
0.0
 40
0.5
  1
0.89
100
AcDbText
  0
TEXT
  5
4B0
330
17
100
AcDbEntity
  8
点
100
AcDbText
 10
470114.25
 20
4349705.25
 30
0.0
 40
0.5
  1
0.89
100
AcDbText
  0
TEXT
  5
4B1
330
17
100
AcDbEntity
  8
点
100
AcDbText
 10
470114.25
 20
4349706.25
 30
0.0
 40
0.5
  1
0.89
100
AcDbText
  0
TEXT
  5
4B2
330
17
100
AcDbEntity
  8
点
100
AcDbText
 10
470114.25
 20
4349707.25
 30
0.0
 40
0.5
  1
0.44
100
AcDbText
  0
TEXT
  5
4B3
330
17
100
AcDbEntity
  8
点
100
AcDbText
 10
470114.25
 20
4349708.25
 30
0.0
 40
0.5
  1
0.44
100
AcDbText
  0
TEXT
  5
4B4
330
17
100
AcDbEntity
  8
点
100
AcDbText
 10
470114.25
 20
4349709.25
 30
0.0
 40
0.5
  1
0.44
100
AcDbText
  0
TEXT
  5
4B5
330
17
100
AcDbEntity
  8
点
100
AcDbText
 10
470114.25
 20
4349710.25
 30
0.0
 40
0.5
  1
0.44
100
AcDbText
  0
TEXT
  5
4B6
330
17
100
AcDbEntity
  8
点
100
AcDbText
 10
470114.25
 20
4349711.25
 30
0.0
 40
0.5
  1
0.44
100
AcDbText
  0
TEXT
  5
4B7
330
17
100
AcDbEntity
  8
点
100
AcDbText
 10
470114.25
 20
4349712.25
 30
0.0
 40
0.5
  1
0.44
100
AcDbText
  0
TEXT
  5
4B8
330
17
100
AcDbEntity
  8
点
100
AcDbText
 10
470114.25
 20
4349713.25
 30
0.0
 40
0.5
  1
0.44
100
AcDbText
  0
TEXT
  5
4B9
330
17
100
AcDbEntity
  8
点
100
AcDbText
 10
470114.25
 20
4349714.249999999
 30
0.0
 40
0.5
  1
0.88
100
AcDbText
  0
TEXT
  5
4BA
330
17
100
AcDbEntity
  8
点
100
AcDbText
 10
470114.25
 20
4349715.25
 30
0.0
 40
0.5
  1
0.88
100
AcDbText
  0
TEXT
  5
4BB
330
17
100
AcDbEntity
  8
点
100
AcDbText
 10
470114.25
 20
4349716.25
 30
0.0
 40
0.5
  1
0.88
100
AcDbText
  0
TEXT
  5
4BC
330
17
100
AcDbEntity
  8
点
100
AcDbText
 10
470114.25
 20
4349717.25
 30
0.0
 40
0.5
  1
0.88
100
AcDbText
  0
TEXT
  5
4BD
330
17
100
AcDbEntity
  8
点
100
AcDbText
 10
470114.25
 20
4349718.25
 30
0.0
 40
0.5
  1
0.88
100
AcDbText
  0
TEXT
  5
4BE
330
17
100
AcDbEntity
  8
点
100
AcDbText
 10
470114.25
 20
4349719.249999999
 30
0.0
 40
0.5
  1
0.74
100
AcDbText
  0
TEXT
  5
4BF
330
17
100
AcDbEntity
  8
点
100
AcDbText
 10
470114.25
 20
4349720.25
 30
0.0
 40
0.5
  1
0.74
100
AcDbText
  0
TEXT
  5
4C0
330
17
100
AcDbEntity
  8
点
100
AcDbText
 10
470114.25
 20
4349721.249999999
 30
0.0
 40
0.5
  1
0.74
100
AcDbText
  0
TEXT
  5
4C1
330
17
100
AcDbEntity
  8
点
100
AcDbText
 10
470114.25
 20
4349722.25
 30
0.0
 40
0.5
  1
0.74
100
AcDbText
  0
TEXT
  5
4C2
330
17
100
AcDbEntity
  8
点
100
AcDbText
 10
470114.25
 20
4349723.25
 30
0.0
 40
0.5
  1
0.74
100
AcDbText
  0
TEXT
  5
4C3
330
17
100
AcDbEntity
  8
点
100
AcDbText
 10
470114.25
 20
4349724.25
 30
0.0
 40
0.5
  1
0.74
100
AcDbText
  0
TEXT
  5
4C4
330
17
100
AcDbEntity
  8
点
100
AcDbText
 10
470114.25
 20
4349725.25
 30
0.0
 40
0.5
  1
0.74
100
AcDbText
  0
TEXT
  5
4C5
330
17
100
AcDbEntity
  8
点
100
AcDbText
 10
470114.25
 20
4349726.249999999
 30
0.0
 40
0.5
  1
0.74
100
AcDbText
  0
TEXT
  5
4C6
330
17
100
AcDbEntity
  8
点
100
AcDbText
 10
470114.25
 20
4349730.25
 30
0.0
 40
0.5
  1
0.72
100
AcDbText
  0
TEXT
  5
4C7
330
17
100
AcDbEntity
  8
点
100
AcDbText
 10
470114.25
 20
4349731.25
 30
0.0
 40
0.5
  1
0.72
100
AcDbText
  0
TEXT
  5
4C8
330
17
100
AcDbEntity
  8
点
100
AcDbText
 10
470115.25
 20
4349707.25
 30
0.0
 40
0.5
  1
0.44
100
AcDbText
  0
TEXT
  5
4C9
330
17
100
AcDbEntity
  8
点
100
AcDbText
 10
470115.25
 20
4349708.25
 30
0.0
 40
0.5
  1
0.44
100
AcDbText
  0
TEXT
  5
4CA
330
17
100
AcDbEntity
  8
点
100
AcDbText
 10
470115.25
 20
4349709.25
 30
0.0
 40
0.5
  1
0.44
100
AcDbText
  0
TEXT
  5
4CB
330
17
100
AcDbEntity
  8
点
100
AcDbText
 10
470115.25
 20
4349710.25
 30
0.0
 40
0.5
  1
0.44
100
AcDbText
  0
TEXT
  5
4CC
330
17
100
AcDbEntity
  8
点
100
AcDbText
 10
470115.25
 20
4349711.25
 30
0.0
 40
0.5
  1
0.44
100
AcDbText
  0
TEXT
  5
4CD
330
17
100
AcDbEntity
  8
点
100
AcDbText
 10
470115.25
 20
4349712.25
 30
0.0
 40
0.5
  1
0.44
100
AcDbText
  0
TEXT
  5
4CE
330
17
100
AcDbEntity
  8
点
100
AcDbText
 10
470115.25
 20
4349713.25
 30
0.0
 40
0.5
  1
0.44
100
AcDbText
  0
TEXT
  5
4CF
330
17
100
AcDbEntity
  8
点
100
AcDbText
 10
470115.25
 20
4349714.249999999
 30
0.0
 40
0.5
  1
0.88
100
AcDbText
  0
TEXT
  5
4D0
330
17
100
AcDbEntity
  8
点
100
AcDbText
 10
470115.25
 20
4349715.25
 30
0.0
 40
0.5
  1
0.88
100
AcDbText
  0
TEXT
  5
4D1
330
17
100
AcDbEntity
  8
点
100
AcDbText
 10
470115.25
 20
4349716.25
 30
0.0
 40
0.5
  1
0.88
100
AcDbText
  0
TEXT
  5
4D2
330
17
100
AcDbEntity
  8
点
100
AcDbText
 10
470115.25
 20
4349717.25
 30
0.0
 40
0.5
  1
0.88
100
AcDbText
  0
TEXT
  5
4D3
330
17
100
AcDbEntity
  8
点
100
AcDbText
 10
470115.25
 20
4349718.25
 30
0.0
 40
0.5
  1
0.88
100
AcDbText
  0
TEXT
  5
4D4
330
17
100
AcDbEntity
  8
点
100
AcDbText
 10
470115.25
 20
4349719.249999999
 30
0.0
 40
0.5
  1
0.74
100
AcDbText
  0
TEXT
  5
4D5
330
17
100
AcDbEntity
  8
点
100
AcDbText
 10
470115.25
 20
4349720.25
 30
0.0
 40
0.5
  1
0.74
100
AcDbText
  0
TEXT
  5
4D6
330
17
100
AcDbEntity
  8
点
100
AcDbText
 10
470115.25
 20
4349721.249999999
 30
0.0
 40
0.5
  1
0.74
100
AcDbText
  0
TEXT
  5
4D7
330
17
100
AcDbEntity
  8
点
100
AcDbText
 10
470115.25
 20
4349722.25
 30
0.0
 40
0.5
  1
0.74
100
AcDbText
  0
TEXT
  5
4D8
330
17
100
AcDbEntity
  8
点
100
AcDbText
 10
470115.25
 20
4349723.25
 30
0.0
 40
0.5
  1
0.74
100
AcDbText
  0
TEXT
  5
4D9
330
17
100
AcDbEntity
  8
点
100
AcDbText
 10
470115.25
 20
4349724.25
 30
0.0
 40
0.5
  1
0.74
100
AcDbText
  0
TEXT
  5
4DA
330
17
100
AcDbEntity
  8
点
100
AcDbText
 10
470115.25
 20
4349725.25
 30
0.0
 40
0.5
  1
0.74
100
AcDbText
  0
TEXT
  5
4DB
330
17
100
AcDbEntity
  8
点
100
AcDbText
 10
470115.25
 20
4349726.249999999
 30
0.0
 40
0.5
  1
0.74
100
AcDbText
  0
TEXT
  5
4DC
330
17
100
AcDbEntity
  8
点
100
AcDbText
 10
470115.25
 20
4349727.249999999
 30
0.0
 40
0.5
  1
0.72
100
AcDbText
  0
TEXT
  5
4DD
330
17
100
AcDbEntity
  8
点
100
AcDbText
 10
470115.25
 20
4349728.25
 30
0.0
 40
0.5
  1
0.72
100
AcDbText
  0
TEXT
  5
4DE
330
17
100
AcDbEntity
  8
点
100
AcDbText
 10
470115.25
 20
4349729.25
 30
0.0
 40
0.5
  1
0.72
100
AcDbText
  0
TEXT
  5
4DF
330
17
100
AcDbEntity
  8
点
100
AcDbText
 10
470115.25
 20
4349730.25
 30
0.0
 40
0.5
  1
0.72
100
AcDbText
  0
TEXT
  5
4E0
330
17
100
AcDbEntity
  8
点
100
AcDbText
 10
470115.25
 20
4349731.25
 30
0.0
 40
0.5
  1
0.72
100
AcDbText
  0
TEXT
  5
4E1
330
17
100
AcDbEntity
  8
点
100
AcDbText
 10
470115.25
 20
4349732.25
 30
0.0
 40
0.5
  1
0.72
100
AcDbText
  0
TEXT
  5
4E2
330
17
100
AcDbEntity
  8
点
100
AcDbText
 10
470116.25
 20
4349710.25
 30
0.0
 40
0.5
  1
0.44
100
AcDbText
  0
TEXT
  5
4E3
330
17
100
AcDbEntity
  8
点
100
AcDbText
 10
470116.25
 20
4349711.25
 30
0.0
 40
0.5
  1
0.44
100
AcDbText
  0
TEXT
  5
4E4
330
17
100
AcDbEntity
  8
点
100
AcDbText
 10
470116.25
 20
4349712.25
 30
0.0
 40
0.5
  1
0.44
100
AcDbText
  0
TEXT
  5
4E5
330
17
100
AcDbEntity
  8
点
100
AcDbText
 10
470116.25
 20
4349713.25
 30
0.0
 40
0.5
  1
0.44
100
AcDbText
  0
TEXT
  5
4E6
330
17
100
AcDbEntity
  8
点
100
AcDbText
 10
470116.25
 20
4349714.249999999
 30
0.0
 40
0.5
  1
0.88
100
AcDbText
  0
TEXT
  5
4E7
330
17
100
AcDbEntity
  8
点
100
AcDbText
 10
470116.25
 20
4349715.25
 30
0.0
 40
0.5
  1
0.88
100
AcDbText
  0
TEXT
  5
4E8
330
17
100
AcDbEntity
  8
点
100
AcDbText
 10
470116.25
 20
4349716.25
 30
0.0
 40
0.5
  1
0.88
100
AcDbText
  0
TEXT
  5
4E9
330
17
100
AcDbEntity
  8
点
100
AcDbText
 10
470116.25
 20
4349717.25
 30
0.0
 40
0.5
  1
0.88
100
AcDbText
  0
TEXT
  5
4EA
330
17
100
AcDbEntity
  8
点
100
AcDbText
 10
470116.25
 20
4349718.25
 30
0.0
 40
0.5
  1
0.88
100
AcDbText
  0
TEXT
  5
4EB
330
17
100
AcDbEntity
  8
点
100
AcDbText
 10
470116.25
 20
4349719.249999999
 30
0.0
 40
0.5
  1
0.74
100
AcDbText
  0
TEXT
  5
4EC
330
17
100
AcDbEntity
  8
点
100
AcDbText
 10
470116.25
 20
4349720.25
 30
0.0
 40
0.5
  1
0.74
100
AcDbText
  0
TEXT
  5
4ED
330
17
100
AcDbEntity
  8
点
100
AcDbText
 10
470116.25
 20
4349721.249999999
 30
0.0
 40
0.5
  1
0.74
100
AcDbText
  0
TEXT
  5
4EE
330
17
100
AcDbEntity
  8
点
100
AcDbText
 10
470116.25
 20
4349722.25
 30
0.0
 40
0.5
  1
0.74
100
AcDbText
  0
TEXT
  5
4EF
330
17
100
AcDbEntity
  8
点
100
AcDbText
 10
470116.25
 20
4349723.25
 30
0.0
 40
0.5
  1
0.74
100
AcDbText
  0
TEXT
  5
4F0
330
17
100
AcDbEntity
  8
点
100
AcDbText
 10
470116.25
 20
4349724.25
 30
0.0
 40
0.5
  1
0.74
100
AcDbText
  0
TEXT
  5
4F1
330
17
100
AcDbEntity
  8
点
100
AcDbText
 10
470116.25
 20
4349725.25
 30
0.0
 40
0.5
  1
0.74
100
AcDbText
  0
TEXT
  5
4F2
330
17
100
AcDbEntity
  8
点
100
AcDbText
 10
470116.25
 20
4349726.249999999
 30
0.0
 40
0.5
  1
0.74
100
AcDbText
  0
TEXT
  5
4F3
330
17
100
AcDbEntity
  8
点
100
AcDbText
 10
470116.25
 20
4349727.249999999
 30
0.0
 40
0.5
  1
0.72
100
AcDbText
  0
TEXT
  5
4F4
330
17
100
AcDbEntity
  8
点
100
AcDbText
 10
470116.25
 20
4349728.25
 30
0.0
 40
0.5
  1
0.72
100
AcDbText
  0
TEXT
  5
4F5
330
17
100
AcDbEntity
  8
点
100
AcDbText
 10
470116.25
 20
4349729.25
 30
0.0
 40
0.5
  1
0.72
100
AcDbText
  0
TEXT
  5
4F6
330
17
100
AcDbEntity
  8
点
100
AcDbText
 10
470116.25
 20
4349730.25
 30
0.0
 40
0.5
  1
0.72
100
AcDbText
  0
TEXT
  5
4F7
330
17
100
AcDbEntity
  8
点
100
AcDbText
 10
470116.25
 20
4349731.25
 30
0.0
 40
0.5
  1
0.72
100
AcDbText
  0
TEXT
  5
4F8
330
17
100
AcDbEntity
  8
点
100
AcDbText
 10
470116.25
 20
4349732.25
 30
0.0
 40
0.5
  1
0.72
100
AcDbText
  0
TEXT
  5
4F9
330
17
100
AcDbEntity
  8
点
100
AcDbText
 10
470117.2500000001
 20
4349713.25
 30
0.0
 40
0.5
  1
0.44
100
AcDbText
  0
TEXT
  5
4FA
330
17
100
AcDbEntity
  8
点
100
AcDbText
 10
470117.2500000001
 20
4349714.249999999
 30
0.0
 40
0.5
  1
0.88
100
AcDbText
  0
TEXT
  5
4FB
330
17
100
AcDbEntity
  8
点
100
AcDbText
 10
470117.2500000001
 20
4349715.25
 30
0.0
 40
0.5
  1
0.88
100
AcDbText
  0
TEXT
  5
4FC
330
17
100
AcDbEntity
  8
点
100
AcDbText
 10
470117.2500000001
 20
4349716.25
 30
0.0
 40
0.5
  1
0.88
100
AcDbText
  0
TEXT
  5
4FD
330
17
100
AcDbEntity
  8
点
100
AcDbText
 10
470117.2500000001
 20
4349717.25
 30
0.0
 40
0.5
  1
0.88
100
AcDbText
  0
TEXT
  5
4FE
330
17
100
AcDbEntity
  8
点
100
AcDbText
 10
470117.2500000001
 20
4349718.25
 30
0.0
 40
0.5
  1
0.88
100
AcDbText
  0
TEXT
  5
4FF
330
17
100
AcDbEntity
  8
点
100
AcDbText
 10
470117.2500000001
 20
4349719.249999999
 30
0.0
 40
0.5
  1
0.74
100
AcDbText
  0
TEXT
  5
500
330
17
100
AcDbEntity
  8
点
100
AcDbText
 10
470117.2500000001
 20
4349720.25
 30
0.0
 40
0.5
  1
0.74
100
AcDbText
  0
TEXT
  5
501
330
17
100
AcDbEntity
  8
点
100
AcDbText
 10
470117.2500000001
 20
4349721.249999999
 30
0.0
 40
0.5
  1
0.74
100
AcDbText
  0
TEXT
  5
502
330
17
100
AcDbEntity
  8
点
100
AcDbText
 10
470117.2500000001
 20
4349722.25
 30
0.0
 40
0.5
  1
0.74
100
AcDbText
  0
TEXT
  5
503
330
17
100
AcDbEntity
  8
点
100
AcDbText
 10
470117.2500000001
 20
4349723.25
 30
0.0
 40
0.5
  1
0.74
100
AcDbText
  0
TEXT
  5
504
330
17
100
AcDbEntity
  8
点
100
AcDbText
 10
470117.2500000001
 20
4349724.25
 30
0.0
 40
0.5
  1
0.74
100
AcDbText
  0
TEXT
  5
505
330
17
100
AcDbEntity
  8
点
100
AcDbText
 10
470117.2500000001
 20
4349725.25
 30
0.0
 40
0.5
  1
0.74
100
AcDbText
  0
TEXT
  5
506
330
17
100
AcDbEntity
  8
点
100
AcDbText
 10
470117.2500000001
 20
4349726.249999999
 30
0.0
 40
0.5
  1
0.72
100
AcDbText
  0
TEXT
  5
507
330
17
100
AcDbEntity
  8
点
100
AcDbText
 10
470117.2500000001
 20
4349727.249999999
 30
0.0
 40
0.5
  1
0.72
100
AcDbText
  0
TEXT
  5
508
330
17
100
AcDbEntity
  8
点
100
AcDbText
 10
470117.2500000001
 20
4349728.25
 30
0.0
 40
0.5
  1
0.72
100
AcDbText
  0
TEXT
  5
509
330
17
100
AcDbEntity
  8
点
100
AcDbText
 10
470117.2500000001
 20
4349729.25
 30
0.0
 40
0.5
  1
0.72
100
AcDbText
  0
TEXT
  5
50A
330
17
100
AcDbEntity
  8
点
100
AcDbText
 10
470117.2500000001
 20
4349730.25
 30
0.0
 40
0.5
  1
0.72
100
AcDbText
  0
TEXT
  5
50B
330
17
100
AcDbEntity
  8
点
100
AcDbText
 10
470117.2500000001
 20
4349731.25
 30
0.0
 40
0.5
  1
0.72
100
AcDbText
  0
TEXT
  5
50C
330
17
100
AcDbEntity
  8
点
100
AcDbText
 10
470117.2500000001
 20
4349732.25
 30
0.0
 40
0.5
  1
0.72
100
AcDbText
  0
TEXT
  5
50D
330
17
100
AcDbEntity
  8
点
100
AcDbText
 10
470118.25
 20
4349717.25
 30
0.0
 40
0.5
  1
0.88
100
AcDbText
  0
TEXT
  5
50E
330
17
100
AcDbEntity
  8
点
100
AcDbText
 10
470118.25
 20
4349718.25
 30
0.0
 40
0.5
  1
0.88
100
AcDbText
  0
TEXT
  5
50F
330
17
100
AcDbEntity
  8
点
100
AcDbText
 10
470118.25
 20
4349719.249999999
 30
0.0
 40
0.5
  1
0.74
100
AcDbText
  0
TEXT
  5
510
330
17
100
AcDbEntity
  8
点
100
AcDbText
 10
470118.25
 20
4349720.25
 30
0.0
 40
0.5
  1
0.74
100
AcDbText
  0
TEXT
  5
511
330
17
100
AcDbEntity
  8
点
100
AcDbText
 10
470118.25
 20
4349721.249999999
 30
0.0
 40
0.5
  1
0.74
100
AcDbText
  0
TEXT
  5
512
330
17
100
AcDbEntity
  8
点
100
AcDbText
 10
470118.25
 20
4349722.25
 30
0.0
 40
0.5
  1
0.74
100
AcDbText
  0
TEXT
  5
513
330
17
100
AcDbEntity
  8
点
100
AcDbText
 10
470118.25
 20
4349723.25
 30
0.0
 40
0.5
  1
0.74
100
AcDbText
  0
TEXT
  5
514
330
17
100
AcDbEntity
  8
点
100
AcDbText
 10
470118.25
 20
4349724.25
 30
0.0
 40
0.5
  1
0.74
100
AcDbText
  0
TEXT
  5
515
330
17
100
AcDbEntity
  8
点
100
AcDbText
 10
470118.25
 20
4349725.25
 30
0.0
 40
0.5
  1
0.72
100
AcDbText
  0
TEXT
  5
516
330
17
100
AcDbEntity
  8
点
100
AcDbText
 10
470118.25
 20
4349726.249999999
 30
0.0
 40
0.5
  1
0.72
100
AcDbText
  0
TEXT
  5
517
330
17
100
AcDbEntity
  8
点
100
AcDbText
 10
470118.25
 20
4349727.249999999
 30
0.0
 40
0.5
  1
0.72
100
AcDbText
  0
TEXT
  5
518
330
17
100
AcDbEntity
  8
点
100
AcDbText
 10
470118.25
 20
4349728.25
 30
0.0
 40
0.5
  1
0.72
100
AcDbText
  0
TEXT
  5
519
330
17
100
AcDbEntity
  8
点
100
AcDbText
 10
470118.25
 20
4349729.25
 30
0.0
 40
0.5
  1
0.72
100
AcDbText
  0
TEXT
  5
51A
330
17
100
AcDbEntity
  8
点
100
AcDbText
 10
470118.25
 20
4349730.25
 30
0.0
 40
0.5
  1
0.72
100
AcDbText
  0
TEXT
  5
51B
330
17
100
AcDbEntity
  8
点
100
AcDbText
 10
470118.25
 20
4349731.25
 30
0.0
 40
0.5
  1
0.72
100
AcDbText
  0
TEXT
  5
51C
330
17
100
AcDbEntity
  8
点
100
AcDbText
 10
470118.25
 20
4349732.25
 30
0.0
 40
0.5
  1
0.72
100
AcDbText
  0
TEXT
  5
51D
330
17
100
AcDbEntity
  8
点
100
AcDbText
 10
470118.25
 20
4349733.25
 30
0.0
 40
0.5
  1
0.72
100
AcDbText
  0
TEXT
  5
51E
330
17
100
AcDbEntity
  8
点
100
AcDbText
 10
470119.25
 20
4349720.25
 30
0.0
 40
0.5
  1
0.74
100
AcDbText
  0
TEXT
  5
51F
330
17
100
AcDbEntity
  8
点
100
AcDbText
 10
470119.25
 20
4349721.249999999
 30
0.0
 40
0.5
  1
0.74
100
AcDbText
  0
TEXT
  5
520
330
17
100
AcDbEntity
  8
点
100
AcDbText
 10
470119.25
 20
4349722.25
 30
0.0
 40
0.5
  1
0.74
100
AcDbText
  0
TEXT
  5
521
330
17
100
AcDbEntity
  8
点
100
AcDbText
 10
470119.25
 20
4349723.25
 30
0.0
 40
0.5
  1
0.74
100
AcDbText
  0
TEXT
  5
522
330
17
100
AcDbEntity
  8
点
100
AcDbText
 10
470119.25
 20
4349724.25
 30
0.0
 40
0.5
  1
0.72
100
AcDbText
  0
TEXT
  5
523
330
17
100
AcDbEntity
  8
点
100
AcDbText
 10
470119.25
 20
4349725.25
 30
0.0
 40
0.5
  1
0.72
100
AcDbText
  0
TEXT
  5
524
330
17
100
AcDbEntity
  8
点
100
AcDbText
 10
470119.25
 20
4349726.249999999
 30
0.0
 40
0.5
  1
0.72
100
AcDbText
  0
TEXT
  5
525
330
17
100
AcDbEntity
  8
点
100
AcDbText
 10
470119.25
 20
4349727.249999999
 30
0.0
 40
0.5
  1
0.72
100
AcDbText
  0
TEXT
  5
526
330
17
100
AcDbEntity
  8
点
100
AcDbText
 10
470119.25
 20
4349728.25
 30
0.0
 40
0.5
  1
0.72
100
AcDbText
  0
TEXT
  5
527
330
17
100
AcDbEntity
  8
点
100
AcDbText
 10
470119.25
 20
4349729.25
 30
0.0
 40
0.5
  1
0.72
100
AcDbText
  0
TEXT
  5
528
330
17
100
AcDbEntity
  8
点
100
AcDbText
 10
470119.25
 20
4349730.25
 30
0.0
 40
0.5
  1
0.72
100
AcDbText
  0
TEXT
  5
529
330
17
100
AcDbEntity
  8
点
100
AcDbText
 10
470119.25
 20
4349731.25
 30
0.0
 40
0.5
  1
0.72
100
AcDbText
  0
TEXT
  5
52A
330
17
100
AcDbEntity
  8
点
100
AcDbText
 10
470119.25
 20
4349732.25
 30
0.0
 40
0.5
  1
0.72
100
AcDbText
  0
TEXT
  5
52B
330
17
100
AcDbEntity
  8
点
100
AcDbText
 10
470119.25
 20
4349733.25
 30
0.0
 40
0.5
  1
0.72
100
AcDbText
  0
TEXT
  5
52C
330
17
100
AcDbEntity
  8
点
100
AcDbText
 10
470120.2499999999
 20
4349723.25
 30
0.0
 40
0.5
  1
0.74
100
AcDbText
  0
TEXT
  5
52D
330
17
100
AcDbEntity
  8
点
100
AcDbText
 10
470120.2499999999
 20
4349724.25
 30
0.0
 40
0.5
  1
0.72
100
AcDbText
  0
TEXT
  5
52E
330
17
100
AcDbEntity
  8
点
100
AcDbText
 10
470120.2499999999
 20
4349725.25
 30
0.0
 40
0.5
  1
0.72
100
AcDbText
  0
TEXT
  5
52F
330
17
100
AcDbEntity
  8
点
100
AcDbText
 10
470120.2499999999
 20
4349726.249999999
 30
0.0
 40
0.5
  1
0.72
100
AcDbText
  0
TEXT
  5
530
330
17
100
AcDbEntity
  8
点
100
AcDbText
 10
470120.2499999999
 20
4349727.249999999
 30
0.0
 40
0.5
  1
0.72
100
AcDbText
  0
TEXT
  5
531
330
17
100
AcDbEntity
  8
点
100
AcDbText
 10
470120.2499999999
 20
4349728.25
 30
0.0
 40
0.5
  1
0.72
100
AcDbText
  0
TEXT
  5
532
330
17
100
AcDbEntity
  8
点
100
AcDbText
 10
470120.2499999999
 20
4349729.25
 30
0.0
 40
0.5
  1
0.72
100
AcDbText
  0
TEXT
  5
533
330
17
100
AcDbEntity
  8
点
100
AcDbText
 10
470120.2499999999
 20
4349730.25
 30
0.0
 40
0.5
  1
0.72
100
AcDbText
  0
TEXT
  5
534
330
17
100
AcDbEntity
  8
点
100
AcDbText
 10
470120.2499999999
 20
4349731.25
 30
0.0
 40
0.5
  1
0.72
100
AcDbText
  0
TEXT
  5
535
330
17
100
AcDbEntity
  8
点
100
AcDbText
 10
470120.2499999999
 20
4349732.25
 30
0.0
 40
0.5
  1
0.72
100
AcDbText
  0
TEXT
  5
536
330
17
100
AcDbEntity
  8
点
100
AcDbText
 10
470120.2499999999
 20
4349733.25
 30
0.0
 40
0.5
  1
0.72
100
AcDbText
  0
TEXT
  5
537
330
17
100
AcDbEntity
  8
点
100
AcDbText
 10
470121.25
 20
4349727.249999999
 30
0.0
 40
0.5
  1
0.72
100
AcDbText
  0
TEXT
  5
538
330
17
100
AcDbEntity
  8
点
100
AcDbText
 10
470121.25
 20
4349728.25
 30
0.0
 40
0.5
  1
0.72
100
AcDbText
  0
TEXT
  5
539
330
17
100
AcDbEntity
  8
点
100
AcDbText
 10
470121.25
 20
4349729.25
 30
0.0
 40
0.5
  1
0.72
100
AcDbText
  0
TEXT
  5
53A
330
17
100
AcDbEntity
  8
点
100
AcDbText
 10
470121.25
 20
4349730.25
 30
0.0
 40
0.5
  1
0.72
100
AcDbText
  0
TEXT
  5
53B
330
17
100
AcDbEntity
  8
点
100
AcDbText
 10
470121.25
 20
4349731.25
 30
0.0
 40
0.5
  1
0.72
100
AcDbText
  0
TEXT
  5
53C
330
17
100
AcDbEntity
  8
点
100
AcDbText
 10
470121.25
 20
4349732.25
 30
0.0
 40
0.5
  1
0.72
100
AcDbText
  0
TEXT
  5
53D
330
17
100
AcDbEntity
  8
点
100
AcDbText
 10
470121.25
 20
4349733.25
 30
0.0
 40
0.5
  1
0.72
100
AcDbText
  0
TEXT
  5
53E
330
17
100
AcDbEntity
  8
点
100
AcDbText
 10
470122.25
 20
4349730.25
 30
0.0
 40
0.5
  1
0.72
100
AcDbText
  0
TEXT
  5
53F
330
17
100
AcDbEntity
  8
点
100
AcDbText
 10
470122.25
 20
4349731.25
 30
0.0
 40
0.5
  1
0.72
100
AcDbText
  0
LWPOLYLINE
  5
540
330
17
100
AcDbEntity
  8
1.500-3.000
370
    40
100
AcDbPolyline
 90
       51
 70
     1
 43
0.0
 10
470089.243145109
 20
4349649.727441547
 10
470089.0060563866
 20
4349649.556029756
 10
470088.7533987006
 20
4349649.40852668
 10
470088.4875749117
 20
4349649.28633512
 10
470088.2111130946
 20
4349649.190617161
 10
470087.9266424953
 20
4349649.122283113
 10
470087.636868526
 20
4349649.081982857
 10
470087.3445470358
 20
4349649.07009966
 10
470087.0524581015
 20
4349649.086746537
 10
470086.7633795886
 20
4349649.13176517
 10
470086.4800607319
 20
4349649.204727417
 10
470086.2051959903
 20
4349649.30493938
 10
470085.9413994211
 20
4349649.431448013
 10
470085.6911798193
 20
4349649.583050173
 10
470085.4569168586
 20
4349649.758304074
 10
470085.2408384597
 20
4349649.955542987
 10
470085.0449996015
 20
4349650.172891109
 10
470084.8712627784
 20
4349650.40828138
 10
470084.7212802864
 20
4349650.659475163
 10
470084.5964785103
 20
4349650.924083515
 10
470084.4980443576
 20
4349651.199589924
 10
470084.4269139703
 20
4349651.483374231
 10
470084.3837638227
 20
4349651.772737547
 10
470084.3690042877
 20
4349652.06492793
 10
470084.3827757331
 20
4349652.35716655
 10
470084.4249471879
 20
4349652.646674119
 10
470084.4951175873
 20
4349652.930697321
 10
470085.7063033374
 20
4349656.974866324
 10
470087.7589213536
 20
4349663.828591411
 10
470090.8374754747
 20
4349662.952583649
 10
470095.7972466163
 20
4349665.391547016
 10
470094.540849974
 20
4349669.234445546
 10
470097.8001144993
 20
4349671.997371839
 10
470095.5763202208
 20
4349676.247862697
 10
470098.7915192861
 20
4349678.362692751
 10
470103.7256132605
 20
4349674.604568209
 10
470102.4502457856
 20
4349671.275450967
 10
470100.8574616404
 20
4349667.117774636
 10
470100.7549122947
 20
4349666.881086863
 10
470100.6324097494
 20
4349666.654083344
 10
470098.8079097494
 20
4349663.595583344
 10
470096.9834097494
 20
4349660.537083345
 10
470096.9788100703
 20
4349660.529398769
 10
470095.24581007
 20
4349657.643898768
 10
470093.5128100702
 20
4349654.758398768
 10
470093.3810978265
 20
4349654.557742828
 10
470093.2337659951
 20
4349654.368258651
 10
470091.447765995
 20
4349652.25175865
 10
470089.6617659952
 20
4349650.13525865
 10
470089.4624100732
 20
4349649.921131864
 10
470089.243145109
 20
4349649.727441547
  0
LWPOLYLINE
  5
541
330
17
100
AcDbEntity
  8
1.500-3.000
370
    40
100
AcDbPolyline
 90
       18
 70
     1
 43
0.0
 10
470103.8638751609
 20
4349717.603295245
 10
470105.8825442941
 20
4349724.343664456
 10
470106.9011175873
 20
4349727.74469732
 10
470106.9979452364
 20
4349728.018886267
 10
470107.1208633682
 20
4349728.282412936
 10
470107.2687171643
 20
4349728.532801488
 10
470107.4401175357
 20
4349728.767699517
 10
470107.6334541724
 20
4349728.984900155
 10
470107.8469106731
 20
4349729.182362796
 10
470108.07848161
 20
4349729.358232274
 10
470108.3259913696
 20
4349729.510856293
 10
470108.587114593
 20
4349729.638800947
 10
470113.576614593
 20
4349731.790300948
 10
470115.3947083438
 20
4349727.573996616
 10
470109.4633504074
 20
4349723.278644713
 10
470111.3856567989
 20
4349719.01879421
 10
470109.3244010315
 20
4349716.732567613
 10
470103.8638751609
 20
4349717.603295245
  0
LWPOLYLINE
  5
542
330
17
100
AcDbEntity
  8
0.500-1.000
370
    40
100
AcDbPolyline
 90
       55
 70
     1
 43
0.0
 10
470093.8251364292
 20
4349684.083782638
 10
470097.0474503276
 20
4349694.843141381
 10
470101.1216060481
 20
4349708.446813884
 10
470103.8638751609
 20
4349717.603295245
 10
470109.3244010315
 20
4349716.732567613
 10
470111.3856567989
 20
4349719.01879421
 10
470109.4633504074
 20
4349723.278644713
 10
470115.3947083438
 20
4349727.573996616
 10
470113.576614593
 20
4349731.790300948
 10
470118.5661145929
 20
4349733.941800947
 10
470118.843740202
 20
4349734.045570814
 10
470119.1302503677
 20
4349734.121439706
 10
470119.4228486185
 20
4349734.168667111
 10
470119.71867906
 20
4349734.186792063
 10
470120.0148542501
 20
4349734.175637659
 10
470120.3084833822
 20
4349734.135312767
 10
470120.5967004997
 20
4349734.066210979
 10
470120.8766924707
 20
4349733.969006761
 10
470121.1457264436
 20
4349733.844648867
 10
470121.4011765226
 20
4349733.694351093
 10
470121.6405493966
 20
4349733.519580411
 10
470121.8615086756
 20
4349733.322042665
 10
470122.0618976948
 20
4349733.103665915
 10
470122.2397605647
 20
4349732.866581619
 10
470122.3933612616
 20
4349732.613103828
 10
470122.5212005713
 20
4349732.345706605
 10
470122.6220307232
 20
4349732.06699987
 10
470122.6948675681
 20
4349731.779703928
 10
470122.7390001849
 20
4349731.486622922
 10
470122.753997819
 20
4349731.190617458
 10
470122.7397140864
 20
4349730.894576685
 10
470122.6962884027
 20
4349730.601390099
 10
470122.624144623
 20
4349730.313919337
 10
470120.5709485821
 20
4349723.564291461
 10
470119.1335043954
 20
4349718.838871599
 10
470116.3350396626
 20
4349709.639265134
 10
470114.544144623
 20
4349703.751919339
 10
470114.4916235451
 20
4349703.594952642
 10
470112.3676710682
 20
4349697.785027044
 10
470110.9112146069
 20
4349693.800990786
 10
470109.2652560864
 20
4349689.298584707
 10
470107.4046235451
 20
4349684.208952643
 10
470107.3884616404
 20
4349684.165774638
 10
470106.0376466336
 20
4349680.639715193
 10
470103.7256132605
 20
4349674.604568209
 10
470098.7915192861
 20
4349678.362692751
 10
470095.5763202208
 20
4349676.247862697
 10
470097.8001144993
 20
4349671.997371839
 10
470094.540849974
 20
4349669.234445546
 10
470095.7972466163
 20
4349665.391547016
 10
470090.8374754747
 20
4349662.952583649
 10
470087.7589213536
 20
4349663.828591411
 10
470089.7632836357
 20
4349670.521189811
 10
470091.8436261875
 20
4349677.467487574
 10
470093.8251364292
 20
4349684.083782638
  0
CIRCLE
  5
543
330
17
100
AcDbEntity
  8
钻孔
100
AcDbCircle
 10
470087.369
 20
4349652.070000001
 30
0.0
 40
1.0
  0
HATCH
  5
544
330
17
100
AcDbEntity
  8
钻孔
 62
     7
100
AcDbHatch
 10
0.0
 20
0.0
 30
0.0
210
0.0
220
0.0
230
1.0
  2
SOLID
 70
     0
 71
     0
 91
        1
 92
        3
 72
     0
 73
     1
 93
       24
 10
470088.369
 20
4349652.070000001
 10
470088.3319172874
 20
4349652.339796771
 10
470088.2234194046
 20
4349652.58958395
 10
470088.0515531433
 20
4349652.800835963
 10
470087.8290650377
 20
4349652.957885218
 10
470087.572456013
 20
4349653.049084088
 10
470087.3007575865
 20
4349653.067668769
 10
470087.0341203879
 20
4349653.012260922
 10
470086.7923196779
 20
4349652.886969892
 10
470086.5932887093
 20
4349652.701087943
 10
470086.4517886985
 20
4349652.46840109
 10
470086.3783140539
 20
4349652.206166648
 10
470086.3783140539
 20
4349651.933833351
 10
470086.4517886985
 20
4349651.67159891
 10
470086.5932887093
 20
4349651.438912056
 10
470086.7923196779
 20
4349651.253030106
 10
470087.0341203879
 20
4349651.127739078
 10
470087.3007575865
 20
4349651.072331231
 10
470087.572456013
 20
4349651.090915912
 10
470087.8290650377
 20
4349651.182114782
 10
470088.0515531433
 20
4349651.339164037
 10
470088.2234194046
 20
4349651.55041605
 10
470088.3319172874
 20
4349651.800203228
 10
470088.369
 20
4349652.070000001
 97
        0
 75
     1
 76
     1
 52
0.0
 41
1.0
 77
     0
 78
     1
 53
45.0
 43
0.0
 44
0.0
 45
-0.0883883476
 46
0.0883883476
 79
     0
 98
        0
  0
TEXT
  5
545
330
17
100
AcDbEntity
  8
钻孔
100
AcDbText
 10
470088.969
 20
4349653.67
 30
0.0
 40
0.8
  1
P1 1.42
100
AcDbText
  0
CIRCLE
  5
546
330
17
100
AcDbEntity
  8
钻孔
100
AcDbCircle
 10
470090.941
 20
4349656.303
 30
0.0
 40
1.0
  0
HATCH
  5
547
330
17
100
AcDbEntity
  8
钻孔
 62
     7
100
AcDbHatch
 10
0.0
 20
0.0
 30
0.0
210
0.0
220
0.0
230
1.0
  2
SOLID
 70
     0
 71
     0
 91
        1
 92
        3
 72
     0
 73
     1
 93
       24
 10
470091.941
 20
4349656.303
 10
470091.9039172874
 20
4349656.572796771
 10
470091.7954194046
 20
4349656.82258395
 10
470091.6235531432
 20
4349657.033835963
 10
470091.4010650378
 20
4349657.190885219
 10
470091.1444560129
 20
4349657.282084088
 10
470090.8727575865
 20
4349657.300668769
 10
470090.6061203879
 20
4349657.245260922
 10
470090.3643196778
 20
4349657.119969893
 10
470090.1652887092
 20
4349656.934087943
 10
470090.0237886986
 20
4349656.70140109
 10
470089.9503140539
 20
4349656.439166649
 10
470089.9503140539
 20
4349656.166833351
 10
470090.0237886986
 20
4349655.90459891
 10
470090.1652887092
 20
4349655.671912056
 10
470090.3643196778
 20
4349655.486030107
 10
470090.6061203879
 20
4349655.360739078
 10
470090.8727575865
 20
4349655.305331231
 10
470091.1444560129
 20
4349655.323915913
 10
470091.4010650378
 20
4349655.415114781
 10
470091.6235531432
 20
4349655.572164037
 10
470091.7954194046
 20
4349655.78341605
 10
470091.9039172874
 20
4349656.033203229
 10
470091.941
 20
4349656.303
 97
        0
 75
     1
 76
     1
 52
0.0
 41
1.0
 77
     0
 78
     1
 53
45.0
 43
0.0
 44
0.0
 45
-0.0883883476
 46
0.0883883476
 79
     0
 98
        0
  0
TEXT
  5
548
330
17
100
AcDbEntity
  8
钻孔
100
AcDbText
 10
470092.541
 20
4349657.903
 30
0.0
 40
0.8
  1
P2 1.91
100
AcDbText
  0
CIRCLE
  5
549
330
17
100
AcDbEntity
  8
钻孔
100
AcDbCircle
 10
470090.328
 20
4349659.311999999
 30
0.0
 40
1.0
  0
HATCH
  5
54A
330
17
100
AcDbEntity
  8
钻孔
 62
     7
100
AcDbHatch
 10
0.0
 20
0.0
 30
0.0
210
0.0
220
0.0
230
1.0
  2
SOLID
 70
     0
 71
     0
 91
        1
 92
        3
 72
     0
 73
     1
 93
       24
 10
470091.328
 20
4349659.311999999
 10
470091.2909172874
 20
4349659.58179677
 10
470091.1824194045
 20
4349659.83158395
 10
470091.0105531432
 20
4349660.042835964
 10
470090.7880650378
 20
4349660.199885218
 10
470090.531456013
 20
4349660.291084086
 10
470090.2597575866
 20
4349660.309668769
 10
470089.9931203879
 20
4349660.254260921
 10
470089.7513196777
 20
4349660.128969893
 10
470089.5522887093
 20
4349659.943087943
 10
470089.4107886985
 20
4349659.71040109
 10
470089.337314054
 20
4349659.448166648
 10
470089.337314054
 20
4349659.175833351
 10
470089.4107886985
 20
4349658.91359891
 10
470089.5522887093
 20
4349658.680912056
 10
470089.7513196777
 20
4349658.495030107
 10
470089.9931203879
 20
4349658.369739078
 10
470090.2597575866
 20
4349658.314331231
 10
470090.531456013
 20
4349658.332915911
 10
470090.7880650378
 20
4349658.424114781
 10
470091.0105531432
 20
4349658.581164036
 10
470091.1824194045
 20
4349658.792416049
 10
470091.2909172874
 20
4349659.042203229
 10
470091.328
 20
4349659.311999999
 97
        0
 75
     1
 76
     1
 52
0.0
 41
1.0
 77
     0
 78
     1
 53
45.0
 43
0.0
 44
0.0
 45
-0.0883883476
 46
0.0883883476
 79
     0
 98
        0
  0
TEXT
  5
54B
330
17
100
AcDbEntity
  8
钻孔
100
AcDbText
 10
470091.9279999999
 20
4349660.912
 30
0.0
 40
0.8
  1
P3 3.21
100
AcDbText
  0
CIRCLE
  5
54C
330
17
100
AcDbEntity
  8
钻孔
100
AcDbCircle
 10
470094.4070000001
 20
4349662.074
 30
0.0
 40
1.0
  0
HATCH
  5
54D
330
17
100
AcDbEntity
  8
钻孔
 62
     7
100
AcDbHatch
 10
0.0
 20
0.0
 30
0.0
210
0.0
220
0.0
230
1.0
  2
SOLID
 70
     0
 71
     0
 91
        1
 92
        3
 72
     0
 73
     1
 93
       24
 10
470095.407
 20
4349662.074
 10
470095.3699172874
 20
4349662.343796771
 10
470095.2614194045
 20
4349662.59358395
 10
470095.0895531433
 20
4349662.804835964
 10
470094.8670650377
 20
4349662.961885218
 10
470094.610456013
 20
4349663.053084088
 10
470094.3387575866
 20
4349663.071668768
 10
470094.0721203878
 20
4349663.016260921
 10
470093.8303196779
 20
4349662.890969893
 10
470093.6312887093
 20
4349662.705087943
 10
470093.4897886985
 20
4349662.47240109
 10
470093.416314054
 20
4349662.210166648
 10
470093.416314054
 20
4349661.937833351
 10
470093.4897886985
 20
4349661.67559891
 10
470093.6312887093
 20
4349661.442912056
 10
470093.8303196779
 20
4349661.257030107
 10
470094.0721203878
 20
4349661.131739078
 10
470094.3387575866
 20
4349661.076331231
 10
470094.610456013
 20
4349661.094915912
 10
470094.8670650377
 20
4349661.186114781
 10
470095.0895531433
 20
4349661.343164036
 10
470095.2614194045
 20
4349661.554416051
 10
470095.3699172874
 20
4349661.804203229
 10
470095.407
 20
4349662.074
 97
        0
 75
     1
 76
     1
 52
0.0
 41
1.0
 77
     0
 78
     1
 53
45.0
 43
0.0
 44
0.0
 45
-0.0883883476
 46
0.0883883476
 79
     0
 98
        0
  0
TEXT
  5
54E
330
17
100
AcDbEntity
  8
钻孔
100
AcDbText
 10
470096.007
 20
4349663.673999999
 30
0.0
 40
0.8
  1
P4 1.22
100
AcDbText
  0
CIRCLE
  5
54F
330
17
100
AcDbEntity
  8
钻孔
100
AcDbCircle
 10
470092.321
 20
4349666.316000001
 30
0.0
 40
1.0
  0
HATCH
  5
550
330
17
100
AcDbEntity
  8
钻孔
 62
     7
100
AcDbHatch
 10
0.0
 20
0.0
 30
0.0
210
0.0
220
0.0
230
1.0
  2
SOLID
 70
     0
 71
     0
 91
        1
 92
        3
 72
     0
 73
     1
 93
       24
 10
470093.321
 20
4349666.316000001
 10
470093.2839172874
 20
4349666.585796772
 10
470093.1754194045
 20
4349666.835583948
 10
470093.0035531432
 20
4349667.046835963
 10
470092.7810650377
 20
4349667.203885218
 10
470092.524456013
 20
4349667.295084087
 10
470092.2527575865
 20
4349667.313668769
 10
470091.9861203879
 20
4349667.258260921
 10
470091.7443196779
 20
4349667.132969893
 10
470091.5452887093
 20
4349666.947087944
 10
470091.4037886985
 20
4349666.71440109
 10
470091.330314054
 20
4349666.452166649
 10
470091.330314054
 20
4349666.179833351
 10
470091.4037886985
 20
4349665.91759891
 10
470091.5452887093
 20
4349665.684912056
 10
470091.7443196779
 20
4349665.499030106
 10
470091.9861203879
 20
4349665.373739077
 10
470092.2527575865
 20
4349665.31833123
 10
470092.524456013
 20
4349665.336915911
 10
470092.7810650377
 20
4349665.428114781
 10
470093.0035531432
 20
4349665.585164037
 10
470093.1754194045
 20
4349665.79641605
 10
470093.2839172874
 20
4349666.046203228
 10
470093.321
 20
4349666.316000001
 97
        0
 75
     1
 76
     1
 52
0.0
 41
1.0
 77
     0
 78
     1
 53
45.0
 43
0.0
 44
0.0
 45
-0.0883883476
 46
0.0883883476
 79
     0
 98
        0
  0
TEXT
  5
551
330
17
100
AcDbEntity
  8
钻孔
100
AcDbText
 10
470093.921
 20
4349667.915999998
 30
0.0
 40
0.8
  1
P5 0.91
100
AcDbText
  0
CIRCLE
  5
552
330
17
100
AcDbEntity
  8
钻孔
100
AcDbCircle
 10
470098.056
 20
4349668.191000001
 30
0.0
 40
1.0
  0
HATCH
  5
553
330
17
100
AcDbEntity
  8
钻孔
 62
     7
100
AcDbHatch
 10
0.0
 20
0.0
 30
0.0
210
0.0
220
0.0
230
1.0
  2
SOLID
 70
     0
 71
     0
 91
        1
 92
        3
 72
     0
 73
     1
 93
       24
 10
470099.056
 20
4349668.191000001
 10
470099.0189172874
 20
4349668.460796771
 10
470098.9104194046
 20
4349668.710583948
 10
470098.7385531433
 20
4349668.921835963
 10
470098.5160650378
 20
4349669.078885218
 10
470098.2594560129
 20
4349669.170084087
 10
470097.9877575866
 20
4349669.188668769
 10
470097.7211203879
 20
4349669.133260921
 10
470097.4793196778
 20
4349669.007969893
 10
470097.2802887092
 20
4349668.822087943
 10
470097.1387886985
 20
4349668.58940109
 10
470097.0653140539
 20
4349668.327166648
 10
470097.0653140539
 20
4349668.054833351
 10
470097.1387886985
 20
4349667.79259891
 10
470097.2802887092
 20
4349667.559912056
 10
470097.4793196778
 20
4349667.374030107
 10
470097.7211203879
 20
4349667.248739077
 10
470097.9877575866
 20
4349667.193331231
 10
470098.2594560129
 20
4349667.211915912
 10
470098.5160650378
 20
4349667.303114781
 10
470098.7385531433
 20
4349667.460164036
 10
470098.9104194046
 20
4349667.67141605
 10
470099.0189172874
 20
4349667.921203229
 10
470099.056
 20
4349668.191000001
 97
        0
 75
     1
 76
     1
 52
0.0
 41
1.0
 77
     0
 78
     1
 53
45.0
 43
0.0
 44
0.0
 45
-0.0883883476
 46
0.0883883476
 79
     0
 98
        0
  0
TEXT
  5
554
330
17
100
AcDbEntity
  8
钻孔
100
AcDbText
 10
470099.656
 20
4349669.790999998
 30
0.0
 40
0.8
  1
P6 1.53
100
AcDbText
  0
CIRCLE
  5
555
330
17
100
AcDbEntity
  8
钻孔
100
AcDbCircle
 10
470094.0870000001
 20
4349672.873
 30
0.0
 40
1.0
  0
HATCH
  5
556
330
17
100
AcDbEntity
  8
钻孔
 62
     7
100
AcDbHatch
 10
0.0
 20
0.0
 30
0.0
210
0.0
220
0.0
230
1.0
  2
SOLID
 70
     0
 71
     0
 91
        1
 92
        3
 72
     0
 73
     1
 93
       24
 10
470095.087
 20
4349672.873
 10
470095.0499172875
 20
4349673.142796771
 10
470094.9414194045
 20
4349673.39258395
 10
470094.7695531431
 20
4349673.603835963
 10
470094.5470650377
 20
4349673.760885218
 10
470094.290456013
 20
4349673.852084087
 10
470094.0187575866
 20
4349673.870668769
 10
470093.7521203878
 20
4349673.815260922
 10
470093.5103196779
 20
4349673.689969893
 10
470093.3112887093
 20
4349673.504087943
 10
470093.1697886985
 20
4349673.27140109
 10
470093.096314054
 20
4349673.009166648
 10
470093.096314054
 20
4349672.736833351
 10
470093.1697886985
 20
4349672.47459891
 10
470093.3112887093
 20
4349672.241912056
 10
470093.5103196779
 20
4349672.056030107
 10
470093.7521203878
 20
4349671.930739078
 10
470094.0187575866
 20
4349671.875331231
 10
470094.290456013
 20
4349671.893915912
 10
470094.5470650377
 20
4349671.985114781
 10
470094.7695531431
 20
4349672.142164036
 10
470094.9414194045
 20
4349672.35341605
 10
470095.0499172875
 20
4349672.603203229
 10
470095.087
 20
4349672.873
 97
        0
 75
     1
 76
     1
 52
0.0
 41
1.0
 77
     0
 78
     1
 53
45.0
 43
0.0
 44
0.0
 45
-0.0883883476
 46
0.0883883476
 79
     0
 98
        0
  0
TEXT
  5
557
330
17
100
AcDbEntity
  8
钻孔
100
AcDbText
 10
470095.687
 20
4349674.472999998
 30
0.0
 40
0.8
  1
P7 0.91
100
AcDbText
  0
CIRCLE
  5
558
330
17
100
AcDbEntity
  8
钻孔
100
AcDbCircle
 10
470099.198
 20
4349675.547
 30
0.0
 40
1.0
  0
HATCH
  5
559
330
17
100
AcDbEntity
  8
钻孔
 62
     7
100
AcDbHatch
 10
0.0
 20
0.0
 30
0.0
210
0.0
220
0.0
230
1.0
  2
SOLID
 70
     0
 71
     0
 91
        1
 92
        3
 72
     0
 73
     1
 93
       24
 10
470100.198
 20
4349675.547
 10
470100.1609172874
 20
4349675.816796771
 10
470100.0524194046
 20
4349676.06658395
 10
470099.8805531432
 20
4349676.277835963
 10
470099.6580650378
 20
4349676.434885219
 10
470099.4014560129
 20
4349676.526084087
 10
470099.1297575866
 20
4349676.544668768
 10
470098.8631203879
 20
4349676.489260922
 10
470098.6213196777
 20
4349676.363969893
 10
470098.4222887093
 20
4349676.178087944
 10
470098.2807886985
 20
4349675.94540109
 10
470098.2073140539
 20
4349675.683166649
 10
470098.2073140539
 20
4349675.410833351
 10
470098.2807886985
 20
4349675.14859891
 10
470098.4222887093
 20
4349674.915912056
 10
470098.6213196777
 20
4349674.730030107
 10
470098.8631203879
 20
4349674.604739078
 10
470099.1297575866
 20
4349674.549331231
 10
470099.4014560129
 20
4349674.567915912
 10
470099.6580650378
 20
4349674.659114781
 10
470099.8805531432
 20
4349674.816164036
 10
470100.0524194046
 20
4349675.027416051
 10
470100.1609172874
 20
4349675.277203228
 10
470100.198
 20
4349675.547
 97
        0
 75
     1
 76
     1
 52
0.0
 41
1.0
 77
     0
 78
     1
 53
45.0
 43
0.0
 44
0.0
 45
-0.0883883476
 46
0.0883883476
 79
     0
 98
        0
  0
TEXT
  5
55A
330
17
100
AcDbEntity
  8
钻孔
100
AcDbText
 10
470100.7979999999
 20
4349677.147
 30
0.0
 40
0.8
  1
P8 1.06
100
AcDbText
  0
CIRCLE
  5
55B
330
17
100
AcDbEntity
  8
钻孔
100
AcDbCircle
 10
470101.614
 20
4349678.718999999
 30
0.0
 40
1.0
  0
HATCH
  5
55C
330
17
100
AcDbEntity
  8
钻孔
 62
     7
100
AcDbHatch
 10
0.0
 20
0.0
 30
0.0
210
0.0
220
0.0
230
1.0
  2
SOLID
 70
     0
 71
     0
 91
        1
 92
        3
 72
     0
 73
     1
 93
       24
 10
470102.614
 20
4349678.718999999
 10
470102.5769172875
 20
4349678.988796772
 10
470102.4684194045
 20
4349679.238583948
 10
470102.2965531431
 20
4349679.449835964
 10
470102.0740650377
 20
4349679.606885218
 10
470101.8174560129
 20
4349679.698084087
 10
470101.5457575866
 20
4349679.716668768
 10
470101.2791203879
 20
4349679.661260921
 10
470101.0373196779
 20
4349679.535969892
 10
470100.8382887093
 20
4349679.350087943
 10
470100.6967886985
 20
4349679.117401089
 10
470100.623314054
 20
4349678.855166648
 10
470100.623314054
 20
4349678.582833352
 10
470100.6967886985
 20
4349678.32059891
 10
470100.8382887093
 20
4349678.087912057
 10
470101.0373196779
 20
4349677.902030107
 10
470101.2791203879
 20
4349677.776739079
 10
470101.5457575866
 20
4349677.72133123
 10
470101.8174560129
 20
4349677.739915912
 10
470102.0740650377
 20
4349677.831114781
 10
470102.2965531431
 20
4349677.988164036
 10
470102.4684194045
 20
4349678.199416049
 10
470102.5769172875
 20
4349678.449203229
 10
470102.614
 20
4349678.718999999
 97
        0
 75
     1
 76
     1
 52
0.0
 41
1.0
 77
     0
 78
     1
 53
45.0
 43
0.0
 44
0.0
 45
-0.0883883476
 46
0.0883883476
 79
     0
 98
        0
  0
TEXT
  5
55D
330
17
100
AcDbEntity
  8
钻孔
100
AcDbText
 10
470103.214
 20
4349680.318999999
 30
0.0
 40
0.8
  1
P9 0.73
100
AcDbText
  0
CIRCLE
  5
55E
330
17
100
AcDbEntity
  8
钻孔
100
AcDbCircle
 10
470096.367
 20
4349679.851
 30
0.0
 40
1.0
  0
HATCH
  5
55F
330
17
100
AcDbEntity
  8
钻孔
 62
     7
100
AcDbHatch
 10
0.0
 20
0.0
 30
0.0
210
0.0
220
0.0
230
1.0
  2
SOLID
 70
     0
 71
     0
 91
        1
 92
        3
 72
     0
 73
     1
 93
       24
 10
470097.367
 20
4349679.851
 10
470097.3299172874
 20
4349680.120796771
 10
470097.2214194046
 20
4349680.37058395
 10
470097.0495531432
 20
4349680.581835963
 10
470096.8270650378
 20
4349680.738885219
 10
470096.5704560132
 20
4349680.830084087
 10
470096.2987575867
 20
4349680.848668769
 10
470096.0321203878
 20
4349680.793260922
 10
470095.7903196779
 20
4349680.667969892
 10
470095.5912887093
 20
4349680.482087944
 10
470095.4497886985
 20
4349680.24940109
 10
470095.376314054
 20
4349679.987166648
 10
470095.376314054
 20
4349679.714833351
 10
470095.4497886985
 20
4349679.45259891
 10
470095.5912887093
 20
4349679.219912056
 10
470095.7903196779
 20
4349679.034030107
 10
470096.0321203878
 20
4349678.908739078
 10
470096.2987575867
 20
4349678.853331231
 10
470096.5704560132
 20
4349678.871915912
 10
470096.8270650378
 20
4349678.963114781
 10
470097.0495531432
 20
4349679.120164036
 10
470097.2214194046
 20
4349679.33141605
 10
470097.3299172874
 20
4349679.581203229
 10
470097.367
 20
4349679.851
 97
        0
 75
     1
 76
     1
 52
0.0
 41
1.0
 77
     0
 78
     1
 53
45.0
 43
0.0
 44
0.0
 45
-0.0883883476
 46
0.0883883476
 79
     0
 98
        0
  0
TEXT
  5
560
330
17
100
AcDbEntity
  8
钻孔
100
AcDbText
 10
470097.967
 20
4349681.450999998
 30
0.0
 40
0.8
  1
P10 0.76
100
AcDbText
  0
CIRCLE
  5
561
330
17
100
AcDbEntity
  8
钻孔
100
AcDbCircle
 10
470100.375
 20
4349682.444
 30
0.0
 40
1.0
  0
HATCH
  5
562
330
17
100
AcDbEntity
  8
钻孔
 62
     7
100
AcDbHatch
 10
0.0
 20
0.0
 30
0.0
210
0.0
220
0.0
230
1.0
  2
SOLID
 70
     0
 71
     0
 91
        1
 92
        3
 72
     0
 73
     1
 93
       24
 10
470101.375
 20
4349682.444
 10
470101.3379172874
 20
4349682.713796771
 10
470101.2294194045
 20
4349682.96358395
 10
470101.0575531432
 20
4349683.174835964
 10
470100.8350650377
 20
4349683.331885219
 10
470100.578456013
 20
4349683.423084088
 10
470100.3067575865
 20
4349683.441668768
 10
470100.0401203879
 20
4349683.386260922
 10
470099.7983196779
 20
4349683.260969893
 10
470099.5992887093
 20
4349683.075087944
 10
470099.4577886985
 20
4349682.84240109
 10
470099.384314054
 20
4349682.580166649
 10
470099.384314054
 20
4349682.307833351
 10
470099.4577886985
 20
4349682.04559891
 10
470099.5992887093
 20
4349681.812912057
 10
470099.7983196779
 20
4349681.627030107
 10
470100.0401203879
 20
4349681.501739078
 10
470100.3067575865
 20
4349681.44633123
 10
470100.578456013
 20
4349681.464915914
 10
470100.8350650377
 20
4349681.556114782
 10
470101.0575531432
 20
4349681.713164036
 10
470101.2294194045
 20
4349681.92441605
 10
470101.3379172874
 20
4349682.17420323
 10
470101.375
 20
4349682.444
 97
        0
 75
     1
 76
     1
 52
0.0
 41
1.0
 77
     0
 78
     1
 53
45.0
 43
0.0
 44
0.0
 45
-0.0883883476
 46
0.0883883476
 79
     0
 98
        0
  0
TEXT
  5
563
330
17
100
AcDbEntity
  8
钻孔
100
AcDbText
 10
470101.9749999999
 20
4349684.043999999
 30
0.0
 40
0.8
  1
P11 0.96
100
AcDbText
  0
CIRCLE
  5
564
330
17
100
AcDbEntity
  8
钻孔
100
AcDbCircle
 10
470104.587
 20
4349685.239
 30
0.0
 40
1.0
  0
HATCH
  5
565
330
17
100
AcDbEntity
  8
钻孔
 62
     7
100
AcDbHatch
 10
0.0
 20
0.0
 30
0.0
210
0.0
220
0.0
230
1.0
  2
SOLID
 70
     0
 71
     0
 91
        1
 92
        3
 72
     0
 73
     1
 93
       24
 10
470105.5870000001
 20
4349685.239
 10
470105.5499172874
 20
4349685.508796771
 10
470105.4414194046
 20
4349685.75858395
 10
470105.2695531432
 20
4349685.969835964
 10
470105.0470650377
 20
4349686.126885218
 10
470104.7904560129
 20
4349686.218084088
 10
470104.5187575865
 20
4349686.236668768
 10
470104.252120388
 20
4349686.181260921
 10
470104.0103196779
 20
4349686.055969893
 10
470103.8112887093
 20
4349685.870087944
 10
470103.6697886985
 20
4349685.63740109
 10
470103.5963140539
 20
4349685.375166649
 10
470103.5963140539
 20
4349685.102833351
 10
470103.6697886985
 20
4349684.84059891
 10
470103.8112887093
 20
4349684.607912056
 10
470104.0103196779
 20
4349684.422030107
 10
470104.252120388
 20
4349684.296739078
 10
470104.5187575865
 20
4349684.241331231
 10
470104.7904560129
 20
4349684.259915912
 10
470105.0470650377
 20
4349684.351114781
 10
470105.2695531432
 20
4349684.508164036
 10
470105.4414194046
 20
4349684.719416051
 10
470105.5499172874
 20
4349684.969203229
 10
470105.5870000001
 20
4349685.239
 97
        0
 75
     1
 76
     1
 52
0.0
 41
1.0
 77
     0
 78
     1
 53
45.0
 43
0.0
 44
0.0
 45
-0.0883883476
 46
0.0883883476
 79
     0
 98
        0
  0
TEXT
  5
566
330
17
100
AcDbEntity
  8
钻孔
100
AcDbText
 10
470106.1870000001
 20
4349686.838999999
 30
0.0
 40
0.8
  1
P12 0.83
100
AcDbText
  0
CIRCLE
  5
567
330
17
100
AcDbEntity
  8
钻孔
100
AcDbCircle
 10
470098.132
 20
4349686.497999999
 30
0.0
 40
1.0
  0
HATCH
  5
568
330
17
100
AcDbEntity
  8
钻孔
 62
     7
100
AcDbHatch
 10
0.0
 20
0.0
 30
0.0
210
0.0
220
0.0
230
1.0
  2
SOLID
 70
     0
 71
     0
 91
        1
 92
        3
 72
     0
 73
     1
 93
       24
 10
470099.132
 20
4349686.497999999
 10
470099.0949172874
 20
4349686.767796772
 10
470098.9864194045
 20
4349687.017583949
 10
470098.8145531431
 20
4349687.228835963
 10
470098.5920650377
 20
4349687.385885218
 10
470098.335456013
 20
4349687.477084087
 10
470098.0637575866
 20
4349687.495668769
 10
470097.7971203879
 20
4349687.440260921
 10
470097.5553196778
 20
4349687.314969894
 10
470097.3562887092
 20
4349687.129087944
 10
470097.2147886985
 20
4349686.89640109
 10
470097.1413140539
 20
4349686.634166649
 10
470097.1413140539
 20
4349686.361833351
 10
470097.2147886985
 20
4349686.09959891
 10
470097.3562887092
 20
4349685.866912056
 10
470097.5553196778
 20
4349685.681030106
 10
470097.7971203879
 20
4349685.555739077
 10
470098.0637575866
 20
4349685.50033123
 10
470098.335456013
 20
4349685.518915912
 10
470098.5920650377
 20
4349685.610114781
 10
470098.8145531431
 20
4349685.767164037
 10
470098.9864194045
 20
4349685.97841605
 10
470099.0949172874
 20
4349686.228203228
 10
470099.132
 20
4349686.497999999
 97
        0
 75
     1
 76
     1
 52
0.0
 41
1.0
 77
     0
 78
     1
 53
45.0
 43
0.0
 44
0.0
 45
-0.0883883476
 46
0.0883883476
 79
     0
 98
        0
  0
TEXT
  5
569
330
17
100
AcDbEntity
  8
钻孔
100
AcDbText
 10
470099.732
 20
4349688.097999998
 30
0.0
 40
0.8
  1
P13 0.60
100
AcDbText
  0
CIRCLE
  5
56A
330
17
100
AcDbEntity
  8
钻孔
100
AcDbCircle
 10
470103.082
 20
4349688.933
 30
0.0
 40
1.0
  0
HATCH
  5
56B
330
17
100
AcDbEntity
  8
钻孔
 62
     7
100
AcDbHatch
 10
0.0
 20
0.0
 30
0.0
210
0.0
220
0.0
230
1.0
  2
SOLID
 70
     0
 71
     0
 91
        1
 92
        3
 72
     0
 73
     1
 93
       24
 10
470104.0820000001
 20
4349688.933
 10
470104.0449172874
 20
4349689.202796771
 10
470103.9364194045
 20
4349689.45258395
 10
470103.7645531432
 20
4349689.663835964
 10
470103.5420650376
 20
4349689.820885219
 10
470103.285456013
 20
4349689.912084087
 10
470103.0137575865
 20
4349689.930668768
 10
470102.7471203879
 20
4349689.875260922
 10
470102.5053196778
 20
4349689.749969893
 10
470102.3062887093
 20
4349689.564087944
 10
470102.1647886985
 20
4349689.33140109
 10
470102.091314054
 20
4349689.069166649
 10
470102.091314054
 20
4349688.796833351
 10
470102.1647886985
 20
4349688.53459891
 10
470102.3062887093
 20
4349688.301912056
 10
470102.5053196778
 20
4349688.116030107
 10
470102.7471203879
 20
4349687.990739078
 10
470103.0137575865
 20
4349687.935331231
 10
470103.285456013
 20
4349687.953915913
 10
470103.5420650376
 20
4349688.045114781
 10
470103.7645531432
 20
4349688.202164036
 10
470103.9364194045
 20
4349688.413416051
 10
470104.0449172874
 20
4349688.663203229
 10
470104.0820000001
 20
4349688.933
 97
        0
 75
     1
 76
     1
 52
0.0
 41
1.0
 77
     0
 78
     1
 53
45.0
 43
0.0
 44
0.0
 45
-0.0883883476
 46
0.0883883476
 79
     0
 98
        0
  0
TEXT
  5
56C
330
17
100
AcDbEntity
  8
钻孔
100
AcDbText
 10
470104.6820000001
 20
4349690.532999999
 30
0.0
 40
0.8
  1
P14 0.84
100
AcDbText
  0
CIRCLE
  5
56D
330
17
100
AcDbEntity
  8
钻孔
100
AcDbCircle
 10
470108.6110000001
 20
4349690.621999999
 30
0.0
 40
1.0
  0
HATCH
  5
56E
330
17
100
AcDbEntity
  8
钻孔
 62
     7
100
AcDbHatch
 10
0.0
 20
0.0
 30
0.0
210
0.0
220
0.0
230
1.0
  2
SOLID
 70
     0
 71
     0
 91
        1
 92
        3
 72
     0
 73
     1
 93
       24
 10
470109.611
 20
4349690.621999999
 10
470109.5739172874
 20
4349690.891796771
 10
470109.4654194045
 20
4349691.14158395
 10
470109.2935531432
 20
4349691.352835963
 10
470109.0710650378
 20
4349691.509885219
 10
470108.814456013
 20
4349691.601084088
 10
470108.5427575866
 20
4349691.619668769
 10
470108.2761203879
 20
4349691.564260921
 10
470108.0343196777
 20
4349691.438969893
 10
470107.8352887093
 20
4349691.253087944
 10
470107.6937886985
 20
4349691.02040109
 10
470107.620314054
 20
4349690.758166649
 10
470107.620314054
 20
4349690.485833352
 10
470107.6937886985
 20
4349690.223598911
 10
470107.8352887093
 20
4349689.990912056
 10
470108.0343196777
 20
4349689.805030108
 10
470108.2761203879
 20
4349689.679739079
 10
470108.5427575866
 20
4349689.624331231
 10
470108.814456013
 20
4349689.642915913
 10
470109.0710650378
 20
4349689.734114781
 10
470109.2935531432
 20
4349689.891164037
 10
470109.4654194045
 20
4349690.102416052
 10
470109.5739172874
 20
4349690.352203229
 10
470109.611
 20
4349690.621999999
 97
        0
 75
     1
 76
     1
 52
0.0
 41
1.0
 77
     0
 78
     1
 53
45.0
 43
0.0
 44
0.0
 45
-0.0883883476
 46
0.0883883476
 79
     0
 98
        0
  0
TEXT
  5
56F
330
17
100
AcDbEntity
  8
钻孔
100
AcDbText
 10
470110.2109999999
 20
4349692.222
 30
0.0
 40
0.8
  1
P15 0.44
100
AcDbText
  0
CIRCLE
  5
570
330
17
100
AcDbEntity
  8
钻孔
100
AcDbCircle
 10
470099.951
 20
4349692.584
 30
0.0
 40
1.0
  0
HATCH
  5
571
330
17
100
AcDbEntity
  8
钻孔
 62
     7
100
AcDbHatch
 10
0.0
 20
0.0
 30
0.0
210
0.0
220
0.0
230
1.0
  2
SOLID
 70
     0
 71
     0
 91
        1
 92
        3
 72
     0
 73
     1
 93
       24
 10
470100.951
 20
4349692.584
 10
470100.9139172874
 20
4349692.853796771
 10
470100.8054194045
 20
4349693.103583949
 10
470100.6335531432
 20
4349693.314835964
 10
470100.4110650377
 20
4349693.471885218
 10
470100.154456013
 20
4349693.563084087
 10
470099.8827575865
 20
4349693.581668769
 10
470099.6161203879
 20
4349693.526260922
 10
470099.3743196779
 20
4349693.400969893
 10
470099.1752887093
 20
4349693.215087944
 10
470099.0337886985
 20
4349692.982401089
 10
470098.960314054
 20
4349692.720166649
 10
470098.960314054
 20
4349692.44783335
 10
470099.0337886985
 20
4349692.18559891
 10
470099.1752887093
 20
4349691.952912055
 10
470099.3743196779
 20
4349691.767030106
 10
470099.6161203879
 20
4349691.641739077
 10
470099.8827575865
 20
4349691.586331231
 10
470100.154456013
 20
4349691.604915912
 10
470100.4110650377
 20
4349691.696114781
 10
470100.6335531432
 20
4349691.853164036
 10
470100.8054194045
 20
4349692.06441605
 10
470100.9139172874
 20
4349692.314203228
 10
470100.951
 20
4349692.584
 97
        0
 75
     1
 76
     1
 52
0.0
 41
1.0
 77
     0
 78
     1
 53
45.0
 43
0.0
 44
0.0
 45
-0.0883883476
 46
0.0883883476
 79
     0
 98
        0
  0
TEXT
  5
572
330
17
100
AcDbEntity
  8
钻孔
100
AcDbText
 10
470101.551
 20
4349694.183999998
 30
0.0
 40
0.8
  1
P16 0.48
100
AcDbText
  0
CIRCLE
  5
573
330
17
100
AcDbEntity
  8
钻孔
100
AcDbCircle
 10
470104.844
 20
4349696.018
 30
0.0
 40
1.0
  0
HATCH
  5
574
330
17
100
AcDbEntity
  8
钻孔
 62
     7
100
AcDbHatch
 10
0.0
 20
0.0
 30
0.0
210
0.0
220
0.0
230
1.0
  2
SOLID
 70
     0
 71
     0
 91
        1
 92
        3
 72
     0
 73
     1
 93
       24
 10
470105.8439999999
 20
4349696.018
 10
470105.8069172874
 20
4349696.287796771
 10
470105.6984194045
 20
4349696.53758395
 10
470105.5265531432
 20
4349696.748835964
 10
470105.3040650378
 20
4349696.905885219
 10
470105.047456013
 20
4349696.997084087
 10
470104.7757575866
 20
4349697.015668769
 10
470104.5091203878
 20
4349696.960260922
 10
470104.2673196778
 20
4349696.834969893
 10
470104.0682887092
 20
4349696.649087944
 10
470103.9267886986
 20
4349696.41640109
 10
470103.853314054
 20
4349696.154166649
 10
470103.853314054
 20
4349695.881833351
 10
470103.9267886986
 20
4349695.61959891
 10
470104.0682887092
 20
4349695.386912056
 10
470104.2673196778
 20
4349695.201030107
 10
470104.5091203878
 20
4349695.075739078
 10
470104.7757575866
 20
4349695.020331231
 10
470105.047456013
 20
4349695.038915913
 10
470105.3040650378
 20
4349695.130114781
 10
470105.5265531432
 20
4349695.287164037
 10
470105.6984194045
 20
4349695.49841605
 10
470105.8069172874
 20
4349695.748203229
 10
470105.8439999999
 20
4349696.018
 97
        0
 75
     1
 76
     1
 52
0.0
 41
1.0
 77
     0
 78
     1
 53
45.0
 43
0.0
 44
0.0
 45
-0.0883883476
 46
0.0883883476
 79
     0
 98
        0
  0
TEXT
  5
575
330
17
100
AcDbEntity
  8
钻孔
100
AcDbText
 10
470106.444
 20
4349697.618
 30
0.0
 40
0.8
  1
P17 0.39
100
AcDbText
  0
CIRCLE
  5
576
330
17
100
AcDbEntity
  8
钻孔
100
AcDbCircle
 10
470110.2579999999
 20
4349697.553
 30
0.0
 40
1.0
  0
HATCH
  5
577
330
17
100
AcDbEntity
  8
钻孔
 62
     7
100
AcDbHatch
 10
0.0
 20
0.0
 30
0.0
210
0.0
220
0.0
230
1.0
  2
SOLID
 70
     0
 71
     0
 91
        1
 92
        3
 72
     0
 73
     1
 93
       24
 10
470111.258
 20
4349697.553
 10
470111.2209172874
 20
4349697.822796771
 10
470111.1124194045
 20
4349698.07258395
 10
470110.9405531432
 20
4349698.283835963
 10
470110.7180650377
 20
4349698.440885219
 10
470110.4614560129
 20
4349698.532084087
 10
470110.1897575866
 20
4349698.550668769
 10
470109.9231203879
 20
4349698.495260922
 10
470109.6813196778
 20
4349698.369969893
 10
470109.4822887093
 20
4349698.184087944
 10
470109.3407886985
 20
4349697.95140109
 10
470109.2673140539
 20
4349697.689166649
 10
470109.2673140539
 20
4349697.416833351
 10
470109.3407886985
 20
4349697.15459891
 10
470109.4822887093
 20
4349696.921912056
 10
470109.6813196778
 20
4349696.736030106
 10
470109.9231203879
 20
4349696.610739078
 10
470110.1897575866
 20
4349696.555331231
 10
470110.4614560129
 20
4349696.573915912
 10
470110.7180650377
 20
4349696.665114781
 10
470110.9405531432
 20
4349696.822164037
 10
470111.1124194045
 20
4349697.03341605
 10
470111.2209172874
 20
4349697.283203228
 10
470111.258
 20
4349697.553
 97
        0
 75
     1
 76
     1
 52
0.0
 41
1.0
 77
     0
 78
     1
 53
45.0
 43
0.0
 44
0.0
 45
-0.0883883476
 46
0.0883883476
 79
     0
 98
        0
  0
TEXT
  5
578
330
17
100
AcDbEntity
  8
钻孔
100
AcDbText
 10
470111.858
 20
4349699.153
 30
0.0
 40
0.8
  1
P18 0.30
100
AcDbText
  0
CIRCLE
  5
579
330
17
100
AcDbEntity
  8
钻孔
100
AcDbCircle
 10
470114.4779999999
 20
4349699.933000001
 30
0.0
 40
1.0
  0
HATCH
  5
57A
330
17
100
AcDbEntity
  8
钻孔
 62
     7
100
AcDbHatch
 10
0.0
 20
0.0
 30
0.0
210
0.0
220
0.0
230
1.0
  2
SOLID
 70
     0
 71
     0
 91
        1
 92
        3
 72
     0
 73
     1
 93
       24
 10
470115.4779999999
 20
4349699.933000001
 10
470115.4409172874
 20
4349700.202796771
 10
470115.3324194045
 20
4349700.45258395
 10
470115.1605531432
 20
4349700.663835964
 10
470114.9380650377
 20
4349700.820885218
 10
470114.681456013
 20
4349700.912084087
 10
470114.4097575865
 20
4349700.930668769
 10
470114.1431203879
 20
4349700.875260922
 10
470113.9013196779
 20
4349700.749969893
 10
470113.7022887093
 20
4349700.564087944
 10
470113.5607886985
 20
4349700.33140109
 10
470113.487314054
 20
4349700.069166649
 10
470113.487314054
 20
4349699.796833351
 10
470113.5607886985
 20
4349699.53459891
 10
470113.7022887093
 20
4349699.301912056
 10
470113.9013196779
 20
4349699.116030107
 10
470114.1431203879
 20
4349698.990739078
 10
470114.4097575865
 20
4349698.935331231
 10
470114.681456013
 20
4349698.953915913
 10
470114.9380650377
 20
4349699.045114782
 10
470115.1605531432
 20
4349699.202164036
 10
470115.3324194045
 20
4349699.41341605
 10
470115.4409172874
 20
4349699.663203229
 10
470115.4779999999
 20
4349699.933000001
 97
        0
 75
     1
 76
     1
 52
0.0
 41
1.0
 77
     0
 78
     1
 53
45.0
 43
0.0
 44
0.0
 45
-0.0883883476
 46
0.0883883476
 79
     0
 98
        0
  0
TEXT
  5
57B
330
17
100
AcDbEntity
  8
钻孔
100
AcDbText
 10
470116.078
 20
4349701.533
 30
0.0
 40
0.8
  1
P19 0.34
100
AcDbText
  0
CIRCLE
  5
57C
330
17
100
AcDbEntity
  8
钻孔
100
AcDbCircle
 10
470107.09
 20
4349702.191
 30
0.0
 40
1.0
  0
HATCH
  5
57D
330
17
100
AcDbEntity
  8
钻孔
 62
     7
100
AcDbHatch
 10
0.0
 20
0.0
 30
0.0
210
0.0
220
0.0
230
1.0
  2
SOLID
 70
     0
 71
     0
 91
        1
 92
        3
 72
     0
 73
     1
 93
       24
 10
470108.09
 20
4349702.191
 10
470108.0529172874
 20
4349702.460796772
 10
470107.9444194045
 20
4349702.710583948
 10
470107.7725531432
 20
4349702.921835963
 10
470107.5500650378
 20
4349703.078885219
 10
470107.2934560132
 20
4349703.170084088
 10
470107.0217575867
 20
4349703.188668768
 10
470106.7551203879
 20
4349703.133260922
 10
470106.5133196779
 20
4349703.007969893
 10
470106.3142887093
 20
4349702.822087944
 10
470106.1727886985
 20
4349702.589401089
 10
470106.099314054
 20
4349702.327166649
 10
470106.099314054
 20
4349702.054833351
 10
470106.1727886985
 20
4349701.792598909
 10
470106.3142887093
 20
4349701.559912056
 10
470106.5133196779
 20
4349701.374030106
 10
470106.7551203879
 20
4349701.248739077
 10
470107.0217575867
 20
4349701.19333123
 10
470107.2934560132
 20
4349701.211915911
 10
470107.5500650378
 20
4349701.303114781
 10
470107.7725531432
 20
4349701.460164037
 10
470107.9444194045
 20
4349701.671416049
 10
470108.0529172874
 20
4349701.921203228
 10
470108.09
 20
4349702.191
 97
        0
 75
     1
 76
     1
 52
0.0
 41
1.0
 77
     0
 78
     1
 53
45.0
 43
0.0
 44
0.0
 45
-0.0883883476
 46
0.0883883476
 79
     0
 98
        0
  0
TEXT
  5
57E
330
17
100
AcDbEntity
  8
钻孔
100
AcDbText
 10
470108.6899999999
 20
4349703.790999998
 30
0.0
 40
0.8
  1
P20 0.91
100
AcDbText
  0
CIRCLE
  5
57F
330
17
100
AcDbEntity
  8
钻孔
100
AcDbCircle
 10
470103.06
 20
4349700.731000001
 30
0.0
 40
1.0
  0
HATCH
  5
580
330
17
100
AcDbEntity
  8
钻孔
 62
     7
100
AcDbHatch
 10
0.0
 20
0.0
 30
0.0
210
0.0
220
0.0
230
1.0
  2
SOLID
 70
     0
 71
     0
 91
        1
 92
        3
 72
     0
 73
     1
 93
       24
 10
470104.06
 20
4349700.731000001
 10
470104.0229172874
 20
4349701.000796772
 10
470103.9144194045
 20
4349701.250583949
 10
470103.7425531431
 20
4349701.461835963
 10
470103.5200650377
 20
4349701.618885218
 10
470103.263456013
 20
4349701.710084087
 10
470102.9917575865
 20
4349701.728668769
 10
470102.7251203879
 20
4349701.673260922
 10
470102.4833196778
 20
4349701.547969893
 10
470102.2842887093
 20
4349701.362087944
 10
470102.1427886985
 20
4349701.12940109
 10
470102.069314054
 20
4349700.867166649
 10
470102.069314054
 20
4349700.594833351
 10
470102.1427886985
 20
4349700.33259891
 10
470102.2842887093
 20
4349700.099912056
 10
470102.4833196778
 20
4349699.914030106
 10
470102.7251203879
 20
4349699.788739077
 10
470102.9917575865
 20
4349699.733331231
 10
470103.263456013
 20
4349699.751915912
 10
470103.5200650377
 20
4349699.843114781
 10
470103.7425531431
 20
4349700.000164037
 10
470103.9144194045
 20
4349700.21141605
 10
470104.0229172874
 20
4349700.461203228
 10
470104.06
 20
4349700.731000001
 97
        0
 75
     1
 76
     1
 52
0.0
 41
1.0
 77
     0
 78
     1
 53
45.0
 43
0.0
 44
0.0
 45
-0.0883883476
 46
0.0883883476
 79
     0
 98
        0
  0
TEXT
  5
581
330
17
100
AcDbEntity
  8
钻孔
100
AcDbText
 10
470104.66
 20
4349702.330999998
 30
0.0
 40
0.8
  1
P21 0.67
100
AcDbText
  0
CIRCLE
  5
582
330
17
100
AcDbEntity
  8
钻孔
100
AcDbCircle
 10
470104.17
 20
4349706.899
 30
0.0
 40
1.0
  0
HATCH
  5
583
330
17
100
AcDbEntity
  8
钻孔
 62
     7
100
AcDbHatch
 10
0.0
 20
0.0
 30
0.0
210
0.0
220
0.0
230
1.0
  2
SOLID
 70
     0
 71
     0
 91
        1
 92
        3
 72
     0
 73
     1
 93
       24
 10
470105.1699999999
 20
4349706.899
 10
470105.1329172874
 20
4349707.168796771
 10
470105.0244194045
 20
4349707.41858395
 10
470104.8525531432
 20
4349707.629835964
 10
470104.6300650378
 20
4349707.786885218
 10
470104.373456013
 20
4349707.878084087
 10
470104.1017575866
 20
4349707.896668769
 10
470103.8351203878
 20
4349707.841260921
 10
470103.5933196778
 20
4349707.715969893
 10
470103.3942887092
 20
4349707.530087944
 10
470103.2527886986
 20
4349707.29740109
 10
470103.1793140539
 20
4349707.035166649
 10
470103.1793140539
 20
4349706.762833351
 10
470103.2527886986
 20
4349706.500598911
 10
470103.3942887092
 20
4349706.267912056
 10
470103.5933196778
 20
4349706.082030107
 10
470103.8351203878
 20
4349705.956739078
 10
470104.1017575866
 20
4349705.901331231
 10
470104.373456013
 20
4349705.919915912
 10
470104.6300650378
 20
4349706.011114782
 10
470104.8525531432
 20
4349706.168164036
 10
470105.0244194045
 20
4349706.37941605
 10
470105.1329172874
 20
4349706.629203229
 10
470105.1699999999
 20
4349706.899
 97
        0
 75
     1
 76
     1
 52
0.0
 41
1.0
 77
     0
 78
     1
 53
45.0
 43
0.0
 44
0.0
 45
-0.0883883476
 46
0.0883883476
 79
     0
 98
        0
  0
TEXT
  5
584
330
17
100
AcDbEntity
  8
钻孔
100
AcDbText
 10
470105.77
 20
4349708.499
 30
0.0
 40
0.8
  1
P22 0.43
100
AcDbText
  0
CIRCLE
  5
585
330
17
100
AcDbEntity
  8
钻孔
100
AcDbCircle
 10
470111.674
 20
4349704.625
 30
0.0
 40
1.0
  0
HATCH
  5
586
330
17
100
AcDbEntity
  8
钻孔
 62
     7
100
AcDbHatch
 10
0.0
 20
0.0
 30
0.0
210
0.0
220
0.0
230
1.0
  2
SOLID
 70
     0
 71
     0
 91
        1
 92
        3
 72
     0
 73
     1
 93
       24
 10
470112.674
 20
4349704.625
 10
470112.6369172874
 20
4349704.89479677
 10
470112.5284194045
 20
4349705.14458395
 10
470112.3565531432
 20
4349705.355835964
 10
470112.1340650376
 20
4349705.512885218
 10
470111.877456013
 20
4349705.604084088
 10
470111.6057575865
 20
4349705.622668769
 10
470111.3391203879
 20
4349705.567260922
 10
470111.0973196779
 20
4349705.441969892
 10
470110.8982887093
 20
4349705.256087943
 10
470110.7567886984
 20
4349705.02340109
 10
470110.6833140539
 20
4349704.761166649
 10
470110.6833140539
 20
4349704.488833351
 10
470110.7567886984
 20
4349704.22659891
 10
470110.8982887093
 20
4349703.993912056
 10
470111.0973196779
 20
4349703.808030106
 10
470111.3391203879
 20
4349703.682739078
 10
470111.6057575865
 20
4349703.627331231
 10
470111.877456013
 20
4349703.645915911
 10
470112.1340650376
 20
4349703.737114781
 10
470112.3565531432
 20
4349703.894164036
 10
470112.5284194045
 20
4349704.10541605
 10
470112.6369172874
 20
4349704.355203228
 10
470112.674
 20
4349704.625
 97
        0
 75
     1
 76
     1
 52
0.0
 41
1.0
 77
     0
 78
     1
 53
45.0
 43
0.0
 44
0.0
 45
-0.0883883476
 46
0.0883883476
 79
     0
 98
        0
  0
TEXT
  5
587
330
17
100
AcDbEntity
  8
钻孔
100
AcDbText
 10
470113.274
 20
4349706.225
 30
0.0
 40
0.8
  1
P23 0.89
100
AcDbText
  0
CIRCLE
  5
588
330
17
100
AcDbEntity
  8
钻孔
100
AcDbCircle
 10
470109.017
 20
4349709.016
 30
0.0
 40
1.0
  0
HATCH
  5
589
330
17
100
AcDbEntity
  8
钻孔
 62
     7
100
AcDbHatch
 10
0.0
 20
0.0
 30
0.0
210
0.0
220
0.0
230
1.0
  2
SOLID
 70
     0
 71
     0
 91
        1
 92
        3
 72
     0
 73
     1
 93
       24
 10
470110.0170000001
 20
4349709.016
 10
470109.9799172874
 20
4349709.28579677
 10
470109.8714194045
 20
4349709.535583949
 10
470109.6995531432
 20
4349709.746835964
 10
470109.4770650377
 20
4349709.903885218
 10
470109.220456013
 20
4349709.995084086
 10
470108.9487575866
 20
4349710.013668769
 10
470108.6821203879
 20
4349709.958260921
 10
470108.4403196779
 20
4349709.832969892
 10
470108.2412887092
 20
4349709.647087943
 10
470108.0997886985
 20
4349709.41440109
 10
470108.0263140539
 20
4349709.152166648
 10
470108.0263140539
 20
4349708.87983335
 10
470108.0997886985
 20
4349708.61759891
 10
470108.2412887092
 20
4349708.384912055
 10
470108.4403196779
 20
4349708.199030106
 10
470108.6821203879
 20
4349708.073739078
 10
470108.9487575866
 20
4349708.018331232
 10
470109.220456013
 20
4349708.036915912
 10
470109.4770650377
 20
4349708.128114781
 10
470109.6995531432
 20
4349708.285164036
 10
470109.8714194045
 20
4349708.49641605
 10
470109.9799172874
 20
4349708.746203228
 10
470110.0170000001
 20
4349709.016
 97
        0
 75
     1
 76
     1
 52
0.0
 41
1.0
 77
     0
 78
     1
 53
45.0
 43
0.0
 44
0.0
 45
-0.0883883476
 46
0.0883883476
 79
     0
 98
        0
  0
TEXT
  5
58A
330
17
100
AcDbEntity
  8
钻孔
100
AcDbText
 10
470110.617
 20
4349710.615999998
 30
0.0
 40
0.8
  1
P24 0.38
100
AcDbText
  0
CIRCLE
  5
58B
330
17
100
AcDbEntity
  8
钻孔
100
AcDbCircle
 10
470113.874
 20
4349711.238
 30
0.0
 40
1.0
  0
HATCH
  5
58C
330
17
100
AcDbEntity
  8
钻孔
 62
     7
100
AcDbHatch
 10
0.0
 20
0.0
 30
0.0
210
0.0
220
0.0
230
1.0
  2
SOLID
 70
     0
 71
     0
 91
        1
 92
        3
 72
     0
 73
     1
 93
       24
 10
470114.8739999999
 20
4349711.238
 10
470114.8369172875
 20
4349711.50779677
 10
470114.7284194045
 20
4349711.75758395
 10
470114.5565531433
 20
4349711.968835964
 10
470114.3340650378
 20
4349712.125885218
 10
470114.0774560129
 20
4349712.217084086
 10
470113.8057575866
 20
4349712.235668769
 10
470113.5391203878
 20
4349712.180260921
 10
470113.2973196779
 20
4349712.054969892
 10
470113.0982887093
 20
4349711.869087943
 10
470112.9567886985
 20
4349711.63640109
 10
470112.883314054
 20
4349711.374166649
 10
470112.883314054
 20
4349711.10183335
 10
470112.9567886985
 20
4349710.83959891
 10
470113.0982887093
 20
4349710.606912055
 10
470113.2973196779
 20
4349710.421030106
 10
470113.5391203878
 20
4349710.295739078
 10
470113.8057575866
 20
4349710.240331232
 10
470114.0774560129
 20
4349710.258915911
 10
470114.3340650378
 20
4349710.350114781
 10
470114.5565531433
 20
4349710.507164036
 10
470114.7284194045
 20
4349710.71841605
 10
470114.8369172875
 20
4349710.968203228
 10
470114.8739999999
 20
4349711.238
 97
        0
 75
     1
 76
     1
 52
0.0
 41
1.0
 77
     0
 78
     1
 53
45.0
 43
0.0
 44
0.0
 45
-0.0883883476
 46
0.0883883476
 79
     0
 98
        0
  0
TEXT
  5
58D
330
17
100
AcDbEntity
  8
钻孔
100
AcDbText
 10
470115.4739999999
 20
4349712.838000001
 30
0.0
 40
0.8
  1
P25 0.44
100
AcDbText
  0
CIRCLE
  5
58E
330
17
100
AcDbEntity
  8
钻孔
100
AcDbCircle
 10
470112.825
 20
4349715.516999999
 30
0.0
 40
1.0
  0
HATCH
  5
58F
330
17
100
AcDbEntity
  8
钻孔
 62
     7
100
AcDbHatch
 10
0.0
 20
0.0
 30
0.0
210
0.0
220
0.0
230
1.0
  2
SOLID
 70
     0
 71
     0
 91
        1
 92
        3
 72
     0
 73
     1
 93
       24
 10
470113.825
 20
4349715.516999999
 10
470113.7879172875
 20
4349715.786796771
 10
470113.6794194045
 20
4349716.03658395
 10
470113.5075531432
 20
4349716.247835964
 10
470113.2850650377
 20
4349716.404885218
 10
470113.028456013
 20
4349716.496084089
 10
470112.7567575865
 20
4349716.514668769
 10
470112.4901203878
 20
4349716.459260922
 10
470112.2483196779
 20
4349716.333969893
 10
470112.0492887093
 20
4349716.148087944
 10
470111.9077886985
 20
4349715.915401089
 10
470111.834314054
 20
4349715.653166649
 10
470111.834314054
 20
4349715.380833351
 10
470111.9077886985
 20
4349715.11859891
 10
470112.0492887093
 20
4349714.885912056
 10
470112.2483196779
 20
4349714.700030107
 10
470112.4901203878
 20
4349714.574739078
 10
470112.7567575865
 20
4349714.519331231
 10
470113.028456013
 20
4349714.537915911
 10
470113.2850650377
 20
4349714.629114782
 10
470113.5075531432
 20
4349714.786164035
 10
470113.6794194045
 20
4349714.99741605
 10
470113.7879172875
 20
4349715.247203229
 10
470113.825
 20
4349715.516999999
 97
        0
 75
     1
 76
     1
 52
0.0
 41
1.0
 77
     0
 78
     1
 53
45.0
 43
0.0
 44
0.0
 45
-0.0883883476
 46
0.0883883476
 79
     0
 98
        0
  0
TEXT
  5
590
330
17
100
AcDbEntity
  8
钻孔
100
AcDbText
 10
470114.425
 20
4349717.116999999
 30
0.0
 40
0.8
  1
P26 0.88
100
AcDbText
  0
CIRCLE
  5
591
330
17
100
AcDbEntity
  8
钻孔
100
AcDbCircle
 10
470106.7879999999
 20
4349714.031000001
 30
0.0
 40
1.0
  0
HATCH
  5
592
330
17
100
AcDbEntity
  8
钻孔
 62
     7
100
AcDbHatch
 10
0.0
 20
0.0
 30
0.0
210
0.0
220
0.0
230
1.0
  2
SOLID
 70
     0
 71
     0
 91
        1
 92
        3
 72
     0
 73
     1
 93
       24
 10
470107.7879999999
 20
4349714.031000001
 10
470107.7509172875
 20
4349714.300796772
 10
470107.6424194045
 20
4349714.55058395
 10
470107.4705531431
 20
4349714.761835963
 10
470107.2480650377
 20
4349714.918885219
 10
470106.9914560129
 20
4349715.010084088
 10
470106.7197575865
 20
4349715.028668769
 10
470106.4531203879
 20
4349714.973260922
 10
470106.2113196779
 20
4349714.847969893
 10
470106.0122887093
 20
4349714.662087944
 10
470105.8707886985
 20
4349714.42940109
 10
470105.797314054
 20
4349714.167166649
 10
470105.797314054
 20
4349713.894833351
 10
470105.8707886985
 20
4349713.632598912
 10
470106.0122887093
 20
4349713.399912056
 10
470106.2113196779
 20
4349713.214030108
 10
470106.4531203879
 20
4349713.088739079
 10
470106.7197575865
 20
4349713.033331231
 10
470106.9914560129
 20
4349713.051915912
 10
470107.2480650377
 20
4349713.143114782
 10
470107.4705531431
 20
4349713.300164037
 10
470107.6424194045
 20
4349713.511416052
 10
470107.7509172875
 20
4349713.761203228
 10
470107.7879999999
 20
4349714.031000001
 97
        0
 75
     1
 76
     1
 52
0.0
 41
1.0
 77
     0
 78
     1
 53
45.0
 43
0.0
 44
0.0
 45
-0.0883883476
 46
0.0883883476
 79
     0
 98
        0
  0
TEXT
  5
593
330
17
100
AcDbEntity
  8
钻孔
100
AcDbText
 10
470108.388
 20
4349715.631
 30
0.0
 40
0.8
  1
P27 0.73
100
AcDbText
  0
CIRCLE
  5
594
330
17
100
AcDbEntity
  8
钻孔
100
AcDbCircle
 10
470107.7539999999
 20
4349720.088999999
 30
0.0
 40
1.0
  0
HATCH
  5
595
330
17
100
AcDbEntity
  8
钻孔
 62
     7
100
AcDbHatch
 10
0.0
 20
0.0
 30
0.0
210
0.0
220
0.0
230
1.0
  2
SOLID
 70
     0
 71
     0
 91
        1
 92
        3
 72
     0
 73
     1
 93
       24
 10
470108.7539999999
 20
4349720.088999999
 10
470108.7169172875
 20
4349720.358796772
 10
470108.6084194045
 20
4349720.608583949
 10
470108.4365531432
 20
4349720.819835964
 10
470108.2140650377
 20
4349720.976885218
 10
470107.9574560131
 20
4349721.068084087
 10
470107.6857575867
 20
4349721.086668769
 10
470107.4191203878
 20
4349721.031260921
 10
470107.1773196779
 20
4349720.905969894
 10
470106.9782887093
 20
4349720.720087943
 10
470106.8367886985
 20
4349720.487401089
 10
470106.763314054
 20
4349720.225166648
 10
470106.763314054
 20
4349719.952833352
 10
470106.8367886985
 20
4349719.690598909
 10
470106.9782887093
 20
4349719.457912057
 10
470107.1773196779
 20
4349719.272030107
 10
470107.4191203878
 20
4349719.146739078
 10
470107.6857575867
 20
4349719.091331231
 10
470107.9574560131
 20
4349719.109915912
 10
470108.2140650377
 20
4349719.201114781
 10
470108.4365531432
 20
4349719.358164036
 10
470108.6084194045
 20
4349719.56941605
 10
470108.7169172875
 20
4349719.819203229
 10
470108.7539999999
 20
4349720.088999999
 97
        0
 75
     1
 76
     1
 52
0.0
 41
1.0
 77
     0
 78
     1
 53
45.0
 43
0.0
 44
0.0
 45
-0.0883883476
 46
0.0883883476
 79
     0
 98
        0
  0
TEXT
  5
596
330
17
100
AcDbEntity
  8
钻孔
100
AcDbText
 10
470109.354
 20
4349721.688999999
 30
0.0
 40
0.8
  1
P28 1.51
100
AcDbText
  0
CIRCLE
  5
597
330
17
100
AcDbEntity
  8
钻孔
100
AcDbCircle
 10
470112.986
 20
4349722.45
 30
0.0
 40
1.0
  0
HATCH
  5
598
330
17
100
AcDbEntity
  8
钻孔
 62
     7
100
AcDbHatch
 10
0.0
 20
0.0
 30
0.0
210
0.0
220
0.0
230
1.0
  2
SOLID
 70
     0
 71
     0
 91
        1
 92
        3
 72
     0
 73
     1
 93
       24
 10
470113.986
 20
4349722.45
 10
470113.9489172874
 20
4349722.719796771
 10
470113.8404194046
 20
4349722.969583949
 10
470113.6685531432
 20
4349723.180835964
 10
470113.4460650377
 20
4349723.337885219
 10
470113.189456013
 20
4349723.429084088
 10
470112.9177575865
 20
4349723.447668768
 10
470112.6511203878
 20
4349723.392260922
 10
470112.4093196778
 20
4349723.266969893
 10
470112.2102887093
 20
4349723.081087944
 10
470112.0687886986
 20
4349722.84840109
 10
470111.995314054
 20
4349722.586166649
 10
470111.995314054
 20
4349722.313833352
 10
470112.0687886986
 20
4349722.051598909
 10
470112.2102887093
 20
4349721.818912057
 10
470112.4093196778
 20
4349721.633030107
 10
470112.6511203878
 20
4349721.507739078
 10
470112.9177575865
 20
4349721.45233123
 10
470113.189456013
 20
4349721.470915913
 10
470113.4460650377
 20
4349721.562114782
 10
470113.6685531432
 20
4349721.719164036
 10
470113.8404194046
 20
4349721.93041605
 10
470113.9489172874
 20
4349722.180203229
 10
470113.986
 20
4349722.45
 97
        0
 75
     1
 76
     1
 52
0.0
 41
1.0
 77
     0
 78
     1
 53
45.0
 43
0.0
 44
0.0
 45
-0.0883883476
 46
0.0883883476
 79
     0
 98
        0
  0
TEXT
  5
599
330
17
100
AcDbEntity
  8
钻孔
100
AcDbText
 10
470114.586
 20
4349724.049999999
 30
0.0
 40
0.8
  1
P29 0.74
100
AcDbText
  0
CIRCLE
  5
59A
330
17
100
AcDbEntity
  8
钻孔
100
AcDbCircle
 10
470109.775
 20
4349726.883999999
 30
0.0
 40
1.0
  0
HATCH
  5
59B
330
17
100
AcDbEntity
  8
钻孔
 62
     7
100
AcDbHatch
 10
0.0
 20
0.0
 30
0.0
210
0.0
220
0.0
230
1.0
  2
SOLID
 70
     0
 71
     0
 91
        1
 92
        3
 72
     0
 73
     1
 93
       24
 10
470110.7750000001
 20
4349726.883999999
 10
470110.7379172874
 20
4349727.153796772
 10
470110.6294194047
 20
4349727.403583948
 10
470110.4575531433
 20
4349727.614835964
 10
470110.2350650377
 20
4349727.771885218
 10
470109.9784560131
 20
4349727.863084087
 10
470109.7067575868
 20
4349727.881668768
 10
470109.4401203879
 20
4349727.826260921
 10
470109.1983196779
 20
4349727.700969894
 10
470108.9992887093
 20
4349727.515087943
 10
470108.8577886985
 20
4349727.282401089
 10
470108.784314054
 20
4349727.020166648
 10
470108.784314054
 20
4349726.747833352
 10
470108.8577886985
 20
4349726.485598909
 10
470108.9992887093
 20
4349726.252912057
 10
470109.1983196779
 20
4349726.067030107
 10
470109.4401203879
 20
4349725.941739078
 10
470109.7067575868
 20
4349725.88633123
 10
470109.9784560131
 20
4349725.904915912
 10
470110.2350650377
 20
4349725.996114781
 10
470110.4575531433
 20
4349726.153164036
 10
470110.6294194047
 20
4349726.364416049
 10
470110.7379172874
 20
4349726.614203229
 10
470110.7750000001
 20
4349726.883999999
 97
        0
 75
     1
 76
     1
 52
0.0
 41
1.0
 77
     0
 78
     1
 53
45.0
 43
0.0
 44
0.0
 45
-0.0883883476
 46
0.0883883476
 79
     0
 98
        0
  0
TEXT
  5
59C
330
17
100
AcDbEntity
  8
钻孔
100
AcDbText
 10
470111.375
 20
4349728.483999999
 30
0.0
 40
0.8
  1
P30 1.58
100
AcDbText
  0
CIRCLE
  5
59D
330
17
100
AcDbEntity
  8
钻孔
100
AcDbCircle
 10
470119.7539999999
 20
4349731.186999999
 30
0.0
 40
1.0
  0
HATCH
  5
59E
330
17
100
AcDbEntity
  8
钻孔
 62
     7
100
AcDbHatch
 10
0.0
 20
0.0
 30
0.0
210
0.0
220
0.0
230
1.0
  2
SOLID
 70
     0
 71
     0
 91
        1
 92
        3
 72
     0
 73
     1
 93
       24
 10
470120.754
 20
4349731.186999999
 10
470120.7169172874
 20
4349731.456796771
 10
470120.6084194045
 20
4349731.70658395
 10
470120.4365531433
 20
4349731.917835963
 10
470120.2140650377
 20
4349732.074885218
 10
470119.9574560131
 20
4349732.166084087
 10
470119.6857575867
 20
4349732.184668769
 10
470119.4191203878
 20
4349732.129260922
 10
470119.1773196779
 20
4349732.003969893
 10
470118.9782887094
 20
4349731.818087944
 10
470118.8367886985
 20
4349731.58540109
 10
470118.763314054
 20
4349731.323166649
 10
470118.763314054
 20
4349731.050833351
 10
470118.8367886985
 20
4349730.78859891
 10
470118.9782887094
 20
4349730.555912056
 10
470119.1773196779
 20
4349730.370030107
 10
470119.4191203878
 20
4349730.244739077
 10
470119.6857575867
 20
4349730.189331231
 10
470119.9574560131
 20
4349730.207915912
 10
470120.2140650377
 20
4349730.299114781
 10
470120.4365531433
 20
4349730.456164036
 10
470120.6084194045
 20
4349730.66741605
 10
470120.7169172874
 20
4349730.917203229
 10
470120.754
 20
4349731.186999999
 97
        0
 75
     1
 76
     1
 52
0.0
 41
1.0
 77
     0
 78
     1
 53
45.0
 43
0.0
 44
0.0
 45
-0.0883883476
 46
0.0883883476
 79
     0
 98
        0
  0
TEXT
  5
59F
330
17
100
AcDbEntity
  8
钻孔
100
AcDbText
 10
470121.354
 20
4349732.786999999
 30
0.0
 40
0.8
  1
P31 0.72
100
AcDbText
  0
MTEXT
  5
5A0
330
17
100
AcDbEntity
  8
线条
100
AcDbMText
 10
470091.6296890148
 20
4349659.712087378
 30
0.0
 40
5.0
 41
0.0
 46
0.0
 71
     1
 72
     5
  1
1号矿块
 73
     1
 44
1.0
  0
MTEXT
  5
5A1
330
17
100
AcDbEntity
  8
线条
100
AcDbMText
 10
470103.9608724645
 20
4349719.811154583
 30
0.0
 40
5.0
 41
0.0
 46
0.0
 71
     1
 72
     5
  1
2号矿块
 73
     1
 44
1.0
  0
MTEXT
  5
5A2
330
17
100
AcDbEntity
  8
线条
100
AcDbMText
 10
470102.1140833871
 20
4349696.689989843
 30
0.0
 40
5.0
 41
0.0
 46
0.0
 71
     1
 72
     5
  1
3号矿块
 73
     1
 44
1.0
  0
MTEXT
  5
5A3
330
17
100
AcDbEntity
  8
报告
100
AcDbMText
 10
470134.7539999999
 20
4349721.187
 30
0.0
 40
1.6
 41
0.0
 46
0.0
 71
     1
 72
     5
  3
3940平台 1004炮孔数据报告\P==========================================\P体号  品位类型               体积m3       重量t    平均品位g/t     金属量百克\P1   1.500-3.000      2025.9    5469.8      1.705     93.28\P2   1.500-3.000       841.8    2272.8      1.550     35.24\P小计  1.5
  3
00-3.000      2867.7    7742.6      1.660    128.52\P3   0.500-1.000      7961.3   21495.4      0.683    146.91\P小计  0.500-1.000      7961.3   21495.4      0.683    146.91\P合计                  10829.0   29238.0      0.942    275.43\P\P炮孔统计（31孔）：\P  ≥
  1
3.0: 1孔   1.5-3: 4孔\P  1-1.5: 3孔   0.5-1: 15孔\P  <0.5: 8孔
 73
     1
 44
1.0
  0
TEXT
  5
5A4
330
17
100
AcDbEntity
  8
报告
100
AcDbText
 10
470087.369
 20
4349739.186999999
 30
0.0
 40
6.0
  1
3940平台 1004 二次圈矿矿块图（3块版）
100
AcDbText
  0
ENDSEC
  0
SECTION
  2
OBJECTS
  0
DICTIONARY
  5
A
330
0
100
AcDbDictionary
281
     1
  3
ACAD_CIP_PREVIOUS_PRODUCT_INFO
350
5DB
  3
ACAD_COLOR
350
B
  3
ACAD_DETAILVIEWSTYLE
350
5D7
  3
ACAD_GROUP
350
C
  3
ACAD_LAYOUT
350
D
  3
ACAD_MATERIAL
350
E
  3
ACAD_MLEADERSTYLE
350
F
  3
ACAD_MLINESTYLE
350
10
  3
ACAD_PLOTSETTINGS
350
11
  3
ACAD_PLOTSTYLENAME
350
12
  3
ACAD_SCALELIST
350
14
  3
ACAD_SECTIONVIEWSTYLE
350
5D5
  3
ACAD_TABLESTYLE
350
15
  3
ACAD_VISUALSTYLE
350
16
  3
ACDB_RECOMPOSE_DATA
350
5E5
  3
AcDbVariableDictionary
350
5DC
  3
EZDXF_META
350
2D
  0
XRECORD
  5
5DB
102
{ACAD_REACTORS
330
A
102
}
330
A
100
AcDbXrecord
280
     1
300
ACD
300
2023
300

  0
DICTIONARY
  5
B
330
A
100
AcDbDictionary
281
     1
  0
DICTIONARY
  5
5D7
102
{ACAD_REACTORS
330
A
102
}
330
A
100
AcDbDictionary
281
     1
  3
Metric50
350
5D8
  0
DICTIONARY
  5
C
330
A
100
AcDbDictionary
281
     1
  0
DICTIONARY
  5
D
330
A
100
AcDbDictionary
281
     1
  3
Layout1
350
1E
  3
Model
350
1A
  0
DICTIONARY
  5
E
330
A
100
AcDbDictionary
281
     1
  3
ByBlock
350
1F
  3
ByLayer
350
20
  3
Global
350
21
  0
DICTIONARY
  5
F
330
A
100
AcDbDictionary
281
     1
  3
Standard
350
2C
  0
DICTIONARY
  5
10
330
A
100
AcDbDictionary
281
     1
  3
Standard
350
22
  0
DICTIONARY
  5
11
330
A
100
AcDbDictionary
281
     1
  0
ACDBDICTIONARYWDFLT
  5
12
330
A
100
AcDbDictionary
281
     1
  3
Normal
350
13
100
AcDbDictionaryWithDefault
340
13
  0
DICTIONARY
  5
14
330
A
100
AcDbDictionary
281
     1
  3
A0
350
5C4
  3
A1
350
5C5
  3
A2
350
5C6
  3
A3
350
5C7
  3
A4
350
5C8
  3
A5
350
5C9
  3
A6
350
5CA
  3
A7
350
5CB
  3
A8
350
5CC
  3
A9
350
5CD
  3
B0
350
5CE
  3
B1
350
5CF
  3
B2
350
5D0
  3
B3
350
5D1
  3
B4
350
5D2
  3
B5
350
5D3
  3
B6
350
5D4
  0
DICTIONARY
  5
5D5
102
{ACAD_REACTORS
330
A
102
}
330
A
100
AcDbDictionary
281
     1
  3
Metric50
350
5D6
  0
DICTIONARY
  5
15
330
A
100
AcDbDictionary
281
     1
  3
Standard
350
5C3
  0
DICTIONARY
  5
16
330
A
100
AcDbDictionary
281
     1
  3
2dWireframe
350
5B0
  3
Basic
350
5AF
  3
Brighten
350
5B6
  3
ColorChange
350
5BA
  3
Conceptual
350
5B3
  3
Dim
350
5B5
  3
EdgeColorOff
350
5C2
  3
Facepattern
350
5B9
  3
Flat
350
5AB
  3
FlatWithEdges
350
5AC
  3
Gouraud
350
5AD
  3
GouraudWithEdges
350
5AE
  3
Hidden
350
5B2
  3
JitterOff
350
5C0
  3
Linepattern
350
5B8
  3
OverhangOff
350
5C1
  3
Realistic
350
5B4
  3
Shaded
350
5BF
  3
Shaded with edges
350
5BE
  3
Shades of Gray
350
5BB
  3
Sketchy
350
5BC
  3
Thicken
350
5B7
  3
Wireframe
350
5B1
  3
X-Ray
350
5BD
  0
XRECORD
  5
5E5
102
{ACAD_REACTORS
330
A
102
}
330
A
100
AcDbXrecord
280
     1
 90
        1
330
5C3
  0
DICTIONARY
  5
5DC
102
{ACAD_REACTORS
330
A
102
}
330
A
100
AcDbDictionary
281
     1
  3
CANNOSCALE
350
5E1
  3
CMLEADERSTYLE
350
5DE
  3
CTABLESTYLE
350
5DD
  3
CVIEWDETAILSTYLE
350
5DF
  3
CVIEWSECTIONSTYLE
350
5E0
  0
DICTIONARY
  5
2D
330
A
100
AcDbDictionary
280
     1
281
     1
  3
CREATED_BY_EZDXF
360
2E
  3
WRITTEN_BY_EZDXF
360
5A7
  0
ACDBDETAILVIEWSTYLE
  5
5D8
102
{ACAD_XDICTIONARY
360
5E8
102
}
102
{ACAD_REACTORS
330
5D7
102
}
330
5D7
100
AcDbModelDocViewStyle
 70
     0
  3
Metric50
290
     0
100
AcDbDetailViewStyle
 70
     0
 71
     0
 90
        3
 71
     1
340
29
 62
   256
 40
5.0
340
0
 62
   256
 40
5.0
300

 40
0.0
280
     1
 71
     2
340
26
 90
       25
 62
   256
 71
     3
340
29
 62
   256
 40
5.0
 90
        0
 40
15.0
 90
        1
300
%<\AcVar ViewDetailId>% (%<\AcVar ViewScale \f "%sn">%)
 71
     4
340
26
 90
       25
 62
   256
340
26
 90
       25
 62
   256
280
     0
  0
LAYOUT
  5
1E
330
D
100
AcDbPlotSettings
  1

  2
Microsoft Print to PDF
  4
A3
  6

 40
7.5
 41
20.0
 42
7.5
 43
20.0
 44
420.0
 45
297.0
 46
0.0
 47
0.0
 48
0.0
 49
0.0
140
0.0
141
0.0
142
1.0
143
1.0
 70
     0
 72
     1
 73
     0
 74
     5
  7

 75
    16
147
1.0
 76
     0
 77
     2
 78
   300
148
0.0
149
0.0
100
AcDbLayout
  1
Layout1
 70
     1
 71
     1
 10
0.0
 20
0.0
 11
420.0
 21
297.0
 12
0.0
 22
0.0
 32
0.0
 14
1.000000000000000E+20
 24
1.000000000000000E+20
 34
1.000000000000000E+20
 15
-1.000000000000000E+20
 25
-1.000000000000000E+20
 35
-1.000000000000000E+20
146
0.0
 13
0.0
 23
0.0
 33
0.0
 16
1.0
 26
0.0
 36
0.0
 17
0.0
 27
1.0
 37
0.0
 76
     0
330
1B
  0
LAYOUT
  5
1A
330
D
100
AcDbPlotSettings
  1

  2
Microsoft Print to PDF
  4
A3
  6

 40
7.5
 41
20.0
 42
7.5
 43
20.0
 44
420.0
 45
297.0
 46
0.0
 47
0.0
 48
0.0
 49
0.0
140
0.0
141
0.0
142
1.0
143
1.0
 70
  1024
 72
     1
 73
     0
 74
     5
  7

 75
    16
147
1.0
 76
     0
 77
     2
 78
   300
148
0.0
149
0.0
100
AcDbLayout
  1
Model
 70
     1
 71
     0
 10
0.0
 20
0.0
 11
420.0
 21
297.0
 12
0.0
 22
0.0
 32
0.0
 14
1.000000000000000E+20
 24
1.000000000000000E+20
 34
1.000000000000000E+20
 15
-1.000000000000000E+20
 25
-1.000000000000000E+20
 35
-1.000000000000000E+20
146
0.0
 13
0.0
 23
0.0
 33
0.0
 16
1.0
 26
0.0
 36
0.0
 17
0.0
 27
1.0
 37
0.0
 76
     1
330
17
  0
MATERIAL
  5
1F
102
{ACAD_REACTORS
330
E
102
}
330
E
100
AcDbMaterial
  1
ByBlock
 71
     1
 91
-1023410177
 73
     1
 78
     1
172
     1
176
     1
270
     1
273
     1
274
     1
 94
       63
  0
MATERIAL
  5
20
102
{ACAD_REACTORS
330
E
102
}
330
E
100
AcDbMaterial
  1
ByLayer
 71
     1
 91
-1023410177
 73
     1
 78
     1
172
     1
176
     1
270
     1
273
     1
274
     1
 94
       63
  0
MATERIAL
  5
21
102
{ACAD_REACTORS
330
E
102
}
330
E
100
AcDbMaterial
  1
Global
 71
     1
 91
-1023410177
 73
     1
 78
     1
172
     1
176
     1
270
     1
273
     1
274
     1
 94
       63
  0
MLEADERSTYLE
  5
2C
102
{ACAD_REACTORS
330
F
102
}
330
F
100
AcDbMLeaderStyle
179
     2
170
     2
171
     1
172
     0
 90
        2
 40
0.0
 41
0.0
173
     1
 91
-1056964608
 92
       -2
290
     1
 42
2.0
291
     1
 43
8.0
  3
Standard
 44
4.0
300

342
29
174
     1
178
     1
175
     1
176
     0
 93
-1056964608
 45
4.0
292
     0
297
     0
 46
4.0
 94
-1056964608
 47
1.0
 49
1.0
140
1.0
293
     1
141
0.0
294
     1
177
     0
142
1.0
295
     0
296
     0
143
3.75
271
     0
272
     9
273
     9
298
     0
  0
MLINESTYLE
  5
22
102
{ACAD_REACTORS
330
10
102
}
330
10
100
AcDbMlineStyle
  2
STANDARD
 70
     0
  3

 62
   256
 51
90.0
 52
90.0
 71
     2
 49
0.5
 62
   256
  6
BYLAYER
 49
-0.5
 62
   256
  6
BYLAYER
  0
ACDBPLACEHOLDER
  5
13
330
12
  0
SCALE
  5
5C4
102
{ACAD_REACTORS
330
14
102
}
330
14
100
AcDbScale
 70
     0
300
1:1
140
1.0
141
1.0
290
     1
  0
SCALE
  5
5C5
102
{ACAD_REACTORS
330
14
102
}
330
14
100
AcDbScale
 70
     0
300
1:2
140
1.0
141
2.0
290
     0
  0
SCALE
  5
5C6
102
{ACAD_REACTORS
330
14
102
}
330
14
100
AcDbScale
 70
     0
300
1:4
140
1.0
141
4.0
290
     0
  0
SCALE
  5
5C7
102
{ACAD_REACTORS
330
14
102
}
330
14
100
AcDbScale
 70
     0
300
1:5
140
1.0
141
5.0
290
     0
  0
SCALE
  5
5C8
102
{ACAD_REACTORS
330
14
102
}
330
14
100
AcDbScale
 70
     0
300
1:8
140
1.0
141
8.0
290
     0
  0
SCALE
  5
5C9
102
{ACAD_REACTORS
330
14
102
}
330
14
100
AcDbScale
 70
     0
300
1:10
140
1.0
141
10.0
290
     0
  0
SCALE
  5
5CA
102
{ACAD_REACTORS
330
14
102
}
330
14
100
AcDbScale
 70
     0
300
1:16
140
1.0
141
16.0
290
     0
  0
SCALE
  5
5CB
102
{ACAD_REACTORS
330
14
102
}
330
14
100
AcDbScale
 70
     0
300
1:20
140
1.0
141
20.0
290
     0
  0
SCALE
  5
5CC
102
{ACAD_REACTORS
330
14
102
}
330
14
100
AcDbScale
 70
     0
300
1:30
140
1.0
141
30.0
290
     0
  0
SCALE
  5
5CD
102
{ACAD_REACTORS
330
14
102
}
330
14
100
AcDbScale
 70
     0
300
1:40
140
1.0
141
40.0
290
     0
  0
SCALE
  5
5CE
102
{ACAD_REACTORS
330
14
102
}
330
14
100
AcDbScale
 70
     0
300
1:50
140
1.0
141
50.0
290
     0
  0
SCALE
  5
5CF
102
{ACAD_REACTORS
330
14
102
}
330
14
100
AcDbScale
 70
     0
300
1:100
140
1.0
141
100.0
290
     0
  0
SCALE
  5
5D0
102
{ACAD_REACTORS
330
14
102
}
330
14
100
AcDbScale
 70
     0
300
2:1
140
2.0
141
1.0
290
     0
  0
SCALE
  5
5D1
102
{ACAD_REACTORS
330
14
102
}
330
14
100
AcDbScale
 70
     0
300
4:1
140
4.0
141
1.0
290
     0
  0
SCALE
  5
5D2
102
{ACAD_REACTORS
330
14
102
}
330
14
100
AcDbScale
 70
     0
300
8:1
140
8.0
141
1.0
290
     0
  0
SCALE
  5
5D3
102
{ACAD_REACTORS
330
14
102
}
330
14
100
AcDbScale
 70
     0
300
10:1
140
10.0
141
1.0
290
     0
  0
SCALE
  5
5D4
102
{ACAD_REACTORS
330
14
102
}
330
14
100
AcDbScale
 70
     0
300
100:1
140
100.0
141
1.0
290
     0
  0
ACDBSECTIONVIEWSTYLE
  5
5D6
102
{ACAD_XDICTIONARY
360
5E6
102
}
102
{ACAD_REACTORS
330
5D5
102
}
330
5D5
100
AcDbModelDocViewStyle
 70
     0
  3
Metric50
290
     0
100
AcDbSectionViewStyle
 70
     0
 71
     0
 90
      102
 71
     1
340
29
 62
   256
 40
5.0
340
0
340
0
 62
   256
 40
5.0
300
I, O, Q, S, X, Z
 40
10.0
 90
        0
 40
2.5
 90
        0
 71
     2
340
26
 90
       25
 62
   256
340
26
 90
       50
 62
   256
 40
5.0
 40
2.5
 40
5.0
 71
     3
340
29
 62
   256
 40
5.0
 90
        0
 40
15.0
 90
        1
300
%<\AcVar ViewSectionStartId>%-%<\AcVar ViewSectionEndId>% (%<\AcVar ViewScale \f "%sn">%)
 71
     4
 62
   256
 62
   257
300
ANSI31
 40
1.0
 90
        0
290
     0
290
     0
 90
        6
 40
0.0
 40
1.570796326794896
 40
0.2617993877991494
 40
1.308996938995747
 40
-0.2617993877991494
 40
1.832595714594046
  0
TABLESTYLE
  5
5C3
102
{ACAD_XDICTIONARY
360
5E3
102
}
102
{ACAD_REACTORS
330
15
102
}
330
15
100
AcDbTableStyle
280
     0
  3
Standard
 70
     0
 71
     0
 40
1.5
 41
1.5
280
     0
281
     0
  7
Standard
140
4.5
170
     2
 62
     0
 63
     7
283
     0
 90
      512
 91
        0
  1

274
    -2
284
     1
 64
     0
275
    -2
285
     1
 65
     0
276
    -2
286
     1
 66
     0
277
    -2
287
     1
 67
     0
278
    -2
288
     1
 68
     0
279
    -2
289
     1
 69
     0
  7
Standard
140
6.0
170
     5
 62
     0
 63
     7
283
     0
 90
      512
 91
        0
  1

274
    -2
284
     1
 64
     0
275
    -2
285
     1
 65
     0
276
    -2
286
     1
 66
     0
277
    -2
287
     1
 67
     0
278
    -2
288
     1
 68
     0
279
    -2
289
     1
 69
     0
  7
Standard
140
4.5
170
     5
 62
     0
 63
     7
283
     0
 90
      512
 91
        0
  1

274
    -2
284
     1
 64
     0
275
    -2
285
     1
 65
     0
276
    -2
286
     1
 66
     0
277
    -2
287
     1
 67
     0
278
    -2
288
     1
 68
     0
279
    -2
289
     1
 69
     0
  0
VISUALSTYLE
  5
5B0
102
{ACAD_REACTORS
330
16
102
}
330
16
100
AcDbVisualStyle
  2
2dWireframe
 70
     4
177
     3
291
     0
 70
    58
 90
        0
176
     1
 90
        2
176
     1
 90
        0
176
     1
 90
        0
176
     1
 40
0.6
176
     1
 40
30.0
176
     1
 62
     7
420
 16777215
176
     1
 90
        1
176
     1
 90
        4
176
     1
 62
     7
176
     1
 62
   257
176
     1
 90
        1
176
     1
 90
        1
176
     1
 40
1.0
176
     1
 90
        0
176
     1
 62
   257
176
     1
 40
1.0
176
     1
 90
        1
176
     1
 90
        6
176
     1
 90
        2
176
     1
 62
     7
176
     1
 90
        5
176
     1
 90
        0
176
     1
 90
        0
176
     1
290
     0
176
     1
 90
        1
176
     1
 40
0.0
176
     1
 90
        0
176
     1
290
     1
176
     1
290
     1
176
     1
290
     0
176
     1
290
     0
176
     1
290
     0
176
     1
290
     0
176
     1
290
     0
176
     1
290
     0
176
     1
290
     0
176
     1
 90
       50
176
     1
 40
0.0
176
     1
 40
1.0
176
     1
 90
        0
176
     1
 62
    18
420
        0
176
     1
 90
       50
176
     1
 90
        3
176
     1
 62
     5
420
      255
176
     1
290
     0
176
     1
 90
       50
176
     1
 90
       50
176
     1
 90
       50
176
     1
290
     0
176
     1
 90
       50
176
     1
 62
   256
176
     0
 40
1.0
176
     0
 90
        2
176
     1
  1
strokes_ogs.tif
176
     1
290
     0
176
     1
 40
1.0
176
     1
 40
1.0
176
     1
1001
ACAD
1000
AcDbSavedByObjectVersion
1070
     0
  0
VISUALSTYLE
  5
5AF
102
{ACAD_REACTORS
330
16
102
}
330
16
100
AcDbVisualStyle
  2
Basic
 70
     7
177
     3
291
     1
 70
    58
 90
        1
176
     1
 90
        0
176
     1
 90
        1
176
     1
 90
        0
176
     1
 40
0.6
176
     1
 40
30.0
176
     1
 62
     7
420
 16777215
176
     1
 90
        0
176
     1
 90
        4
176
     1
 62
     7
176
     1
 62
   257
176
     1
 90
        1
176
     1
 90
        1
176
     1
 40
1.0
176
     1
 90
        8
176
     1
 62
     7
176
     1
 40
1.0
176
     1
 90
        1
176
     1
 90
        6
176
     1
 90
        2
176
     1
 62
     7
176
     1
 90
        5
176
     1
 90
        0
176
     1
 90
        0
176
     1
290
     0
176
     1
 90
        1
176
     1
 40
0.0
176
     1
 90
        0
176
     1
290
     0
176
     1
290
     1
176
     1
290
     1
176
     1
290
     0
176
     1
290
     0
176
     1
290
     0
176
     1
290
     0
176
     1
290
     0
176
     1
290
     0
176
     1
 90
       50
176
     1
 40
0.0
176
     1
 40
1.0
176
     1
 90
        0
176
     1
 62
    18
420
        0
176
     1
 90
       50
176
     1
 90
        3
176
     1
 62
     5
420
      255
176
     1
290
     0
176
     1
 90
       50
176
     1
 90
       50
176
     1
 90
       50
176
     1
290
     0
176
     1
 90
       50
176
     1
 62
   256
176
     0
 40
1.0
176
     0
 90
        2
176
     1
  1
strokes_ogs.tif
176
     1
290
     0
176
     1
 40
1.0
176
     1
 40
1.0
176
     1
1001
ACAD
1000
AcDbSavedByObjectVersion
1070
     0
  0
VISUALSTYLE
  5
5B6
102
{ACAD_REACTORS
330
16
102
}
330
16
100
AcDbVisualStyle
  2
Brighten
 70
    12
177
     3
291
     1
 70
    58
 90
        2
176
     1
 90
        2
176
     1
 90
        0
176
     1
 90
        0
176
     1
 40
0.6
176
     1
 40
30.0
176
     1
 62
     7
420
 16777215
176
     1
 90
        1
176
     1
 90
        4
176
     1
 62
     7
176
     1
 62
   257
176
     1
 90
        1
176
     1
 90
        1
176
     1
 40
1.0
176
     1
 90
        8
176
     1
 62
     7
176
     1
 40
1.0
176
     1
 90
        1
176
     1
 90
        6
176
     1
 90
        2
176
     1
 62
     7
176
     1
 90
        5
176
     1
 90
        0
176
     1
 90
        0
176
     1
290
     0
176
     1
 90
        1
176
     1
 40
50.0
176
     1
 90
        0
176
     1
290
     0
176
     1
290
     1
176
     1
290
     1
176
     1
290
     0
176
     1
290
     0
176
     1
290
     0
176
     1
290
     0
176
     1
290
     0
176
     1
290
     0
176
     1
 90
       50
176
     1
 40
0.0
176
     1
 40
1.0
176
     1
 90
        0
176
     1
 62
    18
420
        0
176
     1
 90
       50
176
     1
 90
        3
176
     1
 62
     5
420
      255
176
     1
290
     0
176
     1
 90
       50
176
     1
 90
       50
176
     1
 90
       50
176
     1
290
     0
176
     1
 90
       50
176
     1
 62
   256
176
     0
 40
1.0
176
     0
 90
        2
176
     1
  1
strokes_ogs.tif
176
     1
290
     0
176
     1
 40
1.0
176
     1
 40
1.0
176
     1
1001
ACAD
1000
AcDbSavedByObjectVersion
1070
     0
  0
VISUALSTYLE
  5
5BA
102
{ACAD_REACTORS
330
16
102
}
330
16
100
AcDbVisualStyle
  2
ColorChange
 70
    16
177
     3
291
     1
 70
    58
 90
        2
176
     1
 90
        2
176
     1
 90
        3
176
     1
 90
        0
176
     1
 40
0.6
176
     1
 40
30.0
176
     1
 62
     8
420
  8421504
176
     1
 90
        1
176
     1
 90
        4
176
     1
 62
     7
176
     1
 62
   257
176
     1
 90
        1
176
     1
 90
        1
176
     1
 40
1.0
176
     1
 90
        8
176
     1
 62
     8
420
  8421504
176
     1
 40
1.0
176
     1
 90
        1
176
     1
 90
        6
176
     1
 90
        2
176
     1
 62
     7
176
     1
 90
        5
176
     1
 90
        0
176
     1
 90
        0
176
     1
290
     0
176
     1
 90
        1
176
     1
 40
0.0
176
     1
 90
        0
176
     1
290
     0
176
     1
290
     1
176
     1
290
     1
176
     1
290
     0
176
     1
290
     0
176
     1
290
     0
176
     1
290
     0
176
     1
290
     0
176
     1
290
     0
176
     1
 90
       50
176
     1
 40
0.0
176
     1
 40
1.0
176
     1
 90
        0
176
     1
 62
    18
420
        0
176
     1
 90
       50
176
     1
 90
        3
176
     1
 62
     5
420
      255
176
     1
290
     0
176
     1
 90
       50
176
     1
 90
       50
176
     1
 90
       50
176
     1
290
     0
176
     1
 90
       50
176
     1
 62
   256
176
     0
 40
1.0
176
     0
 90
        2
176
     1
  1
strokes_ogs.tif
176
     1
290
     0
176
     1
 40
1.0
176
     1
 40
1.0
176
     1
1001
ACAD
1000
AcDbSavedByObjectVersion
1070
     0
  0
VISUALSTYLE
  5
5B3
102
{ACAD_REACTORS
330
16
102
}
330
16
100
AcDbVisualStyle
  2
Conceptual
 70
     9
177
     3
291
     0
 70
    58
 90
        3
176
     1
 90
        2
176
     1
 90
        0
176
     1
 90
        0
176
     1
 40
0.6
176
     1
 40
30.0
176
     1
 62
     7
420
 16777215
176
     1
 90
        2
176
     1
 90
        2
176
     1
 62
     7
176
     1
 62
   257
176
     1
 90
        1
176
     1
 90
        1
176
     1
 40
179.0
176
     1
 90
        8
176
     1
 62
     7
176
     1
 40
1.0
176
     1
 90
        1
176
     1
 90
        6
176
     1
 90
        2
176
     1
 62
     7
176
     1
 90
        3
176
     1
 90
        0
176
     1
 90
        0
176
     1
290
     0
176
     1
 90
        1
176
     1
 40
0.0
176
     1
 90
        0
176
     1
290
     0
176
     1
290
     1
176
     1
290
     1
176
     1
290
     0
176
     1
290
     0
176
     1
290
     0
176
     1
290
     0
176
     1
290
     0
176
     1
290
     0
176
     1
 90
       50
176
     1
 40
0.0
176
     1
 40
1.0
176
     1
 90
        0
176
     1
 62
    18
420
        0
176
     1
 90
       50
176
     1
 90
        3
176
     1
 62
     5
420
      255
176
     1
290
     0
176
     1
 90
       50
176
     1
 90
       50
176
     1
 90
       50
176
     1
290
     0
176
     1
 90
       50
176
     1
 62
   256
176
     0
 40
1.0
176
     0
 90
        2
176
     1
  1
strokes_ogs.tif
176
     1
290
     0
176
     1
 40
1.0
176
     1
 40
1.0
176
     1
1001
ACAD
1000
AcDbSavedByObjectVersion
1070
     0
  0
VISUALSTYLE
  5
5B5
102
{ACAD_REACTORS
330
16
102
}
330
16
100
AcDbVisualStyle
  2
Dim
 70
    11
177
     3
291
     1
 70
    58
 90
        2
176
     1
 90
        2
176
     1
 90
        0
176
     1
 90
        0
176
     1
 40
0.6
176
     1
 40
30.0
176
     1
 62
     7
420
 16777215
176
     1
 90
        1
176
     1
 90
        4
176
     1
 62
     7
176
     1
 62
   257
176
     1
 90
        1
176
     1
 90
        1
176
     1
 40
1.0
176
     1
 90
        8
176
     1
 62
     7
176
     1
 40
1.0
176
     1
 90
        1
176
     1
 90
        6
176
     1
 90
        2
176
     1
 62
     7
176
     1
 90
        5
176
     1
 90
        0
176
     1
 90
        0
176
     1
290
     0
176
     1
 90
        1
176
     1
 40
-50.0
176
     1
 90
        0
176
     1
290
     0
176
     1
290
     1
176
     1
290
     1
176
     1
290
     0
176
     1
290
     0
176
     1
290
     0
176
     1
290
     0
176
     1
290
     0
176
     1
290
     0
176
     1
 90
       50
176
     1
 40
0.0
176
     1
 40
1.0
176
     1
 90
        0
176
     1
 62
    18
420
        0
176
     1
 90
       50
176
     1
 90
        3
176
     1
 62
     5
420
      255
176
     1
290
     0
176
     1
 90
       50
176
     1
 90
       50
176
     1
 90
       50
176
     1
290
     0
176
     1
 90
       50
176
     1
 62
   256
176
     0
 40
1.0
176
     0
 90
        2
176
     1
  1
strokes_ogs.tif
176
     1
290
     0
176
     1
 40
1.0
176
     1
 40
1.0
176
     1
1001
ACAD
1000
AcDbSavedByObjectVersion
1070
     0
  0
VISUALSTYLE
  5
5C2
102
{ACAD_REACTORS
330
16
102
}
330
16
100
AcDbVisualStyle
  2
EdgeColorOff
 70
    22
177
     3
291
     1
 70
    58
 90
        2
176
     0
 90
        2
176
     0
 90
        0
176
     0
 90
        0
176
     0
 40
0.6
176
     0
 40
30.0
176
     0
 62
     7
420
 16777215
176
     0
 90
        1
176
     0
 90
        4
176
     0
 62
     7
176
     0
 62
   257
176
     0
 90
        1
176
     0
 90
        1
176
     0
 40
1.0
176
     0
 90
        8
176
     2
 62
     7
176
     0
 40
1.0
176
     0
 90
        1
176
     0
 90
        6
176
     0
 90
        2
176
     0
 62
     7
176
     0
 90
        5
176
     0
 90
        0
176
     0
 90
        0
176
     0
290
     0
176
     0
 90
        1
176
     0
 40
0.0
176
     0
 90
        0
176
     0
290
     0
176
     1
290
     1
176
     1
290
     1
176
     1
290
     0
176
     1
290
     0
176
     1
290
     0
176
     1
290
     0
176
     1
290
     0
176
     1
290
     0
176
     1
 90
       50
176
     0
 40
0.0
176
     0
 40
1.0
176
     0
 90
        0
176
     0
 62
    18
420
        0
176
     0
 90
       50
176
     0
 90
        3
176
     0
 62
     5
420
      255
176
     0
290
     0
176
     1
 90
       50
176
     0
 90
       50
176
     0
 90
       50
176
     0
290
     0
176
     1
 90
       50
176
     0
 62
   256
176
     0
 40
1.0
176
     0
 90
        2
176
     0
  1
strokes_ogs.tif
176
     0
290
     0
176
     1
 40
1.0
176
     0
 40
1.0
176
     0
1001
ACAD
1000
AcDbSavedByObjectVersion
1070
     0
  0
VISUALSTYLE
  5
5B9
102
{ACAD_REACTORS
330
16
102
}
330
16
100
AcDbVisualStyle
  2
Facepattern
 70
    15
177
     3
291
     1
 70
    58
 90
        2
176
     1
 90
        2
176
     1
 90
        0
176
     1
 90
        0
176
     1
 40
0.6
176
     1
 40
30.0
176
     1
 62
     7
420
 16777215
176
     1
 90
        1
176
     1
 90
        4
176
     1
 62
     7
176
     1
 62
   257
176
     1
 90
        1
176
     1
 90
        1
176
     1
 40
1.0
176
     1
 90
        8
176
     1
 62
     7
176
     1
 40
1.0
176
     1
 90
        1
176
     1
 90
        6
176
     1
 90
        2
176
     1
 62
     7
176
     1
 90
        5
176
     1
 90
        0
176
     1
 90
        0
176
     1
290
     0
176
     1
 90
        1
176
     1
 40
0.0
176
     1
 90
        0
176
     1
290
     0
176
     1
290
     1
176
     1
290
     1
176
     1
290
     0
176
     1
290
     0
176
     1
290
     0
176
     1
290
     0
176
     1
290
     0
176
     1
290
     0
176
     1
 90
       50
176
     1
 40
0.0
176
     1
 40
1.0
176
     1
 90
        0
176
     1
 62
    18
420
        0
176
     1
 90
       50
176
     1
 90
        3
176
     1
 62
     5
420
      255
176
     1
290
     0
176
     1
 90
       50
176
     1
 90
       50
176
     1
 90
       50
176
     1
290
     0
176
     1
 90
       50
176
     1
 62
   256
176
     0
 40
1.0
176
     0
 90
        2
176
     1
  1
strokes_ogs.tif
176
     1
290
     0
176
     1
 40
1.0
176
     1
 40
1.0
176
     1
1001
ACAD
1000
AcDbSavedByObjectVersion
1070
     0
  0
VISUALSTYLE
  5
5AB
102
{ACAD_REACTORS
330
16
102
}
330
16
100
AcDbVisualStyle
  2
Flat
 70
     0
177
     3
291
     1
 70
    58
 90
        2
176
     1
 90
        1
176
     1
 90
        1
176
     1
 90
        2
176
     1
 40
0.6
176
     1
 40
30.0
176
     1
 62
     7
420
 16777215
176
     1
 90
        0
176
     1
 90
        0
176
     1
 62
     7
176
     1
 62
   257
176
     1
 90
        1
176
     1
 90
        1
176
     1
 40
1.0
176
     1
 90
        8
176
     1
 62
     7
176
     1
 40
1.0
176
     1
 90
        1
176
     1
 90
        6
176
     1
 90
        2
176
     1
 62
     7
176
     1
 90
        5
176
     1
 90
        0
176
     1
 90
        0
176
     1
290
     0
176
     1
 90
       13
176
     1
 40
0.0
176
     1
 90
        0
176
     1
290
     0
176
     1
290
     1
176
     1
290
     1
176
     1
290
     0
176
     1
290
     0
176
     1
290
     0
176
     1
290
     0
176
     1
290
     0
176
     1
290
     0
176
     1
 90
       50
176
     1
 40
0.0
176
     1
 40
1.0
176
     1
 90
        0
176
     1
 62
    18
420
        0
176
     1
 90
       50
176
     1
 90
        3
176
     1
 62
     5
420
      255
176
     1
290
     0
176
     1
 90
       50
176
     1
 90
       50
176
     1
 90
       50
176
     1
290
     0
176
     1
 90
       50
176
     1
 62
   256
176
     0
 40
1.0
176
     0
 90
        2
176
     1
  1
strokes_ogs.tif
176
     1
290
     0
176
     1
 40
1.0
176
     1
 40
1.0
176
     1
1001
ACAD
1000
AcDbSavedByObjectVersion
1070
     0
  0
VISUALSTYLE
  5
5AC
102
{ACAD_REACTORS
330
16
102
}
330
16
100
AcDbVisualStyle
  2
FlatWithEdges
 70
     1
177
     3
291
     1
 70
    58
 90
        2
176
     1
 90
        1
176
     1
 90
        1
176
     1
 90
        2
176
     1
 40
0.6
176
     1
 40
30.0
176
     1
 62
     7
420
 16777215
176
     1
 90
        1
176
     1
 90
        0
176
     1
 62
     7
176
     1
 62
   257
176
     1
 90
        1
176
     1
 90
        1
176
     1
 40
1.0
176
     1
 90
        0
176
     1
 62
   257
176
     1
 40
1.0
176
     1
 90
        1
176
     1
 90
        6
176
     1
 90
        2
176
     1
 62
     7
176
     1
 90
        5
176
     1
 90
        0
176
     1
 90
        0
176
     1
290
     0
176
     1
 90
       13
176
     1
 40
0.0
176
     1
 90
        0
176
     1
290
     0
176
     1
290
     1
176
     1
290
     1
176
     1
290
     0
176
     1
290
     0
176
     1
290
     0
176
     1
290
     0
176
     1
290
     0
176
     1
290
     0
176
     1
 90
       50
176
     1
 40
0.0
176
     1
 40
1.0
176
     1
 90
        0
176
     1
 62
    18
420
        0
176
     1
 90
       50
176
     1
 90
        3
176
     1
 62
     5
420
      255
176
     1
290
     0
176
     1
 90
       50
176
     1
 90
       50
176
     1
 90
       50
176
     1
290
     0
176
     1
 90
       50
176
     1
 62
   256
176
     0
 40
1.0
176
     0
 90
        2
176
     1
  1
strokes_ogs.tif
176
     1
290
     0
176
     1
 40
1.0
176
     1
 40
1.0
176
     1
1001
ACAD
1000
AcDbSavedByObjectVersion
1070
     0
  0
VISUALSTYLE
  5
5AD
102
{ACAD_REACTORS
330
16
102
}
330
16
100
AcDbVisualStyle
  2
Gouraud
 70
     2
177
     3
291
     1
 70
    58
 90
        2
176
     1
 90
        2
176
     1
 90
        1
176
     1
 90
        2
176
     1
 40
0.6
176
     1
 40
30.0
176
     1
 62
     7
420
 16777215
176
     1
 90
        0
176
     1
 90
        0
176
     1
 62
     7
176
     1
 62
   257
176
     1
 90
        1
176
     1
 90
        1
176
     1
 40
1.0
176
     1
 90
        0
176
     1
 62
     7
176
     1
 40
1.0
176
     1
 90
        1
176
     1
 90
        6
176
     1
 90
        2
176
     1
 62
     7
176
     1
 90
        5
176
     1
 90
        0
176
     1
 90
        0
176
     1
290
     0
176
     1
 90
       13
176
     1
 40
0.0
176
     1
 90
        0
176
     1
290
     0
176
     1
290
     1
176
     1
290
     1
176
     1
290
     0
176
     1
290
     0
176
     1
290
     0
176
     1
290
     0
176
     1
290
     0
176
     1
290
     0
176
     1
 90
       50
176
     1
 40
0.0
176
     1
 40
1.0
176
     1
 90
        0
176
     1
 62
    18
420
        0
176
     1
 90
       50
176
     1
 90
        3
176
     1
 62
     5
420
      255
176
     1
290
     0
176
     1
 90
       50
176
     1
 90
       50
176
     1
 90
       50
176
     1
290
     0
176
     1
 90
       50
176
     1
 62
   256
176
     0
 40
1.0
176
     0
 90
        2
176
     1
  1
strokes_ogs.tif
176
     1
290
     0
176
     1
 40
1.0
176
     1
 40
1.0
176
     1
1001
ACAD
1000
AcDbSavedByObjectVersion
1070
     0
  0
VISUALSTYLE
  5
5AE
102
{ACAD_REACTORS
330
16
102
}
330
16
100
AcDbVisualStyle
  2
GouraudWithEdges
 70
     3
177
     3
291
     1
 70
    58
 90
        2
176
     1
 90
        2
176
     1
 90
        1
176
     1
 90
        2
176
     1
 40
0.6
176
     1
 40
30.0
176
     1
 62
     7
420
 16777215
176
     1
 90
        1
176
     1
 90
        0
176
     1
 62
     7
176
     1
 62
   257
176
     1
 90
        1
176
     1
 90
        1
176
     1
 40
1.0
176
     1
 90
        0
176
     1
 62
   257
176
     1
 40
1.0
176
     1
 90
        1
176
     1
 90
        6
176
     1
 90
        2
176
     1
 62
     7
176
     1
 90
        5
176
     1
 90
        0
176
     1
 90
        0
176
     1
290
     0
176
     1
 90
       13
176
     1
 40
0.0
176
     1
 90
        0
176
     1
290
     0
176
     1
290
     1
176
     1
290
     1
176
     1
290
     0
176
     1
290
     0
176
     1
290
     0
176
     1
290
     0
176
     1
290
     0
176
     1
290
     0
176
     1
 90
       50
176
     1
 40
0.0
176
     1
 40
1.0
176
     1
 90
        0
176
     1
 62
    18
420
        0
176
     1
 90
       50
176
     1
 90
        3
176
     1
 62
     5
420
      255
176
     1
290
     0
176
     1
 90
       50
176
     1
 90
       50
176
     1
 90
       50
176
     1
290
     0
176
     1
 90
       50
176
     1
 62
   256
176
     0
 40
1.0
176
     0
 90
        2
176
     1
  1
strokes_ogs.tif
176
     1
290
     0
176
     1
 40
1.0
176
     1
 40
1.0
176
     1
1001
ACAD
1000
AcDbSavedByObjectVersion
1070
     0
  0
VISUALSTYLE
  5
5B2
102
{ACAD_REACTORS
330
16
102
}
330
16
100
AcDbVisualStyle
  2
Hidden
 70
     6
177
     3
291
     0
 70
    58
 90
        1
176
     1
 90
        2
176
     1
 90
        2
176
     1
 90
        0
176
     1
 40
0.6
176
     1
 40
30.0
176
     1
 62
     7
420
 16777215
176
     1
 90
        2
176
     1
 90
        2
176
     1
 62
     7
176
     1
 62
   257
176
     1
 90
        2
176
     1
 90
        1
176
     1
 40
40.0
176
     1
 90
        0
176
     1
 62
   257
176
     1
 40
1.0
176
     1
 90
        1
176
     1
 90
        6
176
     1
 90
        2
176
     1
 62
     7
176
     1
 90
        3
176
     1
 90
        0
176
     1
 90
        0
176
     1
290
     0
176
     1
 90
        1
176
     1
 40
0.0
176
     1
 90
        0
176
     1
290
     0
176
     1
290
     1
176
     1
290
     1
176
     1
290
     0
176
     1
290
     0
176
     1
290
     0
176
     1
290
     0
176
     1
290
     0
176
     1
290
     0
176
     1
 90
       50
176
     1
 40
0.0
176
     1
 40
1.0
176
     1
 90
        0
176
     1
 62
    18
420
        0
176
     1
 90
       50
176
     1
 90
        3
176
     1
 62
     5
420
      255
176
     1
290
     0
176
     1
 90
       50
176
     1
 90
       50
176
     1
 90
       50
176
     1
290
     0
176
     1
 90
       50
176
     1
 62
   256
176
     0
 40
1.0
176
     0
 90
        2
176
     1
  1
strokes_ogs.tif
176
     1
290
     0
176
     1
 40
1.0
176
     1
 40
1.0
176
     1
1001
ACAD
1000
AcDbSavedByObjectVersion
1070
     0
  0
VISUALSTYLE
  5
5C0
102
{ACAD_REACTORS
330
16
102
}
330
16
100
AcDbVisualStyle
  2
JitterOff
 70
    20
177
     3
291
     1
 70
    58
 90
        2
176
     0
 90
        2
176
     0
 90
        0
176
     0
 90
        0
176
     0
 40
0.6
176
     0
 40
30.0
176
     0
 62
     7
420
 16777215
176
     0
 90
        1
176
     0
 90
        4
176
     0
 62
     7
176
     0
 62
   257
176
     0
 90
        1
176
     0
 90
        1
176
     0
 40
1.0
176
     0
 90
       10
176
     2
 62
     7
176
     0
 40
1.0
176
     0
 90
        1
176
     0
 90
        6
176
     0
 90
        2
176
     0
 62
     7
176
     0
 90
        5
176
     0
 90
        0
176
     0
 90
        0
176
     0
290
     0
176
     0
 90
        1
176
     0
 40
0.0
176
     0
 90
        0
176
     0
290
     0
176
     1
290
     1
176
     1
290
     1
176
     1
290
     0
176
     1
290
     0
176
     1
290
     0
176
     1
290
     0
176
     1
290
     0
176
     1
290
     0
176
     1
 90
       50
176
     0
 40
0.0
176
     0
 40
1.0
176
     0
 90
        0
176
     0
 62
    18
420
        0
176
     0
 90
       50
176
     0
 90
        3
176
     0
 62
     5
420
      255
176
     0
290
     0
176
     1
 90
       50
176
     0
 90
       50
176
     0
 90
       50
176
     0
290
     0
176
     1
 90
       50
176
     0
 62
   256
176
     0
 40
1.0
176
     0
 90
        2
176
     0
  1
strokes_ogs.tif
176
     0
290
     0
176
     1
 40
1.0
176
     0
 40
1.0
176
     0
1001
ACAD
1000
AcDbSavedByObjectVersion
1070
     0
  0
VISUALSTYLE
  5
5B8
102
{ACAD_REACTORS
330
16
102
}
330
16
100
AcDbVisualStyle
  2
Linepattern
 70
    14
177
     3
291
     1
 70
    58
 90
        2
176
     1
 90
        2
176
     1
 90
        0
176
     1
 90
        0
176
     1
 40
0.6
176
     1
 40
30.0
176
     1
 62
     7
420
 16777215
176
     1
 90
        1
176
     1
 90
        4
176
     1
 62
     7
176
     1
 62
   257
176
     1
 90
        7
176
     1
 90
        7
176
     1
 40
1.0
176
     1
 90
        8
176
     1
 62
     7
176
     1
 40
1.0
176
     1
 90
        1
176
     1
 90
        6
176
     1
 90
        2
176
     1
 62
     7
176
     1
 90
        5
176
     1
 90
        0
176
     1
 90
        0
176
     1
290
     0
176
     1
 90
        1
176
     1
 40
0.0
176
     1
 90
        0
176
     1
290
     0
176
     1
290
     1
176
     1
290
     1
176
     1
290
     0
176
     1
290
     0
176
     1
290
     0
176
     1
290
     0
176
     1
290
     0
176
     1
290
     0
176
     1
 90
       50
176
     1
 40
0.0
176
     1
 40
1.0
176
     1
 90
        0
176
     1
 62
    18
420
        0
176
     1
 90
       50
176
     1
 90
        3
176
     1
 62
     5
420
      255
176
     1
290
     0
176
     1
 90
       50
176
     1
 90
       50
176
     1
 90
       50
176
     1
290
     0
176
     1
 90
       50
176
     1
 62
   256
176
     0
 40
1.0
176
     0
 90
        2
176
     1
  1
strokes_ogs.tif
176
     1
290
     0
176
     1
 40
1.0
176
     1
 40
1.0
176
     1
1001
ACAD
1000
AcDbSavedByObjectVersion
1070
     0
  0
VISUALSTYLE
  5
5C1
102
{ACAD_REACTORS
330
16
102
}
330
16
100
AcDbVisualStyle
  2
OverhangOff
 70
    21
177
     3
291
     1
 70
    58
 90
        2
176
     0
 90
        2
176
     0
 90
        0
176
     0
 90
        0
176
     0
 40
0.6
176
     0
 40
30.0
176
     0
 62
     7
420
 16777215
176
     0
 90
        1
176
     0
 90
        4
176
     0
 62
     7
176
     0
 62
   257
176
     0
 90
        1
176
     0
 90
        1
176
     0
 40
1.0
176
     0
 90
        9
176
     2
 62
     7
176
     0
 40
1.0
176
     0
 90
        1
176
     0
 90
        6
176
     0
 90
        2
176
     0
 62
     7
176
     0
 90
        5
176
     0
 90
        0
176
     0
 90
        0
176
     0
290
     0
176
     0
 90
        1
176
     0
 40
0.0
176
     0
 90
        0
176
     0
290
     0
176
     1
290
     1
176
     1
290
     1
176
     1
290
     0
176
     1
290
     0
176
     1
290
     0
176
     1
290
     0
176
     1
290
     0
176
     1
290
     0
176
     1
 90
       50
176
     0
 40
0.0
176
     0
 40
1.0
176
     0
 90
        0
176
     0
 62
    18
420
        0
176
     0
 90
       50
176
     0
 90
        3
176
     0
 62
     5
420
      255
176
     0
290
     0
176
     1
 90
       50
176
     0
 90
       50
176
     0
 90
       50
176
     0
290
     0
176
     1
 90
       50
176
     0
 62
   256
176
     0
 40
1.0
176
     0
 90
        2
176
     0
  1
strokes_ogs.tif
176
     0
290
     0
176
     1
 40
1.0
176
     0
 40
1.0
176
     0
1001
ACAD
1000
AcDbSavedByObjectVersion
1070
     0
  0
VISUALSTYLE
  5
5B4
102
{ACAD_REACTORS
330
16
102
}
330
16
100
AcDbVisualStyle
  2
Realistic
 70
     8
177
     3
291
     0
 70
    58
 90
        2
176
     1
 90
        3
176
     1
 90
        0
176
     1
 90
        2
176
     1
 40
0.6
176
     1
 40
30.0
176
     1
 62
     7
420
 16777215
176
     1
 90
        0
176
     1
 90
        0
176
     1
 62
     7
176
     1
 62
   257
176
     1
 90
        1
176
     1
 90
        1
176
     1
 40
1.0
176
     1
 90
        8
176
     1
 62
   257
176
     1
 40
1.0
176
     1
 90
        1
176
     1
 90
        6
176
     1
 90
        2
176
     1
 62
     7
176
     1
 90
        3
176
     1
 90
        0
176
     1
 90
        0
176
     1
290
     0
176
     1
 90
       13
176
     1
 40
0.0
176
     1
 90
        0
176
     1
290
     0
176
     1
290
     1
176
     1
290
     1
176
     1
290
     0
176
     1
290
     0
176
     1
290
     0
176
     1
290
     0
176
     1
290
     0
176
     1
290
     0
176
     1
 90
       50
176
     1
 40
0.0
176
     1
 40
1.0
176
     1
 90
        0
176
     1
 62
    18
420
        0
176
     1
 90
       50
176
     1
 90
        3
176
     1
 62
     5
420
      255
176
     1
290
     0
176
     1
 90
       50
176
     1
 90
       50
176
     1
 90
       50
176
     1
290
     0
176
     1
 90
       50
176
     1
 62
   256
176
     0
 40
1.0
176
     0
 90
        2
176
     1
  1
strokes_ogs.tif
176
     1
290
     0
176
     1
 40
1.0
176
     1
 40
1.0
176
     1
1001
ACAD
1000
AcDbSavedByObjectVersion
1070
     0
  0
VISUALSTYLE
  5
5BF
102
{ACAD_REACTORS
330
16
102
}
330
16
100
AcDbVisualStyle
  2
Shaded
 70
    27
177
     3
291
     0
 70
    58
 90
        2
176
     1
 90
        2
176
     1
 90
        1
176
     1
 90
        2
176
     1
 40
0.6
176
     1
 40
30.0
176
     1
 62
     7
420
 16777215
176
     1
 90
        0
176
     1
 90
        4
176
     1
 62
     7
176
     1
 62
   257
176
     1
 90
        1
176
     1
 90
        1
176
     1
 40
1.0
176
     1
 90
        8
176
     1
 62
   257
176
     1
 40
1.0
176
     1
 90
        1
176
     1
 90
        6
176
     1
 90
        2
176
     1
 62
     8
420
  7895160
176
     1
 90
        3
176
     1
 90
        0
176
     1
 90
        0
176
     1
290
     0
176
     1
 90
        5
176
     1
 40
0.0
176
     1
 90
        0
176
     1
290
     0
176
     1
290
     1
176
     1
290
     1
176
     1
290
     0
176
     1
290
     0
176
     1
290
     0
176
     1
290
     0
176
     1
290
     0
176
     1
290
     0
176
     1
 90
       50
176
     1
 40
0.0
176
     1
 40
1.0
176
     1
 90
        0
176
     1
 62
    18
420
        0
176
     1
 90
       50
176
     1
 90
        3
176
     1
 62
     5
420
      255
176
     1
290
     0
176
     1
 90
       50
176
     1
 90
       50
176
     1
 90
       50
176
     1
290
     0
176
     1
 90
       50
176
     1
 62
   256
176
     0
 40
1.0
176
     0
 90
        2
176
     1
  1
strokes_ogs.tif
176
     1
290
     0
176
     1
 40
1.0
176
     1
 40
1.0
176
     1
1001
ACAD
1000
AcDbSavedByObjectVersion
1070
     0
  0
VISUALSTYLE
  5
5BE
102
{ACAD_REACTORS
330
16
102
}
330
16
100
AcDbVisualStyle
  2
Shaded with edges
 70
    26
177
     3
291
     0
 70
    58
 90
        2
176
     1
 90
        2
176
     1
 90
        1
176
     1
 90
        2
176
     1
 40
0.6
176
     1
 40
30.0
176
     1
 62
     7
420
 16777215
176
     1
 90
        1
176
     1
 90
        2
176
     1
 62
     7
176
     1
 62
   257
176
     1
 90
        2
176
     1
 90
        1
176
     1
 40
1.0
176
     1
 90
        8
176
     1
 62
   257
176
     1
 40
1.0
176
     1
 90
        1
176
     1
 90
        6
176
     1
 90
        2
176
     1
 62
     7
176
     1
 90
        3
176
     1
 90
        0
176
     1
 90
        0
176
     1
290
     0
176
     1
 90
        5
176
     1
 40
0.0
176
     1
 90
        0
176
     1
290
     0
176
     1
290
     1
176
     1
290
     1
176
     1
290
     0
176
     1
290
     0
176
     1
290
     0
176
     1
290
     0
176
     1
290
     0
176
     1
290
     0
176
     1
 90
       50
176
     1
 40
0.0
176
     1
 40
1.0
176
     1
 90
        0
176
     1
 62
    18
420
        0
176
     1
 90
       50
176
     1
 90
        3
176
     1
 62
     5
420
      255
176
     1
290
     0
176
     1
 90
       50
176
     1
 90
       50
176
     1
 90
       50
176
     1
290
     0
176
     1
 90
       50
176
     1
 62
   256
176
     0
 40
1.0
176
     0
 90
        2
176
     1
  1
strokes_ogs.tif
176
     1
290
     0
176
     1
 40
1.0
176
     1
 40
1.0
176
     1
1001
ACAD
1000
AcDbSavedByObjectVersion
1070
     0
  0
VISUALSTYLE
  5
5BB
102
{ACAD_REACTORS
330
16
102
}
330
16
100
AcDbVisualStyle
  2
Shades of Gray
 70
    23
177
     3
291
     0
 70
    58
 90
        2
176
     1
 90
        2
176
     1
 90
        3
176
     1
 90
        0
176
     1
 40
0.6
176
     1
 40
30.0
176
     1
 62
     7
420
 16777215
176
     1
 90
        2
176
     1
 90
        2
176
     1
 62
     7
176
     1
 62
     7
176
     1
 90
        1
176
     1
 90
        1
176
     1
 40
40.0
176
     1
 90
        8
176
     1
 62
     7
176
     1
 40
1.0
176
     1
 90
        1
176
     1
 90
        6
176
     1
 90
        2
176
     1
 62
     7
176
     1
 90
        3
176
     1
 90
        0
176
     1
 90
        0
176
     1
290
     0
176
     1
 90
        1
176
     1
 40
0.0
176
     1
 90
        0
176
     1
290
     0
176
     1
290
     1
176
     1
290
     1
176
     1
290
     0
176
     1
290
     0
176
     1
290
     0
176
     1
290
     0
176
     1
290
     0
176
     1
290
     0
176
     1
 90
       50
176
     1
 40
0.0
176
     1
 40
1.0
176
     1
 90
        0
176
     1
 62
    18
420
        0
176
     1
 90
       50
176
     1
 90
        3
176
     1
 62
     5
420
      255
176
     1
290
     0
176
     1
 90
       50
176
     1
 90
       50
176
     1
 90
       50
176
     1
290
     0
176
     1
 90
       50
176
     1
 62
   256
176
     0
 40
1.0
176
     0
 90
        2
176
     1
  1
strokes_ogs.tif
176
     1
290
     0
176
     1
 40
1.0
176
     1
 40
1.0
176
     1
1001
ACAD
1000
AcDbSavedByObjectVersion
1070
     0
  0
VISUALSTYLE
  5
5BC
102
{ACAD_REACTORS
330
16
102
}
330
16
100
AcDbVisualStyle
  2
Sketchy
 70
    24
177
     3
291
     0
 70
    58
 90
        1
176
     1
 90
        2
176
     1
 90
        2
176
     1
 90
        0
176
     1
 40
0.6
176
     1
 40
30.0
176
     1
 62
     7
420
 16777215
176
     1
 90
        2
176
     1
 90
        2
176
     1
 62
     7
176
     1
 62
     7
176
     1
 90
        1
176
     1
 90
        1
176
     1
 40
40.0
176
     1
 90
       11
176
     1
 62
     7
176
     1
 40
1.0
176
     1
 90
        1
176
     1
 90
        6
176
     1
 90
        2
176
     1
 62
     7
176
     1
 90
        6
176
     1
 90
        0
176
     1
 90
        0
176
     1
290
     0
176
     1
 90
        1
176
     1
 40
0.0
176
     1
 90
        0
176
     1
290
     0
176
     1
290
     1
176
     1
290
     1
176
     1
290
     0
176
     1
290
     0
176
     1
290
     0
176
     1
290
     0
176
     1
290
     0
176
     1
290
     0
176
     1
 90
       50
176
     1
 40
0.0
176
     1
 40
1.0
176
     1
 90
        0
176
     1
 62
    18
420
        0
176
     1
 90
       50
176
     1
 90
        3
176
     1
 62
     5
420
      255
176
     1
290
     0
176
     1
 90
       50
176
     1
 90
       50
176
     1
 90
       50
176
     1
290
     0
176
     1
 90
       50
176
     1
 62
   256
176
     0
 40
1.0
176
     0
 90
        2
176
     1
  1
strokes_ogs.tif
176
     1
290
     0
176
     1
 40
1.0
176
     1
 40
1.0
176
     1
1001
ACAD
1000
AcDbSavedByObjectVersion
1070
     0
  0
VISUALSTYLE
  5
5B7
102
{ACAD_REACTORS
330
16
102
}
330
16
100
AcDbVisualStyle
  2
Thicken
 70
    13
177
     3
291
     1
 70
    58
 90
        2
176
     1
 90
        2
176
     1
 90
        0
176
     1
 90
        0
176
     1
 40
0.6
176
     1
 40
30.0
176
     1
 62
     7
420
 16777215
176
     1
 90
        1
176
     1
 90
        4
176
     1
 62
     7
176
     1
 62
   257
176
     1
 90
        1
176
     1
 90
        1
176
     1
 40
1.0
176
     1
 90
       12
176
     1
 62
     7
176
     1
 40
1.0
176
     1
 90
        1
176
     1
 90
        6
176
     1
 90
        2
176
     1
 62
     7
176
     1
 90
        5
176
     1
 90
        0
176
     1
 90
        0
176
     1
290
     0
176
     1
 90
        1
176
     1
 40
0.0
176
     1
 90
        0
176
     1
290
     0
176
     1
290
     1
176
     1
290
     1
176
     1
290
     0
176
     1
290
     0
176
     1
290
     0
176
     1
290
     0
176
     1
290
     0
176
     1
290
     0
176
     1
 90
       50
176
     1
 40
0.0
176
     1
 40
1.0
176
     1
 90
        0
176
     1
 62
    18
420
        0
176
     1
 90
       50
176
     1
 90
        3
176
     1
 62
     5
420
      255
176
     1
290
     0
176
     1
 90
       50
176
     1
 90
       50
176
     1
 90
       50
176
     1
290
     0
176
     1
 90
       50
176
     1
 62
   256
176
     0
 40
1.0
176
     0
 90
        2
176
     1
  1
strokes_ogs.tif
176
     1
290
     0
176
     1
 40
1.0
176
     1
 40
1.0
176
     1
1001
ACAD
1000
AcDbSavedByObjectVersion
1070
     0
  0
VISUALSTYLE
  5
5B1
102
{ACAD_REACTORS
330
16
102
}
330
16
100
AcDbVisualStyle
  2
Wireframe
 70
     5
177
     3
291
     0
 70
    58
 90
        0
176
     1
 90
        2
176
     1
 90
        0
176
     1
 90
        0
176
     1
 40
0.6
176
     1
 40
30.0
176
     1
 62
     7
420
 16777215
176
     1
 90
        1
176
     1
 90
        4
176
     1
 62
     7
176
     1
 62
   257
176
     1
 90
        1
176
     1
 90
        1
176
     1
 40
1.0
176
     1
 90
        0
176
     1
 62
   257
176
     1
 40
1.0
176
     1
 90
        1
176
     1
 90
        6
176
     1
 90
        2
176
     1
 62
     7
176
     1
 90
        3
176
     1
 90
        0
176
     1
 90
        0
176
     1
290
     0
176
     1
 90
        1
176
     1
 40
0.0
176
     1
 90
        0
176
     1
290
     0
176
     1
290
     1
176
     1
290
     1
176
     1
290
     0
176
     1
290
     0
176
     1
290
     0
176
     1
290
     0
176
     1
290
     0
176
     1
290
     0
176
     1
 90
       50
176
     1
 40
0.0
176
     1
 40
1.0
176
     1
 90
        0
176
     1
 62
    18
420
        0
176
     1
 90
       50
176
     1
 90
        3
176
     1
 62
     5
420
      255
176
     1
290
     0
176
     1
 90
       50
176
     1
 90
       50
176
     1
 90
       50
176
     1
290
     0
176
     1
 90
       50
176
     1
 62
   256
176
     0
 40
1.0
176
     0
 90
        2
176
     1
  1
strokes_ogs.tif
176
     1
290
     0
176
     1
 40
1.0
176
     1
 40
1.0
176
     1
1001
ACAD
1000
AcDbSavedByObjectVersion
1070
     0
  0
VISUALSTYLE
  5
5BD
102
{ACAD_REACTORS
330
16
102
}
330
16
100
AcDbVisualStyle
  2
X-Ray
 70
    25
177
     3
291
     0
 70
    58
 90
        2
176
     1
 90
        2
176
     1
 90
        1
176
     1
 90
        1
176
     1
 40
0.5
176
     1
 40
30.0
176
     1
 62
     7
420
 16777215
176
     1
 90
        1
176
     1
 90
        0
176
     1
 62
     7
176
     1
 62
   257
176
     1
 90
        1
176
     1
 90
        1
176
     1
 40
1.0
176
     1
 90
        8
176
     1
 62
     7
176
     1
 40
1.0
176
     1
 90
        1
176
     1
 90
        6
176
     1
 90
        2
176
     1
 62
     7
176
     1
 90
        3
176
     1
 90
        0
176
     1
 90
        0
176
     1
290
     0
176
     1
 90
       13
176
     1
 40
0.0
176
     1
 90
        0
176
     1
290
     0
176
     1
290
     1
176
     1
290
     1
176
     1
290
     0
176
     1
290
     0
176
     1
290
     0
176
     1
290
     0
176
     1
290
     0
176
     1
290
     0
176
     1
 90
       50
176
     1
 40
0.0
176
     1
 40
1.0
176
     1
 90
        0
176
     1
 62
    18
420
        0
176
     1
 90
       50
176
     1
 90
        3
176
     1
 62
     5
420
      255
176
     1
290
     0
176
     1
 90
       50
176
     1
 90
       50
176
     1
 90
       50
176
     1
290
     0
176
     1
 90
       50
176
     1
 62
   256
176
     0
 40
1.0
176
     0
 90
        2
176
     1
  1
strokes_ogs.tif
176
     1
290
     0
176
     1
 40
1.0
176
     1
 40
1.0
176
     1
1001
ACAD
1000
AcDbSavedByObjectVersion
1070
     0
  0
DICTIONARYVAR
  5
5E1
102
{ACAD_REACTORS
330
5DC
102
}
330
5DC
100
DictionaryVariables
280
     0
  1
1:1
  0
DICTIONARYVAR
  5
5DE
102
{ACAD_REACTORS
330
5DC
102
}
330
5DC
100
DictionaryVariables
280
     0
  1
STANDARD
  0
DICTIONARYVAR
  5
5DD
102
{ACAD_REACTORS
330
5DC
102
}
330
5DC
100
DictionaryVariables
280
     0
  1
STANDARD
  0
DICTIONARYVAR
  5
5DF
102
{ACAD_REACTORS
330
5DC
102
}
330
5DC
100
DictionaryVariables
280
     0
  1
Metric50
  0
DICTIONARYVAR
  5
5E0
102
{ACAD_REACTORS
330
5DC
102
}
330
5DC
100
DictionaryVariables
280
     0
  1
Metric50
  0
DICTIONARYVAR
  5
2E
330
2D
100
DictionaryVariables
280
     0
  1
1.4.4 @ 2026-10-08T16:27:06.451459+00:00
  0
DICTIONARYVAR
  5
5A7
330
2D
100
DictionaryVariables
280
     0
  1
1.4.4 @ 2026-10-08T16:27:07.036702+00:00
  0
DICTIONARY
  5
5E8
330
5D8
100
AcDbDictionary
280
     1
281
     1
  3
ACAD_XREC_ROUNDTRIP
360
5E9
  0
DICTIONARY
  5
5E6
330
5D6
100
AcDbDictionary
280
     1
281
     1
  3
ACAD_XREC_ROUNDTRIP
360
5E7
  0
DICTIONARY
  5
5E3
330
5C3
100
AcDbDictionary
280
     1
281
     1
  3
ACAD_ROUNDTRIP_2008_TABLESTYLE_CELLSTYLEMAP
360
5E4
  0
XRECORD
  5
5E9
102
{ACAD_REACTORS
330
5E8
102
}
330
5E8
100
AcDbXrecord
280
     1
102
DISPLAYNAME
  1
Metric50
102
FLAGS
 90
        0
  0
XRECORD
  5
5E7
102
{ACAD_REACTORS
330
5E6
102
}
330
5E6
100
AcDbXrecord
280
     1
102
DISPLAYNAME
  1
Metric50
102
FLAGS
 90
        0
  0
CELLSTYLEMAP
  5
5E4
102
{ACAD_REACTORS
330
5E3
102
}
330
5E3
100
AcDbCellStyleMap
 90
        3
300
CELLSTYLE
  1
TABLEFORMAT_BEGIN
 90
        5
170
     1
 91
        0
 92
    32768
 62
   257
 93
        1
300
CONTENTFORMAT
  1
CONTENTFORMAT_BEGIN
 90
        0
 91
        0
 92
      512
 93
        0
300

 40
0.0
140
1.0
 94
        5
 62
     0
340
29
144
6.0
309
CONTENTFORMAT_END
171
     1
301
MARGIN
  1
CELLMARGIN_BEGIN
 40
1.5
 40
1.5
 40
1.5
 40
1.5
 40
4.5
 40
4.5
309
CELLMARGIN_END
 94
        6
 95
        1
302
GRIDFORMAT
  1
GRIDFORMAT_BEGIN
 90
        0
 91
        1
 62
     0
 92
       -2
340
0
 93
        0
 40
1.125
309
GRIDFORMAT_END
 95
        2
302
GRIDFORMAT
  1
GRIDFORMAT_BEGIN
 90
        0
 91
        1
 62
     0
 92
       -2
340
0
 93
        0
 40
1.125
309
GRIDFORMAT_END
 95
        4
302
GRIDFORMAT
  1
GRIDFORMAT_BEGIN
 90
        0
 91
        1
 62
     0
 92
       -2
340
0
 93
        0
 40
1.125
309
GRIDFORMAT_END
 95
        8
302
GRIDFORMAT
  1
GRIDFORMAT_BEGIN
 90
        0
 91
        1
 62
     0
 92
       -2
340
0
 93
        0
 40
1.125
309
GRIDFORMAT_END
 95
       16
302
GRIDFORMAT
  1
GRIDFORMAT_BEGIN
 90
        0
 91
        1
 62
     0
 92
       -2
340
0
 93
        0
 40
1.125
309
GRIDFORMAT_END
 95
       32
302
GRIDFORMAT
  1
GRIDFORMAT_BEGIN
 90
        0
 91
        1
 62
     0
 92
       -2
340
0
 93
        0
 40
1.125
309
GRIDFORMAT_END
309
TABLEFORMAT_END
  1
CELLSTYLE_BEGIN
 90
        1
 91
        1
300
_TITLE
309
CELLSTYLE_END
300
CELLSTYLE
  1
TABLEFORMAT_BEGIN
 90
        5
170
     1
 91
        0
 92
        0
 62
   257
 93
        1
300
CONTENTFORMAT
  1
CONTENTFORMAT_BEGIN
 90
        0
 91
        0
 92
      512
 93
        0
300

 40
0.0
140
1.0
 94
        5
 62
     0
340
29
144
4.5
309
CONTENTFORMAT_END
171
     1
301
MARGIN
  1
CELLMARGIN_BEGIN
 40
1.5
 40
1.5
 40
1.5
 40
1.5
 40
4.5
 40
4.5
309
CELLMARGIN_END
 94
        6
 95
        1
302
GRIDFORMAT
  1
GRIDFORMAT_BEGIN
 90
        0
 91
        1
 62
     0
 92
       -2
340
0
 93
        0
 40
1.125
309
GRIDFORMAT_END
 95
        2
302
GRIDFORMAT
  1
GRIDFORMAT_BEGIN
 90
        0
 91
        1
 62
     0
 92
       -2
340
0
 93
        0
 40
1.125
309
GRIDFORMAT_END
 95
        4
302
GRIDFORMAT
  1
GRIDFORMAT_BEGIN
 90
        0
 91
        1
 62
     0
 92
       -2
340
0
 93
        0
 40
1.125
309
GRIDFORMAT_END
 95
        8
302
GRIDFORMAT
  1
GRIDFORMAT_BEGIN
 90
        0
 91
        1
 62
     0
 92
       -2
340
0
 93
        0
 40
1.125
309
GRIDFORMAT_END
 95
       16
302
GRIDFORMAT
  1
GRIDFORMAT_BEGIN
 90
        0
 91
        1
 62
     0
 92
       -2
340
0
 93
        0
 40
1.125
309
GRIDFORMAT_END
 95
       32
302
GRIDFORMAT
  1
GRIDFORMAT_BEGIN
 90
        0
 91
        1
 62
     0
 92
       -2
340
0
 93
        0
 40
1.125
309
GRIDFORMAT_END
309
TABLEFORMAT_END
  1
CELLSTYLE_BEGIN
 90
        2
 91
        1
300
_HEADER
309
CELLSTYLE_END
300
CELLSTYLE
  1
TABLEFORMAT_BEGIN
 90
        5
170
     1
 91
        0
 92
        0
 62
   257
 93
        1
300
CONTENTFORMAT
  1
CONTENTFORMAT_BEGIN
 90
        0
 91
        0
 92
      512
 93
        0
300

 40
0.0
140
1.0
 94
        2
 62
     0
340
29
144
4.5
309
CONTENTFORMAT_END
171
     1
301
MARGIN
  1
CELLMARGIN_BEGIN
 40
1.5
 40
1.5
 40
1.5
 40
1.5
 40
4.5
 40
4.5
309
CELLMARGIN_END
 94
        6
 95
        1
302
GRIDFORMAT
  1
GRIDFORMAT_BEGIN
 90
        0
 91
        1
 62
     0
 92
       -2
340
0
 93
        0
 40
1.125
309
GRIDFORMAT_END
 95
        2
302
GRIDFORMAT
  1
GRIDFORMAT_BEGIN
 90
        0
 91
        1
 62
     0
 92
       -2
340
0
 93
        0
 40
1.125
309
GRIDFORMAT_END
 95
        4
302
GRIDFORMAT
  1
GRIDFORMAT_BEGIN
 90
        0
 91
        1
 62
     0
 92
       -2
340
0
 93
        0
 40
1.125
309
GRIDFORMAT_END
 95
        8
302
GRIDFORMAT
  1
GRIDFORMAT_BEGIN
 90
        0
 91
        1
 62
     0
 92
       -2
340
0
 93
        0
 40
1.125
309
GRIDFORMAT_END
 95
       16
302
GRIDFORMAT
  1
GRIDFORMAT_BEGIN
 90
        0
 91
        1
 62
     0
 92
       -2
340
0
 93
        0
 40
1.125
309
GRIDFORMAT_END
 95
       32
302
GRIDFORMAT
  1
GRIDFORMAT_BEGIN
 90
        0
 91
        1
 62
     0
 92
       -2
340
0
 93
        0
 40
1.125
309
GRIDFORMAT_END
309
TABLEFORMAT_END
  1
CELLSTYLE_BEGIN
 90
        3
 91
        2
300
_DATA
309
CELLSTYLE_END
  0
ENDSEC
  0
EOF
