  0
SECTION
  2
HEADER
  9
$ACADVER
  1
AC1024
  9
$ACADMAINTVER
 70
6
  9
$DWGCODEPAGE
  3
ANSI_1252
  9
$LASTSAVEDBY
  1
ezdxf
  9
$INSBASE
 10
0.0
 20
0.0
 30
0.0
  9
$EXTMIN
 10
1e+20
 20
1e+20
 30
1e+20
  9
$EXTMAX
 10
-1e+20
 20
-1e+20
 30
-1e+20
  9
$LIMMIN
 10
0.0
 20
0.0
  9
$LIMMAX
 10
420.0
 20
297.0
  9
$ORTHOMODE
 70
0
  9
$REGENMODE
 70
1
  9
$FILLMODE
 70
1
  9
$QTEXTMODE
 70
0
  9
$MIRRTEXT
 70
1
  9
$LTSCALE
 40
1.0
  9
$ATTMODE
 70
1
  9
$TEXTSIZE
 40
2.5
  9
$TRACEWID
 40
1.0
  9
$TEXTSTYLE
  7
Standard
  9
$CLAYER
  8
0
  9
$CELTYPE
  6
ByLayer
  9
$CECOLOR
 62
256
  9
$CELTSCALE
 40
1.0
  9
$DISPSILH
 70
0
  9
$DIMSCALE
 40
1.0
  9
$DIMASZ
 40
2.5
  9
$DIMEXO
 40
0.625
  9
$DIMDLI
 40
3.75
  9
$DIMRND
 40
0.0
  9
$DIMDLE
 40
0.0
  9
$DIMEXE
 40
1.25
  9
$DIMTP
 40
0.0
  9
$DIMTM
 40
0.0
  9
$DIMTXT
 40
2.5
  9
$DIMCEN
 40
2.5
  9
$DIMTSZ
 40
0.0
  9
$DIMTOL
 70
0
  9
$DIMLIM
 70
0
  9
$DIMTIH
 70
0
  9
$DIMTOH
 70
0
  9
$DIMSE1
 70
0
  9
$DIMSE2
 70
0
  9
$DIMTAD
 70
1
  9
$DIMZIN
 70
8
  9
$DIMBLK
  1

  9
$DIMASO
 70
1
  9
$DIMSHO
 70
1
  9
$DIMPOST
  1

  9
$DIMAPOST
  1

  9
$DIMALT
 70
0
  9
$DIMALTD
 70
3
  9
$DIMALTF
 40
0.03937007874
  9
$DIMLFAC
 40
1.0
  9
$DIMTOFL
 70
1
  9
$DIMTVP
 40
0.0
  9
$DIMTIX
 70
0
  9
$DIMSOXD
 70
0
  9
$DIMSAH
 70
0
  9
$DIMBLK1
  1

  9
$DIMBLK2
  1

  9
$DIMSTYLE
  2
ISO-25
  9
$DIMCLRD
 70
0
  9
$DIMCLRE
 70
0
  9
$DIMCLRT
 70
0
  9
$DIMTFAC
 40
1.0
  9
$DIMGAP
 40
0.625
  9
$DIMJUST
 70
0
  9
$DIMSD1
 70
0
  9
$DIMSD2
 70
0
  9
$DIMTOLJ
 70
0
  9
$DIMTZIN
 70
8
  9
$DIMALTZ
 70
0
  9
$DIMALTTZ
 70
0
  9
$DIMUPT
 70
0
  9
$DIMDEC
 70
2
  9
$DIMTDEC
 70
2
  9
$DIMALTU
 70
2
  9
$DIMALTTD
 70
3
  9
$DIMTXSTY
  7
Standard
  9
$DIMAUNIT
 70
0
  9
$DIMADEC
 70
0
  9
$DIMALTRND
 40
0.0
  9
$DIMAZIN
 70
0
  9
$DIMDSEP
 70
44
  9
$DIMATFIT
 70
3
  9
$DIMFRAC
 70
0
  9
$DIMLDRBLK
  1

  9
$DIMLUNIT
 70
2
  9
$DIMLWD
 70
-2
  9
$DIMLWE
 70
-2
  9
$DIMTMOVE
 70
0
  9
$DIMFXL
 40
1.0
  9
$DIMFXLON
 70
0
  9
$DIMJOGANG
 40
0.785398163397
  9
$DIMTFILL
 70
0
  9
$DIMTFILLCLR
 70
0
  9
$DIMARCSYM
 70
0
  9
$DIMLTYPE
  6

  9
$DIMLTEX1
  6

  9
$DIMLTEX2
  6

  9
$DIMTXTDIRECTION
 70
0
  9
$LUNITS
 70
2
  9
$LUPREC
 70
4
  9
$SKETCHINC
 40
1.0
  9
$FILLETRAD
 40
10.0
  9
$AUNITS
 70
0
  9
$AUPREC
 70
2
  9
$MENU
  1
.
  9
$ELEVATION
 40
0.0
  9
$PELEVATION
 40
0.0
  9
$THICKNESS
 40
0.0
  9
$LIMCHECK
 70
0
  9
$CHAMFERA
 40
0.0
  9
$CHAMFERB
 40
0.0
  9
$CHAMFERC
 40
0.0
  9
$CHAMFERD
 40
0.0
  9
$SKPOLY
 70
0
  9
$TDCREATE
 40
2461324.369537037
  9
$TDUCREATE
 40
2458532.153996898
  9
$TDUPDATE
 40
2461324.369537037
  9
$TDUUPDATE
 40
2458532.1544311
  9
$TDINDWG
 40
0.0
  9
$TDUSRTIMER
 40
0.0
  9
$USRTIMER
 70
1
  9
$ANGBASE
 50
0.0
  9
$ANGDIR
 70
0
  9
$PDMODE
 70
0
  9
$PDSIZE
 40
0.0
  9
$PLINEWID
 40
0.0
  9
$SPLFRAME
 70
0
  9
$SPLINETYPE
 70
6
  9
$SPLINESEGS
 70
8
  9
$HANDSEED
  5
4D6
  9
$SURFTAB1
 70
6
  9
$SURFTAB2
 70
6
  9
$SURFTYPE
 70
6
  9
$SURFU
 70
6
  9
$SURFV
 70
6
  9
$UCSBASE
  2

  9
$UCSNAME
  2

  9
$UCSORG
 10
0.0
 20
0.0
 30
0.0
  9
$UCSXDIR
 10
1.0
 20
0.0
 30
0.0
  9
$UCSYDIR
 10
0.0
 20
1.0
 30
0.0
  9
$UCSORTHOREF
  2

  9
$UCSORTHOVIEW
 70
0
  9
$UCSORGTOP
 10
0.0
 20
0.0
 30
0.0
  9
$UCSORGBOTTOM
 10
0.0
 20
0.0
 30
0.0
  9
$UCSORGLEFT
 10
0.0
 20
0.0
 30
0.0
  9
$UCSORGRIGHT
 10
0.0
 20
0.0
 30
0.0
  9
$UCSORGFRONT
 10
0.0
 20
0.0
 30
0.0
  9
$UCSORGBACK
 10
0.0
 20
0.0
 30
0.0
  9
$PUCSBASE
  2

  9
$PUCSNAME
  2

  9
$PUCSORG
 10
0.0
 20
0.0
 30
0.0
  9
$PUCSXDIR
 10
1.0
 20
0.0
 30
0.0
  9
$PUCSYDIR
 10
0.0
 20
1.0
 30
0.0
  9
$PUCSORTHOREF
  2

  9
$PUCSORTHOVIEW
 70
0
  9
$PUCSORGTOP
 10
0.0
 20
0.0
 30
0.0
  9
$PUCSORGBOTTOM
 10
0.0
 20
0.0
 30
0.0
  9
$PUCSORGLEFT
 10
0.0
 20
0.0
 30
0.0
  9
$PUCSORGRIGHT
 10
0.0
 20
0.0
 30
0.0
  9
$PUCSORGFRONT
 10
0.0
 20
0.0
 30
0.0
  9
$PUCSORGBACK
 10
0.0
 20
0.0
 30
0.0
  9
$USERI1
 70
0
  9
$USERI2
 70
0
  9
$USERI3
 70
0
  9
$USERI4
 70
0
  9
$USERI5
 70
0
  9
$USERR1
 40
0.0
  9
$USERR2
 40
0.0
  9
$USERR3
 40
0.0
  9
$USERR4
 40
0.0
  9
$USERR5
 40
0.0
  9
$WORLDVIEW
 70
1
  9
$SHADEDGE
 70
3
  9
$SHADEDIF
 70
70
  9
$TILEMODE
 70
1
  9
$MAXACTVP
 70
64
  9
$PINSBASE
 10
0.0
 20
0.0
 30
0.0
  9
$PLIMCHECK
 70
0
  9
$PEXTMIN
 10
1e+20
 20
1e+20
 30
1e+20
  9
$PEXTMAX
 10
-1e+20
 20
-1e+20
 30
-1e+20
  9
$PLIMMIN
 10
0.0
 20
0.0
  9
$PLIMMAX
 10
420.0
 20
297.0
  9
$UNITMODE
 70
0
  9
$VISRETAIN
 70
1
  9
$PLINEGEN
 70
0
  9
$PSLTSCALE
 70
1
  9
$TREEDEPTH
 70
3020
  9
$CMLSTYLE
  2
Standard
  9
$CMLJUST
 70
0
  9
$CMLSCALE
 40
20.0
  9
$PROXYGRAPHICS
 70
1
  9
$MEASUREMENT
 70
1
  9
$CELWEIGHT
370
-1
  9
$ENDCAPS
280
0
  9
$JOINSTYLE
280
0
  9
$LWDISPLAY
290
0
  9
$INSUNITS
 70
6
  9
$HYPERLINKBASE
  1

  9
$STYLESHEET
  1

  9
$XEDIT
290
1
  9
$CEPSNTYPE
380
0
  9
$PSTYLEMODE
290
1
  9
$FINGERPRINTGUID
  2
{07DB9EF3-A302-4D6B-BF67-D6A69B980E91}
  9
$VERSIONGUID
  2
{7A64B8E8-32BA-46F3-8F56-AE63C2661680}
  9
$EXTNAMES
290
1
  9
$PSVPSCALE
 40
0.0
  9
$OLESTARTUP
290
0
  9
$SORTENTS
280
127
  9
$INDEXCTL
280
0
  9
$HIDETEXT
280
1
  9
$XCLIPFRAME
280
1
  9
$HALOGAP
280
0
  9
$OBSCOLOR
 70
257
  9
$OBSLTYPE
280
0
  9
$INTERSECTIONDISPLAY
280
0
  9
$INTERSECTIONCOLOR
 70
257
  9
$DIMASSOC
280
2
  9
$PROJECTNAME
  1

  9
$CAMERADISPLAY
290
0
  9
$LENSLENGTH
 40
50.0
  9
$CAMERAHEIGHT
 40
0.0
  9
$STEPSPERSEC
 40
24.0
  9
$STEPSIZE
 40
100.0
  9
$3DDWFPREC
 40
2.0
  9
$PSOLWIDTH
 40
0.005
  9
$PSOLHEIGHT
 40
0.08
  9
$LOFTANG1
 40
1.570796326795
  9
$LOFTANG2
 40
1.570796326795
  9
$LOFTMAG1
 40
0.0
  9
$LOFTMAG2
 40
0.0
  9
$LOFTPARAM
 70
7
  9
$LOFTNORMALS
280
1
  9
$LATITUDE
 40
37.795
  9
$LONGITUDE
 40
-122.394
  9
$NORTHDIRECTION
 40
0.0
  9
$TIMEZONE
 70
-8000
  9
$LIGHTGLYPHDISPLAY
280
1
  9
$TILEMODELIGHTSYNCH
280
1
  9
$CMATERIAL
347
20
  9
$SOLIDHIST
280
0
  9
$SHOWHIST
280
1
  9
$DWFFRAME
280
2
  9
$DGNFRAME
280
2
  9
$REALWORLDSCALE
290
1
  9
$INTERFERECOLOR
 62
256
  9
$CSHADOW
280
0
  9
$SHADOWPLANELOCATION
 40
0.0
  0
ENDSEC
  0
SECTION
  2
CLASSES
  0
CLASS
  1
ACDBDICTIONARYWDFLT
  2
AcDbDictionaryWithDefault
  3
ObjectDBX Classes
 90
0
 91
0
280
0
281
0
  0
CLASS
  1
SUN
  2
AcDbSun
  3
SCENEOE
 90
1153
 91
0
280
0
281
0
  0
CLASS
  1
VISUALSTYLE
  2
AcDbVisualStyle
  3
ObjectDBX Classes
 90
4095
 91
0
280
0
281
0
  0
CLASS
  1
MATERIAL
  2
AcDbMaterial
  3
ObjectDBX Classes
 90
1153
 91
0
280
0
281
0
  0
CLASS
  1
SCALE
  2
AcDbScale
  3
ObjectDBX Classes
 90
1153
 91
0
280
0
281
0
  0
CLASS
  1
TABLESTYLE
  2
AcDbTableStyle
  3
ObjectDBX Classes
 90
4095
 91
0
280
0
281
0
  0
CLASS
  1
MLEADERSTYLE
  2
AcDbMLeaderStyle
  3
ACDB_MLEADERSTYLE_CLASS
 90
4095
 91
0
280
0
281
0
  0
CLASS
  1
DICTIONARYVAR
  2
AcDbDictionaryVar
  3
ObjectDBX Classes
 90
0
 91
0
280
0
281
0
  0
CLASS
  1
CELLSTYLEMAP
  2
AcDbCellStyleMap
  3
ObjectDBX Classes
 90
1152
 91
0
280
0
281
0
  0
CLASS
  1
MENTALRAYRENDERSETTINGS
  2
AcDbMentalRayRenderSettings
  3
SCENEOE
 90
1024
 91
0
280
0
281
0
  0
CLASS
  1
ACDBDETAILVIEWSTYLE
  2
AcDbDetailViewStyle
  3
ObjectDBX Classes
 90
1025
 91
0
280
0
281
0
  0
CLASS
  1
ACDBSECTIONVIEWSTYLE
  2
AcDbSectionViewStyle
  3
ObjectDBX Classes
 90
1025
 91
0
280
0
281
0
  0
CLASS
  1
RASTERVARIABLES
  2
AcDbRasterVariables
  3
ISM
 90
0
 91
0
280
0
281
0
  0
CLASS
  1
IMAGE
  2
AcDbRasterImage
  3
ISM
 90
2175
 91
0
280
0
281
1
  0
CLASS
  1
IMAGEDEF
  2
AcDbRasterImageDef
  3
ISM
 90
0
 91
0
280
0
281
0
  0
CLASS
  1
IMAGEDEF_REACTOR
  2
AcDbRasterImageDefReactor
  3
ISM
 90
1
 91
0
280
0
281
0
  0
CLASS
  1
ACDBPLACEHOLDER
  2
AcDbPlaceHolder
  3
ObjectDBX Classes
 90
0
 91
0
280
0
281
0
  0
CLASS
  1
LAYOUT
  2
AcDbLayout
  3
ObjectDBX Classes
 90
0
 91
0
280
0
281
0
  0
ENDSEC
  0
SECTION
  2
TABLES
  0
TABLE
  2
VPORT
  5
8
330
0
100
AcDbSymbolTable
 70
1
  0
VPORT
  5
23
330
8
100
AcDbSymbolTableRecord
100
AcDbViewportTableRecord
  2
*Active
 70
0
 10
0.0
 20
0.0
 11
1.0
 21
1.0
 12
0.0
 22
0.0
 13
0.0
 23
0.0
 14
0.5
 24
0.5
 15
0.5
 25
0.5
 16
0.0
 26
0.0
 36
1.0
 17
0.0
 27
0.0
 37
0.0
 40
1000.0
 41
1.34
 42
50.0
 43
0.0
 44
0.0
 50
0.0
 51
0.0
 71
0
 72
1000
 73
1
 74
3
 75
0
 76
0
 77
0
 78
0
281
0
 65
0
146
0.0
  0
ENDTAB
  0
TABLE
  2
LTYPE
  5
2
330
0
100
AcDbSymbolTable
 70
3
  0
LTYPE
  5
24
330
2
100
AcDbSymbolTableRecord
100
AcDbLinetypeTableRecord
  2
ByBlock
 70
0
  3

 72
65
 73
0
 40
0.0
  0
LTYPE
  5
25
330
2
100
AcDbSymbolTableRecord
100
AcDbLinetypeTableRecord
  2
ByLayer
 70
0
  3

 72
65
 73
0
 40
0.0
  0
LTYPE
  5
26
330
2
100
AcDbSymbolTableRecord
100
AcDbLinetypeTableRecord
  2
Continuous
 70
0
  3

 72
65
 73
0
 40
0.0
  0
ENDTAB
  0
TABLE
  2
LAYER
  5
1
330
0
100
AcDbSymbolTable
 70
9
  0
LAYER
  5
27
330
1
100
AcDbSymbolTableRecord
100
AcDbLayerTableRecord
  2
0
 70
0
 62
7
  6
Continuous
370
-3
390
13
347
21
  0
LAYER
  5
28
330
1
100
AcDbSymbolTableRecord
100
AcDbLayerTableRecord
  2
Defpoints
 70
0
 62
7
  6
Continuous
290
0
370
-3
390
13
347
21
  0
LAYER
  5
2F
330
1
100
AcDbSymbolTableRecord
100
AcDbLayerTableRecord
  2
0.500-1.000
 70
0
 62
4
  6
Continuous
370
-3
390
13
347
21
  0
LAYER
  5
30
330
1
100
AcDbSymbolTableRecord
100
AcDbLayerTableRecord
  2
1.000-1.500
 70
0
 62
5
  6
Continuous
370
-3
390
13
347
21
  0
LAYER
  5
31
330
1
100
AcDbSymbolTableRecord
100
AcDbLayerTableRecord
  2
1.500-3.000
 70
0
 62
1
  6
Continuous
370
-3
390
13
347
21
  0
LAYER
  5
32
330
1
100
AcDbSymbolTableRecord
100
AcDbLayerTableRecord
  2
3.000-999.000
 70
0
 62
2
  6
Continuous
370
-3
390
13
347
21
  0
LAYER
  5
33
330
1
100
AcDbSymbolTableRecord
100
AcDbLayerTableRecord
  2
爆区方格网
 70
0
 62
7
  6
Continuous
370
-3
390
13
347
21
  0
LAYER
  5
34
330
1
100
AcDbSymbolTableRecord
100
AcDbLayerTableRecord
  2
钻孔
 70
0
 62
7
  6
Continuous
370
-3
390
13
347
21
  0
LAYER
  5
35
330
1
100
AcDbSymbolTableRecord
100
AcDbLayerTableRecord
  2
点
 70
0
 62
7
  6
Continuous
370
-3
390
13
347
21
  0
ENDTAB
  0
TABLE
  2
STYLE
  5
5
330
0
100
AcDbSymbolTable
 70
2
  0
STYLE
  5
29
330
5
100
AcDbSymbolTableRecord
100
AcDbTextStyleTableRecord
  2
Standard
 70
0
 40
0.0
 41
1.0
 50
0.0
 71
0
 42
2.5
  3
txt
  4

  0
STYLE
  5
36
330
5
100
AcDbSymbolTableRecord
100
AcDbTextStyleTableRecord
  2
CN_TTF
 70
0
 40
0.0
 41
1.0
 50
0.0
 71
0
 42
2.5
  3
simsunb.ttf
  4

  0
ENDTAB
  0
TABLE
  2
VIEW
  5
7
330
0
100
AcDbSymbolTable
 70
0
  0
ENDTAB
  0
TABLE
  2
UCS
  5
6
330
0
100
AcDbSymbolTable
 70
0
  0
ENDTAB
  0
TABLE
  2
APPID
  5
3
330
0
100
AcDbSymbolTable
 70
3
  0
APPID
  5
2A
330
3
100
AcDbSymbolTableRecord
100
AcDbRegAppTableRecord
  2
ACAD
 70
0
  0
APPID
  5
4D3
330
3
100
AcDbSymbolTableRecord
100
AcDbRegAppTableRecord
  2
HATCHBACKGROUNDCOLOR
 70
0
  0
APPID
  5
4D4
330
3
100
AcDbSymbolTableRecord
100
AcDbRegAppTableRecord
  2
EZDXF
 70
0
  0
ENDTAB
  0
TABLE
  2
DIMSTYLE
  5
4
330
0
100
AcDbSymbolTable
 70
1
100
AcDbDimStyleTable
  0
DIMSTYLE
105
2B
330
4
100
AcDbSymbolTableRecord
100
AcDbDimStyleTableRecord
  2
Standard
 70
0
 40
1.0
 41
2.5
 42
0.625
 43
3.75
 44
1.25
 45
0.0
 46
0.0
 47
0.0
 48
0.0
 49
2.5
140
2.5
141
2.5
142
0.0
143
0.03937007874
144
1.0
145
0.0
146
1.0
147
0.625
148
0.0
 69
0
 70
0
 71
0
 72
0
 73
0
 74
0
 75
0
 76
0
 77
1
 78
8
 79
3
170
0
171
3
172
1
173
0
174
0
175
0
176
0
177
0
178
0
179
2
271
2
272
2
273
2
274
3
275
0
276
0
277
2
278
44
279
0
280
0
281
0
282
0
283
0
284
8
285
0
286
0
288
0
289
3
290
0
371
-2
372
-2
  0
ENDTAB
  0
TABLE
  2
BLOCK_RECORD
  5
9
330
0
100
AcDbSymbolTable
 70
2
  0
BLOCK_RECORD
  5
17
330
9
100
AcDbSymbolTableRecord
100
AcDbBlockTableRecord
  2
*Model_Space
340
1A
 70
0
280
1
281
0
  0
BLOCK_RECORD
  5
1B
330
9
100
AcDbSymbolTableRecord
100
AcDbBlockTableRecord
  2
*Paper_Space
340
1E
 70
0
280
1
281
0
  0
ENDTAB
  0
ENDSEC
  0
SECTION
  2
BLOCKS
  0
BLOCK
  5
18
330
17
100
AcDbEntity
  8
0
100
AcDbBlockBegin
  2
*Model_Space
 70
0
 10
0.0
 20
0.0
 30
0.0
  3
*Model_Space
  1

  0
ENDBLK
  5
19
330
17
100
AcDbEntity
  8
0
100
AcDbBlockEnd
  0
BLOCK
  5
1C
330
1B
100
AcDbEntity
  8
0
100
AcDbBlockBegin
  2
*Paper_Space
 70
0
 10
0.0
 20
0.0
 30
0.0
  3
*Paper_Space
  1

  0
ENDBLK
  5
1D
330
1B
100
AcDbEntity
  8
0
100
AcDbBlockEnd
  0
ENDSEC
  0
SECTION
  2
ENTITIES
  0
LWPOLYLINE
  5
37
330
17
100
AcDbEntity
  8
1.000-1.500
 62
5
370
30
100
AcDbPolyline
 90
31
 70
1
 10
470106.18586100807
 20
4349724.253450612
 10
470103.6012318074
 20
4349726.5274987
 10
470101.01660260675
 20
4349728.801546789
 10
470100.71161290014
 20
4349731.076370081
 10
470100.4503498953
 20
4349733.025049515
 10
470099.4788570383
 20
4349735.670984734
 10
470098.3477229453
 20
4349738.751715089
 10
470097.4280324601
 20
4349742.170724536
 10
470096.5422094411
 20
4349745.463829465
 10
470095.53139828047
 20
4349749.251529001
 10
470094.5214378057
 20
4349753.036040856
 10
470093.6535499984
 20
4349756.42118194
 10
470098.8149986267
 20
4349755.9697265625
 10
470099.70499801636
 20
4349752.3046875
 10
470100.19734518416
 20
4349750.496603339
 10
470101.6300010681
 20
4349745.2353515625
 10
470102.11520865053
 20
4349743.431560684
 10
470102.51499938965
 20
4349741.9453125
 10
470102.73500061035
 20
4349738.0849609375
 10
470103.129210326
 20
4349737.011300578
 10
470103.8199996948
 20
4349735.1298828125
 10
470105.23500061035
 20
4349733.9248046875
 10
470106.2135374552
 20
4349734.210751451
 10
470108.1229927102
 20
4349734.768729979
 10
470109.01696866116
 20
4349732.3985796925
 10
470110.296875
 20
4349730.140625
 10
470107.34765625
 20
4349729.8359375
 10
470107.1138268762
 20
4349728.180889876
 10
470107.1138268763
 20
4349728.180889876
 10
470106.9345703125
 20
4349726.912109375
 10
470106.18586100807
 20
4349724.253450612
  0
LWPOLYLINE
  5
38
330
17
100
AcDbEntity
  8
0.500-1.000
 62
4
370
30
100
AcDbPolyline
 90
8
 70
1
 10
470097.1625
 20
4349762.72754
 10
470097.96
 20
4349759.30518
 10
470098.815
 20
4349755.96973
 10
470093.65355
 20
4349756.42118
 10
470092.79314
 20
4349759.77772
 10
470092.0436104578
 20
4349763.09977797
 10
470096.82442
 20
4349764.17837
 10
470097.1625
 20
4349762.72754
  0
LWPOLYLINE
  5
39
330
17
100
AcDbEntity
  8
0.500-1.000
 62
4
370
30
100
AcDbPolyline
 90
7
 70
1
 10
470096.365
 20
4349766.1499
 10
470096.8244188388
 20
4349764.178374983
 10
470092.0436104578
 20
4349763.09977797
 10
470091.30357
 20
4349766.37976
 10
470093.145
 20
4349770.61523
 10
470095.565
 20
4349769.28516
 10
470096.365
 20
4349766.1499
  0
LWPOLYLINE
  5
3A
330
17
100
AcDbEntity
  8
0.500-1.000
 62
4
370
30
100
AcDbPolyline
 90
20
 70
1
 10
470108.1229927102
 20
4349734.768729979
 10
470105.23500061035
 20
4349733.9248046875
 10
470103.8199996948
 20
4349735.1298828125
 10
470102.73500061035
 20
4349738.0849609375
 10
470102.60942306346
 20
4349740.288464526
 10
470102.51499938965
 20
4349741.9453125
 10
470101.14030533226
 20
4349747.023464042
 10
470100.66749954224
 20
4349748.770019531
 10
470099.70499801636
 20
4349752.3046875
 10
470098.8149986267
 20
4349755.9697265625
 10
470103.5599975586
 20
4349753.2998046875
 10
470104.6217738227
 20
4349752.958565385
 10
470108.1650009155
 20
4349751.819824219
 10
470109.25690913433
 20
4349748.889064607
 10
470107.9019531365
 20
4349745.934569713
 10
470106.8575374518
 20
4349743.657211028
 10
470107.03514679463
 20
4349740.540707848
 10
470107.04327710555
 20
4349740.398045646
 10
470107.22901675926
 20
4349737.138880265
 10
470108.1229927102
 20
4349734.768729979
  0
LWPOLYLINE
  5
3B
330
17
100
AcDbEntity
  8
爆区方格网
 62
5
100
AcDbPolyline
 90
4
 70
1
 10
470094.30357
 20
4349754.253450612
 10
470094.30357
 20
4349753.885820348
 10
470094.2093163734
 20
4349754.253450612
 10
470094.30357
 20
4349754.253450612
  0
TEXT
  5
3C
330
17
100
AcDbEntity
  8
0
 62
5
100
AcDbText
 10
470094.12000659335
 20
4349753.999635479
 30
0.0
 40
0.1333
  1
1.16
  7
CN_TTF
 11
470094.12000659335
 21
4349753.999635479
 31
0.0
100
AcDbText
  0
LWPOLYLINE
  5
3D
330
17
100
AcDbEntity
  8
爆区方格网
 62
5
100
AcDbPolyline
 90
5
 70
1
 10
470094.30357
 20
4349755.253450612
 10
470094.30357
 20
4349754.253450612
 10
470094.2093163734
 20
4349754.253450612
 10
470093.95293479704
 20
4349755.253450612
 10
470094.30357
 20
4349755.253450612
  0
TEXT
  5
3E
330
17
100
AcDbEntity
  8
0
 62
5
100
AcDbText
 10
470094.03234779264
 20
4349754.683450611
 30
0.0
 40
0.1333
  1
1.16
  7
CN_TTF
 11
470094.03234779264
 21
4349754.683450611
 31
0.0
100
AcDbText
  0
LWPOLYLINE
  5
3F
330
17
100
AcDbEntity
  8
爆区方格网
 62
5
100
AcDbPolyline
 90
5
 70
1
 10
470094.30357
 20
4349756.253450612
 10
470094.30357
 20
4349755.253450612
 10
470093.95293479704
 20
4349755.253450612
 10
470093.6965532207
 20
4349756.253450612
 10
470094.30357
 20
4349756.253450612
  0
TEXT
  5
40
330
17
100
AcDbEntity
  8
0
 62
5
100
AcDbText
 10
470093.90415700444
 20
4349755.683450611
 30
0.0
 40
0.1333
  1
1.16
  7
CN_TTF
 11
470093.90415700444
 21
4349755.683450611
 31
0.0
100
AcDbText
  0
LWPOLYLINE
  5
41
330
17
100
AcDbEntity
  8
爆区方格网
 62
5
100
AcDbPolyline
 90
5
 70
1
 10
470094.30357
 20
4349756.253450612
 10
470093.6965532207
 20
4349756.253450612
 10
470093.6535499984
 20
4349756.42118194
 10
470094.30357
 20
4349756.364326772
 10
470094.30357
 20
4349756.253450612
  0
TEXT
  5
42
330
17
100
AcDbEntity
  8
0
 62
5
100
AcDbText
 10
470093.83295495907
 20
4349756.238888692
 30
0.0
 40
0.1333
  1
1.16
  7
CN_TTF
 11
470093.83295495907
 21
4349756.238888692
 31
0.0
100
AcDbText
  0
LWPOLYLINE
  5
43
330
17
100
AcDbEntity
  8
爆区方格网
 62
5
100
AcDbPolyline
 90
4
 70
1
 10
470095.30357
 20
4349750.253450612
 10
470095.30357
 20
4349750.105244419
 10
470095.2640186911
 20
4349750.253450612
 10
470095.30357
 20
4349750.253450612
  0
TEXT
  5
44
330
17
100
AcDbEntity
  8
0
 62
5
100
AcDbText
 10
470095.1336821728
 20
4349750.109347515
 30
0.0
 40
0.1333
  1
1.16
  7
CN_TTF
 11
470095.1336821728
 21
4349750.109347515
 31
0.0
100
AcDbText
  0
LWPOLYLINE
  5
45
330
17
100
AcDbEntity
  8
爆区方格网
 62
5
100
AcDbPolyline
 90
5
 70
1
 10
470095.30357
 20
4349751.253450612
 10
470095.30357
 20
4349750.253450612
 10
470095.2640186911
 20
4349750.253450612
 10
470094.9971519158
 20
4349751.253450612
 10
470095.30357
 20
4349751.253450612
  0
TEXT
  5
46
330
17
100
AcDbEntity
  8
0
 62
5
100
AcDbText
 10
470095.0570776517
 20
4349750.683450611
 30
0.0
 40
0.1333
  1
1.16
  7
CN_TTF
 11
470095.0570776517
 21
4349750.683450611
 31
0.0
100
AcDbText
  0
LWPOLYLINE
  5
47
330
17
100
AcDbEntity
  8
爆区方格网
 62
5
100
AcDbPolyline
 90
5
 70
1
 10
470095.30357
 20
4349752.253450612
 10
470095.30357
 20
4349751.253450612
 10
470094.9971519158
 20
4349751.253450612
 10
470094.7302851405
 20
4349752.253450612
 10
470095.30357
 20
4349752.253450612
  0
TEXT
  5
48
330
17
100
AcDbEntity
  8
0
 62
5
100
AcDbText
 10
470094.9236442641
 20
4349751.683450611
 30
0.0
 40
0.1333
  1
1.16
  7
CN_TTF
 11
470094.9236442641
 21
4349751.683450611
 31
0.0
100
AcDbText
  0
LWPOLYLINE
  5
49
330
17
100
AcDbEntity
  8
爆区方格网
 62
5
100
AcDbPolyline
 90
6
 70
1
 10
470095.30357
 20
4349753.253450612
 10
470095.30357
 20
4349752.253450612
 10
470094.7302851405
 20
4349752.253450612
 10
470094.5214378057
 20
4349753.036040856
 10
470094.46569794975
 20
4349753.253450612
 10
470095.30357
 20
4349753.253450612
  0
TEXT
  5
4A
330
17
100
AcDbEntity
  8
0
 62
5
100
AcDbText
 10
470094.8047157366
 20
4349752.574745733
 30
0.0
 40
0.1333
  1
1.16
  7
CN_TTF
 11
470094.8047157366
 21
4349752.574745733
 31
0.0
100
AcDbText
  0
LWPOLYLINE
  5
4B
330
17
100
AcDbEntity
  8
爆区方格网
 62
5
100
AcDbPolyline
 90
6
 70
1
 10
470094.30357
 20
4349754.253450612
 10
470095.30357
 20
4349754.253450612
 10
470095.30357
 20
4349753.253450612
 10
470094.46569794975
 20
4349753.253450612
 10
470094.30357
 20
4349753.885820348
 10
470094.30357
 20
4349754.253450612
  0
TEXT
  5
4C
330
17
100
AcDbEntity
  8
0
 62
5
100
AcDbText
 10
470094.68410198746
 20
4349753.499635479
 30
0.0
 40
0.1333
  1
1.16
  7
CN_TTF
 11
470094.68410198746
 21
4349753.499635479
 31
0.0
100
AcDbText
  0
LWPOLYLINE
  5
4D
330
17
100
AcDbEntity
  8
爆区方格网
 62
5
100
AcDbPolyline
 90
5
 70
1
 10
470094.30357
 20
4349754.253450612
 10
470094.30357
 20
4349755.253450612
 10
470095.30357
 20
4349755.253450612
 10
470095.30357
 20
4349754.253450612
 10
470094.30357
 20
4349754.253450612
  0
TEXT
  5
4E
330
17
100
AcDbEntity
  8
0
 62
5
100
AcDbText
 10
470094.64357
 20
4349754.683450611
 30
0.0
 40
0.1333
  1
1.16
  7
CN_TTF
 11
470094.64357
 21
4349754.683450611
 31
0.0
100
AcDbText
  0
LWPOLYLINE
  5
4F
330
17
100
AcDbEntity
  8
爆区方格网
 62
5
100
AcDbPolyline
 90
5
 70
1
 10
470094.30357
 20
4349755.253450612
 10
470094.30357
 20
4349756.253450612
 10
470095.30357
 20
4349756.253450612
 10
470095.30357
 20
4349755.253450612
 10
470094.30357
 20
4349755.253450612
  0
TEXT
  5
50
330
17
100
AcDbEntity
  8
0
 62
5
100
AcDbText
 10
470094.64357
 20
4349755.683450611
 30
0.0
 40
0.1333
  1
1.16
  7
CN_TTF
 11
470094.64357
 21
4349755.683450611
 31
0.0
100
AcDbText
  0
LWPOLYLINE
  5
51
330
17
100
AcDbEntity
  8
爆区方格网
 62
5
100
AcDbPolyline
 90
5
 70
1
 10
470095.30357
 20
4349756.253450612
 10
470094.30357
 20
4349756.253450612
 10
470094.30357
 20
4349756.364326772
 10
470095.30357
 20
4349756.276859975
 10
470095.30357
 20
4349756.253450612
  0
TEXT
  5
52
330
17
100
AcDbEntity
  8
0
 62
5
100
AcDbText
 10
470094.39357
 20
4349756.250593374
 30
0.0
 40
0.1333
  1
1.16
  7
CN_TTF
 11
470094.39357
 21
4349756.250593374
 31
0.0
100
AcDbText
  0
LWPOLYLINE
  5
53
330
17
100
AcDbEntity
  8
爆区方格网
 62
5
100
AcDbPolyline
 90
4
 70
1
 10
470096.30357
 20
4349747.253450612
 10
470096.30357
 20
4349746.358056335
 10
470096.06461901683
 20
4349747.253450612
 10
470096.30357
 20
4349747.253450612
  0
TEXT
  5
54
330
17
100
AcDbEntity
  8
0
 62
5
100
AcDbText
 10
470096.0838322542
 20
4349746.735753473
 30
0.0
 40
0.1333
  1
1.04
  7
CN_TTF
 11
470096.0838322542
 21
4349746.735753473
 31
0.0
100
AcDbText
  0
LWPOLYLINE
  5
55
330
17
100
AcDbEntity
  8
爆区方格网
 62
5
100
AcDbPolyline
 90
5
 70
1
 10
470096.30357
 20
4349748.253450612
 10
470096.30357
 20
4349747.253450612
 10
470096.06461901683
 20
4349747.253450612
 10
470095.7977522416
 20
4349748.253450612
 10
470096.30357
 20
4349748.253450612
  0
TEXT
  5
56
330
17
100
AcDbEntity
  8
0
 62
5
100
AcDbText
 10
470095.95737781463
 20
4349747.683450611
 30
0.0
 40
0.1333
  1
1.04
  7
CN_TTF
 11
470095.95737781463
 21
4349747.683450611
 31
0.0
100
AcDbText
  0
LWPOLYLINE
  5
57
330
17
100
AcDbEntity
  8
爆区方格网
 62
5
100
AcDbPolyline
 90
6
 70
1
 10
470096.30357
 20
4349749.253450612
 10
470096.30357
 20
4349748.253450612
 10
470095.7977522416
 20
4349748.253450612
 10
470095.53139828047
 20
4349749.251529001
 10
470095.5308854664
 20
4349749.253450612
 10
470096.30357
 20
4349749.253450612
  0
TEXT
  5
58
330
17
100
AcDbEntity
  8
0
 62
5
100
AcDbText
 10
470095.82407263055
 20
4349748.682489806
 30
0.0
 40
0.1333
  1
1.04
  7
CN_TTF
 11
470095.82407263055
 21
4349748.682489806
 31
0.0
100
AcDbText
  0
LWPOLYLINE
  5
59
330
17
100
AcDbEntity
  8
爆区方格网
 62
5
100
AcDbPolyline
 90
6
 70
1
 10
470095.30357
 20
4349750.253450612
 10
470096.30357
 20
4349750.253450612
 10
470096.30357
 20
4349749.253450612
 10
470095.5308854664
 20
4349749.253450612
 10
470095.30357
 20
4349750.105244419
 10
470095.30357
 20
4349750.253450612
  0
TEXT
  5
5A
330
17
100
AcDbEntity
  8
0
 62
5
100
AcDbText
 10
470095.7003988666
 20
4349749.609347515
 30
0.0
 40
0.1333
  1
1.16
  7
CN_TTF
 11
470095.7003988666
 21
4349749.609347515
 31
0.0
100
AcDbText
  0
LWPOLYLINE
  5
5B
330
17
100
AcDbEntity
  8
爆区方格网
 62
5
100
AcDbPolyline
 90
5
 70
1
 10
470095.30357
 20
4349750.253450612
 10
470095.30357
 20
4349751.253450612
 10
470096.30357
 20
4349751.253450612
 10
470096.30357
 20
4349750.253450612
 10
470095.30357
 20
4349750.253450612
  0
TEXT
  5
5C
330
17
100
AcDbEntity
  8
0
 62
5
100
AcDbText
 10
470095.64357
 20
4349750.683450611
 30
0.0
 40
0.1333
  1
1.16
  7
CN_TTF
 11
470095.64357
 21
4349750.683450611
 31
0.0
100
AcDbText
  0
LWPOLYLINE
  5
5D
330
17
100
AcDbEntity
  8
爆区方格网
 62
5
100
AcDbPolyline
 90
5
 70
1
 10
470095.30357
 20
4349751.253450612
 10
470095.30357
 20
4349752.253450612
 10
470096.30357
 20
4349752.253450612
 10
470096.30357
 20
4349751.253450612
 10
470095.30357
 20
4349751.253450612
  0
TEXT
  5
5E
330
17
100
AcDbEntity
  8
0
 62
5
100
AcDbText
 10
470095.64357
 20
4349751.683450611
 30
0.0
 40
0.1333
  1
1.16
  7
CN_TTF
 11
470095.64357
 21
4349751.683450611
 31
0.0
100
AcDbText
  0
LWPOLYLINE
  5
5F
330
17
100
AcDbEntity
  8
爆区方格网
 62
5
100
AcDbPolyline
 90
5
 70
1
 10
470095.30357
 20
4349752.253450612
 10
470095.30357
 20
4349753.253450612
 10
470096.30357
 20
4349753.253450612
 10
470096.30357
 20
4349752.253450612
 10
470095.30357
 20
4349752.253450612
  0
TEXT
  5
60
330
17
100
AcDbEntity
  8
0
 62
5
100
AcDbText
 10
470095.64357
 20
4349752.683450611
 30
0.0
 40
0.1333
  1
1.16
  7
CN_TTF
 11
470095.64357
 21
4349752.683450611
 31
0.0
100
AcDbText
  0
LWPOLYLINE
  5
61
330
17
100
AcDbEntity
  8
爆区方格网
 62
5
100
AcDbPolyline
 90
5
 70
1
 10
470095.30357
 20
4349753.253450612
 10
470095.30357
 20
4349754.253450612
 10
470096.30357
 20
4349754.253450612
 10
470096.30357
 20
4349753.253450612
 10
470095.30357
 20
4349753.253450612
  0
TEXT
  5
62
330
17
100
AcDbEntity
  8
0
 62
5
100
AcDbText
 10
470095.64357
 20
4349753.683450611
 30
0.0
 40
0.1333
  1
1.16
  7
CN_TTF
 11
470095.64357
 21
4349753.683450611
 31
0.0
100
AcDbText
  0
LWPOLYLINE
  5
63
330
17
100
AcDbEntity
  8
爆区方格网
 62
5
100
AcDbPolyline
 90
5
 70
1
 10
470095.30357
 20
4349754.253450612
 10
470095.30357
 20
4349755.253450612
 10
470096.30357
 20
4349755.253450612
 10
470096.30357
 20
4349754.253450612
 10
470095.30357
 20
4349754.253450612
  0
TEXT
  5
64
330
17
100
AcDbEntity
  8
0
 62
5
100
AcDbText
 10
470095.64357
 20
4349754.683450611
 30
0.0
 40
0.1333
  1
1.16
  7
CN_TTF
 11
470095.64357
 21
4349754.683450611
 31
0.0
100
AcDbText
  0
LWPOLYLINE
  5
65
330
17
100
AcDbEntity
  8
爆区方格网
 62
5
100
AcDbPolyline
 90
6
 70
1
 10
470096.30357
 20
4349755.253450612
 10
470095.30357
 20
4349755.253450612
 10
470095.30357
 20
4349756.253450612
 10
470095.5712071502
 20
4349756.253450612
 10
470096.30357
 20
4349756.1893931795
 10
470096.30357
 20
4349755.253450612
  0
TEXT
  5
66
330
17
100
AcDbEntity
  8
0
 62
5
100
AcDbText
 10
470095.64357
 20
4349755.651421895
 30
0.0
 40
0.1333
  1
1.16
  7
CN_TTF
 11
470095.64357
 21
4349755.651421895
 31
0.0
100
AcDbText
  0
LWPOLYLINE
  5
67
330
17
100
AcDbEntity
  8
爆区方格网
 62
5
100
AcDbPolyline
 90
4
 70
1
 10
470095.30357
 20
4349756.253450612
 10
470095.30357
 20
4349756.276859975
 10
470095.5712071502
 20
4349756.253450612
 10
470095.30357
 20
4349756.253450612
  0
TEXT
  5
68
330
17
100
AcDbEntity
  8
0
 62
5
100
AcDbText
 10
470095.2104792902
 20
4349756.195155293
 30
0.0
 40
0.1333
  1
1.16
  7
CN_TTF
 11
470095.2104792902
 21
4349756.195155293
 31
0.0
100
AcDbText
  0
LWPOLYLINE
  5
69
330
17
100
AcDbEntity
  8
爆区方格网
 62
5
100
AcDbPolyline
 90
4
 70
1
 10
470097.30357
 20
4349743.253450612
 10
470097.30357
 20
4349742.633421861
 10
470097.13678644714
 20
4349743.253450612
 10
470097.30357
 20
4349743.253450612
  0
TEXT
  5
6A
330
17
100
AcDbEntity
  8
0
 62
5
100
AcDbText
 10
470097.1018741118
 20
4349742.873436236
 30
0.0
 40
0.1333
  1
1.04
  7
CN_TTF
 11
470097.1018741118
 21
4349742.873436236
 31
0.0
100
AcDbText
  0
LWPOLYLINE
  5
6B
330
17
100
AcDbEntity
  8
爆区方格网
 62
5
100
AcDbPolyline
 90
5
 70
1
 10
470097.30357
 20
4349744.253450612
 10
470097.30357
 20
4349743.253450612
 10
470097.13678644714
 20
4349743.253450612
 10
470096.8677931906
 20
4349744.253450612
 10
470097.30357
 20
4349744.253450612
  0
TEXT
  5
6C
330
17
100
AcDbEntity
  8
0
 62
5
100
AcDbText
 10
470096.99292990944
 20
4349743.683450611
 30
0.0
 40
0.1333
  1
1.04
  7
CN_TTF
 11
470096.99292990944
 21
4349743.683450611
 31
0.0
100
AcDbText
  0
LWPOLYLINE
  5
6D
330
17
100
AcDbEntity
  8
爆区方格网
 62
5
100
AcDbPolyline
 90
5
 70
1
 10
470097.30357
 20
4349745.253450612
 10
470097.30357
 20
4349744.253450612
 10
470096.8677931906
 20
4349744.253450612
 10
470096.598799934
 20
4349745.253450612
 10
470097.30357
 20
4349745.253450612
  0
TEXT
  5
6E
330
17
100
AcDbEntity
  8
0
 62
5
100
AcDbText
 10
470096.8584332812
 20
4349744.683450611
 30
0.0
 40
0.1333
  1
1.04
  7
CN_TTF
 11
470096.8584332812
 21
4349744.683450611
 31
0.0
100
AcDbText
  0
LWPOLYLINE
  5
6F
330
17
100
AcDbEntity
  8
爆区方格网
 62
5
100
AcDbPolyline
 90
6
 70
1
 10
470097.30357
 20
4349746.253450612
 10
470097.30357
 20
4349745.253450612
 10
470096.598799934
 20
4349745.253450612
 10
470096.5422094411
 20
4349745.463829465
 10
470096.33148579206
 20
4349746.253450612
 10
470097.30357
 20
4349746.253450612
  0
TEXT
  5
70
330
17
100
AcDbEntity
  8
0
 62
5
100
AcDbText
 10
470096.7102088083
 20
4349745.788640038
 30
0.0
 40
0.1333
  1
1.04
  7
CN_TTF
 11
470096.7102088083
 21
4349745.788640038
 31
0.0
100
AcDbText
  0
LWPOLYLINE
  5
71
330
17
100
AcDbEntity
  8
爆区方格网
 62
5
100
AcDbPolyline
 90
6
 70
1
 10
470096.30357
 20
4349747.253450612
 10
470097.30357
 20
4349747.253450612
 10
470097.30357
 20
4349746.253450612
 10
470096.33148579206
 20
4349746.253450612
 10
470096.30357
 20
4349746.358056335
 10
470096.30357
 20
4349747.253450612
  0
TEXT
  5
72
330
17
100
AcDbEntity
  8
0
 62
5
100
AcDbText
 10
470096.64357
 20
4349746.735753473
 30
0.0
 40
0.1333
  1
1.04
  7
CN_TTF
 11
470096.64357
 21
4349746.735753473
 31
0.0
100
AcDbText
  0
LWPOLYLINE
  5
73
330
17
100
AcDbEntity
  8
爆区方格网
 62
5
100
AcDbPolyline
 90
5
 70
1
 10
470096.30357
 20
4349747.253450612
 10
470096.30357
 20
4349748.253450612
 10
470097.30357
 20
4349748.253450612
 10
470097.30357
 20
4349747.253450612
 10
470096.30357
 20
4349747.253450612
  0
TEXT
  5
74
330
17
100
AcDbEntity
  8
0
 62
5
100
AcDbText
 10
470096.64357
 20
4349747.683450611
 30
0.0
 40
0.1333
  1
1.04
  7
CN_TTF
 11
470096.64357
 21
4349747.683450611
 31
0.0
100
AcDbText
  0
LWPOLYLINE
  5
75
330
17
100
AcDbEntity
  8
爆区方格网
 62
5
100
AcDbPolyline
 90
5
 70
1
 10
470096.30357
 20
4349748.253450612
 10
470096.30357
 20
4349749.253450612
 10
470097.30357
 20
4349749.253450612
 10
470097.30357
 20
4349748.253450612
 10
470096.30357
 20
4349748.253450612
  0
TEXT
  5
76
330
17
100
AcDbEntity
  8
0
 62
5
100
AcDbText
 10
470096.64357
 20
4349748.683450611
 30
0.0
 40
0.1333
  1
1.04
  7
CN_TTF
 11
470096.64357
 21
4349748.683450611
 31
0.0
100
AcDbText
  0
LWPOLYLINE
  5
77
330
17
100
AcDbEntity
  8
爆区方格网
 62
5
100
AcDbPolyline
 90
5
 70
1
 10
470096.30357
 20
4349749.253450612
 10
470096.30357
 20
4349750.253450612
 10
470097.30357
 20
4349750.253450612
 10
470097.30357
 20
4349749.253450612
 10
470096.30357
 20
4349749.253450612
  0
TEXT
  5
78
330
17
100
AcDbEntity
  8
0
 62
5
100
AcDbText
 10
470096.64357
 20
4349749.683450611
 30
0.0
 40
0.1333
  1
1.16
  7
CN_TTF
 11
470096.64357
 21
4349749.683450611
 31
0.0
100
AcDbText
  0
LWPOLYLINE
  5
79
330
17
100
AcDbEntity
  8
爆区方格网
 62
5
100
AcDbPolyline
 90
5
 70
1
 10
470096.30357
 20
4349750.253450612
 10
470096.30357
 20
4349751.253450612
 10
470097.30357
 20
4349751.253450612
 10
470097.30357
 20
4349750.253450612
 10
470096.30357
 20
4349750.253450612
  0
TEXT
  5
7A
330
17
100
AcDbEntity
  8
0
 62
5
100
AcDbText
 10
470096.64357
 20
4349750.683450611
 30
0.0
 40
0.1333
  1
1.16
  7
CN_TTF
 11
470096.64357
 21
4349750.683450611
 31
0.0
100
AcDbText
  0
LWPOLYLINE
  5
7B
330
17
100
AcDbEntity
  8
爆区方格网
 62
5
100
AcDbPolyline
 90
5
 70
1
 10
470096.30357
 20
4349751.253450612
 10
470096.30357
 20
4349752.253450612
 10
470097.30357
 20
4349752.253450612
 10
470097.30357
 20
4349751.253450612
 10
470096.30357
 20
4349751.253450612
  0
TEXT
  5
7C
330
17
100
AcDbEntity
  8
0
 62
5
100
AcDbText
 10
470096.64357
 20
4349751.683450611
 30
0.0
 40
0.1333
  1
1.16
  7
CN_TTF
 11
470096.64357
 21
4349751.683450611
 31
0.0
100
AcDbText
  0
LWPOLYLINE
  5
7D
330
17
100
AcDbEntity
  8
爆区方格网
 62
5
100
AcDbPolyline
 90
5
 70
1
 10
470096.30357
 20
4349752.253450612
 10
470096.30357
 20
4349753.253450612
 10
470097.30357
 20
4349753.253450612
 10
470097.30357
 20
4349752.253450612
 10
470096.30357
 20
4349752.253450612
  0
TEXT
  5
7E
330
17
100
AcDbEntity
  8
0
 62
5
100
AcDbText
 10
470096.64357
 20
4349752.683450611
 30
0.0
 40
0.1333
  1
1.16
  7
CN_TTF
 11
470096.64357
 21
4349752.683450611
 31
0.0
100
AcDbText
  0
LWPOLYLINE
  5
7F
330
17
100
AcDbEntity
  8
爆区方格网
 62
5
100
AcDbPolyline
 90
5
 70
1
 10
470096.30357
 20
4349753.253450612
 10
470096.30357
 20
4349754.253450612
 10
470097.30357
 20
4349754.253450612
 10
470097.30357
 20
4349753.253450612
 10
470096.30357
 20
4349753.253450612
  0
TEXT
  5
80
330
17
100
AcDbEntity
  8
0
 62
5
100
AcDbText
 10
470096.64357
 20
4349753.683450611
 30
0.0
 40
0.1333
  1
1.16
  7
CN_TTF
 11
470096.64357
 21
4349753.683450611
 31
0.0
100
AcDbText
  0
LWPOLYLINE
  5
81
330
17
100
AcDbEntity
  8
爆区方格网
 62
5
100
AcDbPolyline
 90
5
 70
1
 10
470096.30357
 20
4349754.253450612
 10
470096.30357
 20
4349755.253450612
 10
470097.30357
 20
4349755.253450612
 10
470097.30357
 20
4349754.253450612
 10
470096.30357
 20
4349754.253450612
  0
TEXT
  5
82
330
17
100
AcDbEntity
  8
0
 62
5
100
AcDbText
 10
470096.64357
 20
4349754.683450611
 30
0.0
 40
0.1333
  1
1.16
  7
CN_TTF
 11
470096.64357
 21
4349754.683450611
 31
0.0
100
AcDbText
  0
LWPOLYLINE
  5
83
330
17
100
AcDbEntity
  8
爆区方格网
 62
5
100
AcDbPolyline
 90
5
 70
1
 10
470097.30357
 20
4349755.253450612
 10
470096.30357
 20
4349755.253450612
 10
470096.30357
 20
4349756.1893931795
 10
470097.30357
 20
4349756.101926383
 10
470097.30357
 20
4349755.253450612
  0
TEXT
  5
84
330
17
100
AcDbEntity
  8
0
 62
5
100
AcDbText
 10
470096.64357
 20
4349755.607688497
 30
0.0
 40
0.1333
  1
1.16
  7
CN_TTF
 11
470096.64357
 21
4349755.607688497
 31
0.0
100
AcDbText
  0
LWPOLYLINE
  5
85
330
17
100
AcDbEntity
  8
爆区方格网
 62
5
100
AcDbPolyline
 90
4
 70
1
 10
470098.30357
 20
4349739.253450612
 10
470098.30357
 20
4349738.915856548
 10
470098.21275947324
 20
4349739.253450612
 10
470098.30357
 20
4349739.253450612
  0
TEXT
  5
86
330
17
100
AcDbEntity
  8
0
 62
5
100
AcDbText
 10
470098.12086736836
 20
4349739.014653579
 30
0.0
 40
0.1333
  1
1.26
  7
CN_TTF
 11
470098.12086736836
 21
4349739.014653579
 31
0.0
100
AcDbText
  0
LWPOLYLINE
  5
87
330
17
100
AcDbEntity
  8
爆区方格网
 62
5
100
AcDbPolyline
 90
5
 70
1
 10
470098.30357
 20
4349740.253450612
 10
470098.30357
 20
4349739.253450612
 10
470098.21275947324
 20
4349739.253450612
 10
470097.94376621675
 20
4349740.253450612
 10
470098.30357
 20
4349740.253450612
  0
TEXT
  5
88
330
17
100
AcDbEntity
  8
0
 62
5
100
AcDbText
 10
470098.03091642255
 20
4349739.683450611
 30
0.0
 40
0.1333
  1
1.26
  7
CN_TTF
 11
470098.03091642255
 21
4349739.683450611
 31
0.0
100
AcDbText
  0
LWPOLYLINE
  5
89
330
17
100
AcDbEntity
  8
爆区方格网
 62
5
100
AcDbPolyline
 90
5
 70
1
 10
470098.30357
 20
4349741.253450612
 10
470098.30357
 20
4349740.253450612
 10
470097.94376621675
 20
4349740.253450612
 10
470097.6747729602
 20
4349741.253450612
 10
470098.30357
 20
4349741.253450612
  0
TEXT
  5
8A
330
17
100
AcDbEntity
  8
0
 62
5
100
AcDbText
 10
470097.89641979424
 20
4349740.683450611
 30
0.0
 40
0.1333
  1
1.26
  7
CN_TTF
 11
470097.89641979424
 21
4349740.683450611
 31
0.0
100
AcDbText
  0
LWPOLYLINE
  5
8B
330
17
100
AcDbEntity
  8
爆区方格网
 62
5
100
AcDbPolyline
 90
6
 70
1
 10
470098.30357
 20
4349742.253450612
 10
470098.30357
 20
4349741.253450612
 10
470097.6747729602
 20
4349741.253450612
 10
470097.4280324601
 20
4349742.170724536
 10
470097.4057797037
 20
4349742.253450612
 10
470098.30357
 20
4349742.253450612
  0
TEXT
  5
8C
330
17
100
AcDbEntity
  8
0
 62
5
100
AcDbText
 10
470097.76748635515
 20
4349741.642087573
 30
0.0
 40
0.1333
  1
1.26
  7
CN_TTF
 11
470097.76748635515
 21
4349741.642087573
 31
0.0
100
AcDbText
  0
LWPOLYLINE
  5
8D
330
17
100
AcDbEntity
  8
爆区方格网
 62
5
100
AcDbPolyline
 90
6
 70
1
 10
470097.30357
 20
4349743.253450612
 10
470098.30357
 20
4349743.253450612
 10
470098.30357
 20
4349742.253450612
 10
470097.4057797037
 20
4349742.253450612
 10
470097.30357
 20
4349742.633421861
 10
470097.30357
 20
4349743.253450612
  0
TEXT
  5
8E
330
17
100
AcDbEntity
  8
0
 62
5
100
AcDbText
 10
470097.64357
 20
4349742.873436236
 30
0.0
 40
0.1333
  1
1.04
  7
CN_TTF
 11
470097.64357
 21
4349742.873436236
 31
0.0
100
AcDbText
  0
LWPOLYLINE
  5
8F
330
17
100
AcDbEntity
  8
爆区方格网
 62
5
100
AcDbPolyline
 90
5
 70
1
 10
470097.30357
 20
4349743.253450612
 10
470097.30357
 20
4349744.253450612
 10
470098.30357
 20
4349744.253450612
 10
470098.30357
 20
4349743.253450612
 10
470097.30357
 20
4349743.253450612
  0
TEXT
  5
90
330
17
100
AcDbEntity
  8
0
 62
5
100
AcDbText
 10
470097.64357
 20
4349743.683450611
 30
0.0
 40
0.1333
  1
1.04
  7
CN_TTF
 11
470097.64357
 21
4349743.683450611
 31
0.0
100
AcDbText
  0
LWPOLYLINE
  5
91
330
17
100
AcDbEntity
  8
爆区方格网
 62
5
100
AcDbPolyline
 90
5
 70
1
 10
470097.30357
 20
4349744.253450612
 10
470097.30357
 20
4349745.253450612
 10
470098.30357
 20
4349745.253450612
 10
470098.30357
 20
4349744.253450612
 10
470097.30357
 20
4349744.253450612
  0
TEXT
  5
92
330
17
100
AcDbEntity
  8
0
 62
5
100
AcDbText
 10
470097.64357
 20
4349744.683450611
 30
0.0
 40
0.1333
  1
1.04
  7
CN_TTF
 11
470097.64357
 21
4349744.683450611
 31
0.0
100
AcDbText
  0
LWPOLYLINE
  5
93
330
17
100
AcDbEntity
  8
爆区方格网
 62
5
100
AcDbPolyline
 90
5
 70
1
 10
470097.30357
 20
4349745.253450612
 10
470097.30357
 20
4349746.253450612
 10
470098.30357
 20
4349746.253450612
 10
470098.30357
 20
4349745.253450612
 10
470097.30357
 20
4349745.253450612
  0
TEXT
  5
94
330
17
100
AcDbEntity
  8
0
 62
5
100
AcDbText
 10
470097.64357
 20
4349745.683450611
 30
0.0
 40
0.1333
  1
1.04
  7
CN_TTF
 11
470097.64357
 21
4349745.683450611
 31
0.0
100
AcDbText
  0
LWPOLYLINE
  5
95
330
17
100
AcDbEntity
  8
爆区方格网
 62
5
100
AcDbPolyline
 90
5
 70
1
 10
470097.30357
 20
4349746.253450612
 10
470097.30357
 20
4349747.253450612
 10
470098.30357
 20
4349747.253450612
 10
470098.30357
 20
4349746.253450612
 10
470097.30357
 20
4349746.253450612
  0
TEXT
  5
96
330
17
100
AcDbEntity
  8
0
 62
5
100
AcDbText
 10
470097.64357
 20
4349746.683450611
 30
0.0
 40
0.1333
  1
1.04
  7
CN_TTF
 11
470097.64357
 21
4349746.683450611
 31
0.0
100
AcDbText
  0
LWPOLYLINE
  5
97
330
17
100
AcDbEntity
  8
爆区方格网
 62
5
100
AcDbPolyline
 90
5
 70
1
 10
470097.30357
 20
4349747.253450612
 10
470097.30357
 20
4349748.253450612
 10
470098.30357
 20
4349748.253450612
 10
470098.30357
 20
4349747.253450612
 10
470097.30357
 20
4349747.253450612
  0
TEXT
  5
98
330
17
100
AcDbEntity
  8
0
 62
5
100
AcDbText
 10
470097.64357
 20
4349747.683450611
 30
0.0
 40
0.1333
  1
1.04
  7
CN_TTF
 11
470097.64357
 21
4349747.683450611
 31
0.0
100
AcDbText
  0
LWPOLYLINE
  5
99
330
17
100
AcDbEntity
  8
爆区方格网
 62
5
100
AcDbPolyline
 90
5
 70
1
 10
470097.30357
 20
4349748.253450612
 10
470097.30357
 20
4349749.253450612
 10
470098.30357
 20
4349749.253450612
 10
470098.30357
 20
4349748.253450612
 10
470097.30357
 20
4349748.253450612
  0
TEXT
  5
9A
330
17
100
AcDbEntity
  8
0
 62
5
100
AcDbText
 10
470097.64357
 20
4349748.683450611
 30
0.0
 40
0.1333
  1
1.04
  7
CN_TTF
 11
470097.64357
 21
4349748.683450611
 31
0.0
100
AcDbText
  0
LWPOLYLINE
  5
9B
330
17
100
AcDbEntity
  8
爆区方格网
 62
5
100
AcDbPolyline
 90
5
 70
1
 10
470097.30357
 20
4349749.253450612
 10
470097.30357
 20
4349750.253450612
 10
470098.30357
 20
4349750.253450612
 10
470098.30357
 20
4349749.253450612
 10
470097.30357
 20
4349749.253450612
  0
TEXT
  5
9C
330
17
100
AcDbEntity
  8
0
 62
5
100
AcDbText
 10
470097.64357
 20
4349749.683450611
 30
0.0
 40
0.1333
  1
1.04
  7
CN_TTF
 11
470097.64357
 21
4349749.683450611
 31
0.0
100
AcDbText
  0
LWPOLYLINE
  5
9D
330
17
100
AcDbEntity
  8
爆区方格网
 62
5
100
AcDbPolyline
 90
5
 70
1
 10
470097.30357
 20
4349750.253450612
 10
470097.30357
 20
4349751.253450612
 10
470098.30357
 20
4349751.253450612
 10
470098.30357
 20
4349750.253450612
 10
470097.30357
 20
4349750.253450612
  0
TEXT
  5
9E
330
17
100
AcDbEntity
  8
0
 62
5
100
AcDbText
 10
470097.64357
 20
4349750.683450611
 30
0.0
 40
0.1333
  1
1.16
  7
CN_TTF
 11
470097.64357
 21
4349750.683450611
 31
0.0
100
AcDbText
  0
LWPOLYLINE
  5
9F
330
17
100
AcDbEntity
  8
爆区方格网
 62
5
100
AcDbPolyline
 90
5
 70
1
 10
470097.30357
 20
4349751.253450612
 10
470097.30357
 20
4349752.253450612
 10
470098.30357
 20
4349752.253450612
 10
470098.30357
 20
4349751.253450612
 10
470097.30357
 20
4349751.253450612
  0
TEXT
  5
A0
330
17
100
AcDbEntity
  8
0
 62
5
100
AcDbText
 10
470097.64357
 20
4349751.683450611
 30
0.0
 40
0.1333
  1
1.16
  7
CN_TTF
 11
470097.64357
 21
4349751.683450611
 31
0.0
100
AcDbText
  0
LWPOLYLINE
  5
A1
330
17
100
AcDbEntity
  8
爆区方格网
 62
5
100
AcDbPolyline
 90
5
 70
1
 10
470097.30357
 20
4349752.253450612
 10
470097.30357
 20
4349753.253450612
 10
470098.30357
 20
4349753.253450612
 10
470098.30357
 20
4349752.253450612
 10
470097.30357
 20
4349752.253450612
  0
TEXT
  5
A2
330
17
100
AcDbEntity
  8
0
 62
5
100
AcDbText
 10
470097.64357
 20
4349752.683450611
 30
0.0
 40
0.1333
  1
1.16
  7
CN_TTF
 11
470097.64357
 21
4349752.683450611
 31
0.0
100
AcDbText
  0
LWPOLYLINE
  5
A3
330
17
100
AcDbEntity
  8
爆区方格网
 62
5
100
AcDbPolyline
 90
5
 70
1
 10
470097.30357
 20
4349753.253450612
 10
470097.30357
 20
4349754.253450612
 10
470098.30357
 20
4349754.253450612
 10
470098.30357
 20
4349753.253450612
 10
470097.30357
 20
4349753.253450612
  0
TEXT
  5
A4
330
17
100
AcDbEntity
  8
0
 62
5
100
AcDbText
 10
470097.64357
 20
4349753.683450611
 30
0.0
 40
0.1333
  1
1.16
  7
CN_TTF
 11
470097.64357
 21
4349753.683450611
 31
0.0
100
AcDbText
  0
LWPOLYLINE
  5
A5
330
17
100
AcDbEntity
  8
爆区方格网
 62
5
100
AcDbPolyline
 90
5
 70
1
 10
470097.30357
 20
4349754.253450612
 10
470097.30357
 20
4349755.253450612
 10
470098.30357
 20
4349755.253450612
 10
470098.30357
 20
4349754.253450612
 10
470097.30357
 20
4349754.253450612
  0
TEXT
  5
A6
330
17
100
AcDbEntity
  8
0
 62
5
100
AcDbText
 10
470097.64357
 20
4349754.683450611
 30
0.0
 40
0.1333
  1
1.16
  7
CN_TTF
 11
470097.64357
 21
4349754.683450611
 31
0.0
100
AcDbText
  0
LWPOLYLINE
  5
A7
330
17
100
AcDbEntity
  8
爆区方格网
 62
5
100
AcDbPolyline
 90
5
 70
1
 10
470098.30357
 20
4349755.253450612
 10
470097.30357
 20
4349755.253450612
 10
470097.30357
 20
4349756.101926383
 10
470098.30357
 20
4349756.014459586
 10
470098.30357
 20
4349755.253450612
  0
TEXT
  5
A8
330
17
100
AcDbEntity
  8
0
 62
5
100
AcDbText
 10
470097.64357
 20
4349755.563955098
 30
0.0
 40
0.1333
  1
1.16
  7
CN_TTF
 11
470097.64357
 21
4349755.563955098
 31
0.0
100
AcDbText
  0
LWPOLYLINE
  5
A9
330
17
100
AcDbEntity
  8
爆区方格网
 62
5
100
AcDbPolyline
 90
4
 70
1
 10
470099.30357
 20
4349736.253450612
 10
470099.30357
 20
4349736.148392411
 10
470099.2649963831
 20
4349736.253450612
 10
470099.30357
 20
4349736.253450612
  0
TEXT
  5
AA
330
17
100
AcDbEntity
  8
0
 62
5
100
AcDbText
 10
470099.1339265958
 20
4349736.130921511
 30
0.0
 40
0.1333
  1
1.26
  7
CN_TTF
 11
470099.1339265958
 21
4349736.130921511
 31
0.0
100
AcDbText
  0
LWPOLYLINE
  5
AB
330
17
100
AcDbEntity
  8
爆区方格网
 62
5
100
AcDbPolyline
 90
5
 70
1
 10
470099.30357
 20
4349737.253450612
 10
470099.30357
 20
4349736.253450612
 10
470099.2649963831
 20
4349736.253450612
 10
470098.89783211926
 20
4349737.253450612
 10
470099.30357
 20
4349737.253450612
  0
TEXT
  5
AC
330
17
100
AcDbEntity
  8
0
 62
5
100
AcDbText
 10
470099.0324921256
 20
4349736.683450611
 30
0.0
 40
0.1333
  1
1.26
  7
CN_TTF
 11
470099.0324921256
 21
4349736.683450611
 31
0.0
100
AcDbText
  0
LWPOLYLINE
  5
AD
330
17
100
AcDbEntity
  8
爆区方格网
 62
5
100
AcDbPolyline
 90
5
 70
1
 10
470099.30357
 20
4349738.253450612
 10
470099.30357
 20
4349737.253450612
 10
470098.89783211926
 20
4349737.253450612
 10
470098.53066785546
 20
4349738.253450612
 10
470099.30357
 20
4349738.253450612
  0
TEXT
  5
AE
330
17
100
AcDbEntity
  8
0
 62
5
100
AcDbText
 10
470098.8489099937
 20
4349737.683450611
 30
0.0
 40
0.1333
  1
1.26
  7
CN_TTF
 11
470098.8489099937
 21
4349737.683450611
 31
0.0
100
AcDbText
  0
LWPOLYLINE
  5
AF
330
17
100
AcDbEntity
  8
爆区方格网
 62
5
100
AcDbPolyline
 90
7
 70
1
 10
470098.30357
 20
4349739.253450612
 10
470099.30357
 20
4349739.253450612
 10
470099.30357
 20
4349738.253450612
 10
470098.53066785546
 20
4349738.253450612
 10
470098.3477229453
 20
4349738.751715089
 10
470098.30357
 20
4349738.915856548
 10
470098.30357
 20
4349739.253450612
  0
TEXT
  5
B0
330
17
100
AcDbEntity
  8
0
 62
5
100
AcDbText
 10
470098.6546082363
 20
4349738.763785819
 30
0.0
 40
0.1333
  1
1.26
  7
CN_TTF
 11
470098.6546082363
 21
4349738.763785819
 31
0.0
100
AcDbText
  0
LWPOLYLINE
  5
B1
330
17
100
AcDbEntity
  8
爆区方格网
 62
5
100
AcDbPolyline
 90
5
 70
1
 10
470098.30357
 20
4349739.253450612
 10
470098.30357
 20
4349740.253450612
 10
470099.30357
 20
4349740.253450612
 10
470099.30357
 20
4349739.253450612
 10
470098.30357
 20
4349739.253450612
  0
TEXT
  5
B2
330
17
100
AcDbEntity
  8
0
 62
5
100
AcDbText
 10
470098.64357
 20
4349739.683450611
 30
0.0
 40
0.1333
  1
1.26
  7
CN_TTF
 11
470098.64357
 21
4349739.683450611
 31
0.0
100
AcDbText
  0
LWPOLYLINE
  5
B3
330
17
100
AcDbEntity
  8
爆区方格网
 62
5
100
AcDbPolyline
 90
5
 70
1
 10
470098.30357
 20
4349740.253450612
 10
470098.30357
 20
4349741.253450612
 10
470099.30357
 20
4349741.253450612
 10
470099.30357
 20
4349740.253450612
 10
470098.30357
 20
4349740.253450612
  0
TEXT
  5
B4
330
17
100
AcDbEntity
  8
0
 62
5
100
AcDbText
 10
470098.64357
 20
4349740.683450611
 30
0.0
 40
0.1333
  1
1.26
  7
CN_TTF
 11
470098.64357
 21
4349740.683450611
 31
0.0
100
AcDbText
  0
LWPOLYLINE
  5
B5
330
17
100
AcDbEntity
  8
爆区方格网
 62
5
100
AcDbPolyline
 90
5
 70
1
 10
470098.30357
 20
4349741.253450612
 10
470098.30357
 20
4349742.253450612
 10
470099.30357
 20
4349742.253450612
 10
470099.30357
 20
4349741.253450612
 10
470098.30357
 20
4349741.253450612
  0
TEXT
  5
B6
330
17
100
AcDbEntity
  8
0
 62
5
100
AcDbText
 10
470098.64357
 20
4349741.683450611
 30
0.0
 40
0.1333
  1
1.26
  7
CN_TTF
 11
470098.64357
 21
4349741.683450611
 31
0.0
100
AcDbText
  0
LWPOLYLINE
  5
B7
330
17
100
AcDbEntity
  8
爆区方格网
 62
5
100
AcDbPolyline
 90
5
 70
1
 10
470098.30357
 20
4349742.253450612
 10
470098.30357
 20
4349743.253450612
 10
470099.30357
 20
4349743.253450612
 10
470099.30357
 20
4349742.253450612
 10
470098.30357
 20
4349742.253450612
  0
TEXT
  5
B8
330
17
100
AcDbEntity
  8
0
 62
5
100
AcDbText
 10
470098.64357
 20
4349742.683450611
 30
0.0
 40
0.1333
  1
1.04
  7
CN_TTF
 11
470098.64357
 21
4349742.683450611
 31
0.0
100
AcDbText
  0
LWPOLYLINE
  5
B9
330
17
100
AcDbEntity
  8
爆区方格网
 62
5
100
AcDbPolyline
 90
5
 70
1
 10
470098.30357
 20
4349743.253450612
 10
470098.30357
 20
4349744.253450612
 10
470099.30357
 20
4349744.253450612
 10
470099.30357
 20
4349743.253450612
 10
470098.30357
 20
4349743.253450612
  0
TEXT
  5
BA
330
17
100
AcDbEntity
  8
0
 62
5
100
AcDbText
 10
470098.64357
 20
4349743.683450611
 30
0.0
 40
0.1333
  1
1.04
  7
CN_TTF
 11
470098.64357
 21
4349743.683450611
 31
0.0
100
AcDbText
  0
LWPOLYLINE
  5
BB
330
17
100
AcDbEntity
  8
爆区方格网
 62
5
100
AcDbPolyline
 90
5
 70
1
 10
470098.30357
 20
4349744.253450612
 10
470098.30357
 20
4349745.253450612
 10
470099.30357
 20
4349745.253450612
 10
470099.30357
 20
4349744.253450612
 10
470098.30357
 20
4349744.253450612
  0
TEXT
  5
BC
330
17
100
AcDbEntity
  8
0
 62
5
100
AcDbText
 10
470098.64357
 20
4349744.683450611
 30
0.0
 40
0.1333
  1
1.04
  7
CN_TTF
 11
470098.64357
 21
4349744.683450611
 31
0.0
100
AcDbText
  0
LWPOLYLINE
  5
BD
330
17
100
AcDbEntity
  8
爆区方格网
 62
5
100
AcDbPolyline
 90
5
 70
1
 10
470098.30357
 20
4349745.253450612
 10
470098.30357
 20
4349746.253450612
 10
470099.30357
 20
4349746.253450612
 10
470099.30357
 20
4349745.253450612
 10
470098.30357
 20
4349745.253450612
  0
TEXT
  5
BE
330
17
100
AcDbEntity
  8
0
 62
5
100
AcDbText
 10
470098.64357
 20
4349745.683450611
 30
0.0
 40
0.1333
  1
1.04
  7
CN_TTF
 11
470098.64357
 21
4349745.683450611
 31
0.0
100
AcDbText
  0
LWPOLYLINE
  5
BF
330
17
100
AcDbEntity
  8
爆区方格网
 62
5
100
AcDbPolyline
 90
5
 70
1
 10
470098.30357
 20
4349746.253450612
 10
470098.30357
 20
4349747.253450612
 10
470099.30357
 20
4349747.253450612
 10
470099.30357
 20
4349746.253450612
 10
470098.30357
 20
4349746.253450612
  0
TEXT
  5
C0
330
17
100
AcDbEntity
  8
0
 62
5
100
AcDbText
 10
470098.64357
 20
4349746.683450611
 30
0.0
 40
0.1333
  1
1.04
  7
CN_TTF
 11
470098.64357
 21
4349746.683450611
 31
0.0
100
AcDbText
  0
LWPOLYLINE
  5
C1
330
17
100
AcDbEntity
  8
爆区方格网
 62
5
100
AcDbPolyline
 90
5
 70
1
 10
470098.30357
 20
4349747.253450612
 10
470098.30357
 20
4349748.253450612
 10
470099.30357
 20
4349748.253450612
 10
470099.30357
 20
4349747.253450612
 10
470098.30357
 20
4349747.253450612
  0
TEXT
  5
C2
330
17
100
AcDbEntity
  8
0
 62
5
100
AcDbText
 10
470098.64357
 20
4349747.683450611
 30
0.0
 40
0.1333
  1
1.04
  7
CN_TTF
 11
470098.64357
 21
4349747.683450611
 31
0.0
100
AcDbText
  0
LWPOLYLINE
  5
C3
330
17
100
AcDbEntity
  8
爆区方格网
 62
5
100
AcDbPolyline
 90
5
 70
1
 10
470098.30357
 20
4349748.253450612
 10
470098.30357
 20
4349749.253450612
 10
470099.30357
 20
4349749.253450612
 10
470099.30357
 20
4349748.253450612
 10
470098.30357
 20
4349748.253450612
  0
TEXT
  5
C4
330
17
100
AcDbEntity
  8
0
 62
5
100
AcDbText
 10
470098.64357
 20
4349748.683450611
 30
0.0
 40
0.1333
  1
1.04
  7
CN_TTF
 11
470098.64357
 21
4349748.683450611
 31
0.0
100
AcDbText
  0
LWPOLYLINE
  5
C5
330
17
100
AcDbEntity
  8
爆区方格网
 62
5
100
AcDbPolyline
 90
5
 70
1
 10
470098.30357
 20
4349749.253450612
 10
470098.30357
 20
4349750.253450612
 10
470099.30357
 20
4349750.253450612
 10
470099.30357
 20
4349749.253450612
 10
470098.30357
 20
4349749.253450612
  0
TEXT
  5
C6
330
17
100
AcDbEntity
  8
0
 62
5
100
AcDbText
 10
470098.64357
 20
4349749.683450611
 30
0.0
 40
0.1333
  1
1.04
  7
CN_TTF
 11
470098.64357
 21
4349749.683450611
 31
0.0
100
AcDbText
  0
LWPOLYLINE
  5
C7
330
17
100
AcDbEntity
  8
爆区方格网
 62
5
100
AcDbPolyline
 90
5
 70
1
 10
470098.30357
 20
4349750.253450612
 10
470098.30357
 20
4349751.253450612
 10
470099.30357
 20
4349751.253450612
 10
470099.30357
 20
4349750.253450612
 10
470098.30357
 20
4349750.253450612
  0
TEXT
  5
C8
330
17
100
AcDbEntity
  8
0
 62
5
100
AcDbText
 10
470098.64357
 20
4349750.683450611
 30
0.0
 40
0.1333
  1
1.16
  7
CN_TTF
 11
470098.64357
 21
4349750.683450611
 31
0.0
100
AcDbText
  0
LWPOLYLINE
  5
C9
330
17
100
AcDbEntity
  8
爆区方格网
 62
5
100
AcDbPolyline
 90
5
 70
1
 10
470098.30357
 20
4349751.253450612
 10
470098.30357
 20
4349752.253450612
 10
470099.30357
 20
4349752.253450612
 10
470099.30357
 20
4349751.253450612
 10
470098.30357
 20
4349751.253450612
  0
TEXT
  5
CA
330
17
100
AcDbEntity
  8
0
 62
5
100
AcDbText
 10
470098.64357
 20
4349751.683450611
 30
0.0
 40
0.1333
  1
1.16
  7
CN_TTF
 11
470098.64357
 21
4349751.683450611
 31
0.0
100
AcDbText
  0
LWPOLYLINE
  5
CB
330
17
100
AcDbEntity
  8
爆区方格网
 62
5
100
AcDbPolyline
 90
5
 70
1
 10
470098.30357
 20
4349752.253450612
 10
470098.30357
 20
4349753.253450612
 10
470099.30357
 20
4349753.253450612
 10
470099.30357
 20
4349752.253450612
 10
470098.30357
 20
4349752.253450612
  0
TEXT
  5
CC
330
17
100
AcDbEntity
  8
0
 62
5
100
AcDbText
 10
470098.64357
 20
4349752.683450611
 30
0.0
 40
0.1333
  1
1.16
  7
CN_TTF
 11
470098.64357
 21
4349752.683450611
 31
0.0
100
AcDbText
  0
LWPOLYLINE
  5
CD
330
17
100
AcDbEntity
  8
爆区方格网
 62
5
100
AcDbPolyline
 90
6
 70
1
 10
470099.30357
 20
4349753.253450612
 10
470098.30357
 20
4349753.253450612
 10
470098.30357
 20
4349754.253450612
 10
470099.2317703235
 20
4349754.253450612
 10
470099.30357
 20
4349753.957777803
 10
470099.30357
 20
4349753.253450612
  0
TEXT
  5
CE
330
17
100
AcDbEntity
  8
0
 62
5
100
AcDbText
 10
470098.64357
 20
4349753.535614207
 30
0.0
 40
0.1333
  1
1.16
  7
CN_TTF
 11
470098.64357
 21
4349753.535614207
 31
0.0
100
AcDbText
  0
LWPOLYLINE
  5
CF
330
17
100
AcDbEntity
  8
爆区方格网
 62
5
100
AcDbPolyline
 90
5
 70
1
 10
470098.30357
 20
4349754.253450612
 10
470098.30357
 20
4349755.253450612
 10
470098.9889354247
 20
4349755.253450612
 10
470099.2317703235
 20
4349754.253450612
 10
470098.30357
 20
4349754.253450612
  0
TEXT
  5
D0
330
17
100
AcDbEntity
  8
0
 62
5
100
AcDbText
 10
470098.54696143704
 20
4349754.683450611
 30
0.0
 40
0.1333
  1
1.16
  7
CN_TTF
 11
470098.54696143704
 21
4349754.683450611
 31
0.0
100
AcDbText
  0
LWPOLYLINE
  5
D1
330
17
100
AcDbEntity
  8
爆区方格网
 62
5
100
AcDbPolyline
 90
5
 70
1
 10
470098.30357
 20
4349755.253450612
 10
470098.30357
 20
4349756.014459586
 10
470098.8149986267
 20
4349755.9697265625
 10
470098.9889354247
 20
4349755.253450612
 10
470098.30357
 20
4349755.253450612
  0
TEXT
  5
D2
330
17
100
AcDbEntity
  8
0
 62
5
100
AcDbText
 10
470098.4427685129
 20
4349755.541588587
 30
0.0
 40
0.1333
  1
1.16
  7
CN_TTF
 11
470098.4427685129
 21
4349755.541588587
 31
0.0
100
AcDbText
  0
LWPOLYLINE
  5
D3
330
17
100
AcDbEntity
  8
爆区方格网
 62
5
100
AcDbPolyline
 90
4
 70
1
 10
470100.30357
 20
4349734.253450612
 10
470100.30357
 20
4349733.424815804
 10
470099.99932491087
 20
4349734.253450612
 10
470100.30357
 20
4349734.253450612
  0
TEXT
  5
D4
330
17
100
AcDbEntity
  8
0
 62
5
100
AcDbText
 10
470100.0675087277
 20
4349733.769133207
 30
0.0
 40
0.1333
  1
1.32
  7
CN_TTF
 11
470100.0675087277
 21
4349733.769133207
 31
0.0
100
AcDbText
  0
LWPOLYLINE
  5
D5
330
17
100
AcDbEntity
  8
爆区方格网
 62
5
100
AcDbPolyline
 90
5
 70
1
 10
470100.30357
 20
4349735.253450612
 10
470100.30357
 20
4349734.253450612
 10
470099.99932491087
 20
4349734.253450612
 10
470099.63216064696
 20
4349735.253450612
 10
470100.30357
 20
4349735.253450612
  0
TEXT
  5
D6
330
17
100
AcDbEntity
  8
0
 62
5
100
AcDbText
 10
470099.8996563895
 20
4349734.683450611
 30
0.0
 40
0.1333
  1
1.32
  7
CN_TTF
 11
470099.8996563895
 21
4349734.683450611
 31
0.0
100
AcDbText
  0
LWPOLYLINE
  5
D7
330
17
100
AcDbEntity
  8
爆区方格网
 62
5
100
AcDbPolyline
 90
7
 70
1
 10
470099.30357
 20
4349736.253450612
 10
470100.30357
 20
4349736.253450612
 10
470100.30357
 20
4349735.253450612
 10
470099.63216064696
 20
4349735.253450612
 10
470099.4788570383
 20
4349735.670984734
 10
470099.30357
 20
4349736.148392411
 10
470099.30357
 20
4349736.253450612
  0
TEXT
  5
D8
330
17
100
AcDbEntity
  8
0
 62
5
100
AcDbText
 10
470099.6873917596
 20
4349735.839688572
 30
0.0
 40
0.1333
  1
1.26
  7
CN_TTF
 11
470099.6873917596
 21
4349735.839688572
 31
0.0
100
AcDbText
  0
LWPOLYLINE
  5
D9
330
17
100
AcDbEntity
  8
爆区方格网
 62
5
100
AcDbPolyline
 90
5
 70
1
 10
470099.30357
 20
4349736.253450612
 10
470099.30357
 20
4349737.253450612
 10
470100.30357
 20
4349737.253450612
 10
470100.30357
 20
4349736.253450612
 10
470099.30357
 20
4349736.253450612
  0
TEXT
  5
DA
330
17
100
AcDbEntity
  8
0
 62
5
100
AcDbText
 10
470099.64357
 20
4349736.683450611
 30
0.0
 40
0.1333
  1
1.26
  7
CN_TTF
 11
470099.64357
 21
4349736.683450611
 31
0.0
100
AcDbText
  0
LWPOLYLINE
  5
DB
330
17
100
AcDbEntity
  8
爆区方格网
 62
5
100
AcDbPolyline
 90
5
 70
1
 10
470099.30357
 20
4349737.253450612
 10
470099.30357
 20
4349738.253450612
 10
470100.30357
 20
4349738.253450612
 10
470100.30357
 20
4349737.253450612
 10
470099.30357
 20
4349737.253450612
  0
TEXT
  5
DC
330
17
100
AcDbEntity
  8
0
 62
5
100
AcDbText
 10
470099.64357
 20
4349737.683450611
 30
0.0
 40
0.1333
  1
1.26
  7
CN_TTF
 11
470099.64357
 21
4349737.683450611
 31
0.0
100
AcDbText
  0
LWPOLYLINE
  5
DD
330
17
100
AcDbEntity
  8
爆区方格网
 62
5
100
AcDbPolyline
 90
5
 70
1
 10
470099.30357
 20
4349738.253450612
 10
470099.30357
 20
4349739.253450612
 10
470100.30357
 20
4349739.253450612
 10
470100.30357
 20
4349738.253450612
 10
470099.30357
 20
4349738.253450612
  0
TEXT
  5
DE
330
17
100
AcDbEntity
  8
0
 62
5
100
AcDbText
 10
470099.64357
 20
4349738.683450611
 30
0.0
 40
0.1333
  1
1.26
  7
CN_TTF
 11
470099.64357
 21
4349738.683450611
 31
0.0
100
AcDbText
  0
LWPOLYLINE
  5
DF
330
17
100
AcDbEntity
  8
爆区方格网
 62
5
100
AcDbPolyline
 90
5
 70
1
 10
470099.30357
 20
4349739.253450612
 10
470099.30357
 20
4349740.253450612
 10
470100.30357
 20
4349740.253450612
 10
470100.30357
 20
4349739.253450612
 10
470099.30357
 20
4349739.253450612
  0
TEXT
  5
E0
330
17
100
AcDbEntity
  8
0
 62
5
100
AcDbText
 10
470099.64357
 20
4349739.683450611
 30
0.0
 40
0.1333
  1
1.26
  7
CN_TTF
 11
470099.64357
 21
4349739.683450611
 31
0.0
100
AcDbText
  0
LWPOLYLINE
  5
E1
330
17
100
AcDbEntity
  8
爆区方格网
 62
5
100
AcDbPolyline
 90
5
 70
1
 10
470099.30357
 20
4349740.253450612
 10
470099.30357
 20
4349741.253450612
 10
470100.30357
 20
4349741.253450612
 10
470100.30357
 20
4349740.253450612
 10
470099.30357
 20
4349740.253450612
  0
TEXT
  5
E2
330
17
100
AcDbEntity
  8
0
 62
5
100
AcDbText
 10
470099.64357
 20
4349740.683450611
 30
0.0
 40
0.1333
  1
1.26
  7
CN_TTF
 11
470099.64357
 21
4349740.683450611
 31
0.0
100
AcDbText
  0
LWPOLYLINE
  5
E3
330
17
100
AcDbEntity
  8
爆区方格网
 62
5
100
AcDbPolyline
 90
5
 70
1
 10
470099.30357
 20
4349741.253450612
 10
470099.30357
 20
4349742.253450612
 10
470100.30357
 20
4349742.253450612
 10
470100.30357
 20
4349741.253450612
 10
470099.30357
 20
4349741.253450612
  0
TEXT
  5
E4
330
17
100
AcDbEntity
  8
0
 62
5
100
AcDbText
 10
470099.64357
 20
4349741.683450611
 30
0.0
 40
0.1333
  1
1.26
  7
CN_TTF
 11
470099.64357
 21
4349741.683450611
 31
0.0
100
AcDbText
  0
LWPOLYLINE
  5
E5
330
17
100
AcDbEntity
  8
爆区方格网
 62
5
100
AcDbPolyline
 90
5
 70
1
 10
470099.30357
 20
4349742.253450612
 10
470099.30357
 20
4349743.253450612
 10
470100.30357
 20
4349743.253450612
 10
470100.30357
 20
4349742.253450612
 10
470099.30357
 20
4349742.253450612
  0
TEXT
  5
E6
330
17
100
AcDbEntity
  8
0
 62
5
100
AcDbText
 10
470099.64357
 20
4349742.683450611
 30
0.0
 40
0.1333
  1
1.26
  7
CN_TTF
 11
470099.64357
 21
4349742.683450611
 31
0.0
100
AcDbText
  0
LWPOLYLINE
  5
E7
330
17
100
AcDbEntity
  8
爆区方格网
 62
5
100
AcDbPolyline
 90
5
 70
1
 10
470099.30357
 20
4349743.253450612
 10
470099.30357
 20
4349744.253450612
 10
470100.30357
 20
4349744.253450612
 10
470100.30357
 20
4349743.253450612
 10
470099.30357
 20
4349743.253450612
  0
TEXT
  5
E8
330
17
100
AcDbEntity
  8
0
 62
5
100
AcDbText
 10
470099.64357
 20
4349743.683450611
 30
0.0
 40
0.1333
  1
1.04
  7
CN_TTF
 11
470099.64357
 21
4349743.683450611
 31
0.0
100
AcDbText
  0
LWPOLYLINE
  5
E9
330
17
100
AcDbEntity
  8
爆区方格网
 62
5
100
AcDbPolyline
 90
5
 70
1
 10
470099.30357
 20
4349744.253450612
 10
470099.30357
 20
4349745.253450612
 10
470100.30357
 20
4349745.253450612
 10
470100.30357
 20
4349744.253450612
 10
470099.30357
 20
4349744.253450612
  0
TEXT
  5
EA
330
17
100
AcDbEntity
  8
0
 62
5
100
AcDbText
 10
470099.64357
 20
4349744.683450611
 30
0.0
 40
0.1333
  1
1.04
  7
CN_TTF
 11
470099.64357
 21
4349744.683450611
 31
0.0
100
AcDbText
  0
LWPOLYLINE
  5
EB
330
17
100
AcDbEntity
  8
爆区方格网
 62
5
100
AcDbPolyline
 90
5
 70
1
 10
470099.30357
 20
4349745.253450612
 10
470099.30357
 20
4349746.253450612
 10
470100.30357
 20
4349746.253450612
 10
470100.30357
 20
4349745.253450612
 10
470099.30357
 20
4349745.253450612
  0
TEXT
  5
EC
330
17
100
AcDbEntity
  8
0
 62
5
100
AcDbText
 10
470099.64357
 20
4349745.683450611
 30
0.0
 40
0.1333
  1
1.04
  7
CN_TTF
 11
470099.64357
 21
4349745.683450611
 31
0.0
100
AcDbText
  0
LWPOLYLINE
  5
ED
330
17
100
AcDbEntity
  8
爆区方格网
 62
5
100
AcDbPolyline
 90
5
 70
1
 10
470099.30357
 20
4349746.253450612
 10
470099.30357
 20
4349747.253450612
 10
470100.30357
 20
4349747.253450612
 10
470100.30357
 20
4349746.253450612
 10
470099.30357
 20
4349746.253450612
  0
TEXT
  5
EE
330
17
100
AcDbEntity
  8
0
 62
5
100
AcDbText
 10
470099.64357
 20
4349746.683450611
 30
0.0
 40
0.1333
  1
1.04
  7
CN_TTF
 11
470099.64357
 21
4349746.683450611
 31
0.0
100
AcDbText
  0
LWPOLYLINE
  5
EF
330
17
100
AcDbEntity
  8
爆区方格网
 62
5
100
AcDbPolyline
 90
5
 70
1
 10
470099.30357
 20
4349747.253450612
 10
470099.30357
 20
4349748.253450612
 10
470100.30357
 20
4349748.253450612
 10
470100.30357
 20
4349747.253450612
 10
470099.30357
 20
4349747.253450612
  0
TEXT
  5
F0
330
17
100
AcDbEntity
  8
0
 62
5
100
AcDbText
 10
470099.64357
 20
4349747.683450611
 30
0.0
 40
0.1333
  1
1.04
  7
CN_TTF
 11
470099.64357
 21
4349747.683450611
 31
0.0
100
AcDbText
  0
LWPOLYLINE
  5
F1
330
17
100
AcDbEntity
  8
爆区方格网
 62
5
100
AcDbPolyline
 90
5
 70
1
 10
470099.30357
 20
4349748.253450612
 10
470099.30357
 20
4349749.253450612
 10
470100.30357
 20
4349749.253450612
 10
470100.30357
 20
4349748.253450612
 10
470099.30357
 20
4349748.253450612
  0
TEXT
  5
F2
330
17
100
AcDbEntity
  8
0
 62
5
100
AcDbText
 10
470099.64357
 20
4349748.683450611
 30
0.0
 40
0.1333
  1
1.04
  7
CN_TTF
 11
470099.64357
 21
4349748.683450611
 31
0.0
100
AcDbText
  0
LWPOLYLINE
  5
F3
330
17
100
AcDbEntity
  8
爆区方格网
 62
5
100
AcDbPolyline
 90
6
 70
1
 10
470100.30357
 20
4349749.253450612
 10
470099.30357
 20
4349749.253450612
 10
470099.30357
 20
4349750.253450612
 10
470100.26355645864
 20
4349750.253450612
 10
470100.30357
 20
4349750.106505823
 10
470100.30357
 20
4349749.253450612
  0
TEXT
  5
F4
330
17
100
AcDbEntity
  8
0
 62
5
100
AcDbText
 10
470099.64357
 20
4349749.609978218
 30
0.0
 40
0.1333
  1
1.04
  7
CN_TTF
 11
470099.64357
 21
4349749.609978218
 31
0.0
100
AcDbText
  0
LWPOLYLINE
  5
F5
330
17
100
AcDbEntity
  8
爆区方格网
 62
5
100
AcDbPolyline
 90
6
 70
1
 10
470099.30357
 20
4349750.253450612
 10
470099.30357
 20
4349751.253450612
 10
470099.99125322275
 20
4349751.253450612
 10
470100.19734518416
 20
4349750.496603339
 10
470100.26355645864
 20
4349750.253450612
 10
470099.30357
 20
4349750.253450612
  0
TEXT
  5
F6
330
17
100
AcDbEntity
  8
0
 62
5
100
AcDbText
 10
470099.5389346018
 20
4349750.8050269745
 30
0.0
 40
0.1333
  1
1.16
  7
CN_TTF
 11
470099.5389346018
 21
4349750.8050269745
 31
0.0
100
AcDbText
  0
LWPOLYLINE
  5
F7
330
17
100
AcDbEntity
  8
爆区方格网
 62
5
100
AcDbPolyline
 90
5
 70
1
 10
470099.30357
 20
4349751.253450612
 10
470099.30357
 20
4349752.253450612
 10
470099.71894998685
 20
4349752.253450612
 10
470099.99125322275
 20
4349751.253450612
 10
470099.30357
 20
4349751.253450612
  0
TEXT
  5
F8
330
17
100
AcDbEntity
  8
0
 62
5
100
AcDbText
 10
470099.41933580243
 20
4349751.683450611
 30
0.0
 40
0.1333
  1
1.16
  7
CN_TTF
 11
470099.41933580243
 21
4349751.683450611
 31
0.0
100
AcDbText
  0
LWPOLYLINE
  5
F9
330
17
100
AcDbEntity
  8
爆区方格网
 62
5
100
AcDbPolyline
 90
6
 70
1
 10
470099.30357
 20
4349752.253450612
 10
470099.30357
 20
4349753.253450612
 10
470099.47460522223
 20
4349753.253450612
 10
470099.70499801636
 20
4349752.3046875
 10
470099.71894998685
 20
4349752.253450612
 10
470099.30357
 20
4349752.253450612
  0
TEXT
  5
FA
330
17
100
AcDbEntity
  8
0
 62
5
100
AcDbText
 10
470099.28668580967
 20
4349752.7090690555
 30
0.0
 40
0.1333
  1
1.16
  7
CN_TTF
 11
470099.28668580967
 21
4349752.7090690555
 31
0.0
100
AcDbText
  0
LWPOLYLINE
  5
FB
330
17
100
AcDbEntity
  8
爆区方格网
 62
5
100
AcDbPolyline
 90
4
 70
1
 10
470099.30357
 20
4349753.253450612
 10
470099.30357
 20
4349753.957777803
 10
470099.47460522223
 20
4349753.253450612
 10
470099.30357
 20
4349753.253450612
  0
TEXT
  5
FC
330
17
100
AcDbEntity
  8
0
 62
5
100
AcDbText
 10
470099.1863288055
 20
4349753.535614207
 30
0.0
 40
0.1333
  1
1.16
  7
CN_TTF
 11
470099.1863288055
 21
4349753.535614207
 31
0.0
100
AcDbText
  0
LWPOLYLINE
  5
FD
330
17
100
AcDbEntity
  8
爆区方格网
 62
5
100
AcDbPolyline
 90
5
 70
1
 10
470101.30357
 20
4349729.253450612
 10
470101.30357
 20
4349728.549062737
 10
470101.01660260675
 20
4349728.801546789
 10
470100.95601503726
 20
4349729.253450612
 10
470101.30357
 20
4349729.253450612
  0
TEXT
  5
FE
330
17
100
AcDbEntity
  8
0
 62
5
100
AcDbText
 10
470100.98493941105
 20
4349728.957498699
 30
0.0
 40
0.1333
  1
1.11
  7
CN_TTF
 11
470100.98493941105
 21
4349728.957498699
 31
0.0
100
AcDbText
  0
LWPOLYLINE
  5
FF
330
17
100
AcDbEntity
  8
爆区方格网
 62
5
100
AcDbPolyline
 90
5
 70
1
 10
470101.30357
 20
4349730.253450612
 10
470101.30357
 20
4349729.253450612
 10
470100.95601503726
 20
4349729.253450612
 10
470100.8219432139
 20
4349730.253450612
 10
470101.30357
 20
4349730.253450612
  0
TEXT
  5
100
330
17
100
AcDbEntity
  8
0
 62
5
100
AcDbText
 10
470100.9362745628
 20
4349729.683450611
 30
0.0
 40
0.1333
  1
1.11
  7
CN_TTF
 11
470100.9362745628
 21
4349729.683450611
 31
0.0
100
AcDbText
  0
LWPOLYLINE
  5
101
330
17
100
AcDbEntity
  8
爆区方格网
 62
5
100
AcDbPolyline
 90
6
 70
1
 10
470101.30357
 20
4349731.253450612
 10
470101.30357
 20
4349730.253450612
 10
470100.8219432139
 20
4349730.253450612
 10
470100.71161290014
 20
4349731.076370081
 10
470100.6878713905
 20
4349731.253450612
 10
470101.30357
 20
4349731.253450612
  0
TEXT
  5
102
330
17
100
AcDbEntity
  8
0
 62
5
100
AcDbText
 10
470100.8751740285
 20
4349730.594910346
 30
0.0
 40
0.1333
  1
1.11
  7
CN_TTF
 11
470100.8751740285
 21
4349730.594910346
 31
0.0
100
AcDbText
  0
LWPOLYLINE
  5
103
330
17
100
AcDbEntity
  8
爆区方格网
 62
5
100
AcDbPolyline
 90
5
 70
1
 10
470101.30357
 20
4349732.253450612
 10
470101.30357
 20
4349731.253450612
 10
470100.6878713905
 20
4349731.253450612
 10
470100.55379956716
 20
4349732.253450612
 10
470101.30357
 20
4349732.253450612
  0
TEXT
  5
104
330
17
100
AcDbEntity
  8
0
 62
5
100
AcDbText
 10
470100.80220273946
 20
4349731.683450611
 30
0.0
 40
0.1333
  1
1.32
  7
CN_TTF
 11
470100.80220273946
 21
4349731.683450611
 31
0.0
100
AcDbText
  0
LWPOLYLINE
  5
105
330
17
100
AcDbEntity
  8
爆区方格网
 62
5
100
AcDbPolyline
 90
6
 70
1
 10
470101.30357
 20
4349733.253450612
 10
470101.30357
 20
4349732.253450612
 10
470100.55379956716
 20
4349732.253450612
 10
470100.4503498953
 20
4349733.025049515
 10
470100.3664891748
 20
4349733.253450612
 10
470101.30357
 20
4349733.253450612
  0
TEXT
  5
106
330
17
100
AcDbEntity
  8
0
 62
5
100
AcDbText
 10
470100.74282236566
 20
4349732.569250063
 30
0.0
 40
0.1333
  1
1.32
  7
CN_TTF
 11
470100.74282236566
 21
4349732.569250063
 31
0.0
100
AcDbText
  0
LWPOLYLINE
  5
107
330
17
100
AcDbEntity
  8
爆区方格网
 62
5
100
AcDbPolyline
 90
6
 70
1
 10
470100.30357
 20
4349734.253450612
 10
470101.30357
 20
4349734.253450612
 10
470101.30357
 20
4349733.253450612
 10
470100.3664891748
 20
4349733.253450612
 10
470100.30357
 20
4349733.424815804
 10
470100.30357
 20
4349734.253450612
  0
TEXT
  5
108
330
17
100
AcDbEntity
  8
0
 62
5
100
AcDbText
 10
470100.64357
 20
4349733.769133207
 30
0.0
 40
0.1333
  1
1.32
  7
CN_TTF
 11
470100.64357
 21
4349733.769133207
 31
0.0
100
AcDbText
  0
LWPOLYLINE
  5
109
330
17
100
AcDbEntity
  8
爆区方格网
 62
5
100
AcDbPolyline
 90
5
 70
1
 10
470100.30357
 20
4349734.253450612
 10
470100.30357
 20
4349735.253450612
 10
470101.30357
 20
4349735.253450612
 10
470101.30357
 20
4349734.253450612
 10
470100.30357
 20
4349734.253450612
  0
TEXT
  5
10A
330
17
100
AcDbEntity
  8
0
 62
5
100
AcDbText
 10
470100.64357
 20
4349734.683450611
 30
0.0
 40
0.1333
  1
1.32
  7
CN_TTF
 11
470100.64357
 21
4349734.683450611
 31
0.0
100
AcDbText
  0
LWPOLYLINE
  5
10B
330
17
100
AcDbEntity
  8
爆区方格网
 62
5
100
AcDbPolyline
 90
5
 70
1
 10
470100.30357
 20
4349735.253450612
 10
470100.30357
 20
4349736.253450612
 10
470101.30357
 20
4349736.253450612
 10
470101.30357
 20
4349735.253450612
 10
470100.30357
 20
4349735.253450612
  0
TEXT
  5
10C
330
17
100
AcDbEntity
  8
0
 62
5
100
AcDbText
 10
470100.64357
 20
4349735.683450611
 30
0.0
 40
0.1333
  1
1.32
  7
CN_TTF
 11
470100.64357
 21
4349735.683450611
 31
0.0
100
AcDbText
  0
LWPOLYLINE
  5
10D
330
17
100
AcDbEntity
  8
爆区方格网
 62
5
100
AcDbPolyline
 90
5
 70
1
 10
470100.30357
 20
4349736.253450612
 10
470100.30357
 20
4349737.253450612
 10
470101.30357
 20
4349737.253450612
 10
470101.30357
 20
4349736.253450612
 10
470100.30357
 20
4349736.253450612
  0
TEXT
  5
10E
330
17
100
AcDbEntity
  8
0
 62
5
100
AcDbText
 10
470100.64357
 20
4349736.683450611
 30
0.0
 40
0.1333
  1
1.26
  7
CN_TTF
 11
470100.64357
 21
4349736.683450611
 31
0.0
100
AcDbText
  0
LWPOLYLINE
  5
10F
330
17
100
AcDbEntity
  8
爆区方格网
 62
5
100
AcDbPolyline
 90
5
 70
1
 10
470100.30357
 20
4349737.253450612
 10
470100.30357
 20
4349738.253450612
 10
470101.30357
 20
4349738.253450612
 10
470101.30357
 20
4349737.253450612
 10
470100.30357
 20
4349737.253450612
  0
TEXT
  5
110
330
17
100
AcDbEntity
  8
0
 62
5
100
AcDbText
 10
470100.64357
 20
4349737.683450611
 30
0.0
 40
0.1333
  1
1.26
  7
CN_TTF
 11
470100.64357
 21
4349737.683450611
 31
0.0
100
AcDbText
  0
LWPOLYLINE
  5
111
330
17
100
AcDbEntity
  8
爆区方格网
 62
5
100
AcDbPolyline
 90
5
 70
1
 10
470100.30357
 20
4349738.253450612
 10
470100.30357
 20
4349739.253450612
 10
470101.30357
 20
4349739.253450612
 10
470101.30357
 20
4349738.253450612
 10
470100.30357
 20
4349738.253450612
  0
TEXT
  5
112
330
17
100
AcDbEntity
  8
0
 62
5
100
AcDbText
 10
470100.64357
 20
4349738.683450611
 30
0.0
 40
0.1333
  1
1.26
  7
CN_TTF
 11
470100.64357
 21
4349738.683450611
 31
0.0
100
AcDbText
  0
LWPOLYLINE
  5
113
330
17
100
AcDbEntity
  8
爆区方格网
 62
5
100
AcDbPolyline
 90
5
 70
1
 10
470100.30357
 20
4349739.253450612
 10
470100.30357
 20
4349740.253450612
 10
470101.30357
 20
4349740.253450612
 10
470101.30357
 20
4349739.253450612
 10
470100.30357
 20
4349739.253450612
  0
TEXT
  5
114
330
17
100
AcDbEntity
  8
0
 62
5
100
AcDbText
 10
470100.64357
 20
4349739.683450611
 30
0.0
 40
0.1333
  1
1.26
  7
CN_TTF
 11
470100.64357
 21
4349739.683450611
 31
0.0
100
AcDbText
  0
LWPOLYLINE
  5
115
330
17
100
AcDbEntity
  8
爆区方格网
 62
5
100
AcDbPolyline
 90
5
 70
1
 10
470100.30357
 20
4349740.253450612
 10
470100.30357
 20
4349741.253450612
 10
470101.30357
 20
4349741.253450612
 10
470101.30357
 20
4349740.253450612
 10
470100.30357
 20
4349740.253450612
  0
TEXT
  5
116
330
17
100
AcDbEntity
  8
0
 62
5
100
AcDbText
 10
470100.64357
 20
4349740.683450611
 30
0.0
 40
0.1333
  1
1.26
  7
CN_TTF
 11
470100.64357
 21
4349740.683450611
 31
0.0
100
AcDbText
  0
LWPOLYLINE
  5
117
330
17
100
AcDbEntity
  8
爆区方格网
 62
5
100
AcDbPolyline
 90
5
 70
1
 10
470100.30357
 20
4349741.253450612
 10
470100.30357
 20
4349742.253450612
 10
470101.30357
 20
4349742.253450612
 10
470101.30357
 20
4349741.253450612
 10
470100.30357
 20
4349741.253450612
  0
TEXT
  5
118
330
17
100
AcDbEntity
  8
0
 62
5
100
AcDbText
 10
470100.64357
 20
4349741.683450611
 30
0.0
 40
0.1333
  1
1.26
  7
CN_TTF
 11
470100.64357
 21
4349741.683450611
 31
0.0
100
AcDbText
  0
LWPOLYLINE
  5
119
330
17
100
AcDbEntity
  8
爆区方格网
 62
5
100
AcDbPolyline
 90
5
 70
1
 10
470100.30357
 20
4349742.253450612
 10
470100.30357
 20
4349743.253450612
 10
470101.30357
 20
4349743.253450612
 10
470101.30357
 20
4349742.253450612
 10
470100.30357
 20
4349742.253450612
  0
TEXT
  5
11A
330
17
100
AcDbEntity
  8
0
 62
5
100
AcDbText
 10
470100.64357
 20
4349742.683450611
 30
0.0
 40
0.1333
  1
1.26
  7
CN_TTF
 11
470100.64357
 21
4349742.683450611
 31
0.0
100
AcDbText
  0
LWPOLYLINE
  5
11B
330
17
100
AcDbEntity
  8
爆区方格网
 62
5
100
AcDbPolyline
 90
5
 70
1
 10
470100.30357
 20
4349743.253450612
 10
470100.30357
 20
4349744.253450612
 10
470101.30357
 20
4349744.253450612
 10
470101.30357
 20
4349743.253450612
 10
470100.30357
 20
4349743.253450612
  0
TEXT
  5
11C
330
17
100
AcDbEntity
  8
0
 62
5
100
AcDbText
 10
470100.64357
 20
4349743.683450611
 30
0.0
 40
0.1333
  1
1.04
  7
CN_TTF
 11
470100.64357
 21
4349743.683450611
 31
0.0
100
AcDbText
  0
LWPOLYLINE
  5
11D
330
17
100
AcDbEntity
  8
爆区方格网
 62
5
100
AcDbPolyline
 90
5
 70
1
 10
470100.30357
 20
4349744.253450612
 10
470100.30357
 20
4349745.253450612
 10
470101.30357
 20
4349745.253450612
 10
470101.30357
 20
4349744.253450612
 10
470100.30357
 20
4349744.253450612
  0
TEXT
  5
11E
330
17
100
AcDbEntity
  8
0
 62
5
100
AcDbText
 10
470100.64357
 20
4349744.683450611
 30
0.0
 40
0.1333
  1
1.04
  7
CN_TTF
 11
470100.64357
 21
4349744.683450611
 31
0.0
100
AcDbText
  0
LWPOLYLINE
  5
11F
330
17
100
AcDbEntity
  8
爆区方格网
 62
5
100
AcDbPolyline
 90
5
 70
1
 10
470100.30357
 20
4349745.253450612
 10
470100.30357
 20
4349746.253450612
 10
470101.30357
 20
4349746.253450612
 10
470101.30357
 20
4349745.253450612
 10
470100.30357
 20
4349745.253450612
  0
TEXT
  5
120
330
17
100
AcDbEntity
  8
0
 62
5
100
AcDbText
 10
470100.64357
 20
4349745.683450611
 30
0.0
 40
0.1333
  1
1.04
  7
CN_TTF
 11
470100.64357
 21
4349745.683450611
 31
0.0
100
AcDbText
  0
LWPOLYLINE
  5
121
330
17
100
AcDbEntity
  8
爆区方格网
 62
5
100
AcDbPolyline
 90
6
 70
1
 10
470101.30357
 20
4349746.253450612
 10
470100.30357
 20
4349746.253450612
 10
470100.30357
 20
4349747.253450612
 10
470101.08046616655
 20
4349747.253450612
 10
470101.30357
 20
4349746.434129341
 10
470101.30357
 20
4349746.253450612
  0
TEXT
  5
122
330
17
100
AcDbEntity
  8
0
 62
5
100
AcDbText
 10
470100.58779404167
 20
4349746.773789976
 30
0.0
 40
0.1333
  1
1.04
  7
CN_TTF
 11
470100.58779404167
 21
4349746.773789976
 31
0.0
100
AcDbText
  0
LWPOLYLINE
  5
123
330
17
100
AcDbEntity
  8
爆区方格网
 62
5
100
AcDbPolyline
 90
5
 70
1
 10
470100.30357
 20
4349747.253450612
 10
470100.30357
 20
4349748.253450612
 10
470100.8081629306
 20
4349748.253450612
 10
470101.08046616655
 20
4349747.253450612
 10
470100.30357
 20
4349747.253450612
  0
TEXT
  5
124
330
17
100
AcDbEntity
  8
0
 62
5
100
AcDbText
 10
470100.4639422743
 20
4349747.683450611
 30
0.0
 40
0.1333
  1
1.04
  7
CN_TTF
 11
470100.4639422743
 21
4349747.683450611
 31
0.0
100
AcDbText
  0
LWPOLYLINE
  5
125
330
17
100
AcDbEntity
  8
爆区方格网
 62
5
100
AcDbPolyline
 90
5
 70
1
 10
470100.30357
 20
4349748.253450612
 10
470100.30357
 20
4349749.253450612
 10
470100.53585969465
 20
4349749.253450612
 10
470100.8081629306
 20
4349748.253450612
 10
470100.30357
 20
4349748.253450612
  0
TEXT
  5
126
330
17
100
AcDbEntity
  8
0
 62
5
100
AcDbText
 10
470100.3277906563
 20
4349748.683450611
 30
0.0
 40
0.1333
  1
1.04
  7
CN_TTF
 11
470100.3277906563
 21
4349748.683450611
 31
0.0
100
AcDbText
  0
LWPOLYLINE
  5
127
330
17
100
AcDbEntity
  8
爆区方格网
 62
5
100
AcDbPolyline
 90
4
 70
1
 10
470100.30357
 20
4349749.253450612
 10
470100.30357
 20
4349750.106505823
 10
470100.53585969465
 20
4349749.253450612
 10
470100.30357
 20
4349749.253450612
  0
TEXT
  5
128
330
17
100
AcDbEntity
  8
0
 62
5
100
AcDbText
 10
470100.2016424236
 20
4349749.609978218
 30
0.0
 40
0.1333
  1
1.04
  7
CN_TTF
 11
470100.2016424236
 21
4349749.609978218
 31
0.0
100
AcDbText
  0
LWPOLYLINE
  5
129
330
17
100
AcDbEntity
  8
爆区方格网
 62
5
100
AcDbPolyline
 90
4
 70
1
 10
470102.30357
 20
4349728.253450612
 10
470102.30357
 20
4349727.669227406
 10
470101.63955574087
 20
4349728.253450612
 10
470102.30357
 20
4349728.253450612
  0
TEXT
  5
12A
330
17
100
AcDbEntity
  8
0
 62
5
100
AcDbText
 10
470101.97756643523
 20
4349727.891339009
 30
0.0
 40
0.1333
  1
1.11
  7
CN_TTF
 11
470101.97756643523
 21
4349727.891339009
 31
0.0
100
AcDbText
  0
LWPOLYLINE
  5
12B
330
17
100
AcDbEntity
  8
爆区方格网
 62
5
100
AcDbPolyline
 90
6
 70
1
 10
470101.30357
 20
4349729.253450612
 10
470102.30357
 20
4349729.253450612
 10
470102.30357
 20
4349728.253450612
 10
470101.63955574087
 20
4349728.253450612
 10
470101.30357
 20
4349728.549062737
 10
470101.30357
 20
4349729.253450612
  0
TEXT
  5
12C
330
17
100
AcDbEntity
  8
0
 62
5
100
AcDbText
 10
470101.64357
 20
4349728.831256675
 30
0.0
 40
0.1333
  1
1.11
  7
CN_TTF
 11
470101.64357
 21
4349728.831256675
 31
0.0
100
AcDbText
  0
LWPOLYLINE
  5
12D
330
17
100
AcDbEntity
  8
爆区方格网
 62
5
100
AcDbPolyline
 90
5
 70
1
 10
470101.30357
 20
4349729.253450612
 10
470101.30357
 20
4349730.253450612
 10
470102.30357
 20
4349730.253450612
 10
470102.30357
 20
4349729.253450612
 10
470101.30357
 20
4349729.253450612
  0
TEXT
  5
12E
330
17
100
AcDbEntity
  8
0
 62
5
100
AcDbText
 10
470101.64357
 20
4349729.683450611
 30
0.0
 40
0.1333
  1
1.11
  7
CN_TTF
 11
470101.64357
 21
4349729.683450611
 31
0.0
100
AcDbText
  0
LWPOLYLINE
  5
12F
330
17
100
AcDbEntity
  8
爆区方格网
 62
5
100
AcDbPolyline
 90
5
 70
1
 10
470101.30357
 20
4349730.253450612
 10
470101.30357
 20
4349731.253450612
 10
470102.30357
 20
4349731.253450612
 10
470102.30357
 20
4349730.253450612
 10
470101.30357
 20
4349730.253450612
  0
TEXT
  5
130
330
17
100
AcDbEntity
  8
0
 62
5
100
AcDbText
 10
470101.64357
 20
4349730.683450611
 30
0.0
 40
0.1333
  1
1.11
  7
CN_TTF
 11
470101.64357
 21
4349730.683450611
 31
0.0
100
AcDbText
  0
LWPOLYLINE
  5
131
330
17
100
AcDbEntity
  8
爆区方格网
 62
5
100
AcDbPolyline
 90
5
 70
1
 10
470101.30357
 20
4349731.253450612
 10
470101.30357
 20
4349732.253450612
 10
470102.30357
 20
4349732.253450612
 10
470102.30357
 20
4349731.253450612
 10
470101.30357
 20
4349731.253450612
  0
TEXT
  5
132
330
17
100
AcDbEntity
  8
0
 62
5
100
AcDbText
 10
470101.64357
 20
4349731.683450611
 30
0.0
 40
0.1333
  1
1.32
  7
CN_TTF
 11
470101.64357
 21
4349731.683450611
 31
0.0
100
AcDbText
  0
LWPOLYLINE
  5
133
330
17
100
AcDbEntity
  8
爆区方格网
 62
5
100
AcDbPolyline
 90
5
 70
1
 10
470101.30357
 20
4349732.253450612
 10
470101.30357
 20
4349733.253450612
 10
470102.30357
 20
4349733.253450612
 10
470102.30357
 20
4349732.253450612
 10
470101.30357
 20
4349732.253450612
  0
TEXT
  5
134
330
17
100
AcDbEntity
  8
0
 62
5
100
AcDbText
 10
470101.64357
 20
4349732.683450611
 30
0.0
 40
0.1333
  1
1.32
  7
CN_TTF
 11
470101.64357
 21
4349732.683450611
 31
0.0
100
AcDbText
  0
LWPOLYLINE
  5
135
330
17
100
AcDbEntity
  8
爆区方格网
 62
5
100
AcDbPolyline
 90
5
 70
1
 10
470101.30357
 20
4349733.253450612
 10
470101.30357
 20
4349734.253450612
 10
470102.30357
 20
4349734.253450612
 10
470102.30357
 20
4349733.253450612
 10
470101.30357
 20
4349733.253450612
  0
TEXT
  5
136
330
17
100
AcDbEntity
  8
0
 62
5
100
AcDbText
 10
470101.64357
 20
4349733.683450611
 30
0.0
 40
0.1333
  1
1.32
  7
CN_TTF
 11
470101.64357
 21
4349733.683450611
 31
0.0
100
AcDbText
  0
LWPOLYLINE
  5
137
330
17
100
AcDbEntity
  8
爆区方格网
 62
5
100
AcDbPolyline
 90
5
 70
1
 10
470101.30357
 20
4349734.253450612
 10
470101.30357
 20
4349735.253450612
 10
470102.30357
 20
4349735.253450612
 10
470102.30357
 20
4349734.253450612
 10
470101.30357
 20
4349734.253450612
  0
TEXT
  5
138
330
17
100
AcDbEntity
  8
0
 62
5
100
AcDbText
 10
470101.64357
 20
4349734.683450611
 30
0.0
 40
0.1333
  1
1.32
  7
CN_TTF
 11
470101.64357
 21
4349734.683450611
 31
0.0
100
AcDbText
  0
LWPOLYLINE
  5
139
330
17
100
AcDbEntity
  8
爆区方格网
 62
5
100
AcDbPolyline
 90
5
 70
1
 10
470101.30357
 20
4349735.253450612
 10
470101.30357
 20
4349736.253450612
 10
470102.30357
 20
4349736.253450612
 10
470102.30357
 20
4349735.253450612
 10
470101.30357
 20
4349735.253450612
  0
TEXT
  5
13A
330
17
100
AcDbEntity
  8
0
 62
5
100
AcDbText
 10
470101.64357
 20
4349735.683450611
 30
0.0
 40
0.1333
  1
1.32
  7
CN_TTF
 11
470101.64357
 21
4349735.683450611
 31
0.0
100
AcDbText
  0
LWPOLYLINE
  5
13B
330
17
100
AcDbEntity
  8
爆区方格网
 62
5
100
AcDbPolyline
 90
5
 70
1
 10
470101.30357
 20
4349736.253450612
 10
470101.30357
 20
4349737.253450612
 10
470102.30357
 20
4349737.253450612
 10
470102.30357
 20
4349736.253450612
 10
470101.30357
 20
4349736.253450612
  0
TEXT
  5
13C
330
17
100
AcDbEntity
  8
0
 62
5
100
AcDbText
 10
470101.64357
 20
4349736.683450611
 30
0.0
 40
0.1333
  1
1.26
  7
CN_TTF
 11
470101.64357
 21
4349736.683450611
 31
0.0
100
AcDbText
  0
LWPOLYLINE
  5
13D
330
17
100
AcDbEntity
  8
爆区方格网
 62
5
100
AcDbPolyline
 90
5
 70
1
 10
470101.30357
 20
4349737.253450612
 10
470101.30357
 20
4349738.253450612
 10
470102.30357
 20
4349738.253450612
 10
470102.30357
 20
4349737.253450612
 10
470101.30357
 20
4349737.253450612
  0
TEXT
  5
13E
330
17
100
AcDbEntity
  8
0
 62
5
100
AcDbText
 10
470101.64357
 20
4349737.683450611
 30
0.0
 40
0.1333
  1
1.26
  7
CN_TTF
 11
470101.64357
 21
4349737.683450611
 31
0.0
100
AcDbText
  0
LWPOLYLINE
  5
13F
330
17
100
AcDbEntity
  8
爆区方格网
 62
5
100
AcDbPolyline
 90
5
 70
1
 10
470101.30357
 20
4349738.253450612
 10
470101.30357
 20
4349739.253450612
 10
470102.30357
 20
4349739.253450612
 10
470102.30357
 20
4349738.253450612
 10
470101.30357
 20
4349738.253450612
  0
TEXT
  5
140
330
17
100
AcDbEntity
  8
0
 62
5
100
AcDbText
 10
470101.64357
 20
4349738.683450611
 30
0.0
 40
0.1333
  1
1.26
  7
CN_TTF
 11
470101.64357
 21
4349738.683450611
 31
0.0
100
AcDbText
  0
LWPOLYLINE
  5
141
330
17
100
AcDbEntity
  8
爆区方格网
 62
5
100
AcDbPolyline
 90
5
 70
1
 10
470101.30357
 20
4349739.253450612
 10
470101.30357
 20
4349740.253450612
 10
470102.30357
 20
4349740.253450612
 10
470102.30357
 20
4349739.253450612
 10
470101.30357
 20
4349739.253450612
  0
TEXT
  5
142
330
17
100
AcDbEntity
  8
0
 62
5
100
AcDbText
 10
470101.64357
 20
4349739.683450611
 30
0.0
 40
0.1333
  1
1.26
  7
CN_TTF
 11
470101.64357
 21
4349739.683450611
 31
0.0
100
AcDbText
  0
LWPOLYLINE
  5
143
330
17
100
AcDbEntity
  8
爆区方格网
 62
5
100
AcDbPolyline
 90
5
 70
1
 10
470101.30357
 20
4349740.253450612
 10
470101.30357
 20
4349741.253450612
 10
470102.30357
 20
4349741.253450612
 10
470102.30357
 20
4349740.253450612
 10
470101.30357
 20
4349740.253450612
  0
TEXT
  5
144
330
17
100
AcDbEntity
  8
0
 62
5
100
AcDbText
 10
470101.64357
 20
4349740.683450611
 30
0.0
 40
0.1333
  1
1.26
  7
CN_TTF
 11
470101.64357
 21
4349740.683450611
 31
0.0
100
AcDbText
  0
LWPOLYLINE
  5
145
330
17
100
AcDbEntity
  8
爆区方格网
 62
5
100
AcDbPolyline
 90
5
 70
1
 10
470101.30357
 20
4349741.253450612
 10
470101.30357
 20
4349742.253450612
 10
470102.30357
 20
4349742.253450612
 10
470102.30357
 20
4349741.253450612
 10
470101.30357
 20
4349741.253450612
  0
TEXT
  5
146
330
17
100
AcDbEntity
  8
0
 62
5
100
AcDbText
 10
470101.64357
 20
4349741.683450611
 30
0.0
 40
0.1333
  1
1.26
  7
CN_TTF
 11
470101.64357
 21
4349741.683450611
 31
0.0
100
AcDbText
  0
LWPOLYLINE
  5
147
330
17
100
AcDbEntity
  8
爆区方格网
 62
5
100
AcDbPolyline
 90
6
 70
1
 10
470102.30357
 20
4349742.253450612
 10
470101.30357
 20
4349742.253450612
 10
470101.30357
 20
4349743.253450612
 10
470102.16311905894
 20
4349743.253450612
 10
470102.30357
 20
4349742.731315065
 10
470102.30357
 20
4349742.253450612
  0
TEXT
  5
148
330
17
100
AcDbEntity
  8
0
 62
5
100
AcDbText
 10
470101.6084572648
 20
4349742.922382838
 30
0.0
 40
0.1333
  1
1.26
  7
CN_TTF
 11
470101.6084572648
 21
4349742.922382838
 31
0.0
100
AcDbText
  0
LWPOLYLINE
  5
149
330
17
100
AcDbEntity
  8
爆区方格网
 62
5
100
AcDbPolyline
 90
6
 70
1
 10
470101.30357
 20
4349743.253450612
 10
470101.30357
 20
4349744.253450612
 10
470101.89412580244
 20
4349744.253450612
 10
470102.11520865053
 20
4349743.431560684
 10
470102.16311905894
 20
4349743.253450612
 10
470101.30357
 20
4349743.253450612
  0
TEXT
  5
14A
330
17
100
AcDbEntity
  8
0
 62
5
100
AcDbText
 10
470101.49411861325
 20
4349743.7725056475
 30
0.0
 40
0.1333
  1
1.04
  7
CN_TTF
 11
470101.49411861325
 21
4349743.7725056475
 31
0.0
100
AcDbText
  0
LWPOLYLINE
  5
14B
330
17
100
AcDbEntity
  8
爆区方格网
 62
5
100
AcDbPolyline
 90
6
 70
1
 10
470101.30357
 20
4349744.253450612
 10
470101.30357
 20
4349745.253450612
 10
470101.6250726385
 20
4349745.253450612
 10
470101.6300010681
 20
4349745.2353515625
 10
470101.89412580244
 20
4349744.253450612
 10
470101.30357
 20
4349744.253450612
  0
TEXT
  5
14C
330
17
100
AcDbEntity
  8
0
 62
5
100
AcDbText
 10
470101.37281671766
 20
4349744.674401087
 30
0.0
 40
0.1333
  1
1.04
  7
CN_TTF
 11
470101.37281671766
 21
4349744.674401087
 31
0.0
100
AcDbText
  0
LWPOLYLINE
  5
14D
330
17
100
AcDbEntity
  8
爆区方格网
 62
5
100
AcDbPolyline
 90
5
 70
1
 10
470101.30357
 20
4349745.253450612
 10
470101.30357
 20
4349746.253450612
 10
470101.3527694025
 20
4349746.253450612
 10
470101.6250726385
 20
4349745.253450612
 10
470101.30357
 20
4349745.253450612
  0
TEXT
  5
14E
330
17
100
AcDbEntity
  8
0
 62
5
100
AcDbText
 10
470101.2362455103
 20
4349745.683450611
 30
0.0
 40
0.1333
  1
1.04
  7
CN_TTF
 11
470101.2362455103
 21
4349745.683450611
 31
0.0
100
AcDbText
  0
LWPOLYLINE
  5
14F
330
17
100
AcDbEntity
  8
爆区方格网
 62
5
100
AcDbPolyline
 90
4
 70
1
 10
470101.30357
 20
4349746.253450612
 10
470101.30357
 20
4349746.434129341
 10
470101.3527694025
 20
4349746.253450612
 10
470101.30357
 20
4349746.253450612
  0
TEXT
  5
150
330
17
100
AcDbEntity
  8
0
 62
5
100
AcDbText
 10
470101.15586985066
 20
4349746.273789976
 30
0.0
 40
0.1333
  1
1.04
  7
CN_TTF
 11
470101.15586985066
 21
4349746.273789976
 31
0.0
100
AcDbText
  0
LWPOLYLINE
  5
151
330
17
100
AcDbEntity
  8
爆区方格网
 62
5
100
AcDbPolyline
 90
4
 70
1
 10
470103.30357
 20
4349727.253450612
 10
470103.30357
 20
4349726.789392075
 10
470102.7761320574
 20
4349727.253450612
 10
470103.30357
 20
4349727.253450612
  0
TEXT
  5
152
330
17
100
AcDbEntity
  8
0
 62
5
100
AcDbText
 10
470103.0117105144
 20
4349726.951421343
 30
0.0
 40
0.1333
  1
1.11
  7
CN_TTF
 11
470103.0117105144
 21
4349726.951421343
 31
0.0
100
AcDbText
  0
LWPOLYLINE
  5
153
330
17
100
AcDbEntity
  8
爆区方格网
 62
5
100
AcDbPolyline
 90
6
 70
1
 10
470102.30357
 20
4349728.253450612
 10
470103.30357
 20
4349728.253450612
 10
470103.30357
 20
4349727.253450612
 10
470102.7761320574
 20
4349727.253450612
 10
470102.30357
 20
4349727.669227406
 10
470102.30357
 20
4349728.253450612
  0
TEXT
  5
154
330
17
100
AcDbEntity
  8
0
 62
5
100
AcDbText
 10
470102.64357
 20
4349727.891339009
 30
0.0
 40
0.1333
  1
1.11
  7
CN_TTF
 11
470102.64357
 21
4349727.891339009
 31
0.0
100
AcDbText
  0
LWPOLYLINE
  5
155
330
17
100
AcDbEntity
  8
爆区方格网
 62
5
100
AcDbPolyline
 90
5
 70
1
 10
470102.30357
 20
4349728.253450612
 10
470102.30357
 20
4349729.253450612
 10
470103.30357
 20
4349729.253450612
 10
470103.30357
 20
4349728.253450612
 10
470102.30357
 20
4349728.253450612
  0
TEXT
  5
156
330
17
100
AcDbEntity
  8
0
 62
5
100
AcDbText
 10
470102.64357
 20
4349728.683450611
 30
0.0
 40
0.1333
  1
1.11
  7
CN_TTF
 11
470102.64357
 21
4349728.683450611
 31
0.0
100
AcDbText
  0
LWPOLYLINE
  5
157
330
17
100
AcDbEntity
  8
爆区方格网
 62
5
100
AcDbPolyline
 90
5
 70
1
 10
470102.30357
 20
4349729.253450612
 10
470102.30357
 20
4349730.253450612
 10
470103.30357
 20
4349730.253450612
 10
470103.30357
 20
4349729.253450612
 10
470102.30357
 20
4349729.253450612
  0
TEXT
  5
158
330
17
100
AcDbEntity
  8
0
 62
5
100
AcDbText
 10
470102.64357
 20
4349729.683450611
 30
0.0
 40
0.1333
  1
1.11
  7
CN_TTF
 11
470102.64357
 21
4349729.683450611
 31
0.0
100
AcDbText
  0
LWPOLYLINE
  5
159
330
17
100
AcDbEntity
  8
爆区方格网
 62
5
100
AcDbPolyline
 90
5
 70
1
 10
470102.30357
 20
4349730.253450612
 10
470102.30357
 20
4349731.253450612
 10
470103.30357
 20
4349731.253450612
 10
470103.30357
 20
4349730.253450612
 10
470102.30357
 20
4349730.253450612
  0
TEXT
  5
15A
330
17
100
AcDbEntity
  8
0
 62
5
100
AcDbText
 10
470102.64357
 20
4349730.683450611
 30
0.0
 40
0.1333
  1
1.11
  7
CN_TTF
 11
470102.64357
 21
4349730.683450611
 31
0.0
100
AcDbText
  0
LWPOLYLINE
  5
15B
330
17
100
AcDbEntity
  8
爆区方格网
 62
5
100
AcDbPolyline
 90
5
 70
1
 10
470102.30357
 20
4349731.253450612
 10
470102.30357
 20
4349732.253450612
 10
470103.30357
 20
4349732.253450612
 10
470103.30357
 20
4349731.253450612
 10
470102.30357
 20
4349731.253450612
  0
TEXT
  5
15C
330
17
100
AcDbEntity
  8
0
 62
5
100
AcDbText
 10
470102.64357
 20
4349731.683450611
 30
0.0
 40
0.1333
  1
1.32
  7
CN_TTF
 11
470102.64357
 21
4349731.683450611
 31
0.0
100
AcDbText
  0
LWPOLYLINE
  5
15D
330
17
100
AcDbEntity
  8
爆区方格网
 62
5
100
AcDbPolyline
 90
5
 70
1
 10
470102.30357
 20
4349732.253450612
 10
470102.30357
 20
4349733.253450612
 10
470103.30357
 20
4349733.253450612
 10
470103.30357
 20
4349732.253450612
 10
470102.30357
 20
4349732.253450612
  0
TEXT
  5
15E
330
17
100
AcDbEntity
  8
0
 62
5
100
AcDbText
 10
470102.64357
 20
4349732.683450611
 30
0.0
 40
0.1333
  1
1.32
  7
CN_TTF
 11
470102.64357
 21
4349732.683450611
 31
0.0
100
AcDbText
  0
LWPOLYLINE
  5
15F
330
17
100
AcDbEntity
  8
爆区方格网
 62
5
100
AcDbPolyline
 90
5
 70
1
 10
470102.30357
 20
4349733.253450612
 10
470102.30357
 20
4349734.253450612
 10
470103.30357
 20
4349734.253450612
 10
470103.30357
 20
4349733.253450612
 10
470102.30357
 20
4349733.253450612
  0
TEXT
  5
160
330
17
100
AcDbEntity
  8
0
 62
5
100
AcDbText
 10
470102.64357
 20
4349733.683450611
 30
0.0
 40
0.1333
  1
1.32
  7
CN_TTF
 11
470102.64357
 21
4349733.683450611
 31
0.0
100
AcDbText
  0
LWPOLYLINE
  5
161
330
17
100
AcDbEntity
  8
爆区方格网
 62
5
100
AcDbPolyline
 90
5
 70
1
 10
470102.30357
 20
4349734.253450612
 10
470102.30357
 20
4349735.253450612
 10
470103.30357
 20
4349735.253450612
 10
470103.30357
 20
4349734.253450612
 10
470102.30357
 20
4349734.253450612
  0
TEXT
  5
162
330
17
100
AcDbEntity
  8
0
 62
5
100
AcDbText
 10
470102.64357
 20
4349734.683450611
 30
0.0
 40
0.1333
  1
1.32
  7
CN_TTF
 11
470102.64357
 21
4349734.683450611
 31
0.0
100
AcDbText
  0
LWPOLYLINE
  5
163
330
17
100
AcDbEntity
  8
爆区方格网
 62
5
100
AcDbPolyline
 90
5
 70
1
 10
470102.30357
 20
4349735.253450612
 10
470102.30357
 20
4349736.253450612
 10
470103.30357
 20
4349736.253450612
 10
470103.30357
 20
4349735.253450612
 10
470102.30357
 20
4349735.253450612
  0
TEXT
  5
164
330
17
100
AcDbEntity
  8
0
 62
5
100
AcDbText
 10
470102.64357
 20
4349735.683450611
 30
0.0
 40
0.1333
  1
1.32
  7
CN_TTF
 11
470102.64357
 21
4349735.683450611
 31
0.0
100
AcDbText
  0
LWPOLYLINE
  5
165
330
17
100
AcDbEntity
  8
爆区方格网
 62
5
100
AcDbPolyline
 90
7
 70
1
 10
470103.30357
 20
4349736.253450612
 10
470102.30357
 20
4349736.253450612
 10
470102.30357
 20
4349737.253450612
 10
470103.0403014871
 20
4349737.253450612
 10
470103.129210326
 20
4349737.011300578
 10
470103.30357
 20
4349736.536418648
 10
470103.30357
 20
4349736.253450612
  0
TEXT
  5
166
330
17
100
AcDbEntity
  8
0
 62
5
100
AcDbText
 10
470102.5999800816
 20
4349736.703859612
 30
0.0
 40
0.1333
  1
1.32
  7
CN_TTF
 11
470102.5999800816
 21
4349736.703859612
 31
0.0
100
AcDbText
  0
LWPOLYLINE
  5
167
330
17
100
AcDbEntity
  8
爆区方格网
 62
5
100
AcDbPolyline
 90
6
 70
1
 10
470102.30357
 20
4349737.253450612
 10
470102.30357
 20
4349738.253450612
 10
470102.7253983932
 20
4349738.253450612
 10
470102.73500061035
 20
4349738.0849609375
 10
470103.0403014871
 20
4349737.253450612
 10
470102.30357
 20
4349737.253450612
  0
TEXT
  5
168
330
17
100
AcDbEntity
  8
0
 62
5
100
AcDbText
 10
470102.4356105244
 20
4349737.599205774
 30
0.0
 40
0.1333
  1
1.26
  7
CN_TTF
 11
470102.4356105244
 21
4349737.599205774
 31
0.0
100
AcDbText
  0
LWPOLYLINE
  5
169
330
17
100
AcDbEntity
  8
爆区方格网
 62
5
100
AcDbPolyline
 90
5
 70
1
 10
470102.30357
 20
4349738.253450612
 10
470102.30357
 20
4349739.253450612
 10
470102.66840844887
 20
4349739.253450612
 10
470102.7253983932
 20
4349738.253450612
 10
470102.30357
 20
4349738.253450612
  0
TEXT
  5
16A
330
17
100
AcDbEntity
  8
0
 62
5
100
AcDbText
 10
470102.34023671056
 20
4349738.683450611
 30
0.0
 40
0.1333
  1
1.26
  7
CN_TTF
 11
470102.34023671056
 21
4349738.683450611
 31
0.0
100
AcDbText
  0
LWPOLYLINE
  5
16B
330
17
100
AcDbEntity
  8
爆区方格网
 62
5
100
AcDbPolyline
 90
5
 70
1
 10
470102.30357
 20
4349739.253450612
 10
470102.30357
 20
4349740.253450612
 10
470102.6114185045
 20
4349740.253450612
 10
470102.66840844887
 20
4349739.253450612
 10
470102.30357
 20
4349739.253450612
  0
TEXT
  5
16C
330
17
100
AcDbEntity
  8
0
 62
5
100
AcDbText
 10
470102.31174173835
 20
4349739.683450611
 30
0.0
 40
0.1333
  1
1.26
  7
CN_TTF
 11
470102.31174173835
 21
4349739.683450611
 31
0.0
100
AcDbText
  0
LWPOLYLINE
  5
16D
330
17
100
AcDbEntity
  8
爆区方格网
 62
5
100
AcDbPolyline
 90
5
 70
1
 10
470102.30357
 20
4349740.253450612
 10
470102.30357
 20
4349741.253450612
 10
470102.55442856014
 20
4349741.253450612
 10
470102.6114185045
 20
4349740.253450612
 10
470102.30357
 20
4349740.253450612
  0
TEXT
  5
16E
330
17
100
AcDbEntity
  8
0
 62
5
100
AcDbText
 10
470102.28324676614
 20
4349740.683450611
 30
0.0
 40
0.1333
  1
1.26
  7
CN_TTF
 11
470102.28324676614
 21
4349740.683450611
 31
0.0
100
AcDbText
  0
LWPOLYLINE
  5
16F
330
17
100
AcDbEntity
  8
爆区方格网
 62
5
100
AcDbPolyline
 90
6
 70
1
 10
470102.30357
 20
4349741.253450612
 10
470102.30357
 20
4349742.253450612
 10
470102.43211231555
 20
4349742.253450612
 10
470102.51499938965
 20
4349741.9453125
 10
470102.55442856014
 20
4349741.253450612
 10
470102.30357
 20
4349741.253450612
  0
TEXT
  5
170
330
17
100
AcDbEntity
  8
0
 62
5
100
AcDbText
 10
470102.2591419875
 20
4349741.5293815555
 30
0.0
 40
0.1333
  1
1.26
  7
CN_TTF
 11
470102.2591419875
 21
4349741.5293815555
 31
0.0
100
AcDbText
  0
LWPOLYLINE
  5
171
330
17
100
AcDbEntity
  8
爆区方格网
 62
5
100
AcDbPolyline
 90
4
 70
1
 10
470102.30357
 20
4349742.253450612
 10
470102.30357
 20
4349742.731315065
 10
470102.43211231555
 20
4349742.253450612
 10
470102.30357
 20
4349742.253450612
  0
TEXT
  5
172
330
17
100
AcDbEntity
  8
0
 62
5
100
AcDbText
 10
470102.17570557893
 20
4349742.422382838
 30
0.0
 40
0.1333
  1
1.26
  7
CN_TTF
 11
470102.17570557893
 21
4349742.422382838
 31
0.0
100
AcDbText
  0
LWPOLYLINE
  5
173
330
17
100
AcDbEntity
  8
爆区方格网
 62
5
100
AcDbPolyline
 90
4
 70
1
 10
470104.30357
 20
4349726.253450612
 10
470104.30357
 20
4349725.909556744
 10
470103.91270837403
 20
4349726.253450612
 10
470104.30357
 20
4349726.253450612
  0
TEXT
  5
174
330
17
100
AcDbEntity
  8
0
 62
5
100
AcDbText
 10
470104.0458545932
 20
4349726.011503678
 30
0.0
 40
0.1333
  1
1.11
  7
CN_TTF
 11
470104.0458545932
 21
4349726.011503678
 31
0.0
100
AcDbText
  0
LWPOLYLINE
  5
175
330
17
100
AcDbEntity
  8
爆区方格网
 62
5
100
AcDbPolyline
 90
7
 70
1
 10
470103.30357
 20
4349727.253450612
 10
470104.30357
 20
4349727.253450612
 10
470104.30357
 20
4349726.253450612
 10
470103.91270837403
 20
4349726.253450612
 10
470103.6012318074
 20
4349726.5274987
 10
470103.30357
 20
4349726.789392075
 10
470103.30357
 20
4349727.253450612
  0
TEXT
  5
176
330
17
100
AcDbEntity
  8
0
 62
5
100
AcDbText
 10
470103.71798545186
 20
4349726.588445387
 30
0.0
 40
0.1333
  1
1.11
  7
CN_TTF
 11
470103.71798545186
 21
4349726.588445387
 31
0.0
100
AcDbText
  0
LWPOLYLINE
  5
177
330
17
100
AcDbEntity
  8
爆区方格网
 62
5
100
AcDbPolyline
 90
5
 70
1
 10
470103.30357
 20
4349727.253450612
 10
470103.30357
 20
4349728.253450612
 10
470104.30357
 20
4349728.253450612
 10
470104.30357
 20
4349727.253450612
 10
470103.30357
 20
4349727.253450612
  0
TEXT
  5
178
330
17
100
AcDbEntity
  8
0
 62
5
100
AcDbText
 10
470103.64357
 20
4349727.683450611
 30
0.0
 40
0.1333
  1
1.11
  7
CN_TTF
 11
470103.64357
 21
4349727.683450611
 31
0.0
100
AcDbText
  0
LWPOLYLINE
  5
179
330
17
100
AcDbEntity
  8
爆区方格网
 62
5
100
AcDbPolyline
 90
5
 70
1
 10
470103.30357
 20
4349728.253450612
 10
470103.30357
 20
4349729.253450612
 10
470104.30357
 20
4349729.253450612
 10
470104.30357
 20
4349728.253450612
 10
470103.30357
 20
4349728.253450612
  0
TEXT
  5
17A
330
17
100
AcDbEntity
  8
0
 62
5
100
AcDbText
 10
470103.64357
 20
4349728.683450611
 30
0.0
 40
0.1333
  1
1.11
  7
CN_TTF
 11
470103.64357
 21
4349728.683450611
 31
0.0
100
AcDbText
  0
LWPOLYLINE
  5
17B
330
17
100
AcDbEntity
  8
爆区方格网
 62
5
100
AcDbPolyline
 90
5
 70
1
 10
470103.30357
 20
4349729.253450612
 10
470103.30357
 20
4349730.253450612
 10
470104.30357
 20
4349730.253450612
 10
470104.30357
 20
4349729.253450612
 10
470103.30357
 20
4349729.253450612
  0
TEXT
  5
17C
330
17
100
AcDbEntity
  8
0
 62
5
100
AcDbText
 10
470103.64357
 20
4349729.683450611
 30
0.0
 40
0.1333
  1
1.11
  7
CN_TTF
 11
470103.64357
 21
4349729.683450611
 31
0.0
100
AcDbText
  0
LWPOLYLINE
  5
17D
330
17
100
AcDbEntity
  8
爆区方格网
 62
5
100
AcDbPolyline
 90
5
 70
1
 10
470103.30357
 20
4349730.253450612
 10
470103.30357
 20
4349731.253450612
 10
470104.30357
 20
4349731.253450612
 10
470104.30357
 20
4349730.253450612
 10
470103.30357
 20
4349730.253450612
  0
TEXT
  5
17E
330
17
100
AcDbEntity
  8
0
 62
5
100
AcDbText
 10
470103.64357
 20
4349730.683450611
 30
0.0
 40
0.1333
  1
1.11
  7
CN_TTF
 11
470103.64357
 21
4349730.683450611
 31
0.0
100
AcDbText
  0
LWPOLYLINE
  5
17F
330
17
100
AcDbEntity
  8
爆区方格网
 62
5
100
AcDbPolyline
 90
5
 70
1
 10
470103.30357
 20
4349731.253450612
 10
470103.30357
 20
4349732.253450612
 10
470104.30357
 20
4349732.253450612
 10
470104.30357
 20
4349731.253450612
 10
470103.30357
 20
4349731.253450612
  0
TEXT
  5
180
330
17
100
AcDbEntity
  8
0
 62
5
100
AcDbText
 10
470103.64357
 20
4349731.683450611
 30
0.0
 40
0.1333
  1
1.32
  7
CN_TTF
 11
470103.64357
 21
4349731.683450611
 31
0.0
100
AcDbText
  0
LWPOLYLINE
  5
181
330
17
100
AcDbEntity
  8
爆区方格网
 62
5
100
AcDbPolyline
 90
5
 70
1
 10
470103.30357
 20
4349732.253450612
 10
470103.30357
 20
4349733.253450612
 10
470104.30357
 20
4349733.253450612
 10
470104.30357
 20
4349732.253450612
 10
470103.30357
 20
4349732.253450612
  0
TEXT
  5
182
330
17
100
AcDbEntity
  8
0
 62
5
100
AcDbText
 10
470103.64357
 20
4349732.683450611
 30
0.0
 40
0.1333
  1
1.32
  7
CN_TTF
 11
470103.64357
 21
4349732.683450611
 31
0.0
100
AcDbText
  0
LWPOLYLINE
  5
183
330
17
100
AcDbEntity
  8
爆区方格网
 62
5
100
AcDbPolyline
 90
5
 70
1
 10
470103.30357
 20
4349733.253450612
 10
470103.30357
 20
4349734.253450612
 10
470104.30357
 20
4349734.253450612
 10
470104.30357
 20
4349733.253450612
 10
470103.30357
 20
4349733.253450612
  0
TEXT
  5
184
330
17
100
AcDbEntity
  8
0
 62
5
100
AcDbText
 10
470103.64357
 20
4349733.683450611
 30
0.0
 40
0.1333
  1
1.32
  7
CN_TTF
 11
470103.64357
 21
4349733.683450611
 31
0.0
100
AcDbText
  0
LWPOLYLINE
  5
185
330
17
100
AcDbEntity
  8
爆区方格网
 62
5
100
AcDbPolyline
 90
7
 70
1
 10
470104.30357
 20
4349734.253450612
 10
470103.30357
 20
4349734.253450612
 10
470103.30357
 20
4349735.253450612
 10
470103.77463001484
 20
4349735.253450612
 10
470103.8199996948
 20
4349735.1298828125
 10
470104.30357
 20
4349734.718052693
 10
470104.30357
 20
4349734.253450612
  0
TEXT
  5
186
330
17
100
AcDbEntity
  8
0
 62
5
100
AcDbText
 10
470103.5226774237
 20
4349734.853967752
 30
0.0
 40
0.1333
  1
1.32
  7
CN_TTF
 11
470103.5226774237
 21
4349734.853967752
 31
0.0
100
AcDbText
  0
LWPOLYLINE
  5
187
330
17
100
AcDbEntity
  8
爆区方格网
 62
5
100
AcDbPolyline
 90
5
 70
1
 10
470103.30357
 20
4349735.253450612
 10
470103.30357
 20
4349736.253450612
 10
470103.40746575093
 20
4349736.253450612
 10
470103.77463001484
 20
4349735.253450612
 10
470103.30357
 20
4349735.253450612
  0
TEXT
  5
188
330
17
100
AcDbEntity
  8
0
 62
5
100
AcDbText
 10
470103.2873089415
 20
4349735.683450611
 30
0.0
 40
0.1333
  1
1.32
  7
CN_TTF
 11
470103.2873089415
 21
4349735.683450611
 31
0.0
100
AcDbText
  0
LWPOLYLINE
  5
189
330
17
100
AcDbEntity
  8
爆区方格网
 62
5
100
AcDbPolyline
 90
4
 70
1
 10
470103.30357
 20
4349736.253450612
 10
470103.30357
 20
4349736.536418648
 10
470103.40746575093
 20
4349736.253450612
 10
470103.30357
 20
4349736.253450612
  0
TEXT
  5
18A
330
17
100
AcDbEntity
  8
0
 62
5
100
AcDbText
 10
470103.1695439377
 20
4349736.32493463
 30
0.0
 40
0.1333
  1
1.32
  7
CN_TTF
 11
470103.1695439377
 21
4349736.32493463
 31
0.0
100
AcDbText
  0
LWPOLYLINE
  5
18B
330
17
100
AcDbEntity
  8
爆区方格网
 62
5
100
AcDbPolyline
 90
4
 70
1
 10
470105.30357
 20
4349725.253450612
 10
470105.30357
 20
4349725.029721413
 10
470105.04928469105
 20
4349725.253450612
 10
470105.30357
 20
4349725.253450612
  0
TEXT
  5
18C
330
17
100
AcDbEntity
  8
0
 62
5
100
AcDbText
 10
470105.07999867277
 20
4349725.071586012
 30
0.0
 40
0.1333
  1
1.11
  7
CN_TTF
 11
470105.07999867277
 21
4349725.071586012
 31
0.0
100
AcDbText
  0
LWPOLYLINE
  5
18D
330
17
100
AcDbEntity
  8
爆区方格网
 62
5
100
AcDbPolyline
 90
6
 70
1
 10
470104.30357
 20
4349726.253450612
 10
470105.30357
 20
4349726.253450612
 10
470105.30357
 20
4349725.253450612
 10
470105.04928469105
 20
4349725.253450612
 10
470104.30357
 20
4349725.909556744
 10
470104.30357
 20
4349726.253450612
  0
TEXT
  5
18E
330
17
100
AcDbEntity
  8
0
 62
5
100
AcDbText
 10
470104.82999867253
 20
4349725.511503678
 30
0.0
 40
0.1333
  1
1.11
  7
CN_TTF
 11
470104.82999867253
 21
4349725.511503678
 31
0.0
100
AcDbText
  0
LWPOLYLINE
  5
18F
330
17
100
AcDbEntity
  8
爆区方格网
 62
5
100
AcDbPolyline
 90
5
 70
1
 10
470104.30357
 20
4349726.253450612
 10
470104.30357
 20
4349727.253450612
 10
470105.30357
 20
4349727.253450612
 10
470105.30357
 20
4349726.253450612
 10
470104.30357
 20
4349726.253450612
  0
TEXT
  5
190
330
17
100
AcDbEntity
  8
0
 62
5
100
AcDbText
 10
470104.64357
 20
4349726.683450611
 30
0.0
 40
0.1333
  1
1.11
  7
CN_TTF
 11
470104.64357
 21
4349726.683450611
 31
0.0
100
AcDbText
  0
LWPOLYLINE
  5
191
330
17
100
AcDbEntity
  8
爆区方格网
 62
5
100
AcDbPolyline
 90
5
 70
1
 10
470104.30357
 20
4349727.253450612
 10
470104.30357
 20
4349728.253450612
 10
470105.30357
 20
4349728.253450612
 10
470105.30357
 20
4349727.253450612
 10
470104.30357
 20
4349727.253450612
  0
TEXT
  5
192
330
17
100
AcDbEntity
  8
0
 62
5
100
AcDbText
 10
470104.64357
 20
4349727.683450611
 30
0.0
 40
0.1333
  1
1.11
  7
CN_TTF
 11
470104.64357
 21
4349727.683450611
 31
0.0
100
AcDbText
  0
LWPOLYLINE
  5
193
330
17
100
AcDbEntity
  8
爆区方格网
 62
5
100
AcDbPolyline
 90
5
 70
1
 10
470104.30357
 20
4349728.253450612
 10
470104.30357
 20
4349729.253450612
 10
470105.30357
 20
4349729.253450612
 10
470105.30357
 20
4349728.253450612
 10
470104.30357
 20
4349728.253450612
  0
TEXT
  5
194
330
17
100
AcDbEntity
  8
0
 62
5
100
AcDbText
 10
470104.64357
 20
4349728.683450611
 30
0.0
 40
0.1333
  1
1.11
  7
CN_TTF
 11
470104.64357
 21
4349728.683450611
 31
0.0
100
AcDbText
  0
LWPOLYLINE
  5
195
330
17
100
AcDbEntity
  8
爆区方格网
 62
5
100
AcDbPolyline
 90
5
 70
1
 10
470104.30357
 20
4349729.253450612
 10
470104.30357
 20
4349730.253450612
 10
470105.30357
 20
4349730.253450612
 10
470105.30357
 20
4349729.253450612
 10
470104.30357
 20
4349729.253450612
  0
TEXT
  5
196
330
17
100
AcDbEntity
  8
0
 62
5
100
AcDbText
 10
470104.64357
 20
4349729.683450611
 30
0.0
 40
0.1333
  1
1.11
  7
CN_TTF
 11
470104.64357
 21
4349729.683450611
 31
0.0
100
AcDbText
  0
LWPOLYLINE
  5
197
330
17
100
AcDbEntity
  8
爆区方格网
 62
5
100
AcDbPolyline
 90
5
 70
1
 10
470104.30357
 20
4349730.253450612
 10
470104.30357
 20
4349731.253450612
 10
470105.30357
 20
4349731.253450612
 10
470105.30357
 20
4349730.253450612
 10
470104.30357
 20
4349730.253450612
  0
TEXT
  5
198
330
17
100
AcDbEntity
  8
0
 62
5
100
AcDbText
 10
470104.64357
 20
4349730.683450611
 30
0.0
 40
0.1333
  1
1.35
  7
CN_TTF
 11
470104.64357
 21
4349730.683450611
 31
0.0
100
AcDbText
  0
LWPOLYLINE
  5
199
330
17
100
AcDbEntity
  8
爆区方格网
 62
5
100
AcDbPolyline
 90
5
 70
1
 10
470104.30357
 20
4349731.253450612
 10
470104.30357
 20
4349732.253450612
 10
470105.30357
 20
4349732.253450612
 10
470105.30357
 20
4349731.253450612
 10
470104.30357
 20
4349731.253450612
  0
TEXT
  5
19A
330
17
100
AcDbEntity
  8
0
 62
5
100
AcDbText
 10
470104.64357
 20
4349731.683450611
 30
0.0
 40
0.1333
  1
1.35
  7
CN_TTF
 11
470104.64357
 21
4349731.683450611
 31
0.0
100
AcDbText
  0
LWPOLYLINE
  5
19B
330
17
100
AcDbEntity
  8
爆区方格网
 62
5
100
AcDbPolyline
 90
5
 70
1
 10
470104.30357
 20
4349732.253450612
 10
470104.30357
 20
4349733.253450612
 10
470105.30357
 20
4349733.253450612
 10
470105.30357
 20
4349732.253450612
 10
470104.30357
 20
4349732.253450612
  0
TEXT
  5
19C
330
17
100
AcDbEntity
  8
0
 62
5
100
AcDbText
 10
470104.64357
 20
4349732.683450611
 30
0.0
 40
0.1333
  1
1.32
  7
CN_TTF
 11
470104.64357
 21
4349732.683450611
 31
0.0
100
AcDbText
  0
LWPOLYLINE
  5
19D
330
17
100
AcDbEntity
  8
爆区方格网
 62
5
100
AcDbPolyline
 90
7
 70
1
 10
470105.30357
 20
4349733.253450612
 10
470104.30357
 20
4349733.253450612
 10
470104.30357
 20
4349734.253450612
 10
470104.8491050623
 20
4349734.253450612
 10
470105.23500061035
 20
4349733.9248046875
 10
470105.30357
 20
4349733.944841946
 10
470105.30357
 20
4349733.253450612
  0
TEXT
  5
19E
330
17
100
AcDbEntity
  8
0
 62
5
100
AcDbText
 10
470104.64357
 20
4349733.519127649
 30
0.0
 40
0.1333
  1
1.32
  7
CN_TTF
 11
470104.64357
 21
4349733.519127649
 31
0.0
100
AcDbText
  0
LWPOLYLINE
  5
19F
330
17
100
AcDbEntity
  8
爆区方格网
 62
5
100
AcDbPolyline
 90
4
 70
1
 10
470104.30357
 20
4349734.253450612
 10
470104.30357
 20
4349734.718052693
 10
470104.8491050623
 20
4349734.253450612
 10
470104.30357
 20
4349734.253450612
  0
TEXT
  5
1A0
330
17
100
AcDbEntity
  8
0
 62
5
100
AcDbText
 10
470104.2799537656
 20
4349734.415751652
 30
0.0
 40
0.1333
  1
1.32
  7
CN_TTF
 11
470104.2799537656
 21
4349734.415751652
 31
0.0
100
AcDbText
  0
LWPOLYLINE
  5
1A1
330
17
100
AcDbEntity
  8
爆区方格网
 62
5
100
AcDbPolyline
 90
6
 70
1
 10
470105.30357
 20
4349725.253450612
 10
470106.30357
 20
4349725.253450612
 10
470106.30357
 20
4349724.671433988
 10
470106.18586100807
 20
4349724.253450612
 10
470105.30357
 20
4349725.029721413
 10
470105.30357
 20
4349725.253450612
  0
TEXT
  5
1A2
330
17
100
AcDbEntity
  8
0
 62
5
100
AcDbText
 10
470105.7453752502
 20
4349724.780577701
 30
0.0
 40
0.1333
  1
1.11
  7
CN_TTF
 11
470105.7453752502
 21
4349724.780577701
 31
0.0
100
AcDbText
  0
LWPOLYLINE
  5
1A3
330
17
100
AcDbEntity
  8
爆区方格网
 62
5
100
AcDbPolyline
 90
5
 70
1
 10
470105.30357
 20
4349725.253450612
 10
470105.30357
 20
4349726.253450612
 10
470106.30357
 20
4349726.253450612
 10
470106.30357
 20
4349725.253450612
 10
470105.30357
 20
4349725.253450612
  0
TEXT
  5
1A4
330
17
100
AcDbEntity
  8
0
 62
5
100
AcDbText
 10
470105.64357
 20
4349725.683450611
 30
0.0
 40
0.1333
  1
1.11
  7
CN_TTF
 11
470105.64357
 21
4349725.683450611
 31
0.0
100
AcDbText
  0
LWPOLYLINE
  5
1A5
330
17
100
AcDbEntity
  8
爆区方格网
 62
5
100
AcDbPolyline
 90
5
 70
1
 10
470105.30357
 20
4349726.253450612
 10
470105.30357
 20
4349727.253450612
 10
470106.30357
 20
4349727.253450612
 10
470106.30357
 20
4349726.253450612
 10
470105.30357
 20
4349726.253450612
  0
TEXT
  5
1A6
330
17
100
AcDbEntity
  8
0
 62
5
100
AcDbText
 10
470105.64357
 20
4349726.683450611
 30
0.0
 40
0.1333
  1
1.11
  7
CN_TTF
 11
470105.64357
 21
4349726.683450611
 31
0.0
100
AcDbText
  0
LWPOLYLINE
  5
1A7
330
17
100
AcDbEntity
  8
爆区方格网
 62
5
100
AcDbPolyline
 90
5
 70
1
 10
470105.30357
 20
4349727.253450612
 10
470105.30357
 20
4349728.253450612
 10
470106.30357
 20
4349728.253450612
 10
470106.30357
 20
4349727.253450612
 10
470105.30357
 20
4349727.253450612
  0
TEXT
  5
1A8
330
17
100
AcDbEntity
  8
0
 62
5
100
AcDbText
 10
470105.64357
 20
4349727.683450611
 30
0.0
 40
0.1333
  1
1.11
  7
CN_TTF
 11
470105.64357
 21
4349727.683450611
 31
0.0
100
AcDbText
  0
LWPOLYLINE
  5
1A9
330
17
100
AcDbEntity
  8
爆区方格网
 62
5
100
AcDbPolyline
 90
5
 70
1
 10
470105.30357
 20
4349728.253450612
 10
470105.30357
 20
4349729.253450612
 10
470106.30357
 20
4349729.253450612
 10
470106.30357
 20
4349728.253450612
 10
470105.30357
 20
4349728.253450612
  0
TEXT
  5
1AA
330
17
100
AcDbEntity
  8
0
 62
5
100
AcDbText
 10
470105.64357
 20
4349728.683450611
 30
0.0
 40
0.1333
  1
1.11
  7
CN_TTF
 11
470105.64357
 21
4349728.683450611
 31
0.0
100
AcDbText
  0
LWPOLYLINE
  5
1AB
330
17
100
AcDbEntity
  8
爆区方格网
 62
5
100
AcDbPolyline
 90
5
 70
1
 10
470105.30357
 20
4349729.253450612
 10
470105.30357
 20
4349730.253450612
 10
470106.30357
 20
4349730.253450612
 10
470106.30357
 20
4349729.253450612
 10
470105.30357
 20
4349729.253450612
  0
TEXT
  5
1AC
330
17
100
AcDbEntity
  8
0
 62
5
100
AcDbText
 10
470105.64357
 20
4349729.683450611
 30
0.0
 40
0.1333
  1
1.35
  7
CN_TTF
 11
470105.64357
 21
4349729.683450611
 31
0.0
100
AcDbText
  0
LWPOLYLINE
  5
1AD
330
17
100
AcDbEntity
  8
爆区方格网
 62
5
100
AcDbPolyline
 90
5
 70
1
 10
470105.30357
 20
4349730.253450612
 10
470105.30357
 20
4349731.253450612
 10
470106.30357
 20
4349731.253450612
 10
470106.30357
 20
4349730.253450612
 10
470105.30357
 20
4349730.253450612
  0
TEXT
  5
1AE
330
17
100
AcDbEntity
  8
0
 62
5
100
AcDbText
 10
470105.64357
 20
4349730.683450611
 30
0.0
 40
0.1333
  1
1.35
  7
CN_TTF
 11
470105.64357
 21
4349730.683450611
 31
0.0
100
AcDbText
  0
LWPOLYLINE
  5
1AF
330
17
100
AcDbEntity
  8
爆区方格网
 62
5
100
AcDbPolyline
 90
5
 70
1
 10
470105.30357
 20
4349731.253450612
 10
470105.30357
 20
4349732.253450612
 10
470106.30357
 20
4349732.253450612
 10
470106.30357
 20
4349731.253450612
 10
470105.30357
 20
4349731.253450612
  0
TEXT
  5
1B0
330
17
100
AcDbEntity
  8
0
 62
5
100
AcDbText
 10
470105.64357
 20
4349731.683450611
 30
0.0
 40
0.1333
  1
1.35
  7
CN_TTF
 11
470105.64357
 21
4349731.683450611
 31
0.0
100
AcDbText
  0
LWPOLYLINE
  5
1B1
330
17
100
AcDbEntity
  8
爆区方格网
 62
5
100
AcDbPolyline
 90
5
 70
1
 10
470105.30357
 20
4349732.253450612
 10
470105.30357
 20
4349733.253450612
 10
470106.30357
 20
4349733.253450612
 10
470106.30357
 20
4349732.253450612
 10
470105.30357
 20
4349732.253450612
  0
TEXT
  5
1B2
330
17
100
AcDbEntity
  8
0
 62
5
100
AcDbText
 10
470105.64357
 20
4349732.683450611
 30
0.0
 40
0.1333
  1
1.35
  7
CN_TTF
 11
470105.64357
 21
4349732.683450611
 31
0.0
100
AcDbText
  0
LWPOLYLINE
  5
1B3
330
17
100
AcDbEntity
  8
爆区方格网
 62
5
100
AcDbPolyline
 90
6
 70
1
 10
470106.30357
 20
4349733.253450612
 10
470105.30357
 20
4349733.253450612
 10
470105.30357
 20
4349733.944841946
 10
470106.2135374552
 20
4349734.210751451
 10
470106.30357
 20
4349734.237060644
 10
470106.30357
 20
4349733.253450612
  0
TEXT
  5
1B4
330
17
100
AcDbEntity
  8
0
 62
5
100
AcDbText
 10
470105.64357
 20
4349733.529146278
 30
0.0
 40
0.1333
  1
1.35
  7
CN_TTF
 11
470105.64357
 21
4349733.529146278
 31
0.0
100
AcDbText
  0
LWPOLYLINE
  5
1B5
330
17
100
AcDbEntity
  8
爆区方格网
 62
5
100
AcDbPolyline
 90
4
 70
1
 10
470106.30357
 20
4349725.253450612
 10
470106.4674726668
 20
4349725.253450612
 10
470106.30357
 20
4349724.671433988
 10
470106.30357
 20
4349725.253450612
  0
TEXT
  5
1B6
330
17
100
AcDbEntity
  8
0
 62
5
100
AcDbText
 10
470106.1845456666
 20
4349724.892442299
 30
0.0
 40
0.1333
  1
1.11
  7
CN_TTF
 11
470106.1845456666
 21
4349724.892442299
 31
0.0
100
AcDbText
  0
LWPOLYLINE
  5
1B7
330
17
100
AcDbEntity
  8
爆区方格网
 62
5
100
AcDbPolyline
 90
5
 70
1
 10
470106.30357
 20
4349725.253450612
 10
470106.30357
 20
4349726.253450612
 10
470106.74908432557
 20
4349726.253450612
 10
470106.4674726668
 20
4349725.253450612
 10
470106.30357
 20
4349725.253450612
  0
TEXT
  5
1B8
330
17
100
AcDbEntity
  8
0
 62
5
100
AcDbText
 10
470106.2959242481
 20
4349725.683450611
 30
0.0
 40
0.1333
  1
1.11
  7
CN_TTF
 11
470106.2959242481
 21
4349725.683450611
 31
0.0
100
AcDbText
  0
LWPOLYLINE
  5
1B9
330
17
100
AcDbEntity
  8
爆区方格网
 62
5
100
AcDbPolyline
 90
6
 70
1
 10
470106.30357
 20
4349726.253450612
 10
470106.30357
 20
4349727.253450612
 10
470106.982795878
 20
4349727.253450612
 10
470106.9345703125
 20
4349726.912109375
 10
470106.74908432557
 20
4349726.253450612
 10
470106.30357
 20
4349726.253450612
  0
TEXT
  5
1BA
330
17
100
AcDbEntity
  8
0
 62
5
100
AcDbText
 10
470106.4126986595
 20
4349726.512779993
 30
0.0
 40
0.1333
  1
1.11
  7
CN_TTF
 11
470106.4126986595
 21
4349726.512779993
 31
0.0
100
AcDbText
  0
LWPOLYLINE
  5
1BB
330
17
100
AcDbEntity
  8
爆区方格网
 62
5
100
AcDbPolyline
 90
7
 70
1
 10
470106.30357
 20
4349727.253450612
 10
470106.30357
 20
4349728.253450612
 10
470107.1240784431
 20
4349728.253450612
 10
470107.1138268762
 20
4349728.180889876
 10
470107.1138268763
 20
4349728.180889876
 10
470106.982795878
 20
4349727.253450612
 10
470106.30357
 20
4349727.253450612
  0
TEXT
  5
1BC
330
17
100
AcDbEntity
  8
0
 62
5
100
AcDbText
 10
470106.5159406886
 20
4349727.647170244
 30
0.0
 40
0.1333
  1
1.11
  7
CN_TTF
 11
470106.5159406886
 21
4349727.647170244
 31
0.0
100
AcDbText
  0
LWPOLYLINE
  5
1BD
330
17
100
AcDbEntity
  8
爆区方格网
 62
5
100
AcDbPolyline
 90
5
 70
1
 10
470106.30357
 20
4349728.253450612
 10
470106.30357
 20
4349729.253450612
 10
470107.26536100823
 20
4349729.253450612
 10
470107.1240784431
 20
4349728.253450612
 10
470106.30357
 20
4349728.253450612
  0
TEXT
  5
1BE
330
17
100
AcDbEntity
  8
0
 62
5
100
AcDbText
 10
470106.58914486284
 20
4349728.683450611
 30
0.0
 40
0.1333
  1
1.35
  7
CN_TTF
 11
470106.58914486284
 21
4349728.683450611
 31
0.0
100
AcDbText
  0
LWPOLYLINE
  5
1BF
330
17
100
AcDbEntity
  8
爆区方格网
 62
5
100
AcDbPolyline
 90
6
 70
1
 10
470106.30357
 20
4349729.253450612
 10
470106.30357
 20
4349730.253450612
 10
470107.30357
 20
4349730.253450612
 10
470107.30357
 20
4349729.523894398
 10
470107.26536100823
 20
4349729.253450612
 10
470106.30357
 20
4349729.253450612
  0
TEXT
  5
1C0
330
17
100
AcDbEntity
  8
0
 62
5
100
AcDbText
 10
470106.64357
 20
4349729.818672504
 30
0.0
 40
0.1333
  1
1.35
  7
CN_TTF
 11
470106.64357
 21
4349729.818672504
 31
0.0
100
AcDbText
  0
LWPOLYLINE
  5
1C1
330
17
100
AcDbEntity
  8
爆区方格网
 62
5
100
AcDbPolyline
 90
5
 70
1
 10
470106.30357
 20
4349730.253450612
 10
470106.30357
 20
4349731.253450612
 10
470107.30357
 20
4349731.253450612
 10
470107.30357
 20
4349730.253450612
 10
470106.30357
 20
4349730.253450612
  0
TEXT
  5
1C2
330
17
100
AcDbEntity
  8
0
 62
5
100
AcDbText
 10
470106.64357
 20
4349730.683450611
 30
0.0
 40
0.1333
  1
1.35
  7
CN_TTF
 11
470106.64357
 21
4349730.683450611
 31
0.0
100
AcDbText
  0
LWPOLYLINE
  5
1C3
330
17
100
AcDbEntity
  8
爆区方格网
 62
5
100
AcDbPolyline
 90
5
 70
1
 10
470106.30357
 20
4349731.253450612
 10
470106.30357
 20
4349732.253450612
 10
470107.30357
 20
4349732.253450612
 10
470107.30357
 20
4349731.253450612
 10
470106.30357
 20
4349731.253450612
  0
TEXT
  5
1C4
330
17
100
AcDbEntity
  8
0
 62
5
100
AcDbText
 10
470106.64357
 20
4349731.683450611
 30
0.0
 40
0.1333
  1
1.35
  7
CN_TTF
 11
470106.64357
 21
4349731.683450611
 31
0.0
100
AcDbText
  0
LWPOLYLINE
  5
1C5
330
17
100
AcDbEntity
  8
爆区方格网
 62
5
100
AcDbPolyline
 90
5
 70
1
 10
470106.30357
 20
4349732.253450612
 10
470106.30357
 20
4349733.253450612
 10
470107.30357
 20
4349733.253450612
 10
470107.30357
 20
4349732.253450612
 10
470106.30357
 20
4349732.253450612
  0
TEXT
  5
1C6
330
17
100
AcDbEntity
  8
0
 62
5
100
AcDbText
 10
470106.64357
 20
4349732.683450611
 30
0.0
 40
0.1333
  1
1.35
  7
CN_TTF
 11
470106.64357
 21
4349732.683450611
 31
0.0
100
AcDbText
  0
LWPOLYLINE
  5
1C7
330
17
100
AcDbEntity
  8
爆区方格网
 62
5
100
AcDbPolyline
 90
6
 70
1
 10
470107.30357
 20
4349734.253450612
 10
470107.30357
 20
4349733.253450612
 10
470106.30357
 20
4349733.253450612
 10
470106.30357
 20
4349734.237060644
 10
470106.35965801927
 20
4349734.253450612
 10
470107.30357
 20
4349734.253450612
  0
TEXT
  5
1C8
330
17
100
AcDbEntity
  8
0
 62
5
100
AcDbText
 10
470106.64357
 20
4349733.675255627
 30
0.0
 40
0.1333
  1
1.35
  7
CN_TTF
 11
470106.64357
 21
4349733.675255627
 31
0.0
100
AcDbText
  0
LWPOLYLINE
  5
1C9
330
17
100
AcDbEntity
  8
爆区方格网
 62
5
100
AcDbPolyline
 90
4
 70
1
 10
470107.30357
 20
4349734.253450612
 10
470106.35965801927
 20
4349734.253450612
 10
470107.30357
 20
4349734.529279342
 10
470107.30357
 20
4349734.253450612
  0
TEXT
  5
1CA
330
17
100
AcDbEntity
  8
0
 62
5
100
AcDbText
 10
470106.9075920048
 20
4349734.3213649765
 30
0.0
 40
0.1333
  1
1.35
  7
CN_TTF
 11
470106.9075920048
 21
4349734.3213649765
 31
0.0
100
AcDbText
  0
LWPOLYLINE
  5
1CB
330
17
100
AcDbEntity
  8
爆区方格网
 62
5
100
AcDbPolyline
 90
6
 70
1
 10
470107.30357
 20
4349730.253450612
 10
470108.30357
 20
4349730.253450612
 10
470108.30357
 20
4349729.934694152
 10
470107.34765625
 20
4349729.8359375
 10
470107.30357
 20
4349729.523894398
 10
470107.30357
 20
4349730.253450612
  0
TEXT
  5
1CC
330
17
100
AcDbEntity
  8
0
 62
5
100
AcDbText
 10
470107.4045915625
 20
4349729.815315826
 30
0.0
 40
0.1333
  1
1.35
  7
CN_TTF
 11
470107.4045915625
 21
4349729.815315826
 31
0.0
100
AcDbText
  0
LWPOLYLINE
  5
1CD
330
17
100
AcDbEntity
  8
爆区方格网
 62
5
100
AcDbPolyline
 90
5
 70
1
 10
470107.30357
 20
4349730.253450612
 10
470107.30357
 20
4349731.253450612
 10
470108.30357
 20
4349731.253450612
 10
470108.30357
 20
4349730.253450612
 10
470107.30357
 20
4349730.253450612
  0
TEXT
  5
1CE
330
17
100
AcDbEntity
  8
0
 62
5
100
AcDbText
 10
470107.64357
 20
4349730.683450611
 30
0.0
 40
0.1333
  1
1.35
  7
CN_TTF
 11
470107.64357
 21
4349730.683450611
 31
0.0
100
AcDbText
  0
LWPOLYLINE
  5
1CF
330
17
100
AcDbEntity
  8
爆区方格网
 62
5
100
AcDbPolyline
 90
5
 70
1
 10
470107.30357
 20
4349731.253450612
 10
470107.30357
 20
4349732.253450612
 10
470108.30357
 20
4349732.253450612
 10
470108.30357
 20
4349731.253450612
 10
470107.30357
 20
4349731.253450612
  0
TEXT
  5
1D0
330
17
100
AcDbEntity
  8
0
 62
5
100
AcDbText
 10
470107.64357
 20
4349731.683450611
 30
0.0
 40
0.1333
  1
1.35
  7
CN_TTF
 11
470107.64357
 21
4349731.683450611
 31
0.0
100
AcDbText
  0
LWPOLYLINE
  5
1D1
330
17
100
AcDbEntity
  8
爆区方格网
 62
5
100
AcDbPolyline
 90
5
 70
1
 10
470107.30357
 20
4349732.253450612
 10
470107.30357
 20
4349733.253450612
 10
470108.30357
 20
4349733.253450612
 10
470108.30357
 20
4349732.253450612
 10
470107.30357
 20
4349732.253450612
  0
TEXT
  5
1D2
330
17
100
AcDbEntity
  8
0
 62
5
100
AcDbText
 10
470107.64357
 20
4349732.683450611
 30
0.0
 40
0.1333
  1
1.35
  7
CN_TTF
 11
470107.64357
 21
4349732.683450611
 31
0.0
100
AcDbText
  0
LWPOLYLINE
  5
1D3
330
17
100
AcDbEntity
  8
爆区方格网
 62
5
100
AcDbPolyline
 90
5
 70
1
 10
470107.30357
 20
4349733.253450612
 10
470107.30357
 20
4349734.253450612
 10
470108.30357
 20
4349734.253450612
 10
470108.30357
 20
4349733.253450612
 10
470107.30357
 20
4349733.253450612
  0
TEXT
  5
1D4
330
17
100
AcDbEntity
  8
0
 62
5
100
AcDbText
 10
470107.64357
 20
4349733.683450611
 30
0.0
 40
0.1333
  1
1.35
  7
CN_TTF
 11
470107.64357
 21
4349733.683450611
 31
0.0
100
AcDbText
  0
LWPOLYLINE
  5
1D5
330
17
100
AcDbEntity
  8
爆区方格网
 62
5
100
AcDbPolyline
 90
6
 70
1
 10
470108.30357
 20
4349734.253450612
 10
470107.30357
 20
4349734.253450612
 10
470107.30357
 20
4349734.529279342
 10
470108.1229927102
 20
4349734.768729979
 10
470108.30357
 20
4349734.289975137
 10
470108.30357
 20
4349734.253450612
  0
TEXT
  5
1D6
330
17
100
AcDbEntity
  8
0
 62
5
100
AcDbText
 10
470107.6210047426
 20
4349734.33962724
 30
0.0
 40
0.1333
  1
1.35
  7
CN_TTF
 11
470107.6210047426
 21
4349734.33962724
 31
0.0
100
AcDbText
  0
LWPOLYLINE
  5
1D7
330
17
100
AcDbEntity
  8
爆区方格网
 62
5
100
AcDbPolyline
 90
5
 70
1
 10
470108.30357
 20
4349730.253450612
 10
470109.30357
 20
4349730.253450612
 10
470109.30357
 20
4349730.038005411
 10
470108.30357
 20
4349729.934694152
 10
470108.30357
 20
4349730.253450612
  0
TEXT
  5
1D8
330
17
100
AcDbEntity
  8
0
 62
5
100
AcDbText
 10
470108.64357
 20
4349730.07572801
 30
0.0
 40
0.1333
  1
1.35
  7
CN_TTF
 11
470108.64357
 21
4349730.07572801
 31
0.0
100
AcDbText
  0
LWPOLYLINE
  5
1D9
330
17
100
AcDbEntity
  8
爆区方格网
 62
5
100
AcDbPolyline
 90
5
 70
1
 10
470108.30357
 20
4349730.253450612
 10
470108.30357
 20
4349731.253450612
 10
470109.30357
 20
4349731.253450612
 10
470109.30357
 20
4349730.253450612
 10
470108.30357
 20
4349730.253450612
  0
TEXT
  5
1DA
330
17
100
AcDbEntity
  8
0
 62
5
100
AcDbText
 10
470108.64357
 20
4349730.683450611
 30
0.0
 40
0.1333
  1
1.35
  7
CN_TTF
 11
470108.64357
 21
4349730.683450611
 31
0.0
100
AcDbText
  0
LWPOLYLINE
  5
1DB
330
17
100
AcDbEntity
  8
爆区方格网
 62
5
100
AcDbPolyline
 90
6
 70
1
 10
470109.30357
 20
4349731.253450612
 10
470108.30357
 20
4349731.253450612
 10
470108.30357
 20
4349732.253450612
 10
470109.0992340986
 20
4349732.253450612
 10
470109.30357
 20
4349731.892970166
 10
470109.30357
 20
4349731.253450612
  0
TEXT
  5
1DC
330
17
100
AcDbEntity
  8
0
 62
5
100
AcDbText
 10
470108.64357
 20
4349731.503210388
 30
0.0
 40
0.1333
  1
1.35
  7
CN_TTF
 11
470108.64357
 21
4349731.503210388
 31
0.0
100
AcDbText
  0
LWPOLYLINE
  5
1DD
330
17
100
AcDbEntity
  8
爆区方格网
 62
5
100
AcDbPolyline
 90
6
 70
1
 10
470108.30357
 20
4349732.253450612
 10
470108.30357
 20
4349733.253450612
 10
470108.6945274864
 20
4349733.253450612
 10
470109.01696866116
 20
4349732.3985796925
 10
470109.0992340986
 20
4349732.253450612
 10
470108.30357
 20
4349732.253450612
  0
TEXT
  5
1DE
330
17
100
AcDbEntity
  8
0
 62
5
100
AcDbText
 10
470108.4196590369
 20
4349732.756015152
 30
0.0
 40
0.1333
  1
1.35
  7
CN_TTF
 11
470108.4196590369
 21
4349732.756015152
 31
0.0
100
AcDbText
  0
LWPOLYLINE
  5
1DF
330
17
100
AcDbEntity
  8
爆区方格网
 62
5
100
AcDbPolyline
 90
5
 70
1
 10
470108.30357
 20
4349733.253450612
 10
470108.30357
 20
4349734.253450612
 10
470108.31734636164
 20
4349734.253450612
 10
470108.6945274864
 20
4349733.253450612
 10
470108.30357
 20
4349733.253450612
  0
TEXT
  5
1E0
330
17
100
AcDbEntity
  8
0
 62
5
100
AcDbText
 10
470108.24475346203
 20
4349733.683450611
 30
0.0
 40
0.1333
  1
1.35
  7
CN_TTF
 11
470108.24475346203
 21
4349733.683450611
 31
0.0
100
AcDbText
  0
LWPOLYLINE
  5
1E1
330
17
100
AcDbEntity
  8
爆区方格网
 62
5
100
AcDbPolyline
 90
4
 70
1
 10
470108.30357
 20
4349734.253450612
 10
470108.30357
 20
4349734.289975137
 10
470108.31734636164
 20
4349734.253450612
 10
470108.30357
 20
4349734.253450612
  0
TEXT
  5
1E2
330
17
100
AcDbEntity
  8
0
 62
5
100
AcDbText
 10
470108.1470140903
 20
4349734.201712875
 30
0.0
 40
0.1333
  1
1.35
  7
CN_TTF
 11
470108.1470140903
 21
4349734.201712875
 31
0.0
100
AcDbText
  0
LWPOLYLINE
  5
1E3
330
17
100
AcDbEntity
  8
爆区方格网
 62
5
100
AcDbPolyline
 90
5
 70
1
 10
470109.30357
 20
4349730.253450612
 10
470110.2329205655
 20
4349730.253450612
 10
470110.296875
 20
4349730.140625
 10
470109.30357
 20
4349730.038005411
 10
470109.30357
 20
4349730.253450612
  0
TEXT
  5
1E4
330
17
100
AcDbEntity
  8
0
 62
5
100
AcDbText
 10
470109.62423389143
 20
4349730.1270378055
 30
0.0
 40
0.1333
  1
1.35
  7
CN_TTF
 11
470109.62423389143
 21
4349730.1270378055
 31
0.0
100
AcDbText
  0
LWPOLYLINE
  5
1E5
330
17
100
AcDbEntity
  8
爆区方格网
 62
5
100
AcDbPolyline
 90
5
 70
1
 10
470109.30357
 20
4349730.253450612
 10
470109.30357
 20
4349731.253450612
 10
470109.66607733205
 20
4349731.253450612
 10
470110.2329205655
 20
4349730.253450612
 10
470109.30357
 20
4349730.253450612
  0
TEXT
  5
1E6
330
17
100
AcDbEntity
  8
0
 62
5
100
AcDbText
 10
470109.4665344744
 20
4349730.683450611
 30
0.0
 40
0.1333
  1
1.35
  7
CN_TTF
 11
470109.4665344744
 21
4349730.683450611
 31
0.0
100
AcDbText
  0
LWPOLYLINE
  5
1E7
330
17
100
AcDbEntity
  8
爆区方格网
 62
5
100
AcDbPolyline
 90
4
 70
1
 10
470109.30357
 20
4349731.253450612
 10
470109.30357
 20
4349731.892970166
 10
470109.66607733205
 20
4349731.253450612
 10
470109.30357
 20
4349731.253450612
  0
TEXT
  5
1E8
330
17
100
AcDbEntity
  8
0
 62
5
100
AcDbText
 10
470109.23419683316
 20
4349731.503210388
 30
0.0
 40
0.1333
  1
1.35
  7
CN_TTF
 11
470109.23419683316
 21
4349731.503210388
 31
0.0
100
AcDbText
  0
LWPOLYLINE
  5
1E9
330
17
100
AcDbEntity
  8
爆区方格网
 62
4
100
AcDbPolyline
 90
4
 70
1
 10
470092.30357
 20
4349762.253450612
 10
470092.30357
 20
4349761.947587669
 10
470092.2345605747
 20
4349762.253450612
 10
470092.30357
 20
4349762.253450612
  0
TEXT
  5
1EA
330
17
100
AcDbEntity
  8
0
 62
4
100
AcDbText
 10
470092.1263176437
 20
4349762.03051914
 30
0.0
 40
0.1333
  1
0.67
  7
CN_TTF
 11
470092.1263176437
 21
4349762.03051914
 31
0.0
100
AcDbText
  0
LWPOLYLINE
  5
1EB
330
17
100
AcDbEntity
  8
爆区方格网
 62
4
100
AcDbPolyline
 90
5
 70
1
 10
470092.30357
 20
4349762.253450612
 10
470092.2345605747
 20
4349762.253450612
 10
470092.0436104578
 20
4349763.09977797
 10
470092.30357
 20
4349763.158427094
 10
470092.30357
 20
4349762.253450612
  0
TEXT
  5
1EC
330
17
100
AcDbEntity
  8
0
 62
4
100
AcDbText
 10
470092.0613277581
 20
4349762.606614291
 30
0.0
 40
0.1333
  1
0.67
  7
CN_TTF
 11
470092.0613277581
 21
4349762.606614291
 31
0.0
100
AcDbText
  0
LWPOLYLINE
  5
1ED
330
17
100
AcDbEntity
  8
爆区方格网
 62
4
100
AcDbPolyline
 90
5
 70
1
 10
470092.30357
 20
4349763.253450612
 10
470092.30357
 20
4349763.158427379
 10
470092.0436104578
 20
4349763.09977797
 10
470092.0089383252
 20
4349763.253450612
 10
470092.30357
 20
4349763.253450612
  0
TEXT
  5
1EE
330
17
100
AcDbEntity
  8
0
 62
4
100
AcDbText
 10
470092.00161402713
 20
4349763.135938995
 30
0.0
 40
0.1333
  1
0.69
  7
CN_TTF
 11
470092.00161402713
 21
4349763.135938995
 31
0.0
100
AcDbText
  0
LWPOLYLINE
  5
1EF
330
17
100
AcDbEntity
  8
爆区方格网
 62
4
100
AcDbPolyline
 90
5
 70
1
 10
470092.30357
 20
4349764.253450612
 10
470092.30357
 20
4349763.253450612
 10
470092.0089383252
 20
4349763.253450612
 10
470091.7833149983
 20
4349764.253450612
 10
470092.30357
 20
4349764.253450612
  0
TEXT
  5
1F0
330
17
100
AcDbEntity
  8
0
 62
4
100
AcDbText
 10
470091.9398483309
 20
4349763.683450611
 30
0.0
 40
0.1333
  1
0.69
  7
CN_TTF
 11
470091.9398483309
 21
4349763.683450611
 31
0.0
100
AcDbText
  0
LWPOLYLINE
  5
1F1
330
17
100
AcDbEntity
  8
爆区方格网
 62
4
100
AcDbPolyline
 90
5
 70
1
 10
470092.30357
 20
4349765.253450612
 10
470092.30357
 20
4349764.253450612
 10
470091.7833149983
 20
4349764.253450612
 10
470091.55769167136
 20
4349765.253450612
 10
470092.30357
 20
4349765.253450612
  0
TEXT
  5
1F2
330
17
100
AcDbEntity
  8
0
 62
4
100
AcDbText
 10
470091.82703666744
 20
4349764.683450611
 30
0.0
 40
0.1333
  1
0.69
  7
CN_TTF
 11
470091.82703666744
 21
4349764.683450611
 31
0.0
100
AcDbText
  0
LWPOLYLINE
  5
1F3
330
17
100
AcDbEntity
  8
爆区方格网
 62
4
100
AcDbPolyline
 90
5
 70
1
 10
470092.30357
 20
4349766.253450612
 10
470092.30357
 20
4349765.253450612
 10
470091.55769167136
 20
4349765.253450612
 10
470091.3320683444
 20
4349766.253450612
 10
470092.30357
 20
4349766.253450612
  0
TEXT
  5
1F4
330
17
100
AcDbEntity
  8
0
 62
4
100
AcDbText
 10
470091.71422500396
 20
4349765.683450611
 30
0.0
 40
0.1333
  1
0.69
  7
CN_TTF
 11
470091.71422500396
 21
4349765.683450611
 31
0.0
100
AcDbText
  0
LWPOLYLINE
  5
1F5
330
17
100
AcDbEntity
  8
爆区方格网
 62
4
100
AcDbPolyline
 90
6
 70
1
 10
470092.30357
 20
4349767.253450612
 10
470092.30357
 20
4349766.253450612
 10
470091.3320683444
 20
4349766.253450612
 10
470091.30357
 20
4349766.37976
 10
470091.68341925007
 20
4349767.253450612
 10
470092.30357
 20
4349767.253450612
  0
TEXT
  5
1F6
330
17
100
AcDbEntity
  8
0
 62
4
100
AcDbText
 10
470091.73853231245
 20
4349766.746605305
 30
0.0
 40
0.1333
  1
0.69
  7
CN_TTF
 11
470091.73853231245
 21
4349766.746605305
 31
0.0
100
AcDbText
  0
LWPOLYLINE
  5
1F7
330
17
100
AcDbEntity
  8
爆区方格网
 62
4
100
AcDbPolyline
 90
5
 70
1
 10
470092.30357
 20
4349768.253450612
 10
470092.30357
 20
4349767.253450612
 10
470091.68341925007
 20
4349767.253450612
 10
470092.11818327865
 20
4349768.253450612
 10
470092.30357
 20
4349768.253450612
  0
TEXT
  5
1F8
330
17
100
AcDbEntity
  8
0
 62
4
100
AcDbText
 10
470091.9421856322
 20
4349767.683450611
 30
0.0
 40
0.1333
  1
0.69
  7
CN_TTF
 11
470091.9421856322
 21
4349767.683450611
 31
0.0
100
AcDbText
  0
LWPOLYLINE
  5
1F9
330
17
100
AcDbEntity
  8
爆区方格网
 62
4
100
AcDbPolyline
 90
4
 70
1
 10
470092.30357
 20
4349768.253450612
 10
470092.11818327865
 20
4349768.253450612
 10
470092.30357
 20
4349768.679858292
 10
470092.30357
 20
4349768.253450612
  0
TEXT
  5
1FA
330
17
100
AcDbEntity
  8
0
 62
4
100
AcDbText
 10
470092.0972233196
 20
4349768.396654451
 30
0.0
 40
0.1333
  1
0.69
  7
CN_TTF
 11
470092.0972233196
 21
4349768.396654451
 31
0.0
100
AcDbText
  0
LWPOLYLINE
  5
1FB
330
17
100
AcDbEntity
  8
爆区方格网
 62
4
100
AcDbPolyline
 90
4
 70
1
 10
470093.30357
 20
4349758.253450612
 10
470093.30357
 20
4349757.78648476
 10
470093.1838687338
 20
4349758.253450612
 10
470093.30357
 20
4349758.253450612
  0
TEXT
  5
1FC
330
17
100
AcDbEntity
  8
0
 62
4
100
AcDbText
 10
470093.11364468344
 20
4349757.949967686
 30
0.0
 40
0.1333
  1
0.67
  7
CN_TTF
 11
470093.11364468344
 21
4349757.949967686
 31
0.0
100
AcDbText
  0
LWPOLYLINE
  5
1FD
330
17
100
AcDbEntity
  8
爆区方格网
 62
4
100
AcDbPolyline
 90
5
 70
1
 10
470093.30357
 20
4349759.253450612
 10
470093.30357
 20
4349758.253450612
 10
470093.1838687338
 20
4349758.253450612
 10
470092.9275303616
 20
4349759.253450612
 10
470093.30357
 20
4349759.253450612
  0
TEXT
  5
1FE
330
17
100
AcDbEntity
  8
0
 62
4
100
AcDbText
 10
470093.0196347739
 20
4349758.683450611
 30
0.0
 40
0.1333
  1
0.67
  7
CN_TTF
 11
470093.0196347739
 21
4349758.683450611
 31
0.0
100
AcDbText
  0
LWPOLYLINE
  5
1FF
330
17
100
AcDbEntity
  8
爆区方格网
 62
4
100
AcDbPolyline
 90
6
 70
1
 10
470093.30357
 20
4349760.253450612
 10
470093.30357
 20
4349759.253450612
 10
470092.9275303616
 20
4349759.253450612
 10
470092.79314
 20
4349759.77772
 10
470092.6858046823
 20
4349760.253450612
 10
470093.30357
 20
4349760.253450612
  0
TEXT
  5
200
330
17
100
AcDbEntity
  8
0
 62
4
100
AcDbText
 10
470092.9219525905
 20
4349759.445585305
 30
0.0
 40
0.1333
  1
0.67
  7
CN_TTF
 11
470092.9219525905
 21
4349759.445585305
 31
0.0
100
AcDbText
  0
LWPOLYLINE
  5
201
330
17
100
AcDbEntity
  8
爆区方格网
 62
4
100
AcDbPolyline
 90
5
 70
1
 10
470093.30357
 20
4349761.253450612
 10
470093.30357
 20
4349760.253450612
 10
470092.6858046823
 20
4349760.253450612
 10
470092.4601826285
 20
4349761.253450612
 10
470093.30357
 20
4349761.253450612
  0
TEXT
  5
202
330
17
100
AcDbEntity
  8
0
 62
4
100
AcDbText
 10
470092.77828182775
 20
4349760.683450611
 30
0.0
 40
0.1333
  1
0.67
  7
CN_TTF
 11
470092.77828182775
 21
4349760.683450611
 31
0.0
100
AcDbText
  0
LWPOLYLINE
  5
203
330
17
100
AcDbEntity
  8
爆区方格网
 62
4
100
AcDbPolyline
 90
6
 70
1
 10
470092.30357
 20
4349762.253450612
 10
470093.30357
 20
4349762.253450612
 10
470093.30357
 20
4349761.253450612
 10
470092.4601826285
 20
4349761.253450612
 10
470092.30357
 20
4349761.947587669
 10
470092.30357
 20
4349762.253450612
  0
TEXT
  5
204
330
17
100
AcDbEntity
  8
0
 62
4
100
AcDbText
 10
470092.68272315717
 20
4349761.53051914
 30
0.0
 40
0.1333
  1
0.67
  7
CN_TTF
 11
470092.68272315717
 21
4349761.53051914
 31
0.0
100
AcDbText
  0
LWPOLYLINE
  5
205
330
17
100
AcDbEntity
  8
爆区方格网
 62
4
100
AcDbPolyline
 90
6
 70
1
 10
470093.30357
 20
4349763.253450612
 10
470093.30357
 20
4349762.253450612
 10
470092.30357
 20
4349762.253450612
 10
470092.30357
 20
4349763.158427094
 10
470092.7247573689
 20
4349763.253450612
 10
470093.30357
 20
4349763.253450612
  0
TEXT
  5
206
330
17
100
AcDbEntity
  8
0
 62
4
100
AcDbText
 10
470092.64357
 20
4349762.635938853
 30
0.0
 40
0.1333
  1
0.67
  7
CN_TTF
 11
470092.64357
 21
4349762.635938853
 31
0.0
100
AcDbText
  0
LWPOLYLINE
  5
207
330
17
100
AcDbEntity
  8
爆区方格网
 62
4
100
AcDbPolyline
 90
4
 70
1
 10
470092.30357
 20
4349763.253450612
 10
470092.7247540563
 20
4349763.253450612
 10
470092.30357
 20
4349763.158427379
 10
470092.30357
 20
4349763.253450612
  0
TEXT
  5
208
330
17
100
AcDbEntity
  8
0
 62
4
100
AcDbText
 10
470092.2488660131
 20
4349763.135938995
 30
0.0
 40
0.1333
  1
0.69
  7
CN_TTF
 11
470092.2488660131
 21
4349763.135938995
 31
0.0
100
AcDbText
  0
LWPOLYLINE
  5
209
330
17
100
AcDbEntity
  8
爆区方格网
 62
4
100
AcDbPolyline
 90
4
 70
1
 10
470093.30357
 20
4349763.253450612
 10
470092.7247573689
 20
4349763.253450612
 10
470093.30357
 20
4349763.384035753
 10
470093.30357
 20
4349763.253450612
  0
TEXT
  5
20A
330
17
100
AcDbEntity
  8
0
 62
4
100
AcDbText
 10
470092.99886684224
 20
4349763.248743182
 30
0.0
 40
0.1333
  1
0.67
  7
CN_TTF
 11
470092.99886684224
 21
4349763.248743182
 31
0.0
100
AcDbText
  0
LWPOLYLINE
  5
20B
330
17
100
AcDbEntity
  8
爆区方格网
 62
4
100
AcDbPolyline
 90
6
 70
1
 10
470092.30357
 20
4349763.253450612
 10
470092.30357
 20
4349764.253450612
 10
470093.30357
 20
4349764.253450612
 10
470093.30357
 20
4349763.384037135
 10
470092.7247540563
 20
4349763.253450612
 10
470092.30357
 20
4349763.253450612
  0
TEXT
  5
20C
330
17
100
AcDbEntity
  8
0
 62
4
100
AcDbText
 10
470092.64357
 20
4349763.748743873
 30
0.0
 40
0.1333
  1
0.69
  7
CN_TTF
 11
470092.64357
 21
4349763.748743873
 31
0.0
100
AcDbText
  0
LWPOLYLINE
  5
20D
330
17
100
AcDbEntity
  8
爆区方格网
 62
4
100
AcDbPolyline
 90
5
 70
1
 10
470092.30357
 20
4349764.253450612
 10
470092.30357
 20
4349765.253450612
 10
470093.30357
 20
4349765.253450612
 10
470093.30357
 20
4349764.253450612
 10
470092.30357
 20
4349764.253450612
  0
TEXT
  5
20E
330
17
100
AcDbEntity
  8
0
 62
4
100
AcDbText
 10
470092.64357
 20
4349764.683450611
 30
0.0
 40
0.1333
  1
0.69
  7
CN_TTF
 11
470092.64357
 21
4349764.683450611
 31
0.0
100
AcDbText
  0
LWPOLYLINE
  5
20F
330
17
100
AcDbEntity
  8
爆区方格网
 62
4
100
AcDbPolyline
 90
5
 70
1
 10
470092.30357
 20
4349765.253450612
 10
470092.30357
 20
4349766.253450612
 10
470093.30357
 20
4349766.253450612
 10
470093.30357
 20
4349765.253450612
 10
470092.30357
 20
4349765.253450612
  0
TEXT
  5
210
330
17
100
AcDbEntity
  8
0
 62
4
100
AcDbText
 10
470092.64357
 20
4349765.683450611
 30
0.0
 40
0.1333
  1
0.69
  7
CN_TTF
 11
470092.64357
 21
4349765.683450611
 31
0.0
100
AcDbText
  0
LWPOLYLINE
  5
211
330
17
100
AcDbEntity
  8
爆区方格网
 62
4
100
AcDbPolyline
 90
5
 70
1
 10
470092.30357
 20
4349766.253450612
 10
470092.30357
 20
4349767.253450612
 10
470093.30357
 20
4349767.253450612
 10
470093.30357
 20
4349766.253450612
 10
470092.30357
 20
4349766.253450612
  0
TEXT
  5
212
330
17
100
AcDbEntity
  8
0
 62
4
100
AcDbText
 10
470092.64357
 20
4349766.683450611
 30
0.0
 40
0.1333
  1
0.69
  7
CN_TTF
 11
470092.64357
 21
4349766.683450611
 31
0.0
100
AcDbText
  0
LWPOLYLINE
  5
213
330
17
100
AcDbEntity
  8
爆区方格网
 62
4
100
AcDbPolyline
 90
5
 70
1
 10
470092.30357
 20
4349767.253450612
 10
470092.30357
 20
4349768.253450612
 10
470093.30357
 20
4349768.253450612
 10
470093.30357
 20
4349767.253450612
 10
470092.30357
 20
4349767.253450612
  0
TEXT
  5
214
330
17
100
AcDbEntity
  8
0
 62
4
100
AcDbText
 10
470092.64357
 20
4349767.683450611
 30
0.0
 40
0.1333
  1
0.69
  7
CN_TTF
 11
470092.64357
 21
4349767.683450611
 31
0.0
100
AcDbText
  0
LWPOLYLINE
  5
215
330
17
100
AcDbEntity
  8
爆区方格网
 62
4
100
AcDbPolyline
 90
6
 70
1
 10
470093.30357
 20
4349769.253450612
 10
470093.30357
 20
4349768.253450612
 10
470092.30357
 20
4349768.253450612
 10
470092.30357
 20
4349768.679858292
 10
470092.55294730724
 20
4349769.253450612
 10
470093.30357
 20
4349769.253450612
  0
TEXT
  5
216
330
17
100
AcDbEntity
  8
0
 62
4
100
AcDbText
 10
470092.70591432677
 20
4349768.896654451
 30
0.0
 40
0.1333
  1
0.69
  7
CN_TTF
 11
470092.70591432677
 21
4349768.896654451
 31
0.0
100
AcDbText
  0
LWPOLYLINE
  5
217
330
17
100
AcDbEntity
  8
爆区方格网
 62
4
100
AcDbPolyline
 90
5
 70
1
 10
470093.30357
 20
4349770.253450612
 10
470093.30357
 20
4349769.253450612
 10
470092.55294730724
 20
4349769.253450612
 10
470092.9877113358
 20
4349770.253450612
 10
470093.30357
 20
4349770.253450612
  0
TEXT
  5
218
330
17
100
AcDbEntity
  8
0
 62
4
100
AcDbText
 10
470092.8769496608
 20
4349769.683450611
 30
0.0
 40
0.1333
  1
0.69
  7
CN_TTF
 11
470092.8769496608
 21
4349769.683450611
 31
0.0
100
AcDbText
  0
LWPOLYLINE
  5
219
330
17
100
AcDbEntity
  8
爆区方格网
 62
4
100
AcDbPolyline
 90
5
 70
1
 10
470093.30357
 20
4349770.253450612
 10
470092.9877113358
 20
4349770.253450612
 10
470093.145
 20
4349770.61523
 10
470093.30357
 20
4349770.528077438
 10
470093.30357
 20
4349770.253450612
  0
TEXT
  5
21A
330
17
100
AcDbEntity
  8
0
 62
4
100
AcDbText
 10
470093.01549013413
 20
4349770.320764024
 30
0.0
 40
0.1333
  1
0.69
  7
CN_TTF
 11
470093.01549013413
 21
4349770.320764024
 31
0.0
100
AcDbText
  0
LWPOLYLINE
  5
21B
330
17
100
AcDbEntity
  8
爆区方格网
 62
4
100
AcDbPolyline
 90
5
 70
1
 10
470094.30357
 20
4349757.253450612
 10
470094.30357
 20
4349756.364325525
 10
470093.65355
 20
4349756.42118
 10
470093.44020710606
 20
4349757.253450612
 10
470094.30357
 20
4349757.253450612
  0
TEXT
  5
21C
330
17
100
AcDbEntity
  8
0
 62
4
100
AcDbText
 10
470093.76522427646
 20
4349756.767315306
 30
0.0
 40
0.1333
  1
0.67
  7
CN_TTF
 11
470093.76522427646
 21
4349756.767315306
 31
0.0
100
AcDbText
  0
LWPOLYLINE
  5
21D
330
17
100
AcDbEntity
  8
爆区方格网
 62
4
100
AcDbPolyline
 90
6
 70
1
 10
470093.30357
 20
4349758.253450612
 10
470094.30357
 20
4349758.253450612
 10
470094.30357
 20
4349757.253450612
 10
470093.44020710606
 20
4349757.253450612
 10
470093.30357
 20
4349757.78648476
 10
470093.30357
 20
4349758.253450612
  0
TEXT
  5
21E
330
17
100
AcDbEntity
  8
0
 62
4
100
AcDbText
 10
470093.6777292765
 20
4349757.449967686
 30
0.0
 40
0.1333
  1
0.67
  7
CN_TTF
 11
470093.6777292765
 21
4349757.449967686
 31
0.0
100
AcDbText
  0
LWPOLYLINE
  5
21F
330
17
100
AcDbEntity
  8
爆区方格网
 62
4
100
AcDbPolyline
 90
5
 70
1
 10
470093.30357
 20
4349758.253450612
 10
470093.30357
 20
4349759.253450612
 10
470094.30357
 20
4349759.253450612
 10
470094.30357
 20
4349758.253450612
 10
470093.30357
 20
4349758.253450612
  0
TEXT
  5
220
330
17
100
AcDbEntity
  8
0
 62
4
100
AcDbText
 10
470093.64357
 20
4349758.683450611
 30
0.0
 40
0.1333
  1
0.67
  7
CN_TTF
 11
470093.64357
 21
4349758.683450611
 31
0.0
100
AcDbText
  0
LWPOLYLINE
  5
221
330
17
100
AcDbEntity
  8
爆区方格网
 62
4
100
AcDbPolyline
 90
5
 70
1
 10
470093.30357
 20
4349759.253450612
 10
470093.30357
 20
4349760.253450612
 10
470094.30357
 20
4349760.253450612
 10
470094.30357
 20
4349759.253450612
 10
470093.30357
 20
4349759.253450612
  0
TEXT
  5
222
330
17
100
AcDbEntity
  8
0
 62
4
100
AcDbText
 10
470093.64357
 20
4349759.683450611
 30
0.0
 40
0.1333
  1
0.67
  7
CN_TTF
 11
470093.64357
 21
4349759.683450611
 31
0.0
100
AcDbText
  0
LWPOLYLINE
  5
223
330
17
100
AcDbEntity
  8
爆区方格网
 62
4
100
AcDbPolyline
 90
5
 70
1
 10
470093.30357
 20
4349760.253450612
 10
470093.30357
 20
4349761.253450612
 10
470094.30357
 20
4349761.253450612
 10
470094.30357
 20
4349760.253450612
 10
470093.30357
 20
4349760.253450612
  0
TEXT
  5
224
330
17
100
AcDbEntity
  8
0
 62
4
100
AcDbText
 10
470093.64357
 20
4349760.683450611
 30
0.0
 40
0.1333
  1
0.67
  7
CN_TTF
 11
470093.64357
 21
4349760.683450611
 31
0.0
100
AcDbText
  0
LWPOLYLINE
  5
225
330
17
100
AcDbEntity
  8
爆区方格网
 62
4
100
AcDbPolyline
 90
5
 70
1
 10
470093.30357
 20
4349761.253450612
 10
470093.30357
 20
4349762.253450612
 10
470094.30357
 20
4349762.253450612
 10
470094.30357
 20
4349761.253450612
 10
470093.30357
 20
4349761.253450612
  0
TEXT
  5
226
330
17
100
AcDbEntity
  8
0
 62
4
100
AcDbText
 10
470093.64357
 20
4349761.683450611
 30
0.0
 40
0.1333
  1
0.67
  7
CN_TTF
 11
470093.64357
 21
4349761.683450611
 31
0.0
100
AcDbText
  0
LWPOLYLINE
  5
227
330
17
100
AcDbEntity
  8
爆区方格网
 62
4
100
AcDbPolyline
 90
5
 70
1
 10
470093.30357
 20
4349762.253450612
 10
470093.30357
 20
4349763.253450612
 10
470094.30357
 20
4349763.253450612
 10
470094.30357
 20
4349762.253450612
 10
470093.30357
 20
4349762.253450612
  0
TEXT
  5
228
330
17
100
AcDbEntity
  8
0
 62
4
100
AcDbText
 10
470093.64357
 20
4349762.683450611
 30
0.0
 40
0.1333
  1
0.67
  7
CN_TTF
 11
470093.64357
 21
4349762.683450611
 31
0.0
100
AcDbText
  0
LWPOLYLINE
  5
229
330
17
100
AcDbEntity
  8
爆区方格网
 62
4
100
AcDbPolyline
 90
5
 70
1
 10
470094.30357
 20
4349763.253450612
 10
470093.30357
 20
4349763.253450612
 10
470093.30357
 20
4349763.384035753
 10
470094.30357
 20
4349763.609644412
 10
470094.30357
 20
4349763.253450612
  0
TEXT
  5
22A
330
17
100
AcDbEntity
  8
0
 62
4
100
AcDbText
 10
470093.89356999897
 20
4349763.426840082
 30
0.0
 40
0.1333
  1
0.67
  7
CN_TTF
 11
470093.89356999897
 21
4349763.426840082
 31
0.0
100
AcDbText
  0
LWPOLYLINE
  5
22B
330
17
100
AcDbEntity
  8
爆区方格网
 62
4
100
AcDbPolyline
 90
5
 70
1
 10
470093.30357
 20
4349764.253450612
 10
470094.30357
 20
4349764.253450612
 10
470094.30357
 20
4349763.609646891
 10
470093.30357
 20
4349763.384037135
 10
470093.30357
 20
4349764.253450612
  0
TEXT
  5
22C
330
17
100
AcDbEntity
  8
0
 62
4
100
AcDbText
 10
470093.64357
 20
4349763.861548752
 30
0.0
 40
0.1333
  1
0.69
  7
CN_TTF
 11
470093.64357
 21
4349763.861548752
 31
0.0
100
AcDbText
  0
LWPOLYLINE
  5
22D
330
17
100
AcDbEntity
  8
爆区方格网
 62
4
100
AcDbPolyline
 90
5
 70
1
 10
470093.30357
 20
4349764.253450612
 10
470093.30357
 20
4349765.253450612
 10
470094.30357
 20
4349765.253450612
 10
470094.30357
 20
4349764.253450612
 10
470093.30357
 20
4349764.253450612
  0
TEXT
  5
22E
330
17
100
AcDbEntity
  8
0
 62
4
100
AcDbText
 10
470093.64357
 20
4349764.683450611
 30
0.0
 40
0.1333
  1
0.69
  7
CN_TTF
 11
470093.64357
 21
4349764.683450611
 31
0.0
100
AcDbText
  0
LWPOLYLINE
  5
22F
330
17
100
AcDbEntity
  8
爆区方格网
 62
4
100
AcDbPolyline
 90
5
 70
1
 10
470093.30357
 20
4349765.253450612
 10
470093.30357
 20
4349766.253450612
 10
470094.30357
 20
4349766.253450612
 10
470094.30357
 20
4349765.253450612
 10
470093.30357
 20
4349765.253450612
  0
TEXT
  5
230
330
17
100
AcDbEntity
  8
0
 62
4
100
AcDbText
 10
470093.64357
 20
4349765.683450611
 30
0.0
 40
0.1333
  1
0.69
  7
CN_TTF
 11
470093.64357
 21
4349765.683450611
 31
0.0
100
AcDbText
  0
LWPOLYLINE
  5
231
330
17
100
AcDbEntity
  8
爆区方格网
 62
4
100
AcDbPolyline
 90
5
 70
1
 10
470093.30357
 20
4349766.253450612
 10
470093.30357
 20
4349767.253450612
 10
470094.30357
 20
4349767.253450612
 10
470094.30357
 20
4349766.253450612
 10
470093.30357
 20
4349766.253450612
  0
TEXT
  5
232
330
17
100
AcDbEntity
  8
0
 62
4
100
AcDbText
 10
470093.64357
 20
4349766.683450611
 30
0.0
 40
0.1333
  1
0.69
  7
CN_TTF
 11
470093.64357
 21
4349766.683450611
 31
0.0
100
AcDbText
  0
LWPOLYLINE
  5
233
330
17
100
AcDbEntity
  8
爆区方格网
 62
4
100
AcDbPolyline
 90
5
 70
1
 10
470093.30357
 20
4349767.253450612
 10
470093.30357
 20
4349768.253450612
 10
470094.30357
 20
4349768.253450612
 10
470094.30357
 20
4349767.253450612
 10
470093.30357
 20
4349767.253450612
  0
TEXT
  5
234
330
17
100
AcDbEntity
  8
0
 62
4
100
AcDbText
 10
470093.64357
 20
4349767.683450611
 30
0.0
 40
0.1333
  1
0.69
  7
CN_TTF
 11
470093.64357
 21
4349767.683450611
 31
0.0
100
AcDbText
  0
LWPOLYLINE
  5
235
330
17
100
AcDbEntity
  8
爆区方格网
 62
4
100
AcDbPolyline
 90
5
 70
1
 10
470093.30357
 20
4349768.253450612
 10
470093.30357
 20
4349769.253450612
 10
470094.30357
 20
4349769.253450612
 10
470094.30357
 20
4349768.253450612
 10
470093.30357
 20
4349768.253450612
  0
TEXT
  5
236
330
17
100
AcDbEntity
  8
0
 62
4
100
AcDbText
 10
470093.64357
 20
4349768.683450611
 30
0.0
 40
0.1333
  1
0.69
  7
CN_TTF
 11
470093.64357
 21
4349768.683450611
 31
0.0
100
AcDbText
  0
LWPOLYLINE
  5
237
330
17
100
AcDbEntity
  8
爆区方格网
 62
4
100
AcDbPolyline
 90
6
 70
1
 10
470094.30357
 20
4349769.253450612
 10
470093.30357
 20
4349769.253450612
 10
470093.30357
 20
4349770.253450612
 10
470093.8032406336
 20
4349770.253450612
 10
470094.30357
 20
4349769.978461736
 10
470094.30357
 20
4349769.253450612
  0
TEXT
  5
238
330
17
100
AcDbEntity
  8
0
 62
4
100
AcDbText
 10
470093.64357
 20
4349769.545956174
 30
0.0
 40
0.1333
  1
0.69
  7
CN_TTF
 11
470093.64357
 21
4349769.545956174
 31
0.0
100
AcDbText
  0
LWPOLYLINE
  5
239
330
17
100
AcDbEntity
  8
爆区方格网
 62
4
100
AcDbPolyline
 90
4
 70
1
 10
470093.30357
 20
4349770.253450612
 10
470093.30357
 20
4349770.528077438
 10
470093.8032406336
 20
4349770.253450612
 10
470093.30357
 20
4349770.253450612
  0
TEXT
  5
23A
330
17
100
AcDbEntity
  8
0
 62
4
100
AcDbText
 10
470093.2684876589
 20
4349770.320764024
 30
0.0
 40
0.1333
  1
0.69
  7
CN_TTF
 11
470093.2684876589
 21
4349770.320764024
 31
0.0
100
AcDbText
  0
LWPOLYLINE
  5
23B
330
17
100
AcDbEntity
  8
爆区方格网
 62
4
100
AcDbPolyline
 90
5
 70
1
 10
470094.30357
 20
4349757.253450612
 10
470095.30357
 20
4349757.253450612
 10
470095.30357
 20
4349756.276859794
 10
470094.30357
 20
4349756.364325525
 10
470094.30357
 20
4349757.253450612
  0
TEXT
  5
23C
330
17
100
AcDbEntity
  8
0
 62
4
100
AcDbText
 10
470094.64357
 20
4349756.738888068
 30
0.0
 40
0.1333
  1
0.67
  7
CN_TTF
 11
470094.64357
 21
4349756.738888068
 31
0.0
100
AcDbText
  0
LWPOLYLINE
  5
23D
330
17
100
AcDbEntity
  8
爆区方格网
 62
4
100
AcDbPolyline
 90
5
 70
1
 10
470094.30357
 20
4349757.253450612
 10
470094.30357
 20
4349758.253450612
 10
470095.30357
 20
4349758.253450612
 10
470095.30357
 20
4349757.253450612
 10
470094.30357
 20
4349757.253450612
  0
TEXT
  5
23E
330
17
100
AcDbEntity
  8
0
 62
4
100
AcDbText
 10
470094.64357
 20
4349757.683450611
 30
0.0
 40
0.1333
  1
0.67
  7
CN_TTF
 11
470094.64357
 21
4349757.683450611
 31
0.0
100
AcDbText
  0
LWPOLYLINE
  5
23F
330
17
100
AcDbEntity
  8
爆区方格网
 62
4
100
AcDbPolyline
 90
5
 70
1
 10
470094.30357
 20
4349758.253450612
 10
470094.30357
 20
4349759.253450612
 10
470095.30357
 20
4349759.253450612
 10
470095.30357
 20
4349758.253450612
 10
470094.30357
 20
4349758.253450612
  0
TEXT
  5
240
330
17
100
AcDbEntity
  8
0
 62
4
100
AcDbText
 10
470094.64357
 20
4349758.683450611
 30
0.0
 40
0.1333
  1
0.67
  7
CN_TTF
 11
470094.64357
 21
4349758.683450611
 31
0.0
100
AcDbText
  0
LWPOLYLINE
  5
241
330
17
100
AcDbEntity
  8
爆区方格网
 62
4
100
AcDbPolyline
 90
5
 70
1
 10
470094.30357
 20
4349759.253450612
 10
470094.30357
 20
4349760.253450612
 10
470095.30357
 20
4349760.253450612
 10
470095.30357
 20
4349759.253450612
 10
470094.30357
 20
4349759.253450612
  0
TEXT
  5
242
330
17
100
AcDbEntity
  8
0
 62
4
100
AcDbText
 10
470094.64357
 20
4349759.683450611
 30
0.0
 40
0.1333
  1
0.67
  7
CN_TTF
 11
470094.64357
 21
4349759.683450611
 31
0.0
100
AcDbText
  0
LWPOLYLINE
  5
243
330
17
100
AcDbEntity
  8
爆区方格网
 62
4
100
AcDbPolyline
 90
5
 70
1
 10
470094.30357
 20
4349760.253450612
 10
470094.30357
 20
4349761.253450612
 10
470095.30357
 20
4349761.253450612
 10
470095.30357
 20
4349760.253450612
 10
470094.30357
 20
4349760.253450612
  0
TEXT
  5
244
330
17
100
AcDbEntity
  8
0
 62
4
100
AcDbText
 10
470094.64357
 20
4349760.683450611
 30
0.0
 40
0.1333
  1
0.67
  7
CN_TTF
 11
470094.64357
 21
4349760.683450611
 31
0.0
100
AcDbText
  0
LWPOLYLINE
  5
245
330
17
100
AcDbEntity
  8
爆区方格网
 62
4
100
AcDbPolyline
 90
5
 70
1
 10
470094.30357
 20
4349761.253450612
 10
470094.30357
 20
4349762.253450612
 10
470095.30357
 20
4349762.253450612
 10
470095.30357
 20
4349761.253450612
 10
470094.30357
 20
4349761.253450612
  0
TEXT
  5
246
330
17
100
AcDbEntity
  8
0
 62
4
100
AcDbText
 10
470094.64357
 20
4349761.683450611
 30
0.0
 40
0.1333
  1
0.67
  7
CN_TTF
 11
470094.64357
 21
4349761.683450611
 31
0.0
100
AcDbText
  0
LWPOLYLINE
  5
247
330
17
100
AcDbEntity
  8
爆区方格网
 62
4
100
AcDbPolyline
 90
5
 70
1
 10
470094.30357
 20
4349762.253450612
 10
470094.30357
 20
4349763.253450612
 10
470095.30357
 20
4349763.253450612
 10
470095.30357
 20
4349762.253450612
 10
470094.30357
 20
4349762.253450612
  0
TEXT
  5
248
330
17
100
AcDbEntity
  8
0
 62
4
100
AcDbText
 10
470094.64357
 20
4349762.683450611
 30
0.0
 40
0.1333
  1
0.67
  7
CN_TTF
 11
470094.64357
 21
4349762.683450611
 31
0.0
100
AcDbText
  0
LWPOLYLINE
  5
249
330
17
100
AcDbEntity
  8
爆区方格网
 62
4
100
AcDbPolyline
 90
5
 70
1
 10
470095.30357
 20
4349763.253450612
 10
470094.30357
 20
4349763.253450612
 10
470094.30357
 20
4349763.609644412
 10
470095.30357
 20
4349763.835253071
 10
470095.30357
 20
4349763.253450612
  0
TEXT
  5
24A
330
17
100
AcDbEntity
  8
0
 62
4
100
AcDbText
 10
470094.64357
 20
4349763.361547511
 30
0.0
 40
0.1333
  1
0.67
  7
CN_TTF
 11
470094.64357
 21
4349763.361547511
 31
0.0
100
AcDbText
  0
LWPOLYLINE
  5
24B
330
17
100
AcDbEntity
  8
爆区方格网
 62
4
100
AcDbPolyline
 90
5
 70
1
 10
470094.30357
 20
4349764.253450612
 10
470095.30357
 20
4349764.253450612
 10
470095.30357
 20
4349763.835256647
 10
470094.30357
 20
4349763.609646891
 10
470094.30357
 20
4349764.253450612
  0
TEXT
  5
24C
330
17
100
AcDbEntity
  8
0
 62
4
100
AcDbText
 10
470094.64357
 20
4349763.974353629
 30
0.0
 40
0.1333
  1
0.69
  7
CN_TTF
 11
470094.64357
 21
4349763.974353629
 31
0.0
100
AcDbText
  0
LWPOLYLINE
  5
24D
330
17
100
AcDbEntity
  8
爆区方格网
 62
4
100
AcDbPolyline
 90
5
 70
1
 10
470094.30357
 20
4349764.253450612
 10
470094.30357
 20
4349765.253450612
 10
470095.30357
 20
4349765.253450612
 10
470095.30357
 20
4349764.253450612
 10
470094.30357
 20
4349764.253450612
  0
TEXT
  5
24E
330
17
100
AcDbEntity
  8
0
 62
4
100
AcDbText
 10
470094.64357
 20
4349764.683450611
 30
0.0
 40
0.1333
  1
0.69
  7
CN_TTF
 11
470094.64357
 21
4349764.683450611
 31
0.0
100
AcDbText
  0
LWPOLYLINE
  5
24F
330
17
100
AcDbEntity
  8
爆区方格网
 62
4
100
AcDbPolyline
 90
5
 70
1
 10
470094.30357
 20
4349765.253450612
 10
470094.30357
 20
4349766.253450612
 10
470095.30357
 20
4349766.253450612
 10
470095.30357
 20
4349765.253450612
 10
470094.30357
 20
4349765.253450612
  0
TEXT
  5
250
330
17
100
AcDbEntity
  8
0
 62
4
100
AcDbText
 10
470094.64357
 20
4349765.683450611
 30
0.0
 40
0.1333
  1
0.69
  7
CN_TTF
 11
470094.64357
 21
4349765.683450611
 31
0.0
100
AcDbText
  0
LWPOLYLINE
  5
251
330
17
100
AcDbEntity
  8
爆区方格网
 62
4
100
AcDbPolyline
 90
5
 70
1
 10
470094.30357
 20
4349766.253450612
 10
470094.30357
 20
4349767.253450612
 10
470095.30357
 20
4349767.253450612
 10
470095.30357
 20
4349766.253450612
 10
470094.30357
 20
4349766.253450612
  0
TEXT
  5
252
330
17
100
AcDbEntity
  8
0
 62
4
100
AcDbText
 10
470094.64357
 20
4349766.683450611
 30
0.0
 40
0.1333
  1
0.69
  7
CN_TTF
 11
470094.64357
 21
4349766.683450611
 31
0.0
100
AcDbText
  0
LWPOLYLINE
  5
253
330
17
100
AcDbEntity
  8
爆区方格网
 62
4
100
AcDbPolyline
 90
5
 70
1
 10
470094.30357
 20
4349767.253450612
 10
470094.30357
 20
4349768.253450612
 10
470095.30357
 20
4349768.253450612
 10
470095.30357
 20
4349767.253450612
 10
470094.30357
 20
4349767.253450612
  0
TEXT
  5
254
330
17
100
AcDbEntity
  8
0
 62
4
100
AcDbText
 10
470094.64357
 20
4349767.683450611
 30
0.0
 40
0.1333
  1
0.69
  7
CN_TTF
 11
470094.64357
 21
4349767.683450611
 31
0.0
100
AcDbText
  0
LWPOLYLINE
  5
255
330
17
100
AcDbEntity
  8
爆区方格网
 62
4
100
AcDbPolyline
 90
5
 70
1
 10
470094.30357
 20
4349768.253450612
 10
470094.30357
 20
4349769.253450612
 10
470095.30357
 20
4349769.253450612
 10
470095.30357
 20
4349768.253450612
 10
470094.30357
 20
4349768.253450612
  0
TEXT
  5
256
330
17
100
AcDbEntity
  8
0
 62
4
100
AcDbText
 10
470094.64357
 20
4349768.683450611
 30
0.0
 40
0.1333
  1
0.69
  7
CN_TTF
 11
470094.64357
 21
4349768.683450611
 31
0.0
100
AcDbText
  0
LWPOLYLINE
  5
257
330
17
100
AcDbEntity
  8
爆区方格网
 62
4
100
AcDbPolyline
 90
5
 70
1
 10
470095.30357
 20
4349769.253450612
 10
470094.30357
 20
4349769.253450612
 10
470094.30357
 20
4349769.978461736
 10
470095.30357
 20
4349769.428846033
 10
470095.30357
 20
4349769.253450612
  0
TEXT
  5
258
330
17
100
AcDbEntity
  8
0
 62
4
100
AcDbText
 10
470094.39356999955
 20
4349769.633653885
 30
0.0
 40
0.1333
  1
0.69
  7
CN_TTF
 11
470094.39356999955
 21
4349769.633653885
 31
0.0
100
AcDbText
  0
LWPOLYLINE
  5
259
330
17
100
AcDbEntity
  8
爆区方格网
 62
4
100
AcDbPolyline
 90
4
 70
1
 10
470096.30357
 20
4349756.253450612
 10
470096.30357
 20
4349756.189394062
 10
470095.57120832417
 20
4349756.253450612
 10
470096.30357
 20
4349756.253450612
  0
TEXT
  5
25A
330
17
100
AcDbEntity
  8
0
 62
4
100
AcDbText
 10
470095.9604795811
 20
4349756.151422337
 30
0.0
 40
0.1333
  1
0.67
  7
CN_TTF
 11
470095.9604795811
 21
4349756.151422337
 31
0.0
100
AcDbText
  0
LWPOLYLINE
  5
25B
330
17
100
AcDbEntity
  8
爆区方格网
 62
4
100
AcDbPolyline
 90
6
 70
1
 10
470095.30357
 20
4349757.253450612
 10
470096.30357
 20
4349757.253450612
 10
470096.30357
 20
4349756.253450612
 10
470095.57120832417
 20
4349756.253450612
 10
470095.30357
 20
4349756.276859794
 10
470095.30357
 20
4349757.253450612
  0
TEXT
  5
25C
330
17
100
AcDbEntity
  8
0
 62
4
100
AcDbText
 10
470095.64357
 20
4349756.695155202
 30
0.0
 40
0.1333
  1
0.67
  7
CN_TTF
 11
470095.64357
 21
4349756.695155202
 31
0.0
100
AcDbText
  0
LWPOLYLINE
  5
25D
330
17
100
AcDbEntity
  8
爆区方格网
 62
4
100
AcDbPolyline
 90
5
 70
1
 10
470095.30357
 20
4349757.253450612
 10
470095.30357
 20
4349758.253450612
 10
470096.30357
 20
4349758.253450612
 10
470096.30357
 20
4349757.253450612
 10
470095.30357
 20
4349757.253450612
  0
TEXT
  5
25E
330
17
100
AcDbEntity
  8
0
 62
4
100
AcDbText
 10
470095.64357
 20
4349757.683450611
 30
0.0
 40
0.1333
  1
0.67
  7
CN_TTF
 11
470095.64357
 21
4349757.683450611
 31
0.0
100
AcDbText
  0
LWPOLYLINE
  5
25F
330
17
100
AcDbEntity
  8
爆区方格网
 62
4
100
AcDbPolyline
 90
5
 70
1
 10
470095.30357
 20
4349758.253450612
 10
470095.30357
 20
4349759.253450612
 10
470096.30357
 20
4349759.253450612
 10
470096.30357
 20
4349758.253450612
 10
470095.30357
 20
4349758.253450612
  0
TEXT
  5
260
330
17
100
AcDbEntity
  8
0
 62
4
100
AcDbText
 10
470095.64357
 20
4349758.683450611
 30
0.0
 40
0.1333
  1
0.67
  7
CN_TTF
 11
470095.64357
 21
4349758.683450611
 31
0.0
100
AcDbText
  0
LWPOLYLINE
  5
261
330
17
100
AcDbEntity
  8
爆区方格网
 62
4
100
AcDbPolyline
 90
5
 70
1
 10
470095.30357
 20
4349759.253450612
 10
470095.30357
 20
4349760.253450612
 10
470096.30357
 20
4349760.253450612
 10
470096.30357
 20
4349759.253450612
 10
470095.30357
 20
4349759.253450612
  0
TEXT
  5
262
330
17
100
AcDbEntity
  8
0
 62
4
100
AcDbText
 10
470095.64357
 20
4349759.683450611
 30
0.0
 40
0.1333
  1
0.67
  7
CN_TTF
 11
470095.64357
 21
4349759.683450611
 31
0.0
100
AcDbText
  0
LWPOLYLINE
  5
263
330
17
100
AcDbEntity
  8
爆区方格网
 62
4
100
AcDbPolyline
 90
5
 70
1
 10
470095.30357
 20
4349760.253450612
 10
470095.30357
 20
4349761.253450612
 10
470096.30357
 20
4349761.253450612
 10
470096.30357
 20
4349760.253450612
 10
470095.30357
 20
4349760.253450612
  0
TEXT
  5
264
330
17
100
AcDbEntity
  8
0
 62
4
100
AcDbText
 10
470095.64357
 20
4349760.683450611
 30
0.0
 40
0.1333
  1
0.67
  7
CN_TTF
 11
470095.64357
 21
4349760.683450611
 31
0.0
100
AcDbText
  0
LWPOLYLINE
  5
265
330
17
100
AcDbEntity
  8
爆区方格网
 62
4
100
AcDbPolyline
 90
5
 70
1
 10
470095.30357
 20
4349761.253450612
 10
470095.30357
 20
4349762.253450612
 10
470096.30357
 20
4349762.253450612
 10
470096.30357
 20
4349761.253450612
 10
470095.30357
 20
4349761.253450612
  0
TEXT
  5
266
330
17
100
AcDbEntity
  8
0
 62
4
100
AcDbText
 10
470095.64357
 20
4349761.683450611
 30
0.0
 40
0.1333
  1
0.67
  7
CN_TTF
 11
470095.64357
 21
4349761.683450611
 31
0.0
100
AcDbText
  0
LWPOLYLINE
  5
267
330
17
100
AcDbEntity
  8
爆区方格网
 62
4
100
AcDbPolyline
 90
5
 70
1
 10
470095.30357
 20
4349762.253450612
 10
470095.30357
 20
4349763.253450612
 10
470096.30357
 20
4349763.253450612
 10
470096.30357
 20
4349762.253450612
 10
470095.30357
 20
4349762.253450612
  0
TEXT
  5
268
330
17
100
AcDbEntity
  8
0
 62
4
100
AcDbText
 10
470095.64357
 20
4349762.683450611
 30
0.0
 40
0.1333
  1
0.67
  7
CN_TTF
 11
470095.64357
 21
4349762.683450611
 31
0.0
100
AcDbText
  0
LWPOLYLINE
  5
269
330
17
100
AcDbEntity
  8
爆区方格网
 62
4
100
AcDbPolyline
 90
5
 70
1
 10
470096.30357
 20
4349763.253450612
 10
470095.30357
 20
4349763.253450612
 10
470095.30357
 20
4349763.835253071
 10
470096.30357
 20
4349764.06086173
 10
470096.30357
 20
4349763.253450612
  0
TEXT
  5
26A
330
17
100
AcDbEntity
  8
0
 62
4
100
AcDbText
 10
470095.64357
 20
4349763.474351841
 30
0.0
 40
0.1333
  1
0.67
  7
CN_TTF
 11
470095.64357
 21
4349763.474351841
 31
0.0
100
AcDbText
  0
LWPOLYLINE
  5
26B
330
17
100
AcDbEntity
  8
爆区方格网
 62
4
100
AcDbPolyline
 90
5
 70
1
 10
470095.30357
 20
4349764.253450612
 10
470096.30357
 20
4349764.253450612
 10
470096.30357
 20
4349764.060866404
 10
470095.30357
 20
4349763.835256647
 10
470095.30357
 20
4349764.253450612
  0
TEXT
  5
26C
330
17
100
AcDbEntity
  8
0
 62
4
100
AcDbText
 10
470095.39357
 20
4349763.8780615255
 30
0.0
 40
0.1333
  1
0.69
  7
CN_TTF
 11
470095.39357
 21
4349763.8780615255
 31
0.0
100
AcDbText
  0
LWPOLYLINE
  5
26D
330
17
100
AcDbEntity
  8
爆区方格网
 62
4
100
AcDbPolyline
 90
5
 70
1
 10
470095.30357
 20
4349764.253450612
 10
470095.30357
 20
4349765.253450612
 10
470096.30357
 20
4349765.253450612
 10
470096.30357
 20
4349764.253450612
 10
470095.30357
 20
4349764.253450612
  0
TEXT
  5
26E
330
17
100
AcDbEntity
  8
0
 62
4
100
AcDbText
 10
470095.64357
 20
4349764.683450611
 30
0.0
 40
0.1333
  1
0.69
  7
CN_TTF
 11
470095.64357
 21
4349764.683450611
 31
0.0
100
AcDbText
  0
LWPOLYLINE
  5
26F
330
17
100
AcDbEntity
  8
爆区方格网
 62
4
100
AcDbPolyline
 90
5
 70
1
 10
470095.30357
 20
4349765.253450612
 10
470095.30357
 20
4349766.253450612
 10
470096.30357
 20
4349766.253450612
 10
470096.30357
 20
4349765.253450612
 10
470095.30357
 20
4349765.253450612
  0
TEXT
  5
270
330
17
100
AcDbEntity
  8
0
 62
4
100
AcDbText
 10
470095.64357
 20
4349765.683450611
 30
0.0
 40
0.1333
  1
0.69
  7
CN_TTF
 11
470095.64357
 21
4349765.683450611
 31
0.0
100
AcDbText
  0
LWPOLYLINE
  5
271
330
17
100
AcDbEntity
  8
爆区方格网
 62
4
100
AcDbPolyline
 90
6
 70
1
 10
470096.30357
 20
4349766.253450612
 10
470095.30357
 20
4349766.253450612
 10
470095.30357
 20
4349767.253450612
 10
470096.0834155415
 20
4349767.253450612
 10
470096.30357
 20
4349766.390648777
 10
470096.30357
 20
4349766.253450612
  0
TEXT
  5
272
330
17
100
AcDbEntity
  8
0
 62
4
100
AcDbText
 10
470095.5885313854
 20
4349766.752049694
 30
0.0
 40
0.1333
  1
0.69
  7
CN_TTF
 11
470095.5885313854
 21
4349766.752049694
 31
0.0
100
AcDbText
  0
LWPOLYLINE
  5
273
330
17
100
AcDbEntity
  8
爆区方格网
 62
4
100
AcDbPolyline
 90
5
 70
1
 10
470095.30357
 20
4349767.253450612
 10
470095.30357
 20
4349768.253450612
 10
470095.82825329027
 20
4349768.253450612
 10
470096.0834155415
 20
4349767.253450612
 10
470095.30357
 20
4349767.253450612
  0
TEXT
  5
274
330
17
100
AcDbEntity
  8
0
 62
4
100
AcDbText
 10
470095.46970220795
 20
4349767.683450611
 30
0.0
 40
0.1333
  1
0.69
  7
CN_TTF
 11
470095.46970220795
 21
4349767.683450611
 31
0.0
100
AcDbText
  0
LWPOLYLINE
  5
275
330
17
100
AcDbEntity
  8
爆区方格网
 62
4
100
AcDbPolyline
 90
5
 70
1
 10
470095.30357
 20
4349768.253450612
 10
470095.30357
 20
4349769.253450612
 10
470095.573091039
 20
4349769.253450612
 10
470095.82825329027
 20
4349768.253450612
 10
470095.30357
 20
4349768.253450612
  0
TEXT
  5
276
330
17
100
AcDbEntity
  8
0
 62
4
100
AcDbText
 10
470095.34212108236
 20
4349768.683450611
 30
0.0
 40
0.1333
  1
0.69
  7
CN_TTF
 11
470095.34212108236
 21
4349768.683450611
 31
0.0
100
AcDbText
  0
LWPOLYLINE
  5
277
330
17
100
AcDbEntity
  8
爆区方格网
 62
4
100
AcDbPolyline
 90
5
 70
1
 10
470095.30357
 20
4349769.253450612
 10
470095.30357
 20
4349769.428846033
 10
470095.565
 20
4349769.28516
 10
470095.573091039
 20
4349769.253450612
 10
470095.30357
 20
4349769.253450612
  0
TEXT
  5
278
330
17
100
AcDbEntity
  8
0
 62
4
100
AcDbText
 10
470095.20892750047
 20
4349769.287003016
 30
0.0
 40
0.1333
  1
0.69
  7
CN_TTF
 11
470095.20892750047
 21
4349769.287003016
 31
0.0
100
AcDbText
  0
LWPOLYLINE
  5
279
330
17
100
AcDbEntity
  8
爆区方格网
 62
4
100
AcDbPolyline
 90
5
 70
1
 10
470096.30357
 20
4349756.253450612
 10
470097.30357
 20
4349756.253450612
 10
470097.30357
 20
4349756.101928331
 10
470096.30357
 20
4349756.189394062
 10
470096.30357
 20
4349756.253450612
  0
TEXT
  5
27A
330
17
100
AcDbEntity
  8
0
 62
4
100
AcDbText
 10
470096.89357
 20
4349756.075661196
 30
0.0
 40
0.1333
  1
0.67
  7
CN_TTF
 11
470096.89357
 21
4349756.075661196
 31
0.0
100
AcDbText
  0
LWPOLYLINE
  5
27B
330
17
100
AcDbEntity
  8
爆区方格网
 62
4
100
AcDbPolyline
 90
5
 70
1
 10
470096.30357
 20
4349756.253450612
 10
470096.30357
 20
4349757.253450612
 10
470097.30357
 20
4349757.253450612
 10
470097.30357
 20
4349756.253450612
 10
470096.30357
 20
4349756.253450612
  0
TEXT
  5
27C
330
17
100
AcDbEntity
  8
0
 62
4
100
AcDbText
 10
470096.64357
 20
4349756.683450611
 30
0.0
 40
0.1333
  1
0.67
  7
CN_TTF
 11
470096.64357
 21
4349756.683450611
 31
0.0
100
AcDbText
  0
LWPOLYLINE
  5
27D
330
17
100
AcDbEntity
  8
爆区方格网
 62
4
100
AcDbPolyline
 90
5
 70
1
 10
470096.30357
 20
4349757.253450612
 10
470096.30357
 20
4349758.253450612
 10
470097.30357
 20
4349758.253450612
 10
470097.30357
 20
4349757.253450612
 10
470096.30357
 20
4349757.253450612
  0
TEXT
  5
27E
330
17
100
AcDbEntity
  8
0
 62
4
100
AcDbText
 10
470096.64357
 20
4349757.683450611
 30
0.0
 40
0.1333
  1
0.67
  7
CN_TTF
 11
470096.64357
 21
4349757.683450611
 31
0.0
100
AcDbText
  0
LWPOLYLINE
  5
27F
330
17
100
AcDbEntity
  8
爆区方格网
 62
4
100
AcDbPolyline
 90
5
 70
1
 10
470096.30357
 20
4349758.253450612
 10
470096.30357
 20
4349759.253450612
 10
470097.30357
 20
4349759.253450612
 10
470097.30357
 20
4349758.253450612
 10
470096.30357
 20
4349758.253450612
  0
TEXT
  5
280
330
17
100
AcDbEntity
  8
0
 62
4
100
AcDbText
 10
470096.64357
 20
4349758.683450611
 30
0.0
 40
0.1333
  1
0.67
  7
CN_TTF
 11
470096.64357
 21
4349758.683450611
 31
0.0
100
AcDbText
  0
LWPOLYLINE
  5
281
330
17
100
AcDbEntity
  8
爆区方格网
 62
4
100
AcDbPolyline
 90
5
 70
1
 10
470096.30357
 20
4349759.253450612
 10
470096.30357
 20
4349760.253450612
 10
470097.30357
 20
4349760.253450612
 10
470097.30357
 20
4349759.253450612
 10
470096.30357
 20
4349759.253450612
  0
TEXT
  5
282
330
17
100
AcDbEntity
  8
0
 62
4
100
AcDbText
 10
470096.64357
 20
4349759.683450611
 30
0.0
 40
0.1333
  1
0.67
  7
CN_TTF
 11
470096.64357
 21
4349759.683450611
 31
0.0
100
AcDbText
  0
LWPOLYLINE
  5
283
330
17
100
AcDbEntity
  8
爆区方格网
 62
4
100
AcDbPolyline
 90
5
 70
1
 10
470096.30357
 20
4349760.253450612
 10
470096.30357
 20
4349761.253450612
 10
470097.30357
 20
4349761.253450612
 10
470097.30357
 20
4349760.253450612
 10
470096.30357
 20
4349760.253450612
  0
TEXT
  5
284
330
17
100
AcDbEntity
  8
0
 62
4
100
AcDbText
 10
470096.64357
 20
4349760.683450611
 30
0.0
 40
0.1333
  1
0.67
  7
CN_TTF
 11
470096.64357
 21
4349760.683450611
 31
0.0
100
AcDbText
  0
LWPOLYLINE
  5
285
330
17
100
AcDbEntity
  8
爆区方格网
 62
4
100
AcDbPolyline
 90
6
 70
1
 10
470097.30357
 20
4349761.253450612
 10
470096.30357
 20
4349761.253450612
 10
470096.30357
 20
4349762.253450612
 10
470097.2729753116
 20
4349762.253450612
 10
470097.30357
 20
4349762.122157774
 10
470097.30357
 20
4349761.253450612
  0
TEXT
  5
286
330
17
100
AcDbEntity
  8
0
 62
4
100
AcDbText
 10
470096.64357
 20
4349761.617804192
 30
0.0
 40
0.1333
  1
0.67
  7
CN_TTF
 11
470096.64357
 21
4349761.617804192
 31
0.0
100
AcDbText
  0
LWPOLYLINE
  5
287
330
17
100
AcDbEntity
  8
爆区方格网
 62
4
100
AcDbPolyline
 90
6
 70
1
 10
470096.30357
 20
4349762.253450612
 10
470096.30357
 20
4349763.253450612
 10
470097.0399495568
 20
4349763.253450612
 10
470097.1625
 20
4349762.72754
 10
470097.2729753116
 20
4349762.253450612
 10
470096.30357
 20
4349762.253450612
  0
TEXT
  5
288
330
17
100
AcDbEntity
  8
0
 62
4
100
AcDbText
 10
470096.54239738925
 20
4349762.920495305
 30
0.0
 40
0.1333
  1
0.67
  7
CN_TTF
 11
470096.54239738925
 21
4349762.920495305
 31
0.0
100
AcDbText
  0
LWPOLYLINE
  5
289
330
17
100
AcDbEntity
  8
爆区方格网
 62
4
100
AcDbPolyline
 90
5
 70
1
 10
470096.30357
 20
4349764.253450612
 10
470096.8069241797
 20
4349764.253450612
 10
470096.8244188388
 20
4349764.178374983
 10
470096.30357
 20
4349764.060866404
 10
470096.30357
 20
4349764.253450612
  0
TEXT
  5
28A
330
17
100
AcDbEntity
  8
0
 62
4
100
AcDbText
 10
470096.2737822097
 20
4349764.049620694
 30
0.0
 40
0.1333
  1
0.69
  7
CN_TTF
 11
470096.2737822097
 21
4349764.049620694
 31
0.0
100
AcDbText
  0
LWPOLYLINE
  5
28B
330
17
100
AcDbEntity
  8
爆区方格网
 62
4
100
AcDbPolyline
 90
5
 70
1
 10
470096.30357
 20
4349763.253450612
 10
470096.30357
 20
4349764.06086173
 10
470096.82442
 20
4349764.17837
 10
470097.0399495568
 20
4349763.253450612
 10
470096.30357
 20
4349763.253450612
  0
TEXT
  5
28C
330
17
100
AcDbEntity
  8
0
 62
4
100
AcDbText
 10
470096.4647229872
 20
4349763.587156171
 30
0.0
 40
0.1333
  1
0.67
  7
CN_TTF
 11
470096.4647229872
 21
4349763.587156171
 31
0.0
100
AcDbText
  0
LWPOLYLINE
  5
28D
330
17
100
AcDbEntity
  8
爆区方格网
 62
4
100
AcDbPolyline
 90
5
 70
1
 10
470096.30357
 20
4349764.253450612
 10
470096.30357
 20
4349765.253450612
 10
470096.5738970383
 20
4349765.253450612
 10
470096.8069241797
 20
4349764.253450612
 10
470096.30357
 20
4349764.253450612
  0
TEXT
  5
28E
330
17
100
AcDbEntity
  8
0
 62
4
100
AcDbText
 10
470096.3369903045
 20
4349764.683450611
 30
0.0
 40
0.1333
  1
0.69
  7
CN_TTF
 11
470096.3369903045
 21
4349764.683450611
 31
0.0
100
AcDbText
  0
LWPOLYLINE
  5
28F
330
17
100
AcDbEntity
  8
爆区方格网
 62
4
100
AcDbPolyline
 90
6
 70
1
 10
470096.30357
 20
4349765.253450612
 10
470096.30357
 20
4349766.253450612
 10
470096.33857779275
 20
4349766.253450612
 10
470096.365
 20
4349766.1499
 10
470096.5738970383
 20
4349765.253450612
 10
470096.30357
 20
4349765.253450612
  0
TEXT
  5
290
330
17
100
AcDbEntity
  8
0
 62
4
100
AcDbText
 10
470096.2265092596
 20
4349765.631675305
 30
0.0
 40
0.1333
  1
0.69
  7
CN_TTF
 11
470096.2265092596
 21
4349765.631675305
 31
0.0
100
AcDbText
  0
LWPOLYLINE
  5
291
330
17
100
AcDbEntity
  8
爆区方格网
 62
4
100
AcDbPolyline
 90
4
 70
1
 10
470096.30357
 20
4349766.253450612
 10
470096.30357
 20
4349766.390648777
 10
470096.33857779275
 20
4349766.253450612
 10
470096.30357
 20
4349766.253450612
  0
TEXT
  5
292
330
17
100
AcDbEntity
  8
0
 62
4
100
AcDbText
 10
470096.1523219482
 20
4349766.252049694
 30
0.0
 40
0.1333
  1
0.69
  7
CN_TTF
 11
470096.1523219482
 21
4349766.252049694
 31
0.0
100
AcDbText
  0
LWPOLYLINE
  5
293
330
17
100
AcDbEntity
  8
爆区方格网
 62
4
100
AcDbPolyline
 90
5
 70
1
 10
470097.30357
 20
4349756.253450612
 10
470098.30357
 20
4349756.253450612
 10
470098.30357
 20
4349756.014462599
 10
470097.30357
 20
4349756.101928331
 10
470097.30357
 20
4349756.253450612
  0
TEXT
  5
294
330
17
100
AcDbEntity
  8
0
 62
4
100
AcDbText
 10
470097.64357
 20
4349756.107689471
 30
0.0
 40
0.1333
  1
0.67
  7
CN_TTF
 11
470097.64357
 21
4349756.107689471
 31
0.0
100
AcDbText
  0
LWPOLYLINE
  5
295
330
17
100
AcDbEntity
  8
爆区方格网
 62
4
100
AcDbPolyline
 90
5
 70
1
 10
470097.30357
 20
4349756.253450612
 10
470097.30357
 20
4349757.253450612
 10
470098.30357
 20
4349757.253450612
 10
470098.30357
 20
4349756.253450612
 10
470097.30357
 20
4349756.253450612
  0
TEXT
  5
296
330
17
100
AcDbEntity
  8
0
 62
4
100
AcDbText
 10
470097.64357
 20
4349756.683450611
 30
0.0
 40
0.1333
  1
0.67
  7
CN_TTF
 11
470097.64357
 21
4349756.683450611
 31
0.0
100
AcDbText
  0
LWPOLYLINE
  5
297
330
17
100
AcDbEntity
  8
爆区方格网
 62
4
100
AcDbPolyline
 90
6
 70
1
 10
470098.30357
 20
4349757.253450612
 10
470097.30357
 20
4349757.253450612
 10
470097.30357
 20
4349758.253450612
 10
470098.22959739383
 20
4349758.253450612
 10
470098.30357
 20
4349757.964875256
 10
470098.30357
 20
4349757.253450612
  0
TEXT
  5
298
330
17
100
AcDbEntity
  8
0
 62
4
100
AcDbText
 10
470097.64357
 20
4349757.539162934
 30
0.0
 40
0.1333
  1
0.67
  7
CN_TTF
 11
470097.64357
 21
4349757.539162934
 31
0.0
100
AcDbText
  0
LWPOLYLINE
  5
299
330
17
100
AcDbEntity
  8
爆区方格网
 62
4
100
AcDbPolyline
 90
5
 70
1
 10
470097.30357
 20
4349758.253450612
 10
470097.30357
 20
4349759.253450612
 10
470097.973260168
 20
4349759.253450612
 10
470098.22959739383
 20
4349758.253450612
 10
470097.30357
 20
4349758.253450612
  0
TEXT
  5
29A
330
17
100
AcDbEntity
  8
0
 62
4
100
AcDbText
 10
470097.5424993905
 20
4349758.683450611
 30
0.0
 40
0.1333
  1
0.67
  7
CN_TTF
 11
470097.5424993905
 21
4349758.683450611
 31
0.0
100
AcDbText
  0
LWPOLYLINE
  5
29B
330
17
100
AcDbEntity
  8
爆区方格网
 62
4
100
AcDbPolyline
 90
6
 70
1
 10
470097.30357
 20
4349759.253450612
 10
470097.30357
 20
4349760.253450612
 10
470097.73902797705
 20
4349760.253450612
 10
470097.96
 20
4349759.30518
 10
470097.973260168
 20
4349759.253450612
 10
470097.30357
 20
4349759.253450612
  0
TEXT
  5
29C
330
17
100
AcDbEntity
  8
0
 62
4
100
AcDbText
 10
470097.41654199426
 20
4349759.709315306
 30
0.0
 40
0.1333
  1
0.67
  7
CN_TTF
 11
470097.41654199426
 21
4349759.709315306
 31
0.0
100
AcDbText
  0
LWPOLYLINE
  5
29D
330
17
100
AcDbEntity
  8
爆区方格网
 62
4
100
AcDbPolyline
 90
5
 70
1
 10
470097.30357
 20
4349760.253450612
 10
470097.30357
 20
4349761.253450612
 10
470097.5060016443
 20
4349761.253450612
 10
470097.73902797705
 20
4349760.253450612
 10
470097.30357
 20
4349760.253450612
  0
TEXT
  5
29E
330
17
100
AcDbEntity
  8
0
 62
4
100
AcDbText
 10
470097.30304240534
 20
4349760.683450611
 30
0.0
 40
0.1333
  1
0.67
  7
CN_TTF
 11
470097.30304240534
 21
4349760.683450611
 31
0.0
100
AcDbText
  0
LWPOLYLINE
  5
29F
330
17
100
AcDbEntity
  8
爆区方格网
 62
4
100
AcDbPolyline
 90
4
 70
1
 10
470097.30357
 20
4349761.253450612
 10
470097.30357
 20
4349762.122157774
 10
470097.5060016443
 20
4349761.253450612
 10
470097.30357
 20
4349761.253450612
  0
TEXT
  5
2A0
330
17
100
AcDbEntity
  8
0
 62
4
100
AcDbText
 10
470097.19417791115
 20
4349761.617804192
 30
0.0
 40
0.1333
  1
0.67
  7
CN_TTF
 11
470097.19417791115
 21
4349761.617804192
 31
0.0
100
AcDbText
  0
LWPOLYLINE
  5
2A1
330
17
100
AcDbEntity
  8
爆区方格网
 62
4
100
AcDbPolyline
 90
5
 70
1
 10
470098.30357
 20
4349756.253450612
 10
470098.7422718455
 20
4349756.253450612
 10
470098.815
 20
4349755.96973
 10
470098.30357
 20
4349756.014462599
 10
470098.30357
 20
4349756.253450612
  0
TEXT
  5
2A2
330
17
100
AcDbEntity
  8
0
 62
4
100
AcDbText
 10
470098.37823630375
 20
4349756.063956605
 30
0.0
 40
0.1333
  1
0.67
  7
CN_TTF
 11
470098.37823630375
 21
4349756.063956605
 31
0.0
100
AcDbText
  0
LWPOLYLINE
  5
2A3
330
17
100
AcDbEntity
  8
爆区方格网
 62
4
100
AcDbPolyline
 90
5
 70
1
 10
470098.30357
 20
4349756.253450612
 10
470098.30357
 20
4349757.253450612
 10
470098.4859346197
 20
4349757.253450612
 10
470098.7422718455
 20
4349756.253450612
 10
470098.30357
 20
4349756.253450612
  0
TEXT
  5
2A4
330
17
100
AcDbEntity
  8
0
 62
4
100
AcDbText
 10
470098.29883661633
 20
4349756.683450611
 30
0.0
 40
0.1333
  1
0.67
  7
CN_TTF
 11
470098.29883661633
 21
4349756.683450611
 31
0.0
100
AcDbText
  0
LWPOLYLINE
  5
2A5
330
17
100
AcDbEntity
  8
爆区方格网
 62
4
100
AcDbPolyline
 90
4
 70
1
 10
470098.30357
 20
4349757.253450612
 10
470098.30357
 20
4349757.964875256
 10
470098.4859346197
 20
4349757.253450612
 10
470098.30357
 20
4349757.253450612
  0
TEXT
  5
2A6
330
17
100
AcDbEntity
  8
0
 62
4
100
AcDbText
 10
470098.18916115485
 20
4349757.539162934
 30
0.0
 40
0.1333
  1
0.67
  7
CN_TTF
 11
470098.18916115485
 21
4349757.539162934
 31
0.0
100
AcDbText
  0
LWPOLYLINE
  5
2A7
330
17
100
AcDbEntity
  8
爆区方格网
 62
4
100
AcDbPolyline
 90
4
 70
1
 10
470099.30357
 20
4349754.253450612
 10
470099.30357
 20
4349753.957777803
 10
470099.2317703235
 20
4349754.253450612
 10
470099.30357
 20
4349754.253450612
  0
TEXT
  5
2A8
330
17
100
AcDbEntity
  8
0
 62
4
100
AcDbText
 10
470099.1256200808
 20
4349754.035614207
 30
0.0
 40
0.1333
  1
0.51
  7
CN_TTF
 11
470099.1256200808
 21
4349754.035614207
 31
0.0
100
AcDbText
  0
LWPOLYLINE
  5
2A9
330
17
100
AcDbEntity
  8
爆区方格网
 62
4
100
AcDbPolyline
 90
5
 70
1
 10
470099.30357
 20
4349755.253450612
 10
470099.30357
 20
4349754.253450612
 10
470099.2317703235
 20
4349754.253450612
 10
470098.9889354247
 20
4349755.253450612
 10
470099.30357
 20
4349755.253450612
  0
TEXT
  5
2AA
330
17
100
AcDbEntity
  8
0
 62
4
100
AcDbText
 10
470099.04696143704
 20
4349754.683450611
 30
0.0
 40
0.1333
  1
0.51
  7
CN_TTF
 11
470099.04696143704
 21
4349754.683450611
 31
0.0
100
AcDbText
  0
LWPOLYLINE
  5
2AB
330
17
100
AcDbEntity
  8
爆区方格网
 62
4
100
AcDbPolyline
 90
5
 70
1
 10
470099.30357
 20
4349755.253450612
 10
470098.9889354247
 20
4349755.253450612
 10
470098.8149986267
 20
4349755.9697265625
 10
470099.30357
 20
4349755.694816617
 10
470099.30357
 20
4349755.253450612
  0
TEXT
  5
2AC
330
17
100
AcDbEntity
  8
0
 62
4
100
AcDbText
 10
470098.959457945
 20
4349755.404133614
 30
0.0
 40
0.1333
  1
0.51
  7
CN_TTF
 11
470098.959457945
 21
4349755.404133614
 31
0.0
100
AcDbText
  0
LWPOLYLINE
  5
2AD
330
17
100
AcDbEntity
  8
爆区方格网
 62
4
100
AcDbPolyline
 90
4
 70
1
 10
470100.30357
 20
4349750.253450612
 10
470100.30357
 20
4349750.106505823
 10
470100.26355645875
 20
4349750.253450612
 10
470100.30357
 20
4349750.253450612
  0
TEXT
  5
2AE
330
17
100
AcDbEntity
  8
0
 62
4
100
AcDbText
 10
470100.13356661465
 20
4349750.109978218
 30
0.0
 40
0.1333
  1
0.51
  7
CN_TTF
 11
470100.13356661465
 21
4349750.109978218
 31
0.0
100
AcDbText
  0
LWPOLYLINE
  5
2AF
330
17
100
AcDbEntity
  8
爆区方格网
 62
4
100
AcDbPolyline
 90
5
 70
1
 10
470100.30357
 20
4349751.253450612
 10
470100.30357
 20
4349750.253450612
 10
470100.26355645875
 20
4349750.253450612
 10
470099.9912532228
 20
4349751.253450612
 10
470100.30357
 20
4349751.253450612
  0
TEXT
  5
2B0
330
17
100
AcDbEntity
  8
0
 62
4
100
AcDbText
 10
470100.0554874204
 20
4349750.683450611
 30
0.0
 40
0.1333
  1
0.51
  7
CN_TTF
 11
470100.0554874204
 21
4349750.683450611
 31
0.0
100
AcDbText
  0
LWPOLYLINE
  5
2B1
330
17
100
AcDbEntity
  8
爆区方格网
 62
4
100
AcDbPolyline
 90
5
 70
1
 10
470100.30357
 20
4349752.253450612
 10
470100.30357
 20
4349751.253450612
 10
470099.9912532228
 20
4349751.253450612
 10
470099.71894998685
 20
4349752.253450612
 10
470100.30357
 20
4349752.253450612
  0
TEXT
  5
2B2
330
17
100
AcDbEntity
  8
0
 62
4
100
AcDbText
 10
470099.91933580243
 20
4349751.683450611
 30
0.0
 40
0.1333
  1
0.51
  7
CN_TTF
 11
470099.91933580243
 21
4349751.683450611
 31
0.0
100
AcDbText
  0
LWPOLYLINE
  5
2B3
330
17
100
AcDbEntity
  8
爆区方格网
 62
4
100
AcDbPolyline
 90
6
 70
1
 10
470100.30357
 20
4349753.253450612
 10
470100.30357
 20
4349752.253450612
 10
470099.71894998685
 20
4349752.253450612
 10
470099.70499801636
 20
4349752.3046875
 10
470099.47460522223
 20
4349753.253450612
 10
470100.30357
 20
4349753.253450612
  0
TEXT
  5
2B4
330
17
100
AcDbEntity
  8
0
 62
4
100
AcDbText
 10
470099.78668580967
 20
4349752.7090690555
 30
0.0
 40
0.1333
  1
0.51
  7
CN_TTF
 11
470099.78668580967
 21
4349752.7090690555
 31
0.0
100
AcDbText
  0
LWPOLYLINE
  5
2B5
330
17
100
AcDbEntity
  8
爆区方格网
 62
4
100
AcDbPolyline
 90
6
 70
1
 10
470099.30357
 20
4349754.253450612
 10
470100.30357
 20
4349754.253450612
 10
470100.30357
 20
4349753.253450612
 10
470099.47460522223
 20
4349753.253450612
 10
470099.30357
 20
4349753.957777803
 10
470099.30357
 20
4349754.253450612
  0
TEXT
  5
2B6
330
17
100
AcDbEntity
  8
0
 62
4
100
AcDbText
 10
470099.6863288055
 20
4349753.535614207
 30
0.0
 40
0.1333
  1
0.51
  7
CN_TTF
 11
470099.6863288055
 21
4349753.535614207
 31
0.0
100
AcDbText
  0
LWPOLYLINE
  5
2B7
330
17
100
AcDbEntity
  8
爆区方格网
 62
4
100
AcDbPolyline
 90
6
 70
1
 10
470100.30357
 20
4349754.253450612
 10
470099.30357
 20
4349754.253450612
 10
470099.30357
 20
4349755.253450612
 10
470100.0879679423
 20
4349755.253450612
 10
470100.30357
 20
4349755.132135379
 10
470100.30357
 20
4349754.253450612
  0
TEXT
  5
2B8
330
17
100
AcDbEntity
  8
0
 62
4
100
AcDbText
 10
470099.64357
 20
4349754.622792995
 30
0.0
 40
0.1333
  1
0.51
  7
CN_TTF
 11
470099.64357
 21
4349754.622792995
 31
0.0
100
AcDbText
  0
LWPOLYLINE
  5
2B9
330
17
100
AcDbEntity
  8
爆区方格网
 62
4
100
AcDbPolyline
 90
4
 70
1
 10
470099.30357
 20
4349755.253450612
 10
470099.30357
 20
4349755.694816617
 10
470100.0879679423
 20
4349755.253450612
 10
470099.30357
 20
4349755.253450612
  0
TEXT
  5
2BA
330
17
100
AcDbEntity
  8
0
 62
4
100
AcDbText
 10
470099.3396694856
 20
4349755.404133614
 30
0.0
 40
0.1333
  1
0.51
  7
CN_TTF
 11
470099.3396694856
 21
4349755.404133614
 31
0.0
100
AcDbText
  0
LWPOLYLINE
  5
2BB
330
17
100
AcDbEntity
  8
爆区方格网
 62
4
100
AcDbPolyline
 90
5
 70
1
 10
470101.30357
 20
4349747.253450612
 10
470101.30357
 20
4349746.420360595
 10
470101.14030533226
 20
4349747.023464042
 10
470101.0780462271
 20
4349747.253450612
 10
470101.30357
 20
4349747.253450612
  0
TEXT
  5
2BC
330
17
100
AcDbEntity
  8
0
 62
4
100
AcDbText
 10
470101.102753833
 20
4349746.651912319
 30
0.0
 40
0.1333
  1
0.71
  7
CN_TTF
 11
470101.102753833
 21
4349746.651912319
 31
0.0
100
AcDbText
  0
LWPOLYLINE
  5
2BD
330
17
100
AcDbEntity
  8
爆区方格网
 62
4
100
AcDbPolyline
 90
5
 70
1
 10
470101.30357
 20
4349748.253450612
 10
470101.30357
 20
4349747.253450612
 10
470101.0780462271
 20
4349747.253450612
 10
470100.8073386585
 20
4349748.253450612
 10
470101.30357
 20
4349748.253450612
  0
TEXT
  5
2BE
330
17
100
AcDbEntity
  8
0
 62
4
100
AcDbText
 10
470100.9631312214
 20
4349747.683450611
 30
0.0
 40
0.1333
  1
0.51
  7
CN_TTF
 11
470100.9631312214
 21
4349747.683450611
 31
0.0
100
AcDbText
  0
LWPOLYLINE
  5
2BF
330
17
100
AcDbEntity
  8
爆区方格网
 62
4
100
AcDbPolyline
 90
6
 70
1
 10
470101.30357
 20
4349749.253450612
 10
470101.30357
 20
4349748.253450612
 10
470100.8073386585
 20
4349748.253450612
 10
470100.66749954224
 20
4349748.770019531
 10
470100.5358596947
 20
4349749.253450612
 10
470101.30357
 20
4349749.253450612
  0
TEXT
  5
2C0
330
17
100
AcDbEntity
  8
0
 62
4
100
AcDbText
 10
470100.8604945502
 20
4349748.441735071
 30
0.0
 40
0.1333
  1
0.51
  7
CN_TTF
 11
470100.8604945502
 21
4349748.441735071
 31
0.0
100
AcDbText
  0
LWPOLYLINE
  5
2C1
330
17
100
AcDbEntity
  8
爆区方格网
 62
4
100
AcDbPolyline
 90
6
 70
1
 10
470100.30357
 20
4349750.253450612
 10
470101.30357
 20
4349750.253450612
 10
470101.30357
 20
4349749.253450612
 10
470100.5358596947
 20
4349749.253450612
 10
470100.30357
 20
4349750.106505823
 10
470100.30357
 20
4349750.253450612
  0
TEXT
  5
2C2
330
17
100
AcDbEntity
  8
0
 62
4
100
AcDbText
 10
470100.70164242364
 20
4349749.609978218
 30
0.0
 40
0.1333
  1
0.51
  7
CN_TTF
 11
470100.70164242364
 21
4349749.609978218
 31
0.0
100
AcDbText
  0
LWPOLYLINE
  5
2C3
330
17
100
AcDbEntity
  8
爆区方格网
 62
4
100
AcDbPolyline
 90
5
 70
1
 10
470100.30357
 20
4349750.253450612
 10
470100.30357
 20
4349751.253450612
 10
470101.30357
 20
4349751.253450612
 10
470101.30357
 20
4349750.253450612
 10
470100.30357
 20
4349750.253450612
  0
TEXT
  5
2C4
330
17
100
AcDbEntity
  8
0
 62
4
100
AcDbText
 10
470100.64357
 20
4349750.683450611
 30
0.0
 40
0.1333
  1
0.51
  7
CN_TTF
 11
470100.64357
 21
4349750.683450611
 31
0.0
100
AcDbText
  0
LWPOLYLINE
  5
2C5
330
17
100
AcDbEntity
  8
爆区方格网
 62
4
100
AcDbPolyline
 90
5
 70
1
 10
470100.30357
 20
4349751.253450612
 10
470100.30357
 20
4349752.253450612
 10
470101.30357
 20
4349752.253450612
 10
470101.30357
 20
4349751.253450612
 10
470100.30357
 20
4349751.253450612
  0
TEXT
  5
2C6
330
17
100
AcDbEntity
  8
0
 62
4
100
AcDbText
 10
470100.64357
 20
4349751.683450611
 30
0.0
 40
0.1333
  1
0.51
  7
CN_TTF
 11
470100.64357
 21
4349751.683450611
 31
0.0
100
AcDbText
  0
LWPOLYLINE
  5
2C7
330
17
100
AcDbEntity
  8
爆区方格网
 62
4
100
AcDbPolyline
 90
5
 70
1
 10
470100.30357
 20
4349752.253450612
 10
470100.30357
 20
4349753.253450612
 10
470101.30357
 20
4349753.253450612
 10
470101.30357
 20
4349752.253450612
 10
470100.30357
 20
4349752.253450612
  0
TEXT
  5
2C8
330
17
100
AcDbEntity
  8
0
 62
4
100
AcDbText
 10
470100.64357
 20
4349752.683450611
 30
0.0
 40
0.1333
  1
0.51
  7
CN_TTF
 11
470100.64357
 21
4349752.683450611
 31
0.0
100
AcDbText
  0
LWPOLYLINE
  5
2C9
330
17
100
AcDbEntity
  8
爆区方格网
 62
4
100
AcDbPolyline
 90
5
 70
1
 10
470100.30357
 20
4349753.253450612
 10
470100.30357
 20
4349754.253450612
 10
470101.30357
 20
4349754.253450612
 10
470101.30357
 20
4349753.253450612
 10
470100.30357
 20
4349753.253450612
  0
TEXT
  5
2CA
330
17
100
AcDbEntity
  8
0
 62
4
100
AcDbText
 10
470100.64357
 20
4349753.683450611
 30
0.0
 40
0.1333
  1
0.51
  7
CN_TTF
 11
470100.64357
 21
4349753.683450611
 31
0.0
100
AcDbText
  0
LWPOLYLINE
  5
2CB
330
17
100
AcDbEntity
  8
爆区方格网
 62
4
100
AcDbPolyline
 90
5
 70
1
 10
470101.30357
 20
4349754.253450612
 10
470100.30357
 20
4349754.253450612
 10
470100.30357
 20
4349755.132135379
 10
470101.30357
 20
4349754.56945414
 10
470101.30357
 20
4349754.253450612
  0
TEXT
  5
2CC
330
17
100
AcDbEntity
  8
0
 62
4
100
AcDbText
 10
470100.39357
 20
4349754.780794759
 30
0.0
 40
0.1333
  1
0.51
  7
CN_TTF
 11
470100.39357
 21
4349754.780794759
 31
0.0
100
AcDbText
  0
LWPOLYLINE
  5
2CD
330
17
100
AcDbEntity
  8
爆区方格网
 62
4
100
AcDbPolyline
 90
4
 70
1
 10
470102.30357
 20
4349743.253450612
 10
470102.30357
 20
4349742.72633754
 10
470102.16087650193
 20
4349743.253450612
 10
470102.30357
 20
4349743.253450612
  0
TEXT
  5
2CE
330
17
100
AcDbEntity
  8
0
 62
4
100
AcDbText
 10
470102.1078966256
 20
4349742.919894075
 30
0.0
 40
0.1333
  1
0.71
  7
CN_TTF
 11
470102.1078966256
 21
4349742.919894075
 31
0.0
100
AcDbText
  0
LWPOLYLINE
  5
2CF
330
17
100
AcDbEntity
  8
爆区方格网
 62
4
100
AcDbPolyline
 90
5
 70
1
 10
470102.30357
 20
4349744.253450612
 10
470102.30357
 20
4349743.253450612
 10
470102.16087650193
 20
4349743.253450612
 10
470101.8901689332
 20
4349744.253450612
 10
470102.30357
 20
4349744.253450612
  0
TEXT
  5
2D0
330
17
100
AcDbEntity
  8
0
 62
4
100
AcDbText
 10
470102.0045463588
 20
4349743.683450611
 30
0.0
 40
0.1333
  1
0.71
  7
CN_TTF
 11
470102.0045463588
 21
4349743.683450611
 31
0.0
100
AcDbText
  0
LWPOLYLINE
  5
2D1
330
17
100
AcDbEntity
  8
爆区方格网
 62
4
100
AcDbPolyline
 90
5
 70
1
 10
470102.30357
 20
4349745.253450612
 10
470102.30357
 20
4349744.253450612
 10
470101.8901689332
 20
4349744.253450612
 10
470101.6194613645
 20
4349745.253450612
 10
470102.30357
 20
4349745.253450612
  0
TEXT
  5
2D2
330
17
100
AcDbEntity
  8
0
 62
4
100
AcDbText
 10
470101.86919257446
 20
4349744.683450611
 30
0.0
 40
0.1333
  1
0.71
  7
CN_TTF
 11
470101.86919257446
 21
4349744.683450611
 31
0.0
100
AcDbText
  0
LWPOLYLINE
  5
2D3
330
17
100
AcDbEntity
  8
爆区方格网
 62
4
100
AcDbPolyline
 90
5
 70
1
 10
470102.30357
 20
4349746.253450612
 10
470102.30357
 20
4349745.253450612
 10
470101.6194613645
 20
4349745.253450612
 10
470101.3487537958
 20
4349746.253450612
 10
470102.30357
 20
4349746.253450612
  0
TEXT
  5
2D4
330
17
100
AcDbEntity
  8
0
 62
4
100
AcDbText
 10
470101.7338387901
 20
4349745.683450611
 30
0.0
 40
0.1333
  1
0.71
  7
CN_TTF
 11
470101.7338387901
 21
4349745.683450611
 31
0.0
100
AcDbText
  0
LWPOLYLINE
  5
2D5
330
17
100
AcDbEntity
  8
爆区方格网
 62
4
100
AcDbPolyline
 90
6
 70
1
 10
470101.30357
 20
4349747.253450612
 10
470102.30357
 20
4349747.253450612
 10
470102.30357
 20
4349746.253450612
 10
470101.3487537958
 20
4349746.253450612
 10
470101.30357
 20
4349746.420360595
 10
470101.30357
 20
4349747.253450612
  0
TEXT
  5
2D6
330
17
100
AcDbEntity
  8
0
 62
4
100
AcDbText
 10
470101.64357
 20
4349746.766905603
 30
0.0
 40
0.1333
  1
0.71
  7
CN_TTF
 11
470101.64357
 21
4349746.766905603
 31
0.0
100
AcDbText
  0
LWPOLYLINE
  5
2D7
330
17
100
AcDbEntity
  8
爆区方格网
 62
4
100
AcDbPolyline
 90
5
 70
1
 10
470101.30357
 20
4349747.253450612
 10
470101.30357
 20
4349748.253450612
 10
470102.30357
 20
4349748.253450612
 10
470102.30357
 20
4349747.253450612
 10
470101.30357
 20
4349747.253450612
  0
TEXT
  5
2D8
330
17
100
AcDbEntity
  8
0
 62
4
100
AcDbText
 10
470101.64357
 20
4349747.683450611
 30
0.0
 40
0.1333
  1
0.51
  7
CN_TTF
 11
470101.64357
 21
4349747.683450611
 31
0.0
100
AcDbText
  0
LWPOLYLINE
  5
2D9
330
17
100
AcDbEntity
  8
爆区方格网
 62
4
100
AcDbPolyline
 90
5
 70
1
 10
470101.30357
 20
4349748.253450612
 10
470101.30357
 20
4349749.253450612
 10
470102.30357
 20
4349749.253450612
 10
470102.30357
 20
4349748.253450612
 10
470101.30357
 20
4349748.253450612
  0
TEXT
  5
2DA
330
17
100
AcDbEntity
  8
0
 62
4
100
AcDbText
 10
470101.64357
 20
4349748.683450611
 30
0.0
 40
0.1333
  1
0.51
  7
CN_TTF
 11
470101.64357
 21
4349748.683450611
 31
0.0
100
AcDbText
  0
LWPOLYLINE
  5
2DB
330
17
100
AcDbEntity
  8
爆区方格网
 62
4
100
AcDbPolyline
 90
5
 70
1
 10
470101.30357
 20
4349749.253450612
 10
470101.30357
 20
4349750.253450612
 10
470102.30357
 20
4349750.253450612
 10
470102.30357
 20
4349749.253450612
 10
470101.30357
 20
4349749.253450612
  0
TEXT
  5
2DC
330
17
100
AcDbEntity
  8
0
 62
4
100
AcDbText
 10
470101.64357
 20
4349749.683450611
 30
0.0
 40
0.1333
  1
0.51
  7
CN_TTF
 11
470101.64357
 21
4349749.683450611
 31
0.0
100
AcDbText
  0
LWPOLYLINE
  5
2DD
330
17
100
AcDbEntity
  8
爆区方格网
 62
4
100
AcDbPolyline
 90
5
 70
1
 10
470101.30357
 20
4349750.253450612
 10
470101.30357
 20
4349751.253450612
 10
470102.30357
 20
4349751.253450612
 10
470102.30357
 20
4349750.253450612
 10
470101.30357
 20
4349750.253450612
  0
TEXT
  5
2DE
330
17
100
AcDbEntity
  8
0
 62
4
100
AcDbText
 10
470101.64357
 20
4349750.683450611
 30
0.0
 40
0.1333
  1
0.51
  7
CN_TTF
 11
470101.64357
 21
4349750.683450611
 31
0.0
100
AcDbText
  0
LWPOLYLINE
  5
2DF
330
17
100
AcDbEntity
  8
爆区方格网
 62
4
100
AcDbPolyline
 90
5
 70
1
 10
470101.30357
 20
4349751.253450612
 10
470101.30357
 20
4349752.253450612
 10
470102.30357
 20
4349752.253450612
 10
470102.30357
 20
4349751.253450612
 10
470101.30357
 20
4349751.253450612
  0
TEXT
  5
2E0
330
17
100
AcDbEntity
  8
0
 62
4
100
AcDbText
 10
470101.64357
 20
4349751.683450611
 30
0.0
 40
0.1333
  1
0.51
  7
CN_TTF
 11
470101.64357
 21
4349751.683450611
 31
0.0
100
AcDbText
  0
LWPOLYLINE
  5
2E1
330
17
100
AcDbEntity
  8
爆区方格网
 62
4
100
AcDbPolyline
 90
5
 70
1
 10
470101.30357
 20
4349752.253450612
 10
470101.30357
 20
4349753.253450612
 10
470102.30357
 20
4349753.253450612
 10
470102.30357
 20
4349752.253450612
 10
470101.30357
 20
4349752.253450612
  0
TEXT
  5
2E2
330
17
100
AcDbEntity
  8
0
 62
4
100
AcDbText
 10
470101.64357
 20
4349752.683450611
 30
0.0
 40
0.1333
  1
0.51
  7
CN_TTF
 11
470101.64357
 21
4349752.683450611
 31
0.0
100
AcDbText
  0
LWPOLYLINE
  5
2E3
330
17
100
AcDbEntity
  8
爆区方格网
 62
4
100
AcDbPolyline
 90
6
 70
1
 10
470102.30357
 20
4349753.253450612
 10
470101.30357
 20
4349753.253450612
 10
470101.30357
 20
4349754.253450612
 10
470101.8651731019
 20
4349754.253450612
 10
470102.30357
 20
4349754.006772902
 10
470102.30357
 20
4349753.253450612
  0
TEXT
  5
2E4
330
17
100
AcDbEntity
  8
0
 62
4
100
AcDbText
 10
470101.64357
 20
4349753.560111756
 30
0.0
 40
0.1333
  1
0.51
  7
CN_TTF
 11
470101.64357
 21
4349753.560111756
 31
0.0
100
AcDbText
  0
LWPOLYLINE
  5
2E5
330
17
100
AcDbEntity
  8
爆区方格网
 62
4
100
AcDbPolyline
 90
4
 70
1
 10
470101.30357
 20
4349754.253450612
 10
470101.30357
 20
4349754.56945414
 10
470101.8651731019
 20
4349754.253450612
 10
470101.30357
 20
4349754.253450612
  0
TEXT
  5
2E6
330
17
100
AcDbEntity
  8
0
 62
4
100
AcDbText
 10
470101.2839707759
 20
4349754.341452375
 30
0.0
 40
0.1333
  1
0.51
  7
CN_TTF
 11
470101.2839707759
 21
4349754.341452375
 31
0.0
100
AcDbText
  0
LWPOLYLINE
  5
2E7
330
17
100
AcDbEntity
  8
爆区方格网
 62
4
100
AcDbPolyline
 90
4
 70
1
 10
470103.30357
 20
4349737.253450612
 10
470103.30357
 20
4349736.536418648
 10
470103.0403014871
 20
4349737.253450612
 10
470103.30357
 20
4349737.253450612
  0
TEXT
  5
2E8
330
17
100
AcDbEntity
  8
0
 62
4
100
AcDbText
 10
470103.0777528718
 20
4349736.82493463
 30
0.0
 40
0.1333
  1
0.87
  7
CN_TTF
 11
470103.0777528718
 21
4349736.82493463
 31
0.0
100
AcDbText
  0
LWPOLYLINE
  5
2E9
330
17
100
AcDbEntity
  8
爆区方格网
 62
4
100
AcDbPolyline
 90
6
 70
1
 10
470103.30357
 20
4349738.253450612
 10
470103.30357
 20
4349737.253450612
 10
470103.0403014871
 20
4349737.253450612
 10
470102.73500061035
 20
4349738.0849609375
 10
470102.7253983932
 20
4349738.253450612
 10
470103.30357
 20
4349738.253450612
  0
TEXT
  5
2EA
330
17
100
AcDbEntity
  8
0
 62
4
100
AcDbText
 10
470102.9356105244
 20
4349737.599205774
 30
0.0
 40
0.1333
  1
0.87
  7
CN_TTF
 11
470102.9356105244
 21
4349737.599205774
 31
0.0
100
AcDbText
  0
LWPOLYLINE
  5
2EB
330
17
100
AcDbEntity
  8
爆区方格网
 62
4
100
AcDbPolyline
 90
5
 70
1
 10
470103.30357
 20
4349739.253450612
 10
470103.30357
 20
4349738.253450612
 10
470102.7253983932
 20
4349738.253450612
 10
470102.66840844887
 20
4349739.253450612
 10
470103.30357
 20
4349739.253450612
  0
TEXT
  5
2EC
330
17
100
AcDbEntity
  8
0
 62
4
100
AcDbText
 10
470102.84023671056
 20
4349738.683450611
 30
0.0
 40
0.1333
  1
0.87
  7
CN_TTF
 11
470102.84023671056
 21
4349738.683450611
 31
0.0
100
AcDbText
  0
LWPOLYLINE
  5
2ED
330
17
100
AcDbEntity
  8
爆区方格网
 62
4
100
AcDbPolyline
 90
5
 70
1
 10
470103.30357
 20
4349740.253450612
 10
470103.30357
 20
4349739.253450612
 10
470102.66840844887
 20
4349739.253450612
 10
470102.6114185045
 20
4349740.253450612
 10
470103.30357
 20
4349740.253450612
  0
TEXT
  5
2EE
330
17
100
AcDbEntity
  8
0
 62
4
100
AcDbText
 10
470102.8117417384
 20
4349739.683450611
 30
0.0
 40
0.1333
  1
0.87
  7
CN_TTF
 11
470102.8117417384
 21
4349739.683450611
 31
0.0
100
AcDbText
  0
LWPOLYLINE
  5
2EF
330
17
100
AcDbEntity
  8
爆区方格网
 62
4
100
AcDbPolyline
 90
6
 70
1
 10
470103.30357
 20
4349741.253450612
 10
470103.30357
 20
4349740.253450612
 10
470102.6114185045
 20
4349740.253450612
 10
470102.60942306346
 20
4349740.288464526
 10
470102.55442856014
 20
4349741.253450612
 10
470103.30357
 20
4349741.253450612
  0
TEXT
  5
2F0
330
17
100
AcDbEntity
  8
0
 62
4
100
AcDbText
 10
470102.7827479059
 20
4349740.700957568
 30
0.0
 40
0.1333
  1
0.71
  7
CN_TTF
 11
470102.7827479059
 21
4349740.700957568
 31
0.0
100
AcDbText
  0
LWPOLYLINE
  5
2F1
330
17
100
AcDbEntity
  8
爆区方格网
 62
4
100
AcDbPolyline
 90
6
 70
1
 10
470103.30357
 20
4349742.253450612
 10
470103.30357
 20
4349741.253450612
 10
470102.55442856014
 20
4349741.253450612
 10
470102.51499938965
 20
4349741.9453125
 10
470102.4315840706
 20
4349742.253450612
 10
470103.30357
 20
4349742.253450612
  0
TEXT
  5
2F2
330
17
100
AcDbEntity
  8
0
 62
4
100
AcDbText
 10
470102.7591419875
 20
4349741.5293815555
 30
0.0
 40
0.1333
  1
0.71
  7
CN_TTF
 11
470102.7591419875
 21
4349741.5293815555
 31
0.0
100
AcDbText
  0
LWPOLYLINE
  5
2F3
330
17
100
AcDbEntity
  8
爆区方格网
 62
4
100
AcDbPolyline
 90
6
 70
1
 10
470102.30357
 20
4349743.253450612
 10
470103.30357
 20
4349743.253450612
 10
470103.30357
 20
4349742.253450612
 10
470102.4315840706
 20
4349742.253450612
 10
470102.30357
 20
4349742.72633754
 10
470102.30357
 20
4349743.253450612
  0
TEXT
  5
2F4
330
17
100
AcDbEntity
  8
0
 62
4
100
AcDbText
 10
470102.64357
 20
4349742.919894075
 30
0.0
 40
0.1333
  1
0.71
  7
CN_TTF
 11
470102.64357
 21
4349742.919894075
 31
0.0
100
AcDbText
  0
LWPOLYLINE
  5
2F5
330
17
100
AcDbEntity
  8
爆区方格网
 62
4
100
AcDbPolyline
 90
5
 70
1
 10
470102.30357
 20
4349743.253450612
 10
470102.30357
 20
4349744.253450612
 10
470103.30357
 20
4349744.253450612
 10
470103.30357
 20
4349743.253450612
 10
470102.30357
 20
4349743.253450612
  0
TEXT
  5
2F6
330
17
100
AcDbEntity
  8
0
 62
4
100
AcDbText
 10
470102.64357
 20
4349743.683450611
 30
0.0
 40
0.1333
  1
0.71
  7
CN_TTF
 11
470102.64357
 21
4349743.683450611
 31
0.0
100
AcDbText
  0
LWPOLYLINE
  5
2F7
330
17
100
AcDbEntity
  8
爆区方格网
 62
4
100
AcDbPolyline
 90
5
 70
1
 10
470102.30357
 20
4349744.253450612
 10
470102.30357
 20
4349745.253450612
 10
470103.30357
 20
4349745.253450612
 10
470103.30357
 20
4349744.253450612
 10
470102.30357
 20
4349744.253450612
  0
TEXT
  5
2F8
330
17
100
AcDbEntity
  8
0
 62
4
100
AcDbText
 10
470102.64357
 20
4349744.683450611
 30
0.0
 40
0.1333
  1
0.71
  7
CN_TTF
 11
470102.64357
 21
4349744.683450611
 31
0.0
100
AcDbText
  0
LWPOLYLINE
  5
2F9
330
17
100
AcDbEntity
  8
爆区方格网
 62
4
100
AcDbPolyline
 90
5
 70
1
 10
470102.30357
 20
4349745.253450612
 10
470102.30357
 20
4349746.253450612
 10
470103.30357
 20
4349746.253450612
 10
470103.30357
 20
4349745.253450612
 10
470102.30357
 20
4349745.253450612
  0
TEXT
  5
2FA
330
17
100
AcDbEntity
  8
0
 62
4
100
AcDbText
 10
470102.64357
 20
4349745.683450611
 30
0.0
 40
0.1333
  1
0.71
  7
CN_TTF
 11
470102.64357
 21
4349745.683450611
 31
0.0
100
AcDbText
  0
LWPOLYLINE
  5
2FB
330
17
100
AcDbEntity
  8
爆区方格网
 62
4
100
AcDbPolyline
 90
5
 70
1
 10
470102.30357
 20
4349746.253450612
 10
470102.30357
 20
4349747.253450612
 10
470103.30357
 20
4349747.253450612
 10
470103.30357
 20
4349746.253450612
 10
470102.30357
 20
4349746.253450612
  0
TEXT
  5
2FC
330
17
100
AcDbEntity
  8
0
 62
4
100
AcDbText
 10
470102.64357
 20
4349746.683450611
 30
0.0
 40
0.1333
  1
0.71
  7
CN_TTF
 11
470102.64357
 21
4349746.683450611
 31
0.0
100
AcDbText
  0
LWPOLYLINE
  5
2FD
330
17
100
AcDbEntity
  8
爆区方格网
 62
4
100
AcDbPolyline
 90
5
 70
1
 10
470102.30357
 20
4349747.253450612
 10
470102.30357
 20
4349748.253450612
 10
470103.30357
 20
4349748.253450612
 10
470103.30357
 20
4349747.253450612
 10
470102.30357
 20
4349747.253450612
  0
TEXT
  5
2FE
330
17
100
AcDbEntity
  8
0
 62
4
100
AcDbText
 10
470102.64357
 20
4349747.683450611
 30
0.0
 40
0.1333
  1
0.51
  7
CN_TTF
 11
470102.64357
 21
4349747.683450611
 31
0.0
100
AcDbText
  0
LWPOLYLINE
  5
2FF
330
17
100
AcDbEntity
  8
爆区方格网
 62
4
100
AcDbPolyline
 90
5
 70
1
 10
470102.30357
 20
4349748.253450612
 10
470102.30357
 20
4349749.253450612
 10
470103.30357
 20
4349749.253450612
 10
470103.30357
 20
4349748.253450612
 10
470102.30357
 20
4349748.253450612
  0
TEXT
  5
300
330
17
100
AcDbEntity
  8
0
 62
4
100
AcDbText
 10
470102.64357
 20
4349748.683450611
 30
0.0
 40
0.1333
  1
0.51
  7
CN_TTF
 11
470102.64357
 21
4349748.683450611
 31
0.0
100
AcDbText
  0
LWPOLYLINE
  5
301
330
17
100
AcDbEntity
  8
爆区方格网
 62
4
100
AcDbPolyline
 90
5
 70
1
 10
470102.30357
 20
4349749.253450612
 10
470102.30357
 20
4349750.253450612
 10
470103.30357
 20
4349750.253450612
 10
470103.30357
 20
4349749.253450612
 10
470102.30357
 20
4349749.253450612
  0
TEXT
  5
302
330
17
100
AcDbEntity
  8
0
 62
4
100
AcDbText
 10
470102.64357
 20
4349749.683450611
 30
0.0
 40
0.1333
  1
0.51
  7
CN_TTF
 11
470102.64357
 21
4349749.683450611
 31
0.0
100
AcDbText
  0
LWPOLYLINE
  5
303
330
17
100
AcDbEntity
  8
爆区方格网
 62
4
100
AcDbPolyline
 90
5
 70
1
 10
470102.30357
 20
4349750.253450612
 10
470102.30357
 20
4349751.253450612
 10
470103.30357
 20
4349751.253450612
 10
470103.30357
 20
4349750.253450612
 10
470102.30357
 20
4349750.253450612
  0
TEXT
  5
304
330
17
100
AcDbEntity
  8
0
 62
4
100
AcDbText
 10
470102.64357
 20
4349750.683450611
 30
0.0
 40
0.1333
  1
0.51
  7
CN_TTF
 11
470102.64357
 21
4349750.683450611
 31
0.0
100
AcDbText
  0
LWPOLYLINE
  5
305
330
17
100
AcDbEntity
  8
爆区方格网
 62
4
100
AcDbPolyline
 90
5
 70
1
 10
470102.30357
 20
4349751.253450612
 10
470102.30357
 20
4349752.253450612
 10
470103.30357
 20
4349752.253450612
 10
470103.30357
 20
4349751.253450612
 10
470102.30357
 20
4349751.253450612
  0
TEXT
  5
306
330
17
100
AcDbEntity
  8
0
 62
4
100
AcDbText
 10
470102.64357
 20
4349751.683450611
 30
0.0
 40
0.1333
  1
0.51
  7
CN_TTF
 11
470102.64357
 21
4349751.683450611
 31
0.0
100
AcDbText
  0
LWPOLYLINE
  5
307
330
17
100
AcDbEntity
  8
爆区方格网
 62
4
100
AcDbPolyline
 90
5
 70
1
 10
470102.30357
 20
4349752.253450612
 10
470102.30357
 20
4349753.253450612
 10
470103.30357
 20
4349753.253450612
 10
470103.30357
 20
4349752.253450612
 10
470102.30357
 20
4349752.253450612
  0
TEXT
  5
308
330
17
100
AcDbEntity
  8
0
 62
4
100
AcDbText
 10
470102.64357
 20
4349752.683450611
 30
0.0
 40
0.1333
  1
0.51
  7
CN_TTF
 11
470102.64357
 21
4349752.683450611
 31
0.0
100
AcDbText
  0
LWPOLYLINE
  5
309
330
17
100
AcDbEntity
  8
爆区方格网
 62
4
100
AcDbPolyline
 90
5
 70
1
 10
470103.30357
 20
4349753.253450612
 10
470102.30357
 20
4349753.253450612
 10
470102.30357
 20
4349754.006772902
 10
470103.30357
 20
4349753.444091664
 10
470103.30357
 20
4349753.253450612
  0
TEXT
  5
30A
330
17
100
AcDbEntity
  8
0
 62
4
100
AcDbText
 10
470102.3935700004
 20
4349753.655432282
 30
0.0
 40
0.1333
  1
0.51
  7
CN_TTF
 11
470102.3935700004
 21
4349753.655432282
 31
0.0
100
AcDbText
  0
LWPOLYLINE
  5
30B
330
17
100
AcDbEntity
  8
爆区方格网
 62
4
100
AcDbPolyline
 90
5
 70
1
 10
470104.30357
 20
4349735.253450612
 10
470104.30357
 20
4349734.718052693
 10
470103.8199996948
 20
4349735.1298828125
 10
470103.77463001484
 20
4349735.253450612
 10
470104.30357
 20
4349735.253450612
  0
TEXT
  5
30C
330
17
100
AcDbEntity
  8
0
 62
4
100
AcDbText
 10
470104.0226774237
 20
4349734.853967752
 30
0.0
 40
0.1333
  1
0.87
  7
CN_TTF
 11
470104.0226774237
 21
4349734.853967752
 31
0.0
100
AcDbText
  0
LWPOLYLINE
  5
30D
330
17
100
AcDbEntity
  8
爆区方格网
 62
4
100
AcDbPolyline
 90
5
 70
1
 10
470104.30357
 20
4349736.253450612
 10
470104.30357
 20
4349735.253450612
 10
470103.77463001484
 20
4349735.253450612
 10
470103.40746575093
 20
4349736.253450612
 10
470104.30357
 20
4349736.253450612
  0
TEXT
  5
30E
330
17
100
AcDbEntity
  8
0
 62
4
100
AcDbText
 10
470103.7873089415
 20
4349735.683450611
 30
0.0
 40
0.1333
  1
0.87
  7
CN_TTF
 11
470103.7873089415
 21
4349735.683450611
 31
0.0
100
AcDbText
  0
LWPOLYLINE
  5
30F
330
17
100
AcDbEntity
  8
爆区方格网
 62
4
100
AcDbPolyline
 90
6
 70
1
 10
470103.30357
 20
4349737.253450612
 10
470104.30357
 20
4349737.253450612
 10
470104.30357
 20
4349736.253450612
 10
470103.40746575093
 20
4349736.253450612
 10
470103.30357
 20
4349736.536418648
 10
470103.30357
 20
4349737.253450612
  0
TEXT
  5
310
330
17
100
AcDbEntity
  8
0
 62
4
100
AcDbText
 10
470103.64357
 20
4349736.82493463
 30
0.0
 40
0.1333
  1
0.87
  7
CN_TTF
 11
470103.64357
 21
4349736.82493463
 31
0.0
100
AcDbText
  0
LWPOLYLINE
  5
311
330
17
100
AcDbEntity
  8
爆区方格网
 62
4
100
AcDbPolyline
 90
5
 70
1
 10
470103.30357
 20
4349737.253450612
 10
470103.30357
 20
4349738.253450612
 10
470104.30357
 20
4349738.253450612
 10
470104.30357
 20
4349737.253450612
 10
470103.30357
 20
4349737.253450612
  0
TEXT
  5
312
330
17
100
AcDbEntity
  8
0
 62
4
100
AcDbText
 10
470103.64357
 20
4349737.683450611
 30
0.0
 40
0.1333
  1
0.87
  7
CN_TTF
 11
470103.64357
 21
4349737.683450611
 31
0.0
100
AcDbText
  0
LWPOLYLINE
  5
313
330
17
100
AcDbEntity
  8
爆区方格网
 62
4
100
AcDbPolyline
 90
5
 70
1
 10
470103.30357
 20
4349738.253450612
 10
470103.30357
 20
4349739.253450612
 10
470104.30357
 20
4349739.253450612
 10
470104.30357
 20
4349738.253450612
 10
470103.30357
 20
4349738.253450612
  0
TEXT
  5
314
330
17
100
AcDbEntity
  8
0
 62
4
100
AcDbText
 10
470103.64357
 20
4349738.683450611
 30
0.0
 40
0.1333
  1
0.87
  7
CN_TTF
 11
470103.64357
 21
4349738.683450611
 31
0.0
100
AcDbText
  0
LWPOLYLINE
  5
315
330
17
100
AcDbEntity
  8
爆区方格网
 62
4
100
AcDbPolyline
 90
5
 70
1
 10
470103.30357
 20
4349739.253450612
 10
470103.30357
 20
4349740.253450612
 10
470104.30357
 20
4349740.253450612
 10
470104.30357
 20
4349739.253450612
 10
470103.30357
 20
4349739.253450612
  0
TEXT
  5
316
330
17
100
AcDbEntity
  8
0
 62
4
100
AcDbText
 10
470103.64357
 20
4349739.683450611
 30
0.0
 40
0.1333
  1
0.87
  7
CN_TTF
 11
470103.64357
 21
4349739.683450611
 31
0.0
100
AcDbText
  0
LWPOLYLINE
  5
317
330
17
100
AcDbEntity
  8
爆区方格网
 62
4
100
AcDbPolyline
 90
5
 70
1
 10
470103.30357
 20
4349740.253450612
 10
470103.30357
 20
4349741.253450612
 10
470104.30357
 20
4349741.253450612
 10
470104.30357
 20
4349740.253450612
 10
470103.30357
 20
4349740.253450612
  0
TEXT
  5
318
330
17
100
AcDbEntity
  8
0
 62
4
100
AcDbText
 10
470103.64357
 20
4349740.683450611
 30
0.0
 40
0.1333
  1
0.71
  7
CN_TTF
 11
470103.64357
 21
4349740.683450611
 31
0.0
100
AcDbText
  0
LWPOLYLINE
  5
319
330
17
100
AcDbEntity
  8
爆区方格网
 62
4
100
AcDbPolyline
 90
5
 70
1
 10
470103.30357
 20
4349741.253450612
 10
470103.30357
 20
4349742.253450612
 10
470104.30357
 20
4349742.253450612
 10
470104.30357
 20
4349741.253450612
 10
470103.30357
 20
4349741.253450612
  0
TEXT
  5
31A
330
17
100
AcDbEntity
  8
0
 62
4
100
AcDbText
 10
470103.64357
 20
4349741.683450611
 30
0.0
 40
0.1333
  1
0.71
  7
CN_TTF
 11
470103.64357
 21
4349741.683450611
 31
0.0
100
AcDbText
  0
LWPOLYLINE
  5
31B
330
17
100
AcDbEntity
  8
爆区方格网
 62
4
100
AcDbPolyline
 90
5
 70
1
 10
470103.30357
 20
4349742.253450612
 10
470103.30357
 20
4349743.253450612
 10
470104.30357
 20
4349743.253450612
 10
470104.30357
 20
4349742.253450612
 10
470103.30357
 20
4349742.253450612
  0
TEXT
  5
31C
330
17
100
AcDbEntity
  8
0
 62
4
100
AcDbText
 10
470103.64357
 20
4349742.683450611
 30
0.0
 40
0.1333
  1
0.71
  7
CN_TTF
 11
470103.64357
 21
4349742.683450611
 31
0.0
100
AcDbText
  0
LWPOLYLINE
  5
31D
330
17
100
AcDbEntity
  8
爆区方格网
 62
4
100
AcDbPolyline
 90
5
 70
1
 10
470103.30357
 20
4349743.253450612
 10
470103.30357
 20
4349744.253450612
 10
470104.30357
 20
4349744.253450612
 10
470104.30357
 20
4349743.253450612
 10
470103.30357
 20
4349743.253450612
  0
TEXT
  5
31E
330
17
100
AcDbEntity
  8
0
 62
4
100
AcDbText
 10
470103.64357
 20
4349743.683450611
 30
0.0
 40
0.1333
  1
0.71
  7
CN_TTF
 11
470103.64357
 21
4349743.683450611
 31
0.0
100
AcDbText
  0
LWPOLYLINE
  5
31F
330
17
100
AcDbEntity
  8
爆区方格网
 62
4
100
AcDbPolyline
 90
5
 70
1
 10
470103.30357
 20
4349744.253450612
 10
470103.30357
 20
4349745.253450612
 10
470104.30357
 20
4349745.253450612
 10
470104.30357
 20
4349744.253450612
 10
470103.30357
 20
4349744.253450612
  0
TEXT
  5
320
330
17
100
AcDbEntity
  8
0
 62
4
100
AcDbText
 10
470103.64357
 20
4349744.683450611
 30
0.0
 40
0.1333
  1
0.71
  7
CN_TTF
 11
470103.64357
 21
4349744.683450611
 31
0.0
100
AcDbText
  0
LWPOLYLINE
  5
321
330
17
100
AcDbEntity
  8
爆区方格网
 62
4
100
AcDbPolyline
 90
5
 70
1
 10
470103.30357
 20
4349745.253450612
 10
470103.30357
 20
4349746.253450612
 10
470104.30357
 20
4349746.253450612
 10
470104.30357
 20
4349745.253450612
 10
470103.30357
 20
4349745.253450612
  0
TEXT
  5
322
330
17
100
AcDbEntity
  8
0
 62
4
100
AcDbText
 10
470103.64357
 20
4349745.683450611
 30
0.0
 40
0.1333
  1
0.71
  7
CN_TTF
 11
470103.64357
 21
4349745.683450611
 31
0.0
100
AcDbText
  0
LWPOLYLINE
  5
323
330
17
100
AcDbEntity
  8
爆区方格网
 62
4
100
AcDbPolyline
 90
5
 70
1
 10
470103.30357
 20
4349746.253450612
 10
470103.30357
 20
4349747.253450612
 10
470104.30357
 20
4349747.253450612
 10
470104.30357
 20
4349746.253450612
 10
470103.30357
 20
4349746.253450612
  0
TEXT
  5
324
330
17
100
AcDbEntity
  8
0
 62
4
100
AcDbText
 10
470103.64357
 20
4349746.683450611
 30
0.0
 40
0.1333
  1
0.71
  7
CN_TTF
 11
470103.64357
 21
4349746.683450611
 31
0.0
100
AcDbText
  0
LWPOLYLINE
  5
325
330
17
100
AcDbEntity
  8
爆区方格网
 62
4
100
AcDbPolyline
 90
5
 70
1
 10
470103.30357
 20
4349747.253450612
 10
470103.30357
 20
4349748.253450612
 10
470104.30357
 20
4349748.253450612
 10
470104.30357
 20
4349747.253450612
 10
470103.30357
 20
4349747.253450612
  0
TEXT
  5
326
330
17
100
AcDbEntity
  8
0
 62
4
100
AcDbText
 10
470103.64357
 20
4349747.683450611
 30
0.0
 40
0.1333
  1
0.71
  7
CN_TTF
 11
470103.64357
 21
4349747.683450611
 31
0.0
100
AcDbText
  0
LWPOLYLINE
  5
327
330
17
100
AcDbEntity
  8
爆区方格网
 62
4
100
AcDbPolyline
 90
5
 70
1
 10
470103.30357
 20
4349748.253450612
 10
470103.30357
 20
4349749.253450612
 10
470104.30357
 20
4349749.253450612
 10
470104.30357
 20
4349748.253450612
 10
470103.30357
 20
4349748.253450612
  0
TEXT
  5
328
330
17
100
AcDbEntity
  8
0
 62
4
100
AcDbText
 10
470103.64357
 20
4349748.683450611
 30
0.0
 40
0.1333
  1
0.51
  7
CN_TTF
 11
470103.64357
 21
4349748.683450611
 31
0.0
100
AcDbText
  0
LWPOLYLINE
  5
329
330
17
100
AcDbEntity
  8
爆区方格网
 62
4
100
AcDbPolyline
 90
5
 70
1
 10
470103.30357
 20
4349749.253450612
 10
470103.30357
 20
4349750.253450612
 10
470104.30357
 20
4349750.253450612
 10
470104.30357
 20
4349749.253450612
 10
470103.30357
 20
4349749.253450612
  0
TEXT
  5
32A
330
17
100
AcDbEntity
  8
0
 62
4
100
AcDbText
 10
470103.64357
 20
4349749.683450611
 30
0.0
 40
0.1333
  1
0.51
  7
CN_TTF
 11
470103.64357
 21
4349749.683450611
 31
0.0
100
AcDbText
  0
LWPOLYLINE
  5
32B
330
17
100
AcDbEntity
  8
爆区方格网
 62
4
100
AcDbPolyline
 90
5
 70
1
 10
470103.30357
 20
4349750.253450612
 10
470103.30357
 20
4349751.253450612
 10
470104.30357
 20
4349751.253450612
 10
470104.30357
 20
4349750.253450612
 10
470103.30357
 20
4349750.253450612
  0
TEXT
  5
32C
330
17
100
AcDbEntity
  8
0
 62
4
100
AcDbText
 10
470103.64357
 20
4349750.683450611
 30
0.0
 40
0.1333
  1
0.51
  7
CN_TTF
 11
470103.64357
 21
4349750.683450611
 31
0.0
100
AcDbText
  0
LWPOLYLINE
  5
32D
330
17
100
AcDbEntity
  8
爆区方格网
 62
4
100
AcDbPolyline
 90
5
 70
1
 10
470103.30357
 20
4349751.253450612
 10
470103.30357
 20
4349752.253450612
 10
470104.30357
 20
4349752.253450612
 10
470104.30357
 20
4349751.253450612
 10
470103.30357
 20
4349751.253450612
  0
TEXT
  5
32E
330
17
100
AcDbEntity
  8
0
 62
4
100
AcDbText
 10
470103.64357
 20
4349751.683450611
 30
0.0
 40
0.1333
  1
0.51
  7
CN_TTF
 11
470103.64357
 21
4349751.683450611
 31
0.0
100
AcDbText
  0
LWPOLYLINE
  5
32F
330
17
100
AcDbEntity
  8
爆区方格网
 62
4
100
AcDbPolyline
 90
6
 70
1
 10
470104.30357
 20
4349752.253450612
 10
470103.30357
 20
4349752.253450612
 10
470103.30357
 20
4349753.253450612
 10
470103.7042296479
 20
4349753.253450612
 10
470104.30357
 20
4349753.060831422
 10
470104.30357
 20
4349752.253450612
  0
TEXT
  5
330
330
17
100
AcDbEntity
  8
0
 62
4
100
AcDbText
 10
470103.64357
 20
4349752.5871410165
 30
0.0
 40
0.1333
  1
0.51
  7
CN_TTF
 11
470103.64357
 21
4349752.5871410165
 31
0.0
100
AcDbText
  0
LWPOLYLINE
  5
331
330
17
100
AcDbEntity
  8
爆区方格网
 62
4
100
AcDbPolyline
 90
5
 70
1
 10
470103.30357
 20
4349753.253450612
 10
470103.30357
 20
4349753.444091664
 10
470103.5599975586
 20
4349753.2998046875
 10
470103.7042296479
 20
4349753.253450612
 10
470103.30357
 20
4349753.253450612
  0
TEXT
  5
332
330
17
100
AcDbEntity
  8
0
 62
4
100
AcDbText
 10
470103.2076768901
 20
4349753.301948175
 30
0.0
 40
0.1333
  1
0.51
  7
CN_TTF
 11
470103.2076768901
 21
4349753.301948175
 31
0.0
100
AcDbText
  0
LWPOLYLINE
  5
333
330
17
100
AcDbEntity
  8
爆区方格网
 62
4
100
AcDbPolyline
 90
5
 70
1
 10
470105.30357
 20
4349734.253450612
 10
470105.30357
 20
4349733.944841946
 10
470105.23500061035
 20
4349733.9248046875
 10
470104.8491050623
 20
4349734.253450612
 10
470105.30357
 20
4349734.253450612
  0
TEXT
  5
334
330
17
100
AcDbEntity
  8
0
 62
4
100
AcDbText
 10
470105.0069294887
 20
4349734.029146278
 30
0.0
 40
0.1333
  1
0.87
  7
CN_TTF
 11
470105.0069294887
 21
4349734.029146278
 31
0.0
100
AcDbText
  0
LWPOLYLINE
  5
335
330
17
100
AcDbEntity
  8
爆区方格网
 62
4
100
AcDbPolyline
 90
6
 70
1
 10
470104.30357
 20
4349735.253450612
 10
470105.30357
 20
4349735.253450612
 10
470105.30357
 20
4349734.253450612
 10
470104.8491050623
 20
4349734.253450612
 10
470104.30357
 20
4349734.718052693
 10
470104.30357
 20
4349735.253450612
  0
TEXT
  5
336
330
17
100
AcDbEntity
  8
0
 62
4
100
AcDbText
 10
470104.64357
 20
4349734.915751652
 30
0.0
 40
0.1333
  1
0.87
  7
CN_TTF
 11
470104.64357
 21
4349734.915751652
 31
0.0
100
AcDbText
  0
LWPOLYLINE
  5
337
330
17
100
AcDbEntity
  8
爆区方格网
 62
4
100
AcDbPolyline
 90
5
 70
1
 10
470104.30357
 20
4349735.253450612
 10
470104.30357
 20
4349736.253450612
 10
470105.30357
 20
4349736.253450612
 10
470105.30357
 20
4349735.253450612
 10
470104.30357
 20
4349735.253450612
  0
TEXT
  5
338
330
17
100
AcDbEntity
  8
0
 62
4
100
AcDbText
 10
470104.64357
 20
4349735.683450611
 30
0.0
 40
0.1333
  1
0.87
  7
CN_TTF
 11
470104.64357
 21
4349735.683450611
 31
0.0
100
AcDbText
  0
LWPOLYLINE
  5
339
330
17
100
AcDbEntity
  8
爆区方格网
 62
4
100
AcDbPolyline
 90
5
 70
1
 10
470104.30357
 20
4349736.253450612
 10
470104.30357
 20
4349737.253450612
 10
470105.30357
 20
4349737.253450612
 10
470105.30357
 20
4349736.253450612
 10
470104.30357
 20
4349736.253450612
  0
TEXT
  5
33A
330
17
100
AcDbEntity
  8
0
 62
4
100
AcDbText
 10
470104.64357
 20
4349736.683450611
 30
0.0
 40
0.1333
  1
0.87
  7
CN_TTF
 11
470104.64357
 21
4349736.683450611
 31
0.0
100
AcDbText
  0
LWPOLYLINE
  5
33B
330
17
100
AcDbEntity
  8
爆区方格网
 62
4
100
AcDbPolyline
 90
5
 70
1
 10
470104.30357
 20
4349737.253450612
 10
470104.30357
 20
4349738.253450612
 10
470105.30357
 20
4349738.253450612
 10
470105.30357
 20
4349737.253450612
 10
470104.30357
 20
4349737.253450612
  0
TEXT
  5
33C
330
17
100
AcDbEntity
  8
0
 62
4
100
AcDbText
 10
470104.64357
 20
4349737.683450611
 30
0.0
 40
0.1333
  1
0.87
  7
CN_TTF
 11
470104.64357
 21
4349737.683450611
 31
0.0
100
AcDbText
  0
LWPOLYLINE
  5
33D
330
17
100
AcDbEntity
  8
爆区方格网
 62
4
100
AcDbPolyline
 90
5
 70
1
 10
470104.30357
 20
4349738.253450612
 10
470104.30357
 20
4349739.253450612
 10
470105.30357
 20
4349739.253450612
 10
470105.30357
 20
4349738.253450612
 10
470104.30357
 20
4349738.253450612
  0
TEXT
  5
33E
330
17
100
AcDbEntity
  8
0
 62
4
100
AcDbText
 10
470104.64357
 20
4349738.683450611
 30
0.0
 40
0.1333
  1
0.87
  7
CN_TTF
 11
470104.64357
 21
4349738.683450611
 31
0.0
100
AcDbText
  0
LWPOLYLINE
  5
33F
330
17
100
AcDbEntity
  8
爆区方格网
 62
4
100
AcDbPolyline
 90
5
 70
1
 10
470104.30357
 20
4349739.253450612
 10
470104.30357
 20
4349740.253450612
 10
470105.30357
 20
4349740.253450612
 10
470105.30357
 20
4349739.253450612
 10
470104.30357
 20
4349739.253450612
  0
TEXT
  5
340
330
17
100
AcDbEntity
  8
0
 62
4
100
AcDbText
 10
470104.64357
 20
4349739.683450611
 30
0.0
 40
0.1333
  1
0.87
  7
CN_TTF
 11
470104.64357
 21
4349739.683450611
 31
0.0
100
AcDbText
  0
LWPOLYLINE
  5
341
330
17
100
AcDbEntity
  8
爆区方格网
 62
4
100
AcDbPolyline
 90
5
 70
1
 10
470104.30357
 20
4349740.253450612
 10
470104.30357
 20
4349741.253450612
 10
470105.30357
 20
4349741.253450612
 10
470105.30357
 20
4349740.253450612
 10
470104.30357
 20
4349740.253450612
  0
TEXT
  5
342
330
17
100
AcDbEntity
  8
0
 62
4
100
AcDbText
 10
470104.64357
 20
4349740.683450611
 30
0.0
 40
0.1333
  1
0.71
  7
CN_TTF
 11
470104.64357
 21
4349740.683450611
 31
0.0
100
AcDbText
  0
LWPOLYLINE
  5
343
330
17
100
AcDbEntity
  8
爆区方格网
 62
4
100
AcDbPolyline
 90
5
 70
1
 10
470104.30357
 20
4349741.253450612
 10
470104.30357
 20
4349742.253450612
 10
470105.30357
 20
4349742.253450612
 10
470105.30357
 20
4349741.253450612
 10
470104.30357
 20
4349741.253450612
  0
TEXT
  5
344
330
17
100
AcDbEntity
  8
0
 62
4
100
AcDbText
 10
470104.64357
 20
4349741.683450611
 30
0.0
 40
0.1333
  1
0.71
  7
CN_TTF
 11
470104.64357
 21
4349741.683450611
 31
0.0
100
AcDbText
  0
LWPOLYLINE
  5
345
330
17
100
AcDbEntity
  8
爆区方格网
 62
4
100
AcDbPolyline
 90
5
 70
1
 10
470104.30357
 20
4349742.253450612
 10
470104.30357
 20
4349743.253450612
 10
470105.30357
 20
4349743.253450612
 10
470105.30357
 20
4349742.253450612
 10
470104.30357
 20
4349742.253450612
  0
TEXT
  5
346
330
17
100
AcDbEntity
  8
0
 62
4
100
AcDbText
 10
470104.64357
 20
4349742.683450611
 30
0.0
 40
0.1333
  1
0.71
  7
CN_TTF
 11
470104.64357
 21
4349742.683450611
 31
0.0
100
AcDbText
  0
LWPOLYLINE
  5
347
330
17
100
AcDbEntity
  8
爆区方格网
 62
4
100
AcDbPolyline
 90
5
 70
1
 10
470104.30357
 20
4349743.253450612
 10
470104.30357
 20
4349744.253450612
 10
470105.30357
 20
4349744.253450612
 10
470105.30357
 20
4349743.253450612
 10
470104.30357
 20
4349743.253450612
  0
TEXT
  5
348
330
17
100
AcDbEntity
  8
0
 62
4
100
AcDbText
 10
470104.64357
 20
4349743.683450611
 30
0.0
 40
0.1333
  1
0.71
  7
CN_TTF
 11
470104.64357
 21
4349743.683450611
 31
0.0
100
AcDbText
  0
LWPOLYLINE
  5
349
330
17
100
AcDbEntity
  8
爆区方格网
 62
4
100
AcDbPolyline
 90
5
 70
1
 10
470104.30357
 20
4349744.253450612
 10
470104.30357
 20
4349745.253450612
 10
470105.30357
 20
4349745.253450612
 10
470105.30357
 20
4349744.253450612
 10
470104.30357
 20
4349744.253450612
  0
TEXT
  5
34A
330
17
100
AcDbEntity
  8
0
 62
4
100
AcDbText
 10
470104.64357
 20
4349744.683450611
 30
0.0
 40
0.1333
  1
0.71
  7
CN_TTF
 11
470104.64357
 21
4349744.683450611
 31
0.0
100
AcDbText
  0
LWPOLYLINE
  5
34B
330
17
100
AcDbEntity
  8
爆区方格网
 62
4
100
AcDbPolyline
 90
5
 70
1
 10
470104.30357
 20
4349745.253450612
 10
470104.30357
 20
4349746.253450612
 10
470105.30357
 20
4349746.253450612
 10
470105.30357
 20
4349745.253450612
 10
470104.30357
 20
4349745.253450612
  0
TEXT
  5
34C
330
17
100
AcDbEntity
  8
0
 62
4
100
AcDbText
 10
470104.64357
 20
4349745.683450611
 30
0.0
 40
0.1333
  1
0.71
  7
CN_TTF
 11
470104.64357
 21
4349745.683450611
 31
0.0
100
AcDbText
  0
LWPOLYLINE
  5
34D
330
17
100
AcDbEntity
  8
爆区方格网
 62
4
100
AcDbPolyline
 90
5
 70
1
 10
470104.30357
 20
4349746.253450612
 10
470104.30357
 20
4349747.253450612
 10
470105.30357
 20
4349747.253450612
 10
470105.30357
 20
4349746.253450612
 10
470104.30357
 20
4349746.253450612
  0
TEXT
  5
34E
330
17
100
AcDbEntity
  8
0
 62
4
100
AcDbText
 10
470104.64357
 20
4349746.683450611
 30
0.0
 40
0.1333
  1
0.71
  7
CN_TTF
 11
470104.64357
 21
4349746.683450611
 31
0.0
100
AcDbText
  0
LWPOLYLINE
  5
34F
330
17
100
AcDbEntity
  8
爆区方格网
 62
4
100
AcDbPolyline
 90
5
 70
1
 10
470104.30357
 20
4349747.253450612
 10
470104.30357
 20
4349748.253450612
 10
470105.30357
 20
4349748.253450612
 10
470105.30357
 20
4349747.253450612
 10
470104.30357
 20
4349747.253450612
  0
TEXT
  5
350
330
17
100
AcDbEntity
  8
0
 62
4
100
AcDbText
 10
470104.64357
 20
4349747.683450611
 30
0.0
 40
0.1333
  1
0.82
  7
CN_TTF
 11
470104.64357
 21
4349747.683450611
 31
0.0
100
AcDbText
  0
LWPOLYLINE
  5
351
330
17
100
AcDbEntity
  8
爆区方格网
 62
4
100
AcDbPolyline
 90
5
 70
1
 10
470104.30357
 20
4349748.253450612
 10
470104.30357
 20
4349749.253450612
 10
470105.30357
 20
4349749.253450612
 10
470105.30357
 20
4349748.253450612
 10
470104.30357
 20
4349748.253450612
  0
TEXT
  5
352
330
17
100
AcDbEntity
  8
0
 62
4
100
AcDbText
 10
470104.64357
 20
4349748.683450611
 30
0.0
 40
0.1333
  1
0.82
  7
CN_TTF
 11
470104.64357
 21
4349748.683450611
 31
0.0
100
AcDbText
  0
LWPOLYLINE
  5
353
330
17
100
AcDbEntity
  8
爆区方格网
 62
4
100
AcDbPolyline
 90
5
 70
1
 10
470104.30357
 20
4349749.253450612
 10
470104.30357
 20
4349750.253450612
 10
470105.30357
 20
4349750.253450612
 10
470105.30357
 20
4349749.253450612
 10
470104.30357
 20
4349749.253450612
  0
TEXT
  5
354
330
17
100
AcDbEntity
  8
0
 62
4
100
AcDbText
 10
470104.64357
 20
4349749.683450611
 30
0.0
 40
0.1333
  1
0.82
  7
CN_TTF
 11
470104.64357
 21
4349749.683450611
 31
0.0
100
AcDbText
  0
LWPOLYLINE
  5
355
330
17
100
AcDbEntity
  8
爆区方格网
 62
4
100
AcDbPolyline
 90
5
 70
1
 10
470104.30357
 20
4349750.253450612
 10
470104.30357
 20
4349751.253450612
 10
470105.30357
 20
4349751.253450612
 10
470105.30357
 20
4349750.253450612
 10
470104.30357
 20
4349750.253450612
  0
TEXT
  5
356
330
17
100
AcDbEntity
  8
0
 62
4
100
AcDbText
 10
470104.64357
 20
4349750.683450611
 30
0.0
 40
0.1333
  1
0.82
  7
CN_TTF
 11
470104.64357
 21
4349750.683450611
 31
0.0
100
AcDbText
  0
LWPOLYLINE
  5
357
330
17
100
AcDbEntity
  8
爆区方格网
 62
4
100
AcDbPolyline
 90
5
 70
1
 10
470104.30357
 20
4349751.253450612
 10
470104.30357
 20
4349752.253450612
 10
470105.30357
 20
4349752.253450612
 10
470105.30357
 20
4349751.253450612
 10
470104.30357
 20
4349751.253450612
  0
TEXT
  5
358
330
17
100
AcDbEntity
  8
0
 62
4
100
AcDbText
 10
470104.64357
 20
4349751.683450611
 30
0.0
 40
0.1333
  1
0.82
  7
CN_TTF
 11
470104.64357
 21
4349751.683450611
 31
0.0
100
AcDbText
  0
LWPOLYLINE
  5
359
330
17
100
AcDbEntity
  8
爆区方格网
 62
4
100
AcDbPolyline
 90
6
 70
1
 10
470105.30357
 20
4349752.253450612
 10
470104.30357
 20
4349752.253450612
 10
470104.30357
 20
4349753.060831422
 10
470104.6217738227
 20
4349752.958565385
 10
470105.30357
 20
4349752.739446104
 10
470105.30357
 20
4349752.253450612
  0
TEXT
  5
35A
330
17
100
AcDbEntity
  8
0
 62
4
100
AcDbText
 10
470104.64357
 20
4349752.426448357
 30
0.0
 40
0.1333
  1
0.82
  7
CN_TTF
 11
470104.64357
 21
4349752.426448357
 31
0.0
100
AcDbText
  0
LWPOLYLINE
  5
35B
330
17
100
AcDbEntity
  8
爆区方格网
 62
4
100
AcDbPolyline
 90
5
 70
1
 10
470105.30357
 20
4349734.253450612
 10
470106.30357
 20
4349734.253450612
 10
470106.30357
 20
4349734.237060644
 10
470105.30357
 20
4349733.944841946
 10
470105.30357
 20
4349734.253450612
  0
TEXT
  5
35C
330
17
100
AcDbEntity
  8
0
 62
4
100
AcDbText
 10
470105.39357
 20
4349734.020951294
 30
0.0
 40
0.1333
  1
0.87
  7
CN_TTF
 11
470105.39357
 21
4349734.020951294
 31
0.0
100
AcDbText
  0
LWPOLYLINE
  5
35D
330
17
100
AcDbEntity
  8
爆区方格网
 62
4
100
AcDbPolyline
 90
5
 70
1
 10
470105.30357
 20
4349734.253450612
 10
470105.30357
 20
4349735.253450612
 10
470106.30357
 20
4349735.253450612
 10
470106.30357
 20
4349734.253450612
 10
470105.30357
 20
4349734.253450612
  0
TEXT
  5
35E
330
17
100
AcDbEntity
  8
0
 62
4
100
AcDbText
 10
470105.64357
 20
4349734.683450611
 30
0.0
 40
0.1333
  1
0.87
  7
CN_TTF
 11
470105.64357
 21
4349734.683450611
 31
0.0
100
AcDbText
  0
LWPOLYLINE
  5
35F
330
17
100
AcDbEntity
  8
爆区方格网
 62
4
100
AcDbPolyline
 90
5
 70
1
 10
470105.30357
 20
4349735.253450612
 10
470105.30357
 20
4349736.253450612
 10
470106.30357
 20
4349736.253450612
 10
470106.30357
 20
4349735.253450612
 10
470105.30357
 20
4349735.253450612
  0
TEXT
  5
360
330
17
100
AcDbEntity
  8
0
 62
4
100
AcDbText
 10
470105.64357
 20
4349735.683450611
 30
0.0
 40
0.1333
  1
0.87
  7
CN_TTF
 11
470105.64357
 21
4349735.683450611
 31
0.0
100
AcDbText
  0
LWPOLYLINE
  5
361
330
17
100
AcDbEntity
  8
爆区方格网
 62
4
100
AcDbPolyline
 90
5
 70
1
 10
470105.30357
 20
4349736.253450612
 10
470105.30357
 20
4349737.253450612
 10
470106.30357
 20
4349737.253450612
 10
470106.30357
 20
4349736.253450612
 10
470105.30357
 20
4349736.253450612
  0
TEXT
  5
362
330
17
100
AcDbEntity
  8
0
 62
4
100
AcDbText
 10
470105.64357
 20
4349736.683450611
 30
0.0
 40
0.1333
  1
0.87
  7
CN_TTF
 11
470105.64357
 21
4349736.683450611
 31
0.0
100
AcDbText
  0
LWPOLYLINE
  5
363
330
17
100
AcDbEntity
  8
爆区方格网
 62
4
100
AcDbPolyline
 90
5
 70
1
 10
470105.30357
 20
4349737.253450612
 10
470105.30357
 20
4349738.253450612
 10
470106.30357
 20
4349738.253450612
 10
470106.30357
 20
4349737.253450612
 10
470105.30357
 20
4349737.253450612
  0
TEXT
  5
364
330
17
100
AcDbEntity
  8
0
 62
4
100
AcDbText
 10
470105.64357
 20
4349737.683450611
 30
0.0
 40
0.1333
  1
0.87
  7
CN_TTF
 11
470105.64357
 21
4349737.683450611
 31
0.0
100
AcDbText
  0
LWPOLYLINE
  5
365
330
17
100
AcDbEntity
  8
爆区方格网
 62
4
100
AcDbPolyline
 90
5
 70
1
 10
470105.30357
 20
4349738.253450612
 10
470105.30357
 20
4349739.253450612
 10
470106.30357
 20
4349739.253450612
 10
470106.30357
 20
4349738.253450612
 10
470105.30357
 20
4349738.253450612
  0
TEXT
  5
366
330
17
100
AcDbEntity
  8
0
 62
4
100
AcDbText
 10
470105.64357
 20
4349738.683450611
 30
0.0
 40
0.1333
  1
0.87
  7
CN_TTF
 11
470105.64357
 21
4349738.683450611
 31
0.0
100
AcDbText
  0
LWPOLYLINE
  5
367
330
17
100
AcDbEntity
  8
爆区方格网
 62
4
100
AcDbPolyline
 90
5
 70
1
 10
470105.30357
 20
4349739.253450612
 10
470105.30357
 20
4349740.253450612
 10
470106.30357
 20
4349740.253450612
 10
470106.30357
 20
4349739.253450612
 10
470105.30357
 20
4349739.253450612
  0
TEXT
  5
368
330
17
100
AcDbEntity
  8
0
 62
4
100
AcDbText
 10
470105.64357
 20
4349739.683450611
 30
0.0
 40
0.1333
  1
0.87
  7
CN_TTF
 11
470105.64357
 21
4349739.683450611
 31
0.0
100
AcDbText
  0
LWPOLYLINE
  5
369
330
17
100
AcDbEntity
  8
爆区方格网
 62
4
100
AcDbPolyline
 90
5
 70
1
 10
470105.30357
 20
4349740.253450612
 10
470105.30357
 20
4349741.253450612
 10
470106.30357
 20
4349741.253450612
 10
470106.30357
 20
4349740.253450612
 10
470105.30357
 20
4349740.253450612
  0
TEXT
  5
36A
330
17
100
AcDbEntity
  8
0
 62
4
100
AcDbText
 10
470105.64357
 20
4349740.683450611
 30
0.0
 40
0.1333
  1
0.71
  7
CN_TTF
 11
470105.64357
 21
4349740.683450611
 31
0.0
100
AcDbText
  0
LWPOLYLINE
  5
36B
330
17
100
AcDbEntity
  8
爆区方格网
 62
4
100
AcDbPolyline
 90
5
 70
1
 10
470105.30357
 20
4349741.253450612
 10
470105.30357
 20
4349742.253450612
 10
470106.30357
 20
4349742.253450612
 10
470106.30357
 20
4349741.253450612
 10
470105.30357
 20
4349741.253450612
  0
TEXT
  5
36C
330
17
100
AcDbEntity
  8
0
 62
4
100
AcDbText
 10
470105.64357
 20
4349741.683450611
 30
0.0
 40
0.1333
  1
0.71
  7
CN_TTF
 11
470105.64357
 21
4349741.683450611
 31
0.0
100
AcDbText
  0
LWPOLYLINE
  5
36D
330
17
100
AcDbEntity
  8
爆区方格网
 62
4
100
AcDbPolyline
 90
5
 70
1
 10
470105.30357
 20
4349742.253450612
 10
470105.30357
 20
4349743.253450612
 10
470106.30357
 20
4349743.253450612
 10
470106.30357
 20
4349742.253450612
 10
470105.30357
 20
4349742.253450612
  0
TEXT
  5
36E
330
17
100
AcDbEntity
  8
0
 62
4
100
AcDbText
 10
470105.64357
 20
4349742.683450611
 30
0.0
 40
0.1333
  1
0.71
  7
CN_TTF
 11
470105.64357
 21
4349742.683450611
 31
0.0
100
AcDbText
  0
LWPOLYLINE
  5
36F
330
17
100
AcDbEntity
  8
爆区方格网
 62
4
100
AcDbPolyline
 90
5
 70
1
 10
470105.30357
 20
4349743.253450612
 10
470105.30357
 20
4349744.253450612
 10
470106.30357
 20
4349744.253450612
 10
470106.30357
 20
4349743.253450612
 10
470105.30357
 20
4349743.253450612
  0
TEXT
  5
370
330
17
100
AcDbEntity
  8
0
 62
4
100
AcDbText
 10
470105.64357
 20
4349743.683450611
 30
0.0
 40
0.1333
  1
0.71
  7
CN_TTF
 11
470105.64357
 21
4349743.683450611
 31
0.0
100
AcDbText
  0
LWPOLYLINE
  5
371
330
17
100
AcDbEntity
  8
爆区方格网
 62
4
100
AcDbPolyline
 90
5
 70
1
 10
470105.30357
 20
4349744.253450612
 10
470105.30357
 20
4349745.253450612
 10
470106.30357
 20
4349745.253450612
 10
470106.30357
 20
4349744.253450612
 10
470105.30357
 20
4349744.253450612
  0
TEXT
  5
372
330
17
100
AcDbEntity
  8
0
 62
4
100
AcDbText
 10
470105.64357
 20
4349744.683450611
 30
0.0
 40
0.1333
  1
0.71
  7
CN_TTF
 11
470105.64357
 21
4349744.683450611
 31
0.0
100
AcDbText
  0
LWPOLYLINE
  5
373
330
17
100
AcDbEntity
  8
爆区方格网
 62
4
100
AcDbPolyline
 90
5
 70
1
 10
470105.30357
 20
4349745.253450612
 10
470105.30357
 20
4349746.253450612
 10
470106.30357
 20
4349746.253450612
 10
470106.30357
 20
4349745.253450612
 10
470105.30357
 20
4349745.253450612
  0
TEXT
  5
374
330
17
100
AcDbEntity
  8
0
 62
4
100
AcDbText
 10
470105.64357
 20
4349745.683450611
 30
0.0
 40
0.1333
  1
0.71
  7
CN_TTF
 11
470105.64357
 21
4349745.683450611
 31
0.0
100
AcDbText
  0
LWPOLYLINE
  5
375
330
17
100
AcDbEntity
  8
爆区方格网
 62
4
100
AcDbPolyline
 90
5
 70
1
 10
470105.30357
 20
4349746.253450612
 10
470105.30357
 20
4349747.253450612
 10
470106.30357
 20
4349747.253450612
 10
470106.30357
 20
4349746.253450612
 10
470105.30357
 20
4349746.253450612
  0
TEXT
  5
376
330
17
100
AcDbEntity
  8
0
 62
4
100
AcDbText
 10
470105.64357
 20
4349746.683450611
 30
0.0
 40
0.1333
  1
0.71
  7
CN_TTF
 11
470105.64357
 21
4349746.683450611
 31
0.0
100
AcDbText
  0
LWPOLYLINE
  5
377
330
17
100
AcDbEntity
  8
爆区方格网
 62
4
100
AcDbPolyline
 90
5
 70
1
 10
470105.30357
 20
4349747.253450612
 10
470105.30357
 20
4349748.253450612
 10
470106.30357
 20
4349748.253450612
 10
470106.30357
 20
4349747.253450612
 10
470105.30357
 20
4349747.253450612
  0
TEXT
  5
378
330
17
100
AcDbEntity
  8
0
 62
4
100
AcDbText
 10
470105.64357
 20
4349747.683450611
 30
0.0
 40
0.1333
  1
0.82
  7
CN_TTF
 11
470105.64357
 21
4349747.683450611
 31
0.0
100
AcDbText
  0
LWPOLYLINE
  5
379
330
17
100
AcDbEntity
  8
爆区方格网
 62
4
100
AcDbPolyline
 90
5
 70
1
 10
470105.30357
 20
4349748.253450612
 10
470105.30357
 20
4349749.253450612
 10
470106.30357
 20
4349749.253450612
 10
470106.30357
 20
4349748.253450612
 10
470105.30357
 20
4349748.253450612
  0
TEXT
  5
37A
330
17
100
AcDbEntity
  8
0
 62
4
100
AcDbText
 10
470105.64357
 20
4349748.683450611
 30
0.0
 40
0.1333
  1
0.82
  7
CN_TTF
 11
470105.64357
 21
4349748.683450611
 31
0.0
100
AcDbText
  0
LWPOLYLINE
  5
37B
330
17
100
AcDbEntity
  8
爆区方格网
 62
4
100
AcDbPolyline
 90
5
 70
1
 10
470105.30357
 20
4349749.253450612
 10
470105.30357
 20
4349750.253450612
 10
470106.30357
 20
4349750.253450612
 10
470106.30357
 20
4349749.253450612
 10
470105.30357
 20
4349749.253450612
  0
TEXT
  5
37C
330
17
100
AcDbEntity
  8
0
 62
4
100
AcDbText
 10
470105.64357
 20
4349749.683450611
 30
0.0
 40
0.1333
  1
0.82
  7
CN_TTF
 11
470105.64357
 21
4349749.683450611
 31
0.0
100
AcDbText
  0
LWPOLYLINE
  5
37D
330
17
100
AcDbEntity
  8
爆区方格网
 62
4
100
AcDbPolyline
 90
5
 70
1
 10
470105.30357
 20
4349750.253450612
 10
470105.30357
 20
4349751.253450612
 10
470106.30357
 20
4349751.253450612
 10
470106.30357
 20
4349750.253450612
 10
470105.30357
 20
4349750.253450612
  0
TEXT
  5
37E
330
17
100
AcDbEntity
  8
0
 62
4
100
AcDbText
 10
470105.64357
 20
4349750.683450611
 30
0.0
 40
0.1333
  1
0.82
  7
CN_TTF
 11
470105.64357
 21
4349750.683450611
 31
0.0
100
AcDbText
  0
LWPOLYLINE
  5
37F
330
17
100
AcDbEntity
  8
爆区方格网
 62
4
100
AcDbPolyline
 90
5
 70
1
 10
470105.30357
 20
4349751.253450612
 10
470105.30357
 20
4349752.253450612
 10
470106.30357
 20
4349752.253450612
 10
470106.30357
 20
4349751.253450612
 10
470105.30357
 20
4349751.253450612
  0
TEXT
  5
380
330
17
100
AcDbEntity
  8
0
 62
4
100
AcDbText
 10
470105.64357
 20
4349751.683450611
 30
0.0
 40
0.1333
  1
0.82
  7
CN_TTF
 11
470105.64357
 21
4349751.683450611
 31
0.0
100
AcDbText
  0
LWPOLYLINE
  5
381
330
17
100
AcDbEntity
  8
爆区方格网
 62
4
100
AcDbPolyline
 90
5
 70
1
 10
470106.30357
 20
4349752.253450612
 10
470105.30357
 20
4349752.253450612
 10
470105.30357
 20
4349752.739446104
 10
470106.30357
 20
4349752.418060786
 10
470106.30357
 20
4349752.253450612
  0
TEXT
  5
382
330
17
100
AcDbEntity
  8
0
 62
4
100
AcDbText
 10
470105.3935699993
 20
4349752.508753445
 30
0.0
 40
0.1333
  1
0.82
  7
CN_TTF
 11
470105.3935699993
 21
4349752.508753445
 31
0.0
100
AcDbText
  0
LWPOLYLINE
  5
383
330
17
100
AcDbEntity
  8
爆区方格网
 62
4
100
AcDbPolyline
 90
4
 70
1
 10
470106.30357
 20
4349734.253450612
 10
470106.35965802
 20
4349734.253450612
 10
470106.30357
 20
4349734.237060644
 10
470106.30357
 20
4349734.253450612
  0
TEXT
  5
384
330
17
100
AcDbEntity
  8
0
 62
4
100
AcDbText
 10
470106.15759200504
 20
4349734.175255627
 30
0.0
 40
0.1333
  1
0.87
  7
CN_TTF
 11
470106.15759200504
 21
4349734.175255627
 31
0.0
100
AcDbText
  0
LWPOLYLINE
  5
385
330
17
100
AcDbEntity
  8
爆区方格网
 62
4
100
AcDbPolyline
 90
6
 70
1
 10
470106.30357
 20
4349734.253450612
 10
470106.30357
 20
4349735.253450612
 10
470107.30357
 20
4349735.253450612
 10
470107.30357
 20
4349734.529279342
 10
470106.35965802
 20
4349734.253450612
 10
470106.30357
 20
4349734.253450612
  0
TEXT
  5
386
330
17
100
AcDbEntity
  8
0
 62
4
100
AcDbText
 10
470106.64357
 20
4349734.8213649765
 30
0.0
 40
0.1333
  1
0.87
  7
CN_TTF
 11
470106.64357
 21
4349734.8213649765
 31
0.0
100
AcDbText
  0
LWPOLYLINE
  5
387
330
17
100
AcDbEntity
  8
爆区方格网
 62
4
100
AcDbPolyline
 90
5
 70
1
 10
470106.30357
 20
4349735.253450612
 10
470106.30357
 20
4349736.253450612
 10
470107.30357
 20
4349736.253450612
 10
470107.30357
 20
4349735.253450612
 10
470106.30357
 20
4349735.253450612
  0
TEXT
  5
388
330
17
100
AcDbEntity
  8
0
 62
4
100
AcDbText
 10
470106.64357
 20
4349735.683450611
 30
0.0
 40
0.1333
  1
0.87
  7
CN_TTF
 11
470106.64357
 21
4349735.683450611
 31
0.0
100
AcDbText
  0
LWPOLYLINE
  5
389
330
17
100
AcDbEntity
  8
爆区方格网
 62
4
100
AcDbPolyline
 90
7
 70
1
 10
470107.30357
 20
4349736.253450612
 10
470106.30357
 20
4349736.253450612
 10
470106.30357
 20
4349737.253450612
 10
470107.22248740157
 20
4349737.253450612
 10
470107.22901675926
 20
4349737.138880265
 10
470107.30357
 20
4349736.9412212735
 10
470107.30357
 20
4349736.253450612
  0
TEXT
  5
38A
330
17
100
AcDbEntity
  8
0
 62
4
100
AcDbText
 10
470106.64357
 20
4349736.527335942
 30
0.0
 40
0.1333
  1
0.87
  7
CN_TTF
 11
470106.64357
 21
4349736.527335942
 31
0.0
100
AcDbText
  0
LWPOLYLINE
  5
38B
330
17
100
AcDbEntity
  8
爆区方格网
 62
4
100
AcDbPolyline
 90
5
 70
1
 10
470106.30357
 20
4349737.253450612
 10
470106.30357
 20
4349738.253450612
 10
470107.1654974572
 20
4349738.253450612
 10
470107.22248740157
 20
4349737.253450612
 10
470106.30357
 20
4349737.253450612
  0
TEXT
  5
38C
330
17
100
AcDbEntity
  8
0
 62
4
100
AcDbText
 10
470106.5887812147
 20
4349737.683450611
 30
0.0
 40
0.1333
  1
0.87
  7
CN_TTF
 11
470106.5887812147
 21
4349737.683450611
 31
0.0
100
AcDbText
  0
LWPOLYLINE
  5
38D
330
17
100
AcDbEntity
  8
爆区方格网
 62
4
100
AcDbPolyline
 90
5
 70
1
 10
470106.30357
 20
4349738.253450612
 10
470106.30357
 20
4349739.253450612
 10
470107.1085075129
 20
4349739.253450612
 10
470107.1654974572
 20
4349738.253450612
 10
470106.30357
 20
4349738.253450612
  0
TEXT
  5
38E
330
17
100
AcDbEntity
  8
0
 62
4
100
AcDbText
 10
470106.5602862426
 20
4349738.683450611
 30
0.0
 40
0.1333
  1
0.87
  7
CN_TTF
 11
470106.5602862426
 21
4349738.683450611
 31
0.0
100
AcDbText
  0
LWPOLYLINE
  5
38F
330
17
100
AcDbEntity
  8
爆区方格网
 62
4
100
AcDbPolyline
 90
5
 70
1
 10
470106.30357
 20
4349739.253450612
 10
470106.30357
 20
4349740.253450612
 10
470107.0515175685
 20
4349740.253450612
 10
470107.1085075129
 20
4349739.253450612
 10
470106.30357
 20
4349739.253450612
  0
TEXT
  5
390
330
17
100
AcDbEntity
  8
0
 62
4
100
AcDbText
 10
470106.53179127036
 20
4349739.683450611
 30
0.0
 40
0.1333
  1
0.87
  7
CN_TTF
 11
470106.53179127036
 21
4349739.683450611
 31
0.0
100
AcDbText
  0
LWPOLYLINE
  5
391
330
17
100
AcDbEntity
  8
爆区方格网
 62
4
100
AcDbPolyline
 90
7
 70
1
 10
470106.30357
 20
4349740.253450612
 10
470106.30357
 20
4349741.253450612
 10
470106.99452762416
 20
4349741.253450612
 10
470107.03514679463
 20
4349740.540707848
 10
470107.04327710555
 20
4349740.398045646
 10
470107.0515175685
 20
4349740.253450612
 10
470106.30357
 20
4349740.253450612
  0
TEXT
  5
392
330
17
100
AcDbEntity
  8
0
 62
4
100
AcDbText
 10
470106.4992036047
 20
4349740.827079229
 30
0.0
 40
0.1333
  1
0.71
  7
CN_TTF
 11
470106.4992036047
 21
4349740.827079229
 31
0.0
100
AcDbText
  0
LWPOLYLINE
  5
393
330
17
100
AcDbEntity
  8
爆区方格网
 62
4
100
AcDbPolyline
 90
5
 70
1
 10
470106.30357
 20
4349741.253450612
 10
470106.30357
 20
4349742.253450612
 10
470106.9375376798
 20
4349742.253450612
 10
470106.99452762416
 20
4349741.253450612
 10
470106.30357
 20
4349741.253450612
  0
TEXT
  5
394
330
17
100
AcDbEntity
  8
0
 62
4
100
AcDbText
 10
470106.474801326
 20
4349741.683450611
 30
0.0
 40
0.1333
  1
0.71
  7
CN_TTF
 11
470106.474801326
 21
4349741.683450611
 31
0.0
100
AcDbText
  0
LWPOLYLINE
  5
395
330
17
100
AcDbEntity
  8
爆区方格网
 62
4
100
AcDbPolyline
 90
5
 70
1
 10
470106.30357
 20
4349742.253450612
 10
470106.30357
 20
4349743.253450612
 10
470106.88054773543
 20
4349743.253450612
 10
470106.9375376798
 20
4349742.253450612
 10
470106.30357
 20
4349742.253450612
  0
TEXT
  5
396
330
17
100
AcDbEntity
  8
0
 62
4
100
AcDbText
 10
470106.44630635384
 20
4349742.683450611
 30
0.0
 40
0.1333
  1
0.71
  7
CN_TTF
 11
470106.44630635384
 21
4349742.683450611
 31
0.0
100
AcDbText
  0
LWPOLYLINE
  5
397
330
17
100
AcDbEntity
  8
爆区方格网
 62
4
100
AcDbPolyline
 90
6
 70
1
 10
470106.30357
 20
4349743.253450612
 10
470106.30357
 20
4349744.253450612
 10
470107.1309778971
 20
4349744.253450612
 10
470106.8575374518
 20
4349743.657211028
 10
470106.88054773543
 20
4349743.253450612
 10
470106.30357
 20
4349743.253450612
  0
TEXT
  5
398
330
17
100
AcDbEntity
  8
0
 62
4
100
AcDbText
 10
470106.48891383724
 20
4349743.8853308195
 30
0.0
 40
0.1333
  1
0.71
  7
CN_TTF
 11
470106.48891383724
 21
4349743.8853308195
 31
0.0
100
AcDbText
  0
LWPOLYLINE
  5
399
330
17
100
AcDbEntity
  8
爆区方格网
 62
4
100
AcDbPolyline
 90
6
 70
1
 10
470106.30357
 20
4349744.253450612
 10
470106.30357
 20
4349745.253450612
 10
470107.30357
 20
4349745.253450612
 10
470107.30357
 20
4349744.6297893915
 10
470107.1309778971
 20
4349744.253450612
 10
470106.30357
 20
4349744.253450612
  0
TEXT
  5
39A
330
17
100
AcDbEntity
  8
0
 62
4
100
AcDbText
 10
470106.64357
 20
4349744.871620001
 30
0.0
 40
0.1333
  1
0.71
  7
CN_TTF
 11
470106.64357
 21
4349744.871620001
 31
0.0
100
AcDbText
  0
LWPOLYLINE
  5
39B
330
17
100
AcDbEntity
  8
爆区方格网
 62
4
100
AcDbPolyline
 90
5
 70
1
 10
470106.30357
 20
4349745.253450612
 10
470106.30357
 20
4349746.253450612
 10
470107.30357
 20
4349746.253450612
 10
470107.30357
 20
4349745.253450612
 10
470106.30357
 20
4349745.253450612
  0
TEXT
  5
39C
330
17
100
AcDbEntity
  8
0
 62
4
100
AcDbText
 10
470106.64357
 20
4349745.683450611
 30
0.0
 40
0.1333
  1
0.71
  7
CN_TTF
 11
470106.64357
 21
4349745.683450611
 31
0.0
100
AcDbText
  0
LWPOLYLINE
  5
39D
330
17
100
AcDbEntity
  8
爆区方格网
 62
4
100
AcDbPolyline
 90
5
 70
1
 10
470106.30357
 20
4349746.253450612
 10
470106.30357
 20
4349747.253450612
 10
470107.30357
 20
4349747.253450612
 10
470107.30357
 20
4349746.253450612
 10
470106.30357
 20
4349746.253450612
  0
TEXT
  5
39E
330
17
100
AcDbEntity
  8
0
 62
4
100
AcDbText
 10
470106.64357
 20
4349746.683450611
 30
0.0
 40
0.1333
  1
0.82
  7
CN_TTF
 11
470106.64357
 21
4349746.683450611
 31
0.0
100
AcDbText
  0
LWPOLYLINE
  5
39F
330
17
100
AcDbEntity
  8
爆区方格网
 62
4
100
AcDbPolyline
 90
5
 70
1
 10
470106.30357
 20
4349747.253450612
 10
470106.30357
 20
4349748.253450612
 10
470107.30357
 20
4349748.253450612
 10
470107.30357
 20
4349747.253450612
 10
470106.30357
 20
4349747.253450612
  0
TEXT
  5
3A0
330
17
100
AcDbEntity
  8
0
 62
4
100
AcDbText
 10
470106.64357
 20
4349747.683450611
 30
0.0
 40
0.1333
  1
0.82
  7
CN_TTF
 11
470106.64357
 21
4349747.683450611
 31
0.0
100
AcDbText
  0
LWPOLYLINE
  5
3A1
330
17
100
AcDbEntity
  8
爆区方格网
 62
4
100
AcDbPolyline
 90
5
 70
1
 10
470106.30357
 20
4349748.253450612
 10
470106.30357
 20
4349749.253450612
 10
470107.30357
 20
4349749.253450612
 10
470107.30357
 20
4349748.253450612
 10
470106.30357
 20
4349748.253450612
  0
TEXT
  5
3A2
330
17
100
AcDbEntity
  8
0
 62
4
100
AcDbText
 10
470106.64357
 20
4349748.683450611
 30
0.0
 40
0.1333
  1
0.82
  7
CN_TTF
 11
470106.64357
 21
4349748.683450611
 31
0.0
100
AcDbText
  0
LWPOLYLINE
  5
3A3
330
17
100
AcDbEntity
  8
爆区方格网
 62
4
100
AcDbPolyline
 90
5
 70
1
 10
470106.30357
 20
4349749.253450612
 10
470106.30357
 20
4349750.253450612
 10
470107.30357
 20
4349750.253450612
 10
470107.30357
 20
4349749.253450612
 10
470106.30357
 20
4349749.253450612
  0
TEXT
  5
3A4
330
17
100
AcDbEntity
  8
0
 62
4
100
AcDbText
 10
470106.64357
 20
4349749.683450611
 30
0.0
 40
0.1333
  1
0.82
  7
CN_TTF
 11
470106.64357
 21
4349749.683450611
 31
0.0
100
AcDbText
  0
LWPOLYLINE
  5
3A5
330
17
100
AcDbEntity
  8
爆区方格网
 62
4
100
AcDbPolyline
 90
5
 70
1
 10
470106.30357
 20
4349750.253450612
 10
470106.30357
 20
4349751.253450612
 10
470107.30357
 20
4349751.253450612
 10
470107.30357
 20
4349750.253450612
 10
470106.30357
 20
4349750.253450612
  0
TEXT
  5
3A6
330
17
100
AcDbEntity
  8
0
 62
4
100
AcDbText
 10
470106.64357
 20
4349750.683450611
 30
0.0
 40
0.1333
  1
0.82
  7
CN_TTF
 11
470106.64357
 21
4349750.683450611
 31
0.0
100
AcDbText
  0
LWPOLYLINE
  5
3A7
330
17
100
AcDbEntity
  8
爆区方格网
 62
4
100
AcDbPolyline
 90
6
 70
1
 10
470107.30357
 20
4349751.253450612
 10
470106.30357
 20
4349751.253450612
 10
470106.30357
 20
4349752.253450612
 10
470106.81575946475
 20
4349752.253450612
 10
470107.30357
 20
4349752.096675468
 10
470107.30357
 20
4349751.253450612
  0
TEXT
  5
3A8
330
17
100
AcDbEntity
  8
0
 62
4
100
AcDbText
 10
470106.64357
 20
4349751.60506304
 30
0.0
 40
0.1333
  1
0.82
  7
CN_TTF
 11
470106.64357
 21
4349751.60506304
 31
0.0
100
AcDbText
  0
LWPOLYLINE
  5
3A9
330
17
100
AcDbEntity
  8
爆区方格网
 62
4
100
AcDbPolyline
 90
4
 70
1
 10
470106.30357
 20
4349752.253450612
 10
470106.30357
 20
4349752.418060786
 10
470106.81575946475
 20
4349752.253450612
 10
470106.30357
 20
4349752.253450612
  0
TEXT
  5
3AA
330
17
100
AcDbEntity
  8
0
 62
4
100
AcDbText
 10
470106.27161736693
 20
4349752.265755698
 30
0.0
 40
0.1333
  1
0.82
  7
CN_TTF
 11
470106.27161736693
 21
4349752.265755698
 31
0.0
100
AcDbText
  0
LWPOLYLINE
  5
3AB
330
17
100
AcDbEntity
  8
爆区方格网
 62
4
100
AcDbPolyline
 90
5
 70
1
 10
470107.30357
 20
4349735.253450612
 10
470107.9401652368
 20
4349735.253450612
 10
470108.1229927102
 20
4349734.768729979
 10
470107.30357
 20
4349734.529279342
 10
470107.30357
 20
4349735.253450612
  0
TEXT
  5
3AC
330
17
100
AcDbEntity
  8
0
 62
4
100
AcDbText
 10
470107.5075744868
 20
4349734.941090295
 30
0.0
 40
0.1333
  1
0.87
  7
CN_TTF
 11
470107.5075744868
 21
4349734.941090295
 31
0.0
100
AcDbText
  0
LWPOLYLINE
  5
3AD
330
17
100
AcDbEntity
  8
爆区方格网
 62
4
100
AcDbPolyline
 90
5
 70
1
 10
470107.30357
 20
4349735.253450612
 10
470107.30357
 20
4349736.253450612
 10
470107.5629841119
 20
4349736.253450612
 10
470107.9401652368
 20
4349735.253450612
 10
470107.30357
 20
4349735.253450612
  0
TEXT
  5
3AE
330
17
100
AcDbEntity
  8
0
 62
4
100
AcDbText
 10
470107.3675723372
 20
4349735.683450611
 30
0.0
 40
0.1333
  1
0.87
  7
CN_TTF
 11
470107.3675723372
 21
4349735.683450611
 31
0.0
100
AcDbText
  0
LWPOLYLINE
  5
3AF
330
17
100
AcDbEntity
  8
爆区方格网
 62
4
100
AcDbPolyline
 90
4
 70
1
 10
470107.30357
 20
4349736.253450612
 10
470107.30357
 20
4349736.9412212735
 10
470107.5629841119
 20
4349736.253450612
 10
470107.30357
 20
4349736.253450612
  0
TEXT
  5
3B0
330
17
100
AcDbEntity
  8
0
 62
4
100
AcDbText
 10
470107.20842352806
 20
4349736.527335942
 30
0.0
 40
0.1333
  1
0.87
  7
CN_TTF
 11
470107.20842352806
 21
4349736.527335942
 31
0.0
100
AcDbText
  0
LWPOLYLINE
  5
3B1
330
17
100
AcDbEntity
  8
爆区方格网
 62
4
100
AcDbPolyline
 90
4
 70
1
 10
470107.30357
 20
4349745.253450612
 10
470107.5895862366
 20
4349745.253450612
 10
470107.30357
 20
4349744.6297893915
 10
470107.30357
 20
4349745.253450612
  0
TEXT
  5
3B2
330
17
100
AcDbEntity
  8
0
 62
4
100
AcDbText
 10
470107.21507405915
 20
4349744.871620001
 30
0.0
 40
0.1333
  1
0.71
  7
CN_TTF
 11
470107.21507405915
 21
4349744.871620001
 31
0.0
100
AcDbText
  0
LWPOLYLINE
  5
3B3
330
17
100
AcDbEntity
  8
爆区方格网
 62
4
100
AcDbPolyline
 90
6
 70
1
 10
470107.30357
 20
4349745.253450612
 10
470107.30357
 20
4349746.253450612
 10
470108.04819457605
 20
4349746.253450612
 10
470107.9019531365
 20
4349745.934569713
 10
470107.5895862366
 20
4349745.253450612
 10
470107.30357
 20
4349745.253450612
  0
TEXT
  5
3B4
330
17
100
AcDbEntity
  8
0
 62
4
100
AcDbText
 10
470107.3646698433
 20
4349745.524010162
 30
0.0
 40
0.1333
  1
0.71
  7
CN_TTF
 11
470107.3646698433
 21
4349745.524010162
 31
0.0
100
AcDbText
  0
LWPOLYLINE
  5
3B5
330
17
100
AcDbEntity
  8
爆区方格网
 62
4
100
AcDbPolyline
 90
6
 70
1
 10
470107.30357
 20
4349746.253450612
 10
470107.30357
 20
4349747.253450612
 10
470108.30357
 20
4349747.253450612
 10
470108.30357
 20
4349746.810299238
 10
470108.04819457605
 20
4349746.253450612
 10
470107.30357
 20
4349746.253450612
  0
TEXT
  5
3B6
330
17
100
AcDbEntity
  8
0
 62
4
100
AcDbText
 10
470107.57972614403
 20
4349746.461874925
 30
0.0
 40
0.1333
  1
0.82
  7
CN_TTF
 11
470107.57972614403
 21
4349746.461874925
 31
0.0
100
AcDbText
  0
LWPOLYLINE
  5
3B7
330
17
100
AcDbEntity
  8
爆区方格网
 62
4
100
AcDbPolyline
 90
5
 70
1
 10
470107.30357
 20
4349747.253450612
 10
470107.30357
 20
4349748.253450612
 10
470108.30357
 20
4349748.253450612
 10
470108.30357
 20
4349747.253450612
 10
470107.30357
 20
4349747.253450612
  0
TEXT
  5
3B8
330
17
100
AcDbEntity
  8
0
 62
4
100
AcDbText
 10
470107.64357
 20
4349747.683450611
 30
0.0
 40
0.1333
  1
0.82
  7
CN_TTF
 11
470107.64357
 21
4349747.683450611
 31
0.0
100
AcDbText
  0
LWPOLYLINE
  5
3B9
330
17
100
AcDbEntity
  8
爆区方格网
 62
4
100
AcDbPolyline
 90
5
 70
1
 10
470107.30357
 20
4349748.253450612
 10
470107.30357
 20
4349749.253450612
 10
470108.30357
 20
4349749.253450612
 10
470108.30357
 20
4349748.253450612
 10
470107.30357
 20
4349748.253450612
  0
TEXT
  5
3BA
330
17
100
AcDbEntity
  8
0
 62
4
100
AcDbText
 10
470107.64357
 20
4349748.683450611
 30
0.0
 40
0.1333
  1
0.82
  7
CN_TTF
 11
470107.64357
 21
4349748.683450611
 31
0.0
100
AcDbText
  0
LWPOLYLINE
  5
3BB
330
17
100
AcDbEntity
  8
爆区方格网
 62
4
100
AcDbPolyline
 90
5
 70
1
 10
470107.30357
 20
4349749.253450612
 10
470107.30357
 20
4349750.253450612
 10
470108.30357
 20
4349750.253450612
 10
470108.30357
 20
4349749.253450612
 10
470107.30357
 20
4349749.253450612
  0
TEXT
  5
3BC
330
17
100
AcDbEntity
  8
0
 62
4
100
AcDbText
 10
470107.64357
 20
4349749.683450611
 30
0.0
 40
0.1333
  1
0.82
  7
CN_TTF
 11
470107.64357
 21
4349749.683450611
 31
0.0
100
AcDbText
  0
LWPOLYLINE
  5
3BD
330
17
100
AcDbEntity
  8
爆区方格网
 62
4
100
AcDbPolyline
 90
5
 70
1
 10
470107.30357
 20
4349750.253450612
 10
470107.30357
 20
4349751.253450612
 10
470108.30357
 20
4349751.253450612
 10
470108.30357
 20
4349750.253450612
 10
470107.30357
 20
4349750.253450612
  0
TEXT
  5
3BE
330
17
100
AcDbEntity
  8
0
 62
4
100
AcDbText
 10
470107.64357
 20
4349750.683450611
 30
0.0
 40
0.1333
  1
0.82
  7
CN_TTF
 11
470107.64357
 21
4349750.683450611
 31
0.0
100
AcDbText
  0
LWPOLYLINE
  5
3BF
330
17
100
AcDbEntity
  8
爆区方格网
 62
4
100
AcDbPolyline
 90
6
 70
1
 10
470108.30357
 20
4349751.253450612
 10
470107.30357
 20
4349751.253450612
 10
470107.30357
 20
4349752.096675468
 10
470108.1650009155
 20
4349751.819824219
 10
470108.30357
 20
4349751.447894904
 10
470108.30357
 20
4349751.253450612
  0
TEXT
  5
3C0
330
17
100
AcDbEntity
  8
0
 62
4
100
AcDbText
 10
470107.6089277288
 20
4349751.563859561
 30
0.0
 40
0.1333
  1
0.82
  7
CN_TTF
 11
470107.6089277288
 21
4349751.563859561
 31
0.0
100
AcDbText
  0
LWPOLYLINE
  5
3C1
330
17
100
AcDbEntity
  8
爆区方格网
 62
4
100
AcDbPolyline
 90
4
 70
1
 10
470108.30357
 20
4349747.253450612
 10
470108.5068029156
 20
4349747.253450612
 10
470108.30357
 20
4349746.810299238
 10
470108.30357
 20
4349747.253450612
  0
TEXT
  5
3C2
330
17
100
AcDbEntity
  8
0
 62
4
100
AcDbText
 10
470108.1943782289
 20
4349746.961874925
 30
0.0
 40
0.1333
  1
0.82
  7
CN_TTF
 11
470108.1943782289
 21
4349746.961874925
 31
0.0
100
AcDbText
  0
LWPOLYLINE
  5
3C3
330
17
100
AcDbEntity
  8
爆区方格网
 62
4
100
AcDbPolyline
 90
5
 70
1
 10
470108.30357
 20
4349747.253450612
 10
470108.30357
 20
4349748.253450612
 10
470108.9654112552
 20
4349748.253450612
 10
470108.5068029156
 20
4349747.253450612
 10
470108.30357
 20
4349747.253450612
  0
TEXT
  5
3C4
330
17
100
AcDbEntity
  8
0
 62
4
100
AcDbText
 10
470108.3598385427
 20
4349747.683450611
 30
0.0
 40
0.1333
  1
0.82
  7
CN_TTF
 11
470108.3598385427
 21
4349747.683450611
 31
0.0
100
AcDbText
  0
LWPOLYLINE
  5
3C5
330
17
100
AcDbEntity
  8
爆区方格网
 62
4
100
AcDbPolyline
 90
6
 70
1
 10
470108.30357
 20
4349748.253450612
 10
470108.30357
 20
4349749.253450612
 10
470109.1211504486
 20
4349749.253450612
 10
470109.25690913433
 20
4349748.889064607
 10
470108.9654112552
 20
4349748.253450612
 10
470108.30357
 20
4349748.253450612
  0
TEXT
  5
3C6
330
17
100
AcDbEntity
  8
0
 62
4
100
AcDbText
 10
470108.5473650975
 20
4349748.50125761
 30
0.0
 40
0.1333
  1
0.82
  7
CN_TTF
 11
470108.5473650975
 21
4349748.50125761
 31
0.0
100
AcDbText
  0
LWPOLYLINE
  5
3C7
330
17
100
AcDbEntity
  8
爆区方格网
 62
4
100
AcDbPolyline
 90
5
 70
1
 10
470108.30357
 20
4349749.253450612
 10
470108.30357
 20
4349750.253450612
 10
470108.748582117
 20
4349750.253450612
 10
470109.1211504486
 20
4349749.253450612
 10
470108.30357
 20
4349749.253450612
  0
TEXT
  5
3C8
330
17
100
AcDbEntity
  8
0
 62
4
100
AcDbText
 10
470108.45921814145
 20
4349749.683450611
 30
0.0
 40
0.1333
  1
0.82
  7
CN_TTF
 11
470108.45921814145
 21
4349749.683450611
 31
0.0
100
AcDbText
  0
LWPOLYLINE
  5
3C9
330
17
100
AcDbEntity
  8
爆区方格网
 62
4
100
AcDbPolyline
 90
5
 70
1
 10
470108.30357
 20
4349750.253450612
 10
470108.30357
 20
4349751.253450612
 10
470108.3760137854
 20
4349751.253450612
 10
470108.748582117
 20
4349750.253450612
 10
470108.30357
 20
4349750.253450612
  0
TEXT
  5
3CA
330
17
100
AcDbEntity
  8
0
 62
4
100
AcDbText
 10
470108.2729339756
 20
4349750.683450611
 30
0.0
 40
0.1333
  1
0.82
  7
CN_TTF
 11
470108.2729339756
 21
4349750.683450611
 31
0.0
100
AcDbText
  0
LWPOLYLINE
  5
3CB
330
17
100
AcDbEntity
  8
爆区方格网
 62
4
100
AcDbPolyline
 90
4
 70
1
 10
470108.30357
 20
4349751.253450612
 10
470108.30357
 20
4349751.447894904
 10
470108.3760137854
 20
4349751.253450612
 10
470108.30357
 20
4349751.253450612
  0
TEXT
  5
3CC
330
17
100
AcDbEntity
  8
0
 62
4
100
AcDbText
 10
470108.1616809464
 20
4349751.280672757
 30
0.0
 40
0.1333
  1
0.82
  7
CN_TTF
 11
470108.1616809464
 21
4349751.280672757
 31
0.0
100
AcDbText
  0
LINE
  5
3CD
330
17
100
AcDbEntity
  8
点
 62
138
100
AcDbLine
 10
470103.485
 20
4349729.2
 30
0.0
 11
470104.485
 21
4349729.2
 31
0.0
  0
LINE
  5
3CE
330
17
100
AcDbEntity
  8
点
 62
138
100
AcDbLine
 10
470103.985
 20
4349728.7
 30
0.0
 11
470103.985
 21
4349729.7
 31
0.0
  0
LINE
  5
3CF
330
17
100
AcDbEntity
  8
钻孔
 62
5
370
35
100
AcDbLine
 10
470103.985
 20
4349729.2
 30
0.0
 11
470102.785
 21
4349729.2
 31
0.0
  0
TEXT
  5
3D0
330
17
100
AcDbEntity
  8
钻孔
 62
138
100
AcDbText
 10
470101.70499999996
 20
4349729.600000001
 30
0.0
 40
0.4
  1
BS-3940-1008-P1
  7
CN_TTF
 11
470101.70499999996
 21
4349729.600000001
 31
0.0
100
AcDbText
  0
TEXT
  5
3D1
330
17
100
AcDbEntity
  8
钻孔
 62
5
100
AcDbText
 10
470100.795
 20
4349728.850000001
 30
0.0
 40
0.7
  1
1.11
  7
CN_TTF
 11
470100.795
 21
4349728.850000001
 31
0.0
100
AcDbText
  0
LINE
  5
3D2
330
17
100
AcDbEntity
  8
点
 62
138
100
AcDbLine
 10
470105.711
 20
4349731.335
 30
0.0
 11
470106.711
 21
4349731.335
 31
0.0
  0
LINE
  5
3D3
330
17
100
AcDbEntity
  8
点
 62
138
100
AcDbLine
 10
470106.211
 20
4349730.835
 30
0.0
 11
470106.211
 21
4349731.835
 31
0.0
  0
LINE
  5
3D4
330
17
100
AcDbEntity
  8
钻孔
 62
5
370
35
100
AcDbLine
 10
470106.211
 20
4349731.335
 30
0.0
 11
470105.011
 21
4349731.335
 31
0.0
  0
TEXT
  5
3D5
330
17
100
AcDbEntity
  8
钻孔
 62
138
100
AcDbText
 10
470103.931
 20
4349731.735
 30
0.0
 40
0.4
  1
BS-3940-1008-P2
  7
CN_TTF
 11
470103.931
 21
4349731.735
 31
0.0
100
AcDbText
  0
TEXT
  5
3D6
330
17
100
AcDbEntity
  8
钻孔
 62
5
100
AcDbText
 10
470103.021
 20
4349730.985
 30
0.0
 40
0.7
  1
1.35
  7
CN_TTF
 11
470103.021
 21
4349730.985
 31
0.0
100
AcDbText
  0
LINE
  5
3D7
330
17
100
AcDbEntity
  8
点
 62
138
100
AcDbLine
 10
470102.881
 20
4349733.749
 30
0.0
 11
470103.881
 21
4349733.749
 31
0.0
  0
LINE
  5
3D8
330
17
100
AcDbEntity
  8
点
 62
138
100
AcDbLine
 10
470103.381
 20
4349733.249
 30
0.0
 11
470103.381
 21
4349734.249
 31
0.0
  0
LINE
  5
3D9
330
17
100
AcDbEntity
  8
钻孔
 62
5
370
35
100
AcDbLine
 10
470103.381
 20
4349733.749
 30
0.0
 11
470102.181
 21
4349733.749
 31
0.0
  0
TEXT
  5
3DA
330
17
100
AcDbEntity
  8
钻孔
 62
138
100
AcDbText
 10
470101.10099999997
 20
4349734.149
 30
0.0
 40
0.4
  1
BS-3940-1008-P3
  7
CN_TTF
 11
470101.10099999997
 21
4349734.149
 31
0.0
100
AcDbText
  0
TEXT
  5
3DB
330
17
100
AcDbEntity
  8
钻孔
 62
5
100
AcDbText
 10
470100.191
 20
4349733.399
 30
0.0
 40
0.7
  1
1.32
  7
CN_TTF
 11
470100.191
 21
4349733.399
 31
0.0
100
AcDbText
  0
LINE
  5
3DC
330
17
100
AcDbEntity
  8
点
 62
138
100
AcDbLine
 10
470103.756
 20
4349736.512
 30
0.0
 11
470104.756
 21
4349736.512
 31
0.0
  0
LINE
  5
3DD
330
17
100
AcDbEntity
  8
点
 62
138
100
AcDbLine
 10
470104.256
 20
4349736.012
 30
0.0
 11
470104.256
 21
4349737.012
 31
0.0
  0
LINE
  5
3DE
330
17
100
AcDbEntity
  8
钻孔
 62
4
370
35
100
AcDbLine
 10
470104.256
 20
4349736.512
 30
0.0
 11
470103.056
 21
4349736.512
 31
0.0
  0
TEXT
  5
3DF
330
17
100
AcDbEntity
  8
钻孔
 62
138
100
AcDbText
 10
470101.97599999997
 20
4349736.9120000005
 30
0.0
 40
0.4
  1
BS-3940-1008-P4
  7
CN_TTF
 11
470101.97599999997
 21
4349736.9120000005
 31
0.0
100
AcDbText
  0
TEXT
  5
3E0
330
17
100
AcDbEntity
  8
钻孔
 62
4
100
AcDbText
 10
470101.066
 20
4349736.1620000005
 30
0.0
 40
0.7
  1
0.87
  7
CN_TTF
 11
470101.066
 21
4349736.1620000005
 31
0.0
100
AcDbText
  0
LINE
  5
3E1
330
17
100
AcDbEntity
  8
点
 62
138
100
AcDbLine
 10
470100.71
 20
4349739.658
 30
0.0
 11
470101.71
 21
4349739.658
 31
0.0
  0
LINE
  5
3E2
330
17
100
AcDbEntity
  8
点
 62
138
100
AcDbLine
 10
470101.21
 20
4349739.158
 30
0.0
 11
470101.21
 21
4349740.158
 31
0.0
  0
LINE
  5
3E3
330
17
100
AcDbEntity
  8
钻孔
 62
5
370
35
100
AcDbLine
 10
470101.21
 20
4349739.658
 30
0.0
 11
470100.01
 21
4349739.658
 31
0.0
  0
TEXT
  5
3E4
330
17
100
AcDbEntity
  8
钻孔
 62
138
100
AcDbText
 10
470098.93
 20
4349740.058
 30
0.0
 40
0.4
  1
BS-3940-1008-P5
  7
CN_TTF
 11
470098.93
 21
4349740.058
 31
0.0
100
AcDbText
  0
TEXT
  5
3E5
330
17
100
AcDbEntity
  8
钻孔
 62
5
100
AcDbText
 10
470098.02
 20
4349739.308
 30
0.0
 40
0.7
  1
1.26
  7
CN_TTF
 11
470098.02
 21
4349739.308
 31
0.0
100
AcDbText
  0
LINE
  5
3E6
330
17
100
AcDbEntity
  8
点
 62
138
100
AcDbLine
 10
470103.323
 20
4349744.23
 30
0.0
 11
470104.323
 21
4349744.23
 31
0.0
  0
LINE
  5
3E7
330
17
100
AcDbEntity
  8
点
 62
138
100
AcDbLine
 10
470103.823
 20
4349743.73
 30
0.0
 11
470103.823
 21
4349744.73
 31
0.0
  0
LINE
  5
3E8
330
17
100
AcDbEntity
  8
钻孔
 62
4
370
35
100
AcDbLine
 10
470103.823
 20
4349744.23
 30
0.0
 11
470102.62299999996
 21
4349744.23
 31
0.0
  0
TEXT
  5
3E9
330
17
100
AcDbEntity
  8
钻孔
 62
138
100
AcDbText
 10
470101.54299999995
 20
4349744.630000001
 30
0.0
 40
0.4
  1
BS-3940-1008-P6
  7
CN_TTF
 11
470101.54299999995
 21
4349744.630000001
 31
0.0
100
AcDbText
  0
TEXT
  5
3EA
330
17
100
AcDbEntity
  8
钻孔
 62
4
100
AcDbText
 10
470100.633
 20
4349743.880000001
 30
0.0
 40
0.7
  1
0.71
  7
CN_TTF
 11
470100.633
 21
4349743.880000001
 31
0.0
100
AcDbText
  0
LINE
  5
3EB
330
17
100
AcDbEntity
  8
点
 62
138
100
AcDbLine
 10
470098.941
 20
4349746.238
 30
0.0
 11
470099.941
 21
4349746.238
 31
0.0
  0
LINE
  5
3EC
330
17
100
AcDbEntity
  8
点
 62
138
100
AcDbLine
 10
470099.441
 20
4349745.738
 30
0.0
 11
470099.441
 21
4349746.738
 31
0.0
  0
LINE
  5
3ED
330
17
100
AcDbEntity
  8
钻孔
 62
5
370
35
100
AcDbLine
 10
470099.441
 20
4349746.238
 30
0.0
 11
470098.241
 21
4349746.238
 31
0.0
  0
TEXT
  5
3EE
330
17
100
AcDbEntity
  8
钻孔
 62
138
100
AcDbText
 10
470097.16099999996
 20
4349746.638
 30
0.0
 40
0.4
  1
BS-3940-1008-P7
  7
CN_TTF
 11
470097.16099999996
 21
4349746.638
 31
0.0
100
AcDbText
  0
TEXT
  5
3EF
330
17
100
AcDbEntity
  8
钻孔
 62
5
100
AcDbText
 10
470096.251
 20
4349745.888
 30
0.0
 40
0.7
  1
1.04
  7
CN_TTF
 11
470096.251
 21
4349745.888
 31
0.0
100
AcDbText
  0
LINE
  5
3F0
330
17
100
AcDbEntity
  8
点
 62
138
100
AcDbLine
 10
470101.488
 20
4349750.804
 30
0.0
 11
470102.488
 21
4349750.804
 31
0.0
  0
LINE
  5
3F1
330
17
100
AcDbEntity
  8
点
 62
138
100
AcDbLine
 10
470101.988
 20
4349750.304
 30
0.0
 11
470101.988
 21
4349751.304
 31
0.0
  0
LINE
  5
3F2
330
17
100
AcDbEntity
  8
钻孔
 62
4
370
35
100
AcDbLine
 10
470101.988
 20
4349750.804
 30
0.0
 11
470100.788
 21
4349750.804
 31
0.0
  0
TEXT
  5
3F3
330
17
100
AcDbEntity
  8
钻孔
 62
138
100
AcDbText
 10
470099.708
 20
4349751.204
 30
0.0
 40
0.4
  1
BS-3940-1008-P8
  7
CN_TTF
 11
470099.708
 21
4349751.204
 31
0.0
100
AcDbText
  0
TEXT
  5
3F4
330
17
100
AcDbEntity
  8
钻孔
 62
4
100
AcDbText
 10
470098.798
 20
4349750.454
 30
0.0
 40
0.7
  1
0.51
  7
CN_TTF
 11
470098.798
 21
4349750.454
 31
0.0
100
AcDbText
  0
LINE
  5
3F5
330
17
100
AcDbEntity
  8
点
 62
138
100
AcDbLine
 10
470106.034
 20
4349750.135
 30
0.0
 11
470107.034
 21
4349750.135
 31
0.0
  0
LINE
  5
3F6
330
17
100
AcDbEntity
  8
点
 62
138
100
AcDbLine
 10
470106.534
 20
4349749.635
 30
0.0
 11
470106.534
 21
4349750.635
 31
0.0
  0
LINE
  5
3F7
330
17
100
AcDbEntity
  8
钻孔
 62
4
370
35
100
AcDbLine
 10
470106.534
 20
4349750.135
 30
0.0
 11
470105.334
 21
4349750.135
 31
0.0
  0
TEXT
  5
3F8
330
17
100
AcDbEntity
  8
钻孔
 62
138
100
AcDbText
 10
470104.25399999996
 20
4349750.535
 30
0.0
 40
0.4
  1
BS-3940-1008-P9
  7
CN_TTF
 11
470104.25399999996
 21
4349750.535
 31
0.0
100
AcDbText
  0
TEXT
  5
3F9
330
17
100
AcDbEntity
  8
钻孔
 62
4
100
AcDbText
 10
470103.344
 20
4349749.785
 30
0.0
 40
0.7
  1
0.82
  7
CN_TTF
 11
470103.344
 21
4349749.785
 31
0.0
100
AcDbText
  0
LINE
  5
3FA
330
17
100
AcDbEntity
  8
点
 62
138
100
AcDbLine
 10
470109.301
 20
4349753.499
 30
0.0
 11
470110.301
 21
4349753.499
 31
0.0
  0
LINE
  5
3FB
330
17
100
AcDbEntity
  8
点
 62
138
100
AcDbLine
 10
470109.801
 20
4349752.999
 30
0.0
 11
470109.801
 21
4349753.999
 31
0.0
  0
LINE
  5
3FC
330
17
100
AcDbEntity
  8
钻孔
 62
8
370
35
100
AcDbLine
 10
470109.801
 20
4349753.499
 30
0.0
 11
470108.60099999997
 21
4349753.499
 31
0.0
  0
TEXT
  5
3FD
330
17
100
AcDbEntity
  8
钻孔
 62
138
100
AcDbText
 10
470107.52099999995
 20
4349753.899
 30
0.0
 40
0.4
  1
BS-3940-1008-P10
  7
CN_TTF
 11
470107.52099999995
 21
4349753.899
 31
0.0
100
AcDbText
  0
TEXT
  5
3FE
330
17
100
AcDbEntity
  8
钻孔
 62
8
100
AcDbText
 10
470106.611
 20
4349753.149
 30
0.0
 40
0.7
  1
0.15
  7
CN_TTF
 11
470106.611
 21
4349753.149
 31
0.0
100
AcDbText
  0
LINE
  5
3FF
330
17
100
AcDbEntity
  8
点
 62
138
100
AcDbLine
 10
470104.63
 20
4349755.804
 30
0.0
 11
470105.63
 21
4349755.804
 31
0.0
  0
LINE
  5
400
330
17
100
AcDbEntity
  8
点
 62
138
100
AcDbLine
 10
470105.13
 20
4349755.304
 30
0.0
 11
470105.13
 21
4349756.304
 31
0.0
  0
LINE
  5
401
330
17
100
AcDbEntity
  8
钻孔
 62
8
370
35
100
AcDbLine
 10
470105.13
 20
4349755.804
 30
0.0
 11
470103.93
 21
4349755.804
 31
0.0
  0
TEXT
  5
402
330
17
100
AcDbEntity
  8
钻孔
 62
138
100
AcDbText
 10
470102.85
 20
4349756.204
 30
0.0
 40
0.4
  1
BS-3940-1008-P11
  7
CN_TTF
 11
470102.85
 21
4349756.204
 31
0.0
100
AcDbText
  0
TEXT
  5
403
330
17
100
AcDbEntity
  8
钻孔
 62
8
100
AcDbText
 10
470101.94
 20
4349755.454
 30
0.0
 40
0.7
  1
0.18
  7
CN_TTF
 11
470101.94
 21
4349755.454
 31
0.0
100
AcDbText
  0
LINE
  5
404
330
17
100
AcDbEntity
  8
点
 62
138
100
AcDbLine
 10
470096.92
 20
4349753.81
 30
0.0
 11
470097.92
 21
4349753.81
 31
0.0
  0
LINE
  5
405
330
17
100
AcDbEntity
  8
点
 62
138
100
AcDbLine
 10
470097.42
 20
4349753.31
 30
0.0
 11
470097.42
 21
4349754.31
 31
0.0
  0
LINE
  5
406
330
17
100
AcDbEntity
  8
钻孔
 62
5
370
35
100
AcDbLine
 10
470097.42
 20
4349753.81
 30
0.0
 11
470096.22
 21
4349753.81
 31
0.0
  0
TEXT
  5
407
330
17
100
AcDbEntity
  8
钻孔
 62
138
100
AcDbText
 10
470095.13999999996
 20
4349754.21
 30
0.0
 40
0.4
  1
BS-3940-1008-P12
  7
CN_TTF
 11
470095.13999999996
 21
4349754.21
 31
0.0
100
AcDbText
  0
TEXT
  5
408
330
17
100
AcDbEntity
  8
钻孔
 62
5
100
AcDbText
 10
470094.23
 20
4349753.46
 30
0.0
 40
0.7
  1
1.16
  7
CN_TTF
 11
470094.23
 21
4349753.46
 31
0.0
100
AcDbText
  0
LINE
  5
409
330
17
100
AcDbEntity
  8
点
 62
138
100
AcDbLine
 10
470099.705
 20
4349758.128
 30
0.0
 11
470100.705
 21
4349758.128
 31
0.0
  0
LINE
  5
40A
330
17
100
AcDbEntity
  8
点
 62
138
100
AcDbLine
 10
470100.205
 20
4349757.628
 30
0.0
 11
470100.205
 21
4349758.628
 31
0.0
  0
LINE
  5
40B
330
17
100
AcDbEntity
  8
钻孔
 62
8
370
35
100
AcDbLine
 10
470100.205
 20
4349758.128
 30
0.0
 11
470099.005
 21
4349758.128
 31
0.0
  0
TEXT
  5
40C
330
17
100
AcDbEntity
  8
钻孔
 62
138
100
AcDbText
 10
470097.925
 20
4349758.528
 30
0.0
 40
0.4
  1
BS-3940-1008-P13
  7
CN_TTF
 11
470097.925
 21
4349758.528
 31
0.0
100
AcDbText
  0
TEXT
  5
40D
330
17
100
AcDbEntity
  8
钻孔
 62
8
100
AcDbText
 10
470097.015
 20
4349757.778
 30
0.0
 40
0.7
  1
0.38
  7
CN_TTF
 11
470097.015
 21
4349757.778
 31
0.0
100
AcDbText
  0
LINE
  5
40E
330
17
100
AcDbEntity
  8
点
 62
138
100
AcDbLine
 10
470095.212
 20
4349760.476
 30
0.0
 11
470096.212
 21
4349760.476
 31
0.0
  0
LINE
  5
40F
330
17
100
AcDbEntity
  8
点
 62
138
100
AcDbLine
 10
470095.712
 20
4349759.976
 30
0.0
 11
470095.712
 21
4349760.976
 31
0.0
  0
LINE
  5
410
330
17
100
AcDbEntity
  8
钻孔
 62
4
370
35
100
AcDbLine
 10
470095.712
 20
4349760.476
 30
0.0
 11
470094.512
 21
4349760.476
 31
0.0
  0
TEXT
  5
411
330
17
100
AcDbEntity
  8
钻孔
 62
138
100
AcDbText
 10
470093.432
 20
4349760.876
 30
0.0
 40
0.4
  1
BS-3940-1008-P14
  7
CN_TTF
 11
470093.432
 21
4349760.876
 31
0.0
100
AcDbText
  0
TEXT
  5
412
330
17
100
AcDbEntity
  8
钻孔
 62
4
100
AcDbText
 10
470092.522
 20
4349760.126
 30
0.0
 40
0.7
  1
0.67
  7
CN_TTF
 11
470092.522
 21
4349760.126
 31
0.0
100
AcDbText
  0
LINE
  5
413
330
17
100
AcDbEntity
  8
点
 62
138
100
AcDbLine
 10
470102.708
 20
4349762.47
 30
0.0
 11
470103.708
 21
4349762.47
 31
0.0
  0
LINE
  5
414
330
17
100
AcDbEntity
  8
点
 62
138
100
AcDbLine
 10
470103.208
 20
4349761.97
 30
0.0
 11
470103.208
 21
4349762.97
 31
0.0
  0
LINE
  5
415
330
17
100
AcDbEntity
  8
钻孔
 62
8
370
35
100
AcDbLine
 10
470103.208
 20
4349762.47
 30
0.0
 11
470102.008
 21
4349762.47
 31
0.0
  0
TEXT
  5
416
330
17
100
AcDbEntity
  8
钻孔
 62
138
100
AcDbText
 10
470100.92799999996
 20
4349762.87
 30
0.0
 40
0.4
  1
BS-3940-1008-P15
  7
CN_TTF
 11
470100.92799999996
 21
4349762.87
 31
0.0
100
AcDbText
  0
TEXT
  5
417
330
17
100
AcDbEntity
  8
钻孔
 62
8
100
AcDbText
 10
470100.018
 20
4349762.12
 30
0.0
 40
0.7
  1
0.11
  7
CN_TTF
 11
470100.018
 21
4349762.12
 31
0.0
100
AcDbText
  0
LINE
  5
418
330
17
100
AcDbEntity
  8
点
 62
138
100
AcDbLine
 10
470107.55
 20
4349760.481
 30
0.0
 11
470108.55
 21
4349760.481
 31
0.0
  0
LINE
  5
419
330
17
100
AcDbEntity
  8
点
 62
138
100
AcDbLine
 10
470108.05
 20
4349759.981
 30
0.0
 11
470108.05
 21
4349760.981
 31
0.0
  0
LINE
  5
41A
330
17
100
AcDbEntity
  8
钻孔
 62
8
370
35
100
AcDbLine
 10
470108.05
 20
4349760.481
 30
0.0
 11
470106.85
 21
4349760.481
 31
0.0
  0
TEXT
  5
41B
330
17
100
AcDbEntity
  8
钻孔
 62
138
100
AcDbText
 10
470105.76999999996
 20
4349760.881
 30
0.0
 40
0.4
  1
BS-3940-1008-P16
  7
CN_TTF
 11
470105.76999999996
 21
4349760.881
 31
0.0
100
AcDbText
  0
TEXT
  5
41C
330
17
100
AcDbEntity
  8
钻孔
 62
8
100
AcDbText
 10
470104.86
 20
4349760.131
 30
0.0
 40
0.7
  1
0.17
  7
CN_TTF
 11
470104.86
 21
4349760.131
 31
0.0
100
AcDbText
  0
LINE
  5
41D
330
17
100
AcDbEntity
  8
点
 62
138
100
AcDbLine
 10
470111.465
 20
4349758.65
 30
0.0
 11
470112.465
 21
4349758.65
 31
0.0
  0
LINE
  5
41E
330
17
100
AcDbEntity
  8
点
 62
138
100
AcDbLine
 10
470111.965
 20
4349758.15
 30
0.0
 11
470111.965
 21
4349759.15
 31
0.0
  0
LINE
  5
41F
330
17
100
AcDbEntity
  8
钻孔
 62
8
370
35
100
AcDbLine
 10
470111.965
 20
4349758.65
 30
0.0
 11
470110.765
 21
4349758.65
 31
0.0
  0
TEXT
  5
420
330
17
100
AcDbEntity
  8
钻孔
 62
138
100
AcDbText
 10
470109.685
 20
4349759.050000001
 30
0.0
 40
0.4
  1
BS-3940-1008-P17
  7
CN_TTF
 11
470109.685
 21
4349759.050000001
 31
0.0
100
AcDbText
  0
TEXT
  5
421
330
17
100
AcDbEntity
  8
钻孔
 62
8
100
AcDbText
 10
470108.775
 20
4349758.300000001
 30
0.0
 40
0.7
  1
0.12
  7
CN_TTF
 11
470108.775
 21
4349758.300000001
 31
0.0
100
AcDbText
  0
LINE
  5
422
330
17
100
AcDbEntity
  8
点
 62
138
100
AcDbLine
 10
470112.041
 20
4349754.645
 30
0.0
 11
470113.041
 21
4349754.645
 31
0.0
  0
LINE
  5
423
330
17
100
AcDbEntity
  8
点
 62
138
100
AcDbLine
 10
470112.541
 20
4349754.145
 30
0.0
 11
470112.541
 21
4349755.145
 31
0.0
  0
LINE
  5
424
330
17
100
AcDbEntity
  8
钻孔
 62
8
370
35
100
AcDbLine
 10
470112.541
 20
4349754.645
 30
0.0
 11
470111.341
 21
4349754.645
 31
0.0
  0
TEXT
  5
425
330
17
100
AcDbEntity
  8
钻孔
 62
138
100
AcDbText
 10
470110.261
 20
4349755.045
 30
0.0
 40
0.4
  1
BS-3940-1008-P18
  7
CN_TTF
 11
470110.261
 21
4349755.045
 31
0.0
100
AcDbText
  0
TEXT
  5
426
330
17
100
AcDbEntity
  8
钻孔
 62
8
100
AcDbText
 10
470109.351
 20
4349754.295
 30
0.0
 40
0.7
  1
0.17
  7
CN_TTF
 11
470109.351
 21
4349754.295
 31
0.0
100
AcDbText
  0
LINE
  5
427
330
17
100
AcDbEntity
  8
点
 62
138
100
AcDbLine
 10
470110.66
 20
4349764.446
 30
0.0
 11
470111.66
 21
4349764.446
 31
0.0
  0
LINE
  5
428
330
17
100
AcDbEntity
  8
点
 62
138
100
AcDbLine
 10
470111.16
 20
4349763.946
 30
0.0
 11
470111.16
 21
4349764.946
 31
0.0
  0
LINE
  5
429
330
17
100
AcDbEntity
  8
钻孔
 62
8
370
35
100
AcDbLine
 10
470111.16
 20
4349764.446
 30
0.0
 11
470109.95999999996
 21
4349764.446
 31
0.0
  0
TEXT
  5
42A
330
17
100
AcDbEntity
  8
钻孔
 62
138
100
AcDbText
 10
470108.87999999995
 20
4349764.846000001
 30
0.0
 40
0.4
  1
BS-3940-1008-P19
  7
CN_TTF
 11
470108.87999999995
 21
4349764.846000001
 31
0.0
100
AcDbText
  0
TEXT
  5
42B
330
17
100
AcDbEntity
  8
钻孔
 62
8
100
AcDbText
 10
470107.97
 20
4349764.096000001
 30
0.0
 40
0.7
  1
0.11
  7
CN_TTF
 11
470107.97
 21
4349764.096000001
 31
0.0
100
AcDbText
  0
LINE
  5
42C
330
17
100
AcDbEntity
  8
点
 62
138
100
AcDbLine
 10
470111.67
 20
4349768.548
 30
0.0
 11
470112.67
 21
4349768.548
 31
0.0
  0
LINE
  5
42D
330
17
100
AcDbEntity
  8
点
 62
138
100
AcDbLine
 10
470112.17
 20
4349768.048
 30
0.0
 11
470112.17
 21
4349769.048
 31
0.0
  0
LINE
  5
42E
330
17
100
AcDbEntity
  8
钻孔
 62
8
370
35
100
AcDbLine
 10
470112.17
 20
4349768.548
 30
0.0
 11
470110.97
 21
4349768.548
 31
0.0
  0
TEXT
  5
42F
330
17
100
AcDbEntity
  8
钻孔
 62
138
100
AcDbText
 10
470109.88999999996
 20
4349768.948000001
 30
0.0
 40
0.4
  1
BS-3940-1008-P20
  7
CN_TTF
 11
470109.88999999996
 21
4349768.948000001
 31
0.0
100
AcDbText
  0
TEXT
  5
430
330
17
100
AcDbEntity
  8
钻孔
 62
8
100
AcDbText
 10
470108.98
 20
4349768.198000001
 30
0.0
 40
0.7
  1
0.15
  7
CN_TTF
 11
470108.98
 21
4349768.198000001
 31
0.0
100
AcDbText
  0
LINE
  5
431
330
17
100
AcDbEntity
  8
点
 62
138
100
AcDbLine
 10
470105.785
 20
4349766.593
 30
0.0
 11
470106.785
 21
4349766.593
 31
0.0
  0
LINE
  5
432
330
17
100
AcDbEntity
  8
点
 62
138
100
AcDbLine
 10
470106.285
 20
4349766.093
 30
0.0
 11
470106.285
 21
4349767.093
 31
0.0
  0
LINE
  5
433
330
17
100
AcDbEntity
  8
钻孔
 62
8
370
35
100
AcDbLine
 10
470106.285
 20
4349766.593
 30
0.0
 11
470105.08499999996
 21
4349766.593
 31
0.0
  0
TEXT
  5
434
330
17
100
AcDbEntity
  8
钻孔
 62
138
100
AcDbText
 10
470104.00499999995
 20
4349766.993000001
 30
0.0
 40
0.4
  1
BS-3940-1008-P21
  7
CN_TTF
 11
470104.00499999995
 21
4349766.993000001
 31
0.0
100
AcDbText
  0
TEXT
  5
435
330
17
100
AcDbEntity
  8
钻孔
 62
8
100
AcDbText
 10
470103.095
 20
4349766.243000001
 30
0.0
 40
0.7
  1
0.09
  7
CN_TTF
 11
470103.095
 21
4349766.243000001
 31
0.0
100
AcDbText
  0
LINE
  5
436
330
17
100
AcDbEntity
  8
点
 62
138
100
AcDbLine
 10
470097.997
 20
4349765.264
 30
0.0
 11
470098.997
 21
4349765.264
 31
0.0
  0
LINE
  5
437
330
17
100
AcDbEntity
  8
点
 62
138
100
AcDbLine
 10
470098.497
 20
4349764.764
 30
0.0
 11
470098.497
 21
4349765.764
 31
0.0
  0
LINE
  5
438
330
17
100
AcDbEntity
  8
钻孔
 62
8
370
35
100
AcDbLine
 10
470098.497
 20
4349765.264
 30
0.0
 11
470097.29699999996
 21
4349765.264
 31
0.0
  0
TEXT
  5
439
330
17
100
AcDbEntity
  8
钻孔
 62
138
100
AcDbText
 10
470096.21699999995
 20
4349765.664000001
 30
0.0
 40
0.4
  1
BS-3940-1008-P22
  7
CN_TTF
 11
470096.21699999995
 21
4349765.664000001
 31
0.0
100
AcDbText
  0
TEXT
  5
43A
330
17
100
AcDbEntity
  8
钻孔
 62
8
100
AcDbText
 10
470095.307
 20
4349764.914000001
 30
0.0
 40
0.7
  1
0.15
  7
CN_TTF
 11
470095.307
 21
4349764.914000001
 31
0.0
100
AcDbText
  0
LINE
  5
43B
330
17
100
AcDbEntity
  8
点
 62
138
100
AcDbLine
 10
470093.73
 20
4349767.036
 30
0.0
 11
470094.73
 21
4349767.036
 31
0.0
  0
LINE
  5
43C
330
17
100
AcDbEntity
  8
点
 62
138
100
AcDbLine
 10
470094.23
 20
4349766.536
 30
0.0
 11
470094.23
 21
4349767.536
 31
0.0
  0
LINE
  5
43D
330
17
100
AcDbEntity
  8
钻孔
 62
4
370
35
100
AcDbLine
 10
470094.23
 20
4349767.036
 30
0.0
 11
470093.02999999997
 21
4349767.036
 31
0.0
  0
TEXT
  5
43E
330
17
100
AcDbEntity
  8
钻孔
 62
138
100
AcDbText
 10
470091.94999999995
 20
4349767.436000001
 30
0.0
 40
0.4
  1
BS-3940-1008-P23
  7
CN_TTF
 11
470091.94999999995
 21
4349767.436000001
 31
0.0
100
AcDbText
  0
TEXT
  5
43F
330
17
100
AcDbEntity
  8
钻孔
 62
4
100
AcDbText
 10
470091.04
 20
4349766.686000001
 30
0.0
 40
0.7
  1
0.69
  7
CN_TTF
 11
470091.04
 21
4349766.686000001
 31
0.0
100
AcDbText
  0
LINE
  5
440
330
17
100
AcDbEntity
  8
点
 62
138
100
AcDbLine
 10
470096.395
 20
4349771.532
 30
0.0
 11
470097.395
 21
4349771.532
 31
0.0
  0
LINE
  5
441
330
17
100
AcDbEntity
  8
点
 62
138
100
AcDbLine
 10
470096.895
 20
4349771.032
 30
0.0
 11
470096.895
 21
4349772.032
 31
0.0
  0
LINE
  5
442
330
17
100
AcDbEntity
  8
钻孔
 62
8
370
35
100
AcDbLine
 10
470096.895
 20
4349771.532
 30
0.0
 11
470095.695
 21
4349771.532
 31
0.0
  0
TEXT
  5
443
330
17
100
AcDbEntity
  8
钻孔
 62
138
100
AcDbText
 10
470094.615
 20
4349771.932
 30
0.0
 40
0.4
  1
BS-3940-1008-P24
  7
CN_TTF
 11
470094.615
 21
4349771.932
 31
0.0
100
AcDbText
  0
TEXT
  5
444
330
17
100
AcDbEntity
  8
钻孔
 62
8
100
AcDbText
 10
470093.705
 20
4349771.182
 30
0.0
 40
0.7
  1
0.17
  7
CN_TTF
 11
470093.705
 21
4349771.182
 31
0.0
100
AcDbText
  0
LINE
  5
445
330
17
100
AcDbEntity
  8
点
 62
138
100
AcDbLine
 10
470096.465
 20
4349771.688
 30
0.0
 11
470097.465
 21
4349771.688
 31
0.0
  0
LINE
  5
446
330
17
100
AcDbEntity
  8
点
 62
138
100
AcDbLine
 10
470096.965
 20
4349771.188
 30
0.0
 11
470096.965
 21
4349772.188
 31
0.0
  0
LINE
  5
447
330
17
100
AcDbEntity
  8
钻孔
 62
8
370
35
100
AcDbLine
 10
470096.965
 20
4349771.688
 30
0.0
 11
470095.765
 21
4349771.688
 31
0.0
  0
TEXT
  5
448
330
17
100
AcDbEntity
  8
钻孔
 62
138
100
AcDbText
 10
470094.685
 20
4349772.088
 30
0.0
 40
0.4
  1
BS-3940-1008-P25
  7
CN_TTF
 11
470094.685
 21
4349772.088
 31
0.0
100
AcDbText
  0
TEXT
  5
449
330
17
100
AcDbEntity
  8
钻孔
 62
8
100
AcDbText
 10
470093.775
 20
4349771.338
 30
0.0
 40
0.7
  1
0.16
  7
CN_TTF
 11
470093.775
 21
4349771.338
 31
0.0
100
AcDbText
  0
LINE
  5
44A
330
17
100
AcDbEntity
  8
点
 62
138
100
AcDbLine
 10
470100.464
 20
4349770.613
 30
0.0
 11
470101.464
 21
4349770.613
 31
0.0
  0
LINE
  5
44B
330
17
100
AcDbEntity
  8
点
 62
138
100
AcDbLine
 10
470100.964
 20
4349770.113
 30
0.0
 11
470100.964
 21
4349771.113
 31
0.0
  0
LINE
  5
44C
330
17
100
AcDbEntity
  8
钻孔
 62
8
370
35
100
AcDbLine
 10
470100.964
 20
4349770.613
 30
0.0
 11
470099.76399999997
 21
4349770.613
 31
0.0
  0
TEXT
  5
44D
330
17
100
AcDbEntity
  8
钻孔
 62
138
100
AcDbText
 10
470098.68399999995
 20
4349771.013
 30
0.0
 40
0.4
  1
BS-3940-1008-P26
  7
CN_TTF
 11
470098.68399999995
 21
4349771.013
 31
0.0
100
AcDbText
  0
TEXT
  5
44E
330
17
100
AcDbEntity
  8
钻孔
 62
8
100
AcDbText
 10
470097.774
 20
4349770.263
 30
0.0
 40
0.7
  1
0.12
  7
CN_TTF
 11
470097.774
 21
4349770.263
 31
0.0
100
AcDbText
  0
LINE
  5
44F
330
17
100
AcDbEntity
  8
点
 62
138
100
AcDbLine
 10
470104.249
 20
4349773.513
 30
0.0
 11
470105.249
 21
4349773.513
 31
0.0
  0
LINE
  5
450
330
17
100
AcDbEntity
  8
点
 62
138
100
AcDbLine
 10
470104.749
 20
4349773.013
 30
0.0
 11
470104.749
 21
4349774.013
 31
0.0
  0
LINE
  5
451
330
17
100
AcDbEntity
  8
钻孔
 62
8
370
35
100
AcDbLine
 10
470104.749
 20
4349773.513
 30
0.0
 11
470103.549
 21
4349773.513
 31
0.0
  0
TEXT
  5
452
330
17
100
AcDbEntity
  8
钻孔
 62
138
100
AcDbText
 10
470102.469
 20
4349773.913000001
 30
0.0
 40
0.4
  1
BS-3940-1008-P27
  7
CN_TTF
 11
470102.469
 21
4349773.913000001
 31
0.0
100
AcDbText
  0
TEXT
  5
453
330
17
100
AcDbEntity
  8
钻孔
 62
8
100
AcDbText
 10
470101.559
 20
4349773.163000001
 30
0.0
 40
0.7
  1
0.12
  7
CN_TTF
 11
470101.559
 21
4349773.163000001
 31
0.0
100
AcDbText
  0
LINE
  5
454
330
17
100
AcDbEntity
  8
点
 62
138
100
AcDbLine
 10
470108.837
 20
4349771.284
 30
0.0
 11
470109.837
 21
4349771.284
 31
0.0
  0
LINE
  5
455
330
17
100
AcDbEntity
  8
点
 62
138
100
AcDbLine
 10
470109.337
 20
4349770.784
 30
0.0
 11
470109.337
 21
4349771.784
 31
0.0
  0
LINE
  5
456
330
17
100
AcDbEntity
  8
钻孔
 62
8
370
35
100
AcDbLine
 10
470109.337
 20
4349771.284
 30
0.0
 11
470108.137
 21
4349771.284
 31
0.0
  0
TEXT
  5
457
330
17
100
AcDbEntity
  8
钻孔
 62
138
100
AcDbText
 10
470107.057
 20
4349771.684
 30
0.0
 40
0.4
  1
BS-3940-1008-P28
  7
CN_TTF
 11
470107.057
 21
4349771.684
 31
0.0
100
AcDbText
  0
TEXT
  5
458
330
17
100
AcDbEntity
  8
钻孔
 62
8
100
AcDbText
 10
470106.147
 20
4349770.934
 30
0.0
 40
0.7
  1
0.13
  7
CN_TTF
 11
470106.147
 21
4349770.934
 31
0.0
100
AcDbText
  0
LINE
  5
459
330
17
100
AcDbEntity
  8
点
 62
138
100
AcDbLine
 10
470110.826
 20
4349775.374
 30
0.0
 11
470111.826
 21
4349775.374
 31
0.0
  0
LINE
  5
45A
330
17
100
AcDbEntity
  8
点
 62
138
100
AcDbLine
 10
470111.326
 20
4349774.874
 30
0.0
 11
470111.326
 21
4349775.874
 31
0.0
  0
LINE
  5
45B
330
17
100
AcDbEntity
  8
钻孔
 62
8
370
35
100
AcDbLine
 10
470111.326
 20
4349775.374
 30
0.0
 11
470110.126
 21
4349775.374
 31
0.0
  0
TEXT
  5
45C
330
17
100
AcDbEntity
  8
钻孔
 62
138
100
AcDbText
 10
470109.046
 20
4349775.774
 30
0.0
 40
0.4
  1
BS-3940-1008-P29
  7
CN_TTF
 11
470109.046
 21
4349775.774
 31
0.0
100
AcDbText
  0
TEXT
  5
45D
330
17
100
AcDbEntity
  8
钻孔
 62
8
100
AcDbText
 10
470108.136
 20
4349775.024
 30
0.0
 40
0.7
  1
0.14
  7
CN_TTF
 11
470108.136
 21
4349775.024
 31
0.0
100
AcDbText
  0
LINE
  5
45E
330
17
100
AcDbEntity
  8
点
 62
138
100
AcDbLine
 10
470107.695
 20
4349777.919
 30
0.0
 11
470108.695
 21
4349777.919
 31
0.0
  0
LINE
  5
45F
330
17
100
AcDbEntity
  8
点
 62
138
100
AcDbLine
 10
470108.195
 20
4349777.419
 30
0.0
 11
470108.195
 21
4349778.419
 31
0.0
  0
LINE
  5
460
330
17
100
AcDbEntity
  8
钻孔
 62
8
370
35
100
AcDbLine
 10
470108.195
 20
4349777.919
 30
0.0
 11
470106.995
 21
4349777.919
 31
0.0
  0
TEXT
  5
461
330
17
100
AcDbEntity
  8
钻孔
 62
138
100
AcDbText
 10
470105.915
 20
4349778.319
 30
0.0
 40
0.4
  1
BS-3940-1008-P30
  7
CN_TTF
 11
470105.915
 21
4349778.319
 31
0.0
100
AcDbText
  0
TEXT
  5
462
330
17
100
AcDbEntity
  8
钻孔
 62
8
100
AcDbText
 10
470105.005
 20
4349777.569
 30
0.0
 40
0.7
  1
0.10
  7
CN_TTF
 11
470105.005
 21
4349777.569
 31
0.0
100
AcDbText
  0
LINE
  5
463
330
17
100
AcDbEntity
  8
点
 62
138
100
AcDbLine
 10
470109.514
 20
4349782.067
 30
0.0
 11
470110.514
 21
4349782.067
 31
0.0
  0
LINE
  5
464
330
17
100
AcDbEntity
  8
点
 62
138
100
AcDbLine
 10
470110.014
 20
4349781.567
 30
0.0
 11
470110.014
 21
4349782.567
 31
0.0
  0
LINE
  5
465
330
17
100
AcDbEntity
  8
钻孔
 62
8
370
35
100
AcDbLine
 10
470110.014
 20
4349782.067
 30
0.0
 11
470108.814
 21
4349782.067
 31
0.0
  0
TEXT
  5
466
330
17
100
AcDbEntity
  8
钻孔
 62
138
100
AcDbText
 10
470107.734
 20
4349782.467
 30
0.0
 40
0.4
  1
BS-3940-1008-P31
  7
CN_TTF
 11
470107.734
 21
4349782.467
 31
0.0
100
AcDbText
  0
TEXT
  5
467
330
17
100
AcDbEntity
  8
钻孔
 62
8
100
AcDbText
 10
470106.824
 20
4349781.717
 30
0.0
 40
0.7
  1
0.16
  7
CN_TTF
 11
470106.824
 21
4349781.717
 31
0.0
100
AcDbText
  0
LINE
  5
468
330
17
100
AcDbEntity
  8
点
 62
138
100
AcDbLine
 10
470105.976
 20
4349784.833
 30
0.0
 11
470106.976
 21
4349784.833
 31
0.0
  0
LINE
  5
469
330
17
100
AcDbEntity
  8
点
 62
138
100
AcDbLine
 10
470106.476
 20
4349784.333
 30
0.0
 11
470106.476
 21
4349785.333
 31
0.0
  0
LINE
  5
46A
330
17
100
AcDbEntity
  8
钻孔
 62
8
370
35
100
AcDbLine
 10
470106.476
 20
4349784.833
 30
0.0
 11
470105.276
 21
4349784.833
 31
0.0
  0
TEXT
  5
46B
330
17
100
AcDbEntity
  8
钻孔
 62
138
100
AcDbText
 10
470104.196
 20
4349785.233
 30
0.0
 40
0.4
  1
BS-3940-1008-P32
  7
CN_TTF
 11
470104.196
 21
4349785.233
 31
0.0
100
AcDbText
  0
TEXT
  5
46C
330
17
100
AcDbEntity
  8
钻孔
 62
8
100
AcDbText
 10
470103.286
 20
4349784.483
 30
0.0
 40
0.7
  1
0.14
  7
CN_TTF
 11
470103.286
 21
4349784.483
 31
0.0
100
AcDbText
  0
LINE
  5
46D
330
17
100
AcDbEntity
  8
点
 62
138
100
AcDbLine
 10
470102.467
 20
4349780.452
 30
0.0
 11
470103.467
 21
4349780.452
 31
0.0
  0
LINE
  5
46E
330
17
100
AcDbEntity
  8
点
 62
138
100
AcDbLine
 10
470102.967
 20
4349779.952
 30
0.0
 11
470102.967
 21
4349780.952
 31
0.0
  0
LINE
  5
46F
330
17
100
AcDbEntity
  8
钻孔
 62
8
370
35
100
AcDbLine
 10
470102.967
 20
4349780.452
 30
0.0
 11
470101.767
 21
4349780.452
 31
0.0
  0
TEXT
  5
470
330
17
100
AcDbEntity
  8
钻孔
 62
138
100
AcDbText
 10
470100.687
 20
4349780.852
 30
0.0
 40
0.4
  1
BS-3940-1008-P33
  7
CN_TTF
 11
470100.687
 21
4349780.852
 31
0.0
100
AcDbText
  0
TEXT
  5
471
330
17
100
AcDbEntity
  8
钻孔
 62
8
100
AcDbText
 10
470099.777
 20
4349780.102
 30
0.0
 40
0.7
  1
0.15
  7
CN_TTF
 11
470099.777
 21
4349780.102
 31
0.0
100
AcDbText
  0
LINE
  5
472
330
17
100
AcDbEntity
  8
点
 62
138
100
AcDbLine
 10
470099.026
 20
4349776.278
 30
0.0
 11
470100.026
 21
4349776.278
 31
0.0
  0
LINE
  5
473
330
17
100
AcDbEntity
  8
点
 62
138
100
AcDbLine
 10
470099.526
 20
4349775.778
 30
0.0
 11
470099.526
 21
4349776.778
 31
0.0
  0
LINE
  5
474
330
17
100
AcDbEntity
  8
钻孔
 62
8
370
35
100
AcDbLine
 10
470099.526
 20
4349776.278
 30
0.0
 11
470098.326
 21
4349776.278
 31
0.0
  0
TEXT
  5
475
330
17
100
AcDbEntity
  8
钻孔
 62
138
100
AcDbText
 10
470097.246
 20
4349776.678
 30
0.0
 40
0.4
  1
BS-3940-1008-P34
  7
CN_TTF
 11
470097.246
 21
4349776.678
 31
0.0
100
AcDbText
  0
TEXT
  5
476
330
17
100
AcDbEntity
  8
钻孔
 62
8
100
AcDbText
 10
470096.336
 20
4349775.928
 30
0.0
 40
0.7
  1
0.17
  7
CN_TTF
 11
470096.336
 21
4349775.928
 31
0.0
100
AcDbText
  0
LINE
  5
477
330
17
100
AcDbEntity
  8
点
 62
138
100
AcDbLine
 10
470091.556
 20
4349774.187
 30
0.0
 11
470092.556
 21
4349774.187
 31
0.0
  0
LINE
  5
478
330
17
100
AcDbEntity
  8
点
 62
138
100
AcDbLine
 10
470092.056
 20
4349773.687
 30
0.0
 11
470092.056
 21
4349774.687
 31
0.0
  0
LINE
  5
479
330
17
100
AcDbEntity
  8
钻孔
 62
8
370
35
100
AcDbLine
 10
470092.056
 20
4349774.187
 30
0.0
 11
470090.85599999997
 21
4349774.187
 31
0.0
  0
TEXT
  5
47A
330
17
100
AcDbEntity
  8
钻孔
 62
138
100
AcDbText
 10
470089.77599999995
 20
4349774.587
 30
0.0
 40
0.4
  1
BS-3940-1008-P35
  7
CN_TTF
 11
470089.77599999995
 21
4349774.587
 31
0.0
100
AcDbText
  0
TEXT
  5
47B
330
17
100
AcDbEntity
  8
钻孔
 62
8
100
AcDbText
 10
470088.866
 20
4349773.837
 30
0.0
 40
0.7
  1
0.37
  7
CN_TTF
 11
470088.866
 21
4349773.837
 31
0.0
100
AcDbText
  0
LINE
  5
47C
330
17
100
AcDbEntity
  8
点
 62
138
100
AcDbLine
 10
470094.437
 20
4349778.668
 30
0.0
 11
470095.437
 21
4349778.668
 31
0.0
  0
LINE
  5
47D
330
17
100
AcDbEntity
  8
点
 62
138
100
AcDbLine
 10
470094.937
 20
4349778.168
 30
0.0
 11
470094.937
 21
4349779.168
 31
0.0
  0
LINE
  5
47E
330
17
100
AcDbEntity
  8
钻孔
 62
8
370
35
100
AcDbLine
 10
470094.937
 20
4349778.668
 30
0.0
 11
470093.73699999996
 21
4349778.668
 31
0.0
  0
TEXT
  5
47F
330
17
100
AcDbEntity
  8
钻孔
 62
138
100
AcDbText
 10
470092.65699999995
 20
4349779.068
 30
0.0
 40
0.4
  1
BS-3940-1008-P36
  7
CN_TTF
 11
470092.65699999995
 21
4349779.068
 31
0.0
100
AcDbText
  0
TEXT
  5
480
330
17
100
AcDbEntity
  8
钻孔
 62
8
100
AcDbText
 10
470091.747
 20
4349778.318
 30
0.0
 40
0.7
  1
0.29
  7
CN_TTF
 11
470091.747
 21
4349778.318
 31
0.0
100
AcDbText
  0
LINE
  5
481
330
17
100
AcDbEntity
  8
点
 62
138
100
AcDbLine
 10
470090.005
 20
4349781.011
 30
0.0
 11
470091.005
 21
4349781.011
 31
0.0
  0
LINE
  5
482
330
17
100
AcDbEntity
  8
点
 62
138
100
AcDbLine
 10
470090.505
 20
4349780.511
 30
0.0
 11
470090.505
 21
4349781.511
 31
0.0
  0
LINE
  5
483
330
17
100
AcDbEntity
  8
钻孔
 62
8
370
35
100
AcDbLine
 10
470090.505
 20
4349781.011
 30
0.0
 11
470089.305
 21
4349781.011
 31
0.0
  0
TEXT
  5
484
330
17
100
AcDbEntity
  8
钻孔
 62
138
100
AcDbText
 10
470088.225
 20
4349781.411
 30
0.0
 40
0.4
  1
BS-3940-1008-P37
  7
CN_TTF
 11
470088.225
 21
4349781.411
 31
0.0
100
AcDbText
  0
TEXT
  5
485
330
17
100
AcDbEntity
  8
钻孔
 62
8
100
AcDbText
 10
470087.315
 20
4349780.661
 30
0.0
 40
0.7
  1
0.36
  7
CN_TTF
 11
470087.315
 21
4349780.661
 31
0.0
100
AcDbText
  0
LINE
  5
486
330
17
100
AcDbEntity
  8
点
 62
138
100
AcDbLine
 10
470093.186
 20
4349785.104
 30
0.0
 11
470094.186
 21
4349785.104
 31
0.0
  0
LINE
  5
487
330
17
100
AcDbEntity
  8
点
 62
138
100
AcDbLine
 10
470093.686
 20
4349784.604
 30
0.0
 11
470093.686
 21
4349785.604
 31
0.0
  0
LINE
  5
488
330
17
100
AcDbEntity
  8
钻孔
 62
8
370
35
100
AcDbLine
 10
470093.686
 20
4349785.104
 30
0.0
 11
470092.486
 21
4349785.104
 31
0.0
  0
TEXT
  5
489
330
17
100
AcDbEntity
  8
钻孔
 62
138
100
AcDbText
 10
470091.40599999996
 20
4349785.504000001
 30
0.0
 40
0.4
  1
BS-3940-1008-P38
  7
CN_TTF
 11
470091.40599999996
 21
4349785.504000001
 31
0.0
100
AcDbText
  0
TEXT
  5
48A
330
17
100
AcDbEntity
  8
钻孔
 62
8
100
AcDbText
 10
470090.496
 20
4349784.754000001
 30
0.0
 40
0.7
  1
0.27
  7
CN_TTF
 11
470090.496
 21
4349784.754000001
 31
0.0
100
AcDbText
  0
LINE
  5
48B
330
17
100
AcDbEntity
  8
点
 62
138
100
AcDbLine
 10
470097.726
 20
4349783.014
 30
0.0
 11
470098.726
 21
4349783.014
 31
0.0
  0
LINE
  5
48C
330
17
100
AcDbEntity
  8
点
 62
138
100
AcDbLine
 10
470098.226
 20
4349782.514
 30
0.0
 11
470098.226
 21
4349783.514
 31
0.0
  0
LINE
  5
48D
330
17
100
AcDbEntity
  8
钻孔
 62
8
370
35
100
AcDbLine
 10
470098.226
 20
4349783.014
 30
0.0
 11
470097.026
 21
4349783.014
 31
0.0
  0
TEXT
  5
48E
330
17
100
AcDbEntity
  8
钻孔
 62
138
100
AcDbText
 10
470095.946
 20
4349783.414000001
 30
0.0
 40
0.4
  1
BS-3940-1008-P39
  7
CN_TTF
 11
470095.946
 21
4349783.414000001
 31
0.0
100
AcDbText
  0
TEXT
  5
48F
330
17
100
AcDbEntity
  8
钻孔
 62
8
100
AcDbText
 10
470095.036
 20
4349782.664000001
 30
0.0
 40
0.7
  1
0.28
  7
CN_TTF
 11
470095.036
 21
4349782.664000001
 31
0.0
100
AcDbText
  0
LINE
  5
490
330
17
100
AcDbEntity
  8
点
 62
138
100
AcDbLine
 10
470100.548
 20
4349787.151
 30
0.0
 11
470101.548
 21
4349787.151
 31
0.0
  0
LINE
  5
491
330
17
100
AcDbEntity
  8
点
 62
138
100
AcDbLine
 10
470101.048
 20
4349786.651
 30
0.0
 11
470101.048
 21
4349787.651
 31
0.0
  0
LINE
  5
492
330
17
100
AcDbEntity
  8
钻孔
 62
8
370
35
100
AcDbLine
 10
470101.048
 20
4349787.151
 30
0.0
 11
470099.848
 21
4349787.151
 31
0.0
  0
TEXT
  5
493
330
17
100
AcDbEntity
  8
钻孔
 62
138
100
AcDbText
 10
470098.768
 20
4349787.551
 30
0.0
 40
0.4
  1
BS-3940-1008-P40
  7
CN_TTF
 11
470098.768
 21
4349787.551
 31
0.0
100
AcDbText
  0
TEXT
  5
494
330
17
100
AcDbEntity
  8
钻孔
 62
8
100
AcDbText
 10
470097.858
 20
4349786.801
 30
0.0
 40
0.7
  1
0.21
  7
CN_TTF
 11
470097.858
 21
4349786.801
 31
0.0
100
AcDbText
  0
LINE
  5
495
330
17
100
AcDbEntity
  8
点
 62
138
100
AcDbLine
 10
470095.947
 20
4349789.58
 30
0.0
 11
470096.947
 21
4349789.58
 31
0.0
  0
LINE
  5
496
330
17
100
AcDbEntity
  8
点
 62
138
100
AcDbLine
 10
470096.447
 20
4349789.08
 30
0.0
 11
470096.447
 21
4349790.08
 31
0.0
  0
LINE
  5
497
330
17
100
AcDbEntity
  8
钻孔
 62
8
370
35
100
AcDbLine
 10
470096.447
 20
4349789.58
 30
0.0
 11
470095.247
 21
4349789.58
 31
0.0
  0
TEXT
  5
498
330
17
100
AcDbEntity
  8
钻孔
 62
138
100
AcDbText
 10
470094.16699999996
 20
4349789.98
 30
0.0
 40
0.4
  1
BS-3940-1008-P41
  7
CN_TTF
 11
470094.16699999996
 21
4349789.98
 31
0.0
100
AcDbText
  0
TEXT
  5
499
330
17
100
AcDbEntity
  8
钻孔
 62
8
100
AcDbText
 10
470093.257
 20
4349789.23
 30
0.0
 40
0.7
  1
0.23
  7
CN_TTF
 11
470093.257
 21
4349789.23
 31
0.0
100
AcDbText
  0
LINE
  5
49A
330
17
100
AcDbEntity
  8
点
 62
138
100
AcDbLine
 10
470091.727
 20
4349791.899
 30
0.0
 11
470092.727
 21
4349791.899
 31
0.0
  0
LINE
  5
49B
330
17
100
AcDbEntity
  8
点
 62
138
100
AcDbLine
 10
470092.227
 20
4349791.399
 30
0.0
 11
470092.227
 21
4349792.399
 31
0.0
  0
LINE
  5
49C
330
17
100
AcDbEntity
  8
钻孔
 62
8
370
35
100
AcDbLine
 10
470092.227
 20
4349791.899
 30
0.0
 11
470091.027
 21
4349791.899
 31
0.0
  0
TEXT
  5
49D
330
17
100
AcDbEntity
  8
钻孔
 62
138
100
AcDbText
 10
470089.947
 20
4349792.299000001
 30
0.0
 40
0.4
  1
BS-3940-1008-P42
  7
CN_TTF
 11
470089.947
 21
4349792.299000001
 31
0.0
100
AcDbText
  0
TEXT
  5
49E
330
17
100
AcDbEntity
  8
钻孔
 62
8
100
AcDbText
 10
470089.037
 20
4349791.549000001
 30
0.0
 40
0.7
  1
0.31
  7
CN_TTF
 11
470089.037
 21
4349791.549000001
 31
0.0
100
AcDbText
  0
LINE
  5
49F
330
17
100
AcDbEntity
  8
点
 62
138
100
AcDbLine
 10
470088.34
 20
4349787.739
 30
0.0
 11
470089.34
 21
4349787.739
 31
0.0
  0
LINE
  5
4A0
330
17
100
AcDbEntity
  8
点
 62
138
100
AcDbLine
 10
470088.84
 20
4349787.239
 30
0.0
 11
470088.84
 21
4349788.239
 31
0.0
  0
LINE
  5
4A1
330
17
100
AcDbEntity
  8
钻孔
 62
4
370
35
100
AcDbLine
 10
470088.84
 20
4349787.739
 30
0.0
 11
470087.64
 21
4349787.739
 31
0.0
  0
TEXT
  5
4A2
330
17
100
AcDbEntity
  8
钻孔
 62
138
100
AcDbText
 10
470086.56
 20
4349788.139
 30
0.0
 40
0.4
  1
BS-3940-1008-P43
  7
CN_TTF
 11
470086.56
 21
4349788.139
 31
0.0
100
AcDbText
  0
TEXT
  5
4A3
330
17
100
AcDbEntity
  8
钻孔
 62
4
100
AcDbText
 10
470085.65
 20
4349787.389
 30
0.0
 40
0.7
  1
0.81
  7
CN_TTF
 11
470085.65
 21
4349787.389
 31
0.0
100
AcDbText
  0
LINE
  5
4A4
330
17
100
AcDbEntity
  8
点
 62
138
100
AcDbLine
 10
470088.317
 20
4349787.742
 30
0.0
 11
470089.317
 21
4349787.742
 31
0.0
  0
LINE
  5
4A5
330
17
100
AcDbEntity
  8
点
 62
138
100
AcDbLine
 10
470088.817
 20
4349787.242
 30
0.0
 11
470088.817
 21
4349788.242
 31
0.0
  0
LINE
  5
4A6
330
17
100
AcDbEntity
  8
钻孔
 62
4
370
35
100
AcDbLine
 10
470088.817
 20
4349787.742
 30
0.0
 11
470087.61699999997
 21
4349787.742
 31
0.0
  0
TEXT
  5
4A7
330
17
100
AcDbEntity
  8
钻孔
 62
138
100
AcDbText
 10
470086.53699999995
 20
4349788.142
 30
0.0
 40
0.4
  1
BS-3940-1008-P44
  7
CN_TTF
 11
470086.53699999995
 21
4349788.142
 31
0.0
100
AcDbText
  0
TEXT
  5
4A8
330
17
100
AcDbEntity
  8
钻孔
 62
4
100
AcDbText
 10
470085.627
 20
4349787.392
 30
0.0
 40
0.7
  1
0.73
  7
CN_TTF
 11
470085.627
 21
4349787.392
 31
0.0
100
AcDbText
  0
LINE
  5
4A9
330
17
100
AcDbEntity
  8
点
 62
138
100
AcDbLine
 10
470088.015
 20
4349795.119
 30
0.0
 11
470089.015
 21
4349795.119
 31
0.0
  0
LINE
  5
4AA
330
17
100
AcDbEntity
  8
点
 62
138
100
AcDbLine
 10
470088.515
 20
4349794.619
 30
0.0
 11
470088.515
 21
4349795.619
 31
0.0
  0
LINE
  5
4AB
330
17
100
AcDbEntity
  8
钻孔
 62
8
370
35
100
AcDbLine
 10
470088.515
 20
4349795.119
 30
0.0
 11
470087.315
 21
4349795.119
 31
0.0
  0
TEXT
  5
4AC
330
17
100
AcDbEntity
  8
钻孔
 62
138
100
AcDbText
 10
470086.235
 20
4349795.519
 30
0.0
 40
0.4
  1
BS-3940-1008-P45
  7
CN_TTF
 11
470086.235
 21
4349795.519
 31
0.0
100
AcDbText
  0
TEXT
  5
4AD
330
17
100
AcDbEntity
  8
钻孔
 62
8
100
AcDbText
 10
470085.325
 20
4349794.769
 30
0.0
 40
0.7
  1
0.41
  7
CN_TTF
 11
470085.325
 21
4349794.769
 31
0.0
100
AcDbText
  0
LINE
  5
4AE
330
17
100
AcDbEntity
  8
点
 62
138
100
AcDbLine
 10
470090.064
 20
4349797.971
 30
0.0
 11
470091.064
 21
4349797.971
 31
0.0
  0
LINE
  5
4AF
330
17
100
AcDbEntity
  8
点
 62
138
100
AcDbLine
 10
470090.564
 20
4349797.471
 30
0.0
 11
470090.564
 21
4349798.471
 31
0.0
  0
LINE
  5
4B0
330
17
100
AcDbEntity
  8
钻孔
 62
8
370
35
100
AcDbLine
 10
470090.564
 20
4349797.971
 30
0.0
 11
470089.364
 21
4349797.971
 31
0.0
  0
TEXT
  5
4B1
330
17
100
AcDbEntity
  8
钻孔
 62
138
100
AcDbText
 10
470088.284
 20
4349798.371
 30
0.0
 40
0.4
  1
BS-3940-1008-P46
  7
CN_TTF
 11
470088.284
 21
4349798.371
 31
0.0
100
AcDbText
  0
TEXT
  5
4B2
330
17
100
AcDbEntity
  8
钻孔
 62
8
100
AcDbText
 10
470087.374
 20
4349797.621
 30
0.0
 40
0.7
  1
0.25
  7
CN_TTF
 11
470087.374
 21
4349797.621
 31
0.0
100
AcDbText
  0
LINE
  5
4B3
330
17
100
AcDbEntity
  8
点
 62
138
100
AcDbLine
 10
470085.535
 20
4349801.444
 30
0.0
 11
470086.535
 21
4349801.444
 31
0.0
  0
LINE
  5
4B4
330
17
100
AcDbEntity
  8
点
 62
138
100
AcDbLine
 10
470086.035
 20
4349800.944
 30
0.0
 11
470086.035
 21
4349801.944
 31
0.0
  0
LINE
  5
4B5
330
17
100
AcDbEntity
  8
钻孔
 62
4
370
35
100
AcDbLine
 10
470086.035
 20
4349801.444
 30
0.0
 11
470084.83499999996
 21
4349801.444
 31
0.0
  0
TEXT
  5
4B6
330
17
100
AcDbEntity
  8
钻孔
 62
138
100
AcDbText
 10
470083.75499999995
 20
4349801.8440000005
 30
0.0
 40
0.4
  1
BS-3940-1008-P47
  7
CN_TTF
 11
470083.75499999995
 21
4349801.8440000005
 31
0.0
100
AcDbText
  0
TEXT
  5
4B7
330
17
100
AcDbEntity
  8
钻孔
 62
4
100
AcDbText
 10
470082.845
 20
4349801.0940000005
 30
0.0
 40
0.7
  1
0.52
  7
CN_TTF
 11
470082.845
 21
4349801.0940000005
 31
0.0
100
AcDbText
  0
LINE
  5
4B8
330
17
100
AcDbEntity
  8
点
 62
138
100
AcDbLine
 10
470087.104
 20
4349804.346
 30
0.0
 11
470088.104
 21
4349804.346
 31
0.0
  0
LINE
  5
4B9
330
17
100
AcDbEntity
  8
点
 62
138
100
AcDbLine
 10
470087.604
 20
4349803.846
 30
0.0
 11
470087.604
 21
4349804.846
 31
0.0
  0
LINE
  5
4BA
330
17
100
AcDbEntity
  8
钻孔
 62
8
370
35
100
AcDbLine
 10
470087.604
 20
4349804.346
 30
0.0
 11
470086.404
 21
4349804.346
 31
0.0
  0
TEXT
  5
4BB
330
17
100
AcDbEntity
  8
钻孔
 62
138
100
AcDbText
 10
470085.32399999996
 20
4349804.746
 30
0.0
 40
0.4
  1
BS-3940-1008-P48
  7
CN_TTF
 11
470085.32399999996
 21
4349804.746
 31
0.0
100
AcDbText
  0
TEXT
  5
4BC
330
17
100
AcDbEntity
  8
钻孔
 62
8
100
AcDbText
 10
470084.414
 20
4349803.996
 30
0.0
 40
0.7
  1
0.27
  7
CN_TTF
 11
470084.414
 21
4349803.996
 31
0.0
100
AcDbText
  0
LINE
  5
4BD
330
17
100
AcDbEntity
  8
点
 62
138
100
AcDbLine
 10
470084.762
 20
4349806.781
 30
0.0
 11
470085.762
 21
4349806.781
 31
0.0
  0
LINE
  5
4BE
330
17
100
AcDbEntity
  8
点
 62
138
100
AcDbLine
 10
470085.262
 20
4349806.281
 30
0.0
 11
470085.262
 21
4349807.281
 31
0.0
  0
LINE
  5
4BF
330
17
100
AcDbEntity
  8
钻孔
 62
8
370
35
100
AcDbLine
 10
470085.262
 20
4349806.781
 30
0.0
 11
470084.062
 21
4349806.781
 31
0.0
  0
TEXT
  5
4C0
330
17
100
AcDbEntity
  8
钻孔
 62
138
100
AcDbText
 10
470082.98199999996
 20
4349807.181000001
 30
0.0
 40
0.4
  1
BS-3940-1008-P49
  7
CN_TTF
 11
470082.98199999996
 21
4349807.181000001
 31
0.0
100
AcDbText
  0
TEXT
  5
4C1
330
17
100
AcDbEntity
  8
钻孔
 62
8
100
AcDbText
 10
470082.072
 20
4349806.431000001
 30
0.0
 40
0.7
  1
0.24
  7
CN_TTF
 11
470082.072
 21
4349806.431000001
 31
0.0
100
AcDbText
  0
LINE
  5
4C2
330
17
100
AcDbEntity
  8
点
 62
138
100
AcDbLine
 10
470092.838
 20
4349796.206
 30
0.0
 11
470093.838
 21
4349796.206
 31
0.0
  0
LINE
  5
4C3
330
17
100
AcDbEntity
  8
点
 62
138
100
AcDbLine
 10
470093.338
 20
4349795.706
 30
0.0
 11
470093.338
 21
4349796.706
 31
0.0
  0
LINE
  5
4C4
330
17
100
AcDbEntity
  8
钻孔
 62
8
370
35
100
AcDbLine
 10
470093.338
 20
4349796.206
 30
0.0
 11
470092.138
 21
4349796.206
 31
0.0
  0
TEXT
  5
4C5
330
17
100
AcDbEntity
  8
钻孔
 62
138
100
AcDbText
 10
470091.05799999996
 20
4349796.606000001
 30
0.0
 40
0.4
  1
BS-3940-1008-P50
  7
CN_TTF
 11
470091.05799999996
 21
4349796.606000001
 31
0.0
100
AcDbText
  0
TEXT
  5
4C6
330
17
100
AcDbEntity
  8
钻孔
 62
8
100
AcDbText
 10
470090.148
 20
4349795.856000001
 30
0.0
 40
0.7
  1
0.27
  7
CN_TTF
 11
470090.148
 21
4349795.856000001
 31
0.0
100
AcDbText
  0
LINE
  5
4C7
330
17
100
AcDbEntity
  8
0
 62
7
100
AcDbLine
 10
470104.1592386942
 20
4349726.036544526
 30
0.0
 11
470099.55695191515
 21
4349720.805694369
 31
0.0
  0
MTEXT
  5
4C8
330
17
100
AcDbEntity
  8
0
100
AcDbMText
 10
470099.55695191515
 20
4349720.805694369
 30
0.0
 40
3.0
 71
1
  1
1号矿块
  7
CN_TTF
  0
LINE
  5
4C9
330
17
100
AcDbEntity
  8
0
 62
7
100
AcDbLine
 10
470093.145
 20
4349770.61523
 30
0.0
 11
470089.43256063724
 21
4349775.458115841
 31
0.0
  0
MTEXT
  5
4CA
330
17
100
AcDbEntity
  8
0
100
AcDbMText
 10
470089.43256063724
 20
4349775.458115841
 30
0.0
 40
3.0
 71
1
  1
2号矿块
  7
CN_TTF
  0
LINE
  5
4CB
330
17
100
AcDbEntity
  8
0
 62
7
100
AcDbLine
 10
470108.1229927102
 20
4349734.768729979
 30
0.0
 11
470119.88643806917
 21
4349736.020800336
 31
0.0
  0
MTEXT
  5
4CC
330
17
100
AcDbEntity
  8
0
100
AcDbMText
 10
470119.88643806917
 20
4349736.020800336
 30
0.0
 40
3.0
 71
1
  1
3号矿块
  7
CN_TTF
  0
TEXT
  5
4CD
330
17
100
AcDbEntity
  8
0
 62
7
100
AcDbText
 10
470085.262
 20
4349818.781
 30
0.0
 40
5.0
  1
3940平台 1008二次圈矿矿块图
  7
CN_TTF
 11
470085.262
 21
4349818.781
 31
0.0
100
AcDbText
  0
IMAGE
  5
4D1
330
17
100
AcDbEntity
  8
0
100
AcDbRasterImage
 90
0
 10
470117.541
 20
4349786.603222223
 30
0.0
 11
0.044444444444444446
 21
0.0
 31
0.0
 12
2.7214373314385628e-18
 22
0.044444444444444446
 32
0.0
 13
900.0
 23
454.0
340
4D0
 70
3
280
0
281
50
282
50
283
0
360
4D2
 71
1
 91
2
 14
-0.5
 24
-0.5
 14
899.5
 24
453.5
290
0
  0
ENDSEC
  0
SECTION
  2
OBJECTS
  0
DICTIONARY
  5
A
330
0
100
AcDbDictionary
281
1
  3
ACAD_COLOR
350
B
  3
ACAD_GROUP
350
C
  3
ACAD_LAYOUT
350
D
  3
ACAD_MATERIAL
350
E
  3
ACAD_MLEADERSTYLE
350
F
  3
ACAD_MLINESTYLE
350
10
  3
ACAD_PLOTSETTINGS
350
11
  3
ACAD_PLOTSTYLENAME
350
12
  3
ACAD_SCALELIST
350
14
  3
ACAD_TABLESTYLE
350
15
  3
ACAD_VISUALSTYLE
350
16
  3
EZDXF_META
350
2D
  3
ACAD_IMAGE_VARS
350
4CE
  3
ACAD_IMAGE_DICT
350
4CF
  0
DICTIONARY
  5
B
330
A
100
AcDbDictionary
281
1
  0
DICTIONARY
  5
C
330
A
100
AcDbDictionary
281
1
  0
DICTIONARY
  5
D
330
A
100
AcDbDictionary
281
1
  3
Model
350
1A
  3
Layout1
350
1E
  0
DICTIONARY
  5
E
330
A
100
AcDbDictionary
281
1
  3
ByBlock
350
1F
  3
ByLayer
350
20
  3
Global
350
21
  0
DICTIONARY
  5
F
330
A
100
AcDbDictionary
281
1
  3
Standard
350
2C
  0
DICTIONARY
  5
10
330
A
100
AcDbDictionary
281
1
  3
Standard
350
22
  0
DICTIONARY
  5
11
330
A
100
AcDbDictionary
281
1
  0
ACDBDICTIONARYWDFLT
  5
12
330
A
100
AcDbDictionary
281
1
  3
Normal
350
13
100
AcDbDictionaryWithDefault
340
13
  0
ACDBPLACEHOLDER
  5
13
330
12
  0
DICTIONARY
  5
14
330
A
100
AcDbDictionary
281
1
  0
DICTIONARY
  5
15
330
A
100
AcDbDictionary
281
1
  0
DICTIONARY
  5
16
330
A
100
AcDbDictionary
281
1
  0
LAYOUT
  5
1A
330
D
100
AcDbPlotSettings
  1

  4
A3
  6

 40
7.5
 41
20.0
 42
7.5
 43
20.0
 44
420.0
 45
297.0
 46
0.0
 47
0.0
 48
0.0
 49
0.0
140
0.0
141
0.0
142
1.0
143
1.0
 70
1024
 72
1
 73
0
 74
5
  7

 75
16
 76
0
 77
2
 78
300
147
1.0
148
0.0
149
0.0
100
AcDbLayout
  1
Model
 70
1
 71
0
 10
0.0
 20
0.0
 11
420.0
 21
297.0
 12
0.0
 22
0.0
 32
0.0
 14
1e+20
 24
1e+20
 34
1e+20
 15
-1e+20
 25
-1e+20
 35
-1e+20
146
0.0
 13
0.0
 23
0.0
 33
0.0
 16
1.0
 26
0.0
 36
0.0
 17
0.0
 27
1.0
 37
0.0
 76
1
330
17
  0
LAYOUT
  5
1E
330
D
100
AcDbPlotSettings
  1

  4
A3
  6

 40
7.5
 41
20.0
 42
7.5
 43
20.0
 44
420.0
 45
297.0
 46
0.0
 47
0.0
 48
0.0
 49
0.0
140
0.0
141
0.0
142
1.0
143
1.0
 70
0
 72
1
 73
0
 74
5
  7

 75
16
 76
0
 77
2
 78
300
147
1.0
148
0.0
149
0.0
100
AcDbLayout
  1
Layout1
 70
1
 71
1
 10
0.0
 20
0.0
 11
420.0
 21
297.0
 12
0.0
 22
0.0
 32
0.0
 14
1e+20
 24
1e+20
 34
1e+20
 15
-1e+20
 25
-1e+20
 35
-1e+20
146
0.0
 13
0.0
 23
0.0
 33
0.0
 16
1.0
 26
0.0
 36
0.0
 17
0.0
 27
1.0
 37
0.0
 76
1
330
1B
  0
MATERIAL
  5
1F
102
{ACAD_REACTORS
330
E
102
}
330
E
100
AcDbMaterial
  1
ByBlock
  2

 70
0
 40
1.0
 71
1
 41
1.0
 91
-1023410177
 42
1.0
 72
1
  3

 73
1
 74
1
 75
1
 44
0.5
 73
0
 45
1.0
 46
1.0
 77
1
  4

 78
1
 79
1
170
1
 48
1.0
171
1
  6

172
1
173
1
174
1
140
1.0
141
1.0
175
1
  7

176
1
177
1
178
1
143
1.0
179
1
  8

270
1
271
1
272
1
145
1.0
146
1.0
273
1
  9

274
1
275
1
276
1
 42
1.0
 72
1
  3

 73
1
 74
1
 75
1
 94
63
  0
MATERIAL
  5
20
102
{ACAD_REACTORS
330
E
102
}
330
E
100
AcDbMaterial
  1
ByLayer
  2

 70
0
 40
1.0
 71
1
 41
1.0
 91
-1023410177
 42
1.0
 72
1
  3

 73
1
 74
1
 75
1
 44
0.5
 73
0
 45
1.0
 46
1.0
 77
1
  4

 78
1
 79
1
170
1
 48
1.0
171
1
  6

172
1
173
1
174
1
140
1.0
141
1.0
175
1
  7

176
1
177
1
178
1
143
1.0
179
1
  8

270
1
271
1
272
1
145
1.0
146
1.0
273
1
  9

274
1
275
1
276
1
 42
1.0
 72
1
  3

 73
1
 74
1
 75
1
 94
63
  0
MATERIAL
  5
21
102
{ACAD_REACTORS
330
E
102
}
330
E
100
AcDbMaterial
  1
Global
  2

 70
0
 40
1.0
 71
1
 41
1.0
 91
-1023410177
 42
1.0
 72
1
  3

 73
1
 74
1
 75
1
 44
0.5
 73
0
 45
1.0
 46
1.0
 77
1
  4

 78
1
 79
1
170
1
 48
1.0
171
1
  6

172
1
173
1
174
1
140
1.0
141
1.0
175
1
  7

176
1
177
1
178
1
143
1.0
179
1
  8

270
1
271
1
272
1
145
1.0
146
1.0
273
1
  9

274
1
275
1
276
1
 42
1.0
 72
1
  3

 73
1
 74
1
 75
1
 94
63
  0
MLINESTYLE
  5
22
102
{ACAD_REACTORS
330
10
102
}
330
10
100
AcDbMlineStyle
  2
Standard
 70
0
  3

 62
256
 51
90.0
 52
90.0
 71
2
 49
0.5
 62
256
  6
BYLAYER
 49
-0.5
 62
256
  6
BYLAYER
  0
MLEADERSTYLE
  5
2C
102
{ACAD_REACTORS
330
F
102
}
330
F
100
AcDbMLeaderStyle
179
2
170
2
171
1
172
0
 90
2
 40
0.0
 41
0.0
173
1
 91
-1056964608
 92
-2
290
1
 42
2.0
291
1
 43
8.0
  3
Standard
 44
4.0
300

342
29
174
1
175
1
176
0
178
1
 93
-1056964608
 45
4.0
292
0
297
0
 46
4.0
 94
-1056964608
 47
1.0
 49
1.0
140
1.0
294
1
141
0.0
177
0
142
1.0
295
0
296
0
143
3.75
271
0
272
9
273
9
  0
DICTIONARY
  5
2D
330
A
100
AcDbDictionary
280
1
281
1
  3
CREATED_BY_EZDXF
350
2E
  3
WRITTEN_BY_EZDXF
350
4D5
  0
DICTIONARYVAR
  5
2E
330
2D
100
DictionaryVariables
280
0
  1
1.4.4 @ 2026-10-10T03:52:08.392323+00:00
  0
RASTERVARIABLES
  5
4CE
102
{ACAD_REACTORS
330
A
102
}
330
A
100
AcDbRasterVariables
 90
0
 70
0
 71
1
 72
3
  0
DICTIONARY
  5
4CF
330
A
100
AcDbDictionary
281
1
  3
D:\WK\N CRT\北部山头3940平台2026\7、单日数据\北部山头3940平台-1008\二次圈矿成果_3940_1008_v2\3940平台 1008炮孔数据报告.png
350
4D0
  0
IMAGEDEF
  5
4D0
102
{ACAD_REACTORS
330
4CF
330
4D2
102
}
330
4CF
100
AcDbRasterImageDef
 90
0
  1
D:\WK\N CRT\北部山头3940平台2026\7、单日数据\北部山头3940平台-1008\二次圈矿成果_3940_1008_v2\3940平台 1008炮孔数据报告.png
 10
900.0
 20
454.0
 11
0.01
 21
0.01
280
1
281
0
  0
IMAGEDEF_REACTOR
  5
4D2
330
4D1
100
AcDbRasterImageDefReactor
 90
2
330
4D1
  0
DICTIONARYVAR
  5
4D5
330
2D
100
DictionaryVariables
280
0
  1
1.4.4 @ 2026-10-10T03:52:08.491582+00:00
  0
ENDSEC
  0
EOF
