  0
SECTION
  2
HEADER
  9
$ACADVER
  1
AC1024
  9
$ACADMAINTVER
 70
6
  9
$DWGCODEPAGE
  3
ANSI_1252
  9
$LASTSAVEDBY
  1
ezdxf
  9
$INSBASE
 10
0.0
 20
0.0
 30
0.0
  9
$EXTMIN
 10
1e+20
 20
1e+20
 30
1e+20
  9
$EXTMAX
 10
-1e+20
 20
-1e+20
 30
-1e+20
  9
$LIMMIN
 10
0.0
 20
0.0
  9
$LIMMAX
 10
420.0
 20
297.0
  9
$ORTHOMODE
 70
0
  9
$REGENMODE
 70
1
  9
$FILLMODE
 70
1
  9
$QTEXTMODE
 70
0
  9
$MIRRTEXT
 70
1
  9
$LTSCALE
 40
1.0
  9
$ATTMODE
 70
1
  9
$TEXTSIZE
 40
2.5
  9
$TRACEWID
 40
1.0
  9
$TEXTSTYLE
  7
Standard
  9
$CLAYER
  8
0
  9
$CELTYPE
  6
ByLayer
  9
$CECOLOR
 62
256
  9
$CELTSCALE
 40
1.0
  9
$DISPSILH
 70
0
  9
$DIMSCALE
 40
1.0
  9
$DIMASZ
 40
2.5
  9
$DIMEXO
 40
0.625
  9
$DIMDLI
 40
3.75
  9
$DIMRND
 40
0.0
  9
$DIMDLE
 40
0.0
  9
$DIMEXE
 40
1.25
  9
$DIMTP
 40
0.0
  9
$DIMTM
 40
0.0
  9
$DIMTXT
 40
2.5
  9
$DIMCEN
 40
2.5
  9
$DIMTSZ
 40
0.0
  9
$DIMTOL
 70
0
  9
$DIMLIM
 70
0
  9
$DIMTIH
 70
0
  9
$DIMTOH
 70
0
  9
$DIMSE1
 70
0
  9
$DIMSE2
 70
0
  9
$DIMTAD
 70
1
  9
$DIMZIN
 70
8
  9
$DIMBLK
  1

  9
$DIMASO
 70
1
  9
$DIMSHO
 70
1
  9
$DIMPOST
  1

  9
$DIMAPOST
  1

  9
$DIMALT
 70
0
  9
$DIMALTD
 70
3
  9
$DIMALTF
 40
0.03937007874
  9
$DIMLFAC
 40
1.0
  9
$DIMTOFL
 70
1
  9
$DIMTVP
 40
0.0
  9
$DIMTIX
 70
0
  9
$DIMSOXD
 70
0
  9
$DIMSAH
 70
0
  9
$DIMBLK1
  1

  9
$DIMBLK2
  1

  9
$DIMSTYLE
  2
ISO-25
  9
$DIMCLRD
 70
0
  9
$DIMCLRE
 70
0
  9
$DIMCLRT
 70
0
  9
$DIMTFAC
 40
1.0
  9
$DIMGAP
 40
0.625
  9
$DIMJUST
 70
0
  9
$DIMSD1
 70
0
  9
$DIMSD2
 70
0
  9
$DIMTOLJ
 70
0
  9
$DIMTZIN
 70
8
  9
$DIMALTZ
 70
0
  9
$DIMALTTZ
 70
0
  9
$DIMUPT
 70
0
  9
$DIMDEC
 70
2
  9
$DIMTDEC
 70
2
  9
$DIMALTU
 70
2
  9
$DIMALTTD
 70
3
  9
$DIMTXSTY
  7
Standard
  9
$DIMAUNIT
 70
0
  9
$DIMADEC
 70
0
  9
$DIMALTRND
 40
0.0
  9
$DIMAZIN
 70
0
  9
$DIMDSEP
 70
44
  9
$DIMATFIT
 70
3
  9
$DIMFRAC
 70
0
  9
$DIMLDRBLK
  1

  9
$DIMLUNIT
 70
2
  9
$DIMLWD
 70
-2
  9
$DIMLWE
 70
-2
  9
$DIMTMOVE
 70
0
  9
$DIMFXL
 40
1.0
  9
$DIMFXLON
 70
0
  9
$DIMJOGANG
 40
0.785398163397
  9
$DIMTFILL
 70
0
  9
$DIMTFILLCLR
 70
0
  9
$DIMARCSYM
 70
0
  9
$DIMLTYPE
  6

  9
$DIMLTEX1
  6

  9
$DIMLTEX2
  6

  9
$DIMTXTDIRECTION
 70
0
  9
$LUNITS
 70
2
  9
$LUPREC
 70
4
  9
$SKETCHINC
 40
1.0
  9
$FILLETRAD
 40
10.0
  9
$AUNITS
 70
0
  9
$AUPREC
 70
2
  9
$MENU
  1
.
  9
$ELEVATION
 40
0.0
  9
$PELEVATION
 40
0.0
  9
$THICKNESS
 40
0.0
  9
$LIMCHECK
 70
0
  9
$CHAMFERA
 40
0.0
  9
$CHAMFERB
 40
0.0
  9
$CHAMFERC
 40
0.0
  9
$CHAMFERD
 40
0.0
  9
$SKPOLY
 70
0
  9
$TDCREATE
 40
2461324.349212963
  9
$TDUCREATE
 40
2458532.153996898
  9
$TDUPDATE
 40
2461324.349212963
  9
$TDUUPDATE
 40
2458532.1544311
  9
$TDINDWG
 40
0.0
  9
$TDUSRTIMER
 40
0.0
  9
$USRTIMER
 70
1
  9
$ANGBASE
 50
0.0
  9
$ANGDIR
 70
0
  9
$PDMODE
 70
0
  9
$PDSIZE
 40
0.0
  9
$PLINEWID
 40
0.0
  9
$SPLFRAME
 70
0
  9
$SPLINETYPE
 70
6
  9
$SPLINESEGS
 70
8
  9
$HANDSEED
  5
4DB
  9
$SURFTAB1
 70
6
  9
$SURFTAB2
 70
6
  9
$SURFTYPE
 70
6
  9
$SURFU
 70
6
  9
$SURFV
 70
6
  9
$UCSBASE
  2

  9
$UCSNAME
  2

  9
$UCSORG
 10
0.0
 20
0.0
 30
0.0
  9
$UCSXDIR
 10
1.0
 20
0.0
 30
0.0
  9
$UCSYDIR
 10
0.0
 20
1.0
 30
0.0
  9
$UCSORTHOREF
  2

  9
$UCSORTHOVIEW
 70
0
  9
$UCSORGTOP
 10
0.0
 20
0.0
 30
0.0
  9
$UCSORGBOTTOM
 10
0.0
 20
0.0
 30
0.0
  9
$UCSORGLEFT
 10
0.0
 20
0.0
 30
0.0
  9
$UCSORGRIGHT
 10
0.0
 20
0.0
 30
0.0
  9
$UCSORGFRONT
 10
0.0
 20
0.0
 30
0.0
  9
$UCSORGBACK
 10
0.0
 20
0.0
 30
0.0
  9
$PUCSBASE
  2

  9
$PUCSNAME
  2

  9
$PUCSORG
 10
0.0
 20
0.0
 30
0.0
  9
$PUCSXDIR
 10
1.0
 20
0.0
 30
0.0
  9
$PUCSYDIR
 10
0.0
 20
1.0
 30
0.0
  9
$PUCSORTHOREF
  2

  9
$PUCSORTHOVIEW
 70
0
  9
$PUCSORGTOP
 10
0.0
 20
0.0
 30
0.0
  9
$PUCSORGBOTTOM
 10
0.0
 20
0.0
 30
0.0
  9
$PUCSORGLEFT
 10
0.0
 20
0.0
 30
0.0
  9
$PUCSORGRIGHT
 10
0.0
 20
0.0
 30
0.0
  9
$PUCSORGFRONT
 10
0.0
 20
0.0
 30
0.0
  9
$PUCSORGBACK
 10
0.0
 20
0.0
 30
0.0
  9
$USERI1
 70
0
  9
$USERI2
 70
0
  9
$USERI3
 70
0
  9
$USERI4
 70
0
  9
$USERI5
 70
0
  9
$USERR1
 40
0.0
  9
$USERR2
 40
0.0
  9
$USERR3
 40
0.0
  9
$USERR4
 40
0.0
  9
$USERR5
 40
0.0
  9
$WORLDVIEW
 70
1
  9
$SHADEDGE
 70
3
  9
$SHADEDIF
 70
70
  9
$TILEMODE
 70
1
  9
$MAXACTVP
 70
64
  9
$PINSBASE
 10
0.0
 20
0.0
 30
0.0
  9
$PLIMCHECK
 70
0
  9
$PEXTMIN
 10
1e+20
 20
1e+20
 30
1e+20
  9
$PEXTMAX
 10
-1e+20
 20
-1e+20
 30
-1e+20
  9
$PLIMMIN
 10
0.0
 20
0.0
  9
$PLIMMAX
 10
420.0
 20
297.0
  9
$UNITMODE
 70
0
  9
$VISRETAIN
 70
1
  9
$PLINEGEN
 70
0
  9
$PSLTSCALE
 70
1
  9
$TREEDEPTH
 70
3020
  9
$CMLSTYLE
  2
Standard
  9
$CMLJUST
 70
0
  9
$CMLSCALE
 40
20.0
  9
$PROXYGRAPHICS
 70
1
  9
$MEASUREMENT
 70
1
  9
$CELWEIGHT
370
-1
  9
$ENDCAPS
280
0
  9
$JOINSTYLE
280
0
  9
$LWDISPLAY
290
0
  9
$INSUNITS
 70
6
  9
$HYPERLINKBASE
  1

  9
$STYLESHEET
  1

  9
$XEDIT
290
1
  9
$CEPSNTYPE
380
0
  9
$PSTYLEMODE
290
1
  9
$FINGERPRINTGUID
  2
{DD3F75CF-F812-4F56-98ED-CD2E7C24EBE2}
  9
$VERSIONGUID
  2
{159AAEBA-B825-46E0-A475-7112F2ABD194}
  9
$EXTNAMES
290
1
  9
$PSVPSCALE
 40
0.0
  9
$OLESTARTUP
290
0
  9
$SORTENTS
280
127
  9
$INDEXCTL
280
0
  9
$HIDETEXT
280
1
  9
$XCLIPFRAME
280
1
  9
$HALOGAP
280
0
  9
$OBSCOLOR
 70
257
  9
$OBSLTYPE
280
0
  9
$INTERSECTIONDISPLAY
280
0
  9
$INTERSECTIONCOLOR
 70
257
  9
$DIMASSOC
280
2
  9
$PROJECTNAME
  1

  9
$CAMERADISPLAY
290
0
  9
$LENSLENGTH
 40
50.0
  9
$CAMERAHEIGHT
 40
0.0
  9
$STEPSPERSEC
 40
24.0
  9
$STEPSIZE
 40
100.0
  9
$3DDWFPREC
 40
2.0
  9
$PSOLWIDTH
 40
0.005
  9
$PSOLHEIGHT
 40
0.08
  9
$LOFTANG1
 40
1.570796326795
  9
$LOFTANG2
 40
1.570796326795
  9
$LOFTMAG1
 40
0.0
  9
$LOFTMAG2
 40
0.0
  9
$LOFTPARAM
 70
7
  9
$LOFTNORMALS
280
1
  9
$LATITUDE
 40
37.795
  9
$LONGITUDE
 40
-122.394
  9
$NORTHDIRECTION
 40
0.0
  9
$TIMEZONE
 70
-8000
  9
$LIGHTGLYPHDISPLAY
280
1
  9
$TILEMODELIGHTSYNCH
280
1
  9
$CMATERIAL
347
20
  9
$SOLIDHIST
280
0
  9
$SHOWHIST
280
1
  9
$DWFFRAME
280
2
  9
$DGNFRAME
280
2
  9
$REALWORLDSCALE
290
1
  9
$INTERFERECOLOR
 62
256
  9
$CSHADOW
280
0
  9
$SHADOWPLANELOCATION
 40
0.0
  0
ENDSEC
  0
SECTION
  2
CLASSES
  0
CLASS
  1
ACDBDICTIONARYWDFLT
  2
AcDbDictionaryWithDefault
  3
ObjectDBX Classes
 90
0
 91
0
280
0
281
0
  0
CLASS
  1
SUN
  2
AcDbSun
  3
SCENEOE
 90
1153
 91
0
280
0
281
0
  0
CLASS
  1
VISUALSTYLE
  2
AcDbVisualStyle
  3
ObjectDBX Classes
 90
4095
 91
0
280
0
281
0
  0
CLASS
  1
MATERIAL
  2
AcDbMaterial
  3
ObjectDBX Classes
 90
1153
 91
0
280
0
281
0
  0
CLASS
  1
SCALE
  2
AcDbScale
  3
ObjectDBX Classes
 90
1153
 91
0
280
0
281
0
  0
CLASS
  1
TABLESTYLE
  2
AcDbTableStyle
  3
ObjectDBX Classes
 90
4095
 91
0
280
0
281
0
  0
CLASS
  1
MLEADERSTYLE
  2
AcDbMLeaderStyle
  3
ACDB_MLEADERSTYLE_CLASS
 90
4095
 91
0
280
0
281
0
  0
CLASS
  1
DICTIONARYVAR
  2
AcDbDictionaryVar
  3
ObjectDBX Classes
 90
0
 91
0
280
0
281
0
  0
CLASS
  1
CELLSTYLEMAP
  2
AcDbCellStyleMap
  3
ObjectDBX Classes
 90
1152
 91
0
280
0
281
0
  0
CLASS
  1
MENTALRAYRENDERSETTINGS
  2
AcDbMentalRayRenderSettings
  3
SCENEOE
 90
1024
 91
0
280
0
281
0
  0
CLASS
  1
ACDBDETAILVIEWSTYLE
  2
AcDbDetailViewStyle
  3
ObjectDBX Classes
 90
1025
 91
0
280
0
281
0
  0
CLASS
  1
ACDBSECTIONVIEWSTYLE
  2
AcDbSectionViewStyle
  3
ObjectDBX Classes
 90
1025
 91
0
280
0
281
0
  0
CLASS
  1
RASTERVARIABLES
  2
AcDbRasterVariables
  3
ISM
 90
0
 91
0
280
0
281
0
  0
CLASS
  1
ACDBPLACEHOLDER
  2
AcDbPlaceHolder
  3
ObjectDBX Classes
 90
0
 91
0
280
0
281
0
  0
CLASS
  1
LAYOUT
  2
AcDbLayout
  3
ObjectDBX Classes
 90
0
 91
0
280
0
281
0
  0
ENDSEC
  0
SECTION
  2
TABLES
  0
TABLE
  2
VPORT
  5
8
330
0
100
AcDbSymbolTable
 70
1
  0
VPORT
  5
23
330
8
100
AcDbSymbolTableRecord
100
AcDbViewportTableRecord
  2
*Active
 70
0
 10
0.0
 20
0.0
 11
1.0
 21
1.0
 12
0.0
 22
0.0
 13
0.0
 23
0.0
 14
0.5
 24
0.5
 15
0.5
 25
0.5
 16
0.0
 26
0.0
 36
1.0
 17
0.0
 27
0.0
 37
0.0
 40
1000.0
 41
1.34
 42
50.0
 43
0.0
 44
0.0
 50
0.0
 51
0.0
 71
0
 72
1000
 73
1
 74
3
 75
0
 76
0
 77
0
 78
0
281
0
 65
0
146
0.0
  0
ENDTAB
  0
TABLE
  2
LTYPE
  5
2
330
0
100
AcDbSymbolTable
 70
3
  0
LTYPE
  5
24
330
2
100
AcDbSymbolTableRecord
100
AcDbLinetypeTableRecord
  2
ByBlock
 70
0
  3

 72
65
 73
0
 40
0.0
  0
LTYPE
  5
25
330
2
100
AcDbSymbolTableRecord
100
AcDbLinetypeTableRecord
  2
ByLayer
 70
0
  3

 72
65
 73
0
 40
0.0
  0
LTYPE
  5
26
330
2
100
AcDbSymbolTableRecord
100
AcDbLinetypeTableRecord
  2
Continuous
 70
0
  3

 72
65
 73
0
 40
0.0
  0
ENDTAB
  0
TABLE
  2
LAYER
  5
1
330
0
100
AcDbSymbolTable
 70
9
  0
LAYER
  5
27
330
1
100
AcDbSymbolTableRecord
100
AcDbLayerTableRecord
  2
0
 70
0
 62
7
  6
Continuous
370
-3
390
13
347
21
  0
LAYER
  5
28
330
1
100
AcDbSymbolTableRecord
100
AcDbLayerTableRecord
  2
Defpoints
 70
0
 62
7
  6
Continuous
290
0
370
-3
390
13
347
21
  0
LAYER
  5
2F
330
1
100
AcDbSymbolTableRecord
100
AcDbLayerTableRecord
  2
0.500-1.000
 70
0
 62
4
  6
Continuous
370
-3
390
13
347
21
  0
LAYER
  5
30
330
1
100
AcDbSymbolTableRecord
100
AcDbLayerTableRecord
  2
1.000-1.500
 70
0
 62
5
  6
Continuous
370
-3
390
13
347
21
  0
LAYER
  5
31
330
1
100
AcDbSymbolTableRecord
100
AcDbLayerTableRecord
  2
1.500-3.000
 70
0
 62
1
  6
Continuous
370
-3
390
13
347
21
  0
LAYER
  5
32
330
1
100
AcDbSymbolTableRecord
100
AcDbLayerTableRecord
  2
3.000-999.000
 70
0
 62
2
  6
Continuous
370
-3
390
13
347
21
  0
LAYER
  5
33
330
1
100
AcDbSymbolTableRecord
100
AcDbLayerTableRecord
  2
爆区方格网
 70
0
 62
7
  6
Continuous
370
-3
390
13
347
21
  0
LAYER
  5
34
330
1
100
AcDbSymbolTableRecord
100
AcDbLayerTableRecord
  2
钻孔
 70
0
 62
7
  6
Continuous
370
-3
390
13
347
21
  0
LAYER
  5
35
330
1
100
AcDbSymbolTableRecord
100
AcDbLayerTableRecord
  2
点
 70
0
 62
7
  6
Continuous
370
-3
390
13
347
21
  0
ENDTAB
  0
TABLE
  2
STYLE
  5
5
330
0
100
AcDbSymbolTable
 70
2
  0
STYLE
  5
29
330
5
100
AcDbSymbolTableRecord
100
AcDbTextStyleTableRecord
  2
Standard
 70
0
 40
0.0
 41
1.0
 50
0.0
 71
0
 42
2.5
  3
txt
  4

  0
STYLE
  5
36
330
5
100
AcDbSymbolTableRecord
100
AcDbTextStyleTableRecord
  2
CN_TTF
 70
0
 40
0.0
 41
1.0
 50
0.0
 71
0
 42
2.5
  3
simsunb.ttf
  4

  0
ENDTAB
  0
TABLE
  2
VIEW
  5
7
330
0
100
AcDbSymbolTable
 70
0
  0
ENDTAB
  0
TABLE
  2
UCS
  5
6
330
0
100
AcDbSymbolTable
 70
0
  0
ENDTAB
  0
TABLE
  2
APPID
  5
3
330
0
100
AcDbSymbolTable
 70
3
  0
APPID
  5
2A
330
3
100
AcDbSymbolTableRecord
100
AcDbRegAppTableRecord
  2
ACAD
 70
0
  0
APPID
  5
4D8
330
3
100
AcDbSymbolTableRecord
100
AcDbRegAppTableRecord
  2
HATCHBACKGROUNDCOLOR
 70
0
  0
APPID
  5
4D9
330
3
100
AcDbSymbolTableRecord
100
AcDbRegAppTableRecord
  2
EZDXF
 70
0
  0
ENDTAB
  0
TABLE
  2
DIMSTYLE
  5
4
330
0
100
AcDbSymbolTable
 70
1
100
AcDbDimStyleTable
  0
DIMSTYLE
105
2B
330
4
100
AcDbSymbolTableRecord
100
AcDbDimStyleTableRecord
  2
Standard
 70
0
 40
1.0
 41
2.5
 42
0.625
 43
3.75
 44
1.25
 45
0.0
 46
0.0
 47
0.0
 48
0.0
 49
2.5
140
2.5
141
2.5
142
0.0
143
0.03937007874
144
1.0
145
0.0
146
1.0
147
0.625
148
0.0
 69
0
 70
0
 71
0
 72
0
 73
0
 74
0
 75
0
 76
0
 77
1
 78
8
 79
3
170
0
171
3
172
1
173
0
174
0
175
0
176
0
177
0
178
0
179
2
271
2
272
2
273
2
274
3
275
0
276
0
277
2
278
44
279
0
280
0
281
0
282
0
283
0
284
8
285
0
286
0
288
0
289
3
290
0
371
-2
372
-2
  0
ENDTAB
  0
TABLE
  2
BLOCK_RECORD
  5
9
330
0
100
AcDbSymbolTable
 70
2
  0
BLOCK_RECORD
  5
17
330
9
100
AcDbSymbolTableRecord
100
AcDbBlockTableRecord
  2
*Model_Space
340
1A
 70
0
280
1
281
0
  0
BLOCK_RECORD
  5
1B
330
9
100
AcDbSymbolTableRecord
100
AcDbBlockTableRecord
  2
*Paper_Space
340
1E
 70
0
280
1
281
0
  0
ENDTAB
  0
ENDSEC
  0
SECTION
  2
BLOCKS
  0
BLOCK
  5
18
330
17
100
AcDbEntity
  8
0
100
AcDbBlockBegin
  2
*Model_Space
 70
0
 10
0.0
 20
0.0
 30
0.0
  3
*Model_Space
  1

  0
ENDBLK
  5
19
330
17
100
AcDbEntity
  8
0
100
AcDbBlockEnd
  0
BLOCK
  5
1C
330
1B
100
AcDbEntity
  8
0
100
AcDbBlockBegin
  2
*Paper_Space
 70
0
 10
0.0
 20
0.0
 30
0.0
  3
*Paper_Space
  1

  0
ENDBLK
  5
1D
330
1B
100
AcDbEntity
  8
0
100
AcDbBlockEnd
  0
ENDSEC
  0
SECTION
  2
ENTITIES
  0
LWPOLYLINE
  5
37
330
17
100
AcDbEntity
  8
1.000-1.500
 62
5
370
30
100
AcDbPolyline
 90
31
 70
1
 10
470106.18586100807
 20
4349724.253450612
 10
470103.6012318074
 20
4349726.5274987
 10
470101.01660260675
 20
4349728.801546789
 10
470100.71161290014
 20
4349731.076370081
 10
470100.4503498953
 20
4349733.025049515
 10
470099.4788570383
 20
4349735.670984734
 10
470098.3477229453
 20
4349738.751715089
 10
470097.4280324601
 20
4349742.170724536
 10
470096.5422094411
 20
4349745.463829465
 10
470095.53139828047
 20
4349749.251529001
 10
470094.5214378057
 20
4349753.036040856
 10
470093.6535499984
 20
4349756.42118194
 10
470098.8149986267
 20
4349755.9697265625
 10
470099.70499801636
 20
4349752.3046875
 10
470100.19734518416
 20
4349750.496603339
 10
470101.6300010681
 20
4349745.2353515625
 10
470102.11520865053
 20
4349743.431560684
 10
470102.51499938965
 20
4349741.9453125
 10
470102.73500061035
 20
4349738.0849609375
 10
470103.129210326
 20
4349737.011300578
 10
470103.8199996948
 20
4349735.1298828125
 10
470105.23500061035
 20
4349733.9248046875
 10
470106.2135374552
 20
4349734.210751451
 10
470108.1229927102
 20
4349734.768729979
 10
470109.01696866116
 20
4349732.3985796925
 10
470110.296875
 20
4349730.140625
 10
470107.34765625
 20
4349729.8359375
 10
470107.1138268762
 20
4349728.180889876
 10
470107.1138268763
 20
4349728.180889876
 10
470106.9345703125
 20
4349726.912109375
 10
470106.18586100807
 20
4349724.253450612
  0
LWPOLYLINE
  5
38
330
17
100
AcDbEntity
  8
0.500-1.000
 62
4
370
30
100
AcDbPolyline
 90
8
 70
1
 10
470097.1625
 20
4349762.72754
 10
470097.96
 20
4349759.30518
 10
470098.815
 20
4349755.96973
 10
470093.65355
 20
4349756.42118
 10
470092.79314
 20
4349759.77772
 10
470092.0436104578
 20
4349763.09977797
 10
470096.82442
 20
4349764.17837
 10
470097.1625
 20
4349762.72754
  0
LWPOLYLINE
  5
39
330
17
100
AcDbEntity
  8
0.500-1.000
 62
4
370
30
100
AcDbPolyline
 90
7
 70
1
 10
470096.365
 20
4349766.1499
 10
470096.8244188388
 20
4349764.178374983
 10
470092.0436104578
 20
4349763.09977797
 10
470091.30357
 20
4349766.37976
 10
470093.145
 20
4349770.61523
 10
470095.565
 20
4349769.28516
 10
470096.365
 20
4349766.1499
  0
LWPOLYLINE
  5
3A
330
17
100
AcDbEntity
  8
0.500-1.000
 62
4
370
30
100
AcDbPolyline
 90
20
 70
1
 10
470108.1229927102
 20
4349734.768729979
 10
470105.23500061035
 20
4349733.9248046875
 10
470103.8199996948
 20
4349735.1298828125
 10
470102.73500061035
 20
4349738.0849609375
 10
470102.60942306346
 20
4349740.288464526
 10
470102.51499938965
 20
4349741.9453125
 10
470101.14030533226
 20
4349747.023464042
 10
470100.66749954224
 20
4349748.770019531
 10
470099.70499801636
 20
4349752.3046875
 10
470098.8149986267
 20
4349755.9697265625
 10
470103.5599975586
 20
4349753.2998046875
 10
470104.6217738227
 20
4349752.958565385
 10
470108.1650009155
 20
4349751.819824219
 10
470109.25690913433
 20
4349748.889064607
 10
470107.9019531365
 20
4349745.934569713
 10
470106.8575374518
 20
4349743.657211028
 10
470107.03514679463
 20
4349740.540707848
 10
470107.04327710555
 20
4349740.398045646
 10
470107.22901675926
 20
4349737.138880265
 10
470108.1229927102
 20
4349734.768729979
  0
LWPOLYLINE
  5
3B
330
17
100
AcDbEntity
  8
爆区方格网
 62
7
100
AcDbPolyline
 90
4
 70
1
 10
470094.0
 20
4349756.0
 10
470094.0
 20
4349755.069875787
 10
470093.761533288
 20
4349756.0
 10
470094.0
 20
4349756.0
  0
TEXT
  5
3C
330
17
100
AcDbEntity
  8
0
 62
5
100
AcDbText
 10
470093.780383322
 20
4349755.464937894
 30
0.0
 40
0.1333
  1
1.16
  7
CN_TTF
 11
470093.780383322
 21
4349755.464937894
 31
0.0
100
AcDbText
  0
LWPOLYLINE
  5
3D
330
17
100
AcDbEntity
  8
爆区方格网
 62
7
100
AcDbPolyline
 90
5
 70
1
 10
470094.0
 20
4349756.0
 10
470093.761533288
 20
4349756.0
 10
470093.6535499984
 20
4349756.42118194
 10
470094.0
 20
4349756.390879068
 10
470094.0
 20
4349756.0
  0
TEXT
  5
3E
330
17
100
AcDbEntity
  8
0
 62
5
100
AcDbText
 10
470093.6957130961
 20
4349756.125439534
 30
0.0
 40
0.1333
  1
1.16
  7
CN_TTF
 11
470093.6957130961
 21
4349756.125439534
 31
0.0
100
AcDbText
  0
LWPOLYLINE
  5
3F
330
17
100
AcDbEntity
  8
爆区方格网
 62
7
100
AcDbPolyline
 90
4
 70
1
 10
470095.0
 20
4349752.0
 10
470095.0
 20
4349751.242778304
 10
470094.7979226879
 20
4349752.0
 10
470095.0
 20
4349752.0
  0
TEXT
  5
40
330
17
100
AcDbEntity
  8
0
 62
5
100
AcDbText
 10
470094.7894806719
 20
4349751.551389152
 30
0.0
 40
0.1333
  1
1.16
  7
CN_TTF
 11
470094.7894806719
 21
4349751.551389152
 31
0.0
100
AcDbText
  0
LWPOLYLINE
  5
41
330
17
100
AcDbEntity
  8
爆区方格网
 62
7
100
AcDbPolyline
 90
5
 70
1
 10
470095.0
 20
4349753.0
 10
470095.0
 20
4349752.0
 10
470094.7979226879
 20
4349752.0
 10
470094.5310559126
 20
4349753.0
 10
470095.0
 20
4349753.0
  0
TEXT
  5
42
330
17
100
AcDbEntity
  8
0
 62
5
100
AcDbText
 10
470094.67224465014
 20
4349752.43
 30
0.0
 40
0.1333
  1
1.16
  7
CN_TTF
 11
470094.67224465014
 21
4349752.43
 31
0.0
100
AcDbText
  0
LWPOLYLINE
  5
43
330
17
100
AcDbEntity
  8
爆区方格网
 62
7
100
AcDbPolyline
 90
6
 70
1
 10
470095.0
 20
4349754.0
 10
470095.0
 20
4349753.0
 10
470094.5310559126
 20
4349753.0
 10
470094.5214378057
 20
4349753.036040856
 10
470094.2742964407
 20
4349754.0
 10
470095.0
 20
4349754.0
  0
TEXT
  5
44
330
17
100
AcDbEntity
  8
0
 62
5
100
AcDbText
 10
470094.53893356165
 20
4349753.4480204275
 30
0.0
 40
0.1333
  1
1.16
  7
CN_TTF
 11
470094.53893356165
 21
4349753.4480204275
 31
0.0
100
AcDbText
  0
LWPOLYLINE
  5
45
330
17
100
AcDbEntity
  8
爆区方格网
 62
7
100
AcDbPolyline
 90
5
 70
1
 10
470095.0
 20
4349755.0
 10
470095.0
 20
4349754.0
 10
470094.2742964407
 20
4349754.0
 10
470094.01791486435
 20
4349755.0
 10
470095.0
 20
4349755.0
  0
TEXT
  5
46
330
17
100
AcDbEntity
  8
0
 62
5
100
AcDbText
 10
470094.4130528263
 20
4349754.43
 30
0.0
 40
0.1333
  1
1.16
  7
CN_TTF
 11
470094.4130528263
 21
4349754.43
 31
0.0
100
AcDbText
  0
LWPOLYLINE
  5
47
330
17
100
AcDbEntity
  8
爆区方格网
 62
7
100
AcDbPolyline
 90
6
 70
1
 10
470094.0
 20
4349756.0
 10
470095.0
 20
4349756.0
 10
470095.0
 20
4349755.0
 10
470094.01791486435
 20
4349755.0
 10
470094.0
 20
4349755.069875787
 10
470094.0
 20
4349756.0
  0
TEXT
  5
48
330
17
100
AcDbEntity
  8
0
 62
5
100
AcDbText
 10
470094.34
 20
4349755.464937894
 30
0.0
 40
0.1333
  1
1.16
  7
CN_TTF
 11
470094.34
 21
4349755.464937894
 31
0.0
100
AcDbText
  0
LWPOLYLINE
  5
49
330
17
100
AcDbEntity
  8
爆区方格网
 62
7
100
AcDbPolyline
 90
5
 70
1
 10
470095.0
 20
4349756.0
 10
470094.0
 20
4349756.0
 10
470094.0
 20
4349756.390879068
 10
470095.0
 20
4349756.303412271
 10
470095.0
 20
4349756.0
  0
TEXT
  5
4A
330
17
100
AcDbEntity
  8
0
 62
5
100
AcDbText
 10
470094.34
 20
4349756.081706135
 30
0.0
 40
0.1333
  1
1.16
  7
CN_TTF
 11
470094.34
 21
4349756.081706135
 31
0.0
100
AcDbText
  0
LWPOLYLINE
  5
4B
330
17
100
AcDbEntity
  8
爆区方格网
 62
7
100
AcDbPolyline
 90
4
 70
1
 10
470096.0
 20
4349748.0
 10
470096.0
 20
4349747.495590221
 10
470095.865389789
 20
4349748.0
 10
470096.0
 20
4349748.0
  0
TEXT
  5
4C
330
17
100
AcDbEntity
  8
0
 62
5
100
AcDbText
 10
470095.8063474473
 20
4349747.67779511
 30
0.0
 40
0.1333
  1
1.04
  7
CN_TTF
 11
470095.8063474473
 21
4349747.67779511
 31
0.0
100
AcDbText
  0
LWPOLYLINE
  5
4D
330
17
100
AcDbEntity
  8
爆区方格网
 62
7
100
AcDbPolyline
 90
5
 70
1
 10
470096.0
 20
4349749.0
 10
470096.0
 20
4349748.0
 10
470095.865389789
 20
4349748.0
 10
470095.59852301376
 20
4349749.0
 10
470096.0
 20
4349749.0
  0
TEXT
  5
4E
330
17
100
AcDbEntity
  8
0
 62
5
100
AcDbText
 10
470095.7059782007
 20
4349748.43
 30
0.0
 40
0.1333
  1
1.04
  7
CN_TTF
 11
470095.7059782007
 21
4349748.43
 31
0.0
100
AcDbText
  0
LWPOLYLINE
  5
4F
330
17
100
AcDbEntity
  8
爆区方格网
 62
7
100
AcDbPolyline
 90
6
 70
1
 10
470096.0
 20
4349750.0
 10
470096.0
 20
4349749.0
 10
470095.59852301376
 20
4349749.0
 10
470095.53139828047
 20
4349749.251529001
 10
470095.3316562385
 20
4349750.0
 10
470096.0
 20
4349750.0
  0
TEXT
  5
50
330
17
100
AcDbEntity
  8
0
 62
5
100
AcDbText
 10
470095.5557636298
 20
4349749.5557645
 30
0.0
 40
0.1333
  1
1.16
  7
CN_TTF
 11
470095.5557636298
 21
4349749.5557645
 31
0.0
100
AcDbText
  0
LWPOLYLINE
  5
51
330
17
100
AcDbEntity
  8
爆区方格网
 62
7
100
AcDbPolyline
 90
5
 70
1
 10
470096.0
 20
4349751.0
 10
470096.0
 20
4349750.0
 10
470095.3316562385
 20
4349750.0
 10
470095.0647894632
 20
4349751.0
 10
470096.0
 20
4349751.0
  0
TEXT
  5
52
330
17
100
AcDbEntity
  8
0
 62
5
100
AcDbText
 10
470095.4391114254
 20
4349750.43
 30
0.0
 40
0.1333
  1
1.16
  7
CN_TTF
 11
470095.4391114254
 21
4349750.43
 31
0.0
100
AcDbText
  0
LWPOLYLINE
  5
53
330
17
100
AcDbEntity
  8
爆区方格网
 62
7
100
AcDbPolyline
 90
6
 70
1
 10
470095.0
 20
4349752.0
 10
470096.0
 20
4349752.0
 10
470096.0
 20
4349751.0
 10
470095.0647894632
 20
4349751.0
 10
470095.0
 20
4349751.242778304
 10
470095.0
 20
4349752.0
  0
TEXT
  5
54
330
17
100
AcDbEntity
  8
0
 62
5
100
AcDbText
 10
470095.34
 20
4349751.551389152
 30
0.0
 40
0.1333
  1
1.16
  7
CN_TTF
 11
470095.34
 21
4349751.551389152
 31
0.0
100
AcDbText
  0
LWPOLYLINE
  5
55
330
17
100
AcDbEntity
  8
爆区方格网
 62
7
100
AcDbPolyline
 90
5
 70
1
 10
470095.0
 20
4349752.0
 10
470095.0
 20
4349753.0
 10
470096.0
 20
4349753.0
 10
470096.0
 20
4349752.0
 10
470095.0
 20
4349752.0
  0
TEXT
  5
56
330
17
100
AcDbEntity
  8
0
 62
5
100
AcDbText
 10
470095.34
 20
4349752.43
 30
0.0
 40
0.1333
  1
1.16
  7
CN_TTF
 11
470095.34
 21
4349752.43
 31
0.0
100
AcDbText
  0
LWPOLYLINE
  5
57
330
17
100
AcDbEntity
  8
爆区方格网
 62
7
100
AcDbPolyline
 90
5
 70
1
 10
470095.0
 20
4349753.0
 10
470095.0
 20
4349754.0
 10
470096.0
 20
4349754.0
 10
470096.0
 20
4349753.0
 10
470095.0
 20
4349753.0
  0
TEXT
  5
58
330
17
100
AcDbEntity
  8
0
 62
5
100
AcDbText
 10
470095.34
 20
4349753.43
 30
0.0
 40
0.1333
  1
1.16
  7
CN_TTF
 11
470095.34
 21
4349753.43
 31
0.0
100
AcDbText
  0
LWPOLYLINE
  5
59
330
17
100
AcDbEntity
  8
爆区方格网
 62
7
100
AcDbPolyline
 90
5
 70
1
 10
470095.0
 20
4349754.0
 10
470095.0
 20
4349755.0
 10
470096.0
 20
4349755.0
 10
470096.0
 20
4349754.0
 10
470095.0
 20
4349754.0
  0
TEXT
  5
5A
330
17
100
AcDbEntity
  8
0
 62
5
100
AcDbText
 10
470095.34
 20
4349754.43
 30
0.0
 40
0.1333
  1
1.16
  7
CN_TTF
 11
470095.34
 21
4349754.43
 31
0.0
100
AcDbText
  0
LWPOLYLINE
  5
5B
330
17
100
AcDbEntity
  8
爆区方格网
 62
7
100
AcDbPolyline
 90
5
 70
1
 10
470095.0
 20
4349755.0
 10
470095.0
 20
4349756.0
 10
470096.0
 20
4349756.0
 10
470096.0
 20
4349755.0
 10
470095.0
 20
4349755.0
  0
TEXT
  5
5C
330
17
100
AcDbEntity
  8
0
 62
5
100
AcDbText
 10
470095.34
 20
4349755.43
 30
0.0
 40
0.1333
  1
1.16
  7
CN_TTF
 11
470095.34
 21
4349755.43
 31
0.0
100
AcDbText
  0
LWPOLYLINE
  5
5D
330
17
100
AcDbEntity
  8
爆区方格网
 62
7
100
AcDbPolyline
 90
5
 70
1
 10
470096.0
 20
4349756.0
 10
470095.0
 20
4349756.0
 10
470095.0
 20
4349756.303412271
 10
470096.0
 20
4349756.215945475
 10
470096.0
 20
4349756.0
  0
TEXT
  5
5E
330
17
100
AcDbEntity
  8
0
 62
5
100
AcDbText
 10
470095.34
 20
4349756.037972737
 30
0.0
 40
0.1333
  1
1.16
  7
CN_TTF
 11
470095.34
 21
4349756.037972737
 31
0.0
100
AcDbText
  0
LWPOLYLINE
  5
5F
330
17
100
AcDbEntity
  8
爆区方格网
 62
7
100
AcDbPolyline
 90
4
 70
1
 10
470097.0
 20
4349744.0
 10
470097.0
 20
4349743.761963163
 10
470096.935969696
 20
4349744.0
 10
470097.0
 20
4349744.0
  0
TEXT
  5
60
330
17
100
AcDbEntity
  8
0
 62
5
100
AcDbText
 10
470096.823992424
 20
4349743.810981581
 30
0.0
 40
0.1333
  1
1.04
  7
CN_TTF
 11
470096.823992424
 21
4349743.810981581
 31
0.0
100
AcDbText
  0
LWPOLYLINE
  5
61
330
17
100
AcDbEntity
  8
爆区方格网
 62
7
100
AcDbPolyline
 90
5
 70
1
 10
470097.0
 20
4349745.0
 10
470097.0
 20
4349744.0
 10
470096.935969696
 20
4349744.0
 10
470096.6669764394
 20
4349745.0
 10
470097.0
 20
4349745.0
  0
TEXT
  5
62
330
17
100
AcDbEntity
  8
0
 62
5
100
AcDbText
 10
470096.7407365339
 20
4349744.43
 30
0.0
 40
0.1333
  1
1.04
  7
CN_TTF
 11
470096.7407365339
 21
4349744.43
 31
0.0
100
AcDbText
  0
LWPOLYLINE
  5
63
330
17
100
AcDbEntity
  8
爆区方格网
 62
7
100
AcDbPolyline
 90
6
 70
1
 10
470097.0
 20
4349746.0
 10
470097.0
 20
4349745.0
 10
470096.6669764394
 20
4349745.0
 10
470096.5422094411
 20
4349745.463829465
 10
470096.3991233395
 20
4349746.0
 10
470097.0
 20
4349746.0
  0
TEXT
  5
64
330
17
100
AcDbEntity
  8
0
 62
5
100
AcDbText
 10
470096.57533319516
 20
4349745.661914732
 30
0.0
 40
0.1333
  1
1.04
  7
CN_TTF
 11
470096.57533319516
 21
4349745.661914732
 31
0.0
100
AcDbText
  0
LWPOLYLINE
  5
65
330
17
100
AcDbEntity
  8
爆区方格网
 62
7
100
AcDbPolyline
 90
5
 70
1
 10
470097.0
 20
4349747.0
 10
470097.0
 20
4349746.0
 10
470096.3991233395
 20
4349746.0
 10
470096.1322565642
 20
4349747.0
 10
470097.0
 20
4349747.0
  0
TEXT
  5
66
330
17
100
AcDbEntity
  8
0
 62
5
100
AcDbText
 10
470096.47284497594
 20
4349746.43
 30
0.0
 40
0.1333
  1
1.04
  7
CN_TTF
 11
470096.47284497594
 21
4349746.43
 31
0.0
100
AcDbText
  0
LWPOLYLINE
  5
67
330
17
100
AcDbEntity
  8
爆区方格网
 62
7
100
AcDbPolyline
 90
6
 70
1
 10
470096.0
 20
4349748.0
 10
470097.0
 20
4349748.0
 10
470097.0
 20
4349747.0
 10
470096.1322565642
 20
4349747.0
 10
470096.0
 20
4349747.495590221
 10
470096.0
 20
4349748.0
  0
TEXT
  5
68
330
17
100
AcDbEntity
  8
0
 62
5
100
AcDbText
 10
470096.34
 20
4349747.67779511
 30
0.0
 40
0.1333
  1
1.04
  7
CN_TTF
 11
470096.34
 21
4349747.67779511
 31
0.0
100
AcDbText
  0
LWPOLYLINE
  5
69
330
17
100
AcDbEntity
  8
爆区方格网
 62
7
100
AcDbPolyline
 90
5
 70
1
 10
470096.0
 20
4349748.0
 10
470096.0
 20
4349749.0
 10
470097.0
 20
4349749.0
 10
470097.0
 20
4349748.0
 10
470096.0
 20
4349748.0
  0
TEXT
  5
6A
330
17
100
AcDbEntity
  8
0
 62
5
100
AcDbText
 10
470096.34
 20
4349748.43
 30
0.0
 40
0.1333
  1
1.04
  7
CN_TTF
 11
470096.34
 21
4349748.43
 31
0.0
100
AcDbText
  0
LWPOLYLINE
  5
6B
330
17
100
AcDbEntity
  8
爆区方格网
 62
7
100
AcDbPolyline
 90
5
 70
1
 10
470096.0
 20
4349749.0
 10
470096.0
 20
4349750.0
 10
470097.0
 20
4349750.0
 10
470097.0
 20
4349749.0
 10
470096.0
 20
4349749.0
  0
TEXT
  5
6C
330
17
100
AcDbEntity
  8
0
 62
5
100
AcDbText
 10
470096.34
 20
4349749.43
 30
0.0
 40
0.1333
  1
1.04
  7
CN_TTF
 11
470096.34
 21
4349749.43
 31
0.0
100
AcDbText
  0
LWPOLYLINE
  5
6D
330
17
100
AcDbEntity
  8
爆区方格网
 62
7
100
AcDbPolyline
 90
5
 70
1
 10
470096.0
 20
4349750.0
 10
470096.0
 20
4349751.0
 10
470097.0
 20
4349751.0
 10
470097.0
 20
4349750.0
 10
470096.0
 20
4349750.0
  0
TEXT
  5
6E
330
17
100
AcDbEntity
  8
0
 62
5
100
AcDbText
 10
470096.34
 20
4349750.43
 30
0.0
 40
0.1333
  1
1.16
  7
CN_TTF
 11
470096.34
 21
4349750.43
 31
0.0
100
AcDbText
  0
LWPOLYLINE
  5
6F
330
17
100
AcDbEntity
  8
爆区方格网
 62
7
100
AcDbPolyline
 90
5
 70
1
 10
470096.0
 20
4349751.0
 10
470096.0
 20
4349752.0
 10
470097.0
 20
4349752.0
 10
470097.0
 20
4349751.0
 10
470096.0
 20
4349751.0
  0
TEXT
  5
70
330
17
100
AcDbEntity
  8
0
 62
5
100
AcDbText
 10
470096.34
 20
4349751.43
 30
0.0
 40
0.1333
  1
1.16
  7
CN_TTF
 11
470096.34
 21
4349751.43
 31
0.0
100
AcDbText
  0
LWPOLYLINE
  5
71
330
17
100
AcDbEntity
  8
爆区方格网
 62
7
100
AcDbPolyline
 90
5
 70
1
 10
470096.0
 20
4349752.0
 10
470096.0
 20
4349753.0
 10
470097.0
 20
4349753.0
 10
470097.0
 20
4349752.0
 10
470096.0
 20
4349752.0
  0
TEXT
  5
72
330
17
100
AcDbEntity
  8
0
 62
5
100
AcDbText
 10
470096.34
 20
4349752.43
 30
0.0
 40
0.1333
  1
1.16
  7
CN_TTF
 11
470096.34
 21
4349752.43
 31
0.0
100
AcDbText
  0
LWPOLYLINE
  5
73
330
17
100
AcDbEntity
  8
爆区方格网
 62
7
100
AcDbPolyline
 90
5
 70
1
 10
470096.0
 20
4349753.0
 10
470096.0
 20
4349754.0
 10
470097.0
 20
4349754.0
 10
470097.0
 20
4349753.0
 10
470096.0
 20
4349753.0
  0
TEXT
  5
74
330
17
100
AcDbEntity
  8
0
 62
5
100
AcDbText
 10
470096.34
 20
4349753.43
 30
0.0
 40
0.1333
  1
1.16
  7
CN_TTF
 11
470096.34
 21
4349753.43
 31
0.0
100
AcDbText
  0
LWPOLYLINE
  5
75
330
17
100
AcDbEntity
  8
爆区方格网
 62
7
100
AcDbPolyline
 90
5
 70
1
 10
470096.0
 20
4349754.0
 10
470096.0
 20
4349755.0
 10
470097.0
 20
4349755.0
 10
470097.0
 20
4349754.0
 10
470096.0
 20
4349754.0
  0
TEXT
  5
76
330
17
100
AcDbEntity
  8
0
 62
5
100
AcDbText
 10
470096.34
 20
4349754.43
 30
0.0
 40
0.1333
  1
1.16
  7
CN_TTF
 11
470096.34
 21
4349754.43
 31
0.0
100
AcDbText
  0
LWPOLYLINE
  5
77
330
17
100
AcDbEntity
  8
爆区方格网
 62
7
100
AcDbPolyline
 90
5
 70
1
 10
470096.0
 20
4349755.0
 10
470096.0
 20
4349756.0
 10
470097.0
 20
4349756.0
 10
470097.0
 20
4349755.0
 10
470096.0
 20
4349755.0
  0
TEXT
  5
78
330
17
100
AcDbEntity
  8
0
 62
5
100
AcDbText
 10
470096.34
 20
4349755.43
 30
0.0
 40
0.1333
  1
1.16
  7
CN_TTF
 11
470096.34
 21
4349755.43
 31
0.0
100
AcDbText
  0
LWPOLYLINE
  5
79
330
17
100
AcDbEntity
  8
爆区方格网
 62
7
100
AcDbPolyline
 90
5
 70
1
 10
470097.0
 20
4349756.0
 10
470096.0
 20
4349756.0
 10
470096.0
 20
4349756.215945475
 10
470097.0
 20
4349756.128478678
 10
470097.0
 20
4349756.0
  0
TEXT
  5
7A
330
17
100
AcDbEntity
  8
0
 62
5
100
AcDbText
 10
470096.34
 20
4349755.994239339
 30
0.0
 40
0.1333
  1
1.16
  7
CN_TTF
 11
470096.34
 21
4349755.994239339
 31
0.0
100
AcDbText
  0
LWPOLYLINE
  5
7B
330
17
100
AcDbEntity
  8
爆区方格网
 62
7
100
AcDbPolyline
 90
4
 70
1
 10
470098.0
 20
4349741.0
 10
470098.0
 20
4349740.04439785
 10
470097.7429494656
 20
4349741.0
 10
470098.0
 20
4349741.0
  0
TEXT
  5
7C
330
17
100
AcDbEntity
  8
0
 62
5
100
AcDbText
 10
470097.7757373664
 20
4349740.4521989245
 30
0.0
 40
0.1333
  1
1.26
  7
CN_TTF
 11
470097.7757373664
 21
4349740.4521989245
 31
0.0
100
AcDbText
  0
LWPOLYLINE
  5
7D
330
17
100
AcDbEntity
  8
爆区方格网
 62
7
100
AcDbPolyline
 90
5
 70
1
 10
470098.0
 20
4349742.0
 10
470098.0
 20
4349741.0
 10
470097.7429494656
 20
4349741.0
 10
470097.4739562091
 20
4349742.0
 10
470098.0
 20
4349742.0
  0
TEXT
  5
7E
330
17
100
AcDbEntity
  8
0
 62
5
100
AcDbText
 10
470097.6442264187
 20
4349741.43
 30
0.0
 40
0.1333
  1
1.26
  7
CN_TTF
 11
470097.6442264187
 21
4349741.43
 31
0.0
100
AcDbText
  0
LWPOLYLINE
  5
7F
330
17
100
AcDbEntity
  8
爆区方格网
 62
7
100
AcDbPolyline
 90
6
 70
1
 10
470098.0
 20
4349743.0
 10
470098.0
 20
4349742.0
 10
470097.4739562091
 20
4349742.0
 10
470097.4280324601
 20
4349742.170724536
 10
470097.2049629525
 20
4349743.0
 10
470098.0
 20
4349743.0
  0
TEXT
  5
80
330
17
100
AcDbEntity
  8
0
 62
5
100
AcDbText
 10
470097.4982488531
 20
4349742.515362268
 30
0.0
 40
0.1333
  1
1.04
  7
CN_TTF
 11
470097.4982488531
 21
4349742.515362268
 31
0.0
100
AcDbText
  0
LWPOLYLINE
  5
81
330
17
100
AcDbEntity
  8
爆区方格网
 62
7
100
AcDbPolyline
 90
6
 70
1
 10
470097.0
 20
4349744.0
 10
470098.0
 20
4349744.0
 10
470098.0
 20
4349743.0
 10
470097.2049629525
 20
4349743.0
 10
470097.0
 20
4349743.761963163
 10
470097.0
 20
4349744.0
  0
TEXT
  5
82
330
17
100
AcDbEntity
  8
0
 62
5
100
AcDbText
 10
470097.39124073816
 20
4349743.310981581
 30
0.0
 40
0.1333
  1
1.04
  7
CN_TTF
 11
470097.39124073816
 21
4349743.310981581
 31
0.0
100
AcDbText
  0
LWPOLYLINE
  5
83
330
17
100
AcDbEntity
  8
爆区方格网
 62
7
100
AcDbPolyline
 90
5
 70
1
 10
470097.0
 20
4349744.0
 10
470097.0
 20
4349745.0
 10
470098.0
 20
4349745.0
 10
470098.0
 20
4349744.0
 10
470097.0
 20
4349744.0
  0
TEXT
  5
84
330
17
100
AcDbEntity
  8
0
 62
5
100
AcDbText
 10
470097.34
 20
4349744.43
 30
0.0
 40
0.1333
  1
1.04
  7
CN_TTF
 11
470097.34
 21
4349744.43
 31
0.0
100
AcDbText
  0
LWPOLYLINE
  5
85
330
17
100
AcDbEntity
  8
爆区方格网
 62
7
100
AcDbPolyline
 90
5
 70
1
 10
470097.0
 20
4349745.0
 10
470097.0
 20
4349746.0
 10
470098.0
 20
4349746.0
 10
470098.0
 20
4349745.0
 10
470097.0
 20
4349745.0
  0
TEXT
  5
86
330
17
100
AcDbEntity
  8
0
 62
5
100
AcDbText
 10
470097.34
 20
4349745.43
 30
0.0
 40
0.1333
  1
1.04
  7
CN_TTF
 11
470097.34
 21
4349745.43
 31
0.0
100
AcDbText
  0
LWPOLYLINE
  5
87
330
17
100
AcDbEntity
  8
爆区方格网
 62
7
100
AcDbPolyline
 90
5
 70
1
 10
470097.0
 20
4349746.0
 10
470097.0
 20
4349747.0
 10
470098.0
 20
4349747.0
 10
470098.0
 20
4349746.0
 10
470097.0
 20
4349746.0
  0
TEXT
  5
88
330
17
100
AcDbEntity
  8
0
 62
5
100
AcDbText
 10
470097.34
 20
4349746.43
 30
0.0
 40
0.1333
  1
1.04
  7
CN_TTF
 11
470097.34
 21
4349746.43
 31
0.0
100
AcDbText
  0
LWPOLYLINE
  5
89
330
17
100
AcDbEntity
  8
爆区方格网
 62
7
100
AcDbPolyline
 90
5
 70
1
 10
470097.0
 20
4349747.0
 10
470097.0
 20
4349748.0
 10
470098.0
 20
4349748.0
 10
470098.0
 20
4349747.0
 10
470097.0
 20
4349747.0
  0
TEXT
  5
8A
330
17
100
AcDbEntity
  8
0
 62
5
100
AcDbText
 10
470097.34
 20
4349747.43
 30
0.0
 40
0.1333
  1
1.04
  7
CN_TTF
 11
470097.34
 21
4349747.43
 31
0.0
100
AcDbText
  0
LWPOLYLINE
  5
8B
330
17
100
AcDbEntity
  8
爆区方格网
 62
7
100
AcDbPolyline
 90
5
 70
1
 10
470097.0
 20
4349748.0
 10
470097.0
 20
4349749.0
 10
470098.0
 20
4349749.0
 10
470098.0
 20
4349748.0
 10
470097.0
 20
4349748.0
  0
TEXT
  5
8C
330
17
100
AcDbEntity
  8
0
 62
5
100
AcDbText
 10
470097.34
 20
4349748.43
 30
0.0
 40
0.1333
  1
1.04
  7
CN_TTF
 11
470097.34
 21
4349748.43
 31
0.0
100
AcDbText
  0
LWPOLYLINE
  5
8D
330
17
100
AcDbEntity
  8
爆区方格网
 62
7
100
AcDbPolyline
 90
5
 70
1
 10
470097.0
 20
4349749.0
 10
470097.0
 20
4349750.0
 10
470098.0
 20
4349750.0
 10
470098.0
 20
4349749.0
 10
470097.0
 20
4349749.0
  0
TEXT
  5
8E
330
17
100
AcDbEntity
  8
0
 62
5
100
AcDbText
 10
470097.34
 20
4349749.43
 30
0.0
 40
0.1333
  1
1.04
  7
CN_TTF
 11
470097.34
 21
4349749.43
 31
0.0
100
AcDbText
  0
LWPOLYLINE
  5
8F
330
17
100
AcDbEntity
  8
爆区方格网
 62
7
100
AcDbPolyline
 90
5
 70
1
 10
470097.0
 20
4349750.0
 10
470097.0
 20
4349751.0
 10
470098.0
 20
4349751.0
 10
470098.0
 20
4349750.0
 10
470097.0
 20
4349750.0
  0
TEXT
  5
90
330
17
100
AcDbEntity
  8
0
 62
5
100
AcDbText
 10
470097.34
 20
4349750.43
 30
0.0
 40
0.1333
  1
1.16
  7
CN_TTF
 11
470097.34
 21
4349750.43
 31
0.0
100
AcDbText
  0
LWPOLYLINE
  5
91
330
17
100
AcDbEntity
  8
爆区方格网
 62
7
100
AcDbPolyline
 90
5
 70
1
 10
470097.0
 20
4349751.0
 10
470097.0
 20
4349752.0
 10
470098.0
 20
4349752.0
 10
470098.0
 20
4349751.0
 10
470097.0
 20
4349751.0
  0
TEXT
  5
92
330
17
100
AcDbEntity
  8
0
 62
5
100
AcDbText
 10
470097.34
 20
4349751.43
 30
0.0
 40
0.1333
  1
1.16
  7
CN_TTF
 11
470097.34
 21
4349751.43
 31
0.0
100
AcDbText
  0
LWPOLYLINE
  5
93
330
17
100
AcDbEntity
  8
爆区方格网
 62
7
100
AcDbPolyline
 90
5
 70
1
 10
470097.0
 20
4349752.0
 10
470097.0
 20
4349753.0
 10
470098.0
 20
4349753.0
 10
470098.0
 20
4349752.0
 10
470097.0
 20
4349752.0
  0
TEXT
  5
94
330
17
100
AcDbEntity
  8
0
 62
5
100
AcDbText
 10
470097.34
 20
4349752.43
 30
0.0
 40
0.1333
  1
1.16
  7
CN_TTF
 11
470097.34
 21
4349752.43
 31
0.0
100
AcDbText
  0
LWPOLYLINE
  5
95
330
17
100
AcDbEntity
  8
爆区方格网
 62
7
100
AcDbPolyline
 90
5
 70
1
 10
470097.0
 20
4349753.0
 10
470097.0
 20
4349754.0
 10
470098.0
 20
4349754.0
 10
470098.0
 20
4349753.0
 10
470097.0
 20
4349753.0
  0
TEXT
  5
96
330
17
100
AcDbEntity
  8
0
 62
5
100
AcDbText
 10
470097.34
 20
4349753.43
 30
0.0
 40
0.1333
  1
1.16
  7
CN_TTF
 11
470097.34
 21
4349753.43
 31
0.0
100
AcDbText
  0
LWPOLYLINE
  5
97
330
17
100
AcDbEntity
  8
爆区方格网
 62
7
100
AcDbPolyline
 90
5
 70
1
 10
470097.0
 20
4349754.0
 10
470097.0
 20
4349755.0
 10
470098.0
 20
4349755.0
 10
470098.0
 20
4349754.0
 10
470097.0
 20
4349754.0
  0
TEXT
  5
98
330
17
100
AcDbEntity
  8
0
 62
5
100
AcDbText
 10
470097.34
 20
4349754.43
 30
0.0
 40
0.1333
  1
1.16
  7
CN_TTF
 11
470097.34
 21
4349754.43
 31
0.0
100
AcDbText
  0
LWPOLYLINE
  5
99
330
17
100
AcDbEntity
  8
爆区方格网
 62
7
100
AcDbPolyline
 90
5
 70
1
 10
470097.0
 20
4349755.0
 10
470097.0
 20
4349756.0
 10
470098.0
 20
4349756.0
 10
470098.0
 20
4349755.0
 10
470097.0
 20
4349755.0
  0
TEXT
  5
9A
330
17
100
AcDbEntity
  8
0
 62
5
100
AcDbText
 10
470097.34
 20
4349755.43
 30
0.0
 40
0.1333
  1
1.16
  7
CN_TTF
 11
470097.34
 21
4349755.43
 31
0.0
100
AcDbText
  0
LWPOLYLINE
  5
9B
330
17
100
AcDbEntity
  8
爆区方格网
 62
7
100
AcDbPolyline
 90
5
 70
1
 10
470098.0
 20
4349756.0
 10
470097.0
 20
4349756.0
 10
470097.0
 20
4349756.128478678
 10
470098.0
 20
4349756.041011882
 10
470098.0
 20
4349756.0
  0
TEXT
  5
9C
330
17
100
AcDbEntity
  8
0
 62
5
100
AcDbText
 10
470097.08999999735
 20
4349756.01474528
 30
0.0
 40
0.1333
  1
1.16
  7
CN_TTF
 11
470097.08999999735
 21
4349756.01474528
 31
0.0
100
AcDbText
  0
LWPOLYLINE
  5
9D
330
17
100
AcDbEntity
  8
爆区方格网
 62
7
100
AcDbPolyline
 90
4
 70
1
 10
470099.0
 20
4349737.0
 10
470099.0
 20
4349736.975188562
 10
470098.9908901265
 20
4349737.0
 10
470099.0
 20
4349737.0
  0
TEXT
  5
9E
330
17
100
AcDbEntity
  8
0
 62
5
100
AcDbText
 10
470098.8377225317
 20
4349736.91759428
 30
0.0
 40
0.1333
  1
1.26
  7
CN_TTF
 11
470098.8377225317
 21
4349736.91759428
 31
0.0
100
AcDbText
  0
LWPOLYLINE
  5
9F
330
17
100
AcDbEntity
  8
爆区方格网
 62
7
100
AcDbPolyline
 90
5
 70
1
 10
470099.0
 20
4349738.0
 10
470099.0
 20
4349737.0
 10
470098.9908901265
 20
4349737.0
 10
470098.62372586265
 20
4349738.0
 10
470099.0
 20
4349738.0
  0
TEXT
  5
A0
330
17
100
AcDbEntity
  8
0
 62
5
100
AcDbText
 10
470098.7436539973
 20
4349737.43
 30
0.0
 40
0.1333
  1
1.26
  7
CN_TTF
 11
470098.7436539973
 21
4349737.43
 31
0.0
100
AcDbText
  0
LWPOLYLINE
  5
A1
330
17
100
AcDbEntity
  8
爆区方格网
 62
7
100
AcDbPolyline
 90
6
 70
1
 10
470099.0
 20
4349739.0
 10
470099.0
 20
4349738.0
 10
470098.62372586265
 20
4349738.0
 10
470098.3477229453
 20
4349738.751715089
 10
470098.28093597863
 20
4349739.0
 10
470099.0
 20
4349739.0
  0
TEXT
  5
A2
330
17
100
AcDbEntity
  8
0
 62
5
100
AcDbText
 10
470098.5828622019
 20
4349738.305857545
 30
0.0
 40
0.1333
  1
1.26
  7
CN_TTF
 11
470098.5828622019
 21
4349738.305857545
 31
0.0
100
AcDbText
  0
LWPOLYLINE
  5
A3
330
17
100
AcDbEntity
  8
爆区方格网
 62
7
100
AcDbPolyline
 90
5
 70
1
 10
470099.0
 20
4349740.0
 10
470099.0
 20
4349739.0
 10
470098.28093597863
 20
4349739.0
 10
470098.01194272214
 20
4349740.0
 10
470099.0
 20
4349740.0
  0
TEXT
  5
A4
330
17
100
AcDbEntity
  8
0
 62
5
100
AcDbText
 10
470098.41321967525
 20
4349739.43
 30
0.0
 40
0.1333
  1
1.26
  7
CN_TTF
 11
470098.41321967525
 21
4349739.43
 31
0.0
100
AcDbText
  0
LWPOLYLINE
  5
A5
330
17
100
AcDbEntity
  8
爆区方格网
 62
7
100
AcDbPolyline
 90
6
 70
1
 10
470098.0
 20
4349741.0
 10
470099.0
 20
4349741.0
 10
470099.0
 20
4349740.0
 10
470098.01194272214
 20
4349740.0
 10
470098.0
 20
4349740.04439785
 10
470098.0
 20
4349741.0
  0
TEXT
  5
A6
330
17
100
AcDbEntity
  8
0
 62
5
100
AcDbText
 10
470098.34
 20
4349740.4521989245
 30
0.0
 40
0.1333
  1
1.26
  7
CN_TTF
 11
470098.34
 21
4349740.4521989245
 31
0.0
100
AcDbText
  0
LWPOLYLINE
  5
A7
330
17
100
AcDbEntity
  8
爆区方格网
 62
7
100
AcDbPolyline
 90
5
 70
1
 10
470098.0
 20
4349741.0
 10
470098.0
 20
4349742.0
 10
470099.0
 20
4349742.0
 10
470099.0
 20
4349741.0
 10
470098.0
 20
4349741.0
  0
TEXT
  5
A8
330
17
100
AcDbEntity
  8
0
 62
5
100
AcDbText
 10
470098.34
 20
4349741.43
 30
0.0
 40
0.1333
  1
1.26
  7
CN_TTF
 11
470098.34
 21
4349741.43
 31
0.0
100
AcDbText
  0
LWPOLYLINE
  5
A9
330
17
100
AcDbEntity
  8
爆区方格网
 62
7
100
AcDbPolyline
 90
5
 70
1
 10
470098.0
 20
4349742.0
 10
470098.0
 20
4349743.0
 10
470099.0
 20
4349743.0
 10
470099.0
 20
4349742.0
 10
470098.0
 20
4349742.0
  0
TEXT
  5
AA
330
17
100
AcDbEntity
  8
0
 62
5
100
AcDbText
 10
470098.34
 20
4349742.43
 30
0.0
 40
0.1333
  1
1.04
  7
CN_TTF
 11
470098.34
 21
4349742.43
 31
0.0
100
AcDbText
  0
LWPOLYLINE
  5
AB
330
17
100
AcDbEntity
  8
爆区方格网
 62
7
100
AcDbPolyline
 90
5
 70
1
 10
470098.0
 20
4349743.0
 10
470098.0
 20
4349744.0
 10
470099.0
 20
4349744.0
 10
470099.0
 20
4349743.0
 10
470098.0
 20
4349743.0
  0
TEXT
  5
AC
330
17
100
AcDbEntity
  8
0
 62
5
100
AcDbText
 10
470098.34
 20
4349743.43
 30
0.0
 40
0.1333
  1
1.04
  7
CN_TTF
 11
470098.34
 21
4349743.43
 31
0.0
100
AcDbText
  0
LWPOLYLINE
  5
AD
330
17
100
AcDbEntity
  8
爆区方格网
 62
7
100
AcDbPolyline
 90
5
 70
1
 10
470098.0
 20
4349744.0
 10
470098.0
 20
4349745.0
 10
470099.0
 20
4349745.0
 10
470099.0
 20
4349744.0
 10
470098.0
 20
4349744.0
  0
TEXT
  5
AE
330
17
100
AcDbEntity
  8
0
 62
5
100
AcDbText
 10
470098.34
 20
4349744.43
 30
0.0
 40
0.1333
  1
1.04
  7
CN_TTF
 11
470098.34
 21
4349744.43
 31
0.0
100
AcDbText
  0
LWPOLYLINE
  5
AF
330
17
100
AcDbEntity
  8
爆区方格网
 62
7
100
AcDbPolyline
 90
5
 70
1
 10
470098.0
 20
4349745.0
 10
470098.0
 20
4349746.0
 10
470099.0
 20
4349746.0
 10
470099.0
 20
4349745.0
 10
470098.0
 20
4349745.0
  0
TEXT
  5
B0
330
17
100
AcDbEntity
  8
0
 62
5
100
AcDbText
 10
470098.34
 20
4349745.43
 30
0.0
 40
0.1333
  1
1.04
  7
CN_TTF
 11
470098.34
 21
4349745.43
 31
0.0
100
AcDbText
  0
LWPOLYLINE
  5
B1
330
17
100
AcDbEntity
  8
爆区方格网
 62
7
100
AcDbPolyline
 90
5
 70
1
 10
470098.0
 20
4349746.0
 10
470098.0
 20
4349747.0
 10
470099.0
 20
4349747.0
 10
470099.0
 20
4349746.0
 10
470098.0
 20
4349746.0
  0
TEXT
  5
B2
330
17
100
AcDbEntity
  8
0
 62
5
100
AcDbText
 10
470098.34
 20
4349746.43
 30
0.0
 40
0.1333
  1
1.04
  7
CN_TTF
 11
470098.34
 21
4349746.43
 31
0.0
100
AcDbText
  0
LWPOLYLINE
  5
B3
330
17
100
AcDbEntity
  8
爆区方格网
 62
7
100
AcDbPolyline
 90
5
 70
1
 10
470098.0
 20
4349747.0
 10
470098.0
 20
4349748.0
 10
470099.0
 20
4349748.0
 10
470099.0
 20
4349747.0
 10
470098.0
 20
4349747.0
  0
TEXT
  5
B4
330
17
100
AcDbEntity
  8
0
 62
5
100
AcDbText
 10
470098.34
 20
4349747.43
 30
0.0
 40
0.1333
  1
1.04
  7
CN_TTF
 11
470098.34
 21
4349747.43
 31
0.0
100
AcDbText
  0
LWPOLYLINE
  5
B5
330
17
100
AcDbEntity
  8
爆区方格网
 62
7
100
AcDbPolyline
 90
5
 70
1
 10
470098.0
 20
4349748.0
 10
470098.0
 20
4349749.0
 10
470099.0
 20
4349749.0
 10
470099.0
 20
4349748.0
 10
470098.0
 20
4349748.0
  0
TEXT
  5
B6
330
17
100
AcDbEntity
  8
0
 62
5
100
AcDbText
 10
470098.34
 20
4349748.43
 30
0.0
 40
0.1333
  1
1.04
  7
CN_TTF
 11
470098.34
 21
4349748.43
 31
0.0
100
AcDbText
  0
LWPOLYLINE
  5
B7
330
17
100
AcDbEntity
  8
爆区方格网
 62
7
100
AcDbPolyline
 90
5
 70
1
 10
470098.0
 20
4349749.0
 10
470098.0
 20
4349750.0
 10
470099.0
 20
4349750.0
 10
470099.0
 20
4349749.0
 10
470098.0
 20
4349749.0
  0
TEXT
  5
B8
330
17
100
AcDbEntity
  8
0
 62
5
100
AcDbText
 10
470098.34
 20
4349749.43
 30
0.0
 40
0.1333
  1
1.04
  7
CN_TTF
 11
470098.34
 21
4349749.43
 31
0.0
100
AcDbText
  0
LWPOLYLINE
  5
B9
330
17
100
AcDbEntity
  8
爆区方格网
 62
7
100
AcDbPolyline
 90
5
 70
1
 10
470098.0
 20
4349750.0
 10
470098.0
 20
4349751.0
 10
470099.0
 20
4349751.0
 10
470099.0
 20
4349750.0
 10
470098.0
 20
4349750.0
  0
TEXT
  5
BA
330
17
100
AcDbEntity
  8
0
 62
5
100
AcDbText
 10
470098.34
 20
4349750.43
 30
0.0
 40
0.1333
  1
1.16
  7
CN_TTF
 11
470098.34
 21
4349750.43
 31
0.0
100
AcDbText
  0
LWPOLYLINE
  5
BB
330
17
100
AcDbEntity
  8
爆区方格网
 62
7
100
AcDbPolyline
 90
5
 70
1
 10
470098.0
 20
4349751.0
 10
470098.0
 20
4349752.0
 10
470099.0
 20
4349752.0
 10
470099.0
 20
4349751.0
 10
470098.0
 20
4349751.0
  0
TEXT
  5
BC
330
17
100
AcDbEntity
  8
0
 62
5
100
AcDbText
 10
470098.34
 20
4349751.43
 30
0.0
 40
0.1333
  1
1.16
  7
CN_TTF
 11
470098.34
 21
4349751.43
 31
0.0
100
AcDbText
  0
LWPOLYLINE
  5
BD
330
17
100
AcDbEntity
  8
爆区方格网
 62
7
100
AcDbPolyline
 90
5
 70
1
 10
470098.0
 20
4349752.0
 10
470098.0
 20
4349753.0
 10
470099.0
 20
4349753.0
 10
470099.0
 20
4349752.0
 10
470098.0
 20
4349752.0
  0
TEXT
  5
BE
330
17
100
AcDbEntity
  8
0
 62
5
100
AcDbText
 10
470098.34
 20
4349752.43
 30
0.0
 40
0.1333
  1
1.16
  7
CN_TTF
 11
470098.34
 21
4349752.43
 31
0.0
100
AcDbText
  0
LWPOLYLINE
  5
BF
330
17
100
AcDbEntity
  8
爆区方格网
 62
7
100
AcDbPolyline
 90
5
 70
1
 10
470098.0
 20
4349753.0
 10
470098.0
 20
4349754.0
 10
470099.0
 20
4349754.0
 10
470099.0
 20
4349753.0
 10
470098.0
 20
4349753.0
  0
TEXT
  5
C0
330
17
100
AcDbEntity
  8
0
 62
5
100
AcDbText
 10
470098.34
 20
4349753.43
 30
0.0
 40
0.1333
  1
1.16
  7
CN_TTF
 11
470098.34
 21
4349753.43
 31
0.0
100
AcDbText
  0
LWPOLYLINE
  5
C1
330
17
100
AcDbEntity
  8
爆区方格网
 62
7
100
AcDbPolyline
 90
5
 70
1
 10
470098.0
 20
4349754.0
 10
470098.0
 20
4349755.0
 10
470099.0
 20
4349755.0
 10
470099.0
 20
4349754.0
 10
470098.0
 20
4349754.0
  0
TEXT
  5
C2
330
17
100
AcDbEntity
  8
0
 62
5
100
AcDbText
 10
470098.34
 20
4349754.43
 30
0.0
 40
0.1333
  1
1.16
  7
CN_TTF
 11
470098.34
 21
4349754.43
 31
0.0
100
AcDbText
  0
LWPOLYLINE
  5
C3
330
17
100
AcDbEntity
  8
爆区方格网
 62
7
100
AcDbPolyline
 90
7
 70
1
 10
470099.0
 20
4349755.0
 10
470098.0
 20
4349755.0
 10
470098.0
 20
4349756.0
 10
470098.46888514486
 20
4349756.0
 10
470098.8149986267
 20
4349755.9697265625
 10
470099.0
 20
4349755.207886422
 10
470099.0
 20
4349755.0
  0
TEXT
  5
C4
330
17
100
AcDbEntity
  8
0
 62
5
100
AcDbText
 10
470098.2937496567
 20
4349755.518806492
 30
0.0
 40
0.1333
  1
1.16
  7
CN_TTF
 11
470098.2937496567
 21
4349755.518806492
 31
0.0
100
AcDbText
  0
LWPOLYLINE
  5
C5
330
17
100
AcDbEntity
  8
爆区方格网
 62
7
100
AcDbPolyline
 90
4
 70
1
 10
470098.0
 20
4349756.0
 10
470098.0
 20
4349756.041011882
 10
470098.46888514486
 20
4349756.0
 10
470098.0
 20
4349756.0
  0
TEXT
  5
C6
330
17
100
AcDbEntity
  8
0
 62
5
100
AcDbText
 10
470097.9572212889
 20
4349755.95050594
 30
0.0
 40
0.1333
  1
1.16
  7
CN_TTF
 11
470097.9572212889
 21
4349755.95050594
 31
0.0
100
AcDbText
  0
LWPOLYLINE
  5
C7
330
17
100
AcDbEntity
  8
爆区方格网
 62
7
100
AcDbPolyline
 90
4
 70
1
 10
470100.0
 20
4349735.0
 10
470100.0
 20
4349734.2516119545
 10
470099.7252186542
 20
4349735.0
 10
470100.0
 20
4349735.0
  0
TEXT
  5
C8
330
17
100
AcDbEntity
  8
0
 62
5
100
AcDbText
 10
470099.7713046635
 20
4349734.555805977
 30
0.0
 40
0.1333
  1
1.32
  7
CN_TTF
 11
470099.7713046635
 21
4349734.555805977
 31
0.0
100
AcDbText
  0
LWPOLYLINE
  5
C9
330
17
100
AcDbEntity
  8
爆区方格网
 62
7
100
AcDbPolyline
 90
6
 70
1
 10
470100.0
 20
4349736.0
 10
470100.0
 20
4349735.0
 10
470099.7252186542
 20
4349735.0
 10
470099.4788570383
 20
4349735.670984734
 10
470099.35805439035
 20
4349736.0
 10
470100.0
 20
4349736.0
  0
TEXT
  5
CA
330
17
100
AcDbEntity
  8
0
 62
5
100
AcDbText
 10
470099.64101892314
 20
4349735.265492367
 30
0.0
 40
0.1333
  1
1.32
  7
CN_TTF
 11
470099.64101892314
 21
4349735.265492367
 31
0.0
100
AcDbText
  0
LWPOLYLINE
  5
CB
330
17
100
AcDbEntity
  8
爆区方格网
 62
7
100
AcDbPolyline
 90
6
 70
1
 10
470099.0
 20
4349737.0
 10
470100.0
 20
4349737.0
 10
470100.0
 20
4349736.0
 10
470099.35805439035
 20
4349736.0
 10
470099.0
 20
4349736.975188562
 10
470099.0
 20
4349737.0
  0
TEXT
  5
CC
330
17
100
AcDbEntity
  8
0
 62
5
100
AcDbText
 10
470099.4295135977
 20
4349736.41759428
 30
0.0
 40
0.1333
  1
1.26
  7
CN_TTF
 11
470099.4295135977
 21
4349736.41759428
 31
0.0
100
AcDbText
  0
LWPOLYLINE
  5
CD
330
17
100
AcDbEntity
  8
爆区方格网
 62
7
100
AcDbPolyline
 90
5
 70
1
 10
470099.0
 20
4349737.0
 10
470099.0
 20
4349738.0
 10
470100.0
 20
4349738.0
 10
470100.0
 20
4349737.0
 10
470099.0
 20
4349737.0
  0
TEXT
  5
CE
330
17
100
AcDbEntity
  8
0
 62
5
100
AcDbText
 10
470099.34
 20
4349737.43
 30
0.0
 40
0.1333
  1
1.26
  7
CN_TTF
 11
470099.34
 21
4349737.43
 31
0.0
100
AcDbText
  0
LWPOLYLINE
  5
CF
330
17
100
AcDbEntity
  8
爆区方格网
 62
7
100
AcDbPolyline
 90
5
 70
1
 10
470099.0
 20
4349738.0
 10
470099.0
 20
4349739.0
 10
470100.0
 20
4349739.0
 10
470100.0
 20
4349738.0
 10
470099.0
 20
4349738.0
  0
TEXT
  5
D0
330
17
100
AcDbEntity
  8
0
 62
5
100
AcDbText
 10
470099.34
 20
4349738.43
 30
0.0
 40
0.1333
  1
1.26
  7
CN_TTF
 11
470099.34
 21
4349738.43
 31
0.0
100
AcDbText
  0
LWPOLYLINE
  5
D1
330
17
100
AcDbEntity
  8
爆区方格网
 62
7
100
AcDbPolyline
 90
5
 70
1
 10
470099.0
 20
4349739.0
 10
470099.0
 20
4349740.0
 10
470100.0
 20
4349740.0
 10
470100.0
 20
4349739.0
 10
470099.0
 20
4349739.0
  0
TEXT
  5
D2
330
17
100
AcDbEntity
  8
0
 62
5
100
AcDbText
 10
470099.34
 20
4349739.43
 30
0.0
 40
0.1333
  1
1.26
  7
CN_TTF
 11
470099.34
 21
4349739.43
 31
0.0
100
AcDbText
  0
LWPOLYLINE
  5
D3
330
17
100
AcDbEntity
  8
爆区方格网
 62
7
100
AcDbPolyline
 90
5
 70
1
 10
470099.0
 20
4349740.0
 10
470099.0
 20
4349741.0
 10
470100.0
 20
4349741.0
 10
470100.0
 20
4349740.0
 10
470099.0
 20
4349740.0
  0
TEXT
  5
D4
330
17
100
AcDbEntity
  8
0
 62
5
100
AcDbText
 10
470099.34
 20
4349740.43
 30
0.0
 40
0.1333
  1
1.26
  7
CN_TTF
 11
470099.34
 21
4349740.43
 31
0.0
100
AcDbText
  0
LWPOLYLINE
  5
D5
330
17
100
AcDbEntity
  8
爆区方格网
 62
7
100
AcDbPolyline
 90
5
 70
1
 10
470099.0
 20
4349741.0
 10
470099.0
 20
4349742.0
 10
470100.0
 20
4349742.0
 10
470100.0
 20
4349741.0
 10
470099.0
 20
4349741.0
  0
TEXT
  5
D6
330
17
100
AcDbEntity
  8
0
 62
5
100
AcDbText
 10
470099.34
 20
4349741.43
 30
0.0
 40
0.1333
  1
1.26
  7
CN_TTF
 11
470099.34
 21
4349741.43
 31
0.0
100
AcDbText
  0
LWPOLYLINE
  5
D7
330
17
100
AcDbEntity
  8
爆区方格网
 62
7
100
AcDbPolyline
 90
5
 70
1
 10
470099.0
 20
4349742.0
 10
470099.0
 20
4349743.0
 10
470100.0
 20
4349743.0
 10
470100.0
 20
4349742.0
 10
470099.0
 20
4349742.0
  0
TEXT
  5
D8
330
17
100
AcDbEntity
  8
0
 62
5
100
AcDbText
 10
470099.34
 20
4349742.43
 30
0.0
 40
0.1333
  1
1.26
  7
CN_TTF
 11
470099.34
 21
4349742.43
 31
0.0
100
AcDbText
  0
LWPOLYLINE
  5
D9
330
17
100
AcDbEntity
  8
爆区方格网
 62
7
100
AcDbPolyline
 90
5
 70
1
 10
470099.0
 20
4349743.0
 10
470099.0
 20
4349744.0
 10
470100.0
 20
4349744.0
 10
470100.0
 20
4349743.0
 10
470099.0
 20
4349743.0
  0
TEXT
  5
DA
330
17
100
AcDbEntity
  8
0
 62
5
100
AcDbText
 10
470099.34
 20
4349743.43
 30
0.0
 40
0.1333
  1
1.04
  7
CN_TTF
 11
470099.34
 21
4349743.43
 31
0.0
100
AcDbText
  0
LWPOLYLINE
  5
DB
330
17
100
AcDbEntity
  8
爆区方格网
 62
7
100
AcDbPolyline
 90
5
 70
1
 10
470099.0
 20
4349744.0
 10
470099.0
 20
4349745.0
 10
470100.0
 20
4349745.0
 10
470100.0
 20
4349744.0
 10
470099.0
 20
4349744.0
  0
TEXT
  5
DC
330
17
100
AcDbEntity
  8
0
 62
5
100
AcDbText
 10
470099.34
 20
4349744.43
 30
0.0
 40
0.1333
  1
1.04
  7
CN_TTF
 11
470099.34
 21
4349744.43
 31
0.0
100
AcDbText
  0
LWPOLYLINE
  5
DD
330
17
100
AcDbEntity
  8
爆区方格网
 62
7
100
AcDbPolyline
 90
5
 70
1
 10
470099.0
 20
4349745.0
 10
470099.0
 20
4349746.0
 10
470100.0
 20
4349746.0
 10
470100.0
 20
4349745.0
 10
470099.0
 20
4349745.0
  0
TEXT
  5
DE
330
17
100
AcDbEntity
  8
0
 62
5
100
AcDbText
 10
470099.34
 20
4349745.43
 30
0.0
 40
0.1333
  1
1.04
  7
CN_TTF
 11
470099.34
 21
4349745.43
 31
0.0
100
AcDbText
  0
LWPOLYLINE
  5
DF
330
17
100
AcDbEntity
  8
爆区方格网
 62
7
100
AcDbPolyline
 90
5
 70
1
 10
470099.0
 20
4349746.0
 10
470099.0
 20
4349747.0
 10
470100.0
 20
4349747.0
 10
470100.0
 20
4349746.0
 10
470099.0
 20
4349746.0
  0
TEXT
  5
E0
330
17
100
AcDbEntity
  8
0
 62
5
100
AcDbText
 10
470099.34
 20
4349746.43
 30
0.0
 40
0.1333
  1
1.04
  7
CN_TTF
 11
470099.34
 21
4349746.43
 31
0.0
100
AcDbText
  0
LWPOLYLINE
  5
E1
330
17
100
AcDbEntity
  8
爆区方格网
 62
7
100
AcDbPolyline
 90
5
 70
1
 10
470099.0
 20
4349747.0
 10
470099.0
 20
4349748.0
 10
470100.0
 20
4349748.0
 10
470100.0
 20
4349747.0
 10
470099.0
 20
4349747.0
  0
TEXT
  5
E2
330
17
100
AcDbEntity
  8
0
 62
5
100
AcDbText
 10
470099.34
 20
4349747.43
 30
0.0
 40
0.1333
  1
1.04
  7
CN_TTF
 11
470099.34
 21
4349747.43
 31
0.0
100
AcDbText
  0
LWPOLYLINE
  5
E3
330
17
100
AcDbEntity
  8
爆区方格网
 62
7
100
AcDbPolyline
 90
5
 70
1
 10
470099.0
 20
4349748.0
 10
470099.0
 20
4349749.0
 10
470100.0
 20
4349749.0
 10
470100.0
 20
4349748.0
 10
470099.0
 20
4349748.0
  0
TEXT
  5
E4
330
17
100
AcDbEntity
  8
0
 62
5
100
AcDbText
 10
470099.34
 20
4349748.43
 30
0.0
 40
0.1333
  1
1.04
  7
CN_TTF
 11
470099.34
 21
4349748.43
 31
0.0
100
AcDbText
  0
LWPOLYLINE
  5
E5
330
17
100
AcDbEntity
  8
爆区方格网
 62
7
100
AcDbPolyline
 90
5
 70
1
 10
470099.0
 20
4349749.0
 10
470099.0
 20
4349750.0
 10
470100.0
 20
4349750.0
 10
470100.0
 20
4349749.0
 10
470099.0
 20
4349749.0
  0
TEXT
  5
E6
330
17
100
AcDbEntity
  8
0
 62
5
100
AcDbText
 10
470099.34
 20
4349749.43
 30
0.0
 40
0.1333
  1
1.04
  7
CN_TTF
 11
470099.34
 21
4349749.43
 31
0.0
100
AcDbText
  0
LWPOLYLINE
  5
E7
330
17
100
AcDbEntity
  8
爆区方格网
 62
7
100
AcDbPolyline
 90
5
 70
1
 10
470099.0
 20
4349750.0
 10
470099.0
 20
4349751.0
 10
470100.0
 20
4349751.0
 10
470100.0
 20
4349750.0
 10
470099.0
 20
4349750.0
  0
TEXT
  5
E8
330
17
100
AcDbEntity
  8
0
 62
5
100
AcDbText
 10
470099.34
 20
4349750.43
 30
0.0
 40
0.1333
  1
1.16
  7
CN_TTF
 11
470099.34
 21
4349750.43
 31
0.0
100
AcDbText
  0
LWPOLYLINE
  5
E9
330
17
100
AcDbEntity
  8
爆区方格网
 62
7
100
AcDbPolyline
 90
6
 70
1
 10
470100.0
 20
4349751.0
 10
470099.0
 20
4349751.0
 10
470099.0
 20
4349752.0
 10
470099.7879654085
 20
4349752.0
 10
470100.0
 20
4349751.221329153
 10
470100.0
 20
4349751.0
  0
TEXT
  5
EA
330
17
100
AcDbEntity
  8
0
 62
5
100
AcDbText
 10
470099.28699135216
 20
4349751.540664576
 30
0.0
 40
0.1333
  1
1.16
  7
CN_TTF
 11
470099.28699135216
 21
4349751.540664576
 31
0.0
100
AcDbText
  0
LWPOLYLINE
  5
EB
330
17
100
AcDbEntity
  8
爆区方格网
 62
7
100
AcDbPolyline
 90
6
 70
1
 10
470099.0
 20
4349752.0
 10
470099.0
 20
4349753.0
 10
470099.5361518758
 20
4349753.0
 10
470099.70499801636
 20
4349752.3046875
 10
470099.7879654085
 20
4349752.0
 10
470099.0
 20
4349752.0
  0
TEXT
  5
EC
330
17
100
AcDbEntity
  8
0
 62
5
100
AcDbText
 10
470099.15028747305
 20
4349752.58234375
 30
0.0
 40
0.1333
  1
1.16
  7
CN_TTF
 11
470099.15028747305
 21
4349752.58234375
 31
0.0
100
AcDbText
  0
LWPOLYLINE
  5
ED
330
17
100
AcDbEntity
  8
爆区方格网
 62
7
100
AcDbPolyline
 90
5
 70
1
 10
470099.0
 20
4349753.0
 10
470099.0
 20
4349754.0
 10
470099.2933169771
 20
4349754.0
 10
470099.5361518758
 20
4349753.0
 10
470099.0
 20
4349753.0
  0
TEXT
  5
EE
330
17
100
AcDbEntity
  8
0
 62
5
100
AcDbText
 10
470099.04736721324
 20
4349753.43
 30
0.0
 40
0.1333
  1
1.16
  7
CN_TTF
 11
470099.04736721324
 21
4349753.43
 31
0.0
100
AcDbText
  0
LWPOLYLINE
  5
EF
330
17
100
AcDbEntity
  8
爆区方格网
 62
7
100
AcDbPolyline
 90
5
 70
1
 10
470099.0
 20
4349754.0
 10
470099.0
 20
4349755.0
 10
470099.05048207834
 20
4349755.0
 10
470099.2933169771
 20
4349754.0
 10
470099.0
 20
4349754.0
  0
TEXT
  5
F0
330
17
100
AcDbEntity
  8
0
 62
5
100
AcDbText
 10
470098.9259497639
 20
4349754.43
 30
0.0
 40
0.1333
  1
1.16
  7
CN_TTF
 11
470098.9259497639
 21
4349754.43
 31
0.0
100
AcDbText
  0
LWPOLYLINE
  5
F1
330
17
100
AcDbEntity
  8
爆区方格网
 62
7
100
AcDbPolyline
 90
4
 70
1
 10
470099.0
 20
4349755.0
 10
470099.0
 20
4349755.207886422
 10
470099.05048207834
 20
4349755.0
 10
470099.0
 20
4349755.0
  0
TEXT
  5
F2
330
17
100
AcDbEntity
  8
0
 62
5
100
AcDbText
 10
470098.85262051964
 20
4349755.033943211
 30
0.0
 40
0.1333
  1
1.16
  7
CN_TTF
 11
470098.85262051964
 21
4349755.033943211
 31
0.0
100
AcDbText
  0
LWPOLYLINE
  5
F3
330
17
100
AcDbEntity
  8
爆区方格网
 62
7
100
AcDbPolyline
 90
4
 70
1
 10
470101.0
 20
4349729.0
 10
470101.0
 20
4349728.925380465
 10
470100.9899956229
 20
4349729.0
 10
470101.0
 20
4349729.0
  0
TEXT
  5
F4
330
17
100
AcDbEntity
  8
0
 62
5
100
AcDbText
 10
470100.8374989058
 20
4349728.892690232
 30
0.0
 40
0.1333
  1
1.11
  7
CN_TTF
 11
470100.8374989058
 21
4349728.892690232
 31
0.0
100
AcDbText
  0
LWPOLYLINE
  5
F5
330
17
100
AcDbEntity
  8
爆区方格网
 62
7
100
AcDbPolyline
 90
5
 70
1
 10
470101.0
 20
4349730.0
 10
470101.0
 20
4349729.0
 10
470100.9899956229
 20
4349729.0
 10
470100.8559237995
 20
4349730.0
 10
470101.0
 20
4349730.0
  0
TEXT
  5
F6
330
17
100
AcDbEntity
  8
0
 62
5
100
AcDbText
 10
470100.8014798556
 20
4349729.43
 30
0.0
 40
0.1333
  1
1.11
  7
CN_TTF
 11
470100.8014798556
 21
4349729.43
 31
0.0
100
AcDbText
  0
LWPOLYLINE
  5
F7
330
17
100
AcDbEntity
  8
爆区方格网
 62
7
100
AcDbPolyline
 90
5
 70
1
 10
470101.0
 20
4349731.0
 10
470101.0
 20
4349730.0
 10
470100.8559237995
 20
4349730.0
 10
470100.7218519761
 20
4349731.0
 10
470101.0
 20
4349731.0
  0
TEXT
  5
F8
330
17
100
AcDbEntity
  8
0
 62
5
100
AcDbText
 10
470100.73444394395
 20
4349730.43
 30
0.0
 40
0.1333
  1
1.11
  7
CN_TTF
 11
470100.73444394395
 21
4349730.43
 31
0.0
100
AcDbText
  0
LWPOLYLINE
  5
F9
330
17
100
AcDbEntity
  8
爆区方格网
 62
7
100
AcDbPolyline
 90
6
 70
1
 10
470101.0
 20
4349732.0
 10
470101.0
 20
4349731.0
 10
470100.7218519761
 20
4349731.0
 10
470100.71161290014
 20
4349731.076370081
 10
470100.5877801528
 20
4349732.0
 10
470101.0
 20
4349732.0
  0
TEXT
  5
FA
330
17
100
AcDbEntity
  8
0
 62
5
100
AcDbText
 10
470100.66484826326
 20
4349731.46818504
 30
0.0
 40
0.1333
  1
1.32
  7
CN_TTF
 11
470100.66484826326
 21
4349731.46818504
 31
0.0
100
AcDbText
  0
LWPOLYLINE
  5
FB
330
17
100
AcDbEntity
  8
爆区方格网
 62
7
100
AcDbPolyline
 90
5
 70
1
 10
470101.0
 20
4349733.0
 10
470101.0
 20
4349732.0
 10
470100.5877801528
 20
4349732.0
 10
470100.45370832947
 20
4349733.0
 10
470101.0
 20
4349733.0
  0
TEXT
  5
FC
330
17
100
AcDbEntity
  8
0
 62
5
100
AcDbText
 10
470100.60037212056
 20
4349732.43
 30
0.0
 40
0.1333
  1
1.32
  7
CN_TTF
 11
470100.60037212056
 21
4349732.43
 31
0.0
100
AcDbText
  0
LWPOLYLINE
  5
FD
330
17
100
AcDbEntity
  8
爆区方格网
 62
7
100
AcDbPolyline
 90
6
 70
1
 10
470101.0
 20
4349734.0
 10
470101.0
 20
4349733.0
 10
470100.45370832947
 20
4349733.0
 10
470100.4503498953
 20
4349733.025049515
 10
470100.0923829181
 20
4349734.0
 10
470101.0
 20
4349734.0
  0
TEXT
  5
FE
330
17
100
AcDbEntity
  8
0
 62
5
100
AcDbText
 10
470100.4756832034
 20
4349733.442524757
 30
0.0
 40
0.1333
  1
1.32
  7
CN_TTF
 11
470100.4756832034
 21
4349733.442524757
 31
0.0
100
AcDbText
  0
LWPOLYLINE
  5
FF
330
17
100
AcDbEntity
  8
爆区方格网
 62
7
100
AcDbPolyline
 90
6
 70
1
 10
470100.0
 20
4349735.0
 10
470101.0
 20
4349735.0
 10
470101.0
 20
4349734.0
 10
470100.0923829181
 20
4349734.0
 10
470100.0
 20
4349734.2516119545
 10
470100.0
 20
4349735.0
  0
TEXT
  5
100
330
17
100
AcDbEntity
  8
0
 62
5
100
AcDbText
 10
470100.34
 20
4349734.555805977
 30
0.0
 40
0.1333
  1
1.32
  7
CN_TTF
 11
470100.34
 21
4349734.555805977
 31
0.0
100
AcDbText
  0
LWPOLYLINE
  5
101
330
17
100
AcDbEntity
  8
爆区方格网
 62
7
100
AcDbPolyline
 90
5
 70
1
 10
470100.0
 20
4349735.0
 10
470100.0
 20
4349736.0
 10
470101.0
 20
4349736.0
 10
470101.0
 20
4349735.0
 10
470100.0
 20
4349735.0
  0
TEXT
  5
102
330
17
100
AcDbEntity
  8
0
 62
5
100
AcDbText
 10
470100.34
 20
4349735.43
 30
0.0
 40
0.1333
  1
1.32
  7
CN_TTF
 11
470100.34
 21
4349735.43
 31
0.0
100
AcDbText
  0
LWPOLYLINE
  5
103
330
17
100
AcDbEntity
  8
爆区方格网
 62
7
100
AcDbPolyline
 90
5
 70
1
 10
470100.0
 20
4349736.0
 10
470100.0
 20
4349737.0
 10
470101.0
 20
4349737.0
 10
470101.0
 20
4349736.0
 10
470100.0
 20
4349736.0
  0
TEXT
  5
104
330
17
100
AcDbEntity
  8
0
 62
5
100
AcDbText
 10
470100.34
 20
4349736.43
 30
0.0
 40
0.1333
  1
1.26
  7
CN_TTF
 11
470100.34
 21
4349736.43
 31
0.0
100
AcDbText
  0
LWPOLYLINE
  5
105
330
17
100
AcDbEntity
  8
爆区方格网
 62
7
100
AcDbPolyline
 90
5
 70
1
 10
470100.0
 20
4349737.0
 10
470100.0
 20
4349738.0
 10
470101.0
 20
4349738.0
 10
470101.0
 20
4349737.0
 10
470100.0
 20
4349737.0
  0
TEXT
  5
106
330
17
100
AcDbEntity
  8
0
 62
5
100
AcDbText
 10
470100.34
 20
4349737.43
 30
0.0
 40
0.1333
  1
1.26
  7
CN_TTF
 11
470100.34
 21
4349737.43
 31
0.0
100
AcDbText
  0
LWPOLYLINE
  5
107
330
17
100
AcDbEntity
  8
爆区方格网
 62
7
100
AcDbPolyline
 90
5
 70
1
 10
470100.0
 20
4349738.0
 10
470100.0
 20
4349739.0
 10
470101.0
 20
4349739.0
 10
470101.0
 20
4349738.0
 10
470100.0
 20
4349738.0
  0
TEXT
  5
108
330
17
100
AcDbEntity
  8
0
 62
5
100
AcDbText
 10
470100.34
 20
4349738.43
 30
0.0
 40
0.1333
  1
1.26
  7
CN_TTF
 11
470100.34
 21
4349738.43
 31
0.0
100
AcDbText
  0
LWPOLYLINE
  5
109
330
17
100
AcDbEntity
  8
爆区方格网
 62
7
100
AcDbPolyline
 90
5
 70
1
 10
470100.0
 20
4349739.0
 10
470100.0
 20
4349740.0
 10
470101.0
 20
4349740.0
 10
470101.0
 20
4349739.0
 10
470100.0
 20
4349739.0
  0
TEXT
  5
10A
330
17
100
AcDbEntity
  8
0
 62
5
100
AcDbText
 10
470100.34
 20
4349739.43
 30
0.0
 40
0.1333
  1
1.26
  7
CN_TTF
 11
470100.34
 21
4349739.43
 31
0.0
100
AcDbText
  0
LWPOLYLINE
  5
10B
330
17
100
AcDbEntity
  8
爆区方格网
 62
7
100
AcDbPolyline
 90
5
 70
1
 10
470100.0
 20
4349740.0
 10
470100.0
 20
4349741.0
 10
470101.0
 20
4349741.0
 10
470101.0
 20
4349740.0
 10
470100.0
 20
4349740.0
  0
TEXT
  5
10C
330
17
100
AcDbEntity
  8
0
 62
5
100
AcDbText
 10
470100.34
 20
4349740.43
 30
0.0
 40
0.1333
  1
1.26
  7
CN_TTF
 11
470100.34
 21
4349740.43
 31
0.0
100
AcDbText
  0
LWPOLYLINE
  5
10D
330
17
100
AcDbEntity
  8
爆区方格网
 62
7
100
AcDbPolyline
 90
5
 70
1
 10
470100.0
 20
4349741.0
 10
470100.0
 20
4349742.0
 10
470101.0
 20
4349742.0
 10
470101.0
 20
4349741.0
 10
470100.0
 20
4349741.0
  0
TEXT
  5
10E
330
17
100
AcDbEntity
  8
0
 62
5
100
AcDbText
 10
470100.34
 20
4349741.43
 30
0.0
 40
0.1333
  1
1.26
  7
CN_TTF
 11
470100.34
 21
4349741.43
 31
0.0
100
AcDbText
  0
LWPOLYLINE
  5
10F
330
17
100
AcDbEntity
  8
爆区方格网
 62
7
100
AcDbPolyline
 90
5
 70
1
 10
470100.0
 20
4349742.0
 10
470100.0
 20
4349743.0
 10
470101.0
 20
4349743.0
 10
470101.0
 20
4349742.0
 10
470100.0
 20
4349742.0
  0
TEXT
  5
110
330
17
100
AcDbEntity
  8
0
 62
5
100
AcDbText
 10
470100.34
 20
4349742.43
 30
0.0
 40
0.1333
  1
1.26
  7
CN_TTF
 11
470100.34
 21
4349742.43
 31
0.0
100
AcDbText
  0
LWPOLYLINE
  5
111
330
17
100
AcDbEntity
  8
爆区方格网
 62
7
100
AcDbPolyline
 90
5
 70
1
 10
470100.0
 20
4349743.0
 10
470100.0
 20
4349744.0
 10
470101.0
 20
4349744.0
 10
470101.0
 20
4349743.0
 10
470100.0
 20
4349743.0
  0
TEXT
  5
112
330
17
100
AcDbEntity
  8
0
 62
5
100
AcDbText
 10
470100.34
 20
4349743.43
 30
0.0
 40
0.1333
  1
1.04
  7
CN_TTF
 11
470100.34
 21
4349743.43
 31
0.0
100
AcDbText
  0
LWPOLYLINE
  5
113
330
17
100
AcDbEntity
  8
爆区方格网
 62
7
100
AcDbPolyline
 90
5
 70
1
 10
470100.0
 20
4349744.0
 10
470100.0
 20
4349745.0
 10
470101.0
 20
4349745.0
 10
470101.0
 20
4349744.0
 10
470100.0
 20
4349744.0
  0
TEXT
  5
114
330
17
100
AcDbEntity
  8
0
 62
5
100
AcDbText
 10
470100.34
 20
4349744.43
 30
0.0
 40
0.1333
  1
1.04
  7
CN_TTF
 11
470100.34
 21
4349744.43
 31
0.0
100
AcDbText
  0
LWPOLYLINE
  5
115
330
17
100
AcDbEntity
  8
爆区方格网
 62
7
100
AcDbPolyline
 90
5
 70
1
 10
470100.0
 20
4349745.0
 10
470100.0
 20
4349746.0
 10
470101.0
 20
4349746.0
 10
470101.0
 20
4349745.0
 10
470100.0
 20
4349745.0
  0
TEXT
  5
116
330
17
100
AcDbEntity
  8
0
 62
5
100
AcDbText
 10
470100.34
 20
4349745.43
 30
0.0
 40
0.1333
  1
1.04
  7
CN_TTF
 11
470100.34
 21
4349745.43
 31
0.0
100
AcDbText
  0
LWPOLYLINE
  5
117
330
17
100
AcDbEntity
  8
爆区方格网
 62
7
100
AcDbPolyline
 90
5
 70
1
 10
470100.0
 20
4349746.0
 10
470100.0
 20
4349747.0
 10
470101.0
 20
4349747.0
 10
470101.0
 20
4349746.0
 10
470100.0
 20
4349746.0
  0
TEXT
  5
118
330
17
100
AcDbEntity
  8
0
 62
5
100
AcDbText
 10
470100.34
 20
4349746.43
 30
0.0
 40
0.1333
  1
1.04
  7
CN_TTF
 11
470100.34
 21
4349746.43
 31
0.0
100
AcDbText
  0
LWPOLYLINE
  5
119
330
17
100
AcDbEntity
  8
爆区方格网
 62
7
100
AcDbPolyline
 90
6
 70
1
 10
470101.0
 20
4349747.0
 10
470100.0
 20
4349747.0
 10
470100.0
 20
4349748.0
 10
470100.87717835227
 20
4349748.0
 10
470101.0
 20
4349747.548952669
 10
470101.0
 20
4349747.0
  0
TEXT
  5
11A
330
17
100
AcDbEntity
  8
0
 62
5
100
AcDbText
 10
470100.34
 20
4349747.204476334
 30
0.0
 40
0.1333
  1
1.04
  7
CN_TTF
 11
470100.34
 21
4349747.204476334
 31
0.0
100
AcDbText
  0
LWPOLYLINE
  5
11B
330
17
100
AcDbEntity
  8
爆区方格网
 62
7
100
AcDbPolyline
 90
5
 70
1
 10
470100.0
 20
4349748.0
 10
470100.0
 20
4349749.0
 10
470100.6048751163
 20
4349749.0
 10
470100.87717835227
 20
4349748.0
 10
470100.0
 20
4349748.0
  0
TEXT
  5
11C
330
17
100
AcDbEntity
  8
0
 62
5
100
AcDbText
 10
470100.21051336714
 20
4349748.43
 30
0.0
 40
0.1333
  1
1.04
  7
CN_TTF
 11
470100.21051336714
 21
4349748.43
 31
0.0
100
AcDbText
  0
LWPOLYLINE
  5
11D
330
17
100
AcDbEntity
  8
爆区方格网
 62
7
100
AcDbPolyline
 90
5
 70
1
 10
470100.0
 20
4349749.0
 10
470100.0
 20
4349750.0
 10
470100.33257188037
 20
4349750.0
 10
470100.6048751163
 20
4349749.0
 10
470100.0
 20
4349749.0
  0
TEXT
  5
11E
330
17
100
AcDbEntity
  8
0
 62
5
100
AcDbText
 10
470100.07436174917
 20
4349749.43
 30
0.0
 40
0.1333
  1
1.04
  7
CN_TTF
 11
470100.07436174917
 21
4349749.43
 31
0.0
100
AcDbText
  0
LWPOLYLINE
  5
11F
330
17
100
AcDbEntity
  8
爆区方格网
 62
7
100
AcDbPolyline
 90
6
 70
1
 10
470100.0
 20
4349750.0
 10
470100.0
 20
4349751.0
 10
470100.0602686444
 20
4349751.0
 10
470100.19734518416
 20
4349750.496603339
 10
470100.33257188037
 20
4349750.0
 10
470100.0
 20
4349750.0
  0
TEXT
  5
120
330
17
100
AcDbEntity
  8
0
 62
5
100
AcDbText
 10
470099.9044034571
 20
4349750.67830167
 30
0.0
 40
0.1333
  1
1.16
  7
CN_TTF
 11
470099.9044034571
 21
4349750.67830167
 31
0.0
100
AcDbText
  0
LWPOLYLINE
  5
121
330
17
100
AcDbEntity
  8
爆区方格网
 62
7
100
AcDbPolyline
 90
4
 70
1
 10
470100.0
 20
4349751.0
 10
470100.0
 20
4349751.221329153
 10
470100.0602686444
 20
4349751.0
 10
470100.0
 20
4349751.0
  0
TEXT
  5
122
330
17
100
AcDbEntity
  8
0
 62
5
100
AcDbText
 10
470099.85506716114
 20
4349751.040664576
 30
0.0
 40
0.1333
  1
1.16
  7
CN_TTF
 11
470099.85506716114
 21
4349751.040664576
 31
0.0
100
AcDbText
  0
LWPOLYLINE
  5
123
330
17
100
AcDbEntity
  8
爆区方格网
 62
7
100
AcDbPolyline
 90
4
 70
1
 10
470102.0
 20
4349728.0
 10
470102.0
 20
4349727.936319018
 10
470101.9276217034
 20
4349728.0
 10
470102.0
 20
4349728.0
  0
TEXT
  5
124
330
17
100
AcDbEntity
  8
0
 62
5
100
AcDbText
 10
470101.82190542587
 20
4349727.898159509
 30
0.0
 40
0.1333
  1
1.11
  7
CN_TTF
 11
470101.82190542587
 21
4349727.898159509
 31
0.0
100
AcDbText
  0
LWPOLYLINE
  5
125
330
17
100
AcDbEntity
  8
爆区方格网
 62
7
100
AcDbPolyline
 90
7
 70
1
 10
470101.0
 20
4349729.0
 10
470102.0
 20
4349729.0
 10
470102.0
 20
4349728.0
 10
470101.9276217034
 20
4349728.0
 10
470101.01660260675
 20
4349728.801546789
 10
470101.0
 20
4349728.925380465
 10
470101.0
 20
4349729.0
  0
TEXT
  5
126
330
17
100
AcDbEntity
  8
0
 62
5
100
AcDbText
 10
470101.5760560773
 20
4349728.330773395
 30
0.0
 40
0.1333
  1
1.11
  7
CN_TTF
 11
470101.5760560773
 21
4349728.330773395
 31
0.0
100
AcDbText
  0
LWPOLYLINE
  5
127
330
17
100
AcDbEntity
  8
爆区方格网
 62
7
100
AcDbPolyline
 90
5
 70
1
 10
470101.0
 20
4349729.0
 10
470101.0
 20
4349730.0
 10
470102.0
 20
4349730.0
 10
470102.0
 20
4349729.0
 10
470101.0
 20
4349729.0
  0
TEXT
  5
128
330
17
100
AcDbEntity
  8
0
 62
5
100
AcDbText
 10
470101.34
 20
4349729.43
 30
0.0
 40
0.1333
  1
1.11
  7
CN_TTF
 11
470101.34
 21
4349729.43
 31
0.0
100
AcDbText
  0
LWPOLYLINE
  5
129
330
17
100
AcDbEntity
  8
爆区方格网
 62
7
100
AcDbPolyline
 90
5
 70
1
 10
470101.0
 20
4349730.0
 10
470101.0
 20
4349731.0
 10
470102.0
 20
4349731.0
 10
470102.0
 20
4349730.0
 10
470101.0
 20
4349730.0
  0
TEXT
  5
12A
330
17
100
AcDbEntity
  8
0
 62
5
100
AcDbText
 10
470101.34
 20
4349730.43
 30
0.0
 40
0.1333
  1
1.11
  7
CN_TTF
 11
470101.34
 21
4349730.43
 31
0.0
100
AcDbText
  0
LWPOLYLINE
  5
12B
330
17
100
AcDbEntity
  8
爆区方格网
 62
7
100
AcDbPolyline
 90
5
 70
1
 10
470101.0
 20
4349731.0
 10
470101.0
 20
4349732.0
 10
470102.0
 20
4349732.0
 10
470102.0
 20
4349731.0
 10
470101.0
 20
4349731.0
  0
TEXT
  5
12C
330
17
100
AcDbEntity
  8
0
 62
5
100
AcDbText
 10
470101.34
 20
4349731.43
 30
0.0
 40
0.1333
  1
1.32
  7
CN_TTF
 11
470101.34
 21
4349731.43
 31
0.0
100
AcDbText
  0
LWPOLYLINE
  5
12D
330
17
100
AcDbEntity
  8
爆区方格网
 62
7
100
AcDbPolyline
 90
5
 70
1
 10
470101.0
 20
4349732.0
 10
470101.0
 20
4349733.0
 10
470102.0
 20
4349733.0
 10
470102.0
 20
4349732.0
 10
470101.0
 20
4349732.0
  0
TEXT
  5
12E
330
17
100
AcDbEntity
  8
0
 62
5
100
AcDbText
 10
470101.34
 20
4349732.43
 30
0.0
 40
0.1333
  1
1.32
  7
CN_TTF
 11
470101.34
 21
4349732.43
 31
0.0
100
AcDbText
  0
LWPOLYLINE
  5
12F
330
17
100
AcDbEntity
  8
爆区方格网
 62
7
100
AcDbPolyline
 90
5
 70
1
 10
470101.0
 20
4349733.0
 10
470101.0
 20
4349734.0
 10
470102.0
 20
4349734.0
 10
470102.0
 20
4349733.0
 10
470101.0
 20
4349733.0
  0
TEXT
  5
130
330
17
100
AcDbEntity
  8
0
 62
5
100
AcDbText
 10
470101.34
 20
4349733.43
 30
0.0
 40
0.1333
  1
1.32
  7
CN_TTF
 11
470101.34
 21
4349733.43
 31
0.0
100
AcDbText
  0
LWPOLYLINE
  5
131
330
17
100
AcDbEntity
  8
爆区方格网
 62
7
100
AcDbPolyline
 90
5
 70
1
 10
470101.0
 20
4349734.0
 10
470101.0
 20
4349735.0
 10
470102.0
 20
4349735.0
 10
470102.0
 20
4349734.0
 10
470101.0
 20
4349734.0
  0
TEXT
  5
132
330
17
100
AcDbEntity
  8
0
 62
5
100
AcDbText
 10
470101.34
 20
4349734.43
 30
0.0
 40
0.1333
  1
1.32
  7
CN_TTF
 11
470101.34
 21
4349734.43
 31
0.0
100
AcDbText
  0
LWPOLYLINE
  5
133
330
17
100
AcDbEntity
  8
爆区方格网
 62
7
100
AcDbPolyline
 90
5
 70
1
 10
470101.0
 20
4349735.0
 10
470101.0
 20
4349736.0
 10
470102.0
 20
4349736.0
 10
470102.0
 20
4349735.0
 10
470101.0
 20
4349735.0
  0
TEXT
  5
134
330
17
100
AcDbEntity
  8
0
 62
5
100
AcDbText
 10
470101.34
 20
4349735.43
 30
0.0
 40
0.1333
  1
1.32
  7
CN_TTF
 11
470101.34
 21
4349735.43
 31
0.0
100
AcDbText
  0
LWPOLYLINE
  5
135
330
17
100
AcDbEntity
  8
爆区方格网
 62
7
100
AcDbPolyline
 90
5
 70
1
 10
470101.0
 20
4349736.0
 10
470101.0
 20
4349737.0
 10
470102.0
 20
4349737.0
 10
470102.0
 20
4349736.0
 10
470101.0
 20
4349736.0
  0
TEXT
  5
136
330
17
100
AcDbEntity
  8
0
 62
5
100
AcDbText
 10
470101.34
 20
4349736.43
 30
0.0
 40
0.1333
  1
1.26
  7
CN_TTF
 11
470101.34
 21
4349736.43
 31
0.0
100
AcDbText
  0
LWPOLYLINE
  5
137
330
17
100
AcDbEntity
  8
爆区方格网
 62
7
100
AcDbPolyline
 90
5
 70
1
 10
470101.0
 20
4349737.0
 10
470101.0
 20
4349738.0
 10
470102.0
 20
4349738.0
 10
470102.0
 20
4349737.0
 10
470101.0
 20
4349737.0
  0
TEXT
  5
138
330
17
100
AcDbEntity
  8
0
 62
5
100
AcDbText
 10
470101.34
 20
4349737.43
 30
0.0
 40
0.1333
  1
1.26
  7
CN_TTF
 11
470101.34
 21
4349737.43
 31
0.0
100
AcDbText
  0
LWPOLYLINE
  5
139
330
17
100
AcDbEntity
  8
爆区方格网
 62
7
100
AcDbPolyline
 90
5
 70
1
 10
470101.0
 20
4349738.0
 10
470101.0
 20
4349739.0
 10
470102.0
 20
4349739.0
 10
470102.0
 20
4349738.0
 10
470101.0
 20
4349738.0
  0
TEXT
  5
13A
330
17
100
AcDbEntity
  8
0
 62
5
100
AcDbText
 10
470101.34
 20
4349738.43
 30
0.0
 40
0.1333
  1
1.26
  7
CN_TTF
 11
470101.34
 21
4349738.43
 31
0.0
100
AcDbText
  0
LWPOLYLINE
  5
13B
330
17
100
AcDbEntity
  8
爆区方格网
 62
7
100
AcDbPolyline
 90
5
 70
1
 10
470101.0
 20
4349739.0
 10
470101.0
 20
4349740.0
 10
470102.0
 20
4349740.0
 10
470102.0
 20
4349739.0
 10
470101.0
 20
4349739.0
  0
TEXT
  5
13C
330
17
100
AcDbEntity
  8
0
 62
5
100
AcDbText
 10
470101.34
 20
4349739.43
 30
0.0
 40
0.1333
  1
1.26
  7
CN_TTF
 11
470101.34
 21
4349739.43
 31
0.0
100
AcDbText
  0
LWPOLYLINE
  5
13D
330
17
100
AcDbEntity
  8
爆区方格网
 62
7
100
AcDbPolyline
 90
5
 70
1
 10
470101.0
 20
4349740.0
 10
470101.0
 20
4349741.0
 10
470102.0
 20
4349741.0
 10
470102.0
 20
4349740.0
 10
470101.0
 20
4349740.0
  0
TEXT
  5
13E
330
17
100
AcDbEntity
  8
0
 62
5
100
AcDbText
 10
470101.34
 20
4349740.43
 30
0.0
 40
0.1333
  1
1.26
  7
CN_TTF
 11
470101.34
 21
4349740.43
 31
0.0
100
AcDbText
  0
LWPOLYLINE
  5
13F
330
17
100
AcDbEntity
  8
爆区方格网
 62
7
100
AcDbPolyline
 90
5
 70
1
 10
470101.0
 20
4349741.0
 10
470101.0
 20
4349742.0
 10
470102.0
 20
4349742.0
 10
470102.0
 20
4349741.0
 10
470101.0
 20
4349741.0
  0
TEXT
  5
140
330
17
100
AcDbEntity
  8
0
 62
5
100
AcDbText
 10
470101.34
 20
4349741.43
 30
0.0
 40
0.1333
  1
1.26
  7
CN_TTF
 11
470101.34
 21
4349741.43
 31
0.0
100
AcDbText
  0
LWPOLYLINE
  5
141
330
17
100
AcDbEntity
  8
爆区方格网
 62
7
100
AcDbPolyline
 90
5
 70
1
 10
470101.0
 20
4349742.0
 10
470101.0
 20
4349743.0
 10
470102.0
 20
4349743.0
 10
470102.0
 20
4349742.0
 10
470101.0
 20
4349742.0
  0
TEXT
  5
142
330
17
100
AcDbEntity
  8
0
 62
5
100
AcDbText
 10
470101.34
 20
4349742.43
 30
0.0
 40
0.1333
  1
1.26
  7
CN_TTF
 11
470101.34
 21
4349742.43
 31
0.0
100
AcDbText
  0
LWPOLYLINE
  5
143
330
17
100
AcDbEntity
  8
爆区方格网
 62
7
100
AcDbPolyline
 90
6
 70
1
 10
470102.0
 20
4349743.0
 10
470101.0
 20
4349743.0
 10
470101.0
 20
4349744.0
 10
470101.96230230783
 20
4349744.0
 10
470102.0
 20
4349743.859856367
 10
470102.0
 20
4349743.0
  0
TEXT
  5
144
330
17
100
AcDbEntity
  8
0
 62
5
100
AcDbText
 10
470101.34
 20
4349743.359928183
 30
0.0
 40
0.1333
  1
1.04
  7
CN_TTF
 11
470101.34
 21
4349743.359928183
 31
0.0
100
AcDbText
  0
LWPOLYLINE
  5
145
330
17
100
AcDbEntity
  8
爆区方格网
 62
7
100
AcDbPolyline
 90
5
 70
1
 10
470101.0
 20
4349744.0
 10
470101.0
 20
4349745.0
 10
470101.69330905133
 20
4349745.0
 10
470101.96230230783
 20
4349744.0
 10
470101.0
 20
4349744.0
  0
TEXT
  5
146
330
17
100
AcDbEntity
  8
0
 62
5
100
AcDbText
 10
470101.2539028398
 20
4349744.43
 30
0.0
 40
0.1333
  1
1.04
  7
CN_TTF
 11
470101.2539028398
 21
4349744.43
 31
0.0
100
AcDbText
  0
LWPOLYLINE
  5
147
330
17
100
AcDbEntity
  8
爆区方格网
 62
7
100
AcDbPolyline
 90
6
 70
1
 10
470101.0
 20
4349745.0
 10
470101.0
 20
4349746.0
 10
470101.4217848242
 20
4349746.0
 10
470101.6300010681
 20
4349745.2353515625
 10
470101.69330905133
 20
4349745.0
 10
470101.0
 20
4349745.0
  0
TEXT
  5
148
330
17
100
AcDbEntity
  8
0
 62
5
100
AcDbText
 10
470101.1029464731
 20
4349745.547675781
 30
0.0
 40
0.1333
  1
1.04
  7
CN_TTF
 11
470101.1029464731
 21
4349745.547675781
 31
0.0
100
AcDbText
  0
LWPOLYLINE
  5
149
330
17
100
AcDbEntity
  8
爆区方格网
 62
7
100
AcDbPolyline
 90
5
 70
1
 10
470101.0
 20
4349746.0
 10
470101.0
 20
4349747.0
 10
470101.1494815882
 20
4349747.0
 10
470101.4217848242
 20
4349746.0
 10
470101.0
 20
4349746.0
  0
TEXT
  5
14A
330
17
100
AcDbEntity
  8
0
 62
5
100
AcDbText
 10
470100.98281660315
 20
4349746.43
 30
0.0
 40
0.1333
  1
1.04
  7
CN_TTF
 11
470100.98281660315
 21
4349746.43
 31
0.0
100
AcDbText
  0
LWPOLYLINE
  5
14B
330
17
100
AcDbEntity
  8
爆区方格网
 62
7
100
AcDbPolyline
 90
4
 70
1
 10
470101.0
 20
4349747.0
 10
470101.0
 20
4349747.548952669
 10
470101.1494815882
 20
4349747.0
 10
470101.0
 20
4349747.0
  0
TEXT
  5
14C
330
17
100
AcDbEntity
  8
0
 62
5
100
AcDbText
 10
470100.8773703971
 20
4349747.204476334
 30
0.0
 40
0.1333
  1
1.04
  7
CN_TTF
 11
470100.8773703971
 21
4349747.204476334
 31
0.0
100
AcDbText
  0
LWPOLYLINE
  5
14D
330
17
100
AcDbEntity
  8
爆区方格网
 62
7
100
AcDbPolyline
 90
5
 70
1
 10
470102.0
 20
4349728.0
 10
470103.0
 20
4349728.0
 10
470103.0
 20
4349727.056483686
 10
470102.0
 20
4349727.936319018
 10
470102.0
 20
4349728.0
  0
TEXT
  5
14E
330
17
100
AcDbEntity
  8
0
 62
5
100
AcDbText
 10
470102.59
 20
4349727.426401352
 30
0.0
 40
0.1333
  1
1.11
  7
CN_TTF
 11
470102.59
 21
4349727.426401352
 31
0.0
100
AcDbText
  0
LWPOLYLINE
  5
14F
330
17
100
AcDbEntity
  8
爆区方格网
 62
7
100
AcDbPolyline
 90
5
 70
1
 10
470102.0
 20
4349728.0
 10
470102.0
 20
4349729.0
 10
470103.0
 20
4349729.0
 10
470103.0
 20
4349728.0
 10
470102.0
 20
4349728.0
  0
TEXT
  5
150
330
17
100
AcDbEntity
  8
0
 62
5
100
AcDbText
 10
470102.34
 20
4349728.43
 30
0.0
 40
0.1333
  1
1.11
  7
CN_TTF
 11
470102.34
 21
4349728.43
 31
0.0
100
AcDbText
  0
LWPOLYLINE
  5
151
330
17
100
AcDbEntity
  8
爆区方格网
 62
7
100
AcDbPolyline
 90
5
 70
1
 10
470102.0
 20
4349729.0
 10
470102.0
 20
4349730.0
 10
470103.0
 20
4349730.0
 10
470103.0
 20
4349729.0
 10
470102.0
 20
4349729.0
  0
TEXT
  5
152
330
17
100
AcDbEntity
  8
0
 62
5
100
AcDbText
 10
470102.34
 20
4349729.43
 30
0.0
 40
0.1333
  1
1.11
  7
CN_TTF
 11
470102.34
 21
4349729.43
 31
0.0
100
AcDbText
  0
LWPOLYLINE
  5
153
330
17
100
AcDbEntity
  8
爆区方格网
 62
7
100
AcDbPolyline
 90
5
 70
1
 10
470102.0
 20
4349730.0
 10
470102.0
 20
4349731.0
 10
470103.0
 20
4349731.0
 10
470103.0
 20
4349730.0
 10
470102.0
 20
4349730.0
  0
TEXT
  5
154
330
17
100
AcDbEntity
  8
0
 62
5
100
AcDbText
 10
470102.34
 20
4349730.43
 30
0.0
 40
0.1333
  1
1.11
  7
CN_TTF
 11
470102.34
 21
4349730.43
 31
0.0
100
AcDbText
  0
LWPOLYLINE
  5
155
330
17
100
AcDbEntity
  8
爆区方格网
 62
7
100
AcDbPolyline
 90
5
 70
1
 10
470102.0
 20
4349731.0
 10
470102.0
 20
4349732.0
 10
470103.0
 20
4349732.0
 10
470103.0
 20
4349731.0
 10
470102.0
 20
4349731.0
  0
TEXT
  5
156
330
17
100
AcDbEntity
  8
0
 62
5
100
AcDbText
 10
470102.34
 20
4349731.43
 30
0.0
 40
0.1333
  1
1.32
  7
CN_TTF
 11
470102.34
 21
4349731.43
 31
0.0
100
AcDbText
  0
LWPOLYLINE
  5
157
330
17
100
AcDbEntity
  8
爆区方格网
 62
7
100
AcDbPolyline
 90
5
 70
1
 10
470102.0
 20
4349732.0
 10
470102.0
 20
4349733.0
 10
470103.0
 20
4349733.0
 10
470103.0
 20
4349732.0
 10
470102.0
 20
4349732.0
  0
TEXT
  5
158
330
17
100
AcDbEntity
  8
0
 62
5
100
AcDbText
 10
470102.34
 20
4349732.43
 30
0.0
 40
0.1333
  1
1.32
  7
CN_TTF
 11
470102.34
 21
4349732.43
 31
0.0
100
AcDbText
  0
LWPOLYLINE
  5
159
330
17
100
AcDbEntity
  8
爆区方格网
 62
7
100
AcDbPolyline
 90
5
 70
1
 10
470102.0
 20
4349733.0
 10
470102.0
 20
4349734.0
 10
470103.0
 20
4349734.0
 10
470103.0
 20
4349733.0
 10
470102.0
 20
4349733.0
  0
TEXT
  5
15A
330
17
100
AcDbEntity
  8
0
 62
5
100
AcDbText
 10
470102.34
 20
4349733.43
 30
0.0
 40
0.1333
  1
1.32
  7
CN_TTF
 11
470102.34
 21
4349733.43
 31
0.0
100
AcDbText
  0
LWPOLYLINE
  5
15B
330
17
100
AcDbEntity
  8
爆区方格网
 62
7
100
AcDbPolyline
 90
5
 70
1
 10
470102.0
 20
4349734.0
 10
470102.0
 20
4349735.0
 10
470103.0
 20
4349735.0
 10
470103.0
 20
4349734.0
 10
470102.0
 20
4349734.0
  0
TEXT
  5
15C
330
17
100
AcDbEntity
  8
0
 62
5
100
AcDbText
 10
470102.34
 20
4349734.43
 30
0.0
 40
0.1333
  1
1.32
  7
CN_TTF
 11
470102.34
 21
4349734.43
 31
0.0
100
AcDbText
  0
LWPOLYLINE
  5
15D
330
17
100
AcDbEntity
  8
爆区方格网
 62
7
100
AcDbPolyline
 90
5
 70
1
 10
470102.0
 20
4349735.0
 10
470102.0
 20
4349736.0
 10
470103.0
 20
4349736.0
 10
470103.0
 20
4349735.0
 10
470102.0
 20
4349735.0
  0
TEXT
  5
15E
330
17
100
AcDbEntity
  8
0
 62
5
100
AcDbText
 10
470102.34
 20
4349735.43
 30
0.0
 40
0.1333
  1
1.32
  7
CN_TTF
 11
470102.34
 21
4349735.43
 31
0.0
100
AcDbText
  0
LWPOLYLINE
  5
15F
330
17
100
AcDbEntity
  8
爆区方格网
 62
7
100
AcDbPolyline
 90
5
 70
1
 10
470102.0
 20
4349736.0
 10
470102.0
 20
4349737.0
 10
470103.0
 20
4349737.0
 10
470103.0
 20
4349736.0
 10
470102.0
 20
4349736.0
  0
TEXT
  5
160
330
17
100
AcDbEntity
  8
0
 62
5
100
AcDbText
 10
470102.34
 20
4349736.43
 30
0.0
 40
0.1333
  1
1.32
  7
CN_TTF
 11
470102.34
 21
4349736.43
 31
0.0
100
AcDbText
  0
LWPOLYLINE
  5
161
330
17
100
AcDbEntity
  8
爆区方格网
 62
7
100
AcDbPolyline
 90
6
 70
1
 10
470103.0
 20
4349737.0
 10
470102.0
 20
4349737.0
 10
470102.0
 20
4349738.0
 10
470102.7661952304
 20
4349738.0
 10
470103.0
 20
4349737.363214799
 10
470103.0
 20
4349737.0
  0
TEXT
  5
162
330
17
100
AcDbEntity
  8
0
 62
5
100
AcDbText
 10
470102.2815488077
 20
4349737.611607399
 30
0.0
 40
0.1333
  1
1.26
  7
CN_TTF
 11
470102.2815488077
 21
4349737.611607399
 31
0.0
100
AcDbText
  0
LWPOLYLINE
  5
163
330
17
100
AcDbEntity
  8
爆区方格网
 62
7
100
AcDbPolyline
 90
6
 70
1
 10
470102.0
 20
4349738.0
 10
470102.0
 20
4349739.0
 10
470102.6828525851
 20
4349739.0
 10
470102.73500061035
 20
4349738.0849609375
 10
470102.7661952304
 20
4349738.0
 10
470102.0
 20
4349738.0
  0
TEXT
  5
164
330
17
100
AcDbEntity
  8
0
 62
5
100
AcDbText
 10
470102.1944632989
 20
4349738.472480468
 30
0.0
 40
0.1333
  1
1.26
  7
CN_TTF
 11
470102.1944632989
 21
4349738.472480468
 31
0.0
100
AcDbText
  0
LWPOLYLINE
  5
165
330
17
100
AcDbEntity
  8
爆区方格网
 62
7
100
AcDbPolyline
 90
5
 70
1
 10
470102.0
 20
4349739.0
 10
470102.0
 20
4349740.0
 10
470102.62586264074
 20
4349740.0
 10
470102.6828525851
 20
4349739.0
 10
470102.0
 20
4349739.0
  0
TEXT
  5
166
330
17
100
AcDbEntity
  8
0
 62
5
100
AcDbText
 10
470102.16717880644
 20
4349739.43
 30
0.0
 40
0.1333
  1
1.26
  7
CN_TTF
 11
470102.16717880644
 21
4349739.43
 31
0.0
100
AcDbText
  0
LWPOLYLINE
  5
167
330
17
100
AcDbEntity
  8
爆区方格网
 62
7
100
AcDbPolyline
 90
5
 70
1
 10
470102.0
 20
4349740.0
 10
470102.0
 20
4349741.0
 10
470102.5688726964
 20
4349741.0
 10
470102.62586264074
 20
4349740.0
 10
470102.0
 20
4349740.0
  0
TEXT
  5
168
330
17
100
AcDbEntity
  8
0
 62
5
100
AcDbText
 10
470102.1386838343
 20
4349740.43
 30
0.0
 40
0.1333
  1
1.26
  7
CN_TTF
 11
470102.1386838343
 21
4349740.43
 31
0.0
100
AcDbText
  0
LWPOLYLINE
  5
169
330
17
100
AcDbEntity
  8
爆区方格网
 62
7
100
AcDbPolyline
 90
6
 70
1
 10
470102.0
 20
4349741.0
 10
470102.0
 20
4349742.0
 10
470102.50028882094
 20
4349742.0
 10
470102.51499938965
 20
4349741.9453125
 10
470102.5688726964
 20
4349741.0
 10
470102.0
 20
4349741.0
  0
TEXT
  5
16A
330
17
100
AcDbEntity
  8
0
 62
5
100
AcDbText
 10
470102.11096802156
 20
4349741.40265625
 30
0.0
 40
0.1333
  1
1.26
  7
CN_TTF
 11
470102.11096802156
 21
4349741.40265625
 31
0.0
100
AcDbText
  0
LWPOLYLINE
  5
16B
330
17
100
AcDbEntity
  8
爆区方格网
 62
7
100
AcDbPolyline
 90
5
 70
1
 10
470102.0
 20
4349742.0
 10
470102.0
 20
4349743.0
 10
470102.2312955643
 20
4349743.0
 10
470102.50028882094
 20
4349742.0
 10
470102.0
 20
4349742.0
  0
TEXT
  5
16C
330
17
100
AcDbEntity
  8
0
 62
5
100
AcDbText
 10
470102.02289609634
 20
4349742.43
 30
0.0
 40
0.1333
  1
1.26
  7
CN_TTF
 11
470102.02289609634
 21
4349742.43
 31
0.0
100
AcDbText
  0
LWPOLYLINE
  5
16D
330
17
100
AcDbEntity
  8
爆区方格网
 62
7
100
AcDbPolyline
 90
5
 70
1
 10
470102.0
 20
4349743.0
 10
470102.0
 20
4349743.859856367
 10
470102.11520865053
 20
4349743.431560684
 10
470102.2312955643
 20
4349743.0
 10
470102.0
 20
4349743.0
  0
TEXT
  5
16E
330
17
100
AcDbEntity
  8
0
 62
5
100
AcDbText
 10
470101.92662605376
 20
4349743.145780342
 30
0.0
 40
0.1333
  1
1.26
  7
CN_TTF
 11
470101.92662605376
 21
4349743.145780342
 31
0.0
100
AcDbText
  0
LWPOLYLINE
  5
16F
330
17
100
AcDbEntity
  8
爆区方格网
 62
7
100
AcDbPolyline
 90
5
 70
1
 10
470104.0
 20
4349727.0
 10
470104.0
 20
4349726.176648355
 10
470103.6012318074
 20
4349726.5274987
 10
470103.06419802
 20
4349727.0
 10
470104.0
 20
4349727.0
  0
TEXT
  5
170
330
17
100
AcDbEntity
  8
0
 62
5
100
AcDbText
 10
470103.50635745685
 20
4349726.69374935
 30
0.0
 40
0.1333
  1
1.11
  7
CN_TTF
 11
470103.50635745685
 21
4349726.69374935
 31
0.0
100
AcDbText
  0
LWPOLYLINE
  5
171
330
17
100
AcDbEntity
  8
爆区方格网
 62
7
100
AcDbPolyline
 90
6
 70
1
 10
470103.0
 20
4349728.0
 10
470104.0
 20
4349728.0
 10
470104.0
 20
4349727.0
 10
470103.06419802
 20
4349727.0
 10
470103.0
 20
4349727.056483686
 10
470103.0
 20
4349728.0
  0
TEXT
  5
172
330
17
100
AcDbEntity
  8
0
 62
5
100
AcDbText
 10
470103.34
 20
4349727.458241843
 30
0.0
 40
0.1333
  1
1.11
  7
CN_TTF
 11
470103.34
 21
4349727.458241843
 31
0.0
100
AcDbText
  0
LWPOLYLINE
  5
173
330
17
100
AcDbEntity
  8
爆区方格网
 62
7
100
AcDbPolyline
 90
5
 70
1
 10
470103.0
 20
4349728.0
 10
470103.0
 20
4349729.0
 10
470104.0
 20
4349729.0
 10
470104.0
 20
4349728.0
 10
470103.0
 20
4349728.0
  0
TEXT
  5
174
330
17
100
AcDbEntity
  8
0
 62
5
100
AcDbText
 10
470103.34
 20
4349728.43
 30
0.0
 40
0.1333
  1
1.11
  7
CN_TTF
 11
470103.34
 21
4349728.43
 31
0.0
100
AcDbText
  0
LWPOLYLINE
  5
175
330
17
100
AcDbEntity
  8
爆区方格网
 62
7
100
AcDbPolyline
 90
5
 70
1
 10
470103.0
 20
4349729.0
 10
470103.0
 20
4349730.0
 10
470104.0
 20
4349730.0
 10
470104.0
 20
4349729.0
 10
470103.0
 20
4349729.0
  0
TEXT
  5
176
330
17
100
AcDbEntity
  8
0
 62
5
100
AcDbText
 10
470103.34
 20
4349729.43
 30
0.0
 40
0.1333
  1
1.11
  7
CN_TTF
 11
470103.34
 21
4349729.43
 31
0.0
100
AcDbText
  0
LWPOLYLINE
  5
177
330
17
100
AcDbEntity
  8
爆区方格网
 62
7
100
AcDbPolyline
 90
5
 70
1
 10
470103.0
 20
4349730.0
 10
470103.0
 20
4349731.0
 10
470104.0
 20
4349731.0
 10
470104.0
 20
4349730.0
 10
470103.0
 20
4349730.0
  0
TEXT
  5
178
330
17
100
AcDbEntity
  8
0
 62
5
100
AcDbText
 10
470103.34
 20
4349730.43
 30
0.0
 40
0.1333
  1
1.11
  7
CN_TTF
 11
470103.34
 21
4349730.43
 31
0.0
100
AcDbText
  0
LWPOLYLINE
  5
179
330
17
100
AcDbEntity
  8
爆区方格网
 62
7
100
AcDbPolyline
 90
5
 70
1
 10
470103.0
 20
4349731.0
 10
470103.0
 20
4349732.0
 10
470104.0
 20
4349732.0
 10
470104.0
 20
4349731.0
 10
470103.0
 20
4349731.0
  0
TEXT
  5
17A
330
17
100
AcDbEntity
  8
0
 62
5
100
AcDbText
 10
470103.34
 20
4349731.43
 30
0.0
 40
0.1333
  1
1.32
  7
CN_TTF
 11
470103.34
 21
4349731.43
 31
0.0
100
AcDbText
  0
LWPOLYLINE
  5
17B
330
17
100
AcDbEntity
  8
爆区方格网
 62
7
100
AcDbPolyline
 90
5
 70
1
 10
470103.0
 20
4349732.0
 10
470103.0
 20
4349733.0
 10
470104.0
 20
4349733.0
 10
470104.0
 20
4349732.0
 10
470103.0
 20
4349732.0
  0
TEXT
  5
17C
330
17
100
AcDbEntity
  8
0
 62
5
100
AcDbText
 10
470103.34
 20
4349732.43
 30
0.0
 40
0.1333
  1
1.32
  7
CN_TTF
 11
470103.34
 21
4349732.43
 31
0.0
100
AcDbText
  0
LWPOLYLINE
  5
17D
330
17
100
AcDbEntity
  8
爆区方格网
 62
7
100
AcDbPolyline
 90
5
 70
1
 10
470103.0
 20
4349733.0
 10
470103.0
 20
4349734.0
 10
470104.0
 20
4349734.0
 10
470104.0
 20
4349733.0
 10
470103.0
 20
4349733.0
  0
TEXT
  5
17E
330
17
100
AcDbEntity
  8
0
 62
5
100
AcDbText
 10
470103.34
 20
4349733.43
 30
0.0
 40
0.1333
  1
1.32
  7
CN_TTF
 11
470103.34
 21
4349733.43
 31
0.0
100
AcDbText
  0
LWPOLYLINE
  5
17F
330
17
100
AcDbEntity
  8
爆区方格网
 62
7
100
AcDbPolyline
 90
6
 70
1
 10
470104.0
 20
4349734.0
 10
470103.0
 20
4349734.0
 10
470103.0
 20
4349735.0
 10
470103.97250789724
 20
4349735.0
 10
470104.0
 20
4349734.976586495
 10
470104.0
 20
4349734.0
  0
TEXT
  5
180
330
17
100
AcDbEntity
  8
0
 62
5
100
AcDbText
 10
470103.34
 20
4349734.418293247
 30
0.0
 40
0.1333
  1
1.32
  7
CN_TTF
 11
470103.34
 21
4349734.418293247
 31
0.0
100
AcDbText
  0
LWPOLYLINE
  5
181
330
17
100
AcDbEntity
  8
爆区方格网
 62
7
100
AcDbPolyline
 90
6
 70
1
 10
470103.0
 20
4349735.0
 10
470103.0
 20
4349736.0
 10
470103.5005237582
 20
4349736.0
 10
470103.8199996948
 20
4349735.1298828125
 10
470103.97250789724
 20
4349735.0
 10
470103.0
 20
4349735.0
  0
TEXT
  5
182
330
17
100
AcDbEntity
  8
0
 62
5
100
AcDbText
 10
470103.17013086326
 20
4349735.494941406
 30
0.0
 40
0.1333
  1
1.32
  7
CN_TTF
 11
470103.17013086326
 21
4349735.494941406
 31
0.0
100
AcDbText
  0
LWPOLYLINE
  5
183
330
17
100
AcDbEntity
  8
爆区方格网
 62
7
100
AcDbPolyline
 90
5
 70
1
 10
470103.0
 20
4349736.0
 10
470103.0
 20
4349737.0
 10
470103.1333594943
 20
4349737.0
 10
470103.5005237582
 20
4349736.0
 10
470103.0
 20
4349736.0
  0
TEXT
  5
184
330
17
100
AcDbEntity
  8
0
 62
5
100
AcDbText
 10
470102.99847081315
 20
4349736.43
 30
0.0
 40
0.1333
  1
1.32
  7
CN_TTF
 11
470102.99847081315
 21
4349736.43
 31
0.0
100
AcDbText
  0
LWPOLYLINE
  5
185
330
17
100
AcDbEntity
  8
爆区方格网
 62
7
100
AcDbPolyline
 90
5
 70
1
 10
470103.0
 20
4349737.0
 10
470103.0
 20
4349737.363214799
 10
470103.129210326
 20
4349737.011300578
 10
470103.1333594943
 20
4349737.0
 10
470103.0
 20
4349737.0
  0
TEXT
  5
186
330
17
100
AcDbEntity
  8
0
 62
5
100
AcDbText
 10
470102.8723025815
 20
4349737.117257688
 30
0.0
 40
0.1333
  1
1.26
  7
CN_TTF
 11
470102.8723025815
 21
4349737.117257688
 31
0.0
100
AcDbText
  0
LWPOLYLINE
  5
187
330
17
100
AcDbEntity
  8
爆区方格网
 62
7
100
AcDbPolyline
 90
4
 70
1
 10
470105.0
 20
4349726.0
 10
470105.0
 20
4349725.296813024
 10
470104.20077433676
 20
4349726.0
 10
470105.0
 20
4349726.0
  0
TEXT
  5
188
330
17
100
AcDbEntity
  8
0
 62
5
100
AcDbText
 10
470104.6401935842
 20
4349725.578406512
 30
0.0
 40
0.1333
  1
1.11
  7
CN_TTF
 11
470104.6401935842
 21
4349725.578406512
 31
0.0
100
AcDbText
  0
LWPOLYLINE
  5
189
330
17
100
AcDbEntity
  8
爆区方格网
 62
7
100
AcDbPolyline
 90
6
 70
1
 10
470104.0
 20
4349727.0
 10
470105.0
 20
4349727.0
 10
470105.0
 20
4349726.0
 10
470104.20077433676
 20
4349726.0
 10
470104.0
 20
4349726.176648355
 10
470104.0
 20
4349727.0
  0
TEXT
  5
18A
330
17
100
AcDbEntity
  8
0
 62
5
100
AcDbText
 10
470104.34
 20
4349726.518324178
 30
0.0
 40
0.1333
  1
1.11
  7
CN_TTF
 11
470104.34
 21
4349726.518324178
 31
0.0
100
AcDbText
  0
LWPOLYLINE
  5
18B
330
17
100
AcDbEntity
  8
爆区方格网
 62
7
100
AcDbPolyline
 90
5
 70
1
 10
470104.0
 20
4349727.0
 10
470104.0
 20
4349728.0
 10
470105.0
 20
4349728.0
 10
470105.0
 20
4349727.0
 10
470104.0
 20
4349727.0
  0
TEXT
  5
18C
330
17
100
AcDbEntity
  8
0
 62
5
100
AcDbText
 10
470104.34
 20
4349727.43
 30
0.0
 40
0.1333
  1
1.11
  7
CN_TTF
 11
470104.34
 21
4349727.43
 31
0.0
100
AcDbText
  0
LWPOLYLINE
  5
18D
330
17
100
AcDbEntity
  8
爆区方格网
 62
7
100
AcDbPolyline
 90
5
 70
1
 10
470104.0
 20
4349728.0
 10
470104.0
 20
4349729.0
 10
470105.0
 20
4349729.0
 10
470105.0
 20
4349728.0
 10
470104.0
 20
4349728.0
  0
TEXT
  5
18E
330
17
100
AcDbEntity
  8
0
 62
5
100
AcDbText
 10
470104.34
 20
4349728.43
 30
0.0
 40
0.1333
  1
1.11
  7
CN_TTF
 11
470104.34
 21
4349728.43
 31
0.0
100
AcDbText
  0
LWPOLYLINE
  5
18F
330
17
100
AcDbEntity
  8
爆区方格网
 62
7
100
AcDbPolyline
 90
5
 70
1
 10
470104.0
 20
4349729.0
 10
470104.0
 20
4349730.0
 10
470105.0
 20
4349730.0
 10
470105.0
 20
4349729.0
 10
470104.0
 20
4349729.0
  0
TEXT
  5
190
330
17
100
AcDbEntity
  8
0
 62
5
100
AcDbText
 10
470104.34
 20
4349729.43
 30
0.0
 40
0.1333
  1
1.11
  7
CN_TTF
 11
470104.34
 21
4349729.43
 31
0.0
100
AcDbText
  0
LWPOLYLINE
  5
191
330
17
100
AcDbEntity
  8
爆区方格网
 62
7
100
AcDbPolyline
 90
5
 70
1
 10
470104.0
 20
4349730.0
 10
470104.0
 20
4349731.0
 10
470105.0
 20
4349731.0
 10
470105.0
 20
4349730.0
 10
470104.0
 20
4349730.0
  0
TEXT
  5
192
330
17
100
AcDbEntity
  8
0
 62
5
100
AcDbText
 10
470104.34
 20
4349730.43
 30
0.0
 40
0.1333
  1
1.11
  7
CN_TTF
 11
470104.34
 21
4349730.43
 31
0.0
100
AcDbText
  0
LWPOLYLINE
  5
193
330
17
100
AcDbEntity
  8
爆区方格网
 62
7
100
AcDbPolyline
 90
5
 70
1
 10
470104.0
 20
4349731.0
 10
470104.0
 20
4349732.0
 10
470105.0
 20
4349732.0
 10
470105.0
 20
4349731.0
 10
470104.0
 20
4349731.0
  0
TEXT
  5
194
330
17
100
AcDbEntity
  8
0
 62
5
100
AcDbText
 10
470104.34
 20
4349731.43
 30
0.0
 40
0.1333
  1
1.35
  7
CN_TTF
 11
470104.34
 21
4349731.43
 31
0.0
100
AcDbText
  0
LWPOLYLINE
  5
195
330
17
100
AcDbEntity
  8
爆区方格网
 62
7
100
AcDbPolyline
 90
5
 70
1
 10
470104.0
 20
4349732.0
 10
470104.0
 20
4349733.0
 10
470105.0
 20
4349733.0
 10
470105.0
 20
4349732.0
 10
470104.0
 20
4349732.0
  0
TEXT
  5
196
330
17
100
AcDbEntity
  8
0
 62
5
100
AcDbText
 10
470104.34
 20
4349732.43
 30
0.0
 40
0.1333
  1
1.32
  7
CN_TTF
 11
470104.34
 21
4349732.43
 31
0.0
100
AcDbText
  0
LWPOLYLINE
  5
197
330
17
100
AcDbEntity
  8
爆区方格网
 62
7
100
AcDbPolyline
 90
5
 70
1
 10
470104.0
 20
4349733.0
 10
470104.0
 20
4349734.0
 10
470105.0
 20
4349734.0
 10
470105.0
 20
4349733.0
 10
470104.0
 20
4349733.0
  0
TEXT
  5
198
330
17
100
AcDbEntity
  8
0
 62
5
100
AcDbText
 10
470104.34
 20
4349733.43
 30
0.0
 40
0.1333
  1
1.32
  7
CN_TTF
 11
470104.34
 21
4349733.43
 31
0.0
100
AcDbText
  0
LWPOLYLINE
  5
199
330
17
100
AcDbEntity
  8
爆区方格网
 62
7
100
AcDbPolyline
 90
5
 70
1
 10
470105.0
 20
4349734.0
 10
470104.0
 20
4349734.0
 10
470104.0
 20
4349734.976586495
 10
470105.0
 20
4349734.124941727
 10
470105.0
 20
4349734.0
  0
TEXT
  5
19A
330
17
100
AcDbEntity
  8
0
 62
5
100
AcDbText
 10
470104.09
 20
4349734.480764111
 30
0.0
 40
0.1333
  1
1.32
  7
CN_TTF
 11
470104.09
 21
4349734.480764111
 31
0.0
100
AcDbText
  0
LWPOLYLINE
  5
19B
330
17
100
AcDbEntity
  8
爆区方格网
 62
7
100
AcDbPolyline
 90
4
 70
1
 10
470106.0
 20
4349725.0
 10
470106.0
 20
4349724.416977693
 10
470105.3373506537
 20
4349725.0
 10
470106.0
 20
4349725.0
  0
TEXT
  5
19C
330
17
100
AcDbEntity
  8
0
 62
5
100
AcDbText
 10
470105.67433766375
 20
4349724.638488846
 30
0.0
 40
0.1333
  1
1.11
  7
CN_TTF
 11
470105.67433766375
 21
4349724.638488846
 31
0.0
100
AcDbText
  0
LWPOLYLINE
  5
19D
330
17
100
AcDbEntity
  8
爆区方格网
 62
7
100
AcDbPolyline
 90
6
 70
1
 10
470105.0
 20
4349726.0
 10
470106.0
 20
4349726.0
 10
470106.0
 20
4349725.0
 10
470105.3373506537
 20
4349725.0
 10
470105.0
 20
4349725.296813024
 10
470105.0
 20
4349726.0
  0
TEXT
  5
19E
330
17
100
AcDbEntity
  8
0
 62
5
100
AcDbText
 10
470105.34
 20
4349725.578406512
 30
0.0
 40
0.1333
  1
1.11
  7
CN_TTF
 11
470105.34
 21
4349725.578406512
 31
0.0
100
AcDbText
  0
LWPOLYLINE
  5
19F
330
17
100
AcDbEntity
  8
爆区方格网
 62
7
100
AcDbPolyline
 90
5
 70
1
 10
470105.0
 20
4349726.0
 10
470105.0
 20
4349727.0
 10
470106.0
 20
4349727.0
 10
470106.0
 20
4349726.0
 10
470105.0
 20
4349726.0
  0
TEXT
  5
1A0
330
17
100
AcDbEntity
  8
0
 62
5
100
AcDbText
 10
470105.34
 20
4349726.43
 30
0.0
 40
0.1333
  1
1.11
  7
CN_TTF
 11
470105.34
 21
4349726.43
 31
0.0
100
AcDbText
  0
LWPOLYLINE
  5
1A1
330
17
100
AcDbEntity
  8
爆区方格网
 62
7
100
AcDbPolyline
 90
5
 70
1
 10
470105.0
 20
4349727.0
 10
470105.0
 20
4349728.0
 10
470106.0
 20
4349728.0
 10
470106.0
 20
4349727.0
 10
470105.0
 20
4349727.0
  0
TEXT
  5
1A2
330
17
100
AcDbEntity
  8
0
 62
5
100
AcDbText
 10
470105.34
 20
4349727.43
 30
0.0
 40
0.1333
  1
1.11
  7
CN_TTF
 11
470105.34
 21
4349727.43
 31
0.0
100
AcDbText
  0
LWPOLYLINE
  5
1A3
330
17
100
AcDbEntity
  8
爆区方格网
 62
7
100
AcDbPolyline
 90
5
 70
1
 10
470105.0
 20
4349728.0
 10
470105.0
 20
4349729.0
 10
470106.0
 20
4349729.0
 10
470106.0
 20
4349728.0
 10
470105.0
 20
4349728.0
  0
TEXT
  5
1A4
330
17
100
AcDbEntity
  8
0
 62
5
100
AcDbText
 10
470105.34
 20
4349728.43
 30
0.0
 40
0.1333
  1
1.11
  7
CN_TTF
 11
470105.34
 21
4349728.43
 31
0.0
100
AcDbText
  0
LWPOLYLINE
  5
1A5
330
17
100
AcDbEntity
  8
爆区方格网
 62
7
100
AcDbPolyline
 90
5
 70
1
 10
470105.0
 20
4349729.0
 10
470105.0
 20
4349730.0
 10
470106.0
 20
4349730.0
 10
470106.0
 20
4349729.0
 10
470105.0
 20
4349729.0
  0
TEXT
  5
1A6
330
17
100
AcDbEntity
  8
0
 62
5
100
AcDbText
 10
470105.34
 20
4349729.43
 30
0.0
 40
0.1333
  1
1.11
  7
CN_TTF
 11
470105.34
 21
4349729.43
 31
0.0
100
AcDbText
  0
LWPOLYLINE
  5
1A7
330
17
100
AcDbEntity
  8
爆区方格网
 62
7
100
AcDbPolyline
 90
5
 70
1
 10
470105.0
 20
4349730.0
 10
470105.0
 20
4349731.0
 10
470106.0
 20
4349731.0
 10
470106.0
 20
4349730.0
 10
470105.0
 20
4349730.0
  0
TEXT
  5
1A8
330
17
100
AcDbEntity
  8
0
 62
5
100
AcDbText
 10
470105.34
 20
4349730.43
 30
0.0
 40
0.1333
  1
1.35
  7
CN_TTF
 11
470105.34
 21
4349730.43
 31
0.0
100
AcDbText
  0
LWPOLYLINE
  5
1A9
330
17
100
AcDbEntity
  8
爆区方格网
 62
7
100
AcDbPolyline
 90
5
 70
1
 10
470105.0
 20
4349731.0
 10
470105.0
 20
4349732.0
 10
470106.0
 20
4349732.0
 10
470106.0
 20
4349731.0
 10
470105.0
 20
4349731.0
  0
TEXT
  5
1AA
330
17
100
AcDbEntity
  8
0
 62
5
100
AcDbText
 10
470105.34
 20
4349731.43
 30
0.0
 40
0.1333
  1
1.35
  7
CN_TTF
 11
470105.34
 21
4349731.43
 31
0.0
100
AcDbText
  0
LWPOLYLINE
  5
1AB
330
17
100
AcDbEntity
  8
爆区方格网
 62
7
100
AcDbPolyline
 90
5
 70
1
 10
470105.0
 20
4349732.0
 10
470105.0
 20
4349733.0
 10
470106.0
 20
4349733.0
 10
470106.0
 20
4349732.0
 10
470105.0
 20
4349732.0
  0
TEXT
  5
1AC
330
17
100
AcDbEntity
  8
0
 62
5
100
AcDbText
 10
470105.34
 20
4349732.43
 30
0.0
 40
0.1333
  1
1.35
  7
CN_TTF
 11
470105.34
 21
4349732.43
 31
0.0
100
AcDbText
  0
LWPOLYLINE
  5
1AD
330
17
100
AcDbEntity
  8
爆区方格网
 62
7
100
AcDbPolyline
 90
8
 70
1
 10
470106.0
 20
4349734.0
 10
470106.0
 20
4349733.0
 10
470105.0
 20
4349733.0
 10
470105.0
 20
4349734.0
 10
470105.1467063879
 20
4349734.0
 10
470105.23500061035
 20
4349733.9248046875
 10
470105.49232607556
 20
4349734.0
 10
470106.0
 20
4349734.0
  0
TEXT
  5
1AE
330
17
100
AcDbEntity
  8
0
 62
5
100
AcDbText
 10
470105.34
 20
4349733.392402343
 30
0.0
 40
0.1333
  1
1.32
  7
CN_TTF
 11
470105.34
 21
4349733.392402343
 31
0.0
100
AcDbText
  0
LWPOLYLINE
  5
1AF
330
17
100
AcDbEntity
  8
爆区方格网
 62
7
100
AcDbPolyline
 90
4
 70
1
 10
470106.0
 20
4349734.0
 10
470105.49232607556
 20
4349734.0
 10
470106.0
 20
4349734.148351814
 10
470106.0
 20
4349734.0
  0
TEXT
  5
1B0
330
17
100
AcDbEntity
  8
0
 62
5
100
AcDbText
 10
470105.7130815197
 20
4349734.004175907
 30
0.0
 40
0.1333
  1
1.32
  7
CN_TTF
 11
470105.7130815197
 21
4349734.004175907
 31
0.0
100
AcDbText
  0
LWPOLYLINE
  5
1B1
330
17
100
AcDbEntity
  8
爆区方格网
 62
7
100
AcDbPolyline
 90
4
 70
1
 10
470105.0
 20
4349734.0
 10
470105.0
 20
4349734.124941727
 10
470105.1467063879
 20
4349734.0
 10
470105.0
 20
4349734.0
  0
TEXT
  5
1B2
330
17
100
AcDbEntity
  8
0
 62
5
100
AcDbText
 10
470104.876676597
 20
4349733.992470863
 30
0.0
 40
0.1333
  1
1.32
  7
CN_TTF
 11
470104.876676597
 21
4349733.992470863
 31
0.0
100
AcDbText
  0
LWPOLYLINE
  5
1B3
330
17
100
AcDbEntity
  8
爆区方格网
 62
7
100
AcDbPolyline
 90
5
 70
1
 10
470106.0
 20
4349725.0
 10
470106.3960980197
 20
4349725.0
 10
470106.18586100807
 20
4349724.253450612
 10
470106.0
 20
4349724.416977693
 10
470106.0
 20
4349725.0
  0
TEXT
  5
1B4
330
17
100
AcDbEntity
  8
0
 62
5
100
AcDbText
 10
470105.9970025401
 20
4349724.638488846
 30
0.0
 40
0.1333
  1
1.11
  7
CN_TTF
 11
470105.9970025401
 21
4349724.638488846
 31
0.0
100
AcDbText
  0
LWPOLYLINE
  5
1B5
330
17
100
AcDbEntity
  8
爆区方格网
 62
7
100
AcDbPolyline
 90
5
 70
1
 10
470106.0
 20
4349725.0
 10
470106.0
 20
4349726.0
 10
470106.6777096784
 20
4349726.0
 10
470106.3960980197
 20
4349725.0
 10
470106.0
 20
4349725.0
  0
TEXT
  5
1B6
330
17
100
AcDbEntity
  8
0
 62
5
100
AcDbText
 10
470106.1084519246
 20
4349725.43
 30
0.0
 40
0.1333
  1
1.11
  7
CN_TTF
 11
470106.1084519246
 21
4349725.43
 31
0.0
100
AcDbText
  0
LWPOLYLINE
  5
1B7
330
17
100
AcDbEntity
  8
爆区方格网
 62
7
100
AcDbPolyline
 90
6
 70
1
 10
470106.0
 20
4349726.0
 10
470106.0
 20
4349727.0
 10
470106.94698772545
 20
4349727.0
 10
470106.9345703125
 20
4349726.912109375
 10
470106.6777096784
 20
4349726.0
 10
470106.0
 20
4349726.0
  0
TEXT
  5
1B8
330
17
100
AcDbEntity
  8
0
 62
5
100
AcDbText
 10
470106.24306999776
 20
4349726.386054687
 30
0.0
 40
0.1333
  1
1.11
  7
CN_TTF
 11
470106.24306999776
 21
4349726.386054687
 31
0.0
100
AcDbText
  0
LWPOLYLINE
  5
1B9
330
17
100
AcDbEntity
  8
爆区方格网
 62
7
100
AcDbPolyline
 90
6
 70
1
 10
470106.0
 20
4349727.0
 10
470106.0
 20
4349728.0
 10
470107.0
 20
4349728.0
 10
470107.0
 20
4349727.3752216315
 10
470106.94698772545
 20
4349727.0
 10
470106.0
 20
4349727.0
  0
TEXT
  5
1BA
330
17
100
AcDbEntity
  8
0
 62
5
100
AcDbText
 10
470106.34
 20
4349727.617610816
 30
0.0
 40
0.1333
  1
1.11
  7
CN_TTF
 11
470106.34
 21
4349727.617610816
 31
0.0
100
AcDbText
  0
LWPOLYLINE
  5
1BB
330
17
100
AcDbEntity
  8
爆区方格网
 62
7
100
AcDbPolyline
 90
5
 70
1
 10
470106.0
 20
4349728.0
 10
470106.0
 20
4349729.0
 10
470107.0
 20
4349729.0
 10
470107.0
 20
4349728.0
 10
470106.0
 20
4349728.0
  0
TEXT
  5
1BC
330
17
100
AcDbEntity
  8
0
 62
5
100
AcDbText
 10
470106.34
 20
4349728.43
 30
0.0
 40
0.1333
  1
1.11
  7
CN_TTF
 11
470106.34
 21
4349728.43
 31
0.0
100
AcDbText
  0
LWPOLYLINE
  5
1BD
330
17
100
AcDbEntity
  8
爆区方格网
 62
7
100
AcDbPolyline
 90
5
 70
1
 10
470106.0
 20
4349729.0
 10
470106.0
 20
4349730.0
 10
470107.0
 20
4349730.0
 10
470107.0
 20
4349729.0
 10
470106.0
 20
4349729.0
  0
TEXT
  5
1BE
330
17
100
AcDbEntity
  8
0
 62
5
100
AcDbText
 10
470106.34
 20
4349729.43
 30
0.0
 40
0.1333
  1
1.35
  7
CN_TTF
 11
470106.34
 21
4349729.43
 31
0.0
100
AcDbText
  0
LWPOLYLINE
  5
1BF
330
17
100
AcDbEntity
  8
爆区方格网
 62
7
100
AcDbPolyline
 90
5
 70
1
 10
470106.0
 20
4349730.0
 10
470106.0
 20
4349731.0
 10
470107.0
 20
4349731.0
 10
470107.0
 20
4349730.0
 10
470106.0
 20
4349730.0
  0
TEXT
  5
1C0
330
17
100
AcDbEntity
  8
0
 62
5
100
AcDbText
 10
470106.34
 20
4349730.43
 30
0.0
 40
0.1333
  1
1.35
  7
CN_TTF
 11
470106.34
 21
4349730.43
 31
0.0
100
AcDbText
  0
LWPOLYLINE
  5
1C1
330
17
100
AcDbEntity
  8
爆区方格网
 62
7
100
AcDbPolyline
 90
5
 70
1
 10
470106.0
 20
4349731.0
 10
470106.0
 20
4349732.0
 10
470107.0
 20
4349732.0
 10
470107.0
 20
4349731.0
 10
470106.0
 20
4349731.0
  0
TEXT
  5
1C2
330
17
100
AcDbEntity
  8
0
 62
5
100
AcDbText
 10
470106.34
 20
4349731.43
 30
0.0
 40
0.1333
  1
1.35
  7
CN_TTF
 11
470106.34
 21
4349731.43
 31
0.0
100
AcDbText
  0
LWPOLYLINE
  5
1C3
330
17
100
AcDbEntity
  8
爆区方格网
 62
7
100
AcDbPolyline
 90
5
 70
1
 10
470106.0
 20
4349732.0
 10
470106.0
 20
4349733.0
 10
470107.0
 20
4349733.0
 10
470107.0
 20
4349732.0
 10
470106.0
 20
4349732.0
  0
TEXT
  5
1C4
330
17
100
AcDbEntity
  8
0
 62
5
100
AcDbText
 10
470106.34
 20
4349732.43
 30
0.0
 40
0.1333
  1
1.35
  7
CN_TTF
 11
470106.34
 21
4349732.43
 31
0.0
100
AcDbText
  0
LWPOLYLINE
  5
1C5
330
17
100
AcDbEntity
  8
爆区方格网
 62
7
100
AcDbPolyline
 90
5
 70
1
 10
470106.0
 20
4349733.0
 10
470106.0
 20
4349734.0
 10
470107.0
 20
4349734.0
 10
470107.0
 20
4349733.0
 10
470106.0
 20
4349733.0
  0
TEXT
  5
1C6
330
17
100
AcDbEntity
  8
0
 62
5
100
AcDbText
 10
470106.34
 20
4349733.43
 30
0.0
 40
0.1333
  1
1.35
  7
CN_TTF
 11
470106.34
 21
4349733.43
 31
0.0
100
AcDbText
  0
LWPOLYLINE
  5
1C7
330
17
100
AcDbEntity
  8
爆区方格网
 62
7
100
AcDbPolyline
 90
6
 70
1
 10
470107.0
 20
4349734.0
 10
470106.0
 20
4349734.0
 10
470106.0
 20
4349734.148351814
 10
470106.2135374552
 20
4349734.210751451
 10
470107.0
 20
4349734.440570512
 10
470107.0
 20
4349734.0
  0
TEXT
  5
1C8
330
17
100
AcDbEntity
  8
0
 62
5
100
AcDbText
 10
470106.6433843638
 20
4349734.255660981
 30
0.0
 40
0.1333
  1
1.35
  7
CN_TTF
 11
470106.6433843638
 21
4349734.255660981
 31
0.0
100
AcDbText
  0
LWPOLYLINE
  5
1C9
330
17
100
AcDbEntity
  8
爆区方格网
 62
7
100
AcDbPolyline
 90
4
 70
1
 10
470107.0
 20
4349728.0
 10
470107.08827029064
 20
4349728.0
 10
470107.0
 20
4349727.3752216315
 10
470107.0
 20
4349728.0
  0
TEXT
  5
1CA
330
17
100
AcDbEntity
  8
0
 62
5
100
AcDbText
 10
470106.8620675727
 20
4349727.617610816
 30
0.0
 40
0.1333
  1
1.11
  7
CN_TTF
 11
470106.8620675727
 21
4349727.617610816
 31
0.0
100
AcDbText
  0
LWPOLYLINE
  5
1CB
330
17
100
AcDbEntity
  8
爆区方格网
 62
7
100
AcDbPolyline
 90
7
 70
1
 10
470107.0
 20
4349728.0
 10
470107.0
 20
4349729.0
 10
470107.2295528557
 20
4349729.0
 10
470107.1138268762
 20
4349728.180889876
 10
470107.1138268763
 20
4349728.180889876
 10
470107.08827029064
 20
4349728.0
 10
470107.0
 20
4349728.0
  0
TEXT
  5
1CC
330
17
100
AcDbEntity
  8
0
 62
5
100
AcDbText
 10
470106.92584493296
 20
4349728.520444937
 30
0.0
 40
0.1333
  1
1.35
  7
CN_TTF
 11
470106.92584493296
 21
4349728.520444937
 31
0.0
100
AcDbText
  0
LWPOLYLINE
  5
1CD
330
17
100
AcDbEntity
  8
爆区方格网
 62
7
100
AcDbPolyline
 90
7
 70
1
 10
470107.0
 20
4349729.0
 10
470107.0
 20
4349730.0
 10
470108.0
 20
4349730.0
 10
470108.0
 20
4349729.903331954
 10
470107.34765625
 20
4349729.8359375
 10
470107.2295528557
 20
4349729.0
 10
470107.0
 20
4349729.0
  0
TEXT
  5
1CE
330
17
100
AcDbEntity
  8
0
 62
5
100
AcDbText
 10
470106.98430227645
 20
4349729.34796875
 30
0.0
 40
0.1333
  1
1.35
  7
CN_TTF
 11
470106.98430227645
 21
4349729.34796875
 31
0.0
100
AcDbText
  0
LWPOLYLINE
  5
1CF
330
17
100
AcDbEntity
  8
爆区方格网
 62
7
100
AcDbPolyline
 90
5
 70
1
 10
470107.0
 20
4349730.0
 10
470107.0
 20
4349731.0
 10
470108.0
 20
4349731.0
 10
470108.0
 20
4349730.0
 10
470107.0
 20
4349730.0
  0
TEXT
  5
1D0
330
17
100
AcDbEntity
  8
0
 62
5
100
AcDbText
 10
470107.34
 20
4349730.43
 30
0.0
 40
0.1333
  1
1.35
  7
CN_TTF
 11
470107.34
 21
4349730.43
 31
0.0
100
AcDbText
  0
LWPOLYLINE
  5
1D1
330
17
100
AcDbEntity
  8
爆区方格网
 62
7
100
AcDbPolyline
 90
5
 70
1
 10
470107.0
 20
4349731.0
 10
470107.0
 20
4349732.0
 10
470108.0
 20
4349732.0
 10
470108.0
 20
4349731.0
 10
470107.0
 20
4349731.0
  0
TEXT
  5
1D2
330
17
100
AcDbEntity
  8
0
 62
5
100
AcDbText
 10
470107.34
 20
4349731.43
 30
0.0
 40
0.1333
  1
1.35
  7
CN_TTF
 11
470107.34
 21
4349731.43
 31
0.0
100
AcDbText
  0
LWPOLYLINE
  5
1D3
330
17
100
AcDbEntity
  8
爆区方格网
 62
7
100
AcDbPolyline
 90
5
 70
1
 10
470107.0
 20
4349732.0
 10
470107.0
 20
4349733.0
 10
470108.0
 20
4349733.0
 10
470108.0
 20
4349732.0
 10
470107.0
 20
4349732.0
  0
TEXT
  5
1D4
330
17
100
AcDbEntity
  8
0
 62
5
100
AcDbText
 10
470107.34
 20
4349732.43
 30
0.0
 40
0.1333
  1
1.35
  7
CN_TTF
 11
470107.34
 21
4349732.43
 31
0.0
100
AcDbText
  0
LWPOLYLINE
  5
1D5
330
17
100
AcDbEntity
  8
爆区方格网
 62
7
100
AcDbPolyline
 90
5
 70
1
 10
470107.0
 20
4349733.0
 10
470107.0
 20
4349734.0
 10
470108.0
 20
4349734.0
 10
470108.0
 20
4349733.0
 10
470107.0
 20
4349733.0
  0
TEXT
  5
1D6
330
17
100
AcDbEntity
  8
0
 62
5
100
AcDbText
 10
470107.34
 20
4349733.43
 30
0.0
 40
0.1333
  1
1.35
  7
CN_TTF
 11
470107.34
 21
4349733.43
 31
0.0
100
AcDbText
  0
LWPOLYLINE
  5
1D7
330
17
100
AcDbEntity
  8
爆区方格网
 62
7
100
AcDbPolyline
 90
5
 70
1
 10
470108.0
 20
4349734.0
 10
470107.0
 20
4349734.0
 10
470107.0
 20
4349734.440570512
 10
470108.0
 20
4349734.732789209
 10
470108.0
 20
4349734.0
  0
TEXT
  5
1D8
330
17
100
AcDbEntity
  8
0
 62
5
100
AcDbText
 10
470107.34
 20
4349734.150285255
 30
0.0
 40
0.1333
  1
1.35
  7
CN_TTF
 11
470107.34
 21
4349734.150285255
 31
0.0
100
AcDbText
  0
LWPOLYLINE
  5
1D9
330
17
100
AcDbEntity
  8
爆区方格网
 62
7
100
AcDbPolyline
 90
4
 70
1
 10
470108.0
 20
4349730.0
 10
470108.9356971154
 20
4349730.0
 10
470108.0
 20
4349729.903331954
 10
470108.0
 20
4349730.0
  0
TEXT
  5
1DA
330
17
100
AcDbEntity
  8
0
 62
5
100
AcDbText
 10
470108.0739242789
 20
4349729.881665977
 30
0.0
 40
0.1333
  1
1.35
  7
CN_TTF
 11
470108.0739242789
 21
4349729.881665977
 31
0.0
100
AcDbText
  0
LWPOLYLINE
  5
1DB
330
17
100
AcDbEntity
  8
爆区方格网
 62
7
100
AcDbPolyline
 90
6
 70
1
 10
470108.0
 20
4349730.0
 10
470108.0
 20
4349731.0
 10
470109.0
 20
4349731.0
 10
470109.0
 20
4349730.0066432115
 10
470108.9356971154
 20
4349730.0
 10
470108.0
 20
4349730.0
  0
TEXT
  5
1DC
330
17
100
AcDbEntity
  8
0
 62
5
100
AcDbText
 10
470108.34
 20
4349730.433321605
 30
0.0
 40
0.1333
  1
1.35
  7
CN_TTF
 11
470108.34
 21
4349730.433321605
 31
0.0
100
AcDbText
  0
LWPOLYLINE
  5
1DD
330
17
100
AcDbEntity
  8
爆区方格网
 62
7
100
AcDbPolyline
 90
5
 70
1
 10
470108.0
 20
4349731.0
 10
470108.0
 20
4349732.0
 10
470109.0
 20
4349732.0
 10
470109.0
 20
4349731.0
 10
470108.0
 20
4349731.0
  0
TEXT
  5
1DE
330
17
100
AcDbEntity
  8
0
 62
5
100
AcDbText
 10
470108.34
 20
4349731.43
 30
0.0
 40
0.1333
  1
1.35
  7
CN_TTF
 11
470108.34
 21
4349731.43
 31
0.0
100
AcDbText
  0
LWPOLYLINE
  5
1DF
330
17
100
AcDbEntity
  8
爆区方格网
 62
7
100
AcDbPolyline
 90
6
 70
1
 10
470109.0
 20
4349732.0
 10
470108.0
 20
4349732.0
 10
470108.0
 20
4349733.0
 10
470108.7901242731
 20
4349733.0
 10
470109.0
 20
4349732.44356779
 10
470109.0
 20
4349732.0
  0
TEXT
  5
1E0
330
17
100
AcDbEntity
  8
0
 62
5
100
AcDbText
 10
470108.2875310683
 20
4349732.651783895
 30
0.0
 40
0.1333
  1
1.35
  7
CN_TTF
 11
470108.2875310683
 21
4349732.651783895
 31
0.0
100
AcDbText
  0
LWPOLYLINE
  5
1E1
330
17
100
AcDbEntity
  8
爆区方格网
 62
7
100
AcDbPolyline
 90
5
 70
1
 10
470108.0
 20
4349733.0
 10
470108.0
 20
4349734.0
 10
470108.4129431484
 20
4349734.0
 10
470108.7901242731
 20
4349733.0
 10
470108.0
 20
4349733.0
  0
TEXT
  5
1E2
330
17
100
AcDbEntity
  8
0
 62
5
100
AcDbText
 10
470108.1407668554
 20
4349733.43
 30
0.0
 40
0.1333
  1
1.35
  7
CN_TTF
 11
470108.1407668554
 21
4349733.43
 31
0.0
100
AcDbText
  0
LWPOLYLINE
  5
1E3
330
17
100
AcDbEntity
  8
爆区方格网
 62
7
100
AcDbPolyline
 90
5
 70
1
 10
470108.0
 20
4349734.0
 10
470108.0
 20
4349734.732789209
 10
470108.1229927102
 20
4349734.768729979
 10
470108.4129431484
 20
4349734.0
 10
470108.0
 20
4349734.0
  0
TEXT
  5
1E4
330
17
100
AcDbEntity
  8
0
 62
5
100
AcDbText
 10
470107.9773730097
 20
4349734.296394604
 30
0.0
 40
0.1333
  1
1.35
  7
CN_TTF
 11
470107.9773730097
 21
4349734.296394604
 31
0.0
100
AcDbText
  0
LWPOLYLINE
  5
1E5
330
17
100
AcDbEntity
  8
爆区方格网
 62
7
100
AcDbPolyline
 90
6
 70
1
 10
470110.0
 20
4349730.10995447
 10
470109.0
 20
4349730.0066432115
 10
470109.0
 20
4349731.0
 10
470109.80974409624
 20
4349731.0
 10
470110.0
 20
4349730.664358869
 10
470110.0
 20
4349730.10995447
  0
TEXT
  5
1E6
330
17
100
AcDbEntity
  8
0
 62
5
100
AcDbText
 10
470109.34
 20
4349730.317156669
 30
0.0
 40
0.1333
  1
1.35
  7
CN_TTF
 11
470109.34
 21
4349730.317156669
 31
0.0
100
AcDbText
  0
LWPOLYLINE
  5
1E7
330
17
100
AcDbEntity
  8
爆区方格网
 62
7
100
AcDbPolyline
 90
5
 70
1
 10
470109.0
 20
4349731.0
 10
470109.0
 20
4349732.0
 10
470109.2429008628
 20
4349732.0
 10
470109.80974409624
 20
4349731.0
 10
470109.0
 20
4349731.0
  0
TEXT
  5
1E8
330
17
100
AcDbEntity
  8
0
 62
5
100
AcDbText
 10
470109.1031612398
 20
4349731.43
 30
0.0
 40
0.1333
  1
1.35
  7
CN_TTF
 11
470109.1031612398
 21
4349731.43
 31
0.0
100
AcDbText
  0
LWPOLYLINE
  5
1E9
330
17
100
AcDbEntity
  8
爆区方格网
 62
7
100
AcDbPolyline
 90
5
 70
1
 10
470109.0
 20
4349732.0
 10
470109.0
 20
4349732.44356779
 10
470109.01696866116
 20
4349732.3985796925
 10
470109.2429008628
 20
4349732.0
 10
470109.0
 20
4349732.0
  0
TEXT
  5
1EA
330
17
100
AcDbEntity
  8
0
 62
5
100
AcDbText
 10
470108.90496738104
 20
4349732.129289846
 30
0.0
 40
0.1333
  1
1.35
  7
CN_TTF
 11
470108.90496738104
 21
4349732.129289846
 31
0.0
100
AcDbText
  0
LWPOLYLINE
  5
1EB
330
17
100
AcDbEntity
  8
爆区方格网
 62
7
100
AcDbPolyline
 90
4
 70
1
 10
470110.0
 20
4349730.664358869
 10
470110.296875
 20
4349730.140625
 10
470110.0
 20
4349730.10995447
 10
470110.0
 20
4349730.664358869
  0
TEXT
  5
1EC
330
17
100
AcDbEntity
  8
0
 62
5
100
AcDbText
 10
470109.91421875
 20
4349730.332491934
 30
0.0
 40
0.1333
  1
1.35
  7
CN_TTF
 11
470109.91421875
 21
4349730.332491934
 31
0.0
100
AcDbText
  0
LWPOLYLINE
  5
1ED
330
17
100
AcDbEntity
  8
爆区方格网
 62
7
100
AcDbPolyline
 90
4
 70
1
 10
470092.0
 20
4349764.0
 10
470092.0
 20
4349763.293066751
 10
470091.8404993685
 20
4349764.0
 10
470092.0
 20
4349764.0
  0
TEXT
  5
1EE
330
17
100
AcDbEntity
  8
0
 62
4
100
AcDbText
 10
470091.80012484215
 20
4349763.576533375
 30
0.0
 40
0.1333
  1
0.69
  7
CN_TTF
 11
470091.80012484215
 21
4349763.576533375
 31
0.0
100
AcDbText
  0
LWPOLYLINE
  5
1EF
330
17
100
AcDbEntity
  8
爆区方格网
 62
7
100
AcDbPolyline
 90
5
 70
1
 10
470092.0
 20
4349765.0
 10
470092.0
 20
4349764.0
 10
470091.8404993685
 20
4349764.0
 10
470091.61487604154
 20
4349765.0
 10
470092.0
 20
4349765.0
  0
TEXT
  5
1F0
330
17
100
AcDbEntity
  8
0
 62
4
100
AcDbText
 10
470091.70384385256
 20
4349764.43
 30
0.0
 40
0.1333
  1
0.69
  7
CN_TTF
 11
470091.70384385256
 21
4349764.43
 31
0.0
100
AcDbText
  0
LWPOLYLINE
  5
1F1
330
17
100
AcDbEntity
  8
爆区方格网
 62
7
100
AcDbPolyline
 90
5
 70
1
 10
470092.0
 20
4349766.0
 10
470092.0
 20
4349765.0
 10
470091.61487604154
 20
4349765.0
 10
470091.38925271464
 20
4349766.0
 10
470092.0
 20
4349766.0
  0
TEXT
  5
1F2
330
17
100
AcDbEntity
  8
0
 62
4
100
AcDbText
 10
470091.5910321891
 20
4349765.43
 30
0.0
 40
0.1333
  1
0.69
  7
CN_TTF
 11
470091.5910321891
 21
4349765.43
 31
0.0
100
AcDbText
  0
LWPOLYLINE
  5
1F3
330
17
100
AcDbEntity
  8
爆区方格网
 62
7
100
AcDbPolyline
 90
6
 70
1
 10
470092.0
 20
4349767.0
 10
470092.0
 20
4349766.0
 10
470091.38925271464
 20
4349766.0
 10
470091.30357
 20
4349766.37976
 10
470091.5732280411
 20
4349767.0
 10
470092.0
 20
4349767.0
  0
TEXT
  5
1F4
330
17
100
AcDbEntity
  8
0
 62
4
100
AcDbText
 10
470091.55919951043
 20
4349766.61988
 30
0.0
 40
0.1333
  1
0.69
  7
CN_TTF
 11
470091.55919951043
 21
4349766.61988
 31
0.0
100
AcDbText
  0
LWPOLYLINE
  5
1F5
330
17
100
AcDbEntity
  8
爆区方格网
 62
7
100
AcDbPolyline
 90
4
 70
1
 10
470092.0
 20
4349767.0
 10
470091.5732280411
 20
4349767.0
 10
470092.0
 20
4349767.981617454
 10
470092.0
 20
4349767.0
  0
TEXT
  5
1F6
330
17
100
AcDbEntity
  8
0
 62
4
100
AcDbText
 10
470091.7333070103
 20
4349767.420808727
 30
0.0
 40
0.1333
  1
0.69
  7
CN_TTF
 11
470091.7333070103
 21
4349767.420808727
 31
0.0
100
AcDbText
  0
LWPOLYLINE
  5
1F7
330
17
100
AcDbEntity
  8
爆区方格网
 62
7
100
AcDbPolyline
 90
4
 70
1
 10
470093.0
 20
4349759.0
 10
470093.0
 20
4349758.970739764
 10
470092.9924994788
 20
4349759.0
 10
470093.0
 20
4349759.0
  0
TEXT
  5
1F8
330
17
100
AcDbEntity
  8
0
 62
4
100
AcDbText
 10
470092.8381248698
 20
4349758.915369881
 30
0.0
 40
0.1333
  1
0.67
  7
CN_TTF
 11
470092.8381248698
 21
4349758.915369881
 31
0.0
100
AcDbText
  0
LWPOLYLINE
  5
1F9
330
17
100
AcDbEntity
  8
爆区方格网
 62
7
100
AcDbPolyline
 90
6
 70
1
 10
470093.0
 20
4349760.0
 10
470093.0
 20
4349759.0
 10
470092.9924994788
 20
4349759.0
 10
470092.79314
 20
4349759.77772
 10
470092.74298872985
 20
4349760.0
 10
470093.0
 20
4349760.0
  0
TEXT
  5
1FA
330
17
100
AcDbEntity
  8
0
 62
4
100
AcDbText
 10
470092.7864098697
 20
4349759.31886
 30
0.0
 40
0.1333
  1
0.67
  7
CN_TTF
 11
470092.7864098697
 21
4349759.31886
 31
0.0
100
AcDbText
  0
LWPOLYLINE
  5
1FB
330
17
100
AcDbEntity
  8
爆区方格网
 62
7
100
AcDbPolyline
 90
5
 70
1
 10
470093.0
 20
4349761.0
 10
470093.0
 20
4349760.0
 10
470092.74298872985
 20
4349760.0
 10
470092.517366676
 20
4349761.0
 10
470093.0
 20
4349761.0
  0
TEXT
  5
1FC
330
17
100
AcDbEntity
  8
0
 62
4
100
AcDbText
 10
470092.6550888515
 20
4349760.43
 30
0.0
 40
0.1333
  1
0.67
  7
CN_TTF
 11
470092.6550888515
 21
4349760.43
 31
0.0
100
AcDbText
  0
LWPOLYLINE
  5
1FD
330
17
100
AcDbEntity
  8
爆区方格网
 62
7
100
AcDbPolyline
 90
5
 70
1
 10
470093.0
 20
4349762.0
 10
470093.0
 20
4349761.0
 10
470092.517366676
 20
4349761.0
 10
470092.2917446222
 20
4349762.0
 10
470093.0
 20
4349762.0
  0
TEXT
  5
1FE
330
17
100
AcDbEntity
  8
0
 62
4
100
AcDbText
 10
470092.5422778246
 20
4349761.43
 30
0.0
 40
0.1333
  1
0.67
  7
CN_TTF
 11
470092.5422778246
 21
4349761.43
 31
0.0
100
AcDbText
  0
LWPOLYLINE
  5
1FF
330
17
100
AcDbEntity
  8
爆区方格网
 62
7
100
AcDbPolyline
 90
5
 70
1
 10
470093.0
 20
4349763.0
 10
470093.0
 20
4349762.0
 10
470092.2917446222
 20
4349762.0
 10
470092.06612256845
 20
4349763.0
 10
470093.0
 20
4349763.0
  0
TEXT
  5
200
330
17
100
AcDbEntity
  8
0
 62
4
100
AcDbText
 10
470092.4294667977
 20
4349762.43
 30
0.0
 40
0.1333
  1
0.67
  7
CN_TTF
 11
470092.4294667977
 21
4349762.43
 31
0.0
100
AcDbText
  0
LWPOLYLINE
  5
201
330
17
100
AcDbEntity
  8
爆区方格网
 62
7
100
AcDbPolyline
 90
5
 70
1
 10
470093.0
 20
4349763.0
 10
470092.06612256845
 20
4349763.0
 10
470092.0436104578
 20
4349763.09977797
 10
470093.0
 20
4349763.315547733
 10
470093.0
 20
4349763.0
  0
TEXT
  5
202
330
17
100
AcDbEntity
  8
0
 62
4
100
AcDbText
 10
470092.6009026145
 20
4349763.137662851
 30
0.0
 40
0.1333
  1
0.67
  7
CN_TTF
 11
470092.6009026145
 21
4349763.137662851
 31
0.0
100
AcDbText
  0
LWPOLYLINE
  5
203
330
17
100
AcDbEntity
  8
爆区方格网
 62
7
100
AcDbPolyline
 90
6
 70
1
 10
470092.0
 20
4349764.0
 10
470093.0
 20
4349764.0
 10
470093.0
 20
4349763.315548782
 10
470092.0436104578
 20
4349763.09977797
 10
470092.0
 20
4349763.293066751
 10
470092.0
 20
4349764.0
  0
TEXT
  5
204
330
17
100
AcDbEntity
  8
0
 62
4
100
AcDbText
 10
470092.34
 20
4349763.58777439
 30
0.0
 40
0.1333
  1
0.69
  7
CN_TTF
 11
470092.34
 21
4349763.58777439
 31
0.0
100
AcDbText
  0
LWPOLYLINE
  5
205
330
17
100
AcDbEntity
  8
爆区方格网
 62
7
100
AcDbPolyline
 90
5
 70
1
 10
470092.0
 20
4349764.0
 10
470092.0
 20
4349765.0
 10
470093.0
 20
4349765.0
 10
470093.0
 20
4349764.0
 10
470092.0
 20
4349764.0
  0
TEXT
  5
206
330
17
100
AcDbEntity
  8
0
 62
4
100
AcDbText
 10
470092.34
 20
4349764.43
 30
0.0
 40
0.1333
  1
0.69
  7
CN_TTF
 11
470092.34
 21
4349764.43
 31
0.0
100
AcDbText
  0
LWPOLYLINE
  5
207
330
17
100
AcDbEntity
  8
爆区方格网
 62
7
100
AcDbPolyline
 90
5
 70
1
 10
470092.0
 20
4349765.0
 10
470092.0
 20
4349766.0
 10
470093.0
 20
4349766.0
 10
470093.0
 20
4349765.0
 10
470092.0
 20
4349765.0
  0
TEXT
  5
208
330
17
100
AcDbEntity
  8
0
 62
4
100
AcDbText
 10
470092.34
 20
4349765.43
 30
0.0
 40
0.1333
  1
0.69
  7
CN_TTF
 11
470092.34
 21
4349765.43
 31
0.0
100
AcDbText
  0
LWPOLYLINE
  5
209
330
17
100
AcDbEntity
  8
爆区方格网
 62
7
100
AcDbPolyline
 90
5
 70
1
 10
470092.0
 20
4349766.0
 10
470092.0
 20
4349767.0
 10
470093.0
 20
4349767.0
 10
470093.0
 20
4349766.0
 10
470092.0
 20
4349766.0
  0
TEXT
  5
20A
330
17
100
AcDbEntity
  8
0
 62
4
100
AcDbText
 10
470092.34
 20
4349766.43
 30
0.0
 40
0.1333
  1
0.69
  7
CN_TTF
 11
470092.34
 21
4349766.43
 31
0.0
100
AcDbText
  0
LWPOLYLINE
  5
20B
330
17
100
AcDbEntity
  8
爆区方格网
 62
7
100
AcDbPolyline
 90
6
 70
1
 10
470093.0
 20
4349768.0
 10
470093.0
 20
4349767.0
 10
470092.0
 20
4349767.0
 10
470092.0
 20
4349767.981617454
 10
470092.0079920697
 20
4349768.0
 10
470093.0
 20
4349768.0
  0
TEXT
  5
20C
330
17
100
AcDbEntity
  8
0
 62
4
100
AcDbText
 10
470092.34
 20
4349767.420808727
 30
0.0
 40
0.1333
  1
0.69
  7
CN_TTF
 11
470092.34
 21
4349767.420808727
 31
0.0
100
AcDbText
  0
LWPOLYLINE
  5
20D
330
17
100
AcDbEntity
  8
爆区方格网
 62
7
100
AcDbPolyline
 90
5
 70
1
 10
470093.0
 20
4349769.0
 10
470093.0
 20
4349768.0
 10
470092.0079920697
 20
4349768.0
 10
470092.4427560983
 20
4349769.0
 10
470093.0
 20
4349769.0
  0
TEXT
  5
20E
330
17
100
AcDbEntity
  8
0
 62
4
100
AcDbText
 10
470092.452687042
 20
4349768.43
 30
0.0
 40
0.1333
  1
0.69
  7
CN_TTF
 11
470092.452687042
 21
4349768.43
 31
0.0
100
AcDbText
  0
LWPOLYLINE
  5
20F
330
17
100
AcDbEntity
  8
爆区方格网
 62
7
100
AcDbPolyline
 90
5
 70
1
 10
470093.0
 20
4349770.0
 10
470093.0
 20
4349769.0
 10
470092.4427560983
 20
4349769.0
 10
470092.8775201269
 20
4349770.0
 10
470093.0
 20
4349770.0
  0
TEXT
  5
210
330
17
100
AcDbEntity
  8
0
 62
4
100
AcDbText
 10
470092.6700690563
 20
4349769.43
 30
0.0
 40
0.1333
  1
0.69
  7
CN_TTF
 11
470092.6700690563
 21
4349769.43
 31
0.0
100
AcDbText
  0
LWPOLYLINE
  5
211
330
17
100
AcDbEntity
  8
爆区方格网
 62
7
100
AcDbPolyline
 90
4
 70
1
 10
470093.0
 20
4349770.0
 10
470092.8775201269
 20
4349770.0
 10
470093.0
 20
4349770.281715747
 10
470093.0
 20
4349770.0
  0
TEXT
  5
212
330
17
100
AcDbEntity
  8
0
 62
4
100
AcDbText
 10
470092.8093800317
 20
4349770.070857873
 30
0.0
 40
0.1333
  1
0.69
  7
CN_TTF
 11
470092.8093800317
 21
4349770.070857873
 31
0.0
100
AcDbText
  0
LWPOLYLINE
  5
213
330
17
100
AcDbEntity
  8
爆区方格网
 62
7
100
AcDbPolyline
 90
5
 70
1
 10
470094.0
 20
4349757.0
 10
470094.0
 20
4349756.390877497
 10
470093.65355
 20
4349756.42118
 10
470093.5051762233
 20
4349757.0
 10
470094.0
 20
4349757.0
  0
TEXT
  5
214
330
17
100
AcDbEntity
  8
0
 62
4
100
AcDbText
 10
470093.6296815559
 20
4349756.640589999
 30
0.0
 40
0.1333
  1
0.67
  7
CN_TTF
 11
470093.6296815559
 21
4349756.640589999
 31
0.0
100
AcDbText
  0
LWPOLYLINE
  5
215
330
17
100
AcDbEntity
  8
爆区方格网
 62
7
100
AcDbPolyline
 90
5
 70
1
 10
470094.0
 20
4349758.0
 10
470094.0
 20
4349757.0
 10
470093.5051762233
 20
4349757.0
 10
470093.24883785105
 20
4349758.0
 10
470094.0
 20
4349758.0
  0
TEXT
  5
216
330
17
100
AcDbEntity
  8
0
 62
4
100
AcDbText
 10
470093.5285035186
 20
4349757.43
 30
0.0
 40
0.1333
  1
0.67
  7
CN_TTF
 11
470093.5285035186
 21
4349757.43
 31
0.0
100
AcDbText
  0
LWPOLYLINE
  5
217
330
17
100
AcDbEntity
  8
爆区方格网
 62
7
100
AcDbPolyline
 90
6
 70
1
 10
470093.0
 20
4349759.0
 10
470094.0
 20
4349759.0
 10
470094.0
 20
4349758.0
 10
470093.24883785105
 20
4349758.0
 10
470093.0
 20
4349758.970739764
 10
470093.0
 20
4349759.0
  0
TEXT
  5
218
330
17
100
AcDbEntity
  8
0
 62
4
100
AcDbText
 10
470093.4022094629
 20
4349758.415369881
 30
0.0
 40
0.1333
  1
0.67
  7
CN_TTF
 11
470093.4022094629
 21
4349758.415369881
 31
0.0
100
AcDbText
  0
LWPOLYLINE
  5
219
330
17
100
AcDbEntity
  8
爆区方格网
 62
7
100
AcDbPolyline
 90
5
 70
1
 10
470093.0
 20
4349759.0
 10
470093.0
 20
4349760.0
 10
470094.0
 20
4349760.0
 10
470094.0
 20
4349759.0
 10
470093.0
 20
4349759.0
  0
TEXT
  5
21A
330
17
100
AcDbEntity
  8
0
 62
4
100
AcDbText
 10
470093.34
 20
4349759.43
 30
0.0
 40
0.1333
  1
0.67
  7
CN_TTF
 11
470093.34
 21
4349759.43
 31
0.0
100
AcDbText
  0
LWPOLYLINE
  5
21B
330
17
100
AcDbEntity
  8
爆区方格网
 62
7
100
AcDbPolyline
 90
5
 70
1
 10
470093.0
 20
4349760.0
 10
470093.0
 20
4349761.0
 10
470094.0
 20
4349761.0
 10
470094.0
 20
4349760.0
 10
470093.0
 20
4349760.0
  0
TEXT
  5
21C
330
17
100
AcDbEntity
  8
0
 62
4
100
AcDbText
 10
470093.34
 20
4349760.43
 30
0.0
 40
0.1333
  1
0.67
  7
CN_TTF
 11
470093.34
 21
4349760.43
 31
0.0
100
AcDbText
  0
LWPOLYLINE
  5
21D
330
17
100
AcDbEntity
  8
爆区方格网
 62
7
100
AcDbPolyline
 90
5
 70
1
 10
470093.0
 20
4349761.0
 10
470093.0
 20
4349762.0
 10
470094.0
 20
4349762.0
 10
470094.0
 20
4349761.0
 10
470093.0
 20
4349761.0
  0
TEXT
  5
21E
330
17
100
AcDbEntity
  8
0
 62
4
100
AcDbText
 10
470093.34
 20
4349761.43
 30
0.0
 40
0.1333
  1
0.67
  7
CN_TTF
 11
470093.34
 21
4349761.43
 31
0.0
100
AcDbText
  0
LWPOLYLINE
  5
21F
330
17
100
AcDbEntity
  8
爆区方格网
 62
7
100
AcDbPolyline
 90
5
 70
1
 10
470093.0
 20
4349762.0
 10
470093.0
 20
4349763.0
 10
470094.0
 20
4349763.0
 10
470094.0
 20
4349762.0
 10
470093.0
 20
4349762.0
  0
TEXT
  5
220
330
17
100
AcDbEntity
  8
0
 62
4
100
AcDbText
 10
470093.34
 20
4349762.43
 30
0.0
 40
0.1333
  1
0.67
  7
CN_TTF
 11
470093.34
 21
4349762.43
 31
0.0
100
AcDbText
  0
LWPOLYLINE
  5
221
330
17
100
AcDbEntity
  8
爆区方格网
 62
7
100
AcDbPolyline
 90
5
 70
1
 10
470094.0
 20
4349763.0
 10
470093.0
 20
4349763.0
 10
470093.0
 20
4349763.315547733
 10
470094.0
 20
4349763.541156392
 10
470094.0
 20
4349763.0
  0
TEXT
  5
222
330
17
100
AcDbEntity
  8
0
 62
4
100
AcDbText
 10
470093.34
 20
4349763.087773866
 30
0.0
 40
0.1333
  1
0.67
  7
CN_TTF
 11
470093.34
 21
4349763.087773866
 31
0.0
100
AcDbText
  0
LWPOLYLINE
  5
223
330
17
100
AcDbEntity
  8
爆区方格网
 62
7
100
AcDbPolyline
 90
5
 70
1
 10
470093.0
 20
4349764.0
 10
470094.0
 20
4349764.0
 10
470094.0
 20
4349763.541158538
 10
470093.0
 20
4349763.315548782
 10
470093.0
 20
4349764.0
  0
TEXT
  5
224
330
17
100
AcDbEntity
  8
0
 62
4
100
AcDbText
 10
470093.34
 20
4349763.700579269
 30
0.0
 40
0.1333
  1
0.69
  7
CN_TTF
 11
470093.34
 21
4349763.700579269
 31
0.0
100
AcDbText
  0
LWPOLYLINE
  5
225
330
17
100
AcDbEntity
  8
爆区方格网
 62
7
100
AcDbPolyline
 90
5
 70
1
 10
470093.0
 20
4349764.0
 10
470093.0
 20
4349765.0
 10
470094.0
 20
4349765.0
 10
470094.0
 20
4349764.0
 10
470093.0
 20
4349764.0
  0
TEXT
  5
226
330
17
100
AcDbEntity
  8
0
 62
4
100
AcDbText
 10
470093.34
 20
4349764.43
 30
0.0
 40
0.1333
  1
0.69
  7
CN_TTF
 11
470093.34
 21
4349764.43
 31
0.0
100
AcDbText
  0
LWPOLYLINE
  5
227
330
17
100
AcDbEntity
  8
爆区方格网
 62
7
100
AcDbPolyline
 90
5
 70
1
 10
470093.0
 20
4349765.0
 10
470093.0
 20
4349766.0
 10
470094.0
 20
4349766.0
 10
470094.0
 20
4349765.0
 10
470093.0
 20
4349765.0
  0
TEXT
  5
228
330
17
100
AcDbEntity
  8
0
 62
4
100
AcDbText
 10
470093.34
 20
4349765.43
 30
0.0
 40
0.1333
  1
0.69
  7
CN_TTF
 11
470093.34
 21
4349765.43
 31
0.0
100
AcDbText
  0
LWPOLYLINE
  5
229
330
17
100
AcDbEntity
  8
爆区方格网
 62
7
100
AcDbPolyline
 90
5
 70
1
 10
470093.0
 20
4349766.0
 10
470093.0
 20
4349767.0
 10
470094.0
 20
4349767.0
 10
470094.0
 20
4349766.0
 10
470093.0
 20
4349766.0
  0
TEXT
  5
22A
330
17
100
AcDbEntity
  8
0
 62
4
100
AcDbText
 10
470093.34
 20
4349766.43
 30
0.0
 40
0.1333
  1
0.69
  7
CN_TTF
 11
470093.34
 21
4349766.43
 31
0.0
100
AcDbText
  0
LWPOLYLINE
  5
22B
330
17
100
AcDbEntity
  8
爆区方格网
 62
7
100
AcDbPolyline
 90
5
 70
1
 10
470093.0
 20
4349767.0
 10
470093.0
 20
4349768.0
 10
470094.0
 20
4349768.0
 10
470094.0
 20
4349767.0
 10
470093.0
 20
4349767.0
  0
TEXT
  5
22C
330
17
100
AcDbEntity
  8
0
 62
4
100
AcDbText
 10
470093.34
 20
4349767.43
 30
0.0
 40
0.1333
  1
0.69
  7
CN_TTF
 11
470093.34
 21
4349767.43
 31
0.0
100
AcDbText
  0
LWPOLYLINE
  5
22D
330
17
100
AcDbEntity
  8
爆区方格网
 62
7
100
AcDbPolyline
 90
5
 70
1
 10
470093.0
 20
4349768.0
 10
470093.0
 20
4349769.0
 10
470094.0
 20
4349769.0
 10
470094.0
 20
4349768.0
 10
470093.0
 20
4349768.0
  0
TEXT
  5
22E
330
17
100
AcDbEntity
  8
0
 62
4
100
AcDbText
 10
470093.34
 20
4349768.43
 30
0.0
 40
0.1333
  1
0.69
  7
CN_TTF
 11
470093.34
 21
4349768.43
 31
0.0
100
AcDbText
  0
LWPOLYLINE
  5
22F
330
17
100
AcDbEntity
  8
爆区方格网
 62
7
100
AcDbPolyline
 90
5
 70
1
 10
470093.0
 20
4349769.0
 10
470093.0
 20
4349770.0
 10
470094.0
 20
4349770.0
 10
470094.0
 20
4349769.0
 10
470093.0
 20
4349769.0
  0
TEXT
  5
230
330
17
100
AcDbEntity
  8
0
 62
4
100
AcDbText
 10
470093.34
 20
4349769.43
 30
0.0
 40
0.1333
  1
0.69
  7
CN_TTF
 11
470093.34
 21
4349769.43
 31
0.0
100
AcDbText
  0
LWPOLYLINE
  5
231
330
17
100
AcDbEntity
  8
爆区方格网
 62
7
100
AcDbPolyline
 90
6
 70
1
 10
470094.0
 20
4349770.0
 10
470093.0
 20
4349770.0
 10
470093.0
 20
4349770.281715747
 10
470093.145
 20
4349770.61523
 10
470094.0
 20
4349770.145308575
 10
470094.0
 20
4349770.0
  0
TEXT
  5
232
330
17
100
AcDbEntity
  8
0
 62
4
100
AcDbText
 10
470093.10045338643
 20
4349770.378472873
 30
0.0
 40
0.1333
  1
0.69
  7
CN_TTF
 11
470093.10045338643
 21
4349770.378472873
 31
0.0
100
AcDbText
  0
LWPOLYLINE
  5
233
330
17
100
AcDbEntity
  8
爆区方格网
 62
7
100
AcDbPolyline
 90
5
 70
1
 10
470094.0
 20
4349757.0
 10
470095.0
 20
4349757.0
 10
470095.0
 20
4349756.303411765
 10
470094.0
 20
4349756.390877497
 10
470094.0
 20
4349757.0
  0
TEXT
  5
234
330
17
100
AcDbEntity
  8
0
 62
4
100
AcDbText
 10
470094.34
 20
4349756.625438748
 30
0.0
 40
0.1333
  1
0.67
  7
CN_TTF
 11
470094.34
 21
4349756.625438748
 31
0.0
100
AcDbText
  0
LWPOLYLINE
  5
235
330
17
100
AcDbEntity
  8
爆区方格网
 62
7
100
AcDbPolyline
 90
5
 70
1
 10
470094.0
 20
4349757.0
 10
470094.0
 20
4349758.0
 10
470095.0
 20
4349758.0
 10
470095.0
 20
4349757.0
 10
470094.0
 20
4349757.0
  0
TEXT
  5
236
330
17
100
AcDbEntity
  8
0
 62
4
100
AcDbText
 10
470094.34
 20
4349757.43
 30
0.0
 40
0.1333
  1
0.67
  7
CN_TTF
 11
470094.34
 21
4349757.43
 31
0.0
100
AcDbText
  0
LWPOLYLINE
  5
237
330
17
100
AcDbEntity
  8
爆区方格网
 62
7
100
AcDbPolyline
 90
5
 70
1
 10
470094.0
 20
4349758.0
 10
470094.0
 20
4349759.0
 10
470095.0
 20
4349759.0
 10
470095.0
 20
4349758.0
 10
470094.0
 20
4349758.0
  0
TEXT
  5
238
330
17
100
AcDbEntity
  8
0
 62
4
100
AcDbText
 10
470094.34
 20
4349758.43
 30
0.0
 40
0.1333
  1
0.67
  7
CN_TTF
 11
470094.34
 21
4349758.43
 31
0.0
100
AcDbText
  0
LWPOLYLINE
  5
239
330
17
100
AcDbEntity
  8
爆区方格网
 62
7
100
AcDbPolyline
 90
5
 70
1
 10
470094.0
 20
4349759.0
 10
470094.0
 20
4349760.0
 10
470095.0
 20
4349760.0
 10
470095.0
 20
4349759.0
 10
470094.0
 20
4349759.0
  0
TEXT
  5
23A
330
17
100
AcDbEntity
  8
0
 62
4
100
AcDbText
 10
470094.34
 20
4349759.43
 30
0.0
 40
0.1333
  1
0.67
  7
CN_TTF
 11
470094.34
 21
4349759.43
 31
0.0
100
AcDbText
  0
LWPOLYLINE
  5
23B
330
17
100
AcDbEntity
  8
爆区方格网
 62
7
100
AcDbPolyline
 90
5
 70
1
 10
470094.0
 20
4349760.0
 10
470094.0
 20
4349761.0
 10
470095.0
 20
4349761.0
 10
470095.0
 20
4349760.0
 10
470094.0
 20
4349760.0
  0
TEXT
  5
23C
330
17
100
AcDbEntity
  8
0
 62
4
100
AcDbText
 10
470094.34
 20
4349760.43
 30
0.0
 40
0.1333
  1
0.67
  7
CN_TTF
 11
470094.34
 21
4349760.43
 31
0.0
100
AcDbText
  0
LWPOLYLINE
  5
23D
330
17
100
AcDbEntity
  8
爆区方格网
 62
7
100
AcDbPolyline
 90
5
 70
1
 10
470094.0
 20
4349761.0
 10
470094.0
 20
4349762.0
 10
470095.0
 20
4349762.0
 10
470095.0
 20
4349761.0
 10
470094.0
 20
4349761.0
  0
TEXT
  5
23E
330
17
100
AcDbEntity
  8
0
 62
4
100
AcDbText
 10
470094.34
 20
4349761.43
 30
0.0
 40
0.1333
  1
0.67
  7
CN_TTF
 11
470094.34
 21
4349761.43
 31
0.0
100
AcDbText
  0
LWPOLYLINE
  5
23F
330
17
100
AcDbEntity
  8
爆区方格网
 62
7
100
AcDbPolyline
 90
5
 70
1
 10
470094.0
 20
4349762.0
 10
470094.0
 20
4349763.0
 10
470095.0
 20
4349763.0
 10
470095.0
 20
4349762.0
 10
470094.0
 20
4349762.0
  0
TEXT
  5
240
330
17
100
AcDbEntity
  8
0
 62
4
100
AcDbText
 10
470094.34
 20
4349762.43
 30
0.0
 40
0.1333
  1
0.67
  7
CN_TTF
 11
470094.34
 21
4349762.43
 31
0.0
100
AcDbText
  0
LWPOLYLINE
  5
241
330
17
100
AcDbEntity
  8
爆区方格网
 62
7
100
AcDbPolyline
 90
5
 70
1
 10
470095.0
 20
4349763.0
 10
470094.0
 20
4349763.0
 10
470094.0
 20
4349763.541156392
 10
470095.0
 20
4349763.766765051
 10
470095.0
 20
4349763.0
  0
TEXT
  5
242
330
17
100
AcDbEntity
  8
0
 62
4
100
AcDbText
 10
470094.34
 20
4349763.200578196
 30
0.0
 40
0.1333
  1
0.67
  7
CN_TTF
 11
470094.34
 21
4349763.200578196
 31
0.0
100
AcDbText
  0
LWPOLYLINE
  5
243
330
17
100
AcDbEntity
  8
爆区方格网
 62
7
100
AcDbPolyline
 90
5
 70
1
 10
470094.0
 20
4349764.0
 10
470095.0
 20
4349764.0
 10
470095.0
 20
4349763.766768294
 10
470094.0
 20
4349763.541158538
 10
470094.0
 20
4349764.0
  0
TEXT
  5
244
330
17
100
AcDbEntity
  8
0
 62
4
100
AcDbText
 10
470094.34
 20
4349763.813384147
 30
0.0
 40
0.1333
  1
0.69
  7
CN_TTF
 11
470094.34
 21
4349763.813384147
 31
0.0
100
AcDbText
  0
LWPOLYLINE
  5
245
330
17
100
AcDbEntity
  8
爆区方格网
 62
7
100
AcDbPolyline
 90
5
 70
1
 10
470094.0
 20
4349764.0
 10
470094.0
 20
4349765.0
 10
470095.0
 20
4349765.0
 10
470095.0
 20
4349764.0
 10
470094.0
 20
4349764.0
  0
TEXT
  5
246
330
17
100
AcDbEntity
  8
0
 62
4
100
AcDbText
 10
470094.34
 20
4349764.43
 30
0.0
 40
0.1333
  1
0.69
  7
CN_TTF
 11
470094.34
 21
4349764.43
 31
0.0
100
AcDbText
  0
LWPOLYLINE
  5
247
330
17
100
AcDbEntity
  8
爆区方格网
 62
7
100
AcDbPolyline
 90
5
 70
1
 10
470094.0
 20
4349765.0
 10
470094.0
 20
4349766.0
 10
470095.0
 20
4349766.0
 10
470095.0
 20
4349765.0
 10
470094.0
 20
4349765.0
  0
TEXT
  5
248
330
17
100
AcDbEntity
  8
0
 62
4
100
AcDbText
 10
470094.34
 20
4349765.43
 30
0.0
 40
0.1333
  1
0.69
  7
CN_TTF
 11
470094.34
 21
4349765.43
 31
0.0
100
AcDbText
  0
LWPOLYLINE
  5
249
330
17
100
AcDbEntity
  8
爆区方格网
 62
7
100
AcDbPolyline
 90
5
 70
1
 10
470094.0
 20
4349766.0
 10
470094.0
 20
4349767.0
 10
470095.0
 20
4349767.0
 10
470095.0
 20
4349766.0
 10
470094.0
 20
4349766.0
  0
TEXT
  5
24A
330
17
100
AcDbEntity
  8
0
 62
4
100
AcDbText
 10
470094.34
 20
4349766.43
 30
0.0
 40
0.1333
  1
0.69
  7
CN_TTF
 11
470094.34
 21
4349766.43
 31
0.0
100
AcDbText
  0
LWPOLYLINE
  5
24B
330
17
100
AcDbEntity
  8
爆区方格网
 62
7
100
AcDbPolyline
 90
5
 70
1
 10
470094.0
 20
4349767.0
 10
470094.0
 20
4349768.0
 10
470095.0
 20
4349768.0
 10
470095.0
 20
4349767.0
 10
470094.0
 20
4349767.0
  0
TEXT
  5
24C
330
17
100
AcDbEntity
  8
0
 62
4
100
AcDbText
 10
470094.34
 20
4349767.43
 30
0.0
 40
0.1333
  1
0.69
  7
CN_TTF
 11
470094.34
 21
4349767.43
 31
0.0
100
AcDbText
  0
LWPOLYLINE
  5
24D
330
17
100
AcDbEntity
  8
爆区方格网
 62
7
100
AcDbPolyline
 90
5
 70
1
 10
470094.0
 20
4349768.0
 10
470094.0
 20
4349769.0
 10
470095.0
 20
4349769.0
 10
470095.0
 20
4349768.0
 10
470094.0
 20
4349768.0
  0
TEXT
  5
24E
330
17
100
AcDbEntity
  8
0
 62
4
100
AcDbText
 10
470094.34
 20
4349768.43
 30
0.0
 40
0.1333
  1
0.69
  7
CN_TTF
 11
470094.34
 21
4349768.43
 31
0.0
100
AcDbText
  0
LWPOLYLINE
  5
24F
330
17
100
AcDbEntity
  8
爆区方格网
 62
7
100
AcDbPolyline
 90
6
 70
1
 10
470095.0
 20
4349769.0
 10
470094.0
 20
4349769.0
 10
470094.0
 20
4349770.0
 10
470094.2643821378
 20
4349770.0
 10
470095.0
 20
4349769.595692872
 10
470095.0
 20
4349769.0
  0
TEXT
  5
250
330
17
100
AcDbEntity
  8
0
 62
4
100
AcDbText
 10
470094.34
 20
4349769.227846436
 30
0.0
 40
0.1333
  1
0.69
  7
CN_TTF
 11
470094.34
 21
4349769.227846436
 31
0.0
100
AcDbText
  0
LWPOLYLINE
  5
251
330
17
100
AcDbEntity
  8
爆区方格网
 62
7
100
AcDbPolyline
 90
4
 70
1
 10
470094.0
 20
4349770.0
 10
470094.0
 20
4349770.145308575
 10
470094.2643821378
 20
4349770.0
 10
470094.0
 20
4349770.0
  0
TEXT
  5
252
330
17
100
AcDbEntity
  8
0
 62
4
100
AcDbText
 10
470093.9060955345
 20
4349770.002654287
 30
0.0
 40
0.1333
  1
0.69
  7
CN_TTF
 11
470093.9060955345
 21
4349770.002654287
 31
0.0
100
AcDbText
  0
LWPOLYLINE
  5
253
330
17
100
AcDbEntity
  8
爆区方格网
 62
7
100
AcDbPolyline
 90
5
 70
1
 10
470095.0
 20
4349757.0
 10
470096.0
 20
4349757.0
 10
470096.0
 20
4349756.215946034
 10
470095.0
 20
4349756.303411765
 10
470095.0
 20
4349757.0
  0
TEXT
  5
254
330
17
100
AcDbEntity
  8
0
 62
4
100
AcDbText
 10
470095.34
 20
4349756.581705882
 30
0.0
 40
0.1333
  1
0.67
  7
CN_TTF
 11
470095.34
 21
4349756.581705882
 31
0.0
100
AcDbText
  0
LWPOLYLINE
  5
255
330
17
100
AcDbEntity
  8
爆区方格网
 62
7
100
AcDbPolyline
 90
5
 70
1
 10
470095.0
 20
4349757.0
 10
470095.0
 20
4349758.0
 10
470096.0
 20
4349758.0
 10
470096.0
 20
4349757.0
 10
470095.0
 20
4349757.0
  0
TEXT
  5
256
330
17
100
AcDbEntity
  8
0
 62
4
100
AcDbText
 10
470095.34
 20
4349757.43
 30
0.0
 40
0.1333
  1
0.67
  7
CN_TTF
 11
470095.34
 21
4349757.43
 31
0.0
100
AcDbText
  0
LWPOLYLINE
  5
257
330
17
100
AcDbEntity
  8
爆区方格网
 62
7
100
AcDbPolyline
 90
5
 70
1
 10
470095.0
 20
4349758.0
 10
470095.0
 20
4349759.0
 10
470096.0
 20
4349759.0
 10
470096.0
 20
4349758.0
 10
470095.0
 20
4349758.0
  0
TEXT
  5
258
330
17
100
AcDbEntity
  8
0
 62
4
100
AcDbText
 10
470095.34
 20
4349758.43
 30
0.0
 40
0.1333
  1
0.67
  7
CN_TTF
 11
470095.34
 21
4349758.43
 31
0.0
100
AcDbText
  0
LWPOLYLINE
  5
259
330
17
100
AcDbEntity
  8
爆区方格网
 62
7
100
AcDbPolyline
 90
5
 70
1
 10
470095.0
 20
4349759.0
 10
470095.0
 20
4349760.0
 10
470096.0
 20
4349760.0
 10
470096.0
 20
4349759.0
 10
470095.0
 20
4349759.0
  0
TEXT
  5
25A
330
17
100
AcDbEntity
  8
0
 62
4
100
AcDbText
 10
470095.34
 20
4349759.43
 30
0.0
 40
0.1333
  1
0.67
  7
CN_TTF
 11
470095.34
 21
4349759.43
 31
0.0
100
AcDbText
  0
LWPOLYLINE
  5
25B
330
17
100
AcDbEntity
  8
爆区方格网
 62
7
100
AcDbPolyline
 90
5
 70
1
 10
470095.0
 20
4349760.0
 10
470095.0
 20
4349761.0
 10
470096.0
 20
4349761.0
 10
470096.0
 20
4349760.0
 10
470095.0
 20
4349760.0
  0
TEXT
  5
25C
330
17
100
AcDbEntity
  8
0
 62
4
100
AcDbText
 10
470095.34
 20
4349760.43
 30
0.0
 40
0.1333
  1
0.67
  7
CN_TTF
 11
470095.34
 21
4349760.43
 31
0.0
100
AcDbText
  0
LWPOLYLINE
  5
25D
330
17
100
AcDbEntity
  8
爆区方格网
 62
7
100
AcDbPolyline
 90
5
 70
1
 10
470095.0
 20
4349761.0
 10
470095.0
 20
4349762.0
 10
470096.0
 20
4349762.0
 10
470096.0
 20
4349761.0
 10
470095.0
 20
4349761.0
  0
TEXT
  5
25E
330
17
100
AcDbEntity
  8
0
 62
4
100
AcDbText
 10
470095.34
 20
4349761.43
 30
0.0
 40
0.1333
  1
0.67
  7
CN_TTF
 11
470095.34
 21
4349761.43
 31
0.0
100
AcDbText
  0
LWPOLYLINE
  5
25F
330
17
100
AcDbEntity
  8
爆区方格网
 62
7
100
AcDbPolyline
 90
5
 70
1
 10
470095.0
 20
4349762.0
 10
470095.0
 20
4349763.0
 10
470096.0
 20
4349763.0
 10
470096.0
 20
4349762.0
 10
470095.0
 20
4349762.0
  0
TEXT
  5
260
330
17
100
AcDbEntity
  8
0
 62
4
100
AcDbText
 10
470095.34
 20
4349762.43
 30
0.0
 40
0.1333
  1
0.67
  7
CN_TTF
 11
470095.34
 21
4349762.43
 31
0.0
100
AcDbText
  0
LWPOLYLINE
  5
261
330
17
100
AcDbEntity
  8
爆区方格网
 62
7
100
AcDbPolyline
 90
5
 70
1
 10
470096.0
 20
4349763.0
 10
470095.0
 20
4349763.0
 10
470095.0
 20
4349763.766765051
 10
470096.0
 20
4349763.99237371
 10
470096.0
 20
4349763.0
  0
TEXT
  5
262
330
17
100
AcDbEntity
  8
0
 62
4
100
AcDbText
 10
470095.34
 20
4349763.313382525
 30
0.0
 40
0.1333
  1
0.67
  7
CN_TTF
 11
470095.34
 21
4349763.313382525
 31
0.0
100
AcDbText
  0
LWPOLYLINE
  5
263
330
17
100
AcDbEntity
  8
爆区方格网
 62
7
100
AcDbPolyline
 90
5
 70
1
 10
470095.0
 20
4349764.0
 10
470096.0
 20
4349764.0
 10
470096.0
 20
4349763.99237805
 10
470095.0
 20
4349763.766768294
 10
470095.0
 20
4349764.0
  0
TEXT
  5
264
330
17
100
AcDbEntity
  8
0
 62
4
100
AcDbText
 10
470095.089999999
 20
4349763.809573172
 30
0.0
 40
0.1333
  1
0.69
  7
CN_TTF
 11
470095.089999999
 21
4349763.809573172
 31
0.0
100
AcDbText
  0
LWPOLYLINE
  5
265
330
17
100
AcDbEntity
  8
爆区方格网
 62
7
100
AcDbPolyline
 90
5
 70
1
 10
470095.0
 20
4349764.0
 10
470095.0
 20
4349765.0
 10
470096.0
 20
4349765.0
 10
470096.0
 20
4349764.0
 10
470095.0
 20
4349764.0
  0
TEXT
  5
266
330
17
100
AcDbEntity
  8
0
 62
4
100
AcDbText
 10
470095.34
 20
4349764.43
 30
0.0
 40
0.1333
  1
0.69
  7
CN_TTF
 11
470095.34
 21
4349764.43
 31
0.0
100
AcDbText
  0
LWPOLYLINE
  5
267
330
17
100
AcDbEntity
  8
爆区方格网
 62
7
100
AcDbPolyline
 90
5
 70
1
 10
470095.0
 20
4349765.0
 10
470095.0
 20
4349766.0
 10
470096.0
 20
4349766.0
 10
470096.0
 20
4349765.0
 10
470095.0
 20
4349765.0
  0
TEXT
  5
268
330
17
100
AcDbEntity
  8
0
 62
4
100
AcDbText
 10
470095.34
 20
4349765.43
 30
0.0
 40
0.1333
  1
0.69
  7
CN_TTF
 11
470095.34
 21
4349765.43
 31
0.0
100
AcDbText
  0
LWPOLYLINE
  5
269
330
17
100
AcDbEntity
  8
爆区方格网
 62
7
100
AcDbPolyline
 90
5
 70
1
 10
470095.0
 20
4349766.0
 10
470095.0
 20
4349767.0
 10
470096.0
 20
4349767.0
 10
470096.0
 20
4349766.0
 10
470095.0
 20
4349766.0
  0
TEXT
  5
26A
330
17
100
AcDbEntity
  8
0
 62
4
100
AcDbText
 10
470095.34
 20
4349766.43
 30
0.0
 40
0.1333
  1
0.69
  7
CN_TTF
 11
470095.34
 21
4349766.43
 31
0.0
100
AcDbText
  0
LWPOLYLINE
  5
26B
330
17
100
AcDbEntity
  8
爆区方格网
 62
7
100
AcDbPolyline
 90
6
 70
1
 10
470096.0
 20
4349767.0
 10
470095.0
 20
4349767.0
 10
470095.0
 20
4349768.0
 10
470095.8929243189
 20
4349768.0
 10
470096.0
 20
4349767.580362375
 10
470096.0
 20
4349767.0
  0
TEXT
  5
26C
330
17
100
AcDbEntity
  8
0
 62
4
100
AcDbText
 10
470095.34
 20
4349767.220181188
 30
0.0
 40
0.1333
  1
0.69
  7
CN_TTF
 11
470095.34
 21
4349767.220181188
 31
0.0
100
AcDbText
  0
LWPOLYLINE
  5
26D
330
17
100
AcDbEntity
  8
爆区方格网
 62
7
100
AcDbPolyline
 90
5
 70
1
 10
470095.0
 20
4349768.0
 10
470095.0
 20
4349769.0
 10
470095.63776206766
 20
4349769.0
 10
470095.8929243189
 20
4349768.0
 10
470095.0
 20
4349768.0
  0
TEXT
  5
26E
330
17
100
AcDbEntity
  8
0
 62
4
100
AcDbText
 10
470095.2226715967
 20
4349768.43
 30
0.0
 40
0.1333
  1
0.69
  7
CN_TTF
 11
470095.2226715967
 21
4349768.43
 31
0.0
100
AcDbText
  0
LWPOLYLINE
  5
26F
330
17
100
AcDbEntity
  8
爆区方格网
 62
7
100
AcDbPolyline
 90
5
 70
1
 10
470095.0
 20
4349769.0
 10
470095.0
 20
4349769.595692872
 10
470095.565
 20
4349769.28516
 10
470095.63776206766
 20
4349769.0
 10
470095.0
 20
4349769.0
  0
TEXT
  5
270
330
17
100
AcDbEntity
  8
0
 62
4
100
AcDbText
 10
470094.98125
 20
4349769.370426436
 30
0.0
 40
0.1333
  1
0.69
  7
CN_TTF
 11
470094.98125
 21
4349769.370426436
 31
0.0
100
AcDbText
  0
LWPOLYLINE
  5
271
330
17
100
AcDbEntity
  8
爆区方格网
 62
7
100
AcDbPolyline
 90
5
 70
1
 10
470096.0
 20
4349757.0
 10
470097.0
 20
4349757.0
 10
470097.0
 20
4349756.128480302
 10
470096.0
 20
4349756.215946034
 10
470096.0
 20
4349757.0
  0
TEXT
  5
272
330
17
100
AcDbEntity
  8
0
 62
4
100
AcDbText
 10
470096.34
 20
4349756.5379730165
 30
0.0
 40
0.1333
  1
0.67
  7
CN_TTF
 11
470096.34
 21
4349756.5379730165
 31
0.0
100
AcDbText
  0
LWPOLYLINE
  5
273
330
17
100
AcDbEntity
  8
爆区方格网
 62
7
100
AcDbPolyline
 90
5
 70
1
 10
470096.0
 20
4349757.0
 10
470096.0
 20
4349758.0
 10
470097.0
 20
4349758.0
 10
470097.0
 20
4349757.0
 10
470096.0
 20
4349757.0
  0
TEXT
  5
274
330
17
100
AcDbEntity
  8
0
 62
4
100
AcDbText
 10
470096.34
 20
4349757.43
 30
0.0
 40
0.1333
  1
0.67
  7
CN_TTF
 11
470096.34
 21
4349757.43
 31
0.0
100
AcDbText
  0
LWPOLYLINE
  5
275
330
17
100
AcDbEntity
  8
爆区方格网
 62
7
100
AcDbPolyline
 90
5
 70
1
 10
470096.0
 20
4349758.0
 10
470096.0
 20
4349759.0
 10
470097.0
 20
4349759.0
 10
470097.0
 20
4349758.0
 10
470096.0
 20
4349758.0
  0
TEXT
  5
276
330
17
100
AcDbEntity
  8
0
 62
4
100
AcDbText
 10
470096.34
 20
4349758.43
 30
0.0
 40
0.1333
  1
0.67
  7
CN_TTF
 11
470096.34
 21
4349758.43
 31
0.0
100
AcDbText
  0
LWPOLYLINE
  5
277
330
17
100
AcDbEntity
  8
爆区方格网
 62
7
100
AcDbPolyline
 90
5
 70
1
 10
470096.0
 20
4349759.0
 10
470096.0
 20
4349760.0
 10
470097.0
 20
4349760.0
 10
470097.0
 20
4349759.0
 10
470096.0
 20
4349759.0
  0
TEXT
  5
278
330
17
100
AcDbEntity
  8
0
 62
4
100
AcDbText
 10
470096.34
 20
4349759.43
 30
0.0
 40
0.1333
  1
0.67
  7
CN_TTF
 11
470096.34
 21
4349759.43
 31
0.0
100
AcDbText
  0
LWPOLYLINE
  5
279
330
17
100
AcDbEntity
  8
爆区方格网
 62
7
100
AcDbPolyline
 90
5
 70
1
 10
470096.0
 20
4349760.0
 10
470096.0
 20
4349761.0
 10
470097.0
 20
4349761.0
 10
470097.0
 20
4349760.0
 10
470096.0
 20
4349760.0
  0
TEXT
  5
27A
330
17
100
AcDbEntity
  8
0
 62
4
100
AcDbText
 10
470096.34
 20
4349760.43
 30
0.0
 40
0.1333
  1
0.67
  7
CN_TTF
 11
470096.34
 21
4349760.43
 31
0.0
100
AcDbText
  0
LWPOLYLINE
  5
27B
330
17
100
AcDbEntity
  8
爆区方格网
 62
7
100
AcDbPolyline
 90
5
 70
1
 10
470096.0
 20
4349761.0
 10
470096.0
 20
4349762.0
 10
470097.0
 20
4349762.0
 10
470097.0
 20
4349761.0
 10
470096.0
 20
4349761.0
  0
TEXT
  5
27C
330
17
100
AcDbEntity
  8
0
 62
4
100
AcDbText
 10
470096.34
 20
4349761.43
 30
0.0
 40
0.1333
  1
0.67
  7
CN_TTF
 11
470096.34
 21
4349761.43
 31
0.0
100
AcDbText
  0
LWPOLYLINE
  5
27D
330
17
100
AcDbEntity
  8
爆区方格网
 62
7
100
AcDbPolyline
 90
5
 70
1
 10
470096.0
 20
4349762.0
 10
470096.0
 20
4349763.0
 10
470097.0
 20
4349763.0
 10
470097.0
 20
4349762.0
 10
470096.0
 20
4349762.0
  0
TEXT
  5
27E
330
17
100
AcDbEntity
  8
0
 62
4
100
AcDbText
 10
470096.34
 20
4349762.43
 30
0.0
 40
0.1333
  1
0.67
  7
CN_TTF
 11
470096.34
 21
4349762.43
 31
0.0
100
AcDbText
  0
LWPOLYLINE
  5
27F
330
17
100
AcDbEntity
  8
爆区方格网
 62
7
100
AcDbPolyline
 90
7
 70
1
 10
470097.0
 20
4349763.0
 10
470096.0
 20
4349763.0
 10
470096.0
 20
4349763.99237371
 10
470096.03380318277
 20
4349764.0
 10
470096.865984711
 20
4349764.0
 10
470097.0
 20
4349763.42488937
 10
470097.0
 20
4349763.0
  0
TEXT
  5
280
330
17
100
AcDbEntity
  8
0
 62
4
100
AcDbText
 10
470096.30694045726
 20
4349763.638631539
 30
0.0
 40
0.1333
  1
0.67
  7
CN_TTF
 11
470096.30694045726
 21
4349763.638631539
 31
0.0
100
AcDbText
  0
LWPOLYLINE
  5
281
330
17
100
AcDbEntity
  8
爆区方格网
 62
7
100
AcDbPolyline
 90
4
 70
1
 10
470096.0
 20
4349764.0
 10
470096.03378377744
 20
4349764.0
 10
470096.0
 20
4349763.99237805
 10
470096.0
 20
4349764.0
  0
TEXT
  5
282
330
17
100
AcDbEntity
  8
0
 62
4
100
AcDbText
 10
470095.8484459444
 20
4349763.926189025
 30
0.0
 40
0.1333
  1
0.69
  7
CN_TTF
 11
470095.8484459444
 21
4349763.926189025
 31
0.0
100
AcDbText
  0
LWPOLYLINE
  5
283
330
17
100
AcDbEntity
  8
爆区方格网
 62
7
100
AcDbPolyline
 90
6
 70
1
 10
470096.0
 20
4349764.0
 10
470096.0
 20
4349765.0
 10
470096.63295790984
 20
4349765.0
 10
470096.8244188388
 20
4349764.178374983
 10
470096.03378377744
 20
4349764.0
 10
470096.0
 20
4349764.0
  0
TEXT
  5
284
330
17
100
AcDbEntity
  8
0
 62
4
100
AcDbText
 10
470096.20434418716
 20
4349764.519187491
 30
0.0
 40
0.1333
  1
0.69
  7
CN_TTF
 11
470096.20434418716
 21
4349764.519187491
 31
0.0
100
AcDbText
  0
LWPOLYLINE
  5
285
330
17
100
AcDbEntity
  8
爆区方格网
 62
7
100
AcDbPolyline
 90
4
 70
1
 10
470096.03380318277
 20
4349764.0
 10
470096.82442
 20
4349764.17837
 10
470096.865984711
 20
4349764.0
 10
470096.03380318277
 20
4349764.0
  0
TEXT
  5
286
330
17
100
AcDbEntity
  8
0
 62
4
100
AcDbText
 10
470096.47715697245
 20
4349764.019184999
 30
0.0
 40
0.1333
  1
0.67
  7
CN_TTF
 11
470096.47715697245
 21
4349764.019184999
 31
0.0
100
AcDbText
  0
LWPOLYLINE
  5
287
330
17
100
AcDbEntity
  8
爆区方格网
 62
7
100
AcDbPolyline
 90
5
 70
1
 10
470096.0
 20
4349765.0
 10
470096.0
 20
4349766.0
 10
470096.3999307684
 20
4349766.0
 10
470096.63295790984
 20
4349765.0
 10
470096.0
 20
4349765.0
  0
TEXT
  5
288
330
17
100
AcDbEntity
  8
0
 62
4
100
AcDbText
 10
470096.0982221696
 20
4349765.43
 30
0.0
 40
0.1333
  1
0.69
  7
CN_TTF
 11
470096.0982221696
 21
4349765.43
 31
0.0
100
AcDbText
  0
LWPOLYLINE
  5
289
330
17
100
AcDbEntity
  8
爆区方格网
 62
7
100
AcDbPolyline
 90
6
 70
1
 10
470096.0
 20
4349766.0
 10
470096.0
 20
4349767.0
 10
470096.14808657015
 20
4349767.0
 10
470096.365
 20
4349766.1499
 10
470096.3999307684
 20
4349766.0
 10
470096.0
 20
4349766.0
  0
TEXT
  5
28A
330
17
100
AcDbEntity
  8
0
 62
4
100
AcDbText
 10
470095.9682716425
 20
4349766.50495
 30
0.0
 40
0.1333
  1
0.69
  7
CN_TTF
 11
470095.9682716425
 21
4349766.50495
 31
0.0
100
AcDbText
  0
LWPOLYLINE
  5
28B
330
17
100
AcDbEntity
  8
爆区方格网
 62
7
100
AcDbPolyline
 90
4
 70
1
 10
470096.0
 20
4349767.0
 10
470096.0
 20
4349767.580362375
 10
470096.14808657015
 20
4349767.0
 10
470096.0
 20
4349767.0
  0
TEXT
  5
28C
330
17
100
AcDbEntity
  8
0
 62
4
100
AcDbText
 10
470095.87702164246
 20
4349767.220181188
 30
0.0
 40
0.1333
  1
0.69
  7
CN_TTF
 11
470095.87702164246
 21
4349767.220181188
 31
0.0
100
AcDbText
  0
LWPOLYLINE
  5
28D
330
17
100
AcDbEntity
  8
爆区方格网
 62
7
100
AcDbPolyline
 90
5
 70
1
 10
470097.0
 20
4349757.0
 10
470098.0
 20
4349757.0
 10
470098.0
 20
4349756.041014571
 10
470097.0
 20
4349756.128480302
 10
470097.0
 20
4349757.0
  0
TEXT
  5
28E
330
17
100
AcDbEntity
  8
0
 62
4
100
AcDbText
 10
470097.34
 20
4349756.494240151
 30
0.0
 40
0.1333
  1
0.67
  7
CN_TTF
 11
470097.34
 21
4349756.494240151
 31
0.0
100
AcDbText
  0
LWPOLYLINE
  5
28F
330
17
100
AcDbEntity
  8
爆区方格网
 62
7
100
AcDbPolyline
 90
5
 70
1
 10
470097.0
 20
4349757.0
 10
470097.0
 20
4349758.0
 10
470098.0
 20
4349758.0
 10
470098.0
 20
4349757.0
 10
470097.0
 20
4349757.0
  0
TEXT
  5
290
330
17
100
AcDbEntity
  8
0
 62
4
100
AcDbText
 10
470097.34
 20
4349757.43
 30
0.0
 40
0.1333
  1
0.67
  7
CN_TTF
 11
470097.34
 21
4349757.43
 31
0.0
100
AcDbText
  0
LWPOLYLINE
  5
291
330
17
100
AcDbEntity
  8
爆区方格网
 62
7
100
AcDbPolyline
 90
5
 70
1
 10
470097.0
 20
4349758.0
 10
470097.0
 20
4349759.0
 10
470098.0
 20
4349759.0
 10
470098.0
 20
4349758.0
 10
470097.0
 20
4349758.0
  0
TEXT
  5
292
330
17
100
AcDbEntity
  8
0
 62
4
100
AcDbText
 10
470097.34
 20
4349758.43
 30
0.0
 40
0.1333
  1
0.67
  7
CN_TTF
 11
470097.34
 21
4349758.43
 31
0.0
100
AcDbText
  0
LWPOLYLINE
  5
293
330
17
100
AcDbEntity
  8
爆区方格网
 62
7
100
AcDbPolyline
 90
7
 70
1
 10
470098.0
 20
4349759.0
 10
470097.0
 20
4349759.0
 10
470097.0
 20
4349760.0
 10
470097.7980886436
 20
4349760.0
 10
470097.96
 20
4349759.30518
 10
470098.0
 20
4349759.149135556
 10
470098.0
 20
4349759.0
  0
TEXT
  5
294
330
17
100
AcDbEntity
  8
0
 62
4
100
AcDbText
 10
470097.27952216094
 20
4349759.58259
 30
0.0
 40
0.1333
  1
0.67
  7
CN_TTF
 11
470097.27952216094
 21
4349759.58259
 31
0.0
100
AcDbText
  0
LWPOLYLINE
  5
295
330
17
100
AcDbEntity
  8
爆区方格网
 62
7
100
AcDbPolyline
 90
5
 70
1
 10
470097.0
 20
4349760.0
 10
470097.0
 20
4349761.0
 10
470097.56506231084
 20
4349761.0
 10
470097.7980886436
 20
4349760.0
 10
470097.0
 20
4349760.0
  0
TEXT
  5
296
330
17
100
AcDbEntity
  8
0
 62
4
100
AcDbText
 10
470097.18078773865
 20
4349760.43
 30
0.0
 40
0.1333
  1
0.67
  7
CN_TTF
 11
470097.18078773865
 21
4349760.43
 31
0.0
100
AcDbText
  0
LWPOLYLINE
  5
297
330
17
100
AcDbEntity
  8
爆区方格网
 62
7
100
AcDbPolyline
 90
5
 70
1
 10
470097.0
 20
4349761.0
 10
470097.0
 20
4349762.0
 10
470097.33203597815
 20
4349762.0
 10
470097.56506231084
 20
4349761.0
 10
470097.0
 20
4349761.0
  0
TEXT
  5
298
330
17
100
AcDbEntity
  8
0
 62
4
100
AcDbText
 10
470097.06427457224
 20
4349761.43
 30
0.0
 40
0.1333
  1
0.67
  7
CN_TTF
 11
470097.06427457224
 21
4349761.43
 31
0.0
100
AcDbText
  0
LWPOLYLINE
  5
299
330
17
100
AcDbEntity
  8
爆区方格网
 62
7
100
AcDbPolyline
 90
6
 70
1
 10
470097.0
 20
4349762.0
 10
470097.0
 20
4349763.0
 10
470097.0990099448
 20
4349763.0
 10
470097.1625
 20
4349762.72754
 10
470097.33203597815
 20
4349762.0
 10
470097.0
 20
4349762.0
  0
TEXT
  5
29A
330
17
100
AcDbEntity
  8
0
 62
4
100
AcDbText
 10
470096.9636339945
 20
4349762.29377
 30
0.0
 40
0.1333
  1
0.67
  7
CN_TTF
 11
470096.9636339945
 21
4349762.29377
 31
0.0
100
AcDbText
  0
LWPOLYLINE
  5
29B
330
17
100
AcDbEntity
  8
爆区方格网
 62
7
100
AcDbPolyline
 90
4
 70
1
 10
470097.0
 20
4349763.0
 10
470097.0
 20
4349763.42488937
 10
470097.0990099448
 20
4349763.0
 10
470097.0
 20
4349763.0
  0
TEXT
  5
29C
330
17
100
AcDbEntity
  8
0
 62
4
100
AcDbText
 10
470096.8647524862
 20
4349763.142444685
 30
0.0
 40
0.1333
  1
0.67
  7
CN_TTF
 11
470096.8647524862
 21
4349763.142444685
 31
0.0
100
AcDbText
  0
LWPOLYLINE
  5
29D
330
17
100
AcDbEntity
  8
爆区方格网
 62
7
100
AcDbPolyline
 90
4
 70
1
 10
470098.8072406722
 20
4349756.0
 10
470098.815
 20
4349755.96973
 10
470098.4689216046
 20
4349756.0
 10
470098.8072406722
 20
4349756.0
  0
TEXT
  5
29E
330
17
100
AcDbEntity
  8
0
 62
4
100
AcDbText
 10
470098.5665405665
 20
4349755.914865
 30
0.0
 40
0.1333
  1
0.67
  7
CN_TTF
 11
470098.5665405665
 21
4349755.914865
 31
0.0
100
AcDbText
  0
LWPOLYLINE
  5
29F
330
17
100
AcDbEntity
  8
爆区方格网
 62
7
100
AcDbPolyline
 90
6
 70
1
 10
470098.0
 20
4349757.0
 10
470098.55090344633
 20
4349757.0
 10
470098.8072406722
 20
4349756.0
 10
470098.4689216046
 20
4349756.0
 10
470098.0
 20
4349756.041014571
 10
470098.0
 20
4349757.0
  0
TEXT
  5
2A0
330
17
100
AcDbEntity
  8
0
 62
4
100
AcDbText
 10
470098.1769076393
 20
4349756.450507285
 30
0.0
 40
0.1333
  1
0.67
  7
CN_TTF
 11
470098.1769076393
 21
4349756.450507285
 31
0.0
100
AcDbText
  0
LWPOLYLINE
  5
2A1
330
17
100
AcDbEntity
  8
爆区方格网
 62
7
100
AcDbPolyline
 90
5
 70
1
 10
470098.0
 20
4349757.0
 10
470098.0
 20
4349758.0
 10
470098.2945662205
 20
4349758.0
 10
470098.55090344633
 20
4349757.0
 10
470098.0
 20
4349757.0
  0
TEXT
  5
2A2
330
17
100
AcDbEntity
  8
0
 62
4
100
AcDbText
 10
470098.05136741675
 20
4349757.43
 30
0.0
 40
0.1333
  1
0.67
  7
CN_TTF
 11
470098.05136741675
 21
4349757.43
 31
0.0
100
AcDbText
  0
LWPOLYLINE
  5
2A3
330
17
100
AcDbEntity
  8
爆区方格网
 62
7
100
AcDbPolyline
 90
5
 70
1
 10
470098.0
 20
4349758.0
 10
470098.0
 20
4349759.0
 10
470098.03822899464
 20
4349759.0
 10
470098.2945662205
 20
4349758.0
 10
470098.0
 20
4349758.0
  0
TEXT
  5
2A4
330
17
100
AcDbEntity
  8
0
 62
4
100
AcDbText
 10
470097.9231988038
 20
4349758.43
 30
0.0
 40
0.1333
  1
0.67
  7
CN_TTF
 11
470097.9231988038
 21
4349758.43
 31
0.0
100
AcDbText
  0
LWPOLYLINE
  5
2A5
330
17
100
AcDbEntity
  8
爆区方格网
 62
7
100
AcDbPolyline
 90
4
 70
1
 10
470098.0
 20
4349759.0
 10
470098.0
 20
4349759.149135556
 10
470098.03822899464
 20
4349759.0
 10
470098.0
 20
4349759.0
  0
TEXT
  5
2A6
330
17
100
AcDbEntity
  8
0
 62
4
100
AcDbText
 10
470097.8495572487
 20
4349759.004567778
 30
0.0
 40
0.1333
  1
0.67
  7
CN_TTF
 11
470097.8495572487
 21
4349759.004567778
 31
0.0
100
AcDbText
  0
LWPOLYLINE
  5
2A7
330
17
100
AcDbEntity
  8
爆区方格网
 62
7
100
AcDbPolyline
 90
4
 70
1
 10
470099.0
 20
4349755.207886422
 10
470098.8149986267
 20
4349755.9697265625
 10
470099.0
 20
4349755.865629761
 10
470099.0
 20
4349755.207886422
  0
TEXT
  5
2A8
330
17
100
AcDbEntity
  8
0
 62
4
100
AcDbText
 10
470098.8000692408
 20
4349755.466758091
 30
0.0
 40
0.1333
  1
0.51
  7
CN_TTF
 11
470098.8000692408
 21
4349755.466758091
 31
0.0
100
AcDbText
  0
LWPOLYLINE
  5
2A9
330
17
100
AcDbEntity
  8
爆区方格网
 62
7
100
AcDbPolyline
 90
4
 70
1
 10
470100.0
 20
4349752.0
 10
470100.0
 20
4349751.221329153
 10
470099.7879654086
 20
4349752.0
 10
470100.0
 20
4349752.0
  0
TEXT
  5
2AA
330
17
100
AcDbEntity
  8
0
 62
4
100
AcDbText
 10
470099.78699135216
 20
4349751.540664576
 30
0.0
 40
0.1333
  1
0.51
  7
CN_TTF
 11
470099.78699135216
 21
4349751.540664576
 31
0.0
100
AcDbText
  0
LWPOLYLINE
  5
2AB
330
17
100
AcDbEntity
  8
爆区方格网
 62
7
100
AcDbPolyline
 90
6
 70
1
 10
470100.0
 20
4349753.0
 10
470100.0
 20
4349752.0
 10
470099.7879654086
 20
4349752.0
 10
470099.70499801636
 20
4349752.3046875
 10
470099.5361518758
 20
4349753.0
 10
470100.0
 20
4349753.0
  0
TEXT
  5
2AC
330
17
100
AcDbEntity
  8
0
 62
4
100
AcDbText
 10
470099.65028747305
 20
4349752.58234375
 30
0.0
 40
0.1333
  1
0.51
  7
CN_TTF
 11
470099.65028747305
 21
4349752.58234375
 31
0.0
100
AcDbText
  0
LWPOLYLINE
  5
2AD
330
17
100
AcDbEntity
  8
爆区方格网
 62
7
100
AcDbPolyline
 90
5
 70
1
 10
470100.0
 20
4349754.0
 10
470100.0
 20
4349753.0
 10
470099.5361518758
 20
4349753.0
 10
470099.2933169771
 20
4349754.0
 10
470100.0
 20
4349754.0
  0
TEXT
  5
2AE
330
17
100
AcDbEntity
  8
0
 62
4
100
AcDbText
 10
470099.54736721324
 20
4349753.43
 30
0.0
 40
0.1333
  1
0.51
  7
CN_TTF
 11
470099.54736721324
 21
4349753.43
 31
0.0
100
AcDbText
  0
LWPOLYLINE
  5
2AF
330
17
100
AcDbEntity
  8
爆区方格网
 62
7
100
AcDbPolyline
 90
5
 70
1
 10
470100.0
 20
4349755.0
 10
470100.0
 20
4349754.0
 10
470099.2933169771
 20
4349754.0
 10
470099.05048207834
 20
4349755.0
 10
470100.0
 20
4349755.0
  0
TEXT
  5
2B0
330
17
100
AcDbEntity
  8
0
 62
4
100
AcDbText
 10
470099.4259497639
 20
4349754.43
 30
0.0
 40
0.1333
  1
0.51
  7
CN_TTF
 11
470099.4259497639
 21
4349754.43
 31
0.0
100
AcDbText
  0
LWPOLYLINE
  5
2B1
330
17
100
AcDbEntity
  8
爆区方格网
 62
7
100
AcDbPolyline
 90
6
 70
1
 10
470100.0
 20
4349755.0
 10
470099.05048207834
 20
4349755.0
 10
470099.0
 20
4349755.207886422
 10
470099.0
 20
4349755.865629761
 10
470100.0
 20
4349755.302948522
 10
470100.0
 20
4349755.0
  0
TEXT
  5
2B2
330
17
100
AcDbEntity
  8
0
 62
4
100
AcDbText
 10
470099.09000000043
 20
4349755.514289141
 30
0.0
 40
0.1333
  1
0.51
  7
CN_TTF
 11
470099.09000000043
 21
4349755.514289141
 31
0.0
100
AcDbText
  0
LWPOLYLINE
  5
2B3
330
17
100
AcDbEntity
  8
爆区方格网
 62
7
100
AcDbPolyline
 90
4
 70
1
 10
470101.0
 20
4349748.0
 10
470101.0
 20
4349747.541755174
 10
470100.87594965735
 20
4349748.0
 10
470101.0
 20
4349748.0
  0
TEXT
  5
2B4
330
17
100
AcDbEntity
  8
0
 62
4
100
AcDbText
 10
470100.8089874144
 20
4349747.700877586
 30
0.0
 40
0.1333
  1
0.51
  7
CN_TTF
 11
470100.8089874144
 21
4349747.700877586
 31
0.0
100
AcDbText
  0
LWPOLYLINE
  5
2B5
330
17
100
AcDbEntity
  8
爆区方格网
 62
7
100
AcDbPolyline
 90
6
 70
1
 10
470101.0
 20
4349749.0
 10
470101.0
 20
4349748.0
 10
470100.87594965735
 20
4349748.0
 10
470100.66749954224
 20
4349748.770019531
 10
470100.6048751164
 20
4349749.0
 10
470101.0
 20
4349749.0
  0
TEXT
  5
2B6
330
17
100
AcDbEntity
  8
0
 62
4
100
AcDbText
 10
470100.7258622999
 20
4349748.315009765
 30
0.0
 40
0.1333
  1
0.51
  7
CN_TTF
 11
470100.7258622999
 21
4349748.315009765
 31
0.0
100
AcDbText
  0
LWPOLYLINE
  5
2B7
330
17
100
AcDbEntity
  8
爆区方格网
 62
7
100
AcDbPolyline
 90
5
 70
1
 10
470101.0
 20
4349750.0
 10
470101.0
 20
4349749.0
 10
470100.6048751164
 20
4349749.0
 10
470100.3325718804
 20
4349750.0
 10
470101.0
 20
4349750.0
  0
TEXT
  5
2B8
330
17
100
AcDbEntity
  8
0
 62
4
100
AcDbText
 10
470100.5743617492
 20
4349749.43
 30
0.0
 40
0.1333
  1
0.51
  7
CN_TTF
 11
470100.5743617492
 21
4349749.43
 31
0.0
100
AcDbText
  0
LWPOLYLINE
  5
2B9
330
17
100
AcDbEntity
  8
爆区方格网
 62
7
100
AcDbPolyline
 90
5
 70
1
 10
470101.0
 20
4349751.0
 10
470101.0
 20
4349750.0
 10
470100.3325718804
 20
4349750.0
 10
470100.0602686445
 20
4349751.0
 10
470101.0
 20
4349751.0
  0
TEXT
  5
2BA
330
17
100
AcDbEntity
  8
0
 62
4
100
AcDbText
 10
470100.43821013125
 20
4349750.43
 30
0.0
 40
0.1333
  1
0.51
  7
CN_TTF
 11
470100.43821013125
 21
4349750.43
 31
0.0
100
AcDbText
  0
LWPOLYLINE
  5
2BB
330
17
100
AcDbEntity
  8
爆区方格网
 62
7
100
AcDbPolyline
 90
6
 70
1
 10
470100.0
 20
4349752.0
 10
470101.0
 20
4349752.0
 10
470101.0
 20
4349751.0
 10
470100.0602686445
 20
4349751.0
 10
470100.0
 20
4349751.221329153
 10
470100.0
 20
4349752.0
  0
TEXT
  5
2BC
330
17
100
AcDbEntity
  8
0
 62
4
100
AcDbText
 10
470100.34
 20
4349751.540664576
 30
0.0
 40
0.1333
  1
0.51
  7
CN_TTF
 11
470100.34
 21
4349751.540664576
 31
0.0
100
AcDbText
  0
LWPOLYLINE
  5
2BD
330
17
100
AcDbEntity
  8
爆区方格网
 62
7
100
AcDbPolyline
 90
5
 70
1
 10
470100.0
 20
4349752.0
 10
470100.0
 20
4349753.0
 10
470101.0
 20
4349753.0
 10
470101.0
 20
4349752.0
 10
470100.0
 20
4349752.0
  0
TEXT
  5
2BE
330
17
100
AcDbEntity
  8
0
 62
4
100
AcDbText
 10
470100.34
 20
4349752.43
 30
0.0
 40
0.1333
  1
0.51
  7
CN_TTF
 11
470100.34
 21
4349752.43
 31
0.0
100
AcDbText
  0
LWPOLYLINE
  5
2BF
330
17
100
AcDbEntity
  8
爆区方格网
 62
7
100
AcDbPolyline
 90
5
 70
1
 10
470100.0
 20
4349753.0
 10
470100.0
 20
4349754.0
 10
470101.0
 20
4349754.0
 10
470101.0
 20
4349753.0
 10
470100.0
 20
4349753.0
  0
TEXT
  5
2C0
330
17
100
AcDbEntity
  8
0
 62
4
100
AcDbText
 10
470100.34
 20
4349753.43
 30
0.0
 40
0.1333
  1
0.51
  7
CN_TTF
 11
470100.34
 21
4349753.43
 31
0.0
100
AcDbText
  0
LWPOLYLINE
  5
2C1
330
17
100
AcDbEntity
  8
爆区方格网
 62
7
100
AcDbPolyline
 90
6
 70
1
 10
470101.0
 20
4349754.0
 10
470100.0
 20
4349754.0
 10
470100.0
 20
4349755.0
 10
470100.5384016769
 20
4349755.0
 10
470101.0
 20
4349754.740267284
 10
470101.0
 20
4349754.0
  0
TEXT
  5
2C2
330
17
100
AcDbEntity
  8
0
 62
4
100
AcDbText
 10
470100.34
 20
4349754.300133642
 30
0.0
 40
0.1333
  1
0.51
  7
CN_TTF
 11
470100.34
 21
4349754.300133642
 31
0.0
100
AcDbText
  0
LWPOLYLINE
  5
2C3
330
17
100
AcDbEntity
  8
爆区方格网
 62
7
100
AcDbPolyline
 90
4
 70
1
 10
470100.0
 20
4349755.0
 10
470100.0
 20
4349755.302948522
 10
470100.5384016769
 20
4349755.0
 10
470100.0
 20
4349755.0
  0
TEXT
  5
2C4
330
17
100
AcDbEntity
  8
0
 62
4
100
AcDbText
 10
470099.9746004189
 20
4349755.081474261
 30
0.0
 40
0.1333
  1
0.51
  7
CN_TTF
 11
470099.9746004189
 21
4349755.081474261
 31
0.0
100
AcDbText
  0
LWPOLYLINE
  5
2C5
330
17
100
AcDbEntity
  8
爆区方格网
 62
7
100
AcDbPolyline
 90
4
 70
1
 10
470102.0
 20
4349744.0
 10
470102.0
 20
4349743.847732118
 10
470101.95877993206
 20
4349744.0
 10
470102.0
 20
4349744.0
  0
TEXT
  5
2C6
330
17
100
AcDbEntity
  8
0
 62
4
100
AcDbText
 10
470101.82969498297
 20
4349743.853866059
 30
0.0
 40
0.1333
  1
0.71
  7
CN_TTF
 11
470101.82969498297
 21
4349743.853866059
 31
0.0
100
AcDbText
  0
LWPOLYLINE
  5
2C7
330
17
100
AcDbEntity
  8
爆区方格网
 62
7
100
AcDbPolyline
 90
5
 70
1
 10
470102.0
 20
4349745.0
 10
470102.0
 20
4349744.0
 10
470101.95877993206
 20
4349744.0
 10
470101.6880723634
 20
4349745.0
 10
470102.0
 20
4349745.0
  0
TEXT
  5
2C8
330
17
100
AcDbEntity
  8
0
 62
4
100
AcDbText
 10
470101.75171307387
 20
4349744.43
 30
0.0
 40
0.1333
  1
0.71
  7
CN_TTF
 11
470101.75171307387
 21
4349744.43
 31
0.0
100
AcDbText
  0
LWPOLYLINE
  5
2C9
330
17
100
AcDbEntity
  8
爆区方格网
 62
7
100
AcDbPolyline
 90
5
 70
1
 10
470102.0
 20
4349746.0
 10
470102.0
 20
4349745.0
 10
470101.6880723634
 20
4349745.0
 10
470101.41736479464
 20
4349746.0
 10
470102.0
 20
4349746.0
  0
TEXT
  5
2CA
330
17
100
AcDbEntity
  8
0
 62
4
100
AcDbText
 10
470101.61635928956
 20
4349745.43
 30
0.0
 40
0.1333
  1
0.71
  7
CN_TTF
 11
470101.61635928956
 21
4349745.43
 31
0.0
100
AcDbText
  0
LWPOLYLINE
  5
2CB
330
17
100
AcDbEntity
  8
爆区方格网
 62
7
100
AcDbPolyline
 90
5
 70
1
 10
470102.0
 20
4349747.0
 10
470102.0
 20
4349746.0
 10
470101.41736479464
 20
4349746.0
 10
470101.14665722597
 20
4349747.0
 10
470102.0
 20
4349747.0
  0
TEXT
  5
2CC
330
17
100
AcDbEntity
  8
0
 62
4
100
AcDbText
 10
470101.4810055052
 20
4349746.43
 30
0.0
 40
0.1333
  1
0.71
  7
CN_TTF
 11
470101.4810055052
 21
4349746.43
 31
0.0
100
AcDbText
  0
LWPOLYLINE
  5
2CD
330
17
100
AcDbEntity
  8
爆区方格网
 62
7
100
AcDbPolyline
 90
7
 70
1
 10
470101.0
 20
4349748.0
 10
470102.0
 20
4349748.0
 10
470102.0
 20
4349747.0
 10
470101.14665722597
 20
4349747.0
 10
470101.14030533226
 20
4349747.023464042
 10
470101.0
 20
4349747.541755174
 10
470101.0
 20
4349748.0
  0
TEXT
  5
2CE
330
17
100
AcDbEntity
  8
0
 62
4
100
AcDbText
 10
470101.3750763331
 20
4349747.212609608
 30
0.0
 40
0.1333
  1
0.51
  7
CN_TTF
 11
470101.3750763331
 21
4349747.212609608
 31
0.0
100
AcDbText
  0
LWPOLYLINE
  5
2CF
330
17
100
AcDbEntity
  8
爆区方格网
 62
7
100
AcDbPolyline
 90
5
 70
1
 10
470101.0
 20
4349748.0
 10
470101.0
 20
4349749.0
 10
470102.0
 20
4349749.0
 10
470102.0
 20
4349748.0
 10
470101.0
 20
4349748.0
  0
TEXT
  5
2D0
330
17
100
AcDbEntity
  8
0
 62
4
100
AcDbText
 10
470101.34
 20
4349748.43
 30
0.0
 40
0.1333
  1
0.51
  7
CN_TTF
 11
470101.34
 21
4349748.43
 31
0.0
100
AcDbText
  0
LWPOLYLINE
  5
2D1
330
17
100
AcDbEntity
  8
爆区方格网
 62
7
100
AcDbPolyline
 90
5
 70
1
 10
470101.0
 20
4349749.0
 10
470101.0
 20
4349750.0
 10
470102.0
 20
4349750.0
 10
470102.0
 20
4349749.0
 10
470101.0
 20
4349749.0
  0
TEXT
  5
2D2
330
17
100
AcDbEntity
  8
0
 62
4
100
AcDbText
 10
470101.34
 20
4349749.43
 30
0.0
 40
0.1333
  1
0.51
  7
CN_TTF
 11
470101.34
 21
4349749.43
 31
0.0
100
AcDbText
  0
LWPOLYLINE
  5
2D3
330
17
100
AcDbEntity
  8
爆区方格网
 62
7
100
AcDbPolyline
 90
5
 70
1
 10
470101.0
 20
4349750.0
 10
470101.0
 20
4349751.0
 10
470102.0
 20
4349751.0
 10
470102.0
 20
4349750.0
 10
470101.0
 20
4349750.0
  0
TEXT
  5
2D4
330
17
100
AcDbEntity
  8
0
 62
4
100
AcDbText
 10
470101.34
 20
4349750.43
 30
0.0
 40
0.1333
  1
0.51
  7
CN_TTF
 11
470101.34
 21
4349750.43
 31
0.0
100
AcDbText
  0
LWPOLYLINE
  5
2D5
330
17
100
AcDbEntity
  8
爆区方格网
 62
7
100
AcDbPolyline
 90
5
 70
1
 10
470101.0
 20
4349751.0
 10
470101.0
 20
4349752.0
 10
470102.0
 20
4349752.0
 10
470102.0
 20
4349751.0
 10
470101.0
 20
4349751.0
  0
TEXT
  5
2D6
330
17
100
AcDbEntity
  8
0
 62
4
100
AcDbText
 10
470101.34
 20
4349751.43
 30
0.0
 40
0.1333
  1
0.51
  7
CN_TTF
 11
470101.34
 21
4349751.43
 31
0.0
100
AcDbText
  0
LWPOLYLINE
  5
2D7
330
17
100
AcDbEntity
  8
爆区方格网
 62
7
100
AcDbPolyline
 90
5
 70
1
 10
470101.0
 20
4349752.0
 10
470101.0
 20
4349753.0
 10
470102.0
 20
4349753.0
 10
470102.0
 20
4349752.0
 10
470101.0
 20
4349752.0
  0
TEXT
  5
2D8
330
17
100
AcDbEntity
  8
0
 62
4
100
AcDbText
 10
470101.34
 20
4349752.43
 30
0.0
 40
0.1333
  1
0.51
  7
CN_TTF
 11
470101.34
 21
4349752.43
 31
0.0
100
AcDbText
  0
LWPOLYLINE
  5
2D9
330
17
100
AcDbEntity
  8
爆区方格网
 62
7
100
AcDbPolyline
 90
5
 70
1
 10
470101.0
 20
4349753.0
 10
470101.0
 20
4349754.0
 10
470102.0
 20
4349754.0
 10
470102.0
 20
4349753.0
 10
470101.0
 20
4349753.0
  0
TEXT
  5
2DA
330
17
100
AcDbEntity
  8
0
 62
4
100
AcDbText
 10
470101.34
 20
4349753.43
 30
0.0
 40
0.1333
  1
0.51
  7
CN_TTF
 11
470101.34
 21
4349753.43
 31
0.0
100
AcDbText
  0
LWPOLYLINE
  5
2DB
330
17
100
AcDbEntity
  8
爆区方格网
 62
7
100
AcDbPolyline
 90
5
 70
1
 10
470102.0
 20
4349754.0
 10
470101.0
 20
4349754.0
 10
470101.0
 20
4349754.740267284
 10
470102.0
 20
4349754.177586046
 10
470102.0
 20
4349754.0
  0
TEXT
  5
2DC
330
17
100
AcDbEntity
  8
0
 62
4
100
AcDbText
 10
470101.09000000043
 20
4349754.388926664
 30
0.0
 40
0.1333
  1
0.51
  7
CN_TTF
 11
470101.09000000043
 21
4349754.388926664
 31
0.0
100
AcDbText
  0
LWPOLYLINE
  5
2DD
330
17
100
AcDbEntity
  8
爆区方格网
 62
7
100
AcDbPolyline
 90
4
 70
1
 10
470103.0
 20
4349738.0
 10
470103.0
 20
4349737.363214799
 10
470102.7661952304
 20
4349738.0
 10
470103.0
 20
4349738.0
  0
TEXT
  5
2DE
330
17
100
AcDbEntity
  8
0
 62
4
100
AcDbText
 10
470102.7815488077
 20
4349737.611607399
 30
0.0
 40
0.1333
  1
0.87
  7
CN_TTF
 11
470102.7815488077
 21
4349737.611607399
 31
0.0
100
AcDbText
  0
LWPOLYLINE
  5
2DF
330
17
100
AcDbEntity
  8
爆区方格网
 62
7
100
AcDbPolyline
 90
6
 70
1
 10
470103.0
 20
4349739.0
 10
470103.0
 20
4349738.0
 10
470102.7661952304
 20
4349738.0
 10
470102.73500061035
 20
4349738.0849609375
 10
470102.6828525851
 20
4349739.0
 10
470103.0
 20
4349739.0
  0
TEXT
  5
2E0
330
17
100
AcDbEntity
  8
0
 62
4
100
AcDbText
 10
470102.6944632989
 20
4349738.472480468
 30
0.0
 40
0.1333
  1
0.87
  7
CN_TTF
 11
470102.6944632989
 21
4349738.472480468
 31
0.0
100
AcDbText
  0
LWPOLYLINE
  5
2E1
330
17
100
AcDbEntity
  8
爆区方格网
 62
7
100
AcDbPolyline
 90
5
 70
1
 10
470103.0
 20
4349740.0
 10
470103.0
 20
4349739.0
 10
470102.6828525851
 20
4349739.0
 10
470102.62586264074
 20
4349740.0
 10
470103.0
 20
4349740.0
  0
TEXT
  5
2E2
330
17
100
AcDbEntity
  8
0
 62
4
100
AcDbText
 10
470102.6671788065
 20
4349739.43
 30
0.0
 40
0.1333
  1
0.87
  7
CN_TTF
 11
470102.6671788065
 21
4349739.43
 31
0.0
100
AcDbText
  0
LWPOLYLINE
  5
2E3
330
17
100
AcDbEntity
  8
爆区方格网
 62
7
100
AcDbPolyline
 90
6
 70
1
 10
470103.0
 20
4349741.0
 10
470103.0
 20
4349740.0
 10
470102.62586264074
 20
4349740.0
 10
470102.60942306346
 20
4349740.288464526
 10
470102.56887269637
 20
4349741.0
 10
470103.0
 20
4349741.0
  0
TEXT
  5
2E4
330
17
100
AcDbEntity
  8
0
 62
4
100
AcDbText
 10
470102.63457394
 20
4349740.574232263
 30
0.0
 40
0.1333
  1
0.71
  7
CN_TTF
 11
470102.63457394
 21
4349740.574232263
 31
0.0
100
AcDbText
  0
LWPOLYLINE
  5
2E5
330
17
100
AcDbEntity
  8
爆区方格网
 62
7
100
AcDbPolyline
 90
6
 70
1
 10
470103.0
 20
4349742.0
 10
470103.0
 20
4349741.0
 10
470102.56887269637
 20
4349741.0
 10
470102.51499938965
 20
4349741.9453125
 10
470102.5001950695
 20
4349742.0
 10
470103.0
 20
4349742.0
  0
TEXT
  5
2E6
330
17
100
AcDbEntity
  8
0
 62
4
100
AcDbText
 10
470102.6109680215
 20
4349741.40265625
 30
0.0
 40
0.1333
  1
0.71
  7
CN_TTF
 11
470102.6109680215
 21
4349741.40265625
 31
0.0
100
AcDbText
  0
LWPOLYLINE
  5
2E7
330
17
100
AcDbEntity
  8
爆区方格网
 62
7
100
AcDbPolyline
 90
5
 70
1
 10
470103.0
 20
4349743.0
 10
470103.0
 20
4349742.0
 10
470102.5001950695
 20
4349742.0
 10
470102.2294875008
 20
4349743.0
 10
470103.0
 20
4349743.0
  0
TEXT
  5
2E8
330
17
100
AcDbEntity
  8
0
 62
4
100
AcDbText
 10
470102.5224206426
 20
4349742.43
 30
0.0
 40
0.1333
  1
0.71
  7
CN_TTF
 11
470102.5224206426
 21
4349742.43
 31
0.0
100
AcDbText
  0
LWPOLYLINE
  5
2E9
330
17
100
AcDbEntity
  8
爆区方格网
 62
7
100
AcDbPolyline
 90
6
 70
1
 10
470102.0
 20
4349744.0
 10
470103.0
 20
4349744.0
 10
470103.0
 20
4349743.0
 10
470102.2294875008
 20
4349743.0
 10
470102.0
 20
4349743.847732118
 10
470102.0
 20
4349744.0
  0
TEXT
  5
2EA
330
17
100
AcDbEntity
  8
0
 62
4
100
AcDbText
 10
470102.3973718752
 20
4349743.353866059
 30
0.0
 40
0.1333
  1
0.71
  7
CN_TTF
 11
470102.3973718752
 21
4349743.353866059
 31
0.0
100
AcDbText
  0
LWPOLYLINE
  5
2EB
330
17
100
AcDbEntity
  8
爆区方格网
 62
7
100
AcDbPolyline
 90
5
 70
1
 10
470102.0
 20
4349744.0
 10
470102.0
 20
4349745.0
 10
470103.0
 20
4349745.0
 10
470103.0
 20
4349744.0
 10
470102.0
 20
4349744.0
  0
TEXT
  5
2EC
330
17
100
AcDbEntity
  8
0
 62
4
100
AcDbText
 10
470102.34
 20
4349744.43
 30
0.0
 40
0.1333
  1
0.71
  7
CN_TTF
 11
470102.34
 21
4349744.43
 31
0.0
100
AcDbText
  0
LWPOLYLINE
  5
2ED
330
17
100
AcDbEntity
  8
爆区方格网
 62
7
100
AcDbPolyline
 90
5
 70
1
 10
470102.0
 20
4349745.0
 10
470102.0
 20
4349746.0
 10
470103.0
 20
4349746.0
 10
470103.0
 20
4349745.0
 10
470102.0
 20
4349745.0
  0
TEXT
  5
2EE
330
17
100
AcDbEntity
  8
0
 62
4
100
AcDbText
 10
470102.34
 20
4349745.43
 30
0.0
 40
0.1333
  1
0.71
  7
CN_TTF
 11
470102.34
 21
4349745.43
 31
0.0
100
AcDbText
  0
LWPOLYLINE
  5
2EF
330
17
100
AcDbEntity
  8
爆区方格网
 62
7
100
AcDbPolyline
 90
5
 70
1
 10
470102.0
 20
4349746.0
 10
470102.0
 20
4349747.0
 10
470103.0
 20
4349747.0
 10
470103.0
 20
4349746.0
 10
470102.0
 20
4349746.0
  0
TEXT
  5
2F0
330
17
100
AcDbEntity
  8
0
 62
4
100
AcDbText
 10
470102.34
 20
4349746.43
 30
0.0
 40
0.1333
  1
0.71
  7
CN_TTF
 11
470102.34
 21
4349746.43
 31
0.0
100
AcDbText
  0
LWPOLYLINE
  5
2F1
330
17
100
AcDbEntity
  8
爆区方格网
 62
7
100
AcDbPolyline
 90
5
 70
1
 10
470102.0
 20
4349747.0
 10
470102.0
 20
4349748.0
 10
470103.0
 20
4349748.0
 10
470103.0
 20
4349747.0
 10
470102.0
 20
4349747.0
  0
TEXT
  5
2F2
330
17
100
AcDbEntity
  8
0
 62
4
100
AcDbText
 10
470102.34
 20
4349747.43
 30
0.0
 40
0.1333
  1
0.51
  7
CN_TTF
 11
470102.34
 21
4349747.43
 31
0.0
100
AcDbText
  0
LWPOLYLINE
  5
2F3
330
17
100
AcDbEntity
  8
爆区方格网
 62
7
100
AcDbPolyline
 90
5
 70
1
 10
470102.0
 20
4349748.0
 10
470102.0
 20
4349749.0
 10
470103.0
 20
4349749.0
 10
470103.0
 20
4349748.0
 10
470102.0
 20
4349748.0
  0
TEXT
  5
2F4
330
17
100
AcDbEntity
  8
0
 62
4
100
AcDbText
 10
470102.34
 20
4349748.43
 30
0.0
 40
0.1333
  1
0.51
  7
CN_TTF
 11
470102.34
 21
4349748.43
 31
0.0
100
AcDbText
  0
LWPOLYLINE
  5
2F5
330
17
100
AcDbEntity
  8
爆区方格网
 62
7
100
AcDbPolyline
 90
5
 70
1
 10
470102.0
 20
4349749.0
 10
470102.0
 20
4349750.0
 10
470103.0
 20
4349750.0
 10
470103.0
 20
4349749.0
 10
470102.0
 20
4349749.0
  0
TEXT
  5
2F6
330
17
100
AcDbEntity
  8
0
 62
4
100
AcDbText
 10
470102.34
 20
4349749.43
 30
0.0
 40
0.1333
  1
0.51
  7
CN_TTF
 11
470102.34
 21
4349749.43
 31
0.0
100
AcDbText
  0
LWPOLYLINE
  5
2F7
330
17
100
AcDbEntity
  8
爆区方格网
 62
7
100
AcDbPolyline
 90
5
 70
1
 10
470102.0
 20
4349750.0
 10
470102.0
 20
4349751.0
 10
470103.0
 20
4349751.0
 10
470103.0
 20
4349750.0
 10
470102.0
 20
4349750.0
  0
TEXT
  5
2F8
330
17
100
AcDbEntity
  8
0
 62
4
100
AcDbText
 10
470102.34
 20
4349750.43
 30
0.0
 40
0.1333
  1
0.51
  7
CN_TTF
 11
470102.34
 21
4349750.43
 31
0.0
100
AcDbText
  0
LWPOLYLINE
  5
2F9
330
17
100
AcDbEntity
  8
爆区方格网
 62
7
100
AcDbPolyline
 90
5
 70
1
 10
470102.0
 20
4349751.0
 10
470102.0
 20
4349752.0
 10
470103.0
 20
4349752.0
 10
470103.0
 20
4349751.0
 10
470102.0
 20
4349751.0
  0
TEXT
  5
2FA
330
17
100
AcDbEntity
  8
0
 62
4
100
AcDbText
 10
470102.34
 20
4349751.43
 30
0.0
 40
0.1333
  1
0.51
  7
CN_TTF
 11
470102.34
 21
4349751.43
 31
0.0
100
AcDbText
  0
LWPOLYLINE
  5
2FB
330
17
100
AcDbEntity
  8
爆区方格网
 62
7
100
AcDbPolyline
 90
5
 70
1
 10
470102.0
 20
4349752.0
 10
470102.0
 20
4349753.0
 10
470103.0
 20
4349753.0
 10
470103.0
 20
4349752.0
 10
470102.0
 20
4349752.0
  0
TEXT
  5
2FC
330
17
100
AcDbEntity
  8
0
 62
4
100
AcDbText
 10
470102.34
 20
4349752.43
 30
0.0
 40
0.1333
  1
0.51
  7
CN_TTF
 11
470102.34
 21
4349752.43
 31
0.0
100
AcDbText
  0
LWPOLYLINE
  5
2FD
330
17
100
AcDbEntity
  8
爆区方格网
 62
7
100
AcDbPolyline
 90
6
 70
1
 10
470103.0
 20
4349753.0
 10
470102.0
 20
4349753.0
 10
470102.0
 20
4349754.0
 10
470102.3156068365
 20
4349754.0
 10
470103.0
 20
4349753.614904807
 10
470103.0
 20
4349753.0
  0
TEXT
  5
2FE
330
17
100
AcDbEntity
  8
0
 62
4
100
AcDbText
 10
470102.34
 20
4349753.237452403
 30
0.0
 40
0.1333
  1
0.51
  7
CN_TTF
 11
470102.34
 21
4349753.237452403
 31
0.0
100
AcDbText
  0
LWPOLYLINE
  5
2FF
330
17
100
AcDbEntity
  8
爆区方格网
 62
7
100
AcDbPolyline
 90
4
 70
1
 10
470102.0
 20
4349754.0
 10
470102.0
 20
4349754.177586046
 10
470102.3156068365
 20
4349754.0
 10
470102.0
 20
4349754.0
  0
TEXT
  5
300
330
17
100
AcDbEntity
  8
0
 62
4
100
AcDbText
 10
470101.91890170955
 20
4349754.018793022
 30
0.0
 40
0.1333
  1
0.51
  7
CN_TTF
 11
470101.91890170955
 21
4349754.018793022
 31
0.0
100
AcDbText
  0
LWPOLYLINE
  5
301
330
17
100
AcDbEntity
  8
爆区方格网
 62
7
100
AcDbPolyline
 90
4
 70
1
 10
470104.0
 20
4349735.0
 10
470104.0
 20
4349734.976586495
 10
470103.97250789724
 20
4349735.0
 10
470104.0
 20
4349735.0
  0
TEXT
  5
302
330
17
100
AcDbEntity
  8
0
 62
4
100
AcDbText
 10
470103.83312697435
 20
4349734.918293247
 30
0.0
 40
0.1333
  1
0.87
  7
CN_TTF
 11
470103.83312697435
 21
4349734.918293247
 31
0.0
100
AcDbText
  0
LWPOLYLINE
  5
303
330
17
100
AcDbEntity
  8
爆区方格网
 62
7
100
AcDbPolyline
 90
6
 70
1
 10
470104.0
 20
4349736.0
 10
470104.0
 20
4349735.0
 10
470103.97250789724
 20
4349735.0
 10
470103.8199996948
 20
4349735.1298828125
 10
470103.5005237582
 20
4349736.0
 10
470104.0
 20
4349736.0
  0
TEXT
  5
304
330
17
100
AcDbEntity
  8
0
 62
4
100
AcDbText
 10
470103.67013086326
 20
4349735.494941406
 30
0.0
 40
0.1333
  1
0.87
  7
CN_TTF
 11
470103.67013086326
 21
4349735.494941406
 31
0.0
100
AcDbText
  0
LWPOLYLINE
  5
305
330
17
100
AcDbEntity
  8
爆区方格网
 62
7
100
AcDbPolyline
 90
5
 70
1
 10
470104.0
 20
4349737.0
 10
470104.0
 20
4349736.0
 10
470103.5005237582
 20
4349736.0
 10
470103.1333594943
 20
4349737.0
 10
470104.0
 20
4349737.0
  0
TEXT
  5
306
330
17
100
AcDbEntity
  8
0
 62
4
100
AcDbText
 10
470103.49847081315
 20
4349736.43
 30
0.0
 40
0.1333
  1
0.87
  7
CN_TTF
 11
470103.49847081315
 21
4349736.43
 31
0.0
100
AcDbText
  0
LWPOLYLINE
  5
307
330
17
100
AcDbEntity
  8
爆区方格网
 62
7
100
AcDbPolyline
 90
6
 70
1
 10
470103.0
 20
4349738.0
 10
470104.0
 20
4349738.0
 10
470104.0
 20
4349737.0
 10
470103.1333594943
 20
4349737.0
 10
470103.0
 20
4349737.363214799
 10
470103.0
 20
4349738.0
  0
TEXT
  5
308
330
17
100
AcDbEntity
  8
0
 62
4
100
AcDbText
 10
470103.34
 20
4349737.611607399
 30
0.0
 40
0.1333
  1
0.87
  7
CN_TTF
 11
470103.34
 21
4349737.611607399
 31
0.0
100
AcDbText
  0
LWPOLYLINE
  5
309
330
17
100
AcDbEntity
  8
爆区方格网
 62
7
100
AcDbPolyline
 90
5
 70
1
 10
470103.0
 20
4349738.0
 10
470103.0
 20
4349739.0
 10
470104.0
 20
4349739.0
 10
470104.0
 20
4349738.0
 10
470103.0
 20
4349738.0
  0
TEXT
  5
30A
330
17
100
AcDbEntity
  8
0
 62
4
100
AcDbText
 10
470103.34
 20
4349738.43
 30
0.0
 40
0.1333
  1
0.87
  7
CN_TTF
 11
470103.34
 21
4349738.43
 31
0.0
100
AcDbText
  0
LWPOLYLINE
  5
30B
330
17
100
AcDbEntity
  8
爆区方格网
 62
7
100
AcDbPolyline
 90
5
 70
1
 10
470103.0
 20
4349739.0
 10
470103.0
 20
4349740.0
 10
470104.0
 20
4349740.0
 10
470104.0
 20
4349739.0
 10
470103.0
 20
4349739.0
  0
TEXT
  5
30C
330
17
100
AcDbEntity
  8
0
 62
4
100
AcDbText
 10
470103.34
 20
4349739.43
 30
0.0
 40
0.1333
  1
0.87
  7
CN_TTF
 11
470103.34
 21
4349739.43
 31
0.0
100
AcDbText
  0
LWPOLYLINE
  5
30D
330
17
100
AcDbEntity
  8
爆区方格网
 62
7
100
AcDbPolyline
 90
5
 70
1
 10
470103.0
 20
4349740.0
 10
470103.0
 20
4349741.0
 10
470104.0
 20
4349741.0
 10
470104.0
 20
4349740.0
 10
470103.0
 20
4349740.0
  0
TEXT
  5
30E
330
17
100
AcDbEntity
  8
0
 62
4
100
AcDbText
 10
470103.34
 20
4349740.43
 30
0.0
 40
0.1333
  1
0.71
  7
CN_TTF
 11
470103.34
 21
4349740.43
 31
0.0
100
AcDbText
  0
LWPOLYLINE
  5
30F
330
17
100
AcDbEntity
  8
爆区方格网
 62
7
100
AcDbPolyline
 90
5
 70
1
 10
470103.0
 20
4349741.0
 10
470103.0
 20
4349742.0
 10
470104.0
 20
4349742.0
 10
470104.0
 20
4349741.0
 10
470103.0
 20
4349741.0
  0
TEXT
  5
310
330
17
100
AcDbEntity
  8
0
 62
4
100
AcDbText
 10
470103.34
 20
4349741.43
 30
0.0
 40
0.1333
  1
0.71
  7
CN_TTF
 11
470103.34
 21
4349741.43
 31
0.0
100
AcDbText
  0
LWPOLYLINE
  5
311
330
17
100
AcDbEntity
  8
爆区方格网
 62
7
100
AcDbPolyline
 90
5
 70
1
 10
470103.0
 20
4349742.0
 10
470103.0
 20
4349743.0
 10
470104.0
 20
4349743.0
 10
470104.0
 20
4349742.0
 10
470103.0
 20
4349742.0
  0
TEXT
  5
312
330
17
100
AcDbEntity
  8
0
 62
4
100
AcDbText
 10
470103.34
 20
4349742.43
 30
0.0
 40
0.1333
  1
0.71
  7
CN_TTF
 11
470103.34
 21
4349742.43
 31
0.0
100
AcDbText
  0
LWPOLYLINE
  5
313
330
17
100
AcDbEntity
  8
爆区方格网
 62
7
100
AcDbPolyline
 90
5
 70
1
 10
470103.0
 20
4349743.0
 10
470103.0
 20
4349744.0
 10
470104.0
 20
4349744.0
 10
470104.0
 20
4349743.0
 10
470103.0
 20
4349743.0
  0
TEXT
  5
314
330
17
100
AcDbEntity
  8
0
 62
4
100
AcDbText
 10
470103.34
 20
4349743.43
 30
0.0
 40
0.1333
  1
0.71
  7
CN_TTF
 11
470103.34
 21
4349743.43
 31
0.0
100
AcDbText
  0
LWPOLYLINE
  5
315
330
17
100
AcDbEntity
  8
爆区方格网
 62
7
100
AcDbPolyline
 90
5
 70
1
 10
470103.0
 20
4349744.0
 10
470103.0
 20
4349745.0
 10
470104.0
 20
4349745.0
 10
470104.0
 20
4349744.0
 10
470103.0
 20
4349744.0
  0
TEXT
  5
316
330
17
100
AcDbEntity
  8
0
 62
4
100
AcDbText
 10
470103.34
 20
4349744.43
 30
0.0
 40
0.1333
  1
0.71
  7
CN_TTF
 11
470103.34
 21
4349744.43
 31
0.0
100
AcDbText
  0
LWPOLYLINE
  5
317
330
17
100
AcDbEntity
  8
爆区方格网
 62
7
100
AcDbPolyline
 90
5
 70
1
 10
470103.0
 20
4349745.0
 10
470103.0
 20
4349746.0
 10
470104.0
 20
4349746.0
 10
470104.0
 20
4349745.0
 10
470103.0
 20
4349745.0
  0
TEXT
  5
318
330
17
100
AcDbEntity
  8
0
 62
4
100
AcDbText
 10
470103.34
 20
4349745.43
 30
0.0
 40
0.1333
  1
0.71
  7
CN_TTF
 11
470103.34
 21
4349745.43
 31
0.0
100
AcDbText
  0
LWPOLYLINE
  5
319
330
17
100
AcDbEntity
  8
爆区方格网
 62
7
100
AcDbPolyline
 90
5
 70
1
 10
470103.0
 20
4349746.0
 10
470103.0
 20
4349747.0
 10
470104.0
 20
4349747.0
 10
470104.0
 20
4349746.0
 10
470103.0
 20
4349746.0
  0
TEXT
  5
31A
330
17
100
AcDbEntity
  8
0
 62
4
100
AcDbText
 10
470103.34
 20
4349746.43
 30
0.0
 40
0.1333
  1
0.71
  7
CN_TTF
 11
470103.34
 21
4349746.43
 31
0.0
100
AcDbText
  0
LWPOLYLINE
  5
31B
330
17
100
AcDbEntity
  8
爆区方格网
 62
7
100
AcDbPolyline
 90
5
 70
1
 10
470103.0
 20
4349747.0
 10
470103.0
 20
4349748.0
 10
470104.0
 20
4349748.0
 10
470104.0
 20
4349747.0
 10
470103.0
 20
4349747.0
  0
TEXT
  5
31C
330
17
100
AcDbEntity
  8
0
 62
4
100
AcDbText
 10
470103.34
 20
4349747.43
 30
0.0
 40
0.1333
  1
0.71
  7
CN_TTF
 11
470103.34
 21
4349747.43
 31
0.0
100
AcDbText
  0
LWPOLYLINE
  5
31D
330
17
100
AcDbEntity
  8
爆区方格网
 62
7
100
AcDbPolyline
 90
5
 70
1
 10
470103.0
 20
4349748.0
 10
470103.0
 20
4349749.0
 10
470104.0
 20
4349749.0
 10
470104.0
 20
4349748.0
 10
470103.0
 20
4349748.0
  0
TEXT
  5
31E
330
17
100
AcDbEntity
  8
0
 62
4
100
AcDbText
 10
470103.34
 20
4349748.43
 30
0.0
 40
0.1333
  1
0.51
  7
CN_TTF
 11
470103.34
 21
4349748.43
 31
0.0
100
AcDbText
  0
LWPOLYLINE
  5
31F
330
17
100
AcDbEntity
  8
爆区方格网
 62
7
100
AcDbPolyline
 90
5
 70
1
 10
470103.0
 20
4349749.0
 10
470103.0
 20
4349750.0
 10
470104.0
 20
4349750.0
 10
470104.0
 20
4349749.0
 10
470103.0
 20
4349749.0
  0
TEXT
  5
320
330
17
100
AcDbEntity
  8
0
 62
4
100
AcDbText
 10
470103.34
 20
4349749.43
 30
0.0
 40
0.1333
  1
0.51
  7
CN_TTF
 11
470103.34
 21
4349749.43
 31
0.0
100
AcDbText
  0
LWPOLYLINE
  5
321
330
17
100
AcDbEntity
  8
爆区方格网
 62
7
100
AcDbPolyline
 90
5
 70
1
 10
470103.0
 20
4349750.0
 10
470103.0
 20
4349751.0
 10
470104.0
 20
4349751.0
 10
470104.0
 20
4349750.0
 10
470103.0
 20
4349750.0
  0
TEXT
  5
322
330
17
100
AcDbEntity
  8
0
 62
4
100
AcDbText
 10
470103.34
 20
4349750.43
 30
0.0
 40
0.1333
  1
0.51
  7
CN_TTF
 11
470103.34
 21
4349750.43
 31
0.0
100
AcDbText
  0
LWPOLYLINE
  5
323
330
17
100
AcDbEntity
  8
爆区方格网
 62
7
100
AcDbPolyline
 90
5
 70
1
 10
470103.0
 20
4349751.0
 10
470103.0
 20
4349752.0
 10
470104.0
 20
4349752.0
 10
470104.0
 20
4349751.0
 10
470103.0
 20
4349751.0
  0
TEXT
  5
324
330
17
100
AcDbEntity
  8
0
 62
4
100
AcDbText
 10
470103.34
 20
4349751.43
 30
0.0
 40
0.1333
  1
0.51
  7
CN_TTF
 11
470103.34
 21
4349751.43
 31
0.0
100
AcDbText
  0
LWPOLYLINE
  5
325
330
17
100
AcDbEntity
  8
爆区方格网
 62
7
100
AcDbPolyline
 90
5
 70
1
 10
470103.0
 20
4349752.0
 10
470103.0
 20
4349753.0
 10
470104.0
 20
4349753.0
 10
470104.0
 20
4349752.0
 10
470103.0
 20
4349752.0
  0
TEXT
  5
326
330
17
100
AcDbEntity
  8
0
 62
4
100
AcDbText
 10
470103.34
 20
4349752.43
 30
0.0
 40
0.1333
  1
0.51
  7
CN_TTF
 11
470103.34
 21
4349752.43
 31
0.0
100
AcDbText
  0
LWPOLYLINE
  5
327
330
17
100
AcDbEntity
  8
爆区方格网
 62
7
100
AcDbPolyline
 90
6
 70
1
 10
470104.0
 20
4349753.0
 10
470103.0
 20
4349753.0
 10
470103.0
 20
4349753.614904807
 10
470103.5599975586
 20
4349753.2998046875
 10
470104.0
 20
4349753.158394363
 10
470104.0
 20
4349753.0
  0
TEXT
  5
328
330
17
100
AcDbEntity
  8
0
 62
4
100
AcDbText
 10
470102.9799993901
 20
4349753.387354746
 30
0.0
 40
0.1333
  1
0.51
  7
CN_TTF
 11
470102.9799993901
 21
4349753.387354746
 31
0.0
100
AcDbText
  0
LWPOLYLINE
  5
329
330
17
100
AcDbEntity
  8
爆区方格网
 62
7
100
AcDbPolyline
 90
5
 70
1
 10
470104.0
 20
4349735.0
 10
470105.0
 20
4349735.0
 10
470105.0
 20
4349734.124941727
 10
470104.0
 20
4349734.976586495
 10
470104.0
 20
4349735.0
  0
TEXT
  5
32A
330
17
100
AcDbEntity
  8
0
 62
4
100
AcDbText
 10
470104.59
 20
4349734.480764111
 30
0.0
 40
0.1333
  1
0.87
  7
CN_TTF
 11
470104.59
 21
4349734.480764111
 31
0.0
100
AcDbText
  0
LWPOLYLINE
  5
32B
330
17
100
AcDbEntity
  8
爆区方格网
 62
7
100
AcDbPolyline
 90
5
 70
1
 10
470104.0
 20
4349735.0
 10
470104.0
 20
4349736.0
 10
470105.0
 20
4349736.0
 10
470105.0
 20
4349735.0
 10
470104.0
 20
4349735.0
  0
TEXT
  5
32C
330
17
100
AcDbEntity
  8
0
 62
4
100
AcDbText
 10
470104.34
 20
4349735.43
 30
0.0
 40
0.1333
  1
0.87
  7
CN_TTF
 11
470104.34
 21
4349735.43
 31
0.0
100
AcDbText
  0
LWPOLYLINE
  5
32D
330
17
100
AcDbEntity
  8
爆区方格网
 62
7
100
AcDbPolyline
 90
5
 70
1
 10
470104.0
 20
4349736.0
 10
470104.0
 20
4349737.0
 10
470105.0
 20
4349737.0
 10
470105.0
 20
4349736.0
 10
470104.0
 20
4349736.0
  0
TEXT
  5
32E
330
17
100
AcDbEntity
  8
0
 62
4
100
AcDbText
 10
470104.34
 20
4349736.43
 30
0.0
 40
0.1333
  1
0.87
  7
CN_TTF
 11
470104.34
 21
4349736.43
 31
0.0
100
AcDbText
  0
LWPOLYLINE
  5
32F
330
17
100
AcDbEntity
  8
爆区方格网
 62
7
100
AcDbPolyline
 90
5
 70
1
 10
470104.0
 20
4349737.0
 10
470104.0
 20
4349738.0
 10
470105.0
 20
4349738.0
 10
470105.0
 20
4349737.0
 10
470104.0
 20
4349737.0
  0
TEXT
  5
330
330
17
100
AcDbEntity
  8
0
 62
4
100
AcDbText
 10
470104.34
 20
4349737.43
 30
0.0
 40
0.1333
  1
0.87
  7
CN_TTF
 11
470104.34
 21
4349737.43
 31
0.0
100
AcDbText
  0
LWPOLYLINE
  5
331
330
17
100
AcDbEntity
  8
爆区方格网
 62
7
100
AcDbPolyline
 90
5
 70
1
 10
470104.0
 20
4349738.0
 10
470104.0
 20
4349739.0
 10
470105.0
 20
4349739.0
 10
470105.0
 20
4349738.0
 10
470104.0
 20
4349738.0
  0
TEXT
  5
332
330
17
100
AcDbEntity
  8
0
 62
4
100
AcDbText
 10
470104.34
 20
4349738.43
 30
0.0
 40
0.1333
  1
0.87
  7
CN_TTF
 11
470104.34
 21
4349738.43
 31
0.0
100
AcDbText
  0
LWPOLYLINE
  5
333
330
17
100
AcDbEntity
  8
爆区方格网
 62
7
100
AcDbPolyline
 90
5
 70
1
 10
470104.0
 20
4349739.0
 10
470104.0
 20
4349740.0
 10
470105.0
 20
4349740.0
 10
470105.0
 20
4349739.0
 10
470104.0
 20
4349739.0
  0
TEXT
  5
334
330
17
100
AcDbEntity
  8
0
 62
4
100
AcDbText
 10
470104.34
 20
4349739.43
 30
0.0
 40
0.1333
  1
0.87
  7
CN_TTF
 11
470104.34
 21
4349739.43
 31
0.0
100
AcDbText
  0
LWPOLYLINE
  5
335
330
17
100
AcDbEntity
  8
爆区方格网
 62
7
100
AcDbPolyline
 90
5
 70
1
 10
470104.0
 20
4349740.0
 10
470104.0
 20
4349741.0
 10
470105.0
 20
4349741.0
 10
470105.0
 20
4349740.0
 10
470104.0
 20
4349740.0
  0
TEXT
  5
336
330
17
100
AcDbEntity
  8
0
 62
4
100
AcDbText
 10
470104.34
 20
4349740.43
 30
0.0
 40
0.1333
  1
0.71
  7
CN_TTF
 11
470104.34
 21
4349740.43
 31
0.0
100
AcDbText
  0
LWPOLYLINE
  5
337
330
17
100
AcDbEntity
  8
爆区方格网
 62
7
100
AcDbPolyline
 90
5
 70
1
 10
470104.0
 20
4349741.0
 10
470104.0
 20
4349742.0
 10
470105.0
 20
4349742.0
 10
470105.0
 20
4349741.0
 10
470104.0
 20
4349741.0
  0
TEXT
  5
338
330
17
100
AcDbEntity
  8
0
 62
4
100
AcDbText
 10
470104.34
 20
4349741.43
 30
0.0
 40
0.1333
  1
0.71
  7
CN_TTF
 11
470104.34
 21
4349741.43
 31
0.0
100
AcDbText
  0
LWPOLYLINE
  5
339
330
17
100
AcDbEntity
  8
爆区方格网
 62
7
100
AcDbPolyline
 90
5
 70
1
 10
470104.0
 20
4349742.0
 10
470104.0
 20
4349743.0
 10
470105.0
 20
4349743.0
 10
470105.0
 20
4349742.0
 10
470104.0
 20
4349742.0
  0
TEXT
  5
33A
330
17
100
AcDbEntity
  8
0
 62
4
100
AcDbText
 10
470104.34
 20
4349742.43
 30
0.0
 40
0.1333
  1
0.71
  7
CN_TTF
 11
470104.34
 21
4349742.43
 31
0.0
100
AcDbText
  0
LWPOLYLINE
  5
33B
330
17
100
AcDbEntity
  8
爆区方格网
 62
7
100
AcDbPolyline
 90
5
 70
1
 10
470104.0
 20
4349743.0
 10
470104.0
 20
4349744.0
 10
470105.0
 20
4349744.0
 10
470105.0
 20
4349743.0
 10
470104.0
 20
4349743.0
  0
TEXT
  5
33C
330
17
100
AcDbEntity
  8
0
 62
4
100
AcDbText
 10
470104.34
 20
4349743.43
 30
0.0
 40
0.1333
  1
0.71
  7
CN_TTF
 11
470104.34
 21
4349743.43
 31
0.0
100
AcDbText
  0
LWPOLYLINE
  5
33D
330
17
100
AcDbEntity
  8
爆区方格网
 62
7
100
AcDbPolyline
 90
5
 70
1
 10
470104.0
 20
4349744.0
 10
470104.0
 20
4349745.0
 10
470105.0
 20
4349745.0
 10
470105.0
 20
4349744.0
 10
470104.0
 20
4349744.0
  0
TEXT
  5
33E
330
17
100
AcDbEntity
  8
0
 62
4
100
AcDbText
 10
470104.34
 20
4349744.43
 30
0.0
 40
0.1333
  1
0.71
  7
CN_TTF
 11
470104.34
 21
4349744.43
 31
0.0
100
AcDbText
  0
LWPOLYLINE
  5
33F
330
17
100
AcDbEntity
  8
爆区方格网
 62
7
100
AcDbPolyline
 90
5
 70
1
 10
470104.0
 20
4349745.0
 10
470104.0
 20
4349746.0
 10
470105.0
 20
4349746.0
 10
470105.0
 20
4349745.0
 10
470104.0
 20
4349745.0
  0
TEXT
  5
340
330
17
100
AcDbEntity
  8
0
 62
4
100
AcDbText
 10
470104.34
 20
4349745.43
 30
0.0
 40
0.1333
  1
0.71
  7
CN_TTF
 11
470104.34
 21
4349745.43
 31
0.0
100
AcDbText
  0
LWPOLYLINE
  5
341
330
17
100
AcDbEntity
  8
爆区方格网
 62
7
100
AcDbPolyline
 90
5
 70
1
 10
470104.0
 20
4349746.0
 10
470104.0
 20
4349747.0
 10
470105.0
 20
4349747.0
 10
470105.0
 20
4349746.0
 10
470104.0
 20
4349746.0
  0
TEXT
  5
342
330
17
100
AcDbEntity
  8
0
 62
4
100
AcDbText
 10
470104.34
 20
4349746.43
 30
0.0
 40
0.1333
  1
0.71
  7
CN_TTF
 11
470104.34
 21
4349746.43
 31
0.0
100
AcDbText
  0
LWPOLYLINE
  5
343
330
17
100
AcDbEntity
  8
爆区方格网
 62
7
100
AcDbPolyline
 90
5
 70
1
 10
470104.0
 20
4349747.0
 10
470104.0
 20
4349748.0
 10
470105.0
 20
4349748.0
 10
470105.0
 20
4349747.0
 10
470104.0
 20
4349747.0
  0
TEXT
  5
344
330
17
100
AcDbEntity
  8
0
 62
4
100
AcDbText
 10
470104.34
 20
4349747.43
 30
0.0
 40
0.1333
  1
0.82
  7
CN_TTF
 11
470104.34
 21
4349747.43
 31
0.0
100
AcDbText
  0
LWPOLYLINE
  5
345
330
17
100
AcDbEntity
  8
爆区方格网
 62
7
100
AcDbPolyline
 90
5
 70
1
 10
470104.0
 20
4349748.0
 10
470104.0
 20
4349749.0
 10
470105.0
 20
4349749.0
 10
470105.0
 20
4349748.0
 10
470104.0
 20
4349748.0
  0
TEXT
  5
346
330
17
100
AcDbEntity
  8
0
 62
4
100
AcDbText
 10
470104.34
 20
4349748.43
 30
0.0
 40
0.1333
  1
0.82
  7
CN_TTF
 11
470104.34
 21
4349748.43
 31
0.0
100
AcDbText
  0
LWPOLYLINE
  5
347
330
17
100
AcDbEntity
  8
爆区方格网
 62
7
100
AcDbPolyline
 90
5
 70
1
 10
470104.0
 20
4349749.0
 10
470104.0
 20
4349750.0
 10
470105.0
 20
4349750.0
 10
470105.0
 20
4349749.0
 10
470104.0
 20
4349749.0
  0
TEXT
  5
348
330
17
100
AcDbEntity
  8
0
 62
4
100
AcDbText
 10
470104.34
 20
4349749.43
 30
0.0
 40
0.1333
  1
0.82
  7
CN_TTF
 11
470104.34
 21
4349749.43
 31
0.0
100
AcDbText
  0
LWPOLYLINE
  5
349
330
17
100
AcDbEntity
  8
爆区方格网
 62
7
100
AcDbPolyline
 90
5
 70
1
 10
470104.0
 20
4349750.0
 10
470104.0
 20
4349751.0
 10
470105.0
 20
4349751.0
 10
470105.0
 20
4349750.0
 10
470104.0
 20
4349750.0
  0
TEXT
  5
34A
330
17
100
AcDbEntity
  8
0
 62
4
100
AcDbText
 10
470104.34
 20
4349750.43
 30
0.0
 40
0.1333
  1
0.82
  7
CN_TTF
 11
470104.34
 21
4349750.43
 31
0.0
100
AcDbText
  0
LWPOLYLINE
  5
34B
330
17
100
AcDbEntity
  8
爆区方格网
 62
7
100
AcDbPolyline
 90
5
 70
1
 10
470104.0
 20
4349751.0
 10
470104.0
 20
4349752.0
 10
470105.0
 20
4349752.0
 10
470105.0
 20
4349751.0
 10
470104.0
 20
4349751.0
  0
TEXT
  5
34C
330
17
100
AcDbEntity
  8
0
 62
4
100
AcDbText
 10
470104.34
 20
4349751.43
 30
0.0
 40
0.1333
  1
0.82
  7
CN_TTF
 11
470104.34
 21
4349751.43
 31
0.0
100
AcDbText
  0
LWPOLYLINE
  5
34D
330
17
100
AcDbEntity
  8
爆区方格网
 62
7
100
AcDbPolyline
 90
7
 70
1
 10
470105.0
 20
4349752.0
 10
470104.0
 20
4349752.0
 10
470104.0
 20
4349753.0
 10
470104.4928487829
 20
4349753.0
 10
470104.6217738227
 20
4349752.958565385
 10
470105.0
 20
4349752.837009044
 10
470105.0
 20
4349752.0
  0
TEXT
  5
34E
330
17
100
AcDbEntity
  8
0
 62
4
100
AcDbText
 10
470104.34
 20
4349752.348504522
 30
0.0
 40
0.1333
  1
0.51
  7
CN_TTF
 11
470104.34
 21
4349752.348504522
 31
0.0
100
AcDbText
  0
LWPOLYLINE
  5
34F
330
17
100
AcDbEntity
  8
爆区方格网
 62
7
100
AcDbPolyline
 90
4
 70
1
 10
470104.0
 20
4349753.0
 10
470104.0
 20
4349753.158394363
 10
470104.4928487829
 20
4349753.0
 10
470104.0
 20
4349753.0
  0
TEXT
  5
350
330
17
100
AcDbEntity
  8
0
 62
4
100
AcDbText
 10
470103.9632121957
 20
4349753.009197181
 30
0.0
 40
0.1333
  1
0.51
  7
CN_TTF
 11
470103.9632121957
 21
4349753.009197181
 31
0.0
100
AcDbText
  0
LWPOLYLINE
  5
351
330
17
100
AcDbEntity
  8
爆区方格网
 62
7
100
AcDbPolyline
 90
4
 70
1
 10
470105.49232607574
 20
4349734.0
 10
470105.23500061035
 20
4349733.9248046875
 10
470105.1467063879
 20
4349734.0
 10
470105.49232607574
 20
4349734.0
  0
TEXT
  5
352
330
17
100
AcDbEntity
  8
0
 62
4
100
AcDbText
 10
470105.1172584211
 20
4349733.892402343
 30
0.0
 40
0.1333
  1
0.87
  7
CN_TTF
 11
470105.1172584211
 21
4349733.892402343
 31
0.0
100
AcDbText
  0
LWPOLYLINE
  5
353
330
17
100
AcDbEntity
  8
爆区方格网
 62
7
100
AcDbPolyline
 90
7
 70
1
 10
470105.0
 20
4349735.0
 10
470106.0
 20
4349735.0
 10
470106.0
 20
4349734.148351814
 10
470105.49232607574
 20
4349734.0
 10
470105.1467063879
 20
4349734.0
 10
470105.0
 20
4349734.124941727
 10
470105.0
 20
4349735.0
  0
TEXT
  5
354
330
17
100
AcDbEntity
  8
0
 62
4
100
AcDbText
 10
470105.34
 20
4349734.504175907
 30
0.0
 40
0.1333
  1
0.87
  7
CN_TTF
 11
470105.34
 21
4349734.504175907
 31
0.0
100
AcDbText
  0
LWPOLYLINE
  5
355
330
17
100
AcDbEntity
  8
爆区方格网
 62
7
100
AcDbPolyline
 90
5
 70
1
 10
470105.0
 20
4349735.0
 10
470105.0
 20
4349736.0
 10
470106.0
 20
4349736.0
 10
470106.0
 20
4349735.0
 10
470105.0
 20
4349735.0
  0
TEXT
  5
356
330
17
100
AcDbEntity
  8
0
 62
4
100
AcDbText
 10
470105.34
 20
4349735.43
 30
0.0
 40
0.1333
  1
0.87
  7
CN_TTF
 11
470105.34
 21
4349735.43
 31
0.0
100
AcDbText
  0
LWPOLYLINE
  5
357
330
17
100
AcDbEntity
  8
爆区方格网
 62
7
100
AcDbPolyline
 90
5
 70
1
 10
470105.0
 20
4349736.0
 10
470105.0
 20
4349737.0
 10
470106.0
 20
4349737.0
 10
470106.0
 20
4349736.0
 10
470105.0
 20
4349736.0
  0
TEXT
  5
358
330
17
100
AcDbEntity
  8
0
 62
4
100
AcDbText
 10
470105.34
 20
4349736.43
 30
0.0
 40
0.1333
  1
0.87
  7
CN_TTF
 11
470105.34
 21
4349736.43
 31
0.0
100
AcDbText
  0
LWPOLYLINE
  5
359
330
17
100
AcDbEntity
  8
爆区方格网
 62
7
100
AcDbPolyline
 90
5
 70
1
 10
470105.0
 20
4349737.0
 10
470105.0
 20
4349738.0
 10
470106.0
 20
4349738.0
 10
470106.0
 20
4349737.0
 10
470105.0
 20
4349737.0
  0
TEXT
  5
35A
330
17
100
AcDbEntity
  8
0
 62
4
100
AcDbText
 10
470105.34
 20
4349737.43
 30
0.0
 40
0.1333
  1
0.87
  7
CN_TTF
 11
470105.34
 21
4349737.43
 31
0.0
100
AcDbText
  0
LWPOLYLINE
  5
35B
330
17
100
AcDbEntity
  8
爆区方格网
 62
7
100
AcDbPolyline
 90
5
 70
1
 10
470105.0
 20
4349738.0
 10
470105.0
 20
4349739.0
 10
470106.0
 20
4349739.0
 10
470106.0
 20
4349738.0
 10
470105.0
 20
4349738.0
  0
TEXT
  5
35C
330
17
100
AcDbEntity
  8
0
 62
4
100
AcDbText
 10
470105.34
 20
4349738.43
 30
0.0
 40
0.1333
  1
0.87
  7
CN_TTF
 11
470105.34
 21
4349738.43
 31
0.0
100
AcDbText
  0
LWPOLYLINE
  5
35D
330
17
100
AcDbEntity
  8
爆区方格网
 62
7
100
AcDbPolyline
 90
5
 70
1
 10
470105.0
 20
4349739.0
 10
470105.0
 20
4349740.0
 10
470106.0
 20
4349740.0
 10
470106.0
 20
4349739.0
 10
470105.0
 20
4349739.0
  0
TEXT
  5
35E
330
17
100
AcDbEntity
  8
0
 62
4
100
AcDbText
 10
470105.34
 20
4349739.43
 30
0.0
 40
0.1333
  1
0.87
  7
CN_TTF
 11
470105.34
 21
4349739.43
 31
0.0
100
AcDbText
  0
LWPOLYLINE
  5
35F
330
17
100
AcDbEntity
  8
爆区方格网
 62
7
100
AcDbPolyline
 90
5
 70
1
 10
470105.0
 20
4349740.0
 10
470105.0
 20
4349741.0
 10
470106.0
 20
4349741.0
 10
470106.0
 20
4349740.0
 10
470105.0
 20
4349740.0
  0
TEXT
  5
360
330
17
100
AcDbEntity
  8
0
 62
4
100
AcDbText
 10
470105.34
 20
4349740.43
 30
0.0
 40
0.1333
  1
0.71
  7
CN_TTF
 11
470105.34
 21
4349740.43
 31
0.0
100
AcDbText
  0
LWPOLYLINE
  5
361
330
17
100
AcDbEntity
  8
爆区方格网
 62
7
100
AcDbPolyline
 90
5
 70
1
 10
470105.0
 20
4349741.0
 10
470105.0
 20
4349742.0
 10
470106.0
 20
4349742.0
 10
470106.0
 20
4349741.0
 10
470105.0
 20
4349741.0
  0
TEXT
  5
362
330
17
100
AcDbEntity
  8
0
 62
4
100
AcDbText
 10
470105.34
 20
4349741.43
 30
0.0
 40
0.1333
  1
0.71
  7
CN_TTF
 11
470105.34
 21
4349741.43
 31
0.0
100
AcDbText
  0
LWPOLYLINE
  5
363
330
17
100
AcDbEntity
  8
爆区方格网
 62
7
100
AcDbPolyline
 90
5
 70
1
 10
470105.0
 20
4349742.0
 10
470105.0
 20
4349743.0
 10
470106.0
 20
4349743.0
 10
470106.0
 20
4349742.0
 10
470105.0
 20
4349742.0
  0
TEXT
  5
364
330
17
100
AcDbEntity
  8
0
 62
4
100
AcDbText
 10
470105.34
 20
4349742.43
 30
0.0
 40
0.1333
  1
0.71
  7
CN_TTF
 11
470105.34
 21
4349742.43
 31
0.0
100
AcDbText
  0
LWPOLYLINE
  5
365
330
17
100
AcDbEntity
  8
爆区方格网
 62
7
100
AcDbPolyline
 90
5
 70
1
 10
470105.0
 20
4349743.0
 10
470105.0
 20
4349744.0
 10
470106.0
 20
4349744.0
 10
470106.0
 20
4349743.0
 10
470105.0
 20
4349743.0
  0
TEXT
  5
366
330
17
100
AcDbEntity
  8
0
 62
4
100
AcDbText
 10
470105.34
 20
4349743.43
 30
0.0
 40
0.1333
  1
0.71
  7
CN_TTF
 11
470105.34
 21
4349743.43
 31
0.0
100
AcDbText
  0
LWPOLYLINE
  5
367
330
17
100
AcDbEntity
  8
爆区方格网
 62
7
100
AcDbPolyline
 90
5
 70
1
 10
470105.0
 20
4349744.0
 10
470105.0
 20
4349745.0
 10
470106.0
 20
4349745.0
 10
470106.0
 20
4349744.0
 10
470105.0
 20
4349744.0
  0
TEXT
  5
368
330
17
100
AcDbEntity
  8
0
 62
4
100
AcDbText
 10
470105.34
 20
4349744.43
 30
0.0
 40
0.1333
  1
0.71
  7
CN_TTF
 11
470105.34
 21
4349744.43
 31
0.0
100
AcDbText
  0
LWPOLYLINE
  5
369
330
17
100
AcDbEntity
  8
爆区方格网
 62
7
100
AcDbPolyline
 90
5
 70
1
 10
470105.0
 20
4349745.0
 10
470105.0
 20
4349746.0
 10
470106.0
 20
4349746.0
 10
470106.0
 20
4349745.0
 10
470105.0
 20
4349745.0
  0
TEXT
  5
36A
330
17
100
AcDbEntity
  8
0
 62
4
100
AcDbText
 10
470105.34
 20
4349745.43
 30
0.0
 40
0.1333
  1
0.71
  7
CN_TTF
 11
470105.34
 21
4349745.43
 31
0.0
100
AcDbText
  0
LWPOLYLINE
  5
36B
330
17
100
AcDbEntity
  8
爆区方格网
 62
7
100
AcDbPolyline
 90
5
 70
1
 10
470105.0
 20
4349746.0
 10
470105.0
 20
4349747.0
 10
470106.0
 20
4349747.0
 10
470106.0
 20
4349746.0
 10
470105.0
 20
4349746.0
  0
TEXT
  5
36C
330
17
100
AcDbEntity
  8
0
 62
4
100
AcDbText
 10
470105.34
 20
4349746.43
 30
0.0
 40
0.1333
  1
0.71
  7
CN_TTF
 11
470105.34
 21
4349746.43
 31
0.0
100
AcDbText
  0
LWPOLYLINE
  5
36D
330
17
100
AcDbEntity
  8
爆区方格网
 62
7
100
AcDbPolyline
 90
5
 70
1
 10
470105.0
 20
4349747.0
 10
470105.0
 20
4349748.0
 10
470106.0
 20
4349748.0
 10
470106.0
 20
4349747.0
 10
470105.0
 20
4349747.0
  0
TEXT
  5
36E
330
17
100
AcDbEntity
  8
0
 62
4
100
AcDbText
 10
470105.34
 20
4349747.43
 30
0.0
 40
0.1333
  1
0.82
  7
CN_TTF
 11
470105.34
 21
4349747.43
 31
0.0
100
AcDbText
  0
LWPOLYLINE
  5
36F
330
17
100
AcDbEntity
  8
爆区方格网
 62
7
100
AcDbPolyline
 90
5
 70
1
 10
470105.0
 20
4349748.0
 10
470105.0
 20
4349749.0
 10
470106.0
 20
4349749.0
 10
470106.0
 20
4349748.0
 10
470105.0
 20
4349748.0
  0
TEXT
  5
370
330
17
100
AcDbEntity
  8
0
 62
4
100
AcDbText
 10
470105.34
 20
4349748.43
 30
0.0
 40
0.1333
  1
0.82
  7
CN_TTF
 11
470105.34
 21
4349748.43
 31
0.0
100
AcDbText
  0
LWPOLYLINE
  5
371
330
17
100
AcDbEntity
  8
爆区方格网
 62
7
100
AcDbPolyline
 90
5
 70
1
 10
470105.0
 20
4349749.0
 10
470105.0
 20
4349750.0
 10
470106.0
 20
4349750.0
 10
470106.0
 20
4349749.0
 10
470105.0
 20
4349749.0
  0
TEXT
  5
372
330
17
100
AcDbEntity
  8
0
 62
4
100
AcDbText
 10
470105.34
 20
4349749.43
 30
0.0
 40
0.1333
  1
0.82
  7
CN_TTF
 11
470105.34
 21
4349749.43
 31
0.0
100
AcDbText
  0
LWPOLYLINE
  5
373
330
17
100
AcDbEntity
  8
爆区方格网
 62
7
100
AcDbPolyline
 90
5
 70
1
 10
470105.0
 20
4349750.0
 10
470105.0
 20
4349751.0
 10
470106.0
 20
4349751.0
 10
470106.0
 20
4349750.0
 10
470105.0
 20
4349750.0
  0
TEXT
  5
374
330
17
100
AcDbEntity
  8
0
 62
4
100
AcDbText
 10
470105.34
 20
4349750.43
 30
0.0
 40
0.1333
  1
0.82
  7
CN_TTF
 11
470105.34
 21
4349750.43
 31
0.0
100
AcDbText
  0
LWPOLYLINE
  5
375
330
17
100
AcDbEntity
  8
爆区方格网
 62
7
100
AcDbPolyline
 90
5
 70
1
 10
470105.0
 20
4349751.0
 10
470105.0
 20
4349752.0
 10
470106.0
 20
4349752.0
 10
470106.0
 20
4349751.0
 10
470105.0
 20
4349751.0
  0
TEXT
  5
376
330
17
100
AcDbEntity
  8
0
 62
4
100
AcDbText
 10
470105.34
 20
4349751.43
 30
0.0
 40
0.1333
  1
0.82
  7
CN_TTF
 11
470105.34
 21
4349751.43
 31
0.0
100
AcDbText
  0
LWPOLYLINE
  5
377
330
17
100
AcDbEntity
  8
爆区方格网
 62
7
100
AcDbPolyline
 90
5
 70
1
 10
470106.0
 20
4349752.0
 10
470105.0
 20
4349752.0
 10
470105.0
 20
4349752.837009044
 10
470106.0
 20
4349752.515623727
 10
470106.0
 20
4349752.0
  0
TEXT
  5
378
330
17
100
AcDbEntity
  8
0
 62
4
100
AcDbText
 10
470105.34
 20
4349752.187811863
 30
0.0
 40
0.1333
  1
0.82
  7
CN_TTF
 11
470105.34
 21
4349752.187811863
 31
0.0
100
AcDbText
  0
LWPOLYLINE
  5
379
330
17
100
AcDbEntity
  8
爆区方格网
 62
7
100
AcDbPolyline
 90
5
 70
1
 10
470106.0
 20
4349735.0
 10
470107.0
 20
4349735.0
 10
470107.0
 20
4349734.440570511
 10
470106.0
 20
4349734.148351814
 10
470106.0
 20
4349735.0
  0
TEXT
  5
37A
330
17
100
AcDbEntity
  8
0
 62
4
100
AcDbText
 10
470106.34
 20
4349734.650285255
 30
0.0
 40
0.1333
  1
0.87
  7
CN_TTF
 11
470106.34
 21
4349734.650285255
 31
0.0
100
AcDbText
  0
LWPOLYLINE
  5
37B
330
17
100
AcDbEntity
  8
爆区方格网
 62
7
100
AcDbPolyline
 90
5
 70
1
 10
470106.0
 20
4349735.0
 10
470106.0
 20
4349736.0
 10
470107.0
 20
4349736.0
 10
470107.0
 20
4349735.0
 10
470106.0
 20
4349735.0
  0
TEXT
  5
37C
330
17
100
AcDbEntity
  8
0
 62
4
100
AcDbText
 10
470106.34
 20
4349735.43
 30
0.0
 40
0.1333
  1
0.87
  7
CN_TTF
 11
470106.34
 21
4349735.43
 31
0.0
100
AcDbText
  0
LWPOLYLINE
  5
37D
330
17
100
AcDbEntity
  8
爆区方格网
 62
7
100
AcDbPolyline
 90
5
 70
1
 10
470106.0
 20
4349736.0
 10
470106.0
 20
4349737.0
 10
470107.0
 20
4349737.0
 10
470107.0
 20
4349736.0
 10
470106.0
 20
4349736.0
  0
TEXT
  5
37E
330
17
100
AcDbEntity
  8
0
 62
4
100
AcDbText
 10
470106.34
 20
4349736.43
 30
0.0
 40
0.1333
  1
0.87
  7
CN_TTF
 11
470106.34
 21
4349736.43
 31
0.0
100
AcDbText
  0
LWPOLYLINE
  5
37F
330
17
100
AcDbEntity
  8
爆区方格网
 62
7
100
AcDbPolyline
 90
5
 70
1
 10
470106.0
 20
4349737.0
 10
470106.0
 20
4349738.0
 10
470107.0
 20
4349738.0
 10
470107.0
 20
4349737.0
 10
470106.0
 20
4349737.0
  0
TEXT
  5
380
330
17
100
AcDbEntity
  8
0
 62
4
100
AcDbText
 10
470106.34
 20
4349737.43
 30
0.0
 40
0.1333
  1
0.87
  7
CN_TTF
 11
470106.34
 21
4349737.43
 31
0.0
100
AcDbText
  0
LWPOLYLINE
  5
381
330
17
100
AcDbEntity
  8
爆区方格网
 62
7
100
AcDbPolyline
 90
5
 70
1
 10
470106.0
 20
4349738.0
 10
470106.0
 20
4349739.0
 10
470107.0
 20
4349739.0
 10
470107.0
 20
4349738.0
 10
470106.0
 20
4349738.0
  0
TEXT
  5
382
330
17
100
AcDbEntity
  8
0
 62
4
100
AcDbText
 10
470106.34
 20
4349738.43
 30
0.0
 40
0.1333
  1
0.87
  7
CN_TTF
 11
470106.34
 21
4349738.43
 31
0.0
100
AcDbText
  0
LWPOLYLINE
  5
383
330
17
100
AcDbEntity
  8
爆区方格网
 62
7
100
AcDbPolyline
 90
5
 70
1
 10
470106.0
 20
4349739.0
 10
470106.0
 20
4349740.0
 10
470107.0
 20
4349740.0
 10
470107.0
 20
4349739.0
 10
470106.0
 20
4349739.0
  0
TEXT
  5
384
330
17
100
AcDbEntity
  8
0
 62
4
100
AcDbText
 10
470106.34
 20
4349739.43
 30
0.0
 40
0.1333
  1
0.87
  7
CN_TTF
 11
470106.34
 21
4349739.43
 31
0.0
100
AcDbText
  0
LWPOLYLINE
  5
385
330
17
100
AcDbEntity
  8
爆区方格网
 62
7
100
AcDbPolyline
 90
5
 70
1
 10
470106.0
 20
4349740.0
 10
470106.0
 20
4349741.0
 10
470107.0
 20
4349741.0
 10
470107.0
 20
4349740.0
 10
470106.0
 20
4349740.0
  0
TEXT
  5
386
330
17
100
AcDbEntity
  8
0
 62
4
100
AcDbText
 10
470106.34
 20
4349740.43
 30
0.0
 40
0.1333
  1
0.87
  7
CN_TTF
 11
470106.34
 21
4349740.43
 31
0.0
100
AcDbText
  0
LWPOLYLINE
  5
387
330
17
100
AcDbEntity
  8
爆区方格网
 62
7
100
AcDbPolyline
 90
6
 70
1
 10
470107.0
 20
4349741.0
 10
470106.0
 20
4349741.0
 10
470106.0
 20
4349742.0
 10
470106.9519818161
 20
4349742.0
 10
470107.0
 20
4349741.157427078
 10
470107.0
 20
4349741.0
  0
TEXT
  5
388
330
17
100
AcDbEntity
  8
0
 62
4
100
AcDbText
 10
470106.327995454
 20
4349741.508713539
 30
0.0
 40
0.1333
  1
0.71
  7
CN_TTF
 11
470106.327995454
 21
4349741.508713539
 31
0.0
100
AcDbText
  0
LWPOLYLINE
  5
389
330
17
100
AcDbEntity
  8
爆区方格网
 62
7
100
AcDbPolyline
 90
5
 70
1
 10
470106.0
 20
4349742.0
 10
470106.0
 20
4349743.0
 10
470106.8949918717
 20
4349743.0
 10
470106.9519818161
 20
4349742.0
 10
470106.0
 20
4349742.0
  0
TEXT
  5
38A
330
17
100
AcDbEntity
  8
0
 62
4
100
AcDbText
 10
470106.301743422
 20
4349742.43
 30
0.0
 40
0.1333
  1
0.71
  7
CN_TTF
 11
470106.301743422
 21
4349742.43
 31
0.0
100
AcDbText
  0
LWPOLYLINE
  5
38B
330
17
100
AcDbEntity
  8
爆区方格网
 62
7
100
AcDbPolyline
 90
7
 70
1
 10
470106.0
 20
4349743.0
 10
470106.0
 20
4349744.0
 10
470107.0
 20
4349744.0
 10
470107.0
 20
4349743.967852017
 10
470106.8575374518
 20
4349743.657211028
 10
470106.8949918717
 20
4349743.0
 10
470106.0
 20
4349743.0
  0
TEXT
  5
38C
330
17
100
AcDbEntity
  8
0
 62
4
100
AcDbText
 10
470106.2781323309
 20
4349743.258605514
 30
0.0
 40
0.1333
  1
0.71
  7
CN_TTF
 11
470106.2781323309
 21
4349743.258605514
 31
0.0
100
AcDbText
  0
LWPOLYLINE
  5
38D
330
17
100
AcDbEntity
  8
爆区方格网
 62
7
100
AcDbPolyline
 90
5
 70
1
 10
470106.0
 20
4349744.0
 10
470106.0
 20
4349745.0
 10
470107.0
 20
4349745.0
 10
470107.0
 20
4349744.0
 10
470106.0
 20
4349744.0
  0
TEXT
  5
38E
330
17
100
AcDbEntity
  8
0
 62
4
100
AcDbText
 10
470106.34
 20
4349744.43
 30
0.0
 40
0.1333
  1
0.71
  7
CN_TTF
 11
470106.34
 21
4349744.43
 31
0.0
100
AcDbText
  0
LWPOLYLINE
  5
38F
330
17
100
AcDbEntity
  8
爆区方格网
 62
7
100
AcDbPolyline
 90
5
 70
1
 10
470106.0
 20
4349745.0
 10
470106.0
 20
4349746.0
 10
470107.0
 20
4349746.0
 10
470107.0
 20
4349745.0
 10
470106.0
 20
4349745.0
  0
TEXT
  5
390
330
17
100
AcDbEntity
  8
0
 62
4
100
AcDbText
 10
470106.34
 20
4349745.43
 30
0.0
 40
0.1333
  1
0.71
  7
CN_TTF
 11
470106.34
 21
4349745.43
 31
0.0
100
AcDbText
  0
LWPOLYLINE
  5
391
330
17
100
AcDbEntity
  8
爆区方格网
 62
7
100
AcDbPolyline
 90
5
 70
1
 10
470106.0
 20
4349746.0
 10
470106.0
 20
4349747.0
 10
470107.0
 20
4349747.0
 10
470107.0
 20
4349746.0
 10
470106.0
 20
4349746.0
  0
TEXT
  5
392
330
17
100
AcDbEntity
  8
0
 62
4
100
AcDbText
 10
470106.34
 20
4349746.43
 30
0.0
 40
0.1333
  1
0.71
  7
CN_TTF
 11
470106.34
 21
4349746.43
 31
0.0
100
AcDbText
  0
LWPOLYLINE
  5
393
330
17
100
AcDbEntity
  8
爆区方格网
 62
7
100
AcDbPolyline
 90
5
 70
1
 10
470106.0
 20
4349747.0
 10
470106.0
 20
4349748.0
 10
470107.0
 20
4349748.0
 10
470107.0
 20
4349747.0
 10
470106.0
 20
4349747.0
  0
TEXT
  5
394
330
17
100
AcDbEntity
  8
0
 62
4
100
AcDbText
 10
470106.34
 20
4349747.43
 30
0.0
 40
0.1333
  1
0.82
  7
CN_TTF
 11
470106.34
 21
4349747.43
 31
0.0
100
AcDbText
  0
LWPOLYLINE
  5
395
330
17
100
AcDbEntity
  8
爆区方格网
 62
7
100
AcDbPolyline
 90
5
 70
1
 10
470106.0
 20
4349748.0
 10
470106.0
 20
4349749.0
 10
470107.0
 20
4349749.0
 10
470107.0
 20
4349748.0
 10
470106.0
 20
4349748.0
  0
TEXT
  5
396
330
17
100
AcDbEntity
  8
0
 62
4
100
AcDbText
 10
470106.34
 20
4349748.43
 30
0.0
 40
0.1333
  1
0.82
  7
CN_TTF
 11
470106.34
 21
4349748.43
 31
0.0
100
AcDbText
  0
LWPOLYLINE
  5
397
330
17
100
AcDbEntity
  8
爆区方格网
 62
7
100
AcDbPolyline
 90
5
 70
1
 10
470106.0
 20
4349749.0
 10
470106.0
 20
4349750.0
 10
470107.0
 20
4349750.0
 10
470107.0
 20
4349749.0
 10
470106.0
 20
4349749.0
  0
TEXT
  5
398
330
17
100
AcDbEntity
  8
0
 62
4
100
AcDbText
 10
470106.34
 20
4349749.43
 30
0.0
 40
0.1333
  1
0.82
  7
CN_TTF
 11
470106.34
 21
4349749.43
 31
0.0
100
AcDbText
  0
LWPOLYLINE
  5
399
330
17
100
AcDbEntity
  8
爆区方格网
 62
7
100
AcDbPolyline
 90
5
 70
1
 10
470106.0
 20
4349750.0
 10
470106.0
 20
4349751.0
 10
470107.0
 20
4349751.0
 10
470107.0
 20
4349750.0
 10
470106.0
 20
4349750.0
  0
TEXT
  5
39A
330
17
100
AcDbEntity
  8
0
 62
4
100
AcDbText
 10
470106.34
 20
4349750.43
 30
0.0
 40
0.1333
  1
0.82
  7
CN_TTF
 11
470106.34
 21
4349750.43
 31
0.0
100
AcDbText
  0
LWPOLYLINE
  5
39B
330
17
100
AcDbEntity
  8
爆区方格网
 62
7
100
AcDbPolyline
 90
5
 70
1
 10
470106.0
 20
4349751.0
 10
470106.0
 20
4349752.0
 10
470107.0
 20
4349752.0
 10
470107.0
 20
4349751.0
 10
470106.0
 20
4349751.0
  0
TEXT
  5
39C
330
17
100
AcDbEntity
  8
0
 62
4
100
AcDbText
 10
470106.34
 20
4349751.43
 30
0.0
 40
0.1333
  1
0.82
  7
CN_TTF
 11
470106.34
 21
4349751.43
 31
0.0
100
AcDbText
  0
LWPOLYLINE
  5
39D
330
17
100
AcDbEntity
  8
爆区方格网
 62
7
100
AcDbPolyline
 90
5
 70
1
 10
470107.0
 20
4349752.0
 10
470106.0
 20
4349752.0
 10
470106.0
 20
4349752.515623727
 10
470107.0
 20
4349752.1942384085
 10
470107.0
 20
4349752.0
  0
TEXT
  5
39E
330
17
100
AcDbEntity
  8
0
 62
4
100
AcDbText
 10
470106.09
 20
4349752.284931067
 30
0.0
 40
0.1333
  1
0.82
  7
CN_TTF
 11
470106.09
 21
4349752.284931067
 31
0.0
100
AcDbText
  0
LWPOLYLINE
  5
39F
330
17
100
AcDbEntity
  8
爆区方格网
 62
7
100
AcDbPolyline
 90
5
 70
1
 10
470107.0
 20
4349735.0
 10
470108.0
 20
4349735.0
 10
470108.0
 20
4349734.732789209
 10
470107.0
 20
4349734.440570511
 10
470107.0
 20
4349735.0
  0
TEXT
  5
3A0
330
17
100
AcDbEntity
  8
0
 62
4
100
AcDbText
 10
470107.09
 20
4349734.51667986
 30
0.0
 40
0.1333
  1
0.87
  7
CN_TTF
 11
470107.09
 21
4349734.51667986
 31
0.0
100
AcDbText
  0
LWPOLYLINE
  5
3A1
330
17
100
AcDbEntity
  8
爆区方格网
 62
7
100
AcDbPolyline
 90
6
 70
1
 10
470108.0
 20
4349735.0
 10
470107.0
 20
4349735.0
 10
470107.0
 20
4349736.0
 10
470107.6585808987
 20
4349736.0
 10
470108.0
 20
4349735.094813927
 10
470108.0
 20
4349735.0
  0
TEXT
  5
3A2
330
17
100
AcDbEntity
  8
0
 62
4
100
AcDbText
 10
470107.2546452246
 20
4349735.477406964
 30
0.0
 40
0.1333
  1
0.87
  7
CN_TTF
 11
470107.2546452246
 21
4349735.477406964
 31
0.0
100
AcDbText
  0
LWPOLYLINE
  5
3A3
330
17
100
AcDbEntity
  8
爆区方格网
 62
7
100
AcDbPolyline
 90
5
 70
1
 10
470107.0
 20
4349736.0
 10
470107.0
 20
4349737.0
 10
470107.28139977384
 20
4349737.0
 10
470107.6585808987
 20
4349736.0
 10
470107.0
 20
4349736.0
  0
TEXT
  5
3A4
330
17
100
AcDbEntity
  8
0
 62
4
100
AcDbText
 10
470107.0749951682
 20
4349736.43
 30
0.0
 40
0.1333
  1
0.87
  7
CN_TTF
 11
470107.0749951682
 21
4349736.43
 31
0.0
100
AcDbText
  0
LWPOLYLINE
  5
3A5
330
17
100
AcDbEntity
  8
爆区方格网
 62
7
100
AcDbPolyline
 90
6
 70
1
 10
470107.0
 20
4349737.0
 10
470107.0
 20
4349738.0
 10
470107.1799415935
 20
4349738.0
 10
470107.22901675926
 20
4349737.138880265
 10
470107.28139977384
 20
4349737.0
 10
470107.0
 20
4349737.0
  0
TEXT
  5
3A6
330
17
100
AcDbEntity
  8
0
 62
4
100
AcDbText
 10
470106.9422395882
 20
4349737.499440132
 30
0.0
 40
0.1333
  1
0.87
  7
CN_TTF
 11
470106.9422395882
 21
4349737.499440132
 31
0.0
100
AcDbText
  0
LWPOLYLINE
  5
3A7
330
17
100
AcDbEntity
  8
爆区方格网
 62
7
100
AcDbPolyline
 90
5
 70
1
 10
470107.0
 20
4349738.0
 10
470107.0
 20
4349739.0
 10
470107.12295164913
 20
4349739.0
 10
470107.1799415935
 20
4349738.0
 10
470107.0
 20
4349738.0
  0
TEXT
  5
3A8
330
17
100
AcDbEntity
  8
0
 62
4
100
AcDbText
 10
470106.91572331067
 20
4349738.43
 30
0.0
 40
0.1333
  1
0.87
  7
CN_TTF
 11
470106.91572331067
 21
4349738.43
 31
0.0
100
AcDbText
  0
LWPOLYLINE
  5
3A9
330
17
100
AcDbEntity
  8
爆区方格网
 62
7
100
AcDbPolyline
 90
5
 70
1
 10
470107.0
 20
4349739.0
 10
470107.0
 20
4349740.0
 10
470107.06596170476
 20
4349740.0
 10
470107.12295164913
 20
4349739.0
 10
470107.0
 20
4349739.0
  0
TEXT
  5
3AA
330
17
100
AcDbEntity
  8
0
 62
4
100
AcDbText
 10
470106.88722833846
 20
4349739.43
 30
0.0
 40
0.1333
  1
0.87
  7
CN_TTF
 11
470106.88722833846
 21
4349739.43
 31
0.0
100
AcDbText
  0
LWPOLYLINE
  5
3AB
330
17
100
AcDbEntity
  8
爆区方格网
 62
7
100
AcDbPolyline
 90
7
 70
1
 10
470107.0
 20
4349740.0
 10
470107.0
 20
4349741.0
 10
470107.00897176046
 20
4349741.0
 10
470107.03514679463
 20
4349740.540707848
 10
470107.04327710555
 20
4349740.398045646
 10
470107.06596170476
 20
4349740.0
 10
470107.0
 20
4349740.0
  0
TEXT
  5
3AC
330
17
100
AcDbEntity
  8
0
 62
4
100
AcDbText
 10
470106.85960597504
 20
4349740.399376746
 30
0.0
 40
0.1333
  1
0.87
  7
CN_TTF
 11
470106.85960597504
 21
4349740.399376746
 31
0.0
100
AcDbText
  0
LWPOLYLINE
  5
3AD
330
17
100
AcDbEntity
  8
爆区方格网
 62
7
100
AcDbPolyline
 90
4
 70
1
 10
470107.0
 20
4349741.0
 10
470107.0
 20
4349741.157427078
 10
470107.00897176046
 20
4349741.0
 10
470107.0
 20
4349741.0
  0
TEXT
  5
3AE
330
17
100
AcDbEntity
  8
0
 62
4
100
AcDbText
 10
470106.84224294015
 20
4349741.008713539
 30
0.0
 40
0.1333
  1
0.71
  7
CN_TTF
 11
470106.84224294015
 21
4349741.008713539
 31
0.0
100
AcDbText
  0
LWPOLYLINE
  5
3AF
330
17
100
AcDbEntity
  8
爆区方格网
 62
7
100
AcDbPolyline
 90
4
 70
1
 10
470107.0
 20
4349744.0
 10
470107.014743333
 20
4349744.0
 10
470107.0
 20
4349743.967852017
 10
470107.0
 20
4349744.0
  0
TEXT
  5
3B0
330
17
100
AcDbEntity
  8
0
 62
4
100
AcDbText
 10
470106.8436858333
 20
4349743.913926008
 30
0.0
 40
0.1333
  1
0.71
  7
CN_TTF
 11
470106.8436858333
 21
4349743.913926008
 31
0.0
100
AcDbText
  0
LWPOLYLINE
  5
3B1
330
17
100
AcDbEntity
  8
爆区方格网
 62
7
100
AcDbPolyline
 90
5
 70
1
 10
470107.0
 20
4349744.0
 10
470107.0
 20
4349745.0
 10
470107.47335167247
 20
4349745.0
 10
470107.014743333
 20
4349744.0
 10
470107.0
 20
4349744.0
  0
TEXT
  5
3B2
330
17
100
AcDbEntity
  8
0
 62
4
100
AcDbText
 10
470106.9620237514
 20
4349744.43
 30
0.0
 40
0.1333
  1
0.71
  7
CN_TTF
 11
470106.9620237514
 21
4349744.43
 31
0.0
100
AcDbText
  0
LWPOLYLINE
  5
3B3
330
17
100
AcDbEntity
  8
爆区方格网
 62
7
100
AcDbPolyline
 90
6
 70
1
 10
470107.0
 20
4349745.0
 10
470107.0
 20
4349746.0
 10
470107.9319600119
 20
4349746.0
 10
470107.9019531365
 20
4349745.934569713
 10
470107.47335167247
 20
4349745.0
 10
470107.0
 20
4349745.0
  0
TEXT
  5
3B4
330
17
100
AcDbEntity
  8
0
 62
4
100
AcDbText
 10
470107.18382620224
 20
4349745.397284856
 30
0.0
 40
0.1333
  1
0.71
  7
CN_TTF
 11
470107.18382620224
 21
4349745.397284856
 31
0.0
100
AcDbText
  0
LWPOLYLINE
  5
3B5
330
17
100
AcDbEntity
  8
爆区方格网
 62
7
100
AcDbPolyline
 90
6
 70
1
 10
470107.0
 20
4349746.0
 10
470107.0
 20
4349747.0
 10
470108.0
 20
4349747.0
 10
470108.0
 20
4349746.148361864
 10
470107.9319600119
 20
4349746.0
 10
470107.0
 20
4349746.0
  0
TEXT
  5
3B6
330
17
100
AcDbEntity
  8
0
 62
4
100
AcDbText
 10
470107.34
 20
4349746.5041809315
 30
0.0
 40
0.1333
  1
0.82
  7
CN_TTF
 11
470107.34
 21
4349746.5041809315
 31
0.0
100
AcDbText
  0
LWPOLYLINE
  5
3B7
330
17
100
AcDbEntity
  8
爆区方格网
 62
7
100
AcDbPolyline
 90
5
 70
1
 10
470107.0
 20
4349747.0
 10
470107.0
 20
4349748.0
 10
470108.0
 20
4349748.0
 10
470108.0
 20
4349747.0
 10
470107.0
 20
4349747.0
  0
TEXT
  5
3B8
330
17
100
AcDbEntity
  8
0
 62
4
100
AcDbText
 10
470107.34
 20
4349747.43
 30
0.0
 40
0.1333
  1
0.82
  7
CN_TTF
 11
470107.34
 21
4349747.43
 31
0.0
100
AcDbText
  0
LWPOLYLINE
  5
3B9
330
17
100
AcDbEntity
  8
爆区方格网
 62
7
100
AcDbPolyline
 90
5
 70
1
 10
470107.0
 20
4349748.0
 10
470107.0
 20
4349749.0
 10
470108.0
 20
4349749.0
 10
470108.0
 20
4349748.0
 10
470107.0
 20
4349748.0
  0
TEXT
  5
3BA
330
17
100
AcDbEntity
  8
0
 62
4
100
AcDbText
 10
470107.34
 20
4349748.43
 30
0.0
 40
0.1333
  1
0.82
  7
CN_TTF
 11
470107.34
 21
4349748.43
 31
0.0
100
AcDbText
  0
LWPOLYLINE
  5
3BB
330
17
100
AcDbEntity
  8
爆区方格网
 62
7
100
AcDbPolyline
 90
5
 70
1
 10
470107.0
 20
4349749.0
 10
470107.0
 20
4349750.0
 10
470108.0
 20
4349750.0
 10
470108.0
 20
4349749.0
 10
470107.0
 20
4349749.0
  0
TEXT
  5
3BC
330
17
100
AcDbEntity
  8
0
 62
4
100
AcDbText
 10
470107.34
 20
4349749.43
 30
0.0
 40
0.1333
  1
0.82
  7
CN_TTF
 11
470107.34
 21
4349749.43
 31
0.0
100
AcDbText
  0
LWPOLYLINE
  5
3BD
330
17
100
AcDbEntity
  8
爆区方格网
 62
7
100
AcDbPolyline
 90
5
 70
1
 10
470107.0
 20
4349750.0
 10
470107.0
 20
4349751.0
 10
470108.0
 20
4349751.0
 10
470108.0
 20
4349750.0
 10
470107.0
 20
4349750.0
  0
TEXT
  5
3BE
330
17
100
AcDbEntity
  8
0
 62
4
100
AcDbText
 10
470107.34
 20
4349750.43
 30
0.0
 40
0.1333
  1
0.82
  7
CN_TTF
 11
470107.34
 21
4349750.43
 31
0.0
100
AcDbText
  0
LWPOLYLINE
  5
3BF
330
17
100
AcDbEntity
  8
爆区方格网
 62
7
100
AcDbPolyline
 90
6
 70
1
 10
470108.0
 20
4349751.0
 10
470107.0
 20
4349751.0
 10
470107.0
 20
4349752.0
 10
470107.60437859985
 20
4349752.0
 10
470108.0
 20
4349751.87285309
 10
470108.0
 20
4349751.0
  0
TEXT
  5
3C0
330
17
100
AcDbEntity
  8
0
 62
4
100
AcDbText
 10
470107.34
 20
4349751.366426544
 30
0.0
 40
0.1333
  1
0.82
  7
CN_TTF
 11
470107.34
 21
4349751.366426544
 31
0.0
100
AcDbText
  0
LWPOLYLINE
  5
3C1
330
17
100
AcDbEntity
  8
爆区方格网
 62
7
100
AcDbPolyline
 90
4
 70
1
 10
470107.0
 20
4349752.0
 10
470107.0
 20
4349752.1942384085
 10
470107.60437859985
 20
4349752.0
 10
470107.0
 20
4349752.0
  0
TEXT
  5
3C2
330
17
100
AcDbEntity
  8
0
 62
4
100
AcDbText
 10
470106.99109464925
 20
4349752.027119204
 30
0.0
 40
0.1333
  1
0.82
  7
CN_TTF
 11
470106.99109464925
 21
4349752.027119204
 31
0.0
100
AcDbText
  0
LWPOLYLINE
  5
3C3
330
17
100
AcDbEntity
  8
爆区方格网
 62
7
100
AcDbPolyline
 90
5
 70
1
 10
470108.0
 20
4349735.0
 10
470108.0357620236
 20
4349735.0
 10
470108.1229927102
 20
4349734.768729979
 10
470108.0
 20
4349734.732789209
 10
470108.0
 20
4349735.0
  0
TEXT
  5
3C4
330
17
100
AcDbEntity
  8
0
 62
4
100
AcDbText
 10
470107.8796886835
 20
4349734.814364989
 30
0.0
 40
0.1333
  1
0.87
  7
CN_TTF
 11
470107.8796886835
 21
4349734.814364989
 31
0.0
100
AcDbText
  0
LWPOLYLINE
  5
3C5
330
17
100
AcDbEntity
  8
爆区方格网
 62
7
100
AcDbPolyline
 90
4
 70
1
 10
470108.0
 20
4349735.0
 10
470108.0
 20
4349735.094813927
 10
470108.0357620236
 20
4349735.0
 10
470108.0
 20
4349735.0
  0
TEXT
  5
3C6
330
17
100
AcDbEntity
  8
0
 62
4
100
AcDbText
 10
470107.8489405058
 20
4349734.977406964
 30
0.0
 40
0.1333
  1
0.87
  7
CN_TTF
 11
470107.8489405058
 21
4349734.977406964
 31
0.0
100
AcDbText
  0
LWPOLYLINE
  5
3C7
330
17
100
AcDbEntity
  8
爆区方格网
 62
7
100
AcDbPolyline
 90
4
 70
1
 10
470108.0
 20
4349747.0
 10
470108.3905683515
 20
4349747.0
 10
470108.0
 20
4349746.148361864
 10
470108.0
 20
4349747.0
  0
TEXT
  5
3C8
330
17
100
AcDbEntity
  8
0
 62
4
100
AcDbText
 10
470107.93764208787
 20
4349746.5041809315
 30
0.0
 40
0.1333
  1
0.82
  7
CN_TTF
 11
470107.93764208787
 21
4349746.5041809315
 31
0.0
100
AcDbText
  0
LWPOLYLINE
  5
3C9
330
17
100
AcDbEntity
  8
爆区方格网
 62
7
100
AcDbPolyline
 90
5
 70
1
 10
470108.0
 20
4349747.0
 10
470108.0
 20
4349748.0
 10
470108.84917669103
 20
4349748.0
 10
470108.3905683515
 20
4349747.0
 10
470108.0
 20
4349747.0
  0
TEXT
  5
3CA
330
17
100
AcDbEntity
  8
0
 62
4
100
AcDbText
 10
470108.14993626066
 20
4349747.43
 30
0.0
 40
0.1333
  1
0.82
  7
CN_TTF
 11
470108.14993626066
 21
4349747.43
 31
0.0
100
AcDbText
  0
LWPOLYLINE
  5
3CB
330
17
100
AcDbEntity
  8
爆区方格网
 62
7
100
AcDbPolyline
 90
6
 70
1
 10
470108.0
 20
4349748.0
 10
470108.0
 20
4349749.0
 10
470109.0
 20
4349749.0
 10
470109.0
 20
4349748.32887171
 10
470108.84917669103
 20
4349748.0
 10
470108.0
 20
4349748.0
  0
TEXT
  5
3CC
330
17
100
AcDbEntity
  8
0
 62
4
100
AcDbText
 10
470108.34
 20
4349748.594435855
 30
0.0
 40
0.1333
  1
0.82
  7
CN_TTF
 11
470108.34
 21
4349748.594435855
 31
0.0
100
AcDbText
  0
LWPOLYLINE
  5
3CD
330
17
100
AcDbEntity
  8
爆区方格网
 62
7
100
AcDbPolyline
 90
6
 70
1
 10
470109.0
 20
4349749.0
 10
470108.0
 20
4349749.0
 10
470108.0
 20
4349750.0
 10
470108.84300978854
 20
4349750.0
 10
470109.0
 20
4349749.578627065
 10
470109.0
 20
4349749.0
  0
TEXT
  5
3CE
330
17
100
AcDbEntity
  8
0
 62
4
100
AcDbText
 10
470108.34
 20
4349749.219313532
 30
0.0
 40
0.1333
  1
0.82
  7
CN_TTF
 11
470108.34
 21
4349749.219313532
 31
0.0
100
AcDbText
  0
LWPOLYLINE
  5
3CF
330
17
100
AcDbEntity
  8
爆区方格网
 62
7
100
AcDbPolyline
 90
5
 70
1
 10
470108.0
 20
4349750.0
 10
470108.0
 20
4349751.0
 10
470108.47044145694
 20
4349751.0
 10
470108.84300978854
 20
4349750.0
 10
470108.0
 20
4349750.0
  0
TEXT
  5
3D0
330
17
100
AcDbEntity
  8
0
 62
4
100
AcDbText
 10
470108.1683628114
 20
4349750.43
 30
0.0
 40
0.1333
  1
0.82
  7
CN_TTF
 11
470108.1683628114
 21
4349750.43
 31
0.0
100
AcDbText
  0
LWPOLYLINE
  5
3D1
330
17
100
AcDbEntity
  8
爆区方格网
 62
7
100
AcDbPolyline
 90
5
 70
1
 10
470108.0
 20
4349751.0
 10
470108.0
 20
4349751.87285309
 10
470108.1650009155
 20
4349751.819824219
 10
470108.47044145694
 20
4349751.0
 10
470108.0
 20
4349751.0
  0
TEXT
  5
3D2
330
17
100
AcDbEntity
  8
0
 62
4
100
AcDbText
 10
470107.9988605931
 20
4349751.339912109
 30
0.0
 40
0.1333
  1
0.82
  7
CN_TTF
 11
470107.9988605931
 21
4349751.339912109
 31
0.0
100
AcDbText
  0
LWPOLYLINE
  5
3D3
330
17
100
AcDbEntity
  8
爆区方格网
 62
7
100
AcDbPolyline
 90
5
 70
1
 10
470109.0
 20
4349749.0
 10
470109.21557812014
 20
4349749.0
 10
470109.25690913433
 20
4349748.889064607
 10
470109.0
 20
4349748.32887171
 10
470109.0
 20
4349749.0
  0
TEXT
  5
3D4
330
17
100
AcDbEntity
  8
0
 62
4
100
AcDbText
 10
470108.9042272837
 20
4349748.538968159
 30
0.0
 40
0.1333
  1
0.82
  7
CN_TTF
 11
470108.9042272837
 21
4349748.538968159
 31
0.0
100
AcDbText
  0
LWPOLYLINE
  5
3D5
330
17
100
AcDbEntity
  8
爆区方格网
 62
7
100
AcDbPolyline
 90
4
 70
1
 10
470109.0
 20
4349749.0
 10
470109.0
 20
4349749.578627065
 10
470109.21557812014
 20
4349749.0
 10
470109.0
 20
4349749.0
  0
TEXT
  5
3D6
330
17
100
AcDbEntity
  8
0
 62
4
100
AcDbText
 10
470108.8938945301
 20
4349749.219313532
 30
0.0
 40
0.1333
  1
0.82
  7
CN_TTF
 11
470108.8938945301
 21
4349749.219313532
 31
0.0
100
AcDbText
  0
LINE
  5
3D7
330
17
100
AcDbEntity
  8
点
 62
7
100
AcDbLine
 10
470103.485
 20
4349729.2
 30
0.0
 11
470104.485
 21
4349729.2
 31
0.0
  0
LINE
  5
3D8
330
17
100
AcDbEntity
  8
点
 62
7
100
AcDbLine
 10
470103.985
 20
4349728.7
 30
0.0
 11
470103.985
 21
4349729.7
 31
0.0
  0
LINE
  5
3D9
330
17
100
AcDbEntity
  8
钻孔
 62
7
370
35
100
AcDbLine
 10
470103.985
 20
4349729.2
 30
0.0
 11
470102.785
 21
4349729.2
 31
0.0
  0
TEXT
  5
3DA
330
17
100
AcDbEntity
  8
钻孔
 62
138
100
AcDbText
 10
470101.70499999996
 20
4349729.600000001
 30
0.0
 40
0.4
  1
BS-3940-1008-P1
  7
CN_TTF
 11
470101.70499999996
 21
4349729.600000001
 31
0.0
100
AcDbText
  0
TEXT
  5
3DB
330
17
100
AcDbEntity
  8
钻孔
 62
5
100
AcDbText
 10
470100.795
 20
4349728.850000001
 30
0.0
 40
0.7
  1
1.11
  7
CN_TTF
 11
470100.795
 21
4349728.850000001
 31
0.0
100
AcDbText
  0
LINE
  5
3DC
330
17
100
AcDbEntity
  8
点
 62
7
100
AcDbLine
 10
470105.711
 20
4349731.335
 30
0.0
 11
470106.711
 21
4349731.335
 31
0.0
  0
LINE
  5
3DD
330
17
100
AcDbEntity
  8
点
 62
7
100
AcDbLine
 10
470106.211
 20
4349730.835
 30
0.0
 11
470106.211
 21
4349731.835
 31
0.0
  0
LINE
  5
3DE
330
17
100
AcDbEntity
  8
钻孔
 62
7
370
35
100
AcDbLine
 10
470106.211
 20
4349731.335
 30
0.0
 11
470105.011
 21
4349731.335
 31
0.0
  0
TEXT
  5
3DF
330
17
100
AcDbEntity
  8
钻孔
 62
138
100
AcDbText
 10
470103.931
 20
4349731.735
 30
0.0
 40
0.4
  1
BS-3940-1008-P2
  7
CN_TTF
 11
470103.931
 21
4349731.735
 31
0.0
100
AcDbText
  0
TEXT
  5
3E0
330
17
100
AcDbEntity
  8
钻孔
 62
5
100
AcDbText
 10
470103.021
 20
4349730.985
 30
0.0
 40
0.7
  1
1.35
  7
CN_TTF
 11
470103.021
 21
4349730.985
 31
0.0
100
AcDbText
  0
LINE
  5
3E1
330
17
100
AcDbEntity
  8
点
 62
7
100
AcDbLine
 10
470102.881
 20
4349733.749
 30
0.0
 11
470103.881
 21
4349733.749
 31
0.0
  0
LINE
  5
3E2
330
17
100
AcDbEntity
  8
点
 62
7
100
AcDbLine
 10
470103.381
 20
4349733.249
 30
0.0
 11
470103.381
 21
4349734.249
 31
0.0
  0
LINE
  5
3E3
330
17
100
AcDbEntity
  8
钻孔
 62
7
370
35
100
AcDbLine
 10
470103.381
 20
4349733.749
 30
0.0
 11
470102.181
 21
4349733.749
 31
0.0
  0
TEXT
  5
3E4
330
17
100
AcDbEntity
  8
钻孔
 62
138
100
AcDbText
 10
470101.10099999997
 20
4349734.149
 30
0.0
 40
0.4
  1
BS-3940-1008-P3
  7
CN_TTF
 11
470101.10099999997
 21
4349734.149
 31
0.0
100
AcDbText
  0
TEXT
  5
3E5
330
17
100
AcDbEntity
  8
钻孔
 62
5
100
AcDbText
 10
470100.191
 20
4349733.399
 30
0.0
 40
0.7
  1
1.32
  7
CN_TTF
 11
470100.191
 21
4349733.399
 31
0.0
100
AcDbText
  0
LINE
  5
3E6
330
17
100
AcDbEntity
  8
点
 62
7
100
AcDbLine
 10
470103.756
 20
4349736.512
 30
0.0
 11
470104.756
 21
4349736.512
 31
0.0
  0
LINE
  5
3E7
330
17
100
AcDbEntity
  8
点
 62
7
100
AcDbLine
 10
470104.256
 20
4349736.012
 30
0.0
 11
470104.256
 21
4349737.012
 31
0.0
  0
LINE
  5
3E8
330
17
100
AcDbEntity
  8
钻孔
 62
7
370
35
100
AcDbLine
 10
470104.256
 20
4349736.512
 30
0.0
 11
470103.056
 21
4349736.512
 31
0.0
  0
TEXT
  5
3E9
330
17
100
AcDbEntity
  8
钻孔
 62
138
100
AcDbText
 10
470101.97599999997
 20
4349736.9120000005
 30
0.0
 40
0.4
  1
BS-3940-1008-P4
  7
CN_TTF
 11
470101.97599999997
 21
4349736.9120000005
 31
0.0
100
AcDbText
  0
TEXT
  5
3EA
330
17
100
AcDbEntity
  8
钻孔
 62
4
100
AcDbText
 10
470101.066
 20
4349736.1620000005
 30
0.0
 40
0.7
  1
0.87
  7
CN_TTF
 11
470101.066
 21
4349736.1620000005
 31
0.0
100
AcDbText
  0
LINE
  5
3EB
330
17
100
AcDbEntity
  8
点
 62
7
100
AcDbLine
 10
470100.71
 20
4349739.658
 30
0.0
 11
470101.71
 21
4349739.658
 31
0.0
  0
LINE
  5
3EC
330
17
100
AcDbEntity
  8
点
 62
7
100
AcDbLine
 10
470101.21
 20
4349739.158
 30
0.0
 11
470101.21
 21
4349740.158
 31
0.0
  0
LINE
  5
3ED
330
17
100
AcDbEntity
  8
钻孔
 62
7
370
35
100
AcDbLine
 10
470101.21
 20
4349739.658
 30
0.0
 11
470100.01
 21
4349739.658
 31
0.0
  0
TEXT
  5
3EE
330
17
100
AcDbEntity
  8
钻孔
 62
138
100
AcDbText
 10
470098.93
 20
4349740.058
 30
0.0
 40
0.4
  1
BS-3940-1008-P5
  7
CN_TTF
 11
470098.93
 21
4349740.058
 31
0.0
100
AcDbText
  0
TEXT
  5
3EF
330
17
100
AcDbEntity
  8
钻孔
 62
5
100
AcDbText
 10
470098.02
 20
4349739.308
 30
0.0
 40
0.7
  1
1.26
  7
CN_TTF
 11
470098.02
 21
4349739.308
 31
0.0
100
AcDbText
  0
LINE
  5
3F0
330
17
100
AcDbEntity
  8
点
 62
7
100
AcDbLine
 10
470103.323
 20
4349744.23
 30
0.0
 11
470104.323
 21
4349744.23
 31
0.0
  0
LINE
  5
3F1
330
17
100
AcDbEntity
  8
点
 62
7
100
AcDbLine
 10
470103.823
 20
4349743.73
 30
0.0
 11
470103.823
 21
4349744.73
 31
0.0
  0
LINE
  5
3F2
330
17
100
AcDbEntity
  8
钻孔
 62
7
370
35
100
AcDbLine
 10
470103.823
 20
4349744.23
 30
0.0
 11
470102.62299999996
 21
4349744.23
 31
0.0
  0
TEXT
  5
3F3
330
17
100
AcDbEntity
  8
钻孔
 62
138
100
AcDbText
 10
470101.54299999995
 20
4349744.630000001
 30
0.0
 40
0.4
  1
BS-3940-1008-P6
  7
CN_TTF
 11
470101.54299999995
 21
4349744.630000001
 31
0.0
100
AcDbText
  0
TEXT
  5
3F4
330
17
100
AcDbEntity
  8
钻孔
 62
4
100
AcDbText
 10
470100.633
 20
4349743.880000001
 30
0.0
 40
0.7
  1
0.71
  7
CN_TTF
 11
470100.633
 21
4349743.880000001
 31
0.0
100
AcDbText
  0
LINE
  5
3F5
330
17
100
AcDbEntity
  8
点
 62
7
100
AcDbLine
 10
470098.941
 20
4349746.238
 30
0.0
 11
470099.941
 21
4349746.238
 31
0.0
  0
LINE
  5
3F6
330
17
100
AcDbEntity
  8
点
 62
7
100
AcDbLine
 10
470099.441
 20
4349745.738
 30
0.0
 11
470099.441
 21
4349746.738
 31
0.0
  0
LINE
  5
3F7
330
17
100
AcDbEntity
  8
钻孔
 62
7
370
35
100
AcDbLine
 10
470099.441
 20
4349746.238
 30
0.0
 11
470098.241
 21
4349746.238
 31
0.0
  0
TEXT
  5
3F8
330
17
100
AcDbEntity
  8
钻孔
 62
138
100
AcDbText
 10
470097.16099999996
 20
4349746.638
 30
0.0
 40
0.4
  1
BS-3940-1008-P7
  7
CN_TTF
 11
470097.16099999996
 21
4349746.638
 31
0.0
100
AcDbText
  0
TEXT
  5
3F9
330
17
100
AcDbEntity
  8
钻孔
 62
5
100
AcDbText
 10
470096.251
 20
4349745.888
 30
0.0
 40
0.7
  1
1.04
  7
CN_TTF
 11
470096.251
 21
4349745.888
 31
0.0
100
AcDbText
  0
LINE
  5
3FA
330
17
100
AcDbEntity
  8
点
 62
7
100
AcDbLine
 10
470101.488
 20
4349750.804
 30
0.0
 11
470102.488
 21
4349750.804
 31
0.0
  0
LINE
  5
3FB
330
17
100
AcDbEntity
  8
点
 62
7
100
AcDbLine
 10
470101.988
 20
4349750.304
 30
0.0
 11
470101.988
 21
4349751.304
 31
0.0
  0
LINE
  5
3FC
330
17
100
AcDbEntity
  8
钻孔
 62
7
370
35
100
AcDbLine
 10
470101.988
 20
4349750.804
 30
0.0
 11
470100.788
 21
4349750.804
 31
0.0
  0
TEXT
  5
3FD
330
17
100
AcDbEntity
  8
钻孔
 62
138
100
AcDbText
 10
470099.708
 20
4349751.204
 30
0.0
 40
0.4
  1
BS-3940-1008-P8
  7
CN_TTF
 11
470099.708
 21
4349751.204
 31
0.0
100
AcDbText
  0
TEXT
  5
3FE
330
17
100
AcDbEntity
  8
钻孔
 62
4
100
AcDbText
 10
470098.798
 20
4349750.454
 30
0.0
 40
0.7
  1
0.51
  7
CN_TTF
 11
470098.798
 21
4349750.454
 31
0.0
100
AcDbText
  0
LINE
  5
3FF
330
17
100
AcDbEntity
  8
点
 62
7
100
AcDbLine
 10
470106.034
 20
4349750.135
 30
0.0
 11
470107.034
 21
4349750.135
 31
0.0
  0
LINE
  5
400
330
17
100
AcDbEntity
  8
点
 62
7
100
AcDbLine
 10
470106.534
 20
4349749.635
 30
0.0
 11
470106.534
 21
4349750.635
 31
0.0
  0
LINE
  5
401
330
17
100
AcDbEntity
  8
钻孔
 62
7
370
35
100
AcDbLine
 10
470106.534
 20
4349750.135
 30
0.0
 11
470105.334
 21
4349750.135
 31
0.0
  0
TEXT
  5
402
330
17
100
AcDbEntity
  8
钻孔
 62
138
100
AcDbText
 10
470104.25399999996
 20
4349750.535
 30
0.0
 40
0.4
  1
BS-3940-1008-P9
  7
CN_TTF
 11
470104.25399999996
 21
4349750.535
 31
0.0
100
AcDbText
  0
TEXT
  5
403
330
17
100
AcDbEntity
  8
钻孔
 62
4
100
AcDbText
 10
470103.344
 20
4349749.785
 30
0.0
 40
0.7
  1
0.82
  7
CN_TTF
 11
470103.344
 21
4349749.785
 31
0.0
100
AcDbText
  0
LINE
  5
404
330
17
100
AcDbEntity
  8
点
 62
7
100
AcDbLine
 10
470109.301
 20
4349753.499
 30
0.0
 11
470110.301
 21
4349753.499
 31
0.0
  0
LINE
  5
405
330
17
100
AcDbEntity
  8
点
 62
7
100
AcDbLine
 10
470109.801
 20
4349752.999
 30
0.0
 11
470109.801
 21
4349753.999
 31
0.0
  0
LINE
  5
406
330
17
100
AcDbEntity
  8
钻孔
 62
7
370
35
100
AcDbLine
 10
470109.801
 20
4349753.499
 30
0.0
 11
470108.60099999997
 21
4349753.499
 31
0.0
  0
TEXT
  5
407
330
17
100
AcDbEntity
  8
钻孔
 62
138
100
AcDbText
 10
470107.52099999995
 20
4349753.899
 30
0.0
 40
0.4
  1
BS-3940-1008-P10
  7
CN_TTF
 11
470107.52099999995
 21
4349753.899
 31
0.0
100
AcDbText
  0
TEXT
  5
408
330
17
100
AcDbEntity
  8
钻孔
 62
8
100
AcDbText
 10
470106.611
 20
4349753.149
 30
0.0
 40
0.7
  1
0.15
  7
CN_TTF
 11
470106.611
 21
4349753.149
 31
0.0
100
AcDbText
  0
LINE
  5
409
330
17
100
AcDbEntity
  8
点
 62
7
100
AcDbLine
 10
470104.63
 20
4349755.804
 30
0.0
 11
470105.63
 21
4349755.804
 31
0.0
  0
LINE
  5
40A
330
17
100
AcDbEntity
  8
点
 62
7
100
AcDbLine
 10
470105.13
 20
4349755.304
 30
0.0
 11
470105.13
 21
4349756.304
 31
0.0
  0
LINE
  5
40B
330
17
100
AcDbEntity
  8
钻孔
 62
7
370
35
100
AcDbLine
 10
470105.13
 20
4349755.804
 30
0.0
 11
470103.93
 21
4349755.804
 31
0.0
  0
TEXT
  5
40C
330
17
100
AcDbEntity
  8
钻孔
 62
138
100
AcDbText
 10
470102.85
 20
4349756.204
 30
0.0
 40
0.4
  1
BS-3940-1008-P11
  7
CN_TTF
 11
470102.85
 21
4349756.204
 31
0.0
100
AcDbText
  0
TEXT
  5
40D
330
17
100
AcDbEntity
  8
钻孔
 62
8
100
AcDbText
 10
470101.94
 20
4349755.454
 30
0.0
 40
0.7
  1
0.18
  7
CN_TTF
 11
470101.94
 21
4349755.454
 31
0.0
100
AcDbText
  0
LINE
  5
40E
330
17
100
AcDbEntity
  8
点
 62
7
100
AcDbLine
 10
470096.92
 20
4349753.81
 30
0.0
 11
470097.92
 21
4349753.81
 31
0.0
  0
LINE
  5
40F
330
17
100
AcDbEntity
  8
点
 62
7
100
AcDbLine
 10
470097.42
 20
4349753.31
 30
0.0
 11
470097.42
 21
4349754.31
 31
0.0
  0
LINE
  5
410
330
17
100
AcDbEntity
  8
钻孔
 62
7
370
35
100
AcDbLine
 10
470097.42
 20
4349753.81
 30
0.0
 11
470096.22
 21
4349753.81
 31
0.0
  0
TEXT
  5
411
330
17
100
AcDbEntity
  8
钻孔
 62
138
100
AcDbText
 10
470095.13999999996
 20
4349754.21
 30
0.0
 40
0.4
  1
BS-3940-1008-P12
  7
CN_TTF
 11
470095.13999999996
 21
4349754.21
 31
0.0
100
AcDbText
  0
TEXT
  5
412
330
17
100
AcDbEntity
  8
钻孔
 62
5
100
AcDbText
 10
470094.23
 20
4349753.46
 30
0.0
 40
0.7
  1
1.16
  7
CN_TTF
 11
470094.23
 21
4349753.46
 31
0.0
100
AcDbText
  0
LINE
  5
413
330
17
100
AcDbEntity
  8
点
 62
7
100
AcDbLine
 10
470099.705
 20
4349758.128
 30
0.0
 11
470100.705
 21
4349758.128
 31
0.0
  0
LINE
  5
414
330
17
100
AcDbEntity
  8
点
 62
7
100
AcDbLine
 10
470100.205
 20
4349757.628
 30
0.0
 11
470100.205
 21
4349758.628
 31
0.0
  0
LINE
  5
415
330
17
100
AcDbEntity
  8
钻孔
 62
7
370
35
100
AcDbLine
 10
470100.205
 20
4349758.128
 30
0.0
 11
470099.005
 21
4349758.128
 31
0.0
  0
TEXT
  5
416
330
17
100
AcDbEntity
  8
钻孔
 62
138
100
AcDbText
 10
470097.925
 20
4349758.528
 30
0.0
 40
0.4
  1
BS-3940-1008-P13
  7
CN_TTF
 11
470097.925
 21
4349758.528
 31
0.0
100
AcDbText
  0
TEXT
  5
417
330
17
100
AcDbEntity
  8
钻孔
 62
8
100
AcDbText
 10
470097.015
 20
4349757.778
 30
0.0
 40
0.7
  1
0.38
  7
CN_TTF
 11
470097.015
 21
4349757.778
 31
0.0
100
AcDbText
  0
LINE
  5
418
330
17
100
AcDbEntity
  8
点
 62
7
100
AcDbLine
 10
470095.212
 20
4349760.476
 30
0.0
 11
470096.212
 21
4349760.476
 31
0.0
  0
LINE
  5
419
330
17
100
AcDbEntity
  8
点
 62
7
100
AcDbLine
 10
470095.712
 20
4349759.976
 30
0.0
 11
470095.712
 21
4349760.976
 31
0.0
  0
LINE
  5
41A
330
17
100
AcDbEntity
  8
钻孔
 62
7
370
35
100
AcDbLine
 10
470095.712
 20
4349760.476
 30
0.0
 11
470094.512
 21
4349760.476
 31
0.0
  0
TEXT
  5
41B
330
17
100
AcDbEntity
  8
钻孔
 62
138
100
AcDbText
 10
470093.432
 20
4349760.876
 30
0.0
 40
0.4
  1
BS-3940-1008-P14
  7
CN_TTF
 11
470093.432
 21
4349760.876
 31
0.0
100
AcDbText
  0
TEXT
  5
41C
330
17
100
AcDbEntity
  8
钻孔
 62
4
100
AcDbText
 10
470092.522
 20
4349760.126
 30
0.0
 40
0.7
  1
0.67
  7
CN_TTF
 11
470092.522
 21
4349760.126
 31
0.0
100
AcDbText
  0
LINE
  5
41D
330
17
100
AcDbEntity
  8
点
 62
7
100
AcDbLine
 10
470102.708
 20
4349762.47
 30
0.0
 11
470103.708
 21
4349762.47
 31
0.0
  0
LINE
  5
41E
330
17
100
AcDbEntity
  8
点
 62
7
100
AcDbLine
 10
470103.208
 20
4349761.97
 30
0.0
 11
470103.208
 21
4349762.97
 31
0.0
  0
LINE
  5
41F
330
17
100
AcDbEntity
  8
钻孔
 62
7
370
35
100
AcDbLine
 10
470103.208
 20
4349762.47
 30
0.0
 11
470102.008
 21
4349762.47
 31
0.0
  0
TEXT
  5
420
330
17
100
AcDbEntity
  8
钻孔
 62
138
100
AcDbText
 10
470100.92799999996
 20
4349762.87
 30
0.0
 40
0.4
  1
BS-3940-1008-P15
  7
CN_TTF
 11
470100.92799999996
 21
4349762.87
 31
0.0
100
AcDbText
  0
TEXT
  5
421
330
17
100
AcDbEntity
  8
钻孔
 62
8
100
AcDbText
 10
470100.018
 20
4349762.12
 30
0.0
 40
0.7
  1
0.11
  7
CN_TTF
 11
470100.018
 21
4349762.12
 31
0.0
100
AcDbText
  0
LINE
  5
422
330
17
100
AcDbEntity
  8
点
 62
7
100
AcDbLine
 10
470107.55
 20
4349760.481
 30
0.0
 11
470108.55
 21
4349760.481
 31
0.0
  0
LINE
  5
423
330
17
100
AcDbEntity
  8
点
 62
7
100
AcDbLine
 10
470108.05
 20
4349759.981
 30
0.0
 11
470108.05
 21
4349760.981
 31
0.0
  0
LINE
  5
424
330
17
100
AcDbEntity
  8
钻孔
 62
7
370
35
100
AcDbLine
 10
470108.05
 20
4349760.481
 30
0.0
 11
470106.85
 21
4349760.481
 31
0.0
  0
TEXT
  5
425
330
17
100
AcDbEntity
  8
钻孔
 62
138
100
AcDbText
 10
470105.76999999996
 20
4349760.881
 30
0.0
 40
0.4
  1
BS-3940-1008-P16
  7
CN_TTF
 11
470105.76999999996
 21
4349760.881
 31
0.0
100
AcDbText
  0
TEXT
  5
426
330
17
100
AcDbEntity
  8
钻孔
 62
8
100
AcDbText
 10
470104.86
 20
4349760.131
 30
0.0
 40
0.7
  1
0.17
  7
CN_TTF
 11
470104.86
 21
4349760.131
 31
0.0
100
AcDbText
  0
LINE
  5
427
330
17
100
AcDbEntity
  8
点
 62
7
100
AcDbLine
 10
470111.465
 20
4349758.65
 30
0.0
 11
470112.465
 21
4349758.65
 31
0.0
  0
LINE
  5
428
330
17
100
AcDbEntity
  8
点
 62
7
100
AcDbLine
 10
470111.965
 20
4349758.15
 30
0.0
 11
470111.965
 21
4349759.15
 31
0.0
  0
LINE
  5
429
330
17
100
AcDbEntity
  8
钻孔
 62
7
370
35
100
AcDbLine
 10
470111.965
 20
4349758.65
 30
0.0
 11
470110.765
 21
4349758.65
 31
0.0
  0
TEXT
  5
42A
330
17
100
AcDbEntity
  8
钻孔
 62
138
100
AcDbText
 10
470109.685
 20
4349759.050000001
 30
0.0
 40
0.4
  1
BS-3940-1008-P17
  7
CN_TTF
 11
470109.685
 21
4349759.050000001
 31
0.0
100
AcDbText
  0
TEXT
  5
42B
330
17
100
AcDbEntity
  8
钻孔
 62
8
100
AcDbText
 10
470108.775
 20
4349758.300000001
 30
0.0
 40
0.7
  1
0.12
  7
CN_TTF
 11
470108.775
 21
4349758.300000001
 31
0.0
100
AcDbText
  0
LINE
  5
42C
330
17
100
AcDbEntity
  8
点
 62
7
100
AcDbLine
 10
470112.041
 20
4349754.645
 30
0.0
 11
470113.041
 21
4349754.645
 31
0.0
  0
LINE
  5
42D
330
17
100
AcDbEntity
  8
点
 62
7
100
AcDbLine
 10
470112.541
 20
4349754.145
 30
0.0
 11
470112.541
 21
4349755.145
 31
0.0
  0
LINE
  5
42E
330
17
100
AcDbEntity
  8
钻孔
 62
7
370
35
100
AcDbLine
 10
470112.541
 20
4349754.645
 30
0.0
 11
470111.341
 21
4349754.645
 31
0.0
  0
TEXT
  5
42F
330
17
100
AcDbEntity
  8
钻孔
 62
138
100
AcDbText
 10
470110.261
 20
4349755.045
 30
0.0
 40
0.4
  1
BS-3940-1008-P18
  7
CN_TTF
 11
470110.261
 21
4349755.045
 31
0.0
100
AcDbText
  0
TEXT
  5
430
330
17
100
AcDbEntity
  8
钻孔
 62
8
100
AcDbText
 10
470109.351
 20
4349754.295
 30
0.0
 40
0.7
  1
0.17
  7
CN_TTF
 11
470109.351
 21
4349754.295
 31
0.0
100
AcDbText
  0
LINE
  5
431
330
17
100
AcDbEntity
  8
点
 62
7
100
AcDbLine
 10
470110.66
 20
4349764.446
 30
0.0
 11
470111.66
 21
4349764.446
 31
0.0
  0
LINE
  5
432
330
17
100
AcDbEntity
  8
点
 62
7
100
AcDbLine
 10
470111.16
 20
4349763.946
 30
0.0
 11
470111.16
 21
4349764.946
 31
0.0
  0
LINE
  5
433
330
17
100
AcDbEntity
  8
钻孔
 62
7
370
35
100
AcDbLine
 10
470111.16
 20
4349764.446
 30
0.0
 11
470109.95999999996
 21
4349764.446
 31
0.0
  0
TEXT
  5
434
330
17
100
AcDbEntity
  8
钻孔
 62
138
100
AcDbText
 10
470108.87999999995
 20
4349764.846000001
 30
0.0
 40
0.4
  1
BS-3940-1008-P19
  7
CN_TTF
 11
470108.87999999995
 21
4349764.846000001
 31
0.0
100
AcDbText
  0
TEXT
  5
435
330
17
100
AcDbEntity
  8
钻孔
 62
8
100
AcDbText
 10
470107.97
 20
4349764.096000001
 30
0.0
 40
0.7
  1
0.11
  7
CN_TTF
 11
470107.97
 21
4349764.096000001
 31
0.0
100
AcDbText
  0
LINE
  5
436
330
17
100
AcDbEntity
  8
点
 62
7
100
AcDbLine
 10
470111.67
 20
4349768.548
 30
0.0
 11
470112.67
 21
4349768.548
 31
0.0
  0
LINE
  5
437
330
17
100
AcDbEntity
  8
点
 62
7
100
AcDbLine
 10
470112.17
 20
4349768.048
 30
0.0
 11
470112.17
 21
4349769.048
 31
0.0
  0
LINE
  5
438
330
17
100
AcDbEntity
  8
钻孔
 62
7
370
35
100
AcDbLine
 10
470112.17
 20
4349768.548
 30
0.0
 11
470110.97
 21
4349768.548
 31
0.0
  0
TEXT
  5
439
330
17
100
AcDbEntity
  8
钻孔
 62
138
100
AcDbText
 10
470109.88999999996
 20
4349768.948000001
 30
0.0
 40
0.4
  1
BS-3940-1008-P20
  7
CN_TTF
 11
470109.88999999996
 21
4349768.948000001
 31
0.0
100
AcDbText
  0
TEXT
  5
43A
330
17
100
AcDbEntity
  8
钻孔
 62
8
100
AcDbText
 10
470108.98
 20
4349768.198000001
 30
0.0
 40
0.7
  1
0.15
  7
CN_TTF
 11
470108.98
 21
4349768.198000001
 31
0.0
100
AcDbText
  0
LINE
  5
43B
330
17
100
AcDbEntity
  8
点
 62
7
100
AcDbLine
 10
470105.785
 20
4349766.593
 30
0.0
 11
470106.785
 21
4349766.593
 31
0.0
  0
LINE
  5
43C
330
17
100
AcDbEntity
  8
点
 62
7
100
AcDbLine
 10
470106.285
 20
4349766.093
 30
0.0
 11
470106.285
 21
4349767.093
 31
0.0
  0
LINE
  5
43D
330
17
100
AcDbEntity
  8
钻孔
 62
7
370
35
100
AcDbLine
 10
470106.285
 20
4349766.593
 30
0.0
 11
470105.08499999996
 21
4349766.593
 31
0.0
  0
TEXT
  5
43E
330
17
100
AcDbEntity
  8
钻孔
 62
138
100
AcDbText
 10
470104.00499999995
 20
4349766.993000001
 30
0.0
 40
0.4
  1
BS-3940-1008-P21
  7
CN_TTF
 11
470104.00499999995
 21
4349766.993000001
 31
0.0
100
AcDbText
  0
TEXT
  5
43F
330
17
100
AcDbEntity
  8
钻孔
 62
8
100
AcDbText
 10
470103.095
 20
4349766.243000001
 30
0.0
 40
0.7
  1
0.09
  7
CN_TTF
 11
470103.095
 21
4349766.243000001
 31
0.0
100
AcDbText
  0
LINE
  5
440
330
17
100
AcDbEntity
  8
点
 62
7
100
AcDbLine
 10
470097.997
 20
4349765.264
 30
0.0
 11
470098.997
 21
4349765.264
 31
0.0
  0
LINE
  5
441
330
17
100
AcDbEntity
  8
点
 62
7
100
AcDbLine
 10
470098.497
 20
4349764.764
 30
0.0
 11
470098.497
 21
4349765.764
 31
0.0
  0
LINE
  5
442
330
17
100
AcDbEntity
  8
钻孔
 62
7
370
35
100
AcDbLine
 10
470098.497
 20
4349765.264
 30
0.0
 11
470097.29699999996
 21
4349765.264
 31
0.0
  0
TEXT
  5
443
330
17
100
AcDbEntity
  8
钻孔
 62
138
100
AcDbText
 10
470096.21699999995
 20
4349765.664000001
 30
0.0
 40
0.4
  1
BS-3940-1008-P22
  7
CN_TTF
 11
470096.21699999995
 21
4349765.664000001
 31
0.0
100
AcDbText
  0
TEXT
  5
444
330
17
100
AcDbEntity
  8
钻孔
 62
8
100
AcDbText
 10
470095.307
 20
4349764.914000001
 30
0.0
 40
0.7
  1
0.15
  7
CN_TTF
 11
470095.307
 21
4349764.914000001
 31
0.0
100
AcDbText
  0
LINE
  5
445
330
17
100
AcDbEntity
  8
点
 62
7
100
AcDbLine
 10
470093.73
 20
4349767.036
 30
0.0
 11
470094.73
 21
4349767.036
 31
0.0
  0
LINE
  5
446
330
17
100
AcDbEntity
  8
点
 62
7
100
AcDbLine
 10
470094.23
 20
4349766.536
 30
0.0
 11
470094.23
 21
4349767.536
 31
0.0
  0
LINE
  5
447
330
17
100
AcDbEntity
  8
钻孔
 62
7
370
35
100
AcDbLine
 10
470094.23
 20
4349767.036
 30
0.0
 11
470093.02999999997
 21
4349767.036
 31
0.0
  0
TEXT
  5
448
330
17
100
AcDbEntity
  8
钻孔
 62
138
100
AcDbText
 10
470091.94999999995
 20
4349767.436000001
 30
0.0
 40
0.4
  1
BS-3940-1008-P23
  7
CN_TTF
 11
470091.94999999995
 21
4349767.436000001
 31
0.0
100
AcDbText
  0
TEXT
  5
449
330
17
100
AcDbEntity
  8
钻孔
 62
4
100
AcDbText
 10
470091.04
 20
4349766.686000001
 30
0.0
 40
0.7
  1
0.69
  7
CN_TTF
 11
470091.04
 21
4349766.686000001
 31
0.0
100
AcDbText
  0
LINE
  5
44A
330
17
100
AcDbEntity
  8
点
 62
7
100
AcDbLine
 10
470096.395
 20
4349771.532
 30
0.0
 11
470097.395
 21
4349771.532
 31
0.0
  0
LINE
  5
44B
330
17
100
AcDbEntity
  8
点
 62
7
100
AcDbLine
 10
470096.895
 20
4349771.032
 30
0.0
 11
470096.895
 21
4349772.032
 31
0.0
  0
LINE
  5
44C
330
17
100
AcDbEntity
  8
钻孔
 62
7
370
35
100
AcDbLine
 10
470096.895
 20
4349771.532
 30
0.0
 11
470095.695
 21
4349771.532
 31
0.0
  0
TEXT
  5
44D
330
17
100
AcDbEntity
  8
钻孔
 62
138
100
AcDbText
 10
470094.615
 20
4349771.932
 30
0.0
 40
0.4
  1
BS-3940-1008-P24
  7
CN_TTF
 11
470094.615
 21
4349771.932
 31
0.0
100
AcDbText
  0
TEXT
  5
44E
330
17
100
AcDbEntity
  8
钻孔
 62
8
100
AcDbText
 10
470093.705
 20
4349771.182
 30
0.0
 40
0.7
  1
0.17
  7
CN_TTF
 11
470093.705
 21
4349771.182
 31
0.0
100
AcDbText
  0
LINE
  5
44F
330
17
100
AcDbEntity
  8
点
 62
7
100
AcDbLine
 10
470096.465
 20
4349771.688
 30
0.0
 11
470097.465
 21
4349771.688
 31
0.0
  0
LINE
  5
450
330
17
100
AcDbEntity
  8
点
 62
7
100
AcDbLine
 10
470096.965
 20
4349771.188
 30
0.0
 11
470096.965
 21
4349772.188
 31
0.0
  0
LINE
  5
451
330
17
100
AcDbEntity
  8
钻孔
 62
7
370
35
100
AcDbLine
 10
470096.965
 20
4349771.688
 30
0.0
 11
470095.765
 21
4349771.688
 31
0.0
  0
TEXT
  5
452
330
17
100
AcDbEntity
  8
钻孔
 62
138
100
AcDbText
 10
470094.685
 20
4349772.088
 30
0.0
 40
0.4
  1
BS-3940-1008-P25
  7
CN_TTF
 11
470094.685
 21
4349772.088
 31
0.0
100
AcDbText
  0
TEXT
  5
453
330
17
100
AcDbEntity
  8
钻孔
 62
8
100
AcDbText
 10
470093.775
 20
4349771.338
 30
0.0
 40
0.7
  1
0.16
  7
CN_TTF
 11
470093.775
 21
4349771.338
 31
0.0
100
AcDbText
  0
LINE
  5
454
330
17
100
AcDbEntity
  8
点
 62
7
100
AcDbLine
 10
470100.464
 20
4349770.613
 30
0.0
 11
470101.464
 21
4349770.613
 31
0.0
  0
LINE
  5
455
330
17
100
AcDbEntity
  8
点
 62
7
100
AcDbLine
 10
470100.964
 20
4349770.113
 30
0.0
 11
470100.964
 21
4349771.113
 31
0.0
  0
LINE
  5
456
330
17
100
AcDbEntity
  8
钻孔
 62
7
370
35
100
AcDbLine
 10
470100.964
 20
4349770.613
 30
0.0
 11
470099.76399999997
 21
4349770.613
 31
0.0
  0
TEXT
  5
457
330
17
100
AcDbEntity
  8
钻孔
 62
138
100
AcDbText
 10
470098.68399999995
 20
4349771.013
 30
0.0
 40
0.4
  1
BS-3940-1008-P26
  7
CN_TTF
 11
470098.68399999995
 21
4349771.013
 31
0.0
100
AcDbText
  0
TEXT
  5
458
330
17
100
AcDbEntity
  8
钻孔
 62
8
100
AcDbText
 10
470097.774
 20
4349770.263
 30
0.0
 40
0.7
  1
0.12
  7
CN_TTF
 11
470097.774
 21
4349770.263
 31
0.0
100
AcDbText
  0
LINE
  5
459
330
17
100
AcDbEntity
  8
点
 62
7
100
AcDbLine
 10
470104.249
 20
4349773.513
 30
0.0
 11
470105.249
 21
4349773.513
 31
0.0
  0
LINE
  5
45A
330
17
100
AcDbEntity
  8
点
 62
7
100
AcDbLine
 10
470104.749
 20
4349773.013
 30
0.0
 11
470104.749
 21
4349774.013
 31
0.0
  0
LINE
  5
45B
330
17
100
AcDbEntity
  8
钻孔
 62
7
370
35
100
AcDbLine
 10
470104.749
 20
4349773.513
 30
0.0
 11
470103.549
 21
4349773.513
 31
0.0
  0
TEXT
  5
45C
330
17
100
AcDbEntity
  8
钻孔
 62
138
100
AcDbText
 10
470102.469
 20
4349773.913000001
 30
0.0
 40
0.4
  1
BS-3940-1008-P27
  7
CN_TTF
 11
470102.469
 21
4349773.913000001
 31
0.0
100
AcDbText
  0
TEXT
  5
45D
330
17
100
AcDbEntity
  8
钻孔
 62
8
100
AcDbText
 10
470101.559
 20
4349773.163000001
 30
0.0
 40
0.7
  1
0.12
  7
CN_TTF
 11
470101.559
 21
4349773.163000001
 31
0.0
100
AcDbText
  0
LINE
  5
45E
330
17
100
AcDbEntity
  8
点
 62
7
100
AcDbLine
 10
470108.837
 20
4349771.284
 30
0.0
 11
470109.837
 21
4349771.284
 31
0.0
  0
LINE
  5
45F
330
17
100
AcDbEntity
  8
点
 62
7
100
AcDbLine
 10
470109.337
 20
4349770.784
 30
0.0
 11
470109.337
 21
4349771.784
 31
0.0
  0
LINE
  5
460
330
17
100
AcDbEntity
  8
钻孔
 62
7
370
35
100
AcDbLine
 10
470109.337
 20
4349771.284
 30
0.0
 11
470108.137
 21
4349771.284
 31
0.0
  0
TEXT
  5
461
330
17
100
AcDbEntity
  8
钻孔
 62
138
100
AcDbText
 10
470107.057
 20
4349771.684
 30
0.0
 40
0.4
  1
BS-3940-1008-P28
  7
CN_TTF
 11
470107.057
 21
4349771.684
 31
0.0
100
AcDbText
  0
TEXT
  5
462
330
17
100
AcDbEntity
  8
钻孔
 62
8
100
AcDbText
 10
470106.147
 20
4349770.934
 30
0.0
 40
0.7
  1
0.13
  7
CN_TTF
 11
470106.147
 21
4349770.934
 31
0.0
100
AcDbText
  0
LINE
  5
463
330
17
100
AcDbEntity
  8
点
 62
7
100
AcDbLine
 10
470110.826
 20
4349775.374
 30
0.0
 11
470111.826
 21
4349775.374
 31
0.0
  0
LINE
  5
464
330
17
100
AcDbEntity
  8
点
 62
7
100
AcDbLine
 10
470111.326
 20
4349774.874
 30
0.0
 11
470111.326
 21
4349775.874
 31
0.0
  0
LINE
  5
465
330
17
100
AcDbEntity
  8
钻孔
 62
7
370
35
100
AcDbLine
 10
470111.326
 20
4349775.374
 30
0.0
 11
470110.126
 21
4349775.374
 31
0.0
  0
TEXT
  5
466
330
17
100
AcDbEntity
  8
钻孔
 62
138
100
AcDbText
 10
470109.046
 20
4349775.774
 30
0.0
 40
0.4
  1
BS-3940-1008-P29
  7
CN_TTF
 11
470109.046
 21
4349775.774
 31
0.0
100
AcDbText
  0
TEXT
  5
467
330
17
100
AcDbEntity
  8
钻孔
 62
8
100
AcDbText
 10
470108.136
 20
4349775.024
 30
0.0
 40
0.7
  1
0.14
  7
CN_TTF
 11
470108.136
 21
4349775.024
 31
0.0
100
AcDbText
  0
LINE
  5
468
330
17
100
AcDbEntity
  8
点
 62
7
100
AcDbLine
 10
470107.695
 20
4349777.919
 30
0.0
 11
470108.695
 21
4349777.919
 31
0.0
  0
LINE
  5
469
330
17
100
AcDbEntity
  8
点
 62
7
100
AcDbLine
 10
470108.195
 20
4349777.419
 30
0.0
 11
470108.195
 21
4349778.419
 31
0.0
  0
LINE
  5
46A
330
17
100
AcDbEntity
  8
钻孔
 62
7
370
35
100
AcDbLine
 10
470108.195
 20
4349777.919
 30
0.0
 11
470106.995
 21
4349777.919
 31
0.0
  0
TEXT
  5
46B
330
17
100
AcDbEntity
  8
钻孔
 62
138
100
AcDbText
 10
470105.915
 20
4349778.319
 30
0.0
 40
0.4
  1
BS-3940-1008-P30
  7
CN_TTF
 11
470105.915
 21
4349778.319
 31
0.0
100
AcDbText
  0
TEXT
  5
46C
330
17
100
AcDbEntity
  8
钻孔
 62
8
100
AcDbText
 10
470105.005
 20
4349777.569
 30
0.0
 40
0.7
  1
0.10
  7
CN_TTF
 11
470105.005
 21
4349777.569
 31
0.0
100
AcDbText
  0
LINE
  5
46D
330
17
100
AcDbEntity
  8
点
 62
7
100
AcDbLine
 10
470109.514
 20
4349782.067
 30
0.0
 11
470110.514
 21
4349782.067
 31
0.0
  0
LINE
  5
46E
330
17
100
AcDbEntity
  8
点
 62
7
100
AcDbLine
 10
470110.014
 20
4349781.567
 30
0.0
 11
470110.014
 21
4349782.567
 31
0.0
  0
LINE
  5
46F
330
17
100
AcDbEntity
  8
钻孔
 62
7
370
35
100
AcDbLine
 10
470110.014
 20
4349782.067
 30
0.0
 11
470108.814
 21
4349782.067
 31
0.0
  0
TEXT
  5
470
330
17
100
AcDbEntity
  8
钻孔
 62
138
100
AcDbText
 10
470107.734
 20
4349782.467
 30
0.0
 40
0.4
  1
BS-3940-1008-P31
  7
CN_TTF
 11
470107.734
 21
4349782.467
 31
0.0
100
AcDbText
  0
TEXT
  5
471
330
17
100
AcDbEntity
  8
钻孔
 62
8
100
AcDbText
 10
470106.824
 20
4349781.717
 30
0.0
 40
0.7
  1
0.16
  7
CN_TTF
 11
470106.824
 21
4349781.717
 31
0.0
100
AcDbText
  0
LINE
  5
472
330
17
100
AcDbEntity
  8
点
 62
7
100
AcDbLine
 10
470105.976
 20
4349784.833
 30
0.0
 11
470106.976
 21
4349784.833
 31
0.0
  0
LINE
  5
473
330
17
100
AcDbEntity
  8
点
 62
7
100
AcDbLine
 10
470106.476
 20
4349784.333
 30
0.0
 11
470106.476
 21
4349785.333
 31
0.0
  0
LINE
  5
474
330
17
100
AcDbEntity
  8
钻孔
 62
7
370
35
100
AcDbLine
 10
470106.476
 20
4349784.833
 30
0.0
 11
470105.276
 21
4349784.833
 31
0.0
  0
TEXT
  5
475
330
17
100
AcDbEntity
  8
钻孔
 62
138
100
AcDbText
 10
470104.196
 20
4349785.233
 30
0.0
 40
0.4
  1
BS-3940-1008-P32
  7
CN_TTF
 11
470104.196
 21
4349785.233
 31
0.0
100
AcDbText
  0
TEXT
  5
476
330
17
100
AcDbEntity
  8
钻孔
 62
8
100
AcDbText
 10
470103.286
 20
4349784.483
 30
0.0
 40
0.7
  1
0.14
  7
CN_TTF
 11
470103.286
 21
4349784.483
 31
0.0
100
AcDbText
  0
LINE
  5
477
330
17
100
AcDbEntity
  8
点
 62
7
100
AcDbLine
 10
470102.467
 20
4349780.452
 30
0.0
 11
470103.467
 21
4349780.452
 31
0.0
  0
LINE
  5
478
330
17
100
AcDbEntity
  8
点
 62
7
100
AcDbLine
 10
470102.967
 20
4349779.952
 30
0.0
 11
470102.967
 21
4349780.952
 31
0.0
  0
LINE
  5
479
330
17
100
AcDbEntity
  8
钻孔
 62
7
370
35
100
AcDbLine
 10
470102.967
 20
4349780.452
 30
0.0
 11
470101.767
 21
4349780.452
 31
0.0
  0
TEXT
  5
47A
330
17
100
AcDbEntity
  8
钻孔
 62
138
100
AcDbText
 10
470100.687
 20
4349780.852
 30
0.0
 40
0.4
  1
BS-3940-1008-P33
  7
CN_TTF
 11
470100.687
 21
4349780.852
 31
0.0
100
AcDbText
  0
TEXT
  5
47B
330
17
100
AcDbEntity
  8
钻孔
 62
8
100
AcDbText
 10
470099.777
 20
4349780.102
 30
0.0
 40
0.7
  1
0.15
  7
CN_TTF
 11
470099.777
 21
4349780.102
 31
0.0
100
AcDbText
  0
LINE
  5
47C
330
17
100
AcDbEntity
  8
点
 62
7
100
AcDbLine
 10
470099.026
 20
4349776.278
 30
0.0
 11
470100.026
 21
4349776.278
 31
0.0
  0
LINE
  5
47D
330
17
100
AcDbEntity
  8
点
 62
7
100
AcDbLine
 10
470099.526
 20
4349775.778
 30
0.0
 11
470099.526
 21
4349776.778
 31
0.0
  0
LINE
  5
47E
330
17
100
AcDbEntity
  8
钻孔
 62
7
370
35
100
AcDbLine
 10
470099.526
 20
4349776.278
 30
0.0
 11
470098.326
 21
4349776.278
 31
0.0
  0
TEXT
  5
47F
330
17
100
AcDbEntity
  8
钻孔
 62
138
100
AcDbText
 10
470097.246
 20
4349776.678
 30
0.0
 40
0.4
  1
BS-3940-1008-P34
  7
CN_TTF
 11
470097.246
 21
4349776.678
 31
0.0
100
AcDbText
  0
TEXT
  5
480
330
17
100
AcDbEntity
  8
钻孔
 62
8
100
AcDbText
 10
470096.336
 20
4349775.928
 30
0.0
 40
0.7
  1
0.17
  7
CN_TTF
 11
470096.336
 21
4349775.928
 31
0.0
100
AcDbText
  0
LINE
  5
481
330
17
100
AcDbEntity
  8
点
 62
7
100
AcDbLine
 10
470091.556
 20
4349774.187
 30
0.0
 11
470092.556
 21
4349774.187
 31
0.0
  0
LINE
  5
482
330
17
100
AcDbEntity
  8
点
 62
7
100
AcDbLine
 10
470092.056
 20
4349773.687
 30
0.0
 11
470092.056
 21
4349774.687
 31
0.0
  0
LINE
  5
483
330
17
100
AcDbEntity
  8
钻孔
 62
7
370
35
100
AcDbLine
 10
470092.056
 20
4349774.187
 30
0.0
 11
470090.85599999997
 21
4349774.187
 31
0.0
  0
TEXT
  5
484
330
17
100
AcDbEntity
  8
钻孔
 62
138
100
AcDbText
 10
470089.77599999995
 20
4349774.587
 30
0.0
 40
0.4
  1
BS-3940-1008-P35
  7
CN_TTF
 11
470089.77599999995
 21
4349774.587
 31
0.0
100
AcDbText
  0
TEXT
  5
485
330
17
100
AcDbEntity
  8
钻孔
 62
8
100
AcDbText
 10
470088.866
 20
4349773.837
 30
0.0
 40
0.7
  1
0.37
  7
CN_TTF
 11
470088.866
 21
4349773.837
 31
0.0
100
AcDbText
  0
LINE
  5
486
330
17
100
AcDbEntity
  8
点
 62
7
100
AcDbLine
 10
470094.437
 20
4349778.668
 30
0.0
 11
470095.437
 21
4349778.668
 31
0.0
  0
LINE
  5
487
330
17
100
AcDbEntity
  8
点
 62
7
100
AcDbLine
 10
470094.937
 20
4349778.168
 30
0.0
 11
470094.937
 21
4349779.168
 31
0.0
  0
LINE
  5
488
330
17
100
AcDbEntity
  8
钻孔
 62
7
370
35
100
AcDbLine
 10
470094.937
 20
4349778.668
 30
0.0
 11
470093.73699999996
 21
4349778.668
 31
0.0
  0
TEXT
  5
489
330
17
100
AcDbEntity
  8
钻孔
 62
138
100
AcDbText
 10
470092.65699999995
 20
4349779.068
 30
0.0
 40
0.4
  1
BS-3940-1008-P36
  7
CN_TTF
 11
470092.65699999995
 21
4349779.068
 31
0.0
100
AcDbText
  0
TEXT
  5
48A
330
17
100
AcDbEntity
  8
钻孔
 62
8
100
AcDbText
 10
470091.747
 20
4349778.318
 30
0.0
 40
0.7
  1
0.29
  7
CN_TTF
 11
470091.747
 21
4349778.318
 31
0.0
100
AcDbText
  0
LINE
  5
48B
330
17
100
AcDbEntity
  8
点
 62
7
100
AcDbLine
 10
470090.005
 20
4349781.011
 30
0.0
 11
470091.005
 21
4349781.011
 31
0.0
  0
LINE
  5
48C
330
17
100
AcDbEntity
  8
点
 62
7
100
AcDbLine
 10
470090.505
 20
4349780.511
 30
0.0
 11
470090.505
 21
4349781.511
 31
0.0
  0
LINE
  5
48D
330
17
100
AcDbEntity
  8
钻孔
 62
7
370
35
100
AcDbLine
 10
470090.505
 20
4349781.011
 30
0.0
 11
470089.305
 21
4349781.011
 31
0.0
  0
TEXT
  5
48E
330
17
100
AcDbEntity
  8
钻孔
 62
138
100
AcDbText
 10
470088.225
 20
4349781.411
 30
0.0
 40
0.4
  1
BS-3940-1008-P37
  7
CN_TTF
 11
470088.225
 21
4349781.411
 31
0.0
100
AcDbText
  0
TEXT
  5
48F
330
17
100
AcDbEntity
  8
钻孔
 62
8
100
AcDbText
 10
470087.315
 20
4349780.661
 30
0.0
 40
0.7
  1
0.36
  7
CN_TTF
 11
470087.315
 21
4349780.661
 31
0.0
100
AcDbText
  0
LINE
  5
490
330
17
100
AcDbEntity
  8
点
 62
7
100
AcDbLine
 10
470093.186
 20
4349785.104
 30
0.0
 11
470094.186
 21
4349785.104
 31
0.0
  0
LINE
  5
491
330
17
100
AcDbEntity
  8
点
 62
7
100
AcDbLine
 10
470093.686
 20
4349784.604
 30
0.0
 11
470093.686
 21
4349785.604
 31
0.0
  0
LINE
  5
492
330
17
100
AcDbEntity
  8
钻孔
 62
7
370
35
100
AcDbLine
 10
470093.686
 20
4349785.104
 30
0.0
 11
470092.486
 21
4349785.104
 31
0.0
  0
TEXT
  5
493
330
17
100
AcDbEntity
  8
钻孔
 62
138
100
AcDbText
 10
470091.40599999996
 20
4349785.504000001
 30
0.0
 40
0.4
  1
BS-3940-1008-P38
  7
CN_TTF
 11
470091.40599999996
 21
4349785.504000001
 31
0.0
100
AcDbText
  0
TEXT
  5
494
330
17
100
AcDbEntity
  8
钻孔
 62
8
100
AcDbText
 10
470090.496
 20
4349784.754000001
 30
0.0
 40
0.7
  1
0.27
  7
CN_TTF
 11
470090.496
 21
4349784.754000001
 31
0.0
100
AcDbText
  0
LINE
  5
495
330
17
100
AcDbEntity
  8
点
 62
7
100
AcDbLine
 10
470097.726
 20
4349783.014
 30
0.0
 11
470098.726
 21
4349783.014
 31
0.0
  0
LINE
  5
496
330
17
100
AcDbEntity
  8
点
 62
7
100
AcDbLine
 10
470098.226
 20
4349782.514
 30
0.0
 11
470098.226
 21
4349783.514
 31
0.0
  0
LINE
  5
497
330
17
100
AcDbEntity
  8
钻孔
 62
7
370
35
100
AcDbLine
 10
470098.226
 20
4349783.014
 30
0.0
 11
470097.026
 21
4349783.014
 31
0.0
  0
TEXT
  5
498
330
17
100
AcDbEntity
  8
钻孔
 62
138
100
AcDbText
 10
470095.946
 20
4349783.414000001
 30
0.0
 40
0.4
  1
BS-3940-1008-P39
  7
CN_TTF
 11
470095.946
 21
4349783.414000001
 31
0.0
100
AcDbText
  0
TEXT
  5
499
330
17
100
AcDbEntity
  8
钻孔
 62
8
100
AcDbText
 10
470095.036
 20
4349782.664000001
 30
0.0
 40
0.7
  1
0.28
  7
CN_TTF
 11
470095.036
 21
4349782.664000001
 31
0.0
100
AcDbText
  0
LINE
  5
49A
330
17
100
AcDbEntity
  8
点
 62
7
100
AcDbLine
 10
470100.548
 20
4349787.151
 30
0.0
 11
470101.548
 21
4349787.151
 31
0.0
  0
LINE
  5
49B
330
17
100
AcDbEntity
  8
点
 62
7
100
AcDbLine
 10
470101.048
 20
4349786.651
 30
0.0
 11
470101.048
 21
4349787.651
 31
0.0
  0
LINE
  5
49C
330
17
100
AcDbEntity
  8
钻孔
 62
7
370
35
100
AcDbLine
 10
470101.048
 20
4349787.151
 30
0.0
 11
470099.848
 21
4349787.151
 31
0.0
  0
TEXT
  5
49D
330
17
100
AcDbEntity
  8
钻孔
 62
138
100
AcDbText
 10
470098.768
 20
4349787.551
 30
0.0
 40
0.4
  1
BS-3940-1008-P40
  7
CN_TTF
 11
470098.768
 21
4349787.551
 31
0.0
100
AcDbText
  0
TEXT
  5
49E
330
17
100
AcDbEntity
  8
钻孔
 62
8
100
AcDbText
 10
470097.858
 20
4349786.801
 30
0.0
 40
0.7
  1
0.21
  7
CN_TTF
 11
470097.858
 21
4349786.801
 31
0.0
100
AcDbText
  0
LINE
  5
49F
330
17
100
AcDbEntity
  8
点
 62
7
100
AcDbLine
 10
470095.947
 20
4349789.58
 30
0.0
 11
470096.947
 21
4349789.58
 31
0.0
  0
LINE
  5
4A0
330
17
100
AcDbEntity
  8
点
 62
7
100
AcDbLine
 10
470096.447
 20
4349789.08
 30
0.0
 11
470096.447
 21
4349790.08
 31
0.0
  0
LINE
  5
4A1
330
17
100
AcDbEntity
  8
钻孔
 62
7
370
35
100
AcDbLine
 10
470096.447
 20
4349789.58
 30
0.0
 11
470095.247
 21
4349789.58
 31
0.0
  0
TEXT
  5
4A2
330
17
100
AcDbEntity
  8
钻孔
 62
138
100
AcDbText
 10
470094.16699999996
 20
4349789.98
 30
0.0
 40
0.4
  1
BS-3940-1008-P41
  7
CN_TTF
 11
470094.16699999996
 21
4349789.98
 31
0.0
100
AcDbText
  0
TEXT
  5
4A3
330
17
100
AcDbEntity
  8
钻孔
 62
8
100
AcDbText
 10
470093.257
 20
4349789.23
 30
0.0
 40
0.7
  1
0.23
  7
CN_TTF
 11
470093.257
 21
4349789.23
 31
0.0
100
AcDbText
  0
LINE
  5
4A4
330
17
100
AcDbEntity
  8
点
 62
7
100
AcDbLine
 10
470091.727
 20
4349791.899
 30
0.0
 11
470092.727
 21
4349791.899
 31
0.0
  0
LINE
  5
4A5
330
17
100
AcDbEntity
  8
点
 62
7
100
AcDbLine
 10
470092.227
 20
4349791.399
 30
0.0
 11
470092.227
 21
4349792.399
 31
0.0
  0
LINE
  5
4A6
330
17
100
AcDbEntity
  8
钻孔
 62
7
370
35
100
AcDbLine
 10
470092.227
 20
4349791.899
 30
0.0
 11
470091.027
 21
4349791.899
 31
0.0
  0
TEXT
  5
4A7
330
17
100
AcDbEntity
  8
钻孔
 62
138
100
AcDbText
 10
470089.947
 20
4349792.299000001
 30
0.0
 40
0.4
  1
BS-3940-1008-P42
  7
CN_TTF
 11
470089.947
 21
4349792.299000001
 31
0.0
100
AcDbText
  0
TEXT
  5
4A8
330
17
100
AcDbEntity
  8
钻孔
 62
8
100
AcDbText
 10
470089.037
 20
4349791.549000001
 30
0.0
 40
0.7
  1
0.31
  7
CN_TTF
 11
470089.037
 21
4349791.549000001
 31
0.0
100
AcDbText
  0
LINE
  5
4A9
330
17
100
AcDbEntity
  8
点
 62
7
100
AcDbLine
 10
470088.34
 20
4349787.739
 30
0.0
 11
470089.34
 21
4349787.739
 31
0.0
  0
LINE
  5
4AA
330
17
100
AcDbEntity
  8
点
 62
7
100
AcDbLine
 10
470088.84
 20
4349787.239
 30
0.0
 11
470088.84
 21
4349788.239
 31
0.0
  0
LINE
  5
4AB
330
17
100
AcDbEntity
  8
钻孔
 62
7
370
35
100
AcDbLine
 10
470088.84
 20
4349787.739
 30
0.0
 11
470087.64
 21
4349787.739
 31
0.0
  0
TEXT
  5
4AC
330
17
100
AcDbEntity
  8
钻孔
 62
138
100
AcDbText
 10
470086.56
 20
4349788.139
 30
0.0
 40
0.4
  1
BS-3940-1008-P43
  7
CN_TTF
 11
470086.56
 21
4349788.139
 31
0.0
100
AcDbText
  0
TEXT
  5
4AD
330
17
100
AcDbEntity
  8
钻孔
 62
4
100
AcDbText
 10
470085.65
 20
4349787.389
 30
0.0
 40
0.7
  1
0.81
  7
CN_TTF
 11
470085.65
 21
4349787.389
 31
0.0
100
AcDbText
  0
LINE
  5
4AE
330
17
100
AcDbEntity
  8
点
 62
7
100
AcDbLine
 10
470088.317
 20
4349787.742
 30
0.0
 11
470089.317
 21
4349787.742
 31
0.0
  0
LINE
  5
4AF
330
17
100
AcDbEntity
  8
点
 62
7
100
AcDbLine
 10
470088.817
 20
4349787.242
 30
0.0
 11
470088.817
 21
4349788.242
 31
0.0
  0
LINE
  5
4B0
330
17
100
AcDbEntity
  8
钻孔
 62
7
370
35
100
AcDbLine
 10
470088.817
 20
4349787.742
 30
0.0
 11
470087.61699999997
 21
4349787.742
 31
0.0
  0
TEXT
  5
4B1
330
17
100
AcDbEntity
  8
钻孔
 62
138
100
AcDbText
 10
470086.53699999995
 20
4349788.142
 30
0.0
 40
0.4
  1
BS-3940-1008-P44
  7
CN_TTF
 11
470086.53699999995
 21
4349788.142
 31
0.0
100
AcDbText
  0
TEXT
  5
4B2
330
17
100
AcDbEntity
  8
钻孔
 62
4
100
AcDbText
 10
470085.627
 20
4349787.392
 30
0.0
 40
0.7
  1
0.73
  7
CN_TTF
 11
470085.627
 21
4349787.392
 31
0.0
100
AcDbText
  0
LINE
  5
4B3
330
17
100
AcDbEntity
  8
点
 62
7
100
AcDbLine
 10
470088.015
 20
4349795.119
 30
0.0
 11
470089.015
 21
4349795.119
 31
0.0
  0
LINE
  5
4B4
330
17
100
AcDbEntity
  8
点
 62
7
100
AcDbLine
 10
470088.515
 20
4349794.619
 30
0.0
 11
470088.515
 21
4349795.619
 31
0.0
  0
LINE
  5
4B5
330
17
100
AcDbEntity
  8
钻孔
 62
7
370
35
100
AcDbLine
 10
470088.515
 20
4349795.119
 30
0.0
 11
470087.315
 21
4349795.119
 31
0.0
  0
TEXT
  5
4B6
330
17
100
AcDbEntity
  8
钻孔
 62
138
100
AcDbText
 10
470086.235
 20
4349795.519
 30
0.0
 40
0.4
  1
BS-3940-1008-P45
  7
CN_TTF
 11
470086.235
 21
4349795.519
 31
0.0
100
AcDbText
  0
TEXT
  5
4B7
330
17
100
AcDbEntity
  8
钻孔
 62
8
100
AcDbText
 10
470085.325
 20
4349794.769
 30
0.0
 40
0.7
  1
0.41
  7
CN_TTF
 11
470085.325
 21
4349794.769
 31
0.0
100
AcDbText
  0
LINE
  5
4B8
330
17
100
AcDbEntity
  8
点
 62
7
100
AcDbLine
 10
470090.064
 20
4349797.971
 30
0.0
 11
470091.064
 21
4349797.971
 31
0.0
  0
LINE
  5
4B9
330
17
100
AcDbEntity
  8
点
 62
7
100
AcDbLine
 10
470090.564
 20
4349797.471
 30
0.0
 11
470090.564
 21
4349798.471
 31
0.0
  0
LINE
  5
4BA
330
17
100
AcDbEntity
  8
钻孔
 62
7
370
35
100
AcDbLine
 10
470090.564
 20
4349797.971
 30
0.0
 11
470089.364
 21
4349797.971
 31
0.0
  0
TEXT
  5
4BB
330
17
100
AcDbEntity
  8
钻孔
 62
138
100
AcDbText
 10
470088.284
 20
4349798.371
 30
0.0
 40
0.4
  1
BS-3940-1008-P46
  7
CN_TTF
 11
470088.284
 21
4349798.371
 31
0.0
100
AcDbText
  0
TEXT
  5
4BC
330
17
100
AcDbEntity
  8
钻孔
 62
8
100
AcDbText
 10
470087.374
 20
4349797.621
 30
0.0
 40
0.7
  1
0.25
  7
CN_TTF
 11
470087.374
 21
4349797.621
 31
0.0
100
AcDbText
  0
LINE
  5
4BD
330
17
100
AcDbEntity
  8
点
 62
7
100
AcDbLine
 10
470085.535
 20
4349801.444
 30
0.0
 11
470086.535
 21
4349801.444
 31
0.0
  0
LINE
  5
4BE
330
17
100
AcDbEntity
  8
点
 62
7
100
AcDbLine
 10
470086.035
 20
4349800.944
 30
0.0
 11
470086.035
 21
4349801.944
 31
0.0
  0
LINE
  5
4BF
330
17
100
AcDbEntity
  8
钻孔
 62
7
370
35
100
AcDbLine
 10
470086.035
 20
4349801.444
 30
0.0
 11
470084.83499999996
 21
4349801.444
 31
0.0
  0
TEXT
  5
4C0
330
17
100
AcDbEntity
  8
钻孔
 62
138
100
AcDbText
 10
470083.75499999995
 20
4349801.8440000005
 30
0.0
 40
0.4
  1
BS-3940-1008-P47
  7
CN_TTF
 11
470083.75499999995
 21
4349801.8440000005
 31
0.0
100
AcDbText
  0
TEXT
  5
4C1
330
17
100
AcDbEntity
  8
钻孔
 62
4
100
AcDbText
 10
470082.845
 20
4349801.0940000005
 30
0.0
 40
0.7
  1
0.52
  7
CN_TTF
 11
470082.845
 21
4349801.0940000005
 31
0.0
100
AcDbText
  0
LINE
  5
4C2
330
17
100
AcDbEntity
  8
点
 62
7
100
AcDbLine
 10
470087.104
 20
4349804.346
 30
0.0
 11
470088.104
 21
4349804.346
 31
0.0
  0
LINE
  5
4C3
330
17
100
AcDbEntity
  8
点
 62
7
100
AcDbLine
 10
470087.604
 20
4349803.846
 30
0.0
 11
470087.604
 21
4349804.846
 31
0.0
  0
LINE
  5
4C4
330
17
100
AcDbEntity
  8
钻孔
 62
7
370
35
100
AcDbLine
 10
470087.604
 20
4349804.346
 30
0.0
 11
470086.404
 21
4349804.346
 31
0.0
  0
TEXT
  5
4C5
330
17
100
AcDbEntity
  8
钻孔
 62
138
100
AcDbText
 10
470085.32399999996
 20
4349804.746
 30
0.0
 40
0.4
  1
BS-3940-1008-P48
  7
CN_TTF
 11
470085.32399999996
 21
4349804.746
 31
0.0
100
AcDbText
  0
TEXT
  5
4C6
330
17
100
AcDbEntity
  8
钻孔
 62
8
100
AcDbText
 10
470084.414
 20
4349803.996
 30
0.0
 40
0.7
  1
0.27
  7
CN_TTF
 11
470084.414
 21
4349803.996
 31
0.0
100
AcDbText
  0
LINE
  5
4C7
330
17
100
AcDbEntity
  8
点
 62
7
100
AcDbLine
 10
470084.762
 20
4349806.781
 30
0.0
 11
470085.762
 21
4349806.781
 31
0.0
  0
LINE
  5
4C8
330
17
100
AcDbEntity
  8
点
 62
7
100
AcDbLine
 10
470085.262
 20
4349806.281
 30
0.0
 11
470085.262
 21
4349807.281
 31
0.0
  0
LINE
  5
4C9
330
17
100
AcDbEntity
  8
钻孔
 62
7
370
35
100
AcDbLine
 10
470085.262
 20
4349806.781
 30
0.0
 11
470084.062
 21
4349806.781
 31
0.0
  0
TEXT
  5
4CA
330
17
100
AcDbEntity
  8
钻孔
 62
138
100
AcDbText
 10
470082.98199999996
 20
4349807.181000001
 30
0.0
 40
0.4
  1
BS-3940-1008-P49
  7
CN_TTF
 11
470082.98199999996
 21
4349807.181000001
 31
0.0
100
AcDbText
  0
TEXT
  5
4CB
330
17
100
AcDbEntity
  8
钻孔
 62
8
100
AcDbText
 10
470082.072
 20
4349806.431000001
 30
0.0
 40
0.7
  1
0.24
  7
CN_TTF
 11
470082.072
 21
4349806.431000001
 31
0.0
100
AcDbText
  0
LINE
  5
4CC
330
17
100
AcDbEntity
  8
点
 62
7
100
AcDbLine
 10
470092.838
 20
4349796.206
 30
0.0
 11
470093.838
 21
4349796.206
 31
0.0
  0
LINE
  5
4CD
330
17
100
AcDbEntity
  8
点
 62
7
100
AcDbLine
 10
470093.338
 20
4349795.706
 30
0.0
 11
470093.338
 21
4349796.706
 31
0.0
  0
LINE
  5
4CE
330
17
100
AcDbEntity
  8
钻孔
 62
7
370
35
100
AcDbLine
 10
470093.338
 20
4349796.206
 30
0.0
 11
470092.138
 21
4349796.206
 31
0.0
  0
TEXT
  5
4CF
330
17
100
AcDbEntity
  8
钻孔
 62
138
100
AcDbText
 10
470091.05799999996
 20
4349796.606000001
 30
0.0
 40
0.4
  1
BS-3940-1008-P50
  7
CN_TTF
 11
470091.05799999996
 21
4349796.606000001
 31
0.0
100
AcDbText
  0
TEXT
  5
4D0
330
17
100
AcDbEntity
  8
钻孔
 62
8
100
AcDbText
 10
470090.148
 20
4349795.856000001
 30
0.0
 40
0.7
  1
0.27
  7
CN_TTF
 11
470090.148
 21
4349795.856000001
 31
0.0
100
AcDbText
  0
LINE
  5
4D1
330
17
100
AcDbEntity
  8
0
 62
7
100
AcDbLine
 10
470104.1592386942
 20
4349726.036544526
 30
0.0
 11
470099.55695191515
 21
4349720.805694369
 31
0.0
  0
MTEXT
  5
4D2
330
17
100
AcDbEntity
  8
0
100
AcDbMText
 10
470099.55695191515
 20
4349720.805694369
 30
0.0
 40
3.0
 71
1
  1
1号矿块
  7
CN_TTF
  0
LINE
  5
4D3
330
17
100
AcDbEntity
  8
0
 62
7
100
AcDbLine
 10
470093.145
 20
4349770.61523
 30
0.0
 11
470089.43256063724
 21
4349775.458115841
 31
0.0
  0
MTEXT
  5
4D4
330
17
100
AcDbEntity
  8
0
100
AcDbMText
 10
470089.43256063724
 20
4349775.458115841
 30
0.0
 40
3.0
 71
1
  1
2号矿块
  7
CN_TTF
  0
LINE
  5
4D5
330
17
100
AcDbEntity
  8
0
 62
7
100
AcDbLine
 10
470108.1229927102
 20
4349734.768729979
 30
0.0
 11
470119.88643806917
 21
4349736.020800336
 31
0.0
  0
MTEXT
  5
4D6
330
17
100
AcDbEntity
  8
0
100
AcDbMText
 10
470119.88643806917
 20
4349736.020800336
 30
0.0
 40
3.0
 71
1
  1
3号矿块
  7
CN_TTF
  0
TEXT
  5
4D7
330
17
100
AcDbEntity
  8
0
 62
7
100
AcDbText
 10
470085.262
 20
4349818.781
 30
0.0
 40
5.0
  1
3940平台 1008二次圈矿矿块图
  7
CN_TTF
 11
470085.262
 21
4349818.781
 31
0.0
100
AcDbText
  0
ENDSEC
  0
SECTION
  2
OBJECTS
  0
DICTIONARY
  5
A
330
0
100
AcDbDictionary
281
1
  3
ACAD_COLOR
350
B
  3
ACAD_GROUP
350
C
  3
ACAD_LAYOUT
350
D
  3
ACAD_MATERIAL
350
E
  3
ACAD_MLEADERSTYLE
350
F
  3
ACAD_MLINESTYLE
350
10
  3
ACAD_PLOTSETTINGS
350
11
  3
ACAD_PLOTSTYLENAME
350
12
  3
ACAD_SCALELIST
350
14
  3
ACAD_TABLESTYLE
350
15
  3
ACAD_VISUALSTYLE
350
16
  3
EZDXF_META
350
2D
  0
DICTIONARY
  5
B
330
A
100
AcDbDictionary
281
1
  0
DICTIONARY
  5
C
330
A
100
AcDbDictionary
281
1
  0
DICTIONARY
  5
D
330
A
100
AcDbDictionary
281
1
  3
Model
350
1A
  3
Layout1
350
1E
  0
DICTIONARY
  5
E
330
A
100
AcDbDictionary
281
1
  3
ByBlock
350
1F
  3
ByLayer
350
20
  3
Global
350
21
  0
DICTIONARY
  5
F
330
A
100
AcDbDictionary
281
1
  3
Standard
350
2C
  0
DICTIONARY
  5
10
330
A
100
AcDbDictionary
281
1
  3
Standard
350
22
  0
DICTIONARY
  5
11
330
A
100
AcDbDictionary
281
1
  0
ACDBDICTIONARYWDFLT
  5
12
330
A
100
AcDbDictionary
281
1
  3
Normal
350
13
100
AcDbDictionaryWithDefault
340
13
  0
ACDBPLACEHOLDER
  5
13
330
12
  0
DICTIONARY
  5
14
330
A
100
AcDbDictionary
281
1
  0
DICTIONARY
  5
15
330
A
100
AcDbDictionary
281
1
  0
DICTIONARY
  5
16
330
A
100
AcDbDictionary
281
1
  0
LAYOUT
  5
1A
330
D
100
AcDbPlotSettings
  1

  4
A3
  6

 40
7.5
 41
20.0
 42
7.5
 43
20.0
 44
420.0
 45
297.0
 46
0.0
 47
0.0
 48
0.0
 49
0.0
140
0.0
141
0.0
142
1.0
143
1.0
 70
1024
 72
1
 73
0
 74
5
  7

 75
16
 76
0
 77
2
 78
300
147
1.0
148
0.0
149
0.0
100
AcDbLayout
  1
Model
 70
1
 71
0
 10
0.0
 20
0.0
 11
420.0
 21
297.0
 12
0.0
 22
0.0
 32
0.0
 14
1e+20
 24
1e+20
 34
1e+20
 15
-1e+20
 25
-1e+20
 35
-1e+20
146
0.0
 13
0.0
 23
0.0
 33
0.0
 16
1.0
 26
0.0
 36
0.0
 17
0.0
 27
1.0
 37
0.0
 76
1
330
17
  0
LAYOUT
  5
1E
330
D
100
AcDbPlotSettings
  1

  4
A3
  6

 40
7.5
 41
20.0
 42
7.5
 43
20.0
 44
420.0
 45
297.0
 46
0.0
 47
0.0
 48
0.0
 49
0.0
140
0.0
141
0.0
142
1.0
143
1.0
 70
0
 72
1
 73
0
 74
5
  7

 75
16
 76
0
 77
2
 78
300
147
1.0
148
0.0
149
0.0
100
AcDbLayout
  1
Layout1
 70
1
 71
1
 10
0.0
 20
0.0
 11
420.0
 21
297.0
 12
0.0
 22
0.0
 32
0.0
 14
1e+20
 24
1e+20
 34
1e+20
 15
-1e+20
 25
-1e+20
 35
-1e+20
146
0.0
 13
0.0
 23
0.0
 33
0.0
 16
1.0
 26
0.0
 36
0.0
 17
0.0
 27
1.0
 37
0.0
 76
1
330
1B
  0
MATERIAL
  5
1F
102
{ACAD_REACTORS
330
E
102
}
330
E
100
AcDbMaterial
  1
ByBlock
  2

 70
0
 40
1.0
 71
1
 41
1.0
 91
-1023410177
 42
1.0
 72
1
  3

 73
1
 74
1
 75
1
 44
0.5
 73
0
 45
1.0
 46
1.0
 77
1
  4

 78
1
 79
1
170
1
 48
1.0
171
1
  6

172
1
173
1
174
1
140
1.0
141
1.0
175
1
  7

176
1
177
1
178
1
143
1.0
179
1
  8

270
1
271
1
272
1
145
1.0
146
1.0
273
1
  9

274
1
275
1
276
1
 42
1.0
 72
1
  3

 73
1
 74
1
 75
1
 94
63
  0
MATERIAL
  5
20
102
{ACAD_REACTORS
330
E
102
}
330
E
100
AcDbMaterial
  1
ByLayer
  2

 70
0
 40
1.0
 71
1
 41
1.0
 91
-1023410177
 42
1.0
 72
1
  3

 73
1
 74
1
 75
1
 44
0.5
 73
0
 45
1.0
 46
1.0
 77
1
  4

 78
1
 79
1
170
1
 48
1.0
171
1
  6

172
1
173
1
174
1
140
1.0
141
1.0
175
1
  7

176
1
177
1
178
1
143
1.0
179
1
  8

270
1
271
1
272
1
145
1.0
146
1.0
273
1
  9

274
1
275
1
276
1
 42
1.0
 72
1
  3

 73
1
 74
1
 75
1
 94
63
  0
MATERIAL
  5
21
102
{ACAD_REACTORS
330
E
102
}
330
E
100
AcDbMaterial
  1
Global
  2

 70
0
 40
1.0
 71
1
 41
1.0
 91
-1023410177
 42
1.0
 72
1
  3

 73
1
 74
1
 75
1
 44
0.5
 73
0
 45
1.0
 46
1.0
 77
1
  4

 78
1
 79
1
170
1
 48
1.0
171
1
  6

172
1
173
1
174
1
140
1.0
141
1.0
175
1
  7

176
1
177
1
178
1
143
1.0
179
1
  8

270
1
271
1
272
1
145
1.0
146
1.0
273
1
  9

274
1
275
1
276
1
 42
1.0
 72
1
  3

 73
1
 74
1
 75
1
 94
63
  0
MLINESTYLE
  5
22
102
{ACAD_REACTORS
330
10
102
}
330
10
100
AcDbMlineStyle
  2
Standard
 70
0
  3

 62
256
 51
90.0
 52
90.0
 71
2
 49
0.5
 62
256
  6
BYLAYER
 49
-0.5
 62
256
  6
BYLAYER
  0
MLEADERSTYLE
  5
2C
102
{ACAD_REACTORS
330
F
102
}
330
F
100
AcDbMLeaderStyle
179
2
170
2
171
1
172
0
 90
2
 40
0.0
 41
0.0
173
1
 91
-1056964608
 92
-2
290
1
 42
2.0
291
1
 43
8.0
  3
Standard
 44
4.0
300

342
29
174
1
175
1
176
0
178
1
 93
-1056964608
 45
4.0
292
0
297
0
 46
4.0
 94
-1056964608
 47
1.0
 49
1.0
140
1.0
294
1
141
0.0
177
0
142
1.0
295
0
296
0
143
3.75
271
0
272
9
273
9
  0
DICTIONARY
  5
2D
330
A
100
AcDbDictionary
280
1
281
1
  3
CREATED_BY_EZDXF
350
2E
  3
WRITTEN_BY_EZDXF
350
4DA
  0
DICTIONARYVAR
  5
2E
330
2D
100
DictionaryVariables
280
0
  1
1.4.4 @ 2026-10-10T03:22:52.197466+00:00
  0
DICTIONARYVAR
  5
4DA
330
2D
100
DictionaryVariables
280
0
  1
1.4.4 @ 2026-10-10T03:22:52.303183+00:00
  0
ENDSEC
  0
EOF
