  0
SECTION
  2
HEADER
  9
$ACADVER
  1
AC1024
  9
$ACADMAINTVER
 70
6
  9
$DWGCODEPAGE
  3
ANSI_1252
  9
$LASTSAVEDBY
  1
ezdxf
  9
$INSBASE
 10
0.0
 20
0.0
 30
0.0
  9
$EXTMIN
 10
1e+20
 20
1e+20
 30
1e+20
  9
$EXTMAX
 10
-1e+20
 20
-1e+20
 30
-1e+20
  9
$LIMMIN
 10
0.0
 20
0.0
  9
$LIMMAX
 10
420.0
 20
297.0
  9
$ORTHOMODE
 70
0
  9
$REGENMODE
 70
1
  9
$FILLMODE
 70
1
  9
$QTEXTMODE
 70
0
  9
$MIRRTEXT
 70
1
  9
$LTSCALE
 40
1.0
  9
$ATTMODE
 70
1
  9
$TEXTSIZE
 40
2.5
  9
$TRACEWID
 40
1.0
  9
$TEXTSTYLE
  7
Standard
  9
$CLAYER
  8
0
  9
$CELTYPE
  6
ByLayer
  9
$CECOLOR
 62
256
  9
$CELTSCALE
 40
1.0
  9
$DISPSILH
 70
0
  9
$DIMSCALE
 40
1.0
  9
$DIMASZ
 40
2.5
  9
$DIMEXO
 40
0.625
  9
$DIMDLI
 40
3.75
  9
$DIMRND
 40
0.0
  9
$DIMDLE
 40
0.0
  9
$DIMEXE
 40
1.25
  9
$DIMTP
 40
0.0
  9
$DIMTM
 40
0.0
  9
$DIMTXT
 40
2.5
  9
$DIMCEN
 40
2.5
  9
$DIMTSZ
 40
0.0
  9
$DIMTOL
 70
0
  9
$DIMLIM
 70
0
  9
$DIMTIH
 70
0
  9
$DIMTOH
 70
0
  9
$DIMSE1
 70
0
  9
$DIMSE2
 70
0
  9
$DIMTAD
 70
1
  9
$DIMZIN
 70
8
  9
$DIMBLK
  1

  9
$DIMASO
 70
1
  9
$DIMSHO
 70
1
  9
$DIMPOST
  1

  9
$DIMAPOST
  1

  9
$DIMALT
 70
0
  9
$DIMALTD
 70
3
  9
$DIMALTF
 40
0.03937007874
  9
$DIMLFAC
 40
1.0
  9
$DIMTOFL
 70
1
  9
$DIMTVP
 40
0.0
  9
$DIMTIX
 70
0
  9
$DIMSOXD
 70
0
  9
$DIMSAH
 70
0
  9
$DIMBLK1
  1

  9
$DIMBLK2
  1

  9
$DIMSTYLE
  2
ISO-25
  9
$DIMCLRD
 70
0
  9
$DIMCLRE
 70
0
  9
$DIMCLRT
 70
0
  9
$DIMTFAC
 40
1.0
  9
$DIMGAP
 40
0.625
  9
$DIMJUST
 70
0
  9
$DIMSD1
 70
0
  9
$DIMSD2
 70
0
  9
$DIMTOLJ
 70
0
  9
$DIMTZIN
 70
8
  9
$DIMALTZ
 70
0
  9
$DIMALTTZ
 70
0
  9
$DIMUPT
 70
0
  9
$DIMDEC
 70
2
  9
$DIMTDEC
 70
2
  9
$DIMALTU
 70
2
  9
$DIMALTTD
 70
3
  9
$DIMTXSTY
  7
Standard
  9
$DIMAUNIT
 70
0
  9
$DIMADEC
 70
0
  9
$DIMALTRND
 40
0.0
  9
$DIMAZIN
 70
0
  9
$DIMDSEP
 70
44
  9
$DIMATFIT
 70
3
  9
$DIMFRAC
 70
0
  9
$DIMLDRBLK
  1

  9
$DIMLUNIT
 70
2
  9
$DIMLWD
 70
-2
  9
$DIMLWE
 70
-2
  9
$DIMTMOVE
 70
0
  9
$DIMFXL
 40
1.0
  9
$DIMFXLON
 70
0
  9
$DIMJOGANG
 40
0.785398163397
  9
$DIMTFILL
 70
0
  9
$DIMTFILLCLR
 70
0
  9
$DIMARCSYM
 70
0
  9
$DIMLTYPE
  6

  9
$DIMLTEX1
  6

  9
$DIMLTEX2
  6

  9
$DIMTXTDIRECTION
 70
0
  9
$LUNITS
 70
2
  9
$LUPREC
 70
4
  9
$SKETCHINC
 40
1.0
  9
$FILLETRAD
 40
10.0
  9
$AUNITS
 70
0
  9
$AUPREC
 70
2
  9
$MENU
  1
.
  9
$ELEVATION
 40
0.0
  9
$PELEVATION
 40
0.0
  9
$THICKNESS
 40
0.0
  9
$LIMCHECK
 70
0
  9
$CHAMFERA
 40
0.0
  9
$CHAMFERB
 40
0.0
  9
$CHAMFERC
 40
0.0
  9
$CHAMFERD
 40
0.0
  9
$SKPOLY
 70
0
  9
$TDCREATE
 40
2461324.919826389
  9
$TDUCREATE
 40
2458532.153996898
  9
$TDUPDATE
 40
2461324.919826389
  9
$TDUUPDATE
 40
2458532.1544311
  9
$TDINDWG
 40
0.0
  9
$TDUSRTIMER
 40
0.0
  9
$USRTIMER
 70
1
  9
$ANGBASE
 50
0.0
  9
$ANGDIR
 70
0
  9
$PDMODE
 70
0
  9
$PDSIZE
 40
0.0
  9
$PLINEWID
 40
0.0
  9
$SPLFRAME
 70
0
  9
$SPLINETYPE
 70
6
  9
$SPLINESEGS
 70
8
  9
$HANDSEED
  5
9CE
  9
$SURFTAB1
 70
6
  9
$SURFTAB2
 70
6
  9
$SURFTYPE
 70
6
  9
$SURFU
 70
6
  9
$SURFV
 70
6
  9
$UCSBASE
  2

  9
$UCSNAME
  2

  9
$UCSORG
 10
0.0
 20
0.0
 30
0.0
  9
$UCSXDIR
 10
1.0
 20
0.0
 30
0.0
  9
$UCSYDIR
 10
0.0
 20
1.0
 30
0.0
  9
$UCSORTHOREF
  2

  9
$UCSORTHOVIEW
 70
0
  9
$UCSORGTOP
 10
0.0
 20
0.0
 30
0.0
  9
$UCSORGBOTTOM
 10
0.0
 20
0.0
 30
0.0
  9
$UCSORGLEFT
 10
0.0
 20
0.0
 30
0.0
  9
$UCSORGRIGHT
 10
0.0
 20
0.0
 30
0.0
  9
$UCSORGFRONT
 10
0.0
 20
0.0
 30
0.0
  9
$UCSORGBACK
 10
0.0
 20
0.0
 30
0.0
  9
$PUCSBASE
  2

  9
$PUCSNAME
  2

  9
$PUCSORG
 10
0.0
 20
0.0
 30
0.0
  9
$PUCSXDIR
 10
1.0
 20
0.0
 30
0.0
  9
$PUCSYDIR
 10
0.0
 20
1.0
 30
0.0
  9
$PUCSORTHOREF
  2

  9
$PUCSORTHOVIEW
 70
0
  9
$PUCSORGTOP
 10
0.0
 20
0.0
 30
0.0
  9
$PUCSORGBOTTOM
 10
0.0
 20
0.0
 30
0.0
  9
$PUCSORGLEFT
 10
0.0
 20
0.0
 30
0.0
  9
$PUCSORGRIGHT
 10
0.0
 20
0.0
 30
0.0
  9
$PUCSORGFRONT
 10
0.0
 20
0.0
 30
0.0
  9
$PUCSORGBACK
 10
0.0
 20
0.0
 30
0.0
  9
$USERI1
 70
0
  9
$USERI2
 70
0
  9
$USERI3
 70
0
  9
$USERI4
 70
0
  9
$USERI5
 70
0
  9
$USERR1
 40
0.0
  9
$USERR2
 40
0.0
  9
$USERR3
 40
0.0
  9
$USERR4
 40
0.0
  9
$USERR5
 40
0.0
  9
$WORLDVIEW
 70
1
  9
$SHADEDGE
 70
3
  9
$SHADEDIF
 70
70
  9
$TILEMODE
 70
1
  9
$MAXACTVP
 70
64
  9
$PINSBASE
 10
0.0
 20
0.0
 30
0.0
  9
$PLIMCHECK
 70
0
  9
$PEXTMIN
 10
1e+20
 20
1e+20
 30
1e+20
  9
$PEXTMAX
 10
-1e+20
 20
-1e+20
 30
-1e+20
  9
$PLIMMIN
 10
0.0
 20
0.0
  9
$PLIMMAX
 10
420.0
 20
297.0
  9
$UNITMODE
 70
0
  9
$VISRETAIN
 70
1
  9
$PLINEGEN
 70
0
  9
$PSLTSCALE
 70
1
  9
$TREEDEPTH
 70
3020
  9
$CMLSTYLE
  2
Standard
  9
$CMLJUST
 70
0
  9
$CMLSCALE
 40
20.0
  9
$PROXYGRAPHICS
 70
1
  9
$MEASUREMENT
 70
1
  9
$CELWEIGHT
370
-1
  9
$ENDCAPS
280
0
  9
$JOINSTYLE
280
0
  9
$LWDISPLAY
290
0
  9
$INSUNITS
 70
6
  9
$HYPERLINKBASE
  1

  9
$STYLESHEET
  1

  9
$XEDIT
290
1
  9
$CEPSNTYPE
380
0
  9
$PSTYLEMODE
290
1
  9
$FINGERPRINTGUID
  2
{1BCFFB99-DA05-4740-A56F-1B2B82852BE3}
  9
$VERSIONGUID
  2
{F4DBE0AF-FBF2-4112-AD3B-CFB9FBBEDE07}
  9
$EXTNAMES
290
1
  9
$PSVPSCALE
 40
0.0
  9
$OLESTARTUP
290
0
  9
$SORTENTS
280
127
  9
$INDEXCTL
280
0
  9
$HIDETEXT
280
1
  9
$XCLIPFRAME
280
1
  9
$HALOGAP
280
0
  9
$OBSCOLOR
 70
257
  9
$OBSLTYPE
280
0
  9
$INTERSECTIONDISPLAY
280
0
  9
$INTERSECTIONCOLOR
 70
257
  9
$DIMASSOC
280
2
  9
$PROJECTNAME
  1

  9
$CAMERADISPLAY
290
0
  9
$LENSLENGTH
 40
50.0
  9
$CAMERAHEIGHT
 40
0.0
  9
$STEPSPERSEC
 40
24.0
  9
$STEPSIZE
 40
100.0
  9
$3DDWFPREC
 40
2.0
  9
$PSOLWIDTH
 40
0.005
  9
$PSOLHEIGHT
 40
0.08
  9
$LOFTANG1
 40
1.570796326795
  9
$LOFTANG2
 40
1.570796326795
  9
$LOFTMAG1
 40
0.0
  9
$LOFTMAG2
 40
0.0
  9
$LOFTPARAM
 70
7
  9
$LOFTNORMALS
280
1
  9
$LATITUDE
 40
37.795
  9
$LONGITUDE
 40
-122.394
  9
$NORTHDIRECTION
 40
0.0
  9
$TIMEZONE
 70
-8000
  9
$LIGHTGLYPHDISPLAY
280
1
  9
$TILEMODELIGHTSYNCH
280
1
  9
$CMATERIAL
347
20
  9
$SOLIDHIST
280
0
  9
$SHOWHIST
280
1
  9
$DWFFRAME
280
2
  9
$DGNFRAME
280
2
  9
$REALWORLDSCALE
290
1
  9
$INTERFERECOLOR
 62
256
  9
$CSHADOW
280
0
  9
$SHADOWPLANELOCATION
 40
0.0
  0
ENDSEC
  0
SECTION
  2
CLASSES
  0
CLASS
  1
ACDBDICTIONARYWDFLT
  2
AcDbDictionaryWithDefault
  3
ObjectDBX Classes
 90
0
 91
0
280
0
281
0
  0
CLASS
  1
SUN
  2
AcDbSun
  3
SCENEOE
 90
1153
 91
0
280
0
281
0
  0
CLASS
  1
VISUALSTYLE
  2
AcDbVisualStyle
  3
ObjectDBX Classes
 90
4095
 91
0
280
0
281
0
  0
CLASS
  1
MATERIAL
  2
AcDbMaterial
  3
ObjectDBX Classes
 90
1153
 91
0
280
0
281
0
  0
CLASS
  1
SCALE
  2
AcDbScale
  3
ObjectDBX Classes
 90
1153
 91
0
280
0
281
0
  0
CLASS
  1
TABLESTYLE
  2
AcDbTableStyle
  3
ObjectDBX Classes
 90
4095
 91
0
280
0
281
0
  0
CLASS
  1
MLEADERSTYLE
  2
AcDbMLeaderStyle
  3
ACDB_MLEADERSTYLE_CLASS
 90
4095
 91
0
280
0
281
0
  0
CLASS
  1
DICTIONARYVAR
  2
AcDbDictionaryVar
  3
ObjectDBX Classes
 90
0
 91
0
280
0
281
0
  0
CLASS
  1
CELLSTYLEMAP
  2
AcDbCellStyleMap
  3
ObjectDBX Classes
 90
1152
 91
0
280
0
281
0
  0
CLASS
  1
MENTALRAYRENDERSETTINGS
  2
AcDbMentalRayRenderSettings
  3
SCENEOE
 90
1024
 91
0
280
0
281
0
  0
CLASS
  1
ACDBDETAILVIEWSTYLE
  2
AcDbDetailViewStyle
  3
ObjectDBX Classes
 90
1025
 91
0
280
0
281
0
  0
CLASS
  1
ACDBSECTIONVIEWSTYLE
  2
AcDbSectionViewStyle
  3
ObjectDBX Classes
 90
1025
 91
0
280
0
281
0
  0
CLASS
  1
RASTERVARIABLES
  2
AcDbRasterVariables
  3
ISM
 90
0
 91
0
280
0
281
0
  0
CLASS
  1
IMAGE
  2
AcDbRasterImage
  3
ISM
 90
2175
 91
0
280
0
281
1
  0
CLASS
  1
IMAGEDEF
  2
AcDbRasterImageDef
  3
ISM
 90
0
 91
0
280
0
281
0
  0
CLASS
  1
IMAGEDEF_REACTOR
  2
AcDbRasterImageDefReactor
  3
ISM
 90
1
 91
0
280
0
281
0
  0
CLASS
  1
LAYOUT
  2
AcDbLayout
  3
ObjectDBX Classes
 90
0
 91
0
280
0
281
0
  0
CLASS
  1
ACDBPLACEHOLDER
  2
AcDbPlaceHolder
  3
ObjectDBX Classes
 90
0
 91
0
280
0
281
0
  0
ENDSEC
  0
SECTION
  2
TABLES
  0
TABLE
  2
VPORT
  5
8
330
0
100
AcDbSymbolTable
 70
1
  0
VPORT
  5
23
330
8
100
AcDbSymbolTableRecord
100
AcDbViewportTableRecord
  2
*Active
 70
0
 10
0.0
 20
0.0
 11
1.0
 21
1.0
 12
0.0
 22
0.0
 13
0.0
 23
0.0
 14
0.5
 24
0.5
 15
0.5
 25
0.5
 16
0.0
 26
0.0
 36
1.0
 17
0.0
 27
0.0
 37
0.0
 40
1000.0
 41
1.34
 42
50.0
 43
0.0
 44
0.0
 50
0.0
 51
0.0
 71
0
 72
1000
 73
1
 74
3
 75
0
 76
0
 77
0
 78
0
281
0
 65
0
146
0.0
  0
ENDTAB
  0
TABLE
  2
LTYPE
  5
2
330
0
100
AcDbSymbolTable
 70
3
  0
LTYPE
  5
24
330
2
100
AcDbSymbolTableRecord
100
AcDbLinetypeTableRecord
  2
ByBlock
 70
0
  3

 72
65
 73
0
 40
0.0
  0
LTYPE
  5
25
330
2
100
AcDbSymbolTableRecord
100
AcDbLinetypeTableRecord
  2
ByLayer
 70
0
  3

 72
65
 73
0
 40
0.0
  0
LTYPE
  5
26
330
2
100
AcDbSymbolTableRecord
100
AcDbLinetypeTableRecord
  2
Continuous
 70
0
  3

 72
65
 73
0
 40
0.0
  0
ENDTAB
  0
TABLE
  2
LAYER
  5
1
330
0
100
AcDbSymbolTable
 70
11
  0
LAYER
  5
27
330
1
100
AcDbSymbolTableRecord
100
AcDbLayerTableRecord
  2
0
 70
0
 62
7
  6
Continuous
370
-3
390
13
347
21
  0
LAYER
  5
28
330
1
100
AcDbSymbolTableRecord
100
AcDbLayerTableRecord
  2
Defpoints
 70
0
 62
7
  6
Continuous
290
0
370
-3
390
13
347
21
  0
LAYER
  5
2F
330
1
100
AcDbSymbolTableRecord
100
AcDbLayerTableRecord
  2
0.500-1.000
 70
0
 62
4
  6
Continuous
370
-3
390
13
347
21
  0
LAYER
  5
30
330
1
100
AcDbSymbolTableRecord
100
AcDbLayerTableRecord
  2
1.000-1.500
 70
0
 62
5
  6
Continuous
370
-3
390
13
347
21
  0
LAYER
  5
31
330
1
100
AcDbSymbolTableRecord
100
AcDbLayerTableRecord
  2
1.500-3.000
 70
0
 62
1
  6
Continuous
370
-3
390
13
347
21
  0
LAYER
  5
32
330
1
100
AcDbSymbolTableRecord
100
AcDbLayerTableRecord
  2
3.000-999.000
 70
0
 62
2
  6
Continuous
370
-3
390
13
347
21
  0
LAYER
  5
33
330
1
100
AcDbSymbolTableRecord
100
AcDbLayerTableRecord
  2
爆区方格网
 70
0
 62
7
  6
Continuous
370
-3
390
13
347
21
  0
LAYER
  5
34
330
1
100
AcDbSymbolTableRecord
100
AcDbLayerTableRecord
  2
钻孔
 70
0
 62
7
  6
Continuous
370
-3
390
13
347
21
  0
LAYER
  5
35
330
1
100
AcDbSymbolTableRecord
100
AcDbLayerTableRecord
  2
点
 70
0
 62
7
  6
Continuous
370
-3
390
13
347
21
  0
LAYER
  5
36
330
1
100
AcDbSymbolTableRecord
100
AcDbLayerTableRecord
  2
缺工程待取样
 70
0
 62
7
  6
Continuous
370
-3
390
13
347
21
  0
LAYER
  5
37
330
1
100
AcDbSymbolTableRecord
100
AcDbLayerTableRecord
  2
综合图_历史矿块
 70
0
 62
7
  6
Continuous
370
-3
390
13
347
21
  0
ENDTAB
  0
TABLE
  2
STYLE
  5
5
330
0
100
AcDbSymbolTable
 70
2
  0
STYLE
  5
29
330
5
100
AcDbSymbolTableRecord
100
AcDbTextStyleTableRecord
  2
Standard
 70
0
 40
0.0
 41
1.0
 50
0.0
 71
0
 42
2.5
  3
txt
  4

  0
STYLE
  5
38
330
5
100
AcDbSymbolTableRecord
100
AcDbTextStyleTableRecord
  2
CN_TTF
 70
0
 40
0.0
 41
1.0
 50
0.0
 71
0
 42
2.5
  3
simsunb.ttf
  4

  0
ENDTAB
  0
TABLE
  2
VIEW
  5
7
330
0
100
AcDbSymbolTable
 70
0
  0
ENDTAB
  0
TABLE
  2
UCS
  5
6
330
0
100
AcDbSymbolTable
 70
0
  0
ENDTAB
  0
TABLE
  2
APPID
  5
3
330
0
100
AcDbSymbolTable
 70
3
  0
APPID
  5
2A
330
3
100
AcDbSymbolTableRecord
100
AcDbRegAppTableRecord
  2
ACAD
 70
0
  0
APPID
  5
9CB
330
3
100
AcDbSymbolTableRecord
100
AcDbRegAppTableRecord
  2
HATCHBACKGROUNDCOLOR
 70
0
  0
APPID
  5
9CC
330
3
100
AcDbSymbolTableRecord
100
AcDbRegAppTableRecord
  2
EZDXF
 70
0
  0
ENDTAB
  0
TABLE
  2
DIMSTYLE
  5
4
330
0
100
AcDbSymbolTable
 70
1
100
AcDbDimStyleTable
  0
DIMSTYLE
105
2B
330
4
100
AcDbSymbolTableRecord
100
AcDbDimStyleTableRecord
  2
Standard
 70
0
 40
1.0
 41
2.5
 42
0.625
 43
3.75
 44
1.25
 45
0.0
 46
0.0
 47
0.0
 48
0.0
 49
2.5
140
2.5
141
2.5
142
0.0
143
0.03937007874
144
1.0
145
0.0
146
1.0
147
0.625
148
0.0
 69
0
 70
0
 71
0
 72
0
 73
0
 74
0
 75
0
 76
0
 77
1
 78
8
 79
3
170
0
171
3
172
1
173
0
174
0
175
0
176
0
177
0
178
0
179
2
271
2
272
2
273
2
274
3
275
0
276
0
277
2
278
44
279
0
280
0
281
0
282
0
283
0
284
8
285
0
286
0
288
0
289
3
290
0
371
-2
372
-2
  0
ENDTAB
  0
TABLE
  2
BLOCK_RECORD
  5
9
330
0
100
AcDbSymbolTable
 70
2
  0
BLOCK_RECORD
  5
17
330
9
100
AcDbSymbolTableRecord
100
AcDbBlockTableRecord
  2
*Model_Space
340
1A
 70
0
280
1
281
0
  0
BLOCK_RECORD
  5
1B
330
9
100
AcDbSymbolTableRecord
100
AcDbBlockTableRecord
  2
*Paper_Space
340
1E
 70
0
280
1
281
0
  0
ENDTAB
  0
ENDSEC
  0
SECTION
  2
BLOCKS
  0
BLOCK
  5
18
330
17
100
AcDbEntity
  8
0
100
AcDbBlockBegin
  2
*Model_Space
 70
0
 10
0.0
 20
0.0
 30
0.0
  3
*Model_Space
  1

  0
ENDBLK
  5
19
330
17
100
AcDbEntity
  8
0
100
AcDbBlockEnd
  0
BLOCK
  5
1C
330
1B
100
AcDbEntity
  8
0
100
AcDbBlockBegin
  2
*Paper_Space
 70
0
 10
0.0
 20
0.0
 30
0.0
  3
*Paper_Space
  1

  0
ENDBLK
  5
1D
330
1B
100
AcDbEntity
  8
0
100
AcDbBlockEnd
  0
ENDSEC
  0
SECTION
  2
ENTITIES
  0
LWPOLYLINE
  5
39
330
17
100
AcDbEntity
  8
综合图_历史矿块
 62
9
100
AcDbPolyline
 90
22
 70
1
 10
470000.618
 20
4349644.028
 10
470003.474
 20
4349646.45
 10
470006.69
 20
4349647.902
 10
470017.277
 20
4349652.328
 10
470025.068
 20
4349654.87
 10
470031.336
 20
4349656.433
 10
470040.661
 20
4349658.519
 10
470041.308
 20
4349654.163
 10
470042.09
 20
4349652.708
 10
470035.13
 20
4349650.711
 10
470032.425
 20
4349648.437
 10
470031.686
 20
4349647.744
 10
470028.158
 20
4349649.496
 10
470024.15
 20
4349646.879
 10
470026.249
 20
4349644.911
 10
470023.219
 20
4349642.756
 10
470021.897
 20
4349640.896
 10
470020.866
 20
4349638.2
 10
470011.725
 20
4349638.697
 10
470006.746
 20
4349640.564
 10
470003.426
 20
4349640.811
 10
470000.618
 20
4349644.028
  0
LWPOLYLINE
  5
3A
330
17
100
AcDbEntity
  8
综合图_历史矿块
 62
9
100
AcDbPolyline
 90
44
 70
1
 10
470049.125
 20
4349655.871
 10
470048.386
 20
4349659.836
 10
470053.816
 20
4349660.878
 10
470054.192
 20
4349658.942
 10
470055.414
 20
4349656.646
 10
470057.087
 20
4349654.869
 10
470060.964
 20
4349655.726
 10
470063.283
 20
4349656.008
 10
470066.204
 20
4349656.669
 10
470067.495
 20
4349658.791
 10
470066.788
 20
4349662.272
 10
470072.137
 20
4349662.937
 10
470076.183
 20
4349663.27
 10
470076.521
 20
4349660.129
 10
470077.249
 20
4349652.237
 10
470075.928
 20
4349647.622
 10
470073.547
 20
4349643.49
 10
470072.867
 20
4349640.331
 10
470068.933
 20
4349639.99
 10
470061.268
 20
4349639.601
 10
470054.879
 20
4349638.777
 10
470047.117
 20
4349638.106
 10
470044.567
 20
4349637.688
 10
470044.76
 20
4349641.293
 10
470047.467
 20
4349643.25
 10
470048.627
 20
4349645.298
 10
470052.039
 20
4349645.708
 10
470053.818
 20
4349643.965
 10
470057.131
 20
4349643.145
 10
470058.91
 20
4349643.639
 10
470059.872
 20
4349644.483
 10
470061.243
 20
4349645.934
 10
470062.274
 20
4349647.979
 10
470066.875
 20
4349647.997
 10
470069.526
 20
4349649.115
 10
470070.251
 20
4349650.304
 10
470068.988
 20
4349652.36
 10
470067.525
 20
4349652.661
 10
470062.645
 20
4349651.953
 10
470059.268
 20
4349651.538
 10
470055.296
 20
4349650.011
 10
470052.312
 20
4349651.762
 10
470050.741
 20
4349653.716
 10
470049.125
 20
4349655.871
  0
LWPOLYLINE
  5
3B
330
17
100
AcDbEntity
  8
综合图_历史矿块
 62
9
100
AcDbPolyline
 90
36
 70
1
 10
470027.679
 20
4349645.435
 10
470030.993
 20
4349646.298
 10
470031.686
 20
4349647.744
 10
470035.317
 20
4349645.041
 10
470039.466
 20
4349642.957
 10
470042.451
 20
4349644.322
 10
470042.562
 20
4349645.668
 10
470044.736
 20
4349648.414
 10
470045.096
 20
4349650.012
 10
470042.09
 20
4349652.708
 10
470045.45
 20
4349652.937
 10
470049.125
 20
4349655.871
 10
470052.312
 20
4349651.762
 10
470055.296
 20
4349650.011
 10
470059.268
 20
4349651.538
 10
470067.525
 20
4349652.661
 10
470068.988
 20
4349652.36
 10
470070.251
 20
4349650.304
 10
470069.526
 20
4349649.115
 10
470066.875
 20
4349647.997
 10
470062.274
 20
4349647.979
 10
470061.243
 20
4349645.934
 10
470059.872
 20
4349644.483
 10
470058.91
 20
4349643.639
 10
470057.131
 20
4349643.145
 10
470053.818
 20
4349643.965
 10
470052.039
 20
4349645.708
 10
470048.627
 20
4349645.298
 10
470047.467
 20
4349643.25
 10
470044.76
 20
4349641.293
 10
470044.567
 20
4349637.688
 10
470039.199
 20
4349637.514
 10
470030.11
 20
4349638.139
 10
470031.197
 20
4349641.303
 10
470029.949
 20
4349644.176
 10
470027.679
 20
4349645.435
  0
LWPOLYLINE
  5
3C
330
17
100
AcDbEntity
  8
综合图_历史矿块
 62
9
100
AcDbPolyline
 90
10
 70
1
 10
470053.816
 20
4349660.878
 10
470066.788
 20
4349662.272
 10
470067.495
 20
4349658.791
 10
470066.204
 20
4349656.669
 10
470063.283
 20
4349656.008
 10
470060.964
 20
4349655.726
 10
470057.087
 20
4349654.869
 10
470055.414
 20
4349656.646
 10
470054.192
 20
4349658.942
 10
470053.816
 20
4349660.878
  0
LWPOLYLINE
  5
3D
330
17
100
AcDbEntity
  8
综合图_历史矿块
 62
9
100
AcDbPolyline
 90
13
 70
1
 10
470045.096
 20
4349650.012
 10
470044.736
 20
4349648.414
 10
470043.047
 20
4349646.28
 10
470042.562
 20
4349645.668
 10
470042.451
 20
4349644.322
 10
470039.466
 20
4349642.957
 10
470035.741
 20
4349644.828
 10
470035.317
 20
4349645.041
 10
470031.686
 20
4349647.744
 10
470035.13
 20
4349650.711
 10
470038.1
 20
4349651.563
 10
470042.09
 20
4349652.708
 10
470045.096
 20
4349650.012
  0
LWPOLYLINE
  5
3E
330
17
100
AcDbEntity
  8
综合图_历史矿块
 62
9
100
AcDbPolyline
 90
14
 70
1
 10
470028.923
 20
4349644.745
 10
470029.949
 20
4349644.176
 10
470031.197
 20
4349641.303
 10
470030.11
 20
4349638.139
 10
470028.793
 20
4349637.985
 10
470025.85
 20
4349637.642
 10
470023.853
 20
4349637.865
 10
470020.866
 20
4349638.2
 10
470021.897
 20
4349640.896
 10
470023.219
 20
4349642.756
 10
470023.722
 20
4349643.113
 10
470026.249
 20
4349644.911
 10
470027.679
 20
4349645.435
 10
470028.923
 20
4349644.745
  0
LWPOLYLINE
  5
3F
330
17
100
AcDbEntity
  8
综合图_历史矿块
 62
9
100
AcDbPolyline
 90
7
 70
1
 10
470049.125
 20
4349655.871
 10
470045.45
 20
4349652.937
 10
470042.09
 20
4349652.708
 10
470041.308
 20
4349654.163
 10
470040.661
 20
4349658.519
 10
470048.386
 20
4349659.836
 10
470049.125
 20
4349655.871
  0
LWPOLYLINE
  5
40
330
17
100
AcDbEntity
  8
综合图_历史矿块
 62
9
100
AcDbPolyline
 90
38
 70
1
 10
470029.747
 20
4349659.666
 10
470022.479
 20
4349659.22
 10
470011.109
 20
4349657.066
 10
470005.904
 20
4349658.839
 10
470005.855
 20
4349663.071
 10
470009.65
 20
4349665.947
 10
470013.517
 20
4349665.924
 10
470020.331
 20
4349669.878
 10
470026.635
 20
4349670.162
 10
470034.008
 20
4349672.104
 10
470041.361
 20
4349673.104
 10
470047.349
 20
4349675.362
 10
470054.343
 20
4349677.216
 10
470060.932
 20
4349678.679
 10
470067.779
 20
4349680.445
 10
470070.374
 20
4349678.209
 10
470068.58
 20
4349676.606
 10
470063.61
 20
4349675.309
 10
470062.064
 20
4349672.658
 10
470060.242
 20
4349670.725
 10
470057.564
 20
4349669.703
 10
470054.969
 20
4349670.918
 10
470053.013
 20
4349672.199
 10
470049.134
 20
4349671.432
 10
470048.575
 20
4349669.089
 10
470047.317
 20
4349667.062
 10
470045.693
 20
4349664.477
 10
470051.034
 20
4349664.014
 10
470056.068
 20
4349663.433
 10
470058.789
 20
4349663.063
 10
470059.568
 20
4349661.496
 10
470056.568
 20
4349661.174
 10
470053.816
 20
4349660.878
 10
470048.386
 20
4349659.836
 10
470040.643
 20
4349658.515
 10
470037.619
 20
4349657.838
 10
470036.478
 20
4349659.6
 10
470029.747
 20
4349659.666
  0
LWPOLYLINE
  5
41
330
17
100
AcDbEntity
  8
综合图_历史矿块
 62
9
100
AcDbPolyline
 90
19
 70
1
 10
470059.568
 20
4349661.496
 10
470058.789
 20
4349663.063
 10
470056.068
 20
4349663.433
 10
470051.034
 20
4349664.014
 10
470045.693
 20
4349664.477
 10
470048.575
 20
4349669.089
 10
470049.134
 20
4349671.432
 10
470053.013
 20
4349672.199
 10
470054.969
 20
4349670.918
 10
470057.564
 20
4349669.703
 10
470060.242
 20
4349670.725
 10
470062.064
 20
4349672.658
 10
470063.61
 20
4349675.309
 10
470068.58
 20
4349676.606
 10
470071.461
 20
4349674.934
 10
470071.544
 20
4349671.081
 10
470069.538
 20
4349665.982
 10
470066.788
 20
4349662.272
 10
470059.568
 20
4349661.496
  0
LWPOLYLINE
  5
42
330
17
100
AcDbEntity
  8
综合图_历史矿块
 62
9
100
AcDbPolyline
 90
12
 70
1
 10
470087.319
 20
4349648.986
 10
470083.889
 20
4349651.991
 10
470087.36
 20
4349656.288
 10
470085.709
 20
4349659.311
 10
470090.823
 20
4349662.009
 10
470093.614
 20
4349664.11
 10
470095.247
 20
4349667.068
 10
470098.071
 20
4349670.29
 10
470100.543
 20
4349667.995
 10
470096.438
 20
4349661.24
 10
470092.908
 20
4349655.501
 10
470087.319
 20
4349648.986
  0
LWPOLYLINE
  5
43
330
17
100
AcDbEntity
  8
综合图_历史矿块
 62
9
100
AcDbPolyline
 90
28
 70
1
 10
470090.823
 20
4349662.009
 10
470088.803
 20
4349666.427
 10
470090.728
 20
4349672.913
 10
470092.958
 20
4349680.036
 10
470094.717
 20
4349686.447
 10
470097.817
 20
4349692.565
 10
470100.278
 20
4349701.085
 10
470103.459
 20
4349714.397
 10
470107.154
 20
4349716.026
 10
470110.138
 20
4349718.026
 10
470110.826
 20
4349722.422
 10
470114.373
 20
4349727.421
 10
470117.104
 20
4349732.651
 10
470121.68
 20
4349733.865
 10
470122.824
 20
4349730.456
 10
470115.23
 20
4349721.877
 10
470115.654
 20
4349715.406
 10
470115.919
 20
4349710.845
 10
470113.957
 20
4349704.321
 10
470116.025
 20
4349699.654
 10
470110.352
 20
4349690.002
 10
470106.057
 20
4349684.275
 10
470101.206
 20
4349674.834
 10
470100.543
 20
4349667.995
 10
470098.071
 20
4349670.29
 10
470095.247
 20
4349667.068
 10
470093.614
 20
4349664.11
 10
470090.823
 20
4349662.009
  0
LWPOLYLINE
  5
44
330
17
100
AcDbEntity
  8
综合图_历史矿块
 62
9
100
AcDbPolyline
 90
11
 70
1
 10
470114.373
 20
4349727.421
 10
470111.088
 20
4349722.791
 10
470110.826
 20
4349722.422
 10
470110.138
 20
4349718.026
 10
470107.154
 20
4349716.026
 10
470103.459
 20
4349714.397
 10
470104.254
 20
4349720.146
 10
470105.369
 20
4349724.5
 10
470106.074
 20
4349727.256
 10
470109.856
 20
4349729.218
 10
470114.373
 20
4349727.421
  0
LWPOLYLINE
  5
45
330
17
100
AcDbEntity
  8
3.000-999.000
 62
2
370
30
100
AcDbPolyline
 90
44
 70
1
 10
470048.386
 20
4349659.836
 10
470053.816
 20
4349660.878
 10
470054.192
 20
4349658.942
 10
470055.414
 20
4349656.646
 10
470057.087
 20
4349654.869
 10
470060.964
 20
4349655.726
 10
470063.283
 20
4349656.008
 10
470066.204
 20
4349656.669
 10
470067.495
 20
4349658.791
 10
470066.788
 20
4349662.272
 10
470072.137
 20
4349662.937
 10
470076.183
 20
4349663.27
 10
470076.521
 20
4349660.129
 10
470077.249
 20
4349652.237
 10
470075.928
 20
4349647.622
 10
470073.547
 20
4349643.49
 10
470072.867
 20
4349640.331
 10
470068.933
 20
4349639.99
 10
470061.268
 20
4349639.601
 10
470054.879
 20
4349638.777
 10
470047.117
 20
4349638.106
 10
470044.567
 20
4349637.688
 10
470044.76
 20
4349641.293
 10
470047.467
 20
4349643.25
 10
470048.627
 20
4349645.298
 10
470052.039
 20
4349645.708
 10
470053.818
 20
4349643.965
 10
470057.131
 20
4349643.145
 10
470058.91
 20
4349643.639
 10
470059.872
 20
4349644.483
 10
470061.243
 20
4349645.934
 10
470062.274
 20
4349647.979
 10
470066.875
 20
4349647.997
 10
470069.526
 20
4349649.115
 10
470070.251
 20
4349650.304
 10
470068.988
 20
4349652.36
 10
470067.525
 20
4349652.661
 10
470062.645
 20
4349651.953
 10
470059.268
 20
4349651.538
 10
470055.296
 20
4349650.011
 10
470052.312
 20
4349651.762
 10
470050.741
 20
4349653.716
 10
470049.125
 20
4349655.871
 10
470048.386
 20
4349659.836
  0
LWPOLYLINE
  5
46
330
17
100
AcDbEntity
  8
1.500-3.000
 62
1
370
30
100
AcDbPolyline
 90
69
 70
1
 10
470048.386
 20
4349659.836
 10
470053.816
 20
4349660.878
 10
470054.192
 20
4349658.942
 10
470055.414
 20
4349656.646
 10
470057.087
 20
4349654.869
 10
470060.964
 20
4349655.726
 10
470063.283
 20
4349656.008
 10
470066.204
 20
4349656.669
 10
470067.495
 20
4349658.791
 10
470066.788
 20
4349662.272
 10
470072.137
 20
4349662.937
 10
470076.183
 20
4349663.27
 10
470076.521
 20
4349660.129
 10
470077.249
 20
4349652.237
 10
470075.928
 20
4349647.622
 10
470074.8829803424
 20
4349645.8084673565
 10
470073.7963205658
 20
4349642.855986457
 10
470072.867
 20
4349640.331
 10
470071.16837212845
 20
4349640.182861873
 10
470068.51723616663
 20
4349639.951655071
 10
470066.5845130091
 20
4349639.783101385
 10
470065.12997213955
 20
4349639.656250199
 10
470062.8235468844
 20
4349639.455105779
 10
470058.39064800297
 20
4349639.068510604
 10
470056.40958120435
 20
4349638.895740846
 10
470051.5183567587
 20
4349638.469174885
 10
470050.89223395847
 20
4349638.414570425
 10
470046.8475541838
 20
4349638.061832019
 10
470044.567
 20
4349637.688
 10
470044.576409859
 20
4349637.863764465
 10
470043.81891990075
 20
4349637.797703413
 10
470043.5195
 20
4349640.828
 10
470044.75960508455
 20
4349641.285623469
 10
470044.76
 20
4349641.293
 10
470045.7802975626
 20
4349642.030614455
 10
470047.061
 20
4349643.9445
 10
470047.7572098264
 20
4349644.39077179
 10
470048.3160295154
 20
4349644.748976248
 10
470048.627
 20
4349645.298
 10
470052.039
 20
4349645.708
 10
470052.1883268824
 20
4349645.561694909
 10
470052.3685
 20
4349645.5915
 10
470053.5999261886
 20
4349645.206043867
 10
470054.4275
 20
4349644.947000001
 10
470055.9353070106
 20
4349643.4409457445
 10
470056.58793243486
 20
4349643.2794145495
 10
470057.88592355023
 20
4349643.429634509
 10
470058.3490515683
 20
4349643.483233544
 10
470058.91
 20
4349643.639
 10
470059.78171907517
 20
4349644.403793035
 10
470060.778
 20
4349646.072000001
 10
470060.9935148094
 20
4349646.284328606
 10
470061.84014331613
 20
4349647.118440429
 10
470062.274
 20
4349647.979
 10
470064.77652833675
 20
4349647.988790374
 10
470066.062
 20
4349648.1285
 10
470067.222132342
 20
4349648.367981544
 10
470067.2545855915
 20
4349648.15708174
 10
470069.526
 20
4349649.115
 10
470070.251
 20
4349650.304
 10
470068.988
 20
4349652.36
 10
470067.525
 20
4349652.661
 10
470062.645
 20
4349651.953
 10
470059.268
 20
4349651.538
 10
470055.296
 20
4349650.011
 10
470052.312
 20
4349651.762
 10
470050.741
 20
4349653.716
 10
470049.125
 20
4349655.871
 10
470048.386
 20
4349659.836
  0
LWPOLYLINE
  5
47
330
17
100
AcDbEntity
  8
1.500-3.000
 62
1
370
30
100
AcDbPolyline
 90
19
 70
1
 10
470015.1900410778
 20
4349638.274117092
 10
470005.9201291251
 20
4349639.90974023
 10
470016.3075056787
 20
4349640.481872127
 10
470017.39897216356
 20
4349640.541989597
 10
470023.1951624569
 20
4349640.861241077
 10
470017.6175
 20
4349642.8365
 10
470023.6937858757
 20
4349643.158545474
 10
470028.5110867855
 20
4349643.413864263
 10
470029.391
 20
4349643.4605
 10
470029.3910000004
 20
4349643.4605
 10
470031.349
 20
4349642.854
 10
470031.5605
 20
4349641.322000001
 10
470029.431
 20
4349640.674000001
 10
470029.82429918635
 20
4349637.775712083
 10
470028.846471918
 20
4349637.809014353
 10
470023.8766757387
 20
4349637.978272766
 10
470017.40420316876
 20
4349638.198708453
 10
470016.3692258886
 20
4349638.233957104
 10
470015.1900410778
 20
4349638.274117092
  0
LWPOLYLINE
  5
48
330
17
100
AcDbEntity
  8
1.500-3.000
 62
1
370
30
100
AcDbPolyline
 90
34
 70
1
 10
470039.476499999
 20
4349642.9715
 10
470038.69489247166
 20
4349643.198067245
 10
470037.8964999998
 20
4349643.429500001
 10
470036.031
 20
4349644.869999999
 10
470037.2663823889
 20
4349647.00983204
 10
470040.73016396427
 20
4349647.65939751
 10
470041.1699241337
 20
4349647.741866053
 10
470041.5126802076
 20
4349647.806143349
 10
470042.24574944534
 20
4349647.943616355
 10
470042.24574944546
 20
4349647.943616354
 10
470053.4885804821
 20
4349650.051992612
 10
470049.12499999994
 20
4349655.871000001
 10
470048.38600000006
 20
4349659.836
 10
470053.81600000005
 20
4349660.878
 10
470054.1920000002
 20
4349658.941999999
 10
470056.43632341095
 20
4349654.725169762
 10
470060.96400000027
 20
4349655.726000001
 10
470063.2830000012
 20
4349656.008
 10
470067.85031793325
 20
4349657.041549187
 10
470066.78800000006
 20
4349662.272
 10
470072.13700000057
 20
4349662.937
 10
470076.1830000001
 20
4349663.27
 10
470076.521
 20
4349660.129
 10
470077.249
 20
4349652.237
 10
470075.92800000013
 20
4349647.622000001
 10
470073.5469999999
 20
4349643.49
 10
470072.8669999999
 20
4349640.331
 10
470068.93300000095
 20
4349639.99
 10
470061.2679999995
 20
4349639.601
 10
470054.87899999856
 20
4349638.776999999
 10
470047.11699999915
 20
4349638.106
 10
470044.567
 20
4349637.688
 10
470044.9581577776
 20
4349644.994340871
 10
470039.476499999
 20
4349642.9715
  0
LWPOLYLINE
  5
49
330
17
100
AcDbEntity
  8
1.500-3.000
 62
1
370
30
100
AcDbPolyline
 90
56
 70
1
 10
470048.386
 20
4349659.836
 10
470053.816
 20
4349660.878
 10
470054.05242714356
 20
4349659.6606517285
 10
470054.9760466723
 20
4349659.81128789
 10
470055.20760894346
 20
4349658.493798735
 10
470055.546
 20
4349656.5685
 10
470055.79590541846
 20
4349656.355235097
 10
470057.4448062162
 20
4349654.948092063
 10
470060.964
 20
4349655.726
 10
470062.0871850507
 20
4349655.862583952
 10
470063.345
 20
4349656.184
 10
470063.712737194
 20
4349656.105246247
 10
470066.204
 20
4349656.669
 10
470067.495
 20
4349658.791
 10
470066.788
 20
4349662.272
 10
470072.137
 20
4349662.937
 10
470076.183
 20
4349663.27
 10
470076.521
 20
4349660.129
 10
470077.249
 20
4349652.237
 10
470075.928
 20
4349647.622
 10
470073.547
 20
4349643.49
 10
470072.867
 20
4349640.331
 10
470068.933
 20
4349639.99
 10
470061.268
 20
4349639.601
 10
470054.879
 20
4349638.777
 10
470047.117
 20
4349638.106
 10
470044.567
 20
4349637.688
 10
470044.76
 20
4349641.293
 10
470047.467
 20
4349643.25
 10
470048.627
 20
4349645.298
 10
470052.039
 20
4349645.708
 10
470053.818
 20
4349643.965
 10
470057.131
 20
4349643.145
 10
470058.91
 20
4349643.639
 10
470059.872
 20
4349644.483
 10
470061.243
 20
4349645.934
 10
470062.274
 20
4349647.979
 10
470066.875
 20
4349647.997
 10
470069.526
 20
4349649.115
 10
470070.251
 20
4349650.304
 10
470068.988
 20
4349652.36
 10
470067.525
 20
4349652.661
 10
470065.45673232863
 20
4349652.360931657
 10
470065.2255
 20
4349652.071
 10
470063.9866358522
 20
4349651.936355845
 10
470061.6325
 20
4349651.6805
 10
470059.78084641753
 20
4349651.353309903
 10
470058.1945
 20
4349651.073
 10
470057.8383593265
 20
4349650.988387384
 10
470055.296
 20
4349650.011
 10
470052.312
 20
4349651.762
 10
470051.0564467858
 20
4349653.323649256
 10
470050.592
 20
4349653.720000001
 10
470044.4220937805
 20
4349658.090008832
 10
470048.5848811014
 20
4349658.768931574
 10
470048.386
 20
4349659.836
  0
LWPOLYLINE
  5
4A
330
17
100
AcDbEntity
  8
1.000-1.500
 62
5
370
30
100
AcDbPolyline
 90
83
 70
1
 10
470031.3981177677
 20
4349642.498215508
 10
470031.349
 20
4349642.854
 10
470029.3910000004
 20
4349643.4605
 10
470033.87849999964
 20
4349646.3745
 10
470033.8785
 20
4349646.3745
 10
470037.26638238906
 20
4349647.00983204
 10
470036.14436217904
 20
4349645.066357034
 10
470036.03099999996
 20
4349644.869999999
 10
470036.0818979055
 20
4349644.830697703
 10
470037.8965
 20
4349643.4295
 10
470038.6262365194
 20
4349643.217968781
 10
470038.6948924721
 20
4349643.198067245
 10
470039.4765
 20
4349642.9715
 10
470040.6346903098
 20
4349643.398895286
 10
470041.41
 20
4349643.685
 10
470042.625740239
 20
4349645.501805842
 10
470042.7901199227
 20
4349645.7474553315
 10
470043.018
 20
4349646.0879999995
 10
470044.306
 20
4349648.251
 10
470044.34917321097
 20
4349648.338072938
 10
470047.91783913
 20
4349649.007307445
 10
470049.16189347807
 20
4349649.240605858
 10
470049.37315864814
 20
4349649.125924981
 10
470049.35184291174
 20
4349649.276227213
 10
470051.169
 20
4349649.617
 10
470047.1301123736
 20
4349649.39788452
 10
470041.25190528773
 20
4349649.078983307
 10
470040.72862543777
 20
4349649.0505946195
 10
470031.01869622624
 20
4349648.523816954
 10
470029.6293031259
 20
4349648.448440374
 10
470023.8668602517
 20
4349648.135819537
 10
470018.9382492691
 20
4349647.868435281
 10
470014.9115308736
 20
4349647.64998
 10
470011.107313347
 20
4349647.443595711
 10
470008.52658952604
 20
4349647.303587722
 10
470010.92803651886
 20
4349648.840858332
 10
470011.91173234984
 20
4349649.470564794
 10
470016.2117711806
 20
4349652.22320657
 10
470020.9881897942
 20
4349653.286178798
 10
470028.1246733122
 20
4349654.87437372
 10
470034.2364221158
 20
4349656.234518165
 10
470037.5041670186
 20
4349656.961741292
 10
470044.4220937805
 20
4349658.090008832
 10
470044.72045109334
 20
4349657.878688911
 10
470050.592
 20
4349653.720000001
 10
470051.0564467859
 20
4349653.323649256
 10
470050.741
 20
4349653.716
 10
470049.125
 20
4349655.871
 10
470048.386
 20
4349659.836
 10
470053.816
 20
4349660.878
 10
470054.192
 20
4349658.942
 10
470055.414
 20
4349656.646
 10
470057.087
 20
4349654.869
 10
470060.964
 20
4349655.726
 10
470063.283
 20
4349656.008
 10
470066.204
 20
4349656.669
 10
470067.495
 20
4349658.791
 10
470066.788
 20
4349662.272
 10
470072.137
 20
4349662.937
 10
470076.183
 20
4349663.27
 10
470076.521
 20
4349660.129
 10
470077.249
 20
4349652.237
 10
470075.928
 20
4349647.622
 10
470073.547
 20
4349643.49
 10
470072.867
 20
4349640.331
 10
470068.933
 20
4349639.99
 10
470061.268
 20
4349639.601
 10
470054.879
 20
4349638.777
 10
470047.117
 20
4349638.106
 10
470044.567
 20
4349637.688
 10
470044.75960508455
 20
4349641.285623469
 10
470043.5195
 20
4349640.828
 10
470043.81891990075
 20
4349637.797703413
 10
470043.67585748393
 20
4349637.785226873
 10
470042.7364772419
 20
4349637.703303085
 10
470039.7072628083
 20
4349637.439123885
 10
470036.9780467476
 20
4349637.53207393
 10
470034.9202705149
 20
4349637.60215647
 10
470034.1363499433
 20
4349637.628854779
 10
470029.82429918635
 20
4349637.775712083
 10
470029.431
 20
4349640.674000001
 10
470031.5605
 20
4349641.322000001
 10
470031.3981177677
 20
4349642.498215508
  0
LWPOLYLINE
  5
4B
330
17
100
AcDbEntity
  8
1.000-1.500
 62
5
370
30
100
AcDbPolyline
 90
49
 70
1
 10
470048.386
 20
4349659.836
 10
470053.816
 20
4349660.878
 10
470054.192
 20
4349658.942
 10
470055.414
 20
4349656.646
 10
470057.087
 20
4349654.869
 10
470057.4448062162
 20
4349654.948092063
 10
470055.546
 20
4349656.5685
 10
470055.20760894346
 20
4349658.493798735
 10
470054.9760466723
 20
4349659.81128789
 10
470060.60944509774
 20
4349660.730057458
 10
470064.48360230273
 20
4349661.361906561
 10
470065.29737480794
 20
4349660.876158479
 10
470065.20453483047
 20
4349661.47948583
 10
470066.8930307874
 20
4349661.754868217
 10
470066.788
 20
4349662.272
 10
470072.137
 20
4349662.937
 10
470076.183
 20
4349663.27
 10
470076.521
 20
4349660.129
 10
470077.249
 20
4349652.237
 10
470075.928
 20
4349647.622
 10
470073.547
 20
4349643.49
 10
470072.867
 20
4349640.331
 10
470068.933
 20
4349639.99
 10
470061.268
 20
4349639.601
 10
470054.879
 20
4349638.777
 10
470047.117
 20
4349638.106
 10
470044.567
 20
4349637.688
 10
470044.76
 20
4349641.293
 10
470047.467
 20
4349643.25
 10
470048.627
 20
4349645.298
 10
470052.039
 20
4349645.708
 10
470053.818
 20
4349643.965
 10
470057.131
 20
4349643.145
 10
470058.91
 20
4349643.639
 10
470059.872
 20
4349644.483
 10
470061.243
 20
4349645.934
 10
470062.274
 20
4349647.979
 10
470066.875
 20
4349647.997
 10
470069.526
 20
4349649.115
 10
470070.251
 20
4349650.304
 10
470068.988
 20
4349652.36
 10
470067.525
 20
4349652.661
 10
470062.645
 20
4349651.953
 10
470059.268
 20
4349651.538
 10
470055.296
 20
4349650.011
 10
470052.312
 20
4349651.762
 10
470050.741
 20
4349653.716
 10
470049.125
 20
4349655.871
 10
470048.386
 20
4349659.836
  0
LWPOLYLINE
  5
4C
330
17
100
AcDbEntity
  8
爆区方格网
 62
2
100
AcDbPolyline
 90
5
 70
1
 10
470066.9201291251
 20
4349653.439123885
 10
470066.7211678862
 20
4349653.439123885
 10
470066.4215437687
 20
4349653.570664662
 10
470066.9201291251
 20
4349654.195818071
 10
470066.9201291251
 20
4349653.439123885
  0
TEXT
  5
4D
330
17
100
AcDbEntity
  8
0
 62
2
100
AcDbText
 10
470066.63548278605
 20
4349653.813241366
 30
0.0
 40
0.1333
  1
3.11
  7
CN_TTF
 11
470066.63548278605
 21
4349653.813241366
 31
0.0
100
AcDbText
  0
LWPOLYLINE
  5
4E
330
17
100
AcDbEntity
  8
爆区方格网
 62
2
100
AcDbPolyline
 90
5
 70
1
 10
470066.9201291251
 20
4349654.439123885
 10
470066.9201291251
 20
4349654.195818071
 10
470066.42154376855
 20
4349653.570664662
 10
470066.28790531453
 20
4349654.439123885
 10
470066.9201291251
 20
4349654.439123885
  0
TEXT
  5
4F
330
17
100
AcDbEntity
  8
0
 62
2
100
AcDbText
 10
470066.3621404653
 20
4349653.813241366
 30
0.0
 40
0.1333
  1
3.11
  7
CN_TTF
 11
470066.3621404653
 21
4349653.813241366
 31
0.0
100
AcDbText
  0
LWPOLYLINE
  5
50
330
17
100
AcDbEntity
  8
爆区方格网
 62
2
100
AcDbPolyline
 90
5
 70
1
 10
470066.9201291251
 20
4349655.439123885
 10
470066.9201291251
 20
4349654.439123885
 10
470066.28790531453
 20
4349654.439123885
 10
470066.13402537344
 20
4349655.439123885
 10
470066.9201291251
 20
4349655.439123885
  0
TEXT
  5
51
330
17
100
AcDbEntity
  8
0
 62
2
100
AcDbText
 10
470066.4055472346
 20
4349654.8691238845
 30
0.0
 40
0.1333
  1
3.11
  7
CN_TTF
 11
470066.4055472346
 21
4349654.8691238845
 31
0.0
100
AcDbText
  0
LWPOLYLINE
  5
52
330
17
100
AcDbEntity
  8
爆区方格网
 62
2
100
AcDbPolyline
 90
6
 70
1
 10
470066.9201291251
 20
4349656.439123885
 10
470066.9201291251
 20
4349655.439123885
 10
470066.13402537344
 20
4349655.439123885
 10
470066.1105411131
 20
4349655.59173806
 10
470066.6029019951
 20
4349656.439123885
 10
470066.9201291251
 20
4349656.439123885
  0
TEXT
  5
53
330
17
100
AcDbEntity
  8
0
 62
2
100
AcDbText
 10
470066.4784253395
 20
4349655.945430972
 30
0.0
 40
0.1333
  1
3.11
  7
CN_TTF
 11
470066.4784253395
 21
4349655.945430972
 31
0.0
100
AcDbText
  0
LWPOLYLINE
  5
54
330
17
100
AcDbEntity
  8
爆区方格网
 62
2
100
AcDbPolyline
 90
6
 70
1
 10
470067.9201291251
 20
4349654.439123885
 10
470067.9201291251
 20
4349653.439123885
 10
470066.9201291251
 20
4349653.439123885
 10
470066.9201291251
 20
4349654.195818071
 10
470067.11417544034
 20
4349654.439123885
 10
470067.9201291251
 20
4349654.439123885
  0
TEXT
  5
55
330
17
100
AcDbEntity
  8
0
 62
2
100
AcDbText
 10
470067.26012912515
 20
4349653.747470978
 30
0.0
 40
0.1333
  1
3.11
  7
CN_TTF
 11
470067.26012912515
 21
4349653.747470978
 31
0.0
100
AcDbText
  0
LWPOLYLINE
  5
56
330
17
100
AcDbEntity
  8
爆区方格网
 62
2
100
AcDbPolyline
 90
4
 70
1
 10
470066.9201291251
 20
4349654.439123885
 10
470067.1141754403
 20
4349654.439123885
 10
470066.9201291251
 20
4349654.195818071
 10
470066.9201291251
 20
4349654.439123885
  0
TEXT
  5
57
330
17
100
AcDbEntity
  8
0
 62
2
100
AcDbText
 10
470066.80864070397
 20
4349654.247470978
 30
0.0
 40
0.1333
  1
3.11
  7
CN_TTF
 11
470066.80864070397
 21
4349654.247470978
 31
0.0
100
AcDbText
  0
LWPOLYLINE
  5
58
330
17
100
AcDbEntity
  8
爆区方格网
 62
2
100
AcDbPolyline
 90
8
 70
1
 10
470066.9201291251
 20
4349654.439123885
 10
470066.9201291251
 20
4349655.439123885
 10
470067.9201291251
 20
4349655.439123885
 10
470067.9201291251
 20
4349654.439123885
 10
470067.11417544034
 20
4349654.439123885
 10
470067.7529155355
 20
4349655.240010921
 10
470067.1141754403
 20
4349654.439123885
 10
470066.9201291251
 20
4349654.439123885
  0
TEXT
  5
59
330
17
100
AcDbEntity
  8
0
 62
2
100
AcDbText
 10
470067.0168373064
 20
4349654.769567402
 30
0.0
 40
0.1333
  1
3.11
  7
CN_TTF
 11
470067.0168373064
 21
4349654.769567402
 31
0.0
100
AcDbText
  0
LWPOLYLINE
  5
5A
330
17
100
AcDbEntity
  8
爆区方格网
 62
2
100
AcDbPolyline
 90
5
 70
1
 10
470066.9201291251
 20
4349655.439123885
 10
470066.9201291251
 20
4349656.439123885
 10
470067.9201291251
 20
4349656.439123885
 10
470067.9201291251
 20
4349655.439123885
 10
470066.9201291251
 20
4349655.439123885
  0
TEXT
  5
5B
330
17
100
AcDbEntity
  8
0
 62
2
100
AcDbText
 10
470067.26012912515
 20
4349655.8691238845
 30
0.0
 40
0.1333
  1
3.11
  7
CN_TTF
 11
470067.26012912515
 21
4349655.8691238845
 31
0.0
100
AcDbText
  0
LWPOLYLINE
  5
5C
330
17
100
AcDbEntity
  8
爆区方格网
 62
2
100
AcDbPolyline
 90
6
 70
1
 10
470067.9201291251
 20
4349657.439123885
 10
470067.9201291251
 20
4349656.439123885
 10
470066.9201291251
 20
4349656.439123885
 10
470066.9201291251
 20
4349656.985092875
 10
470067.1839370651
 20
4349657.439123885
 10
470067.9201291251
 20
4349657.439123885
  0
TEXT
  5
5D
330
17
100
AcDbEntity
  8
0
 62
2
100
AcDbText
 10
470067.26012912515
 20
4349656.642108379
 30
0.0
 40
0.1333
  1
3.11
  7
CN_TTF
 11
470067.26012912515
 21
4349656.642108379
 31
0.0
100
AcDbText
  0
LWPOLYLINE
  5
5E
330
17
100
AcDbEntity
  8
爆区方格网
 62
2
100
AcDbPolyline
 90
5
 70
1
 10
470067.9201291251
 20
4349653.439123885
 10
470068.9201291251
 20
4349653.439123885
 10
470068.9201291251
 20
4349652.473737411
 10
470067.9201291251
 20
4349652.912756734
 10
470067.9201291251
 20
4349653.439123885
  0
TEXT
  5
5F
330
17
100
AcDbEntity
  8
0
 62
2
100
AcDbText
 10
470068.26012912515
 20
4349653.105940308
 30
0.0
 40
0.1333
  1
3.11
  7
CN_TTF
 11
470068.26012912515
 21
4349653.105940308
 31
0.0
100
AcDbText
  0
LWPOLYLINE
  5
60
330
17
100
AcDbEntity
  8
爆区方格网
 62
2
100
AcDbPolyline
 90
5
 70
1
 10
470067.9201291251
 20
4349653.439123885
 10
470067.9201291251
 20
4349654.439123885
 10
470068.9201291251
 20
4349654.439123885
 10
470068.9201291251
 20
4349653.439123885
 10
470067.9201291251
 20
4349653.439123885
  0
TEXT
  5
61
330
17
100
AcDbEntity
  8
0
 62
2
100
AcDbText
 10
470068.26012912515
 20
4349653.8691238845
 30
0.0
 40
0.1333
  1
3.11
  7
CN_TTF
 11
470068.26012912515
 21
4349653.8691238845
 31
0.0
100
AcDbText
  0
LWPOLYLINE
  5
62
330
17
100
AcDbEntity
  8
爆区方格网
 62
2
100
AcDbPolyline
 90
5
 70
1
 10
470067.9201291251
 20
4349654.439123885
 10
470067.9201291251
 20
4349655.439123885
 10
470068.9201291251
 20
4349655.439123885
 10
470068.9201291251
 20
4349654.439123885
 10
470067.9201291251
 20
4349654.439123885
  0
TEXT
  5
63
330
17
100
AcDbEntity
  8
0
 62
2
100
AcDbText
 10
470068.26012912515
 20
4349654.8691238845
 30
0.0
 40
0.1333
  1
3.11
  7
CN_TTF
 11
470068.26012912515
 21
4349654.8691238845
 31
0.0
100
AcDbText
  0
LWPOLYLINE
  5
64
330
17
100
AcDbEntity
  8
爆区方格网
 62
2
100
AcDbPolyline
 90
5
 70
1
 10
470067.9201291251
 20
4349655.439123885
 10
470067.9201291251
 20
4349656.439123885
 10
470068.9201291251
 20
4349656.439123885
 10
470068.9201291251
 20
4349655.439123885
 10
470067.9201291251
 20
4349655.439123885
  0
TEXT
  5
65
330
17
100
AcDbEntity
  8
0
 62
2
100
AcDbText
 10
470068.26012912515
 20
4349655.8691238845
 30
0.0
 40
0.1333
  1
3.11
  7
CN_TTF
 11
470068.26012912515
 21
4349655.8691238845
 31
0.0
100
AcDbText
  0
LWPOLYLINE
  5
66
330
17
100
AcDbEntity
  8
爆区方格网
 62
2
100
AcDbPolyline
 90
5
 70
1
 10
470067.9201291251
 20
4349656.439123885
 10
470067.9201291251
 20
4349657.439123885
 10
470068.9201291251
 20
4349657.439123885
 10
470068.9201291251
 20
4349656.439123885
 10
470067.9201291251
 20
4349656.439123885
  0
TEXT
  5
67
330
17
100
AcDbEntity
  8
0
 62
2
100
AcDbText
 10
470068.26012912515
 20
4349656.8691238845
 30
0.0
 40
0.1333
  1
3.11
  7
CN_TTF
 11
470068.26012912515
 21
4349656.8691238845
 31
0.0
100
AcDbText
  0
LWPOLYLINE
  5
68
330
17
100
AcDbEntity
  8
爆区方格网
 62
2
100
AcDbPolyline
 90
5
 70
1
 10
470067.9201291251
 20
4349657.439123885
 10
470067.9201291251
 20
4349658.439123885
 10
470068.9201291251
 20
4349658.439123885
 10
470068.9201291251
 20
4349657.439123885
 10
470067.9201291251
 20
4349657.439123885
  0
TEXT
  5
69
330
17
100
AcDbEntity
  8
0
 62
2
100
AcDbText
 10
470068.26012912515
 20
4349657.8691238845
 30
0.0
 40
0.1333
  1
3.11
  7
CN_TTF
 11
470068.26012912515
 21
4349657.8691238845
 31
0.0
100
AcDbText
  0
LWPOLYLINE
  5
6A
330
17
100
AcDbEntity
  8
爆区方格网
 62
2
100
AcDbPolyline
 90
8
 70
1
 10
470068.9201291251
 20
4349658.439123885
 10
470067.9201291251
 20
4349658.439123885
 10
470067.9201291251
 20
4349658.706159384
 10
470068.1808970284
 20
4349659.154958289
 10
470068.18089702865
 20
4349659.15495829
 10
470068.70646885515
 20
4349658.841239768
 10
470068.9201291251
 20
4349658.713704043
 10
470068.9201291251
 20
4349658.439123885
  0
TEXT
  5
6B
330
17
100
AcDbEntity
  8
0
 62
2
100
AcDbText
 10
470068.2274315956
 20
4349658.707471905
 30
0.0
 40
0.1333
  1
3.11
  7
CN_TTF
 11
470068.2274315956
 21
4349658.707471905
 31
0.0
100
AcDbText
  0
LWPOLYLINE
  5
6C
330
17
100
AcDbEntity
  8
爆区方格网
 62
2
100
AcDbPolyline
 90
6
 70
1
 10
470068.9201291251
 20
4349653.439123885
 10
470069.9201291251
 20
4349653.439123885
 10
470069.9201291251
 20
4349652.439123885
 10
470068.99897195573
 20
4349652.439123885
 10
470068.9201291251
 20
4349652.473737411
 10
470068.9201291251
 20
4349653.439123885
  0
TEXT
  5
6D
330
17
100
AcDbEntity
  8
0
 62
2
100
AcDbText
 10
470069.26012912515
 20
4349652.886430647
 30
0.0
 40
0.1333
  1
3.11
  7
CN_TTF
 11
470069.26012912515
 21
4349652.886430647
 31
0.0
100
AcDbText
  0
LWPOLYLINE
  5
6E
330
17
100
AcDbEntity
  8
爆区方格网
 62
2
100
AcDbPolyline
 90
5
 70
1
 10
470068.9201291251
 20
4349653.439123885
 10
470068.9201291251
 20
4349654.439123885
 10
470069.9201291251
 20
4349654.439123885
 10
470069.9201291251
 20
4349653.439123885
 10
470068.9201291251
 20
4349653.439123885
  0
TEXT
  5
6F
330
17
100
AcDbEntity
  8
0
 62
2
100
AcDbText
 10
470069.26012912515
 20
4349653.8691238845
 30
0.0
 40
0.1333
  1
3.11
  7
CN_TTF
 11
470069.26012912515
 21
4349653.8691238845
 31
0.0
100
AcDbText
  0
LWPOLYLINE
  5
70
330
17
100
AcDbEntity
  8
爆区方格网
 62
2
100
AcDbPolyline
 90
5
 70
1
 10
470068.9201291251
 20
4349654.439123885
 10
470068.9201291251
 20
4349655.439123885
 10
470069.9201291251
 20
4349655.439123885
 10
470069.9201291251
 20
4349654.439123885
 10
470068.9201291251
 20
4349654.439123885
  0
TEXT
  5
71
330
17
100
AcDbEntity
  8
0
 62
2
100
AcDbText
 10
470069.26012912515
 20
4349654.8691238845
 30
0.0
 40
0.1333
  1
3.11
  7
CN_TTF
 11
470069.26012912515
 21
4349654.8691238845
 31
0.0
100
AcDbText
  0
LWPOLYLINE
  5
72
330
17
100
AcDbEntity
  8
爆区方格网
 62
2
100
AcDbPolyline
 90
5
 70
1
 10
470068.9201291251
 20
4349655.439123885
 10
470068.9201291251
 20
4349656.439123885
 10
470069.9201291251
 20
4349656.439123885
 10
470069.9201291251
 20
4349655.439123885
 10
470068.9201291251
 20
4349655.439123885
  0
TEXT
  5
73
330
17
100
AcDbEntity
  8
0
 62
2
100
AcDbText
 10
470069.26012912515
 20
4349655.8691238845
 30
0.0
 40
0.1333
  1
3.11
  7
CN_TTF
 11
470069.26012912515
 21
4349655.8691238845
 31
0.0
100
AcDbText
  0
LWPOLYLINE
  5
74
330
17
100
AcDbEntity
  8
爆区方格网
 62
2
100
AcDbPolyline
 90
5
 70
1
 10
470068.9201291251
 20
4349656.439123885
 10
470068.9201291251
 20
4349657.439123885
 10
470069.9201291251
 20
4349657.439123885
 10
470069.9201291251
 20
4349656.439123885
 10
470068.9201291251
 20
4349656.439123885
  0
TEXT
  5
75
330
17
100
AcDbEntity
  8
0
 62
2
100
AcDbText
 10
470069.26012912515
 20
4349656.8691238845
 30
0.0
 40
0.1333
  1
3.11
  7
CN_TTF
 11
470069.26012912515
 21
4349656.8691238845
 31
0.0
100
AcDbText
  0
LWPOLYLINE
  5
76
330
17
100
AcDbEntity
  8
爆区方格网
 62
2
100
AcDbPolyline
 90
6
 70
1
 10
470069.9201291251
 20
4349657.439123885
 10
470068.9201291251
 20
4349657.439123885
 10
470068.9201291251
 20
4349658.439123885
 10
470069.3801325539
 20
4349658.439123885
 10
470069.9201291251
 20
4349658.116795105
 10
470069.9201291251
 20
4349657.439123885
  0
TEXT
  5
77
330
17
100
AcDbEntity
  8
0
 62
2
100
AcDbText
 10
470069.26012912515
 20
4349657.707959495
 30
0.0
 40
0.1333
  1
3.11
  7
CN_TTF
 11
470069.26012912515
 21
4349657.707959495
 31
0.0
100
AcDbText
  0
LWPOLYLINE
  5
78
330
17
100
AcDbEntity
  8
爆区方格网
 62
2
100
AcDbPolyline
 90
6
 70
1
 10
470069.9201291251
 20
4349652.439123885
 10
470070.9201291251
 20
4349652.439123885
 10
470070.9201291251
 20
4349651.942867189
 10
470070.74491268926
 20
4349651.672622167
 10
470069.9201291251
 20
4349652.034718088
 10
470069.9201291251
 20
4349652.439123885
  0
TEXT
  5
79
330
17
100
AcDbEntity
  8
0
 62
2
100
AcDbText
 10
470070.26012912515
 20
4349652.166920986
 30
0.0
 40
0.1333
  1
3.11
  7
CN_TTF
 11
470070.26012912515
 21
4349652.166920986
 31
0.0
100
AcDbText
  0
LWPOLYLINE
  5
7A
330
17
100
AcDbEntity
  8
爆区方格网
 62
2
100
AcDbPolyline
 90
5
 70
1
 10
470069.9201291251
 20
4349652.439123885
 10
470069.9201291251
 20
4349653.439123885
 10
470070.9201291251
 20
4349653.439123885
 10
470070.9201291251
 20
4349652.439123885
 10
470069.9201291251
 20
4349652.439123885
  0
TEXT
  5
7B
330
17
100
AcDbEntity
  8
0
 62
2
100
AcDbText
 10
470070.26012912515
 20
4349652.8691238845
 30
0.0
 40
0.1333
  1
3.11
  7
CN_TTF
 11
470070.26012912515
 21
4349652.8691238845
 31
0.0
100
AcDbText
  0
LWPOLYLINE
  5
7C
330
17
100
AcDbEntity
  8
爆区方格网
 62
2
100
AcDbPolyline
 90
5
 70
1
 10
470069.9201291251
 20
4349653.439123885
 10
470069.9201291251
 20
4349654.439123885
 10
470070.9201291251
 20
4349654.439123885
 10
470070.9201291251
 20
4349653.439123885
 10
470069.9201291251
 20
4349653.439123885
  0
TEXT
  5
7D
330
17
100
AcDbEntity
  8
0
 62
2
100
AcDbText
 10
470070.26012912515
 20
4349653.8691238845
 30
0.0
 40
0.1333
  1
3.11
  7
CN_TTF
 11
470070.26012912515
 21
4349653.8691238845
 31
0.0
100
AcDbText
  0
LWPOLYLINE
  5
7E
330
17
100
AcDbEntity
  8
爆区方格网
 62
2
100
AcDbPolyline
 90
5
 70
1
 10
470069.9201291251
 20
4349654.439123885
 10
470069.9201291251
 20
4349655.439123885
 10
470070.9201291251
 20
4349655.439123885
 10
470070.9201291251
 20
4349654.439123885
 10
470069.9201291251
 20
4349654.439123885
  0
TEXT
  5
7F
330
17
100
AcDbEntity
  8
0
 62
2
100
AcDbText
 10
470070.26012912515
 20
4349654.8691238845
 30
0.0
 40
0.1333
  1
3.11
  7
CN_TTF
 11
470070.26012912515
 21
4349654.8691238845
 31
0.0
100
AcDbText
  0
LWPOLYLINE
  5
80
330
17
100
AcDbEntity
  8
爆区方格网
 62
2
100
AcDbPolyline
 90
5
 70
1
 10
470069.9201291251
 20
4349655.439123885
 10
470069.9201291251
 20
4349656.439123885
 10
470070.9201291251
 20
4349656.439123885
 10
470070.9201291251
 20
4349655.439123885
 10
470069.9201291251
 20
4349655.439123885
  0
TEXT
  5
81
330
17
100
AcDbEntity
  8
0
 62
2
100
AcDbText
 10
470070.26012912515
 20
4349655.8691238845
 30
0.0
 40
0.1333
  1
3.11
  7
CN_TTF
 11
470070.26012912515
 21
4349655.8691238845
 31
0.0
100
AcDbText
  0
LWPOLYLINE
  5
82
330
17
100
AcDbEntity
  8
爆区方格网
 62
2
100
AcDbPolyline
 90
5
 70
1
 10
470069.9201291251
 20
4349656.439123885
 10
470069.9201291251
 20
4349657.439123885
 10
470070.9201291251
 20
4349657.439123885
 10
470070.9201291251
 20
4349656.439123885
 10
470069.9201291251
 20
4349656.439123885
  0
TEXT
  5
83
330
17
100
AcDbEntity
  8
0
 62
2
100
AcDbText
 10
470070.26012912515
 20
4349656.8691238845
 30
0.0
 40
0.1333
  1
3.11
  7
CN_TTF
 11
470070.26012912515
 21
4349656.8691238845
 31
0.0
100
AcDbText
  0
LWPOLYLINE
  5
84
330
17
100
AcDbEntity
  8
爆区方格网
 62
2
100
AcDbPolyline
 90
5
 70
1
 10
470070.9201291251
 20
4349652.439123885
 10
470070.9201291251
 20
4349653.439123885
 10
470071.890244184
 20
4349653.439123885
 10
470071.24188280234
 20
4349652.439123885
 10
470070.9201291251
 20
4349652.439123885
  0
TEXT
  5
85
330
17
100
AcDbEntity
  8
0
 62
2
100
AcDbText
 10
470071.08309630916
 20
4349652.8691238845
 30
0.0
 40
0.1333
  1
3.11
  7
CN_TTF
 11
470071.08309630916
 21
4349652.8691238845
 31
0.0
100
AcDbText
  0
LWPOLYLINE
  5
86
330
17
100
AcDbEntity
  8
爆区方格网
 62
2
100
AcDbPolyline
 90
8
 70
1
 10
470071.9201291251
 20
4349653.485216916
 10
470071.890244184
 20
4349653.439123885
 10
470070.9201291251
 20
4349653.439123885
 10
470070.9201291251
 20
4349654.439123885
 10
470071.76158302213
 20
4349654.439123885
 10
470071.7745570403
 20
4349654.378745402
 10
470071.9201291251
 20
4349653.701282069
 10
470071.9201291251
 20
4349653.485216916
  0
TEXT
  5
87
330
17
100
AcDbEntity
  8
0
 62
2
100
AcDbText
 10
470071.2237361039
 20
4349653.970013736
 30
0.0
 40
0.1333
  1
3.11
  7
CN_TTF
 11
470071.2237361039
 21
4349653.970013736
 31
0.0
100
AcDbText
  0
LWPOLYLINE
  5
88
330
17
100
AcDbEntity
  8
爆区方格网
 62
2
100
AcDbPolyline
 90
5
 70
1
 10
470070.9201291251
 20
4349654.439123885
 10
470070.9201291251
 20
4349655.439123885
 10
470071.5467048469
 20
4349655.439123885
 10
470071.76158302213
 20
4349654.439123885
 10
470070.9201291251
 20
4349654.439123885
  0
TEXT
  5
89
330
17
100
AcDbEntity
  8
0
 62
2
100
AcDbText
 10
470071.12713652983
 20
4349654.8691238845
 30
0.0
 40
0.1333
  1
3.11
  7
CN_TTF
 11
470071.12713652983
 21
4349654.8691238845
 31
0.0
100
AcDbText
  0
LWPOLYLINE
  5
8A
330
17
100
AcDbEntity
  8
爆区方格网
 62
2
100
AcDbPolyline
 90
5
 70
1
 10
470070.9201291251
 20
4349655.439123885
 10
470070.9201291251
 20
4349656.439123885
 10
470071.3318266717
 20
4349656.439123885
 10
470071.5467048469
 20
4349655.439123885
 10
470070.9201291251
 20
4349655.439123885
  0
TEXT
  5
8B
330
17
100
AcDbEntity
  8
0
 62
2
100
AcDbText
 10
470071.01969744224
 20
4349655.8691238845
 30
0.0
 40
0.1333
  1
3.11
  7
CN_TTF
 11
470071.01969744224
 21
4349655.8691238845
 31
0.0
100
AcDbText
  0
LWPOLYLINE
  5
8C
330
17
100
AcDbEntity
  8
爆区方格网
 62
1
100
AcDbPolyline
 90
5
 70
1
 10
470043.9201291251
 20
4349638.439123885
 10
470044.9201291251
 20
4349638.439123885
 10
470044.9201291251
 20
4349637.893740382
 10
470043.9201291251
 20
4349637.806529917
 10
470043.9201291251
 20
4349638.439123885
  0
TEXT
  5
8D
330
17
100
AcDbEntity
  8
0
 62
1
100
AcDbText
 10
470044.26012912515
 20
4349638.096432133
 30
0.0
 40
0.1333
  1
1.50
  7
CN_TTF
 11
470044.26012912515
 21
4349638.096432133
 31
0.0
100
AcDbText
  0
LWPOLYLINE
  5
8E
330
17
100
AcDbEntity
  8
爆区方格网
 62
1
100
AcDbPolyline
 90
5
 70
1
 10
470043.9201291251
 20
4349638.439123885
 10
470043.9201291251
 20
4349639.439123885
 10
470044.9201291251
 20
4349639.439123885
 10
470044.9201291251
 20
4349638.439123885
 10
470043.9201291251
 20
4349638.439123885
  0
TEXT
  5
8F
330
17
100
AcDbEntity
  8
0
 62
1
100
AcDbText
 10
470044.26012912515
 20
4349638.8691238845
 30
0.0
 40
0.1333
  1
1.50
  7
CN_TTF
 11
470044.26012912515
 21
4349638.8691238845
 31
0.0
100
AcDbText
  0
LWPOLYLINE
  5
90
330
17
100
AcDbEntity
  8
爆区方格网
 62
1
100
AcDbPolyline
 90
5
 70
1
 10
470043.9201291251
 20
4349639.439123885
 10
470043.9201291251
 20
4349640.439123885
 10
470044.9201291251
 20
4349640.439123885
 10
470044.9201291251
 20
4349639.439123885
 10
470043.9201291251
 20
4349639.439123885
  0
TEXT
  5
91
330
17
100
AcDbEntity
  8
0
 62
1
100
AcDbText
 10
470044.26012912515
 20
4349639.8691238845
 30
0.0
 40
0.1333
  1
1.50
  7
CN_TTF
 11
470044.26012912515
 21
4349639.8691238845
 31
0.0
100
AcDbText
  0
LWPOLYLINE
  5
92
330
17
100
AcDbEntity
  8
爆区方格网
 62
1
100
AcDbPolyline
 90
5
 70
1
 10
470044.9201291251
 20
4349640.439123885
 10
470043.9201291251
 20
4349640.439123885
 10
470043.9201291251
 20
4349640.975840124
 10
470044.9201291251
 20
4349641.344860037
 10
470044.9201291251
 20
4349640.439123885
  0
TEXT
  5
93
330
17
100
AcDbEntity
  8
0
 62
1
100
AcDbText
 10
470044.26012912515
 20
4349640.637482004
 30
0.0
 40
0.1333
  1
1.50
  7
CN_TTF
 11
470044.26012912515
 21
4349640.637482004
 31
0.0
100
AcDbText
  0
LWPOLYLINE
  5
94
330
17
100
AcDbEntity
  8
爆区方格网
 62
1
100
AcDbPolyline
 90
5
 70
1
 10
470044.9201291251
 20
4349638.439123885
 10
470045.9201291251
 20
4349638.439123885
 10
470045.9201291251
 20
4349637.980950848
 10
470044.9201291251
 20
4349637.893740382
 10
470044.9201291251
 20
4349638.439123885
  0
TEXT
  5
95
330
17
100
AcDbEntity
  8
0
 62
1
100
AcDbText
 10
470045.26012912515
 20
4349638.140037366
 30
0.0
 40
0.1333
  1
1.50
  7
CN_TTF
 11
470045.26012912515
 21
4349638.140037366
 31
0.0
100
AcDbText
  0
LWPOLYLINE
  5
96
330
17
100
AcDbEntity
  8
爆区方格网
 62
1
100
AcDbPolyline
 90
5
 70
1
 10
470044.9201291251
 20
4349638.439123885
 10
470044.9201291251
 20
4349639.439123885
 10
470045.9201291251
 20
4349639.439123885
 10
470045.9201291251
 20
4349638.439123885
 10
470044.9201291251
 20
4349638.439123885
  0
TEXT
  5
97
330
17
100
AcDbEntity
  8
0
 62
1
100
AcDbText
 10
470045.26012912515
 20
4349638.8691238845
 30
0.0
 40
0.1333
  1
1.50
  7
CN_TTF
 11
470045.26012912515
 21
4349638.8691238845
 31
0.0
100
AcDbText
  0
LWPOLYLINE
  5
98
330
17
100
AcDbEntity
  8
爆区方格网
 62
1
100
AcDbPolyline
 90
5
 70
1
 10
470044.9201291251
 20
4349639.439123885
 10
470044.9201291251
 20
4349640.439123885
 10
470045.9201291251
 20
4349640.439123885
 10
470045.9201291251
 20
4349639.439123885
 10
470044.9201291251
 20
4349639.439123885
  0
TEXT
  5
99
330
17
100
AcDbEntity
  8
0
 62
1
100
AcDbText
 10
470045.26012912515
 20
4349639.8691238845
 30
0.0
 40
0.1333
  1
1.50
  7
CN_TTF
 11
470045.26012912515
 21
4349639.8691238845
 31
0.0
100
AcDbText
  0
LWPOLYLINE
  5
9A
330
17
100
AcDbEntity
  8
爆区方格网
 62
1
100
AcDbPolyline
 90
6
 70
1
 10
470045.9201291251
 20
4349641.439123885
 10
470045.9201291251
 20
4349640.439123885
 10
470044.9201291251
 20
4349640.439123885
 10
470044.9201291251
 20
4349641.344860037
 10
470045.1755729233
 20
4349641.439123885
 10
470045.9201291251
 20
4349641.439123885
  0
TEXT
  5
9B
330
17
100
AcDbEntity
  8
0
 62
1
100
AcDbText
 10
470045.26012912515
 20
4349640.8219919605
 30
0.0
 40
0.1333
  1
1.50
  7
CN_TTF
 11
470045.26012912515
 21
4349640.8219919605
 31
0.0
100
AcDbText
  0
LWPOLYLINE
  5
9C
330
17
100
AcDbEntity
  8
爆区方格网
 62
1
100
AcDbPolyline
 90
5
 70
1
 10
470045.9201291251
 20
4349638.439123885
 10
470045.9201291251
 20
4349639.439123885
 10
470046.9201291251
 20
4349639.439123885
 10
470046.9201291251
 20
4349638.439123885
 10
470045.9201291251
 20
4349638.439123885
  0
TEXT
  5
9D
330
17
100
AcDbEntity
  8
0
 62
1
100
AcDbText
 10
470046.26012912515
 20
4349638.8691238845
 30
0.0
 40
0.1333
  1
1.50
  7
CN_TTF
 11
470046.26012912515
 21
4349638.8691238845
 31
0.0
100
AcDbText
  0
LWPOLYLINE
  5
9E
330
17
100
AcDbEntity
  8
爆区方格网
 62
1
100
AcDbPolyline
 90
5
 70
1
 10
470045.9201291251
 20
4349639.439123885
 10
470045.9201291251
 20
4349640.439123885
 10
470046.9201291251
 20
4349640.439123885
 10
470046.9201291251
 20
4349639.439123885
 10
470045.9201291251
 20
4349639.439123885
  0
TEXT
  5
9F
330
17
100
AcDbEntity
  8
0
 62
1
100
AcDbText
 10
470046.26012912515
 20
4349639.8691238845
 30
0.0
 40
0.1333
  1
1.50
  7
CN_TTF
 11
470046.26012912515
 21
4349639.8691238845
 31
0.0
100
AcDbText
  0
LWPOLYLINE
  5
A0
330
17
100
AcDbEntity
  8
爆区方格网
 62
1
100
AcDbPolyline
 90
5
 70
1
 10
470045.9201291251
 20
4349640.439123885
 10
470045.9201291251
 20
4349641.439123885
 10
470046.9201291251
 20
4349641.439123885
 10
470046.9201291251
 20
4349640.439123885
 10
470045.9201291251
 20
4349640.439123885
  0
TEXT
  5
A1
330
17
100
AcDbEntity
  8
0
 62
1
100
AcDbText
 10
470046.26012912515
 20
4349640.8691238845
 30
0.0
 40
0.1333
  1
1.50
  7
CN_TTF
 11
470046.26012912515
 21
4349640.8691238845
 31
0.0
100
AcDbText
  0
LWPOLYLINE
  5
A2
330
17
100
AcDbEntity
  8
爆区方格网
 62
1
100
AcDbPolyline
 90
6
 70
1
 10
470046.9201291251
 20
4349642.439123885
 10
470046.9201291251
 20
4349641.439123885
 10
470045.9201291251
 20
4349641.439123885
 10
470045.9201291251
 20
4349642.239579159
 10
470046.05365718115
 20
4349642.439123885
 10
470046.9201291251
 20
4349642.439123885
  0
TEXT
  5
A3
330
17
100
AcDbEntity
  8
0
 62
1
100
AcDbText
 10
470046.26012912515
 20
4349641.7693515215
 30
0.0
 40
0.1333
  1
1.50
  7
CN_TTF
 11
470046.26012912515
 21
4349641.7693515215
 31
0.0
100
AcDbText
  0
LWPOLYLINE
  5
A4
330
17
100
AcDbEntity
  8
爆区方格网
 62
1
100
AcDbPolyline
 90
5
 70
1
 10
470046.9201291251
 20
4349643.439123885
 10
470046.9201291251
 20
4349642.439123885
 10
470046.05365718115
 20
4349642.439123885
 10
470046.72282072675
 20
4349643.439123885
 10
470046.9201291251
 20
4349643.439123885
  0
TEXT
  5
A5
330
17
100
AcDbEntity
  8
0
 62
1
100
AcDbText
 10
470046.4941840396
 20
4349642.8691238845
 30
0.0
 40
0.1333
  1
1.50
  7
CN_TTF
 11
470046.4941840396
 21
4349642.8691238845
 31
0.0
100
AcDbText
  0
LWPOLYLINE
  5
A6
330
17
100
AcDbEntity
  8
爆区方格网
 62
1
100
AcDbPolyline
 90
5
 70
1
 10
470046.9201291251
 20
4349638.439123885
 10
470046.9201291251
 20
4349639.439123885
 10
470047.9201291251
 20
4349639.439123885
 10
470047.9201291251
 20
4349638.439123885
 10
470046.9201291251
 20
4349638.439123885
  0
TEXT
  5
A7
330
17
100
AcDbEntity
  8
0
 62
1
100
AcDbText
 10
470047.26012912515
 20
4349638.8691238845
 30
0.0
 40
0.1333
  1
1.50
  7
CN_TTF
 11
470047.26012912515
 21
4349638.8691238845
 31
0.0
100
AcDbText
  0
LWPOLYLINE
  5
A8
330
17
100
AcDbEntity
  8
爆区方格网
 62
1
100
AcDbPolyline
 90
5
 70
1
 10
470046.9201291251
 20
4349639.439123885
 10
470046.9201291251
 20
4349640.439123885
 10
470047.9201291251
 20
4349640.439123885
 10
470047.9201291251
 20
4349639.439123885
 10
470046.9201291251
 20
4349639.439123885
  0
TEXT
  5
A9
330
17
100
AcDbEntity
  8
0
 62
1
100
AcDbText
 10
470047.26012912515
 20
4349639.8691238845
 30
0.0
 40
0.1333
  1
1.50
  7
CN_TTF
 11
470047.26012912515
 21
4349639.8691238845
 31
0.0
100
AcDbText
  0
LWPOLYLINE
  5
AA
330
17
100
AcDbEntity
  8
爆区方格网
 62
1
100
AcDbPolyline
 90
5
 70
1
 10
470046.9201291251
 20
4349640.439123885
 10
470046.9201291251
 20
4349641.439123885
 10
470047.9201291251
 20
4349641.439123885
 10
470047.9201291251
 20
4349640.439123885
 10
470046.9201291251
 20
4349640.439123885
  0
TEXT
  5
AB
330
17
100
AcDbEntity
  8
0
 62
1
100
AcDbText
 10
470047.26012912515
 20
4349640.8691238845
 30
0.0
 40
0.1333
  1
1.50
  7
CN_TTF
 11
470047.26012912515
 21
4349640.8691238845
 31
0.0
100
AcDbText
  0
LWPOLYLINE
  5
AC
330
17
100
AcDbEntity
  8
爆区方格网
 62
1
100
AcDbPolyline
 90
5
 70
1
 10
470046.9201291251
 20
4349641.439123885
 10
470046.9201291251
 20
4349642.439123885
 10
470047.9201291251
 20
4349642.439123885
 10
470047.9201291251
 20
4349641.439123885
 10
470046.9201291251
 20
4349641.439123885
  0
TEXT
  5
AD
330
17
100
AcDbEntity
  8
0
 62
1
100
AcDbText
 10
470047.26012912515
 20
4349641.8691238845
 30
0.0
 40
0.1333
  1
1.50
  7
CN_TTF
 11
470047.26012912515
 21
4349641.8691238845
 31
0.0
100
AcDbText
  0
LWPOLYLINE
  5
AE
330
17
100
AcDbEntity
  8
爆区方格网
 62
1
100
AcDbPolyline
 90
5
 70
1
 10
470046.9201291251
 20
4349642.439123885
 10
470046.9201291251
 20
4349643.439123885
 10
470047.9201291251
 20
4349643.439123885
 10
470047.9201291251
 20
4349642.439123885
 10
470046.9201291251
 20
4349642.439123885
  0
TEXT
  5
AF
330
17
100
AcDbEntity
  8
0
 62
1
100
AcDbText
 10
470047.26012912515
 20
4349642.8691238845
 30
0.0
 40
0.1333
  1
1.50
  7
CN_TTF
 11
470047.26012912515
 21
4349642.8691238845
 31
0.0
100
AcDbText
  0
LWPOLYLINE
  5
B0
330
17
100
AcDbEntity
  8
爆区方格网
 62
1
100
AcDbPolyline
 90
8
 70
1
 10
470047.9201291251
 20
4349644.439123885
 10
470047.9201291251
 20
4349643.439123885
 10
470046.9201291251
 20
4349643.439123885
 10
470046.9201291251
 20
4349643.733982144
 10
470047.061
 20
4349643.9445
 10
470047.7572098264
 20
4349644.39077179
 10
470047.8326418925
 20
4349644.439123885
 10
470047.9201291251
 20
4349644.439123885
  0
TEXT
  5
B1
330
17
100
AcDbEntity
  8
0
 62
1
100
AcDbText
 10
470047.295346844
 20
4349643.769241072
 30
0.0
 40
0.1333
  1
1.50
  7
CN_TTF
 11
470047.295346844
 21
4349643.769241072
 31
0.0
100
AcDbText
  0
LWPOLYLINE
  5
B2
330
17
100
AcDbEntity
  8
爆区方格网
 62
1
100
AcDbPolyline
 90
5
 70
1
 10
470047.9201291251
 20
4349638.439123885
 10
470047.9201291251
 20
4349639.439123885
 10
470048.9201291251
 20
4349639.439123885
 10
470048.9201291251
 20
4349638.439123885
 10
470047.9201291251
 20
4349638.439123885
  0
TEXT
  5
B3
330
17
100
AcDbEntity
  8
0
 62
1
100
AcDbText
 10
470048.26012912515
 20
4349638.8691238845
 30
0.0
 40
0.1333
  1
1.50
  7
CN_TTF
 11
470048.26012912515
 21
4349638.8691238845
 31
0.0
100
AcDbText
  0
LWPOLYLINE
  5
B4
330
17
100
AcDbEntity
  8
爆区方格网
 62
1
100
AcDbPolyline
 90
5
 70
1
 10
470047.9201291251
 20
4349639.439123885
 10
470047.9201291251
 20
4349640.439123885
 10
470048.9201291251
 20
4349640.439123885
 10
470048.9201291251
 20
4349639.439123885
 10
470047.9201291251
 20
4349639.439123885
  0
TEXT
  5
B5
330
17
100
AcDbEntity
  8
0
 62
1
100
AcDbText
 10
470048.26012912515
 20
4349639.8691238845
 30
0.0
 40
0.1333
  1
1.50
  7
CN_TTF
 11
470048.26012912515
 21
4349639.8691238845
 31
0.0
100
AcDbText
  0
LWPOLYLINE
  5
B6
330
17
100
AcDbEntity
  8
爆区方格网
 62
1
100
AcDbPolyline
 90
5
 70
1
 10
470047.9201291251
 20
4349640.439123885
 10
470047.9201291251
 20
4349641.439123885
 10
470048.9201291251
 20
4349641.439123885
 10
470048.9201291251
 20
4349640.439123885
 10
470047.9201291251
 20
4349640.439123885
  0
TEXT
  5
B7
330
17
100
AcDbEntity
  8
0
 62
1
100
AcDbText
 10
470048.26012912515
 20
4349640.8691238845
 30
0.0
 40
0.1333
  1
1.50
  7
CN_TTF
 11
470048.26012912515
 21
4349640.8691238845
 31
0.0
100
AcDbText
  0
LWPOLYLINE
  5
B8
330
17
100
AcDbEntity
  8
爆区方格网
 62
1
100
AcDbPolyline
 90
5
 70
1
 10
470047.9201291251
 20
4349641.439123885
 10
470047.9201291251
 20
4349642.439123885
 10
470048.9201291251
 20
4349642.439123885
 10
470048.9201291251
 20
4349641.439123885
 10
470047.9201291251
 20
4349641.439123885
  0
TEXT
  5
B9
330
17
100
AcDbEntity
  8
0
 62
1
100
AcDbText
 10
470048.26012912515
 20
4349641.8691238845
 30
0.0
 40
0.1333
  1
1.50
  7
CN_TTF
 11
470048.26012912515
 21
4349641.8691238845
 31
0.0
100
AcDbText
  0
LWPOLYLINE
  5
BA
330
17
100
AcDbEntity
  8
爆区方格网
 62
1
100
AcDbPolyline
 90
5
 70
1
 10
470047.9201291251
 20
4349642.439123885
 10
470047.9201291251
 20
4349643.439123885
 10
470048.9201291251
 20
4349643.439123885
 10
470048.9201291251
 20
4349642.439123885
 10
470047.9201291251
 20
4349642.439123885
  0
TEXT
  5
BB
330
17
100
AcDbEntity
  8
0
 62
1
100
AcDbText
 10
470048.26012912515
 20
4349642.8691238845
 30
0.0
 40
0.1333
  1
1.50
  7
CN_TTF
 11
470048.26012912515
 21
4349642.8691238845
 31
0.0
100
AcDbText
  0
LWPOLYLINE
  5
BC
330
17
100
AcDbEntity
  8
爆区方格网
 62
1
100
AcDbPolyline
 90
5
 70
1
 10
470047.9201291251
 20
4349643.439123885
 10
470047.9201291251
 20
4349644.439123885
 10
470048.9201291251
 20
4349644.439123885
 10
470048.9201291251
 20
4349643.439123885
 10
470047.9201291251
 20
4349643.439123885
  0
TEXT
  5
BD
330
17
100
AcDbEntity
  8
0
 62
1
100
AcDbText
 10
470048.26012912515
 20
4349643.8691238845
 30
0.0
 40
0.1333
  1
2.13
  7
CN_TTF
 11
470048.26012912515
 21
4349643.8691238845
 31
0.0
100
AcDbText
  0
LWPOLYLINE
  5
BE
330
17
100
AcDbEntity
  8
爆区方格网
 62
1
100
AcDbPolyline
 90
5
 70
1
 10
470048.9201291251
 20
4349638.439123885
 10
470048.9201291251
 20
4349639.439123885
 10
470049.9201291251
 20
4349639.439123885
 10
470049.9201291251
 20
4349638.439123885
 10
470048.9201291251
 20
4349638.439123885
  0
TEXT
  5
BF
330
17
100
AcDbEntity
  8
0
 62
1
100
AcDbText
 10
470049.26012912515
 20
4349638.8691238845
 30
0.0
 40
0.1333
  1
1.50
  7
CN_TTF
 11
470049.26012912515
 21
4349638.8691238845
 31
0.0
100
AcDbText
  0
LWPOLYLINE
  5
C0
330
17
100
AcDbEntity
  8
爆区方格网
 62
1
100
AcDbPolyline
 90
5
 70
1
 10
470048.9201291251
 20
4349639.439123885
 10
470048.9201291251
 20
4349640.439123885
 10
470049.9201291251
 20
4349640.439123885
 10
470049.9201291251
 20
4349639.439123885
 10
470048.9201291251
 20
4349639.439123885
  0
TEXT
  5
C1
330
17
100
AcDbEntity
  8
0
 62
1
100
AcDbText
 10
470049.26012912515
 20
4349639.8691238845
 30
0.0
 40
0.1333
  1
1.50
  7
CN_TTF
 11
470049.26012912515
 21
4349639.8691238845
 31
0.0
100
AcDbText
  0
LWPOLYLINE
  5
C2
330
17
100
AcDbEntity
  8
爆区方格网
 62
1
100
AcDbPolyline
 90
5
 70
1
 10
470048.9201291251
 20
4349640.439123885
 10
470048.9201291251
 20
4349641.439123885
 10
470049.9201291251
 20
4349641.439123885
 10
470049.9201291251
 20
4349640.439123885
 10
470048.9201291251
 20
4349640.439123885
  0
TEXT
  5
C3
330
17
100
AcDbEntity
  8
0
 62
1
100
AcDbText
 10
470049.26012912515
 20
4349640.8691238845
 30
0.0
 40
0.1333
  1
1.50
  7
CN_TTF
 11
470049.26012912515
 21
4349640.8691238845
 31
0.0
100
AcDbText
  0
LWPOLYLINE
  5
C4
330
17
100
AcDbEntity
  8
爆区方格网
 62
1
100
AcDbPolyline
 90
5
 70
1
 10
470048.9201291251
 20
4349641.439123885
 10
470048.9201291251
 20
4349642.439123885
 10
470049.9201291251
 20
4349642.439123885
 10
470049.9201291251
 20
4349641.439123885
 10
470048.9201291251
 20
4349641.439123885
  0
TEXT
  5
C5
330
17
100
AcDbEntity
  8
0
 62
1
100
AcDbText
 10
470049.26012912515
 20
4349641.8691238845
 30
0.0
 40
0.1333
  1
2.13
  7
CN_TTF
 11
470049.26012912515
 21
4349641.8691238845
 31
0.0
100
AcDbText
  0
LWPOLYLINE
  5
C6
330
17
100
AcDbEntity
  8
爆区方格网
 62
1
100
AcDbPolyline
 90
5
 70
1
 10
470048.9201291251
 20
4349642.439123885
 10
470048.9201291251
 20
4349643.439123885
 10
470049.9201291251
 20
4349643.439123885
 10
470049.9201291251
 20
4349642.439123885
 10
470048.9201291251
 20
4349642.439123885
  0
TEXT
  5
C7
330
17
100
AcDbEntity
  8
0
 62
1
100
AcDbText
 10
470049.26012912515
 20
4349642.8691238845
 30
0.0
 40
0.1333
  1
2.13
  7
CN_TTF
 11
470049.26012912515
 21
4349642.8691238845
 31
0.0
100
AcDbText
  0
LWPOLYLINE
  5
C8
330
17
100
AcDbEntity
  8
爆区方格网
 62
1
100
AcDbPolyline
 90
5
 70
1
 10
470048.9201291251
 20
4349643.439123885
 10
470048.9201291251
 20
4349644.439123885
 10
470049.9201291251
 20
4349644.439123885
 10
470049.9201291251
 20
4349643.439123885
 10
470048.9201291251
 20
4349643.439123885
  0
TEXT
  5
C9
330
17
100
AcDbEntity
  8
0
 62
1
100
AcDbText
 10
470049.26012912515
 20
4349643.8691238845
 30
0.0
 40
0.1333
  1
2.13
  7
CN_TTF
 11
470049.26012912515
 21
4349643.8691238845
 31
0.0
100
AcDbText
  0
LWPOLYLINE
  5
CA
330
17
100
AcDbEntity
  8
爆区方格网
 62
1
100
AcDbPolyline
 90
5
 70
1
 10
470049.9201291251
 20
4349644.439123885
 10
470048.9201291251
 20
4349644.439123885
 10
470048.9201291251
 20
4349645.021054148
 10
470049.9201291251
 20
4349645.186478887
 10
470049.9201291251
 20
4349644.439123885
  0
TEXT
  5
CB
330
17
100
AcDbEntity
  8
0
 62
1
100
AcDbText
 10
470049.26012912515
 20
4349644.660089016
 30
0.0
 40
0.1333
  1
2.13
  7
CN_TTF
 11
470049.26012912515
 21
4349644.660089016
 31
0.0
100
AcDbText
  0
LWPOLYLINE
  5
CC
330
17
100
AcDbEntity
  8
爆区方格网
 62
1
100
AcDbPolyline
 90
5
 70
1
 10
470049.9201291251
 20
4349638.439123885
 10
470049.9201291251
 20
4349639.439123885
 10
470050.9201291251
 20
4349639.439123885
 10
470050.9201291251
 20
4349638.439123885
 10
470049.9201291251
 20
4349638.439123885
  0
TEXT
  5
CD
330
17
100
AcDbEntity
  8
0
 62
1
100
AcDbText
 10
470050.26012912515
 20
4349638.8691238845
 30
0.0
 40
0.1333
  1
1.50
  7
CN_TTF
 11
470050.26012912515
 21
4349638.8691238845
 31
0.0
100
AcDbText
  0
LWPOLYLINE
  5
CE
330
17
100
AcDbEntity
  8
爆区方格网
 62
1
100
AcDbPolyline
 90
5
 70
1
 10
470049.9201291251
 20
4349639.439123885
 10
470049.9201291251
 20
4349640.439123885
 10
470050.9201291251
 20
4349640.439123885
 10
470050.9201291251
 20
4349639.439123885
 10
470049.9201291251
 20
4349639.439123885
  0
TEXT
  5
CF
330
17
100
AcDbEntity
  8
0
 62
1
100
AcDbText
 10
470050.26012912515
 20
4349639.8691238845
 30
0.0
 40
0.1333
  1
1.50
  7
CN_TTF
 11
470050.26012912515
 21
4349639.8691238845
 31
0.0
100
AcDbText
  0
LWPOLYLINE
  5
D0
330
17
100
AcDbEntity
  8
爆区方格网
 62
1
100
AcDbPolyline
 90
5
 70
1
 10
470049.9201291251
 20
4349640.439123885
 10
470049.9201291251
 20
4349641.439123885
 10
470050.9201291251
 20
4349641.439123885
 10
470050.9201291251
 20
4349640.439123885
 10
470049.9201291251
 20
4349640.439123885
  0
TEXT
  5
D1
330
17
100
AcDbEntity
  8
0
 62
1
100
AcDbText
 10
470050.26012912515
 20
4349640.8691238845
 30
0.0
 40
0.1333
  1
2.13
  7
CN_TTF
 11
470050.26012912515
 21
4349640.8691238845
 31
0.0
100
AcDbText
  0
LWPOLYLINE
  5
D2
330
17
100
AcDbEntity
  8
爆区方格网
 62
1
100
AcDbPolyline
 90
5
 70
1
 10
470049.9201291251
 20
4349641.439123885
 10
470049.9201291251
 20
4349642.439123885
 10
470050.9201291251
 20
4349642.439123885
 10
470050.9201291251
 20
4349641.439123885
 10
470049.9201291251
 20
4349641.439123885
  0
TEXT
  5
D3
330
17
100
AcDbEntity
  8
0
 62
1
100
AcDbText
 10
470050.26012912515
 20
4349641.8691238845
 30
0.0
 40
0.1333
  1
2.13
  7
CN_TTF
 11
470050.26012912515
 21
4349641.8691238845
 31
0.0
100
AcDbText
  0
LWPOLYLINE
  5
D4
330
17
100
AcDbEntity
  8
爆区方格网
 62
1
100
AcDbPolyline
 90
5
 70
1
 10
470049.9201291251
 20
4349642.439123885
 10
470049.9201291251
 20
4349643.439123885
 10
470050.9201291251
 20
4349643.439123885
 10
470050.9201291251
 20
4349642.439123885
 10
470049.9201291251
 20
4349642.439123885
  0
TEXT
  5
D5
330
17
100
AcDbEntity
  8
0
 62
1
100
AcDbText
 10
470050.26012912515
 20
4349642.8691238845
 30
0.0
 40
0.1333
  1
2.13
  7
CN_TTF
 11
470050.26012912515
 21
4349642.8691238845
 31
0.0
100
AcDbText
  0
LWPOLYLINE
  5
D6
330
17
100
AcDbEntity
  8
爆区方格网
 62
1
100
AcDbPolyline
 90
5
 70
1
 10
470049.9201291251
 20
4349643.439123885
 10
470049.9201291251
 20
4349644.439123885
 10
470050.9201291251
 20
4349644.439123885
 10
470050.9201291251
 20
4349643.439123885
 10
470049.9201291251
 20
4349643.439123885
  0
TEXT
  5
D7
330
17
100
AcDbEntity
  8
0
 62
1
100
AcDbText
 10
470050.26012912515
 20
4349643.8691238845
 30
0.0
 40
0.1333
  1
2.13
  7
CN_TTF
 11
470050.26012912515
 21
4349643.8691238845
 31
0.0
100
AcDbText
  0
LWPOLYLINE
  5
D8
330
17
100
AcDbEntity
  8
爆区方格网
 62
1
100
AcDbPolyline
 90
6
 70
1
 10
470050.9201291251
 20
4349644.439123885
 10
470049.9201291251
 20
4349644.439123885
 10
470049.9201291251
 20
4349645.186478887
 10
470049.93157896795
 20
4349645.188372974
 10
470050.9201291251
 20
4349645.351903626
 10
470050.9201291251
 20
4349644.439123885
  0
TEXT
  5
D9
330
17
100
AcDbEntity
  8
0
 62
1
100
AcDbText
 10
470050.26012912515
 20
4349644.742801385
 30
0.0
 40
0.1333
  1
2.13
  7
CN_TTF
 11
470050.26012912515
 21
4349644.742801385
 31
0.0
100
AcDbText
  0
LWPOLYLINE
  5
DA
330
17
100
AcDbEntity
  8
爆区方格网
 62
1
100
AcDbPolyline
 90
7
 70
1
 10
470050.9201291251
 20
4349638.439123885
 10
470050.9201291251
 20
4349639.439123885
 10
470051.9201291251
 20
4349639.439123885
 10
470051.9201291251
 20
4349638.5042136405
 10
470051.5183567587
 20
4349638.469174885
 10
470051.1737765474
 20
4349638.439123885
 10
470050.9201291251
 20
4349638.439123885
  0
TEXT
  5
DB
330
17
100
AcDbEntity
  8
0
 62
1
100
AcDbText
 10
470051.26012912515
 20
4349638.901668763
 30
0.0
 40
0.1333
  1
2.13
  7
CN_TTF
 11
470051.26012912515
 21
4349638.901668763
 31
0.0
100
AcDbText
  0
LWPOLYLINE
  5
DC
330
17
100
AcDbEntity
  8
爆区方格网
 62
1
100
AcDbPolyline
 90
5
 70
1
 10
470050.9201291251
 20
4349639.439123885
 10
470050.9201291251
 20
4349640.439123885
 10
470051.9201291251
 20
4349640.439123885
 10
470051.9201291251
 20
4349639.439123885
 10
470050.9201291251
 20
4349639.439123885
  0
TEXT
  5
DD
330
17
100
AcDbEntity
  8
0
 62
1
100
AcDbText
 10
470051.26012912515
 20
4349639.8691238845
 30
0.0
 40
0.1333
  1
2.13
  7
CN_TTF
 11
470051.26012912515
 21
4349639.8691238845
 31
0.0
100
AcDbText
  0
LWPOLYLINE
  5
DE
330
17
100
AcDbEntity
  8
爆区方格网
 62
1
100
AcDbPolyline
 90
5
 70
1
 10
470050.9201291251
 20
4349640.439123885
 10
470050.9201291251
 20
4349641.439123885
 10
470051.9201291251
 20
4349641.439123885
 10
470051.9201291251
 20
4349640.439123885
 10
470050.9201291251
 20
4349640.439123885
  0
TEXT
  5
DF
330
17
100
AcDbEntity
  8
0
 62
1
100
AcDbText
 10
470051.26012912515
 20
4349640.8691238845
 30
0.0
 40
0.1333
  1
2.13
  7
CN_TTF
 11
470051.26012912515
 21
4349640.8691238845
 31
0.0
100
AcDbText
  0
LWPOLYLINE
  5
E0
330
17
100
AcDbEntity
  8
爆区方格网
 62
1
100
AcDbPolyline
 90
5
 70
1
 10
470050.9201291251
 20
4349641.439123885
 10
470050.9201291251
 20
4349642.439123885
 10
470051.9201291251
 20
4349642.439123885
 10
470051.9201291251
 20
4349641.439123885
 10
470050.9201291251
 20
4349641.439123885
  0
TEXT
  5
E1
330
17
100
AcDbEntity
  8
0
 62
1
100
AcDbText
 10
470051.26012912515
 20
4349641.8691238845
 30
0.0
 40
0.1333
  1
2.13
  7
CN_TTF
 11
470051.26012912515
 21
4349641.8691238845
 31
0.0
100
AcDbText
  0
LWPOLYLINE
  5
E2
330
17
100
AcDbEntity
  8
爆区方格网
 62
1
100
AcDbPolyline
 90
5
 70
1
 10
470050.9201291251
 20
4349642.439123885
 10
470050.9201291251
 20
4349643.439123885
 10
470051.9201291251
 20
4349643.439123885
 10
470051.9201291251
 20
4349642.439123885
 10
470050.9201291251
 20
4349642.439123885
  0
TEXT
  5
E3
330
17
100
AcDbEntity
  8
0
 62
1
100
AcDbText
 10
470051.26012912515
 20
4349642.8691238845
 30
0.0
 40
0.1333
  1
2.13
  7
CN_TTF
 11
470051.26012912515
 21
4349642.8691238845
 31
0.0
100
AcDbText
  0
LWPOLYLINE
  5
E4
330
17
100
AcDbEntity
  8
爆区方格网
 62
1
100
AcDbPolyline
 90
5
 70
1
 10
470050.9201291251
 20
4349643.439123885
 10
470050.9201291251
 20
4349644.439123885
 10
470051.9201291251
 20
4349644.439123885
 10
470051.9201291251
 20
4349643.439123885
 10
470050.9201291251
 20
4349643.439123885
  0
TEXT
  5
E5
330
17
100
AcDbEntity
  8
0
 62
1
100
AcDbText
 10
470051.26012912515
 20
4349643.8691238845
 30
0.0
 40
0.1333
  1
2.13
  7
CN_TTF
 11
470051.26012912515
 21
4349643.8691238845
 31
0.0
100
AcDbText
  0
LWPOLYLINE
  5
E6
330
17
100
AcDbEntity
  8
爆区方格网
 62
1
100
AcDbPolyline
 90
6
 70
1
 10
470051.9201291251
 20
4349645.439123885
 10
470051.9201291251
 20
4349644.439123885
 10
470050.9201291251
 20
4349644.439123885
 10
470050.9201291251
 20
4349645.351903626
 10
470051.4473795183
 20
4349645.439123885
 10
470051.9201291251
 20
4349645.439123885
  0
TEXT
  5
E7
330
17
100
AcDbEntity
  8
0
 62
1
100
AcDbText
 10
470051.26012912515
 20
4349644.825513755
 30
0.0
 40
0.1333
  1
2.13
  7
CN_TTF
 11
470051.26012912515
 21
4349644.825513755
 31
0.0
100
AcDbText
  0
LWPOLYLINE
  5
E8
330
17
100
AcDbEntity
  8
爆区方格网
 62
1
100
AcDbPolyline
 90
5
 70
1
 10
470051.9201291251
 20
4349639.439123885
 10
470052.9201291251
 20
4349639.439123885
 10
470052.9201291251
 20
4349638.591424106
 10
470051.9201291251
 20
4349638.5042136405
 10
470051.9201291251
 20
4349639.439123885
  0
TEXT
  5
E9
330
17
100
AcDbEntity
  8
0
 62
1
100
AcDbText
 10
470052.26012912515
 20
4349638.945273995
 30
0.0
 40
0.1333
  1
1.74
  7
CN_TTF
 11
470052.26012912515
 21
4349638.945273995
 31
0.0
100
AcDbText
  0
LWPOLYLINE
  5
EA
330
17
100
AcDbEntity
  8
爆区方格网
 62
1
100
AcDbPolyline
 90
5
 70
1
 10
470051.9201291251
 20
4349639.439123885
 10
470051.9201291251
 20
4349640.439123885
 10
470052.9201291251
 20
4349640.439123885
 10
470052.9201291251
 20
4349639.439123885
 10
470051.9201291251
 20
4349639.439123885
  0
TEXT
  5
EB
330
17
100
AcDbEntity
  8
0
 62
1
100
AcDbText
 10
470052.26012912515
 20
4349639.8691238845
 30
0.0
 40
0.1333
  1
1.74
  7
CN_TTF
 11
470052.26012912515
 21
4349639.8691238845
 31
0.0
100
AcDbText
  0
LWPOLYLINE
  5
EC
330
17
100
AcDbEntity
  8
爆区方格网
 62
1
100
AcDbPolyline
 90
5
 70
1
 10
470051.9201291251
 20
4349640.439123885
 10
470051.9201291251
 20
4349641.439123885
 10
470052.9201291251
 20
4349641.439123885
 10
470052.9201291251
 20
4349640.439123885
 10
470051.9201291251
 20
4349640.439123885
  0
TEXT
  5
ED
330
17
100
AcDbEntity
  8
0
 62
1
100
AcDbText
 10
470052.26012912515
 20
4349640.8691238845
 30
0.0
 40
0.1333
  1
1.74
  7
CN_TTF
 11
470052.26012912515
 21
4349640.8691238845
 31
0.0
100
AcDbText
  0
LWPOLYLINE
  5
EE
330
17
100
AcDbEntity
  8
爆区方格网
 62
1
100
AcDbPolyline
 90
5
 70
1
 10
470051.9201291251
 20
4349641.439123885
 10
470051.9201291251
 20
4349642.439123885
 10
470052.9201291251
 20
4349642.439123885
 10
470052.9201291251
 20
4349641.439123885
 10
470051.9201291251
 20
4349641.439123885
  0
TEXT
  5
EF
330
17
100
AcDbEntity
  8
0
 62
1
100
AcDbText
 10
470052.26012912515
 20
4349641.8691238845
 30
0.0
 40
0.1333
  1
2.13
  7
CN_TTF
 11
470052.26012912515
 21
4349641.8691238845
 31
0.0
100
AcDbText
  0
LWPOLYLINE
  5
F0
330
17
100
AcDbEntity
  8
爆区方格网
 62
1
100
AcDbPolyline
 90
5
 70
1
 10
470051.9201291251
 20
4349642.439123885
 10
470051.9201291251
 20
4349643.439123885
 10
470052.9201291251
 20
4349643.439123885
 10
470052.9201291251
 20
4349642.439123885
 10
470051.9201291251
 20
4349642.439123885
  0
TEXT
  5
F1
330
17
100
AcDbEntity
  8
0
 62
1
100
AcDbText
 10
470052.26012912515
 20
4349642.8691238845
 30
0.0
 40
0.1333
  1
2.13
  7
CN_TTF
 11
470052.26012912515
 21
4349642.8691238845
 31
0.0
100
AcDbText
  0
LWPOLYLINE
  5
F2
330
17
100
AcDbEntity
  8
爆区方格网
 62
1
100
AcDbPolyline
 90
5
 70
1
 10
470051.9201291251
 20
4349643.439123885
 10
470051.9201291251
 20
4349644.439123885
 10
470052.9201291251
 20
4349644.439123885
 10
470052.9201291251
 20
4349643.439123885
 10
470051.9201291251
 20
4349643.439123885
  0
TEXT
  5
F3
330
17
100
AcDbEntity
  8
0
 62
1
100
AcDbText
 10
470052.26012912515
 20
4349643.8691238845
 30
0.0
 40
0.1333
  1
2.13
  7
CN_TTF
 11
470052.26012912515
 21
4349643.8691238845
 31
0.0
100
AcDbText
  0
LWPOLYLINE
  5
F4
330
17
100
AcDbEntity
  8
爆区方格网
 62
1
100
AcDbPolyline
 90
6
 70
1
 10
470052.9201291251
 20
4349644.439123885
 10
470051.9201291251
 20
4349644.439123885
 10
470051.9201291251
 20
4349645.439123885
 10
470052.85529972374
 20
4349645.439123885
 10
470052.9201291251
 20
4349645.418831243
 10
470052.9201291251
 20
4349644.439123885
  0
TEXT
  5
F5
330
17
100
AcDbEntity
  8
0
 62
1
100
AcDbText
 10
470052.26012912515
 20
4349644.858977564
 30
0.0
 40
0.1333
  1
2.13
  7
CN_TTF
 11
470052.26012912515
 21
4349644.858977564
 31
0.0
100
AcDbText
  0
LWPOLYLINE
  5
F6
330
17
100
AcDbEntity
  8
爆区方格网
 62
1
100
AcDbPolyline
 90
5
 70
1
 10
470052.9201291251
 20
4349639.439123885
 10
470053.9201291251
 20
4349639.439123885
 10
470053.9201291251
 20
4349638.678634572
 10
470052.9201291251
 20
4349638.591424106
 10
470052.9201291251
 20
4349639.439123885
  0
TEXT
  5
F7
330
17
100
AcDbEntity
  8
0
 62
1
100
AcDbText
 10
470053.26012912515
 20
4349638.988879228
 30
0.0
 40
0.1333
  1
1.74
  7
CN_TTF
 11
470053.26012912515
 21
4349638.988879228
 31
0.0
100
AcDbText
  0
LWPOLYLINE
  5
F8
330
17
100
AcDbEntity
  8
爆区方格网
 62
1
100
AcDbPolyline
 90
5
 70
1
 10
470052.9201291251
 20
4349639.439123885
 10
470052.9201291251
 20
4349640.439123885
 10
470053.9201291251
 20
4349640.439123885
 10
470053.9201291251
 20
4349639.439123885
 10
470052.9201291251
 20
4349639.439123885
  0
TEXT
  5
F9
330
17
100
AcDbEntity
  8
0
 62
1
100
AcDbText
 10
470053.26012912515
 20
4349639.8691238845
 30
0.0
 40
0.1333
  1
1.74
  7
CN_TTF
 11
470053.26012912515
 21
4349639.8691238845
 31
0.0
100
AcDbText
  0
LWPOLYLINE
  5
FA
330
17
100
AcDbEntity
  8
爆区方格网
 62
1
100
AcDbPolyline
 90
5
 70
1
 10
470052.9201291251
 20
4349640.439123885
 10
470052.9201291251
 20
4349641.439123885
 10
470053.9201291251
 20
4349641.439123885
 10
470053.9201291251
 20
4349640.439123885
 10
470052.9201291251
 20
4349640.439123885
  0
TEXT
  5
FB
330
17
100
AcDbEntity
  8
0
 62
1
100
AcDbText
 10
470053.26012912515
 20
4349640.8691238845
 30
0.0
 40
0.1333
  1
1.74
  7
CN_TTF
 11
470053.26012912515
 21
4349640.8691238845
 31
0.0
100
AcDbText
  0
LWPOLYLINE
  5
FC
330
17
100
AcDbEntity
  8
爆区方格网
 62
1
100
AcDbPolyline
 90
5
 70
1
 10
470052.9201291251
 20
4349641.439123885
 10
470052.9201291251
 20
4349642.439123885
 10
470053.9201291251
 20
4349642.439123885
 10
470053.9201291251
 20
4349641.439123885
 10
470052.9201291251
 20
4349641.439123885
  0
TEXT
  5
FD
330
17
100
AcDbEntity
  8
0
 62
1
100
AcDbText
 10
470053.26012912515
 20
4349641.8691238845
 30
0.0
 40
0.1333
  1
1.74
  7
CN_TTF
 11
470053.26012912515
 21
4349641.8691238845
 31
0.0
100
AcDbText
  0
LWPOLYLINE
  5
FE
330
17
100
AcDbEntity
  8
爆区方格网
 62
1
100
AcDbPolyline
 90
5
 70
1
 10
470052.9201291251
 20
4349642.439123885
 10
470052.9201291251
 20
4349643.439123885
 10
470053.9201291251
 20
4349643.439123885
 10
470053.9201291251
 20
4349642.439123885
 10
470052.9201291251
 20
4349642.439123885
  0
TEXT
  5
FF
330
17
100
AcDbEntity
  8
0
 62
1
100
AcDbText
 10
470053.26012912515
 20
4349642.8691238845
 30
0.0
 40
0.1333
  1
1.74
  7
CN_TTF
 11
470053.26012912515
 21
4349642.8691238845
 31
0.0
100
AcDbText
  0
LWPOLYLINE
  5
100
330
17
100
AcDbEntity
  8
爆区方格网
 62
1
100
AcDbPolyline
 90
5
 70
1
 10
470052.9201291251
 20
4349643.439123885
 10
470052.9201291251
 20
4349644.439123885
 10
470053.9201291251
 20
4349644.439123885
 10
470053.9201291251
 20
4349643.439123885
 10
470052.9201291251
 20
4349643.439123885
  0
TEXT
  5
101
330
17
100
AcDbEntity
  8
0
 62
1
100
AcDbText
 10
470053.26012912515
 20
4349643.8691238845
 30
0.0
 40
0.1333
  1
1.74
  7
CN_TTF
 11
470053.26012912515
 21
4349643.8691238845
 31
0.0
100
AcDbText
  0
LWPOLYLINE
  5
102
330
17
100
AcDbEntity
  8
爆区方格网
 62
1
100
AcDbPolyline
 90
6
 70
1
 10
470053.9201291251
 20
4349644.439123885
 10
470052.9201291251
 20
4349644.439123885
 10
470052.9201291251
 20
4349645.418831243
 10
470053.5999261886
 20
4349645.206043867
 10
470053.9201291251
 20
4349645.105815216
 10
470053.9201291251
 20
4349644.439123885
  0
TEXT
  5
103
330
17
100
AcDbEntity
  8
0
 62
1
100
AcDbText
 10
470053.26012912515
 20
4349644.70246955
 30
0.0
 40
0.1333
  1
2.13
  7
CN_TTF
 11
470053.26012912515
 21
4349644.70246955
 31
0.0
100
AcDbText
  0
LWPOLYLINE
  5
104
330
17
100
AcDbEntity
  8
爆区方格网
 62
1
100
AcDbPolyline
 90
5
 70
1
 10
470053.9201291251
 20
4349639.439123885
 10
470054.9201291251
 20
4349639.439123885
 10
470054.9201291251
 20
4349638.765845037
 10
470053.9201291251
 20
4349638.678634572
 10
470053.9201291251
 20
4349639.439123885
  0
TEXT
  5
105
330
17
100
AcDbEntity
  8
0
 62
1
100
AcDbText
 10
470054.26012912515
 20
4349639.032484461
 30
0.0
 40
0.1333
  1
1.74
  7
CN_TTF
 11
470054.26012912515
 21
4349639.032484461
 31
0.0
100
AcDbText
  0
LWPOLYLINE
  5
106
330
17
100
AcDbEntity
  8
爆区方格网
 62
1
100
AcDbPolyline
 90
5
 70
1
 10
470053.9201291251
 20
4349639.439123885
 10
470053.9201291251
 20
4349640.439123885
 10
470054.9201291251
 20
4349640.439123885
 10
470054.9201291251
 20
4349639.439123885
 10
470053.9201291251
 20
4349639.439123885
  0
TEXT
  5
107
330
17
100
AcDbEntity
  8
0
 62
1
100
AcDbText
 10
470054.26012912515
 20
4349639.8691238845
 30
0.0
 40
0.1333
  1
1.74
  7
CN_TTF
 11
470054.26012912515
 21
4349639.8691238845
 31
0.0
100
AcDbText
  0
LWPOLYLINE
  5
108
330
17
100
AcDbEntity
  8
爆区方格网
 62
1
100
AcDbPolyline
 90
5
 70
1
 10
470053.9201291251
 20
4349640.439123885
 10
470053.9201291251
 20
4349641.439123885
 10
470054.9201291251
 20
4349641.439123885
 10
470054.9201291251
 20
4349640.439123885
 10
470053.9201291251
 20
4349640.439123885
  0
TEXT
  5
109
330
17
100
AcDbEntity
  8
0
 62
1
100
AcDbText
 10
470054.26012912515
 20
4349640.8691238845
 30
0.0
 40
0.1333
  1
1.74
  7
CN_TTF
 11
470054.26012912515
 21
4349640.8691238845
 31
0.0
100
AcDbText
  0
LWPOLYLINE
  5
10A
330
17
100
AcDbEntity
  8
爆区方格网
 62
1
100
AcDbPolyline
 90
5
 70
1
 10
470053.9201291251
 20
4349641.439123885
 10
470053.9201291251
 20
4349642.439123885
 10
470054.9201291251
 20
4349642.439123885
 10
470054.9201291251
 20
4349641.439123885
 10
470053.9201291251
 20
4349641.439123885
  0
TEXT
  5
10B
330
17
100
AcDbEntity
  8
0
 62
1
100
AcDbText
 10
470054.26012912515
 20
4349641.8691238845
 30
0.0
 40
0.1333
  1
1.74
  7
CN_TTF
 11
470054.26012912515
 21
4349641.8691238845
 31
0.0
100
AcDbText
  0
LWPOLYLINE
  5
10C
330
17
100
AcDbEntity
  8
爆区方格网
 62
1
100
AcDbPolyline
 90
5
 70
1
 10
470053.9201291251
 20
4349642.439123885
 10
470053.9201291251
 20
4349643.439123885
 10
470054.9201291251
 20
4349643.439123885
 10
470054.9201291251
 20
4349642.439123885
 10
470053.9201291251
 20
4349642.439123885
  0
TEXT
  5
10D
330
17
100
AcDbEntity
  8
0
 62
1
100
AcDbText
 10
470054.26012912515
 20
4349642.8691238845
 30
0.0
 40
0.1333
  1
1.74
  7
CN_TTF
 11
470054.26012912515
 21
4349642.8691238845
 31
0.0
100
AcDbText
  0
LWPOLYLINE
  5
10E
330
17
100
AcDbEntity
  8
爆区方格网
 62
1
100
AcDbPolyline
 90
5
 70
1
 10
470053.9201291251
 20
4349643.439123885
 10
470053.9201291251
 20
4349644.439123885
 10
470054.9201291251
 20
4349644.439123885
 10
470054.9201291251
 20
4349643.439123885
 10
470053.9201291251
 20
4349643.439123885
  0
TEXT
  5
10F
330
17
100
AcDbEntity
  8
0
 62
1
100
AcDbText
 10
470054.26012912515
 20
4349643.8691238845
 30
0.0
 40
0.1333
  1
1.74
  7
CN_TTF
 11
470054.26012912515
 21
4349643.8691238845
 31
0.0
100
AcDbText
  0
LWPOLYLINE
  5
110
330
17
100
AcDbEntity
  8
爆区方格网
 62
1
100
AcDbPolyline
 90
6
 70
1
 10
470054.9201291251
 20
4349644.439123885
 10
470053.9201291251
 20
4349644.439123885
 10
470053.9201291251
 20
4349645.105815216
 10
470054.4275
 20
4349644.947000001
 10
470054.9201291251
 20
4349644.454943533
 10
470054.9201291251
 20
4349644.439123885
  0
TEXT
  5
111
330
17
100
AcDbEntity
  8
0
 62
1
100
AcDbText
 10
470054.1369718436
 20
4349644.630971767
 30
0.0
 40
0.1333
  1
1.74
  7
CN_TTF
 11
470054.1369718436
 21
4349644.630971767
 31
0.0
100
AcDbText
  0
LWPOLYLINE
  5
112
330
17
100
AcDbEntity
  8
爆区方格网
 62
1
100
AcDbPolyline
 90
5
 70
1
 10
470054.9201291251
 20
4349639.439123885
 10
470055.9201291251
 20
4349639.439123885
 10
470055.9201291251
 20
4349638.853055502
 10
470054.9201291251
 20
4349638.765845037
 10
470054.9201291251
 20
4349639.439123885
  0
TEXT
  5
113
330
17
100
AcDbEntity
  8
0
 62
1
100
AcDbText
 10
470055.26012912515
 20
4349639.076089693
 30
0.0
 40
0.1333
  1
1.74
  7
CN_TTF
 11
470055.26012912515
 21
4349639.076089693
 31
0.0
100
AcDbText
  0
LWPOLYLINE
  5
114
330
17
100
AcDbEntity
  8
爆区方格网
 62
1
100
AcDbPolyline
 90
5
 70
1
 10
470054.9201291251
 20
4349639.439123885
 10
470054.9201291251
 20
4349640.439123885
 10
470055.9201291251
 20
4349640.439123885
 10
470055.9201291251
 20
4349639.439123885
 10
470054.9201291251
 20
4349639.439123885
  0
TEXT
  5
115
330
17
100
AcDbEntity
  8
0
 62
1
100
AcDbText
 10
470055.26012912515
 20
4349639.8691238845
 30
0.0
 40
0.1333
  1
1.74
  7
CN_TTF
 11
470055.26012912515
 21
4349639.8691238845
 31
0.0
100
AcDbText
  0
LWPOLYLINE
  5
116
330
17
100
AcDbEntity
  8
爆区方格网
 62
1
100
AcDbPolyline
 90
5
 70
1
 10
470054.9201291251
 20
4349640.439123885
 10
470054.9201291251
 20
4349641.439123885
 10
470055.9201291251
 20
4349641.439123885
 10
470055.9201291251
 20
4349640.439123885
 10
470054.9201291251
 20
4349640.439123885
  0
TEXT
  5
117
330
17
100
AcDbEntity
  8
0
 62
1
100
AcDbText
 10
470055.26012912515
 20
4349640.8691238845
 30
0.0
 40
0.1333
  1
1.74
  7
CN_TTF
 11
470055.26012912515
 21
4349640.8691238845
 31
0.0
100
AcDbText
  0
LWPOLYLINE
  5
118
330
17
100
AcDbEntity
  8
爆区方格网
 62
1
100
AcDbPolyline
 90
5
 70
1
 10
470054.9201291251
 20
4349641.439123885
 10
470054.9201291251
 20
4349642.439123885
 10
470055.9201291251
 20
4349642.439123885
 10
470055.9201291251
 20
4349641.439123885
 10
470054.9201291251
 20
4349641.439123885
  0
TEXT
  5
119
330
17
100
AcDbEntity
  8
0
 62
1
100
AcDbText
 10
470055.26012912515
 20
4349641.8691238845
 30
0.0
 40
0.1333
  1
1.74
  7
CN_TTF
 11
470055.26012912515
 21
4349641.8691238845
 31
0.0
100
AcDbText
  0
LWPOLYLINE
  5
11A
330
17
100
AcDbEntity
  8
爆区方格网
 62
1
100
AcDbPolyline
 90
5
 70
1
 10
470054.9201291251
 20
4349642.439123885
 10
470054.9201291251
 20
4349643.439123885
 10
470055.9201291251
 20
4349643.439123885
 10
470055.9201291251
 20
4349642.439123885
 10
470054.9201291251
 20
4349642.439123885
  0
TEXT
  5
11B
330
17
100
AcDbEntity
  8
0
 62
1
100
AcDbText
 10
470055.26012912515
 20
4349642.8691238845
 30
0.0
 40
0.1333
  1
1.74
  7
CN_TTF
 11
470055.26012912515
 21
4349642.8691238845
 31
0.0
100
AcDbText
  0
LWPOLYLINE
  5
11C
330
17
100
AcDbEntity
  8
爆区方格网
 62
1
100
AcDbPolyline
 90
6
 70
1
 10
470055.9201291251
 20
4349643.439123885
 10
470054.9201291251
 20
4349643.439123885
 10
470054.9201291251
 20
4349644.439123885
 10
470054.9359671848
 20
4349644.439123885
 10
470055.9201291251
 20
4349643.456105986
 10
470055.9201291251
 20
4349643.439123885
  0
TEXT
  5
11D
330
17
100
AcDbEntity
  8
0
 62
1
100
AcDbText
 10
470055.01408864005
 20
4349643.877614935
 30
0.0
 40
0.1333
  1
1.74
  7
CN_TTF
 11
470055.01408864005
 21
4349643.877614935
 31
0.0
100
AcDbText
  0
LWPOLYLINE
  5
11E
330
17
100
AcDbEntity
  8
爆区方格网
 62
1
100
AcDbPolyline
 90
6
 70
1
 10
470055.9201291251
 20
4349639.439123885
 10
470056.9201291251
 20
4349639.439123885
 10
470056.9201291251
 20
4349638.940265968
 10
470056.40958120435
 20
4349638.895740846
 10
470055.9201291251
 20
4349638.853055502
 10
470055.9201291251
 20
4349639.439123885
  0
TEXT
  5
11F
330
17
100
AcDbEntity
  8
0
 62
1
100
AcDbText
 10
470056.26012912515
 20
4349639.119694926
 30
0.0
 40
0.1333
  1
1.74
  7
CN_TTF
 11
470056.26012912515
 21
4349639.119694926
 31
0.0
100
AcDbText
  0
LWPOLYLINE
  5
120
330
17
100
AcDbEntity
  8
爆区方格网
 62
1
100
AcDbPolyline
 90
5
 70
1
 10
470055.9201291251
 20
4349639.439123885
 10
470055.9201291251
 20
4349640.439123885
 10
470056.9201291251
 20
4349640.439123885
 10
470056.9201291251
 20
4349639.439123885
 10
470055.9201291251
 20
4349639.439123885
  0
TEXT
  5
121
330
17
100
AcDbEntity
  8
0
 62
1
100
AcDbText
 10
470056.26012912515
 20
4349639.8691238845
 30
0.0
 40
0.1333
  1
1.74
  7
CN_TTF
 11
470056.26012912515
 21
4349639.8691238845
 31
0.0
100
AcDbText
  0
LWPOLYLINE
  5
122
330
17
100
AcDbEntity
  8
爆区方格网
 62
1
100
AcDbPolyline
 90
5
 70
1
 10
470055.9201291251
 20
4349640.439123885
 10
470055.9201291251
 20
4349641.439123885
 10
470056.9201291251
 20
4349641.439123885
 10
470056.9201291251
 20
4349640.439123885
 10
470055.9201291251
 20
4349640.439123885
  0
TEXT
  5
123
330
17
100
AcDbEntity
  8
0
 62
1
100
AcDbText
 10
470056.26012912515
 20
4349640.8691238845
 30
0.0
 40
0.1333
  1
1.74
  7
CN_TTF
 11
470056.26012912515
 21
4349640.8691238845
 31
0.0
100
AcDbText
  0
LWPOLYLINE
  5
124
330
17
100
AcDbEntity
  8
爆区方格网
 62
1
100
AcDbPolyline
 90
5
 70
1
 10
470055.9201291251
 20
4349641.439123885
 10
470055.9201291251
 20
4349642.439123885
 10
470056.9201291251
 20
4349642.439123885
 10
470056.9201291251
 20
4349641.439123885
 10
470055.9201291251
 20
4349641.439123885
  0
TEXT
  5
125
330
17
100
AcDbEntity
  8
0
 62
1
100
AcDbText
 10
470056.26012912515
 20
4349641.8691238845
 30
0.0
 40
0.1333
  1
1.74
  7
CN_TTF
 11
470056.26012912515
 21
4349641.8691238845
 31
0.0
100
AcDbText
  0
LWPOLYLINE
  5
126
330
17
100
AcDbEntity
  8
爆区方格网
 62
1
100
AcDbPolyline
 90
7
 70
1
 10
470056.9201291251
 20
4349642.439123885
 10
470055.9201291251
 20
4349642.439123885
 10
470055.9201291251
 20
4349643.439123885
 10
470055.9371309902
 20
4349643.439123885
 10
470056.148
 20
4349643.2285
 10
470056.9201291251
 20
4349643.317860555
 10
470056.9201291251
 20
4349642.439123885
  0
TEXT
  5
127
330
17
100
AcDbEntity
  8
0
 62
1
100
AcDbText
 10
470056.26012912515
 20
4349642.763811942
 30
0.0
 40
0.1333
  1
1.74
  7
CN_TTF
 11
470056.26012912515
 21
4349642.763811942
 31
0.0
100
AcDbText
  0
LWPOLYLINE
  5
128
330
17
100
AcDbEntity
  8
爆区方格网
 62
1
100
AcDbPolyline
 90
5
 70
1
 10
470056.9201291251
 20
4349639.439123885
 10
470056.9201291251
 20
4349640.439123885
 10
470057.9201291251
 20
4349640.439123885
 10
470057.9201291251
 20
4349639.439123885
 10
470056.9201291251
 20
4349639.439123885
  0
TEXT
  5
129
330
17
100
AcDbEntity
  8
0
 62
1
100
AcDbText
 10
470057.26012912515
 20
4349639.8691238845
 30
0.0
 40
0.1333
  1
1.74
  7
CN_TTF
 11
470057.26012912515
 21
4349639.8691238845
 31
0.0
100
AcDbText
  0
LWPOLYLINE
  5
12A
330
17
100
AcDbEntity
  8
爆区方格网
 62
1
100
AcDbPolyline
 90
5
 70
1
 10
470056.9201291251
 20
4349640.439123885
 10
470056.9201291251
 20
4349641.439123885
 10
470057.9201291251
 20
4349641.439123885
 10
470057.9201291251
 20
4349640.439123885
 10
470056.9201291251
 20
4349640.439123885
  0
TEXT
  5
12B
330
17
100
AcDbEntity
  8
0
 62
1
100
AcDbText
 10
470057.26012912515
 20
4349640.8691238845
 30
0.0
 40
0.1333
  1
1.74
  7
CN_TTF
 11
470057.26012912515
 21
4349640.8691238845
 31
0.0
100
AcDbText
  0
LWPOLYLINE
  5
12C
330
17
100
AcDbEntity
  8
爆区方格网
 62
1
100
AcDbPolyline
 90
5
 70
1
 10
470056.9201291251
 20
4349641.439123885
 10
470056.9201291251
 20
4349642.439123885
 10
470057.9201291251
 20
4349642.439123885
 10
470057.9201291251
 20
4349641.439123885
 10
470056.9201291251
 20
4349641.439123885
  0
TEXT
  5
12D
330
17
100
AcDbEntity
  8
0
 62
1
100
AcDbText
 10
470057.26012912515
 20
4349641.8691238845
 30
0.0
 40
0.1333
  1
1.74
  7
CN_TTF
 11
470057.26012912515
 21
4349641.8691238845
 31
0.0
100
AcDbText
  0
LWPOLYLINE
  5
12E
330
17
100
AcDbEntity
  8
爆区方格网
 62
1
100
AcDbPolyline
 90
6
 70
1
 10
470057.9201291251
 20
4349642.439123885
 10
470056.9201291251
 20
4349642.439123885
 10
470056.9201291251
 20
4349643.317860555
 10
470057.88592355023
 20
4349643.429634509
 10
470057.9201291251
 20
4349643.433593211
 10
470057.9201291251
 20
4349642.439123885
  0
TEXT
  5
12F
330
17
100
AcDbEntity
  8
0
 62
1
100
AcDbText
 10
470057.26012912515
 20
4349642.808492219
 30
0.0
 40
0.1333
  1
1.74
  7
CN_TTF
 11
470057.26012912515
 21
4349642.808492219
 31
0.0
100
AcDbText
  0
LWPOLYLINE
  5
130
330
17
100
AcDbEntity
  8
爆区方格网
 62
1
100
AcDbPolyline
 90
5
 70
1
 10
470057.9201291251
 20
4349639.439123885
 10
470057.9201291251
 20
4349640.439123885
 10
470058.9201291251
 20
4349640.439123885
 10
470058.9201291251
 20
4349639.439123885
 10
470057.9201291251
 20
4349639.439123885
  0
TEXT
  5
131
330
17
100
AcDbEntity
  8
0
 62
1
100
AcDbText
 10
470058.26012912515
 20
4349639.8691238845
 30
0.0
 40
0.1333
  1
1.61
  7
CN_TTF
 11
470058.26012912515
 21
4349639.8691238845
 31
0.0
100
AcDbText
  0
LWPOLYLINE
  5
132
330
17
100
AcDbEntity
  8
爆区方格网
 62
1
100
AcDbPolyline
 90
5
 70
1
 10
470057.9201291251
 20
4349640.439123885
 10
470057.9201291251
 20
4349641.439123885
 10
470058.9201291251
 20
4349641.439123885
 10
470058.9201291251
 20
4349640.439123885
 10
470057.9201291251
 20
4349640.439123885
  0
TEXT
  5
133
330
17
100
AcDbEntity
  8
0
 62
1
100
AcDbText
 10
470058.26012912515
 20
4349640.8691238845
 30
0.0
 40
0.1333
  1
1.61
  7
CN_TTF
 11
470058.26012912515
 21
4349640.8691238845
 31
0.0
100
AcDbText
  0
LWPOLYLINE
  5
134
330
17
100
AcDbEntity
  8
爆区方格网
 62
1
100
AcDbPolyline
 90
5
 70
1
 10
470057.9201291251
 20
4349641.439123885
 10
470057.9201291251
 20
4349642.439123885
 10
470058.9201291251
 20
4349642.439123885
 10
470058.9201291251
 20
4349641.439123885
 10
470057.9201291251
 20
4349641.439123885
  0
TEXT
  5
135
330
17
100
AcDbEntity
  8
0
 62
1
100
AcDbText
 10
470058.26012912515
 20
4349641.8691238845
 30
0.0
 40
0.1333
  1
1.61
  7
CN_TTF
 11
470058.26012912515
 21
4349641.8691238845
 31
0.0
100
AcDbText
  0
LWPOLYLINE
  5
136
330
17
100
AcDbEntity
  8
爆区方格网
 62
1
100
AcDbPolyline
 90
6
 70
1
 10
470058.9201291251
 20
4349643.439123885
 10
470058.9201291251
 20
4349642.439123885
 10
470057.9201291251
 20
4349642.439123885
 10
470057.9201291251
 20
4349643.433593211
 10
470057.9679174874
 20
4349643.439123885
 10
470058.9201291251
 20
4349643.439123885
  0
TEXT
  5
137
330
17
100
AcDbEntity
  8
0
 62
1
100
AcDbText
 10
470058.26012912515
 20
4349642.8663585475
 30
0.0
 40
0.1333
  1
1.61
  7
CN_TTF
 11
470058.26012912515
 21
4349642.8663585475
 31
0.0
100
AcDbText
  0
LWPOLYLINE
  5
138
330
17
100
AcDbEntity
  8
爆区方格网
 62
1
100
AcDbPolyline
 90
5
 70
1
 10
470058.9201291251
 20
4349639.439123885
 10
470058.9201291251
 20
4349640.439123885
 10
470059.9201291251
 20
4349640.439123885
 10
470059.9201291251
 20
4349639.439123885
 10
470058.9201291251
 20
4349639.439123885
  0
TEXT
  5
139
330
17
100
AcDbEntity
  8
0
 62
1
100
AcDbText
 10
470059.26012912515
 20
4349639.8691238845
 30
0.0
 40
0.1333
  1
1.61
  7
CN_TTF
 11
470059.26012912515
 21
4349639.8691238845
 31
0.0
100
AcDbText
  0
LWPOLYLINE
  5
13A
330
17
100
AcDbEntity
  8
爆区方格网
 62
1
100
AcDbPolyline
 90
5
 70
1
 10
470058.9201291251
 20
4349640.439123885
 10
470058.9201291251
 20
4349641.439123885
 10
470059.9201291251
 20
4349641.439123885
 10
470059.9201291251
 20
4349640.439123885
 10
470058.9201291251
 20
4349640.439123885
  0
TEXT
  5
13B
330
17
100
AcDbEntity
  8
0
 62
1
100
AcDbText
 10
470059.26012912515
 20
4349640.8691238845
 30
0.0
 40
0.1333
  1
1.61
  7
CN_TTF
 11
470059.26012912515
 21
4349640.8691238845
 31
0.0
100
AcDbText
  0
LWPOLYLINE
  5
13C
330
17
100
AcDbEntity
  8
爆区方格网
 62
1
100
AcDbPolyline
 90
5
 70
1
 10
470058.9201291251
 20
4349641.439123885
 10
470058.9201291251
 20
4349642.439123885
 10
470059.9201291251
 20
4349642.439123885
 10
470059.9201291251
 20
4349641.439123885
 10
470058.9201291251
 20
4349641.439123885
  0
TEXT
  5
13D
330
17
100
AcDbEntity
  8
0
 62
1
100
AcDbText
 10
470059.26012912515
 20
4349641.8691238845
 30
0.0
 40
0.1333
  1
1.61
  7
CN_TTF
 11
470059.26012912515
 21
4349641.8691238845
 31
0.0
100
AcDbText
  0
LWPOLYLINE
  5
13E
330
17
100
AcDbEntity
  8
爆区方格网
 62
1
100
AcDbPolyline
 90
5
 70
1
 10
470058.9201291251
 20
4349642.439123885
 10
470058.9201291251
 20
4349643.439123885
 10
470059.9201291251
 20
4349643.439123885
 10
470059.9201291251
 20
4349642.439123885
 10
470058.9201291251
 20
4349642.439123885
  0
TEXT
  5
13F
330
17
100
AcDbEntity
  8
0
 62
1
100
AcDbText
 10
470059.26012912515
 20
4349642.8691238845
 30
0.0
 40
0.1333
  1
1.61
  7
CN_TTF
 11
470059.26012912515
 21
4349642.8691238845
 31
0.0
100
AcDbText
  0
LWPOLYLINE
  5
140
330
17
100
AcDbEntity
  8
爆区方格网
 62
1
100
AcDbPolyline
 90
5
 70
1
 10
470059.9201291251
 20
4349639.439123885
 10
470059.9201291251
 20
4349640.439123885
 10
470060.9201291251
 20
4349640.439123885
 10
470060.9201291251
 20
4349639.439123885
 10
470059.9201291251
 20
4349639.439123885
  0
TEXT
  5
141
330
17
100
AcDbEntity
  8
0
 62
1
100
AcDbText
 10
470060.26012912515
 20
4349639.8691238845
 30
0.0
 40
0.1333
  1
1.61
  7
CN_TTF
 11
470060.26012912515
 21
4349639.8691238845
 31
0.0
100
AcDbText
  0
LWPOLYLINE
  5
142
330
17
100
AcDbEntity
  8
爆区方格网
 62
1
100
AcDbPolyline
 90
5
 70
1
 10
470059.9201291251
 20
4349640.439123885
 10
470059.9201291251
 20
4349641.439123885
 10
470060.9201291251
 20
4349641.439123885
 10
470060.9201291251
 20
4349640.439123885
 10
470059.9201291251
 20
4349640.439123885
  0
TEXT
  5
143
330
17
100
AcDbEntity
  8
0
 62
1
100
AcDbText
 10
470060.26012912515
 20
4349640.8691238845
 30
0.0
 40
0.1333
  1
1.61
  7
CN_TTF
 11
470060.26012912515
 21
4349640.8691238845
 31
0.0
100
AcDbText
  0
LWPOLYLINE
  5
144
330
17
100
AcDbEntity
  8
爆区方格网
 62
1
100
AcDbPolyline
 90
5
 70
1
 10
470059.9201291251
 20
4349641.439123885
 10
470059.9201291251
 20
4349642.439123885
 10
470060.9201291251
 20
4349642.439123885
 10
470060.9201291251
 20
4349641.439123885
 10
470059.9201291251
 20
4349641.439123885
  0
TEXT
  5
145
330
17
100
AcDbEntity
  8
0
 62
1
100
AcDbText
 10
470060.26012912515
 20
4349641.8691238845
 30
0.0
 40
0.1333
  1
1.61
  7
CN_TTF
 11
470060.26012912515
 21
4349641.8691238845
 31
0.0
100
AcDbText
  0
LWPOLYLINE
  5
146
330
17
100
AcDbEntity
  8
爆区方格网
 62
1
100
AcDbPolyline
 90
5
 70
1
 10
470059.9201291251
 20
4349642.439123885
 10
470059.9201291251
 20
4349643.439123885
 10
470060.9201291251
 20
4349643.439123885
 10
470060.9201291251
 20
4349642.439123885
 10
470059.9201291251
 20
4349642.439123885
  0
TEXT
  5
147
330
17
100
AcDbEntity
  8
0
 62
1
100
AcDbText
 10
470060.26012912515
 20
4349642.8691238845
 30
0.0
 40
0.1333
  1
1.61
  7
CN_TTF
 11
470060.26012912515
 21
4349642.8691238845
 31
0.0
100
AcDbText
  0
LWPOLYLINE
  5
148
330
17
100
AcDbEntity
  8
爆区方格网
 62
1
100
AcDbPolyline
 90
5
 70
1
 10
470059.9201291251
 20
4349643.439123885
 10
470059.9201291251
 20
4349644.439123885
 10
470060.9201291251
 20
4349644.439123885
 10
470060.9201291251
 20
4349643.439123885
 10
470059.9201291251
 20
4349643.439123885
  0
TEXT
  5
149
330
17
100
AcDbEntity
  8
0
 62
1
100
AcDbText
 10
470060.26012912515
 20
4349643.8691238845
 30
0.0
 40
0.1333
  1
1.61
  7
CN_TTF
 11
470060.26012912515
 21
4349643.8691238845
 31
0.0
100
AcDbText
  0
LWPOLYLINE
  5
14A
330
17
100
AcDbEntity
  8
爆区方格网
 62
1
100
AcDbPolyline
 90
6
 70
1
 10
470060.9201291251
 20
4349645.439123885
 10
470060.9201291251
 20
4349644.439123885
 10
470059.9201291251
 20
4349644.439123885
 10
470059.9201291251
 20
4349644.635551572
 10
470060.4000358655
 20
4349645.439123885
 10
470060.9201291251
 20
4349645.439123885
  0
TEXT
  5
14B
330
17
100
AcDbEntity
  8
0
 62
1
100
AcDbText
 10
470060.38010581007
 20
4349644.967337728
 30
0.0
 40
0.1333
  1
1.61
  7
CN_TTF
 11
470060.38010581007
 21
4349644.967337728
 31
0.0
100
AcDbText
  0
LWPOLYLINE
  5
14C
330
17
100
AcDbEntity
  8
爆区方格网
 62
1
100
AcDbPolyline
 90
5
 70
1
 10
470060.9201291251
 20
4349639.439123885
 10
470060.9201291251
 20
4349640.439123885
 10
470061.9201291251
 20
4349640.439123885
 10
470061.9201291251
 20
4349639.439123885
 10
470060.9201291251
 20
4349639.439123885
  0
TEXT
  5
14D
330
17
100
AcDbEntity
  8
0
 62
1
100
AcDbText
 10
470061.26012912515
 20
4349639.8691238845
 30
0.0
 40
0.1333
  1
1.61
  7
CN_TTF
 11
470061.26012912515
 21
4349639.8691238845
 31
0.0
100
AcDbText
  0
LWPOLYLINE
  5
14E
330
17
100
AcDbEntity
  8
爆区方格网
 62
1
100
AcDbPolyline
 90
5
 70
1
 10
470060.9201291251
 20
4349640.439123885
 10
470060.9201291251
 20
4349641.439123885
 10
470061.9201291251
 20
4349641.439123885
 10
470061.9201291251
 20
4349640.439123885
 10
470060.9201291251
 20
4349640.439123885
  0
TEXT
  5
14F
330
17
100
AcDbEntity
  8
0
 62
1
100
AcDbText
 10
470061.26012912515
 20
4349640.8691238845
 30
0.0
 40
0.1333
  1
1.61
  7
CN_TTF
 11
470061.26012912515
 21
4349640.8691238845
 31
0.0
100
AcDbText
  0
LWPOLYLINE
  5
150
330
17
100
AcDbEntity
  8
爆区方格网
 62
1
100
AcDbPolyline
 90
5
 70
1
 10
470060.9201291251
 20
4349641.439123885
 10
470060.9201291251
 20
4349642.439123885
 10
470061.9201291251
 20
4349642.439123885
 10
470061.9201291251
 20
4349641.439123885
 10
470060.9201291251
 20
4349641.439123885
  0
TEXT
  5
151
330
17
100
AcDbEntity
  8
0
 62
1
100
AcDbText
 10
470061.26012912515
 20
4349641.8691238845
 30
0.0
 40
0.1333
  1
1.61
  7
CN_TTF
 11
470061.26012912515
 21
4349641.8691238845
 31
0.0
100
AcDbText
  0
LWPOLYLINE
  5
152
330
17
100
AcDbEntity
  8
爆区方格网
 62
1
100
AcDbPolyline
 90
5
 70
1
 10
470060.9201291251
 20
4349642.439123885
 10
470060.9201291251
 20
4349643.439123885
 10
470061.9201291251
 20
4349643.439123885
 10
470061.9201291251
 20
4349642.439123885
 10
470060.9201291251
 20
4349642.439123885
  0
TEXT
  5
153
330
17
100
AcDbEntity
  8
0
 62
1
100
AcDbText
 10
470061.26012912515
 20
4349642.8691238845
 30
0.0
 40
0.1333
  1
1.61
  7
CN_TTF
 11
470061.26012912515
 21
4349642.8691238845
 31
0.0
100
AcDbText
  0
LWPOLYLINE
  5
154
330
17
100
AcDbEntity
  8
爆区方格网
 62
1
100
AcDbPolyline
 90
5
 70
1
 10
470060.9201291251
 20
4349643.439123885
 10
470060.9201291251
 20
4349644.439123885
 10
470061.9201291251
 20
4349644.439123885
 10
470061.9201291251
 20
4349643.439123885
 10
470060.9201291251
 20
4349643.439123885
  0
TEXT
  5
155
330
17
100
AcDbEntity
  8
0
 62
1
100
AcDbText
 10
470061.26012912515
 20
4349643.8691238845
 30
0.0
 40
0.1333
  1
1.61
  7
CN_TTF
 11
470061.26012912515
 21
4349643.8691238845
 31
0.0
100
AcDbText
  0
LWPOLYLINE
  5
156
330
17
100
AcDbEntity
  8
爆区方格网
 62
1
100
AcDbPolyline
 90
5
 70
1
 10
470060.9201291251
 20
4349644.439123885
 10
470060.9201291251
 20
4349645.439123885
 10
470061.9201291251
 20
4349645.439123885
 10
470061.9201291251
 20
4349644.439123885
 10
470060.9201291251
 20
4349644.439123885
  0
TEXT
  5
157
330
17
100
AcDbEntity
  8
0
 62
1
100
AcDbText
 10
470061.26012912515
 20
4349644.8691238845
 30
0.0
 40
0.1333
  1
1.61
  7
CN_TTF
 11
470061.26012912515
 21
4349644.8691238845
 31
0.0
100
AcDbText
  0
LWPOLYLINE
  5
158
330
17
100
AcDbEntity
  8
爆区方格网
 62
1
100
AcDbPolyline
 90
7
 70
1
 10
470061.9201291251
 20
4349646.439123885
 10
470061.9201291251
 20
4349645.439123885
 10
470060.9201291251
 20
4349645.439123885
 10
470060.9201291251
 20
4349646.212027867
 10
470060.9935148094
 20
4349646.284328606
 10
470061.1506329466
 20
4349646.439123885
 10
470061.9201291251
 20
4349646.439123885
  0
TEXT
  5
159
330
17
100
AcDbEntity
  8
0
 62
1
100
AcDbText
 10
470061.26012912515
 20
4349645.755575876
 30
0.0
 40
0.1333
  1
1.61
  7
CN_TTF
 11
470061.26012912515
 21
4349645.755575876
 31
0.0
100
AcDbText
  0
LWPOLYLINE
  5
15A
330
17
100
AcDbEntity
  8
爆区方格网
 62
1
100
AcDbPolyline
 90
7
 70
1
 10
470061.9201291251
 20
4349639.439123885
 10
470061.9201291251
 20
4349640.439123885
 10
470062.9201291251
 20
4349640.439123885
 10
470062.9201291251
 20
4349639.463528761
 10
470062.8235468844
 20
4349639.455105779
 10
470062.6402902774
 20
4349639.439123885
 10
470061.9201291251
 20
4349639.439123885
  0
TEXT
  5
15B
330
17
100
AcDbEntity
  8
0
 62
1
100
AcDbText
 10
470062.26012912515
 20
4349639.881326322
 30
0.0
 40
0.1333
  1
1.61
  7
CN_TTF
 11
470062.26012912515
 21
4349639.881326322
 31
0.0
100
AcDbText
  0
LWPOLYLINE
  5
15C
330
17
100
AcDbEntity
  8
爆区方格网
 62
1
100
AcDbPolyline
 90
5
 70
1
 10
470061.9201291251
 20
4349640.439123885
 10
470061.9201291251
 20
4349641.439123885
 10
470062.9201291251
 20
4349641.439123885
 10
470062.9201291251
 20
4349640.439123885
 10
470061.9201291251
 20
4349640.439123885
  0
TEXT
  5
15D
330
17
100
AcDbEntity
  8
0
 62
1
100
AcDbText
 10
470062.26012912515
 20
4349640.8691238845
 30
0.0
 40
0.1333
  1
1.61
  7
CN_TTF
 11
470062.26012912515
 21
4349640.8691238845
 31
0.0
100
AcDbText
  0
LWPOLYLINE
  5
15E
330
17
100
AcDbEntity
  8
爆区方格网
 62
1
100
AcDbPolyline
 90
5
 70
1
 10
470061.9201291251
 20
4349641.439123885
 10
470061.9201291251
 20
4349642.439123885
 10
470062.9201291251
 20
4349642.439123885
 10
470062.9201291251
 20
4349641.439123885
 10
470061.9201291251
 20
4349641.439123885
  0
TEXT
  5
15F
330
17
100
AcDbEntity
  8
0
 62
1
100
AcDbText
 10
470062.26012912515
 20
4349641.8691238845
 30
0.0
 40
0.1333
  1
1.61
  7
CN_TTF
 11
470062.26012912515
 21
4349641.8691238845
 31
0.0
100
AcDbText
  0
LWPOLYLINE
  5
160
330
17
100
AcDbEntity
  8
爆区方格网
 62
1
100
AcDbPolyline
 90
5
 70
1
 10
470061.9201291251
 20
4349642.439123885
 10
470061.9201291251
 20
4349643.439123885
 10
470062.9201291251
 20
4349643.439123885
 10
470062.9201291251
 20
4349642.439123885
 10
470061.9201291251
 20
4349642.439123885
  0
TEXT
  5
161
330
17
100
AcDbEntity
  8
0
 62
1
100
AcDbText
 10
470062.26012912515
 20
4349642.8691238845
 30
0.0
 40
0.1333
  1
1.61
  7
CN_TTF
 11
470062.26012912515
 21
4349642.8691238845
 31
0.0
100
AcDbText
  0
LWPOLYLINE
  5
162
330
17
100
AcDbEntity
  8
爆区方格网
 62
1
100
AcDbPolyline
 90
5
 70
1
 10
470061.9201291251
 20
4349643.439123885
 10
470061.9201291251
 20
4349644.439123885
 10
470062.9201291251
 20
4349644.439123885
 10
470062.9201291251
 20
4349643.439123885
 10
470061.9201291251
 20
4349643.439123885
  0
TEXT
  5
163
330
17
100
AcDbEntity
  8
0
 62
1
100
AcDbText
 10
470062.26012912515
 20
4349643.8691238845
 30
0.0
 40
0.1333
  1
1.61
  7
CN_TTF
 11
470062.26012912515
 21
4349643.8691238845
 31
0.0
100
AcDbText
  0
LWPOLYLINE
  5
164
330
17
100
AcDbEntity
  8
爆区方格网
 62
1
100
AcDbPolyline
 90
5
 70
1
 10
470061.9201291251
 20
4349644.439123885
 10
470061.9201291251
 20
4349645.439123885
 10
470062.9201291251
 20
4349645.439123885
 10
470062.9201291251
 20
4349644.439123885
 10
470061.9201291251
 20
4349644.439123885
  0
TEXT
  5
165
330
17
100
AcDbEntity
  8
0
 62
1
100
AcDbText
 10
470062.26012912515
 20
4349644.8691238845
 30
0.0
 40
0.1333
  1
1.55
  7
CN_TTF
 11
470062.26012912515
 21
4349644.8691238845
 31
0.0
100
AcDbText
  0
LWPOLYLINE
  5
166
330
17
100
AcDbEntity
  8
爆区方格网
 62
1
100
AcDbPolyline
 90
5
 70
1
 10
470061.9201291251
 20
4349645.439123885
 10
470061.9201291251
 20
4349646.439123885
 10
470062.9201291251
 20
4349646.439123885
 10
470062.9201291251
 20
4349645.439123885
 10
470061.9201291251
 20
4349645.439123885
  0
TEXT
  5
167
330
17
100
AcDbEntity
  8
0
 62
1
100
AcDbText
 10
470062.26012912515
 20
4349645.8691238845
 30
0.0
 40
0.1333
  1
1.55
  7
CN_TTF
 11
470062.26012912515
 21
4349645.8691238845
 31
0.0
100
AcDbText
  0
LWPOLYLINE
  5
168
330
17
100
AcDbEntity
  8
爆区方格网
 62
1
100
AcDbPolyline
 90
6
 70
1
 10
470062.9201291251
 20
4349647.439123885
 10
470062.9201291251
 20
4349646.439123885
 10
470061.9201291251
 20
4349646.439123885
 10
470061.9201291251
 20
4349647.197243716
 10
470062.16563894914
 20
4349647.439123885
 10
470062.9201291251
 20
4349647.439123885
  0
TEXT
  5
169
330
17
100
AcDbEntity
  8
0
 62
1
100
AcDbText
 10
470062.26012912515
 20
4349646.7481838
 30
0.0
 40
0.1333
  1
1.55
  7
CN_TTF
 11
470062.26012912515
 21
4349646.7481838
 31
0.0
100
AcDbText
  0
LWPOLYLINE
  5
16A
330
17
100
AcDbEntity
  8
爆区方格网
 62
1
100
AcDbPolyline
 90
5
 70
1
 10
470062.9201291251
 20
4349640.439123885
 10
470063.9201291251
 20
4349640.439123885
 10
470063.9201291251
 20
4349639.550739227
 10
470062.9201291251
 20
4349639.463528761
 10
470062.9201291251
 20
4349640.439123885
  0
TEXT
  5
16B
330
17
100
AcDbEntity
  8
0
 62
1
100
AcDbText
 10
470063.26012912515
 20
4349639.924931556
 30
0.0
 40
0.1333
  1
1.61
  7
CN_TTF
 11
470063.26012912515
 21
4349639.924931556
 31
0.0
100
AcDbText
  0
LWPOLYLINE
  5
16C
330
17
100
AcDbEntity
  8
爆区方格网
 62
1
100
AcDbPolyline
 90
5
 70
1
 10
470062.9201291251
 20
4349640.439123885
 10
470062.9201291251
 20
4349641.439123885
 10
470063.9201291251
 20
4349641.439123885
 10
470063.9201291251
 20
4349640.439123885
 10
470062.9201291251
 20
4349640.439123885
  0
TEXT
  5
16D
330
17
100
AcDbEntity
  8
0
 62
1
100
AcDbText
 10
470063.26012912515
 20
4349640.8691238845
 30
0.0
 40
0.1333
  1
1.61
  7
CN_TTF
 11
470063.26012912515
 21
4349640.8691238845
 31
0.0
100
AcDbText
  0
LWPOLYLINE
  5
16E
330
17
100
AcDbEntity
  8
爆区方格网
 62
1
100
AcDbPolyline
 90
5
 70
1
 10
470062.9201291251
 20
4349641.439123885
 10
470062.9201291251
 20
4349642.439123885
 10
470063.9201291251
 20
4349642.439123885
 10
470063.9201291251
 20
4349641.439123885
 10
470062.9201291251
 20
4349641.439123885
  0
TEXT
  5
16F
330
17
100
AcDbEntity
  8
0
 62
1
100
AcDbText
 10
470063.26012912515
 20
4349641.8691238845
 30
0.0
 40
0.1333
  1
1.61
  7
CN_TTF
 11
470063.26012912515
 21
4349641.8691238845
 31
0.0
100
AcDbText
  0
LWPOLYLINE
  5
170
330
17
100
AcDbEntity
  8
爆区方格网
 62
1
100
AcDbPolyline
 90
5
 70
1
 10
470062.9201291251
 20
4349642.439123885
 10
470062.9201291251
 20
4349643.439123885
 10
470063.9201291251
 20
4349643.439123885
 10
470063.9201291251
 20
4349642.439123885
 10
470062.9201291251
 20
4349642.439123885
  0
TEXT
  5
171
330
17
100
AcDbEntity
  8
0
 62
1
100
AcDbText
 10
470063.26012912515
 20
4349642.8691238845
 30
0.0
 40
0.1333
  1
1.61
  7
CN_TTF
 11
470063.26012912515
 21
4349642.8691238845
 31
0.0
100
AcDbText
  0
LWPOLYLINE
  5
172
330
17
100
AcDbEntity
  8
爆区方格网
 62
1
100
AcDbPolyline
 90
5
 70
1
 10
470062.9201291251
 20
4349643.439123885
 10
470062.9201291251
 20
4349644.439123885
 10
470063.9201291251
 20
4349644.439123885
 10
470063.9201291251
 20
4349643.439123885
 10
470062.9201291251
 20
4349643.439123885
  0
TEXT
  5
173
330
17
100
AcDbEntity
  8
0
 62
1
100
AcDbText
 10
470063.26012912515
 20
4349643.8691238845
 30
0.0
 40
0.1333
  1
1.55
  7
CN_TTF
 11
470063.26012912515
 21
4349643.8691238845
 31
0.0
100
AcDbText
  0
LWPOLYLINE
  5
174
330
17
100
AcDbEntity
  8
爆区方格网
 62
1
100
AcDbPolyline
 90
5
 70
1
 10
470062.9201291251
 20
4349644.439123885
 10
470062.9201291251
 20
4349645.439123885
 10
470063.9201291251
 20
4349645.439123885
 10
470063.9201291251
 20
4349644.439123885
 10
470062.9201291251
 20
4349644.439123885
  0
TEXT
  5
175
330
17
100
AcDbEntity
  8
0
 62
1
100
AcDbText
 10
470063.26012912515
 20
4349644.8691238845
 30
0.0
 40
0.1333
  1
1.55
  7
CN_TTF
 11
470063.26012912515
 21
4349644.8691238845
 31
0.0
100
AcDbText
  0
LWPOLYLINE
  5
176
330
17
100
AcDbEntity
  8
爆区方格网
 62
1
100
AcDbPolyline
 90
5
 70
1
 10
470062.9201291251
 20
4349645.439123885
 10
470062.9201291251
 20
4349646.439123885
 10
470063.9201291251
 20
4349646.439123885
 10
470063.9201291251
 20
4349645.439123885
 10
470062.9201291251
 20
4349645.439123885
  0
TEXT
  5
177
330
17
100
AcDbEntity
  8
0
 62
1
100
AcDbText
 10
470063.26012912515
 20
4349645.8691238845
 30
0.0
 40
0.1333
  1
1.55
  7
CN_TTF
 11
470063.26012912515
 21
4349645.8691238845
 31
0.0
100
AcDbText
  0
LWPOLYLINE
  5
178
330
17
100
AcDbEntity
  8
爆区方格网
 62
1
100
AcDbPolyline
 90
5
 70
1
 10
470062.9201291251
 20
4349646.439123885
 10
470062.9201291251
 20
4349647.439123885
 10
470063.9201291251
 20
4349647.439123885
 10
470063.9201291251
 20
4349646.439123885
 10
470062.9201291251
 20
4349646.439123885
  0
TEXT
  5
179
330
17
100
AcDbEntity
  8
0
 62
1
100
AcDbText
 10
470063.26012912515
 20
4349646.8691238845
 30
0.0
 40
0.1333
  1
1.55
  7
CN_TTF
 11
470063.26012912515
 21
4349646.8691238845
 31
0.0
100
AcDbText
  0
LWPOLYLINE
  5
17A
330
17
100
AcDbEntity
  8
爆区方格网
 62
1
100
AcDbPolyline
 90
5
 70
1
 10
470063.9201291251
 20
4349640.439123885
 10
470064.9201291251
 20
4349640.439123885
 10
470064.9201291251
 20
4349639.637949692
 10
470063.9201291251
 20
4349639.550739227
 10
470063.9201291251
 20
4349640.439123885
  0
TEXT
  5
17B
330
17
100
AcDbEntity
  8
0
 62
1
100
AcDbText
 10
470064.26012912515
 20
4349639.968536789
 30
0.0
 40
0.1333
  1
1.61
  7
CN_TTF
 11
470064.26012912515
 21
4349639.968536789
 31
0.0
100
AcDbText
  0
LWPOLYLINE
  5
17C
330
17
100
AcDbEntity
  8
爆区方格网
 62
1
100
AcDbPolyline
 90
5
 70
1
 10
470063.9201291251
 20
4349640.439123885
 10
470063.9201291251
 20
4349641.439123885
 10
470064.9201291251
 20
4349641.439123885
 10
470064.9201291251
 20
4349640.439123885
 10
470063.9201291251
 20
4349640.439123885
  0
TEXT
  5
17D
330
17
100
AcDbEntity
  8
0
 62
1
100
AcDbText
 10
470064.26012912515
 20
4349640.8691238845
 30
0.0
 40
0.1333
  1
1.61
  7
CN_TTF
 11
470064.26012912515
 21
4349640.8691238845
 31
0.0
100
AcDbText
  0
LWPOLYLINE
  5
17E
330
17
100
AcDbEntity
  8
爆区方格网
 62
1
100
AcDbPolyline
 90
5
 70
1
 10
470063.9201291251
 20
4349641.439123885
 10
470063.9201291251
 20
4349642.439123885
 10
470064.9201291251
 20
4349642.439123885
 10
470064.9201291251
 20
4349641.439123885
 10
470063.9201291251
 20
4349641.439123885
  0
TEXT
  5
17F
330
17
100
AcDbEntity
  8
0
 62
1
100
AcDbText
 10
470064.26012912515
 20
4349641.8691238845
 30
0.0
 40
0.1333
  1
1.61
  7
CN_TTF
 11
470064.26012912515
 21
4349641.8691238845
 31
0.0
100
AcDbText
  0
LWPOLYLINE
  5
180
330
17
100
AcDbEntity
  8
爆区方格网
 62
1
100
AcDbPolyline
 90
5
 70
1
 10
470063.9201291251
 20
4349642.439123885
 10
470063.9201291251
 20
4349643.439123885
 10
470064.9201291251
 20
4349643.439123885
 10
470064.9201291251
 20
4349642.439123885
 10
470063.9201291251
 20
4349642.439123885
  0
TEXT
  5
181
330
17
100
AcDbEntity
  8
0
 62
1
100
AcDbText
 10
470064.26012912515
 20
4349642.8691238845
 30
0.0
 40
0.1333
  1
1.55
  7
CN_TTF
 11
470064.26012912515
 21
4349642.8691238845
 31
0.0
100
AcDbText
  0
LWPOLYLINE
  5
182
330
17
100
AcDbEntity
  8
爆区方格网
 62
1
100
AcDbPolyline
 90
5
 70
1
 10
470063.9201291251
 20
4349643.439123885
 10
470063.9201291251
 20
4349644.439123885
 10
470064.9201291251
 20
4349644.439123885
 10
470064.9201291251
 20
4349643.439123885
 10
470063.9201291251
 20
4349643.439123885
  0
TEXT
  5
183
330
17
100
AcDbEntity
  8
0
 62
1
100
AcDbText
 10
470064.26012912515
 20
4349643.8691238845
 30
0.0
 40
0.1333
  1
1.55
  7
CN_TTF
 11
470064.26012912515
 21
4349643.8691238845
 31
0.0
100
AcDbText
  0
LWPOLYLINE
  5
184
330
17
100
AcDbEntity
  8
爆区方格网
 62
1
100
AcDbPolyline
 90
5
 70
1
 10
470063.9201291251
 20
4349644.439123885
 10
470063.9201291251
 20
4349645.439123885
 10
470064.9201291251
 20
4349645.439123885
 10
470064.9201291251
 20
4349644.439123885
 10
470063.9201291251
 20
4349644.439123885
  0
TEXT
  5
185
330
17
100
AcDbEntity
  8
0
 62
1
100
AcDbText
 10
470064.26012912515
 20
4349644.8691238845
 30
0.0
 40
0.1333
  1
1.55
  7
CN_TTF
 11
470064.26012912515
 21
4349644.8691238845
 31
0.0
100
AcDbText
  0
LWPOLYLINE
  5
186
330
17
100
AcDbEntity
  8
爆区方格网
 62
1
100
AcDbPolyline
 90
5
 70
1
 10
470063.9201291251
 20
4349645.439123885
 10
470063.9201291251
 20
4349646.439123885
 10
470064.9201291251
 20
4349646.439123885
 10
470064.9201291251
 20
4349645.439123885
 10
470063.9201291251
 20
4349645.439123885
  0
TEXT
  5
187
330
17
100
AcDbEntity
  8
0
 62
1
100
AcDbText
 10
470064.26012912515
 20
4349645.8691238845
 30
0.0
 40
0.1333
  1
1.55
  7
CN_TTF
 11
470064.26012912515
 21
4349645.8691238845
 31
0.0
100
AcDbText
  0
LWPOLYLINE
  5
188
330
17
100
AcDbEntity
  8
爆区方格网
 62
1
100
AcDbPolyline
 90
5
 70
1
 10
470063.9201291251
 20
4349646.439123885
 10
470063.9201291251
 20
4349647.439123885
 10
470064.9201291251
 20
4349647.439123885
 10
470064.9201291251
 20
4349646.439123885
 10
470063.9201291251
 20
4349646.439123885
  0
TEXT
  5
189
330
17
100
AcDbEntity
  8
0
 62
1
100
AcDbText
 10
470064.26012912515
 20
4349646.8691238845
 30
0.0
 40
0.1333
  1
1.55
  7
CN_TTF
 11
470064.26012912515
 21
4349646.8691238845
 31
0.0
100
AcDbText
  0
LWPOLYLINE
  5
18A
330
17
100
AcDbEntity
  8
爆区方格网
 62
1
100
AcDbPolyline
 90
5
 70
1
 10
470064.9201291251
 20
4349647.439123885
 10
470063.9201291251
 20
4349647.439123885
 10
470063.9201291251
 20
4349647.895713867
 10
470064.9201291251
 20
4349648.004397417
 10
470064.9201291251
 20
4349647.439123885
  0
TEXT
  5
18B
330
17
100
AcDbEntity
  8
0
 62
1
100
AcDbText
 10
470064.26012912515
 20
4349647.597418875
 30
0.0
 40
0.1333
  1
1.55
  7
CN_TTF
 11
470064.26012912515
 21
4349647.597418875
 31
0.0
100
AcDbText
  0
LWPOLYLINE
  5
18C
330
17
100
AcDbEntity
  8
爆区方格网
 62
1
100
AcDbPolyline
 90
6
 70
1
 10
470064.9201291251
 20
4349640.439123885
 10
470065.9201291251
 20
4349640.439123885
 10
470065.9201291251
 20
4349639.725160157
 10
470065.12997213955
 20
4349639.656250199
 10
470064.9201291251
 20
4349639.637949692
 10
470064.9201291251
 20
4349640.439123885
  0
TEXT
  5
18D
330
17
100
AcDbEntity
  8
0
 62
1
100
AcDbText
 10
470065.26012912515
 20
4349640.012142021
 30
0.0
 40
0.1333
  1
2.23
  7
CN_TTF
 11
470065.26012912515
 21
4349640.012142021
 31
0.0
100
AcDbText
  0
LWPOLYLINE
  5
18E
330
17
100
AcDbEntity
  8
爆区方格网
 62
1
100
AcDbPolyline
 90
5
 70
1
 10
470064.9201291251
 20
4349640.439123885
 10
470064.9201291251
 20
4349641.439123885
 10
470065.9201291251
 20
4349641.439123885
 10
470065.9201291251
 20
4349640.439123885
 10
470064.9201291251
 20
4349640.439123885
  0
TEXT
  5
18F
330
17
100
AcDbEntity
  8
0
 62
1
100
AcDbText
 10
470065.26012912515
 20
4349640.8691238845
 30
0.0
 40
0.1333
  1
2.23
  7
CN_TTF
 11
470065.26012912515
 21
4349640.8691238845
 31
0.0
100
AcDbText
  0
LWPOLYLINE
  5
190
330
17
100
AcDbEntity
  8
爆区方格网
 62
1
100
AcDbPolyline
 90
5
 70
1
 10
470064.9201291251
 20
4349641.439123885
 10
470064.9201291251
 20
4349642.439123885
 10
470065.9201291251
 20
4349642.439123885
 10
470065.9201291251
 20
4349641.439123885
 10
470064.9201291251
 20
4349641.439123885
  0
TEXT
  5
191
330
17
100
AcDbEntity
  8
0
 62
1
100
AcDbText
 10
470065.26012912515
 20
4349641.8691238845
 30
0.0
 40
0.1333
  1
2.23
  7
CN_TTF
 11
470065.26012912515
 21
4349641.8691238845
 31
0.0
100
AcDbText
  0
LWPOLYLINE
  5
192
330
17
100
AcDbEntity
  8
爆区方格网
 62
1
100
AcDbPolyline
 90
5
 70
1
 10
470064.9201291251
 20
4349642.439123885
 10
470064.9201291251
 20
4349643.439123885
 10
470065.9201291251
 20
4349643.439123885
 10
470065.9201291251
 20
4349642.439123885
 10
470064.9201291251
 20
4349642.439123885
  0
TEXT
  5
193
330
17
100
AcDbEntity
  8
0
 62
1
100
AcDbText
 10
470065.26012912515
 20
4349642.8691238845
 30
0.0
 40
0.1333
  1
2.23
  7
CN_TTF
 11
470065.26012912515
 21
4349642.8691238845
 31
0.0
100
AcDbText
  0
LWPOLYLINE
  5
194
330
17
100
AcDbEntity
  8
爆区方格网
 62
1
100
AcDbPolyline
 90
5
 70
1
 10
470064.9201291251
 20
4349643.439123885
 10
470064.9201291251
 20
4349644.439123885
 10
470065.9201291251
 20
4349644.439123885
 10
470065.9201291251
 20
4349643.439123885
 10
470064.9201291251
 20
4349643.439123885
  0
TEXT
  5
195
330
17
100
AcDbEntity
  8
0
 62
1
100
AcDbText
 10
470065.26012912515
 20
4349643.8691238845
 30
0.0
 40
0.1333
  1
1.55
  7
CN_TTF
 11
470065.26012912515
 21
4349643.8691238845
 31
0.0
100
AcDbText
  0
LWPOLYLINE
  5
196
330
17
100
AcDbEntity
  8
爆区方格网
 62
1
100
AcDbPolyline
 90
5
 70
1
 10
470064.9201291251
 20
4349644.439123885
 10
470064.9201291251
 20
4349645.439123885
 10
470065.9201291251
 20
4349645.439123885
 10
470065.9201291251
 20
4349644.439123885
 10
470064.9201291251
 20
4349644.439123885
  0
TEXT
  5
197
330
17
100
AcDbEntity
  8
0
 62
1
100
AcDbText
 10
470065.26012912515
 20
4349644.8691238845
 30
0.0
 40
0.1333
  1
1.55
  7
CN_TTF
 11
470065.26012912515
 21
4349644.8691238845
 31
0.0
100
AcDbText
  0
LWPOLYLINE
  5
198
330
17
100
AcDbEntity
  8
爆区方格网
 62
1
100
AcDbPolyline
 90
5
 70
1
 10
470064.9201291251
 20
4349645.439123885
 10
470064.9201291251
 20
4349646.439123885
 10
470065.9201291251
 20
4349646.439123885
 10
470065.9201291251
 20
4349645.439123885
 10
470064.9201291251
 20
4349645.439123885
  0
TEXT
  5
199
330
17
100
AcDbEntity
  8
0
 62
1
100
AcDbText
 10
470065.26012912515
 20
4349645.8691238845
 30
0.0
 40
0.1333
  1
1.55
  7
CN_TTF
 11
470065.26012912515
 21
4349645.8691238845
 31
0.0
100
AcDbText
  0
LWPOLYLINE
  5
19A
330
17
100
AcDbEntity
  8
爆区方格网
 62
1
100
AcDbPolyline
 90
5
 70
1
 10
470064.9201291251
 20
4349646.439123885
 10
470064.9201291251
 20
4349647.439123885
 10
470065.9201291251
 20
4349647.439123885
 10
470065.9201291251
 20
4349646.439123885
 10
470064.9201291251
 20
4349646.439123885
  0
TEXT
  5
19B
330
17
100
AcDbEntity
  8
0
 62
1
100
AcDbText
 10
470065.26012912515
 20
4349646.8691238845
 30
0.0
 40
0.1333
  1
1.55
  7
CN_TTF
 11
470065.26012912515
 21
4349646.8691238845
 31
0.0
100
AcDbText
  0
LWPOLYLINE
  5
19C
330
17
100
AcDbEntity
  8
爆区方格网
 62
1
100
AcDbPolyline
 90
5
 70
1
 10
470065.9201291251
 20
4349647.439123885
 10
470064.9201291251
 20
4349647.439123885
 10
470064.9201291251
 20
4349648.004397417
 10
470065.9201291251
 20
4349648.113080969
 10
470065.9201291251
 20
4349647.439123885
  0
TEXT
  5
19D
330
17
100
AcDbEntity
  8
0
 62
1
100
AcDbText
 10
470065.26012912515
 20
4349647.651760651
 30
0.0
 40
0.1333
  1
1.55
  7
CN_TTF
 11
470065.26012912515
 21
4349647.651760651
 31
0.0
100
AcDbText
  0
LWPOLYLINE
  5
19E
330
17
100
AcDbEntity
  8
爆区方格网
 62
1
100
AcDbPolyline
 90
6
 70
1
 10
470065.9201291251
 20
4349640.439123885
 10
470066.9201291251
 20
4349640.439123885
 10
470066.9201291251
 20
4349639.812370623
 10
470066.5845130091
 20
4349639.783101385
 10
470065.9201291251
 20
4349639.725160157
 10
470065.9201291251
 20
4349640.439123885
  0
TEXT
  5
19F
330
17
100
AcDbEntity
  8
0
 62
1
100
AcDbText
 10
470066.26012912515
 20
4349640.055747254
 30
0.0
 40
0.1333
  1
2.23
  7
CN_TTF
 11
470066.26012912515
 21
4349640.055747254
 31
0.0
100
AcDbText
  0
LWPOLYLINE
  5
1A0
330
17
100
AcDbEntity
  8
爆区方格网
 62
1
100
AcDbPolyline
 90
5
 70
1
 10
470065.9201291251
 20
4349640.439123885
 10
470065.9201291251
 20
4349641.439123885
 10
470066.9201291251
 20
4349641.439123885
 10
470066.9201291251
 20
4349640.439123885
 10
470065.9201291251
 20
4349640.439123885
  0
TEXT
  5
1A1
330
17
100
AcDbEntity
  8
0
 62
1
100
AcDbText
 10
470066.26012912515
 20
4349640.8691238845
 30
0.0
 40
0.1333
  1
2.23
  7
CN_TTF
 11
470066.26012912515
 21
4349640.8691238845
 31
0.0
100
AcDbText
  0
LWPOLYLINE
  5
1A2
330
17
100
AcDbEntity
  8
爆区方格网
 62
1
100
AcDbPolyline
 90
5
 70
1
 10
470065.9201291251
 20
4349641.439123885
 10
470065.9201291251
 20
4349642.439123885
 10
470066.9201291251
 20
4349642.439123885
 10
470066.9201291251
 20
4349641.439123885
 10
470065.9201291251
 20
4349641.439123885
  0
TEXT
  5
1A3
330
17
100
AcDbEntity
  8
0
 62
1
100
AcDbText
 10
470066.26012912515
 20
4349641.8691238845
 30
0.0
 40
0.1333
  1
2.23
  7
CN_TTF
 11
470066.26012912515
 21
4349641.8691238845
 31
0.0
100
AcDbText
  0
LWPOLYLINE
  5
1A4
330
17
100
AcDbEntity
  8
爆区方格网
 62
1
100
AcDbPolyline
 90
5
 70
1
 10
470065.9201291251
 20
4349642.439123885
 10
470065.9201291251
 20
4349643.439123885
 10
470066.9201291251
 20
4349643.439123885
 10
470066.9201291251
 20
4349642.439123885
 10
470065.9201291251
 20
4349642.439123885
  0
TEXT
  5
1A5
330
17
100
AcDbEntity
  8
0
 62
1
100
AcDbText
 10
470066.26012912515
 20
4349642.8691238845
 30
0.0
 40
0.1333
  1
2.23
  7
CN_TTF
 11
470066.26012912515
 21
4349642.8691238845
 31
0.0
100
AcDbText
  0
LWPOLYLINE
  5
1A6
330
17
100
AcDbEntity
  8
爆区方格网
 62
1
100
AcDbPolyline
 90
5
 70
1
 10
470065.9201291251
 20
4349643.439123885
 10
470065.9201291251
 20
4349644.439123885
 10
470066.9201291251
 20
4349644.439123885
 10
470066.9201291251
 20
4349643.439123885
 10
470065.9201291251
 20
4349643.439123885
  0
TEXT
  5
1A7
330
17
100
AcDbEntity
  8
0
 62
1
100
AcDbText
 10
470066.26012912515
 20
4349643.8691238845
 30
0.0
 40
0.1333
  1
2.23
  7
CN_TTF
 11
470066.26012912515
 21
4349643.8691238845
 31
0.0
100
AcDbText
  0
LWPOLYLINE
  5
1A8
330
17
100
AcDbEntity
  8
爆区方格网
 62
1
100
AcDbPolyline
 90
5
 70
1
 10
470065.9201291251
 20
4349644.439123885
 10
470065.9201291251
 20
4349645.439123885
 10
470066.9201291251
 20
4349645.439123885
 10
470066.9201291251
 20
4349644.439123885
 10
470065.9201291251
 20
4349644.439123885
  0
TEXT
  5
1A9
330
17
100
AcDbEntity
  8
0
 62
1
100
AcDbText
 10
470066.26012912515
 20
4349644.8691238845
 30
0.0
 40
0.1333
  1
1.55
  7
CN_TTF
 11
470066.26012912515
 21
4349644.8691238845
 31
0.0
100
AcDbText
  0
LWPOLYLINE
  5
1AA
330
17
100
AcDbEntity
  8
爆区方格网
 62
1
100
AcDbPolyline
 90
5
 70
1
 10
470065.9201291251
 20
4349645.439123885
 10
470065.9201291251
 20
4349646.439123885
 10
470066.9201291251
 20
4349646.439123885
 10
470066.9201291251
 20
4349645.439123885
 10
470065.9201291251
 20
4349645.439123885
  0
TEXT
  5
1AB
330
17
100
AcDbEntity
  8
0
 62
1
100
AcDbText
 10
470066.26012912515
 20
4349645.8691238845
 30
0.0
 40
0.1333
  1
1.55
  7
CN_TTF
 11
470066.26012912515
 21
4349645.8691238845
 31
0.0
100
AcDbText
  0
LWPOLYLINE
  5
1AC
330
17
100
AcDbEntity
  8
爆区方格网
 62
1
100
AcDbPolyline
 90
5
 70
1
 10
470065.9201291251
 20
4349646.439123885
 10
470065.9201291251
 20
4349647.439123885
 10
470066.9201291251
 20
4349647.439123885
 10
470066.9201291251
 20
4349646.439123885
 10
470065.9201291251
 20
4349646.439123885
  0
TEXT
  5
1AD
330
17
100
AcDbEntity
  8
0
 62
1
100
AcDbText
 10
470066.26012912515
 20
4349646.8691238845
 30
0.0
 40
0.1333
  1
1.55
  7
CN_TTF
 11
470066.26012912515
 21
4349646.8691238845
 31
0.0
100
AcDbText
  0
LWPOLYLINE
  5
1AE
330
17
100
AcDbEntity
  8
爆区方格网
 62
1
100
AcDbPolyline
 90
6
 70
1
 10
470066.9201291251
 20
4349647.439123885
 10
470065.9201291251
 20
4349647.439123885
 10
470065.9201291251
 20
4349648.113080969
 10
470066.062
 20
4349648.1285
 10
470066.9201291251
 20
4349648.30564021
 10
470066.9201291251
 20
4349647.439123885
  0
TEXT
  5
1AF
330
17
100
AcDbEntity
  8
0
 62
1
100
AcDbText
 10
470066.26012912515
 20
4349647.706102427
 30
0.0
 40
0.1333
  1
1.55
  7
CN_TTF
 11
470066.26012912515
 21
4349647.706102427
 31
0.0
100
AcDbText
  0
LWPOLYLINE
  5
1B0
330
17
100
AcDbEntity
  8
爆区方格网
 62
1
100
AcDbPolyline
 90
5
 70
1
 10
470066.9201291251
 20
4349640.439123885
 10
470067.9201291251
 20
4349640.439123885
 10
470067.9201291251
 20
4349639.899581089
 10
470066.9201291251
 20
4349639.812370623
 10
470066.9201291251
 20
4349640.439123885
  0
TEXT
  5
1B1
330
17
100
AcDbEntity
  8
0
 62
1
100
AcDbText
 10
470067.26012912515
 20
4349640.099352486
 30
0.0
 40
0.1333
  1
2.23
  7
CN_TTF
 11
470067.26012912515
 21
4349640.099352486
 31
0.0
100
AcDbText
  0
LWPOLYLINE
  5
1B2
330
17
100
AcDbEntity
  8
爆区方格网
 62
1
100
AcDbPolyline
 90
5
 70
1
 10
470066.9201291251
 20
4349640.439123885
 10
470066.9201291251
 20
4349641.439123885
 10
470067.9201291251
 20
4349641.439123885
 10
470067.9201291251
 20
4349640.439123885
 10
470066.9201291251
 20
4349640.439123885
  0
TEXT
  5
1B3
330
17
100
AcDbEntity
  8
0
 62
1
100
AcDbText
 10
470067.26012912515
 20
4349640.8691238845
 30
0.0
 40
0.1333
  1
2.23
  7
CN_TTF
 11
470067.26012912515
 21
4349640.8691238845
 31
0.0
100
AcDbText
  0
LWPOLYLINE
  5
1B4
330
17
100
AcDbEntity
  8
爆区方格网
 62
1
100
AcDbPolyline
 90
5
 70
1
 10
470066.9201291251
 20
4349641.439123885
 10
470066.9201291251
 20
4349642.439123885
 10
470067.9201291251
 20
4349642.439123885
 10
470067.9201291251
 20
4349641.439123885
 10
470066.9201291251
 20
4349641.439123885
  0
TEXT
  5
1B5
330
17
100
AcDbEntity
  8
0
 62
1
100
AcDbText
 10
470067.26012912515
 20
4349641.8691238845
 30
0.0
 40
0.1333
  1
2.23
  7
CN_TTF
 11
470067.26012912515
 21
4349641.8691238845
 31
0.0
100
AcDbText
  0
LWPOLYLINE
  5
1B6
330
17
100
AcDbEntity
  8
爆区方格网
 62
1
100
AcDbPolyline
 90
5
 70
1
 10
470066.9201291251
 20
4349642.439123885
 10
470066.9201291251
 20
4349643.439123885
 10
470067.9201291251
 20
4349643.439123885
 10
470067.9201291251
 20
4349642.439123885
 10
470066.9201291251
 20
4349642.439123885
  0
TEXT
  5
1B7
330
17
100
AcDbEntity
  8
0
 62
1
100
AcDbText
 10
470067.26012912515
 20
4349642.8691238845
 30
0.0
 40
0.1333
  1
2.23
  7
CN_TTF
 11
470067.26012912515
 21
4349642.8691238845
 31
0.0
100
AcDbText
  0
LWPOLYLINE
  5
1B8
330
17
100
AcDbEntity
  8
爆区方格网
 62
1
100
AcDbPolyline
 90
5
 70
1
 10
470066.9201291251
 20
4349643.439123885
 10
470066.9201291251
 20
4349644.439123885
 10
470067.9201291251
 20
4349644.439123885
 10
470067.9201291251
 20
4349643.439123885
 10
470066.9201291251
 20
4349643.439123885
  0
TEXT
  5
1B9
330
17
100
AcDbEntity
  8
0
 62
1
100
AcDbText
 10
470067.26012912515
 20
4349643.8691238845
 30
0.0
 40
0.1333
  1
2.23
  7
CN_TTF
 11
470067.26012912515
 21
4349643.8691238845
 31
0.0
100
AcDbText
  0
LWPOLYLINE
  5
1BA
330
17
100
AcDbEntity
  8
爆区方格网
 62
1
100
AcDbPolyline
 90
5
 70
1
 10
470066.9201291251
 20
4349644.439123885
 10
470066.9201291251
 20
4349645.439123885
 10
470067.9201291251
 20
4349645.439123885
 10
470067.9201291251
 20
4349644.439123885
 10
470066.9201291251
 20
4349644.439123885
  0
TEXT
  5
1BB
330
17
100
AcDbEntity
  8
0
 62
1
100
AcDbText
 10
470067.26012912515
 20
4349644.8691238845
 30
0.0
 40
0.1333
  1
2.23
  7
CN_TTF
 11
470067.26012912515
 21
4349644.8691238845
 31
0.0
100
AcDbText
  0
LWPOLYLINE
  5
1BC
330
17
100
AcDbEntity
  8
爆区方格网
 62
1
100
AcDbPolyline
 90
5
 70
1
 10
470066.9201291251
 20
4349645.439123885
 10
470066.9201291251
 20
4349646.439123885
 10
470067.9201291251
 20
4349646.439123885
 10
470067.9201291251
 20
4349645.439123885
 10
470066.9201291251
 20
4349645.439123885
  0
TEXT
  5
1BD
330
17
100
AcDbEntity
  8
0
 62
1
100
AcDbText
 10
470067.26012912515
 20
4349645.8691238845
 30
0.0
 40
0.1333
  1
1.55
  7
CN_TTF
 11
470067.26012912515
 21
4349645.8691238845
 31
0.0
100
AcDbText
  0
LWPOLYLINE
  5
1BE
330
17
100
AcDbEntity
  8
爆区方格网
 62
1
100
AcDbPolyline
 90
8
 70
1
 10
470067.9201291251
 20
4349646.439123885
 10
470066.9201291251
 20
4349646.439123885
 10
470066.9201291251
 20
4349647.439123885
 10
470067.36506490415
 20
4349647.439123885
 10
470067.48686797166
 20
4349646.647577785
 10
470067.85588596656
 20
4349647.216732589
 10
470067.9201291251
 20
4349647.315818007
 10
470067.9201291251
 20
4349646.439123885
  0
TEXT
  5
1BF
330
17
100
AcDbEntity
  8
0
 62
1
100
AcDbText
 10
470067.0216031715
 20
4349646.862155186
 30
0.0
 40
0.1333
  1
1.55
  7
CN_TTF
 11
470067.0216031715
 21
4349646.862155186
 31
0.0
100
AcDbText
  0
LWPOLYLINE
  5
1C0
330
17
100
AcDbEntity
  8
爆区方格网
 62
1
100
AcDbPolyline
 90
5
 70
1
 10
470067.9201291251
 20
4349640.439123885
 10
470067.9201291251
 20
4349641.439123885
 10
470068.9201291251
 20
4349641.439123885
 10
470068.9201291251
 20
4349640.439123885
 10
470067.9201291251
 20
4349640.439123885
  0
TEXT
  5
1C1
330
17
100
AcDbEntity
  8
0
 62
1
100
AcDbText
 10
470068.26012912515
 20
4349640.8691238845
 30
0.0
 40
0.1333
  1
2.23
  7
CN_TTF
 11
470068.26012912515
 21
4349640.8691238845
 31
0.0
100
AcDbText
  0
LWPOLYLINE
  5
1C2
330
17
100
AcDbEntity
  8
爆区方格网
 62
1
100
AcDbPolyline
 90
5
 70
1
 10
470067.9201291251
 20
4349641.439123885
 10
470067.9201291251
 20
4349642.439123885
 10
470068.9201291251
 20
4349642.439123885
 10
470068.9201291251
 20
4349641.439123885
 10
470067.9201291251
 20
4349641.439123885
  0
TEXT
  5
1C3
330
17
100
AcDbEntity
  8
0
 62
1
100
AcDbText
 10
470068.26012912515
 20
4349641.8691238845
 30
0.0
 40
0.1333
  1
2.23
  7
CN_TTF
 11
470068.26012912515
 21
4349641.8691238845
 31
0.0
100
AcDbText
  0
LWPOLYLINE
  5
1C4
330
17
100
AcDbEntity
  8
爆区方格网
 62
1
100
AcDbPolyline
 90
5
 70
1
 10
470067.9201291251
 20
4349642.439123885
 10
470067.9201291251
 20
4349643.439123885
 10
470068.9201291251
 20
4349643.439123885
 10
470068.9201291251
 20
4349642.439123885
 10
470067.9201291251
 20
4349642.439123885
  0
TEXT
  5
1C5
330
17
100
AcDbEntity
  8
0
 62
1
100
AcDbText
 10
470068.26012912515
 20
4349642.8691238845
 30
0.0
 40
0.1333
  1
2.23
  7
CN_TTF
 11
470068.26012912515
 21
4349642.8691238845
 31
0.0
100
AcDbText
  0
LWPOLYLINE
  5
1C6
330
17
100
AcDbEntity
  8
爆区方格网
 62
1
100
AcDbPolyline
 90
5
 70
1
 10
470067.9201291251
 20
4349643.439123885
 10
470067.9201291251
 20
4349644.439123885
 10
470068.9201291251
 20
4349644.439123885
 10
470068.9201291251
 20
4349643.439123885
 10
470067.9201291251
 20
4349643.439123885
  0
TEXT
  5
1C7
330
17
100
AcDbEntity
  8
0
 62
1
100
AcDbText
 10
470068.26012912515
 20
4349643.8691238845
 30
0.0
 40
0.1333
  1
2.23
  7
CN_TTF
 11
470068.26012912515
 21
4349643.8691238845
 31
0.0
100
AcDbText
  0
LWPOLYLINE
  5
1C8
330
17
100
AcDbEntity
  8
爆区方格网
 62
1
100
AcDbPolyline
 90
5
 70
1
 10
470067.9201291251
 20
4349644.439123885
 10
470067.9201291251
 20
4349645.439123885
 10
470068.9201291251
 20
4349645.439123885
 10
470068.9201291251
 20
4349644.439123885
 10
470067.9201291251
 20
4349644.439123885
  0
TEXT
  5
1C9
330
17
100
AcDbEntity
  8
0
 62
1
100
AcDbText
 10
470068.26012912515
 20
4349644.8691238845
 30
0.0
 40
0.1333
  1
2.23
  7
CN_TTF
 11
470068.26012912515
 21
4349644.8691238845
 31
0.0
100
AcDbText
  0
LWPOLYLINE
  5
1CA
330
17
100
AcDbEntity
  8
爆区方格网
 62
1
100
AcDbPolyline
 90
5
 70
1
 10
470067.9201291251
 20
4349645.439123885
 10
470067.9201291251
 20
4349646.439123885
 10
470068.9201291251
 20
4349646.439123885
 10
470068.9201291251
 20
4349645.439123885
 10
470067.9201291251
 20
4349645.439123885
  0
TEXT
  5
1CB
330
17
100
AcDbEntity
  8
0
 62
1
100
AcDbText
 10
470068.26012912515
 20
4349645.8691238845
 30
0.0
 40
0.1333
  1
2.23
  7
CN_TTF
 11
470068.26012912515
 21
4349645.8691238845
 31
0.0
100
AcDbText
  0
LWPOLYLINE
  5
1CC
330
17
100
AcDbEntity
  8
爆区方格网
 62
1
100
AcDbPolyline
 90
6
 70
1
 10
470068.9201291251
 20
4349647.439123885
 10
470068.9201291251
 20
4349646.439123885
 10
470067.9201291251
 20
4349646.439123885
 10
470067.9201291251
 20
4349647.315818007
 10
470068.0000758946
 20
4349647.439123885
 10
470068.9201291251
 20
4349647.439123885
  0
TEXT
  5
1CD
330
17
100
AcDbEntity
  8
0
 62
1
100
AcDbText
 10
470068.26012912515
 20
4349646.807470946
 30
0.0
 40
0.1333
  1
1.58
  7
CN_TTF
 11
470068.26012912515
 21
4349646.807470946
 31
0.0
100
AcDbText
  0
LWPOLYLINE
  5
1CE
330
17
100
AcDbEntity
  8
爆区方格网
 62
1
100
AcDbPolyline
 90
5
 70
1
 10
470068.9201291251
 20
4349648.439123885
 10
470068.9201291251
 20
4349647.439123885
 10
470068.0000758946
 20
4349647.439123885
 10
470068.6484372761
 20
4349648.439123885
 10
470068.9201291251
 20
4349648.439123885
  0
TEXT
  5
1CF
330
17
100
AcDbEntity
  8
0
 62
1
100
AcDbText
 10
470068.46219285525
 20
4349647.8691238845
 30
0.0
 40
0.1333
  1
1.58
  7
CN_TTF
 11
470068.46219285525
 21
4349647.8691238845
 31
0.0
100
AcDbText
  0
LWPOLYLINE
  5
1D0
330
17
100
AcDbEntity
  8
爆区方格网
 62
1
100
AcDbPolyline
 90
8
 70
1
 10
470068.9201291251
 20
4349660.439123885
 10
470068.9201291251
 20
4349659.439123885
 10
470068.5364565515
 20
4349659.439123885
 10
470068.4738773375
 20
4349659.659196887
 10
470068.346007205
 20
4349659.439123885
 10
470068.1361503847
 20
4349659.439123885
 10
470067.97868359584
 20
4349660.439123885
 10
470068.9201291251
 20
4349660.439123885
  0
TEXT
  5
1D1
330
17
100
AcDbEntity
  8
0
 62
1
100
AcDbText
 10
470068.3201095105
 20
4349659.979160385
 30
0.0
 40
0.1333
  1
1.63
  7
CN_TTF
 11
470068.3201095105
 21
4349659.979160385
 31
0.0
100
AcDbText
  0
LWPOLYLINE
  5
1D2
330
17
100
AcDbEntity
  8
爆区方格网
 62
1
100
AcDbPolyline
 90
6
 70
1
 10
470067.9201291251
 20
4349661.439123885
 10
470068.9201291251
 20
4349661.439123885
 10
470068.9201291251
 20
4349660.439123885
 10
470067.97868359584
 20
4349660.439123885
 10
470067.9201291251
 20
4349660.810976712
 10
470067.9201291251
 20
4349661.439123885
  0
TEXT
  5
1D3
330
17
100
AcDbEntity
  8
0
 62
1
100
AcDbText
 10
470068.26012912515
 20
4349661.055050299
 30
0.0
 40
0.1333
  1
1.63
  7
CN_TTF
 11
470068.26012912515
 21
4349661.055050299
 31
0.0
100
AcDbText
  0
LWPOLYLINE
  5
1D4
330
17
100
AcDbEntity
  8
爆区方格网
 62
1
100
AcDbPolyline
 90
5
 70
1
 10
470068.9201291251
 20
4349661.439123885
 10
470067.9201291251
 20
4349661.439123885
 10
470067.9201291251
 20
4349661.922381079
 10
470068.9201291251
 20
4349662.085474384
 10
470068.9201291251
 20
4349661.439123885
  0
TEXT
  5
1D5
330
17
100
AcDbEntity
  8
0
 62
1
100
AcDbText
 10
470068.26012912515
 20
4349661.610752482
 30
0.0
 40
0.1333
  1
1.63
  7
CN_TTF
 11
470068.26012912515
 21
4349661.610752482
 31
0.0
100
AcDbText
  0
LWPOLYLINE
  5
1D6
330
17
100
AcDbEntity
  8
爆区方格网
 62
1
100
AcDbPolyline
 90
5
 70
1
 10
470068.9201291251
 20
4349640.439123885
 10
470068.9201291251
 20
4349641.439123885
 10
470069.9201291251
 20
4349641.439123885
 10
470069.9201291251
 20
4349640.439123885
 10
470068.9201291251
 20
4349640.439123885
  0
TEXT
  5
1D7
330
17
100
AcDbEntity
  8
0
 62
1
100
AcDbText
 10
470069.26012912515
 20
4349640.8691238845
 30
0.0
 40
0.1333
  1
2.23
  7
CN_TTF
 11
470069.26012912515
 21
4349640.8691238845
 31
0.0
100
AcDbText
  0
LWPOLYLINE
  5
1D8
330
17
100
AcDbEntity
  8
爆区方格网
 62
1
100
AcDbPolyline
 90
5
 70
1
 10
470068.9201291251
 20
4349641.439123885
 10
470068.9201291251
 20
4349642.439123885
 10
470069.9201291251
 20
4349642.439123885
 10
470069.9201291251
 20
4349641.439123885
 10
470068.9201291251
 20
4349641.439123885
  0
TEXT
  5
1D9
330
17
100
AcDbEntity
  8
0
 62
1
100
AcDbText
 10
470069.26012912515
 20
4349641.8691238845
 30
0.0
 40
0.1333
  1
2.23
  7
CN_TTF
 11
470069.26012912515
 21
4349641.8691238845
 31
0.0
100
AcDbText
  0
LWPOLYLINE
  5
1DA
330
17
100
AcDbEntity
  8
爆区方格网
 62
1
100
AcDbPolyline
 90
5
 70
1
 10
470068.9201291251
 20
4349642.439123885
 10
470068.9201291251
 20
4349643.439123885
 10
470069.9201291251
 20
4349643.439123885
 10
470069.9201291251
 20
4349642.439123885
 10
470068.9201291251
 20
4349642.439123885
  0
TEXT
  5
1DB
330
17
100
AcDbEntity
  8
0
 62
1
100
AcDbText
 10
470069.26012912515
 20
4349642.8691238845
 30
0.0
 40
0.1333
  1
2.23
  7
CN_TTF
 11
470069.26012912515
 21
4349642.8691238845
 31
0.0
100
AcDbText
  0
LWPOLYLINE
  5
1DC
330
17
100
AcDbEntity
  8
爆区方格网
 62
1
100
AcDbPolyline
 90
5
 70
1
 10
470068.9201291251
 20
4349643.439123885
 10
470068.9201291251
 20
4349644.439123885
 10
470069.9201291251
 20
4349644.439123885
 10
470069.9201291251
 20
4349643.439123885
 10
470068.9201291251
 20
4349643.439123885
  0
TEXT
  5
1DD
330
17
100
AcDbEntity
  8
0
 62
1
100
AcDbText
 10
470069.26012912515
 20
4349643.8691238845
 30
0.0
 40
0.1333
  1
2.23
  7
CN_TTF
 11
470069.26012912515
 21
4349643.8691238845
 31
0.0
100
AcDbText
  0
LWPOLYLINE
  5
1DE
330
17
100
AcDbEntity
  8
爆区方格网
 62
1
100
AcDbPolyline
 90
5
 70
1
 10
470068.9201291251
 20
4349644.439123885
 10
470068.9201291251
 20
4349645.439123885
 10
470069.9201291251
 20
4349645.439123885
 10
470069.9201291251
 20
4349644.439123885
 10
470068.9201291251
 20
4349644.439123885
  0
TEXT
  5
1DF
330
17
100
AcDbEntity
  8
0
 62
1
100
AcDbText
 10
470069.26012912515
 20
4349644.8691238845
 30
0.0
 40
0.1333
  1
2.23
  7
CN_TTF
 11
470069.26012912515
 21
4349644.8691238845
 31
0.0
100
AcDbText
  0
LWPOLYLINE
  5
1E0
330
17
100
AcDbEntity
  8
爆区方格网
 62
1
100
AcDbPolyline
 90
5
 70
1
 10
470068.9201291251
 20
4349645.439123885
 10
470068.9201291251
 20
4349646.439123885
 10
470069.9201291251
 20
4349646.439123885
 10
470069.9201291251
 20
4349645.439123885
 10
470068.9201291251
 20
4349645.439123885
  0
TEXT
  5
1E1
330
17
100
AcDbEntity
  8
0
 62
1
100
AcDbText
 10
470069.26012912515
 20
4349645.8691238845
 30
0.0
 40
0.1333
  1
1.58
  7
CN_TTF
 11
470069.26012912515
 21
4349645.8691238845
 31
0.0
100
AcDbText
  0
LWPOLYLINE
  5
1E2
330
17
100
AcDbEntity
  8
爆区方格网
 62
1
100
AcDbPolyline
 90
5
 70
1
 10
470068.9201291251
 20
4349646.439123885
 10
470068.9201291251
 20
4349647.439123885
 10
470069.9201291251
 20
4349647.439123885
 10
470069.9201291251
 20
4349646.439123885
 10
470068.9201291251
 20
4349646.439123885
  0
TEXT
  5
1E3
330
17
100
AcDbEntity
  8
0
 62
1
100
AcDbText
 10
470069.26012912515
 20
4349646.8691238845
 30
0.0
 40
0.1333
  1
1.58
  7
CN_TTF
 11
470069.26012912515
 21
4349646.8691238845
 31
0.0
100
AcDbText
  0
LWPOLYLINE
  5
1E4
330
17
100
AcDbEntity
  8
爆区方格网
 62
1
100
AcDbPolyline
 90
5
 70
1
 10
470068.9201291251
 20
4349647.439123885
 10
470068.9201291251
 20
4349648.439123885
 10
470069.9201291251
 20
4349648.439123885
 10
470069.9201291251
 20
4349647.439123885
 10
470068.9201291251
 20
4349647.439123885
  0
TEXT
  5
1E5
330
17
100
AcDbEntity
  8
0
 62
1
100
AcDbText
 10
470069.26012912515
 20
4349647.8691238845
 30
0.0
 40
0.1333
  1
1.58
  7
CN_TTF
 11
470069.26012912515
 21
4349647.8691238845
 31
0.0
100
AcDbText
  0
LWPOLYLINE
  5
1E6
330
17
100
AcDbEntity
  8
爆区方格网
 62
1
100
AcDbPolyline
 90
6
 70
1
 10
470068.9201291251
 20
4349659.439123885
 10
470069.9201291251
 20
4349659.439123885
 10
470069.9201291251
 20
4349658.439123885
 10
470069.3801325539
 20
4349658.439123885
 10
470068.9201291251
 20
4349658.713704043
 10
470068.9201291251
 20
4349659.439123885
  0
TEXT
  5
1E7
330
17
100
AcDbEntity
  8
0
 62
1
100
AcDbText
 10
470069.26012912515
 20
4349659.006413964
 30
0.0
 40
0.1333
  1
1.63
  7
CN_TTF
 11
470069.26012912515
 21
4349659.006413964
 31
0.0
100
AcDbText
  0
LWPOLYLINE
  5
1E8
330
17
100
AcDbEntity
  8
爆区方格网
 62
1
100
AcDbPolyline
 90
5
 70
1
 10
470068.9201291251
 20
4349659.439123885
 10
470068.9201291251
 20
4349660.439123885
 10
470069.9201291251
 20
4349660.439123885
 10
470069.9201291251
 20
4349659.439123885
 10
470068.9201291251
 20
4349659.439123885
  0
TEXT
  5
1E9
330
17
100
AcDbEntity
  8
0
 62
1
100
AcDbText
 10
470069.26012912515
 20
4349659.8691238845
 30
0.0
 40
0.1333
  1
1.63
  7
CN_TTF
 11
470069.26012912515
 21
4349659.8691238845
 31
0.0
100
AcDbText
  0
LWPOLYLINE
  5
1EA
330
17
100
AcDbEntity
  8
爆区方格网
 62
1
100
AcDbPolyline
 90
5
 70
1
 10
470068.9201291251
 20
4349660.439123885
 10
470068.9201291251
 20
4349661.439123885
 10
470069.9201291251
 20
4349661.439123885
 10
470069.9201291251
 20
4349660.439123885
 10
470068.9201291251
 20
4349660.439123885
  0
TEXT
  5
1EB
330
17
100
AcDbEntity
  8
0
 62
1
100
AcDbText
 10
470069.26012912515
 20
4349660.8691238845
 30
0.0
 40
0.1333
  1
1.63
  7
CN_TTF
 11
470069.26012912515
 21
4349660.8691238845
 31
0.0
100
AcDbText
  0
LWPOLYLINE
  5
1EC
330
17
100
AcDbEntity
  8
爆区方格网
 62
1
100
AcDbPolyline
 90
5
 70
1
 10
470069.9201291251
 20
4349661.439123885
 10
470068.9201291251
 20
4349661.439123885
 10
470068.9201291251
 20
4349662.085474384
 10
470069.9201291251
 20
4349662.248567689
 10
470069.9201291251
 20
4349661.439123885
  0
TEXT
  5
1ED
330
17
100
AcDbEntity
  8
0
 62
1
100
AcDbText
 10
470069.26012912515
 20
4349661.692299134
 30
0.0
 40
0.1333
  1
1.63
  7
CN_TTF
 11
470069.26012912515
 21
4349661.692299134
 31
0.0
100
AcDbText
  0
LWPOLYLINE
  5
1EE
330
17
100
AcDbEntity
  8
爆区方格网
 62
1
100
AcDbPolyline
 90
5
 70
1
 10
470069.9201291251
 20
4349640.439123885
 10
470069.9201291251
 20
4349641.439123885
 10
470070.9201291251
 20
4349641.439123885
 10
470070.9201291251
 20
4349640.439123885
 10
470069.9201291251
 20
4349640.439123885
  0
TEXT
  5
1EF
330
17
100
AcDbEntity
  8
0
 62
1
100
AcDbText
 10
470070.26012912515
 20
4349640.8691238845
 30
0.0
 40
0.1333
  1
2.23
  7
CN_TTF
 11
470070.26012912515
 21
4349640.8691238845
 31
0.0
100
AcDbText
  0
LWPOLYLINE
  5
1F0
330
17
100
AcDbEntity
  8
爆区方格网
 62
1
100
AcDbPolyline
 90
5
 70
1
 10
470069.9201291251
 20
4349641.439123885
 10
470069.9201291251
 20
4349642.439123885
 10
470070.9201291251
 20
4349642.439123885
 10
470070.9201291251
 20
4349641.439123885
 10
470069.9201291251
 20
4349641.439123885
  0
TEXT
  5
1F1
330
17
100
AcDbEntity
  8
0
 62
1
100
AcDbText
 10
470070.26012912515
 20
4349641.8691238845
 30
0.0
 40
0.1333
  1
2.23
  7
CN_TTF
 11
470070.26012912515
 21
4349641.8691238845
 31
0.0
100
AcDbText
  0
LWPOLYLINE
  5
1F2
330
17
100
AcDbEntity
  8
爆区方格网
 62
1
100
AcDbPolyline
 90
5
 70
1
 10
470069.9201291251
 20
4349642.439123885
 10
470069.9201291251
 20
4349643.439123885
 10
470070.9201291251
 20
4349643.439123885
 10
470070.9201291251
 20
4349642.439123885
 10
470069.9201291251
 20
4349642.439123885
  0
TEXT
  5
1F3
330
17
100
AcDbEntity
  8
0
 62
1
100
AcDbText
 10
470070.26012912515
 20
4349642.8691238845
 30
0.0
 40
0.1333
  1
2.23
  7
CN_TTF
 11
470070.26012912515
 21
4349642.8691238845
 31
0.0
100
AcDbText
  0
LWPOLYLINE
  5
1F4
330
17
100
AcDbEntity
  8
爆区方格网
 62
1
100
AcDbPolyline
 90
5
 70
1
 10
470069.9201291251
 20
4349643.439123885
 10
470069.9201291251
 20
4349644.439123885
 10
470070.9201291251
 20
4349644.439123885
 10
470070.9201291251
 20
4349643.439123885
 10
470069.9201291251
 20
4349643.439123885
  0
TEXT
  5
1F5
330
17
100
AcDbEntity
  8
0
 62
1
100
AcDbText
 10
470070.26012912515
 20
4349643.8691238845
 30
0.0
 40
0.1333
  1
2.23
  7
CN_TTF
 11
470070.26012912515
 21
4349643.8691238845
 31
0.0
100
AcDbText
  0
LWPOLYLINE
  5
1F6
330
17
100
AcDbEntity
  8
爆区方格网
 62
1
100
AcDbPolyline
 90
5
 70
1
 10
470069.9201291251
 20
4349644.439123885
 10
470069.9201291251
 20
4349645.439123885
 10
470070.9201291251
 20
4349645.439123885
 10
470070.9201291251
 20
4349644.439123885
 10
470069.9201291251
 20
4349644.439123885
  0
TEXT
  5
1F7
330
17
100
AcDbEntity
  8
0
 62
1
100
AcDbText
 10
470070.26012912515
 20
4349644.8691238845
 30
0.0
 40
0.1333
  1
2.23
  7
CN_TTF
 11
470070.26012912515
 21
4349644.8691238845
 31
0.0
100
AcDbText
  0
LWPOLYLINE
  5
1F8
330
17
100
AcDbEntity
  8
爆区方格网
 62
1
100
AcDbPolyline
 90
5
 70
1
 10
470069.9201291251
 20
4349645.439123885
 10
470069.9201291251
 20
4349646.439123885
 10
470070.9201291251
 20
4349646.439123885
 10
470070.9201291251
 20
4349645.439123885
 10
470069.9201291251
 20
4349645.439123885
  0
TEXT
  5
1F9
330
17
100
AcDbEntity
  8
0
 62
1
100
AcDbText
 10
470070.26012912515
 20
4349645.8691238845
 30
0.0
 40
0.1333
  1
1.58
  7
CN_TTF
 11
470070.26012912515
 21
4349645.8691238845
 31
0.0
100
AcDbText
  0
LWPOLYLINE
  5
1FA
330
17
100
AcDbEntity
  8
爆区方格网
 62
1
100
AcDbPolyline
 90
5
 70
1
 10
470069.9201291251
 20
4349646.439123885
 10
470069.9201291251
 20
4349647.439123885
 10
470070.9201291251
 20
4349647.439123885
 10
470070.9201291251
 20
4349646.439123885
 10
470069.9201291251
 20
4349646.439123885
  0
TEXT
  5
1FB
330
17
100
AcDbEntity
  8
0
 62
1
100
AcDbText
 10
470070.26012912515
 20
4349646.8691238845
 30
0.0
 40
0.1333
  1
1.58
  7
CN_TTF
 11
470070.26012912515
 21
4349646.8691238845
 31
0.0
100
AcDbText
  0
LWPOLYLINE
  5
1FC
330
17
100
AcDbEntity
  8
爆区方格网
 62
1
100
AcDbPolyline
 90
5
 70
1
 10
470069.9201291251
 20
4349647.439123885
 10
470069.9201291251
 20
4349648.439123885
 10
470070.9201291251
 20
4349648.439123885
 10
470070.9201291251
 20
4349647.439123885
 10
470069.9201291251
 20
4349647.439123885
  0
TEXT
  5
1FD
330
17
100
AcDbEntity
  8
0
 62
1
100
AcDbText
 10
470070.26012912515
 20
4349647.8691238845
 30
0.0
 40
0.1333
  1
1.58
  7
CN_TTF
 11
470070.26012912515
 21
4349647.8691238845
 31
0.0
100
AcDbText
  0
LWPOLYLINE
  5
1FE
330
17
100
AcDbEntity
  8
爆区方格网
 62
1
100
AcDbPolyline
 90
5
 70
1
 10
470069.9201291251
 20
4349648.439123885
 10
470069.9201291251
 20
4349649.439123885
 10
470070.9201291251
 20
4349649.439123885
 10
470070.9201291251
 20
4349648.439123885
 10
470069.9201291251
 20
4349648.439123885
  0
TEXT
  5
1FF
330
17
100
AcDbEntity
  8
0
 62
1
100
AcDbText
 10
470070.26012912515
 20
4349648.8691238845
 30
0.0
 40
0.1333
  1
1.58
  7
CN_TTF
 11
470070.26012912515
 21
4349648.8691238845
 31
0.0
100
AcDbText
  0
LWPOLYLINE
  5
200
330
17
100
AcDbEntity
  8
爆区方格网
 62
1
100
AcDbPolyline
 90
6
 70
1
 10
470070.9201291251
 20
4349650.439123885
 10
470070.9201291251
 20
4349649.439123885
 10
470069.9201291251
 20
4349649.439123885
 10
470069.9201291251
 20
4349649.556901682
 10
470070.46794673713
 20
4349650.439123885
 10
470070.9201291251
 20
4349650.439123885
  0
TEXT
  5
201
330
17
100
AcDbEntity
  8
0
 62
1
100
AcDbText
 10
470070.39708352805
 20
4349649.928012783
 30
0.0
 40
0.1333
  1
1.58
  7
CN_TTF
 11
470070.39708352805
 21
4349649.928012783
 31
0.0
100
AcDbText
  0
LWPOLYLINE
  5
202
330
17
100
AcDbEntity
  8
爆区方格网
 62
1
100
AcDbPolyline
 90
6
 70
1
 10
470069.9201291251
 20
4349658.439123885
 10
470070.9201291251
 20
4349658.439123885
 10
470070.9201291251
 20
4349657.519886166
 10
470070.0062633353
 20
4349658.065380825
 10
470069.9201291251
 20
4349658.116795105
 10
470069.9201291251
 20
4349658.439123885
  0
TEXT
  5
203
330
17
100
AcDbEntity
  8
0
 62
1
100
AcDbText
 10
470070.5316626777
 20
4349657.722633495
 30
0.0
 40
0.1333
  1
1.63
  7
CN_TTF
 11
470070.5316626777
 21
4349657.722633495
 31
0.0
100
AcDbText
  0
LWPOLYLINE
  5
204
330
17
100
AcDbEntity
  8
爆区方格网
 62
1
100
AcDbPolyline
 90
5
 70
1
 10
470069.9201291251
 20
4349658.439123885
 10
470069.9201291251
 20
4349659.439123885
 10
470070.9201291251
 20
4349659.439123885
 10
470070.9201291251
 20
4349658.439123885
 10
470069.9201291251
 20
4349658.439123885
  0
TEXT
  5
205
330
17
100
AcDbEntity
  8
0
 62
1
100
AcDbText
 10
470070.26012912515
 20
4349658.8691238845
 30
0.0
 40
0.1333
  1
1.63
  7
CN_TTF
 11
470070.26012912515
 21
4349658.8691238845
 31
0.0
100
AcDbText
  0
LWPOLYLINE
  5
206
330
17
100
AcDbEntity
  8
爆区方格网
 62
1
100
AcDbPolyline
 90
5
 70
1
 10
470069.9201291251
 20
4349659.439123885
 10
470069.9201291251
 20
4349660.439123885
 10
470070.9201291251
 20
4349660.439123885
 10
470070.9201291251
 20
4349659.439123885
 10
470069.9201291251
 20
4349659.439123885
  0
TEXT
  5
207
330
17
100
AcDbEntity
  8
0
 62
1
100
AcDbText
 10
470070.26012912515
 20
4349659.8691238845
 30
0.0
 40
0.1333
  1
1.63
  7
CN_TTF
 11
470070.26012912515
 21
4349659.8691238845
 31
0.0
100
AcDbText
  0
LWPOLYLINE
  5
208
330
17
100
AcDbEntity
  8
爆区方格网
 62
1
100
AcDbPolyline
 90
5
 70
1
 10
470069.9201291251
 20
4349660.439123885
 10
470069.9201291251
 20
4349661.439123885
 10
470070.9201291251
 20
4349661.439123885
 10
470070.9201291251
 20
4349660.439123885
 10
470069.9201291251
 20
4349660.439123885
  0
TEXT
  5
209
330
17
100
AcDbEntity
  8
0
 62
1
100
AcDbText
 10
470070.26012912515
 20
4349660.8691238845
 30
0.0
 40
0.1333
  1
1.63
  7
CN_TTF
 11
470070.26012912515
 21
4349660.8691238845
 31
0.0
100
AcDbText
  0
LWPOLYLINE
  5
20A
330
17
100
AcDbEntity
  8
爆区方格网
 62
1
100
AcDbPolyline
 90
6
 70
1
 10
470070.9201291251
 20
4349661.439123885
 10
470069.9201291251
 20
4349661.439123885
 10
470069.9201291251
 20
4349662.248567689
 10
470069.98449177574
 20
4349662.259064807
 10
470070.9201291251
 20
4349662.411660994
 10
470070.9201291251
 20
4349661.439123885
  0
TEXT
  5
20B
330
17
100
AcDbEntity
  8
0
 62
1
100
AcDbText
 10
470070.26012912515
 20
4349661.773845786
 30
0.0
 40
0.1333
  1
1.63
  7
CN_TTF
 11
470070.26012912515
 21
4349661.773845786
 31
0.0
100
AcDbText
  0
LWPOLYLINE
  5
20C
330
17
100
AcDbEntity
  8
爆区方格网
 62
1
100
AcDbPolyline
 90
5
 70
1
 10
470070.9201291251
 20
4349640.439123885
 10
470070.9201291251
 20
4349641.439123885
 10
470071.9201291251
 20
4349641.439123885
 10
470071.9201291251
 20
4349640.439123885
 10
470070.9201291251
 20
4349640.439123885
  0
TEXT
  5
20D
330
17
100
AcDbEntity
  8
0
 62
1
100
AcDbText
 10
470071.26012912515
 20
4349640.8691238845
 30
0.0
 40
0.1333
  1
2.23
  7
CN_TTF
 11
470071.26012912515
 21
4349640.8691238845
 31
0.0
100
AcDbText
  0
LWPOLYLINE
  5
20E
330
17
100
AcDbEntity
  8
爆区方格网
 62
1
100
AcDbPolyline
 90
5
 70
1
 10
470070.9201291251
 20
4349641.439123885
 10
470070.9201291251
 20
4349642.439123885
 10
470071.9201291251
 20
4349642.439123885
 10
470071.9201291251
 20
4349641.439123885
 10
470070.9201291251
 20
4349641.439123885
  0
TEXT
  5
20F
330
17
100
AcDbEntity
  8
0
 62
1
100
AcDbText
 10
470071.26012912515
 20
4349641.8691238845
 30
0.0
 40
0.1333
  1
2.23
  7
CN_TTF
 11
470071.26012912515
 21
4349641.8691238845
 31
0.0
100
AcDbText
  0
LWPOLYLINE
  5
210
330
17
100
AcDbEntity
  8
爆区方格网
 62
1
100
AcDbPolyline
 90
5
 70
1
 10
470070.9201291251
 20
4349642.439123885
 10
470070.9201291251
 20
4349643.439123885
 10
470071.9201291251
 20
4349643.439123885
 10
470071.9201291251
 20
4349642.439123885
 10
470070.9201291251
 20
4349642.439123885
  0
TEXT
  5
211
330
17
100
AcDbEntity
  8
0
 62
1
100
AcDbText
 10
470071.26012912515
 20
4349642.8691238845
 30
0.0
 40
0.1333
  1
2.23
  7
CN_TTF
 11
470071.26012912515
 21
4349642.8691238845
 31
0.0
100
AcDbText
  0
LWPOLYLINE
  5
212
330
17
100
AcDbEntity
  8
爆区方格网
 62
1
100
AcDbPolyline
 90
5
 70
1
 10
470070.9201291251
 20
4349643.439123885
 10
470070.9201291251
 20
4349644.439123885
 10
470071.9201291251
 20
4349644.439123885
 10
470071.9201291251
 20
4349643.439123885
 10
470070.9201291251
 20
4349643.439123885
  0
TEXT
  5
213
330
17
100
AcDbEntity
  8
0
 62
1
100
AcDbText
 10
470071.26012912515
 20
4349643.8691238845
 30
0.0
 40
0.1333
  1
2.23
  7
CN_TTF
 11
470071.26012912515
 21
4349643.8691238845
 31
0.0
100
AcDbText
  0
LWPOLYLINE
  5
214
330
17
100
AcDbEntity
  8
爆区方格网
 62
1
100
AcDbPolyline
 90
5
 70
1
 10
470070.9201291251
 20
4349644.439123885
 10
470070.9201291251
 20
4349645.439123885
 10
470071.9201291251
 20
4349645.439123885
 10
470071.9201291251
 20
4349644.439123885
 10
470070.9201291251
 20
4349644.439123885
  0
TEXT
  5
215
330
17
100
AcDbEntity
  8
0
 62
1
100
AcDbText
 10
470071.26012912515
 20
4349644.8691238845
 30
0.0
 40
0.1333
  1
1.58
  7
CN_TTF
 11
470071.26012912515
 21
4349644.8691238845
 31
0.0
100
AcDbText
  0
LWPOLYLINE
  5
216
330
17
100
AcDbEntity
  8
爆区方格网
 62
1
100
AcDbPolyline
 90
5
 70
1
 10
470070.9201291251
 20
4349645.439123885
 10
470070.9201291251
 20
4349646.439123885
 10
470071.9201291251
 20
4349646.439123885
 10
470071.9201291251
 20
4349645.439123885
 10
470070.9201291251
 20
4349645.439123885
  0
TEXT
  5
217
330
17
100
AcDbEntity
  8
0
 62
1
100
AcDbText
 10
470071.26012912515
 20
4349645.8691238845
 30
0.0
 40
0.1333
  1
1.58
  7
CN_TTF
 11
470071.26012912515
 21
4349645.8691238845
 31
0.0
100
AcDbText
  0
LWPOLYLINE
  5
218
330
17
100
AcDbEntity
  8
爆区方格网
 62
1
100
AcDbPolyline
 90
5
 70
1
 10
470070.9201291251
 20
4349646.439123885
 10
470070.9201291251
 20
4349647.439123885
 10
470071.9201291251
 20
4349647.439123885
 10
470071.9201291251
 20
4349646.439123885
 10
470070.9201291251
 20
4349646.439123885
  0
TEXT
  5
219
330
17
100
AcDbEntity
  8
0
 62
1
100
AcDbText
 10
470071.26012912515
 20
4349646.8691238845
 30
0.0
 40
0.1333
  1
1.58
  7
CN_TTF
 11
470071.26012912515
 21
4349646.8691238845
 31
0.0
100
AcDbText
  0
LWPOLYLINE
  5
21A
330
17
100
AcDbEntity
  8
爆区方格网
 62
1
100
AcDbPolyline
 90
5
 70
1
 10
470070.9201291251
 20
4349647.439123885
 10
470070.9201291251
 20
4349648.439123885
 10
470071.9201291251
 20
4349648.439123885
 10
470071.9201291251
 20
4349647.439123885
 10
470070.9201291251
 20
4349647.439123885
  0
TEXT
  5
21B
330
17
100
AcDbEntity
  8
0
 62
1
100
AcDbText
 10
470071.26012912515
 20
4349647.8691238845
 30
0.0
 40
0.1333
  1
1.58
  7
CN_TTF
 11
470071.26012912515
 21
4349647.8691238845
 31
0.0
100
AcDbText
  0
LWPOLYLINE
  5
21C
330
17
100
AcDbEntity
  8
爆区方格网
 62
1
100
AcDbPolyline
 90
5
 70
1
 10
470070.9201291251
 20
4349648.439123885
 10
470070.9201291251
 20
4349649.439123885
 10
470071.9201291251
 20
4349649.439123885
 10
470071.9201291251
 20
4349648.439123885
 10
470070.9201291251
 20
4349648.439123885
  0
TEXT
  5
21D
330
17
100
AcDbEntity
  8
0
 62
1
100
AcDbText
 10
470071.26012912515
 20
4349648.8691238845
 30
0.0
 40
0.1333
  1
1.58
  7
CN_TTF
 11
470071.26012912515
 21
4349648.8691238845
 31
0.0
100
AcDbText
  0
LWPOLYLINE
  5
21E
330
17
100
AcDbEntity
  8
爆区方格网
 62
1
100
AcDbPolyline
 90
5
 70
1
 10
470070.9201291251
 20
4349649.439123885
 10
470070.9201291251
 20
4349650.439123885
 10
470071.9201291251
 20
4349650.439123885
 10
470071.9201291251
 20
4349649.439123885
 10
470070.9201291251
 20
4349649.439123885
  0
TEXT
  5
21F
330
17
100
AcDbEntity
  8
0
 62
1
100
AcDbText
 10
470071.26012912515
 20
4349649.8691238845
 30
0.0
 40
0.1333
  1
1.58
  7
CN_TTF
 11
470071.26012912515
 21
4349649.8691238845
 31
0.0
100
AcDbText
  0
LWPOLYLINE
  5
220
330
17
100
AcDbEntity
  8
爆区方格网
 62
1
100
AcDbPolyline
 90
5
 70
1
 10
470070.9201291251
 20
4349650.439123885
 10
470070.9201291251
 20
4349651.439123885
 10
470071.9201291251
 20
4349651.439123885
 10
470071.9201291251
 20
4349650.439123885
 10
470070.9201291251
 20
4349650.439123885
  0
TEXT
  5
221
330
17
100
AcDbEntity
  8
0
 62
1
100
AcDbText
 10
470071.26012912515
 20
4349650.8691238845
 30
0.0
 40
0.1333
  1
1.87
  7
CN_TTF
 11
470071.26012912515
 21
4349650.8691238845
 31
0.0
100
AcDbText
  0
LWPOLYLINE
  5
222
330
17
100
AcDbEntity
  8
爆区方格网
 62
1
100
AcDbPolyline
 90
6
 70
1
 10
470071.9201291251
 20
4349652.439123885
 10
470071.9201291251
 20
4349651.439123885
 10
470070.9201291251
 20
4349651.439123885
 10
470070.9201291251
 20
4349651.942867189
 10
470071.2418828024
 20
4349652.439123885
 10
470071.9201291251
 20
4349652.439123885
  0
TEXT
  5
223
330
17
100
AcDbEntity
  8
0
 62
1
100
AcDbText
 10
470071.26012912515
 20
4349651.620995536
 30
0.0
 40
0.1333
  1
1.87
  7
CN_TTF
 11
470071.26012912515
 21
4349651.620995536
 31
0.0
100
AcDbText
  0
LWPOLYLINE
  5
224
330
17
100
AcDbEntity
  8
爆区方格网
 62
1
100
AcDbPolyline
 90
6
 70
1
 10
470071.9201291251
 20
4349657.439123885
 10
470071.9201291251
 20
4349656.439123885
 10
470071.33182667167
 20
4349656.439123885
 10
470071.126
 20
4349657.397
 10
470071.05542996473
 20
4349657.439123885
 10
470071.9201291251
 20
4349657.439123885
  0
TEXT
  5
225
330
17
100
AcDbEntity
  8
0
 62
1
100
AcDbText
 10
470071.41452123056
 20
4349656.848061942
 30
0.0
 40
0.1333
  1
1.63
  7
CN_TTF
 11
470071.41452123056
 21
4349656.848061942
 31
0.0
100
AcDbText
  0
LWPOLYLINE
  5
226
330
17
100
AcDbEntity
  8
爆区方格网
 62
1
100
AcDbPolyline
 90
6
 70
1
 10
470070.9201291251
 20
4349658.439123885
 10
470071.9201291251
 20
4349658.439123885
 10
470071.9201291251
 20
4349657.439123885
 10
470071.05542996473
 20
4349657.439123885
 10
470070.9201291251
 20
4349657.519886166
 10
470070.9201291251
 20
4349658.439123885
  0
TEXT
  5
227
330
17
100
AcDbEntity
  8
0
 62
1
100
AcDbText
 10
470071.26012912515
 20
4349657.909505025
 30
0.0
 40
0.1333
  1
1.63
  7
CN_TTF
 11
470071.26012912515
 21
4349657.909505025
 31
0.0
100
AcDbText
  0
LWPOLYLINE
  5
228
330
17
100
AcDbEntity
  8
爆区方格网
 62
1
100
AcDbPolyline
 90
5
 70
1
 10
470070.9201291251
 20
4349658.439123885
 10
470070.9201291251
 20
4349659.439123885
 10
470071.9201291251
 20
4349659.439123885
 10
470071.9201291251
 20
4349658.439123885
 10
470070.9201291251
 20
4349658.439123885
  0
TEXT
  5
229
330
17
100
AcDbEntity
  8
0
 62
1
100
AcDbText
 10
470071.26012912515
 20
4349658.8691238845
 30
0.0
 40
0.1333
  1
1.63
  7
CN_TTF
 11
470071.26012912515
 21
4349658.8691238845
 31
0.0
100
AcDbText
  0
LWPOLYLINE
  5
22A
330
17
100
AcDbEntity
  8
爆区方格网
 62
1
100
AcDbPolyline
 90
5
 70
1
 10
470070.9201291251
 20
4349659.439123885
 10
470070.9201291251
 20
4349660.439123885
 10
470071.9201291251
 20
4349660.439123885
 10
470071.9201291251
 20
4349659.439123885
 10
470070.9201291251
 20
4349659.439123885
  0
TEXT
  5
22B
330
17
100
AcDbEntity
  8
0
 62
1
100
AcDbText
 10
470071.26012912515
 20
4349659.8691238845
 30
0.0
 40
0.1333
  1
1.63
  7
CN_TTF
 11
470071.26012912515
 21
4349659.8691238845
 31
0.0
100
AcDbText
  0
LWPOLYLINE
  5
22C
330
17
100
AcDbEntity
  8
爆区方格网
 62
1
100
AcDbPolyline
 90
5
 70
1
 10
470070.9201291251
 20
4349660.439123885
 10
470070.9201291251
 20
4349661.439123885
 10
470071.9201291251
 20
4349661.439123885
 10
470071.9201291251
 20
4349660.439123885
 10
470070.9201291251
 20
4349660.439123885
  0
TEXT
  5
22D
330
17
100
AcDbEntity
  8
0
 62
1
100
AcDbText
 10
470071.26012912515
 20
4349660.8691238845
 30
0.0
 40
0.1333
  1
1.63
  7
CN_TTF
 11
470071.26012912515
 21
4349660.8691238845
 31
0.0
100
AcDbText
  0
LWPOLYLINE
  5
22E
330
17
100
AcDbEntity
  8
爆区方格网
 62
1
100
AcDbPolyline
 90
6
 70
1
 10
470071.9201291251
 20
4349662.439123885
 10
470071.9201291251
 20
4349661.439123885
 10
470070.9201291251
 20
4349661.439123885
 10
470070.9201291251
 20
4349662.411660994
 10
470071.0885167266
 20
4349662.439123885
 10
470071.9201291251
 20
4349662.439123885
  0
TEXT
  5
22F
330
17
100
AcDbEntity
  8
0
 62
1
100
AcDbText
 10
470071.26012912515
 20
4349661.855392439
 30
0.0
 40
0.1333
  1
1.63
  7
CN_TTF
 11
470071.26012912515
 21
4349661.855392439
 31
0.0
100
AcDbText
  0
LWPOLYLINE
  5
230
330
17
100
AcDbEntity
  8
爆区方格网
 62
1
100
AcDbPolyline
 90
6
 70
1
 10
470071.9201291251
 20
4349640.439123885
 10
470071.9201291251
 20
4349641.439123885
 10
470072.9201291251
 20
4349641.439123885
 10
470072.9201291251
 20
4349640.475353118
 10
470072.9067949658
 20
4349640.439123885
 10
470071.9201291251
 20
4349640.439123885
  0
TEXT
  5
231
330
17
100
AcDbEntity
  8
0
 62
1
100
AcDbText
 10
470072.26012912515
 20
4349640.887238501
 30
0.0
 40
0.1333
  1
2.23
  7
CN_TTF
 11
470072.26012912515
 21
4349640.887238501
 31
0.0
100
AcDbText
  0
LWPOLYLINE
  5
232
330
17
100
AcDbEntity
  8
爆区方格网
 62
1
100
AcDbPolyline
 90
5
 70
1
 10
470071.9201291251
 20
4349641.439123885
 10
470071.9201291251
 20
4349642.439123885
 10
470072.9201291251
 20
4349642.439123885
 10
470072.9201291251
 20
4349641.439123885
 10
470071.9201291251
 20
4349641.439123885
  0
TEXT
  5
233
330
17
100
AcDbEntity
  8
0
 62
1
100
AcDbText
 10
470072.26012912515
 20
4349641.8691238845
 30
0.0
 40
0.1333
  1
2.23
  7
CN_TTF
 11
470072.26012912515
 21
4349641.8691238845
 31
0.0
100
AcDbText
  0
LWPOLYLINE
  5
234
330
17
100
AcDbEntity
  8
爆区方格网
 62
1
100
AcDbPolyline
 90
5
 70
1
 10
470071.9201291251
 20
4349642.439123885
 10
470071.9201291251
 20
4349643.439123885
 10
470072.9201291251
 20
4349643.439123885
 10
470072.9201291251
 20
4349642.439123885
 10
470071.9201291251
 20
4349642.439123885
  0
TEXT
  5
235
330
17
100
AcDbEntity
  8
0
 62
1
100
AcDbText
 10
470072.26012912515
 20
4349642.8691238845
 30
0.0
 40
0.1333
  1
2.23
  7
CN_TTF
 11
470072.26012912515
 21
4349642.8691238845
 31
0.0
100
AcDbText
  0
LWPOLYLINE
  5
236
330
17
100
AcDbEntity
  8
爆区方格网
 62
1
100
AcDbPolyline
 90
5
 70
1
 10
470071.9201291251
 20
4349643.439123885
 10
470071.9201291251
 20
4349644.439123885
 10
470072.9201291251
 20
4349644.439123885
 10
470072.9201291251
 20
4349643.439123885
 10
470071.9201291251
 20
4349643.439123885
  0
TEXT
  5
237
330
17
100
AcDbEntity
  8
0
 62
1
100
AcDbText
 10
470072.26012912515
 20
4349643.8691238845
 30
0.0
 40
0.1333
  1
1.58
  7
CN_TTF
 11
470072.26012912515
 21
4349643.8691238845
 31
0.0
100
AcDbText
  0
LWPOLYLINE
  5
238
330
17
100
AcDbEntity
  8
爆区方格网
 62
1
100
AcDbPolyline
 90
5
 70
1
 10
470071.9201291251
 20
4349644.439123885
 10
470071.9201291251
 20
4349645.439123885
 10
470072.9201291251
 20
4349645.439123885
 10
470072.9201291251
 20
4349644.439123885
 10
470071.9201291251
 20
4349644.439123885
  0
TEXT
  5
239
330
17
100
AcDbEntity
  8
0
 62
1
100
AcDbText
 10
470072.26012912515
 20
4349644.8691238845
 30
0.0
 40
0.1333
  1
1.58
  7
CN_TTF
 11
470072.26012912515
 21
4349644.8691238845
 31
0.0
100
AcDbText
  0
LWPOLYLINE
  5
23A
330
17
100
AcDbEntity
  8
爆区方格网
 62
1
100
AcDbPolyline
 90
5
 70
1
 10
470071.9201291251
 20
4349645.439123885
 10
470071.9201291251
 20
4349646.439123885
 10
470072.9201291251
 20
4349646.439123885
 10
470072.9201291251
 20
4349645.439123885
 10
470071.9201291251
 20
4349645.439123885
  0
TEXT
  5
23B
330
17
100
AcDbEntity
  8
0
 62
1
100
AcDbText
 10
470072.26012912515
 20
4349645.8691238845
 30
0.0
 40
0.1333
  1
1.58
  7
CN_TTF
 11
470072.26012912515
 21
4349645.8691238845
 31
0.0
100
AcDbText
  0
LWPOLYLINE
  5
23C
330
17
100
AcDbEntity
  8
爆区方格网
 62
1
100
AcDbPolyline
 90
5
 70
1
 10
470071.9201291251
 20
4349646.439123885
 10
470071.9201291251
 20
4349647.439123885
 10
470072.9201291251
 20
4349647.439123885
 10
470072.9201291251
 20
4349646.439123885
 10
470071.9201291251
 20
4349646.439123885
  0
TEXT
  5
23D
330
17
100
AcDbEntity
  8
0
 62
1
100
AcDbText
 10
470072.26012912515
 20
4349646.8691238845
 30
0.0
 40
0.1333
  1
1.58
  7
CN_TTF
 11
470072.26012912515
 21
4349646.8691238845
 31
0.0
100
AcDbText
  0
LWPOLYLINE
  5
23E
330
17
100
AcDbEntity
  8
爆区方格网
 62
1
100
AcDbPolyline
 90
5
 70
1
 10
470071.9201291251
 20
4349647.439123885
 10
470071.9201291251
 20
4349648.439123885
 10
470072.9201291251
 20
4349648.439123885
 10
470072.9201291251
 20
4349647.439123885
 10
470071.9201291251
 20
4349647.439123885
  0
TEXT
  5
23F
330
17
100
AcDbEntity
  8
0
 62
1
100
AcDbText
 10
470072.26012912515
 20
4349647.8691238845
 30
0.0
 40
0.1333
  1
1.58
  7
CN_TTF
 11
470072.26012912515
 21
4349647.8691238845
 31
0.0
100
AcDbText
  0
LWPOLYLINE
  5
240
330
17
100
AcDbEntity
  8
爆区方格网
 62
1
100
AcDbPolyline
 90
5
 70
1
 10
470071.9201291251
 20
4349648.439123885
 10
470071.9201291251
 20
4349649.439123885
 10
470072.9201291251
 20
4349649.439123885
 10
470072.9201291251
 20
4349648.439123885
 10
470071.9201291251
 20
4349648.439123885
  0
TEXT
  5
241
330
17
100
AcDbEntity
  8
0
 62
1
100
AcDbText
 10
470072.26012912515
 20
4349648.8691238845
 30
0.0
 40
0.1333
  1
1.58
  7
CN_TTF
 11
470072.26012912515
 21
4349648.8691238845
 31
0.0
100
AcDbText
  0
LWPOLYLINE
  5
242
330
17
100
AcDbEntity
  8
爆区方格网
 62
1
100
AcDbPolyline
 90
5
 70
1
 10
470071.9201291251
 20
4349649.439123885
 10
470071.9201291251
 20
4349650.439123885
 10
470072.9201291251
 20
4349650.439123885
 10
470072.9201291251
 20
4349649.439123885
 10
470071.9201291251
 20
4349649.439123885
  0
TEXT
  5
243
330
17
100
AcDbEntity
  8
0
 62
1
100
AcDbText
 10
470072.26012912515
 20
4349649.8691238845
 30
0.0
 40
0.1333
  1
1.58
  7
CN_TTF
 11
470072.26012912515
 21
4349649.8691238845
 31
0.0
100
AcDbText
  0
LWPOLYLINE
  5
244
330
17
100
AcDbEntity
  8
爆区方格网
 62
1
100
AcDbPolyline
 90
5
 70
1
 10
470071.9201291251
 20
4349650.439123885
 10
470071.9201291251
 20
4349651.439123885
 10
470072.9201291251
 20
4349651.439123885
 10
470072.9201291251
 20
4349650.439123885
 10
470071.9201291251
 20
4349650.439123885
  0
TEXT
  5
245
330
17
100
AcDbEntity
  8
0
 62
1
100
AcDbText
 10
470072.26012912515
 20
4349650.8691238845
 30
0.0
 40
0.1333
  1
1.87
  7
CN_TTF
 11
470072.26012912515
 21
4349650.8691238845
 31
0.0
100
AcDbText
  0
LWPOLYLINE
  5
246
330
17
100
AcDbEntity
  8
爆区方格网
 62
1
100
AcDbPolyline
 90
5
 70
1
 10
470071.9201291251
 20
4349651.439123885
 10
470071.9201291251
 20
4349652.439123885
 10
470072.9201291251
 20
4349652.439123885
 10
470072.9201291251
 20
4349651.439123885
 10
470071.9201291251
 20
4349651.439123885
  0
TEXT
  5
247
330
17
100
AcDbEntity
  8
0
 62
1
100
AcDbText
 10
470072.26012912515
 20
4349651.8691238845
 30
0.0
 40
0.1333
  1
1.87
  7
CN_TTF
 11
470072.26012912515
 21
4349651.8691238845
 31
0.0
100
AcDbText
  0
LWPOLYLINE
  5
248
330
17
100
AcDbEntity
  8
爆区方格网
 62
1
100
AcDbPolyline
 90
5
 70
1
 10
470071.9201291251
 20
4349652.439123885
 10
470071.9201291251
 20
4349653.439123885
 10
470072.9201291251
 20
4349653.439123885
 10
470072.9201291251
 20
4349652.439123885
 10
470071.9201291251
 20
4349652.439123885
  0
TEXT
  5
249
330
17
100
AcDbEntity
  8
0
 62
1
100
AcDbText
 10
470072.26012912515
 20
4349652.8691238845
 30
0.0
 40
0.1333
  1
1.87
  7
CN_TTF
 11
470072.26012912515
 21
4349652.8691238845
 31
0.0
100
AcDbText
  0
LWPOLYLINE
  5
24A
330
17
100
AcDbEntity
  8
爆区方格网
 62
1
100
AcDbPolyline
 90
8
 70
1
 10
470071.9201291251
 20
4349654.439123885
 10
470072.9201291251
 20
4349654.439123885
 10
470072.9201291251
 20
4349653.439123885
 10
470071.9201291251
 20
4349653.439123885
 10
470071.9201291251
 20
4349653.485216916
 10
470071.95499999996
 20
4349653.539
 10
470071.9201291251
 20
4349653.701282069
 10
470071.9201291251
 20
4349654.439123885
  0
TEXT
  5
24B
330
17
100
AcDbEntity
  8
0
 62
1
100
AcDbText
 10
470072.26012912515
 20
4349654.000202976
 30
0.0
 40
0.1333
  1
1.87
  7
CN_TTF
 11
470072.26012912515
 21
4349654.000202976
 31
0.0
100
AcDbText
  0
LWPOLYLINE
  5
24C
330
17
100
AcDbEntity
  8
爆区方格网
 62
1
100
AcDbPolyline
 90
5
 70
1
 10
470071.9201291251
 20
4349654.439123885
 10
470071.9201291251
 20
4349655.439123885
 10
470072.9201291251
 20
4349655.439123885
 10
470072.9201291251
 20
4349654.439123885
 10
470071.9201291251
 20
4349654.439123885
  0
TEXT
  5
24D
330
17
100
AcDbEntity
  8
0
 62
1
100
AcDbText
 10
470072.26012912515
 20
4349654.8691238845
 30
0.0
 40
0.1333
  1
1.87
  7
CN_TTF
 11
470072.26012912515
 21
4349654.8691238845
 31
0.0
100
AcDbText
  0
LWPOLYLINE
  5
24E
330
17
100
AcDbEntity
  8
爆区方格网
 62
1
100
AcDbPolyline
 90
5
 70
1
 10
470071.9201291251
 20
4349655.439123885
 10
470071.9201291251
 20
4349656.439123885
 10
470072.9201291251
 20
4349656.439123885
 10
470072.9201291251
 20
4349655.439123885
 10
470071.9201291251
 20
4349655.439123885
  0
TEXT
  5
24F
330
17
100
AcDbEntity
  8
0
 62
1
100
AcDbText
 10
470072.26012912515
 20
4349655.8691238845
 30
0.0
 40
0.1333
  1
1.63
  7
CN_TTF
 11
470072.26012912515
 21
4349655.8691238845
 31
0.0
100
AcDbText
  0
LWPOLYLINE
  5
250
330
17
100
AcDbEntity
  8
爆区方格网
 62
1
100
AcDbPolyline
 90
5
 70
1
 10
470071.9201291251
 20
4349656.439123885
 10
470071.9201291251
 20
4349657.439123885
 10
470072.9201291251
 20
4349657.439123885
 10
470072.9201291251
 20
4349656.439123885
 10
470071.9201291251
 20
4349656.439123885
  0
TEXT
  5
251
330
17
100
AcDbEntity
  8
0
 62
1
100
AcDbText
 10
470072.26012912515
 20
4349656.8691238845
 30
0.0
 40
0.1333
  1
1.63
  7
CN_TTF
 11
470072.26012912515
 21
4349656.8691238845
 31
0.0
100
AcDbText
  0
LWPOLYLINE
  5
252
330
17
100
AcDbEntity
  8
爆区方格网
 62
1
100
AcDbPolyline
 90
5
 70
1
 10
470071.9201291251
 20
4349657.439123885
 10
470071.9201291251
 20
4349658.439123885
 10
470072.9201291251
 20
4349658.439123885
 10
470072.9201291251
 20
4349657.439123885
 10
470071.9201291251
 20
4349657.439123885
  0
TEXT
  5
253
330
17
100
AcDbEntity
  8
0
 62
1
100
AcDbText
 10
470072.26012912515
 20
4349657.8691238845
 30
0.0
 40
0.1333
  1
1.63
  7
CN_TTF
 11
470072.26012912515
 21
4349657.8691238845
 31
0.0
100
AcDbText
  0
LWPOLYLINE
  5
254
330
17
100
AcDbEntity
  8
爆区方格网
 62
1
100
AcDbPolyline
 90
5
 70
1
 10
470071.9201291251
 20
4349658.439123885
 10
470071.9201291251
 20
4349659.439123885
 10
470072.9201291251
 20
4349659.439123885
 10
470072.9201291251
 20
4349658.439123885
 10
470071.9201291251
 20
4349658.439123885
  0
TEXT
  5
255
330
17
100
AcDbEntity
  8
0
 62
1
100
AcDbText
 10
470072.26012912515
 20
4349658.8691238845
 30
0.0
 40
0.1333
  1
1.63
  7
CN_TTF
 11
470072.26012912515
 21
4349658.8691238845
 31
0.0
100
AcDbText
  0
LWPOLYLINE
  5
256
330
17
100
AcDbEntity
  8
爆区方格网
 62
1
100
AcDbPolyline
 90
5
 70
1
 10
470071.9201291251
 20
4349659.439123885
 10
470071.9201291251
 20
4349660.439123885
 10
470072.9201291251
 20
4349660.439123885
 10
470072.9201291251
 20
4349659.439123885
 10
470071.9201291251
 20
4349659.439123885
  0
TEXT
  5
257
330
17
100
AcDbEntity
  8
0
 62
1
100
AcDbText
 10
470072.26012912515
 20
4349659.8691238845
 30
0.0
 40
0.1333
  1
1.63
  7
CN_TTF
 11
470072.26012912515
 21
4349659.8691238845
 31
0.0
100
AcDbText
  0
LWPOLYLINE
  5
258
330
17
100
AcDbEntity
  8
爆区方格网
 62
1
100
AcDbPolyline
 90
5
 70
1
 10
470071.9201291251
 20
4349660.439123885
 10
470071.9201291251
 20
4349661.439123885
 10
470072.9201291251
 20
4349661.439123885
 10
470072.9201291251
 20
4349660.439123885
 10
470071.9201291251
 20
4349660.439123885
  0
TEXT
  5
259
330
17
100
AcDbEntity
  8
0
 62
1
100
AcDbText
 10
470072.26012912515
 20
4349660.8691238845
 30
0.0
 40
0.1333
  1
1.63
  7
CN_TTF
 11
470072.26012912515
 21
4349660.8691238845
 31
0.0
100
AcDbText
  0
LWPOLYLINE
  5
25A
330
17
100
AcDbEntity
  8
爆区方格网
 62
1
100
AcDbPolyline
 90
5
 70
1
 10
470071.9201291251
 20
4349661.439123885
 10
470071.9201291251
 20
4349662.439123885
 10
470072.9201291251
 20
4349662.439123885
 10
470072.9201291251
 20
4349661.439123885
 10
470071.9201291251
 20
4349661.439123885
  0
TEXT
  5
25B
330
17
100
AcDbEntity
  8
0
 62
1
100
AcDbText
 10
470072.26012912515
 20
4349661.8691238845
 30
0.0
 40
0.1333
  1
1.63
  7
CN_TTF
 11
470072.26012912515
 21
4349661.8691238845
 31
0.0
100
AcDbText
  0
LWPOLYLINE
  5
25C
330
17
100
AcDbEntity
  8
爆区方格网
 62
1
100
AcDbPolyline
 90
5
 70
1
 10
470072.9201291251
 20
4349641.439123885
 10
470072.9201291251
 20
4349642.439123885
 10
470073.6428944115
 20
4349642.439123885
 10
470073.27484468865
 20
4349641.439123885
 10
470072.9201291251
 20
4349641.439123885
  0
TEXT
  5
25D
330
17
100
AcDbEntity
  8
0
 62
1
100
AcDbText
 10
470073.0294993376
 20
4349641.8691238845
 30
0.0
 40
0.1333
  1
2.23
  7
CN_TTF
 11
470073.0294993376
 21
4349641.8691238845
 31
0.0
100
AcDbText
  0
LWPOLYLINE
  5
25E
330
17
100
AcDbEntity
  8
爆区方格网
 62
1
100
AcDbPolyline
 90
7
 70
1
 10
470072.9201291251
 20
4349642.439123885
 10
470072.9201291251
 20
4349643.439123885
 10
470073.9201291251
 20
4349643.439123885
 10
470073.9201291251
 20
4349643.192377307
 10
470073.7963205658
 20
4349642.855986457
 10
470073.6428944115
 20
4349642.439123885
 10
470072.9201291251
 20
4349642.439123885
  0
TEXT
  5
25F
330
17
100
AcDbEntity
  8
0
 62
1
100
AcDbText
 10
470073.2291769853
 20
4349642.954181882
 30
0.0
 40
0.1333
  1
2.23
  7
CN_TTF
 11
470073.2291769853
 21
4349642.954181882
 31
0.0
100
AcDbText
  0
LWPOLYLINE
  5
260
330
17
100
AcDbEntity
  8
爆区方格网
 62
1
100
AcDbPolyline
 90
5
 70
1
 10
470072.9201291251
 20
4349643.439123885
 10
470072.9201291251
 20
4349644.439123885
 10
470073.9201291251
 20
4349644.439123885
 10
470073.9201291251
 20
4349643.439123885
 10
470072.9201291251
 20
4349643.439123885
  0
TEXT
  5
261
330
17
100
AcDbEntity
  8
0
 62
1
100
AcDbText
 10
470073.26012912515
 20
4349643.8691238845
 30
0.0
 40
0.1333
  1
1.58
  7
CN_TTF
 11
470073.26012912515
 21
4349643.8691238845
 31
0.0
100
AcDbText
  0
LWPOLYLINE
  5
262
330
17
100
AcDbEntity
  8
爆区方格网
 62
1
100
AcDbPolyline
 90
5
 70
1
 10
470072.9201291251
 20
4349644.439123885
 10
470072.9201291251
 20
4349645.439123885
 10
470073.9201291251
 20
4349645.439123885
 10
470073.9201291251
 20
4349644.439123885
 10
470072.9201291251
 20
4349644.439123885
  0
TEXT
  5
263
330
17
100
AcDbEntity
  8
0
 62
1
100
AcDbText
 10
470073.26012912515
 20
4349644.8691238845
 30
0.0
 40
0.1333
  1
1.58
  7
CN_TTF
 11
470073.26012912515
 21
4349644.8691238845
 31
0.0
100
AcDbText
  0
LWPOLYLINE
  5
264
330
17
100
AcDbEntity
  8
爆区方格网
 62
1
100
AcDbPolyline
 90
5
 70
1
 10
470072.9201291251
 20
4349645.439123885
 10
470072.9201291251
 20
4349646.439123885
 10
470073.9201291251
 20
4349646.439123885
 10
470073.9201291251
 20
4349645.439123885
 10
470072.9201291251
 20
4349645.439123885
  0
TEXT
  5
265
330
17
100
AcDbEntity
  8
0
 62
1
100
AcDbText
 10
470073.26012912515
 20
4349645.8691238845
 30
0.0
 40
0.1333
  1
1.58
  7
CN_TTF
 11
470073.26012912515
 21
4349645.8691238845
 31
0.0
100
AcDbText
  0
LWPOLYLINE
  5
266
330
17
100
AcDbEntity
  8
爆区方格网
 62
1
100
AcDbPolyline
 90
5
 70
1
 10
470072.9201291251
 20
4349646.439123885
 10
470072.9201291251
 20
4349647.439123885
 10
470073.9201291251
 20
4349647.439123885
 10
470073.9201291251
 20
4349646.439123885
 10
470072.9201291251
 20
4349646.439123885
  0
TEXT
  5
267
330
17
100
AcDbEntity
  8
0
 62
1
100
AcDbText
 10
470073.26012912515
 20
4349646.8691238845
 30
0.0
 40
0.1333
  1
1.58
  7
CN_TTF
 11
470073.26012912515
 21
4349646.8691238845
 31
0.0
100
AcDbText
  0
LWPOLYLINE
  5
268
330
17
100
AcDbEntity
  8
爆区方格网
 62
1
100
AcDbPolyline
 90
5
 70
1
 10
470072.9201291251
 20
4349647.439123885
 10
470072.9201291251
 20
4349648.439123885
 10
470073.9201291251
 20
4349648.439123885
 10
470073.9201291251
 20
4349647.439123885
 10
470072.9201291251
 20
4349647.439123885
  0
TEXT
  5
269
330
17
100
AcDbEntity
  8
0
 62
1
100
AcDbText
 10
470073.26012912515
 20
4349647.8691238845
 30
0.0
 40
0.1333
  1
1.58
  7
CN_TTF
 11
470073.26012912515
 21
4349647.8691238845
 31
0.0
100
AcDbText
  0
LWPOLYLINE
  5
26A
330
17
100
AcDbEntity
  8
爆区方格网
 62
1
100
AcDbPolyline
 90
5
 70
1
 10
470072.9201291251
 20
4349648.439123885
 10
470072.9201291251
 20
4349649.439123885
 10
470073.9201291251
 20
4349649.439123885
 10
470073.9201291251
 20
4349648.439123885
 10
470072.9201291251
 20
4349648.439123885
  0
TEXT
  5
26B
330
17
100
AcDbEntity
  8
0
 62
1
100
AcDbText
 10
470073.26012912515
 20
4349648.8691238845
 30
0.0
 40
0.1333
  1
1.58
  7
CN_TTF
 11
470073.26012912515
 21
4349648.8691238845
 31
0.0
100
AcDbText
  0
LWPOLYLINE
  5
26C
330
17
100
AcDbEntity
  8
爆区方格网
 62
1
100
AcDbPolyline
 90
5
 70
1
 10
470072.9201291251
 20
4349649.439123885
 10
470072.9201291251
 20
4349650.439123885
 10
470073.9201291251
 20
4349650.439123885
 10
470073.9201291251
 20
4349649.439123885
 10
470072.9201291251
 20
4349649.439123885
  0
TEXT
  5
26D
330
17
100
AcDbEntity
  8
0
 62
1
100
AcDbText
 10
470073.26012912515
 20
4349649.8691238845
 30
0.0
 40
0.1333
  1
1.87
  7
CN_TTF
 11
470073.26012912515
 21
4349649.8691238845
 31
0.0
100
AcDbText
  0
LWPOLYLINE
  5
26E
330
17
100
AcDbEntity
  8
爆区方格网
 62
1
100
AcDbPolyline
 90
5
 70
1
 10
470072.9201291251
 20
4349650.439123885
 10
470072.9201291251
 20
4349651.439123885
 10
470073.9201291251
 20
4349651.439123885
 10
470073.9201291251
 20
4349650.439123885
 10
470072.9201291251
 20
4349650.439123885
  0
TEXT
  5
26F
330
17
100
AcDbEntity
  8
0
 62
1
100
AcDbText
 10
470073.26012912515
 20
4349650.8691238845
 30
0.0
 40
0.1333
  1
1.87
  7
CN_TTF
 11
470073.26012912515
 21
4349650.8691238845
 31
0.0
100
AcDbText
  0
LWPOLYLINE
  5
270
330
17
100
AcDbEntity
  8
爆区方格网
 62
1
100
AcDbPolyline
 90
5
 70
1
 10
470072.9201291251
 20
4349651.439123885
 10
470072.9201291251
 20
4349652.439123885
 10
470073.9201291251
 20
4349652.439123885
 10
470073.9201291251
 20
4349651.439123885
 10
470072.9201291251
 20
4349651.439123885
  0
TEXT
  5
271
330
17
100
AcDbEntity
  8
0
 62
1
100
AcDbText
 10
470073.26012912515
 20
4349651.8691238845
 30
0.0
 40
0.1333
  1
1.87
  7
CN_TTF
 11
470073.26012912515
 21
4349651.8691238845
 31
0.0
100
AcDbText
  0
LWPOLYLINE
  5
272
330
17
100
AcDbEntity
  8
爆区方格网
 62
1
100
AcDbPolyline
 90
5
 70
1
 10
470072.9201291251
 20
4349652.439123885
 10
470072.9201291251
 20
4349653.439123885
 10
470073.9201291251
 20
4349653.439123885
 10
470073.9201291251
 20
4349652.439123885
 10
470072.9201291251
 20
4349652.439123885
  0
TEXT
  5
273
330
17
100
AcDbEntity
  8
0
 62
1
100
AcDbText
 10
470073.26012912515
 20
4349652.8691238845
 30
0.0
 40
0.1333
  1
1.87
  7
CN_TTF
 11
470073.26012912515
 21
4349652.8691238845
 31
0.0
100
AcDbText
  0
LWPOLYLINE
  5
274
330
17
100
AcDbEntity
  8
爆区方格网
 62
1
100
AcDbPolyline
 90
5
 70
1
 10
470072.9201291251
 20
4349653.439123885
 10
470072.9201291251
 20
4349654.439123885
 10
470073.9201291251
 20
4349654.439123885
 10
470073.9201291251
 20
4349653.439123885
 10
470072.9201291251
 20
4349653.439123885
  0
TEXT
  5
275
330
17
100
AcDbEntity
  8
0
 62
1
100
AcDbText
 10
470073.26012912515
 20
4349653.8691238845
 30
0.0
 40
0.1333
  1
1.87
  7
CN_TTF
 11
470073.26012912515
 21
4349653.8691238845
 31
0.0
100
AcDbText
  0
LWPOLYLINE
  5
276
330
17
100
AcDbEntity
  8
爆区方格网
 62
1
100
AcDbPolyline
 90
5
 70
1
 10
470072.9201291251
 20
4349654.439123885
 10
470072.9201291251
 20
4349655.439123885
 10
470073.9201291251
 20
4349655.439123885
 10
470073.9201291251
 20
4349654.439123885
 10
470072.9201291251
 20
4349654.439123885
  0
TEXT
  5
277
330
17
100
AcDbEntity
  8
0
 62
1
100
AcDbText
 10
470073.26012912515
 20
4349654.8691238845
 30
0.0
 40
0.1333
  1
1.87
  7
CN_TTF
 11
470073.26012912515
 21
4349654.8691238845
 31
0.0
100
AcDbText
  0
LWPOLYLINE
  5
278
330
17
100
AcDbEntity
  8
爆区方格网
 62
1
100
AcDbPolyline
 90
5
 70
1
 10
470072.9201291251
 20
4349655.439123885
 10
470072.9201291251
 20
4349656.439123885
 10
470073.9201291251
 20
4349656.439123885
 10
470073.9201291251
 20
4349655.439123885
 10
470072.9201291251
 20
4349655.439123885
  0
TEXT
  5
279
330
17
100
AcDbEntity
  8
0
 62
1
100
AcDbText
 10
470073.26012912515
 20
4349655.8691238845
 30
0.0
 40
0.1333
  1
1.87
  7
CN_TTF
 11
470073.26012912515
 21
4349655.8691238845
 31
0.0
100
AcDbText
  0
LWPOLYLINE
  5
27A
330
17
100
AcDbEntity
  8
爆区方格网
 62
1
100
AcDbPolyline
 90
5
 70
1
 10
470072.9201291251
 20
4349656.439123885
 10
470072.9201291251
 20
4349657.439123885
 10
470073.9201291251
 20
4349657.439123885
 10
470073.9201291251
 20
4349656.439123885
 10
470072.9201291251
 20
4349656.439123885
  0
TEXT
  5
27B
330
17
100
AcDbEntity
  8
0
 62
1
100
AcDbText
 10
470073.26012912515
 20
4349656.8691238845
 30
0.0
 40
0.1333
  1
1.63
  7
CN_TTF
 11
470073.26012912515
 21
4349656.8691238845
 31
0.0
100
AcDbText
  0
LWPOLYLINE
  5
27C
330
17
100
AcDbEntity
  8
爆区方格网
 62
1
100
AcDbPolyline
 90
5
 70
1
 10
470072.9201291251
 20
4349657.439123885
 10
470072.9201291251
 20
4349658.439123885
 10
470073.9201291251
 20
4349658.439123885
 10
470073.9201291251
 20
4349657.439123885
 10
470072.9201291251
 20
4349657.439123885
  0
TEXT
  5
27D
330
17
100
AcDbEntity
  8
0
 62
1
100
AcDbText
 10
470073.26012912515
 20
4349657.8691238845
 30
0.0
 40
0.1333
  1
1.63
  7
CN_TTF
 11
470073.26012912515
 21
4349657.8691238845
 31
0.0
100
AcDbText
  0
LWPOLYLINE
  5
27E
330
17
100
AcDbEntity
  8
爆区方格网
 62
1
100
AcDbPolyline
 90
5
 70
1
 10
470072.9201291251
 20
4349658.439123885
 10
470072.9201291251
 20
4349659.439123885
 10
470073.9201291251
 20
4349659.439123885
 10
470073.9201291251
 20
4349658.439123885
 10
470072.9201291251
 20
4349658.439123885
  0
TEXT
  5
27F
330
17
100
AcDbEntity
  8
0
 62
1
100
AcDbText
 10
470073.26012912515
 20
4349658.8691238845
 30
0.0
 40
0.1333
  1
1.63
  7
CN_TTF
 11
470073.26012912515
 21
4349658.8691238845
 31
0.0
100
AcDbText
  0
LWPOLYLINE
  5
280
330
17
100
AcDbEntity
  8
爆区方格网
 62
1
100
AcDbPolyline
 90
5
 70
1
 10
470072.9201291251
 20
4349659.439123885
 10
470072.9201291251
 20
4349660.439123885
 10
470073.9201291251
 20
4349660.439123885
 10
470073.9201291251
 20
4349659.439123885
 10
470072.9201291251
 20
4349659.439123885
  0
TEXT
  5
281
330
17
100
AcDbEntity
  8
0
 62
1
100
AcDbText
 10
470073.26012912515
 20
4349659.8691238845
 30
0.0
 40
0.1333
  1
1.63
  7
CN_TTF
 11
470073.26012912515
 21
4349659.8691238845
 31
0.0
100
AcDbText
  0
LWPOLYLINE
  5
282
330
17
100
AcDbEntity
  8
爆区方格网
 62
1
100
AcDbPolyline
 90
5
 70
1
 10
470072.9201291251
 20
4349660.439123885
 10
470072.9201291251
 20
4349661.439123885
 10
470073.9201291251
 20
4349661.439123885
 10
470073.9201291251
 20
4349660.439123885
 10
470072.9201291251
 20
4349660.439123885
  0
TEXT
  5
283
330
17
100
AcDbEntity
  8
0
 62
1
100
AcDbText
 10
470073.26012912515
 20
4349660.8691238845
 30
0.0
 40
0.1333
  1
1.63
  7
CN_TTF
 11
470073.26012912515
 21
4349660.8691238845
 31
0.0
100
AcDbText
  0
LWPOLYLINE
  5
284
330
17
100
AcDbEntity
  8
爆区方格网
 62
1
100
AcDbPolyline
 90
5
 70
1
 10
470072.9201291251
 20
4349661.439123885
 10
470072.9201291251
 20
4349662.439123885
 10
470073.9201291251
 20
4349662.439123885
 10
470073.9201291251
 20
4349661.439123885
 10
470072.9201291251
 20
4349661.439123885
  0
TEXT
  5
285
330
17
100
AcDbEntity
  8
0
 62
1
100
AcDbText
 10
470073.26012912515
 20
4349661.8691238845
 30
0.0
 40
0.1333
  1
1.63
  7
CN_TTF
 11
470073.26012912515
 21
4349661.8691238845
 31
0.0
100
AcDbText
  0
LWPOLYLINE
  5
286
330
17
100
AcDbEntity
  8
爆区方格网
 62
1
100
AcDbPolyline
 90
5
 70
1
 10
470073.9201291251
 20
4349644.439123885
 10
470073.9201291251
 20
4349645.439123885
 10
470074.74704358005
 20
4349645.439123885
 10
470074.3789938572
 20
4349644.439123885
 10
470073.9201291251
 20
4349644.439123885
  0
TEXT
  5
287
330
17
100
AcDbEntity
  8
0
 62
1
100
AcDbText
 10
470074.0815739219
 20
4349644.8691238845
 30
0.0
 40
0.1333
  1
1.58
  7
CN_TTF
 11
470074.0815739219
 21
4349644.8691238845
 31
0.0
100
AcDbText
  0
LWPOLYLINE
  5
288
330
17
100
AcDbEntity
  8
爆区方格网
 62
1
100
AcDbPolyline
 90
6
 70
1
 10
470073.9201291251
 20
4349645.439123885
 10
470073.9201291251
 20
4349646.439123885
 10
470074.9201291251
 20
4349646.439123885
 10
470074.9201291251
 20
4349645.909401498
 10
470074.74704358005
 20
4349645.439123885
 10
470073.9201291251
 20
4349645.439123885
  0
TEXT
  5
289
330
17
100
AcDbEntity
  8
0
 62
1
100
AcDbText
 10
470074.26012912515
 20
4349646.104262691
 30
0.0
 40
0.1333
  1
1.58
  7
CN_TTF
 11
470074.26012912515
 21
4349646.104262691
 31
0.0
100
AcDbText
  0
LWPOLYLINE
  5
28A
330
17
100
AcDbEntity
  8
爆区方格网
 62
1
100
AcDbPolyline
 90
5
 70
1
 10
470073.9201291251
 20
4349646.439123885
 10
470073.9201291251
 20
4349647.439123885
 10
470074.9201291251
 20
4349647.439123885
 10
470074.9201291251
 20
4349646.439123885
 10
470073.9201291251
 20
4349646.439123885
  0
TEXT
  5
28B
330
17
100
AcDbEntity
  8
0
 62
1
100
AcDbText
 10
470074.26012912515
 20
4349646.8691238845
 30
0.0
 40
0.1333
  1
1.58
  7
CN_TTF
 11
470074.26012912515
 21
4349646.8691238845
 31
0.0
100
AcDbText
  0
LWPOLYLINE
  5
28C
330
17
100
AcDbEntity
  8
爆区方格网
 62
1
100
AcDbPolyline
 90
5
 70
1
 10
470073.9201291251
 20
4349647.439123885
 10
470073.9201291251
 20
4349648.439123885
 10
470074.9201291251
 20
4349648.439123885
 10
470074.9201291251
 20
4349647.439123885
 10
470073.9201291251
 20
4349647.439123885
  0
TEXT
  5
28D
330
17
100
AcDbEntity
  8
0
 62
1
100
AcDbText
 10
470074.26012912515
 20
4349647.8691238845
 30
0.0
 40
0.1333
  1
1.58
  7
CN_TTF
 11
470074.26012912515
 21
4349647.8691238845
 31
0.0
100
AcDbText
  0
LWPOLYLINE
  5
28E
330
17
100
AcDbEntity
  8
爆区方格网
 62
1
100
AcDbPolyline
 90
5
 70
1
 10
470073.9201291251
 20
4349648.439123885
 10
470073.9201291251
 20
4349649.439123885
 10
470074.9201291251
 20
4349649.439123885
 10
470074.9201291251
 20
4349648.439123885
 10
470073.9201291251
 20
4349648.439123885
  0
TEXT
  5
28F
330
17
100
AcDbEntity
  8
0
 62
1
100
AcDbText
 10
470074.26012912515
 20
4349648.8691238845
 30
0.0
 40
0.1333
  1
1.87
  7
CN_TTF
 11
470074.26012912515
 21
4349648.8691238845
 31
0.0
100
AcDbText
  0
LWPOLYLINE
  5
290
330
17
100
AcDbEntity
  8
爆区方格网
 62
1
100
AcDbPolyline
 90
5
 70
1
 10
470073.9201291251
 20
4349649.439123885
 10
470073.9201291251
 20
4349650.439123885
 10
470074.9201291251
 20
4349650.439123885
 10
470074.9201291251
 20
4349649.439123885
 10
470073.9201291251
 20
4349649.439123885
  0
TEXT
  5
291
330
17
100
AcDbEntity
  8
0
 62
1
100
AcDbText
 10
470074.26012912515
 20
4349649.8691238845
 30
0.0
 40
0.1333
  1
1.87
  7
CN_TTF
 11
470074.26012912515
 21
4349649.8691238845
 31
0.0
100
AcDbText
  0
LWPOLYLINE
  5
292
330
17
100
AcDbEntity
  8
爆区方格网
 62
1
100
AcDbPolyline
 90
5
 70
1
 10
470073.9201291251
 20
4349650.439123885
 10
470073.9201291251
 20
4349651.439123885
 10
470074.9201291251
 20
4349651.439123885
 10
470074.9201291251
 20
4349650.439123885
 10
470073.9201291251
 20
4349650.439123885
  0
TEXT
  5
293
330
17
100
AcDbEntity
  8
0
 62
1
100
AcDbText
 10
470074.26012912515
 20
4349650.8691238845
 30
0.0
 40
0.1333
  1
1.87
  7
CN_TTF
 11
470074.26012912515
 21
4349650.8691238845
 31
0.0
100
AcDbText
  0
LWPOLYLINE
  5
294
330
17
100
AcDbEntity
  8
爆区方格网
 62
1
100
AcDbPolyline
 90
5
 70
1
 10
470073.9201291251
 20
4349651.439123885
 10
470073.9201291251
 20
4349652.439123885
 10
470074.9201291251
 20
4349652.439123885
 10
470074.9201291251
 20
4349651.439123885
 10
470073.9201291251
 20
4349651.439123885
  0
TEXT
  5
295
330
17
100
AcDbEntity
  8
0
 62
1
100
AcDbText
 10
470074.26012912515
 20
4349651.8691238845
 30
0.0
 40
0.1333
  1
1.87
  7
CN_TTF
 11
470074.26012912515
 21
4349651.8691238845
 31
0.0
100
AcDbText
  0
LWPOLYLINE
  5
296
330
17
100
AcDbEntity
  8
爆区方格网
 62
1
100
AcDbPolyline
 90
5
 70
1
 10
470073.9201291251
 20
4349652.439123885
 10
470073.9201291251
 20
4349653.439123885
 10
470074.9201291251
 20
4349653.439123885
 10
470074.9201291251
 20
4349652.439123885
 10
470073.9201291251
 20
4349652.439123885
  0
TEXT
  5
297
330
17
100
AcDbEntity
  8
0
 62
1
100
AcDbText
 10
470074.26012912515
 20
4349652.8691238845
 30
0.0
 40
0.1333
  1
1.87
  7
CN_TTF
 11
470074.26012912515
 21
4349652.8691238845
 31
0.0
100
AcDbText
  0
LWPOLYLINE
  5
298
330
17
100
AcDbEntity
  8
爆区方格网
 62
1
100
AcDbPolyline
 90
5
 70
1
 10
470073.9201291251
 20
4349653.439123885
 10
470073.9201291251
 20
4349654.439123885
 10
470074.9201291251
 20
4349654.439123885
 10
470074.9201291251
 20
4349653.439123885
 10
470073.9201291251
 20
4349653.439123885
  0
TEXT
  5
299
330
17
100
AcDbEntity
  8
0
 62
1
100
AcDbText
 10
470074.26012912515
 20
4349653.8691238845
 30
0.0
 40
0.1333
  1
1.87
  7
CN_TTF
 11
470074.26012912515
 21
4349653.8691238845
 31
0.0
100
AcDbText
  0
LWPOLYLINE
  5
29A
330
17
100
AcDbEntity
  8
爆区方格网
 62
1
100
AcDbPolyline
 90
5
 70
1
 10
470073.9201291251
 20
4349654.439123885
 10
470073.9201291251
 20
4349655.439123885
 10
470074.9201291251
 20
4349655.439123885
 10
470074.9201291251
 20
4349654.439123885
 10
470073.9201291251
 20
4349654.439123885
  0
TEXT
  5
29B
330
17
100
AcDbEntity
  8
0
 62
1
100
AcDbText
 10
470074.26012912515
 20
4349654.8691238845
 30
0.0
 40
0.1333
  1
1.87
  7
CN_TTF
 11
470074.26012912515
 21
4349654.8691238845
 31
0.0
100
AcDbText
  0
LWPOLYLINE
  5
29C
330
17
100
AcDbEntity
  8
爆区方格网
 62
1
100
AcDbPolyline
 90
5
 70
1
 10
470073.9201291251
 20
4349655.439123885
 10
470073.9201291251
 20
4349656.439123885
 10
470074.9201291251
 20
4349656.439123885
 10
470074.9201291251
 20
4349655.439123885
 10
470073.9201291251
 20
4349655.439123885
  0
TEXT
  5
29D
330
17
100
AcDbEntity
  8
0
 62
1
100
AcDbText
 10
470074.26012912515
 20
4349655.8691238845
 30
0.0
 40
0.1333
  1
1.87
  7
CN_TTF
 11
470074.26012912515
 21
4349655.8691238845
 31
0.0
100
AcDbText
  0
LWPOLYLINE
  5
29E
330
17
100
AcDbEntity
  8
爆区方格网
 62
1
100
AcDbPolyline
 90
5
 70
1
 10
470073.9201291251
 20
4349656.439123885
 10
470073.9201291251
 20
4349657.439123885
 10
470074.9201291251
 20
4349657.439123885
 10
470074.9201291251
 20
4349656.439123885
 10
470073.9201291251
 20
4349656.439123885
  0
TEXT
  5
29F
330
17
100
AcDbEntity
  8
0
 62
1
100
AcDbText
 10
470074.26012912515
 20
4349656.8691238845
 30
0.0
 40
0.1333
  1
1.63
  7
CN_TTF
 11
470074.26012912515
 21
4349656.8691238845
 31
0.0
100
AcDbText
  0
LWPOLYLINE
  5
2A0
330
17
100
AcDbEntity
  8
爆区方格网
 62
1
100
AcDbPolyline
 90
5
 70
1
 10
470073.9201291251
 20
4349657.439123885
 10
470073.9201291251
 20
4349658.439123885
 10
470074.9201291251
 20
4349658.439123885
 10
470074.9201291251
 20
4349657.439123885
 10
470073.9201291251
 20
4349657.439123885
  0
TEXT
  5
2A1
330
17
100
AcDbEntity
  8
0
 62
1
100
AcDbText
 10
470074.26012912515
 20
4349657.8691238845
 30
0.0
 40
0.1333
  1
1.63
  7
CN_TTF
 11
470074.26012912515
 21
4349657.8691238845
 31
0.0
100
AcDbText
  0
LWPOLYLINE
  5
2A2
330
17
100
AcDbEntity
  8
爆区方格网
 62
1
100
AcDbPolyline
 90
5
 70
1
 10
470073.9201291251
 20
4349658.439123885
 10
470073.9201291251
 20
4349659.439123885
 10
470074.9201291251
 20
4349659.439123885
 10
470074.9201291251
 20
4349658.439123885
 10
470073.9201291251
 20
4349658.439123885
  0
TEXT
  5
2A3
330
17
100
AcDbEntity
  8
0
 62
1
100
AcDbText
 10
470074.26012912515
 20
4349658.8691238845
 30
0.0
 40
0.1333
  1
1.63
  7
CN_TTF
 11
470074.26012912515
 21
4349658.8691238845
 31
0.0
100
AcDbText
  0
LWPOLYLINE
  5
2A4
330
17
100
AcDbEntity
  8
爆区方格网
 62
1
100
AcDbPolyline
 90
5
 70
1
 10
470073.9201291251
 20
4349659.439123885
 10
470073.9201291251
 20
4349660.439123885
 10
470074.9201291251
 20
4349660.439123885
 10
470074.9201291251
 20
4349659.439123885
 10
470073.9201291251
 20
4349659.439123885
  0
TEXT
  5
2A5
330
17
100
AcDbEntity
  8
0
 62
1
100
AcDbText
 10
470074.26012912515
 20
4349659.8691238845
 30
0.0
 40
0.1333
  1
1.63
  7
CN_TTF
 11
470074.26012912515
 21
4349659.8691238845
 31
0.0
100
AcDbText
  0
LWPOLYLINE
  5
2A6
330
17
100
AcDbEntity
  8
爆区方格网
 62
1
100
AcDbPolyline
 90
5
 70
1
 10
470073.9201291251
 20
4349660.439123885
 10
470073.9201291251
 20
4349661.439123885
 10
470074.9201291251
 20
4349661.439123885
 10
470074.9201291251
 20
4349660.439123885
 10
470073.9201291251
 20
4349660.439123885
  0
TEXT
  5
2A7
330
17
100
AcDbEntity
  8
0
 62
1
100
AcDbText
 10
470074.26012912515
 20
4349660.8691238845
 30
0.0
 40
0.1333
  1
1.63
  7
CN_TTF
 11
470074.26012912515
 21
4349660.8691238845
 31
0.0
100
AcDbText
  0
LWPOLYLINE
  5
2A8
330
17
100
AcDbEntity
  8
爆区方格网
 62
1
100
AcDbPolyline
 90
5
 70
1
 10
470073.9201291251
 20
4349661.439123885
 10
470073.9201291251
 20
4349662.439123885
 10
470074.9201291251
 20
4349662.439123885
 10
470074.9201291251
 20
4349661.439123885
 10
470073.9201291251
 20
4349661.439123885
  0
TEXT
  5
2A9
330
17
100
AcDbEntity
  8
0
 62
1
100
AcDbText
 10
470074.26012912515
 20
4349661.8691238845
 30
0.0
 40
0.1333
  1
1.63
  7
CN_TTF
 11
470074.26012912515
 21
4349661.8691238845
 31
0.0
100
AcDbText
  0
LWPOLYLINE
  5
2AA
330
17
100
AcDbEntity
  8
爆区方格网
 62
1
100
AcDbPolyline
 90
5
 70
1
 10
470074.9201291251
 20
4349662.439123885
 10
470073.9201291251
 20
4349662.439123885
 10
470073.9201291251
 20
4349662.90094091
 10
470074.9201291251
 20
4349663.064034214
 10
470074.9201291251
 20
4349662.439123885
  0
TEXT
  5
2AB
330
17
100
AcDbEntity
  8
0
 62
1
100
AcDbText
 10
470074.26012912515
 20
4349662.600032397
 30
0.0
 40
0.1333
  1
1.63
  7
CN_TTF
 11
470074.26012912515
 21
4349662.600032397
 31
0.0
100
AcDbText
  0
LWPOLYLINE
  5
2AC
330
17
100
AcDbEntity
  8
爆区方格网
 62
1
100
AcDbPolyline
 90
6
 70
1
 10
470074.9201291251
 20
4349647.439123885
 10
470074.9201291251
 20
4349648.439123885
 10
470075.8511927486
 20
4349648.439123885
 10
470075.6807622985
 20
4349647.976060229
 10
470075.4831430257
 20
4349647.439123885
 10
470074.9201291251
 20
4349647.439123885
  0
TEXT
  5
2AD
330
17
100
AcDbEntity
  8
0
 62
1
100
AcDbText
 10
470075.09104089363
 20
4349647.637592057
 30
0.0
 40
0.1333
  1
1.58
  7
CN_TTF
 11
470075.09104089363
 21
4349647.637592057
 31
0.0
100
AcDbText
  0
LWPOLYLINE
  5
2AE
330
17
100
AcDbEntity
  8
爆区方格网
 62
1
100
AcDbPolyline
 90
6
 70
1
 10
470074.9201291251
 20
4349648.439123885
 10
470074.9201291251
 20
4349649.439123885
 10
470075.9201291251
 20
4349649.439123885
 10
470075.9201291251
 20
4349648.626425687
 10
470075.8511927486
 20
4349648.439123885
 10
470074.9201291251
 20
4349648.439123885
  0
TEXT
  5
2AF
330
17
100
AcDbEntity
  8
0
 62
1
100
AcDbText
 10
470075.26012912515
 20
4349648.962774785
 30
0.0
 40
0.1333
  1
1.87
  7
CN_TTF
 11
470075.26012912515
 21
4349648.962774785
 31
0.0
100
AcDbText
  0
LWPOLYLINE
  5
2B0
330
17
100
AcDbEntity
  8
爆区方格网
 62
1
100
AcDbPolyline
 90
5
 70
1
 10
470074.9201291251
 20
4349649.439123885
 10
470074.9201291251
 20
4349650.439123885
 10
470075.9201291251
 20
4349650.439123885
 10
470075.9201291251
 20
4349649.439123885
 10
470074.9201291251
 20
4349649.439123885
  0
TEXT
  5
2B1
330
17
100
AcDbEntity
  8
0
 62
1
100
AcDbText
 10
470075.26012912515
 20
4349649.8691238845
 30
0.0
 40
0.1333
  1
1.87
  7
CN_TTF
 11
470075.26012912515
 21
4349649.8691238845
 31
0.0
100
AcDbText
  0
LWPOLYLINE
  5
2B2
330
17
100
AcDbEntity
  8
爆区方格网
 62
1
100
AcDbPolyline
 90
5
 70
1
 10
470074.9201291251
 20
4349650.439123885
 10
470074.9201291251
 20
4349651.439123885
 10
470075.9201291251
 20
4349651.439123885
 10
470075.9201291251
 20
4349650.439123885
 10
470074.9201291251
 20
4349650.439123885
  0
TEXT
  5
2B3
330
17
100
AcDbEntity
  8
0
 62
1
100
AcDbText
 10
470075.26012912515
 20
4349650.8691238845
 30
0.0
 40
0.1333
  1
1.87
  7
CN_TTF
 11
470075.26012912515
 21
4349650.8691238845
 31
0.0
100
AcDbText
  0
LWPOLYLINE
  5
2B4
330
17
100
AcDbEntity
  8
爆区方格网
 62
1
100
AcDbPolyline
 90
5
 70
1
 10
470074.9201291251
 20
4349651.439123885
 10
470074.9201291251
 20
4349652.439123885
 10
470075.9201291251
 20
4349652.439123885
 10
470075.9201291251
 20
4349651.439123885
 10
470074.9201291251
 20
4349651.439123885
  0
TEXT
  5
2B5
330
17
100
AcDbEntity
  8
0
 62
1
100
AcDbText
 10
470075.26012912515
 20
4349651.8691238845
 30
0.0
 40
0.1333
  1
1.87
  7
CN_TTF
 11
470075.26012912515
 21
4349651.8691238845
 31
0.0
100
AcDbText
  0
LWPOLYLINE
  5
2B6
330
17
100
AcDbEntity
  8
爆区方格网
 62
1
100
AcDbPolyline
 90
5
 70
1
 10
470074.9201291251
 20
4349652.439123885
 10
470074.9201291251
 20
4349653.439123885
 10
470075.9201291251
 20
4349653.439123885
 10
470075.9201291251
 20
4349652.439123885
 10
470074.9201291251
 20
4349652.439123885
  0
TEXT
  5
2B7
330
17
100
AcDbEntity
  8
0
 62
1
100
AcDbText
 10
470075.26012912515
 20
4349652.8691238845
 30
0.0
 40
0.1333
  1
1.87
  7
CN_TTF
 11
470075.26012912515
 21
4349652.8691238845
 31
0.0
100
AcDbText
  0
LWPOLYLINE
  5
2B8
330
17
100
AcDbEntity
  8
爆区方格网
 62
1
100
AcDbPolyline
 90
5
 70
1
 10
470074.9201291251
 20
4349653.439123885
 10
470074.9201291251
 20
4349654.439123885
 10
470075.9201291251
 20
4349654.439123885
 10
470075.9201291251
 20
4349653.439123885
 10
470074.9201291251
 20
4349653.439123885
  0
TEXT
  5
2B9
330
17
100
AcDbEntity
  8
0
 62
1
100
AcDbText
 10
470075.26012912515
 20
4349653.8691238845
 30
0.0
 40
0.1333
  1
1.87
  7
CN_TTF
 11
470075.26012912515
 21
4349653.8691238845
 31
0.0
100
AcDbText
  0
LWPOLYLINE
  5
2BA
330
17
100
AcDbEntity
  8
爆区方格网
 62
1
100
AcDbPolyline
 90
5
 70
1
 10
470074.9201291251
 20
4349654.439123885
 10
470074.9201291251
 20
4349655.439123885
 10
470075.9201291251
 20
4349655.439123885
 10
470075.9201291251
 20
4349654.439123885
 10
470074.9201291251
 20
4349654.439123885
  0
TEXT
  5
2BB
330
17
100
AcDbEntity
  8
0
 62
1
100
AcDbText
 10
470075.26012912515
 20
4349654.8691238845
 30
0.0
 40
0.1333
  1
1.87
  7
CN_TTF
 11
470075.26012912515
 21
4349654.8691238845
 31
0.0
100
AcDbText
  0
LWPOLYLINE
  5
2BC
330
17
100
AcDbEntity
  8
爆区方格网
 62
1
100
AcDbPolyline
 90
5
 70
1
 10
470074.9201291251
 20
4349655.439123885
 10
470074.9201291251
 20
4349656.439123885
 10
470075.9201291251
 20
4349656.439123885
 10
470075.9201291251
 20
4349655.439123885
 10
470074.9201291251
 20
4349655.439123885
  0
TEXT
  5
2BD
330
17
100
AcDbEntity
  8
0
 62
1
100
AcDbText
 10
470075.26012912515
 20
4349655.8691238845
 30
0.0
 40
0.1333
  1
1.87
  7
CN_TTF
 11
470075.26012912515
 21
4349655.8691238845
 31
0.0
100
AcDbText
  0
LWPOLYLINE
  5
2BE
330
17
100
AcDbEntity
  8
爆区方格网
 62
1
100
AcDbPolyline
 90
5
 70
1
 10
470074.9201291251
 20
4349656.439123885
 10
470074.9201291251
 20
4349657.439123885
 10
470075.9201291251
 20
4349657.439123885
 10
470075.9201291251
 20
4349656.439123885
 10
470074.9201291251
 20
4349656.439123885
  0
TEXT
  5
2BF
330
17
100
AcDbEntity
  8
0
 62
1
100
AcDbText
 10
470075.26012912515
 20
4349656.8691238845
 30
0.0
 40
0.1333
  1
1.63
  7
CN_TTF
 11
470075.26012912515
 21
4349656.8691238845
 31
0.0
100
AcDbText
  0
LWPOLYLINE
  5
2C0
330
17
100
AcDbEntity
  8
爆区方格网
 62
1
100
AcDbPolyline
 90
5
 70
1
 10
470074.9201291251
 20
4349657.439123885
 10
470074.9201291251
 20
4349658.439123885
 10
470075.9201291251
 20
4349658.439123885
 10
470075.9201291251
 20
4349657.439123885
 10
470074.9201291251
 20
4349657.439123885
  0
TEXT
  5
2C1
330
17
100
AcDbEntity
  8
0
 62
1
100
AcDbText
 10
470075.26012912515
 20
4349657.8691238845
 30
0.0
 40
0.1333
  1
1.63
  7
CN_TTF
 11
470075.26012912515
 21
4349657.8691238845
 31
0.0
100
AcDbText
  0
LWPOLYLINE
  5
2C2
330
17
100
AcDbEntity
  8
爆区方格网
 62
1
100
AcDbPolyline
 90
5
 70
1
 10
470074.9201291251
 20
4349658.439123885
 10
470074.9201291251
 20
4349659.439123885
 10
470075.9201291251
 20
4349659.439123885
 10
470075.9201291251
 20
4349658.439123885
 10
470074.9201291251
 20
4349658.439123885
  0
TEXT
  5
2C3
330
17
100
AcDbEntity
  8
0
 62
1
100
AcDbText
 10
470075.26012912515
 20
4349658.8691238845
 30
0.0
 40
0.1333
  1
1.63
  7
CN_TTF
 11
470075.26012912515
 21
4349658.8691238845
 31
0.0
100
AcDbText
  0
LWPOLYLINE
  5
2C4
330
17
100
AcDbEntity
  8
爆区方格网
 62
1
100
AcDbPolyline
 90
5
 70
1
 10
470074.9201291251
 20
4349659.439123885
 10
470074.9201291251
 20
4349660.439123885
 10
470075.9201291251
 20
4349660.439123885
 10
470075.9201291251
 20
4349659.439123885
 10
470074.9201291251
 20
4349659.439123885
  0
TEXT
  5
2C5
330
17
100
AcDbEntity
  8
0
 62
1
100
AcDbText
 10
470075.26012912515
 20
4349659.8691238845
 30
0.0
 40
0.1333
  1
1.63
  7
CN_TTF
 11
470075.26012912515
 21
4349659.8691238845
 31
0.0
100
AcDbText
  0
LWPOLYLINE
  5
2C6
330
17
100
AcDbEntity
  8
爆区方格网
 62
1
100
AcDbPolyline
 90
5
 70
1
 10
470074.9201291251
 20
4349660.439123885
 10
470074.9201291251
 20
4349661.439123885
 10
470075.9201291251
 20
4349661.439123885
 10
470075.9201291251
 20
4349660.439123885
 10
470074.9201291251
 20
4349660.439123885
  0
TEXT
  5
2C7
330
17
100
AcDbEntity
  8
0
 62
1
100
AcDbText
 10
470075.26012912515
 20
4349660.8691238845
 30
0.0
 40
0.1333
  1
1.63
  7
CN_TTF
 11
470075.26012912515
 21
4349660.8691238845
 31
0.0
100
AcDbText
  0
LWPOLYLINE
  5
2C8
330
17
100
AcDbEntity
  8
爆区方格网
 62
1
100
AcDbPolyline
 90
5
 70
1
 10
470074.9201291251
 20
4349661.439123885
 10
470074.9201291251
 20
4349662.439123885
 10
470075.9201291251
 20
4349662.439123885
 10
470075.9201291251
 20
4349661.439123885
 10
470074.9201291251
 20
4349661.439123885
  0
TEXT
  5
2C9
330
17
100
AcDbEntity
  8
0
 62
1
100
AcDbText
 10
470075.26012912515
 20
4349661.8691238845
 30
0.0
 40
0.1333
  1
1.63
  7
CN_TTF
 11
470075.26012912515
 21
4349661.8691238845
 31
0.0
100
AcDbText
  0
LWPOLYLINE
  5
2CA
330
17
100
AcDbEntity
  8
爆区方格网
 62
1
100
AcDbPolyline
 90
5
 70
1
 10
470075.9201291251
 20
4349662.439123885
 10
470074.9201291251
 20
4349662.439123885
 10
470074.9201291251
 20
4349663.064034214
 10
470075.9201291251
 20
4349663.227127519
 10
470075.9201291251
 20
4349662.439123885
  0
TEXT
  5
2CB
330
17
100
AcDbEntity
  8
0
 62
1
100
AcDbText
 10
470075.26012912515
 20
4349662.68157905
 30
0.0
 40
0.1333
  1
1.63
  7
CN_TTF
 11
470075.26012912515
 21
4349662.68157905
 31
0.0
100
AcDbText
  0
LWPOLYLINE
  5
2CC
330
17
100
AcDbEntity
  8
爆区方格网
 62
1
100
AcDbPolyline
 90
6
 70
1
 10
470075.9201291251
 20
4349650.439123885
 10
470075.9201291251
 20
4349651.439123885
 10
470076.9201291251
 20
4349651.439123885
 10
470076.9201291251
 20
4349651.343449878
 10
470076.58729219425
 20
4349650.439123885
 10
470075.9201291251
 20
4349650.439123885
  0
TEXT
  5
2CD
330
17
100
AcDbEntity
  8
0
 62
1
100
AcDbText
 10
470076.1769198925
 20
4349650.821286881
 30
0.0
 40
0.1333
  1
1.87
  7
CN_TTF
 11
470076.1769198925
 21
4349650.821286881
 31
0.0
100
AcDbText
  0
LWPOLYLINE
  5
2CE
330
17
100
AcDbEntity
  8
爆区方格网
 62
1
100
AcDbPolyline
 90
5
 70
1
 10
470075.9201291251
 20
4349651.439123885
 10
470075.9201291251
 20
4349652.439123885
 10
470076.9201291251
 20
4349652.439123885
 10
470076.9201291251
 20
4349651.439123885
 10
470075.9201291251
 20
4349651.439123885
  0
TEXT
  5
2CF
330
17
100
AcDbEntity
  8
0
 62
1
100
AcDbText
 10
470076.26012912515
 20
4349651.8691238845
 30
0.0
 40
0.1333
  1
1.87
  7
CN_TTF
 11
470076.26012912515
 21
4349651.8691238845
 31
0.0
100
AcDbText
  0
LWPOLYLINE
  5
2D0
330
17
100
AcDbEntity
  8
爆区方格网
 62
1
100
AcDbPolyline
 90
5
 70
1
 10
470075.9201291251
 20
4349652.439123885
 10
470075.9201291251
 20
4349653.439123885
 10
470076.9201291251
 20
4349653.439123885
 10
470076.9201291251
 20
4349652.439123885
 10
470075.9201291251
 20
4349652.439123885
  0
TEXT
  5
2D1
330
17
100
AcDbEntity
  8
0
 62
1
100
AcDbText
 10
470076.26012912515
 20
4349652.8691238845
 30
0.0
 40
0.1333
  1
1.87
  7
CN_TTF
 11
470076.26012912515
 21
4349652.8691238845
 31
0.0
100
AcDbText
  0
LWPOLYLINE
  5
2D2
330
17
100
AcDbEntity
  8
爆区方格网
 62
1
100
AcDbPolyline
 90
5
 70
1
 10
470075.9201291251
 20
4349653.439123885
 10
470075.9201291251
 20
4349654.439123885
 10
470076.9201291251
 20
4349654.439123885
 10
470076.9201291251
 20
4349653.439123885
 10
470075.9201291251
 20
4349653.439123885
  0
TEXT
  5
2D3
330
17
100
AcDbEntity
  8
0
 62
1
100
AcDbText
 10
470076.26012912515
 20
4349653.8691238845
 30
0.0
 40
0.1333
  1
1.87
  7
CN_TTF
 11
470076.26012912515
 21
4349653.8691238845
 31
0.0
100
AcDbText
  0
LWPOLYLINE
  5
2D4
330
17
100
AcDbEntity
  8
爆区方格网
 62
1
100
AcDbPolyline
 90
5
 70
1
 10
470075.9201291251
 20
4349654.439123885
 10
470075.9201291251
 20
4349655.439123885
 10
470076.9201291251
 20
4349655.439123885
 10
470076.9201291251
 20
4349654.439123885
 10
470075.9201291251
 20
4349654.439123885
  0
TEXT
  5
2D5
330
17
100
AcDbEntity
  8
0
 62
1
100
AcDbText
 10
470076.26012912515
 20
4349654.8691238845
 30
0.0
 40
0.1333
  1
1.87
  7
CN_TTF
 11
470076.26012912515
 21
4349654.8691238845
 31
0.0
100
AcDbText
  0
LWPOLYLINE
  5
2D6
330
17
100
AcDbEntity
  8
爆区方格网
 62
1
100
AcDbPolyline
 90
6
 70
1
 10
470076.9201291251
 20
4349655.439123885
 10
470075.9201291251
 20
4349655.439123885
 10
470075.9201291251
 20
4349656.439123885
 10
470076.8429940123
 20
4349656.439123885
 10
470076.9201291251
 20
4349655.640782703
 10
470076.9201291251
 20
4349655.439123885
  0
TEXT
  5
2D7
330
17
100
AcDbEntity
  8
0
 62
1
100
AcDbText
 10
470076.240845347
 20
4349655.969953293
 30
0.0
 40
0.1333
  1
1.87
  7
CN_TTF
 11
470076.240845347
 21
4349655.969953293
 31
0.0
100
AcDbText
  0
LWPOLYLINE
  5
2D8
330
17
100
AcDbEntity
  8
爆区方格网
 62
1
100
AcDbPolyline
 90
6
 70
1
 10
470075.9201291251
 20
4349656.439123885
 10
470075.9201291251
 20
4349657.439123885
 10
470076.7463747791
 20
4349657.439123885
 10
470076.82054789056
 20
4349656.671439139
 10
470076.8429940123
 20
4349656.439123885
 10
470075.9201291251
 20
4349656.439123885
  0
TEXT
  5
2D9
330
17
100
AcDbEntity
  8
0
 62
1
100
AcDbText
 10
470076.19179522997
 20
4349656.985281512
 30
0.0
 40
0.1333
  1
1.63
  7
CN_TTF
 11
470076.19179522997
 21
4349656.985281512
 31
0.0
100
AcDbText
  0
LWPOLYLINE
  5
2DA
330
17
100
AcDbEntity
  8
爆区方格网
 62
1
100
AcDbPolyline
 90
5
 70
1
 10
470075.9201291251
 20
4349657.439123885
 10
470075.9201291251
 20
4349658.439123885
 10
470076.6497555459
 20
4349658.439123885
 10
470076.7463747791
 20
4349657.439123885
 10
470075.9201291251
 20
4349657.439123885
  0
TEXT
  5
2DB
330
17
100
AcDbEntity
  8
0
 62
1
100
AcDbText
 10
470076.14909714385
 20
4349657.8691238845
 30
0.0
 40
0.1333
  1
1.63
  7
CN_TTF
 11
470076.14909714385
 21
4349657.8691238845
 31
0.0
100
AcDbText
  0
LWPOLYLINE
  5
2DC
330
17
100
AcDbEntity
  8
爆区方格网
 62
1
100
AcDbPolyline
 90
5
 70
1
 10
470075.9201291251
 20
4349658.439123885
 10
470075.9201291251
 20
4349659.439123885
 10
470076.5531363127
 20
4349659.439123885
 10
470076.6497555459
 20
4349658.439123885
 10
470075.9201291251
 20
4349658.439123885
  0
TEXT
  5
2DD
330
17
100
AcDbEntity
  8
0
 62
1
100
AcDbText
 10
470076.1007875272
 20
4349658.8691238845
 30
0.0
 40
0.1333
  1
1.63
  7
CN_TTF
 11
470076.1007875272
 21
4349658.8691238845
 31
0.0
100
AcDbText
  0
LWPOLYLINE
  5
2DE
330
17
100
AcDbEntity
  8
爆区方格网
 62
1
100
AcDbPolyline
 90
5
 70
1
 10
470075.9201291251
 20
4349659.439123885
 10
470075.9201291251
 20
4349660.439123885
 10
470076.4565170795
 20
4349660.439123885
 10
470076.5531363127
 20
4349659.439123885
 10
470075.9201291251
 20
4349659.439123885
  0
TEXT
  5
2DF
330
17
100
AcDbEntity
  8
0
 62
1
100
AcDbText
 10
470076.05247791065
 20
4349659.8691238845
 30
0.0
 40
0.1333
  1
1.63
  7
CN_TTF
 11
470076.05247791065
 21
4349659.8691238845
 31
0.0
100
AcDbText
  0
LWPOLYLINE
  5
2E0
330
17
100
AcDbEntity
  8
爆区方格网
 62
1
100
AcDbPolyline
 90
5
 70
1
 10
470007.9201291251
 20
4349639.556851627
 10
470006.9201291251
 20
4349639.733295929
 10
470006.9201291251
 20
4349639.9648197675
 10
470007.9201291251
 20
4349640.019899305
 10
470007.9201291251
 20
4349639.556851627
  0
TEXT
  5
2E1
330
17
100
AcDbEntity
  8
0
 62
1
100
AcDbText
 10
470007.26012912515
 20
4349639.779057847
 30
0.0
 40
0.1333
  1
1.55
  7
CN_TTF
 11
470007.26012912515
 21
4349639.779057847
 31
0.0
100
AcDbText
  0
LWPOLYLINE
  5
2E2
330
17
100
AcDbEntity
  8
爆区方格网
 62
1
100
AcDbPolyline
 90
6
 70
1
 10
470008.9201291251
 20
4349639.439123885
 10
470008.5873523882
 20
4349639.439123885
 10
470007.9201291251
 20
4349639.556851627
 10
470007.9201291251
 20
4349640.019899305
 10
470008.9201291251
 20
4349640.074978842
 10
470008.9201291251
 20
4349639.439123885
  0
TEXT
  5
2E3
330
17
100
AcDbEntity
  8
0
 62
1
100
AcDbText
 10
470008.26012912515
 20
4349639.718375466
 30
0.0
 40
0.1333
  1
1.55
  7
CN_TTF
 11
470008.26012912515
 21
4349639.718375466
 31
0.0
100
AcDbText
  0
LWPOLYLINE
  5
2E4
330
17
100
AcDbEntity
  8
爆区方格网
 62
1
100
AcDbPolyline
 90
5
 70
1
 10
470009.9201291251
 20
4349639.439123885
 10
470008.9201291251
 20
4349639.439123885
 10
470008.9201291251
 20
4349640.074978842
 10
470009.9201291251
 20
4349640.130058381
 10
470009.9201291251
 20
4349639.439123885
  0
TEXT
  5
2E5
330
17
100
AcDbEntity
  8
0
 62
1
100
AcDbText
 10
470009.26012912515
 20
4349639.687051363
 30
0.0
 40
0.1333
  1
1.55
  7
CN_TTF
 11
470009.26012912515
 21
4349639.687051363
 31
0.0
100
AcDbText
  0
LWPOLYLINE
  5
2E6
330
17
100
AcDbEntity
  8
爆区方格网
 62
1
100
AcDbPolyline
 90
5
 70
1
 10
470010.9201291251
 20
4349639.439123885
 10
470009.9201291251
 20
4349639.439123885
 10
470009.9201291251
 20
4349640.130058381
 10
470010.9201291251
 20
4349640.185137918
 10
470010.9201291251
 20
4349639.439123885
  0
TEXT
  5
2E7
330
17
100
AcDbEntity
  8
0
 62
1
100
AcDbText
 10
470010.26012912515
 20
4349639.7145911325
 30
0.0
 40
0.1333
  1
1.55
  7
CN_TTF
 11
470010.26012912515
 21
4349639.7145911325
 31
0.0
100
AcDbText
  0
LWPOLYLINE
  5
2E8
330
17
100
AcDbEntity
  8
爆区方格网
 62
1
100
AcDbPolyline
 90
5
 70
1
 10
470011.9201291251
 20
4349639.439123885
 10
470010.9201291251
 20
4349639.439123885
 10
470010.9201291251
 20
4349640.185137918
 10
470011.9201291251
 20
4349640.240217456
 10
470011.9201291251
 20
4349639.439123885
  0
TEXT
  5
2E9
330
17
100
AcDbEntity
  8
0
 62
1
100
AcDbText
 10
470011.26012912515
 20
4349639.742130902
 30
0.0
 40
0.1333
  1
1.55
  7
CN_TTF
 11
470011.26012912515
 21
4349639.742130902
 31
0.0
100
AcDbText
  0
LWPOLYLINE
  5
2EA
330
17
100
AcDbEntity
  8
爆区方格网
 62
1
100
AcDbPolyline
 90
5
 70
1
 10
470011.9201291251
 20
4349639.439123885
 10
470012.9201291251
 20
4349639.439123885
 10
470012.9201291251
 20
4349638.67463012
 10
470011.9201291251
 20
4349638.851074422
 10
470011.9201291251
 20
4349639.439123885
  0
TEXT
  5
2EB
330
17
100
AcDbEntity
  8
0
 62
1
100
AcDbText
 10
470012.26012912515
 20
4349639.075099153
 30
0.0
 40
0.1333
  1
1.55
  7
CN_TTF
 11
470012.26012912515
 21
4349639.075099153
 31
0.0
100
AcDbText
  0
LWPOLYLINE
  5
2EC
330
17
100
AcDbEntity
  8
爆区方格网
 62
1
100
AcDbPolyline
 90
5
 70
1
 10
470012.9201291251
 20
4349639.439123885
 10
470011.9201291251
 20
4349639.439123885
 10
470011.9201291251
 20
4349640.240217456
 10
470012.9201291251
 20
4349640.295296993
 10
470012.9201291251
 20
4349639.439123885
  0
TEXT
  5
2ED
330
17
100
AcDbEntity
  8
0
 62
1
100
AcDbText
 10
470012.26012912515
 20
4349639.76967067
 30
0.0
 40
0.1333
  1
1.55
  7
CN_TTF
 11
470012.26012912515
 21
4349639.76967067
 31
0.0
100
AcDbText
  0
LWPOLYLINE
  5
2EE
330
17
100
AcDbEntity
  8
爆区方格网
 62
1
100
AcDbPolyline
 90
5
 70
1
 10
470012.9201291251
 20
4349639.439123885
 10
470013.9201291251
 20
4349639.439123885
 10
470013.9201291251
 20
4349638.498185819
 10
470012.9201291251
 20
4349638.67463012
 10
470012.9201291251
 20
4349639.439123885
  0
TEXT
  5
2EF
330
17
100
AcDbEntity
  8
0
 62
1
100
AcDbText
 10
470013.26012912515
 20
4349638.986877002
 30
0.0
 40
0.1333
  1
1.55
  7
CN_TTF
 11
470013.26012912515
 21
4349638.986877002
 31
0.0
100
AcDbText
  0
LWPOLYLINE
  5
2F0
330
17
100
AcDbEntity
  8
爆区方格网
 62
1
100
AcDbPolyline
 90
5
 70
1
 10
470013.9201291251
 20
4349639.439123885
 10
470012.9201291251
 20
4349639.439123885
 10
470012.9201291251
 20
4349640.295296993
 10
470013.9201291251
 20
4349640.350376531
 10
470013.9201291251
 20
4349639.439123885
  0
TEXT
  5
2F1
330
17
100
AcDbEntity
  8
0
 62
1
100
AcDbText
 10
470013.26012912515
 20
4349639.797210438
 30
0.0
 40
0.1333
  1
1.55
  7
CN_TTF
 11
470013.26012912515
 21
4349639.797210438
 31
0.0
100
AcDbText
  0
LWPOLYLINE
  5
2F2
330
17
100
AcDbEntity
  8
爆区方格网
 62
1
100
AcDbPolyline
 90
6
 70
1
 10
470013.9201291251
 20
4349639.439123885
 10
470014.9201291251
 20
4349639.439123885
 10
470014.9201291251
 20
4349638.439123885
 10
470014.25486328057
 20
4349638.439123885
 10
470013.9201291251
 20
4349638.498185819
 10
470013.9201291251
 20
4349639.439123885
  0
TEXT
  5
2F3
330
17
100
AcDbEntity
  8
0
 62
1
100
AcDbText
 10
470014.26012912515
 20
4349638.898654852
 30
0.0
 40
0.1333
  1
1.55
  7
CN_TTF
 11
470014.26012912515
 21
4349638.898654852
 31
0.0
100
AcDbText
  0
LWPOLYLINE
  5
2F4
330
17
100
AcDbEntity
  8
爆区方格网
 62
1
100
AcDbPolyline
 90
5
 70
1
 10
470014.9201291251
 20
4349639.439123885
 10
470013.9201291251
 20
4349639.439123885
 10
470013.9201291251
 20
4349640.350376531
 10
470014.9201291251
 20
4349640.405456068
 10
470014.9201291251
 20
4349639.439123885
  0
TEXT
  5
2F5
330
17
100
AcDbEntity
  8
0
 62
1
100
AcDbText
 10
470014.26012912515
 20
4349639.824750207
 30
0.0
 40
0.1333
  1
1.55
  7
CN_TTF
 11
470014.26012912515
 21
4349639.824750207
 31
0.0
100
AcDbText
  0
LWPOLYLINE
  5
2F6
330
17
100
AcDbEntity
  8
爆区方格网
 62
1
100
AcDbPolyline
 90
5
 70
1
 10
470014.9201291251
 20
4349638.439123885
 10
470014.9201291251
 20
4349639.439123885
 10
470015.9201291251
 20
4349639.439123885
 10
470015.9201291251
 20
4349638.439123885
 10
470014.9201291251
 20
4349638.439123885
  0
TEXT
  5
2F7
330
17
100
AcDbEntity
  8
0
 62
1
100
AcDbText
 10
470015.26012912515
 20
4349638.8691238845
 30
0.0
 40
0.1333
  1
1.55
  7
CN_TTF
 11
470015.26012912515
 21
4349638.8691238845
 31
0.0
100
AcDbText
  0
LWPOLYLINE
  5
2F8
330
17
100
AcDbEntity
  8
爆区方格网
 62
1
100
AcDbPolyline
 90
6
 70
1
 10
470015.9201291251
 20
4349640.439123885
 10
470015.9201291251
 20
4349639.439123885
 10
470014.9201291251
 20
4349639.439123885
 10
470014.9201291251
 20
4349640.405456068
 10
470015.5313872781
 20
4349640.439123885
 10
470015.9201291251
 20
4349640.439123885
  0
TEXT
  5
2F9
330
17
100
AcDbEntity
  8
0
 62
1
100
AcDbText
 10
470015.26012912515
 20
4349639.852289977
 30
0.0
 40
0.1333
  1
1.55
  7
CN_TTF
 11
470015.26012912515
 21
4349639.852289977
 31
0.0
100
AcDbText
  0
LWPOLYLINE
  5
2FA
330
17
100
AcDbEntity
  8
爆区方格网
 62
1
100
AcDbPolyline
 90
5
 70
1
 10
470015.9201291251
 20
4349638.439123885
 10
470015.9201291251
 20
4349639.439123885
 10
470016.9201291251
 20
4349639.439123885
 10
470016.9201291251
 20
4349638.439123885
 10
470015.9201291251
 20
4349638.439123885
  0
TEXT
  5
2FB
330
17
100
AcDbEntity
  8
0
 62
1
100
AcDbText
 10
470016.26012912515
 20
4349638.8691238845
 30
0.0
 40
0.1333
  1
1.55
  7
CN_TTF
 11
470016.26012912515
 21
4349638.8691238845
 31
0.0
100
AcDbText
  0
LWPOLYLINE
  5
2FC
330
17
100
AcDbEntity
  8
爆区方格网
 62
1
100
AcDbPolyline
 90
5
 70
1
 10
470015.9201291251
 20
4349639.439123885
 10
470015.9201291251
 20
4349640.439123885
 10
470016.9201291251
 20
4349640.439123885
 10
470016.9201291251
 20
4349639.439123885
 10
470015.9201291251
 20
4349639.439123885
  0
TEXT
  5
2FD
330
17
100
AcDbEntity
  8
0
 62
1
100
AcDbText
 10
470016.26012912515
 20
4349639.8691238845
 30
0.0
 40
0.1333
  1
1.55
  7
CN_TTF
 11
470016.26012912515
 21
4349639.8691238845
 31
0.0
100
AcDbText
  0
LWPOLYLINE
  5
2FE
330
17
100
AcDbEntity
  8
爆区方格网
 62
1
100
AcDbPolyline
 90
5
 70
1
 10
470016.9201291251
 20
4349638.439123885
 10
470016.9201291251
 20
4349639.439123885
 10
470017.9201291251
 20
4349639.439123885
 10
470017.9201291251
 20
4349638.439123885
 10
470016.9201291251
 20
4349638.439123885
  0
TEXT
  5
2FF
330
17
100
AcDbEntity
  8
0
 62
1
100
AcDbText
 10
470017.26012912515
 20
4349638.8691238845
 30
0.0
 40
0.1333
  1
1.84
  7
CN_TTF
 11
470017.26012912515
 21
4349638.8691238845
 31
0.0
100
AcDbText
  0
LWPOLYLINE
  5
300
330
17
100
AcDbEntity
  8
爆区方格网
 62
1
100
AcDbPolyline
 90
5
 70
1
 10
470016.9201291251
 20
4349639.439123885
 10
470016.9201291251
 20
4349640.439123885
 10
470017.9201291251
 20
4349640.439123885
 10
470017.9201291251
 20
4349639.439123885
 10
470016.9201291251
 20
4349639.439123885
  0
TEXT
  5
301
330
17
100
AcDbEntity
  8
0
 62
1
100
AcDbText
 10
470017.26012912515
 20
4349639.8691238845
 30
0.0
 40
0.1333
  1
1.84
  7
CN_TTF
 11
470017.26012912515
 21
4349639.8691238845
 31
0.0
100
AcDbText
  0
LWPOLYLINE
  5
302
330
17
100
AcDbEntity
  8
爆区方格网
 62
1
100
AcDbPolyline
 90
5
 70
1
 10
470017.9201291251
 20
4349638.439123885
 10
470017.9201291251
 20
4349639.439123885
 10
470018.9201291251
 20
4349639.439123885
 10
470018.9201291251
 20
4349638.439123885
 10
470017.9201291251
 20
4349638.439123885
  0
TEXT
  5
303
330
17
100
AcDbEntity
  8
0
 62
1
100
AcDbText
 10
470018.26012912515
 20
4349638.8691238845
 30
0.0
 40
0.1333
  1
1.84
  7
CN_TTF
 11
470018.26012912515
 21
4349638.8691238845
 31
0.0
100
AcDbText
  0
LWPOLYLINE
  5
304
330
17
100
AcDbEntity
  8
爆区方格网
 62
1
100
AcDbPolyline
 90
5
 70
1
 10
470017.9201291251
 20
4349639.439123885
 10
470017.9201291251
 20
4349640.439123885
 10
470018.9201291251
 20
4349640.439123885
 10
470018.9201291251
 20
4349639.439123885
 10
470017.9201291251
 20
4349639.439123885
  0
TEXT
  5
305
330
17
100
AcDbEntity
  8
0
 62
1
100
AcDbText
 10
470018.26012912515
 20
4349639.8691238845
 30
0.0
 40
0.1333
  1
1.84
  7
CN_TTF
 11
470018.26012912515
 21
4349639.8691238845
 31
0.0
100
AcDbText
  0
LWPOLYLINE
  5
306
330
17
100
AcDbEntity
  8
爆区方格网
 62
1
100
AcDbPolyline
 90
5
 70
1
 10
470018.9201291251
 20
4349638.439123885
 10
470018.9201291251
 20
4349639.439123885
 10
470019.9201291251
 20
4349639.439123885
 10
470019.9201291251
 20
4349638.439123885
 10
470018.9201291251
 20
4349638.439123885
  0
TEXT
  5
307
330
17
100
AcDbEntity
  8
0
 62
1
100
AcDbText
 10
470019.26012912515
 20
4349638.8691238845
 30
0.0
 40
0.1333
  1
1.84
  7
CN_TTF
 11
470019.26012912515
 21
4349638.8691238845
 31
0.0
100
AcDbText
  0
LWPOLYLINE
  5
308
330
17
100
AcDbEntity
  8
爆区方格网
 62
1
100
AcDbPolyline
 90
5
 70
1
 10
470018.9201291251
 20
4349639.439123885
 10
470018.9201291251
 20
4349640.439123885
 10
470019.9201291251
 20
4349640.439123885
 10
470019.9201291251
 20
4349639.439123885
 10
470018.9201291251
 20
4349639.439123885
  0
TEXT
  5
309
330
17
100
AcDbEntity
  8
0
 62
1
100
AcDbText
 10
470019.26012912515
 20
4349639.8691238845
 30
0.0
 40
0.1333
  1
1.84
  7
CN_TTF
 11
470019.26012912515
 21
4349639.8691238845
 31
0.0
100
AcDbText
  0
LWPOLYLINE
  5
30A
330
17
100
AcDbEntity
  8
爆区方格网
 62
1
100
AcDbPolyline
 90
5
 70
1
 10
470019.9201291251
 20
4349638.439123885
 10
470019.9201291251
 20
4349639.439123885
 10
470020.9201291251
 20
4349639.439123885
 10
470020.9201291251
 20
4349638.439123885
 10
470019.9201291251
 20
4349638.439123885
  0
TEXT
  5
30B
330
17
100
AcDbEntity
  8
0
 62
1
100
AcDbText
 10
470020.26012912515
 20
4349638.8691238845
 30
0.0
 40
0.1333
  1
1.84
  7
CN_TTF
 11
470020.26012912515
 21
4349638.8691238845
 31
0.0
100
AcDbText
  0
LWPOLYLINE
  5
30C
330
17
100
AcDbEntity
  8
爆区方格网
 62
1
100
AcDbPolyline
 90
5
 70
1
 10
470019.9201291251
 20
4349639.439123885
 10
470019.9201291251
 20
4349640.439123885
 10
470020.9201291251
 20
4349640.439123885
 10
470020.9201291251
 20
4349639.439123885
 10
470019.9201291251
 20
4349639.439123885
  0
TEXT
  5
30D
330
17
100
AcDbEntity
  8
0
 62
1
100
AcDbText
 10
470020.26012912515
 20
4349639.8691238845
 30
0.0
 40
0.1333
  1
1.84
  7
CN_TTF
 11
470020.26012912515
 21
4349639.8691238845
 31
0.0
100
AcDbText
  0
LWPOLYLINE
  5
30E
330
17
100
AcDbEntity
  8
爆区方格网
 62
1
100
AcDbPolyline
 90
5
 70
1
 10
470019.9201291251
 20
4349642.439123885
 10
470020.9201291251
 20
4349642.439123885
 10
470020.9201291251
 20
4349641.666915484
 10
470019.9201291251
 20
4349642.021052891
 10
470019.9201291251
 20
4349642.439123885
  0
TEXT
  5
30F
330
17
100
AcDbEntity
  8
0
 62
1
100
AcDbText
 10
470020.26012912515
 20
4349642.160088388
 30
0.0
 40
0.1333
  1
1.84
  7
CN_TTF
 11
470020.26012912515
 21
4349642.160088388
 31
0.0
100
AcDbText
  0
LWPOLYLINE
  5
310
330
17
100
AcDbEntity
  8
爆区方格网
 62
1
100
AcDbPolyline
 90
5
 70
1
 10
470020.9201291251
 20
4349642.439123885
 10
470019.9201291251
 20
4349642.439123885
 10
470019.9201291251
 20
4349642.958540224
 10
470020.9201291251
 20
4349643.011540606
 10
470020.9201291251
 20
4349642.439123885
  0
TEXT
  5
311
330
17
100
AcDbEntity
  8
0
 62
1
100
AcDbText
 10
470020.26012912515
 20
4349642.628832053
 30
0.0
 40
0.1333
  1
1.84
  7
CN_TTF
 11
470020.26012912515
 21
4349642.628832053
 31
0.0
100
AcDbText
  0
LWPOLYLINE
  5
312
330
17
100
AcDbEntity
  8
爆区方格网
 62
1
100
AcDbPolyline
 90
5
 70
1
 10
470020.9201291251
 20
4349638.439123885
 10
470020.9201291251
 20
4349639.439123885
 10
470021.9201291251
 20
4349639.439123885
 10
470021.9201291251
 20
4349638.439123885
 10
470020.9201291251
 20
4349638.439123885
  0
TEXT
  5
313
330
17
100
AcDbEntity
  8
0
 62
1
100
AcDbText
 10
470021.26012912515
 20
4349638.8691238845
 30
0.0
 40
0.1333
  1
1.84
  7
CN_TTF
 11
470021.26012912515
 21
4349638.8691238845
 31
0.0
100
AcDbText
  0
LWPOLYLINE
  5
314
330
17
100
AcDbEntity
  8
爆区方格网
 62
1
100
AcDbPolyline
 90
5
 70
1
 10
470020.9201291251
 20
4349639.439123885
 10
470020.9201291251
 20
4349640.439123885
 10
470021.9201291251
 20
4349640.439123885
 10
470021.9201291251
 20
4349639.439123885
 10
470020.9201291251
 20
4349639.439123885
  0
TEXT
  5
315
330
17
100
AcDbEntity
  8
0
 62
1
100
AcDbText
 10
470021.26012912515
 20
4349639.8691238845
 30
0.0
 40
0.1333
  1
1.84
  7
CN_TTF
 11
470021.26012912515
 21
4349639.8691238845
 31
0.0
100
AcDbText
  0
LWPOLYLINE
  5
316
330
17
100
AcDbEntity
  8
爆区方格网
 62
1
100
AcDbPolyline
 90
6
 70
1
 10
470020.9201291251
 20
4349642.439123885
 10
470021.9201291251
 20
4349642.439123885
 10
470021.9201291251
 20
4349641.439123885
 10
470021.5633585434
 20
4349641.439123885
 10
470020.9201291251
 20
4349641.666915484
 10
470020.9201291251
 20
4349642.439123885
  0
TEXT
  5
317
330
17
100
AcDbEntity
  8
0
 62
1
100
AcDbText
 10
470021.26012912515
 20
4349641.9830196835
 30
0.0
 40
0.1333
  1
1.84
  7
CN_TTF
 11
470021.26012912515
 21
4349641.9830196835
 31
0.0
100
AcDbText
  0
LWPOLYLINE
  5
318
330
17
100
AcDbEntity
  8
爆区方格网
 62
1
100
AcDbPolyline
 90
5
 70
1
 10
470021.9201291251
 20
4349642.439123885
 10
470020.9201291251
 20
4349642.439123885
 10
470020.9201291251
 20
4349643.011540606
 10
470021.9201291251
 20
4349643.064540988
 10
470021.9201291251
 20
4349642.439123885
  0
TEXT
  5
319
330
17
100
AcDbEntity
  8
0
 62
1
100
AcDbText
 10
470021.26012912515
 20
4349642.655332245
 30
0.0
 40
0.1333
  1
1.84
  7
CN_TTF
 11
470021.26012912515
 21
4349642.655332245
 31
0.0
100
AcDbText
  0
LWPOLYLINE
  5
31A
330
17
100
AcDbEntity
  8
爆区方格网
 62
1
100
AcDbPolyline
 90
5
 70
1
 10
470021.9201291251
 20
4349638.439123885
 10
470021.9201291251
 20
4349639.439123885
 10
470022.9201291251
 20
4349639.439123885
 10
470022.9201291251
 20
4349638.439123885
 10
470021.9201291251
 20
4349638.439123885
  0
TEXT
  5
31B
330
17
100
AcDbEntity
  8
0
 62
1
100
AcDbText
 10
470022.26012912515
 20
4349638.8691238845
 30
0.0
 40
0.1333
  1
1.84
  7
CN_TTF
 11
470022.26012912515
 21
4349638.8691238845
 31
0.0
100
AcDbText
  0
LWPOLYLINE
  5
31C
330
17
100
AcDbEntity
  8
爆区方格网
 62
1
100
AcDbPolyline
 90
5
 70
1
 10
470021.9201291251
 20
4349639.439123885
 10
470021.9201291251
 20
4349640.439123885
 10
470022.9201291251
 20
4349640.439123885
 10
470022.9201291251
 20
4349639.439123885
 10
470021.9201291251
 20
4349639.439123885
  0
TEXT
  5
31D
330
17
100
AcDbEntity
  8
0
 62
1
100
AcDbText
 10
470022.26012912515
 20
4349639.8691238845
 30
0.0
 40
0.1333
  1
1.84
  7
CN_TTF
 11
470022.26012912515
 21
4349639.8691238845
 31
0.0
100
AcDbText
  0
LWPOLYLINE
  5
31E
330
17
100
AcDbEntity
  8
爆区方格网
 62
1
100
AcDbPolyline
 90
5
 70
1
 10
470021.9201291251
 20
4349641.439123885
 10
470021.9201291251
 20
4349642.439123885
 10
470022.9201291251
 20
4349642.439123885
 10
470022.9201291251
 20
4349641.439123885
 10
470021.9201291251
 20
4349641.439123885
  0
TEXT
  5
31F
330
17
100
AcDbEntity
  8
0
 62
1
100
AcDbText
 10
470022.26012912515
 20
4349641.8691238845
 30
0.0
 40
0.1333
  1
1.84
  7
CN_TTF
 11
470022.26012912515
 21
4349641.8691238845
 31
0.0
100
AcDbText
  0
LWPOLYLINE
  5
320
330
17
100
AcDbEntity
  8
爆区方格网
 62
1
100
AcDbPolyline
 90
5
 70
1
 10
470022.9201291251
 20
4349642.439123885
 10
470021.9201291251
 20
4349642.439123885
 10
470021.9201291251
 20
4349643.064540988
 10
470022.9201291251
 20
4349643.11754137
 10
470022.9201291251
 20
4349642.439123885
  0
TEXT
  5
321
330
17
100
AcDbEntity
  8
0
 62
1
100
AcDbText
 10
470022.26012912515
 20
4349642.6818324365
 30
0.0
 40
0.1333
  1
1.84
  7
CN_TTF
 11
470022.26012912515
 21
4349642.6818324365
 31
0.0
100
AcDbText
  0
LWPOLYLINE
  5
322
330
17
100
AcDbEntity
  8
爆区方格网
 62
1
100
AcDbPolyline
 90
5
 70
1
 10
470022.9201291251
 20
4349638.439123885
 10
470022.9201291251
 20
4349639.439123885
 10
470023.9201291251
 20
4349639.439123885
 10
470023.9201291251
 20
4349638.439123885
 10
470022.9201291251
 20
4349638.439123885
  0
TEXT
  5
323
330
17
100
AcDbEntity
  8
0
 62
1
100
AcDbText
 10
470023.26012912515
 20
4349638.8691238845
 30
0.0
 40
0.1333
  1
1.84
  7
CN_TTF
 11
470023.26012912515
 21
4349638.8691238845
 31
0.0
100
AcDbText
  0
LWPOLYLINE
  5
324
330
17
100
AcDbEntity
  8
爆区方格网
 62
1
100
AcDbPolyline
 90
5
 70
1
 10
470022.9201291251
 20
4349639.439123885
 10
470022.9201291251
 20
4349640.439123885
 10
470023.9201291251
 20
4349640.439123885
 10
470023.9201291251
 20
4349639.439123885
 10
470022.9201291251
 20
4349639.439123885
  0
TEXT
  5
325
330
17
100
AcDbEntity
  8
0
 62
1
100
AcDbText
 10
470023.26012912515
 20
4349639.8691238845
 30
0.0
 40
0.1333
  1
1.84
  7
CN_TTF
 11
470023.26012912515
 21
4349639.8691238845
 31
0.0
100
AcDbText
  0
LWPOLYLINE
  5
326
330
17
100
AcDbEntity
  8
爆区方格网
 62
1
100
AcDbPolyline
 90
8
 70
1
 10
470022.9201291251
 20
4349641.439123885
 10
470023.9201291251
 20
4349641.439123885
 10
470023.9201291251
 20
4349640.439123885
 10
470022.9201291251
 20
4349640.439123885
 10
470022.9201291251
 20
4349640.8460923685
 10
470023.1951624569
 20
4349640.861241077
 10
470022.9201291251
 20
4349640.958640669
 10
470022.9201291251
 20
4349641.439123885
  0
TEXT
  5
327
330
17
100
AcDbEntity
  8
0
 62
1
100
AcDbText
 10
470023.3288874587
 20
4349640.839940872
 30
0.0
 40
0.1333
  1
1.84
  7
CN_TTF
 11
470023.3288874587
 21
4349640.839940872
 31
0.0
100
AcDbText
  0
LWPOLYLINE
  5
328
330
17
100
AcDbEntity
  8
爆区方格网
 62
1
100
AcDbPolyline
 90
5
 70
1
 10
470022.9201291251
 20
4349641.439123885
 10
470022.9201291251
 20
4349642.439123885
 10
470023.9201291251
 20
4349642.439123885
 10
470023.9201291251
 20
4349641.439123885
 10
470022.9201291251
 20
4349641.439123885
  0
TEXT
  5
329
330
17
100
AcDbEntity
  8
0
 62
1
100
AcDbText
 10
470023.26012912515
 20
4349641.8691238845
 30
0.0
 40
0.1333
  1
1.84
  7
CN_TTF
 11
470023.26012912515
 21
4349641.8691238845
 31
0.0
100
AcDbText
  0
LWPOLYLINE
  5
32A
330
17
100
AcDbEntity
  8
爆区方格网
 62
1
100
AcDbPolyline
 90
6
 70
1
 10
470023.9201291251
 20
4349642.439123885
 10
470022.9201291251
 20
4349642.439123885
 10
470022.9201291251
 20
4349643.11754137
 10
470023.6937858757
 20
4349643.158545474
 10
470023.9201291251
 20
4349643.170541752
 10
470023.9201291251
 20
4349642.439123885
  0
TEXT
  5
32B
330
17
100
AcDbEntity
  8
0
 62
1
100
AcDbText
 10
470023.26012912515
 20
4349642.708332627
 30
0.0
 40
0.1333
  1
1.84
  7
CN_TTF
 11
470023.26012912515
 21
4349642.708332627
 31
0.0
100
AcDbText
  0
LWPOLYLINE
  5
32C
330
17
100
AcDbEntity
  8
爆区方格网
 62
1
100
AcDbPolyline
 90
5
 70
1
 10
470023.9201291251
 20
4349638.439123885
 10
470023.9201291251
 20
4349639.439123885
 10
470024.9201291251
 20
4349639.439123885
 10
470024.9201291251
 20
4349638.439123885
 10
470023.9201291251
 20
4349638.439123885
  0
TEXT
  5
32D
330
17
100
AcDbEntity
  8
0
 62
1
100
AcDbText
 10
470024.26012912515
 20
4349638.8691238845
 30
0.0
 40
0.1333
  1
1.75
  7
CN_TTF
 11
470024.26012912515
 21
4349638.8691238845
 31
0.0
100
AcDbText
  0
LWPOLYLINE
  5
32E
330
17
100
AcDbEntity
  8
爆区方格网
 62
1
100
AcDbPolyline
 90
5
 70
1
 10
470023.9201291251
 20
4349639.439123885
 10
470023.9201291251
 20
4349640.439123885
 10
470024.9201291251
 20
4349640.439123885
 10
470024.9201291251
 20
4349639.439123885
 10
470023.9201291251
 20
4349639.439123885
  0
TEXT
  5
32F
330
17
100
AcDbEntity
  8
0
 62
1
100
AcDbText
 10
470024.26012912515
 20
4349639.8691238845
 30
0.0
 40
0.1333
  1
1.75
  7
CN_TTF
 11
470024.26012912515
 21
4349639.8691238845
 31
0.0
100
AcDbText
  0
LWPOLYLINE
  5
330
330
17
100
AcDbEntity
  8
爆区方格网
 62
1
100
AcDbPolyline
 90
5
 70
1
 10
470023.9201291251
 20
4349640.439123885
 10
470023.9201291251
 20
4349641.439123885
 10
470024.9201291251
 20
4349641.439123885
 10
470024.9201291251
 20
4349640.439123885
 10
470023.9201291251
 20
4349640.439123885
  0
TEXT
  5
331
330
17
100
AcDbEntity
  8
0
 62
1
100
AcDbText
 10
470024.26012912515
 20
4349640.8691238845
 30
0.0
 40
0.1333
  1
1.84
  7
CN_TTF
 11
470024.26012912515
 21
4349640.8691238845
 31
0.0
100
AcDbText
  0
LWPOLYLINE
  5
332
330
17
100
AcDbEntity
  8
爆区方格网
 62
1
100
AcDbPolyline
 90
5
 70
1
 10
470023.9201291251
 20
4349641.439123885
 10
470023.9201291251
 20
4349642.439123885
 10
470024.9201291251
 20
4349642.439123885
 10
470024.9201291251
 20
4349641.439123885
 10
470023.9201291251
 20
4349641.439123885
  0
TEXT
  5
333
330
17
100
AcDbEntity
  8
0
 62
1
100
AcDbText
 10
470024.26012912515
 20
4349641.8691238845
 30
0.0
 40
0.1333
  1
1.84
  7
CN_TTF
 11
470024.26012912515
 21
4349641.8691238845
 31
0.0
100
AcDbText
  0
LWPOLYLINE
  5
334
330
17
100
AcDbEntity
  8
爆区方格网
 62
1
100
AcDbPolyline
 90
5
 70
1
 10
470024.9201291251
 20
4349642.439123885
 10
470023.9201291251
 20
4349642.439123885
 10
470023.9201291251
 20
4349643.170541752
 10
470024.9201291251
 20
4349643.223542134
 10
470024.9201291251
 20
4349642.439123885
  0
TEXT
  5
335
330
17
100
AcDbEntity
  8
0
 62
1
100
AcDbText
 10
470024.26012912515
 20
4349642.734832818
 30
0.0
 40
0.1333
  1
1.97
  7
CN_TTF
 11
470024.26012912515
 21
4349642.734832818
 31
0.0
100
AcDbText
  0
LWPOLYLINE
  5
336
330
17
100
AcDbEntity
  8
爆区方格网
 62
1
100
AcDbPolyline
 90
5
 70
1
 10
470024.9201291251
 20
4349638.439123885
 10
470025.9201291251
 20
4349638.439123885
 10
470025.9201291251
 20
4349637.908678025
 10
470024.9201291251
 20
4349637.94273544
 10
470024.9201291251
 20
4349638.439123885
  0
TEXT
  5
337
330
17
100
AcDbEntity
  8
0
 62
1
100
AcDbText
 10
470025.26012912515
 20
4349638.120929662
 30
0.0
 40
0.1333
  1
1.75
  7
CN_TTF
 11
470025.26012912515
 21
4349638.120929662
 31
0.0
100
AcDbText
  0
LWPOLYLINE
  5
338
330
17
100
AcDbEntity
  8
爆区方格网
 62
1
100
AcDbPolyline
 90
5
 70
1
 10
470024.9201291251
 20
4349638.439123885
 10
470024.9201291251
 20
4349639.439123885
 10
470025.9201291251
 20
4349639.439123885
 10
470025.9201291251
 20
4349638.439123885
 10
470024.9201291251
 20
4349638.439123885
  0
TEXT
  5
339
330
17
100
AcDbEntity
  8
0
 62
1
100
AcDbText
 10
470025.26012912515
 20
4349638.8691238845
 30
0.0
 40
0.1333
  1
1.75
  7
CN_TTF
 11
470025.26012912515
 21
4349638.8691238845
 31
0.0
100
AcDbText
  0
LWPOLYLINE
  5
33A
330
17
100
AcDbEntity
  8
爆区方格网
 62
1
100
AcDbPolyline
 90
5
 70
1
 10
470024.9201291251
 20
4349639.439123885
 10
470024.9201291251
 20
4349640.439123885
 10
470025.9201291251
 20
4349640.439123885
 10
470025.9201291251
 20
4349639.439123885
 10
470024.9201291251
 20
4349639.439123885
  0
TEXT
  5
33B
330
17
100
AcDbEntity
  8
0
 62
1
100
AcDbText
 10
470025.26012912515
 20
4349639.8691238845
 30
0.0
 40
0.1333
  1
1.75
  7
CN_TTF
 11
470025.26012912515
 21
4349639.8691238845
 31
0.0
100
AcDbText
  0
LWPOLYLINE
  5
33C
330
17
100
AcDbEntity
  8
爆区方格网
 62
1
100
AcDbPolyline
 90
5
 70
1
 10
470024.9201291251
 20
4349640.439123885
 10
470024.9201291251
 20
4349641.439123885
 10
470025.9201291251
 20
4349641.439123885
 10
470025.9201291251
 20
4349640.439123885
 10
470024.9201291251
 20
4349640.439123885
  0
TEXT
  5
33D
330
17
100
AcDbEntity
  8
0
 62
1
100
AcDbText
 10
470025.26012912515
 20
4349640.8691238845
 30
0.0
 40
0.1333
  1
1.75
  7
CN_TTF
 11
470025.26012912515
 21
4349640.8691238845
 31
0.0
100
AcDbText
  0
LWPOLYLINE
  5
33E
330
17
100
AcDbEntity
  8
爆区方格网
 62
1
100
AcDbPolyline
 90
5
 70
1
 10
470024.9201291251
 20
4349641.439123885
 10
470024.9201291251
 20
4349642.439123885
 10
470025.9201291251
 20
4349642.439123885
 10
470025.9201291251
 20
4349641.439123885
 10
470024.9201291251
 20
4349641.439123885
  0
TEXT
  5
33F
330
17
100
AcDbEntity
  8
0
 62
1
100
AcDbText
 10
470025.26012912515
 20
4349641.8691238845
 30
0.0
 40
0.1333
  1
1.97
  7
CN_TTF
 11
470025.26012912515
 21
4349641.8691238845
 31
0.0
100
AcDbText
  0
LWPOLYLINE
  5
340
330
17
100
AcDbEntity
  8
爆区方格网
 62
1
100
AcDbPolyline
 90
5
 70
1
 10
470025.9201291251
 20
4349642.439123885
 10
470024.9201291251
 20
4349642.439123885
 10
470024.9201291251
 20
4349643.223542134
 10
470025.9201291251
 20
4349643.276542516
 10
470025.9201291251
 20
4349642.439123885
  0
TEXT
  5
341
330
17
100
AcDbEntity
  8
0
 62
1
100
AcDbText
 10
470025.26012912515
 20
4349642.761333009
 30
0.0
 40
0.1333
  1
1.97
  7
CN_TTF
 11
470025.26012912515
 21
4349642.761333009
 31
0.0
100
AcDbText
  0
LWPOLYLINE
  5
342
330
17
100
AcDbEntity
  8
爆区方格网
 62
1
100
AcDbPolyline
 90
5
 70
1
 10
470025.9201291251
 20
4349638.439123885
 10
470026.9201291251
 20
4349638.439123885
 10
470026.9201291251
 20
4349637.87462061
 10
470025.9201291251
 20
4349637.908678025
 10
470025.9201291251
 20
4349638.439123885
  0
TEXT
  5
343
330
17
100
AcDbEntity
  8
0
 62
1
100
AcDbText
 10
470026.26012912515
 20
4349638.103900954
 30
0.0
 40
0.1333
  1
1.75
  7
CN_TTF
 11
470026.26012912515
 21
4349638.103900954
 31
0.0
100
AcDbText
  0
LWPOLYLINE
  5
344
330
17
100
AcDbEntity
  8
爆区方格网
 62
1
100
AcDbPolyline
 90
5
 70
1
 10
470025.9201291251
 20
4349638.439123885
 10
470025.9201291251
 20
4349639.439123885
 10
470026.9201291251
 20
4349639.439123885
 10
470026.9201291251
 20
4349638.439123885
 10
470025.9201291251
 20
4349638.439123885
  0
TEXT
  5
345
330
17
100
AcDbEntity
  8
0
 62
1
100
AcDbText
 10
470026.26012912515
 20
4349638.8691238845
 30
0.0
 40
0.1333
  1
1.75
  7
CN_TTF
 11
470026.26012912515
 21
4349638.8691238845
 31
0.0
100
AcDbText
  0
LWPOLYLINE
  5
346
330
17
100
AcDbEntity
  8
爆区方格网
 62
1
100
AcDbPolyline
 90
5
 70
1
 10
470025.9201291251
 20
4349639.439123885
 10
470025.9201291251
 20
4349640.439123885
 10
470026.9201291251
 20
4349640.439123885
 10
470026.9201291251
 20
4349639.439123885
 10
470025.9201291251
 20
4349639.439123885
  0
TEXT
  5
347
330
17
100
AcDbEntity
  8
0
 62
1
100
AcDbText
 10
470026.26012912515
 20
4349639.8691238845
 30
0.0
 40
0.1333
  1
1.75
  7
CN_TTF
 11
470026.26012912515
 21
4349639.8691238845
 31
0.0
100
AcDbText
  0
LWPOLYLINE
  5
348
330
17
100
AcDbEntity
  8
爆区方格网
 62
1
100
AcDbPolyline
 90
5
 70
1
 10
470025.9201291251
 20
4349640.439123885
 10
470025.9201291251
 20
4349641.439123885
 10
470026.9201291251
 20
4349641.439123885
 10
470026.9201291251
 20
4349640.439123885
 10
470025.9201291251
 20
4349640.439123885
  0
TEXT
  5
349
330
17
100
AcDbEntity
  8
0
 62
1
100
AcDbText
 10
470026.26012912515
 20
4349640.8691238845
 30
0.0
 40
0.1333
  1
1.75
  7
CN_TTF
 11
470026.26012912515
 21
4349640.8691238845
 31
0.0
100
AcDbText
  0
LWPOLYLINE
  5
34A
330
17
100
AcDbEntity
  8
爆区方格网
 62
1
100
AcDbPolyline
 90
5
 70
1
 10
470025.9201291251
 20
4349641.439123885
 10
470025.9201291251
 20
4349642.439123885
 10
470026.9201291251
 20
4349642.439123885
 10
470026.9201291251
 20
4349641.439123885
 10
470025.9201291251
 20
4349641.439123885
  0
TEXT
  5
34B
330
17
100
AcDbEntity
  8
0
 62
1
100
AcDbText
 10
470026.26012912515
 20
4349641.8691238845
 30
0.0
 40
0.1333
  1
1.97
  7
CN_TTF
 11
470026.26012912515
 21
4349641.8691238845
 31
0.0
100
AcDbText
  0
LWPOLYLINE
  5
34C
330
17
100
AcDbEntity
  8
爆区方格网
 62
1
100
AcDbPolyline
 90
5
 70
1
 10
470026.9201291251
 20
4349642.439123885
 10
470025.9201291251
 20
4349642.439123885
 10
470025.9201291251
 20
4349643.276542516
 10
470026.9201291251
 20
4349643.3295428995
 10
470026.9201291251
 20
4349642.439123885
  0
TEXT
  5
34D
330
17
100
AcDbEntity
  8
0
 62
1
100
AcDbText
 10
470026.26012912515
 20
4349642.787833201
 30
0.0
 40
0.1333
  1
1.97
  7
CN_TTF
 11
470026.26012912515
 21
4349642.787833201
 31
0.0
100
AcDbText
  0
LWPOLYLINE
  5
34E
330
17
100
AcDbEntity
  8
爆区方格网
 62
1
100
AcDbPolyline
 90
5
 70
1
 10
470026.9201291251
 20
4349638.439123885
 10
470027.9201291251
 20
4349638.439123885
 10
470027.9201291251
 20
4349637.840563194
 10
470026.9201291251
 20
4349637.87462061
 10
470026.9201291251
 20
4349638.439123885
  0
TEXT
  5
34F
330
17
100
AcDbEntity
  8
0
 62
1
100
AcDbText
 10
470027.26012912515
 20
4349638.086872247
 30
0.0
 40
0.1333
  1
1.75
  7
CN_TTF
 11
470027.26012912515
 21
4349638.086872247
 31
0.0
100
AcDbText
  0
LWPOLYLINE
  5
350
330
17
100
AcDbEntity
  8
爆区方格网
 62
1
100
AcDbPolyline
 90
5
 70
1
 10
470026.9201291251
 20
4349638.439123885
 10
470026.9201291251
 20
4349639.439123885
 10
470027.9201291251
 20
4349639.439123885
 10
470027.9201291251
 20
4349638.439123885
 10
470026.9201291251
 20
4349638.439123885
  0
TEXT
  5
351
330
17
100
AcDbEntity
  8
0
 62
1
100
AcDbText
 10
470027.26012912515
 20
4349638.8691238845
 30
0.0
 40
0.1333
  1
1.75
  7
CN_TTF
 11
470027.26012912515
 21
4349638.8691238845
 31
0.0
100
AcDbText
  0
LWPOLYLINE
  5
352
330
17
100
AcDbEntity
  8
爆区方格网
 62
1
100
AcDbPolyline
 90
5
 70
1
 10
470026.9201291251
 20
4349639.439123885
 10
470026.9201291251
 20
4349640.439123885
 10
470027.9201291251
 20
4349640.439123885
 10
470027.9201291251
 20
4349639.439123885
 10
470026.9201291251
 20
4349639.439123885
  0
TEXT
  5
353
330
17
100
AcDbEntity
  8
0
 62
1
100
AcDbText
 10
470027.26012912515
 20
4349639.8691238845
 30
0.0
 40
0.1333
  1
1.75
  7
CN_TTF
 11
470027.26012912515
 21
4349639.8691238845
 31
0.0
100
AcDbText
  0
LWPOLYLINE
  5
354
330
17
100
AcDbEntity
  8
爆区方格网
 62
1
100
AcDbPolyline
 90
5
 70
1
 10
470026.9201291251
 20
4349640.439123885
 10
470026.9201291251
 20
4349641.439123885
 10
470027.9201291251
 20
4349641.439123885
 10
470027.9201291251
 20
4349640.439123885
 10
470026.9201291251
 20
4349640.439123885
  0
TEXT
  5
355
330
17
100
AcDbEntity
  8
0
 62
1
100
AcDbText
 10
470027.26012912515
 20
4349640.8691238845
 30
0.0
 40
0.1333
  1
1.75
  7
CN_TTF
 11
470027.26012912515
 21
4349640.8691238845
 31
0.0
100
AcDbText
  0
LWPOLYLINE
  5
356
330
17
100
AcDbEntity
  8
爆区方格网
 62
1
100
AcDbPolyline
 90
5
 70
1
 10
470026.9201291251
 20
4349641.439123885
 10
470026.9201291251
 20
4349642.439123885
 10
470027.9201291251
 20
4349642.439123885
 10
470027.9201291251
 20
4349641.439123885
 10
470026.9201291251
 20
4349641.439123885
  0
TEXT
  5
357
330
17
100
AcDbEntity
  8
0
 62
1
100
AcDbText
 10
470027.26012912515
 20
4349641.8691238845
 30
0.0
 40
0.1333
  1
1.97
  7
CN_TTF
 11
470027.26012912515
 21
4349641.8691238845
 31
0.0
100
AcDbText
  0
LWPOLYLINE
  5
358
330
17
100
AcDbEntity
  8
爆区方格网
 62
1
100
AcDbPolyline
 90
5
 70
1
 10
470027.9201291251
 20
4349642.439123885
 10
470026.9201291251
 20
4349642.439123885
 10
470026.9201291251
 20
4349643.3295428995
 10
470027.9201291251
 20
4349643.382543282
 10
470027.9201291251
 20
4349642.439123885
  0
TEXT
  5
359
330
17
100
AcDbEntity
  8
0
 62
1
100
AcDbText
 10
470027.26012912515
 20
4349642.814333392
 30
0.0
 40
0.1333
  1
1.97
  7
CN_TTF
 11
470027.26012912515
 21
4349642.814333392
 31
0.0
100
AcDbText
  0
LWPOLYLINE
  5
35A
330
17
100
AcDbEntity
  8
爆区方格网
 62
1
100
AcDbPolyline
 90
6
 70
1
 10
470027.9201291251
 20
4349638.439123885
 10
470028.9201291251
 20
4349638.439123885
 10
470028.9201291251
 20
4349637.806505779
 10
470028.846471918
 20
4349637.809014353
 10
470027.9201291251
 20
4349637.840563194
 10
470027.9201291251
 20
4349638.439123885
  0
TEXT
  5
35B
330
17
100
AcDbEntity
  8
0
 62
1
100
AcDbText
 10
470028.26012912515
 20
4349638.069843539
 30
0.0
 40
0.1333
  1
1.75
  7
CN_TTF
 11
470028.26012912515
 21
4349638.069843539
 31
0.0
100
AcDbText
  0
LWPOLYLINE
  5
35C
330
17
100
AcDbEntity
  8
爆区方格网
 62
1
100
AcDbPolyline
 90
5
 70
1
 10
470027.9201291251
 20
4349638.439123885
 10
470027.9201291251
 20
4349639.439123885
 10
470028.9201291251
 20
4349639.439123885
 10
470028.9201291251
 20
4349638.439123885
 10
470027.9201291251
 20
4349638.439123885
  0
TEXT
  5
35D
330
17
100
AcDbEntity
  8
0
 62
1
100
AcDbText
 10
470028.26012912515
 20
4349638.8691238845
 30
0.0
 40
0.1333
  1
1.75
  7
CN_TTF
 11
470028.26012912515
 21
4349638.8691238845
 31
0.0
100
AcDbText
  0
LWPOLYLINE
  5
35E
330
17
100
AcDbEntity
  8
爆区方格网
 62
1
100
AcDbPolyline
 90
5
 70
1
 10
470027.9201291251
 20
4349639.439123885
 10
470027.9201291251
 20
4349640.439123885
 10
470028.9201291251
 20
4349640.439123885
 10
470028.9201291251
 20
4349639.439123885
 10
470027.9201291251
 20
4349639.439123885
  0
TEXT
  5
35F
330
17
100
AcDbEntity
  8
0
 62
1
100
AcDbText
 10
470028.26012912515
 20
4349639.8691238845
 30
0.0
 40
0.1333
  1
1.74
  7
CN_TTF
 11
470028.26012912515
 21
4349639.8691238845
 31
0.0
100
AcDbText
  0
LWPOLYLINE
  5
360
330
17
100
AcDbEntity
  8
爆区方格网
 62
1
100
AcDbPolyline
 90
5
 70
1
 10
470027.9201291251
 20
4349640.439123885
 10
470027.9201291251
 20
4349641.439123885
 10
470028.9201291251
 20
4349641.439123885
 10
470028.9201291251
 20
4349640.439123885
 10
470027.9201291251
 20
4349640.439123885
  0
TEXT
  5
361
330
17
100
AcDbEntity
  8
0
 62
1
100
AcDbText
 10
470028.26012912515
 20
4349640.8691238845
 30
0.0
 40
0.1333
  1
1.74
  7
CN_TTF
 11
470028.26012912515
 21
4349640.8691238845
 31
0.0
100
AcDbText
  0
LWPOLYLINE
  5
362
330
17
100
AcDbEntity
  8
爆区方格网
 62
1
100
AcDbPolyline
 90
5
 70
1
 10
470027.9201291251
 20
4349641.439123885
 10
470027.9201291251
 20
4349642.439123885
 10
470028.9201291251
 20
4349642.439123885
 10
470028.9201291251
 20
4349641.439123885
 10
470027.9201291251
 20
4349641.439123885
  0
TEXT
  5
363
330
17
100
AcDbEntity
  8
0
 62
1
100
AcDbText
 10
470028.26012912515
 20
4349641.8691238845
 30
0.0
 40
0.1333
  1
1.74
  7
CN_TTF
 11
470028.26012912515
 21
4349641.8691238845
 31
0.0
100
AcDbText
  0
LWPOLYLINE
  5
364
330
17
100
AcDbEntity
  8
爆区方格网
 62
1
100
AcDbPolyline
 90
6
 70
1
 10
470028.9201291251
 20
4349642.439123885
 10
470027.9201291251
 20
4349642.439123885
 10
470027.9201291251
 20
4349643.382543282
 10
470028.5110867855
 20
4349643.413864263
 10
470028.9201291251
 20
4349643.435543664
 10
470028.9201291251
 20
4349642.439123885
  0
TEXT
  5
365
330
17
100
AcDbEntity
  8
0
 62
1
100
AcDbText
 10
470028.26012912515
 20
4349642.840833583
 30
0.0
 40
0.1333
  1
1.74
  7
CN_TTF
 11
470028.26012912515
 21
4349642.840833583
 31
0.0
100
AcDbText
  0
LWPOLYLINE
  5
366
330
17
100
AcDbEntity
  8
爆区方格网
 62
1
100
AcDbPolyline
 90
5
 70
1
 10
470028.9201291251
 20
4349638.439123885
 10
470029.73427385784
 20
4349638.439123885
 10
470029.82429918635
 20
4349637.775712083
 10
470028.9201291251
 20
4349637.806505779
 10
470028.9201291251
 20
4349638.439123885
  0
TEXT
  5
367
330
17
100
AcDbEntity
  8
0
 62
1
100
AcDbText
 10
470029.1886631435
 20
4349638.052814832
 30
0.0
 40
0.1333
  1
1.74
  7
CN_TTF
 11
470029.1886631435
 21
4349638.052814832
 31
0.0
100
AcDbText
  0
LWPOLYLINE
  5
368
330
17
100
AcDbEntity
  8
爆区方格网
 62
1
100
AcDbPolyline
 90
5
 70
1
 10
470028.9201291251
 20
4349638.439123885
 10
470028.9201291251
 20
4349639.439123885
 10
470029.5985733348
 20
4349639.439123885
 10
470029.73427385784
 20
4349638.439123885
 10
470028.9201291251
 20
4349638.439123885
  0
TEXT
  5
369
330
17
100
AcDbEntity
  8
0
 62
1
100
AcDbText
 10
470029.13327636075
 20
4349638.8691238845
 30
0.0
 40
0.1333
  1
1.74
  7
CN_TTF
 11
470029.13327636075
 21
4349638.8691238845
 31
0.0
100
AcDbText
  0
LWPOLYLINE
  5
36A
330
17
100
AcDbEntity
  8
爆区方格网
 62
1
100
AcDbPolyline
 90
5
 70
1
 10
470028.9201291251
 20
4349639.439123885
 10
470028.9201291251
 20
4349640.439123885
 10
470029.46287281177
 20
4349640.439123885
 10
470029.5985733348
 20
4349639.439123885
 10
470028.9201291251
 20
4349639.439123885
  0
TEXT
  5
36B
330
17
100
AcDbEntity
  8
0
 62
1
100
AcDbText
 10
470029.06542609923
 20
4349639.8691238845
 30
0.0
 40
0.1333
  1
1.74
  7
CN_TTF
 11
470029.06542609923
 21
4349639.8691238845
 31
0.0
100
AcDbText
  0
LWPOLYLINE
  5
36C
330
17
100
AcDbEntity
  8
爆区方格网
 62
1
100
AcDbPolyline
 90
7
 70
1
 10
470028.9201291251
 20
4349640.439123885
 10
470028.9201291251
 20
4349641.439123885
 10
470029.9201291251
 20
4349641.439123885
 10
470029.9201291251
 20
4349640.82284042
 10
470029.431
 20
4349640.674000001
 10
470029.46287281177
 20
4349640.439123885
 10
470028.9201291251
 20
4349640.439123885
  0
TEXT
  5
36D
330
17
100
AcDbEntity
  8
0
 62
1
100
AcDbText
 10
470029.26012912515
 20
4349641.060982152
 30
0.0
 40
0.1333
  1
1.74
  7
CN_TTF
 11
470029.26012912515
 21
4349641.060982152
 31
0.0
100
AcDbText
  0
LWPOLYLINE
  5
36E
330
17
100
AcDbEntity
  8
爆区方格网
 62
1
100
AcDbPolyline
 90
5
 70
1
 10
470028.9201291251
 20
4349641.439123885
 10
470028.9201291251
 20
4349642.439123885
 10
470029.9201291251
 20
4349642.439123885
 10
470029.9201291251
 20
4349641.439123885
 10
470028.9201291251
 20
4349641.439123885
  0
TEXT
  5
36F
330
17
100
AcDbEntity
  8
0
 62
1
100
AcDbText
 10
470029.26012912515
 20
4349641.8691238845
 30
0.0
 40
0.1333
  1
1.74
  7
CN_TTF
 11
470029.26012912515
 21
4349641.8691238845
 31
0.0
100
AcDbText
  0
LWPOLYLINE
  5
370
330
17
100
AcDbEntity
  8
爆区方格网
 62
1
100
AcDbPolyline
 90
7
 70
1
 10
470029.9201291251
 20
4349642.439123885
 10
470028.9201291251
 20
4349642.439123885
 10
470028.9201291251
 20
4349643.435543664
 10
470028.9876799792
 20
4349643.439123885
 10
470029.4600097839
 20
4349643.439123885
 10
470029.9201291251
 20
4349643.296599686
 10
470029.9201291251
 20
4349642.439123885
  0
TEXT
  5
371
330
17
100
AcDbEntity
  8
0
 62
1
100
AcDbText
 10
470029.26012912515
 20
4349642.797861785
 30
0.0
 40
0.1333
  1
1.74
  7
CN_TTF
 11
470029.26012912515
 21
4349642.797861785
 31
0.0
100
AcDbText
  0
LWPOLYLINE
  5
372
330
17
100
AcDbEntity
  8
爆区方格网
 62
1
100
AcDbPolyline
 90
5
 70
1
 10
470029.9201291251
 20
4349641.439123885
 10
470029.9201291251
 20
4349642.439123885
 10
470030.9201291251
 20
4349642.439123885
 10
470030.9201291251
 20
4349641.439123885
 10
470029.9201291251
 20
4349641.439123885
  0
TEXT
  5
373
330
17
100
AcDbEntity
  8
0
 62
1
100
AcDbText
 10
470030.26012912515
 20
4349641.8691238845
 30
0.0
 40
0.1333
  1
1.74
  7
CN_TTF
 11
470030.26012912515
 21
4349641.8691238845
 31
0.0
100
AcDbText
  0
LWPOLYLINE
  5
374
330
17
100
AcDbEntity
  8
爆区方格网
 62
1
100
AcDbPolyline
 90
5
 70
1
 10
470030.9201291251
 20
4349642.439123885
 10
470029.9201291251
 20
4349642.439123885
 10
470029.9201291251
 20
4349643.296599686
 10
470030.9201291251
 20
4349642.986844835
 10
470030.9201291251
 20
4349642.439123885
  0
TEXT
  5
375
330
17
100
AcDbEntity
  8
0
 62
1
100
AcDbText
 10
470030.26012912515
 20
4349642.6429843595
 30
0.0
 40
0.1333
  1
1.74
  7
CN_TTF
 11
470030.26012912515
 21
4349642.6429843595
 31
0.0
100
AcDbText
  0
LWPOLYLINE
  5
376
330
17
100
AcDbEntity
  8
爆区方格网
 62
1
100
AcDbPolyline
 90
5
 70
1
 10
470030.9201291251
 20
4349641.439123885
 10
470030.9201291251
 20
4349642.439123885
 10
470031.4062756517
 20
4349642.439123885
 10
470031.5443304821
 20
4349641.439123885
 10
470030.9201291251
 20
4349641.439123885
  0
TEXT
  5
377
330
17
100
AcDbEntity
  8
0
 62
1
100
AcDbText
 10
470031.03771609603
 20
4349641.8691238845
 30
0.0
 40
0.1333
  1
1.74
  7
CN_TTF
 11
470031.03771609603
 21
4349641.8691238845
 31
0.0
100
AcDbText
  0
LWPOLYLINE
  5
378
330
17
100
AcDbEntity
  8
爆区方格网
 62
1
100
AcDbPolyline
 90
6
 70
1
 10
470036.9201291251
 20
4349645.439123885
 10
470036.9201291251
 20
4349644.439123885
 10
470036.58900027187
 20
4349644.439123885
 10
470036.03099999996
 20
4349644.869999999
 10
470036.35957047273
 20
4349645.439123885
 10
470036.9201291251
 20
4349645.439123885
  0
TEXT
  5
379
330
17
100
AcDbEntity
  8
0
 62
1
100
AcDbText
 10
470036.3977071809
 20
4349645.084561942
 30
0.0
 40
0.1333
  1
1.57
  7
CN_TTF
 11
470036.3977071809
 21
4349645.084561942
 31
0.0
100
AcDbText
  0
LWPOLYLINE
  5
37A
330
17
100
AcDbEntity
  8
爆区方格网
 62
1
100
AcDbPolyline
 90
6
 70
1
 10
470036.9201291251
 20
4349644.439123885
 10
470037.9201291251
 20
4349644.439123885
 10
470037.9201291251
 20
4349643.439123885
 10
470037.88403671794
 20
4349643.439123885
 10
470036.9201291251
 20
4349644.183433125
 10
470036.9201291251
 20
4349644.439123885
  0
TEXT
  5
37B
330
17
100
AcDbEntity
  8
0
 62
1
100
AcDbText
 10
470037.50110602303
 20
4349643.741278505
 30
0.0
 40
0.1333
  1
1.57
  7
CN_TTF
 11
470037.50110602303
 21
4349643.741278505
 31
0.0
100
AcDbText
  0
LWPOLYLINE
  5
37C
330
17
100
AcDbEntity
  8
爆区方格网
 62
1
100
AcDbPolyline
 90
5
 70
1
 10
470036.9201291251
 20
4349644.439123885
 10
470036.9201291251
 20
4349645.439123885
 10
470037.9201291251
 20
4349645.439123885
 10
470037.9201291251
 20
4349644.439123885
 10
470036.9201291251
 20
4349644.439123885
  0
TEXT
  5
37D
330
17
100
AcDbEntity
  8
0
 62
1
100
AcDbText
 10
470037.26012912515
 20
4349644.8691238845
 30
0.0
 40
0.1333
  1
1.57
  7
CN_TTF
 11
470037.26012912515
 21
4349644.8691238845
 31
0.0
100
AcDbText
  0
LWPOLYLINE
  5
37E
330
17
100
AcDbEntity
  8
爆区方格网
 62
1
100
AcDbPolyline
 90
6
 70
1
 10
470037.9201291251
 20
4349646.439123885
 10
470037.9201291251
 20
4349645.439123885
 10
470036.9201291251
 20
4349645.439123885
 10
470036.9201291251
 20
4349646.410079417
 10
470036.9368972747
 20
4349646.439123885
 10
470037.9201291251
 20
4349646.439123885
  0
TEXT
  5
37F
330
17
100
AcDbEntity
  8
0
 62
1
100
AcDbText
 10
470037.26012912515
 20
4349645.8546016505
 30
0.0
 40
0.1333
  1
1.57
  7
CN_TTF
 11
470037.26012912515
 21
4349645.8546016505
 31
0.0
100
AcDbText
  0
LWPOLYLINE
  5
380
330
17
100
AcDbEntity
  8
爆区方格网
 62
1
100
AcDbPolyline
 90
5
 70
1
 10
470037.9201291251
 20
4349646.439123885
 10
470036.9368972747
 20
4349646.439123885
 10
470037.26638238906
 20
4349647.00983204
 10
470037.9201291251
 20
4349647.13242964
 10
470037.9201291251
 20
4349646.439123885
  0
TEXT
  5
381
330
17
100
AcDbEntity
  8
0
 62
1
100
AcDbText
 10
470037.35088447854
 20
4349646.654477962
 30
0.0
 40
0.1333
  1
1.57
  7
CN_TTF
 11
470037.35088447854
 21
4349646.654477962
 31
0.0
100
AcDbText
  0
LWPOLYLINE
  5
382
330
17
100
AcDbEntity
  8
爆区方格网
 62
1
100
AcDbPolyline
 90
5
 70
1
 10
470037.9201291251
 20
4349643.439123885
 10
470037.9201291251
 20
4349644.439123885
 10
470038.9201291251
 20
4349644.439123885
 10
470038.9201291251
 20
4349643.439123885
 10
470037.9201291251
 20
4349643.439123885
  0
TEXT
  5
383
330
17
100
AcDbEntity
  8
0
 62
1
100
AcDbText
 10
470038.26012912515
 20
4349643.8691238845
 30
0.0
 40
0.1333
  1
1.57
  7
CN_TTF
 11
470038.26012912515
 21
4349643.8691238845
 31
0.0
100
AcDbText
  0
LWPOLYLINE
  5
384
330
17
100
AcDbEntity
  8
爆区方格网
 62
1
100
AcDbPolyline
 90
5
 70
1
 10
470037.9201291251
 20
4349644.439123885
 10
470037.9201291251
 20
4349645.439123885
 10
470038.9201291251
 20
4349645.439123885
 10
470038.9201291251
 20
4349644.439123885
 10
470037.9201291251
 20
4349644.439123885
  0
TEXT
  5
385
330
17
100
AcDbEntity
  8
0
 62
1
100
AcDbText
 10
470038.26012912515
 20
4349644.8691238845
 30
0.0
 40
0.1333
  1
1.57
  7
CN_TTF
 11
470038.26012912515
 21
4349644.8691238845
 31
0.0
100
AcDbText
  0
LWPOLYLINE
  5
386
330
17
100
AcDbEntity
  8
爆区方格网
 62
1
100
AcDbPolyline
 90
5
 70
1
 10
470037.9201291251
 20
4349645.439123885
 10
470037.9201291251
 20
4349646.439123885
 10
470038.9201291251
 20
4349646.439123885
 10
470038.9201291251
 20
4349645.439123885
 10
470037.9201291251
 20
4349645.439123885
  0
TEXT
  5
387
330
17
100
AcDbEntity
  8
0
 62
1
100
AcDbText
 10
470038.26012912515
 20
4349645.8691238845
 30
0.0
 40
0.1333
  1
1.57
  7
CN_TTF
 11
470038.26012912515
 21
4349645.8691238845
 31
0.0
100
AcDbText
  0
LWPOLYLINE
  5
388
330
17
100
AcDbEntity
  8
爆区方格网
 62
1
100
AcDbPolyline
 90
5
 70
1
 10
470038.9201291251
 20
4349646.439123885
 10
470037.9201291251
 20
4349646.439123885
 10
470037.9201291251
 20
4349647.13242964
 10
470038.9201291251
 20
4349647.319960364
 10
470038.9201291251
 20
4349646.439123885
  0
TEXT
  5
389
330
17
100
AcDbEntity
  8
0
 62
1
100
AcDbText
 10
470038.26012912515
 20
4349646.715776762
 30
0.0
 40
0.1333
  1
1.57
  7
CN_TTF
 11
470038.26012912515
 21
4349646.715776762
 31
0.0
100
AcDbText
  0
LWPOLYLINE
  5
38A
330
17
100
AcDbEntity
  8
爆区方格网
 62
1
100
AcDbPolyline
 90
5
 70
1
 10
470038.9201291251
 20
4349643.439123885
 10
470038.9201291251
 20
4349644.439123885
 10
470039.9201291251
 20
4349644.439123885
 10
470039.9201291251
 20
4349643.439123885
 10
470038.9201291251
 20
4349643.439123885
  0
TEXT
  5
38B
330
17
100
AcDbEntity
  8
0
 62
1
100
AcDbText
 10
470039.26012912515
 20
4349643.8691238845
 30
0.0
 40
0.1333
  1
1.57
  7
CN_TTF
 11
470039.26012912515
 21
4349643.8691238845
 31
0.0
100
AcDbText
  0
LWPOLYLINE
  5
38C
330
17
100
AcDbEntity
  8
爆区方格网
 62
1
100
AcDbPolyline
 90
5
 70
1
 10
470038.9201291251
 20
4349644.439123885
 10
470038.9201291251
 20
4349645.439123885
 10
470039.9201291251
 20
4349645.439123885
 10
470039.9201291251
 20
4349644.439123885
 10
470038.9201291251
 20
4349644.439123885
  0
TEXT
  5
38D
330
17
100
AcDbEntity
  8
0
 62
1
100
AcDbText
 10
470039.26012912515
 20
4349644.8691238845
 30
0.0
 40
0.1333
  1
1.57
  7
CN_TTF
 11
470039.26012912515
 21
4349644.8691238845
 31
0.0
100
AcDbText
  0
LWPOLYLINE
  5
38E
330
17
100
AcDbEntity
  8
爆区方格网
 62
1
100
AcDbPolyline
 90
5
 70
1
 10
470038.9201291251
 20
4349645.439123885
 10
470038.9201291251
 20
4349646.439123885
 10
470039.9201291251
 20
4349646.439123885
 10
470039.9201291251
 20
4349645.439123885
 10
470038.9201291251
 20
4349645.439123885
  0
TEXT
  5
38F
330
17
100
AcDbEntity
  8
0
 62
1
100
AcDbText
 10
470039.26012912515
 20
4349645.8691238845
 30
0.0
 40
0.1333
  1
1.57
  7
CN_TTF
 11
470039.26012912515
 21
4349645.8691238845
 31
0.0
100
AcDbText
  0
LWPOLYLINE
  5
390
330
17
100
AcDbEntity
  8
爆区方格网
 62
1
100
AcDbPolyline
 90
6
 70
1
 10
470039.9201291251
 20
4349647.439123885
 10
470039.9201291251
 20
4349646.439123885
 10
470038.9201291251
 20
4349646.439123885
 10
470038.9201291251
 20
4349647.319960364
 10
470039.5555637736
 20
4349647.439123885
 10
470039.9201291251
 20
4349647.439123885
  0
TEXT
  5
391
330
17
100
AcDbEntity
  8
0
 62
1
100
AcDbText
 10
470039.26012912515
 20
4349646.809542124
 30
0.0
 40
0.1333
  1
1.57
  7
CN_TTF
 11
470039.26012912515
 21
4349646.809542124
 31
0.0
100
AcDbText
  0
LWPOLYLINE
  5
392
330
17
100
AcDbEntity
  8
爆区方格网
 62
1
100
AcDbPolyline
 90
6
 70
1
 10
470039.9201291251
 20
4349643.439123885
 10
470039.9201291251
 20
4349644.439123885
 10
470040.9201291251
 20
4349644.439123885
 10
470040.9201291251
 20
4349643.5042278925
 10
470040.74370501994
 20
4349643.439123885
 10
470039.9201291251
 20
4349643.439123885
  0
TEXT
  5
393
330
17
100
AcDbEntity
  8
0
 62
1
100
AcDbText
 10
470040.26012912515
 20
4349643.901675888
 30
0.0
 40
0.1333
  1
1.57
  7
CN_TTF
 11
470040.26012912515
 21
4349643.901675888
 31
0.0
100
AcDbText
  0
LWPOLYLINE
  5
394
330
17
100
AcDbEntity
  8
爆区方格网
 62
1
100
AcDbPolyline
 90
5
 70
1
 10
470039.9201291251
 20
4349644.439123885
 10
470039.9201291251
 20
4349645.439123885
 10
470040.9201291251
 20
4349645.439123885
 10
470040.9201291251
 20
4349644.439123885
 10
470039.9201291251
 20
4349644.439123885
  0
TEXT
  5
395
330
17
100
AcDbEntity
  8
0
 62
1
100
AcDbText
 10
470040.26012912515
 20
4349644.8691238845
 30
0.0
 40
0.1333
  1
1.57
  7
CN_TTF
 11
470040.26012912515
 21
4349644.8691238845
 31
0.0
100
AcDbText
  0
LWPOLYLINE
  5
396
330
17
100
AcDbEntity
  8
爆区方格网
 62
1
100
AcDbPolyline
 90
5
 70
1
 10
470039.9201291251
 20
4349645.439123885
 10
470039.9201291251
 20
4349646.439123885
 10
470040.9201291251
 20
4349646.439123885
 10
470040.9201291251
 20
4349645.439123885
 10
470039.9201291251
 20
4349645.439123885
  0
TEXT
  5
397
330
17
100
AcDbEntity
  8
0
 62
1
100
AcDbText
 10
470040.26012912515
 20
4349645.8691238845
 30
0.0
 40
0.1333
  1
1.57
  7
CN_TTF
 11
470040.26012912515
 21
4349645.8691238845
 31
0.0
100
AcDbText
  0
LWPOLYLINE
  5
398
330
17
100
AcDbEntity
  8
爆区方格网
 62
1
100
AcDbPolyline
 90
5
 70
1
 10
470039.9201291251
 20
4349646.439123885
 10
470039.9201291251
 20
4349647.439123885
 10
470040.9201291251
 20
4349647.439123885
 10
470040.9201291251
 20
4349646.439123885
 10
470039.9201291251
 20
4349646.439123885
  0
TEXT
  5
399
330
17
100
AcDbEntity
  8
0
 62
1
100
AcDbText
 10
470040.26012912515
 20
4349646.8691238845
 30
0.0
 40
0.1333
  1
1.57
  7
CN_TTF
 11
470040.26012912515
 21
4349646.8691238845
 31
0.0
100
AcDbText
  0
LWPOLYLINE
  5
39A
330
17
100
AcDbEntity
  8
爆区方格网
 62
1
100
AcDbPolyline
 90
5
 70
1
 10
470040.9201291251
 20
4349644.439123885
 10
470041.9146322128
 20
4349644.439123885
 10
470041.41
 20
4349643.685
 10
470040.9201291251
 20
4349643.5042278925
 10
470040.9201291251
 20
4349644.439123885
  0
TEXT
  5
39B
330
17
100
AcDbEntity
  8
0
 62
1
100
AcDbText
 10
470041.1312226158
 20
4349643.992061942
 30
0.0
 40
0.1333
  1
1.57
  7
CN_TTF
 11
470041.1312226158
 21
4349643.992061942
 31
0.0
100
AcDbText
  0
LWPOLYLINE
  5
39C
330
17
100
AcDbEntity
  8
爆区方格网
 62
1
100
AcDbPolyline
 90
6
 70
1
 10
470040.9201291251
 20
4349644.439123885
 10
470040.9201291251
 20
4349645.439123885
 10
470041.9201291251
 20
4349645.439123885
 10
470041.9201291251
 20
4349644.447338487
 10
470041.9146322128
 20
4349644.439123885
 10
470040.9201291251
 20
4349644.439123885
  0
TEXT
  5
39D
330
17
100
AcDbEntity
  8
0
 62
1
100
AcDbText
 10
470041.26012912515
 20
4349644.873231186
 30
0.0
 40
0.1333
  1
1.57
  7
CN_TTF
 11
470041.26012912515
 21
4349644.873231186
 31
0.0
100
AcDbText
  0
LWPOLYLINE
  5
39E
330
17
100
AcDbEntity
  8
爆区方格网
 62
1
100
AcDbPolyline
 90
5
 70
1
 10
470040.9201291251
 20
4349645.439123885
 10
470040.9201291251
 20
4349646.439123885
 10
470041.9201291251
 20
4349646.439123885
 10
470041.9201291251
 20
4349645.439123885
 10
470040.9201291251
 20
4349645.439123885
  0
TEXT
  5
39F
330
17
100
AcDbEntity
  8
0
 62
1
100
AcDbText
 10
470041.26012912515
 20
4349645.8691238845
 30
0.0
 40
0.1333
  1
1.57
  7
CN_TTF
 11
470041.26012912515
 21
4349645.8691238845
 31
0.0
100
AcDbText
  0
LWPOLYLINE
  5
3A0
330
17
100
AcDbEntity
  8
爆区方格网
 62
1
100
AcDbPolyline
 90
5
 70
1
 10
470040.9201291251
 20
4349646.439123885
 10
470040.9201291251
 20
4349647.439123885
 10
470041.9201291251
 20
4349647.439123885
 10
470041.9201291251
 20
4349646.439123885
 10
470040.9201291251
 20
4349646.439123885
  0
TEXT
  5
3A1
330
17
100
AcDbEntity
  8
0
 62
1
100
AcDbText
 10
470041.26012912515
 20
4349646.8691238845
 30
0.0
 40
0.1333
  1
1.57
  7
CN_TTF
 11
470041.26012912515
 21
4349646.8691238845
 31
0.0
100
AcDbText
  0
LWPOLYLINE
  5
3A2
330
17
100
AcDbEntity
  8
爆区方格网
 62
1
100
AcDbPolyline
 90
7
 70
1
 10
470041.9201291251
 20
4349645.439123885
 10
470041.9201291251
 20
4349646.439123885
 10
470042.9201291251
 20
4349646.439123885
 10
470042.9201291251
 20
4349645.941741472
 10
470042.625740239
 20
4349645.501805842
 10
470042.5837957583
 20
4349645.439123885
 10
470041.9201291251
 20
4349645.439123885
  0
TEXT
  5
3A3
330
17
100
AcDbEntity
  8
0
 62
1
100
AcDbText
 10
470042.18653190363
 20
4349645.651773657
 30
0.0
 40
0.1333
  1
1.57
  7
CN_TTF
 11
470042.18653190363
 21
4349645.651773657
 31
0.0
100
AcDbText
  0
LWPOLYLINE
  5
3A4
330
17
100
AcDbEntity
  8
爆区方格网
 62
1
100
AcDbPolyline
 90
5
 70
1
 10
470041.9201291251
 20
4349646.439123885
 10
470041.9201291251
 20
4349647.439123885
 10
470042.9201291251
 20
4349647.439123885
 10
470042.9201291251
 20
4349646.439123885
 10
470041.9201291251
 20
4349646.439123885
  0
TEXT
  5
3A5
330
17
100
AcDbEntity
  8
0
 62
1
100
AcDbText
 10
470042.26012912515
 20
4349646.8691238845
 30
0.0
 40
0.1333
  1
1.57
  7
CN_TTF
 11
470042.26012912515
 21
4349646.8691238845
 31
0.0
100
AcDbText
  0
LWPOLYLINE
  5
3A6
330
17
100
AcDbEntity
  8
爆区方格网
 62
1
100
AcDbPolyline
 90
5
 70
1
 10
470042.9201291251
 20
4349646.439123885
 10
470042.9201291251
 20
4349647.439123885
 10
470043.8225527341
 20
4349647.439123885
 10
470043.22708347876
 20
4349646.439123885
 10
470042.9201291251
 20
4349646.439123885
  0
TEXT
  5
3A7
330
17
100
AcDbEntity
  8
0
 62
1
100
AcDbText
 10
470043.0624736158
 20
4349646.8691238845
 30
0.0
 40
0.1333
  1
1.57
  7
CN_TTF
 11
470043.0624736158
 21
4349646.8691238845
 31
0.0
100
AcDbText
  0
LWPOLYLINE
  5
3A8
330
17
100
AcDbEntity
  8
爆区方格网
 62
1
100
AcDbPolyline
 90
6
 70
1
 10
470043.9201291251
 20
4349647.602988585
 10
470043.8225527341
 20
4349647.439123885
 10
470042.9201291251
 20
4349647.439123885
 10
470042.9201291251
 20
4349648.070083264
 10
470043.9201291251
 20
4349648.2576139895
 10
470043.9201291251
 20
4349647.602988585
  0
TEXT
  5
3A9
330
17
100
AcDbEntity
  8
0
 62
1
100
AcDbText
 10
470043.26012912515
 20
4349647.766535925
 30
0.0
 40
0.1333
  1
1.57
  7
CN_TTF
 11
470043.26012912515
 21
4349647.766535925
 31
0.0
100
AcDbText
  0
LWPOLYLINE
  5
3AA
330
17
100
AcDbEntity
  8
爆区方格网
 62
1
100
AcDbPolyline
 90
6
 70
1
 10
470045.9201291251
 20
4349657.439123885
 10
470045.341061965
 20
4349657.439123885
 10
470044.9201291251
 20
4349657.737261354
 10
470044.9201291251
 20
4349658.171235062
 10
470045.9201291251
 20
4349658.334328367
 10
470045.9201291251
 20
4349657.439123885
  0
TEXT
  5
3AB
330
17
100
AcDbEntity
  8
0
 62
1
100
AcDbText
 10
470045.26012912515
 20
4349657.884248208
 30
0.0
 40
0.1333
  1
1.82
  7
CN_TTF
 11
470045.26012912515
 21
4349657.884248208
 31
0.0
100
AcDbText
  0
LWPOLYLINE
  5
3AC
330
17
100
AcDbEntity
  8
爆区方格网
 62
1
100
AcDbPolyline
 90
6
 70
1
 10
470045.9201291251
 20
4349657.439123885
 10
470046.9201291251
 20
4349657.439123885
 10
470046.9201291251
 20
4349656.439123885
 10
470046.75293696526
 20
4349656.439123885
 10
470045.9201291251
 20
4349657.0289833555
 10
470045.9201291251
 20
4349657.439123885
  0
TEXT
  5
3AD
330
17
100
AcDbEntity
  8
0
 62
1
100
AcDbText
 10
470046.46833108517
 20
4349656.66405362
 30
0.0
 40
0.1333
  1
1.82
  7
CN_TTF
 11
470046.46833108517
 21
4349656.66405362
 31
0.0
100
AcDbText
  0
LWPOLYLINE
  5
3AE
330
17
100
AcDbEntity
  8
爆区方格网
 62
1
100
AcDbPolyline
 90
6
 70
1
 10
470046.9201291251
 20
4349658.439123885
 10
470046.9201291251
 20
4349657.439123885
 10
470045.9201291251
 20
4349657.439123885
 10
470045.9201291251
 20
4349658.334328367
 10
470046.5626786018
 20
4349658.439123885
 10
470046.9201291251
 20
4349658.439123885
  0
TEXT
  5
3AF
330
17
100
AcDbEntity
  8
0
 62
1
100
AcDbText
 10
470046.26012912515
 20
4349657.816726126
 30
0.0
 40
0.1333
  1
1.82
  7
CN_TTF
 11
470046.26012912515
 21
4349657.816726126
 31
0.0
100
AcDbText
  0
LWPOLYLINE
  5
3B0
330
17
100
AcDbEntity
  8
爆区方格网
 62
1
100
AcDbPolyline
 90
5
 70
1
 10
470046.9201291251
 20
4349656.439123885
 10
470046.9201291251
 20
4349657.439123885
 10
470047.9201291251
 20
4349657.439123885
 10
470047.9201291251
 20
4349656.439123885
 10
470046.9201291251
 20
4349656.439123885
  0
TEXT
  5
3B1
330
17
100
AcDbEntity
  8
0
 62
1
100
AcDbText
 10
470047.26012912515
 20
4349656.8691238845
 30
0.0
 40
0.1333
  1
1.82
  7
CN_TTF
 11
470047.26012912515
 21
4349656.8691238845
 31
0.0
100
AcDbText
  0
LWPOLYLINE
  5
3B2
330
17
100
AcDbEntity
  8
爆区方格网
 62
1
100
AcDbPolyline
 90
5
 70
1
 10
470046.9201291251
 20
4349657.439123885
 10
470046.9201291251
 20
4349658.439123885
 10
470047.9201291251
 20
4349658.439123885
 10
470047.9201291251
 20
4349657.439123885
 10
470046.9201291251
 20
4349657.439123885
  0
TEXT
  5
3B3
330
17
100
AcDbEntity
  8
0
 62
1
100
AcDbText
 10
470047.26012912515
 20
4349657.8691238845
 30
0.0
 40
0.1333
  1
1.82
  7
CN_TTF
 11
470047.26012912515
 21
4349657.8691238845
 31
0.0
100
AcDbText
  0
LWPOLYLINE
  5
3B4
330
17
100
AcDbEntity
  8
爆区方格网
 62
1
100
AcDbPolyline
 90
6
 70
1
 10
470047.9201291251
 20
4349656.439123885
 10
470048.9201291251
 20
4349656.439123885
 10
470048.9201291251
 20
4349655.439123885
 10
470048.1648119656
 20
4349655.439123885
 10
470047.9201291251
 20
4349655.612427358
 10
470047.9201291251
 20
4349656.439123885
  0
TEXT
  5
3B5
330
17
100
AcDbEntity
  8
0
 62
1
100
AcDbText
 10
470048.26012912515
 20
4349655.95577562
 30
0.0
 40
0.1333
  1
1.82
  7
CN_TTF
 11
470048.26012912515
 21
4349655.95577562
 31
0.0
100
AcDbText
  0
LWPOLYLINE
  5
3B6
330
17
100
AcDbEntity
  8
爆区方格网
 62
1
100
AcDbPolyline
 90
5
 70
1
 10
470047.9201291251
 20
4349656.439123885
 10
470047.9201291251
 20
4349657.439123885
 10
470048.9201291251
 20
4349657.439123885
 10
470048.9201291251
 20
4349656.439123885
 10
470047.9201291251
 20
4349656.439123885
  0
TEXT
  5
3B7
330
17
100
AcDbEntity
  8
0
 62
1
100
AcDbText
 10
470048.26012912515
 20
4349656.8691238845
 30
0.0
 40
0.1333
  1
1.82
  7
CN_TTF
 11
470048.26012912515
 21
4349656.8691238845
 31
0.0
100
AcDbText
  0
LWPOLYLINE
  5
3B8
330
17
100
AcDbEntity
  8
爆区方格网
 62
1
100
AcDbPolyline
 90
5
 70
1
 10
470047.9201291251
 20
4349657.439123885
 10
470047.9201291251
 20
4349658.439123885
 10
470048.9201291251
 20
4349658.439123885
 10
470048.9201291251
 20
4349657.439123885
 10
470047.9201291251
 20
4349657.439123885
  0
TEXT
  5
3B9
330
17
100
AcDbEntity
  8
0
 62
1
100
AcDbText
 10
470048.26012912515
 20
4349657.8691238845
 30
0.0
 40
0.1333
  1
1.82
  7
CN_TTF
 11
470048.26012912515
 21
4349657.8691238845
 31
0.0
100
AcDbText
  0
LWPOLYLINE
  5
3BA
330
17
100
AcDbEntity
  8
爆区方格网
 62
1
100
AcDbPolyline
 90
6
 70
1
 10
470048.9201291251
 20
4349655.439123885
 10
470049.9201291251
 20
4349655.439123885
 10
470049.9201291251
 20
4349654.439123885
 10
470049.5766869659
 20
4349654.439123885
 10
470048.9201291251
 20
4349654.904149358
 10
470048.9201291251
 20
4349655.439123885
  0
TEXT
  5
3BB
330
17
100
AcDbEntity
  8
0
 62
1
100
AcDbText
 10
470049.26012912515
 20
4349655.101636621
 30
0.0
 40
0.1333
  1
1.82
  7
CN_TTF
 11
470049.26012912515
 21
4349655.101636621
 31
0.0
100
AcDbText
  0
LWPOLYLINE
  5
3BC
330
17
100
AcDbEntity
  8
爆区方格网
 62
1
100
AcDbPolyline
 90
5
 70
1
 10
470048.9201291251
 20
4349655.439123885
 10
470048.9201291251
 20
4349656.439123885
 10
470049.9201291251
 20
4349656.439123885
 10
470049.9201291251
 20
4349655.439123885
 10
470048.9201291251
 20
4349655.439123885
  0
TEXT
  5
3BD
330
17
100
AcDbEntity
  8
0
 62
1
100
AcDbText
 10
470049.26012912515
 20
4349655.8691238845
 30
0.0
 40
0.1333
  1
1.82
  7
CN_TTF
 11
470049.26012912515
 21
4349655.8691238845
 31
0.0
100
AcDbText
  0
LWPOLYLINE
  5
3BE
330
17
100
AcDbEntity
  8
爆区方格网
 62
1
100
AcDbPolyline
 90
5
 70
1
 10
470048.9201291251
 20
4349656.439123885
 10
470048.9201291251
 20
4349657.439123885
 10
470049.9201291251
 20
4349657.439123885
 10
470049.9201291251
 20
4349656.439123885
 10
470048.9201291251
 20
4349656.439123885
  0
TEXT
  5
3BF
330
17
100
AcDbEntity
  8
0
 62
1
100
AcDbText
 10
470049.26012912515
 20
4349656.8691238845
 30
0.0
 40
0.1333
  1
1.82
  7
CN_TTF
 11
470049.26012912515
 21
4349656.8691238845
 31
0.0
100
AcDbText
  0
LWPOLYLINE
  5
3C0
330
17
100
AcDbEntity
  8
爆区方格网
 62
1
100
AcDbPolyline
 90
5
 70
1
 10
470048.9201291251
 20
4349657.439123885
 10
470048.9201291251
 20
4349658.439123885
 10
470049.9201291251
 20
4349658.439123885
 10
470049.9201291251
 20
4349657.439123885
 10
470048.9201291251
 20
4349657.439123885
  0
TEXT
  5
3C1
330
17
100
AcDbEntity
  8
0
 62
1
100
AcDbText
 10
470049.26012912515
 20
4349657.8691238845
 30
0.0
 40
0.1333
  1
1.82
  7
CN_TTF
 11
470049.26012912515
 21
4349657.8691238845
 31
0.0
100
AcDbText
  0
LWPOLYLINE
  5
3C2
330
17
100
AcDbEntity
  8
爆区方格网
 62
1
100
AcDbPolyline
 90
6
 70
1
 10
470049.9201291251
 20
4349654.439123885
 10
470050.9201291251
 20
4349654.439123885
 10
470050.9201291251
 20
4349653.439980358
 10
470050.592
 20
4349653.720000001
 10
470049.9201291251
 20
4349654.19587136
 10
470049.9201291251
 20
4349654.439123885
  0
TEXT
  5
3C3
330
17
100
AcDbEntity
  8
0
 62
1
100
AcDbText
 10
470050.4280968442
 20
4349653.887935679
 30
0.0
 40
0.1333
  1
1.82
  7
CN_TTF
 11
470050.4280968442
 21
4349653.887935679
 31
0.0
100
AcDbText
  0
LWPOLYLINE
  5
3C4
330
17
100
AcDbEntity
  8
爆区方格网
 62
1
100
AcDbPolyline
 90
5
 70
1
 10
470049.9201291251
 20
4349654.439123885
 10
470049.9201291251
 20
4349655.439123885
 10
470050.9201291251
 20
4349655.439123885
 10
470050.9201291251
 20
4349654.439123885
 10
470049.9201291251
 20
4349654.439123885
  0
TEXT
  5
3C5
330
17
100
AcDbEntity
  8
0
 62
1
100
AcDbText
 10
470050.26012912515
 20
4349654.8691238845
 30
0.0
 40
0.1333
  1
1.82
  7
CN_TTF
 11
470050.26012912515
 21
4349654.8691238845
 31
0.0
100
AcDbText
  0
LWPOLYLINE
  5
3C6
330
17
100
AcDbEntity
  8
爆区方格网
 62
1
100
AcDbPolyline
 90
5
 70
1
 10
470049.9201291251
 20
4349655.439123885
 10
470049.9201291251
 20
4349656.439123885
 10
470050.9201291251
 20
4349656.439123885
 10
470050.9201291251
 20
4349655.439123885
 10
470049.9201291251
 20
4349655.439123885
  0
TEXT
  5
3C7
330
17
100
AcDbEntity
  8
0
 62
1
100
AcDbText
 10
470050.26012912515
 20
4349655.8691238845
 30
0.0
 40
0.1333
  1
1.82
  7
CN_TTF
 11
470050.26012912515
 21
4349655.8691238845
 31
0.0
100
AcDbText
  0
LWPOLYLINE
  5
3C8
330
17
100
AcDbEntity
  8
爆区方格网
 62
1
100
AcDbPolyline
 90
5
 70
1
 10
470049.9201291251
 20
4349656.439123885
 10
470049.9201291251
 20
4349657.439123885
 10
470050.9201291251
 20
4349657.439123885
 10
470050.9201291251
 20
4349656.439123885
 10
470049.9201291251
 20
4349656.439123885
  0
TEXT
  5
3C9
330
17
100
AcDbEntity
  8
0
 62
1
100
AcDbText
 10
470050.26012912515
 20
4349656.8691238845
 30
0.0
 40
0.1333
  1
1.82
  7
CN_TTF
 11
470050.26012912515
 21
4349656.8691238845
 31
0.0
100
AcDbText
  0
LWPOLYLINE
  5
3CA
330
17
100
AcDbEntity
  8
爆区方格网
 62
1
100
AcDbPolyline
 90
5
 70
1
 10
470049.9201291251
 20
4349657.439123885
 10
470049.9201291251
 20
4349658.439123885
 10
470050.9201291251
 20
4349658.439123885
 10
470050.9201291251
 20
4349657.439123885
 10
470049.9201291251
 20
4349657.439123885
  0
TEXT
  5
3CB
330
17
100
AcDbEntity
  8
0
 62
1
100
AcDbText
 10
470050.26012912515
 20
4349657.8691238845
 30
0.0
 40
0.1333
  1
1.82
  7
CN_TTF
 11
470050.26012912515
 21
4349657.8691238845
 31
0.0
100
AcDbText
  0
LWPOLYLINE
  5
3CC
330
17
100
AcDbEntity
  8
爆区方格网
 62
1
100
AcDbPolyline
 90
5
 70
1
 10
470050.9201291251
 20
4349658.439123885
 10
470049.9201291251
 20
4349658.439123885
 10
470049.9201291251
 20
4349658.986701587
 10
470050.9201291251
 20
4349659.149794892
 10
470050.9201291251
 20
4349658.439123885
  0
TEXT
  5
3CD
330
17
100
AcDbEntity
  8
0
 62
1
100
AcDbText
 10
470050.26012912515
 20
4349658.642912736
 30
0.0
 40
0.1333
  1
1.82
  7
CN_TTF
 11
470050.26012912515
 21
4349658.642912736
 31
0.0
100
AcDbText
  0
LWPOLYLINE
  5
3CE
330
17
100
AcDbEntity
  8
爆区方格网
 62
1
100
AcDbPolyline
 90
6
 70
1
 10
470050.9201291251
 20
4349654.439123885
 10
470051.9201291251
 20
4349654.439123885
 10
470051.9201291251
 20
4349653.439123885
 10
470050.9211327463
 20
4349653.439123885
 10
470050.9201291251
 20
4349653.439980358
 10
470050.9201291251
 20
4349654.439123885
  0
TEXT
  5
3CF
330
17
100
AcDbEntity
  8
0
 62
1
100
AcDbText
 10
470051.26012912515
 20
4349653.869552121
 30
0.0
 40
0.1333
  1
1.82
  7
CN_TTF
 11
470051.26012912515
 21
4349653.869552121
 31
0.0
100
AcDbText
  0
LWPOLYLINE
  5
3D0
330
17
100
AcDbEntity
  8
爆区方格网
 62
1
100
AcDbPolyline
 90
5
 70
1
 10
470050.9201291251
 20
4349654.439123885
 10
470050.9201291251
 20
4349655.439123885
 10
470051.9201291251
 20
4349655.439123885
 10
470051.9201291251
 20
4349654.439123885
 10
470050.9201291251
 20
4349654.439123885
  0
TEXT
  5
3D1
330
17
100
AcDbEntity
  8
0
 62
1
100
AcDbText
 10
470051.26012912515
 20
4349654.8691238845
 30
0.0
 40
0.1333
  1
1.82
  7
CN_TTF
 11
470051.26012912515
 21
4349654.8691238845
 31
0.0
100
AcDbText
  0
LWPOLYLINE
  5
3D2
330
17
100
AcDbEntity
  8
爆区方格网
 62
1
100
AcDbPolyline
 90
5
 70
1
 10
470050.9201291251
 20
4349655.439123885
 10
470050.9201291251
 20
4349656.439123885
 10
470051.9201291251
 20
4349656.439123885
 10
470051.9201291251
 20
4349655.439123885
 10
470050.9201291251
 20
4349655.439123885
  0
TEXT
  5
3D3
330
17
100
AcDbEntity
  8
0
 62
1
100
AcDbText
 10
470051.26012912515
 20
4349655.8691238845
 30
0.0
 40
0.1333
  1
1.82
  7
CN_TTF
 11
470051.26012912515
 21
4349655.8691238845
 31
0.0
100
AcDbText
  0
LWPOLYLINE
  5
3D4
330
17
100
AcDbEntity
  8
爆区方格网
 62
1
100
AcDbPolyline
 90
5
 70
1
 10
470050.9201291251
 20
4349656.439123885
 10
470050.9201291251
 20
4349657.439123885
 10
470051.9201291251
 20
4349657.439123885
 10
470051.9201291251
 20
4349656.439123885
 10
470050.9201291251
 20
4349656.439123885
  0
TEXT
  5
3D5
330
17
100
AcDbEntity
  8
0
 62
1
100
AcDbText
 10
470051.26012912515
 20
4349656.8691238845
 30
0.0
 40
0.1333
  1
1.82
  7
CN_TTF
 11
470051.26012912515
 21
4349656.8691238845
 31
0.0
100
AcDbText
  0
LWPOLYLINE
  5
3D6
330
17
100
AcDbEntity
  8
爆区方格网
 62
1
100
AcDbPolyline
 90
5
 70
1
 10
470050.9201291251
 20
4349657.439123885
 10
470050.9201291251
 20
4349658.439123885
 10
470051.9201291251
 20
4349658.439123885
 10
470051.9201291251
 20
4349657.439123885
 10
470050.9201291251
 20
4349657.439123885
  0
TEXT
  5
3D7
330
17
100
AcDbEntity
  8
0
 62
1
100
AcDbText
 10
470051.26012912515
 20
4349657.8691238845
 30
0.0
 40
0.1333
  1
1.82
  7
CN_TTF
 11
470051.26012912515
 21
4349657.8691238845
 31
0.0
100
AcDbText
  0
LWPOLYLINE
  5
3D8
330
17
100
AcDbEntity
  8
爆区方格网
 62
1
100
AcDbPolyline
 90
5
 70
1
 10
470051.9201291251
 20
4349658.439123885
 10
470050.9201291251
 20
4349658.439123885
 10
470050.9201291251
 20
4349659.149794892
 10
470051.9201291251
 20
4349659.312888197
 10
470051.9201291251
 20
4349658.439123885
  0
TEXT
  5
3D9
330
17
100
AcDbEntity
  8
0
 62
1
100
AcDbText
 10
470051.26012912515
 20
4349658.724459388
 30
0.0
 40
0.1333
  1
1.82
  7
CN_TTF
 11
470051.26012912515
 21
4349658.724459388
 31
0.0
100
AcDbText
  0
LWPOLYLINE
  5
3DA
330
17
100
AcDbEntity
  8
爆区方格网
 62
1
100
AcDbPolyline
 90
6
 70
1
 10
470051.9201291251
 20
4349653.439123885
 10
470052.9201291251
 20
4349653.439123885
 10
470052.9201291251
 20
4349652.439123885
 10
470052.0929402718
 20
4349652.439123885
 10
470051.9201291251
 20
4349652.586597888
 10
470051.9201291251
 20
4349653.439123885
  0
TEXT
  5
3DB
330
17
100
AcDbEntity
  8
0
 62
1
100
AcDbText
 10
470052.26012912515
 20
4349652.942860886
 30
0.0
 40
0.1333
  1
1.82
  7
CN_TTF
 11
470052.26012912515
 21
4349652.942860886
 31
0.0
100
AcDbText
  0
LWPOLYLINE
  5
3DC
330
17
100
AcDbEntity
  8
爆区方格网
 62
1
100
AcDbPolyline
 90
5
 70
1
 10
470051.9201291251
 20
4349653.439123885
 10
470051.9201291251
 20
4349654.439123885
 10
470052.9201291251
 20
4349654.439123885
 10
470052.9201291251
 20
4349653.439123885
 10
470051.9201291251
 20
4349653.439123885
  0
TEXT
  5
3DD
330
17
100
AcDbEntity
  8
0
 62
1
100
AcDbText
 10
470052.26012912515
 20
4349653.8691238845
 30
0.0
 40
0.1333
  1
1.82
  7
CN_TTF
 11
470052.26012912515
 21
4349653.8691238845
 31
0.0
100
AcDbText
  0
LWPOLYLINE
  5
3DE
330
17
100
AcDbEntity
  8
爆区方格网
 62
1
100
AcDbPolyline
 90
5
 70
1
 10
470051.9201291251
 20
4349654.439123885
 10
470051.9201291251
 20
4349655.439123885
 10
470052.9201291251
 20
4349655.439123885
 10
470052.9201291251
 20
4349654.439123885
 10
470051.9201291251
 20
4349654.439123885
  0
TEXT
  5
3DF
330
17
100
AcDbEntity
  8
0
 62
1
100
AcDbText
 10
470052.26012912515
 20
4349654.8691238845
 30
0.0
 40
0.1333
  1
1.82
  7
CN_TTF
 11
470052.26012912515
 21
4349654.8691238845
 31
0.0
100
AcDbText
  0
LWPOLYLINE
  5
3E0
330
17
100
AcDbEntity
  8
爆区方格网
 62
1
100
AcDbPolyline
 90
5
 70
1
 10
470051.9201291251
 20
4349655.439123885
 10
470051.9201291251
 20
4349656.439123885
 10
470052.9201291251
 20
4349656.439123885
 10
470052.9201291251
 20
4349655.439123885
 10
470051.9201291251
 20
4349655.439123885
  0
TEXT
  5
3E1
330
17
100
AcDbEntity
  8
0
 62
1
100
AcDbText
 10
470052.26012912515
 20
4349655.8691238845
 30
0.0
 40
0.1333
  1
1.82
  7
CN_TTF
 11
470052.26012912515
 21
4349655.8691238845
 31
0.0
100
AcDbText
  0
LWPOLYLINE
  5
3E2
330
17
100
AcDbEntity
  8
爆区方格网
 62
1
100
AcDbPolyline
 90
5
 70
1
 10
470051.9201291251
 20
4349656.439123885
 10
470051.9201291251
 20
4349657.439123885
 10
470052.9201291251
 20
4349657.439123885
 10
470052.9201291251
 20
4349656.439123885
 10
470051.9201291251
 20
4349656.439123885
  0
TEXT
  5
3E3
330
17
100
AcDbEntity
  8
0
 62
1
100
AcDbText
 10
470052.26012912515
 20
4349656.8691238845
 30
0.0
 40
0.1333
  1
1.82
  7
CN_TTF
 11
470052.26012912515
 21
4349656.8691238845
 31
0.0
100
AcDbText
  0
LWPOLYLINE
  5
3E4
330
17
100
AcDbEntity
  8
爆区方格网
 62
1
100
AcDbPolyline
 90
5
 70
1
 10
470051.9201291251
 20
4349657.439123885
 10
470051.9201291251
 20
4349658.439123885
 10
470052.9201291251
 20
4349658.439123885
 10
470052.9201291251
 20
4349657.439123885
 10
470051.9201291251
 20
4349657.439123885
  0
TEXT
  5
3E5
330
17
100
AcDbEntity
  8
0
 62
1
100
AcDbText
 10
470052.26012912515
 20
4349657.8691238845
 30
0.0
 40
0.1333
  1
1.82
  7
CN_TTF
 11
470052.26012912515
 21
4349657.8691238845
 31
0.0
100
AcDbText
  0
LWPOLYLINE
  5
3E6
330
17
100
AcDbEntity
  8
爆区方格网
 62
1
100
AcDbPolyline
 90
6
 70
1
 10
470052.9201291251
 20
4349659.439123885
 10
470052.9201291251
 20
4349658.439123885
 10
470051.9201291251
 20
4349658.439123885
 10
470051.9201291251
 20
4349659.312888197
 10
470052.6941381357
 20
4349659.439123885
 10
470052.9201291251
 20
4349659.439123885
  0
TEXT
  5
3E7
330
17
100
AcDbEntity
  8
0
 62
1
100
AcDbText
 10
470052.26012912515
 20
4349658.80600604
 30
0.0
 40
0.1333
  1
1.82
  7
CN_TTF
 11
470052.26012912515
 21
4349658.80600604
 31
0.0
100
AcDbText
  0
LWPOLYLINE
  5
3E8
330
17
100
AcDbEntity
  8
爆区方格网
 62
1
100
AcDbPolyline
 90
6
 70
1
 10
470052.9201291251
 20
4349652.439123885
 10
470053.9201291251
 20
4349652.439123885
 10
470053.9201291251
 20
4349651.439123885
 10
470053.41565899213
 20
4349651.439123885
 10
470052.9201291251
 20
4349651.79294647
 10
470052.9201291251
 20
4349652.439123885
  0
TEXT
  5
3E9
330
17
100
AcDbEntity
  8
0
 62
1
100
AcDbText
 10
470053.26012912515
 20
4349652.046035177
 30
0.0
 40
0.1333
  1
1.50
  7
CN_TTF
 11
470053.26012912515
 21
4349652.046035177
 31
0.0
100
AcDbText
  0
LWPOLYLINE
  5
3EA
330
17
100
AcDbEntity
  8
爆区方格网
 62
1
100
AcDbPolyline
 90
5
 70
1
 10
470052.9201291251
 20
4349652.439123885
 10
470052.9201291251
 20
4349653.439123885
 10
470053.9201291251
 20
4349653.439123885
 10
470053.9201291251
 20
4349652.439123885
 10
470052.9201291251
 20
4349652.439123885
  0
TEXT
  5
3EB
330
17
100
AcDbEntity
  8
0
 62
1
100
AcDbText
 10
470053.26012912515
 20
4349652.8691238845
 30
0.0
 40
0.1333
  1
1.50
  7
CN_TTF
 11
470053.26012912515
 21
4349652.8691238845
 31
0.0
100
AcDbText
  0
LWPOLYLINE
  5
3EC
330
17
100
AcDbEntity
  8
爆区方格网
 62
1
100
AcDbPolyline
 90
5
 70
1
 10
470052.9201291251
 20
4349653.439123885
 10
470052.9201291251
 20
4349654.439123885
 10
470053.9201291251
 20
4349654.439123885
 10
470053.9201291251
 20
4349653.439123885
 10
470052.9201291251
 20
4349653.439123885
  0
TEXT
  5
3ED
330
17
100
AcDbEntity
  8
0
 62
1
100
AcDbText
 10
470053.26012912515
 20
4349653.8691238845
 30
0.0
 40
0.1333
  1
1.82
  7
CN_TTF
 11
470053.26012912515
 21
4349653.8691238845
 31
0.0
100
AcDbText
  0
LWPOLYLINE
  5
3EE
330
17
100
AcDbEntity
  8
爆区方格网
 62
1
100
AcDbPolyline
 90
5
 70
1
 10
470052.9201291251
 20
4349654.439123885
 10
470052.9201291251
 20
4349655.439123885
 10
470053.9201291251
 20
4349655.439123885
 10
470053.9201291251
 20
4349654.439123885
 10
470052.9201291251
 20
4349654.439123885
  0
TEXT
  5
3EF
330
17
100
AcDbEntity
  8
0
 62
1
100
AcDbText
 10
470053.26012912515
 20
4349654.8691238845
 30
0.0
 40
0.1333
  1
1.82
  7
CN_TTF
 11
470053.26012912515
 21
4349654.8691238845
 31
0.0
100
AcDbText
  0
LWPOLYLINE
  5
3F0
330
17
100
AcDbEntity
  8
爆区方格网
 62
1
100
AcDbPolyline
 90
5
 70
1
 10
470052.9201291251
 20
4349655.439123885
 10
470052.9201291251
 20
4349656.439123885
 10
470053.9201291251
 20
4349656.439123885
 10
470053.9201291251
 20
4349655.439123885
 10
470052.9201291251
 20
4349655.439123885
  0
TEXT
  5
3F1
330
17
100
AcDbEntity
  8
0
 62
1
100
AcDbText
 10
470053.26012912515
 20
4349655.8691238845
 30
0.0
 40
0.1333
  1
1.82
  7
CN_TTF
 11
470053.26012912515
 21
4349655.8691238845
 31
0.0
100
AcDbText
  0
LWPOLYLINE
  5
3F2
330
17
100
AcDbEntity
  8
爆区方格网
 62
1
100
AcDbPolyline
 90
5
 70
1
 10
470052.9201291251
 20
4349656.439123885
 10
470052.9201291251
 20
4349657.439123885
 10
470053.9201291251
 20
4349657.439123885
 10
470053.9201291251
 20
4349656.439123885
 10
470052.9201291251
 20
4349656.439123885
  0
TEXT
  5
3F3
330
17
100
AcDbEntity
  8
0
 62
1
100
AcDbText
 10
470053.26012912515
 20
4349656.8691238845
 30
0.0
 40
0.1333
  1
1.82
  7
CN_TTF
 11
470053.26012912515
 21
4349656.8691238845
 31
0.0
100
AcDbText
  0
LWPOLYLINE
  5
3F4
330
17
100
AcDbEntity
  8
爆区方格网
 62
1
100
AcDbPolyline
 90
5
 70
1
 10
470052.9201291251
 20
4349657.439123885
 10
470052.9201291251
 20
4349658.439123885
 10
470053.9201291251
 20
4349658.439123885
 10
470053.9201291251
 20
4349657.439123885
 10
470052.9201291251
 20
4349657.439123885
  0
TEXT
  5
3F5
330
17
100
AcDbEntity
  8
0
 62
1
100
AcDbText
 10
470053.26012912515
 20
4349657.8691238845
 30
0.0
 40
0.1333
  1
1.82
  7
CN_TTF
 11
470053.26012912515
 21
4349657.8691238845
 31
0.0
100
AcDbText
  0
LWPOLYLINE
  5
3F6
330
17
100
AcDbEntity
  8
爆区方格网
 62
1
100
AcDbPolyline
 90
5
 70
1
 10
470052.9201291251
 20
4349658.439123885
 10
470052.9201291251
 20
4349659.439123885
 10
470053.9201291251
 20
4349659.439123885
 10
470053.9201291251
 20
4349658.439123885
 10
470052.9201291251
 20
4349658.439123885
  0
TEXT
  5
3F7
330
17
100
AcDbEntity
  8
0
 62
1
100
AcDbText
 10
470053.26012912515
 20
4349658.8691238845
 30
0.0
 40
0.1333
  1
1.82
  7
CN_TTF
 11
470053.26012912515
 21
4349658.8691238845
 31
0.0
100
AcDbText
  0
LWPOLYLINE
  5
3F8
330
17
100
AcDbEntity
  8
爆区方格网
 62
1
100
AcDbPolyline
 90
6
 70
1
 10
470053.9201291251
 20
4349651.439123885
 10
470054.9201291251
 20
4349651.439123885
 10
470054.9201291251
 20
4349650.439123885
 10
470054.81616277085
 20
4349650.439123885
 10
470053.9201291251
 20
4349651.078917692
 10
470053.9201291251
 20
4349651.439123885
  0
TEXT
  5
3F9
330
17
100
AcDbEntity
  8
0
 62
1
100
AcDbText
 10
470054.48413753655
 20
4349650.689020788
 30
0.0
 40
0.1333
  1
1.50
  7
CN_TTF
 11
470054.48413753655
 21
4349650.689020788
 31
0.0
100
AcDbText
  0
LWPOLYLINE
  5
3FA
330
17
100
AcDbEntity
  8
爆区方格网
 62
1
100
AcDbPolyline
 90
5
 70
1
 10
470053.9201291251
 20
4349651.439123885
 10
470053.9201291251
 20
4349652.439123885
 10
470054.9201291251
 20
4349652.439123885
 10
470054.9201291251
 20
4349651.439123885
 10
470053.9201291251
 20
4349651.439123885
  0
TEXT
  5
3FB
330
17
100
AcDbEntity
  8
0
 62
1
100
AcDbText
 10
470054.26012912515
 20
4349651.8691238845
 30
0.0
 40
0.1333
  1
1.50
  7
CN_TTF
 11
470054.26012912515
 21
4349651.8691238845
 31
0.0
100
AcDbText
  0
LWPOLYLINE
  5
3FC
330
17
100
AcDbEntity
  8
爆区方格网
 62
1
100
AcDbPolyline
 90
5
 70
1
 10
470053.9201291251
 20
4349652.439123885
 10
470053.9201291251
 20
4349653.439123885
 10
470054.9201291251
 20
4349653.439123885
 10
470054.9201291251
 20
4349652.439123885
 10
470053.9201291251
 20
4349652.439123885
  0
TEXT
  5
3FD
330
17
100
AcDbEntity
  8
0
 62
1
100
AcDbText
 10
470054.26012912515
 20
4349652.8691238845
 30
0.0
 40
0.1333
  1
1.50
  7
CN_TTF
 11
470054.26012912515
 21
4349652.8691238845
 31
0.0
100
AcDbText
  0
LWPOLYLINE
  5
3FE
330
17
100
AcDbEntity
  8
爆区方格网
 62
1
100
AcDbPolyline
 90
5
 70
1
 10
470053.9201291251
 20
4349653.439123885
 10
470053.9201291251
 20
4349654.439123885
 10
470054.9201291251
 20
4349654.439123885
 10
470054.9201291251
 20
4349653.439123885
 10
470053.9201291251
 20
4349653.439123885
  0
TEXT
  5
3FF
330
17
100
AcDbEntity
  8
0
 62
1
100
AcDbText
 10
470054.26012912515
 20
4349653.8691238845
 30
0.0
 40
0.1333
  1
1.50
  7
CN_TTF
 11
470054.26012912515
 21
4349653.8691238845
 31
0.0
100
AcDbText
  0
LWPOLYLINE
  5
400
330
17
100
AcDbEntity
  8
爆区方格网
 62
1
100
AcDbPolyline
 90
5
 70
1
 10
470053.9201291251
 20
4349654.439123885
 10
470053.9201291251
 20
4349655.439123885
 10
470054.9201291251
 20
4349655.439123885
 10
470054.9201291251
 20
4349654.439123885
 10
470053.9201291251
 20
4349654.439123885
  0
TEXT
  5
401
330
17
100
AcDbEntity
  8
0
 62
1
100
AcDbText
 10
470054.26012912515
 20
4349654.8691238845
 30
0.0
 40
0.1333
  1
1.82
  7
CN_TTF
 11
470054.26012912515
 21
4349654.8691238845
 31
0.0
100
AcDbText
  0
LWPOLYLINE
  5
402
330
17
100
AcDbEntity
  8
爆区方格网
 62
1
100
AcDbPolyline
 90
5
 70
1
 10
470053.9201291251
 20
4349655.439123885
 10
470053.9201291251
 20
4349656.439123885
 10
470054.9201291251
 20
4349656.439123885
 10
470054.9201291251
 20
4349655.439123885
 10
470053.9201291251
 20
4349655.439123885
  0
TEXT
  5
403
330
17
100
AcDbEntity
  8
0
 62
1
100
AcDbText
 10
470054.26012912515
 20
4349655.8691238845
 30
0.0
 40
0.1333
  1
1.82
  7
CN_TTF
 11
470054.26012912515
 21
4349655.8691238845
 31
0.0
100
AcDbText
  0
LWPOLYLINE
  5
404
330
17
100
AcDbEntity
  8
爆区方格网
 62
1
100
AcDbPolyline
 90
5
 70
1
 10
470053.9201291251
 20
4349656.439123885
 10
470053.9201291251
 20
4349657.439123885
 10
470054.9201291251
 20
4349657.439123885
 10
470054.9201291251
 20
4349656.439123885
 10
470053.9201291251
 20
4349656.439123885
  0
TEXT
  5
405
330
17
100
AcDbEntity
  8
0
 62
1
100
AcDbText
 10
470054.26012912515
 20
4349656.8691238845
 30
0.0
 40
0.1333
  1
1.82
  7
CN_TTF
 11
470054.26012912515
 21
4349656.8691238845
 31
0.0
100
AcDbText
  0
LWPOLYLINE
  5
406
330
17
100
AcDbEntity
  8
爆区方格网
 62
1
100
AcDbPolyline
 90
5
 70
1
 10
470053.9201291251
 20
4349657.439123885
 10
470053.9201291251
 20
4349658.439123885
 10
470054.9201291251
 20
4349658.439123885
 10
470054.9201291251
 20
4349657.439123885
 10
470053.9201291251
 20
4349657.439123885
  0
TEXT
  5
407
330
17
100
AcDbEntity
  8
0
 62
1
100
AcDbText
 10
470054.26012912515
 20
4349657.8691238845
 30
0.0
 40
0.1333
  1
1.82
  7
CN_TTF
 11
470054.26012912515
 21
4349657.8691238845
 31
0.0
100
AcDbText
  0
LWPOLYLINE
  5
408
330
17
100
AcDbEntity
  8
爆区方格网
 62
1
100
AcDbPolyline
 90
5
 70
1
 10
470053.9201291251
 20
4349658.439123885
 10
470053.9201291251
 20
4349659.439123885
 10
470054.9201291251
 20
4349659.439123885
 10
470054.9201291251
 20
4349658.439123885
 10
470053.9201291251
 20
4349658.439123885
  0
TEXT
  5
409
330
17
100
AcDbEntity
  8
0
 62
1
100
AcDbText
 10
470054.26012912515
 20
4349658.8691238845
 30
0.0
 40
0.1333
  1
1.82
  7
CN_TTF
 11
470054.26012912515
 21
4349658.8691238845
 31
0.0
100
AcDbText
  0
LWPOLYLINE
  5
40A
330
17
100
AcDbEntity
  8
爆区方格网
 62
1
100
AcDbPolyline
 90
6
 70
1
 10
470054.9201291251
 20
4349650.439123885
 10
470054.9201291251
 20
4349651.439123885
 10
470055.9201291251
 20
4349651.439123885
 10
470055.9201291251
 20
4349650.532650406
 10
470055.5264691719
 20
4349650.439123885
 10
470054.9201291251
 20
4349650.439123885
  0
TEXT
  5
40B
330
17
100
AcDbEntity
  8
0
 62
1
100
AcDbText
 10
470055.26012912515
 20
4349650.915887145
 30
0.0
 40
0.1333
  1
1.50
  7
CN_TTF
 11
470055.26012912515
 21
4349650.915887145
 31
0.0
100
AcDbText
  0
LWPOLYLINE
  5
40C
330
17
100
AcDbEntity
  8
爆区方格网
 62
1
100
AcDbPolyline
 90
5
 70
1
 10
470054.9201291251
 20
4349651.439123885
 10
470054.9201291251
 20
4349652.439123885
 10
470055.9201291251
 20
4349652.439123885
 10
470055.9201291251
 20
4349651.439123885
 10
470054.9201291251
 20
4349651.439123885
  0
TEXT
  5
40D
330
17
100
AcDbEntity
  8
0
 62
1
100
AcDbText
 10
470055.26012912515
 20
4349651.8691238845
 30
0.0
 40
0.1333
  1
1.50
  7
CN_TTF
 11
470055.26012912515
 21
4349651.8691238845
 31
0.0
100
AcDbText
  0
LWPOLYLINE
  5
40E
330
17
100
AcDbEntity
  8
爆区方格网
 62
1
100
AcDbPolyline
 90
5
 70
1
 10
470054.9201291251
 20
4349652.439123885
 10
470054.9201291251
 20
4349653.439123885
 10
470055.9201291251
 20
4349653.439123885
 10
470055.9201291251
 20
4349652.439123885
 10
470054.9201291251
 20
4349652.439123885
  0
TEXT
  5
40F
330
17
100
AcDbEntity
  8
0
 62
1
100
AcDbText
 10
470055.26012912515
 20
4349652.8691238845
 30
0.0
 40
0.1333
  1
1.50
  7
CN_TTF
 11
470055.26012912515
 21
4349652.8691238845
 31
0.0
100
AcDbText
  0
LWPOLYLINE
  5
410
330
17
100
AcDbEntity
  8
爆区方格网
 62
1
100
AcDbPolyline
 90
5
 70
1
 10
470054.9201291251
 20
4349653.439123885
 10
470054.9201291251
 20
4349654.439123885
 10
470055.9201291251
 20
4349654.439123885
 10
470055.9201291251
 20
4349653.439123885
 10
470054.9201291251
 20
4349653.439123885
  0
TEXT
  5
411
330
17
100
AcDbEntity
  8
0
 62
1
100
AcDbText
 10
470055.26012912515
 20
4349653.8691238845
 30
0.0
 40
0.1333
  1
1.50
  7
CN_TTF
 11
470055.26012912515
 21
4349653.8691238845
 31
0.0
100
AcDbText
  0
LWPOLYLINE
  5
412
330
17
100
AcDbEntity
  8
爆区方格网
 62
1
100
AcDbPolyline
 90
5
 70
1
 10
470054.9201291251
 20
4349654.439123885
 10
470054.9201291251
 20
4349655.439123885
 10
470055.9201291251
 20
4349655.439123885
 10
470055.9201291251
 20
4349654.439123885
 10
470054.9201291251
 20
4349654.439123885
  0
TEXT
  5
413
330
17
100
AcDbEntity
  8
0
 62
1
100
AcDbText
 10
470055.26012912515
 20
4349654.8691238845
 30
0.0
 40
0.1333
  1
1.50
  7
CN_TTF
 11
470055.26012912515
 21
4349654.8691238845
 31
0.0
100
AcDbText
  0
LWPOLYLINE
  5
414
330
17
100
AcDbEntity
  8
爆区方格网
 62
1
100
AcDbPolyline
 90
7
 70
1
 10
470055.9201291251
 20
4349655.439123885
 10
470054.9201291251
 20
4349655.439123885
 10
470054.9201291251
 20
4349656.439123885
 10
470055.6976039056
 20
4349656.439123885
 10
470055.79590541846
 20
4349656.355235097
 10
470055.9201291251
 20
4349656.249224763
 10
470055.9201291251
 20
4349655.439123885
  0
TEXT
  5
415
330
17
100
AcDbEntity
  8
0
 62
1
100
AcDbText
 10
470055.26012912515
 20
4349655.774174323
 30
0.0
 40
0.1333
  1
1.50
  7
CN_TTF
 11
470055.26012912515
 21
4349655.774174323
 31
0.0
100
AcDbText
  0
LWPOLYLINE
  5
416
330
17
100
AcDbEntity
  8
爆区方格网
 62
1
100
AcDbPolyline
 90
6
 70
1
 10
470054.9201291251
 20
4349656.439123885
 10
470054.9201291251
 20
4349657.439123885
 10
470055.39297889685
 20
4349657.439123885
 10
470055.546
 20
4349656.5685
 10
470055.6976039056
 20
4349656.439123885
 10
470054.9201291251
 20
4349656.439123885
  0
TEXT
  5
417
330
17
100
AcDbEntity
  8
0
 62
1
100
AcDbText
 10
470055.03480928676
 20
4349656.933811942
 30
0.0
 40
0.1333
  1
1.82
  7
CN_TTF
 11
470055.03480928676
 21
4349656.933811942
 31
0.0
100
AcDbText
  0
LWPOLYLINE
  5
418
330
17
100
AcDbEntity
  8
爆区方格网
 62
1
100
AcDbPolyline
 90
5
 70
1
 10
470055.9201291251
 20
4349651.439123885
 10
470056.9201291251
 20
4349651.439123885
 10
470056.9201291251
 20
4349650.770232411
 10
470055.9201291251
 20
4349650.532650406
 10
470055.9201291251
 20
4349651.439123885
  0
TEXT
  5
419
330
17
100
AcDbEntity
  8
0
 62
1
100
AcDbText
 10
470056.26012912515
 20
4349651.034678148
 30
0.0
 40
0.1333
  1
1.50
  7
CN_TTF
 11
470056.26012912515
 21
4349651.034678148
 31
0.0
100
AcDbText
  0
LWPOLYLINE
  5
41A
330
17
100
AcDbEntity
  8
爆区方格网
 62
1
100
AcDbPolyline
 90
5
 70
1
 10
470055.9201291251
 20
4349651.439123885
 10
470055.9201291251
 20
4349652.439123885
 10
470056.9201291251
 20
4349652.439123885
 10
470056.9201291251
 20
4349651.439123885
 10
470055.9201291251
 20
4349651.439123885
  0
TEXT
  5
41B
330
17
100
AcDbEntity
  8
0
 62
1
100
AcDbText
 10
470056.26012912515
 20
4349651.8691238845
 30
0.0
 40
0.1333
  1
1.50
  7
CN_TTF
 11
470056.26012912515
 21
4349651.8691238845
 31
0.0
100
AcDbText
  0
LWPOLYLINE
  5
41C
330
17
100
AcDbEntity
  8
爆区方格网
 62
1
100
AcDbPolyline
 90
5
 70
1
 10
470055.9201291251
 20
4349652.439123885
 10
470055.9201291251
 20
4349653.439123885
 10
470056.9201291251
 20
4349653.439123885
 10
470056.9201291251
 20
4349652.439123885
 10
470055.9201291251
 20
4349652.439123885
  0
TEXT
  5
41D
330
17
100
AcDbEntity
  8
0
 62
1
100
AcDbText
 10
470056.26012912515
 20
4349652.8691238845
 30
0.0
 40
0.1333
  1
1.50
  7
CN_TTF
 11
470056.26012912515
 21
4349652.8691238845
 31
0.0
100
AcDbText
  0
LWPOLYLINE
  5
41E
330
17
100
AcDbEntity
  8
爆区方格网
 62
1
100
AcDbPolyline
 90
5
 70
1
 10
470055.9201291251
 20
4349653.439123885
 10
470055.9201291251
 20
4349654.439123885
 10
470056.9201291251
 20
4349654.439123885
 10
470056.9201291251
 20
4349653.439123885
 10
470055.9201291251
 20
4349653.439123885
  0
TEXT
  5
41F
330
17
100
AcDbEntity
  8
0
 62
1
100
AcDbText
 10
470056.26012912515
 20
4349653.8691238845
 30
0.0
 40
0.1333
  1
1.50
  7
CN_TTF
 11
470056.26012912515
 21
4349653.8691238845
 31
0.0
100
AcDbText
  0
LWPOLYLINE
  5
420
330
17
100
AcDbEntity
  8
爆区方格网
 62
1
100
AcDbPolyline
 90
6
 70
1
 10
470056.9201291251
 20
4349654.439123885
 10
470055.9201291251
 20
4349654.439123885
 10
470055.9201291251
 20
4349655.439123885
 10
470056.8694114316
 20
4349655.439123885
 10
470056.9201291251
 20
4349655.395842294
 10
470056.9201291251
 20
4349654.439123885
  0
TEXT
  5
421
330
17
100
AcDbEntity
  8
0
 62
1
100
AcDbText
 10
470056.26012912515
 20
4349654.847483089
 30
0.0
 40
0.1333
  1
1.50
  7
CN_TTF
 11
470056.26012912515
 21
4349654.847483089
 31
0.0
100
AcDbText
  0
LWPOLYLINE
  5
422
330
17
100
AcDbEntity
  8
爆区方格网
 62
1
100
AcDbPolyline
 90
5
 70
1
 10
470056.9201291251
 20
4349651.439123885
 10
470057.9201291251
 20
4349651.439123885
 10
470057.9201291251
 20
4349651.007814418
 10
470056.9201291251
 20
4349650.770232411
 10
470056.9201291251
 20
4349651.439123885
  0
TEXT
  5
423
330
17
100
AcDbEntity
  8
0
 62
1
100
AcDbText
 10
470057.26012912515
 20
4349651.153469151
 30
0.0
 40
0.1333
  1
1.50
  7
CN_TTF
 11
470057.26012912515
 21
4349651.153469151
 31
0.0
100
AcDbText
  0
LWPOLYLINE
  5
424
330
17
100
AcDbEntity
  8
爆区方格网
 62
1
100
AcDbPolyline
 90
5
 70
1
 10
470056.9201291251
 20
4349651.439123885
 10
470056.9201291251
 20
4349652.439123885
 10
470057.9201291251
 20
4349652.439123885
 10
470057.9201291251
 20
4349651.439123885
 10
470056.9201291251
 20
4349651.439123885
  0
TEXT
  5
425
330
17
100
AcDbEntity
  8
0
 62
1
100
AcDbText
 10
470057.26012912515
 20
4349651.8691238845
 30
0.0
 40
0.1333
  1
1.50
  7
CN_TTF
 11
470057.26012912515
 21
4349651.8691238845
 31
0.0
100
AcDbText
  0
LWPOLYLINE
  5
426
330
17
100
AcDbEntity
  8
爆区方格网
 62
1
100
AcDbPolyline
 90
5
 70
1
 10
470056.9201291251
 20
4349652.439123885
 10
470056.9201291251
 20
4349653.439123885
 10
470057.9201291251
 20
4349653.439123885
 10
470057.9201291251
 20
4349652.439123885
 10
470056.9201291251
 20
4349652.439123885
  0
TEXT
  5
427
330
17
100
AcDbEntity
  8
0
 62
1
100
AcDbText
 10
470057.26012912515
 20
4349652.8691238845
 30
0.0
 40
0.1333
  1
1.50
  7
CN_TTF
 11
470057.26012912515
 21
4349652.8691238845
 31
0.0
100
AcDbText
  0
LWPOLYLINE
  5
428
330
17
100
AcDbEntity
  8
爆区方格网
 62
1
100
AcDbPolyline
 90
5
 70
1
 10
470056.9201291251
 20
4349653.439123885
 10
470056.9201291251
 20
4349654.439123885
 10
470057.9201291251
 20
4349654.439123885
 10
470057.9201291251
 20
4349653.439123885
 10
470056.9201291251
 20
4349653.439123885
  0
TEXT
  5
429
330
17
100
AcDbEntity
  8
0
 62
1
100
AcDbText
 10
470057.26012912515
 20
4349653.8691238845
 30
0.0
 40
0.1333
  1
1.50
  7
CN_TTF
 11
470057.26012912515
 21
4349653.8691238845
 31
0.0
100
AcDbText
  0
LWPOLYLINE
  5
42A
330
17
100
AcDbEntity
  8
爆区方格网
 62
1
100
AcDbPolyline
 90
6
 70
1
 10
470057.9201291251
 20
4349654.439123885
 10
470056.9201291251
 20
4349654.439123885
 10
470056.9201291251
 20
4349655.395842294
 10
470057.44550000003
 20
4349654.9475
 10
470057.9201291251
 20
4349655.031367712
 10
470057.9201291251
 20
4349654.439123885
  0
TEXT
  5
42B
330
17
100
AcDbEntity
  8
0
 62
1
100
AcDbText
 10
470057.26012912515
 20
4349654.623311942
 30
0.0
 40
0.1333
  1
1.50
  7
CN_TTF
 11
470057.26012912515
 21
4349654.623311942
 31
0.0
100
AcDbText
  0
LWPOLYLINE
  5
42C
330
17
100
AcDbEntity
  8
爆区方格网
 62
1
100
AcDbPolyline
 90
5
 70
1
 10
470057.9201291251
 20
4349651.439123885
 10
470057.9201291251
 20
4349652.439123885
 10
470058.9201291251
 20
4349652.439123885
 10
470058.9201291251
 20
4349651.439123885
 10
470057.9201291251
 20
4349651.439123885
  0
TEXT
  5
42D
330
17
100
AcDbEntity
  8
0
 62
1
100
AcDbText
 10
470058.26012912515
 20
4349651.8691238845
 30
0.0
 40
0.1333
  1
1.50
  7
CN_TTF
 11
470058.26012912515
 21
4349651.8691238845
 31
0.0
100
AcDbText
  0
LWPOLYLINE
  5
42E
330
17
100
AcDbEntity
  8
爆区方格网
 62
1
100
AcDbPolyline
 90
5
 70
1
 10
470057.9201291251
 20
4349652.439123885
 10
470057.9201291251
 20
4349653.439123885
 10
470058.9201291251
 20
4349653.439123885
 10
470058.9201291251
 20
4349652.439123885
 10
470057.9201291251
 20
4349652.439123885
  0
TEXT
  5
42F
330
17
100
AcDbEntity
  8
0
 62
1
100
AcDbText
 10
470058.26012912515
 20
4349652.8691238845
 30
0.0
 40
0.1333
  1
1.50
  7
CN_TTF
 11
470058.26012912515
 21
4349652.8691238845
 31
0.0
100
AcDbText
  0
LWPOLYLINE
  5
430
330
17
100
AcDbEntity
  8
爆区方格网
 62
1
100
AcDbPolyline
 90
5
 70
1
 10
470057.9201291251
 20
4349653.439123885
 10
470057.9201291251
 20
4349654.439123885
 10
470058.9201291251
 20
4349654.439123885
 10
470058.9201291251
 20
4349653.439123885
 10
470057.9201291251
 20
4349653.439123885
  0
TEXT
  5
431
330
17
100
AcDbEntity
  8
0
 62
1
100
AcDbText
 10
470058.26012912515
 20
4349653.8691238845
 30
0.0
 40
0.1333
  1
1.50
  7
CN_TTF
 11
470058.26012912515
 21
4349653.8691238845
 31
0.0
100
AcDbText
  0
LWPOLYLINE
  5
432
330
17
100
AcDbEntity
  8
爆区方格网
 62
1
100
AcDbPolyline
 90
5
 70
1
 10
470058.9201291251
 20
4349654.439123885
 10
470057.9201291251
 20
4349654.439123885
 10
470057.9201291251
 20
4349655.031367712
 10
470058.9201291251
 20
4349655.208069283
 10
470058.9201291251
 20
4349654.439123885
  0
TEXT
  5
433
330
17
100
AcDbEntity
  8
0
 62
1
100
AcDbText
 10
470058.26012912515
 20
4349654.6652457975
 30
0.0
 40
0.1333
  1
1.50
  7
CN_TTF
 11
470058.26012912515
 21
4349654.6652457975
 31
0.0
100
AcDbText
  0
LWPOLYLINE
  5
434
330
17
100
AcDbEntity
  8
爆区方格网
 62
1
100
AcDbPolyline
 90
5
 70
1
 10
470058.9201291251
 20
4349651.439123885
 10
470058.9201291251
 20
4349652.439123885
 10
470059.9201291251
 20
4349652.439123885
 10
470059.9201291251
 20
4349651.439123885
 10
470058.9201291251
 20
4349651.439123885
  0
TEXT
  5
435
330
17
100
AcDbEntity
  8
0
 62
1
100
AcDbText
 10
470059.26012912515
 20
4349651.8691238845
 30
0.0
 40
0.1333
  1
1.50
  7
CN_TTF
 11
470059.26012912515
 21
4349651.8691238845
 31
0.0
100
AcDbText
  0
LWPOLYLINE
  5
436
330
17
100
AcDbEntity
  8
爆区方格网
 62
1
100
AcDbPolyline
 90
5
 70
1
 10
470058.9201291251
 20
4349652.439123885
 10
470058.9201291251
 20
4349653.439123885
 10
470059.9201291251
 20
4349653.439123885
 10
470059.9201291251
 20
4349652.439123885
 10
470058.9201291251
 20
4349652.439123885
  0
TEXT
  5
437
330
17
100
AcDbEntity
  8
0
 62
1
100
AcDbText
 10
470059.26012912515
 20
4349652.8691238845
 30
0.0
 40
0.1333
  1
1.50
  7
CN_TTF
 11
470059.26012912515
 21
4349652.8691238845
 31
0.0
100
AcDbText
  0
LWPOLYLINE
  5
438
330
17
100
AcDbEntity
  8
爆区方格网
 62
1
100
AcDbPolyline
 90
5
 70
1
 10
470058.9201291251
 20
4349653.439123885
 10
470058.9201291251
 20
4349654.439123885
 10
470059.9201291251
 20
4349654.439123885
 10
470059.9201291251
 20
4349653.439123885
 10
470058.9201291251
 20
4349653.439123885
  0
TEXT
  5
439
330
17
100
AcDbEntity
  8
0
 62
1
100
AcDbText
 10
470059.26012912515
 20
4349653.8691238845
 30
0.0
 40
0.1333
  1
1.98
  7
CN_TTF
 11
470059.26012912515
 21
4349653.8691238845
 31
0.0
100
AcDbText
  0
LWPOLYLINE
  5
43A
330
17
100
AcDbEntity
  8
爆区方格网
 62
1
100
AcDbPolyline
 90
6
 70
1
 10
470059.9201291251
 20
4349654.439123885
 10
470058.9201291251
 20
4349654.439123885
 10
470058.9201291251
 20
4349655.208069283
 10
470059.09426719043
 20
4349655.238839752
 10
470059.9201291251
 20
4349655.384770853
 10
470059.9201291251
 20
4349654.439123885
  0
TEXT
  5
43B
330
17
100
AcDbEntity
  8
0
 62
1
100
AcDbText
 10
470059.26012912515
 20
4349654.753596583
 30
0.0
 40
0.1333
  1
1.98
  7
CN_TTF
 11
470059.26012912515
 21
4349654.753596583
 31
0.0
100
AcDbText
  0
LWPOLYLINE
  5
43C
330
17
100
AcDbEntity
  8
爆区方格网
 62
1
100
AcDbPolyline
 90
6
 70
1
 10
470059.9201291251
 20
4349651.439123885
 10
470059.9201291251
 20
4349652.439123885
 10
470060.9201291251
 20
4349652.439123885
 10
470060.9201291251
 20
4349651.554622947
 10
470060.2664899866
 20
4349651.439123885
 10
470059.9201291251
 20
4349651.439123885
  0
TEXT
  5
43D
330
17
100
AcDbEntity
  8
0
 62
1
100
AcDbText
 10
470060.26012912515
 20
4349651.926873416
 30
0.0
 40
0.1333
  1
1.98
  7
CN_TTF
 11
470060.26012912515
 21
4349651.926873416
 31
0.0
100
AcDbText
  0
LWPOLYLINE
  5
43E
330
17
100
AcDbEntity
  8
爆区方格网
 62
1
100
AcDbPolyline
 90
5
 70
1
 10
470059.9201291251
 20
4349652.439123885
 10
470059.9201291251
 20
4349653.439123885
 10
470060.9201291251
 20
4349653.439123885
 10
470060.9201291251
 20
4349652.439123885
 10
470059.9201291251
 20
4349652.439123885
  0
TEXT
  5
43F
330
17
100
AcDbEntity
  8
0
 62
1
100
AcDbText
 10
470060.26012912515
 20
4349652.8691238845
 30
0.0
 40
0.1333
  1
1.98
  7
CN_TTF
 11
470060.26012912515
 21
4349652.8691238845
 31
0.0
100
AcDbText
  0
LWPOLYLINE
  5
440
330
17
100
AcDbEntity
  8
爆区方格网
 62
1
100
AcDbPolyline
 90
5
 70
1
 10
470059.9201291251
 20
4349653.439123885
 10
470059.9201291251
 20
4349654.439123885
 10
470060.9201291251
 20
4349654.439123885
 10
470060.9201291251
 20
4349653.439123885
 10
470059.9201291251
 20
4349653.439123885
  0
TEXT
  5
441
330
17
100
AcDbEntity
  8
0
 62
1
100
AcDbText
 10
470060.26012912515
 20
4349653.8691238845
 30
0.0
 40
0.1333
  1
1.98
  7
CN_TTF
 11
470060.26012912515
 21
4349653.8691238845
 31
0.0
100
AcDbText
  0
LWPOLYLINE
  5
442
330
17
100
AcDbEntity
  8
爆区方格网
 62
1
100
AcDbPolyline
 90
6
 70
1
 10
470060.9201291251
 20
4349655.439123885
 10
470060.9201291251
 20
4349654.439123885
 10
470059.9201291251
 20
4349654.439123885
 10
470059.9201291251
 20
4349655.384770853
 10
470060.2277270235
 20
4349655.439123885
 10
470060.9201291251
 20
4349655.439123885
  0
TEXT
  5
443
330
17
100
AcDbEntity
  8
0
 62
1
100
AcDbText
 10
470060.26012912515
 20
4349654.841947369
 30
0.0
 40
0.1333
  1
1.98
  7
CN_TTF
 11
470060.26012912515
 21
4349654.841947369
 31
0.0
100
AcDbText
  0
LWPOLYLINE
  5
444
330
17
100
AcDbEntity
  8
爆区方格网
 62
1
100
AcDbPolyline
 90
6
 70
1
 10
470060.9201291251
 20
4349652.439123885
 10
470061.9201291251
 20
4349652.439123885
 10
470061.9201291251
 20
4349651.711760554
 10
470061.6325
 20
4349651.6805
 10
470060.9201291251
 20
4349651.554622947
 10
470060.9201291251
 20
4349652.439123885
  0
TEXT
  5
445
330
17
100
AcDbEntity
  8
0
 62
1
100
AcDbText
 10
470061.26012912515
 20
4349652.005442219
 30
0.0
 40
0.1333
  1
1.98
  7
CN_TTF
 11
470061.26012912515
 21
4349652.005442219
 31
0.0
100
AcDbText
  0
LWPOLYLINE
  5
446
330
17
100
AcDbEntity
  8
爆区方格网
 62
1
100
AcDbPolyline
 90
5
 70
1
 10
470060.9201291251
 20
4349652.439123885
 10
470060.9201291251
 20
4349653.439123885
 10
470061.9201291251
 20
4349653.439123885
 10
470061.9201291251
 20
4349652.439123885
 10
470060.9201291251
 20
4349652.439123885
  0
TEXT
  5
447
330
17
100
AcDbEntity
  8
0
 62
1
100
AcDbText
 10
470061.26012912515
 20
4349652.8691238845
 30
0.0
 40
0.1333
  1
1.98
  7
CN_TTF
 11
470061.26012912515
 21
4349652.8691238845
 31
0.0
100
AcDbText
  0
LWPOLYLINE
  5
448
330
17
100
AcDbEntity
  8
爆区方格网
 62
1
100
AcDbPolyline
 90
5
 70
1
 10
470060.9201291251
 20
4349653.439123885
 10
470060.9201291251
 20
4349654.439123885
 10
470061.9201291251
 20
4349654.439123885
 10
470061.9201291251
 20
4349653.439123885
 10
470060.9201291251
 20
4349653.439123885
  0
TEXT
  5
449
330
17
100
AcDbEntity
  8
0
 62
1
100
AcDbText
 10
470061.26012912515
 20
4349653.8691238845
 30
0.0
 40
0.1333
  1
1.98
  7
CN_TTF
 11
470061.26012912515
 21
4349653.8691238845
 31
0.0
100
AcDbText
  0
LWPOLYLINE
  5
44A
330
17
100
AcDbEntity
  8
爆区方格网
 62
1
100
AcDbPolyline
 90
5
 70
1
 10
470060.9201291251
 20
4349654.439123885
 10
470060.9201291251
 20
4349655.439123885
 10
470061.9201291251
 20
4349655.439123885
 10
470061.9201291251
 20
4349654.439123885
 10
470060.9201291251
 20
4349654.439123885
  0
TEXT
  5
44B
330
17
100
AcDbEntity
  8
0
 62
1
100
AcDbText
 10
470061.26012912515
 20
4349654.8691238845
 30
0.0
 40
0.1333
  1
1.98
  7
CN_TTF
 11
470061.26012912515
 21
4349654.8691238845
 31
0.0
100
AcDbText
  0
LWPOLYLINE
  5
44C
330
17
100
AcDbEntity
  8
爆区方格网
 62
1
100
AcDbPolyline
 90
5
 70
1
 10
470061.9201291251
 20
4349652.439123885
 10
470062.9201291251
 20
4349652.439123885
 10
470062.9201291251
 20
4349651.820444106
 10
470061.9201291251
 20
4349651.711760554
 10
470061.9201291251
 20
4349652.439123885
  0
TEXT
  5
44D
330
17
100
AcDbEntity
  8
0
 62
1
100
AcDbText
 10
470062.26012912515
 20
4349652.059783995
 30
0.0
 40
0.1333
  1
1.98
  7
CN_TTF
 11
470062.26012912515
 21
4349652.059783995
 31
0.0
100
AcDbText
  0
LWPOLYLINE
  5
44E
330
17
100
AcDbEntity
  8
爆区方格网
 62
1
100
AcDbPolyline
 90
5
 70
1
 10
470061.9201291251
 20
4349652.439123885
 10
470061.9201291251
 20
4349653.439123885
 10
470062.9201291251
 20
4349653.439123885
 10
470062.9201291251
 20
4349652.439123885
 10
470061.9201291251
 20
4349652.439123885
  0
TEXT
  5
44F
330
17
100
AcDbEntity
  8
0
 62
1
100
AcDbText
 10
470062.26012912515
 20
4349652.8691238845
 30
0.0
 40
0.1333
  1
1.98
  7
CN_TTF
 11
470062.26012912515
 21
4349652.8691238845
 31
0.0
100
AcDbText
  0
LWPOLYLINE
  5
450
330
17
100
AcDbEntity
  8
爆区方格网
 62
1
100
AcDbPolyline
 90
5
 70
1
 10
470061.9201291251
 20
4349653.439123885
 10
470061.9201291251
 20
4349654.439123885
 10
470062.9201291251
 20
4349654.439123885
 10
470062.9201291251
 20
4349653.439123885
 10
470061.9201291251
 20
4349653.439123885
  0
TEXT
  5
451
330
17
100
AcDbEntity
  8
0
 62
1
100
AcDbText
 10
470062.26012912515
 20
4349653.8691238845
 30
0.0
 40
0.1333
  1
1.98
  7
CN_TTF
 11
470062.26012912515
 21
4349653.8691238845
 31
0.0
100
AcDbText
  0
LWPOLYLINE
  5
452
330
17
100
AcDbEntity
  8
爆区方格网
 62
1
100
AcDbPolyline
 90
5
 70
1
 10
470061.9201291251
 20
4349654.439123885
 10
470061.9201291251
 20
4349655.439123885
 10
470062.9201291251
 20
4349655.439123885
 10
470062.9201291251
 20
4349654.439123885
 10
470061.9201291251
 20
4349654.439123885
  0
TEXT
  5
453
330
17
100
AcDbEntity
  8
0
 62
1
100
AcDbText
 10
470062.26012912515
 20
4349654.8691238845
 30
0.0
 40
0.1333
  1
1.98
  7
CN_TTF
 11
470062.26012912515
 21
4349654.8691238845
 31
0.0
100
AcDbText
  0
LWPOLYLINE
  5
454
330
17
100
AcDbEntity
  8
爆区方格网
 62
1
100
AcDbPolyline
 90
5
 70
1
 10
470062.9201291251
 20
4349655.439123885
 10
470061.9201291251
 20
4349655.439123885
 10
470061.9201291251
 20
4349655.819895275
 10
470062.9201291251
 20
4349656.075430518
 10
470062.9201291251
 20
4349655.439123885
  0
TEXT
  5
455
330
17
100
AcDbEntity
  8
0
 62
1
100
AcDbText
 10
470062.26012912515
 20
4349655.559509579
 30
0.0
 40
0.1333
  1
1.98
  7
CN_TTF
 11
470062.26012912515
 21
4349655.559509579
 31
0.0
100
AcDbText
  0
LWPOLYLINE
  5
456
330
17
100
AcDbEntity
  8
爆区方格网
 62
1
100
AcDbPolyline
 90
5
 70
1
 10
470062.9201291251
 20
4349652.439123885
 10
470063.9201291251
 20
4349652.439123885
 10
470063.9201291251
 20
4349651.929127658
 10
470062.9201291251
 20
4349651.820444106
 10
470062.9201291251
 20
4349652.439123885
  0
TEXT
  5
457
330
17
100
AcDbEntity
  8
0
 62
1
100
AcDbText
 10
470063.26012912515
 20
4349652.114125771
 30
0.0
 40
0.1333
  1
1.98
  7
CN_TTF
 11
470063.26012912515
 21
4349652.114125771
 31
0.0
100
AcDbText
  0
LWPOLYLINE
  5
458
330
17
100
AcDbEntity
  8
爆区方格网
 62
1
100
AcDbPolyline
 90
5
 70
1
 10
470062.9201291251
 20
4349652.439123885
 10
470062.9201291251
 20
4349653.439123885
 10
470063.9201291251
 20
4349653.439123885
 10
470063.9201291251
 20
4349652.439123885
 10
470062.9201291251
 20
4349652.439123885
  0
TEXT
  5
459
330
17
100
AcDbEntity
  8
0
 62
1
100
AcDbText
 10
470063.26012912515
 20
4349652.8691238845
 30
0.0
 40
0.1333
  1
1.98
  7
CN_TTF
 11
470063.26012912515
 21
4349652.8691238845
 31
0.0
100
AcDbText
  0
LWPOLYLINE
  5
45A
330
17
100
AcDbEntity
  8
爆区方格网
 62
1
100
AcDbPolyline
 90
5
 70
1
 10
470062.9201291251
 20
4349653.439123885
 10
470062.9201291251
 20
4349654.439123885
 10
470063.9201291251
 20
4349654.439123885
 10
470063.9201291251
 20
4349653.439123885
 10
470062.9201291251
 20
4349653.439123885
  0
TEXT
  5
45B
330
17
100
AcDbEntity
  8
0
 62
1
100
AcDbText
 10
470063.26012912515
 20
4349653.8691238845
 30
0.0
 40
0.1333
  1
1.98
  7
CN_TTF
 11
470063.26012912515
 21
4349653.8691238845
 31
0.0
100
AcDbText
  0
LWPOLYLINE
  5
45C
330
17
100
AcDbEntity
  8
爆区方格网
 62
1
100
AcDbPolyline
 90
5
 70
1
 10
470062.9201291251
 20
4349654.439123885
 10
470062.9201291251
 20
4349655.439123885
 10
470063.9201291251
 20
4349655.439123885
 10
470063.9201291251
 20
4349654.439123885
 10
470062.9201291251
 20
4349654.439123885
  0
TEXT
  5
45D
330
17
100
AcDbEntity
  8
0
 62
1
100
AcDbText
 10
470063.26012912515
 20
4349654.8691238845
 30
0.0
 40
0.1333
  1
1.98
  7
CN_TTF
 11
470063.26012912515
 21
4349654.8691238845
 31
0.0
100
AcDbText
  0
LWPOLYLINE
  5
45E
330
17
100
AcDbEntity
  8
爆区方格网
 62
1
100
AcDbPolyline
 90
6
 70
1
 10
470063.9201291251
 20
4349655.439123885
 10
470062.9201291251
 20
4349655.439123885
 10
470062.9201291251
 20
4349656.075430518
 10
470063.345
 20
4349656.184
 10
470063.9201291251
 20
4349656.060831666
 10
470063.9201291251
 20
4349655.439123885
  0
TEXT
  5
45F
330
17
100
AcDbEntity
  8
0
 62
1
100
AcDbText
 10
470063.26012912515
 20
4349655.679977775
 30
0.0
 40
0.1333
  1
1.98
  7
CN_TTF
 11
470063.26012912515
 21
4349655.679977775
 31
0.0
100
AcDbText
  0
LWPOLYLINE
  5
460
330
17
100
AcDbEntity
  8
爆区方格网
 62
1
100
AcDbPolyline
 90
5
 70
1
 10
470063.9201291251
 20
4349652.439123885
 10
470063.9201291251
 20
4349653.439123885
 10
470064.9201291251
 20
4349653.439123885
 10
470064.9201291251
 20
4349652.439123885
 10
470063.9201291251
 20
4349652.439123885
  0
TEXT
  5
461
330
17
100
AcDbEntity
  8
0
 62
1
100
AcDbText
 10
470064.26012912515
 20
4349652.8691238845
 30
0.0
 40
0.1333
  1
1.98
  7
CN_TTF
 11
470064.26012912515
 21
4349652.8691238845
 31
0.0
100
AcDbText
  0
LWPOLYLINE
  5
462
330
17
100
AcDbEntity
  8
爆区方格网
 62
1
100
AcDbPolyline
 90
5
 70
1
 10
470063.9201291251
 20
4349653.439123885
 10
470063.9201291251
 20
4349654.439123885
 10
470064.9201291251
 20
4349654.439123885
 10
470064.9201291251
 20
4349653.439123885
 10
470063.9201291251
 20
4349653.439123885
  0
TEXT
  5
463
330
17
100
AcDbEntity
  8
0
 62
1
100
AcDbText
 10
470064.26012912515
 20
4349653.8691238845
 30
0.0
 40
0.1333
  1
1.98
  7
CN_TTF
 11
470064.26012912515
 21
4349653.8691238845
 31
0.0
100
AcDbText
  0
LWPOLYLINE
  5
464
330
17
100
AcDbEntity
  8
爆区方格网
 62
1
100
AcDbPolyline
 90
5
 70
1
 10
470063.9201291251
 20
4349654.439123885
 10
470063.9201291251
 20
4349655.439123885
 10
470064.9201291251
 20
4349655.439123885
 10
470064.9201291251
 20
4349654.439123885
 10
470063.9201291251
 20
4349654.439123885
  0
TEXT
  5
465
330
17
100
AcDbEntity
  8
0
 62
1
100
AcDbText
 10
470064.26012912515
 20
4349654.8691238845
 30
0.0
 40
0.1333
  1
1.98
  7
CN_TTF
 11
470064.26012912515
 21
4349654.8691238845
 31
0.0
100
AcDbText
  0
LWPOLYLINE
  5
466
330
17
100
AcDbEntity
  8
爆区方格网
 62
1
100
AcDbPolyline
 90
5
 70
1
 10
470064.9201291251
 20
4349655.439123885
 10
470063.9201291251
 20
4349655.439123885
 10
470063.9201291251
 20
4349656.060831666
 10
470064.9201291251
 20
4349655.846673961
 10
470064.9201291251
 20
4349655.439123885
  0
TEXT
  5
467
330
17
100
AcDbEntity
  8
0
 62
1
100
AcDbText
 10
470064.26012912515
 20
4349655.5728989225
 30
0.0
 40
0.1333
  1
1.98
  7
CN_TTF
 11
470064.26012912515
 21
4349655.5728989225
 31
0.0
100
AcDbText
  0
LWPOLYLINE
  5
468
330
17
100
AcDbEntity
  8
爆区方格网
 62
1
100
AcDbPolyline
 90
6
 70
1
 10
470064.9201291251
 20
4349652.439123885
 10
470064.9201291251
 20
4349653.439123885
 10
470065.9201291251
 20
4349653.439123885
 10
470065.9201291251
 20
4349652.941963739
 10
470065.5190938208
 20
4349652.439123885
 10
470064.9201291251
 20
4349652.439123885
  0
TEXT
  5
469
330
17
100
AcDbEntity
  8
0
 62
1
100
AcDbText
 10
470065.1598702991
 20
4349652.6205438115
 30
0.0
 40
0.1333
  1
1.98
  7
CN_TTF
 11
470065.1598702991
 21
4349652.6205438115
 31
0.0
100
AcDbText
  0
LWPOLYLINE
  5
46A
330
17
100
AcDbEntity
  8
爆区方格网
 62
1
100
AcDbPolyline
 90
5
 70
1
 10
470064.9201291251
 20
4349653.439123885
 10
470064.9201291251
 20
4349654.439123885
 10
470065.9201291251
 20
4349654.439123885
 10
470065.9201291251
 20
4349653.439123885
 10
470064.9201291251
 20
4349653.439123885
  0
TEXT
  5
46B
330
17
100
AcDbEntity
  8
0
 62
1
100
AcDbText
 10
470065.26012912515
 20
4349653.8691238845
 30
0.0
 40
0.1333
  1
1.98
  7
CN_TTF
 11
470065.26012912515
 21
4349653.8691238845
 31
0.0
100
AcDbText
  0
LWPOLYLINE
  5
46C
330
17
100
AcDbEntity
  8
爆区方格网
 62
1
100
AcDbPolyline
 90
5
 70
1
 10
470064.9201291251
 20
4349654.439123885
 10
470064.9201291251
 20
4349655.439123885
 10
470065.9201291251
 20
4349655.439123885
 10
470065.9201291251
 20
4349654.439123885
 10
470064.9201291251
 20
4349654.439123885
  0
TEXT
  5
46D
330
17
100
AcDbEntity
  8
0
 62
1
100
AcDbText
 10
470065.26012912515
 20
4349654.8691238845
 30
0.0
 40
0.1333
  1
1.98
  7
CN_TTF
 11
470065.26012912515
 21
4349654.8691238845
 31
0.0
100
AcDbText
  0
LWPOLYLINE
  5
46E
330
17
100
AcDbEntity
  8
爆区方格网
 62
5
100
AcDbPolyline
 90
6
 70
1
 10
470010.9201291251
 20
4349648.439123885
 10
470010.9201291251
 20
4349647.439123885
 10
470009.9201291251
 20
4349647.439123885
 10
470009.9201291251
 20
4349648.195652996
 10
470010.30046712834
 20
4349648.439123885
 10
470010.9201291251
 20
4349648.439123885
  0
TEXT
  5
46F
330
17
100
AcDbEntity
  8
0
 62
5
100
AcDbText
 10
470010.26012912515
 20
4349647.74738844
 30
0.0
 40
0.1333
  1
1.25
  7
CN_TTF
 11
470010.26012912515
 21
4349647.74738844
 31
0.0
100
AcDbText
  0
LWPOLYLINE
  5
470
330
17
100
AcDbEntity
  8
爆区方格网
 62
5
100
AcDbPolyline
 90
7
 70
1
 10
470010.9201291251
 20
4349647.439123885
 10
470010.9201291251
 20
4349648.439123885
 10
470011.9201291251
 20
4349648.439123885
 10
470011.9201291251
 20
4349647.48769214
 10
470011.107313347
 20
4349647.443595711
 10
470011.02488555934
 20
4349647.439123885
 10
470010.9201291251
 20
4349647.439123885
  0
TEXT
  5
471
330
17
100
AcDbEntity
  8
0
 62
5
100
AcDbText
 10
470011.26012912515
 20
4349647.893408012
 30
0.0
 40
0.1333
  1
1.06
  7
CN_TTF
 11
470011.26012912515
 21
4349647.893408012
 31
0.0
100
AcDbText
  0
LWPOLYLINE
  5
472
330
17
100
AcDbEntity
  8
爆区方格网
 62
5
100
AcDbPolyline
 90
7
 70
1
 10
470011.9201291251
 20
4349649.439123885
 10
470011.9201291251
 20
4349648.439123885
 10
470010.9201291251
 20
4349648.439123885
 10
470010.9201291251
 20
4349648.835796465
 10
470010.92803651886
 20
4349648.840858332
 10
470011.8626169397
 20
4349649.439123885
 10
470011.9201291251
 20
4349649.439123885
  0
TEXT
  5
473
330
17
100
AcDbEntity
  8
0
 62
5
100
AcDbText
 10
470011.4977279272
 20
4349649.069991108
 30
0.0
 40
0.1333
  1
1.06
  7
CN_TTF
 11
470011.4977279272
 21
4349649.069991108
 31
0.0
100
AcDbText
  0
LWPOLYLINE
  5
474
330
17
100
AcDbEntity
  8
爆区方格网
 62
5
100
AcDbPolyline
 90
5
 70
1
 10
470011.9201291251
 20
4349648.439123885
 10
470012.9201291251
 20
4349648.439123885
 10
470012.9201291251
 20
4349647.541943583
 10
470011.9201291251
 20
4349647.48769214
 10
470011.9201291251
 20
4349648.439123885
  0
TEXT
  5
475
330
17
100
AcDbEntity
  8
0
 62
5
100
AcDbText
 10
470012.26012912515
 20
4349647.920533733
 30
0.0
 40
0.1333
  1
1.06
  7
CN_TTF
 11
470012.26012912515
 21
4349647.920533733
 31
0.0
100
AcDbText
  0
LWPOLYLINE
  5
476
330
17
100
AcDbEntity
  8
爆区方格网
 62
5
100
AcDbPolyline
 90
5
 70
1
 10
470011.9201291251
 20
4349648.439123885
 10
470011.9201291251
 20
4349649.439123885
 10
470012.9201291251
 20
4349649.439123885
 10
470012.9201291251
 20
4349648.439123885
 10
470011.9201291251
 20
4349648.439123885
  0
TEXT
  5
477
330
17
100
AcDbEntity
  8
0
 62
5
100
AcDbText
 10
470012.26012912515
 20
4349648.8691238845
 30
0.0
 40
0.1333
  1
1.06
  7
CN_TTF
 11
470012.26012912515
 21
4349648.8691238845
 31
0.0
100
AcDbText
  0
LWPOLYLINE
  5
478
330
17
100
AcDbEntity
  8
爆区方格网
 62
5
100
AcDbPolyline
 90
5
 70
1
 10
470012.9201291251
 20
4349648.439123885
 10
470013.9201291251
 20
4349648.439123885
 10
470013.9201291251
 20
4349647.596195025
 10
470012.9201291251
 20
4349647.541943583
 10
470012.9201291251
 20
4349648.439123885
  0
TEXT
  5
479
330
17
100
AcDbEntity
  8
0
 62
5
100
AcDbText
 10
470013.26012912515
 20
4349647.947659455
 30
0.0
 40
0.1333
  1
1.06
  7
CN_TTF
 11
470013.26012912515
 21
4349647.947659455
 31
0.0
100
AcDbText
  0
LWPOLYLINE
  5
47A
330
17
100
AcDbEntity
  8
爆区方格网
 62
5
100
AcDbPolyline
 90
5
 70
1
 10
470012.9201291251
 20
4349648.439123885
 10
470012.9201291251
 20
4349649.439123885
 10
470013.9201291251
 20
4349649.439123885
 10
470013.9201291251
 20
4349648.439123885
 10
470012.9201291251
 20
4349648.439123885
  0
TEXT
  5
47B
330
17
100
AcDbEntity
  8
0
 62
5
100
AcDbText
 10
470013.26012912515
 20
4349648.8691238845
 30
0.0
 40
0.1333
  1
1.28
  7
CN_TTF
 11
470013.26012912515
 21
4349648.8691238845
 31
0.0
100
AcDbText
  0
LWPOLYLINE
  5
47C
330
17
100
AcDbEntity
  8
爆区方格网
 62
5
100
AcDbPolyline
 90
6
 70
1
 10
470013.9201291251
 20
4349650.439123885
 10
470013.9201291251
 20
4349649.439123885
 10
470012.9201291251
 20
4349649.439123885
 10
470012.9201291251
 20
4349650.116083404
 10
470013.42476675066
 20
4349650.439123885
 10
470013.9201291251
 20
4349650.439123885
  0
TEXT
  5
47D
330
17
100
AcDbEntity
  8
0
 62
5
100
AcDbText
 10
470013.26012912515
 20
4349649.707603645
 30
0.0
 40
0.1333
  1
1.28
  7
CN_TTF
 11
470013.26012912515
 21
4349649.707603645
 31
0.0
100
AcDbText
  0
LWPOLYLINE
  5
47E
330
17
100
AcDbEntity
  8
爆区方格网
 62
5
100
AcDbPolyline
 90
6
 70
1
 10
470013.9201291251
 20
4349648.439123885
 10
470014.9201291251
 20
4349648.439123885
 10
470014.9201291251
 20
4349647.650446468
 10
470014.9115308736
 20
4349647.64998
 10
470013.9201291251
 20
4349647.596195025
 10
470013.9201291251
 20
4349648.439123885
  0
TEXT
  5
47F
330
17
100
AcDbEntity
  8
0
 62
5
100
AcDbText
 10
470014.26012912515
 20
4349647.974785176
 30
0.0
 40
0.1333
  1
1.28
  7
CN_TTF
 11
470014.26012912515
 21
4349647.974785176
 31
0.0
100
AcDbText
  0
LWPOLYLINE
  5
480
330
17
100
AcDbEntity
  8
爆区方格网
 62
5
100
AcDbPolyline
 90
5
 70
1
 10
470013.9201291251
 20
4349648.439123885
 10
470013.9201291251
 20
4349649.439123885
 10
470014.9201291251
 20
4349649.439123885
 10
470014.9201291251
 20
4349648.439123885
 10
470013.9201291251
 20
4349648.439123885
  0
TEXT
  5
481
330
17
100
AcDbEntity
  8
0
 62
5
100
AcDbText
 10
470014.26012912515
 20
4349648.8691238845
 30
0.0
 40
0.1333
  1
1.28
  7
CN_TTF
 11
470014.26012912515
 21
4349648.8691238845
 31
0.0
100
AcDbText
  0
LWPOLYLINE
  5
482
330
17
100
AcDbEntity
  8
爆区方格网
 62
5
100
AcDbPolyline
 90
5
 70
1
 10
470013.9201291251
 20
4349649.439123885
 10
470013.9201291251
 20
4349650.439123885
 10
470014.9201291251
 20
4349650.439123885
 10
470014.9201291251
 20
4349649.439123885
 10
470013.9201291251
 20
4349649.439123885
  0
TEXT
  5
483
330
17
100
AcDbEntity
  8
0
 62
5
100
AcDbText
 10
470014.26012912515
 20
4349649.8691238845
 30
0.0
 40
0.1333
  1
1.28
  7
CN_TTF
 11
470014.26012912515
 21
4349649.8691238845
 31
0.0
100
AcDbText
  0
LWPOLYLINE
  5
484
330
17
100
AcDbEntity
  8
爆区方格网
 62
5
100
AcDbPolyline
 90
5
 70
1
 10
470014.9201291251
 20
4349650.439123885
 10
470013.9201291251
 20
4349650.439123885
 10
470013.9201291251
 20
4349650.756226874
 10
470014.9201291251
 20
4349651.396370344
 10
470014.9201291251
 20
4349650.439123885
  0
TEXT
  5
485
330
17
100
AcDbEntity
  8
0
 62
5
100
AcDbText
 10
470014.5101291255
 20
4349651.006298609
 30
0.0
 40
0.1333
  1
1.28
  7
CN_TTF
 11
470014.5101291255
 21
4349651.006298609
 31
0.0
100
AcDbText
  0
LWPOLYLINE
  5
486
330
17
100
AcDbEntity
  8
爆区方格网
 62
5
100
AcDbPolyline
 90
5
 70
1
 10
470014.9201291251
 20
4349648.439123885
 10
470015.9201291251
 20
4349648.439123885
 10
470015.9201291251
 20
4349647.70469791
 10
470014.9201291251
 20
4349647.650446468
 10
470014.9201291251
 20
4349648.439123885
  0
TEXT
  5
487
330
17
100
AcDbEntity
  8
0
 62
5
100
AcDbText
 10
470015.26012912515
 20
4349648.001910897
 30
0.0
 40
0.1333
  1
1.28
  7
CN_TTF
 11
470015.26012912515
 21
4349648.001910897
 31
0.0
100
AcDbText
  0
LWPOLYLINE
  5
488
330
17
100
AcDbEntity
  8
爆区方格网
 62
5
100
AcDbPolyline
 90
5
 70
1
 10
470014.9201291251
 20
4349648.439123885
 10
470014.9201291251
 20
4349649.439123885
 10
470015.9201291251
 20
4349649.439123885
 10
470015.9201291251
 20
4349648.439123885
 10
470014.9201291251
 20
4349648.439123885
  0
TEXT
  5
489
330
17
100
AcDbEntity
  8
0
 62
5
100
AcDbText
 10
470015.26012912515
 20
4349648.8691238845
 30
0.0
 40
0.1333
  1
1.28
  7
CN_TTF
 11
470015.26012912515
 21
4349648.8691238845
 31
0.0
100
AcDbText
  0
LWPOLYLINE
  5
48A
330
17
100
AcDbEntity
  8
爆区方格网
 62
5
100
AcDbPolyline
 90
5
 70
1
 10
470014.9201291251
 20
4349649.439123885
 10
470014.9201291251
 20
4349650.439123885
 10
470015.9201291251
 20
4349650.439123885
 10
470015.9201291251
 20
4349649.439123885
 10
470014.9201291251
 20
4349649.439123885
  0
TEXT
  5
48B
330
17
100
AcDbEntity
  8
0
 62
5
100
AcDbText
 10
470015.26012912515
 20
4349649.8691238845
 30
0.0
 40
0.1333
  1
1.28
  7
CN_TTF
 11
470015.26012912515
 21
4349649.8691238845
 31
0.0
100
AcDbText
  0
LWPOLYLINE
  5
48C
330
17
100
AcDbEntity
  8
爆区方格网
 62
5
100
AcDbPolyline
 90
6
 70
1
 10
470015.9201291251
 20
4349651.439123885
 10
470015.9201291251
 20
4349650.439123885
 10
470014.9201291251
 20
4349650.439123885
 10
470014.9201291251
 20
4349651.396370344
 10
470014.98691656155
 20
4349651.439123885
 10
470015.9201291251
 20
4349651.439123885
  0
TEXT
  5
48D
330
17
100
AcDbEntity
  8
0
 62
5
100
AcDbText
 10
470015.26012912515
 20
4349650.847747114
 30
0.0
 40
0.1333
  1
1.28
  7
CN_TTF
 11
470015.26012912515
 21
4349650.847747114
 31
0.0
100
AcDbText
  0
LWPOLYLINE
  5
48E
330
17
100
AcDbEntity
  8
爆区方格网
 62
5
100
AcDbPolyline
 90
5
 70
1
 10
470015.9201291251
 20
4349648.439123885
 10
470016.9201291251
 20
4349648.439123885
 10
470016.9201291251
 20
4349647.758949352
 10
470015.9201291251
 20
4349647.70469791
 10
470015.9201291251
 20
4349648.439123885
  0
TEXT
  5
48F
330
17
100
AcDbEntity
  8
0
 62
5
100
AcDbText
 10
470016.26012912515
 20
4349648.029036619
 30
0.0
 40
0.1333
  1
1.28
  7
CN_TTF
 11
470016.26012912515
 21
4349648.029036619
 31
0.0
100
AcDbText
  0
LWPOLYLINE
  5
490
330
17
100
AcDbEntity
  8
爆区方格网
 62
5
100
AcDbPolyline
 90
5
 70
1
 10
470015.9201291251
 20
4349648.439123885
 10
470015.9201291251
 20
4349649.439123885
 10
470016.9201291251
 20
4349649.439123885
 10
470016.9201291251
 20
4349648.439123885
 10
470015.9201291251
 20
4349648.439123885
  0
TEXT
  5
491
330
17
100
AcDbEntity
  8
0
 62
5
100
AcDbText
 10
470016.26012912515
 20
4349648.8691238845
 30
0.0
 40
0.1333
  1
1.28
  7
CN_TTF
 11
470016.26012912515
 21
4349648.8691238845
 31
0.0
100
AcDbText
  0
LWPOLYLINE
  5
492
330
17
100
AcDbEntity
  8
爆区方格网
 62
5
100
AcDbPolyline
 90
5
 70
1
 10
470015.9201291251
 20
4349649.439123885
 10
470015.9201291251
 20
4349650.439123885
 10
470016.9201291251
 20
4349650.439123885
 10
470016.9201291251
 20
4349649.439123885
 10
470015.9201291251
 20
4349649.439123885
  0
TEXT
  5
493
330
17
100
AcDbEntity
  8
0
 62
5
100
AcDbText
 10
470016.26012912515
 20
4349649.8691238845
 30
0.0
 40
0.1333
  1
1.28
  7
CN_TTF
 11
470016.26012912515
 21
4349649.8691238845
 31
0.0
100
AcDbText
  0
LWPOLYLINE
  5
494
330
17
100
AcDbEntity
  8
爆区方格网
 62
5
100
AcDbPolyline
 90
5
 70
1
 10
470015.9201291251
 20
4349650.439123885
 10
470015.9201291251
 20
4349651.439123885
 10
470016.9201291251
 20
4349651.439123885
 10
470016.9201291251
 20
4349650.439123885
 10
470015.9201291251
 20
4349650.439123885
  0
TEXT
  5
495
330
17
100
AcDbEntity
  8
0
 62
5
100
AcDbText
 10
470016.26012912515
 20
4349650.8691238845
 30
0.0
 40
0.1333
  1
1.28
  7
CN_TTF
 11
470016.26012912515
 21
4349650.8691238845
 31
0.0
100
AcDbText
  0
LWPOLYLINE
  5
496
330
17
100
AcDbEntity
  8
爆区方格网
 62
5
100
AcDbPolyline
 90
6
 70
1
 10
470016.9201291251
 20
4349651.439123885
 10
470015.9201291251
 20
4349651.439123885
 10
470015.9201291251
 20
4349652.036513813
 10
470016.2117711806
 20
4349652.22320657
 10
470016.9201291251
 20
4349652.380848704
 10
470016.9201291251
 20
4349651.439123885
  0
TEXT
  5
497
330
17
100
AcDbEntity
  8
0
 62
5
100
AcDbText
 10
470016.26012912515
 20
4349651.667818848
 30
0.0
 40
0.1333
  1
1.28
  7
CN_TTF
 11
470016.26012912515
 21
4349651.667818848
 31
0.0
100
AcDbText
  0
LWPOLYLINE
  5
498
330
17
100
AcDbEntity
  8
爆区方格网
 62
5
100
AcDbPolyline
 90
5
 70
1
 10
470016.9201291251
 20
4349648.439123885
 10
470017.9201291251
 20
4349648.439123885
 10
470017.9201291251
 20
4349647.813200795
 10
470016.9201291251
 20
4349647.758949352
 10
470016.9201291251
 20
4349648.439123885
  0
TEXT
  5
499
330
17
100
AcDbEntity
  8
0
 62
5
100
AcDbText
 10
470017.26012912515
 20
4349648.05616234
 30
0.0
 40
0.1333
  1
1.28
  7
CN_TTF
 11
470017.26012912515
 21
4349648.05616234
 31
0.0
100
AcDbText
  0
LWPOLYLINE
  5
49A
330
17
100
AcDbEntity
  8
爆区方格网
 62
5
100
AcDbPolyline
 90
5
 70
1
 10
470016.9201291251
 20
4349648.439123885
 10
470016.9201291251
 20
4349649.439123885
 10
470017.9201291251
 20
4349649.439123885
 10
470017.9201291251
 20
4349648.439123885
 10
470016.9201291251
 20
4349648.439123885
  0
TEXT
  5
49B
330
17
100
AcDbEntity
  8
0
 62
5
100
AcDbText
 10
470017.26012912515
 20
4349648.8691238845
 30
0.0
 40
0.1333
  1
1.28
  7
CN_TTF
 11
470017.26012912515
 21
4349648.8691238845
 31
0.0
100
AcDbText
  0
LWPOLYLINE
  5
49C
330
17
100
AcDbEntity
  8
爆区方格网
 62
5
100
AcDbPolyline
 90
5
 70
1
 10
470016.9201291251
 20
4349649.439123885
 10
470016.9201291251
 20
4349650.439123885
 10
470017.9201291251
 20
4349650.439123885
 10
470017.9201291251
 20
4349649.439123885
 10
470016.9201291251
 20
4349649.439123885
  0
TEXT
  5
49D
330
17
100
AcDbEntity
  8
0
 62
5
100
AcDbText
 10
470017.26012912515
 20
4349649.8691238845
 30
0.0
 40
0.1333
  1
1.28
  7
CN_TTF
 11
470017.26012912515
 21
4349649.8691238845
 31
0.0
100
AcDbText
  0
LWPOLYLINE
  5
49E
330
17
100
AcDbEntity
  8
爆区方格网
 62
5
100
AcDbPolyline
 90
5
 70
1
 10
470016.9201291251
 20
4349650.439123885
 10
470016.9201291251
 20
4349651.439123885
 10
470017.9201291251
 20
4349651.439123885
 10
470017.9201291251
 20
4349650.439123885
 10
470016.9201291251
 20
4349650.439123885
  0
TEXT
  5
49F
330
17
100
AcDbEntity
  8
0
 62
5
100
AcDbText
 10
470017.26012912515
 20
4349650.8691238845
 30
0.0
 40
0.1333
  1
1.28
  7
CN_TTF
 11
470017.26012912515
 21
4349650.8691238845
 31
0.0
100
AcDbText
  0
LWPOLYLINE
  5
4A0
330
17
100
AcDbEntity
  8
爆区方格网
 62
5
100
AcDbPolyline
 90
6
 70
1
 10
470017.9201291251
 20
4349652.439123885
 10
470017.9201291251
 20
4349651.439123885
 10
470016.9201291251
 20
4349651.439123885
 10
470016.9201291251
 20
4349652.380848704
 10
470017.18198606704
 20
4349652.439123885
 10
470017.9201291251
 20
4349652.439123885
  0
TEXT
  5
4A1
330
17
100
AcDbEntity
  8
0
 62
5
100
AcDbText
 10
470017.26012912515
 20
4349651.8399862945
 30
0.0
 40
0.1333
  1
1.28
  7
CN_TTF
 11
470017.26012912515
 21
4349651.8399862945
 31
0.0
100
AcDbText
  0
LWPOLYLINE
  5
4A2
330
17
100
AcDbEntity
  8
爆区方格网
 62
5
100
AcDbPolyline
 90
5
 70
1
 10
470017.9201291251
 20
4349648.439123885
 10
470018.9201291251
 20
4349648.439123885
 10
470018.9201291251
 20
4349647.867452238
 10
470017.9201291251
 20
4349647.813200795
 10
470017.9201291251
 20
4349648.439123885
  0
TEXT
  5
4A3
330
17
100
AcDbEntity
  8
0
 62
5
100
AcDbText
 10
470018.26012912515
 20
4349648.0832880605
 30
0.0
 40
0.1333
  1
1.28
  7
CN_TTF
 11
470018.26012912515
 21
4349648.0832880605
 31
0.0
100
AcDbText
  0
LWPOLYLINE
  5
4A4
330
17
100
AcDbEntity
  8
爆区方格网
 62
5
100
AcDbPolyline
 90
5
 70
1
 10
470017.9201291251
 20
4349648.439123885
 10
470017.9201291251
 20
4349649.439123885
 10
470018.9201291251
 20
4349649.439123885
 10
470018.9201291251
 20
4349648.439123885
 10
470017.9201291251
 20
4349648.439123885
  0
TEXT
  5
4A5
330
17
100
AcDbEntity
  8
0
 62
5
100
AcDbText
 10
470018.26012912515
 20
4349648.8691238845
 30
0.0
 40
0.1333
  1
1.28
  7
CN_TTF
 11
470018.26012912515
 21
4349648.8691238845
 31
0.0
100
AcDbText
  0
LWPOLYLINE
  5
4A6
330
17
100
AcDbEntity
  8
爆区方格网
 62
5
100
AcDbPolyline
 90
5
 70
1
 10
470017.9201291251
 20
4349649.439123885
 10
470017.9201291251
 20
4349650.439123885
 10
470018.9201291251
 20
4349650.439123885
 10
470018.9201291251
 20
4349649.439123885
 10
470017.9201291251
 20
4349649.439123885
  0
TEXT
  5
4A7
330
17
100
AcDbEntity
  8
0
 62
5
100
AcDbText
 10
470018.26012912515
 20
4349649.8691238845
 30
0.0
 40
0.1333
  1
1.28
  7
CN_TTF
 11
470018.26012912515
 21
4349649.8691238845
 31
0.0
100
AcDbText
  0
LWPOLYLINE
  5
4A8
330
17
100
AcDbEntity
  8
爆区方格网
 62
5
100
AcDbPolyline
 90
5
 70
1
 10
470017.9201291251
 20
4349650.439123885
 10
470017.9201291251
 20
4349651.439123885
 10
470018.9201291251
 20
4349651.439123885
 10
470018.9201291251
 20
4349650.439123885
 10
470017.9201291251
 20
4349650.439123885
  0
TEXT
  5
4A9
330
17
100
AcDbEntity
  8
0
 62
5
100
AcDbText
 10
470018.26012912515
 20
4349650.8691238845
 30
0.0
 40
0.1333
  1
1.28
  7
CN_TTF
 11
470018.26012912515
 21
4349650.8691238845
 31
0.0
100
AcDbText
  0
LWPOLYLINE
  5
4AA
330
17
100
AcDbEntity
  8
爆区方格网
 62
5
100
AcDbPolyline
 90
5
 70
1
 10
470017.9201291251
 20
4349651.439123885
 10
470017.9201291251
 20
4349652.439123885
 10
470018.9201291251
 20
4349652.439123885
 10
470018.9201291251
 20
4349651.439123885
 10
470017.9201291251
 20
4349651.439123885
  0
TEXT
  5
4AB
330
17
100
AcDbEntity
  8
0
 62
5
100
AcDbText
 10
470018.26012912515
 20
4349651.8691238845
 30
0.0
 40
0.1333
  1
1.28
  7
CN_TTF
 11
470018.26012912515
 21
4349651.8691238845
 31
0.0
100
AcDbText
  0
LWPOLYLINE
  5
4AC
330
17
100
AcDbEntity
  8
爆区方格网
 62
5
100
AcDbPolyline
 90
6
 70
1
 10
470018.9201291251
 20
4349648.439123885
 10
470019.9201291251
 20
4349648.439123885
 10
470019.9201291251
 20
4349647.9217036795
 10
470018.9382492691
 20
4349647.868435281
 10
470018.9201291251
 20
4349647.867452238
 10
470018.9201291251
 20
4349648.439123885
  0
TEXT
  5
4AD
330
17
100
AcDbEntity
  8
0
 62
5
100
AcDbText
 10
470019.26012912515
 20
4349648.110413782
 30
0.0
 40
0.1333
  1
1.26
  7
CN_TTF
 11
470019.26012912515
 21
4349648.110413782
 31
0.0
100
AcDbText
  0
LWPOLYLINE
  5
4AE
330
17
100
AcDbEntity
  8
爆区方格网
 62
5
100
AcDbPolyline
 90
5
 70
1
 10
470018.9201291251
 20
4349648.439123885
 10
470018.9201291251
 20
4349649.439123885
 10
470019.9201291251
 20
4349649.439123885
 10
470019.9201291251
 20
4349648.439123885
 10
470018.9201291251
 20
4349648.439123885
  0
TEXT
  5
4AF
330
17
100
AcDbEntity
  8
0
 62
5
100
AcDbText
 10
470019.26012912515
 20
4349648.8691238845
 30
0.0
 40
0.1333
  1
1.28
  7
CN_TTF
 11
470019.26012912515
 21
4349648.8691238845
 31
0.0
100
AcDbText
  0
LWPOLYLINE
  5
4B0
330
17
100
AcDbEntity
  8
爆区方格网
 62
5
100
AcDbPolyline
 90
5
 70
1
 10
470018.9201291251
 20
4349649.439123885
 10
470018.9201291251
 20
4349650.439123885
 10
470019.9201291251
 20
4349650.439123885
 10
470019.9201291251
 20
4349649.439123885
 10
470018.9201291251
 20
4349649.439123885
  0
TEXT
  5
4B1
330
17
100
AcDbEntity
  8
0
 62
5
100
AcDbText
 10
470019.26012912515
 20
4349649.8691238845
 30
0.0
 40
0.1333
  1
1.28
  7
CN_TTF
 11
470019.26012912515
 21
4349649.8691238845
 31
0.0
100
AcDbText
  0
LWPOLYLINE
  5
4B2
330
17
100
AcDbEntity
  8
爆区方格网
 62
5
100
AcDbPolyline
 90
5
 70
1
 10
470018.9201291251
 20
4349650.439123885
 10
470018.9201291251
 20
4349651.439123885
 10
470019.9201291251
 20
4349651.439123885
 10
470019.9201291251
 20
4349650.439123885
 10
470018.9201291251
 20
4349650.439123885
  0
TEXT
  5
4B3
330
17
100
AcDbEntity
  8
0
 62
5
100
AcDbText
 10
470019.26012912515
 20
4349650.8691238845
 30
0.0
 40
0.1333
  1
1.28
  7
CN_TTF
 11
470019.26012912515
 21
4349650.8691238845
 31
0.0
100
AcDbText
  0
LWPOLYLINE
  5
4B4
330
17
100
AcDbEntity
  8
爆区方格网
 62
5
100
AcDbPolyline
 90
5
 70
1
 10
470018.9201291251
 20
4349651.439123885
 10
470018.9201291251
 20
4349652.439123885
 10
470019.9201291251
 20
4349652.439123885
 10
470019.9201291251
 20
4349651.439123885
 10
470018.9201291251
 20
4349651.439123885
  0
TEXT
  5
4B5
330
17
100
AcDbEntity
  8
0
 62
5
100
AcDbText
 10
470019.26012912515
 20
4349651.8691238845
 30
0.0
 40
0.1333
  1
1.28
  7
CN_TTF
 11
470019.26012912515
 21
4349651.8691238845
 31
0.0
100
AcDbText
  0
LWPOLYLINE
  5
4B6
330
17
100
AcDbEntity
  8
爆区方格网
 62
5
100
AcDbPolyline
 90
5
 70
1
 10
470019.9201291251
 20
4349648.439123885
 10
470019.9201291251
 20
4349649.439123885
 10
470020.9201291251
 20
4349649.439123885
 10
470020.9201291251
 20
4349648.439123885
 10
470019.9201291251
 20
4349648.439123885
  0
TEXT
  5
4B7
330
17
100
AcDbEntity
  8
0
 62
5
100
AcDbText
 10
470020.26012912515
 20
4349648.8691238845
 30
0.0
 40
0.1333
  1
1.26
  7
CN_TTF
 11
470020.26012912515
 21
4349648.8691238845
 31
0.0
100
AcDbText
  0
LWPOLYLINE
  5
4B8
330
17
100
AcDbEntity
  8
爆区方格网
 62
5
100
AcDbPolyline
 90
5
 70
1
 10
470019.9201291251
 20
4349649.439123885
 10
470019.9201291251
 20
4349650.439123885
 10
470020.9201291251
 20
4349650.439123885
 10
470020.9201291251
 20
4349649.439123885
 10
470019.9201291251
 20
4349649.439123885
  0
TEXT
  5
4B9
330
17
100
AcDbEntity
  8
0
 62
5
100
AcDbText
 10
470020.26012912515
 20
4349649.8691238845
 30
0.0
 40
0.1333
  1
1.28
  7
CN_TTF
 11
470020.26012912515
 21
4349649.8691238845
 31
0.0
100
AcDbText
  0
LWPOLYLINE
  5
4BA
330
17
100
AcDbEntity
  8
爆区方格网
 62
5
100
AcDbPolyline
 90
5
 70
1
 10
470019.9201291251
 20
4349650.439123885
 10
470019.9201291251
 20
4349651.439123885
 10
470020.9201291251
 20
4349651.439123885
 10
470020.9201291251
 20
4349650.439123885
 10
470019.9201291251
 20
4349650.439123885
  0
TEXT
  5
4BB
330
17
100
AcDbEntity
  8
0
 62
5
100
AcDbText
 10
470020.26012912515
 20
4349650.8691238845
 30
0.0
 40
0.1333
  1
1.28
  7
CN_TTF
 11
470020.26012912515
 21
4349650.8691238845
 31
0.0
100
AcDbText
  0
LWPOLYLINE
  5
4BC
330
17
100
AcDbEntity
  8
爆区方格网
 62
5
100
AcDbPolyline
 90
5
 70
1
 10
470019.9201291251
 20
4349651.439123885
 10
470019.9201291251
 20
4349652.439123885
 10
470020.9201291251
 20
4349652.439123885
 10
470020.9201291251
 20
4349651.439123885
 10
470019.9201291251
 20
4349651.439123885
  0
TEXT
  5
4BD
330
17
100
AcDbEntity
  8
0
 62
5
100
AcDbText
 10
470020.26012912515
 20
4349651.8691238845
 30
0.0
 40
0.1333
  1
1.28
  7
CN_TTF
 11
470020.26012912515
 21
4349651.8691238845
 31
0.0
100
AcDbText
  0
LWPOLYLINE
  5
4BE
330
17
100
AcDbEntity
  8
爆区方格网
 62
5
100
AcDbPolyline
 90
5
 70
1
 10
470020.9201291251
 20
4349652.439123885
 10
470019.9201291251
 20
4349652.439123885
 10
470019.9201291251
 20
4349653.048486309
 10
470020.9201291251
 20
4349653.271032178
 10
470020.9201291251
 20
4349652.439123885
  0
TEXT
  5
4BF
330
17
100
AcDbEntity
  8
0
 62
5
100
AcDbText
 10
470020.26012912515
 20
4349652.673805097
 30
0.0
 40
0.1333
  1
1.28
  7
CN_TTF
 11
470020.26012912515
 21
4349652.673805097
 31
0.0
100
AcDbText
  0
LWPOLYLINE
  5
4C0
330
17
100
AcDbEntity
  8
爆区方格网
 62
5
100
AcDbPolyline
 90
5
 70
1
 10
470020.9201291251
 20
4349648.439123885
 10
470020.9201291251
 20
4349649.439123885
 10
470021.9201291251
 20
4349649.439123885
 10
470021.9201291251
 20
4349648.439123885
 10
470020.9201291251
 20
4349648.439123885
  0
TEXT
  5
4C1
330
17
100
AcDbEntity
  8
0
 62
5
100
AcDbText
 10
470021.26012912515
 20
4349648.8691238845
 30
0.0
 40
0.1333
  1
1.26
  7
CN_TTF
 11
470021.26012912515
 21
4349648.8691238845
 31
0.0
100
AcDbText
  0
LWPOLYLINE
  5
4C2
330
17
100
AcDbEntity
  8
爆区方格网
 62
5
100
AcDbPolyline
 90
5
 70
1
 10
470020.9201291251
 20
4349649.439123885
 10
470020.9201291251
 20
4349650.439123885
 10
470021.9201291251
 20
4349650.439123885
 10
470021.9201291251
 20
4349649.439123885
 10
470020.9201291251
 20
4349649.439123885
  0
TEXT
  5
4C3
330
17
100
AcDbEntity
  8
0
 62
5
100
AcDbText
 10
470021.26012912515
 20
4349649.8691238845
 30
0.0
 40
0.1333
  1
1.26
  7
CN_TTF
 11
470021.26012912515
 21
4349649.8691238845
 31
0.0
100
AcDbText
  0
LWPOLYLINE
  5
4C4
330
17
100
AcDbEntity
  8
爆区方格网
 62
5
100
AcDbPolyline
 90
5
 70
1
 10
470020.9201291251
 20
4349650.439123885
 10
470020.9201291251
 20
4349651.439123885
 10
470021.9201291251
 20
4349651.439123885
 10
470021.9201291251
 20
4349650.439123885
 10
470020.9201291251
 20
4349650.439123885
  0
TEXT
  5
4C5
330
17
100
AcDbEntity
  8
0
 62
5
100
AcDbText
 10
470021.26012912515
 20
4349650.8691238845
 30
0.0
 40
0.1333
  1
1.28
  7
CN_TTF
 11
470021.26012912515
 21
4349650.8691238845
 31
0.0
100
AcDbText
  0
LWPOLYLINE
  5
4C6
330
17
100
AcDbEntity
  8
爆区方格网
 62
5
100
AcDbPolyline
 90
5
 70
1
 10
470020.9201291251
 20
4349651.439123885
 10
470020.9201291251
 20
4349652.439123885
 10
470021.9201291251
 20
4349652.439123885
 10
470021.9201291251
 20
4349651.439123885
 10
470020.9201291251
 20
4349651.439123885
  0
TEXT
  5
4C7
330
17
100
AcDbEntity
  8
0
 62
5
100
AcDbText
 10
470021.26012912515
 20
4349651.8691238845
 30
0.0
 40
0.1333
  1
1.09
  7
CN_TTF
 11
470021.26012912515
 21
4349651.8691238845
 31
0.0
100
AcDbText
  0
LWPOLYLINE
  5
4C8
330
17
100
AcDbEntity
  8
爆区方格网
 62
5
100
AcDbPolyline
 90
7
 70
1
 10
470021.9201291251
 20
4349653.439123885
 10
470021.9201291251
 20
4349652.439123885
 10
470020.9201291251
 20
4349652.439123885
 10
470020.9201291251
 20
4349653.271032178
 10
470020.9881897942
 20
4349653.286178798
 10
470021.6754417638
 20
4349653.439123885
 10
470021.9201291251
 20
4349653.439123885
  0
TEXT
  5
4C9
330
17
100
AcDbEntity
  8
0
 62
5
100
AcDbText
 10
470021.26012912515
 20
4349652.785078031
 30
0.0
 40
0.1333
  1
1.09
  7
CN_TTF
 11
470021.26012912515
 21
4349652.785078031
 31
0.0
100
AcDbText
  0
LWPOLYLINE
  5
4CA
330
17
100
AcDbEntity
  8
爆区方格网
 62
5
100
AcDbPolyline
 90
5
 70
1
 10
470021.9201291251
 20
4349648.439123885
 10
470021.9201291251
 20
4349649.439123885
 10
470022.9201291251
 20
4349649.439123885
 10
470022.9201291251
 20
4349648.439123885
 10
470021.9201291251
 20
4349648.439123885
  0
TEXT
  5
4CB
330
17
100
AcDbEntity
  8
0
 62
5
100
AcDbText
 10
470022.26012912515
 20
4349648.8691238845
 30
0.0
 40
0.1333
  1
1.26
  7
CN_TTF
 11
470022.26012912515
 21
4349648.8691238845
 31
0.0
100
AcDbText
  0
LWPOLYLINE
  5
4CC
330
17
100
AcDbEntity
  8
爆区方格网
 62
5
100
AcDbPolyline
 90
5
 70
1
 10
470021.9201291251
 20
4349649.439123885
 10
470021.9201291251
 20
4349650.439123885
 10
470022.9201291251
 20
4349650.439123885
 10
470022.9201291251
 20
4349649.439123885
 10
470021.9201291251
 20
4349649.439123885
  0
TEXT
  5
4CD
330
17
100
AcDbEntity
  8
0
 62
5
100
AcDbText
 10
470022.26012912515
 20
4349649.8691238845
 30
0.0
 40
0.1333
  1
1.09
  7
CN_TTF
 11
470022.26012912515
 21
4349649.8691238845
 31
0.0
100
AcDbText
  0
LWPOLYLINE
  5
4CE
330
17
100
AcDbEntity
  8
爆区方格网
 62
5
100
AcDbPolyline
 90
5
 70
1
 10
470021.9201291251
 20
4349650.439123885
 10
470021.9201291251
 20
4349651.439123885
 10
470022.9201291251
 20
4349651.439123885
 10
470022.9201291251
 20
4349650.439123885
 10
470021.9201291251
 20
4349650.439123885
  0
TEXT
  5
4CF
330
17
100
AcDbEntity
  8
0
 62
5
100
AcDbText
 10
470022.26012912515
 20
4349650.8691238845
 30
0.0
 40
0.1333
  1
1.09
  7
CN_TTF
 11
470022.26012912515
 21
4349650.8691238845
 31
0.0
100
AcDbText
  0
LWPOLYLINE
  5
4D0
330
17
100
AcDbEntity
  8
爆区方格网
 62
5
100
AcDbPolyline
 90
5
 70
1
 10
470021.9201291251
 20
4349651.439123885
 10
470021.9201291251
 20
4349652.439123885
 10
470022.9201291251
 20
4349652.439123885
 10
470022.9201291251
 20
4349651.439123885
 10
470021.9201291251
 20
4349651.439123885
  0
TEXT
  5
4D1
330
17
100
AcDbEntity
  8
0
 62
5
100
AcDbText
 10
470022.26012912515
 20
4349651.8691238845
 30
0.0
 40
0.1333
  1
1.09
  7
CN_TTF
 11
470022.26012912515
 21
4349651.8691238845
 31
0.0
100
AcDbText
  0
LWPOLYLINE
  5
4D2
330
17
100
AcDbEntity
  8
爆区方格网
 62
5
100
AcDbPolyline
 90
5
 70
1
 10
470021.9201291251
 20
4349652.439123885
 10
470021.9201291251
 20
4349653.439123885
 10
470022.9201291251
 20
4349653.439123885
 10
470022.9201291251
 20
4349652.439123885
 10
470021.9201291251
 20
4349652.439123885
  0
TEXT
  5
4D3
330
17
100
AcDbEntity
  8
0
 62
5
100
AcDbText
 10
470022.26012912515
 20
4349652.8691238845
 30
0.0
 40
0.1333
  1
1.09
  7
CN_TTF
 11
470022.26012912515
 21
4349652.8691238845
 31
0.0
100
AcDbText
  0
LWPOLYLINE
  5
4D4
330
17
100
AcDbEntity
  8
爆区方格网
 62
5
100
AcDbPolyline
 90
5
 70
1
 10
470022.9201291251
 20
4349648.439123885
 10
470022.9201291251
 20
4349649.439123885
 10
470023.9201291251
 20
4349649.439123885
 10
470023.9201291251
 20
4349648.439123885
 10
470022.9201291251
 20
4349648.439123885
  0
TEXT
  5
4D5
330
17
100
AcDbEntity
  8
0
 62
5
100
AcDbText
 10
470023.26012912515
 20
4349648.8691238845
 30
0.0
 40
0.1333
  1
1.09
  7
CN_TTF
 11
470023.26012912515
 21
4349648.8691238845
 31
0.0
100
AcDbText
  0
LWPOLYLINE
  5
4D6
330
17
100
AcDbEntity
  8
爆区方格网
 62
5
100
AcDbPolyline
 90
5
 70
1
 10
470022.9201291251
 20
4349649.439123885
 10
470022.9201291251
 20
4349650.439123885
 10
470023.9201291251
 20
4349650.439123885
 10
470023.9201291251
 20
4349649.439123885
 10
470022.9201291251
 20
4349649.439123885
  0
TEXT
  5
4D7
330
17
100
AcDbEntity
  8
0
 62
5
100
AcDbText
 10
470023.26012912515
 20
4349649.8691238845
 30
0.0
 40
0.1333
  1
1.09
  7
CN_TTF
 11
470023.26012912515
 21
4349649.8691238845
 31
0.0
100
AcDbText
  0
LWPOLYLINE
  5
4D8
330
17
100
AcDbEntity
  8
爆区方格网
 62
5
100
AcDbPolyline
 90
5
 70
1
 10
470022.9201291251
 20
4349650.439123885
 10
470022.9201291251
 20
4349651.439123885
 10
470023.9201291251
 20
4349651.439123885
 10
470023.9201291251
 20
4349650.439123885
 10
470022.9201291251
 20
4349650.439123885
  0
TEXT
  5
4D9
330
17
100
AcDbEntity
  8
0
 62
5
100
AcDbText
 10
470023.26012912515
 20
4349650.8691238845
 30
0.0
 40
0.1333
  1
1.09
  7
CN_TTF
 11
470023.26012912515
 21
4349650.8691238845
 31
0.0
100
AcDbText
  0
LWPOLYLINE
  5
4DA
330
17
100
AcDbEntity
  8
爆区方格网
 62
5
100
AcDbPolyline
 90
5
 70
1
 10
470022.9201291251
 20
4349651.439123885
 10
470022.9201291251
 20
4349652.439123885
 10
470023.9201291251
 20
4349652.439123885
 10
470023.9201291251
 20
4349651.439123885
 10
470022.9201291251
 20
4349651.439123885
  0
TEXT
  5
4DB
330
17
100
AcDbEntity
  8
0
 62
5
100
AcDbText
 10
470023.26012912515
 20
4349651.8691238845
 30
0.0
 40
0.1333
  1
1.09
  7
CN_TTF
 11
470023.26012912515
 21
4349651.8691238845
 31
0.0
100
AcDbText
  0
LWPOLYLINE
  5
4DC
330
17
100
AcDbEntity
  8
爆区方格网
 62
5
100
AcDbPolyline
 90
5
 70
1
 10
470022.9201291251
 20
4349652.439123885
 10
470022.9201291251
 20
4349653.439123885
 10
470023.9201291251
 20
4349653.439123885
 10
470023.9201291251
 20
4349652.439123885
 10
470022.9201291251
 20
4349652.439123885
  0
TEXT
  5
4DD
330
17
100
AcDbEntity
  8
0
 62
5
100
AcDbText
 10
470023.26012912515
 20
4349652.8691238845
 30
0.0
 40
0.1333
  1
1.09
  7
CN_TTF
 11
470023.26012912515
 21
4349652.8691238845
 31
0.0
100
AcDbText
  0
LWPOLYLINE
  5
4DE
330
17
100
AcDbEntity
  8
爆区方格网
 62
5
100
AcDbPolyline
 90
5
 70
1
 10
470023.9201291251
 20
4349648.439123885
 10
470023.9201291251
 20
4349649.439123885
 10
470024.9201291251
 20
4349649.439123885
 10
470024.9201291251
 20
4349648.439123885
 10
470023.9201291251
 20
4349648.439123885
  0
TEXT
  5
4DF
330
17
100
AcDbEntity
  8
0
 62
5
100
AcDbText
 10
470024.26012912515
 20
4349648.8691238845
 30
0.0
 40
0.1333
  1
1.09
  7
CN_TTF
 11
470024.26012912515
 21
4349648.8691238845
 31
0.0
100
AcDbText
  0
LWPOLYLINE
  5
4E0
330
17
100
AcDbEntity
  8
爆区方格网
 62
5
100
AcDbPolyline
 90
5
 70
1
 10
470023.9201291251
 20
4349649.439123885
 10
470023.9201291251
 20
4349650.439123885
 10
470024.9201291251
 20
4349650.439123885
 10
470024.9201291251
 20
4349649.439123885
 10
470023.9201291251
 20
4349649.439123885
  0
TEXT
  5
4E1
330
17
100
AcDbEntity
  8
0
 62
5
100
AcDbText
 10
470024.26012912515
 20
4349649.8691238845
 30
0.0
 40
0.1333
  1
1.09
  7
CN_TTF
 11
470024.26012912515
 21
4349649.8691238845
 31
0.0
100
AcDbText
  0
LWPOLYLINE
  5
4E2
330
17
100
AcDbEntity
  8
爆区方格网
 62
5
100
AcDbPolyline
 90
5
 70
1
 10
470023.9201291251
 20
4349650.439123885
 10
470023.9201291251
 20
4349651.439123885
 10
470024.9201291251
 20
4349651.439123885
 10
470024.9201291251
 20
4349650.439123885
 10
470023.9201291251
 20
4349650.439123885
  0
TEXT
  5
4E3
330
17
100
AcDbEntity
  8
0
 62
5
100
AcDbText
 10
470024.26012912515
 20
4349650.8691238845
 30
0.0
 40
0.1333
  1
1.09
  7
CN_TTF
 11
470024.26012912515
 21
4349650.8691238845
 31
0.0
100
AcDbText
  0
LWPOLYLINE
  5
4E4
330
17
100
AcDbEntity
  8
爆区方格网
 62
5
100
AcDbPolyline
 90
5
 70
1
 10
470023.9201291251
 20
4349651.439123885
 10
470023.9201291251
 20
4349652.439123885
 10
470024.9201291251
 20
4349652.439123885
 10
470024.9201291251
 20
4349651.439123885
 10
470023.9201291251
 20
4349651.439123885
  0
TEXT
  5
4E5
330
17
100
AcDbEntity
  8
0
 62
5
100
AcDbText
 10
470024.26012912515
 20
4349651.8691238845
 30
0.0
 40
0.1333
  1
1.09
  7
CN_TTF
 11
470024.26012912515
 21
4349651.8691238845
 31
0.0
100
AcDbText
  0
LWPOLYLINE
  5
4E6
330
17
100
AcDbEntity
  8
爆区方格网
 62
5
100
AcDbPolyline
 90
5
 70
1
 10
470023.9201291251
 20
4349652.439123885
 10
470023.9201291251
 20
4349653.439123885
 10
470024.9201291251
 20
4349653.439123885
 10
470024.9201291251
 20
4349652.439123885
 10
470023.9201291251
 20
4349652.439123885
  0
TEXT
  5
4E7
330
17
100
AcDbEntity
  8
0
 62
5
100
AcDbText
 10
470024.26012912515
 20
4349652.8691238845
 30
0.0
 40
0.1333
  1
1.09
  7
CN_TTF
 11
470024.26012912515
 21
4349652.8691238845
 31
0.0
100
AcDbText
  0
LWPOLYLINE
  5
4E8
330
17
100
AcDbEntity
  8
爆区方格网
 62
5
100
AcDbPolyline
 90
5
 70
1
 10
470024.9201291251
 20
4349653.439123885
 10
470023.9201291251
 20
4349653.439123885
 10
470023.9201291251
 20
4349653.938669783
 10
470024.9201291251
 20
4349654.161215651
 10
470024.9201291251
 20
4349653.439123885
  0
TEXT
  5
4E9
330
17
100
AcDbEntity
  8
0
 62
5
100
AcDbText
 10
470024.26012912515
 20
4349653.618896834
 30
0.0
 40
0.1333
  1
1.09
  7
CN_TTF
 11
470024.26012912515
 21
4349653.618896834
 31
0.0
100
AcDbText
  0
LWPOLYLINE
  5
4EA
330
17
100
AcDbEntity
  8
爆区方格网
 62
5
100
AcDbPolyline
 90
5
 70
1
 10
470024.9201291251
 20
4349648.439123885
 10
470024.9201291251
 20
4349649.439123885
 10
470025.9201291251
 20
4349649.439123885
 10
470025.9201291251
 20
4349648.439123885
 10
470024.9201291251
 20
4349648.439123885
  0
TEXT
  5
4EB
330
17
100
AcDbEntity
  8
0
 62
5
100
AcDbText
 10
470025.26012912515
 20
4349648.8691238845
 30
0.0
 40
0.1333
  1
1.09
  7
CN_TTF
 11
470025.26012912515
 21
4349648.8691238845
 31
0.0
100
AcDbText
  0
LWPOLYLINE
  5
4EC
330
17
100
AcDbEntity
  8
爆区方格网
 62
5
100
AcDbPolyline
 90
5
 70
1
 10
470024.9201291251
 20
4349649.439123885
 10
470024.9201291251
 20
4349650.439123885
 10
470025.9201291251
 20
4349650.439123885
 10
470025.9201291251
 20
4349649.439123885
 10
470024.9201291251
 20
4349649.439123885
  0
TEXT
  5
4ED
330
17
100
AcDbEntity
  8
0
 62
5
100
AcDbText
 10
470025.26012912515
 20
4349649.8691238845
 30
0.0
 40
0.1333
  1
1.09
  7
CN_TTF
 11
470025.26012912515
 21
4349649.8691238845
 31
0.0
100
AcDbText
  0
LWPOLYLINE
  5
4EE
330
17
100
AcDbEntity
  8
爆区方格网
 62
5
100
AcDbPolyline
 90
5
 70
1
 10
470024.9201291251
 20
4349650.439123885
 10
470024.9201291251
 20
4349651.439123885
 10
470025.9201291251
 20
4349651.439123885
 10
470025.9201291251
 20
4349650.439123885
 10
470024.9201291251
 20
4349650.439123885
  0
TEXT
  5
4EF
330
17
100
AcDbEntity
  8
0
 62
5
100
AcDbText
 10
470025.26012912515
 20
4349650.8691238845
 30
0.0
 40
0.1333
  1
1.09
  7
CN_TTF
 11
470025.26012912515
 21
4349650.8691238845
 31
0.0
100
AcDbText
  0
LWPOLYLINE
  5
4F0
330
17
100
AcDbEntity
  8
爆区方格网
 62
5
100
AcDbPolyline
 90
5
 70
1
 10
470024.9201291251
 20
4349651.439123885
 10
470024.9201291251
 20
4349652.439123885
 10
470025.9201291251
 20
4349652.439123885
 10
470025.9201291251
 20
4349651.439123885
 10
470024.9201291251
 20
4349651.439123885
  0
TEXT
  5
4F1
330
17
100
AcDbEntity
  8
0
 62
5
100
AcDbText
 10
470025.26012912515
 20
4349651.8691238845
 30
0.0
 40
0.1333
  1
1.09
  7
CN_TTF
 11
470025.26012912515
 21
4349651.8691238845
 31
0.0
100
AcDbText
  0
LWPOLYLINE
  5
4F2
330
17
100
AcDbEntity
  8
爆区方格网
 62
5
100
AcDbPolyline
 90
5
 70
1
 10
470024.9201291251
 20
4349652.439123885
 10
470024.9201291251
 20
4349653.439123885
 10
470025.9201291251
 20
4349653.439123885
 10
470025.9201291251
 20
4349652.439123885
 10
470024.9201291251
 20
4349652.439123885
  0
TEXT
  5
4F3
330
17
100
AcDbEntity
  8
0
 62
5
100
AcDbText
 10
470025.26012912515
 20
4349652.8691238845
 30
0.0
 40
0.1333
  1
1.09
  7
CN_TTF
 11
470025.26012912515
 21
4349652.8691238845
 31
0.0
100
AcDbText
  0
LWPOLYLINE
  5
4F4
330
17
100
AcDbEntity
  8
爆区方格网
 62
5
100
AcDbPolyline
 90
5
 70
1
 10
470025.9201291251
 20
4349653.439123885
 10
470024.9201291251
 20
4349653.439123885
 10
470024.9201291251
 20
4349654.161215651
 10
470025.9201291251
 20
4349654.38376152
 10
470025.9201291251
 20
4349653.439123885
  0
TEXT
  5
4F5
330
17
100
AcDbEntity
  8
0
 62
5
100
AcDbText
 10
470025.26012912515
 20
4349653.7301697675
 30
0.0
 40
0.1333
  1
1.09
  7
CN_TTF
 11
470025.26012912515
 21
4349653.7301697675
 31
0.0
100
AcDbText
  0
LWPOLYLINE
  5
4F6
330
17
100
AcDbEntity
  8
爆区方格网
 62
5
100
AcDbPolyline
 90
5
 70
1
 10
470025.9201291251
 20
4349648.439123885
 10
470025.9201291251
 20
4349649.439123885
 10
470026.9201291251
 20
4349649.439123885
 10
470026.9201291251
 20
4349648.439123885
 10
470025.9201291251
 20
4349648.439123885
  0
TEXT
  5
4F7
330
17
100
AcDbEntity
  8
0
 62
5
100
AcDbText
 10
470026.26012912515
 20
4349648.8691238845
 30
0.0
 40
0.1333
  1
1.09
  7
CN_TTF
 11
470026.26012912515
 21
4349648.8691238845
 31
0.0
100
AcDbText
  0
LWPOLYLINE
  5
4F8
330
17
100
AcDbEntity
  8
爆区方格网
 62
5
100
AcDbPolyline
 90
5
 70
1
 10
470025.9201291251
 20
4349649.439123885
 10
470025.9201291251
 20
4349650.439123885
 10
470026.9201291251
 20
4349650.439123885
 10
470026.9201291251
 20
4349649.439123885
 10
470025.9201291251
 20
4349649.439123885
  0
TEXT
  5
4F9
330
17
100
AcDbEntity
  8
0
 62
5
100
AcDbText
 10
470026.26012912515
 20
4349649.8691238845
 30
0.0
 40
0.1333
  1
1.09
  7
CN_TTF
 11
470026.26012912515
 21
4349649.8691238845
 31
0.0
100
AcDbText
  0
LWPOLYLINE
  5
4FA
330
17
100
AcDbEntity
  8
爆区方格网
 62
5
100
AcDbPolyline
 90
5
 70
1
 10
470025.9201291251
 20
4349650.439123885
 10
470025.9201291251
 20
4349651.439123885
 10
470026.9201291251
 20
4349651.439123885
 10
470026.9201291251
 20
4349650.439123885
 10
470025.9201291251
 20
4349650.439123885
  0
TEXT
  5
4FB
330
17
100
AcDbEntity
  8
0
 62
5
100
AcDbText
 10
470026.26012912515
 20
4349650.8691238845
 30
0.0
 40
0.1333
  1
1.09
  7
CN_TTF
 11
470026.26012912515
 21
4349650.8691238845
 31
0.0
100
AcDbText
  0
LWPOLYLINE
  5
4FC
330
17
100
AcDbEntity
  8
爆区方格网
 62
5
100
AcDbPolyline
 90
5
 70
1
 10
470025.9201291251
 20
4349651.439123885
 10
470025.9201291251
 20
4349652.439123885
 10
470026.9201291251
 20
4349652.439123885
 10
470026.9201291251
 20
4349651.439123885
 10
470025.9201291251
 20
4349651.439123885
  0
TEXT
  5
4FD
330
17
100
AcDbEntity
  8
0
 62
5
100
AcDbText
 10
470026.26012912515
 20
4349651.8691238845
 30
0.0
 40
0.1333
  1
1.09
  7
CN_TTF
 11
470026.26012912515
 21
4349651.8691238845
 31
0.0
100
AcDbText
  0
LWPOLYLINE
  5
4FE
330
17
100
AcDbEntity
  8
爆区方格网
 62
5
100
AcDbPolyline
 90
5
 70
1
 10
470025.9201291251
 20
4349652.439123885
 10
470025.9201291251
 20
4349653.439123885
 10
470026.9201291251
 20
4349653.439123885
 10
470026.9201291251
 20
4349652.439123885
 10
470025.9201291251
 20
4349652.439123885
  0
TEXT
  5
4FF
330
17
100
AcDbEntity
  8
0
 62
5
100
AcDbText
 10
470026.26012912515
 20
4349652.8691238845
 30
0.0
 40
0.1333
  1
1.09
  7
CN_TTF
 11
470026.26012912515
 21
4349652.8691238845
 31
0.0
100
AcDbText
  0
LWPOLYLINE
  5
500
330
17
100
AcDbEntity
  8
爆区方格网
 62
5
100
AcDbPolyline
 90
6
 70
1
 10
470026.9201291251
 20
4349654.439123885
 10
470026.9201291251
 20
4349653.439123885
 10
470025.9201291251
 20
4349653.439123885
 10
470025.9201291251
 20
4349654.38376152
 10
470026.16889746045
 20
4349654.439123885
 10
470026.9201291251
 20
4349654.439123885
  0
TEXT
  5
501
330
17
100
AcDbEntity
  8
0
 62
5
100
AcDbText
 10
470026.26012912515
 20
4349653.841442702
 30
0.0
 40
0.1333
  1
1.09
  7
CN_TTF
 11
470026.26012912515
 21
4349653.841442702
 31
0.0
100
AcDbText
  0
LWPOLYLINE
  5
502
330
17
100
AcDbEntity
  8
爆区方格网
 62
5
100
AcDbPolyline
 90
5
 70
1
 10
470026.9201291251
 20
4349648.439123885
 10
470026.9201291251
 20
4349649.439123885
 10
470027.9201291251
 20
4349649.439123885
 10
470027.9201291251
 20
4349648.439123885
 10
470026.9201291251
 20
4349648.439123885
  0
TEXT
  5
503
330
17
100
AcDbEntity
  8
0
 62
5
100
AcDbText
 10
470027.26012912515
 20
4349648.8691238845
 30
0.0
 40
0.1333
  1
1.09
  7
CN_TTF
 11
470027.26012912515
 21
4349648.8691238845
 31
0.0
100
AcDbText
  0
LWPOLYLINE
  5
504
330
17
100
AcDbEntity
  8
爆区方格网
 62
5
100
AcDbPolyline
 90
5
 70
1
 10
470026.9201291251
 20
4349649.439123885
 10
470026.9201291251
 20
4349650.439123885
 10
470027.9201291251
 20
4349650.439123885
 10
470027.9201291251
 20
4349649.439123885
 10
470026.9201291251
 20
4349649.439123885
  0
TEXT
  5
505
330
17
100
AcDbEntity
  8
0
 62
5
100
AcDbText
 10
470027.26012912515
 20
4349649.8691238845
 30
0.0
 40
0.1333
  1
1.09
  7
CN_TTF
 11
470027.26012912515
 21
4349649.8691238845
 31
0.0
100
AcDbText
  0
LWPOLYLINE
  5
506
330
17
100
AcDbEntity
  8
爆区方格网
 62
5
100
AcDbPolyline
 90
5
 70
1
 10
470026.9201291251
 20
4349650.439123885
 10
470026.9201291251
 20
4349651.439123885
 10
470027.9201291251
 20
4349651.439123885
 10
470027.9201291251
 20
4349650.439123885
 10
470026.9201291251
 20
4349650.439123885
  0
TEXT
  5
507
330
17
100
AcDbEntity
  8
0
 62
5
100
AcDbText
 10
470027.26012912515
 20
4349650.8691238845
 30
0.0
 40
0.1333
  1
1.09
  7
CN_TTF
 11
470027.26012912515
 21
4349650.8691238845
 31
0.0
100
AcDbText
  0
LWPOLYLINE
  5
508
330
17
100
AcDbEntity
  8
爆区方格网
 62
5
100
AcDbPolyline
 90
5
 70
1
 10
470026.9201291251
 20
4349651.439123885
 10
470026.9201291251
 20
4349652.439123885
 10
470027.9201291251
 20
4349652.439123885
 10
470027.9201291251
 20
4349651.439123885
 10
470026.9201291251
 20
4349651.439123885
  0
TEXT
  5
509
330
17
100
AcDbEntity
  8
0
 62
5
100
AcDbText
 10
470027.26012912515
 20
4349651.8691238845
 30
0.0
 40
0.1333
  1
1.09
  7
CN_TTF
 11
470027.26012912515
 21
4349651.8691238845
 31
0.0
100
AcDbText
  0
LWPOLYLINE
  5
50A
330
17
100
AcDbEntity
  8
爆区方格网
 62
5
100
AcDbPolyline
 90
5
 70
1
 10
470026.9201291251
 20
4349652.439123885
 10
470026.9201291251
 20
4349653.439123885
 10
470027.9201291251
 20
4349653.439123885
 10
470027.9201291251
 20
4349652.439123885
 10
470026.9201291251
 20
4349652.439123885
  0
TEXT
  5
50B
330
17
100
AcDbEntity
  8
0
 62
5
100
AcDbText
 10
470027.26012912515
 20
4349652.8691238845
 30
0.0
 40
0.1333
  1
1.09
  7
CN_TTF
 11
470027.26012912515
 21
4349652.8691238845
 31
0.0
100
AcDbText
  0
LWPOLYLINE
  5
50C
330
17
100
AcDbEntity
  8
爆区方格网
 62
5
100
AcDbPolyline
 90
5
 70
1
 10
470026.9201291251
 20
4349653.439123885
 10
470026.9201291251
 20
4349654.439123885
 10
470027.9201291251
 20
4349654.439123885
 10
470027.9201291251
 20
4349653.439123885
 10
470026.9201291251
 20
4349653.439123885
  0
TEXT
  5
50D
330
17
100
AcDbEntity
  8
0
 62
5
100
AcDbText
 10
470027.26012912515
 20
4349653.8691238845
 30
0.0
 40
0.1333
  1
1.09
  7
CN_TTF
 11
470027.26012912515
 21
4349653.8691238845
 31
0.0
100
AcDbText
  0
LWPOLYLINE
  5
50E
330
17
100
AcDbEntity
  8
爆区方格网
 62
5
100
AcDbPolyline
 90
5
 70
1
 10
470027.9201291251
 20
4349648.439123885
 10
470027.9201291251
 20
4349649.439123885
 10
470028.9201291251
 20
4349649.439123885
 10
470028.9201291251
 20
4349648.439123885
 10
470027.9201291251
 20
4349648.439123885
  0
TEXT
  5
50F
330
17
100
AcDbEntity
  8
0
 62
5
100
AcDbText
 10
470028.26012912515
 20
4349648.8691238845
 30
0.0
 40
0.1333
  1
1.09
  7
CN_TTF
 11
470028.26012912515
 21
4349648.8691238845
 31
0.0
100
AcDbText
  0
LWPOLYLINE
  5
510
330
17
100
AcDbEntity
  8
爆区方格网
 62
5
100
AcDbPolyline
 90
5
 70
1
 10
470027.9201291251
 20
4349649.439123885
 10
470027.9201291251
 20
4349650.439123885
 10
470028.9201291251
 20
4349650.439123885
 10
470028.9201291251
 20
4349649.439123885
 10
470027.9201291251
 20
4349649.439123885
  0
TEXT
  5
511
330
17
100
AcDbEntity
  8
0
 62
5
100
AcDbText
 10
470028.26012912515
 20
4349649.8691238845
 30
0.0
 40
0.1333
  1
1.09
  7
CN_TTF
 11
470028.26012912515
 21
4349649.8691238845
 31
0.0
100
AcDbText
  0
LWPOLYLINE
  5
512
330
17
100
AcDbEntity
  8
爆区方格网
 62
5
100
AcDbPolyline
 90
5
 70
1
 10
470027.9201291251
 20
4349650.439123885
 10
470027.9201291251
 20
4349651.439123885
 10
470028.9201291251
 20
4349651.439123885
 10
470028.9201291251
 20
4349650.439123885
 10
470027.9201291251
 20
4349650.439123885
  0
TEXT
  5
513
330
17
100
AcDbEntity
  8
0
 62
5
100
AcDbText
 10
470028.26012912515
 20
4349650.8691238845
 30
0.0
 40
0.1333
  1
1.09
  7
CN_TTF
 11
470028.26012912515
 21
4349650.8691238845
 31
0.0
100
AcDbText
  0
LWPOLYLINE
  5
514
330
17
100
AcDbEntity
  8
爆区方格网
 62
5
100
AcDbPolyline
 90
5
 70
1
 10
470027.9201291251
 20
4349651.439123885
 10
470027.9201291251
 20
4349652.439123885
 10
470028.9201291251
 20
4349652.439123885
 10
470028.9201291251
 20
4349651.439123885
 10
470027.9201291251
 20
4349651.439123885
  0
TEXT
  5
515
330
17
100
AcDbEntity
  8
0
 62
5
100
AcDbText
 10
470028.26012912515
 20
4349651.8691238845
 30
0.0
 40
0.1333
  1
1.09
  7
CN_TTF
 11
470028.26012912515
 21
4349651.8691238845
 31
0.0
100
AcDbText
  0
LWPOLYLINE
  5
516
330
17
100
AcDbEntity
  8
爆区方格网
 62
5
100
AcDbPolyline
 90
5
 70
1
 10
470027.9201291251
 20
4349652.439123885
 10
470027.9201291251
 20
4349653.439123885
 10
470028.9201291251
 20
4349653.439123885
 10
470028.9201291251
 20
4349652.439123885
 10
470027.9201291251
 20
4349652.439123885
  0
TEXT
  5
517
330
17
100
AcDbEntity
  8
0
 62
5
100
AcDbText
 10
470028.26012912515
 20
4349652.8691238845
 30
0.0
 40
0.1333
  1
1.09
  7
CN_TTF
 11
470028.26012912515
 21
4349652.8691238845
 31
0.0
100
AcDbText
  0
LWPOLYLINE
  5
518
330
17
100
AcDbEntity
  8
爆区方格网
 62
5
100
AcDbPolyline
 90
5
 70
1
 10
470027.9201291251
 20
4349653.439123885
 10
470027.9201291251
 20
4349654.439123885
 10
470028.9201291251
 20
4349654.439123885
 10
470028.9201291251
 20
4349653.439123885
 10
470027.9201291251
 20
4349653.439123885
  0
TEXT
  5
519
330
17
100
AcDbEntity
  8
0
 62
5
100
AcDbText
 10
470028.26012912515
 20
4349653.8691238845
 30
0.0
 40
0.1333
  1
1.03
  7
CN_TTF
 11
470028.26012912515
 21
4349653.8691238845
 31
0.0
100
AcDbText
  0
LWPOLYLINE
  5
51A
330
17
100
AcDbEntity
  8
爆区方格网
 62
5
100
AcDbPolyline
 90
6
 70
1
 10
470028.9201291251
 20
4349654.439123885
 10
470027.9201291251
 20
4349654.439123885
 10
470027.9201291251
 20
4349654.828853256
 10
470028.1246733122
 20
4349654.87437372
 10
470028.9201291251
 20
4349655.051399125
 10
470028.9201291251
 20
4349654.439123885
  0
TEXT
  5
51B
330
17
100
AcDbEntity
  8
0
 62
5
100
AcDbText
 10
470028.26012912515
 20
4349654.56398857
 30
0.0
 40
0.1333
  1
1.03
  7
CN_TTF
 11
470028.26012912515
 21
4349654.56398857
 31
0.0
100
AcDbText
  0
LWPOLYLINE
  5
51C
330
17
100
AcDbEntity
  8
爆区方格网
 62
5
100
AcDbPolyline
 90
7
 70
1
 10
470028.9201291251
 20
4349648.439123885
 10
470028.9201291251
 20
4349649.439123885
 10
470029.9201291251
 20
4349649.439123885
 10
470029.9201291251
 20
4349648.464218104
 10
470029.6293031259
 20
4349648.448440374
 10
470029.4575751736
 20
4349648.439123885
 10
470028.9201291251
 20
4349648.439123885
  0
TEXT
  5
51D
330
17
100
AcDbEntity
  8
0
 62
5
100
AcDbText
 10
470029.26012912515
 20
4349648.881670995
 30
0.0
 40
0.1333
  1
1.09
  7
CN_TTF
 11
470029.26012912515
 21
4349648.881670995
 31
0.0
100
AcDbText
  0
LWPOLYLINE
  5
51E
330
17
100
AcDbEntity
  8
爆区方格网
 62
5
100
AcDbPolyline
 90
5
 70
1
 10
470028.9201291251
 20
4349649.439123885
 10
470028.9201291251
 20
4349650.439123885
 10
470029.9201291251
 20
4349650.439123885
 10
470029.9201291251
 20
4349649.439123885
 10
470028.9201291251
 20
4349649.439123885
  0
TEXT
  5
51F
330
17
100
AcDbEntity
  8
0
 62
5
100
AcDbText
 10
470029.26012912515
 20
4349649.8691238845
 30
0.0
 40
0.1333
  1
1.03
  7
CN_TTF
 11
470029.26012912515
 21
4349649.8691238845
 31
0.0
100
AcDbText
  0
LWPOLYLINE
  5
520
330
17
100
AcDbEntity
  8
爆区方格网
 62
5
100
AcDbPolyline
 90
5
 70
1
 10
470028.9201291251
 20
4349650.439123885
 10
470028.9201291251
 20
4349651.439123885
 10
470029.9201291251
 20
4349651.439123885
 10
470029.9201291251
 20
4349650.439123885
 10
470028.9201291251
 20
4349650.439123885
  0
TEXT
  5
521
330
17
100
AcDbEntity
  8
0
 62
5
100
AcDbText
 10
470029.26012912515
 20
4349650.8691238845
 30
0.0
 40
0.1333
  1
1.03
  7
CN_TTF
 11
470029.26012912515
 21
4349650.8691238845
 31
0.0
100
AcDbText
  0
LWPOLYLINE
  5
522
330
17
100
AcDbEntity
  8
爆区方格网
 62
5
100
AcDbPolyline
 90
5
 70
1
 10
470028.9201291251
 20
4349651.439123885
 10
470028.9201291251
 20
4349652.439123885
 10
470029.9201291251
 20
4349652.439123885
 10
470029.9201291251
 20
4349651.439123885
 10
470028.9201291251
 20
4349651.439123885
  0
TEXT
  5
523
330
17
100
AcDbEntity
  8
0
 62
5
100
AcDbText
 10
470029.26012912515
 20
4349651.8691238845
 30
0.0
 40
0.1333
  1
1.03
  7
CN_TTF
 11
470029.26012912515
 21
4349651.8691238845
 31
0.0
100
AcDbText
  0
LWPOLYLINE
  5
524
330
17
100
AcDbEntity
  8
爆区方格网
 62
5
100
AcDbPolyline
 90
5
 70
1
 10
470028.9201291251
 20
4349652.439123885
 10
470028.9201291251
 20
4349653.439123885
 10
470029.9201291251
 20
4349653.439123885
 10
470029.9201291251
 20
4349652.439123885
 10
470028.9201291251
 20
4349652.439123885
  0
TEXT
  5
525
330
17
100
AcDbEntity
  8
0
 62
5
100
AcDbText
 10
470029.26012912515
 20
4349652.8691238845
 30
0.0
 40
0.1333
  1
1.03
  7
CN_TTF
 11
470029.26012912515
 21
4349652.8691238845
 31
0.0
100
AcDbText
  0
LWPOLYLINE
  5
526
330
17
100
AcDbEntity
  8
爆区方格网
 62
5
100
AcDbPolyline
 90
5
 70
1
 10
470028.9201291251
 20
4349653.439123885
 10
470028.9201291251
 20
4349654.439123885
 10
470029.9201291251
 20
4349654.439123885
 10
470029.9201291251
 20
4349653.439123885
 10
470028.9201291251
 20
4349653.439123885
  0
TEXT
  5
527
330
17
100
AcDbEntity
  8
0
 62
5
100
AcDbText
 10
470029.26012912515
 20
4349653.8691238845
 30
0.0
 40
0.1333
  1
1.03
  7
CN_TTF
 11
470029.26012912515
 21
4349653.8691238845
 31
0.0
100
AcDbText
  0
LWPOLYLINE
  5
528
330
17
100
AcDbEntity
  8
爆区方格网
 62
5
100
AcDbPolyline
 90
5
 70
1
 10
470029.9201291251
 20
4349654.439123885
 10
470028.9201291251
 20
4349654.439123885
 10
470028.9201291251
 20
4349655.051399125
 10
470029.9201291251
 20
4349655.273944993
 10
470029.9201291251
 20
4349654.439123885
  0
TEXT
  5
529
330
17
100
AcDbEntity
  8
0
 62
5
100
AcDbText
 10
470029.26012912515
 20
4349654.675261505
 30
0.0
 40
0.1333
  1
1.03
  7
CN_TTF
 11
470029.26012912515
 21
4349654.675261505
 31
0.0
100
AcDbText
  0
LWPOLYLINE
  5
52A
330
17
100
AcDbEntity
  8
爆区方格网
 62
5
100
AcDbPolyline
 90
5
 70
1
 10
470029.9201291251
 20
4349638.439123885
 10
470030.9201291251
 20
4349638.439123885
 10
470030.9201291251
 20
4349637.738390948
 10
470029.9201291251
 20
4349637.772448363
 10
470029.9201291251
 20
4349638.439123885
  0
TEXT
  5
52B
330
17
100
AcDbEntity
  8
0
 62
5
100
AcDbText
 10
470030.26012912515
 20
4349638.035786124
 30
0.0
 40
0.1333
  1
1.21
  7
CN_TTF
 11
470030.26012912515
 21
4349638.035786124
 31
0.0
100
AcDbText
  0
LWPOLYLINE
  5
52C
330
17
100
AcDbEntity
  8
爆区方格网
 62
5
100
AcDbPolyline
 90
5
 70
1
 10
470029.9201291251
 20
4349638.439123885
 10
470029.9201291251
 20
4349639.439123885
 10
470030.9201291251
 20
4349639.439123885
 10
470030.9201291251
 20
4349638.439123885
 10
470029.9201291251
 20
4349638.439123885
  0
TEXT
  5
52D
330
17
100
AcDbEntity
  8
0
 62
5
100
AcDbText
 10
470030.26012912515
 20
4349638.8691238845
 30
0.0
 40
0.1333
  1
1.21
  7
CN_TTF
 11
470030.26012912515
 21
4349638.8691238845
 31
0.0
100
AcDbText
  0
LWPOLYLINE
  5
52E
330
17
100
AcDbEntity
  8
爆区方格网
 62
5
100
AcDbPolyline
 90
5
 70
1
 10
470029.9201291251
 20
4349639.439123885
 10
470029.9201291251
 20
4349640.439123885
 10
470030.9201291251
 20
4349640.439123885
 10
470030.9201291251
 20
4349639.439123885
 10
470029.9201291251
 20
4349639.439123885
  0
TEXT
  5
52F
330
17
100
AcDbEntity
  8
0
 62
5
100
AcDbText
 10
470030.26012912515
 20
4349639.8691238845
 30
0.0
 40
0.1333
  1
1.21
  7
CN_TTF
 11
470030.26012912515
 21
4349639.8691238845
 31
0.0
100
AcDbText
  0
LWPOLYLINE
  5
530
330
17
100
AcDbEntity
  8
爆区方格网
 62
5
100
AcDbPolyline
 90
5
 70
1
 10
470030.9201291251
 20
4349640.439123885
 10
470029.9201291251
 20
4349640.439123885
 10
470029.9201291251
 20
4349640.82284042
 10
470030.9201291251
 20
4349641.127137204
 10
470030.9201291251
 20
4349640.439123885
  0
TEXT
  5
531
330
17
100
AcDbEntity
  8
0
 62
5
100
AcDbText
 10
470030.26012912515
 20
4349640.560982152
 30
0.0
 40
0.1333
  1
1.21
  7
CN_TTF
 11
470030.26012912515
 21
4349640.560982152
 31
0.0
100
AcDbText
  0
LWPOLYLINE
  5
532
330
17
100
AcDbEntity
  8
爆区方格网
 62
5
100
AcDbPolyline
 90
6
 70
1
 10
470030.9201291251
 20
4349644.439123885
 10
470030.9201291251
 20
4349643.439123885
 10
470029.9201291251
 20
4349643.439123885
 10
470029.9201291251
 20
4349643.804094935
 10
470030.8980606326
 20
4349644.439123885
 10
470030.9201291251
 20
4349644.439123885
  0
TEXT
  5
533
330
17
100
AcDbEntity
  8
0
 62
5
100
AcDbText
 10
470030.50461200235
 20
4349644.05160941
 30
0.0
 40
0.1333
  1
1.40
  7
CN_TTF
 11
470030.50461200235
 21
4349644.05160941
 31
0.0
100
AcDbText
  0
LWPOLYLINE
  5
534
330
17
100
AcDbEntity
  8
爆区方格网
 62
5
100
AcDbPolyline
 90
5
 70
1
 10
470029.9201291251
 20
4349649.439123885
 10
470030.9201291251
 20
4349649.439123885
 10
470030.9201291251
 20
4349648.518469547
 10
470029.9201291251
 20
4349648.464218104
 10
470029.9201291251
 20
4349649.439123885
  0
TEXT
  5
535
330
17
100
AcDbEntity
  8
0
 62
5
100
AcDbText
 10
470030.26012912515
 20
4349648.908796716
 30
0.0
 40
0.1333
  1
1.03
  7
CN_TTF
 11
470030.26012912515
 21
4349648.908796716
 31
0.0
100
AcDbText
  0
LWPOLYLINE
  5
536
330
17
100
AcDbEntity
  8
爆区方格网
 62
5
100
AcDbPolyline
 90
5
 70
1
 10
470029.9201291251
 20
4349649.439123885
 10
470029.9201291251
 20
4349650.439123885
 10
470030.9201291251
 20
4349650.439123885
 10
470030.9201291251
 20
4349649.439123885
 10
470029.9201291251
 20
4349649.439123885
  0
TEXT
  5
537
330
17
100
AcDbEntity
  8
0
 62
5
100
AcDbText
 10
470030.26012912515
 20
4349649.8691238845
 30
0.0
 40
0.1333
  1
1.03
  7
CN_TTF
 11
470030.26012912515
 21
4349649.8691238845
 31
0.0
100
AcDbText
  0
LWPOLYLINE
  5
538
330
17
100
AcDbEntity
  8
爆区方格网
 62
5
100
AcDbPolyline
 90
5
 70
1
 10
470029.9201291251
 20
4349650.439123885
 10
470029.9201291251
 20
4349651.439123885
 10
470030.9201291251
 20
4349651.439123885
 10
470030.9201291251
 20
4349650.439123885
 10
470029.9201291251
 20
4349650.439123885
  0
TEXT
  5
539
330
17
100
AcDbEntity
  8
0
 62
5
100
AcDbText
 10
470030.26012912515
 20
4349650.8691238845
 30
0.0
 40
0.1333
  1
1.03
  7
CN_TTF
 11
470030.26012912515
 21
4349650.8691238845
 31
0.0
100
AcDbText
  0
LWPOLYLINE
  5
53A
330
17
100
AcDbEntity
  8
爆区方格网
 62
5
100
AcDbPolyline
 90
5
 70
1
 10
470029.9201291251
 20
4349651.439123885
 10
470029.9201291251
 20
4349652.439123885
 10
470030.9201291251
 20
4349652.439123885
 10
470030.9201291251
 20
4349651.439123885
 10
470029.9201291251
 20
4349651.439123885
  0
TEXT
  5
53B
330
17
100
AcDbEntity
  8
0
 62
5
100
AcDbText
 10
470030.26012912515
 20
4349651.8691238845
 30
0.0
 40
0.1333
  1
1.03
  7
CN_TTF
 11
470030.26012912515
 21
4349651.8691238845
 31
0.0
100
AcDbText
  0
LWPOLYLINE
  5
53C
330
17
100
AcDbEntity
  8
爆区方格网
 62
5
100
AcDbPolyline
 90
5
 70
1
 10
470029.9201291251
 20
4349652.439123885
 10
470029.9201291251
 20
4349653.439123885
 10
470030.9201291251
 20
4349653.439123885
 10
470030.9201291251
 20
4349652.439123885
 10
470029.9201291251
 20
4349652.439123885
  0
TEXT
  5
53D
330
17
100
AcDbEntity
  8
0
 62
5
100
AcDbText
 10
470030.26012912515
 20
4349652.8691238845
 30
0.0
 40
0.1333
  1
1.03
  7
CN_TTF
 11
470030.26012912515
 21
4349652.8691238845
 31
0.0
100
AcDbText
  0
LWPOLYLINE
  5
53E
330
17
100
AcDbEntity
  8
爆区方格网
 62
5
100
AcDbPolyline
 90
5
 70
1
 10
470029.9201291251
 20
4349653.439123885
 10
470029.9201291251
 20
4349654.439123885
 10
470030.9201291251
 20
4349654.439123885
 10
470030.9201291251
 20
4349653.439123885
 10
470029.9201291251
 20
4349653.439123885
  0
TEXT
  5
53F
330
17
100
AcDbEntity
  8
0
 62
5
100
AcDbText
 10
470030.26012912515
 20
4349653.8691238845
 30
0.0
 40
0.1333
  1
1.03
  7
CN_TTF
 11
470030.26012912515
 21
4349653.8691238845
 31
0.0
100
AcDbText
  0
LWPOLYLINE
  5
540
330
17
100
AcDbEntity
  8
爆区方格网
 62
5
100
AcDbPolyline
 90
6
 70
1
 10
470030.9201291251
 20
4349655.439123885
 10
470030.9201291251
 20
4349654.439123885
 10
470029.9201291251
 20
4349654.439123885
 10
470029.9201291251
 20
4349655.273944993
 10
470030.6623531572
 20
4349655.439123885
 10
470030.9201291251
 20
4349655.439123885
  0
TEXT
  5
541
330
17
100
AcDbEntity
  8
0
 62
5
100
AcDbText
 10
470030.26012912515
 20
4349654.786534438
 30
0.0
 40
0.1333
  1
1.03
  7
CN_TTF
 11
470030.26012912515
 21
4349654.786534438
 31
0.0
100
AcDbText
  0
LWPOLYLINE
  5
542
330
17
100
AcDbEntity
  8
爆区方格网
 62
5
100
AcDbPolyline
 90
5
 70
1
 10
470030.9201291251
 20
4349638.439123885
 10
470031.9201291251
 20
4349638.439123885
 10
470031.9201291251
 20
4349637.704333532
 10
470030.9201291251
 20
4349637.738390948
 10
470030.9201291251
 20
4349638.439123885
  0
TEXT
  5
543
330
17
100
AcDbEntity
  8
0
 62
5
100
AcDbText
 10
470031.26012912515
 20
4349638.018757416
 30
0.0
 40
0.1333
  1
1.21
  7
CN_TTF
 11
470031.26012912515
 21
4349638.018757416
 31
0.0
100
AcDbText
  0
LWPOLYLINE
  5
544
330
17
100
AcDbEntity
  8
爆区方格网
 62
5
100
AcDbPolyline
 90
5
 70
1
 10
470030.9201291251
 20
4349638.439123885
 10
470030.9201291251
 20
4349639.439123885
 10
470031.9201291251
 20
4349639.439123885
 10
470031.9201291251
 20
4349638.439123885
 10
470030.9201291251
 20
4349638.439123885
  0
TEXT
  5
545
330
17
100
AcDbEntity
  8
0
 62
5
100
AcDbText
 10
470031.26012912515
 20
4349638.8691238845
 30
0.0
 40
0.1333
  1
1.21
  7
CN_TTF
 11
470031.26012912515
 21
4349638.8691238845
 31
0.0
100
AcDbText
  0
LWPOLYLINE
  5
546
330
17
100
AcDbEntity
  8
爆区方格网
 62
5
100
AcDbPolyline
 90
5
 70
1
 10
470030.9201291251
 20
4349639.439123885
 10
470030.9201291251
 20
4349640.439123885
 10
470031.9201291251
 20
4349640.439123885
 10
470031.9201291251
 20
4349639.439123885
 10
470030.9201291251
 20
4349639.439123885
  0
TEXT
  5
547
330
17
100
AcDbEntity
  8
0
 62
5
100
AcDbText
 10
470031.26012912515
 20
4349639.8691238845
 30
0.0
 40
0.1333
  1
1.21
  7
CN_TTF
 11
470031.26012912515
 21
4349639.8691238845
 31
0.0
100
AcDbText
  0
LWPOLYLINE
  5
548
330
17
100
AcDbEntity
  8
爆区方格网
 62
5
100
AcDbPolyline
 90
7
 70
1
 10
470031.9201291251
 20
4349641.439123885
 10
470031.9201291251
 20
4349640.439123885
 10
470030.9201291251
 20
4349640.439123885
 10
470030.9201291251
 20
4349641.127137204
 10
470031.5605
 20
4349641.322000001
 10
470031.5443304821
 20
4349641.439123885
 10
470031.9201291251
 20
4349641.439123885
  0
TEXT
  5
549
330
17
100
AcDbEntity
  8
0
 62
5
100
AcDbText
 10
470031.26012912515
 20
4349640.713130544
 30
0.0
 40
0.1333
  1
1.21
  7
CN_TTF
 11
470031.26012912515
 21
4349640.713130544
 31
0.0
100
AcDbText
  0
LWPOLYLINE
  5
54A
330
17
100
AcDbEntity
  8
爆区方格网
 62
5
100
AcDbPolyline
 90
8
 70
1
 10
470030.9201291251
 20
4349643.439123885
 10
470031.9201291251
 20
4349643.439123885
 10
470031.9201291251
 20
4349642.439123885
 10
470031.4062756517
 20
4349642.439123885
 10
470031.3981177677
 20
4349642.498215508
 10
470031.349
 20
4349642.854
 10
470030.9201291251
 20
4349642.986844835
 10
470030.9201291251
 20
4349643.439123885
  0
TEXT
  5
54B
330
17
100
AcDbEntity
  8
0
 62
5
100
AcDbText
 10
470031.3673468431
 20
4349642.850422418
 30
0.0
 40
0.1333
  1
1.40
  7
CN_TTF
 11
470031.3673468431
 21
4349642.850422418
 31
0.0
100
AcDbText
  0
LWPOLYLINE
  5
54C
330
17
100
AcDbEntity
  8
爆区方格网
 62
5
100
AcDbPolyline
 90
5
 70
1
 10
470030.9201291251
 20
4349643.439123885
 10
470030.9201291251
 20
4349644.439123885
 10
470031.9201291251
 20
4349644.439123885
 10
470031.9201291251
 20
4349643.439123885
 10
470030.9201291251
 20
4349643.439123885
  0
TEXT
  5
54D
330
17
100
AcDbEntity
  8
0
 62
5
100
AcDbText
 10
470031.26012912515
 20
4349643.8691238845
 30
0.0
 40
0.1333
  1
1.40
  7
CN_TTF
 11
470031.26012912515
 21
4349643.8691238845
 31
0.0
100
AcDbText
  0
LWPOLYLINE
  5
54E
330
17
100
AcDbEntity
  8
爆区方格网
 62
5
100
AcDbPolyline
 90
6
 70
1
 10
470030.9201291251
 20
4349649.439123885
 10
470031.9201291251
 20
4349649.439123885
 10
470031.9201291251
 20
4349648.57272099
 10
470031.01869622624
 20
4349648.523816954
 10
470030.9201291251
 20
4349648.518469547
 10
470030.9201291251
 20
4349649.439123885
  0
TEXT
  5
54F
330
17
100
AcDbEntity
  8
0
 62
5
100
AcDbText
 10
470031.26012912515
 20
4349648.935922436
 30
0.0
 40
0.1333
  1
1.03
  7
CN_TTF
 11
470031.26012912515
 21
4349648.935922436
 31
0.0
100
AcDbText
  0
LWPOLYLINE
  5
550
330
17
100
AcDbEntity
  8
爆区方格网
 62
5
100
AcDbPolyline
 90
5
 70
1
 10
470030.9201291251
 20
4349649.439123885
 10
470030.9201291251
 20
4349650.439123885
 10
470031.9201291251
 20
4349650.439123885
 10
470031.9201291251
 20
4349649.439123885
 10
470030.9201291251
 20
4349649.439123885
  0
TEXT
  5
551
330
17
100
AcDbEntity
  8
0
 62
5
100
AcDbText
 10
470031.26012912515
 20
4349649.8691238845
 30
0.0
 40
0.1333
  1
1.03
  7
CN_TTF
 11
470031.26012912515
 21
4349649.8691238845
 31
0.0
100
AcDbText
  0
LWPOLYLINE
  5
552
330
17
100
AcDbEntity
  8
爆区方格网
 62
5
100
AcDbPolyline
 90
5
 70
1
 10
470030.9201291251
 20
4349650.439123885
 10
470030.9201291251
 20
4349651.439123885
 10
470031.9201291251
 20
4349651.439123885
 10
470031.9201291251
 20
4349650.439123885
 10
470030.9201291251
 20
4349650.439123885
  0
TEXT
  5
553
330
17
100
AcDbEntity
  8
0
 62
5
100
AcDbText
 10
470031.26012912515
 20
4349650.8691238845
 30
0.0
 40
0.1333
  1
1.03
  7
CN_TTF
 11
470031.26012912515
 21
4349650.8691238845
 31
0.0
100
AcDbText
  0
LWPOLYLINE
  5
554
330
17
100
AcDbEntity
  8
爆区方格网
 62
5
100
AcDbPolyline
 90
5
 70
1
 10
470030.9201291251
 20
4349651.439123885
 10
470030.9201291251
 20
4349652.439123885
 10
470031.9201291251
 20
4349652.439123885
 10
470031.9201291251
 20
4349651.439123885
 10
470030.9201291251
 20
4349651.439123885
  0
TEXT
  5
555
330
17
100
AcDbEntity
  8
0
 62
5
100
AcDbText
 10
470031.26012912515
 20
4349651.8691238845
 30
0.0
 40
0.1333
  1
1.03
  7
CN_TTF
 11
470031.26012912515
 21
4349651.8691238845
 31
0.0
100
AcDbText
  0
LWPOLYLINE
  5
556
330
17
100
AcDbEntity
  8
爆区方格网
 62
5
100
AcDbPolyline
 90
5
 70
1
 10
470030.9201291251
 20
4349652.439123885
 10
470030.9201291251
 20
4349653.439123885
 10
470031.9201291251
 20
4349653.439123885
 10
470031.9201291251
 20
4349652.439123885
 10
470030.9201291251
 20
4349652.439123885
  0
TEXT
  5
557
330
17
100
AcDbEntity
  8
0
 62
5
100
AcDbText
 10
470031.26012912515
 20
4349652.8691238845
 30
0.0
 40
0.1333
  1
1.03
  7
CN_TTF
 11
470031.26012912515
 21
4349652.8691238845
 31
0.0
100
AcDbText
  0
LWPOLYLINE
  5
558
330
17
100
AcDbEntity
  8
爆区方格网
 62
5
100
AcDbPolyline
 90
5
 70
1
 10
470030.9201291251
 20
4349653.439123885
 10
470030.9201291251
 20
4349654.439123885
 10
470031.9201291251
 20
4349654.439123885
 10
470031.9201291251
 20
4349653.439123885
 10
470030.9201291251
 20
4349653.439123885
  0
TEXT
  5
559
330
17
100
AcDbEntity
  8
0
 62
5
100
AcDbText
 10
470031.26012912515
 20
4349653.8691238845
 30
0.0
 40
0.1333
  1
1.03
  7
CN_TTF
 11
470031.26012912515
 21
4349653.8691238845
 31
0.0
100
AcDbText
  0
LWPOLYLINE
  5
55A
330
17
100
AcDbEntity
  8
爆区方格网
 62
5
100
AcDbPolyline
 90
5
 70
1
 10
470030.9201291251
 20
4349654.439123885
 10
470030.9201291251
 20
4349655.439123885
 10
470031.9201291251
 20
4349655.439123885
 10
470031.9201291251
 20
4349654.439123885
 10
470030.9201291251
 20
4349654.439123885
  0
TEXT
  5
55B
330
17
100
AcDbEntity
  8
0
 62
5
100
AcDbText
 10
470031.26012912515
 20
4349654.8691238845
 30
0.0
 40
0.1333
  1
1.03
  7
CN_TTF
 11
470031.26012912515
 21
4349654.8691238845
 31
0.0
100
AcDbText
  0
LWPOLYLINE
  5
55C
330
17
100
AcDbEntity
  8
爆区方格网
 62
5
100
AcDbPolyline
 90
5
 70
1
 10
470031.9201291251
 20
4349638.439123885
 10
470032.9201291251
 20
4349638.439123885
 10
470032.9201291251
 20
4349637.670276117
 10
470031.9201291251
 20
4349637.704333532
 10
470031.9201291251
 20
4349638.439123885
  0
TEXT
  5
55D
330
17
100
AcDbEntity
  8
0
 62
5
100
AcDbText
 10
470032.26012912515
 20
4349638.001728708
 30
0.0
 40
0.1333
  1
1.21
  7
CN_TTF
 11
470032.26012912515
 21
4349638.001728708
 31
0.0
100
AcDbText
  0
LWPOLYLINE
  5
55E
330
17
100
AcDbEntity
  8
爆区方格网
 62
5
100
AcDbPolyline
 90
5
 70
1
 10
470031.9201291251
 20
4349638.439123885
 10
470031.9201291251
 20
4349639.439123885
 10
470032.9201291251
 20
4349639.439123885
 10
470032.9201291251
 20
4349638.439123885
 10
470031.9201291251
 20
4349638.439123885
  0
TEXT
  5
55F
330
17
100
AcDbEntity
  8
0
 62
5
100
AcDbText
 10
470032.26012912515
 20
4349638.8691238845
 30
0.0
 40
0.1333
  1
1.21
  7
CN_TTF
 11
470032.26012912515
 21
4349638.8691238845
 31
0.0
100
AcDbText
  0
LWPOLYLINE
  5
560
330
17
100
AcDbEntity
  8
爆区方格网
 62
5
100
AcDbPolyline
 90
5
 70
1
 10
470031.9201291251
 20
4349639.439123885
 10
470031.9201291251
 20
4349640.439123885
 10
470032.9201291251
 20
4349640.439123885
 10
470032.9201291251
 20
4349639.439123885
 10
470031.9201291251
 20
4349639.439123885
  0
TEXT
  5
561
330
17
100
AcDbEntity
  8
0
 62
5
100
AcDbText
 10
470032.26012912515
 20
4349639.8691238845
 30
0.0
 40
0.1333
  1
1.21
  7
CN_TTF
 11
470032.26012912515
 21
4349639.8691238845
 31
0.0
100
AcDbText
  0
LWPOLYLINE
  5
562
330
17
100
AcDbEntity
  8
爆区方格网
 62
5
100
AcDbPolyline
 90
5
 70
1
 10
470031.9201291251
 20
4349640.439123885
 10
470031.9201291251
 20
4349641.439123885
 10
470032.9201291251
 20
4349641.439123885
 10
470032.9201291251
 20
4349640.439123885
 10
470031.9201291251
 20
4349640.439123885
  0
TEXT
  5
563
330
17
100
AcDbEntity
  8
0
 62
5
100
AcDbText
 10
470032.26012912515
 20
4349640.8691238845
 30
0.0
 40
0.1333
  1
1.21
  7
CN_TTF
 11
470032.26012912515
 21
4349640.8691238845
 31
0.0
100
AcDbText
  0
LWPOLYLINE
  5
564
330
17
100
AcDbEntity
  8
爆区方格网
 62
5
100
AcDbPolyline
 90
5
 70
1
 10
470031.9201291251
 20
4349641.439123885
 10
470031.9201291251
 20
4349642.439123885
 10
470032.9201291251
 20
4349642.439123885
 10
470032.9201291251
 20
4349641.439123885
 10
470031.9201291251
 20
4349641.439123885
  0
TEXT
  5
565
330
17
100
AcDbEntity
  8
0
 62
5
100
AcDbText
 10
470032.26012912515
 20
4349641.8691238845
 30
0.0
 40
0.1333
  1
1.21
  7
CN_TTF
 11
470032.26012912515
 21
4349641.8691238845
 31
0.0
100
AcDbText
  0
LWPOLYLINE
  5
566
330
17
100
AcDbEntity
  8
爆区方格网
 62
5
100
AcDbPolyline
 90
5
 70
1
 10
470031.9201291251
 20
4349642.439123885
 10
470031.9201291251
 20
4349643.439123885
 10
470032.9201291251
 20
4349643.439123885
 10
470032.9201291251
 20
4349642.439123885
 10
470031.9201291251
 20
4349642.439123885
  0
TEXT
  5
567
330
17
100
AcDbEntity
  8
0
 62
5
100
AcDbText
 10
470032.26012912515
 20
4349642.8691238845
 30
0.0
 40
0.1333
  1
1.40
  7
CN_TTF
 11
470032.26012912515
 21
4349642.8691238845
 31
0.0
100
AcDbText
  0
LWPOLYLINE
  5
568
330
17
100
AcDbEntity
  8
爆区方格网
 62
5
100
AcDbPolyline
 90
5
 70
1
 10
470031.9201291251
 20
4349643.439123885
 10
470031.9201291251
 20
4349644.439123885
 10
470032.9201291251
 20
4349644.439123885
 10
470032.9201291251
 20
4349643.439123885
 10
470031.9201291251
 20
4349643.439123885
  0
TEXT
  5
569
330
17
100
AcDbEntity
  8
0
 62
5
100
AcDbText
 10
470032.26012912515
 20
4349643.8691238845
 30
0.0
 40
0.1333
  1
1.40
  7
CN_TTF
 11
470032.26012912515
 21
4349643.8691238845
 31
0.0
100
AcDbText
  0
LWPOLYLINE
  5
56A
330
17
100
AcDbEntity
  8
爆区方格网
 62
5
100
AcDbPolyline
 90
6
 70
1
 10
470032.9201291251
 20
4349645.439123885
 10
470032.9201291251
 20
4349644.439123885
 10
470031.9201291251
 20
4349644.439123885
 10
470031.9201291251
 20
4349645.102813598
 10
470032.4380400421
 20
4349645.439123885
 10
470032.9201291251
 20
4349645.439123885
  0
TEXT
  5
56B
330
17
100
AcDbEntity
  8
0
 62
5
100
AcDbText
 10
470032.26012912515
 20
4349644.7009687405
 30
0.0
 40
0.1333
  1
1.40
  7
CN_TTF
 11
470032.26012912515
 21
4349644.7009687405
 31
0.0
100
AcDbText
  0
LWPOLYLINE
  5
56C
330
17
100
AcDbEntity
  8
爆区方格网
 62
5
100
AcDbPolyline
 90
5
 70
1
 10
470031.9201291251
 20
4349649.439123885
 10
470032.9201291251
 20
4349649.439123885
 10
470032.9201291251
 20
4349648.626972431
 10
470031.9201291251
 20
4349648.57272099
 10
470031.9201291251
 20
4349649.439123885
  0
TEXT
  5
56D
330
17
100
AcDbEntity
  8
0
 62
5
100
AcDbText
 10
470032.26012912515
 20
4349648.963048158
 30
0.0
 40
0.1333
  1
1.50
  7
CN_TTF
 11
470032.26012912515
 21
4349648.963048158
 31
0.0
100
AcDbText
  0
LWPOLYLINE
  5
56E
330
17
100
AcDbEntity
  8
爆区方格网
 62
5
100
AcDbPolyline
 90
5
 70
1
 10
470031.9201291251
 20
4349649.439123885
 10
470031.9201291251
 20
4349650.439123885
 10
470032.9201291251
 20
4349650.439123885
 10
470032.9201291251
 20
4349649.439123885
 10
470031.9201291251
 20
4349649.439123885
  0
TEXT
  5
56F
330
17
100
AcDbEntity
  8
0
 62
5
100
AcDbText
 10
470032.26012912515
 20
4349649.8691238845
 30
0.0
 40
0.1333
  1
1.03
  7
CN_TTF
 11
470032.26012912515
 21
4349649.8691238845
 31
0.0
100
AcDbText
  0
LWPOLYLINE
  5
570
330
17
100
AcDbEntity
  8
爆区方格网
 62
5
100
AcDbPolyline
 90
5
 70
1
 10
470031.9201291251
 20
4349650.439123885
 10
470031.9201291251
 20
4349651.439123885
 10
470032.9201291251
 20
4349651.439123885
 10
470032.9201291251
 20
4349650.439123885
 10
470031.9201291251
 20
4349650.439123885
  0
TEXT
  5
571
330
17
100
AcDbEntity
  8
0
 62
5
100
AcDbText
 10
470032.26012912515
 20
4349650.8691238845
 30
0.0
 40
0.1333
  1
1.03
  7
CN_TTF
 11
470032.26012912515
 21
4349650.8691238845
 31
0.0
100
AcDbText
  0
LWPOLYLINE
  5
572
330
17
100
AcDbEntity
  8
爆区方格网
 62
5
100
AcDbPolyline
 90
5
 70
1
 10
470031.9201291251
 20
4349651.439123885
 10
470031.9201291251
 20
4349652.439123885
 10
470032.9201291251
 20
4349652.439123885
 10
470032.9201291251
 20
4349651.439123885
 10
470031.9201291251
 20
4349651.439123885
  0
TEXT
  5
573
330
17
100
AcDbEntity
  8
0
 62
5
100
AcDbText
 10
470032.26012912515
 20
4349651.8691238845
 30
0.0
 40
0.1333
  1
1.03
  7
CN_TTF
 11
470032.26012912515
 21
4349651.8691238845
 31
0.0
100
AcDbText
  0
LWPOLYLINE
  5
574
330
17
100
AcDbEntity
  8
爆区方格网
 62
5
100
AcDbPolyline
 90
5
 70
1
 10
470031.9201291251
 20
4349652.439123885
 10
470031.9201291251
 20
4349653.439123885
 10
470032.9201291251
 20
4349653.439123885
 10
470032.9201291251
 20
4349652.439123885
 10
470031.9201291251
 20
4349652.439123885
  0
TEXT
  5
575
330
17
100
AcDbEntity
  8
0
 62
5
100
AcDbText
 10
470032.26012912515
 20
4349652.8691238845
 30
0.0
 40
0.1333
  1
1.03
  7
CN_TTF
 11
470032.26012912515
 21
4349652.8691238845
 31
0.0
100
AcDbText
  0
LWPOLYLINE
  5
576
330
17
100
AcDbEntity
  8
爆区方格网
 62
5
100
AcDbPolyline
 90
5
 70
1
 10
470031.9201291251
 20
4349653.439123885
 10
470031.9201291251
 20
4349654.439123885
 10
470032.9201291251
 20
4349654.439123885
 10
470032.9201291251
 20
4349653.439123885
 10
470031.9201291251
 20
4349653.439123885
  0
TEXT
  5
577
330
17
100
AcDbEntity
  8
0
 62
5
100
AcDbText
 10
470032.26012912515
 20
4349653.8691238845
 30
0.0
 40
0.1333
  1
1.03
  7
CN_TTF
 11
470032.26012912515
 21
4349653.8691238845
 31
0.0
100
AcDbText
  0
LWPOLYLINE
  5
578
330
17
100
AcDbEntity
  8
爆区方格网
 62
5
100
AcDbPolyline
 90
5
 70
1
 10
470031.9201291251
 20
4349654.439123885
 10
470031.9201291251
 20
4349655.439123885
 10
470032.9201291251
 20
4349655.439123885
 10
470032.9201291251
 20
4349654.439123885
 10
470031.9201291251
 20
4349654.439123885
  0
TEXT
  5
579
330
17
100
AcDbEntity
  8
0
 62
5
100
AcDbText
 10
470032.26012912515
 20
4349654.8691238845
 30
0.0
 40
0.1333
  1
1.03
  7
CN_TTF
 11
470032.26012912515
 21
4349654.8691238845
 31
0.0
100
AcDbText
  0
LWPOLYLINE
  5
57A
330
17
100
AcDbEntity
  8
爆区方格网
 62
5
100
AcDbPolyline
 90
5
 70
1
 10
470032.9201291251
 20
4349638.439123885
 10
470033.9201291251
 20
4349638.439123885
 10
470033.9201291251
 20
4349637.636218701
 10
470032.9201291251
 20
4349637.670276117
 10
470032.9201291251
 20
4349638.439123885
  0
TEXT
  5
57B
330
17
100
AcDbEntity
  8
0
 62
5
100
AcDbText
 10
470033.26012912515
 20
4349637.9847
 30
0.0
 40
0.1333
  1
1.21
  7
CN_TTF
 11
470033.26012912515
 21
4349637.9847
 31
0.0
100
AcDbText
  0
LWPOLYLINE
  5
57C
330
17
100
AcDbEntity
  8
爆区方格网
 62
5
100
AcDbPolyline
 90
5
 70
1
 10
470032.9201291251
 20
4349638.439123885
 10
470032.9201291251
 20
4349639.439123885
 10
470033.9201291251
 20
4349639.439123885
 10
470033.9201291251
 20
4349638.439123885
 10
470032.9201291251
 20
4349638.439123885
  0
TEXT
  5
57D
330
17
100
AcDbEntity
  8
0
 62
5
100
AcDbText
 10
470033.26012912515
 20
4349638.8691238845
 30
0.0
 40
0.1333
  1
1.21
  7
CN_TTF
 11
470033.26012912515
 21
4349638.8691238845
 31
0.0
100
AcDbText
  0
LWPOLYLINE
  5
57E
330
17
100
AcDbEntity
  8
爆区方格网
 62
5
100
AcDbPolyline
 90
5
 70
1
 10
470032.9201291251
 20
4349639.439123885
 10
470032.9201291251
 20
4349640.439123885
 10
470033.9201291251
 20
4349640.439123885
 10
470033.9201291251
 20
4349639.439123885
 10
470032.9201291251
 20
4349639.439123885
  0
TEXT
  5
57F
330
17
100
AcDbEntity
  8
0
 62
5
100
AcDbText
 10
470033.26012912515
 20
4349639.8691238845
 30
0.0
 40
0.1333
  1
1.21
  7
CN_TTF
 11
470033.26012912515
 21
4349639.8691238845
 31
0.0
100
AcDbText
  0
LWPOLYLINE
  5
580
330
17
100
AcDbEntity
  8
爆区方格网
 62
5
100
AcDbPolyline
 90
5
 70
1
 10
470032.9201291251
 20
4349640.439123885
 10
470032.9201291251
 20
4349641.439123885
 10
470033.9201291251
 20
4349641.439123885
 10
470033.9201291251
 20
4349640.439123885
 10
470032.9201291251
 20
4349640.439123885
  0
TEXT
  5
581
330
17
100
AcDbEntity
  8
0
 62
5
100
AcDbText
 10
470033.26012912515
 20
4349640.8691238845
 30
0.0
 40
0.1333
  1
1.21
  7
CN_TTF
 11
470033.26012912515
 21
4349640.8691238845
 31
0.0
100
AcDbText
  0
LWPOLYLINE
  5
582
330
17
100
AcDbEntity
  8
爆区方格网
 62
5
100
AcDbPolyline
 90
5
 70
1
 10
470032.9201291251
 20
4349641.439123885
 10
470032.9201291251
 20
4349642.439123885
 10
470033.9201291251
 20
4349642.439123885
 10
470033.9201291251
 20
4349641.439123885
 10
470032.9201291251
 20
4349641.439123885
  0
TEXT
  5
583
330
17
100
AcDbEntity
  8
0
 62
5
100
AcDbText
 10
470033.26012912515
 20
4349641.8691238845
 30
0.0
 40
0.1333
  1
1.21
  7
CN_TTF
 11
470033.26012912515
 21
4349641.8691238845
 31
0.0
100
AcDbText
  0
LWPOLYLINE
  5
584
330
17
100
AcDbEntity
  8
爆区方格网
 62
5
100
AcDbPolyline
 90
5
 70
1
 10
470032.9201291251
 20
4349642.439123885
 10
470032.9201291251
 20
4349643.439123885
 10
470033.9201291251
 20
4349643.439123885
 10
470033.9201291251
 20
4349642.439123885
 10
470032.9201291251
 20
4349642.439123885
  0
TEXT
  5
585
330
17
100
AcDbEntity
  8
0
 62
5
100
AcDbText
 10
470033.26012912515
 20
4349642.8691238845
 30
0.0
 40
0.1333
  1
1.40
  7
CN_TTF
 11
470033.26012912515
 21
4349642.8691238845
 31
0.0
100
AcDbText
  0
LWPOLYLINE
  5
586
330
17
100
AcDbEntity
  8
爆区方格网
 62
5
100
AcDbPolyline
 90
5
 70
1
 10
470032.9201291251
 20
4349643.439123885
 10
470032.9201291251
 20
4349644.439123885
 10
470033.9201291251
 20
4349644.439123885
 10
470033.9201291251
 20
4349643.439123885
 10
470032.9201291251
 20
4349643.439123885
  0
TEXT
  5
587
330
17
100
AcDbEntity
  8
0
 62
5
100
AcDbText
 10
470033.26012912515
 20
4349643.8691238845
 30
0.0
 40
0.1333
  1
1.40
  7
CN_TTF
 11
470033.26012912515
 21
4349643.8691238845
 31
0.0
100
AcDbText
  0
LWPOLYLINE
  5
588
330
17
100
AcDbEntity
  8
爆区方格网
 62
5
100
AcDbPolyline
 90
5
 70
1
 10
470032.9201291251
 20
4349644.439123885
 10
470032.9201291251
 20
4349645.439123885
 10
470033.9201291251
 20
4349645.439123885
 10
470033.9201291251
 20
4349644.439123885
 10
470032.9201291251
 20
4349644.439123885
  0
TEXT
  5
589
330
17
100
AcDbEntity
  8
0
 62
5
100
AcDbText
 10
470033.26012912515
 20
4349644.8691238845
 30
0.0
 40
0.1333
  1
1.40
  7
CN_TTF
 11
470033.26012912515
 21
4349644.8691238845
 31
0.0
100
AcDbText
  0
LWPOLYLINE
  5
58A
330
17
100
AcDbEntity
  8
爆区方格网
 62
5
100
AcDbPolyline
 90
7
 70
1
 10
470033.9201291251
 20
4349645.439123885
 10
470032.9201291251
 20
4349645.439123885
 10
470032.9201291251
 20
4349645.752172929
 10
470033.87849999964
 20
4349646.3745
 10
470033.8785
 20
4349646.3745
 10
470033.9201291251
 20
4349646.38230674
 10
470033.9201291251
 20
4349645.439123885
  0
TEXT
  5
58B
330
17
100
AcDbEntity
  8
0
 62
5
100
AcDbText
 10
470033.4997218438
 20
4349645.993336464
 30
0.0
 40
0.1333
  1
1.40
  7
CN_TTF
 11
470033.4997218438
 21
4349645.993336464
 31
0.0
100
AcDbText
  0
LWPOLYLINE
  5
58C
330
17
100
AcDbEntity
  8
爆区方格网
 62
5
100
AcDbPolyline
 90
5
 70
1
 10
470032.9201291251
 20
4349649.439123885
 10
470033.9201291251
 20
4349649.439123885
 10
470033.9201291251
 20
4349648.681223874
 10
470032.9201291251
 20
4349648.626972431
 10
470032.9201291251
 20
4349649.439123885
  0
TEXT
  5
58D
330
17
100
AcDbEntity
  8
0
 62
5
100
AcDbText
 10
470033.26012912515
 20
4349648.990173879
 30
0.0
 40
0.1333
  1
1.50
  7
CN_TTF
 11
470033.26012912515
 21
4349648.990173879
 31
0.0
100
AcDbText
  0
LWPOLYLINE
  5
58E
330
17
100
AcDbEntity
  8
爆区方格网
 62
5
100
AcDbPolyline
 90
5
 70
1
 10
470032.9201291251
 20
4349649.439123885
 10
470032.9201291251
 20
4349650.439123885
 10
470033.9201291251
 20
4349650.439123885
 10
470033.9201291251
 20
4349649.439123885
 10
470032.9201291251
 20
4349649.439123885
  0
TEXT
  5
58F
330
17
100
AcDbEntity
  8
0
 62
5
100
AcDbText
 10
470033.26012912515
 20
4349649.8691238845
 30
0.0
 40
0.1333
  1
1.50
  7
CN_TTF
 11
470033.26012912515
 21
4349649.8691238845
 31
0.0
100
AcDbText
  0
LWPOLYLINE
  5
590
330
17
100
AcDbEntity
  8
爆区方格网
 62
5
100
AcDbPolyline
 90
5
 70
1
 10
470032.9201291251
 20
4349650.439123885
 10
470032.9201291251
 20
4349651.439123885
 10
470033.9201291251
 20
4349651.439123885
 10
470033.9201291251
 20
4349650.439123885
 10
470032.9201291251
 20
4349650.439123885
  0
TEXT
  5
591
330
17
100
AcDbEntity
  8
0
 62
5
100
AcDbText
 10
470033.26012912515
 20
4349650.8691238845
 30
0.0
 40
0.1333
  1
1.03
  7
CN_TTF
 11
470033.26012912515
 21
4349650.8691238845
 31
0.0
100
AcDbText
  0
LWPOLYLINE
  5
592
330
17
100
AcDbEntity
  8
爆区方格网
 62
5
100
AcDbPolyline
 90
5
 70
1
 10
470032.9201291251
 20
4349651.439123885
 10
470032.9201291251
 20
4349652.439123885
 10
470033.9201291251
 20
4349652.439123885
 10
470033.9201291251
 20
4349651.439123885
 10
470032.9201291251
 20
4349651.439123885
  0
TEXT
  5
593
330
17
100
AcDbEntity
  8
0
 62
5
100
AcDbText
 10
470033.26012912515
 20
4349651.8691238845
 30
0.0
 40
0.1333
  1
1.03
  7
CN_TTF
 11
470033.26012912515
 21
4349651.8691238845
 31
0.0
100
AcDbText
  0
LWPOLYLINE
  5
594
330
17
100
AcDbEntity
  8
爆区方格网
 62
5
100
AcDbPolyline
 90
5
 70
1
 10
470032.9201291251
 20
4349652.439123885
 10
470032.9201291251
 20
4349653.439123885
 10
470033.9201291251
 20
4349653.439123885
 10
470033.9201291251
 20
4349652.439123885
 10
470032.9201291251
 20
4349652.439123885
  0
TEXT
  5
595
330
17
100
AcDbEntity
  8
0
 62
5
100
AcDbText
 10
470033.26012912515
 20
4349652.8691238845
 30
0.0
 40
0.1333
  1
1.03
  7
CN_TTF
 11
470033.26012912515
 21
4349652.8691238845
 31
0.0
100
AcDbText
  0
LWPOLYLINE
  5
596
330
17
100
AcDbEntity
  8
爆区方格网
 62
5
100
AcDbPolyline
 90
5
 70
1
 10
470032.9201291251
 20
4349653.439123885
 10
470032.9201291251
 20
4349654.439123885
 10
470033.9201291251
 20
4349654.439123885
 10
470033.9201291251
 20
4349653.439123885
 10
470032.9201291251
 20
4349653.439123885
  0
TEXT
  5
597
330
17
100
AcDbEntity
  8
0
 62
5
100
AcDbText
 10
470033.26012912515
 20
4349653.8691238845
 30
0.0
 40
0.1333
  1
1.03
  7
CN_TTF
 11
470033.26012912515
 21
4349653.8691238845
 31
0.0
100
AcDbText
  0
LWPOLYLINE
  5
598
330
17
100
AcDbEntity
  8
爆区方格网
 62
5
100
AcDbPolyline
 90
5
 70
1
 10
470032.9201291251
 20
4349654.439123885
 10
470032.9201291251
 20
4349655.439123885
 10
470033.9201291251
 20
4349655.439123885
 10
470033.9201291251
 20
4349654.439123885
 10
470032.9201291251
 20
4349654.439123885
  0
TEXT
  5
599
330
17
100
AcDbEntity
  8
0
 62
5
100
AcDbText
 10
470033.26012912515
 20
4349654.8691238845
 30
0.0
 40
0.1333
  1
1.03
  7
CN_TTF
 11
470033.26012912515
 21
4349654.8691238845
 31
0.0
100
AcDbText
  0
LWPOLYLINE
  5
59A
330
17
100
AcDbEntity
  8
爆区方格网
 62
5
100
AcDbPolyline
 90
5
 70
1
 10
470033.9201291251
 20
4349655.439123885
 10
470032.9201291251
 20
4349655.439123885
 10
470032.9201291251
 20
4349655.941582598
 10
470033.9201291251
 20
4349656.1641284665
 10
470033.9201291251
 20
4349655.439123885
  0
TEXT
  5
59B
330
17
100
AcDbEntity
  8
0
 62
5
100
AcDbText
 10
470033.26012912515
 20
4349655.6203532405
 30
0.0
 40
0.1333
  1
1.03
  7
CN_TTF
 11
470033.26012912515
 21
4349655.6203532405
 31
0.0
100
AcDbText
  0
LWPOLYLINE
  5
59C
330
17
100
AcDbEntity
  8
爆区方格网
 62
5
100
AcDbPolyline
 90
6
 70
1
 10
470033.9201291251
 20
4349638.439123885
 10
470034.9201291251
 20
4349638.439123885
 10
470034.9201291251
 20
4349637.602161285
 10
470034.1363499433
 20
4349637.628854779
 10
470033.9201291251
 20
4349637.636218701
 10
470033.9201291251
 20
4349638.439123885
  0
TEXT
  5
59D
330
17
100
AcDbEntity
  8
0
 62
5
100
AcDbText
 10
470034.26012912515
 20
4349637.967671292
 30
0.0
 40
0.1333
  1
1.21
  7
CN_TTF
 11
470034.26012912515
 21
4349637.967671292
 31
0.0
100
AcDbText
  0
LWPOLYLINE
  5
59E
330
17
100
AcDbEntity
  8
爆区方格网
 62
5
100
AcDbPolyline
 90
5
 70
1
 10
470033.9201291251
 20
4349638.439123885
 10
470033.9201291251
 20
4349639.439123885
 10
470034.9201291251
 20
4349639.439123885
 10
470034.9201291251
 20
4349638.439123885
 10
470033.9201291251
 20
4349638.439123885
  0
TEXT
  5
59F
330
17
100
AcDbEntity
  8
0
 62
5
100
AcDbText
 10
470034.26012912515
 20
4349638.8691238845
 30
0.0
 40
0.1333
  1
1.21
  7
CN_TTF
 11
470034.26012912515
 21
4349638.8691238845
 31
0.0
100
AcDbText
  0
LWPOLYLINE
  5
5A0
330
17
100
AcDbEntity
  8
爆区方格网
 62
5
100
AcDbPolyline
 90
5
 70
1
 10
470033.9201291251
 20
4349639.439123885
 10
470033.9201291251
 20
4349640.439123885
 10
470034.9201291251
 20
4349640.439123885
 10
470034.9201291251
 20
4349639.439123885
 10
470033.9201291251
 20
4349639.439123885
  0
TEXT
  5
5A1
330
17
100
AcDbEntity
  8
0
 62
5
100
AcDbText
 10
470034.26012912515
 20
4349639.8691238845
 30
0.0
 40
0.1333
  1
1.21
  7
CN_TTF
 11
470034.26012912515
 21
4349639.8691238845
 31
0.0
100
AcDbText
  0
LWPOLYLINE
  5
5A2
330
17
100
AcDbEntity
  8
爆区方格网
 62
5
100
AcDbPolyline
 90
5
 70
1
 10
470033.9201291251
 20
4349640.439123885
 10
470033.9201291251
 20
4349641.439123885
 10
470034.9201291251
 20
4349641.439123885
 10
470034.9201291251
 20
4349640.439123885
 10
470033.9201291251
 20
4349640.439123885
  0
TEXT
  5
5A3
330
17
100
AcDbEntity
  8
0
 62
5
100
AcDbText
 10
470034.26012912515
 20
4349640.8691238845
 30
0.0
 40
0.1333
  1
1.21
  7
CN_TTF
 11
470034.26012912515
 21
4349640.8691238845
 31
0.0
100
AcDbText
  0
LWPOLYLINE
  5
5A4
330
17
100
AcDbEntity
  8
爆区方格网
 62
5
100
AcDbPolyline
 90
5
 70
1
 10
470033.9201291251
 20
4349641.439123885
 10
470033.9201291251
 20
4349642.439123885
 10
470034.9201291251
 20
4349642.439123885
 10
470034.9201291251
 20
4349641.439123885
 10
470033.9201291251
 20
4349641.439123885
  0
TEXT
  5
5A5
330
17
100
AcDbEntity
  8
0
 62
5
100
AcDbText
 10
470034.26012912515
 20
4349641.8691238845
 30
0.0
 40
0.1333
  1
1.21
  7
CN_TTF
 11
470034.26012912515
 21
4349641.8691238845
 31
0.0
100
AcDbText
  0
LWPOLYLINE
  5
5A6
330
17
100
AcDbEntity
  8
爆区方格网
 62
5
100
AcDbPolyline
 90
5
 70
1
 10
470033.9201291251
 20
4349642.439123885
 10
470033.9201291251
 20
4349643.439123885
 10
470034.9201291251
 20
4349643.439123885
 10
470034.9201291251
 20
4349642.439123885
 10
470033.9201291251
 20
4349642.439123885
  0
TEXT
  5
5A7
330
17
100
AcDbEntity
  8
0
 62
5
100
AcDbText
 10
470034.26012912515
 20
4349642.8691238845
 30
0.0
 40
0.1333
  1
1.40
  7
CN_TTF
 11
470034.26012912515
 21
4349642.8691238845
 31
0.0
100
AcDbText
  0
LWPOLYLINE
  5
5A8
330
17
100
AcDbEntity
  8
爆区方格网
 62
5
100
AcDbPolyline
 90
5
 70
1
 10
470033.9201291251
 20
4349643.439123885
 10
470033.9201291251
 20
4349644.439123885
 10
470034.9201291251
 20
4349644.439123885
 10
470034.9201291251
 20
4349643.439123885
 10
470033.9201291251
 20
4349643.439123885
  0
TEXT
  5
5A9
330
17
100
AcDbEntity
  8
0
 62
5
100
AcDbText
 10
470034.26012912515
 20
4349643.8691238845
 30
0.0
 40
0.1333
  1
1.40
  7
CN_TTF
 11
470034.26012912515
 21
4349643.8691238845
 31
0.0
100
AcDbText
  0
LWPOLYLINE
  5
5AA
330
17
100
AcDbEntity
  8
爆区方格网
 62
5
100
AcDbPolyline
 90
5
 70
1
 10
470033.9201291251
 20
4349644.439123885
 10
470033.9201291251
 20
4349645.439123885
 10
470034.9201291251
 20
4349645.439123885
 10
470034.9201291251
 20
4349644.439123885
 10
470033.9201291251
 20
4349644.439123885
  0
TEXT
  5
5AB
330
17
100
AcDbEntity
  8
0
 62
5
100
AcDbText
 10
470034.26012912515
 20
4349644.8691238845
 30
0.0
 40
0.1333
  1
1.40
  7
CN_TTF
 11
470034.26012912515
 21
4349644.8691238845
 31
0.0
100
AcDbText
  0
LWPOLYLINE
  5
5AC
330
17
100
AcDbEntity
  8
爆区方格网
 62
5
100
AcDbPolyline
 90
6
 70
1
 10
470034.9201291251
 20
4349646.439123885
 10
470034.9201291251
 20
4349645.439123885
 10
470033.9201291251
 20
4349645.439123885
 10
470033.9201291251
 20
4349646.38230674
 10
470034.22310425015
 20
4349646.439123885
 10
470034.9201291251
 20
4349646.439123885
  0
TEXT
  5
5AD
330
17
100
AcDbEntity
  8
0
 62
5
100
AcDbText
 10
470034.26012912515
 20
4349645.8407153115
 30
0.0
 40
0.1333
  1
1.40
  7
CN_TTF
 11
470034.26012912515
 21
4349645.8407153115
 31
0.0
100
AcDbText
  0
LWPOLYLINE
  5
5AE
330
17
100
AcDbEntity
  8
爆区方格网
 62
5
100
AcDbPolyline
 90
5
 70
1
 10
470033.9201291251
 20
4349649.439123885
 10
470034.9201291251
 20
4349649.439123885
 10
470034.9201291251
 20
4349648.735475317
 10
470033.9201291251
 20
4349648.681223874
 10
470033.9201291251
 20
4349649.439123885
  0
TEXT
  5
5AF
330
17
100
AcDbEntity
  8
0
 62
5
100
AcDbText
 10
470034.26012912515
 20
4349649.0172996
 30
0.0
 40
0.1333
  1
1.50
  7
CN_TTF
 11
470034.26012912515
 21
4349649.0172996
 31
0.0
100
AcDbText
  0
LWPOLYLINE
  5
5B0
330
17
100
AcDbEntity
  8
爆区方格网
 62
5
100
AcDbPolyline
 90
5
 70
1
 10
470033.9201291251
 20
4349649.439123885
 10
470033.9201291251
 20
4349650.439123885
 10
470034.9201291251
 20
4349650.439123885
 10
470034.9201291251
 20
4349649.439123885
 10
470033.9201291251
 20
4349649.439123885
  0
TEXT
  5
5B1
330
17
100
AcDbEntity
  8
0
 62
5
100
AcDbText
 10
470034.26012912515
 20
4349649.8691238845
 30
0.0
 40
0.1333
  1
1.50
  7
CN_TTF
 11
470034.26012912515
 21
4349649.8691238845
 31
0.0
100
AcDbText
  0
LWPOLYLINE
  5
5B2
330
17
100
AcDbEntity
  8
爆区方格网
 62
5
100
AcDbPolyline
 90
5
 70
1
 10
470033.9201291251
 20
4349650.439123885
 10
470033.9201291251
 20
4349651.439123885
 10
470034.9201291251
 20
4349651.439123885
 10
470034.9201291251
 20
4349650.439123885
 10
470033.9201291251
 20
4349650.439123885
  0
TEXT
  5
5B3
330
17
100
AcDbEntity
  8
0
 62
5
100
AcDbText
 10
470034.26012912515
 20
4349650.8691238845
 30
0.0
 40
0.1333
  1
1.50
  7
CN_TTF
 11
470034.26012912515
 21
4349650.8691238845
 31
0.0
100
AcDbText
  0
LWPOLYLINE
  5
5B4
330
17
100
AcDbEntity
  8
爆区方格网
 62
5
100
AcDbPolyline
 90
5
 70
1
 10
470033.9201291251
 20
4349651.439123885
 10
470033.9201291251
 20
4349652.439123885
 10
470034.9201291251
 20
4349652.439123885
 10
470034.9201291251
 20
4349651.439123885
 10
470033.9201291251
 20
4349651.439123885
  0
TEXT
  5
5B5
330
17
100
AcDbEntity
  8
0
 62
5
100
AcDbText
 10
470034.26012912515
 20
4349651.8691238845
 30
0.0
 40
0.1333
  1
1.03
  7
CN_TTF
 11
470034.26012912515
 21
4349651.8691238845
 31
0.0
100
AcDbText
  0
LWPOLYLINE
  5
5B6
330
17
100
AcDbEntity
  8
爆区方格网
 62
5
100
AcDbPolyline
 90
5
 70
1
 10
470033.9201291251
 20
4349652.439123885
 10
470033.9201291251
 20
4349653.439123885
 10
470034.9201291251
 20
4349653.439123885
 10
470034.9201291251
 20
4349652.439123885
 10
470033.9201291251
 20
4349652.439123885
  0
TEXT
  5
5B7
330
17
100
AcDbEntity
  8
0
 62
5
100
AcDbText
 10
470034.26012912515
 20
4349652.8691238845
 30
0.0
 40
0.1333
  1
1.03
  7
CN_TTF
 11
470034.26012912515
 21
4349652.8691238845
 31
0.0
100
AcDbText
  0
LWPOLYLINE
  5
5B8
330
17
100
AcDbEntity
  8
爆区方格网
 62
5
100
AcDbPolyline
 90
5
 70
1
 10
470033.9201291251
 20
4349653.439123885
 10
470033.9201291251
 20
4349654.439123885
 10
470034.9201291251
 20
4349654.439123885
 10
470034.9201291251
 20
4349653.439123885
 10
470033.9201291251
 20
4349653.439123885
  0
TEXT
  5
5B9
330
17
100
AcDbEntity
  8
0
 62
5
100
AcDbText
 10
470034.26012912515
 20
4349653.8691238845
 30
0.0
 40
0.1333
  1
1.03
  7
CN_TTF
 11
470034.26012912515
 21
4349653.8691238845
 31
0.0
100
AcDbText
  0
LWPOLYLINE
  5
5BA
330
17
100
AcDbEntity
  8
爆区方格网
 62
5
100
AcDbPolyline
 90
5
 70
1
 10
470033.9201291251
 20
4349654.439123885
 10
470033.9201291251
 20
4349655.439123885
 10
470034.9201291251
 20
4349655.439123885
 10
470034.9201291251
 20
4349654.439123885
 10
470033.9201291251
 20
4349654.439123885
  0
TEXT
  5
5BB
330
17
100
AcDbEntity
  8
0
 62
5
100
AcDbText
 10
470034.26012912515
 20
4349654.8691238845
 30
0.0
 40
0.1333
  1
1.03
  7
CN_TTF
 11
470034.26012912515
 21
4349654.8691238845
 31
0.0
100
AcDbText
  0
LWPOLYLINE
  5
5BC
330
17
100
AcDbEntity
  8
爆区方格网
 62
5
100
AcDbPolyline
 90
6
 70
1
 10
470034.9201291251
 20
4349655.439123885
 10
470033.9201291251
 20
4349655.439123885
 10
470033.9201291251
 20
4349656.1641284665
 10
470034.2364221158
 20
4349656.234518165
 10
470034.9201291251
 20
4349656.386674335
 10
470034.9201291251
 20
4349655.439123885
  0
TEXT
  5
5BD
330
17
100
AcDbEntity
  8
0
 62
5
100
AcDbText
 10
470034.26012912515
 20
4349655.731626175
 30
0.0
 40
0.1333
  1
1.30
  7
CN_TTF
 11
470034.26012912515
 21
4349655.731626175
 31
0.0
100
AcDbText
  0
LWPOLYLINE
  5
5BE
330
17
100
AcDbEntity
  8
爆区方格网
 62
5
100
AcDbPolyline
 90
6
 70
1
 10
470034.9201291251
 20
4349638.439123885
 10
470035.9201291251
 20
4349638.439123885
 10
470035.9201291251
 20
4349637.568103869
 10
470034.9202705149
 20
4349637.60215647
 10
470034.9201291251
 20
4349637.602161285
 10
470034.9201291251
 20
4349638.439123885
  0
TEXT
  5
5BF
330
17
100
AcDbEntity
  8
0
 62
5
100
AcDbText
 10
470035.26012912515
 20
4349637.950642584
 30
0.0
 40
0.1333
  1
1.40
  7
CN_TTF
 11
470035.26012912515
 21
4349637.950642584
 31
0.0
100
AcDbText
  0
LWPOLYLINE
  5
5C0
330
17
100
AcDbEntity
  8
爆区方格网
 62
5
100
AcDbPolyline
 90
5
 70
1
 10
470034.9201291251
 20
4349638.439123885
 10
470034.9201291251
 20
4349639.439123885
 10
470035.9201291251
 20
4349639.439123885
 10
470035.9201291251
 20
4349638.439123885
 10
470034.9201291251
 20
4349638.439123885
  0
TEXT
  5
5C1
330
17
100
AcDbEntity
  8
0
 62
5
100
AcDbText
 10
470035.26012912515
 20
4349638.8691238845
 30
0.0
 40
0.1333
  1
1.40
  7
CN_TTF
 11
470035.26012912515
 21
4349638.8691238845
 31
0.0
100
AcDbText
  0
LWPOLYLINE
  5
5C2
330
17
100
AcDbEntity
  8
爆区方格网
 62
5
100
AcDbPolyline
 90
5
 70
1
 10
470034.9201291251
 20
4349639.439123885
 10
470034.9201291251
 20
4349640.439123885
 10
470035.9201291251
 20
4349640.439123885
 10
470035.9201291251
 20
4349639.439123885
 10
470034.9201291251
 20
4349639.439123885
  0
TEXT
  5
5C3
330
17
100
AcDbEntity
  8
0
 62
5
100
AcDbText
 10
470035.26012912515
 20
4349639.8691238845
 30
0.0
 40
0.1333
  1
1.40
  7
CN_TTF
 11
470035.26012912515
 21
4349639.8691238845
 31
0.0
100
AcDbText
  0
LWPOLYLINE
  5
5C4
330
17
100
AcDbEntity
  8
爆区方格网
 62
5
100
AcDbPolyline
 90
5
 70
1
 10
470034.9201291251
 20
4349640.439123885
 10
470034.9201291251
 20
4349641.439123885
 10
470035.9201291251
 20
4349641.439123885
 10
470035.9201291251
 20
4349640.439123885
 10
470034.9201291251
 20
4349640.439123885
  0
TEXT
  5
5C5
330
17
100
AcDbEntity
  8
0
 62
5
100
AcDbText
 10
470035.26012912515
 20
4349640.8691238845
 30
0.0
 40
0.1333
  1
1.40
  7
CN_TTF
 11
470035.26012912515
 21
4349640.8691238845
 31
0.0
100
AcDbText
  0
LWPOLYLINE
  5
5C6
330
17
100
AcDbEntity
  8
爆区方格网
 62
5
100
AcDbPolyline
 90
5
 70
1
 10
470034.9201291251
 20
4349641.439123885
 10
470034.9201291251
 20
4349642.439123885
 10
470035.9201291251
 20
4349642.439123885
 10
470035.9201291251
 20
4349641.439123885
 10
470034.9201291251
 20
4349641.439123885
  0
TEXT
  5
5C7
330
17
100
AcDbEntity
  8
0
 62
5
100
AcDbText
 10
470035.26012912515
 20
4349641.8691238845
 30
0.0
 40
0.1333
  1
1.40
  7
CN_TTF
 11
470035.26012912515
 21
4349641.8691238845
 31
0.0
100
AcDbText
  0
LWPOLYLINE
  5
5C8
330
17
100
AcDbEntity
  8
爆区方格网
 62
5
100
AcDbPolyline
 90
5
 70
1
 10
470034.9201291251
 20
4349642.439123885
 10
470034.9201291251
 20
4349643.439123885
 10
470035.9201291251
 20
4349643.439123885
 10
470035.9201291251
 20
4349642.439123885
 10
470034.9201291251
 20
4349642.439123885
  0
TEXT
  5
5C9
330
17
100
AcDbEntity
  8
0
 62
5
100
AcDbText
 10
470035.26012912515
 20
4349642.8691238845
 30
0.0
 40
0.1333
  1
1.40
  7
CN_TTF
 11
470035.26012912515
 21
4349642.8691238845
 31
0.0
100
AcDbText
  0
LWPOLYLINE
  5
5CA
330
17
100
AcDbEntity
  8
爆区方格网
 62
5
100
AcDbPolyline
 90
5
 70
1
 10
470034.9201291251
 20
4349643.439123885
 10
470034.9201291251
 20
4349644.439123885
 10
470035.9201291251
 20
4349644.439123885
 10
470035.9201291251
 20
4349643.439123885
 10
470034.9201291251
 20
4349643.439123885
  0
TEXT
  5
5CB
330
17
100
AcDbEntity
  8
0
 62
5
100
AcDbText
 10
470035.26012912515
 20
4349643.8691238845
 30
0.0
 40
0.1333
  1
1.40
  7
CN_TTF
 11
470035.26012912515
 21
4349643.8691238845
 31
0.0
100
AcDbText
  0
LWPOLYLINE
  5
5CC
330
17
100
AcDbEntity
  8
爆区方格网
 62
5
100
AcDbPolyline
 90
5
 70
1
 10
470034.9201291251
 20
4349644.439123885
 10
470034.9201291251
 20
4349645.439123885
 10
470035.9201291251
 20
4349645.439123885
 10
470035.9201291251
 20
4349644.439123885
 10
470034.9201291251
 20
4349644.439123885
  0
TEXT
  5
5CD
330
17
100
AcDbEntity
  8
0
 62
5
100
AcDbText
 10
470035.26012912515
 20
4349644.8691238845
 30
0.0
 40
0.1333
  1
1.40
  7
CN_TTF
 11
470035.26012912515
 21
4349644.8691238845
 31
0.0
100
AcDbText
  0
LWPOLYLINE
  5
5CE
330
17
100
AcDbEntity
  8
爆区方格网
 62
5
100
AcDbPolyline
 90
5
 70
1
 10
470034.9201291251
 20
4349645.439123885
 10
470034.9201291251
 20
4349646.439123885
 10
470035.9201291251
 20
4349646.439123885
 10
470035.9201291251
 20
4349645.439123885
 10
470034.9201291251
 20
4349645.439123885
  0
TEXT
  5
5CF
330
17
100
AcDbEntity
  8
0
 62
5
100
AcDbText
 10
470035.26012912515
 20
4349645.8691238845
 30
0.0
 40
0.1333
  1
1.50
  7
CN_TTF
 11
470035.26012912515
 21
4349645.8691238845
 31
0.0
100
AcDbText
  0
LWPOLYLINE
  5
5D0
330
17
100
AcDbEntity
  8
爆区方格网
 62
5
100
AcDbPolyline
 90
5
 70
1
 10
470034.9201291251
 20
4349649.439123885
 10
470035.9201291251
 20
4349649.439123885
 10
470035.9201291251
 20
4349648.789726758
 10
470034.9201291251
 20
4349648.735475317
 10
470034.9201291251
 20
4349649.439123885
  0
TEXT
  5
5D1
330
17
100
AcDbEntity
  8
0
 62
5
100
AcDbText
 10
470035.26012912515
 20
4349649.044425322
 30
0.0
 40
0.1333
  1
1.50
  7
CN_TTF
 11
470035.26012912515
 21
4349649.044425322
 31
0.0
100
AcDbText
  0
LWPOLYLINE
  5
5D2
330
17
100
AcDbEntity
  8
爆区方格网
 62
5
100
AcDbPolyline
 90
5
 70
1
 10
470034.9201291251
 20
4349649.439123885
 10
470034.9201291251
 20
4349650.439123885
 10
470035.9201291251
 20
4349650.439123885
 10
470035.9201291251
 20
4349649.439123885
 10
470034.9201291251
 20
4349649.439123885
  0
TEXT
  5
5D3
330
17
100
AcDbEntity
  8
0
 62
5
100
AcDbText
 10
470035.26012912515
 20
4349649.8691238845
 30
0.0
 40
0.1333
  1
1.50
  7
CN_TTF
 11
470035.26012912515
 21
4349649.8691238845
 31
0.0
100
AcDbText
  0
LWPOLYLINE
  5
5D4
330
17
100
AcDbEntity
  8
爆区方格网
 62
5
100
AcDbPolyline
 90
5
 70
1
 10
470034.9201291251
 20
4349650.439123885
 10
470034.9201291251
 20
4349651.439123885
 10
470035.9201291251
 20
4349651.439123885
 10
470035.9201291251
 20
4349650.439123885
 10
470034.9201291251
 20
4349650.439123885
  0
TEXT
  5
5D5
330
17
100
AcDbEntity
  8
0
 62
5
100
AcDbText
 10
470035.26012912515
 20
4349650.8691238845
 30
0.0
 40
0.1333
  1
1.50
  7
CN_TTF
 11
470035.26012912515
 21
4349650.8691238845
 31
0.0
100
AcDbText
  0
LWPOLYLINE
  5
5D6
330
17
100
AcDbEntity
  8
爆区方格网
 62
5
100
AcDbPolyline
 90
5
 70
1
 10
470034.9201291251
 20
4349651.439123885
 10
470034.9201291251
 20
4349652.439123885
 10
470035.9201291251
 20
4349652.439123885
 10
470035.9201291251
 20
4349651.439123885
 10
470034.9201291251
 20
4349651.439123885
  0
TEXT
  5
5D7
330
17
100
AcDbEntity
  8
0
 62
5
100
AcDbText
 10
470035.26012912515
 20
4349651.8691238845
 30
0.0
 40
0.1333
  1
1.30
  7
CN_TTF
 11
470035.26012912515
 21
4349651.8691238845
 31
0.0
100
AcDbText
  0
LWPOLYLINE
  5
5D8
330
17
100
AcDbEntity
  8
爆区方格网
 62
5
100
AcDbPolyline
 90
5
 70
1
 10
470034.9201291251
 20
4349652.439123885
 10
470034.9201291251
 20
4349653.439123885
 10
470035.9201291251
 20
4349653.439123885
 10
470035.9201291251
 20
4349652.439123885
 10
470034.9201291251
 20
4349652.439123885
  0
TEXT
  5
5D9
330
17
100
AcDbEntity
  8
0
 62
5
100
AcDbText
 10
470035.26012912515
 20
4349652.8691238845
 30
0.0
 40
0.1333
  1
1.30
  7
CN_TTF
 11
470035.26012912515
 21
4349652.8691238845
 31
0.0
100
AcDbText
  0
LWPOLYLINE
  5
5DA
330
17
100
AcDbEntity
  8
爆区方格网
 62
5
100
AcDbPolyline
 90
5
 70
1
 10
470034.9201291251
 20
4349653.439123885
 10
470034.9201291251
 20
4349654.439123885
 10
470035.9201291251
 20
4349654.439123885
 10
470035.9201291251
 20
4349653.439123885
 10
470034.9201291251
 20
4349653.439123885
  0
TEXT
  5
5DB
330
17
100
AcDbEntity
  8
0
 62
5
100
AcDbText
 10
470035.26012912515
 20
4349653.8691238845
 30
0.0
 40
0.1333
  1
1.30
  7
CN_TTF
 11
470035.26012912515
 21
4349653.8691238845
 31
0.0
100
AcDbText
  0
LWPOLYLINE
  5
5DC
330
17
100
AcDbEntity
  8
爆区方格网
 62
5
100
AcDbPolyline
 90
5
 70
1
 10
470034.9201291251
 20
4349654.439123885
 10
470034.9201291251
 20
4349655.439123885
 10
470035.9201291251
 20
4349655.439123885
 10
470035.9201291251
 20
4349654.439123885
 10
470034.9201291251
 20
4349654.439123885
  0
TEXT
  5
5DD
330
17
100
AcDbEntity
  8
0
 62
5
100
AcDbText
 10
470035.26012912515
 20
4349654.8691238845
 30
0.0
 40
0.1333
  1
1.30
  7
CN_TTF
 11
470035.26012912515
 21
4349654.8691238845
 31
0.0
100
AcDbText
  0
LWPOLYLINE
  5
5DE
330
17
100
AcDbEntity
  8
爆区方格网
 62
5
100
AcDbPolyline
 90
6
 70
1
 10
470035.9201291251
 20
4349656.439123885
 10
470035.9201291251
 20
4349655.439123885
 10
470034.9201291251
 20
4349655.439123885
 10
470034.9201291251
 20
4349656.386674335
 10
470035.15580885374
 20
4349656.439123885
 10
470035.9201291251
 20
4349656.439123885
  0
TEXT
  5
5DF
330
17
100
AcDbEntity
  8
0
 62
5
100
AcDbText
 10
470035.26012912515
 20
4349655.84289911
 30
0.0
 40
0.1333
  1
1.30
  7
CN_TTF
 11
470035.26012912515
 21
4349655.84289911
 31
0.0
100
AcDbText
  0
LWPOLYLINE
  5
5E0
330
17
100
AcDbEntity
  8
爆区方格网
 62
5
100
AcDbPolyline
 90
5
 70
1
 10
470035.9201291251
 20
4349638.439123885
 10
470036.9201291251
 20
4349638.439123885
 10
470036.9201291251
 20
4349637.534046454
 10
470035.9201291251
 20
4349637.568103869
 10
470035.9201291251
 20
4349638.439123885
  0
TEXT
  5
5E1
330
17
100
AcDbEntity
  8
0
 62
5
100
AcDbText
 10
470036.26012912515
 20
4349637.933613877
 30
0.0
 40
0.1333
  1
1.40
  7
CN_TTF
 11
470036.26012912515
 21
4349637.933613877
 31
0.0
100
AcDbText
  0
LWPOLYLINE
  5
5E2
330
17
100
AcDbEntity
  8
爆区方格网
 62
5
100
AcDbPolyline
 90
5
 70
1
 10
470035.9201291251
 20
4349638.439123885
 10
470035.9201291251
 20
4349639.439123885
 10
470036.9201291251
 20
4349639.439123885
 10
470036.9201291251
 20
4349638.439123885
 10
470035.9201291251
 20
4349638.439123885
  0
TEXT
  5
5E3
330
17
100
AcDbEntity
  8
0
 62
5
100
AcDbText
 10
470036.26012912515
 20
4349638.8691238845
 30
0.0
 40
0.1333
  1
1.40
  7
CN_TTF
 11
470036.26012912515
 21
4349638.8691238845
 31
0.0
100
AcDbText
  0
LWPOLYLINE
  5
5E4
330
17
100
AcDbEntity
  8
爆区方格网
 62
5
100
AcDbPolyline
 90
5
 70
1
 10
470035.9201291251
 20
4349639.439123885
 10
470035.9201291251
 20
4349640.439123885
 10
470036.9201291251
 20
4349640.439123885
 10
470036.9201291251
 20
4349639.439123885
 10
470035.9201291251
 20
4349639.439123885
  0
TEXT
  5
5E5
330
17
100
AcDbEntity
  8
0
 62
5
100
AcDbText
 10
470036.26012912515
 20
4349639.8691238845
 30
0.0
 40
0.1333
  1
1.40
  7
CN_TTF
 11
470036.26012912515
 21
4349639.8691238845
 31
0.0
100
AcDbText
  0
LWPOLYLINE
  5
5E6
330
17
100
AcDbEntity
  8
爆区方格网
 62
5
100
AcDbPolyline
 90
5
 70
1
 10
470035.9201291251
 20
4349640.439123885
 10
470035.9201291251
 20
4349641.439123885
 10
470036.9201291251
 20
4349641.439123885
 10
470036.9201291251
 20
4349640.439123885
 10
470035.9201291251
 20
4349640.439123885
  0
TEXT
  5
5E7
330
17
100
AcDbEntity
  8
0
 62
5
100
AcDbText
 10
470036.26012912515
 20
4349640.8691238845
 30
0.0
 40
0.1333
  1
1.40
  7
CN_TTF
 11
470036.26012912515
 21
4349640.8691238845
 31
0.0
100
AcDbText
  0
LWPOLYLINE
  5
5E8
330
17
100
AcDbEntity
  8
爆区方格网
 62
5
100
AcDbPolyline
 90
5
 70
1
 10
470035.9201291251
 20
4349641.439123885
 10
470035.9201291251
 20
4349642.439123885
 10
470036.9201291251
 20
4349642.439123885
 10
470036.9201291251
 20
4349641.439123885
 10
470035.9201291251
 20
4349641.439123885
  0
TEXT
  5
5E9
330
17
100
AcDbEntity
  8
0
 62
5
100
AcDbText
 10
470036.26012912515
 20
4349641.8691238845
 30
0.0
 40
0.1333
  1
1.40
  7
CN_TTF
 11
470036.26012912515
 21
4349641.8691238845
 31
0.0
100
AcDbText
  0
LWPOLYLINE
  5
5EA
330
17
100
AcDbEntity
  8
爆区方格网
 62
5
100
AcDbPolyline
 90
5
 70
1
 10
470035.9201291251
 20
4349642.439123885
 10
470035.9201291251
 20
4349643.439123885
 10
470036.9201291251
 20
4349643.439123885
 10
470036.9201291251
 20
4349642.439123885
 10
470035.9201291251
 20
4349642.439123885
  0
TEXT
  5
5EB
330
17
100
AcDbEntity
  8
0
 62
5
100
AcDbText
 10
470036.26012912515
 20
4349642.8691238845
 30
0.0
 40
0.1333
  1
1.40
  7
CN_TTF
 11
470036.26012912515
 21
4349642.8691238845
 31
0.0
100
AcDbText
  0
LWPOLYLINE
  5
5EC
330
17
100
AcDbEntity
  8
爆区方格网
 62
5
100
AcDbPolyline
 90
6
 70
1
 10
470036.9201291251
 20
4349643.439123885
 10
470035.9201291251
 20
4349643.439123885
 10
470035.9201291251
 20
4349644.439123885
 10
470036.5890002717
 20
4349644.439123885
 10
470036.9201291251
 20
4349644.183433125
 10
470036.9201291251
 20
4349643.439123885
  0
TEXT
  5
5ED
330
17
100
AcDbEntity
  8
0
 62
5
100
AcDbText
 10
470036.26012912515
 20
4349643.741278505
 30
0.0
 40
0.1333
  1
1.40
  7
CN_TTF
 11
470036.26012912515
 21
4349643.741278505
 31
0.0
100
AcDbText
  0
LWPOLYLINE
  5
5EE
330
17
100
AcDbEntity
  8
爆区方格网
 62
5
100
AcDbPolyline
 90
6
 70
1
 10
470035.9201291251
 20
4349645.439123885
 10
470035.9201291251
 20
4349646.439123885
 10
470036.9201291251
 20
4349646.439123885
 10
470036.9201291251
 20
4349646.410079417
 10
470036.35957047273
 20
4349645.439123885
 10
470035.9201291251
 20
4349645.439123885
  0
TEXT
  5
5EF
330
17
100
AcDbEntity
  8
0
 62
5
100
AcDbText
 10
470036.119989462
 20
4349645.8546016505
 30
0.0
 40
0.1333
  1
1.50
  7
CN_TTF
 11
470036.119989462
 21
4349645.8546016505
 31
0.0
100
AcDbText
  0
LWPOLYLINE
  5
5F0
330
17
100
AcDbEntity
  8
爆区方格网
 62
5
100
AcDbPolyline
 90
5
 70
1
 10
470035.9201291251
 20
4349649.439123885
 10
470036.9201291251
 20
4349649.439123885
 10
470036.9201291251
 20
4349648.843978201
 10
470035.9201291251
 20
4349648.789726758
 10
470035.9201291251
 20
4349649.439123885
  0
TEXT
  5
5F1
330
17
100
AcDbEntity
  8
0
 62
5
100
AcDbText
 10
470036.26012912515
 20
4349649.071551043
 30
0.0
 40
0.1333
  1
1.50
  7
CN_TTF
 11
470036.26012912515
 21
4349649.071551043
 31
0.0
100
AcDbText
  0
LWPOLYLINE
  5
5F2
330
17
100
AcDbEntity
  8
爆区方格网
 62
5
100
AcDbPolyline
 90
5
 70
1
 10
470035.9201291251
 20
4349649.439123885
 10
470035.9201291251
 20
4349650.439123885
 10
470036.9201291251
 20
4349650.439123885
 10
470036.9201291251
 20
4349649.439123885
 10
470035.9201291251
 20
4349649.439123885
  0
TEXT
  5
5F3
330
17
100
AcDbEntity
  8
0
 62
5
100
AcDbText
 10
470036.26012912515
 20
4349649.8691238845
 30
0.0
 40
0.1333
  1
1.50
  7
CN_TTF
 11
470036.26012912515
 21
4349649.8691238845
 31
0.0
100
AcDbText
  0
LWPOLYLINE
  5
5F4
330
17
100
AcDbEntity
  8
爆区方格网
 62
5
100
AcDbPolyline
 90
5
 70
1
 10
470035.9201291251
 20
4349650.439123885
 10
470035.9201291251
 20
4349651.439123885
 10
470036.9201291251
 20
4349651.439123885
 10
470036.9201291251
 20
4349650.439123885
 10
470035.9201291251
 20
4349650.439123885
  0
TEXT
  5
5F5
330
17
100
AcDbEntity
  8
0
 62
5
100
AcDbText
 10
470036.26012912515
 20
4349650.8691238845
 30
0.0
 40
0.1333
  1
1.50
  7
CN_TTF
 11
470036.26012912515
 21
4349650.8691238845
 31
0.0
100
AcDbText
  0
LWPOLYLINE
  5
5F6
330
17
100
AcDbEntity
  8
爆区方格网
 62
5
100
AcDbPolyline
 90
5
 70
1
 10
470035.9201291251
 20
4349651.439123885
 10
470035.9201291251
 20
4349652.439123885
 10
470036.9201291251
 20
4349652.439123885
 10
470036.9201291251
 20
4349651.439123885
 10
470035.9201291251
 20
4349651.439123885
  0
TEXT
  5
5F7
330
17
100
AcDbEntity
  8
0
 62
5
100
AcDbText
 10
470036.26012912515
 20
4349651.8691238845
 30
0.0
 40
0.1333
  1
1.30
  7
CN_TTF
 11
470036.26012912515
 21
4349651.8691238845
 31
0.0
100
AcDbText
  0
LWPOLYLINE
  5
5F8
330
17
100
AcDbEntity
  8
爆区方格网
 62
5
100
AcDbPolyline
 90
5
 70
1
 10
470035.9201291251
 20
4349652.439123885
 10
470035.9201291251
 20
4349653.439123885
 10
470036.9201291251
 20
4349653.439123885
 10
470036.9201291251
 20
4349652.439123885
 10
470035.9201291251
 20
4349652.439123885
  0
TEXT
  5
5F9
330
17
100
AcDbEntity
  8
0
 62
5
100
AcDbText
 10
470036.26012912515
 20
4349652.8691238845
 30
0.0
 40
0.1333
  1
1.30
  7
CN_TTF
 11
470036.26012912515
 21
4349652.8691238845
 31
0.0
100
AcDbText
  0
LWPOLYLINE
  5
5FA
330
17
100
AcDbEntity
  8
爆区方格网
 62
5
100
AcDbPolyline
 90
5
 70
1
 10
470035.9201291251
 20
4349653.439123885
 10
470035.9201291251
 20
4349654.439123885
 10
470036.9201291251
 20
4349654.439123885
 10
470036.9201291251
 20
4349653.439123885
 10
470035.9201291251
 20
4349653.439123885
  0
TEXT
  5
5FB
330
17
100
AcDbEntity
  8
0
 62
5
100
AcDbText
 10
470036.26012912515
 20
4349653.8691238845
 30
0.0
 40
0.1333
  1
1.30
  7
CN_TTF
 11
470036.26012912515
 21
4349653.8691238845
 31
0.0
100
AcDbText
  0
LWPOLYLINE
  5
5FC
330
17
100
AcDbEntity
  8
爆区方格网
 62
5
100
AcDbPolyline
 90
5
 70
1
 10
470035.9201291251
 20
4349654.439123885
 10
470035.9201291251
 20
4349655.439123885
 10
470036.9201291251
 20
4349655.439123885
 10
470036.9201291251
 20
4349654.439123885
 10
470035.9201291251
 20
4349654.439123885
  0
TEXT
  5
5FD
330
17
100
AcDbEntity
  8
0
 62
5
100
AcDbText
 10
470036.26012912515
 20
4349654.8691238845
 30
0.0
 40
0.1333
  1
1.30
  7
CN_TTF
 11
470036.26012912515
 21
4349654.8691238845
 31
0.0
100
AcDbText
  0
LWPOLYLINE
  5
5FE
330
17
100
AcDbEntity
  8
爆区方格网
 62
5
100
AcDbPolyline
 90
5
 70
1
 10
470035.9201291251
 20
4349655.439123885
 10
470035.9201291251
 20
4349656.439123885
 10
470036.9201291251
 20
4349656.439123885
 10
470036.9201291251
 20
4349655.439123885
 10
470035.9201291251
 20
4349655.439123885
  0
TEXT
  5
5FF
330
17
100
AcDbEntity
  8
0
 62
5
100
AcDbText
 10
470036.26012912515
 20
4349655.8691238845
 30
0.0
 40
0.1333
  1
1.30
  7
CN_TTF
 11
470036.26012912515
 21
4349655.8691238845
 31
0.0
100
AcDbText
  0
LWPOLYLINE
  5
600
330
17
100
AcDbEntity
  8
爆区方格网
 62
5
100
AcDbPolyline
 90
6
 70
1
 10
470036.9201291251
 20
4349638.439123885
 10
470037.9201291251
 20
4349638.439123885
 10
470037.9201291251
 20
4349637.499989039
 10
470036.9780467476
 20
4349637.53207393
 10
470036.9201291251
 20
4349637.534046454
 10
470036.9201291251
 20
4349638.439123885
  0
TEXT
  5
601
330
17
100
AcDbEntity
  8
0
 62
5
100
AcDbText
 10
470037.26012912515
 20
4349637.91658517
 30
0.0
 40
0.1333
  1
1.39
  7
CN_TTF
 11
470037.26012912515
 21
4349637.91658517
 31
0.0
100
AcDbText
  0
LWPOLYLINE
  5
602
330
17
100
AcDbEntity
  8
爆区方格网
 62
5
100
AcDbPolyline
 90
5
 70
1
 10
470036.9201291251
 20
4349638.439123885
 10
470036.9201291251
 20
4349639.439123885
 10
470037.9201291251
 20
4349639.439123885
 10
470037.9201291251
 20
4349638.439123885
 10
470036.9201291251
 20
4349638.439123885
  0
TEXT
  5
603
330
17
100
AcDbEntity
  8
0
 62
5
100
AcDbText
 10
470037.26012912515
 20
4349638.8691238845
 30
0.0
 40
0.1333
  1
1.39
  7
CN_TTF
 11
470037.26012912515
 21
4349638.8691238845
 31
0.0
100
AcDbText
  0
LWPOLYLINE
  5
604
330
17
100
AcDbEntity
  8
爆区方格网
 62
5
100
AcDbPolyline
 90
5
 70
1
 10
470036.9201291251
 20
4349639.439123885
 10
470036.9201291251
 20
4349640.439123885
 10
470037.9201291251
 20
4349640.439123885
 10
470037.9201291251
 20
4349639.439123885
 10
470036.9201291251
 20
4349639.439123885
  0
TEXT
  5
605
330
17
100
AcDbEntity
  8
0
 62
5
100
AcDbText
 10
470037.26012912515
 20
4349639.8691238845
 30
0.0
 40
0.1333
  1
1.40
  7
CN_TTF
 11
470037.26012912515
 21
4349639.8691238845
 31
0.0
100
AcDbText
  0
LWPOLYLINE
  5
606
330
17
100
AcDbEntity
  8
爆区方格网
 62
5
100
AcDbPolyline
 90
5
 70
1
 10
470036.9201291251
 20
4349640.439123885
 10
470036.9201291251
 20
4349641.439123885
 10
470037.9201291251
 20
4349641.439123885
 10
470037.9201291251
 20
4349640.439123885
 10
470036.9201291251
 20
4349640.439123885
  0
TEXT
  5
607
330
17
100
AcDbEntity
  8
0
 62
5
100
AcDbText
 10
470037.26012912515
 20
4349640.8691238845
 30
0.0
 40
0.1333
  1
1.40
  7
CN_TTF
 11
470037.26012912515
 21
4349640.8691238845
 31
0.0
100
AcDbText
  0
LWPOLYLINE
  5
608
330
17
100
AcDbEntity
  8
爆区方格网
 62
5
100
AcDbPolyline
 90
5
 70
1
 10
470036.9201291251
 20
4349641.439123885
 10
470036.9201291251
 20
4349642.439123885
 10
470037.9201291251
 20
4349642.439123885
 10
470037.9201291251
 20
4349641.439123885
 10
470036.9201291251
 20
4349641.439123885
  0
TEXT
  5
609
330
17
100
AcDbEntity
  8
0
 62
5
100
AcDbText
 10
470037.26012912515
 20
4349641.8691238845
 30
0.0
 40
0.1333
  1
1.40
  7
CN_TTF
 11
470037.26012912515
 21
4349641.8691238845
 31
0.0
100
AcDbText
  0
LWPOLYLINE
  5
60A
330
17
100
AcDbEntity
  8
爆区方格网
 62
5
100
AcDbPolyline
 90
7
 70
1
 10
470037.9201291251
 20
4349642.439123885
 10
470036.9201291251
 20
4349642.439123885
 10
470036.9201291251
 20
4349643.439123885
 10
470037.88403671794
 20
4349643.439123885
 10
470037.8965
 20
4349643.4295
 10
470037.9201291251
 20
4349643.422650544
 10
470037.9201291251
 20
4349642.439123885
  0
TEXT
  5
60B
330
17
100
AcDbEntity
  8
0
 62
5
100
AcDbText
 10
470037.26012912515
 20
4349642.860887215
 30
0.0
 40
0.1333
  1
1.40
  7
CN_TTF
 11
470037.26012912515
 21
4349642.860887215
 31
0.0
100
AcDbText
  0
LWPOLYLINE
  5
60C
330
17
100
AcDbEntity
  8
爆区方格网
 62
5
100
AcDbPolyline
 90
5
 70
1
 10
470036.9201291251
 20
4349649.439123885
 10
470037.9201291251
 20
4349649.439123885
 10
470037.9201291251
 20
4349648.898229644
 10
470036.9201291251
 20
4349648.843978201
 10
470036.9201291251
 20
4349649.439123885
  0
TEXT
  5
60D
330
17
100
AcDbEntity
  8
0
 62
5
100
AcDbText
 10
470037.26012912515
 20
4349649.0986767635
 30
0.0
 40
0.1333
  1
1.50
  7
CN_TTF
 11
470037.26012912515
 21
4349649.0986767635
 31
0.0
100
AcDbText
  0
LWPOLYLINE
  5
60E
330
17
100
AcDbEntity
  8
爆区方格网
 62
5
100
AcDbPolyline
 90
5
 70
1
 10
470036.9201291251
 20
4349649.439123885
 10
470036.9201291251
 20
4349650.439123885
 10
470037.9201291251
 20
4349650.439123885
 10
470037.9201291251
 20
4349649.439123885
 10
470036.9201291251
 20
4349649.439123885
  0
TEXT
  5
60F
330
17
100
AcDbEntity
  8
0
 62
5
100
AcDbText
 10
470037.26012912515
 20
4349649.8691238845
 30
0.0
 40
0.1333
  1
1.50
  7
CN_TTF
 11
470037.26012912515
 21
4349649.8691238845
 31
0.0
100
AcDbText
  0
LWPOLYLINE
  5
610
330
17
100
AcDbEntity
  8
爆区方格网
 62
5
100
AcDbPolyline
 90
5
 70
1
 10
470036.9201291251
 20
4349650.439123885
 10
470036.9201291251
 20
4349651.439123885
 10
470037.9201291251
 20
4349651.439123885
 10
470037.9201291251
 20
4349650.439123885
 10
470036.9201291251
 20
4349650.439123885
  0
TEXT
  5
611
330
17
100
AcDbEntity
  8
0
 62
5
100
AcDbText
 10
470037.26012912515
 20
4349650.8691238845
 30
0.0
 40
0.1333
  1
1.30
  7
CN_TTF
 11
470037.26012912515
 21
4349650.8691238845
 31
0.0
100
AcDbText
  0
LWPOLYLINE
  5
612
330
17
100
AcDbEntity
  8
爆区方格网
 62
5
100
AcDbPolyline
 90
5
 70
1
 10
470036.9201291251
 20
4349651.439123885
 10
470036.9201291251
 20
4349652.439123885
 10
470037.9201291251
 20
4349652.439123885
 10
470037.9201291251
 20
4349651.439123885
 10
470036.9201291251
 20
4349651.439123885
  0
TEXT
  5
613
330
17
100
AcDbEntity
  8
0
 62
5
100
AcDbText
 10
470037.26012912515
 20
4349651.8691238845
 30
0.0
 40
0.1333
  1
1.30
  7
CN_TTF
 11
470037.26012912515
 21
4349651.8691238845
 31
0.0
100
AcDbText
  0
LWPOLYLINE
  5
614
330
17
100
AcDbEntity
  8
爆区方格网
 62
5
100
AcDbPolyline
 90
5
 70
1
 10
470036.9201291251
 20
4349652.439123885
 10
470036.9201291251
 20
4349653.439123885
 10
470037.9201291251
 20
4349653.439123885
 10
470037.9201291251
 20
4349652.439123885
 10
470036.9201291251
 20
4349652.439123885
  0
TEXT
  5
615
330
17
100
AcDbEntity
  8
0
 62
5
100
AcDbText
 10
470037.26012912515
 20
4349652.8691238845
 30
0.0
 40
0.1333
  1
1.30
  7
CN_TTF
 11
470037.26012912515
 21
4349652.8691238845
 31
0.0
100
AcDbText
  0
LWPOLYLINE
  5
616
330
17
100
AcDbEntity
  8
爆区方格网
 62
5
100
AcDbPolyline
 90
5
 70
1
 10
470036.9201291251
 20
4349653.439123885
 10
470036.9201291251
 20
4349654.439123885
 10
470037.9201291251
 20
4349654.439123885
 10
470037.9201291251
 20
4349653.439123885
 10
470036.9201291251
 20
4349653.439123885
  0
TEXT
  5
617
330
17
100
AcDbEntity
  8
0
 62
5
100
AcDbText
 10
470037.26012912515
 20
4349653.8691238845
 30
0.0
 40
0.1333
  1
1.30
  7
CN_TTF
 11
470037.26012912515
 21
4349653.8691238845
 31
0.0
100
AcDbText
  0
LWPOLYLINE
  5
618
330
17
100
AcDbEntity
  8
爆区方格网
 62
5
100
AcDbPolyline
 90
5
 70
1
 10
470036.9201291251
 20
4349654.439123885
 10
470036.9201291251
 20
4349655.439123885
 10
470037.9201291251
 20
4349655.439123885
 10
470037.9201291251
 20
4349654.439123885
 10
470036.9201291251
 20
4349654.439123885
  0
TEXT
  5
619
330
17
100
AcDbEntity
  8
0
 62
5
100
AcDbText
 10
470037.26012912515
 20
4349654.8691238845
 30
0.0
 40
0.1333
  1
1.30
  7
CN_TTF
 11
470037.26012912515
 21
4349654.8691238845
 31
0.0
100
AcDbText
  0
LWPOLYLINE
  5
61A
330
17
100
AcDbEntity
  8
爆区方格网
 62
5
100
AcDbPolyline
 90
5
 70
1
 10
470036.9201291251
 20
4349655.439123885
 10
470036.9201291251
 20
4349656.439123885
 10
470037.9201291251
 20
4349656.439123885
 10
470037.9201291251
 20
4349655.439123885
 10
470036.9201291251
 20
4349655.439123885
  0
TEXT
  5
61B
330
17
100
AcDbEntity
  8
0
 62
5
100
AcDbText
 10
470037.26012912515
 20
4349655.8691238845
 30
0.0
 40
0.1333
  1
1.30
  7
CN_TTF
 11
470037.26012912515
 21
4349655.8691238845
 31
0.0
100
AcDbText
  0
LWPOLYLINE
  5
61C
330
17
100
AcDbEntity
  8
爆区方格网
 62
5
100
AcDbPolyline
 90
6
 70
1
 10
470037.9201291251
 20
4349656.439123885
 10
470036.9201291251
 20
4349656.439123885
 10
470036.9201291251
 20
4349656.831766072
 10
470037.5041670186
 20
4349656.961741292
 10
470037.9201291251
 20
4349657.029581927
 10
470037.9201291251
 20
4349656.439123885
  0
TEXT
  5
61D
330
17
100
AcDbEntity
  8
0
 62
5
100
AcDbText
 10
470037.26012912515
 20
4349656.565444978
 30
0.0
 40
0.1333
  1
1.30
  7
CN_TTF
 11
470037.26012912515
 21
4349656.565444978
 31
0.0
100
AcDbText
  0
LWPOLYLINE
  5
61E
330
17
100
AcDbEntity
  8
爆区方格网
 62
5
100
AcDbPolyline
 90
5
 70
1
 10
470037.9201291251
 20
4349638.439123885
 10
470038.9201291251
 20
4349638.439123885
 10
470038.9201291251
 20
4349637.465931623
 10
470037.9201291251
 20
4349637.499989039
 10
470037.9201291251
 20
4349638.439123885
  0
TEXT
  5
61F
330
17
100
AcDbEntity
  8
0
 62
5
100
AcDbText
 10
470038.26012912515
 20
4349637.899556462
 30
0.0
 40
0.1333
  1
1.39
  7
CN_TTF
 11
470038.26012912515
 21
4349637.899556462
 31
0.0
100
AcDbText
  0
LWPOLYLINE
  5
620
330
17
100
AcDbEntity
  8
爆区方格网
 62
5
100
AcDbPolyline
 90
5
 70
1
 10
470037.9201291251
 20
4349638.439123885
 10
470037.9201291251
 20
4349639.439123885
 10
470038.9201291251
 20
4349639.439123885
 10
470038.9201291251
 20
4349638.439123885
 10
470037.9201291251
 20
4349638.439123885
  0
TEXT
  5
621
330
17
100
AcDbEntity
  8
0
 62
5
100
AcDbText
 10
470038.26012912515
 20
4349638.8691238845
 30
0.0
 40
0.1333
  1
1.39
  7
CN_TTF
 11
470038.26012912515
 21
4349638.8691238845
 31
0.0
100
AcDbText
  0
LWPOLYLINE
  5
622
330
17
100
AcDbEntity
  8
爆区方格网
 62
5
100
AcDbPolyline
 90
5
 70
1
 10
470037.9201291251
 20
4349639.439123885
 10
470037.9201291251
 20
4349640.439123885
 10
470038.9201291251
 20
4349640.439123885
 10
470038.9201291251
 20
4349639.439123885
 10
470037.9201291251
 20
4349639.439123885
  0
TEXT
  5
623
330
17
100
AcDbEntity
  8
0
 62
5
100
AcDbText
 10
470038.26012912515
 20
4349639.8691238845
 30
0.0
 40
0.1333
  1
1.39
  7
CN_TTF
 11
470038.26012912515
 21
4349639.8691238845
 31
0.0
100
AcDbText
  0
LWPOLYLINE
  5
624
330
17
100
AcDbEntity
  8
爆区方格网
 62
5
100
AcDbPolyline
 90
5
 70
1
 10
470037.9201291251
 20
4349640.439123885
 10
470037.9201291251
 20
4349641.439123885
 10
470038.9201291251
 20
4349641.439123885
 10
470038.9201291251
 20
4349640.439123885
 10
470037.9201291251
 20
4349640.439123885
  0
TEXT
  5
625
330
17
100
AcDbEntity
  8
0
 62
5
100
AcDbText
 10
470038.26012912515
 20
4349640.8691238845
 30
0.0
 40
0.1333
  1
1.39
  7
CN_TTF
 11
470038.26012912515
 21
4349640.8691238845
 31
0.0
100
AcDbText
  0
LWPOLYLINE
  5
626
330
17
100
AcDbEntity
  8
爆区方格网
 62
5
100
AcDbPolyline
 90
5
 70
1
 10
470037.9201291251
 20
4349641.439123885
 10
470037.9201291251
 20
4349642.439123885
 10
470038.9201291251
 20
4349642.439123885
 10
470038.9201291251
 20
4349641.439123885
 10
470037.9201291251
 20
4349641.439123885
  0
TEXT
  5
627
330
17
100
AcDbEntity
  8
0
 62
5
100
AcDbText
 10
470038.26012912515
 20
4349641.8691238845
 30
0.0
 40
0.1333
  1
1.39
  7
CN_TTF
 11
470038.26012912515
 21
4349641.8691238845
 31
0.0
100
AcDbText
  0
LWPOLYLINE
  5
628
330
17
100
AcDbEntity
  8
爆区方格网
 62
5
100
AcDbPolyline
 90
7
 70
1
 10
470038.9201291251
 20
4349642.439123885
 10
470037.9201291251
 20
4349642.439123885
 10
470037.9201291251
 20
4349643.422650544
 10
470038.6262365194
 20
4349643.217968781
 10
470038.6948924721
 20
4349643.198067245
 10
470038.9201291251
 20
4349643.1327771265
 10
470038.9201291251
 20
4349642.439123885
  0
TEXT
  5
629
330
17
100
AcDbEntity
  8
0
 62
5
100
AcDbText
 10
470038.26012912515
 20
4349642.715950506
 30
0.0
 40
0.1333
  1
1.40
  7
CN_TTF
 11
470038.26012912515
 21
4349642.715950506
 31
0.0
100
AcDbText
  0
LWPOLYLINE
  5
62A
330
17
100
AcDbEntity
  8
爆区方格网
 62
5
100
AcDbPolyline
 90
5
 70
1
 10
470037.9201291251
 20
4349649.439123885
 10
470038.9201291251
 20
4349649.439123885
 10
470038.9201291251
 20
4349648.952481086
 10
470037.9201291251
 20
4349648.898229644
 10
470037.9201291251
 20
4349649.439123885
  0
TEXT
  5
62B
330
17
100
AcDbEntity
  8
0
 62
5
100
AcDbText
 10
470038.26012912515
 20
4349649.125802485
 30
0.0
 40
0.1333
  1
1.50
  7
CN_TTF
 11
470038.26012912515
 21
4349649.125802485
 31
0.0
100
AcDbText
  0
LWPOLYLINE
  5
62C
330
17
100
AcDbEntity
  8
爆区方格网
 62
5
100
AcDbPolyline
 90
5
 70
1
 10
470037.9201291251
 20
4349649.439123885
 10
470037.9201291251
 20
4349650.439123885
 10
470038.9201291251
 20
4349650.439123885
 10
470038.9201291251
 20
4349649.439123885
 10
470037.9201291251
 20
4349649.439123885
  0
TEXT
  5
62D
330
17
100
AcDbEntity
  8
0
 62
5
100
AcDbText
 10
470038.26012912515
 20
4349649.8691238845
 30
0.0
 40
0.1333
  1
1.50
  7
CN_TTF
 11
470038.26012912515
 21
4349649.8691238845
 31
0.0
100
AcDbText
  0
LWPOLYLINE
  5
62E
330
17
100
AcDbEntity
  8
爆区方格网
 62
5
100
AcDbPolyline
 90
5
 70
1
 10
470037.9201291251
 20
4349650.439123885
 10
470037.9201291251
 20
4349651.439123885
 10
470038.9201291251
 20
4349651.439123885
 10
470038.9201291251
 20
4349650.439123885
 10
470037.9201291251
 20
4349650.439123885
  0
TEXT
  5
62F
330
17
100
AcDbEntity
  8
0
 62
5
100
AcDbText
 10
470038.26012912515
 20
4349650.8691238845
 30
0.0
 40
0.1333
  1
1.30
  7
CN_TTF
 11
470038.26012912515
 21
4349650.8691238845
 31
0.0
100
AcDbText
  0
LWPOLYLINE
  5
630
330
17
100
AcDbEntity
  8
爆区方格网
 62
5
100
AcDbPolyline
 90
5
 70
1
 10
470037.9201291251
 20
4349651.439123885
 10
470037.9201291251
 20
4349652.439123885
 10
470038.9201291251
 20
4349652.439123885
 10
470038.9201291251
 20
4349651.439123885
 10
470037.9201291251
 20
4349651.439123885
  0
TEXT
  5
631
330
17
100
AcDbEntity
  8
0
 62
5
100
AcDbText
 10
470038.26012912515
 20
4349651.8691238845
 30
0.0
 40
0.1333
  1
1.30
  7
CN_TTF
 11
470038.26012912515
 21
4349651.8691238845
 31
0.0
100
AcDbText
  0
LWPOLYLINE
  5
632
330
17
100
AcDbEntity
  8
爆区方格网
 62
5
100
AcDbPolyline
 90
5
 70
1
 10
470037.9201291251
 20
4349652.439123885
 10
470037.9201291251
 20
4349653.439123885
 10
470038.9201291251
 20
4349653.439123885
 10
470038.9201291251
 20
4349652.439123885
 10
470037.9201291251
 20
4349652.439123885
  0
TEXT
  5
633
330
17
100
AcDbEntity
  8
0
 62
5
100
AcDbText
 10
470038.26012912515
 20
4349652.8691238845
 30
0.0
 40
0.1333
  1
1.30
  7
CN_TTF
 11
470038.26012912515
 21
4349652.8691238845
 31
0.0
100
AcDbText
  0
LWPOLYLINE
  5
634
330
17
100
AcDbEntity
  8
爆区方格网
 62
5
100
AcDbPolyline
 90
5
 70
1
 10
470037.9201291251
 20
4349653.439123885
 10
470037.9201291251
 20
4349654.439123885
 10
470038.9201291251
 20
4349654.439123885
 10
470038.9201291251
 20
4349653.439123885
 10
470037.9201291251
 20
4349653.439123885
  0
TEXT
  5
635
330
17
100
AcDbEntity
  8
0
 62
5
100
AcDbText
 10
470038.26012912515
 20
4349653.8691238845
 30
0.0
 40
0.1333
  1
1.30
  7
CN_TTF
 11
470038.26012912515
 21
4349653.8691238845
 31
0.0
100
AcDbText
  0
LWPOLYLINE
  5
636
330
17
100
AcDbEntity
  8
爆区方格网
 62
5
100
AcDbPolyline
 90
5
 70
1
 10
470037.9201291251
 20
4349654.439123885
 10
470037.9201291251
 20
4349655.439123885
 10
470038.9201291251
 20
4349655.439123885
 10
470038.9201291251
 20
4349654.439123885
 10
470037.9201291251
 20
4349654.439123885
  0
TEXT
  5
637
330
17
100
AcDbEntity
  8
0
 62
5
100
AcDbText
 10
470038.26012912515
 20
4349654.8691238845
 30
0.0
 40
0.1333
  1
1.30
  7
CN_TTF
 11
470038.26012912515
 21
4349654.8691238845
 31
0.0
100
AcDbText
  0
LWPOLYLINE
  5
638
330
17
100
AcDbEntity
  8
爆区方格网
 62
5
100
AcDbPolyline
 90
5
 70
1
 10
470037.9201291251
 20
4349655.439123885
 10
470037.9201291251
 20
4349656.439123885
 10
470038.9201291251
 20
4349656.439123885
 10
470038.9201291251
 20
4349655.439123885
 10
470037.9201291251
 20
4349655.439123885
  0
TEXT
  5
639
330
17
100
AcDbEntity
  8
0
 62
5
100
AcDbText
 10
470038.26012912515
 20
4349655.8691238845
 30
0.0
 40
0.1333
  1
1.30
  7
CN_TTF
 11
470038.26012912515
 21
4349655.8691238845
 31
0.0
100
AcDbText
  0
LWPOLYLINE
  5
63A
330
17
100
AcDbEntity
  8
爆区方格网
 62
5
100
AcDbPolyline
 90
5
 70
1
 10
470038.9201291251
 20
4349656.439123885
 10
470037.9201291251
 20
4349656.439123885
 10
470037.9201291251
 20
4349657.029581927
 10
470038.9201291251
 20
4349657.192675232
 10
470038.9201291251
 20
4349656.439123885
  0
TEXT
  5
63B
330
17
100
AcDbEntity
  8
0
 62
5
100
AcDbText
 10
470038.26012912515
 20
4349656.664352905
 30
0.0
 40
0.1333
  1
1.30
  7
CN_TTF
 11
470038.26012912515
 21
4349656.664352905
 31
0.0
100
AcDbText
  0
LWPOLYLINE
  5
63C
330
17
100
AcDbEntity
  8
爆区方格网
 62
5
100
AcDbPolyline
 90
6
 70
1
 10
470038.9201291251
 20
4349638.439123885
 10
470039.9201291251
 20
4349638.439123885
 10
470039.9201291251
 20
4349637.457688055
 10
470039.7072628083
 20
4349637.439123885
 10
470038.9201291251
 20
4349637.465931623
 10
470038.9201291251
 20
4349638.439123885
  0
TEXT
  5
63D
330
17
100
AcDbEntity
  8
0
 62
5
100
AcDbText
 10
470039.26012912515
 20
4349637.882527754
 30
0.0
 40
0.1333
  1
1.39
  7
CN_TTF
 11
470039.26012912515
 21
4349637.882527754
 31
0.0
100
AcDbText
  0
LWPOLYLINE
  5
63E
330
17
100
AcDbEntity
  8
爆区方格网
 62
5
100
AcDbPolyline
 90
5
 70
1
 10
470038.9201291251
 20
4349638.439123885
 10
470038.9201291251
 20
4349639.439123885
 10
470039.9201291251
 20
4349639.439123885
 10
470039.9201291251
 20
4349638.439123885
 10
470038.9201291251
 20
4349638.439123885
  0
TEXT
  5
63F
330
17
100
AcDbEntity
  8
0
 62
5
100
AcDbText
 10
470039.26012912515
 20
4349638.8691238845
 30
0.0
 40
0.1333
  1
1.39
  7
CN_TTF
 11
470039.26012912515
 21
4349638.8691238845
 31
0.0
100
AcDbText
  0
LWPOLYLINE
  5
640
330
17
100
AcDbEntity
  8
爆区方格网
 62
5
100
AcDbPolyline
 90
5
 70
1
 10
470038.9201291251
 20
4349639.439123885
 10
470038.9201291251
 20
4349640.439123885
 10
470039.9201291251
 20
4349640.439123885
 10
470039.9201291251
 20
4349639.439123885
 10
470038.9201291251
 20
4349639.439123885
  0
TEXT
  5
641
330
17
100
AcDbEntity
  8
0
 62
5
100
AcDbText
 10
470039.26012912515
 20
4349639.8691238845
 30
0.0
 40
0.1333
  1
1.39
  7
CN_TTF
 11
470039.26012912515
 21
4349639.8691238845
 31
0.0
100
AcDbText
  0
LWPOLYLINE
  5
642
330
17
100
AcDbEntity
  8
爆区方格网
 62
5
100
AcDbPolyline
 90
5
 70
1
 10
470038.9201291251
 20
4349640.439123885
 10
470038.9201291251
 20
4349641.439123885
 10
470039.9201291251
 20
4349641.439123885
 10
470039.9201291251
 20
4349640.439123885
 10
470038.9201291251
 20
4349640.439123885
  0
TEXT
  5
643
330
17
100
AcDbEntity
  8
0
 62
5
100
AcDbText
 10
470039.26012912515
 20
4349640.8691238845
 30
0.0
 40
0.1333
  1
1.39
  7
CN_TTF
 11
470039.26012912515
 21
4349640.8691238845
 31
0.0
100
AcDbText
  0
LWPOLYLINE
  5
644
330
17
100
AcDbEntity
  8
爆区方格网
 62
5
100
AcDbPolyline
 90
5
 70
1
 10
470038.9201291251
 20
4349641.439123885
 10
470038.9201291251
 20
4349642.439123885
 10
470039.9201291251
 20
4349642.439123885
 10
470039.9201291251
 20
4349641.439123885
 10
470038.9201291251
 20
4349641.439123885
  0
TEXT
  5
645
330
17
100
AcDbEntity
  8
0
 62
5
100
AcDbText
 10
470039.26012912515
 20
4349641.8691238845
 30
0.0
 40
0.1333
  1
1.39
  7
CN_TTF
 11
470039.26012912515
 21
4349641.8691238845
 31
0.0
100
AcDbText
  0
LWPOLYLINE
  5
646
330
17
100
AcDbEntity
  8
爆区方格网
 62
5
100
AcDbPolyline
 90
6
 70
1
 10
470039.9201291251
 20
4349642.439123885
 10
470038.9201291251
 20
4349642.439123885
 10
470038.9201291251
 20
4349643.1327771265
 10
470039.4765
 20
4349642.9715
 10
470039.9201291251
 20
4349643.135207981
 10
470039.9201291251
 20
4349642.439123885
  0
TEXT
  5
647
330
17
100
AcDbEntity
  8
0
 62
5
100
AcDbText
 10
470039.26012912515
 20
4349642.635311943
 30
0.0
 40
0.1333
  1
1.39
  7
CN_TTF
 11
470039.26012912515
 21
4349642.635311943
 31
0.0
100
AcDbText
  0
LWPOLYLINE
  5
648
330
17
100
AcDbEntity
  8
爆区方格网
 62
5
100
AcDbPolyline
 90
5
 70
1
 10
470038.9201291251
 20
4349649.439123885
 10
470038.9201291251
 20
4349650.439123885
 10
470039.9201291251
 20
4349650.439123885
 10
470039.9201291251
 20
4349649.439123885
 10
470038.9201291251
 20
4349649.439123885
  0
TEXT
  5
649
330
17
100
AcDbEntity
  8
0
 62
5
100
AcDbText
 10
470039.26012912515
 20
4349649.8691238845
 30
0.0
 40
0.1333
  1
1.30
  7
CN_TTF
 11
470039.26012912515
 21
4349649.8691238845
 31
0.0
100
AcDbText
  0
LWPOLYLINE
  5
64A
330
17
100
AcDbEntity
  8
爆区方格网
 62
5
100
AcDbPolyline
 90
5
 70
1
 10
470038.9201291251
 20
4349650.439123885
 10
470038.9201291251
 20
4349651.439123885
 10
470039.9201291251
 20
4349651.439123885
 10
470039.9201291251
 20
4349650.439123885
 10
470038.9201291251
 20
4349650.439123885
  0
TEXT
  5
64B
330
17
100
AcDbEntity
  8
0
 62
5
100
AcDbText
 10
470039.26012912515
 20
4349650.8691238845
 30
0.0
 40
0.1333
  1
1.30
  7
CN_TTF
 11
470039.26012912515
 21
4349650.8691238845
 31
0.0
100
AcDbText
  0
LWPOLYLINE
  5
64C
330
17
100
AcDbEntity
  8
爆区方格网
 62
5
100
AcDbPolyline
 90
5
 70
1
 10
470038.9201291251
 20
4349651.439123885
 10
470038.9201291251
 20
4349652.439123885
 10
470039.9201291251
 20
4349652.439123885
 10
470039.9201291251
 20
4349651.439123885
 10
470038.9201291251
 20
4349651.439123885
  0
TEXT
  5
64D
330
17
100
AcDbEntity
  8
0
 62
5
100
AcDbText
 10
470039.26012912515
 20
4349651.8691238845
 30
0.0
 40
0.1333
  1
1.30
  7
CN_TTF
 11
470039.26012912515
 21
4349651.8691238845
 31
0.0
100
AcDbText
  0
LWPOLYLINE
  5
64E
330
17
100
AcDbEntity
  8
爆区方格网
 62
5
100
AcDbPolyline
 90
5
 70
1
 10
470038.9201291251
 20
4349652.439123885
 10
470038.9201291251
 20
4349653.439123885
 10
470039.9201291251
 20
4349653.439123885
 10
470039.9201291251
 20
4349652.439123885
 10
470038.9201291251
 20
4349652.439123885
  0
TEXT
  5
64F
330
17
100
AcDbEntity
  8
0
 62
5
100
AcDbText
 10
470039.26012912515
 20
4349652.8691238845
 30
0.0
 40
0.1333
  1
1.30
  7
CN_TTF
 11
470039.26012912515
 21
4349652.8691238845
 31
0.0
100
AcDbText
  0
LWPOLYLINE
  5
650
330
17
100
AcDbEntity
  8
爆区方格网
 62
5
100
AcDbPolyline
 90
5
 70
1
 10
470038.9201291251
 20
4349653.439123885
 10
470038.9201291251
 20
4349654.439123885
 10
470039.9201291251
 20
4349654.439123885
 10
470039.9201291251
 20
4349653.439123885
 10
470038.9201291251
 20
4349653.439123885
  0
TEXT
  5
651
330
17
100
AcDbEntity
  8
0
 62
5
100
AcDbText
 10
470039.26012912515
 20
4349653.8691238845
 30
0.0
 40
0.1333
  1
1.30
  7
CN_TTF
 11
470039.26012912515
 21
4349653.8691238845
 31
0.0
100
AcDbText
  0
LWPOLYLINE
  5
652
330
17
100
AcDbEntity
  8
爆区方格网
 62
5
100
AcDbPolyline
 90
5
 70
1
 10
470038.9201291251
 20
4349654.439123885
 10
470038.9201291251
 20
4349655.439123885
 10
470039.9201291251
 20
4349655.439123885
 10
470039.9201291251
 20
4349654.439123885
 10
470038.9201291251
 20
4349654.439123885
  0
TEXT
  5
653
330
17
100
AcDbEntity
  8
0
 62
5
100
AcDbText
 10
470039.26012912515
 20
4349654.8691238845
 30
0.0
 40
0.1333
  1
1.30
  7
CN_TTF
 11
470039.26012912515
 21
4349654.8691238845
 31
0.0
100
AcDbText
  0
LWPOLYLINE
  5
654
330
17
100
AcDbEntity
  8
爆区方格网
 62
5
100
AcDbPolyline
 90
5
 70
1
 10
470038.9201291251
 20
4349655.439123885
 10
470038.9201291251
 20
4349656.439123885
 10
470039.9201291251
 20
4349656.439123885
 10
470039.9201291251
 20
4349655.439123885
 10
470038.9201291251
 20
4349655.439123885
  0
TEXT
  5
655
330
17
100
AcDbEntity
  8
0
 62
5
100
AcDbText
 10
470039.26012912515
 20
4349655.8691238845
 30
0.0
 40
0.1333
  1
1.30
  7
CN_TTF
 11
470039.26012912515
 21
4349655.8691238845
 31
0.0
100
AcDbText
  0
LWPOLYLINE
  5
656
330
17
100
AcDbEntity
  8
爆区方格网
 62
5
100
AcDbPolyline
 90
5
 70
1
 10
470039.9201291251
 20
4349656.439123885
 10
470038.9201291251
 20
4349656.439123885
 10
470038.9201291251
 20
4349657.192675232
 10
470039.9201291251
 20
4349657.355768537
 10
470039.9201291251
 20
4349656.439123885
  0
TEXT
  5
657
330
17
100
AcDbEntity
  8
0
 62
5
100
AcDbText
 10
470039.26012912515
 20
4349656.745899558
 30
0.0
 40
0.1333
  1
1.30
  7
CN_TTF
 11
470039.26012912515
 21
4349656.745899558
 31
0.0
100
AcDbText
  0
LWPOLYLINE
  5
658
330
17
100
AcDbEntity
  8
爆区方格网
 62
5
100
AcDbPolyline
 90
5
 70
1
 10
470039.9201291251
 20
4349638.439123885
 10
470040.9201291251
 20
4349638.439123885
 10
470040.9201291251
 20
4349637.54489852
 10
470039.9201291251
 20
4349637.457688055
 10
470039.9201291251
 20
4349638.439123885
  0
TEXT
  5
659
330
17
100
AcDbEntity
  8
0
 62
5
100
AcDbText
 10
470040.26012912515
 20
4349637.922011202
 30
0.0
 40
0.1333
  1
1.39
  7
CN_TTF
 11
470040.26012912515
 21
4349637.922011202
 31
0.0
100
AcDbText
  0
LWPOLYLINE
  5
65A
330
17
100
AcDbEntity
  8
爆区方格网
 62
5
100
AcDbPolyline
 90
5
 70
1
 10
470039.9201291251
 20
4349638.439123885
 10
470039.9201291251
 20
4349639.439123885
 10
470040.9201291251
 20
4349639.439123885
 10
470040.9201291251
 20
4349638.439123885
 10
470039.9201291251
 20
4349638.439123885
  0
TEXT
  5
65B
330
17
100
AcDbEntity
  8
0
 62
5
100
AcDbText
 10
470040.26012912515
 20
4349638.8691238845
 30
0.0
 40
0.1333
  1
1.39
  7
CN_TTF
 11
470040.26012912515
 21
4349638.8691238845
 31
0.0
100
AcDbText
  0
LWPOLYLINE
  5
65C
330
17
100
AcDbEntity
  8
爆区方格网
 62
5
100
AcDbPolyline
 90
5
 70
1
 10
470039.9201291251
 20
4349639.439123885
 10
470039.9201291251
 20
4349640.439123885
 10
470040.9201291251
 20
4349640.439123885
 10
470040.9201291251
 20
4349639.439123885
 10
470039.9201291251
 20
4349639.439123885
  0
TEXT
  5
65D
330
17
100
AcDbEntity
  8
0
 62
5
100
AcDbText
 10
470040.26012912515
 20
4349639.8691238845
 30
0.0
 40
0.1333
  1
1.39
  7
CN_TTF
 11
470040.26012912515
 21
4349639.8691238845
 31
0.0
100
AcDbText
  0
LWPOLYLINE
  5
65E
330
17
100
AcDbEntity
  8
爆区方格网
 62
5
100
AcDbPolyline
 90
5
 70
1
 10
470039.9201291251
 20
4349640.439123885
 10
470039.9201291251
 20
4349641.439123885
 10
470040.9201291251
 20
4349641.439123885
 10
470040.9201291251
 20
4349640.439123885
 10
470039.9201291251
 20
4349640.439123885
  0
TEXT
  5
65F
330
17
100
AcDbEntity
  8
0
 62
5
100
AcDbText
 10
470040.26012912515
 20
4349640.8691238845
 30
0.0
 40
0.1333
  1
1.39
  7
CN_TTF
 11
470040.26012912515
 21
4349640.8691238845
 31
0.0
100
AcDbText
  0
LWPOLYLINE
  5
660
330
17
100
AcDbEntity
  8
爆区方格网
 62
5
100
AcDbPolyline
 90
5
 70
1
 10
470039.9201291251
 20
4349641.439123885
 10
470039.9201291251
 20
4349642.439123885
 10
470040.9201291251
 20
4349642.439123885
 10
470040.9201291251
 20
4349641.439123885
 10
470039.9201291251
 20
4349641.439123885
  0
TEXT
  5
661
330
17
100
AcDbEntity
  8
0
 62
5
100
AcDbText
 10
470040.26012912515
 20
4349641.8691238845
 30
0.0
 40
0.1333
  1
1.39
  7
CN_TTF
 11
470040.26012912515
 21
4349641.8691238845
 31
0.0
100
AcDbText
  0
LWPOLYLINE
  5
662
330
17
100
AcDbEntity
  8
爆区方格网
 62
5
100
AcDbPolyline
 90
7
 70
1
 10
470040.9201291251
 20
4349643.439123885
 10
470040.9201291251
 20
4349642.439123885
 10
470039.9201291251
 20
4349642.439123885
 10
470039.9201291251
 20
4349643.135207981
 10
470040.6346903098
 20
4349643.398895286
 10
470040.74370502
 20
4349643.439123885
 10
470040.9201291251
 20
4349643.439123885
  0
TEXT
  5
663
330
17
100
AcDbEntity
  8
0
 62
5
100
AcDbText
 10
470040.26012912515
 20
4349642.717165932
 30
0.0
 40
0.1333
  1
1.39
  7
CN_TTF
 11
470040.26012912515
 21
4349642.717165932
 31
0.0
100
AcDbText
  0
LWPOLYLINE
  5
664
330
17
100
AcDbEntity
  8
爆区方格网
 62
5
100
AcDbPolyline
 90
5
 70
1
 10
470039.9201291251
 20
4349649.439123885
 10
470039.9201291251
 20
4349650.439123885
 10
470040.9201291251
 20
4349650.439123885
 10
470040.9201291251
 20
4349649.439123885
 10
470039.9201291251
 20
4349649.439123885
  0
TEXT
  5
665
330
17
100
AcDbEntity
  8
0
 62
5
100
AcDbText
 10
470040.26012912515
 20
4349649.8691238845
 30
0.0
 40
0.1333
  1
1.30
  7
CN_TTF
 11
470040.26012912515
 21
4349649.8691238845
 31
0.0
100
AcDbText
  0
LWPOLYLINE
  5
666
330
17
100
AcDbEntity
  8
爆区方格网
 62
5
100
AcDbPolyline
 90
5
 70
1
 10
470039.9201291251
 20
4349650.439123885
 10
470039.9201291251
 20
4349651.439123885
 10
470040.9201291251
 20
4349651.439123885
 10
470040.9201291251
 20
4349650.439123885
 10
470039.9201291251
 20
4349650.439123885
  0
TEXT
  5
667
330
17
100
AcDbEntity
  8
0
 62
5
100
AcDbText
 10
470040.26012912515
 20
4349650.8691238845
 30
0.0
 40
0.1333
  1
1.30
  7
CN_TTF
 11
470040.26012912515
 21
4349650.8691238845
 31
0.0
100
AcDbText
  0
LWPOLYLINE
  5
668
330
17
100
AcDbEntity
  8
爆区方格网
 62
5
100
AcDbPolyline
 90
5
 70
1
 10
470039.9201291251
 20
4349651.439123885
 10
470039.9201291251
 20
4349652.439123885
 10
470040.9201291251
 20
4349652.439123885
 10
470040.9201291251
 20
4349651.439123885
 10
470039.9201291251
 20
4349651.439123885
  0
TEXT
  5
669
330
17
100
AcDbEntity
  8
0
 62
5
100
AcDbText
 10
470040.26012912515
 20
4349651.8691238845
 30
0.0
 40
0.1333
  1
1.30
  7
CN_TTF
 11
470040.26012912515
 21
4349651.8691238845
 31
0.0
100
AcDbText
  0
LWPOLYLINE
  5
66A
330
17
100
AcDbEntity
  8
爆区方格网
 62
5
100
AcDbPolyline
 90
5
 70
1
 10
470039.9201291251
 20
4349652.439123885
 10
470039.9201291251
 20
4349653.439123885
 10
470040.9201291251
 20
4349653.439123885
 10
470040.9201291251
 20
4349652.439123885
 10
470039.9201291251
 20
4349652.439123885
  0
TEXT
  5
66B
330
17
100
AcDbEntity
  8
0
 62
5
100
AcDbText
 10
470040.26012912515
 20
4349652.8691238845
 30
0.0
 40
0.1333
  1
1.30
  7
CN_TTF
 11
470040.26012912515
 21
4349652.8691238845
 31
0.0
100
AcDbText
  0
LWPOLYLINE
  5
66C
330
17
100
AcDbEntity
  8
爆区方格网
 62
5
100
AcDbPolyline
 90
5
 70
1
 10
470039.9201291251
 20
4349653.439123885
 10
470039.9201291251
 20
4349654.439123885
 10
470040.9201291251
 20
4349654.439123885
 10
470040.9201291251
 20
4349653.439123885
 10
470039.9201291251
 20
4349653.439123885
  0
TEXT
  5
66D
330
17
100
AcDbEntity
  8
0
 62
5
100
AcDbText
 10
470040.26012912515
 20
4349653.8691238845
 30
0.0
 40
0.1333
  1
1.30
  7
CN_TTF
 11
470040.26012912515
 21
4349653.8691238845
 31
0.0
100
AcDbText
  0
LWPOLYLINE
  5
66E
330
17
100
AcDbEntity
  8
爆区方格网
 62
5
100
AcDbPolyline
 90
5
 70
1
 10
470039.9201291251
 20
4349654.439123885
 10
470039.9201291251
 20
4349655.439123885
 10
470040.9201291251
 20
4349655.439123885
 10
470040.9201291251
 20
4349654.439123885
 10
470039.9201291251
 20
4349654.439123885
  0
TEXT
  5
66F
330
17
100
AcDbEntity
  8
0
 62
5
100
AcDbText
 10
470040.26012912515
 20
4349654.8691238845
 30
0.0
 40
0.1333
  1
1.30
  7
CN_TTF
 11
470040.26012912515
 21
4349654.8691238845
 31
0.0
100
AcDbText
  0
LWPOLYLINE
  5
670
330
17
100
AcDbEntity
  8
爆区方格网
 62
5
100
AcDbPolyline
 90
5
 70
1
 10
470039.9201291251
 20
4349655.439123885
 10
470039.9201291251
 20
4349656.439123885
 10
470040.9201291251
 20
4349656.439123885
 10
470040.9201291251
 20
4349655.439123885
 10
470039.9201291251
 20
4349655.439123885
  0
TEXT
  5
671
330
17
100
AcDbEntity
  8
0
 62
5
100
AcDbText
 10
470040.26012912515
 20
4349655.8691238845
 30
0.0
 40
0.1333
  1
1.30
  7
CN_TTF
 11
470040.26012912515
 21
4349655.8691238845
 31
0.0
100
AcDbText
  0
LWPOLYLINE
  5
672
330
17
100
AcDbEntity
  8
爆区方格网
 62
5
100
AcDbPolyline
 90
6
 70
1
 10
470040.9201291251
 20
4349657.439123885
 10
470040.9201291251
 20
4349656.439123885
 10
470039.9201291251
 20
4349656.439123885
 10
470039.9201291251
 20
4349657.355768537
 10
470040.4312190685
 20
4349657.439123885
 10
470040.9201291251
 20
4349657.439123885
  0
TEXT
  5
673
330
17
100
AcDbEntity
  8
0
 62
5
100
AcDbText
 10
470040.26012912515
 20
4349656.827446211
 30
0.0
 40
0.1333
  1
1.30
  7
CN_TTF
 11
470040.26012912515
 21
4349656.827446211
 31
0.0
100
AcDbText
  0
LWPOLYLINE
  5
674
330
17
100
AcDbEntity
  8
爆区方格网
 62
5
100
AcDbPolyline
 90
5
 70
1
 10
470040.9201291251
 20
4349638.439123885
 10
470041.9201291251
 20
4349638.439123885
 10
470041.9201291251
 20
4349637.632108985
 10
470040.9201291251
 20
4349637.54489852
 10
470040.9201291251
 20
4349638.439123885
  0
TEXT
  5
675
330
17
100
AcDbEntity
  8
0
 62
5
100
AcDbText
 10
470041.26012912515
 20
4349637.965616435
 30
0.0
 40
0.1333
  1
1.39
  7
CN_TTF
 11
470041.26012912515
 21
4349637.965616435
 31
0.0
100
AcDbText
  0
LWPOLYLINE
  5
676
330
17
100
AcDbEntity
  8
爆区方格网
 62
5
100
AcDbPolyline
 90
5
 70
1
 10
470040.9201291251
 20
4349638.439123885
 10
470040.9201291251
 20
4349639.439123885
 10
470041.9201291251
 20
4349639.439123885
 10
470041.9201291251
 20
4349638.439123885
 10
470040.9201291251
 20
4349638.439123885
  0
TEXT
  5
677
330
17
100
AcDbEntity
  8
0
 62
5
100
AcDbText
 10
470041.26012912515
 20
4349638.8691238845
 30
0.0
 40
0.1333
  1
1.39
  7
CN_TTF
 11
470041.26012912515
 21
4349638.8691238845
 31
0.0
100
AcDbText
  0
LWPOLYLINE
  5
678
330
17
100
AcDbEntity
  8
爆区方格网
 62
5
100
AcDbPolyline
 90
5
 70
1
 10
470040.9201291251
 20
4349639.439123885
 10
470040.9201291251
 20
4349640.439123885
 10
470041.9201291251
 20
4349640.439123885
 10
470041.9201291251
 20
4349639.439123885
 10
470040.9201291251
 20
4349639.439123885
  0
TEXT
  5
679
330
17
100
AcDbEntity
  8
0
 62
5
100
AcDbText
 10
470041.26012912515
 20
4349639.8691238845
 30
0.0
 40
0.1333
  1
1.39
  7
CN_TTF
 11
470041.26012912515
 21
4349639.8691238845
 31
0.0
100
AcDbText
  0
LWPOLYLINE
  5
67A
330
17
100
AcDbEntity
  8
爆区方格网
 62
5
100
AcDbPolyline
 90
5
 70
1
 10
470040.9201291251
 20
4349640.439123885
 10
470040.9201291251
 20
4349641.439123885
 10
470041.9201291251
 20
4349641.439123885
 10
470041.9201291251
 20
4349640.439123885
 10
470040.9201291251
 20
4349640.439123885
  0
TEXT
  5
67B
330
17
100
AcDbEntity
  8
0
 62
5
100
AcDbText
 10
470041.26012912515
 20
4349640.8691238845
 30
0.0
 40
0.1333
  1
1.39
  7
CN_TTF
 11
470041.26012912515
 21
4349640.8691238845
 31
0.0
100
AcDbText
  0
LWPOLYLINE
  5
67C
330
17
100
AcDbEntity
  8
爆区方格网
 62
5
100
AcDbPolyline
 90
5
 70
1
 10
470040.9201291251
 20
4349641.439123885
 10
470040.9201291251
 20
4349642.439123885
 10
470041.9201291251
 20
4349642.439123885
 10
470041.9201291251
 20
4349641.439123885
 10
470040.9201291251
 20
4349641.439123885
  0
TEXT
  5
67D
330
17
100
AcDbEntity
  8
0
 62
5
100
AcDbText
 10
470041.26012912515
 20
4349641.8691238845
 30
0.0
 40
0.1333
  1
1.21
  7
CN_TTF
 11
470041.26012912515
 21
4349641.8691238845
 31
0.0
100
AcDbText
  0
LWPOLYLINE
  5
67E
330
17
100
AcDbEntity
  8
爆区方格网
 62
5
100
AcDbPolyline
 90
5
 70
1
 10
470040.9201291251
 20
4349642.439123885
 10
470040.9201291251
 20
4349643.439123885
 10
470041.9201291251
 20
4349643.439123885
 10
470041.9201291251
 20
4349642.439123885
 10
470040.9201291251
 20
4349642.439123885
  0
TEXT
  5
67F
330
17
100
AcDbEntity
  8
0
 62
5
100
AcDbText
 10
470041.26012912515
 20
4349642.8691238845
 30
0.0
 40
0.1333
  1
1.21
  7
CN_TTF
 11
470041.26012912515
 21
4349642.8691238845
 31
0.0
100
AcDbText
  0
LWPOLYLINE
  5
680
330
17
100
AcDbEntity
  8
爆区方格网
 62
5
100
AcDbPolyline
 90
5
 70
1
 10
470040.9201291251
 20
4349649.439123885
 10
470040.9201291251
 20
4349650.439123885
 10
470041.9201291251
 20
4349650.439123885
 10
470041.9201291251
 20
4349649.439123885
 10
470040.9201291251
 20
4349649.439123885
  0
TEXT
  5
681
330
17
100
AcDbEntity
  8
0
 62
5
100
AcDbText
 10
470041.26012912515
 20
4349649.8691238845
 30
0.0
 40
0.1333
  1
1.30
  7
CN_TTF
 11
470041.26012912515
 21
4349649.8691238845
 31
0.0
100
AcDbText
  0
LWPOLYLINE
  5
682
330
17
100
AcDbEntity
  8
爆区方格网
 62
5
100
AcDbPolyline
 90
5
 70
1
 10
470040.9201291251
 20
4349650.439123885
 10
470040.9201291251
 20
4349651.439123885
 10
470041.9201291251
 20
4349651.439123885
 10
470041.9201291251
 20
4349650.439123885
 10
470040.9201291251
 20
4349650.439123885
  0
TEXT
  5
683
330
17
100
AcDbEntity
  8
0
 62
5
100
AcDbText
 10
470041.26012912515
 20
4349650.8691238845
 30
0.0
 40
0.1333
  1
1.30
  7
CN_TTF
 11
470041.26012912515
 21
4349650.8691238845
 31
0.0
100
AcDbText
  0
LWPOLYLINE
  5
684
330
17
100
AcDbEntity
  8
爆区方格网
 62
5
100
AcDbPolyline
 90
5
 70
1
 10
470040.9201291251
 20
4349651.439123885
 10
470040.9201291251
 20
4349652.439123885
 10
470041.9201291251
 20
4349652.439123885
 10
470041.9201291251
 20
4349651.439123885
 10
470040.9201291251
 20
4349651.439123885
  0
TEXT
  5
685
330
17
100
AcDbEntity
  8
0
 62
5
100
AcDbText
 10
470041.26012912515
 20
4349651.8691238845
 30
0.0
 40
0.1333
  1
1.30
  7
CN_TTF
 11
470041.26012912515
 21
4349651.8691238845
 31
0.0
100
AcDbText
  0
LWPOLYLINE
  5
686
330
17
100
AcDbEntity
  8
爆区方格网
 62
5
100
AcDbPolyline
 90
5
 70
1
 10
470040.9201291251
 20
4349652.439123885
 10
470040.9201291251
 20
4349653.439123885
 10
470041.9201291251
 20
4349653.439123885
 10
470041.9201291251
 20
4349652.439123885
 10
470040.9201291251
 20
4349652.439123885
  0
TEXT
  5
687
330
17
100
AcDbEntity
  8
0
 62
5
100
AcDbText
 10
470041.26012912515
 20
4349652.8691238845
 30
0.0
 40
0.1333
  1
1.30
  7
CN_TTF
 11
470041.26012912515
 21
4349652.8691238845
 31
0.0
100
AcDbText
  0
LWPOLYLINE
  5
688
330
17
100
AcDbEntity
  8
爆区方格网
 62
5
100
AcDbPolyline
 90
5
 70
1
 10
470040.9201291251
 20
4349653.439123885
 10
470040.9201291251
 20
4349654.439123885
 10
470041.9201291251
 20
4349654.439123885
 10
470041.9201291251
 20
4349653.439123885
 10
470040.9201291251
 20
4349653.439123885
  0
TEXT
  5
689
330
17
100
AcDbEntity
  8
0
 62
5
100
AcDbText
 10
470041.26012912515
 20
4349653.8691238845
 30
0.0
 40
0.1333
  1
1.30
  7
CN_TTF
 11
470041.26012912515
 21
4349653.8691238845
 31
0.0
100
AcDbText
  0
LWPOLYLINE
  5
68A
330
17
100
AcDbEntity
  8
爆区方格网
 62
5
100
AcDbPolyline
 90
5
 70
1
 10
470040.9201291251
 20
4349654.439123885
 10
470040.9201291251
 20
4349655.439123885
 10
470041.9201291251
 20
4349655.439123885
 10
470041.9201291251
 20
4349654.439123885
 10
470040.9201291251
 20
4349654.439123885
  0
TEXT
  5
68B
330
17
100
AcDbEntity
  8
0
 62
5
100
AcDbText
 10
470041.26012912515
 20
4349654.8691238845
 30
0.0
 40
0.1333
  1
1.30
  7
CN_TTF
 11
470041.26012912515
 21
4349654.8691238845
 31
0.0
100
AcDbText
  0
LWPOLYLINE
  5
68C
330
17
100
AcDbEntity
  8
爆区方格网
 62
5
100
AcDbPolyline
 90
5
 70
1
 10
470040.9201291251
 20
4349655.439123885
 10
470040.9201291251
 20
4349656.439123885
 10
470041.9201291251
 20
4349656.439123885
 10
470041.9201291251
 20
4349655.439123885
 10
470040.9201291251
 20
4349655.439123885
  0
TEXT
  5
68D
330
17
100
AcDbEntity
  8
0
 62
5
100
AcDbText
 10
470041.26012912515
 20
4349655.8691238845
 30
0.0
 40
0.1333
  1
1.30
  7
CN_TTF
 11
470041.26012912515
 21
4349655.8691238845
 31
0.0
100
AcDbText
  0
LWPOLYLINE
  5
68E
330
17
100
AcDbEntity
  8
爆区方格网
 62
5
100
AcDbPolyline
 90
5
 70
1
 10
470040.9201291251
 20
4349656.439123885
 10
470040.9201291251
 20
4349657.439123885
 10
470041.9201291251
 20
4349657.439123885
 10
470041.9201291251
 20
4349656.439123885
 10
470040.9201291251
 20
4349656.439123885
  0
TEXT
  5
68F
330
17
100
AcDbEntity
  8
0
 62
5
100
AcDbText
 10
470041.26012912515
 20
4349656.8691238845
 30
0.0
 40
0.1333
  1
1.30
  7
CN_TTF
 11
470041.26012912515
 21
4349656.8691238845
 31
0.0
100
AcDbText
  0
LWPOLYLINE
  5
690
330
17
100
AcDbEntity
  8
爆区方格网
 62
5
100
AcDbPolyline
 90
6
 70
1
 10
470041.9201291251
 20
4349638.439123885
 10
470042.9201291251
 20
4349638.439123885
 10
470042.9201291251
 20
4349637.719319451
 10
470042.7364772419
 20
4349637.703303085
 10
470041.9201291251
 20
4349637.632108985
 10
470041.9201291251
 20
4349638.439123885
  0
TEXT
  5
691
330
17
100
AcDbEntity
  8
0
 62
5
100
AcDbText
 10
470042.26012912515
 20
4349638.009221667
 30
0.0
 40
0.1333
  1
1.39
  7
CN_TTF
 11
470042.26012912515
 21
4349638.009221667
 31
0.0
100
AcDbText
  0
LWPOLYLINE
  5
692
330
17
100
AcDbEntity
  8
爆区方格网
 62
5
100
AcDbPolyline
 90
5
 70
1
 10
470041.9201291251
 20
4349638.439123885
 10
470041.9201291251
 20
4349639.439123885
 10
470042.9201291251
 20
4349639.439123885
 10
470042.9201291251
 20
4349638.439123885
 10
470041.9201291251
 20
4349638.439123885
  0
TEXT
  5
693
330
17
100
AcDbEntity
  8
0
 62
5
100
AcDbText
 10
470042.26012912515
 20
4349638.8691238845
 30
0.0
 40
0.1333
  1
1.21
  7
CN_TTF
 11
470042.26012912515
 21
4349638.8691238845
 31
0.0
100
AcDbText
  0
LWPOLYLINE
  5
694
330
17
100
AcDbEntity
  8
爆区方格网
 62
5
100
AcDbPolyline
 90
5
 70
1
 10
470041.9201291251
 20
4349639.439123885
 10
470041.9201291251
 20
4349640.439123885
 10
470042.9201291251
 20
4349640.439123885
 10
470042.9201291251
 20
4349639.439123885
 10
470041.9201291251
 20
4349639.439123885
  0
TEXT
  5
695
330
17
100
AcDbEntity
  8
0
 62
5
100
AcDbText
 10
470042.26012912515
 20
4349639.8691238845
 30
0.0
 40
0.1333
  1
1.21
  7
CN_TTF
 11
470042.26012912515
 21
4349639.8691238845
 31
0.0
100
AcDbText
  0
LWPOLYLINE
  5
696
330
17
100
AcDbEntity
  8
爆区方格网
 62
5
100
AcDbPolyline
 90
5
 70
1
 10
470041.9201291251
 20
4349640.439123885
 10
470041.9201291251
 20
4349641.439123885
 10
470042.9201291251
 20
4349641.439123885
 10
470042.9201291251
 20
4349640.439123885
 10
470041.9201291251
 20
4349640.439123885
  0
TEXT
  5
697
330
17
100
AcDbEntity
  8
0
 62
5
100
AcDbText
 10
470042.26012912515
 20
4349640.8691238845
 30
0.0
 40
0.1333
  1
1.21
  7
CN_TTF
 11
470042.26012912515
 21
4349640.8691238845
 31
0.0
100
AcDbText
  0
LWPOLYLINE
  5
698
330
17
100
AcDbEntity
  8
爆区方格网
 62
5
100
AcDbPolyline
 90
5
 70
1
 10
470041.9201291251
 20
4349641.439123885
 10
470041.9201291251
 20
4349642.439123885
 10
470042.9201291251
 20
4349642.439123885
 10
470042.9201291251
 20
4349641.439123885
 10
470041.9201291251
 20
4349641.439123885
  0
TEXT
  5
699
330
17
100
AcDbEntity
  8
0
 62
5
100
AcDbText
 10
470042.26012912515
 20
4349641.8691238845
 30
0.0
 40
0.1333
  1
1.21
  7
CN_TTF
 11
470042.26012912515
 21
4349641.8691238845
 31
0.0
100
AcDbText
  0
LWPOLYLINE
  5
69A
330
17
100
AcDbEntity
  8
爆区方格网
 62
5
100
AcDbPolyline
 90
5
 70
1
 10
470041.9201291251
 20
4349642.439123885
 10
470041.9201291251
 20
4349643.439123885
 10
470042.9201291251
 20
4349643.439123885
 10
470042.9201291251
 20
4349642.439123885
 10
470041.9201291251
 20
4349642.439123885
  0
TEXT
  5
69B
330
17
100
AcDbEntity
  8
0
 62
5
100
AcDbText
 10
470042.26012912515
 20
4349642.8691238845
 30
0.0
 40
0.1333
  1
1.21
  7
CN_TTF
 11
470042.26012912515
 21
4349642.8691238845
 31
0.0
100
AcDbText
  0
LWPOLYLINE
  5
69C
330
17
100
AcDbEntity
  8
爆区方格网
 62
5
100
AcDbPolyline
 90
5
 70
1
 10
470041.9201291251
 20
4349643.439123885
 10
470041.9201291251
 20
4349644.439123885
 10
470042.9201291251
 20
4349644.439123885
 10
470042.9201291251
 20
4349643.439123885
 10
470041.9201291251
 20
4349643.439123885
  0
TEXT
  5
69D
330
17
100
AcDbEntity
  8
0
 62
5
100
AcDbText
 10
470042.26012912515
 20
4349643.8691238845
 30
0.0
 40
0.1333
  1
1.21
  7
CN_TTF
 11
470042.26012912515
 21
4349643.8691238845
 31
0.0
100
AcDbText
  0
LWPOLYLINE
  5
69E
330
17
100
AcDbEntity
  8
爆区方格网
 62
5
100
AcDbPolyline
 90
6
 70
1
 10
470042.9201291251
 20
4349645.439123885
 10
470042.9201291251
 20
4349644.439123885
 10
470041.9201291251
 20
4349644.439123885
 10
470041.9201291251
 20
4349644.447338487
 10
470042.5837957583
 20
4349645.439123885
 10
470042.9201291251
 20
4349645.439123885
  0
TEXT
  5
69F
330
17
100
AcDbEntity
  8
0
 62
5
100
AcDbText
 10
470042.42604578345
 20
4349644.873231186
 30
0.0
 40
0.1333
  1
1.21
  7
CN_TTF
 11
470042.42604578345
 21
4349644.873231186
 31
0.0
100
AcDbText
  0
LWPOLYLINE
  5
6A0
330
17
100
AcDbEntity
  8
爆区方格网
 62
5
100
AcDbPolyline
 90
5
 70
1
 10
470041.9201291251
 20
4349649.439123885
 10
470041.9201291251
 20
4349650.439123885
 10
470042.9201291251
 20
4349650.439123885
 10
470042.9201291251
 20
4349649.439123885
 10
470041.9201291251
 20
4349649.439123885
  0
TEXT
  5
6A1
330
17
100
AcDbEntity
  8
0
 62
5
100
AcDbText
 10
470042.26012912515
 20
4349649.8691238845
 30
0.0
 40
0.1333
  1
1.23
  7
CN_TTF
 11
470042.26012912515
 21
4349649.8691238845
 31
0.0
100
AcDbText
  0
LWPOLYLINE
  5
6A2
330
17
100
AcDbEntity
  8
爆区方格网
 62
5
100
AcDbPolyline
 90
5
 70
1
 10
470041.9201291251
 20
4349650.439123885
 10
470041.9201291251
 20
4349651.439123885
 10
470042.9201291251
 20
4349651.439123885
 10
470042.9201291251
 20
4349650.439123885
 10
470041.9201291251
 20
4349650.439123885
  0
TEXT
  5
6A3
330
17
100
AcDbEntity
  8
0
 62
5
100
AcDbText
 10
470042.26012912515
 20
4349650.8691238845
 30
0.0
 40
0.1333
  1
1.30
  7
CN_TTF
 11
470042.26012912515
 21
4349650.8691238845
 31
0.0
100
AcDbText
  0
LWPOLYLINE
  5
6A4
330
17
100
AcDbEntity
  8
爆区方格网
 62
5
100
AcDbPolyline
 90
5
 70
1
 10
470041.9201291251
 20
4349651.439123885
 10
470041.9201291251
 20
4349652.439123885
 10
470042.9201291251
 20
4349652.439123885
 10
470042.9201291251
 20
4349651.439123885
 10
470041.9201291251
 20
4349651.439123885
  0
TEXT
  5
6A5
330
17
100
AcDbEntity
  8
0
 62
5
100
AcDbText
 10
470042.26012912515
 20
4349651.8691238845
 30
0.0
 40
0.1333
  1
1.30
  7
CN_TTF
 11
470042.26012912515
 21
4349651.8691238845
 31
0.0
100
AcDbText
  0
LWPOLYLINE
  5
6A6
330
17
100
AcDbEntity
  8
爆区方格网
 62
5
100
AcDbPolyline
 90
5
 70
1
 10
470041.9201291251
 20
4349652.439123885
 10
470041.9201291251
 20
4349653.439123885
 10
470042.9201291251
 20
4349653.439123885
 10
470042.9201291251
 20
4349652.439123885
 10
470041.9201291251
 20
4349652.439123885
  0
TEXT
  5
6A7
330
17
100
AcDbEntity
  8
0
 62
5
100
AcDbText
 10
470042.26012912515
 20
4349652.8691238845
 30
0.0
 40
0.1333
  1
1.30
  7
CN_TTF
 11
470042.26012912515
 21
4349652.8691238845
 31
0.0
100
AcDbText
  0
LWPOLYLINE
  5
6A8
330
17
100
AcDbEntity
  8
爆区方格网
 62
5
100
AcDbPolyline
 90
5
 70
1
 10
470041.9201291251
 20
4349653.439123885
 10
470041.9201291251
 20
4349654.439123885
 10
470042.9201291251
 20
4349654.439123885
 10
470042.9201291251
 20
4349653.439123885
 10
470041.9201291251
 20
4349653.439123885
  0
TEXT
  5
6A9
330
17
100
AcDbEntity
  8
0
 62
5
100
AcDbText
 10
470042.26012912515
 20
4349653.8691238845
 30
0.0
 40
0.1333
  1
1.30
  7
CN_TTF
 11
470042.26012912515
 21
4349653.8691238845
 31
0.0
100
AcDbText
  0
LWPOLYLINE
  5
6AA
330
17
100
AcDbEntity
  8
爆区方格网
 62
5
100
AcDbPolyline
 90
5
 70
1
 10
470041.9201291251
 20
4349654.439123885
 10
470041.9201291251
 20
4349655.439123885
 10
470042.9201291251
 20
4349655.439123885
 10
470042.9201291251
 20
4349654.439123885
 10
470041.9201291251
 20
4349654.439123885
  0
TEXT
  5
6AB
330
17
100
AcDbEntity
  8
0
 62
5
100
AcDbText
 10
470042.26012912515
 20
4349654.8691238845
 30
0.0
 40
0.1333
  1
1.30
  7
CN_TTF
 11
470042.26012912515
 21
4349654.8691238845
 31
0.0
100
AcDbText
  0
LWPOLYLINE
  5
6AC
330
17
100
AcDbEntity
  8
爆区方格网
 62
5
100
AcDbPolyline
 90
5
 70
1
 10
470041.9201291251
 20
4349655.439123885
 10
470041.9201291251
 20
4349656.439123885
 10
470042.9201291251
 20
4349656.439123885
 10
470042.9201291251
 20
4349655.439123885
 10
470041.9201291251
 20
4349655.439123885
  0
TEXT
  5
6AD
330
17
100
AcDbEntity
  8
0
 62
5
100
AcDbText
 10
470042.26012912515
 20
4349655.8691238845
 30
0.0
 40
0.1333
  1
1.30
  7
CN_TTF
 11
470042.26012912515
 21
4349655.8691238845
 31
0.0
100
AcDbText
  0
LWPOLYLINE
  5
6AE
330
17
100
AcDbEntity
  8
爆区方格网
 62
5
100
AcDbPolyline
 90
5
 70
1
 10
470041.9201291251
 20
4349656.439123885
 10
470041.9201291251
 20
4349657.439123885
 10
470042.9201291251
 20
4349657.439123885
 10
470042.9201291251
 20
4349656.439123885
 10
470041.9201291251
 20
4349656.439123885
  0
TEXT
  5
6AF
330
17
100
AcDbEntity
  8
0
 62
5
100
AcDbText
 10
470042.26012912515
 20
4349656.8691238845
 30
0.0
 40
0.1333
  1
1.30
  7
CN_TTF
 11
470042.26012912515
 21
4349656.8691238845
 31
0.0
100
AcDbText
  0
LWPOLYLINE
  5
6B0
330
17
100
AcDbEntity
  8
爆区方格网
 62
5
100
AcDbPolyline
 90
6
 70
1
 10
470042.9201291251
 20
4349638.439123885
 10
470043.75554192817
 20
4349638.439123885
 10
470043.81891990075
 20
4349637.797703413
 10
470043.67585748393
 20
4349637.785226873
 10
470042.9201291251
 20
4349637.719319451
 10
470042.9201291251
 20
4349638.439123885
  0
TEXT
  5
6B1
330
17
100
AcDbEntity
  8
0
 62
5
100
AcDbText
 10
470043.19368001976
 20
4349638.048413649
 30
0.0
 40
0.1333
  1
1.21
  7
CN_TTF
 11
470043.19368001976
 21
4349638.048413649
 31
0.0
100
AcDbText
  0
LWPOLYLINE
  5
6B2
330
17
100
AcDbEntity
  8
爆区方格网
 62
5
100
AcDbPolyline
 90
5
 70
1
 10
470042.9201291251
 20
4349638.439123885
 10
470042.9201291251
 20
4349639.439123885
 10
470043.6567331508
 20
4349639.439123885
 10
470043.75554192817
 20
4349638.439123885
 10
470042.9201291251
 20
4349638.439123885
  0
TEXT
  5
6B3
330
17
100
AcDbEntity
  8
0
 62
5
100
AcDbText
 10
470043.1531333323
 20
4349638.8691238845
 30
0.0
 40
0.1333
  1
1.21
  7
CN_TTF
 11
470043.1531333323
 21
4349638.8691238845
 31
0.0
100
AcDbText
  0
LWPOLYLINE
  5
6B4
330
17
100
AcDbEntity
  8
爆区方格网
 62
5
100
AcDbPolyline
 90
5
 70
1
 10
470042.9201291251
 20
4349639.439123885
 10
470042.9201291251
 20
4349640.439123885
 10
470043.5579243735
 20
4349640.439123885
 10
470043.6567331508
 20
4349639.439123885
 10
470042.9201291251
 20
4349639.439123885
  0
TEXT
  5
6B5
330
17
100
AcDbEntity
  8
0
 62
5
100
AcDbText
 10
470043.1037289437
 20
4349639.8691238845
 30
0.0
 40
0.1333
  1
1.21
  7
CN_TTF
 11
470043.1037289437
 21
4349639.8691238845
 31
0.0
100
AcDbText
  0
LWPOLYLINE
  5
6B6
330
17
100
AcDbEntity
  8
爆区方格网
 62
5
100
AcDbPolyline
 90
7
 70
1
 10
470042.9201291251
 20
4349640.439123885
 10
470042.9201291251
 20
4349641.439123885
 10
470043.9201291251
 20
4349641.439123885
 10
470043.9201291251
 20
4349640.975840124
 10
470043.5195
 20
4349640.828
 10
470043.5579243735
 20
4349640.439123885
 10
470042.9201291251
 20
4349640.439123885
  0
TEXT
  5
6B7
330
17
100
AcDbEntity
  8
0
 62
5
100
AcDbText
 10
470043.15997184324
 20
4349640.831920061
 30
0.0
 40
0.1333
  1
1.21
  7
CN_TTF
 11
470043.15997184324
 21
4349640.831920061
 31
0.0
100
AcDbText
  0
LWPOLYLINE
  5
6B8
330
17
100
AcDbEntity
  8
爆区方格网
 62
5
100
AcDbPolyline
 90
5
 70
1
 10
470042.9201291251
 20
4349641.439123885
 10
470042.9201291251
 20
4349642.439123885
 10
470043.9201291251
 20
4349642.439123885
 10
470043.9201291251
 20
4349641.439123885
 10
470042.9201291251
 20
4349641.439123885
  0
TEXT
  5
6B9
330
17
100
AcDbEntity
  8
0
 62
5
100
AcDbText
 10
470043.26012912515
 20
4349641.8691238845
 30
0.0
 40
0.1333
  1
1.21
  7
CN_TTF
 11
470043.26012912515
 21
4349641.8691238845
 31
0.0
100
AcDbText
  0
LWPOLYLINE
  5
6BA
330
17
100
AcDbEntity
  8
爆区方格网
 62
5
100
AcDbPolyline
 90
5
 70
1
 10
470042.9201291251
 20
4349642.439123885
 10
470042.9201291251
 20
4349643.439123885
 10
470043.9201291251
 20
4349643.439123885
 10
470043.9201291251
 20
4349642.439123885
 10
470042.9201291251
 20
4349642.439123885
  0
TEXT
  5
6BB
330
17
100
AcDbEntity
  8
0
 62
5
100
AcDbText
 10
470043.26012912515
 20
4349642.8691238845
 30
0.0
 40
0.1333
  1
1.21
  7
CN_TTF
 11
470043.26012912515
 21
4349642.8691238845
 31
0.0
100
AcDbText
  0
LWPOLYLINE
  5
6BC
330
17
100
AcDbEntity
  8
爆区方格网
 62
5
100
AcDbPolyline
 90
5
 70
1
 10
470042.9201291251
 20
4349643.439123885
 10
470042.9201291251
 20
4349644.439123885
 10
470043.9201291251
 20
4349644.439123885
 10
470043.9201291251
 20
4349643.439123885
 10
470042.9201291251
 20
4349643.439123885
  0
TEXT
  5
6BD
330
17
100
AcDbEntity
  8
0
 62
5
100
AcDbText
 10
470043.26012912515
 20
4349643.8691238845
 30
0.0
 40
0.1333
  1
1.21
  7
CN_TTF
 11
470043.26012912515
 21
4349643.8691238845
 31
0.0
100
AcDbText
  0
LWPOLYLINE
  5
6BE
330
17
100
AcDbEntity
  8
爆区方格网
 62
5
100
AcDbPolyline
 90
5
 70
1
 10
470042.9201291251
 20
4349644.439123885
 10
470042.9201291251
 20
4349645.439123885
 10
470043.9201291251
 20
4349645.439123885
 10
470043.9201291251
 20
4349644.439123885
 10
470042.9201291251
 20
4349644.439123885
  0
TEXT
  5
6BF
330
17
100
AcDbEntity
  8
0
 62
5
100
AcDbText
 10
470043.26012912515
 20
4349644.8691238845
 30
0.0
 40
0.1333
  1
1.21
  7
CN_TTF
 11
470043.26012912515
 21
4349644.8691238845
 31
0.0
100
AcDbText
  0
LWPOLYLINE
  5
6C0
330
17
100
AcDbEntity
  8
爆区方格网
 62
5
100
AcDbPolyline
 90
7
 70
1
 10
470043.9201291251
 20
4349646.439123885
 10
470043.9201291251
 20
4349645.439123885
 10
470042.9201291251
 20
4349645.439123885
 10
470042.9201291251
 20
4349645.941741472
 10
470043.018
 20
4349646.0879999995
 10
470043.22708347853
 20
4349646.439123885
 10
470043.9201291251
 20
4349646.439123885
  0
TEXT
  5
6C1
330
17
100
AcDbEntity
  8
0
 62
5
100
AcDbText
 10
470043.26012912515
 20
4349645.620432679
 30
0.0
 40
0.1333
  1
1.23
  7
CN_TTF
 11
470043.26012912515
 21
4349645.620432679
 31
0.0
100
AcDbText
  0
LWPOLYLINE
  5
6C2
330
17
100
AcDbEntity
  8
爆区方格网
 62
5
100
AcDbPolyline
 90
5
 70
1
 10
470042.9201291251
 20
4349649.439123885
 10
470042.9201291251
 20
4349650.439123885
 10
470043.9201291251
 20
4349650.439123885
 10
470043.9201291251
 20
4349649.439123885
 10
470042.9201291251
 20
4349649.439123885
  0
TEXT
  5
6C3
330
17
100
AcDbEntity
  8
0
 62
5
100
AcDbText
 10
470043.26012912515
 20
4349649.8691238845
 30
0.0
 40
0.1333
  1
1.23
  7
CN_TTF
 11
470043.26012912515
 21
4349649.8691238845
 31
0.0
100
AcDbText
  0
LWPOLYLINE
  5
6C4
330
17
100
AcDbEntity
  8
爆区方格网
 62
5
100
AcDbPolyline
 90
5
 70
1
 10
470042.9201291251
 20
4349650.439123885
 10
470042.9201291251
 20
4349651.439123885
 10
470043.9201291251
 20
4349651.439123885
 10
470043.9201291251
 20
4349650.439123885
 10
470042.9201291251
 20
4349650.439123885
  0
TEXT
  5
6C5
330
17
100
AcDbEntity
  8
0
 62
5
100
AcDbText
 10
470043.26012912515
 20
4349650.8691238845
 30
0.0
 40
0.1333
  1
1.23
  7
CN_TTF
 11
470043.26012912515
 21
4349650.8691238845
 31
0.0
100
AcDbText
  0
LWPOLYLINE
  5
6C6
330
17
100
AcDbEntity
  8
爆区方格网
 62
5
100
AcDbPolyline
 90
5
 70
1
 10
470042.9201291251
 20
4349651.439123885
 10
470042.9201291251
 20
4349652.439123885
 10
470043.9201291251
 20
4349652.439123885
 10
470043.9201291251
 20
4349651.439123885
 10
470042.9201291251
 20
4349651.439123885
  0
TEXT
  5
6C7
330
17
100
AcDbEntity
  8
0
 62
5
100
AcDbText
 10
470043.26012912515
 20
4349651.8691238845
 30
0.0
 40
0.1333
  1
1.04
  7
CN_TTF
 11
470043.26012912515
 21
4349651.8691238845
 31
0.0
100
AcDbText
  0
LWPOLYLINE
  5
6C8
330
17
100
AcDbEntity
  8
爆区方格网
 62
5
100
AcDbPolyline
 90
5
 70
1
 10
470042.9201291251
 20
4349652.439123885
 10
470042.9201291251
 20
4349653.439123885
 10
470043.9201291251
 20
4349653.439123885
 10
470043.9201291251
 20
4349652.439123885
 10
470042.9201291251
 20
4349652.439123885
  0
TEXT
  5
6C9
330
17
100
AcDbEntity
  8
0
 62
5
100
AcDbText
 10
470043.26012912515
 20
4349652.8691238845
 30
0.0
 40
0.1333
  1
1.30
  7
CN_TTF
 11
470043.26012912515
 21
4349652.8691238845
 31
0.0
100
AcDbText
  0
LWPOLYLINE
  5
6CA
330
17
100
AcDbEntity
  8
爆区方格网
 62
5
100
AcDbPolyline
 90
5
 70
1
 10
470042.9201291251
 20
4349653.439123885
 10
470042.9201291251
 20
4349654.439123885
 10
470043.9201291251
 20
4349654.439123885
 10
470043.9201291251
 20
4349653.439123885
 10
470042.9201291251
 20
4349653.439123885
  0
TEXT
  5
6CB
330
17
100
AcDbEntity
  8
0
 62
5
100
AcDbText
 10
470043.26012912515
 20
4349653.8691238845
 30
0.0
 40
0.1333
  1
1.30
  7
CN_TTF
 11
470043.26012912515
 21
4349653.8691238845
 31
0.0
100
AcDbText
  0
LWPOLYLINE
  5
6CC
330
17
100
AcDbEntity
  8
爆区方格网
 62
5
100
AcDbPolyline
 90
5
 70
1
 10
470042.9201291251
 20
4349654.439123885
 10
470042.9201291251
 20
4349655.439123885
 10
470043.9201291251
 20
4349655.439123885
 10
470043.9201291251
 20
4349654.439123885
 10
470042.9201291251
 20
4349654.439123885
  0
TEXT
  5
6CD
330
17
100
AcDbEntity
  8
0
 62
5
100
AcDbText
 10
470043.26012912515
 20
4349654.8691238845
 30
0.0
 40
0.1333
  1
1.30
  7
CN_TTF
 11
470043.26012912515
 21
4349654.8691238845
 31
0.0
100
AcDbText
  0
LWPOLYLINE
  5
6CE
330
17
100
AcDbEntity
  8
爆区方格网
 62
5
100
AcDbPolyline
 90
5
 70
1
 10
470042.9201291251
 20
4349655.439123885
 10
470042.9201291251
 20
4349656.439123885
 10
470043.9201291251
 20
4349656.439123885
 10
470043.9201291251
 20
4349655.439123885
 10
470042.9201291251
 20
4349655.439123885
  0
TEXT
  5
6CF
330
17
100
AcDbEntity
  8
0
 62
5
100
AcDbText
 10
470043.26012912515
 20
4349655.8691238845
 30
0.0
 40
0.1333
  1
1.30
  7
CN_TTF
 11
470043.26012912515
 21
4349655.8691238845
 31
0.0
100
AcDbText
  0
LWPOLYLINE
  5
6D0
330
17
100
AcDbEntity
  8
爆区方格网
 62
5
100
AcDbPolyline
 90
5
 70
1
 10
470042.9201291251
 20
4349656.439123885
 10
470042.9201291251
 20
4349657.439123885
 10
470043.9201291251
 20
4349657.439123885
 10
470043.9201291251
 20
4349656.439123885
 10
470042.9201291251
 20
4349656.439123885
  0
TEXT
  5
6D1
330
17
100
AcDbEntity
  8
0
 62
5
100
AcDbText
 10
470043.26012912515
 20
4349656.8691238845
 30
0.0
 40
0.1333
  1
1.30
  7
CN_TTF
 11
470043.26012912515
 21
4349656.8691238845
 31
0.0
100
AcDbText
  0
LWPOLYLINE
  5
6D2
330
17
100
AcDbEntity
  8
爆区方格网
 62
5
100
AcDbPolyline
 90
5
 70
1
 10
470043.9201291251
 20
4349641.439123885
 10
470043.9201291251
 20
4349642.439123885
 10
470044.9201291251
 20
4349642.439123885
 10
470044.9201291251
 20
4349641.439123885
 10
470043.9201291251
 20
4349641.439123885
  0
TEXT
  5
6D3
330
17
100
AcDbEntity
  8
0
 62
5
100
AcDbText
 10
470044.26012912515
 20
4349641.8691238845
 30
0.0
 40
0.1333
  1
1.21
  7
CN_TTF
 11
470044.26012912515
 21
4349641.8691238845
 31
0.0
100
AcDbText
  0
LWPOLYLINE
  5
6D4
330
17
100
AcDbEntity
  8
爆区方格网
 62
5
100
AcDbPolyline
 90
5
 70
1
 10
470043.9201291251
 20
4349642.439123885
 10
470043.9201291251
 20
4349643.439123885
 10
470044.9201291251
 20
4349643.439123885
 10
470044.9201291251
 20
4349642.439123885
 10
470043.9201291251
 20
4349642.439123885
  0
TEXT
  5
6D5
330
17
100
AcDbEntity
  8
0
 62
5
100
AcDbText
 10
470044.26012912515
 20
4349642.8691238845
 30
0.0
 40
0.1333
  1
1.21
  7
CN_TTF
 11
470044.26012912515
 21
4349642.8691238845
 31
0.0
100
AcDbText
  0
LWPOLYLINE
  5
6D6
330
17
100
AcDbEntity
  8
爆区方格网
 62
5
100
AcDbPolyline
 90
5
 70
1
 10
470043.9201291251
 20
4349643.439123885
 10
470043.9201291251
 20
4349644.439123885
 10
470044.9201291251
 20
4349644.439123885
 10
470044.9201291251
 20
4349643.439123885
 10
470043.9201291251
 20
4349643.439123885
  0
TEXT
  5
6D7
330
17
100
AcDbEntity
  8
0
 62
5
100
AcDbText
 10
470044.26012912515
 20
4349643.8691238845
 30
0.0
 40
0.1333
  1
1.21
  7
CN_TTF
 11
470044.26012912515
 21
4349643.8691238845
 31
0.0
100
AcDbText
  0
LWPOLYLINE
  5
6D8
330
17
100
AcDbEntity
  8
爆区方格网
 62
5
100
AcDbPolyline
 90
5
 70
1
 10
470043.9201291251
 20
4349644.439123885
 10
470043.9201291251
 20
4349645.439123885
 10
470044.9201291251
 20
4349645.439123885
 10
470044.9201291251
 20
4349644.439123885
 10
470043.9201291251
 20
4349644.439123885
  0
TEXT
  5
6D9
330
17
100
AcDbEntity
  8
0
 62
5
100
AcDbText
 10
470044.26012912515
 20
4349644.8691238845
 30
0.0
 40
0.1333
  1
1.23
  7
CN_TTF
 11
470044.26012912515
 21
4349644.8691238845
 31
0.0
100
AcDbText
  0
LWPOLYLINE
  5
6DA
330
17
100
AcDbEntity
  8
爆区方格网
 62
5
100
AcDbPolyline
 90
5
 70
1
 10
470043.9201291251
 20
4349645.439123885
 10
470043.9201291251
 20
4349646.439123885
 10
470044.9201291251
 20
4349646.439123885
 10
470044.9201291251
 20
4349645.439123885
 10
470043.9201291251
 20
4349645.439123885
  0
TEXT
  5
6DB
330
17
100
AcDbEntity
  8
0
 62
5
100
AcDbText
 10
470044.26012912515
 20
4349645.8691238845
 30
0.0
 40
0.1333
  1
1.23
  7
CN_TTF
 11
470044.26012912515
 21
4349645.8691238845
 31
0.0
100
AcDbText
  0
LWPOLYLINE
  5
6DC
330
17
100
AcDbEntity
  8
爆区方格网
 62
5
100
AcDbPolyline
 90
5
 70
1
 10
470043.9201291251
 20
4349646.439123885
 10
470043.9201291251
 20
4349647.439123885
 10
470044.9201291251
 20
4349647.439123885
 10
470044.9201291251
 20
4349646.439123885
 10
470043.9201291251
 20
4349646.439123885
  0
TEXT
  5
6DD
330
17
100
AcDbEntity
  8
0
 62
5
100
AcDbText
 10
470044.26012912515
 20
4349646.8691238845
 30
0.0
 40
0.1333
  1
1.23
  7
CN_TTF
 11
470044.26012912515
 21
4349646.8691238845
 31
0.0
100
AcDbText
  0
LWPOLYLINE
  5
6DE
330
17
100
AcDbEntity
  8
爆区方格网
 62
5
100
AcDbPolyline
 90
8
 70
1
 10
470044.9201291251
 20
4349648.439123885
 10
470044.9201291251
 20
4349647.439123885
 10
470043.9201291251
 20
4349647.439123885
 10
470043.9201291251
 20
4349647.602988585
 10
470044.306
 20
4349648.251
 10
470044.34917321097
 20
4349648.338072938
 10
470044.8880232949
 20
4349648.439123885
 10
470044.9201291251
 20
4349648.439123885
  0
TEXT
  5
6DF
330
17
100
AcDbEntity
  8
0
 62
5
100
AcDbText
 10
470044.35659684375
 20
4349647.856994292
 30
0.0
 40
0.1333
  1
1.23
  7
CN_TTF
 11
470044.35659684375
 21
4349647.856994292
 31
0.0
100
AcDbText
  0
LWPOLYLINE
  5
6E0
330
17
100
AcDbEntity
  8
爆区方格网
 62
5
100
AcDbPolyline
 90
5
 70
1
 10
470043.9201291251
 20
4349649.439123885
 10
470043.9201291251
 20
4349650.439123885
 10
470044.9201291251
 20
4349650.439123885
 10
470044.9201291251
 20
4349649.439123885
 10
470043.9201291251
 20
4349649.439123885
  0
TEXT
  5
6E1
330
17
100
AcDbEntity
  8
0
 62
5
100
AcDbText
 10
470044.26012912515
 20
4349649.8691238845
 30
0.0
 40
0.1333
  1
1.23
  7
CN_TTF
 11
470044.26012912515
 21
4349649.8691238845
 31
0.0
100
AcDbText
  0
LWPOLYLINE
  5
6E2
330
17
100
AcDbEntity
  8
爆区方格网
 62
5
100
AcDbPolyline
 90
5
 70
1
 10
470043.9201291251
 20
4349650.439123885
 10
470043.9201291251
 20
4349651.439123885
 10
470044.9201291251
 20
4349651.439123885
 10
470044.9201291251
 20
4349650.439123885
 10
470043.9201291251
 20
4349650.439123885
  0
TEXT
  5
6E3
330
17
100
AcDbEntity
  8
0
 62
5
100
AcDbText
 10
470044.26012912515
 20
4349650.8691238845
 30
0.0
 40
0.1333
  1
1.04
  7
CN_TTF
 11
470044.26012912515
 21
4349650.8691238845
 31
0.0
100
AcDbText
  0
LWPOLYLINE
  5
6E4
330
17
100
AcDbEntity
  8
爆区方格网
 62
5
100
AcDbPolyline
 90
5
 70
1
 10
470043.9201291251
 20
4349651.439123885
 10
470043.9201291251
 20
4349652.439123885
 10
470044.9201291251
 20
4349652.439123885
 10
470044.9201291251
 20
4349651.439123885
 10
470043.9201291251
 20
4349651.439123885
  0
TEXT
  5
6E5
330
17
100
AcDbEntity
  8
0
 62
5
100
AcDbText
 10
470044.26012912515
 20
4349651.8691238845
 30
0.0
 40
0.1333
  1
1.04
  7
CN_TTF
 11
470044.26012912515
 21
4349651.8691238845
 31
0.0
100
AcDbText
  0
LWPOLYLINE
  5
6E6
330
17
100
AcDbEntity
  8
爆区方格网
 62
5
100
AcDbPolyline
 90
5
 70
1
 10
470043.9201291251
 20
4349652.439123885
 10
470043.9201291251
 20
4349653.439123885
 10
470044.9201291251
 20
4349653.439123885
 10
470044.9201291251
 20
4349652.439123885
 10
470043.9201291251
 20
4349652.439123885
  0
TEXT
  5
6E7
330
17
100
AcDbEntity
  8
0
 62
5
100
AcDbText
 10
470044.26012912515
 20
4349652.8691238845
 30
0.0
 40
0.1333
  1
1.04
  7
CN_TTF
 11
470044.26012912515
 21
4349652.8691238845
 31
0.0
100
AcDbText
  0
LWPOLYLINE
  5
6E8
330
17
100
AcDbEntity
  8
爆区方格网
 62
5
100
AcDbPolyline
 90
5
 70
1
 10
470043.9201291251
 20
4349653.439123885
 10
470043.9201291251
 20
4349654.439123885
 10
470044.9201291251
 20
4349654.439123885
 10
470044.9201291251
 20
4349653.439123885
 10
470043.9201291251
 20
4349653.439123885
  0
TEXT
  5
6E9
330
17
100
AcDbEntity
  8
0
 62
5
100
AcDbText
 10
470044.26012912515
 20
4349653.8691238845
 30
0.0
 40
0.1333
  1
1.04
  7
CN_TTF
 11
470044.26012912515
 21
4349653.8691238845
 31
0.0
100
AcDbText
  0
LWPOLYLINE
  5
6EA
330
17
100
AcDbEntity
  8
爆区方格网
 62
5
100
AcDbPolyline
 90
5
 70
1
 10
470043.9201291251
 20
4349654.439123885
 10
470043.9201291251
 20
4349655.439123885
 10
470044.9201291251
 20
4349655.439123885
 10
470044.9201291251
 20
4349654.439123885
 10
470043.9201291251
 20
4349654.439123885
  0
TEXT
  5
6EB
330
17
100
AcDbEntity
  8
0
 62
5
100
AcDbText
 10
470044.26012912515
 20
4349654.8691238845
 30
0.0
 40
0.1333
  1
1.04
  7
CN_TTF
 11
470044.26012912515
 21
4349654.8691238845
 31
0.0
100
AcDbText
  0
LWPOLYLINE
  5
6EC
330
17
100
AcDbEntity
  8
爆区方格网
 62
5
100
AcDbPolyline
 90
5
 70
1
 10
470043.9201291251
 20
4349655.439123885
 10
470043.9201291251
 20
4349656.439123885
 10
470044.9201291251
 20
4349656.439123885
 10
470044.9201291251
 20
4349655.439123885
 10
470043.9201291251
 20
4349655.439123885
  0
TEXT
  5
6ED
330
17
100
AcDbEntity
  8
0
 62
5
100
AcDbText
 10
470044.26012912515
 20
4349655.8691238845
 30
0.0
 40
0.1333
  1
1.04
  7
CN_TTF
 11
470044.26012912515
 21
4349655.8691238845
 31
0.0
100
AcDbText
  0
LWPOLYLINE
  5
6EE
330
17
100
AcDbEntity
  8
爆区方格网
 62
5
100
AcDbPolyline
 90
5
 70
1
 10
470043.9201291251
 20
4349656.439123885
 10
470043.9201291251
 20
4349657.439123885
 10
470044.9201291251
 20
4349657.439123885
 10
470044.9201291251
 20
4349656.439123885
 10
470043.9201291251
 20
4349656.439123885
  0
TEXT
  5
6EF
330
17
100
AcDbEntity
  8
0
 62
5
100
AcDbText
 10
470044.26012912515
 20
4349656.8691238845
 30
0.0
 40
0.1333
  1
1.30
  7
CN_TTF
 11
470044.26012912515
 21
4349656.8691238845
 31
0.0
100
AcDbText
  0
LWPOLYLINE
  5
6F0
330
17
100
AcDbEntity
  8
爆区方格网
 62
5
100
AcDbPolyline
 90
7
 70
1
 10
470044.9201291251
 20
4349657.439123885
 10
470043.9201291251
 20
4349657.439123885
 10
470043.9201291251
 20
4349658.008141757
 10
470044.4220937805
 20
4349658.090008832
 10
470044.72045109334
 20
4349657.878688911
 10
470044.9201291251
 20
4349657.737261354
 10
470044.9201291251
 20
4349657.439123885
  0
TEXT
  5
6F1
330
17
100
AcDbEntity
  8
0
 62
5
100
AcDbText
 10
470044.21020961757
 20
4349657.737975132
 30
0.0
 40
0.1333
  1
1.30
  7
CN_TTF
 11
470044.21020961757
 21
4349657.737975132
 31
0.0
100
AcDbText
  0
LWPOLYLINE
  5
6F2
330
17
100
AcDbEntity
  8
爆区方格网
 62
5
100
AcDbPolyline
 90
7
 70
1
 10
470044.9201291251
 20
4349641.439123885
 10
470044.9201291251
 20
4349642.439123885
 10
470045.9201291251
 20
4349642.439123885
 10
470045.9201291251
 20
4349642.239579159
 10
470045.453
 20
4349641.5415
 10
470045.1755729233
 20
4349641.439123885
 10
470044.9201291251
 20
4349641.439123885
  0
TEXT
  5
6F3
330
17
100
AcDbEntity
  8
0
 62
5
100
AcDbText
 10
470045.1433468437
 20
4349641.820539579
 30
0.0
 40
0.1333
  1
1.21
  7
CN_TTF
 11
470045.1433468437
 21
4349641.820539579
 31
0.0
100
AcDbText
  0
LWPOLYLINE
  5
6F4
330
17
100
AcDbEntity
  8
爆区方格网
 62
5
100
AcDbPolyline
 90
5
 70
1
 10
470044.9201291251
 20
4349642.439123885
 10
470044.9201291251
 20
4349643.439123885
 10
470045.9201291251
 20
4349643.439123885
 10
470045.9201291251
 20
4349642.439123885
 10
470044.9201291251
 20
4349642.439123885
  0
TEXT
  5
6F5
330
17
100
AcDbEntity
  8
0
 62
5
100
AcDbText
 10
470045.26012912515
 20
4349642.8691238845
 30
0.0
 40
0.1333
  1
1.21
  7
CN_TTF
 11
470045.26012912515
 21
4349642.8691238845
 31
0.0
100
AcDbText
  0
LWPOLYLINE
  5
6F6
330
17
100
AcDbEntity
  8
爆区方格网
 62
5
100
AcDbPolyline
 90
5
 70
1
 10
470044.9201291251
 20
4349643.439123885
 10
470044.9201291251
 20
4349644.439123885
 10
470045.9201291251
 20
4349644.439123885
 10
470045.9201291251
 20
4349643.439123885
 10
470044.9201291251
 20
4349643.439123885
  0
TEXT
  5
6F7
330
17
100
AcDbEntity
  8
0
 62
5
100
AcDbText
 10
470045.26012912515
 20
4349643.8691238845
 30
0.0
 40
0.1333
  1
1.21
  7
CN_TTF
 11
470045.26012912515
 21
4349643.8691238845
 31
0.0
100
AcDbText
  0
LWPOLYLINE
  5
6F8
330
17
100
AcDbEntity
  8
爆区方格网
 62
5
100
AcDbPolyline
 90
5
 70
1
 10
470044.9201291251
 20
4349644.439123885
 10
470044.9201291251
 20
4349645.439123885
 10
470045.9201291251
 20
4349645.439123885
 10
470045.9201291251
 20
4349644.439123885
 10
470044.9201291251
 20
4349644.439123885
  0
TEXT
  5
6F9
330
17
100
AcDbEntity
  8
0
 62
5
100
AcDbText
 10
470045.26012912515
 20
4349644.8691238845
 30
0.0
 40
0.1333
  1
1.23
  7
CN_TTF
 11
470045.26012912515
 21
4349644.8691238845
 31
0.0
100
AcDbText
  0
LWPOLYLINE
  5
6FA
330
17
100
AcDbEntity
  8
爆区方格网
 62
5
100
AcDbPolyline
 90
5
 70
1
 10
470044.9201291251
 20
4349645.439123885
 10
470044.9201291251
 20
4349646.439123885
 10
470045.9201291251
 20
4349646.439123885
 10
470045.9201291251
 20
4349645.439123885
 10
470044.9201291251
 20
4349645.439123885
  0
TEXT
  5
6FB
330
17
100
AcDbEntity
  8
0
 62
5
100
AcDbText
 10
470045.26012912515
 20
4349645.8691238845
 30
0.0
 40
0.1333
  1
1.23
  7
CN_TTF
 11
470045.26012912515
 21
4349645.8691238845
 31
0.0
100
AcDbText
  0
LWPOLYLINE
  5
6FC
330
17
100
AcDbEntity
  8
爆区方格网
 62
5
100
AcDbPolyline
 90
5
 70
1
 10
470044.9201291251
 20
4349646.439123885
 10
470044.9201291251
 20
4349647.439123885
 10
470045.9201291251
 20
4349647.439123885
 10
470045.9201291251
 20
4349646.439123885
 10
470044.9201291251
 20
4349646.439123885
  0
TEXT
  5
6FD
330
17
100
AcDbEntity
  8
0
 62
5
100
AcDbText
 10
470045.26012912515
 20
4349646.8691238845
 30
0.0
 40
0.1333
  1
1.23
  7
CN_TTF
 11
470045.26012912515
 21
4349646.8691238845
 31
0.0
100
AcDbText
  0
LWPOLYLINE
  5
6FE
330
17
100
AcDbEntity
  8
爆区方格网
 62
5
100
AcDbPolyline
 90
5
 70
1
 10
470044.9201291251
 20
4349647.439123885
 10
470044.9201291251
 20
4349648.439123885
 10
470045.9201291251
 20
4349648.439123885
 10
470045.9201291251
 20
4349647.439123885
 10
470044.9201291251
 20
4349647.439123885
  0
TEXT
  5
6FF
330
17
100
AcDbEntity
  8
0
 62
5
100
AcDbText
 10
470045.26012912515
 20
4349647.8691238845
 30
0.0
 40
0.1333
  1
1.23
  7
CN_TTF
 11
470045.26012912515
 21
4349647.8691238845
 31
0.0
100
AcDbText
  0
LWPOLYLINE
  5
700
330
17
100
AcDbEntity
  8
爆区方格网
 62
5
100
AcDbPolyline
 90
5
 70
1
 10
470044.9201291251
 20
4349649.439123885
 10
470044.9201291251
 20
4349650.439123885
 10
470045.9201291251
 20
4349650.439123885
 10
470045.9201291251
 20
4349649.439123885
 10
470044.9201291251
 20
4349649.439123885
  0
TEXT
  5
701
330
17
100
AcDbEntity
  8
0
 62
5
100
AcDbText
 10
470045.26012912515
 20
4349649.8691238845
 30
0.0
 40
0.1333
  1
1.23
  7
CN_TTF
 11
470045.26012912515
 21
4349649.8691238845
 31
0.0
100
AcDbText
  0
LWPOLYLINE
  5
702
330
17
100
AcDbEntity
  8
爆区方格网
 62
5
100
AcDbPolyline
 90
5
 70
1
 10
470044.9201291251
 20
4349650.439123885
 10
470044.9201291251
 20
4349651.439123885
 10
470045.9201291251
 20
4349651.439123885
 10
470045.9201291251
 20
4349650.439123885
 10
470044.9201291251
 20
4349650.439123885
  0
TEXT
  5
703
330
17
100
AcDbEntity
  8
0
 62
5
100
AcDbText
 10
470045.26012912515
 20
4349650.8691238845
 30
0.0
 40
0.1333
  1
1.04
  7
CN_TTF
 11
470045.26012912515
 21
4349650.8691238845
 31
0.0
100
AcDbText
  0
LWPOLYLINE
  5
704
330
17
100
AcDbEntity
  8
爆区方格网
 62
5
100
AcDbPolyline
 90
5
 70
1
 10
470044.9201291251
 20
4349651.439123885
 10
470044.9201291251
 20
4349652.439123885
 10
470045.9201291251
 20
4349652.439123885
 10
470045.9201291251
 20
4349651.439123885
 10
470044.9201291251
 20
4349651.439123885
  0
TEXT
  5
705
330
17
100
AcDbEntity
  8
0
 62
5
100
AcDbText
 10
470045.26012912515
 20
4349651.8691238845
 30
0.0
 40
0.1333
  1
1.04
  7
CN_TTF
 11
470045.26012912515
 21
4349651.8691238845
 31
0.0
100
AcDbText
  0
LWPOLYLINE
  5
706
330
17
100
AcDbEntity
  8
爆区方格网
 62
5
100
AcDbPolyline
 90
5
 70
1
 10
470044.9201291251
 20
4349652.439123885
 10
470044.9201291251
 20
4349653.439123885
 10
470045.9201291251
 20
4349653.439123885
 10
470045.9201291251
 20
4349652.439123885
 10
470044.9201291251
 20
4349652.439123885
  0
TEXT
  5
707
330
17
100
AcDbEntity
  8
0
 62
5
100
AcDbText
 10
470045.26012912515
 20
4349652.8691238845
 30
0.0
 40
0.1333
  1
1.04
  7
CN_TTF
 11
470045.26012912515
 21
4349652.8691238845
 31
0.0
100
AcDbText
  0
LWPOLYLINE
  5
708
330
17
100
AcDbEntity
  8
爆区方格网
 62
5
100
AcDbPolyline
 90
5
 70
1
 10
470044.9201291251
 20
4349653.439123885
 10
470044.9201291251
 20
4349654.439123885
 10
470045.9201291251
 20
4349654.439123885
 10
470045.9201291251
 20
4349653.439123885
 10
470044.9201291251
 20
4349653.439123885
  0
TEXT
  5
709
330
17
100
AcDbEntity
  8
0
 62
5
100
AcDbText
 10
470045.26012912515
 20
4349653.8691238845
 30
0.0
 40
0.1333
  1
1.04
  7
CN_TTF
 11
470045.26012912515
 21
4349653.8691238845
 31
0.0
100
AcDbText
  0
LWPOLYLINE
  5
70A
330
17
100
AcDbEntity
  8
爆区方格网
 62
5
100
AcDbPolyline
 90
5
 70
1
 10
470044.9201291251
 20
4349654.439123885
 10
470044.9201291251
 20
4349655.439123885
 10
470045.9201291251
 20
4349655.439123885
 10
470045.9201291251
 20
4349654.439123885
 10
470044.9201291251
 20
4349654.439123885
  0
TEXT
  5
70B
330
17
100
AcDbEntity
  8
0
 62
5
100
AcDbText
 10
470045.26012912515
 20
4349654.8691238845
 30
0.0
 40
0.1333
  1
1.04
  7
CN_TTF
 11
470045.26012912515
 21
4349654.8691238845
 31
0.0
100
AcDbText
  0
LWPOLYLINE
  5
70C
330
17
100
AcDbEntity
  8
爆区方格网
 62
5
100
AcDbPolyline
 90
5
 70
1
 10
470044.9201291251
 20
4349655.439123885
 10
470044.9201291251
 20
4349656.439123885
 10
470045.9201291251
 20
4349656.439123885
 10
470045.9201291251
 20
4349655.439123885
 10
470044.9201291251
 20
4349655.439123885
  0
TEXT
  5
70D
330
17
100
AcDbEntity
  8
0
 62
5
100
AcDbText
 10
470045.26012912515
 20
4349655.8691238845
 30
0.0
 40
0.1333
  1
1.04
  7
CN_TTF
 11
470045.26012912515
 21
4349655.8691238845
 31
0.0
100
AcDbText
  0
LWPOLYLINE
  5
70E
330
17
100
AcDbEntity
  8
爆区方格网
 62
5
100
AcDbPolyline
 90
6
 70
1
 10
470045.9201291251
 20
4349656.439123885
 10
470044.9201291251
 20
4349656.439123885
 10
470044.9201291251
 20
4349657.439123885
 10
470045.34106196486
 20
4349657.439123885
 10
470045.9201291251
 20
4349657.0289833555
 10
470045.9201291251
 20
4349656.439123885
  0
TEXT
  5
70F
330
17
100
AcDbEntity
  8
0
 62
5
100
AcDbText
 10
470045.26012912515
 20
4349656.66405362
 30
0.0
 40
0.1333
  1
1.04
  7
CN_TTF
 11
470045.26012912515
 21
4349656.66405362
 31
0.0
100
AcDbText
  0
LWPOLYLINE
  5
710
330
17
100
AcDbEntity
  8
爆区方格网
 62
5
100
AcDbPolyline
 90
6
 70
1
 10
470045.9201291251
 20
4349643.439123885
 10
470045.9201291251
 20
4349644.439123885
 10
470046.9201291251
 20
4349644.439123885
 10
470046.9201291251
 20
4349643.733982144
 10
470046.7228207268
 20
4349643.439123885
 10
470045.9201291251
 20
4349643.439123885
  0
TEXT
  5
711
330
17
100
AcDbEntity
  8
0
 62
5
100
AcDbText
 10
470046.26012912515
 20
4349644.0165530145
 30
0.0
 40
0.1333
  1
1.23
  7
CN_TTF
 11
470046.26012912515
 21
4349644.0165530145
 31
0.0
100
AcDbText
  0
LWPOLYLINE
  5
712
330
17
100
AcDbEntity
  8
爆区方格网
 62
5
100
AcDbPolyline
 90
5
 70
1
 10
470045.9201291251
 20
4349644.439123885
 10
470045.9201291251
 20
4349645.439123885
 10
470046.9201291251
 20
4349645.439123885
 10
470046.9201291251
 20
4349644.439123885
 10
470045.9201291251
 20
4349644.439123885
  0
TEXT
  5
713
330
17
100
AcDbEntity
  8
0
 62
5
100
AcDbText
 10
470046.26012912515
 20
4349644.8691238845
 30
0.0
 40
0.1333
  1
1.23
  7
CN_TTF
 11
470046.26012912515
 21
4349644.8691238845
 31
0.0
100
AcDbText
  0
LWPOLYLINE
  5
714
330
17
100
AcDbEntity
  8
爆区方格网
 62
5
100
AcDbPolyline
 90
5
 70
1
 10
470045.9201291251
 20
4349645.439123885
 10
470045.9201291251
 20
4349646.439123885
 10
470046.9201291251
 20
4349646.439123885
 10
470046.9201291251
 20
4349645.439123885
 10
470045.9201291251
 20
4349645.439123885
  0
TEXT
  5
715
330
17
100
AcDbEntity
  8
0
 62
5
100
AcDbText
 10
470046.26012912515
 20
4349645.8691238845
 30
0.0
 40
0.1333
  1
1.23
  7
CN_TTF
 11
470046.26012912515
 21
4349645.8691238845
 31
0.0
100
AcDbText
  0
LWPOLYLINE
  5
716
330
17
100
AcDbEntity
  8
爆区方格网
 62
5
100
AcDbPolyline
 90
5
 70
1
 10
470045.9201291251
 20
4349646.439123885
 10
470045.9201291251
 20
4349647.439123885
 10
470046.9201291251
 20
4349647.439123885
 10
470046.9201291251
 20
4349646.439123885
 10
470045.9201291251
 20
4349646.439123885
  0
TEXT
  5
717
330
17
100
AcDbEntity
  8
0
 62
5
100
AcDbText
 10
470046.26012912515
 20
4349646.8691238845
 30
0.0
 40
0.1333
  1
1.23
  7
CN_TTF
 11
470046.26012912515
 21
4349646.8691238845
 31
0.0
100
AcDbText
  0
LWPOLYLINE
  5
718
330
17
100
AcDbEntity
  8
爆区方格网
 62
5
100
AcDbPolyline
 90
5
 70
1
 10
470045.9201291251
 20
4349647.439123885
 10
470045.9201291251
 20
4349648.439123885
 10
470046.9201291251
 20
4349648.439123885
 10
470046.9201291251
 20
4349647.439123885
 10
470045.9201291251
 20
4349647.439123885
  0
TEXT
  5
719
330
17
100
AcDbEntity
  8
0
 62
5
100
AcDbText
 10
470046.26012912515
 20
4349647.8691238845
 30
0.0
 40
0.1333
  1
1.23
  7
CN_TTF
 11
470046.26012912515
 21
4349647.8691238845
 31
0.0
100
AcDbText
  0
LWPOLYLINE
  5
71A
330
17
100
AcDbEntity
  8
爆区方格网
 62
5
100
AcDbPolyline
 90
5
 70
1
 10
470045.9201291251
 20
4349649.439123885
 10
470045.9201291251
 20
4349650.439123885
 10
470046.9201291251
 20
4349650.439123885
 10
470046.9201291251
 20
4349649.439123885
 10
470045.9201291251
 20
4349649.439123885
  0
TEXT
  5
71B
330
17
100
AcDbEntity
  8
0
 62
5
100
AcDbText
 10
470046.26012912515
 20
4349649.8691238845
 30
0.0
 40
0.1333
  1
1.04
  7
CN_TTF
 11
470046.26012912515
 21
4349649.8691238845
 31
0.0
100
AcDbText
  0
LWPOLYLINE
  5
71C
330
17
100
AcDbEntity
  8
爆区方格网
 62
5
100
AcDbPolyline
 90
5
 70
1
 10
470045.9201291251
 20
4349650.439123885
 10
470045.9201291251
 20
4349651.439123885
 10
470046.9201291251
 20
4349651.439123885
 10
470046.9201291251
 20
4349650.439123885
 10
470045.9201291251
 20
4349650.439123885
  0
TEXT
  5
71D
330
17
100
AcDbEntity
  8
0
 62
5
100
AcDbText
 10
470046.26012912515
 20
4349650.8691238845
 30
0.0
 40
0.1333
  1
1.04
  7
CN_TTF
 11
470046.26012912515
 21
4349650.8691238845
 31
0.0
100
AcDbText
  0
LWPOLYLINE
  5
71E
330
17
100
AcDbEntity
  8
爆区方格网
 62
5
100
AcDbPolyline
 90
5
 70
1
 10
470045.9201291251
 20
4349651.439123885
 10
470045.9201291251
 20
4349652.439123885
 10
470046.9201291251
 20
4349652.439123885
 10
470046.9201291251
 20
4349651.439123885
 10
470045.9201291251
 20
4349651.439123885
  0
TEXT
  5
71F
330
17
100
AcDbEntity
  8
0
 62
5
100
AcDbText
 10
470046.26012912515
 20
4349651.8691238845
 30
0.0
 40
0.1333
  1
1.04
  7
CN_TTF
 11
470046.26012912515
 21
4349651.8691238845
 31
0.0
100
AcDbText
  0
LWPOLYLINE
  5
720
330
17
100
AcDbEntity
  8
爆区方格网
 62
5
100
AcDbPolyline
 90
5
 70
1
 10
470045.9201291251
 20
4349652.439123885
 10
470045.9201291251
 20
4349653.439123885
 10
470046.9201291251
 20
4349653.439123885
 10
470046.9201291251
 20
4349652.439123885
 10
470045.9201291251
 20
4349652.439123885
  0
TEXT
  5
721
330
17
100
AcDbEntity
  8
0
 62
5
100
AcDbText
 10
470046.26012912515
 20
4349652.8691238845
 30
0.0
 40
0.1333
  1
1.04
  7
CN_TTF
 11
470046.26012912515
 21
4349652.8691238845
 31
0.0
100
AcDbText
  0
LWPOLYLINE
  5
722
330
17
100
AcDbEntity
  8
爆区方格网
 62
5
100
AcDbPolyline
 90
5
 70
1
 10
470045.9201291251
 20
4349653.439123885
 10
470045.9201291251
 20
4349654.439123885
 10
470046.9201291251
 20
4349654.439123885
 10
470046.9201291251
 20
4349653.439123885
 10
470045.9201291251
 20
4349653.439123885
  0
TEXT
  5
723
330
17
100
AcDbEntity
  8
0
 62
5
100
AcDbText
 10
470046.26012912515
 20
4349653.8691238845
 30
0.0
 40
0.1333
  1
1.04
  7
CN_TTF
 11
470046.26012912515
 21
4349653.8691238845
 31
0.0
100
AcDbText
  0
LWPOLYLINE
  5
724
330
17
100
AcDbEntity
  8
爆区方格网
 62
5
100
AcDbPolyline
 90
5
 70
1
 10
470045.9201291251
 20
4349654.439123885
 10
470045.9201291251
 20
4349655.439123885
 10
470046.9201291251
 20
4349655.439123885
 10
470046.9201291251
 20
4349654.439123885
 10
470045.9201291251
 20
4349654.439123885
  0
TEXT
  5
725
330
17
100
AcDbEntity
  8
0
 62
5
100
AcDbText
 10
470046.26012912515
 20
4349654.8691238845
 30
0.0
 40
0.1333
  1
1.04
  7
CN_TTF
 11
470046.26012912515
 21
4349654.8691238845
 31
0.0
100
AcDbText
  0
LWPOLYLINE
  5
726
330
17
100
AcDbEntity
  8
爆区方格网
 62
5
100
AcDbPolyline
 90
6
 70
1
 10
470046.9201291251
 20
4349655.439123885
 10
470045.9201291251
 20
4349655.439123885
 10
470045.9201291251
 20
4349656.439123885
 10
470046.7529369652
 20
4349656.439123885
 10
470046.9201291251
 20
4349656.320705356
 10
470046.9201291251
 20
4349655.439123885
  0
TEXT
  5
727
330
17
100
AcDbEntity
  8
0
 62
5
100
AcDbText
 10
470046.26012912515
 20
4349655.809914621
 30
0.0
 40
0.1333
  1
1.04
  7
CN_TTF
 11
470046.26012912515
 21
4349655.809914621
 31
0.0
100
AcDbText
  0
LWPOLYLINE
  5
728
330
17
100
AcDbEntity
  8
爆区方格网
 62
5
100
AcDbPolyline
 90
6
 70
1
 10
470046.9201291251
 20
4349644.439123885
 10
470046.9201291251
 20
4349645.439123885
 10
470047.9201291251
 20
4349645.439123885
 10
470047.9201291251
 20
4349644.495203364
 10
470047.83264189196
 20
4349644.439123885
 10
470046.9201291251
 20
4349644.439123885
  0
TEXT
  5
729
330
17
100
AcDbEntity
  8
0
 62
5
100
AcDbText
 10
470047.26012912515
 20
4349644.897163624
 30
0.0
 40
0.1333
  1
1.23
  7
CN_TTF
 11
470047.26012912515
 21
4349644.897163624
 31
0.0
100
AcDbText
  0
LWPOLYLINE
  5
72A
330
17
100
AcDbEntity
  8
爆区方格网
 62
5
100
AcDbPolyline
 90
5
 70
1
 10
470046.9201291251
 20
4349645.439123885
 10
470046.9201291251
 20
4349646.439123885
 10
470047.9201291251
 20
4349646.439123885
 10
470047.9201291251
 20
4349645.439123885
 10
470046.9201291251
 20
4349645.439123885
  0
TEXT
  5
72B
330
17
100
AcDbEntity
  8
0
 62
5
100
AcDbText
 10
470047.26012912515
 20
4349645.8691238845
 30
0.0
 40
0.1333
  1
1.23
  7
CN_TTF
 11
470047.26012912515
 21
4349645.8691238845
 31
0.0
100
AcDbText
  0
LWPOLYLINE
  5
72C
330
17
100
AcDbEntity
  8
爆区方格网
 62
5
100
AcDbPolyline
 90
5
 70
1
 10
470046.9201291251
 20
4349646.439123885
 10
470046.9201291251
 20
4349647.439123885
 10
470047.9201291251
 20
4349647.439123885
 10
470047.9201291251
 20
4349646.439123885
 10
470046.9201291251
 20
4349646.439123885
  0
TEXT
  5
72D
330
17
100
AcDbEntity
  8
0
 62
5
100
AcDbText
 10
470047.26012912515
 20
4349646.8691238845
 30
0.0
 40
0.1333
  1
1.23
  7
CN_TTF
 11
470047.26012912515
 21
4349646.8691238845
 31
0.0
100
AcDbText
  0
LWPOLYLINE
  5
72E
330
17
100
AcDbEntity
  8
爆区方格网
 62
5
100
AcDbPolyline
 90
5
 70
1
 10
470046.9201291251
 20
4349647.439123885
 10
470046.9201291251
 20
4349648.439123885
 10
470047.9201291251
 20
4349648.439123885
 10
470047.9201291251
 20
4349647.439123885
 10
470046.9201291251
 20
4349647.439123885
  0
TEXT
  5
72F
330
17
100
AcDbEntity
  8
0
 62
5
100
AcDbText
 10
470047.26012912515
 20
4349647.8691238845
 30
0.0
 40
0.1333
  1
1.23
  7
CN_TTF
 11
470047.26012912515
 21
4349647.8691238845
 31
0.0
100
AcDbText
  0
LWPOLYLINE
  5
730
330
17
100
AcDbEntity
  8
爆区方格网
 62
5
100
AcDbPolyline
 90
6
 70
1
 10
470046.9201291251
 20
4349649.439123885
 10
470046.9201291251
 20
4349650.439123885
 10
470047.9201291251
 20
4349650.439123885
 10
470047.9201291251
 20
4349649.4407440685
 10
470047.890264788
 20
4349649.439123885
 10
470046.9201291251
 20
4349649.439123885
  0
TEXT
  5
731
330
17
100
AcDbEntity
  8
0
 62
5
100
AcDbText
 10
470047.26012912515
 20
4349649.869933976
 30
0.0
 40
0.1333
  1
1.04
  7
CN_TTF
 11
470047.26012912515
 21
4349649.869933976
 31
0.0
100
AcDbText
  0
LWPOLYLINE
  5
732
330
17
100
AcDbEntity
  8
爆区方格网
 62
5
100
AcDbPolyline
 90
5
 70
1
 10
470046.9201291251
 20
4349650.439123885
 10
470046.9201291251
 20
4349651.439123885
 10
470047.9201291251
 20
4349651.439123885
 10
470047.9201291251
 20
4349650.439123885
 10
470046.9201291251
 20
4349650.439123885
  0
TEXT
  5
733
330
17
100
AcDbEntity
  8
0
 62
5
100
AcDbText
 10
470047.26012912515
 20
4349650.8691238845
 30
0.0
 40
0.1333
  1
1.04
  7
CN_TTF
 11
470047.26012912515
 21
4349650.8691238845
 31
0.0
100
AcDbText
  0
LWPOLYLINE
  5
734
330
17
100
AcDbEntity
  8
爆区方格网
 62
5
100
AcDbPolyline
 90
5
 70
1
 10
470046.9201291251
 20
4349651.439123885
 10
470046.9201291251
 20
4349652.439123885
 10
470047.9201291251
 20
4349652.439123885
 10
470047.9201291251
 20
4349651.439123885
 10
470046.9201291251
 20
4349651.439123885
  0
TEXT
  5
735
330
17
100
AcDbEntity
  8
0
 62
5
100
AcDbText
 10
470047.26012912515
 20
4349651.8691238845
 30
0.0
 40
0.1333
  1
1.04
  7
CN_TTF
 11
470047.26012912515
 21
4349651.8691238845
 31
0.0
100
AcDbText
  0
LWPOLYLINE
  5
736
330
17
100
AcDbEntity
  8
爆区方格网
 62
5
100
AcDbPolyline
 90
5
 70
1
 10
470046.9201291251
 20
4349652.439123885
 10
470046.9201291251
 20
4349653.439123885
 10
470047.9201291251
 20
4349653.439123885
 10
470047.9201291251
 20
4349652.439123885
 10
470046.9201291251
 20
4349652.439123885
  0
TEXT
  5
737
330
17
100
AcDbEntity
  8
0
 62
5
100
AcDbText
 10
470047.26012912515
 20
4349652.8691238845
 30
0.0
 40
0.1333
  1
1.04
  7
CN_TTF
 11
470047.26012912515
 21
4349652.8691238845
 31
0.0
100
AcDbText
  0
LWPOLYLINE
  5
738
330
17
100
AcDbEntity
  8
爆区方格网
 62
5
100
AcDbPolyline
 90
5
 70
1
 10
470046.9201291251
 20
4349653.439123885
 10
470046.9201291251
 20
4349654.439123885
 10
470047.9201291251
 20
4349654.439123885
 10
470047.9201291251
 20
4349653.439123885
 10
470046.9201291251
 20
4349653.439123885
  0
TEXT
  5
739
330
17
100
AcDbEntity
  8
0
 62
5
100
AcDbText
 10
470047.26012912515
 20
4349653.8691238845
 30
0.0
 40
0.1333
  1
1.04
  7
CN_TTF
 11
470047.26012912515
 21
4349653.8691238845
 31
0.0
100
AcDbText
  0
LWPOLYLINE
  5
73A
330
17
100
AcDbEntity
  8
爆区方格网
 62
5
100
AcDbPolyline
 90
5
 70
1
 10
470046.9201291251
 20
4349654.439123885
 10
470046.9201291251
 20
4349655.439123885
 10
470047.9201291251
 20
4349655.439123885
 10
470047.9201291251
 20
4349654.439123885
 10
470046.9201291251
 20
4349654.439123885
  0
TEXT
  5
73B
330
17
100
AcDbEntity
  8
0
 62
5
100
AcDbText
 10
470047.26012912515
 20
4349654.8691238845
 30
0.0
 40
0.1333
  1
1.04
  7
CN_TTF
 11
470047.26012912515
 21
4349654.8691238845
 31
0.0
100
AcDbText
  0
LWPOLYLINE
  5
73C
330
17
100
AcDbEntity
  8
爆区方格网
 62
5
100
AcDbPolyline
 90
5
 70
1
 10
470047.9201291251
 20
4349655.439123885
 10
470046.9201291251
 20
4349655.439123885
 10
470046.9201291251
 20
4349656.320705356
 10
470047.9201291251
 20
4349655.612427358
 10
470047.9201291251
 20
4349655.439123885
  0
TEXT
  5
73D
330
17
100
AcDbEntity
  8
0
 62
5
100
AcDbText
 10
470047.01012912515
 20
4349655.8965663565
 30
0.0
 40
0.1333
  1
1.04
  7
CN_TTF
 11
470047.01012912515
 21
4349655.8965663565
 31
0.0
100
AcDbText
  0
LWPOLYLINE
  5
73E
330
17
100
AcDbEntity
  8
爆区方格网
 62
5
100
AcDbPolyline
 90
6
 70
1
 10
470047.9201291251
 20
4349645.439123885
 10
470048.9201291251
 20
4349645.439123885
 10
470048.9201291251
 20
4349645.021054148
 10
470048.67799999996
 20
4349644.981000001
 10
470047.9201291251
 20
4349644.495203364
 10
470047.9201291251
 20
4349645.439123885
  0
TEXT
  5
73F
330
17
100
AcDbEntity
  8
0
 62
5
100
AcDbText
 10
470047.9495968435
 20
4349644.668101681
 30
0.0
 40
0.1333
  1
1.23
  7
CN_TTF
 11
470047.9495968435
 21
4349644.668101681
 31
0.0
100
AcDbText
  0
LWPOLYLINE
  5
740
330
17
100
AcDbEntity
  8
爆区方格网
 62
5
100
AcDbPolyline
 90
5
 70
1
 10
470047.9201291251
 20
4349645.439123885
 10
470047.9201291251
 20
4349646.439123885
 10
470048.9201291251
 20
4349646.439123885
 10
470048.9201291251
 20
4349645.439123885
 10
470047.9201291251
 20
4349645.439123885
  0
TEXT
  5
741
330
17
100
AcDbEntity
  8
0
 62
5
100
AcDbText
 10
470048.26012912515
 20
4349645.8691238845
 30
0.0
 40
0.1333
  1
1.23
  7
CN_TTF
 11
470048.26012912515
 21
4349645.8691238845
 31
0.0
100
AcDbText
  0
LWPOLYLINE
  5
742
330
17
100
AcDbEntity
  8
爆区方格网
 62
5
100
AcDbPolyline
 90
5
 70
1
 10
470047.9201291251
 20
4349646.439123885
 10
470047.9201291251
 20
4349647.439123885
 10
470048.9201291251
 20
4349647.439123885
 10
470048.9201291251
 20
4349646.439123885
 10
470047.9201291251
 20
4349646.439123885
  0
TEXT
  5
743
330
17
100
AcDbEntity
  8
0
 62
5
100
AcDbText
 10
470048.26012912515
 20
4349646.8691238845
 30
0.0
 40
0.1333
  1
1.23
  7
CN_TTF
 11
470048.26012912515
 21
4349646.8691238845
 31
0.0
100
AcDbText
  0
LWPOLYLINE
  5
744
330
17
100
AcDbEntity
  8
爆区方格网
 62
5
100
AcDbPolyline
 90
5
 70
1
 10
470047.9201291251
 20
4349647.439123885
 10
470047.9201291251
 20
4349648.439123885
 10
470048.9201291251
 20
4349648.439123885
 10
470048.9201291251
 20
4349647.439123885
 10
470047.9201291251
 20
4349647.439123885
  0
TEXT
  5
745
330
17
100
AcDbEntity
  8
0
 62
5
100
AcDbText
 10
470048.26012912515
 20
4349647.8691238845
 30
0.0
 40
0.1333
  1
1.23
  7
CN_TTF
 11
470048.26012912515
 21
4349647.8691238845
 31
0.0
100
AcDbText
  0
LWPOLYLINE
  5
746
330
17
100
AcDbEntity
  8
爆区方格网
 62
5
100
AcDbPolyline
 90
5
 70
1
 10
470048.9201291251
 20
4349648.439123885
 10
470047.9201291251
 20
4349648.439123885
 10
470047.9201291251
 20
4349649.007736889
 10
470048.9201291251
 20
4349649.195267614
 10
470048.9201291251
 20
4349648.439123885
  0
TEXT
  5
747
330
17
100
AcDbEntity
  8
0
 62
5
100
AcDbText
 10
470048.26012912515
 20
4349648.653430386
 30
0.0
 40
0.1333
  1
1.23
  7
CN_TTF
 11
470048.26012912515
 21
4349648.653430386
 31
0.0
100
AcDbText
  0
LWPOLYLINE
  5
748
330
17
100
AcDbEntity
  8
爆区方格网
 62
5
100
AcDbPolyline
 90
5
 70
1
 10
470047.9201291251
 20
4349650.439123885
 10
470048.9201291251
 20
4349650.439123885
 10
470048.9201291251
 20
4349649.49499551
 10
470047.9201291251
 20
4349649.4407440685
 10
470047.9201291251
 20
4349650.439123885
  0
TEXT
  5
749
330
17
100
AcDbEntity
  8
0
 62
5
100
AcDbText
 10
470048.26012912515
 20
4349649.897059698
 30
0.0
 40
0.1333
  1
1.04
  7
CN_TTF
 11
470048.26012912515
 21
4349649.897059698
 31
0.0
100
AcDbText
  0
LWPOLYLINE
  5
74A
330
17
100
AcDbEntity
  8
爆区方格网
 62
5
100
AcDbPolyline
 90
5
 70
1
 10
470047.9201291251
 20
4349650.439123885
 10
470047.9201291251
 20
4349651.439123885
 10
470048.9201291251
 20
4349651.439123885
 10
470048.9201291251
 20
4349650.439123885
 10
470047.9201291251
 20
4349650.439123885
  0
TEXT
  5
74B
330
17
100
AcDbEntity
  8
0
 62
5
100
AcDbText
 10
470048.26012912515
 20
4349650.8691238845
 30
0.0
 40
0.1333
  1
1.04
  7
CN_TTF
 11
470048.26012912515
 21
4349650.8691238845
 31
0.0
100
AcDbText
  0
LWPOLYLINE
  5
74C
330
17
100
AcDbEntity
  8
爆区方格网
 62
5
100
AcDbPolyline
 90
5
 70
1
 10
470047.9201291251
 20
4349651.439123885
 10
470047.9201291251
 20
4349652.439123885
 10
470048.9201291251
 20
4349652.439123885
 10
470048.9201291251
 20
4349651.439123885
 10
470047.9201291251
 20
4349651.439123885
  0
TEXT
  5
74D
330
17
100
AcDbEntity
  8
0
 62
5
100
AcDbText
 10
470048.26012912515
 20
4349651.8691238845
 30
0.0
 40
0.1333
  1
1.04
  7
CN_TTF
 11
470048.26012912515
 21
4349651.8691238845
 31
0.0
100
AcDbText
  0
LWPOLYLINE
  5
74E
330
17
100
AcDbEntity
  8
爆区方格网
 62
5
100
AcDbPolyline
 90
5
 70
1
 10
470047.9201291251
 20
4349652.439123885
 10
470047.9201291251
 20
4349653.439123885
 10
470048.9201291251
 20
4349653.439123885
 10
470048.9201291251
 20
4349652.439123885
 10
470047.9201291251
 20
4349652.439123885
  0
TEXT
  5
74F
330
17
100
AcDbEntity
  8
0
 62
5
100
AcDbText
 10
470048.26012912515
 20
4349652.8691238845
 30
0.0
 40
0.1333
  1
1.04
  7
CN_TTF
 11
470048.26012912515
 21
4349652.8691238845
 31
0.0
100
AcDbText
  0
LWPOLYLINE
  5
750
330
17
100
AcDbEntity
  8
爆区方格网
 62
5
100
AcDbPolyline
 90
5
 70
1
 10
470047.9201291251
 20
4349653.439123885
 10
470047.9201291251
 20
4349654.439123885
 10
470048.9201291251
 20
4349654.439123885
 10
470048.9201291251
 20
4349653.439123885
 10
470047.9201291251
 20
4349653.439123885
  0
TEXT
  5
751
330
17
100
AcDbEntity
  8
0
 62
5
100
AcDbText
 10
470048.26012912515
 20
4349653.8691238845
 30
0.0
 40
0.1333
  1
1.04
  7
CN_TTF
 11
470048.26012912515
 21
4349653.8691238845
 31
0.0
100
AcDbText
  0
LWPOLYLINE
  5
752
330
17
100
AcDbEntity
  8
爆区方格网
 62
5
100
AcDbPolyline
 90
6
 70
1
 10
470048.9201291251
 20
4349654.439123885
 10
470047.9201291251
 20
4349654.439123885
 10
470047.9201291251
 20
4349655.439123885
 10
470048.16481196554
 20
4349655.439123885
 10
470048.9201291251
 20
4349654.904149358
 10
470048.9201291251
 20
4349654.439123885
  0
TEXT
  5
753
330
17
100
AcDbEntity
  8
0
 62
5
100
AcDbText
 10
470048.0712998353
 20
4349655.101636621
 30
0.0
 40
0.1333
  1
1.04
  7
CN_TTF
 11
470048.0712998353
 21
4349655.101636621
 31
0.0
100
AcDbText
  0
LWPOLYLINE
  5
754
330
17
100
AcDbEntity
  8
爆区方格网
 62
5
100
AcDbPolyline
 90
5
 70
1
 10
470048.9201291251
 20
4349645.439123885
 10
470048.9201291251
 20
4349646.439123885
 10
470049.9201291251
 20
4349646.439123885
 10
470049.9201291251
 20
4349645.439123885
 10
470048.9201291251
 20
4349645.439123885
  0
TEXT
  5
755
330
17
100
AcDbEntity
  8
0
 62
5
100
AcDbText
 10
470049.26012912515
 20
4349645.8691238845
 30
0.0
 40
0.1333
  1
1.23
  7
CN_TTF
 11
470049.26012912515
 21
4349645.8691238845
 31
0.0
100
AcDbText
  0
LWPOLYLINE
  5
756
330
17
100
AcDbEntity
  8
爆区方格网
 62
5
100
AcDbPolyline
 90
5
 70
1
 10
470048.9201291251
 20
4349646.439123885
 10
470048.9201291251
 20
4349647.439123885
 10
470049.9201291251
 20
4349647.439123885
 10
470049.9201291251
 20
4349646.439123885
 10
470048.9201291251
 20
4349646.439123885
  0
TEXT
  5
757
330
17
100
AcDbEntity
  8
0
 62
5
100
AcDbText
 10
470049.26012912515
 20
4349646.8691238845
 30
0.0
 40
0.1333
  1
1.23
  7
CN_TTF
 11
470049.26012912515
 21
4349646.8691238845
 31
0.0
100
AcDbText
  0
LWPOLYLINE
  5
758
330
17
100
AcDbEntity
  8
爆区方格网
 62
5
100
AcDbPolyline
 90
5
 70
1
 10
470048.9201291251
 20
4349647.439123885
 10
470048.9201291251
 20
4349648.439123885
 10
470049.9201291251
 20
4349648.439123885
 10
470049.9201291251
 20
4349647.439123885
 10
470048.9201291251
 20
4349647.439123885
  0
TEXT
  5
759
330
17
100
AcDbEntity
  8
0
 62
5
100
AcDbText
 10
470049.26012912515
 20
4349647.8691238845
 30
0.0
 40
0.1333
  1
1.23
  7
CN_TTF
 11
470049.26012912515
 21
4349647.8691238845
 31
0.0
100
AcDbText
  0
LWPOLYLINE
  5
75A
330
17
100
AcDbEntity
  8
爆区方格网
 62
5
100
AcDbPolyline
 90
8
 70
1
 10
470049.9201291251
 20
4349648.439123885
 10
470048.9201291251
 20
4349648.439123885
 10
470048.9201291251
 20
4349649.195267614
 10
470049.16189347807
 20
4349649.240605858
 10
470049.37315864814
 20
4349649.125924981
 10
470049.35184291174
 20
4349649.276227213
 10
470049.9201291251
 20
4349649.382798339
 10
470049.9201291251
 20
4349648.439123885
  0
TEXT
  5
75B
330
17
100
AcDbEntity
  8
0
 62
5
100
AcDbText
 10
470049.26012912515
 20
4349648.712524433
 30
0.0
 40
0.1333
  1
1.04
  7
CN_TTF
 11
470049.26012912515
 21
4349648.712524433
 31
0.0
100
AcDbText
  0
LWPOLYLINE
  5
75C
330
17
100
AcDbEntity
  8
爆区方格网
 62
5
100
AcDbPolyline
 90
5
 70
1
 10
470048.9201291251
 20
4349650.439123885
 10
470049.9201291251
 20
4349650.439123885
 10
470049.9201291251
 20
4349649.549246953
 10
470048.9201291251
 20
4349649.49499551
 10
470048.9201291251
 20
4349650.439123885
  0
TEXT
  5
75D
330
17
100
AcDbEntity
  8
0
 62
5
100
AcDbText
 10
470049.26012912515
 20
4349649.9241854185
 30
0.0
 40
0.1333
  1
1.04
  7
CN_TTF
 11
470049.26012912515
 21
4349649.9241854185
 31
0.0
100
AcDbText
  0
LWPOLYLINE
  5
75E
330
17
100
AcDbEntity
  8
爆区方格网
 62
5
100
AcDbPolyline
 90
5
 70
1
 10
470048.9201291251
 20
4349650.439123885
 10
470048.9201291251
 20
4349651.439123885
 10
470049.9201291251
 20
4349651.439123885
 10
470049.9201291251
 20
4349650.439123885
 10
470048.9201291251
 20
4349650.439123885
  0
TEXT
  5
75F
330
17
100
AcDbEntity
  8
0
 62
5
100
AcDbText
 10
470049.26012912515
 20
4349650.8691238845
 30
0.0
 40
0.1333
  1
1.04
  7
CN_TTF
 11
470049.26012912515
 21
4349650.8691238845
 31
0.0
100
AcDbText
  0
LWPOLYLINE
  5
760
330
17
100
AcDbEntity
  8
爆区方格网
 62
5
100
AcDbPolyline
 90
5
 70
1
 10
470048.9201291251
 20
4349651.439123885
 10
470048.9201291251
 20
4349652.439123885
 10
470049.9201291251
 20
4349652.439123885
 10
470049.9201291251
 20
4349651.439123885
 10
470048.9201291251
 20
4349651.439123885
  0
TEXT
  5
761
330
17
100
AcDbEntity
  8
0
 62
5
100
AcDbText
 10
470049.26012912515
 20
4349651.8691238845
 30
0.0
 40
0.1333
  1
1.04
  7
CN_TTF
 11
470049.26012912515
 21
4349651.8691238845
 31
0.0
100
AcDbText
  0
LWPOLYLINE
  5
762
330
17
100
AcDbEntity
  8
爆区方格网
 62
5
100
AcDbPolyline
 90
5
 70
1
 10
470048.9201291251
 20
4349652.439123885
 10
470048.9201291251
 20
4349653.439123885
 10
470049.9201291251
 20
4349653.439123885
 10
470049.9201291251
 20
4349652.439123885
 10
470048.9201291251
 20
4349652.439123885
  0
TEXT
  5
763
330
17
100
AcDbEntity
  8
0
 62
5
100
AcDbText
 10
470049.26012912515
 20
4349652.8691238845
 30
0.0
 40
0.1333
  1
1.04
  7
CN_TTF
 11
470049.26012912515
 21
4349652.8691238845
 31
0.0
100
AcDbText
  0
LWPOLYLINE
  5
764
330
17
100
AcDbEntity
  8
爆区方格网
 62
5
100
AcDbPolyline
 90
6
 70
1
 10
470049.9201291251
 20
4349653.439123885
 10
470048.9201291251
 20
4349653.439123885
 10
470048.9201291251
 20
4349654.439123885
 10
470049.5766869659
 20
4349654.439123885
 10
470049.9201291251
 20
4349654.19587136
 10
470049.9201291251
 20
4349653.439123885
  0
TEXT
  5
765
330
17
100
AcDbEntity
  8
0
 62
5
100
AcDbText
 10
470049.26012912515
 20
4349653.747497622
 30
0.0
 40
0.1333
  1
1.04
  7
CN_TTF
 11
470049.26012912515
 21
4349653.747497622
 31
0.0
100
AcDbText
  0
LWPOLYLINE
  5
766
330
17
100
AcDbEntity
  8
爆区方格网
 62
5
100
AcDbPolyline
 90
5
 70
1
 10
470049.9201291251
 20
4349645.439123885
 10
470049.9201291251
 20
4349646.439123885
 10
470050.9201291251
 20
4349646.439123885
 10
470050.9201291251
 20
4349645.439123885
 10
470049.9201291251
 20
4349645.439123885
  0
TEXT
  5
767
330
17
100
AcDbEntity
  8
0
 62
5
100
AcDbText
 10
470050.26012912515
 20
4349645.8691238845
 30
0.0
 40
0.1333
  1
1.23
  7
CN_TTF
 11
470050.26012912515
 21
4349645.8691238845
 31
0.0
100
AcDbText
  0
LWPOLYLINE
  5
768
330
17
100
AcDbEntity
  8
爆区方格网
 62
5
100
AcDbPolyline
 90
5
 70
1
 10
470049.9201291251
 20
4349646.439123885
 10
470049.9201291251
 20
4349647.439123885
 10
470050.9201291251
 20
4349647.439123885
 10
470050.9201291251
 20
4349646.439123885
 10
470049.9201291251
 20
4349646.439123885
  0
TEXT
  5
769
330
17
100
AcDbEntity
  8
0
 62
5
100
AcDbText
 10
470050.26012912515
 20
4349646.8691238845
 30
0.0
 40
0.1333
  1
1.30
  7
CN_TTF
 11
470050.26012912515
 21
4349646.8691238845
 31
0.0
100
AcDbText
  0
LWPOLYLINE
  5
76A
330
17
100
AcDbEntity
  8
爆区方格网
 62
5
100
AcDbPolyline
 90
5
 70
1
 10
470049.9201291251
 20
4349647.439123885
 10
470049.9201291251
 20
4349648.439123885
 10
470050.9201291251
 20
4349648.439123885
 10
470050.9201291251
 20
4349647.439123885
 10
470049.9201291251
 20
4349647.439123885
  0
TEXT
  5
76B
330
17
100
AcDbEntity
  8
0
 62
5
100
AcDbText
 10
470050.26012912515
 20
4349647.8691238845
 30
0.0
 40
0.1333
  1
1.30
  7
CN_TTF
 11
470050.26012912515
 21
4349647.8691238845
 31
0.0
100
AcDbText
  0
LWPOLYLINE
  5
76C
330
17
100
AcDbEntity
  8
爆区方格网
 62
5
100
AcDbPolyline
 90
6
 70
1
 10
470050.9201291251
 20
4349649.439123885
 10
470050.9201291251
 20
4349648.439123885
 10
470049.9201291251
 20
4349648.439123885
 10
470049.9201291251
 20
4349649.382798339
 10
470050.2204828178
 20
4349649.439123885
 10
470050.9201291251
 20
4349649.439123885
  0
TEXT
  5
76D
330
17
100
AcDbEntity
  8
0
 62
5
100
AcDbText
 10
470050.26012912515
 20
4349648.840961112
 30
0.0
 40
0.1333
  1
1.04
  7
CN_TTF
 11
470050.26012912515
 21
4349648.840961112
 31
0.0
100
AcDbText
  0
LWPOLYLINE
  5
76E
330
17
100
AcDbEntity
  8
爆区方格网
 62
5
100
AcDbPolyline
 90
4
 70
1
 10
470050.9201291251
 20
4349649.439123885
 10
470050.2204828178
 20
4349649.439123885
 10
470050.9201291251
 20
4349649.570329064
 10
470050.9201291251
 20
4349649.439123885
  0
TEXT
  5
76F
330
17
100
AcDbEntity
  8
0
 62
5
100
AcDbText
 10
470050.5852175483
 20
4349649.434726474
 30
0.0
 40
0.1333
  1
1.04
  7
CN_TTF
 11
470050.5852175483
 21
4349649.434726474
 31
0.0
100
AcDbText
  0
LWPOLYLINE
  5
770
330
17
100
AcDbEntity
  8
爆区方格网
 62
5
100
AcDbPolyline
 90
5
 70
1
 10
470049.9201291251
 20
4349650.439123885
 10
470050.9201291251
 20
4349650.439123885
 10
470050.9201291251
 20
4349649.6034983955
 10
470049.9201291251
 20
4349649.549246953
 10
470049.9201291251
 20
4349650.439123885
  0
TEXT
  5
771
330
17
100
AcDbEntity
  8
0
 62
5
100
AcDbText
 10
470050.26012912515
 20
4349649.951311139
 30
0.0
 40
0.1333
  1
1.04
  7
CN_TTF
 11
470050.26012912515
 21
4349649.951311139
 31
0.0
100
AcDbText
  0
LWPOLYLINE
  5
772
330
17
100
AcDbEntity
  8
爆区方格网
 62
5
100
AcDbPolyline
 90
5
 70
1
 10
470049.9201291251
 20
4349650.439123885
 10
470049.9201291251
 20
4349651.439123885
 10
470050.9201291251
 20
4349651.439123885
 10
470050.9201291251
 20
4349650.439123885
 10
470049.9201291251
 20
4349650.439123885
  0
TEXT
  5
773
330
17
100
AcDbEntity
  8
0
 62
5
100
AcDbText
 10
470050.26012912515
 20
4349650.8691238845
 30
0.0
 40
0.1333
  1
1.04
  7
CN_TTF
 11
470050.26012912515
 21
4349650.8691238845
 31
0.0
100
AcDbText
  0
LWPOLYLINE
  5
774
330
17
100
AcDbEntity
  8
爆区方格网
 62
5
100
AcDbPolyline
 90
5
 70
1
 10
470049.9201291251
 20
4349651.439123885
 10
470049.9201291251
 20
4349652.439123885
 10
470050.9201291251
 20
4349652.439123885
 10
470050.9201291251
 20
4349651.439123885
 10
470049.9201291251
 20
4349651.439123885
  0
TEXT
  5
775
330
17
100
AcDbEntity
  8
0
 62
5
100
AcDbText
 10
470050.26012912515
 20
4349651.8691238845
 30
0.0
 40
0.1333
  1
1.04
  7
CN_TTF
 11
470050.26012912515
 21
4349651.8691238845
 31
0.0
100
AcDbText
  0
LWPOLYLINE
  5
776
330
17
100
AcDbEntity
  8
爆区方格网
 62
5
100
AcDbPolyline
 90
5
 70
1
 10
470049.9201291251
 20
4349652.439123885
 10
470049.9201291251
 20
4349653.439123885
 10
470050.9201291251
 20
4349653.439123885
 10
470050.9201291251
 20
4349652.439123885
 10
470049.9201291251
 20
4349652.439123885
  0
TEXT
  5
777
330
17
100
AcDbEntity
  8
0
 62
5
100
AcDbText
 10
470050.26012912515
 20
4349652.8691238845
 30
0.0
 40
0.1333
  1
1.04
  7
CN_TTF
 11
470050.26012912515
 21
4349652.8691238845
 31
0.0
100
AcDbText
  0
LWPOLYLINE
  5
778
330
17
100
AcDbEntity
  8
爆区方格网
 62
5
100
AcDbPolyline
 90
6
 70
1
 10
470050.9201291251
 20
4349645.439123885
 10
470050.9201291251
 20
4349646.439123885
 10
470051.9201291251
 20
4349646.439123885
 10
470051.9201291251
 20
4349645.517328365
 10
470051.4473795188
 20
4349645.439123885
 10
470050.9201291251
 20
4349645.439123885
  0
TEXT
  5
779
330
17
100
AcDbEntity
  8
0
 62
5
100
AcDbText
 10
470051.26012912515
 20
4349645.908226125
 30
0.0
 40
0.1333
  1
1.30
  7
CN_TTF
 11
470051.26012912515
 21
4349645.908226125
 31
0.0
100
AcDbText
  0
LWPOLYLINE
  5
77A
330
17
100
AcDbEntity
  8
爆区方格网
 62
5
100
AcDbPolyline
 90
5
 70
1
 10
470050.9201291251
 20
4349646.439123885
 10
470050.9201291251
 20
4349647.439123885
 10
470051.9201291251
 20
4349647.439123885
 10
470051.9201291251
 20
4349646.439123885
 10
470050.9201291251
 20
4349646.439123885
  0
TEXT
  5
77B
330
17
100
AcDbEntity
  8
0
 62
5
100
AcDbText
 10
470051.26012912515
 20
4349646.8691238845
 30
0.0
 40
0.1333
  1
1.30
  7
CN_TTF
 11
470051.26012912515
 21
4349646.8691238845
 31
0.0
100
AcDbText
  0
LWPOLYLINE
  5
77C
330
17
100
AcDbEntity
  8
爆区方格网
 62
5
100
AcDbPolyline
 90
5
 70
1
 10
470050.9201291251
 20
4349647.439123885
 10
470050.9201291251
 20
4349648.439123885
 10
470051.9201291251
 20
4349648.439123885
 10
470051.9201291251
 20
4349647.439123885
 10
470050.9201291251
 20
4349647.439123885
  0
TEXT
  5
77D
330
17
100
AcDbEntity
  8
0
 62
5
100
AcDbText
 10
470051.26012912515
 20
4349647.8691238845
 30
0.0
 40
0.1333
  1
1.30
  7
CN_TTF
 11
470051.26012912515
 21
4349647.8691238845
 31
0.0
100
AcDbText
  0
LWPOLYLINE
  5
77E
330
17
100
AcDbEntity
  8
爆区方格网
 62
5
100
AcDbPolyline
 90
5
 70
1
 10
470050.9201291251
 20
4349648.439123885
 10
470050.9201291251
 20
4349649.439123885
 10
470051.9201291251
 20
4349649.439123885
 10
470051.9201291251
 20
4349648.439123885
 10
470050.9201291251
 20
4349648.439123885
  0
TEXT
  5
77F
330
17
100
AcDbEntity
  8
0
 62
5
100
AcDbText
 10
470051.26012912515
 20
4349648.8691238845
 30
0.0
 40
0.1333
  1
1.30
  7
CN_TTF
 11
470051.26012912515
 21
4349648.8691238845
 31
0.0
100
AcDbText
  0
LWPOLYLINE
  5
780
330
17
100
AcDbEntity
  8
爆区方格网
 62
5
100
AcDbPolyline
 90
8
 70
1
 10
470050.9201291251
 20
4349650.439123885
 10
470051.9201291251
 20
4349650.439123885
 10
470051.9201291251
 20
4349649.439123885
 10
470050.9201291251
 20
4349649.439123885
 10
470050.9201291251
 20
4349649.570329064
 10
470051.169
 20
4349649.617
 10
470050.9201291251
 20
4349649.6034983955
 10
470050.9201291251
 20
4349650.439123885
  0
TEXT
  5
781
330
17
100
AcDbEntity
  8
0
 62
5
100
AcDbText
 10
470051.26012912515
 20
4349649.958061942
 30
0.0
 40
0.1333
  1
1.04
  7
CN_TTF
 11
470051.26012912515
 21
4349649.958061942
 31
0.0
100
AcDbText
  0
LWPOLYLINE
  5
782
330
17
100
AcDbEntity
  8
爆区方格网
 62
5
100
AcDbPolyline
 90
5
 70
1
 10
470050.9201291251
 20
4349650.439123885
 10
470050.9201291251
 20
4349651.439123885
 10
470051.9201291251
 20
4349651.439123885
 10
470051.9201291251
 20
4349650.439123885
 10
470050.9201291251
 20
4349650.439123885
  0
TEXT
  5
783
330
17
100
AcDbEntity
  8
0
 62
5
100
AcDbText
 10
470051.26012912515
 20
4349650.8691238845
 30
0.0
 40
0.1333
  1
1.04
  7
CN_TTF
 11
470051.26012912515
 21
4349650.8691238845
 31
0.0
100
AcDbText
  0
LWPOLYLINE
  5
784
330
17
100
AcDbEntity
  8
爆区方格网
 62
5
100
AcDbPolyline
 90
5
 70
1
 10
470050.9201291251
 20
4349651.439123885
 10
470050.9201291251
 20
4349652.439123885
 10
470051.9201291251
 20
4349652.439123885
 10
470051.9201291251
 20
4349651.439123885
 10
470050.9201291251
 20
4349651.439123885
  0
TEXT
  5
785
330
17
100
AcDbEntity
  8
0
 62
5
100
AcDbText
 10
470051.26012912515
 20
4349651.8691238845
 30
0.0
 40
0.1333
  1
1.04
  7
CN_TTF
 11
470051.26012912515
 21
4349651.8691238845
 31
0.0
100
AcDbText
  0
LWPOLYLINE
  5
786
330
17
100
AcDbEntity
  8
爆区方格网
 62
5
100
AcDbPolyline
 90
6
 70
1
 10
470051.9201291251
 20
4349652.439123885
 10
470050.9201291251
 20
4349652.439123885
 10
470050.9201291251
 20
4349653.439123885
 10
470050.9211327463
 20
4349653.439123885
 10
470051.9201291251
 20
4349652.586597888
 10
470051.9201291251
 20
4349652.439123885
  0
TEXT
  5
787
330
17
100
AcDbEntity
  8
0
 62
5
100
AcDbText
 10
470051.0103800302
 20
4349652.942860886
 30
0.0
 40
0.1333
  1
1.04
  7
CN_TTF
 11
470051.0103800302
 21
4349652.942860886
 31
0.0
100
AcDbText
  0
LWPOLYLINE
  5
788
330
17
100
AcDbEntity
  8
爆区方格网
 62
5
100
AcDbPolyline
 90
7
 70
1
 10
470051.9201291251
 20
4349646.439123885
 10
470052.9201291251
 20
4349646.439123885
 10
470052.9201291251
 20
4349645.439123885
 10
470052.85529972333
 20
4349645.439123885
 10
470052.3685
 20
4349645.5915
 10
470051.9201291251
 20
4349645.517328365
 10
470051.9201291251
 20
4349646.439123885
  0
TEXT
  5
789
330
17
100
AcDbEntity
  8
0
 62
5
100
AcDbText
 10
470052.26012912515
 20
4349645.945311942
 30
0.0
 40
0.1333
  1
1.30
  7
CN_TTF
 11
470052.26012912515
 21
4349645.945311942
 31
0.0
100
AcDbText
  0
LWPOLYLINE
  5
78A
330
17
100
AcDbEntity
  8
爆区方格网
 62
5
100
AcDbPolyline
 90
5
 70
1
 10
470051.9201291251
 20
4349646.439123885
 10
470051.9201291251
 20
4349647.439123885
 10
470052.9201291251
 20
4349647.439123885
 10
470052.9201291251
 20
4349646.439123885
 10
470051.9201291251
 20
4349646.439123885
  0
TEXT
  5
78B
330
17
100
AcDbEntity
  8
0
 62
5
100
AcDbText
 10
470052.26012912515
 20
4349646.8691238845
 30
0.0
 40
0.1333
  1
1.30
  7
CN_TTF
 11
470052.26012912515
 21
4349646.8691238845
 31
0.0
100
AcDbText
  0
LWPOLYLINE
  5
78C
330
17
100
AcDbEntity
  8
爆区方格网
 62
5
100
AcDbPolyline
 90
5
 70
1
 10
470051.9201291251
 20
4349647.439123885
 10
470051.9201291251
 20
4349648.439123885
 10
470052.9201291251
 20
4349648.439123885
 10
470052.9201291251
 20
4349647.439123885
 10
470051.9201291251
 20
4349647.439123885
  0
TEXT
  5
78D
330
17
100
AcDbEntity
  8
0
 62
5
100
AcDbText
 10
470052.26012912515
 20
4349647.8691238845
 30
0.0
 40
0.1333
  1
1.30
  7
CN_TTF
 11
470052.26012912515
 21
4349647.8691238845
 31
0.0
100
AcDbText
  0
LWPOLYLINE
  5
78E
330
17
100
AcDbEntity
  8
爆区方格网
 62
5
100
AcDbPolyline
 90
5
 70
1
 10
470051.9201291251
 20
4349648.439123885
 10
470051.9201291251
 20
4349649.439123885
 10
470052.9201291251
 20
4349649.439123885
 10
470052.9201291251
 20
4349648.439123885
 10
470051.9201291251
 20
4349648.439123885
  0
TEXT
  5
78F
330
17
100
AcDbEntity
  8
0
 62
5
100
AcDbText
 10
470052.26012912515
 20
4349648.8691238845
 30
0.0
 40
0.1333
  1
1.30
  7
CN_TTF
 11
470052.26012912515
 21
4349648.8691238845
 31
0.0
100
AcDbText
  0
LWPOLYLINE
  5
790
330
17
100
AcDbEntity
  8
爆区方格网
 62
5
100
AcDbPolyline
 90
5
 70
1
 10
470051.9201291251
 20
4349649.439123885
 10
470051.9201291251
 20
4349650.439123885
 10
470052.9201291251
 20
4349650.439123885
 10
470052.9201291251
 20
4349649.439123885
 10
470051.9201291251
 20
4349649.439123885
  0
TEXT
  5
791
330
17
100
AcDbEntity
  8
0
 62
5
100
AcDbText
 10
470052.26012912515
 20
4349649.8691238845
 30
0.0
 40
0.1333
  1
1.30
  7
CN_TTF
 11
470052.26012912515
 21
4349649.8691238845
 31
0.0
100
AcDbText
  0
LWPOLYLINE
  5
792
330
17
100
AcDbEntity
  8
爆区方格网
 62
5
100
AcDbPolyline
 90
5
 70
1
 10
470051.9201291251
 20
4349650.439123885
 10
470051.9201291251
 20
4349651.439123885
 10
470052.9201291251
 20
4349651.439123885
 10
470052.9201291251
 20
4349650.439123885
 10
470051.9201291251
 20
4349650.439123885
  0
TEXT
  5
793
330
17
100
AcDbEntity
  8
0
 62
5
100
AcDbText
 10
470052.26012912515
 20
4349650.8691238845
 30
0.0
 40
0.1333
  1
1.30
  7
CN_TTF
 11
470052.26012912515
 21
4349650.8691238845
 31
0.0
100
AcDbText
  0
LWPOLYLINE
  5
794
330
17
100
AcDbEntity
  8
爆区方格网
 62
5
100
AcDbPolyline
 90
7
 70
1
 10
470052.9201291251
 20
4349651.439123885
 10
470051.9201291251
 20
4349651.439123885
 10
470051.9201291251
 20
4349652.439123885
 10
470052.09294027166
 20
4349652.439123885
 10
470052.4915
 20
4349652.098999999
 10
470052.9201291251
 20
4349651.792946469
 10
470052.9201291251
 20
4349651.439123885
  0
TEXT
  5
795
330
17
100
AcDbEntity
  8
0
 62
5
100
AcDbText
 10
470052.1529718439
 20
4349651.875973234
 30
0.0
 40
0.1333
  1
1.04
  7
CN_TTF
 11
470052.1529718439
 21
4349651.875973234
 31
0.0
100
AcDbText
  0
LWPOLYLINE
  5
796
330
17
100
AcDbEntity
  8
爆区方格网
 62
5
100
AcDbPolyline
 90
5
 70
1
 10
470052.9201291251
 20
4349645.439123885
 10
470052.9201291251
 20
4349646.439123885
 10
470053.9201291251
 20
4349646.439123885
 10
470053.9201291251
 20
4349645.439123885
 10
470052.9201291251
 20
4349645.439123885
  0
TEXT
  5
797
330
17
100
AcDbEntity
  8
0
 62
5
100
AcDbText
 10
470053.26012912515
 20
4349645.8691238845
 30
0.0
 40
0.1333
  1
1.30
  7
CN_TTF
 11
470053.26012912515
 21
4349645.8691238845
 31
0.0
100
AcDbText
  0
LWPOLYLINE
  5
798
330
17
100
AcDbEntity
  8
爆区方格网
 62
5
100
AcDbPolyline
 90
5
 70
1
 10
470052.9201291251
 20
4349646.439123885
 10
470052.9201291251
 20
4349647.439123885
 10
470053.9201291251
 20
4349647.439123885
 10
470053.9201291251
 20
4349646.439123885
 10
470052.9201291251
 20
4349646.439123885
  0
TEXT
  5
799
330
17
100
AcDbEntity
  8
0
 62
5
100
AcDbText
 10
470053.26012912515
 20
4349646.8691238845
 30
0.0
 40
0.1333
  1
1.30
  7
CN_TTF
 11
470053.26012912515
 21
4349646.8691238845
 31
0.0
100
AcDbText
  0
LWPOLYLINE
  5
79A
330
17
100
AcDbEntity
  8
爆区方格网
 62
5
100
AcDbPolyline
 90
5
 70
1
 10
470052.9201291251
 20
4349647.439123885
 10
470052.9201291251
 20
4349648.439123885
 10
470053.9201291251
 20
4349648.439123885
 10
470053.9201291251
 20
4349647.439123885
 10
470052.9201291251
 20
4349647.439123885
  0
TEXT
  5
79B
330
17
100
AcDbEntity
  8
0
 62
5
100
AcDbText
 10
470053.26012912515
 20
4349647.8691238845
 30
0.0
 40
0.1333
  1
1.30
  7
CN_TTF
 11
470053.26012912515
 21
4349647.8691238845
 31
0.0
100
AcDbText
  0
LWPOLYLINE
  5
79C
330
17
100
AcDbEntity
  8
爆区方格网
 62
5
100
AcDbPolyline
 90
5
 70
1
 10
470052.9201291251
 20
4349648.439123885
 10
470052.9201291251
 20
4349649.439123885
 10
470053.9201291251
 20
4349649.439123885
 10
470053.9201291251
 20
4349648.439123885
 10
470052.9201291251
 20
4349648.439123885
  0
TEXT
  5
79D
330
17
100
AcDbEntity
  8
0
 62
5
100
AcDbText
 10
470053.26012912515
 20
4349648.8691238845
 30
0.0
 40
0.1333
  1
1.30
  7
CN_TTF
 11
470053.26012912515
 21
4349648.8691238845
 31
0.0
100
AcDbText
  0
LWPOLYLINE
  5
79E
330
17
100
AcDbEntity
  8
爆区方格网
 62
5
100
AcDbPolyline
 90
5
 70
1
 10
470052.9201291251
 20
4349649.439123885
 10
470052.9201291251
 20
4349650.439123885
 10
470053.9201291251
 20
4349650.439123885
 10
470053.9201291251
 20
4349649.439123885
 10
470052.9201291251
 20
4349649.439123885
  0
TEXT
  5
79F
330
17
100
AcDbEntity
  8
0
 62
5
100
AcDbText
 10
470053.26012912515
 20
4349649.8691238845
 30
0.0
 40
0.1333
  1
1.30
  7
CN_TTF
 11
470053.26012912515
 21
4349649.8691238845
 31
0.0
100
AcDbText
  0
LWPOLYLINE
  5
7A0
330
17
100
AcDbEntity
  8
爆区方格网
 62
5
100
AcDbPolyline
 90
6
 70
1
 10
470053.9201291251
 20
4349650.439123885
 10
470052.9201291251
 20
4349650.439123885
 10
470052.9201291251
 20
4349651.439123885
 10
470053.41565899167
 20
4349651.439123885
 10
470053.9201291251
 20
4349651.078917692
 10
470053.9201291251
 20
4349650.439123885
  0
TEXT
  5
7A1
330
17
100
AcDbEntity
  8
0
 62
5
100
AcDbText
 10
470053.26012912515
 20
4349650.689020788
 30
0.0
 40
0.1333
  1
1.30
  7
CN_TTF
 11
470053.26012912515
 21
4349650.689020788
 31
0.0
100
AcDbText
  0
LWPOLYLINE
  5
7A2
330
17
100
AcDbEntity
  8
爆区方格网
 62
5
100
AcDbPolyline
 90
5
 70
1
 10
470053.9201291251
 20
4349645.439123885
 10
470053.9201291251
 20
4349646.439123885
 10
470054.9201291251
 20
4349646.439123885
 10
470054.9201291251
 20
4349645.439123885
 10
470053.9201291251
 20
4349645.439123885
  0
TEXT
  5
7A3
330
17
100
AcDbEntity
  8
0
 62
5
100
AcDbText
 10
470054.26012912515
 20
4349645.8691238845
 30
0.0
 40
0.1333
  1
1.30
  7
CN_TTF
 11
470054.26012912515
 21
4349645.8691238845
 31
0.0
100
AcDbText
  0
LWPOLYLINE
  5
7A4
330
17
100
AcDbEntity
  8
爆区方格网
 62
5
100
AcDbPolyline
 90
5
 70
1
 10
470053.9201291251
 20
4349646.439123885
 10
470053.9201291251
 20
4349647.439123885
 10
470054.9201291251
 20
4349647.439123885
 10
470054.9201291251
 20
4349646.439123885
 10
470053.9201291251
 20
4349646.439123885
  0
TEXT
  5
7A5
330
17
100
AcDbEntity
  8
0
 62
5
100
AcDbText
 10
470054.26012912515
 20
4349646.8691238845
 30
0.0
 40
0.1333
  1
1.30
  7
CN_TTF
 11
470054.26012912515
 21
4349646.8691238845
 31
0.0
100
AcDbText
  0
LWPOLYLINE
  5
7A6
330
17
100
AcDbEntity
  8
爆区方格网
 62
5
100
AcDbPolyline
 90
5
 70
1
 10
470053.9201291251
 20
4349647.439123885
 10
470053.9201291251
 20
4349648.439123885
 10
470054.9201291251
 20
4349648.439123885
 10
470054.9201291251
 20
4349647.439123885
 10
470053.9201291251
 20
4349647.439123885
  0
TEXT
  5
7A7
330
17
100
AcDbEntity
  8
0
 62
5
100
AcDbText
 10
470054.26012912515
 20
4349647.8691238845
 30
0.0
 40
0.1333
  1
1.30
  7
CN_TTF
 11
470054.26012912515
 21
4349647.8691238845
 31
0.0
100
AcDbText
  0
LWPOLYLINE
  5
7A8
330
17
100
AcDbEntity
  8
爆区方格网
 62
5
100
AcDbPolyline
 90
5
 70
1
 10
470053.9201291251
 20
4349648.439123885
 10
470053.9201291251
 20
4349649.439123885
 10
470054.9201291251
 20
4349649.439123885
 10
470054.9201291251
 20
4349648.439123885
 10
470053.9201291251
 20
4349648.439123885
  0
TEXT
  5
7A9
330
17
100
AcDbEntity
  8
0
 62
5
100
AcDbText
 10
470054.26012912515
 20
4349648.8691238845
 30
0.0
 40
0.1333
  1
1.30
  7
CN_TTF
 11
470054.26012912515
 21
4349648.8691238845
 31
0.0
100
AcDbText
  0
LWPOLYLINE
  5
7AA
330
17
100
AcDbEntity
  8
爆区方格网
 62
5
100
AcDbPolyline
 90
6
 70
1
 10
470054.9201291251
 20
4349649.439123885
 10
470053.9201291251
 20
4349649.439123885
 10
470053.9201291251
 20
4349650.439123885
 10
470054.81616277085
 20
4349650.439123885
 10
470054.9201291251
 20
4349650.364888916
 10
470054.9201291251
 20
4349649.439123885
  0
TEXT
  5
7AB
330
17
100
AcDbEntity
  8
0
 62
5
100
AcDbText
 10
470054.26012912515
 20
4349649.8320064
 30
0.0
 40
0.1333
  1
1.30
  7
CN_TTF
 11
470054.26012912515
 21
4349649.8320064
 31
0.0
100
AcDbText
  0
LWPOLYLINE
  5
7AC
330
17
100
AcDbEntity
  8
爆区方格网
 62
5
100
AcDbPolyline
 90
6
 70
1
 10
470054.9201291251
 20
4349645.439123885
 10
470055.9201291251
 20
4349645.439123885
 10
470055.9201291251
 20
4349644.439123885
 10
470054.93596718455
 20
4349644.439123885
 10
470054.9201291251
 20
4349644.454943533
 10
470054.9201291251
 20
4349645.439123885
  0
TEXT
  5
7AD
330
17
100
AcDbEntity
  8
0
 62
5
100
AcDbText
 10
470055.26012912515
 20
4349644.877033709
 30
0.0
 40
0.1333
  1
1.42
  7
CN_TTF
 11
470055.26012912515
 21
4349644.877033709
 31
0.0
100
AcDbText
  0
LWPOLYLINE
  5
7AE
330
17
100
AcDbEntity
  8
爆区方格网
 62
5
100
AcDbPolyline
 90
5
 70
1
 10
470054.9201291251
 20
4349645.439123885
 10
470054.9201291251
 20
4349646.439123885
 10
470055.9201291251
 20
4349646.439123885
 10
470055.9201291251
 20
4349645.439123885
 10
470054.9201291251
 20
4349645.439123885
  0
TEXT
  5
7AF
330
17
100
AcDbEntity
  8
0
 62
5
100
AcDbText
 10
470055.26012912515
 20
4349645.8691238845
 30
0.0
 40
0.1333
  1
1.30
  7
CN_TTF
 11
470055.26012912515
 21
4349645.8691238845
 31
0.0
100
AcDbText
  0
LWPOLYLINE
  5
7B0
330
17
100
AcDbEntity
  8
爆区方格网
 62
5
100
AcDbPolyline
 90
5
 70
1
 10
470054.9201291251
 20
4349646.439123885
 10
470054.9201291251
 20
4349647.439123885
 10
470055.9201291251
 20
4349647.439123885
 10
470055.9201291251
 20
4349646.439123885
 10
470054.9201291251
 20
4349646.439123885
  0
TEXT
  5
7B1
330
17
100
AcDbEntity
  8
0
 62
5
100
AcDbText
 10
470055.26012912515
 20
4349646.8691238845
 30
0.0
 40
0.1333
  1
1.30
  7
CN_TTF
 11
470055.26012912515
 21
4349646.8691238845
 31
0.0
100
AcDbText
  0
LWPOLYLINE
  5
7B2
330
17
100
AcDbEntity
  8
爆区方格网
 62
5
100
AcDbPolyline
 90
5
 70
1
 10
470054.9201291251
 20
4349647.439123885
 10
470054.9201291251
 20
4349648.439123885
 10
470055.9201291251
 20
4349648.439123885
 10
470055.9201291251
 20
4349647.439123885
 10
470054.9201291251
 20
4349647.439123885
  0
TEXT
  5
7B3
330
17
100
AcDbEntity
  8
0
 62
5
100
AcDbText
 10
470055.26012912515
 20
4349647.8691238845
 30
0.0
 40
0.1333
  1
1.30
  7
CN_TTF
 11
470055.26012912515
 21
4349647.8691238845
 31
0.0
100
AcDbText
  0
LWPOLYLINE
  5
7B4
330
17
100
AcDbEntity
  8
爆区方格网
 62
5
100
AcDbPolyline
 90
5
 70
1
 10
470054.9201291251
 20
4349648.439123885
 10
470054.9201291251
 20
4349649.439123885
 10
470055.9201291251
 20
4349649.439123885
 10
470055.9201291251
 20
4349648.439123885
 10
470054.9201291251
 20
4349648.439123885
  0
TEXT
  5
7B5
330
17
100
AcDbEntity
  8
0
 62
5
100
AcDbText
 10
470055.26012912515
 20
4349648.8691238845
 30
0.0
 40
0.1333
  1
1.30
  7
CN_TTF
 11
470055.26012912515
 21
4349648.8691238845
 31
0.0
100
AcDbText
  0
LWPOLYLINE
  5
7B6
330
17
100
AcDbEntity
  8
爆区方格网
 62
5
100
AcDbPolyline
 90
7
 70
1
 10
470055.9201291251
 20
4349650.439123885
 10
470055.9201291251
 20
4349649.439123885
 10
470054.9201291251
 20
4349649.439123885
 10
470054.9201291251
 20
4349650.364888916
 10
470054.9935
 20
4349650.3125
 10
470055.52646917186
 20
4349650.439123885
 10
470055.9201291251
 20
4349650.439123885
  0
TEXT
  5
7B7
330
17
100
AcDbEntity
  8
0
 62
5
100
AcDbText
 10
470055.26012912515
 20
4349649.805811942
 30
0.0
 40
0.1333
  1
1.30
  7
CN_TTF
 11
470055.26012912515
 21
4349649.805811942
 31
0.0
100
AcDbText
  0
LWPOLYLINE
  5
7B8
330
17
100
AcDbEntity
  8
爆区方格网
 62
5
100
AcDbPolyline
 90
6
 70
1
 10
470055.9201291251
 20
4349644.439123885
 10
470056.9201291251
 20
4349644.439123885
 10
470056.9201291251
 20
4349643.439123885
 10
470055.93713099015
 20
4349643.439123885
 10
470055.9201291251
 20
4349643.456105986
 10
470055.9201291251
 20
4349644.439123885
  0
TEXT
  5
7B9
330
17
100
AcDbEntity
  8
0
 62
5
100
AcDbText
 10
470056.26012912515
 20
4349643.877614935
 30
0.0
 40
0.1333
  1
1.42
  7
CN_TTF
 11
470056.26012912515
 21
4349643.877614935
 31
0.0
100
AcDbText
  0
LWPOLYLINE
  5
7BA
330
17
100
AcDbEntity
  8
爆区方格网
 62
5
100
AcDbPolyline
 90
5
 70
1
 10
470055.9201291251
 20
4349644.439123885
 10
470055.9201291251
 20
4349645.439123885
 10
470056.9201291251
 20
4349645.439123885
 10
470056.9201291251
 20
4349644.439123885
 10
470055.9201291251
 20
4349644.439123885
  0
TEXT
  5
7BB
330
17
100
AcDbEntity
  8
0
 62
5
100
AcDbText
 10
470056.26012912515
 20
4349644.8691238845
 30
0.0
 40
0.1333
  1
1.42
  7
CN_TTF
 11
470056.26012912515
 21
4349644.8691238845
 31
0.0
100
AcDbText
  0
LWPOLYLINE
  5
7BC
330
17
100
AcDbEntity
  8
爆区方格网
 62
5
100
AcDbPolyline
 90
5
 70
1
 10
470055.9201291251
 20
4349645.439123885
 10
470055.9201291251
 20
4349646.439123885
 10
470056.9201291251
 20
4349646.439123885
 10
470056.9201291251
 20
4349645.439123885
 10
470055.9201291251
 20
4349645.439123885
  0
TEXT
  5
7BD
330
17
100
AcDbEntity
  8
0
 62
5
100
AcDbText
 10
470056.26012912515
 20
4349645.8691238845
 30
0.0
 40
0.1333
  1
1.42
  7
CN_TTF
 11
470056.26012912515
 21
4349645.8691238845
 31
0.0
100
AcDbText
  0
LWPOLYLINE
  5
7BE
330
17
100
AcDbEntity
  8
爆区方格网
 62
5
100
AcDbPolyline
 90
5
 70
1
 10
470055.9201291251
 20
4349646.439123885
 10
470055.9201291251
 20
4349647.439123885
 10
470056.9201291251
 20
4349647.439123885
 10
470056.9201291251
 20
4349646.439123885
 10
470055.9201291251
 20
4349646.439123885
  0
TEXT
  5
7BF
330
17
100
AcDbEntity
  8
0
 62
5
100
AcDbText
 10
470056.26012912515
 20
4349646.8691238845
 30
0.0
 40
0.1333
  1
1.30
  7
CN_TTF
 11
470056.26012912515
 21
4349646.8691238845
 31
0.0
100
AcDbText
  0
LWPOLYLINE
  5
7C0
330
17
100
AcDbEntity
  8
爆区方格网
 62
5
100
AcDbPolyline
 90
5
 70
1
 10
470055.9201291251
 20
4349647.439123885
 10
470055.9201291251
 20
4349648.439123885
 10
470056.9201291251
 20
4349648.439123885
 10
470056.9201291251
 20
4349647.439123885
 10
470055.9201291251
 20
4349647.439123885
  0
TEXT
  5
7C1
330
17
100
AcDbEntity
  8
0
 62
5
100
AcDbText
 10
470056.26012912515
 20
4349647.8691238845
 30
0.0
 40
0.1333
  1
1.30
  7
CN_TTF
 11
470056.26012912515
 21
4349647.8691238845
 31
0.0
100
AcDbText
  0
LWPOLYLINE
  5
7C2
330
17
100
AcDbEntity
  8
爆区方格网
 62
5
100
AcDbPolyline
 90
5
 70
1
 10
470055.9201291251
 20
4349648.439123885
 10
470055.9201291251
 20
4349649.439123885
 10
470056.9201291251
 20
4349649.439123885
 10
470056.9201291251
 20
4349648.439123885
 10
470055.9201291251
 20
4349648.439123885
  0
TEXT
  5
7C3
330
17
100
AcDbEntity
  8
0
 62
5
100
AcDbText
 10
470056.26012912515
 20
4349648.8691238845
 30
0.0
 40
0.1333
  1
1.30
  7
CN_TTF
 11
470056.26012912515
 21
4349648.8691238845
 31
0.0
100
AcDbText
  0
LWPOLYLINE
  5
7C4
330
17
100
AcDbEntity
  8
爆区方格网
 62
5
100
AcDbPolyline
 90
5
 70
1
 10
470055.9201291251
 20
4349649.439123885
 10
470055.9201291251
 20
4349650.439123885
 10
470056.9201291251
 20
4349650.439123885
 10
470056.9201291251
 20
4349649.439123885
 10
470055.9201291251
 20
4349649.439123885
  0
TEXT
  5
7C5
330
17
100
AcDbEntity
  8
0
 62
5
100
AcDbText
 10
470056.26012912515
 20
4349649.8691238845
 30
0.0
 40
0.1333
  1
1.30
  7
CN_TTF
 11
470056.26012912515
 21
4349649.8691238845
 31
0.0
100
AcDbText
  0
LWPOLYLINE
  5
7C6
330
17
100
AcDbEntity
  8
爆区方格网
 62
5
100
AcDbPolyline
 90
5
 70
1
 10
470056.9201291251
 20
4349643.439123885
 10
470056.9201291251
 20
4349644.439123885
 10
470057.9201291251
 20
4349644.439123885
 10
470057.9201291251
 20
4349643.439123885
 10
470056.9201291251
 20
4349643.439123885
  0
TEXT
  5
7C7
330
17
100
AcDbEntity
  8
0
 62
5
100
AcDbText
 10
470057.26012912515
 20
4349643.8691238845
 30
0.0
 40
0.1333
  1
1.42
  7
CN_TTF
 11
470057.26012912515
 21
4349643.8691238845
 31
0.0
100
AcDbText
  0
LWPOLYLINE
  5
7C8
330
17
100
AcDbEntity
  8
爆区方格网
 62
5
100
AcDbPolyline
 90
5
 70
1
 10
470056.9201291251
 20
4349644.439123885
 10
470056.9201291251
 20
4349645.439123885
 10
470057.9201291251
 20
4349645.439123885
 10
470057.9201291251
 20
4349644.439123885
 10
470056.9201291251
 20
4349644.439123885
  0
TEXT
  5
7C9
330
17
100
AcDbEntity
  8
0
 62
5
100
AcDbText
 10
470057.26012912515
 20
4349644.8691238845
 30
0.0
 40
0.1333
  1
1.42
  7
CN_TTF
 11
470057.26012912515
 21
4349644.8691238845
 31
0.0
100
AcDbText
  0
LWPOLYLINE
  5
7CA
330
17
100
AcDbEntity
  8
爆区方格网
 62
5
100
AcDbPolyline
 90
5
 70
1
 10
470056.9201291251
 20
4349645.439123885
 10
470056.9201291251
 20
4349646.439123885
 10
470057.9201291251
 20
4349646.439123885
 10
470057.9201291251
 20
4349645.439123885
 10
470056.9201291251
 20
4349645.439123885
  0
TEXT
  5
7CB
330
17
100
AcDbEntity
  8
0
 62
5
100
AcDbText
 10
470057.26012912515
 20
4349645.8691238845
 30
0.0
 40
0.1333
  1
1.42
  7
CN_TTF
 11
470057.26012912515
 21
4349645.8691238845
 31
0.0
100
AcDbText
  0
LWPOLYLINE
  5
7CC
330
17
100
AcDbEntity
  8
爆区方格网
 62
5
100
AcDbPolyline
 90
5
 70
1
 10
470056.9201291251
 20
4349646.439123885
 10
470056.9201291251
 20
4349647.439123885
 10
470057.9201291251
 20
4349647.439123885
 10
470057.9201291251
 20
4349646.439123885
 10
470056.9201291251
 20
4349646.439123885
  0
TEXT
  5
7CD
330
17
100
AcDbEntity
  8
0
 62
5
100
AcDbText
 10
470057.26012912515
 20
4349646.8691238845
 30
0.0
 40
0.1333
  1
1.42
  7
CN_TTF
 11
470057.26012912515
 21
4349646.8691238845
 31
0.0
100
AcDbText
  0
LWPOLYLINE
  5
7CE
330
17
100
AcDbEntity
  8
爆区方格网
 62
5
100
AcDbPolyline
 90
5
 70
1
 10
470056.9201291251
 20
4349647.439123885
 10
470056.9201291251
 20
4349648.439123885
 10
470057.9201291251
 20
4349648.439123885
 10
470057.9201291251
 20
4349647.439123885
 10
470056.9201291251
 20
4349647.439123885
  0
TEXT
  5
7CF
330
17
100
AcDbEntity
  8
0
 62
5
100
AcDbText
 10
470057.26012912515
 20
4349647.8691238845
 30
0.0
 40
0.1333
  1
1.49
  7
CN_TTF
 11
470057.26012912515
 21
4349647.8691238845
 31
0.0
100
AcDbText
  0
LWPOLYLINE
  5
7D0
330
17
100
AcDbEntity
  8
爆区方格网
 62
5
100
AcDbPolyline
 90
5
 70
1
 10
470056.9201291251
 20
4349648.439123885
 10
470056.9201291251
 20
4349649.439123885
 10
470057.9201291251
 20
4349649.439123885
 10
470057.9201291251
 20
4349648.439123885
 10
470056.9201291251
 20
4349648.439123885
  0
TEXT
  5
7D1
330
17
100
AcDbEntity
  8
0
 62
5
100
AcDbText
 10
470057.26012912515
 20
4349648.8691238845
 30
0.0
 40
0.1333
  1
1.49
  7
CN_TTF
 11
470057.26012912515
 21
4349648.8691238845
 31
0.0
100
AcDbText
  0
LWPOLYLINE
  5
7D2
330
17
100
AcDbEntity
  8
爆区方格网
 62
5
100
AcDbPolyline
 90
5
 70
1
 10
470056.9201291251
 20
4349649.439123885
 10
470056.9201291251
 20
4349650.439123885
 10
470057.9201291251
 20
4349650.439123885
 10
470057.9201291251
 20
4349649.439123885
 10
470056.9201291251
 20
4349649.439123885
  0
TEXT
  5
7D3
330
17
100
AcDbEntity
  8
0
 62
5
100
AcDbText
 10
470057.26012912515
 20
4349649.8691238845
 30
0.0
 40
0.1333
  1
1.49
  7
CN_TTF
 11
470057.26012912515
 21
4349649.8691238845
 31
0.0
100
AcDbText
  0
LWPOLYLINE
  5
7D4
330
17
100
AcDbEntity
  8
爆区方格网
 62
5
100
AcDbPolyline
 90
6
 70
1
 10
470057.9201291251
 20
4349643.439123885
 10
470057.9201291251
 20
4349644.439123885
 10
470058.9201291251
 20
4349644.439123885
 10
470058.9201291251
 20
4349643.549325867
 10
470057.96791748935
 20
4349643.439123885
 10
470057.9201291251
 20
4349643.439123885
  0
TEXT
  5
7D5
330
17
100
AcDbEntity
  8
0
 62
5
100
AcDbText
 10
470058.26012912515
 20
4349643.924224876
 30
0.0
 40
0.1333
  1
1.42
  7
CN_TTF
 11
470058.26012912515
 21
4349643.924224876
 31
0.0
100
AcDbText
  0
LWPOLYLINE
  5
7D6
330
17
100
AcDbEntity
  8
爆区方格网
 62
5
100
AcDbPolyline
 90
5
 70
1
 10
470057.9201291251
 20
4349644.439123885
 10
470057.9201291251
 20
4349645.439123885
 10
470058.9201291251
 20
4349645.439123885
 10
470058.9201291251
 20
4349644.439123885
 10
470057.9201291251
 20
4349644.439123885
  0
TEXT
  5
7D7
330
17
100
AcDbEntity
  8
0
 62
5
100
AcDbText
 10
470058.26012912515
 20
4349644.8691238845
 30
0.0
 40
0.1333
  1
1.42
  7
CN_TTF
 11
470058.26012912515
 21
4349644.8691238845
 31
0.0
100
AcDbText
  0
LWPOLYLINE
  5
7D8
330
17
100
AcDbEntity
  8
爆区方格网
 62
5
100
AcDbPolyline
 90
5
 70
1
 10
470057.9201291251
 20
4349645.439123885
 10
470057.9201291251
 20
4349646.439123885
 10
470058.9201291251
 20
4349646.439123885
 10
470058.9201291251
 20
4349645.439123885
 10
470057.9201291251
 20
4349645.439123885
  0
TEXT
  5
7D9
330
17
100
AcDbEntity
  8
0
 62
5
100
AcDbText
 10
470058.26012912515
 20
4349645.8691238845
 30
0.0
 40
0.1333
  1
1.42
  7
CN_TTF
 11
470058.26012912515
 21
4349645.8691238845
 31
0.0
100
AcDbText
  0
LWPOLYLINE
  5
7DA
330
17
100
AcDbEntity
  8
爆区方格网
 62
5
100
AcDbPolyline
 90
5
 70
1
 10
470057.9201291251
 20
4349646.439123885
 10
470057.9201291251
 20
4349647.439123885
 10
470058.9201291251
 20
4349647.439123885
 10
470058.9201291251
 20
4349646.439123885
 10
470057.9201291251
 20
4349646.439123885
  0
TEXT
  5
7DB
330
17
100
AcDbEntity
  8
0
 62
5
100
AcDbText
 10
470058.26012912515
 20
4349646.8691238845
 30
0.0
 40
0.1333
  1
1.42
  7
CN_TTF
 11
470058.26012912515
 21
4349646.8691238845
 31
0.0
100
AcDbText
  0
LWPOLYLINE
  5
7DC
330
17
100
AcDbEntity
  8
爆区方格网
 62
5
100
AcDbPolyline
 90
5
 70
1
 10
470057.9201291251
 20
4349647.439123885
 10
470057.9201291251
 20
4349648.439123885
 10
470058.9201291251
 20
4349648.439123885
 10
470058.9201291251
 20
4349647.439123885
 10
470057.9201291251
 20
4349647.439123885
  0
TEXT
  5
7DD
330
17
100
AcDbEntity
  8
0
 62
5
100
AcDbText
 10
470058.26012912515
 20
4349647.8691238845
 30
0.0
 40
0.1333
  1
1.49
  7
CN_TTF
 11
470058.26012912515
 21
4349647.8691238845
 31
0.0
100
AcDbText
  0
LWPOLYLINE
  5
7DE
330
17
100
AcDbEntity
  8
爆区方格网
 62
5
100
AcDbPolyline
 90
5
 70
1
 10
470057.9201291251
 20
4349648.439123885
 10
470057.9201291251
 20
4349649.439123885
 10
470058.9201291251
 20
4349649.439123885
 10
470058.9201291251
 20
4349648.439123885
 10
470057.9201291251
 20
4349648.439123885
  0
TEXT
  5
7DF
330
17
100
AcDbEntity
  8
0
 62
5
100
AcDbText
 10
470058.26012912515
 20
4349648.8691238845
 30
0.0
 40
0.1333
  1
1.49
  7
CN_TTF
 11
470058.26012912515
 21
4349648.8691238845
 31
0.0
100
AcDbText
  0
LWPOLYLINE
  5
7E0
330
17
100
AcDbEntity
  8
爆区方格网
 62
5
100
AcDbPolyline
 90
5
 70
1
 10
470057.9201291251
 20
4349649.439123885
 10
470057.9201291251
 20
4349650.439123885
 10
470058.9201291251
 20
4349650.439123885
 10
470058.9201291251
 20
4349649.439123885
 10
470057.9201291251
 20
4349649.439123885
  0
TEXT
  5
7E1
330
17
100
AcDbEntity
  8
0
 62
5
100
AcDbText
 10
470058.26012912515
 20
4349649.8691238845
 30
0.0
 40
0.1333
  1
1.49
  7
CN_TTF
 11
470058.26012912515
 21
4349649.8691238845
 31
0.0
100
AcDbText
  0
LWPOLYLINE
  5
7E2
330
17
100
AcDbEntity
  8
爆区方格网
 62
5
100
AcDbPolyline
 90
6
 70
1
 10
470058.9201291251
 20
4349650.439123885
 10
470057.9201291251
 20
4349650.439123885
 10
470057.9201291251
 20
4349651.007814418
 10
470058.1945
 20
4349651.073
 10
470058.9201291251
 20
4349651.201219806
 10
470058.9201291251
 20
4349650.439123885
  0
TEXT
  5
7E3
330
17
100
AcDbEntity
  8
0
 62
5
100
AcDbText
 10
470058.26012912515
 20
4349650.653469151
 30
0.0
 40
0.1333
  1
1.49
  7
CN_TTF
 11
470058.26012912515
 21
4349650.653469151
 31
0.0
100
AcDbText
  0
LWPOLYLINE
  5
7E4
330
17
100
AcDbEntity
  8
爆区方格网
 62
5
100
AcDbPolyline
 90
7
 70
1
 10
470058.9201291251
 20
4349644.439123885
 10
470059.802819246
 20
4349644.439123885
 10
470059.3632134055
 20
4349643.703032781
 10
470059.24125304195
 20
4349643.769236413
 10
470059.1274162707
 20
4349643.573315758
 10
470058.9201291251
 20
4349643.549325867
 10
470058.9201291251
 20
4349644.439123885
  0
TEXT
  5
7E5
330
17
100
AcDbEntity
  8
0
 62
5
100
AcDbText
 10
470059.10145720275
 20
4349644.0341801485
 30
0.0
 40
0.1333
  1
1.42
  7
CN_TTF
 11
470059.10145720275
 21
4349644.0341801485
 31
0.0
100
AcDbText
  0
LWPOLYLINE
  5
7E6
330
17
100
AcDbEntity
  8
爆区方格网
 62
5
100
AcDbPolyline
 90
6
 70
1
 10
470058.9201291251
 20
4349644.439123885
 10
470058.9201291251
 20
4349645.439123885
 10
470059.9201291251
 20
4349645.439123885
 10
470059.9201291251
 20
4349644.635551572
 10
470059.802819246
 20
4349644.439123885
 10
470058.9201291251
 20
4349644.439123885
  0
TEXT
  5
7E7
330
17
100
AcDbEntity
  8
0
 62
5
100
AcDbText
 10
470059.26012912515
 20
4349644.967337728
 30
0.0
 40
0.1333
  1
1.42
  7
CN_TTF
 11
470059.26012912515
 21
4349644.967337728
 31
0.0
100
AcDbText
  0
LWPOLYLINE
  5
7E8
330
17
100
AcDbEntity
  8
爆区方格网
 62
5
100
AcDbPolyline
 90
5
 70
1
 10
470058.9201291251
 20
4349645.439123885
 10
470058.9201291251
 20
4349646.439123885
 10
470059.9201291251
 20
4349646.439123885
 10
470059.9201291251
 20
4349645.439123885
 10
470058.9201291251
 20
4349645.439123885
  0
TEXT
  5
7E9
330
17
100
AcDbEntity
  8
0
 62
5
100
AcDbText
 10
470059.26012912515
 20
4349645.8691238845
 30
0.0
 40
0.1333
  1
1.42
  7
CN_TTF
 11
470059.26012912515
 21
4349645.8691238845
 31
0.0
100
AcDbText
  0
LWPOLYLINE
  5
7EA
330
17
100
AcDbEntity
  8
爆区方格网
 62
5
100
AcDbPolyline
 90
5
 70
1
 10
470058.9201291251
 20
4349646.439123885
 10
470058.9201291251
 20
4349647.439123885
 10
470059.9201291251
 20
4349647.439123885
 10
470059.9201291251
 20
4349646.439123885
 10
470058.9201291251
 20
4349646.439123885
  0
TEXT
  5
7EB
330
17
100
AcDbEntity
  8
0
 62
5
100
AcDbText
 10
470059.26012912515
 20
4349646.8691238845
 30
0.0
 40
0.1333
  1
1.49
  7
CN_TTF
 11
470059.26012912515
 21
4349646.8691238845
 31
0.0
100
AcDbText
  0
LWPOLYLINE
  5
7EC
330
17
100
AcDbEntity
  8
爆区方格网
 62
5
100
AcDbPolyline
 90
5
 70
1
 10
470058.9201291251
 20
4349647.439123885
 10
470058.9201291251
 20
4349648.439123885
 10
470059.9201291251
 20
4349648.439123885
 10
470059.9201291251
 20
4349647.439123885
 10
470058.9201291251
 20
4349647.439123885
  0
TEXT
  5
7ED
330
17
100
AcDbEntity
  8
0
 62
5
100
AcDbText
 10
470059.26012912515
 20
4349647.8691238845
 30
0.0
 40
0.1333
  1
1.49
  7
CN_TTF
 11
470059.26012912515
 21
4349647.8691238845
 31
0.0
100
AcDbText
  0
LWPOLYLINE
  5
7EE
330
17
100
AcDbEntity
  8
爆区方格网
 62
5
100
AcDbPolyline
 90
5
 70
1
 10
470058.9201291251
 20
4349648.439123885
 10
470058.9201291251
 20
4349649.439123885
 10
470059.9201291251
 20
4349649.439123885
 10
470059.9201291251
 20
4349648.439123885
 10
470058.9201291251
 20
4349648.439123885
  0
TEXT
  5
7EF
330
17
100
AcDbEntity
  8
0
 62
5
100
AcDbText
 10
470059.26012912515
 20
4349648.8691238845
 30
0.0
 40
0.1333
  1
1.49
  7
CN_TTF
 11
470059.26012912515
 21
4349648.8691238845
 31
0.0
100
AcDbText
  0
LWPOLYLINE
  5
7F0
330
17
100
AcDbEntity
  8
爆区方格网
 62
5
100
AcDbPolyline
 90
5
 70
1
 10
470058.9201291251
 20
4349649.439123885
 10
470058.9201291251
 20
4349650.439123885
 10
470059.9201291251
 20
4349650.439123885
 10
470059.9201291251
 20
4349649.439123885
 10
470058.9201291251
 20
4349649.439123885
  0
TEXT
  5
7F1
330
17
100
AcDbEntity
  8
0
 62
5
100
AcDbText
 10
470059.26012912515
 20
4349649.8691238845
 30
0.0
 40
0.1333
  1
1.49
  7
CN_TTF
 11
470059.26012912515
 21
4349649.8691238845
 31
0.0
100
AcDbText
  0
LWPOLYLINE
  5
7F2
330
17
100
AcDbEntity
  8
爆区方格网
 62
5
100
AcDbPolyline
 90
5
 70
1
 10
470059.9201291251
 20
4349650.439123885
 10
470058.9201291251
 20
4349650.439123885
 10
470058.9201291251
 20
4349651.201219806
 10
470059.9201291251
 20
4349651.377921376
 10
470059.9201291251
 20
4349650.439123885
  0
TEXT
  5
7F3
330
17
100
AcDbEntity
  8
0
 62
5
100
AcDbText
 10
470059.26012912515
 20
4349650.750171846
 30
0.0
 40
0.1333
  1
1.49
  7
CN_TTF
 11
470059.26012912515
 21
4349650.750171846
 31
0.0
100
AcDbText
  0
LWPOLYLINE
  5
7F4
330
17
100
AcDbEntity
  8
爆区方格网
 62
5
100
AcDbPolyline
 90
8
 70
1
 10
470059.9201291251
 20
4349645.439123885
 10
470059.9201291251
 20
4349646.439123885
 10
470060.9201291251
 20
4349646.439123885
 10
470060.9201291251
 20
4349646.212027867
 10
470060.778
 20
4349646.072000001
 10
470060.66657376033
 20
4349645.885424081
 10
470060.40003586566
 20
4349645.439123885
 10
470059.9201291251
 20
4349645.439123885
  0
TEXT
  5
7F5
330
17
100
AcDbEntity
  8
0
 62
5
100
AcDbText
 10
470060.16120800265
 20
4349645.908712041
 30
0.0
 40
0.1333
  1
1.42
  7
CN_TTF
 11
470060.16120800265
 21
4349645.908712041
 31
0.0
100
AcDbText
  0
LWPOLYLINE
  5
7F6
330
17
100
AcDbEntity
  8
爆区方格网
 62
5
100
AcDbPolyline
 90
5
 70
1
 10
470059.9201291251
 20
4349646.439123885
 10
470059.9201291251
 20
4349647.439123885
 10
470060.9201291251
 20
4349647.439123885
 10
470060.9201291251
 20
4349646.439123885
 10
470059.9201291251
 20
4349646.439123885
  0
TEXT
  5
7F7
330
17
100
AcDbEntity
  8
0
 62
5
100
AcDbText
 10
470060.26012912515
 20
4349646.8691238845
 30
0.0
 40
0.1333
  1
1.49
  7
CN_TTF
 11
470060.26012912515
 21
4349646.8691238845
 31
0.0
100
AcDbText
  0
LWPOLYLINE
  5
7F8
330
17
100
AcDbEntity
  8
爆区方格网
 62
5
100
AcDbPolyline
 90
5
 70
1
 10
470059.9201291251
 20
4349647.439123885
 10
470059.9201291251
 20
4349648.439123885
 10
470060.9201291251
 20
4349648.439123885
 10
470060.9201291251
 20
4349647.439123885
 10
470059.9201291251
 20
4349647.439123885
  0
TEXT
  5
7F9
330
17
100
AcDbEntity
  8
0
 62
5
100
AcDbText
 10
470060.26012912515
 20
4349647.8691238845
 30
0.0
 40
0.1333
  1
1.49
  7
CN_TTF
 11
470060.26012912515
 21
4349647.8691238845
 31
0.0
100
AcDbText
  0
LWPOLYLINE
  5
7FA
330
17
100
AcDbEntity
  8
爆区方格网
 62
5
100
AcDbPolyline
 90
5
 70
1
 10
470059.9201291251
 20
4349648.439123885
 10
470059.9201291251
 20
4349649.439123885
 10
470060.9201291251
 20
4349649.439123885
 10
470060.9201291251
 20
4349648.439123885
 10
470059.9201291251
 20
4349648.439123885
  0
TEXT
  5
7FB
330
17
100
AcDbEntity
  8
0
 62
5
100
AcDbText
 10
470060.26012912515
 20
4349648.8691238845
 30
0.0
 40
0.1333
  1
1.49
  7
CN_TTF
 11
470060.26012912515
 21
4349648.8691238845
 31
0.0
100
AcDbText
  0
LWPOLYLINE
  5
7FC
330
17
100
AcDbEntity
  8
爆区方格网
 62
5
100
AcDbPolyline
 90
5
 70
1
 10
470059.9201291251
 20
4349649.439123885
 10
470059.9201291251
 20
4349650.439123885
 10
470060.9201291251
 20
4349650.439123885
 10
470060.9201291251
 20
4349649.439123885
 10
470059.9201291251
 20
4349649.439123885
  0
TEXT
  5
7FD
330
17
100
AcDbEntity
  8
0
 62
5
100
AcDbText
 10
470060.26012912515
 20
4349649.8691238845
 30
0.0
 40
0.1333
  1
1.49
  7
CN_TTF
 11
470060.26012912515
 21
4349649.8691238845
 31
0.0
100
AcDbText
  0
LWPOLYLINE
  5
7FE
330
17
100
AcDbEntity
  8
爆区方格网
 62
5
100
AcDbPolyline
 90
6
 70
1
 10
470060.9201291251
 20
4349651.439123885
 10
470060.9201291251
 20
4349650.439123885
 10
470059.9201291251
 20
4349650.439123885
 10
470059.9201291251
 20
4349651.377921376
 10
470060.266489986
 20
4349651.439123885
 10
470060.9201291251
 20
4349651.439123885
  0
TEXT
  5
7FF
330
17
100
AcDbEntity
  8
0
 62
5
100
AcDbText
 10
470060.26012912515
 20
4349650.83852263
 30
0.0
 40
0.1333
  1
1.49
  7
CN_TTF
 11
470060.26012912515
 21
4349650.83852263
 31
0.0
100
AcDbText
  0
LWPOLYLINE
  5
800
330
17
100
AcDbEntity
  8
爆区方格网
 62
5
100
AcDbPolyline
 90
6
 70
1
 10
470060.9201291251
 20
4349646.439123885
 10
470060.9201291251
 20
4349647.439123885
 10
470061.9201291251
 20
4349647.439123885
 10
470061.9201291251
 20
4349647.197243716
 10
470061.15063294617
 20
4349646.439123885
 10
470060.9201291251
 20
4349646.439123885
  0
TEXT
  5
801
330
17
100
AcDbEntity
  8
0
 62
5
100
AcDbText
 10
470061.0677550804
 20
4349646.7481838
 30
0.0
 40
0.1333
  1
1.49
  7
CN_TTF
 11
470061.0677550804
 21
4349646.7481838
 31
0.0
100
AcDbText
  0
LWPOLYLINE
  5
802
330
17
100
AcDbEntity
  8
爆区方格网
 62
5
100
AcDbPolyline
 90
5
 70
1
 10
470060.9201291251
 20
4349647.439123885
 10
470060.9201291251
 20
4349648.439123885
 10
470061.9201291251
 20
4349648.439123885
 10
470061.9201291251
 20
4349647.439123885
 10
470060.9201291251
 20
4349647.439123885
  0
TEXT
  5
803
330
17
100
AcDbEntity
  8
0
 62
5
100
AcDbText
 10
470061.26012912515
 20
4349647.8691238845
 30
0.0
 40
0.1333
  1
1.49
  7
CN_TTF
 11
470061.26012912515
 21
4349647.8691238845
 31
0.0
100
AcDbText
  0
LWPOLYLINE
  5
804
330
17
100
AcDbEntity
  8
爆区方格网
 62
5
100
AcDbPolyline
 90
5
 70
1
 10
470060.9201291251
 20
4349648.439123885
 10
470060.9201291251
 20
4349649.439123885
 10
470061.9201291251
 20
4349649.439123885
 10
470061.9201291251
 20
4349648.439123885
 10
470060.9201291251
 20
4349648.439123885
  0
TEXT
  5
805
330
17
100
AcDbEntity
  8
0
 62
5
100
AcDbText
 10
470061.26012912515
 20
4349648.8691238845
 30
0.0
 40
0.1333
  1
1.49
  7
CN_TTF
 11
470061.26012912515
 21
4349648.8691238845
 31
0.0
100
AcDbText
  0
LWPOLYLINE
  5
806
330
17
100
AcDbEntity
  8
爆区方格网
 62
5
100
AcDbPolyline
 90
5
 70
1
 10
470060.9201291251
 20
4349649.439123885
 10
470060.9201291251
 20
4349650.439123885
 10
470061.9201291251
 20
4349650.439123885
 10
470061.9201291251
 20
4349649.439123885
 10
470060.9201291251
 20
4349649.439123885
  0
TEXT
  5
807
330
17
100
AcDbEntity
  8
0
 62
5
100
AcDbText
 10
470061.26012912515
 20
4349649.8691238845
 30
0.0
 40
0.1333
  1
1.49
  7
CN_TTF
 11
470061.26012912515
 21
4349649.8691238845
 31
0.0
100
AcDbText
  0
LWPOLYLINE
  5
808
330
17
100
AcDbEntity
  8
爆区方格网
 62
5
100
AcDbPolyline
 90
5
 70
1
 10
470060.9201291251
 20
4349650.439123885
 10
470060.9201291251
 20
4349651.439123885
 10
470061.9201291251
 20
4349651.439123885
 10
470061.9201291251
 20
4349650.439123885
 10
470060.9201291251
 20
4349650.439123885
  0
TEXT
  5
809
330
17
100
AcDbEntity
  8
0
 62
5
100
AcDbText
 10
470061.26012912515
 20
4349650.8691238845
 30
0.0
 40
0.1333
  1
1.49
  7
CN_TTF
 11
470061.26012912515
 21
4349650.8691238845
 31
0.0
100
AcDbText
  0
LWPOLYLINE
  5
80A
330
17
100
AcDbEntity
  8
爆区方格网
 62
5
100
AcDbPolyline
 90
7
 70
1
 10
470061.9201291251
 20
4349647.439123885
 10
470061.9201291251
 20
4349648.439123885
 10
470062.9201291251
 20
4349648.439123885
 10
470062.9201291251
 20
4349647.787030315
 10
470062.469
 20
4349647.738
 10
470062.165638949
 20
4349647.439123885
 10
470061.9201291251
 20
4349647.439123885
  0
TEXT
  5
80B
330
17
100
AcDbEntity
  8
0
 62
5
100
AcDbText
 10
470062.26012912515
 20
4349648.0430771
 30
0.0
 40
0.1333
  1
1.49
  7
CN_TTF
 11
470062.26012912515
 21
4349648.0430771
 31
0.0
100
AcDbText
  0
LWPOLYLINE
  5
80C
330
17
100
AcDbEntity
  8
爆区方格网
 62
5
100
AcDbPolyline
 90
5
 70
1
 10
470061.9201291251
 20
4349648.439123885
 10
470061.9201291251
 20
4349649.439123885
 10
470062.9201291251
 20
4349649.439123885
 10
470062.9201291251
 20
4349648.439123885
 10
470061.9201291251
 20
4349648.439123885
  0
TEXT
  5
80D
330
17
100
AcDbEntity
  8
0
 62
5
100
AcDbText
 10
470062.26012912515
 20
4349648.8691238845
 30
0.0
 40
0.1333
  1
1.49
  7
CN_TTF
 11
470062.26012912515
 21
4349648.8691238845
 31
0.0
100
AcDbText
  0
LWPOLYLINE
  5
80E
330
17
100
AcDbEntity
  8
爆区方格网
 62
5
100
AcDbPolyline
 90
5
 70
1
 10
470061.9201291251
 20
4349649.439123885
 10
470061.9201291251
 20
4349650.439123885
 10
470062.9201291251
 20
4349650.439123885
 10
470062.9201291251
 20
4349649.439123885
 10
470061.9201291251
 20
4349649.439123885
  0
TEXT
  5
80F
330
17
100
AcDbEntity
  8
0
 62
5
100
AcDbText
 10
470062.26012912515
 20
4349649.8691238845
 30
0.0
 40
0.1333
  1
1.49
  7
CN_TTF
 11
470062.26012912515
 21
4349649.8691238845
 31
0.0
100
AcDbText
  0
LWPOLYLINE
  5
810
330
17
100
AcDbEntity
  8
爆区方格网
 62
5
100
AcDbPolyline
 90
5
 70
1
 10
470061.9201291251
 20
4349650.439123885
 10
470061.9201291251
 20
4349651.439123885
 10
470062.9201291251
 20
4349651.439123885
 10
470062.9201291251
 20
4349650.439123885
 10
470061.9201291251
 20
4349650.439123885
  0
TEXT
  5
811
330
17
100
AcDbEntity
  8
0
 62
5
100
AcDbText
 10
470062.26012912515
 20
4349650.8691238845
 30
0.0
 40
0.1333
  1
1.49
  7
CN_TTF
 11
470062.26012912515
 21
4349650.8691238845
 31
0.0
100
AcDbText
  0
LWPOLYLINE
  5
812
330
17
100
AcDbEntity
  8
爆区方格网
 62
5
100
AcDbPolyline
 90
5
 70
1
 10
470062.9201291251
 20
4349648.439123885
 10
470063.9201291251
 20
4349648.439123885
 10
470063.9201291251
 20
4349647.895713867
 10
470062.9201291251
 20
4349647.787030315
 10
470062.9201291251
 20
4349648.439123885
  0
TEXT
  5
813
330
17
100
AcDbEntity
  8
0
 62
5
100
AcDbText
 10
470063.26012912515
 20
4349648.097418875
 30
0.0
 40
0.1333
  1
1.49
  7
CN_TTF
 11
470063.26012912515
 21
4349648.097418875
 31
0.0
100
AcDbText
  0
LWPOLYLINE
  5
814
330
17
100
AcDbEntity
  8
爆区方格网
 62
5
100
AcDbPolyline
 90
5
 70
1
 10
470062.9201291251
 20
4349648.439123885
 10
470062.9201291251
 20
4349649.439123885
 10
470063.9201291251
 20
4349649.439123885
 10
470063.9201291251
 20
4349648.439123885
 10
470062.9201291251
 20
4349648.439123885
  0
TEXT
  5
815
330
17
100
AcDbEntity
  8
0
 62
5
100
AcDbText
 10
470063.26012912515
 20
4349648.8691238845
 30
0.0
 40
0.1333
  1
1.49
  7
CN_TTF
 11
470063.26012912515
 21
4349648.8691238845
 31
0.0
100
AcDbText
  0
LWPOLYLINE
  5
816
330
17
100
AcDbEntity
  8
爆区方格网
 62
5
100
AcDbPolyline
 90
5
 70
1
 10
470062.9201291251
 20
4349649.439123885
 10
470062.9201291251
 20
4349650.439123885
 10
470063.9201291251
 20
4349650.439123885
 10
470063.9201291251
 20
4349649.439123885
 10
470062.9201291251
 20
4349649.439123885
  0
TEXT
  5
817
330
17
100
AcDbEntity
  8
0
 62
5
100
AcDbText
 10
470063.26012912515
 20
4349649.8691238845
 30
0.0
 40
0.1333
  1
1.49
  7
CN_TTF
 11
470063.26012912515
 21
4349649.8691238845
 31
0.0
100
AcDbText
  0
LWPOLYLINE
  5
818
330
17
100
AcDbEntity
  8
爆区方格网
 62
5
100
AcDbPolyline
 90
5
 70
1
 10
470062.9201291251
 20
4349650.439123885
 10
470062.9201291251
 20
4349651.439123885
 10
470063.9201291251
 20
4349651.439123885
 10
470063.9201291251
 20
4349650.439123885
 10
470062.9201291251
 20
4349650.439123885
  0
TEXT
  5
819
330
17
100
AcDbEntity
  8
0
 62
5
100
AcDbText
 10
470063.26012912515
 20
4349650.8691238845
 30
0.0
 40
0.1333
  1
1.49
  7
CN_TTF
 11
470063.26012912515
 21
4349650.8691238845
 31
0.0
100
AcDbText
  0
LWPOLYLINE
  5
81A
330
17
100
AcDbEntity
  8
爆区方格网
 62
5
100
AcDbPolyline
 90
5
 70
1
 10
470063.9201291251
 20
4349648.439123885
 10
470063.9201291251
 20
4349649.439123885
 10
470064.9201291251
 20
4349649.439123885
 10
470064.9201291251
 20
4349648.439123885
 10
470063.9201291251
 20
4349648.439123885
  0
TEXT
  5
81B
330
17
100
AcDbEntity
  8
0
 62
5
100
AcDbText
 10
470064.26012912515
 20
4349648.8691238845
 30
0.0
 40
0.1333
  1
1.39
  7
CN_TTF
 11
470064.26012912515
 21
4349648.8691238845
 31
0.0
100
AcDbText
  0
LWPOLYLINE
  5
81C
330
17
100
AcDbEntity
  8
爆区方格网
 62
5
100
AcDbPolyline
 90
5
 70
1
 10
470063.9201291251
 20
4349649.439123885
 10
470063.9201291251
 20
4349650.439123885
 10
470064.9201291251
 20
4349650.439123885
 10
470064.9201291251
 20
4349649.439123885
 10
470063.9201291251
 20
4349649.439123885
  0
TEXT
  5
81D
330
17
100
AcDbEntity
  8
0
 62
5
100
AcDbText
 10
470064.26012912515
 20
4349649.8691238845
 30
0.0
 40
0.1333
  1
1.39
  7
CN_TTF
 11
470064.26012912515
 21
4349649.8691238845
 31
0.0
100
AcDbText
  0
LWPOLYLINE
  5
81E
330
17
100
AcDbEntity
  8
爆区方格网
 62
5
100
AcDbPolyline
 90
5
 70
1
 10
470063.9201291251
 20
4349650.439123885
 10
470063.9201291251
 20
4349651.439123885
 10
470064.9201291251
 20
4349651.439123885
 10
470064.9201291251
 20
4349650.439123885
 10
470063.9201291251
 20
4349650.439123885
  0
TEXT
  5
81F
330
17
100
AcDbEntity
  8
0
 62
5
100
AcDbText
 10
470064.26012912515
 20
4349650.8691238845
 30
0.0
 40
0.1333
  1
1.39
  7
CN_TTF
 11
470064.26012912515
 21
4349650.8691238845
 31
0.0
100
AcDbText
  0
LWPOLYLINE
  5
820
330
17
100
AcDbEntity
  8
爆区方格网
 62
5
100
AcDbPolyline
 90
6
 70
1
 10
470064.9201291251
 20
4349651.439123885
 10
470063.9201291251
 20
4349651.439123885
 10
470063.9201291251
 20
4349651.929127658
 10
470063.9866358522
 20
4349651.936355845
 10
470064.9201291251
 20
4349652.037811209
 10
470064.9201291251
 20
4349651.439123885
  0
TEXT
  5
821
330
17
100
AcDbEntity
  8
0
 62
5
100
AcDbText
 10
470064.26012912515
 20
4349651.614125771
 30
0.0
 40
0.1333
  1
1.39
  7
CN_TTF
 11
470064.26012912515
 21
4349651.614125771
 31
0.0
100
AcDbText
  0
LWPOLYLINE
  5
822
330
17
100
AcDbEntity
  8
爆区方格网
 62
5
100
AcDbPolyline
 90
5
 70
1
 10
470064.9201291251
 20
4349648.439123885
 10
470064.9201291251
 20
4349649.439123885
 10
470065.9201291251
 20
4349649.439123885
 10
470065.9201291251
 20
4349648.439123885
 10
470064.9201291251
 20
4349648.439123885
  0
TEXT
  5
823
330
17
100
AcDbEntity
  8
0
 62
5
100
AcDbText
 10
470065.26012912515
 20
4349648.8691238845
 30
0.0
 40
0.1333
  1
1.39
  7
CN_TTF
 11
470065.26012912515
 21
4349648.8691238845
 31
0.0
100
AcDbText
  0
LWPOLYLINE
  5
824
330
17
100
AcDbEntity
  8
爆区方格网
 62
5
100
AcDbPolyline
 90
5
 70
1
 10
470064.9201291251
 20
4349649.439123885
 10
470064.9201291251
 20
4349650.439123885
 10
470065.9201291251
 20
4349650.439123885
 10
470065.9201291251
 20
4349649.439123885
 10
470064.9201291251
 20
4349649.439123885
  0
TEXT
  5
825
330
17
100
AcDbEntity
  8
0
 62
5
100
AcDbText
 10
470065.26012912515
 20
4349649.8691238845
 30
0.0
 40
0.1333
  1
1.39
  7
CN_TTF
 11
470065.26012912515
 21
4349649.8691238845
 31
0.0
100
AcDbText
  0
LWPOLYLINE
  5
826
330
17
100
AcDbEntity
  8
爆区方格网
 62
5
100
AcDbPolyline
 90
5
 70
1
 10
470064.9201291251
 20
4349650.439123885
 10
470064.9201291251
 20
4349651.439123885
 10
470065.9201291251
 20
4349651.439123885
 10
470065.9201291251
 20
4349650.439123885
 10
470064.9201291251
 20
4349650.439123885
  0
TEXT
  5
827
330
17
100
AcDbEntity
  8
0
 62
5
100
AcDbText
 10
470065.26012912515
 20
4349650.8691238845
 30
0.0
 40
0.1333
  1
1.39
  7
CN_TTF
 11
470065.26012912515
 21
4349650.8691238845
 31
0.0
100
AcDbText
  0
LWPOLYLINE
  5
828
330
17
100
AcDbEntity
  8
爆区方格网
 62
5
100
AcDbPolyline
 90
7
 70
1
 10
470065.9201291251
 20
4349652.439123885
 10
470065.9201291251
 20
4349651.439123885
 10
470064.9201291251
 20
4349651.439123885
 10
470064.9201291251
 20
4349652.037811209
 10
470065.2255
 20
4349652.071
 10
470065.5190938208
 20
4349652.439123885
 10
470065.9201291251
 20
4349652.439123885
  0
TEXT
  5
829
330
17
100
AcDbEntity
  8
0
 62
5
100
AcDbText
 10
470065.26012912515
 20
4349651.668467547
 30
0.0
 40
0.1333
  1
1.39
  7
CN_TTF
 11
470065.26012912515
 21
4349651.668467547
 31
0.0
100
AcDbText
  0
LWPOLYLINE
  5
82A
330
17
100
AcDbEntity
  8
爆区方格网
 62
5
100
AcDbPolyline
 90
5
 70
1
 10
470065.9201291251
 20
4349648.439123885
 10
470065.9201291251
 20
4349649.439123885
 10
470066.9201291251
 20
4349649.439123885
 10
470066.9201291251
 20
4349648.439123885
 10
470065.9201291251
 20
4349648.439123885
  0
TEXT
  5
82B
330
17
100
AcDbEntity
  8
0
 62
5
100
AcDbText
 10
470066.26012912515
 20
4349648.8691238845
 30
0.0
 40
0.1333
  1
1.39
  7
CN_TTF
 11
470066.26012912515
 21
4349648.8691238845
 31
0.0
100
AcDbText
  0
LWPOLYLINE
  5
82C
330
17
100
AcDbEntity
  8
爆区方格网
 62
5
100
AcDbPolyline
 90
5
 70
1
 10
470065.9201291251
 20
4349649.439123885
 10
470065.9201291251
 20
4349650.439123885
 10
470066.9201291251
 20
4349650.439123885
 10
470066.9201291251
 20
4349649.439123885
 10
470065.9201291251
 20
4349649.439123885
  0
TEXT
  5
82D
330
17
100
AcDbEntity
  8
0
 62
5
100
AcDbText
 10
470066.26012912515
 20
4349649.8691238845
 30
0.0
 40
0.1333
  1
1.39
  7
CN_TTF
 11
470066.26012912515
 21
4349649.8691238845
 31
0.0
100
AcDbText
  0
LWPOLYLINE
  5
82E
330
17
100
AcDbEntity
  8
爆区方格网
 62
5
100
AcDbPolyline
 90
5
 70
1
 10
470065.9201291251
 20
4349650.439123885
 10
470065.9201291251
 20
4349651.439123885
 10
470066.9201291251
 20
4349651.439123885
 10
470066.9201291251
 20
4349650.439123885
 10
470065.9201291251
 20
4349650.439123885
  0
TEXT
  5
82F
330
17
100
AcDbEntity
  8
0
 62
5
100
AcDbText
 10
470066.26012912515
 20
4349650.8691238845
 30
0.0
 40
0.1333
  1
1.39
  7
CN_TTF
 11
470066.26012912515
 21
4349650.8691238845
 31
0.0
100
AcDbText
  0
LWPOLYLINE
  5
830
330
17
100
AcDbEntity
  8
爆区方格网
 62
5
100
AcDbPolyline
 90
5
 70
1
 10
470065.9201291251
 20
4349651.439123885
 10
470065.9201291251
 20
4349652.439123885
 10
470066.9201291251
 20
4349652.439123885
 10
470066.9201291251
 20
4349651.439123885
 10
470065.9201291251
 20
4349651.439123885
  0
TEXT
  5
831
330
17
100
AcDbEntity
  8
0
 62
5
100
AcDbText
 10
470066.26012912515
 20
4349651.8691238845
 30
0.0
 40
0.1333
  1
1.39
  7
CN_TTF
 11
470066.26012912515
 21
4349651.8691238845
 31
0.0
100
AcDbText
  0
LWPOLYLINE
  5
832
330
17
100
AcDbEntity
  8
爆区方格网
 62
5
100
AcDbPolyline
 90
7
 70
1
 10
470066.9201291251
 20
4349652.439123885
 10
470065.9201291251
 20
4349652.439123885
 10
470065.9201291251
 20
4349652.941963739
 10
470066.3166346306
 20
4349653.439123885
 10
470066.7211678862
 20
4349653.439123885
 10
470066.9201291251
 20
4349653.351776056
 10
470066.9201291251
 20
4349652.439123885
  0
TEXT
  5
833
330
17
100
AcDbEntity
  8
0
 62
5
100
AcDbText
 10
470066.26012912515
 20
4349652.6205438115
 30
0.0
 40
0.1333
  1
1.39
  7
CN_TTF
 11
470066.26012912515
 21
4349652.6205438115
 31
0.0
100
AcDbText
  0
LWPOLYLINE
  5
834
330
17
100
AcDbEntity
  8
爆区方格网
 62
5
100
AcDbPolyline
 90
7
 70
1
 10
470066.9201291251
 20
4349648.439123885
 10
470067.9201291251
 20
4349648.439123885
 10
470067.9201291251
 20
4349647.439123885
 10
470067.36506490415
 20
4349647.439123885
 10
470067.222132342
 20
4349648.367981544
 10
470066.9201291251
 20
4349648.30564021
 10
470066.9201291251
 20
4349648.439123885
  0
TEXT
  5
835
330
17
100
AcDbEntity
  8
0
 62
5
100
AcDbText
 10
470067.44926214434
 20
4349647.802382047
 30
0.0
 40
0.1333
  1
1.39
  7
CN_TTF
 11
470067.44926214434
 21
4349647.802382047
 31
0.0
100
AcDbText
  0
LWPOLYLINE
  5
836
330
17
100
AcDbEntity
  8
爆区方格网
 62
5
100
AcDbPolyline
 90
5
 70
1
 10
470066.9201291251
 20
4349648.439123885
 10
470066.9201291251
 20
4349649.439123885
 10
470067.9201291251
 20
4349649.439123885
 10
470067.9201291251
 20
4349648.439123885
 10
470066.9201291251
 20
4349648.439123885
  0
TEXT
  5
837
330
17
100
AcDbEntity
  8
0
 62
5
100
AcDbText
 10
470067.26012912515
 20
4349648.8691238845
 30
0.0
 40
0.1333
  1
1.39
  7
CN_TTF
 11
470067.26012912515
 21
4349648.8691238845
 31
0.0
100
AcDbText
  0
LWPOLYLINE
  5
838
330
17
100
AcDbEntity
  8
爆区方格网
 62
5
100
AcDbPolyline
 90
5
 70
1
 10
470066.9201291251
 20
4349649.439123885
 10
470066.9201291251
 20
4349650.439123885
 10
470067.9201291251
 20
4349650.439123885
 10
470067.9201291251
 20
4349649.439123885
 10
470066.9201291251
 20
4349649.439123885
  0
TEXT
  5
839
330
17
100
AcDbEntity
  8
0
 62
5
100
AcDbText
 10
470067.26012912515
 20
4349649.8691238845
 30
0.0
 40
0.1333
  1
1.39
  7
CN_TTF
 11
470067.26012912515
 21
4349649.8691238845
 31
0.0
100
AcDbText
  0
LWPOLYLINE
  5
83A
330
17
100
AcDbEntity
  8
爆区方格网
 62
5
100
AcDbPolyline
 90
5
 70
1
 10
470066.9201291251
 20
4349650.439123885
 10
470066.9201291251
 20
4349651.439123885
 10
470067.9201291251
 20
4349651.439123885
 10
470067.9201291251
 20
4349650.439123885
 10
470066.9201291251
 20
4349650.439123885
  0
TEXT
  5
83B
330
17
100
AcDbEntity
  8
0
 62
5
100
AcDbText
 10
470067.26012912515
 20
4349650.8691238845
 30
0.0
 40
0.1333
  1
1.39
  7
CN_TTF
 11
470067.26012912515
 21
4349650.8691238845
 31
0.0
100
AcDbText
  0
LWPOLYLINE
  5
83C
330
17
100
AcDbEntity
  8
爆区方格网
 62
5
100
AcDbPolyline
 90
5
 70
1
 10
470066.9201291251
 20
4349651.439123885
 10
470066.9201291251
 20
4349652.439123885
 10
470067.9201291251
 20
4349652.439123885
 10
470067.9201291251
 20
4349651.439123885
 10
470066.9201291251
 20
4349651.439123885
  0
TEXT
  5
83D
330
17
100
AcDbEntity
  8
0
 62
5
100
AcDbText
 10
470067.26012912515
 20
4349651.8691238845
 30
0.0
 40
0.1333
  1
1.39
  7
CN_TTF
 11
470067.26012912515
 21
4349651.8691238845
 31
0.0
100
AcDbText
  0
LWPOLYLINE
  5
83E
330
17
100
AcDbEntity
  8
爆区方格网
 62
5
100
AcDbPolyline
 90
5
 70
1
 10
470067.9201291251
 20
4349652.439123885
 10
470066.9201291251
 20
4349652.439123885
 10
470066.9201291251
 20
4349653.351776056
 10
470067.9201291251
 20
4349652.912756734
 10
470067.9201291251
 20
4349652.439123885
  0
TEXT
  5
83F
330
17
100
AcDbEntity
  8
0
 62
5
100
AcDbText
 10
470067.26012912515
 20
4349652.605940308
 30
0.0
 40
0.1333
  1
1.39
  7
CN_TTF
 11
470067.26012912515
 21
4349652.605940308
 31
0.0
100
AcDbText
  0
LWPOLYLINE
  5
840
330
17
100
AcDbEntity
  8
爆区方格网
 62
5
100
AcDbPolyline
 90
7
 70
1
 10
470067.9201291251
 20
4349648.439123885
 10
470067.9201291251
 20
4349649.439123885
 10
470068.9201291251
 20
4349649.439123885
 10
470068.9201291251
 20
4349648.858167734
 10
470068.815575689
 20
4349648.69690977
 10
470068.6484372761
 20
4349648.439123885
 10
470067.9201291251
 20
4349648.439123885
  0
TEXT
  5
841
330
17
100
AcDbEntity
  8
0
 62
5
100
AcDbText
 10
470068.26012912515
 20
4349649.078645809
 30
0.0
 40
0.1333
  1
1.39
  7
CN_TTF
 11
470068.26012912515
 21
4349649.078645809
 31
0.0
100
AcDbText
  0
LWPOLYLINE
  5
842
330
17
100
AcDbEntity
  8
爆区方格网
 62
5
100
AcDbPolyline
 90
5
 70
1
 10
470067.9201291251
 20
4349649.439123885
 10
470067.9201291251
 20
4349650.439123885
 10
470068.9201291251
 20
4349650.439123885
 10
470068.9201291251
 20
4349649.439123885
 10
470067.9201291251
 20
4349649.439123885
  0
TEXT
  5
843
330
17
100
AcDbEntity
  8
0
 62
5
100
AcDbText
 10
470068.26012912515
 20
4349649.8691238845
 30
0.0
 40
0.1333
  1
1.39
  7
CN_TTF
 11
470068.26012912515
 21
4349649.8691238845
 31
0.0
100
AcDbText
  0
LWPOLYLINE
  5
844
330
17
100
AcDbEntity
  8
爆区方格网
 62
5
100
AcDbPolyline
 90
5
 70
1
 10
470067.9201291251
 20
4349650.439123885
 10
470067.9201291251
 20
4349651.439123885
 10
470068.9201291251
 20
4349651.439123885
 10
470068.9201291251
 20
4349650.439123885
 10
470067.9201291251
 20
4349650.439123885
  0
TEXT
  5
845
330
17
100
AcDbEntity
  8
0
 62
5
100
AcDbText
 10
470068.26012912515
 20
4349650.8691238845
 30
0.0
 40
0.1333
  1
1.39
  7
CN_TTF
 11
470068.26012912515
 21
4349650.8691238845
 31
0.0
100
AcDbText
  0
LWPOLYLINE
  5
846
330
17
100
AcDbEntity
  8
爆区方格网
 62
5
100
AcDbPolyline
 90
5
 70
1
 10
470067.9201291251
 20
4349651.439123885
 10
470067.9201291251
 20
4349652.439123885
 10
470068.9201291251
 20
4349652.439123885
 10
470068.9201291251
 20
4349651.439123885
 10
470067.9201291251
 20
4349651.439123885
  0
TEXT
  5
847
330
17
100
AcDbEntity
  8
0
 62
5
100
AcDbText
 10
470068.26012912515
 20
4349651.8691238845
 30
0.0
 40
0.1333
  1
1.39
  7
CN_TTF
 11
470068.26012912515
 21
4349651.8691238845
 31
0.0
100
AcDbText
  0
LWPOLYLINE
  5
848
330
17
100
AcDbEntity
  8
爆区方格网
 62
5
100
AcDbPolyline
 90
9
 70
1
 10
470068.9201291251
 20
4349649.439123885
 10
470068.9201291251
 20
4349650.439123885
 10
470069.9201291251
 20
4349650.439123885
 10
470069.9201291251
 20
4349649.556901682
 10
470069.84699477046
 20
4349649.439123885
 10
470069.71081827284
 20
4349649.439123885
 10
470069.6299147481
 20
4349649.952905396
 10
470069.2967986576
 20
4349649.439123885
 10
470068.9201291251
 20
4349649.439123885
  0
TEXT
  5
849
330
17
100
AcDbEntity
  8
0
 62
5
100
AcDbText
 10
470069.0508335579
 20
4349649.684903539
 30
0.0
 40
0.1333
  1
1.39
  7
CN_TTF
 11
470069.0508335579
 21
4349649.684903539
 31
0.0
100
AcDbText
  0
LWPOLYLINE
  5
84A
330
17
100
AcDbEntity
  8
爆区方格网
 62
5
100
AcDbPolyline
 90
5
 70
1
 10
470068.9201291251
 20
4349650.439123885
 10
470068.9201291251
 20
4349651.439123885
 10
470069.9201291251
 20
4349651.439123885
 10
470069.9201291251
 20
4349650.439123885
 10
470068.9201291251
 20
4349650.439123885
  0
TEXT
  5
84B
330
17
100
AcDbEntity
  8
0
 62
5
100
AcDbText
 10
470069.26012912515
 20
4349650.8691238845
 30
0.0
 40
0.1333
  1
1.39
  7
CN_TTF
 11
470069.26012912515
 21
4349650.8691238845
 31
0.0
100
AcDbText
  0
LWPOLYLINE
  5
84C
330
17
100
AcDbEntity
  8
爆区方格网
 62
5
100
AcDbPolyline
 90
7
 70
1
 10
470069.9201291251
 20
4349651.439123885
 10
470068.9201291251
 20
4349651.439123885
 10
470068.9201291251
 20
4349652.439123885
 10
470068.99897195573
 20
4349652.439123885
 10
470069.25620035315
 20
4349652.326195648
 10
470069.9201291251
 20
4349652.034718088
 10
470069.9201291251
 20
4349651.439123885
  0
TEXT
  5
84D
330
17
100
AcDbEntity
  8
0
 62
5
100
AcDbText
 10
470069.26012912515
 20
4349651.666920986
 30
0.0
 40
0.1333
  1
1.39
  7
CN_TTF
 11
470069.26012912515
 21
4349651.666920986
 31
0.0
100
AcDbText
  0
LWPOLYLINE
  5
84E
330
17
100
AcDbEntity
  8
爆区方格网
 62
5
100
AcDbPolyline
 90
6
 70
1
 10
470069.9201291251
 20
4349650.439123885
 10
470069.9201291251
 20
4349651.439123885
 10
470070.8113094702
 20
4349651.439123885
 10
470070.8985
 20
4349651.1325
 10
470070.4679467373
 20
4349650.439123885
 10
470069.9201291251
 20
4349650.439123885
  0
TEXT
  5
84F
330
17
100
AcDbEntity
  8
0
 62
5
100
AcDbText
 10
470070.14167624677
 20
4349650.715811942
 30
0.0
 40
0.1333
  1
1.39
  7
CN_TTF
 11
470070.14167624677
 21
4349650.715811942
 31
0.0
100
AcDbText
  0
LWPOLYLINE
  5
850
330
17
100
AcDbEntity
  8
爆区方格网
 62
5
100
AcDbPolyline
 90
5
 70
1
 10
470055.9201291251
 20
4349658.439123885
 10
470055.9201291251
 20
4349657.439123885
 10
470055.39297889685
 20
4349657.439123885
 10
470055.2172186107
 20
4349658.439123885
 10
470055.9201291251
 20
4349658.439123885
  0
TEXT
  5
851
330
17
100
AcDbEntity
  8
0
 62
5
100
AcDbText
 10
470055.4526139395
 20
4349657.8691238845
 30
0.0
 40
0.1333
  1
1.11
  7
CN_TTF
 11
470055.4526139395
 21
4349657.8691238845
 31
0.0
100
AcDbText
  0
LWPOLYLINE
  5
852
330
17
100
AcDbEntity
  8
爆区方格网
 62
5
100
AcDbPolyline
 90
6
 70
1
 10
470055.9201291251
 20
4349659.439123885
 10
470055.9201291251
 20
4349658.439123885
 10
470055.2172186107
 20
4349658.439123885
 10
470055.20760894346
 20
4349658.493798735
 10
470055.0414583245
 20
4349659.439123885
 10
470055.9201291251
 20
4349659.439123885
  0
TEXT
  5
853
330
17
100
AcDbEntity
  8
0
 62
5
100
AcDbText
 10
470055.3623313795
 20
4349658.89646131
 30
0.0
 40
0.1333
  1
1.11
  7
CN_TTF
 11
470055.3623313795
 21
4349658.89646131
 31
0.0
100
AcDbText
  0
LWPOLYLINE
  5
854
330
17
100
AcDbEntity
  8
爆区方格网
 62
5
100
AcDbPolyline
 90
6
 70
1
 10
470055.9201291251
 20
4349656.439123885
 10
470056.9201291251
 20
4349656.439123885
 10
470056.9201291251
 20
4349655.439123885
 10
470056.8694114316
 20
4349655.439123885
 10
470055.9201291251
 20
4349656.249224763
 10
470055.9201291251
 20
4349656.439123885
  0
TEXT
  5
855
330
17
100
AcDbEntity
  8
0
 62
5
100
AcDbText
 10
470056.49744970206
 20
4349655.774174323
 30
0.0
 40
0.1333
  1
1.11
  7
CN_TTF
 11
470056.49744970206
 21
4349655.774174323
 31
0.0
100
AcDbText
  0
LWPOLYLINE
  5
856
330
17
100
AcDbEntity
  8
爆区方格网
 62
5
100
AcDbPolyline
 90
5
 70
1
 10
470055.9201291251
 20
4349656.439123885
 10
470055.9201291251
 20
4349657.439123885
 10
470056.9201291251
 20
4349657.439123885
 10
470056.9201291251
 20
4349656.439123885
 10
470055.9201291251
 20
4349656.439123885
  0
TEXT
  5
857
330
17
100
AcDbEntity
  8
0
 62
5
100
AcDbText
 10
470056.26012912515
 20
4349656.8691238845
 30
0.0
 40
0.1333
  1
1.11
  7
CN_TTF
 11
470056.26012912515
 21
4349656.8691238845
 31
0.0
100
AcDbText
  0
LWPOLYLINE
  5
858
330
17
100
AcDbEntity
  8
爆区方格网
 62
5
100
AcDbPolyline
 90
5
 70
1
 10
470055.9201291251
 20
4349657.439123885
 10
470055.9201291251
 20
4349658.439123885
 10
470056.9201291251
 20
4349658.439123885
 10
470056.9201291251
 20
4349657.439123885
 10
470055.9201291251
 20
4349657.439123885
  0
TEXT
  5
859
330
17
100
AcDbEntity
  8
0
 62
5
100
AcDbText
 10
470056.26012912515
 20
4349657.8691238845
 30
0.0
 40
0.1333
  1
1.11
  7
CN_TTF
 11
470056.26012912515
 21
4349657.8691238845
 31
0.0
100
AcDbText
  0
LWPOLYLINE
  5
85A
330
17
100
AcDbEntity
  8
爆区方格网
 62
5
100
AcDbPolyline
 90
5
 70
1
 10
470055.9201291251
 20
4349658.439123885
 10
470055.9201291251
 20
4349659.439123885
 10
470056.9201291251
 20
4349659.439123885
 10
470056.9201291251
 20
4349658.439123885
 10
470055.9201291251
 20
4349658.439123885
  0
TEXT
  5
85B
330
17
100
AcDbEntity
  8
0
 62
5
100
AcDbText
 10
470056.26012912515
 20
4349658.8691238845
 30
0.0
 40
0.1333
  1
1.11
  7
CN_TTF
 11
470056.26012912515
 21
4349658.8691238845
 31
0.0
100
AcDbText
  0
LWPOLYLINE
  5
85C
330
17
100
AcDbEntity
  8
爆区方格网
 62
5
100
AcDbPolyline
 90
5
 70
1
 10
470056.9201291251
 20
4349659.439123885
 10
470055.9201291251
 20
4349659.439123885
 10
470055.9201291251
 20
4349659.965261417
 10
470056.9201291251
 20
4349660.128354723
 10
470056.9201291251
 20
4349659.439123885
  0
TEXT
  5
85D
330
17
100
AcDbEntity
  8
0
 62
5
100
AcDbText
 10
470056.26012912515
 20
4349659.632192651
 30
0.0
 40
0.1333
  1
1.11
  7
CN_TTF
 11
470056.26012912515
 21
4349659.632192651
 31
0.0
100
AcDbText
  0
LWPOLYLINE
  5
85E
330
17
100
AcDbEntity
  8
爆区方格网
 62
5
100
AcDbPolyline
 90
5
 70
1
 10
470056.9201291251
 20
4349655.439123885
 10
470056.9201291251
 20
4349656.439123885
 10
470057.9201291251
 20
4349656.439123885
 10
470057.9201291251
 20
4349655.439123885
 10
470056.9201291251
 20
4349655.439123885
  0
TEXT
  5
85F
330
17
100
AcDbEntity
  8
0
 62
5
100
AcDbText
 10
470057.26012912515
 20
4349655.8691238845
 30
0.0
 40
0.1333
  1
1.11
  7
CN_TTF
 11
470057.26012912515
 21
4349655.8691238845
 31
0.0
100
AcDbText
  0
LWPOLYLINE
  5
860
330
17
100
AcDbEntity
  8
爆区方格网
 62
5
100
AcDbPolyline
 90
5
 70
1
 10
470056.9201291251
 20
4349656.439123885
 10
470056.9201291251
 20
4349657.439123885
 10
470057.9201291251
 20
4349657.439123885
 10
470057.9201291251
 20
4349656.439123885
 10
470056.9201291251
 20
4349656.439123885
  0
TEXT
  5
861
330
17
100
AcDbEntity
  8
0
 62
5
100
AcDbText
 10
470057.26012912515
 20
4349656.8691238845
 30
0.0
 40
0.1333
  1
1.11
  7
CN_TTF
 11
470057.26012912515
 21
4349656.8691238845
 31
0.0
100
AcDbText
  0
LWPOLYLINE
  5
862
330
17
100
AcDbEntity
  8
爆区方格网
 62
5
100
AcDbPolyline
 90
5
 70
1
 10
470056.9201291251
 20
4349657.439123885
 10
470056.9201291251
 20
4349658.439123885
 10
470057.9201291251
 20
4349658.439123885
 10
470057.9201291251
 20
4349657.439123885
 10
470056.9201291251
 20
4349657.439123885
  0
TEXT
  5
863
330
17
100
AcDbEntity
  8
0
 62
5
100
AcDbText
 10
470057.26012912515
 20
4349657.8691238845
 30
0.0
 40
0.1333
  1
1.11
  7
CN_TTF
 11
470057.26012912515
 21
4349657.8691238845
 31
0.0
100
AcDbText
  0
LWPOLYLINE
  5
864
330
17
100
AcDbEntity
  8
爆区方格网
 62
5
100
AcDbPolyline
 90
5
 70
1
 10
470056.9201291251
 20
4349658.439123885
 10
470056.9201291251
 20
4349659.439123885
 10
470057.9201291251
 20
4349659.439123885
 10
470057.9201291251
 20
4349658.439123885
 10
470056.9201291251
 20
4349658.439123885
  0
TEXT
  5
865
330
17
100
AcDbEntity
  8
0
 62
5
100
AcDbText
 10
470057.26012912515
 20
4349658.8691238845
 30
0.0
 40
0.1333
  1
1.11
  7
CN_TTF
 11
470057.26012912515
 21
4349658.8691238845
 31
0.0
100
AcDbText
  0
LWPOLYLINE
  5
866
330
17
100
AcDbEntity
  8
爆区方格网
 62
5
100
AcDbPolyline
 90
5
 70
1
 10
470057.9201291251
 20
4349659.439123885
 10
470056.9201291251
 20
4349659.439123885
 10
470056.9201291251
 20
4349660.128354723
 10
470057.9201291251
 20
4349660.291448028
 10
470057.9201291251
 20
4349659.439123885
  0
TEXT
  5
867
330
17
100
AcDbEntity
  8
0
 62
5
100
AcDbText
 10
470057.26012912515
 20
4349659.713739304
 30
0.0
 40
0.1333
  1
1.11
  7
CN_TTF
 11
470057.26012912515
 21
4349659.713739304
 31
0.0
100
AcDbText
  0
LWPOLYLINE
  5
868
330
17
100
AcDbEntity
  8
爆区方格网
 62
5
100
AcDbPolyline
 90
5
 70
1
 10
470057.9201291251
 20
4349655.439123885
 10
470057.9201291251
 20
4349656.439123885
 10
470058.9201291251
 20
4349656.439123885
 10
470058.9201291251
 20
4349655.439123885
 10
470057.9201291251
 20
4349655.439123885
  0
TEXT
  5
869
330
17
100
AcDbEntity
  8
0
 62
5
100
AcDbText
 10
470058.26012912515
 20
4349655.8691238845
 30
0.0
 40
0.1333
  1
1.11
  7
CN_TTF
 11
470058.26012912515
 21
4349655.8691238845
 31
0.0
100
AcDbText
  0
LWPOLYLINE
  5
86A
330
17
100
AcDbEntity
  8
爆区方格网
 62
5
100
AcDbPolyline
 90
5
 70
1
 10
470057.9201291251
 20
4349656.439123885
 10
470057.9201291251
 20
4349657.439123885
 10
470058.9201291251
 20
4349657.439123885
 10
470058.9201291251
 20
4349656.439123885
 10
470057.9201291251
 20
4349656.439123885
  0
TEXT
  5
86B
330
17
100
AcDbEntity
  8
0
 62
5
100
AcDbText
 10
470058.26012912515
 20
4349656.8691238845
 30
0.0
 40
0.1333
  1
1.11
  7
CN_TTF
 11
470058.26012912515
 21
4349656.8691238845
 31
0.0
100
AcDbText
  0
LWPOLYLINE
  5
86C
330
17
100
AcDbEntity
  8
爆区方格网
 62
5
100
AcDbPolyline
 90
5
 70
1
 10
470057.9201291251
 20
4349657.439123885
 10
470057.9201291251
 20
4349658.439123885
 10
470058.9201291251
 20
4349658.439123885
 10
470058.9201291251
 20
4349657.439123885
 10
470057.9201291251
 20
4349657.439123885
  0
TEXT
  5
86D
330
17
100
AcDbEntity
  8
0
 62
5
100
AcDbText
 10
470058.26012912515
 20
4349657.8691238845
 30
0.0
 40
0.1333
  1
1.11
  7
CN_TTF
 11
470058.26012912515
 21
4349657.8691238845
 31
0.0
100
AcDbText
  0
LWPOLYLINE
  5
86E
330
17
100
AcDbEntity
  8
爆区方格网
 62
5
100
AcDbPolyline
 90
5
 70
1
 10
470057.9201291251
 20
4349658.439123885
 10
470057.9201291251
 20
4349659.439123885
 10
470058.9201291251
 20
4349659.439123885
 10
470058.9201291251
 20
4349658.439123885
 10
470057.9201291251
 20
4349658.439123885
  0
TEXT
  5
86F
330
17
100
AcDbEntity
  8
0
 62
5
100
AcDbText
 10
470058.26012912515
 20
4349658.8691238845
 30
0.0
 40
0.1333
  1
1.11
  7
CN_TTF
 11
470058.26012912515
 21
4349658.8691238845
 31
0.0
100
AcDbText
  0
LWPOLYLINE
  5
870
330
17
100
AcDbEntity
  8
爆区方格网
 62
5
100
AcDbPolyline
 90
6
 70
1
 10
470058.9201291251
 20
4349660.439123885
 10
470058.9201291251
 20
4349659.439123885
 10
470057.9201291251
 20
4349659.439123885
 10
470057.9201291251
 20
4349660.291448028
 10
470058.825597665
 20
4349660.439123885
 10
470058.9201291251
 20
4349660.439123885
  0
TEXT
  5
871
330
17
100
AcDbEntity
  8
0
 62
5
100
AcDbText
 10
470058.26012912515
 20
4349659.795285956
 30
0.0
 40
0.1333
  1
1.11
  7
CN_TTF
 11
470058.26012912515
 21
4349659.795285956
 31
0.0
100
AcDbText
  0
LWPOLYLINE
  5
872
330
17
100
AcDbEntity
  8
爆区方格网
 62
5
100
AcDbPolyline
 90
5
 70
1
 10
470058.9201291251
 20
4349655.439123885
 10
470058.9201291251
 20
4349656.439123885
 10
470059.9201291251
 20
4349656.439123885
 10
470059.9201291251
 20
4349655.439123885
 10
470058.9201291251
 20
4349655.439123885
  0
TEXT
  5
873
330
17
100
AcDbEntity
  8
0
 62
5
100
AcDbText
 10
470059.26012912515
 20
4349655.8691238845
 30
0.0
 40
0.1333
  1
1.11
  7
CN_TTF
 11
470059.26012912515
 21
4349655.8691238845
 31
0.0
100
AcDbText
  0
LWPOLYLINE
  5
874
330
17
100
AcDbEntity
  8
爆区方格网
 62
5
100
AcDbPolyline
 90
5
 70
1
 10
470058.9201291251
 20
4349656.439123885
 10
470058.9201291251
 20
4349657.439123885
 10
470059.9201291251
 20
4349657.439123885
 10
470059.9201291251
 20
4349656.439123885
 10
470058.9201291251
 20
4349656.439123885
  0
TEXT
  5
875
330
17
100
AcDbEntity
  8
0
 62
5
100
AcDbText
 10
470059.26012912515
 20
4349656.8691238845
 30
0.0
 40
0.1333
  1
1.11
  7
CN_TTF
 11
470059.26012912515
 21
4349656.8691238845
 31
0.0
100
AcDbText
  0
LWPOLYLINE
  5
876
330
17
100
AcDbEntity
  8
爆区方格网
 62
5
100
AcDbPolyline
 90
5
 70
1
 10
470058.9201291251
 20
4349657.439123885
 10
470058.9201291251
 20
4349658.439123885
 10
470059.9201291251
 20
4349658.439123885
 10
470059.9201291251
 20
4349657.439123885
 10
470058.9201291251
 20
4349657.439123885
  0
TEXT
  5
877
330
17
100
AcDbEntity
  8
0
 62
5
100
AcDbText
 10
470059.26012912515
 20
4349657.8691238845
 30
0.0
 40
0.1333
  1
1.11
  7
CN_TTF
 11
470059.26012912515
 21
4349657.8691238845
 31
0.0
100
AcDbText
  0
LWPOLYLINE
  5
878
330
17
100
AcDbEntity
  8
爆区方格网
 62
5
100
AcDbPolyline
 90
5
 70
1
 10
470058.9201291251
 20
4349658.439123885
 10
470058.9201291251
 20
4349659.439123885
 10
470059.9201291251
 20
4349659.439123885
 10
470059.9201291251
 20
4349658.439123885
 10
470058.9201291251
 20
4349658.439123885
  0
TEXT
  5
879
330
17
100
AcDbEntity
  8
0
 62
5
100
AcDbText
 10
470059.26012912515
 20
4349658.8691238845
 30
0.0
 40
0.1333
  1
1.11
  7
CN_TTF
 11
470059.26012912515
 21
4349658.8691238845
 31
0.0
100
AcDbText
  0
LWPOLYLINE
  5
87A
330
17
100
AcDbEntity
  8
爆区方格网
 62
5
100
AcDbPolyline
 90
5
 70
1
 10
470058.9201291251
 20
4349659.439123885
 10
470058.9201291251
 20
4349660.439123885
 10
470059.9201291251
 20
4349660.439123885
 10
470059.9201291251
 20
4349659.439123885
 10
470058.9201291251
 20
4349659.439123885
  0
TEXT
  5
87B
330
17
100
AcDbEntity
  8
0
 62
5
100
AcDbText
 10
470059.26012912515
 20
4349659.8691238845
 30
0.0
 40
0.1333
  1
1.11
  7
CN_TTF
 11
470059.26012912515
 21
4349659.8691238845
 31
0.0
100
AcDbText
  0
LWPOLYLINE
  5
87C
330
17
100
AcDbEntity
  8
爆区方格网
 62
5
100
AcDbPolyline
 90
7
 70
1
 10
470059.9201291251
 20
4349655.439123885
 10
470059.9201291251
 20
4349656.439123885
 10
470060.9201291251
 20
4349656.439123885
 10
470060.9201291251
 20
4349655.564360032
 10
470060.8835
 20
4349655.555
 10
470060.2277270236
 20
4349655.439123885
 10
470059.9201291251
 20
4349655.439123885
  0
TEXT
  5
87D
330
17
100
AcDbEntity
  8
0
 62
5
100
AcDbText
 10
470060.26012912515
 20
4349655.9317419585
 30
0.0
 40
0.1333
  1
1.11
  7
CN_TTF
 11
470060.26012912515
 21
4349655.9317419585
 31
0.0
100
AcDbText
  0
LWPOLYLINE
  5
87E
330
17
100
AcDbEntity
  8
爆区方格网
 62
5
100
AcDbPolyline
 90
5
 70
1
 10
470059.9201291251
 20
4349656.439123885
 10
470059.9201291251
 20
4349657.439123885
 10
470060.9201291251
 20
4349657.439123885
 10
470060.9201291251
 20
4349656.439123885
 10
470059.9201291251
 20
4349656.439123885
  0
TEXT
  5
87F
330
17
100
AcDbEntity
  8
0
 62
5
100
AcDbText
 10
470060.26012912515
 20
4349656.8691238845
 30
0.0
 40
0.1333
  1
1.11
  7
CN_TTF
 11
470060.26012912515
 21
4349656.8691238845
 31
0.0
100
AcDbText
  0
LWPOLYLINE
  5
880
330
17
100
AcDbEntity
  8
爆区方格网
 62
5
100
AcDbPolyline
 90
5
 70
1
 10
470059.9201291251
 20
4349657.439123885
 10
470059.9201291251
 20
4349658.439123885
 10
470060.9201291251
 20
4349658.439123885
 10
470060.9201291251
 20
4349657.439123885
 10
470059.9201291251
 20
4349657.439123885
  0
TEXT
  5
881
330
17
100
AcDbEntity
  8
0
 62
5
100
AcDbText
 10
470060.26012912515
 20
4349657.8691238845
 30
0.0
 40
0.1333
  1
1.11
  7
CN_TTF
 11
470060.26012912515
 21
4349657.8691238845
 31
0.0
100
AcDbText
  0
LWPOLYLINE
  5
882
330
17
100
AcDbEntity
  8
爆区方格网
 62
5
100
AcDbPolyline
 90
5
 70
1
 10
470059.9201291251
 20
4349658.439123885
 10
470059.9201291251
 20
4349659.439123885
 10
470060.9201291251
 20
4349659.439123885
 10
470060.9201291251
 20
4349658.439123885
 10
470059.9201291251
 20
4349658.439123885
  0
TEXT
  5
883
330
17
100
AcDbEntity
  8
0
 62
5
100
AcDbText
 10
470060.26012912515
 20
4349658.8691238845
 30
0.0
 40
0.1333
  1
1.11
  7
CN_TTF
 11
470060.26012912515
 21
4349658.8691238845
 31
0.0
100
AcDbText
  0
LWPOLYLINE
  5
884
330
17
100
AcDbEntity
  8
爆区方格网
 62
5
100
AcDbPolyline
 90
5
 70
1
 10
470059.9201291251
 20
4349659.439123885
 10
470059.9201291251
 20
4349660.439123885
 10
470060.9201291251
 20
4349660.439123885
 10
470060.9201291251
 20
4349659.439123885
 10
470059.9201291251
 20
4349659.439123885
  0
TEXT
  5
885
330
17
100
AcDbEntity
  8
0
 62
5
100
AcDbText
 10
470060.26012912515
 20
4349659.8691238845
 30
0.0
 40
0.1333
  1
1.11
  7
CN_TTF
 11
470060.26012912515
 21
4349659.8691238845
 31
0.0
100
AcDbText
  0
LWPOLYLINE
  5
886
330
17
100
AcDbEntity
  8
爆区方格网
 62
5
100
AcDbPolyline
 90
7
 70
1
 10
470060.9201291251
 20
4349656.439123885
 10
470061.9201291251
 20
4349656.439123885
 10
470061.9201291251
 20
4349655.819895276
 10
470061.86759497214
 20
4349655.806470948
 10
470061.5270389084
 20
4349655.719446871
 10
470060.9201291251
 20
4349655.564360032
 10
470060.9201291251
 20
4349656.439123885
  0
TEXT
  5
887
330
17
100
AcDbEntity
  8
0
 62
5
100
AcDbText
 10
470061.26012912515
 20
4349656.05950958
 30
0.0
 40
0.1333
  1
1.11
  7
CN_TTF
 11
470061.26012912515
 21
4349656.05950958
 31
0.0
100
AcDbText
  0
LWPOLYLINE
  5
888
330
17
100
AcDbEntity
  8
爆区方格网
 62
5
100
AcDbPolyline
 90
5
 70
1
 10
470060.9201291251
 20
4349656.439123885
 10
470060.9201291251
 20
4349657.439123885
 10
470061.9201291251
 20
4349657.439123885
 10
470061.9201291251
 20
4349656.439123885
 10
470060.9201291251
 20
4349656.439123885
  0
TEXT
  5
889
330
17
100
AcDbEntity
  8
0
 62
5
100
AcDbText
 10
470061.26012912515
 20
4349656.8691238845
 30
0.0
 40
0.1333
  1
1.11
  7
CN_TTF
 11
470061.26012912515
 21
4349656.8691238845
 31
0.0
100
AcDbText
  0
LWPOLYLINE
  5
88A
330
17
100
AcDbEntity
  8
爆区方格网
 62
5
100
AcDbPolyline
 90
5
 70
1
 10
470060.9201291251
 20
4349657.439123885
 10
470060.9201291251
 20
4349658.439123885
 10
470061.9201291251
 20
4349658.439123885
 10
470061.9201291251
 20
4349657.439123885
 10
470060.9201291251
 20
4349657.439123885
  0
TEXT
  5
88B
330
17
100
AcDbEntity
  8
0
 62
5
100
AcDbText
 10
470061.26012912515
 20
4349657.8691238845
 30
0.0
 40
0.1333
  1
1.33
  7
CN_TTF
 11
470061.26012912515
 21
4349657.8691238845
 31
0.0
100
AcDbText
  0
LWPOLYLINE
  5
88C
330
17
100
AcDbEntity
  8
爆区方格网
 62
5
100
AcDbPolyline
 90
5
 70
1
 10
470060.9201291251
 20
4349658.439123885
 10
470060.9201291251
 20
4349659.439123885
 10
470061.9201291251
 20
4349659.439123885
 10
470061.9201291251
 20
4349658.439123885
 10
470060.9201291251
 20
4349658.439123885
  0
TEXT
  5
88D
330
17
100
AcDbEntity
  8
0
 62
5
100
AcDbText
 10
470061.26012912515
 20
4349658.8691238845
 30
0.0
 40
0.1333
  1
1.33
  7
CN_TTF
 11
470061.26012912515
 21
4349658.8691238845
 31
0.0
100
AcDbText
  0
LWPOLYLINE
  5
88E
330
17
100
AcDbEntity
  8
爆区方格网
 62
5
100
AcDbPolyline
 90
5
 70
1
 10
470060.9201291251
 20
4349659.439123885
 10
470060.9201291251
 20
4349660.439123885
 10
470061.9201291251
 20
4349660.439123885
 10
470061.9201291251
 20
4349659.439123885
 10
470060.9201291251
 20
4349659.439123885
  0
TEXT
  5
88F
330
17
100
AcDbEntity
  8
0
 62
5
100
AcDbText
 10
470061.26012912515
 20
4349659.8691238845
 30
0.0
 40
0.1333
  1
1.33
  7
CN_TTF
 11
470061.26012912515
 21
4349659.8691238845
 31
0.0
100
AcDbText
  0
LWPOLYLINE
  5
890
330
17
100
AcDbEntity
  8
爆区方格网
 62
5
100
AcDbPolyline
 90
5
 70
1
 10
470061.9201291251
 20
4349656.439123885
 10
470061.9201291251
 20
4349657.439123885
 10
470062.9201291251
 20
4349657.439123885
 10
470062.9201291251
 20
4349656.439123885
 10
470061.9201291251
 20
4349656.439123885
  0
TEXT
  5
891
330
17
100
AcDbEntity
  8
0
 62
5
100
AcDbText
 10
470062.26012912515
 20
4349656.8691238845
 30
0.0
 40
0.1333
  1
1.33
  7
CN_TTF
 11
470062.26012912515
 21
4349656.8691238845
 31
0.0
100
AcDbText
  0
LWPOLYLINE
  5
892
330
17
100
AcDbEntity
  8
爆区方格网
 62
5
100
AcDbPolyline
 90
5
 70
1
 10
470061.9201291251
 20
4349657.439123885
 10
470061.9201291251
 20
4349658.439123885
 10
470062.9201291251
 20
4349658.439123885
 10
470062.9201291251
 20
4349657.439123885
 10
470061.9201291251
 20
4349657.439123885
  0
TEXT
  5
893
330
17
100
AcDbEntity
  8
0
 62
5
100
AcDbText
 10
470062.26012912515
 20
4349657.8691238845
 30
0.0
 40
0.1333
  1
1.33
  7
CN_TTF
 11
470062.26012912515
 21
4349657.8691238845
 31
0.0
100
AcDbText
  0
LWPOLYLINE
  5
894
330
17
100
AcDbEntity
  8
爆区方格网
 62
5
100
AcDbPolyline
 90
5
 70
1
 10
470061.9201291251
 20
4349658.439123885
 10
470061.9201291251
 20
4349659.439123885
 10
470062.9201291251
 20
4349659.439123885
 10
470062.9201291251
 20
4349658.439123885
 10
470061.9201291251
 20
4349658.439123885
  0
TEXT
  5
895
330
17
100
AcDbEntity
  8
0
 62
5
100
AcDbText
 10
470062.26012912515
 20
4349658.8691238845
 30
0.0
 40
0.1333
  1
1.33
  7
CN_TTF
 11
470062.26012912515
 21
4349658.8691238845
 31
0.0
100
AcDbText
  0
LWPOLYLINE
  5
896
330
17
100
AcDbEntity
  8
爆区方格网
 62
5
100
AcDbPolyline
 90
5
 70
1
 10
470061.9201291251
 20
4349659.439123885
 10
470061.9201291251
 20
4349660.439123885
 10
470062.9201291251
 20
4349660.439123885
 10
470062.9201291251
 20
4349659.439123885
 10
470061.9201291251
 20
4349659.439123885
  0
TEXT
  5
897
330
17
100
AcDbEntity
  8
0
 62
5
100
AcDbText
 10
470062.26012912515
 20
4349659.8691238845
 30
0.0
 40
0.1333
  1
1.33
  7
CN_TTF
 11
470062.26012912515
 21
4349659.8691238845
 31
0.0
100
AcDbText
  0
LWPOLYLINE
  5
898
330
17
100
AcDbEntity
  8
爆区方格网
 62
5
100
AcDbPolyline
 90
5
 70
1
 10
470062.9201291251
 20
4349660.439123885
 10
470061.9201291251
 20
4349660.439123885
 10
470061.9201291251
 20
4349660.943821249
 10
470062.9201291251
 20
4349661.106914553
 10
470062.9201291251
 20
4349660.439123885
  0
TEXT
  5
899
330
17
100
AcDbEntity
  8
0
 62
5
100
AcDbText
 10
470062.26012912515
 20
4349660.621472566
 30
0.0
 40
0.1333
  1
1.33
  7
CN_TTF
 11
470062.26012912515
 21
4349660.621472566
 31
0.0
100
AcDbText
  0
LWPOLYLINE
  5
89A
330
17
100
AcDbEntity
  8
爆区方格网
 62
5
100
AcDbPolyline
 90
5
 70
1
 10
470062.9201291251
 20
4349656.439123885
 10
470062.9201291251
 20
4349657.439123885
 10
470063.9201291251
 20
4349657.439123885
 10
470063.9201291251
 20
4349656.439123885
 10
470062.9201291251
 20
4349656.439123885
  0
TEXT
  5
89B
330
17
100
AcDbEntity
  8
0
 62
5
100
AcDbText
 10
470063.26012912515
 20
4349656.8691238845
 30
0.0
 40
0.1333
  1
1.33
  7
CN_TTF
 11
470063.26012912515
 21
4349656.8691238845
 31
0.0
100
AcDbText
  0
LWPOLYLINE
  5
89C
330
17
100
AcDbEntity
  8
爆区方格网
 62
5
100
AcDbPolyline
 90
5
 70
1
 10
470062.9201291251
 20
4349657.439123885
 10
470062.9201291251
 20
4349658.439123885
 10
470063.9201291251
 20
4349658.439123885
 10
470063.9201291251
 20
4349657.439123885
 10
470062.9201291251
 20
4349657.439123885
  0
TEXT
  5
89D
330
17
100
AcDbEntity
  8
0
 62
5
100
AcDbText
 10
470063.26012912515
 20
4349657.8691238845
 30
0.0
 40
0.1333
  1
1.33
  7
CN_TTF
 11
470063.26012912515
 21
4349657.8691238845
 31
0.0
100
AcDbText
  0
LWPOLYLINE
  5
89E
330
17
100
AcDbEntity
  8
爆区方格网
 62
5
100
AcDbPolyline
 90
5
 70
1
 10
470062.9201291251
 20
4349658.439123885
 10
470062.9201291251
 20
4349659.439123885
 10
470063.9201291251
 20
4349659.439123885
 10
470063.9201291251
 20
4349658.439123885
 10
470062.9201291251
 20
4349658.439123885
  0
TEXT
  5
89F
330
17
100
AcDbEntity
  8
0
 62
5
100
AcDbText
 10
470063.26012912515
 20
4349658.8691238845
 30
0.0
 40
0.1333
  1
1.33
  7
CN_TTF
 11
470063.26012912515
 21
4349658.8691238845
 31
0.0
100
AcDbText
  0
LWPOLYLINE
  5
8A0
330
17
100
AcDbEntity
  8
爆区方格网
 62
5
100
AcDbPolyline
 90
5
 70
1
 10
470062.9201291251
 20
4349659.439123885
 10
470062.9201291251
 20
4349660.439123885
 10
470063.9201291251
 20
4349660.439123885
 10
470063.9201291251
 20
4349659.439123885
 10
470062.9201291251
 20
4349659.439123885
  0
TEXT
  5
8A1
330
17
100
AcDbEntity
  8
0
 62
5
100
AcDbText
 10
470063.26012912515
 20
4349659.8691238845
 30
0.0
 40
0.1333
  1
1.33
  7
CN_TTF
 11
470063.26012912515
 21
4349659.8691238845
 31
0.0
100
AcDbText
  0
LWPOLYLINE
  5
8A2
330
17
100
AcDbEntity
  8
爆区方格网
 62
5
100
AcDbPolyline
 90
5
 70
1
 10
470063.9201291251
 20
4349660.439123885
 10
470062.9201291251
 20
4349660.439123885
 10
470062.9201291251
 20
4349661.106914553
 10
470063.9201291251
 20
4349661.270007858
 10
470063.9201291251
 20
4349660.439123885
  0
TEXT
  5
8A3
330
17
100
AcDbEntity
  8
0
 62
5
100
AcDbText
 10
470063.26012912515
 20
4349660.7030192185
 30
0.0
 40
0.1333
  1
1.33
  7
CN_TTF
 11
470063.26012912515
 21
4349660.7030192185
 31
0.0
100
AcDbText
  0
LWPOLYLINE
  5
8A4
330
17
100
AcDbEntity
  8
爆区方格网
 62
5
100
AcDbPolyline
 90
5
 70
1
 10
470063.9201291251
 20
4349656.439123885
 10
470063.9201291251
 20
4349657.439123885
 10
470064.9201291251
 20
4349657.439123885
 10
470064.9201291251
 20
4349656.439123885
 10
470063.9201291251
 20
4349656.439123885
  0
TEXT
  5
8A5
330
17
100
AcDbEntity
  8
0
 62
5
100
AcDbText
 10
470064.26012912515
 20
4349656.8691238845
 30
0.0
 40
0.1333
  1
1.33
  7
CN_TTF
 11
470064.26012912515
 21
4349656.8691238845
 31
0.0
100
AcDbText
  0
LWPOLYLINE
  5
8A6
330
17
100
AcDbEntity
  8
爆区方格网
 62
5
100
AcDbPolyline
 90
5
 70
1
 10
470063.9201291251
 20
4349657.439123885
 10
470063.9201291251
 20
4349658.439123885
 10
470064.9201291251
 20
4349658.439123885
 10
470064.9201291251
 20
4349657.439123885
 10
470063.9201291251
 20
4349657.439123885
  0
TEXT
  5
8A7
330
17
100
AcDbEntity
  8
0
 62
5
100
AcDbText
 10
470064.26012912515
 20
4349657.8691238845
 30
0.0
 40
0.1333
  1
1.33
  7
CN_TTF
 11
470064.26012912515
 21
4349657.8691238845
 31
0.0
100
AcDbText
  0
LWPOLYLINE
  5
8A8
330
17
100
AcDbEntity
  8
爆区方格网
 62
5
100
AcDbPolyline
 90
5
 70
1
 10
470063.9201291251
 20
4349658.439123885
 10
470063.9201291251
 20
4349659.439123885
 10
470064.9201291251
 20
4349659.439123885
 10
470064.9201291251
 20
4349658.439123885
 10
470063.9201291251
 20
4349658.439123885
  0
TEXT
  5
8A9
330
17
100
AcDbEntity
  8
0
 62
5
100
AcDbText
 10
470064.26012912515
 20
4349658.8691238845
 30
0.0
 40
0.1333
  1
1.33
  7
CN_TTF
 11
470064.26012912515
 21
4349658.8691238845
 31
0.0
100
AcDbText
  0
LWPOLYLINE
  5
8AA
330
17
100
AcDbEntity
  8
爆区方格网
 62
5
100
AcDbPolyline
 90
5
 70
1
 10
470063.9201291251
 20
4349659.439123885
 10
470063.9201291251
 20
4349660.439123885
 10
470064.9201291251
 20
4349660.439123885
 10
470064.9201291251
 20
4349659.439123885
 10
470063.9201291251
 20
4349659.439123885
  0
TEXT
  5
8AB
330
17
100
AcDbEntity
  8
0
 62
5
100
AcDbText
 10
470064.26012912515
 20
4349659.8691238845
 30
0.0
 40
0.1333
  1
1.33
  7
CN_TTF
 11
470064.26012912515
 21
4349659.8691238845
 31
0.0
100
AcDbText
  0
LWPOLYLINE
  5
8AC
330
17
100
AcDbEntity
  8
爆区方格网
 62
5
100
AcDbPolyline
 90
6
 70
1
 10
470064.9201291251
 20
4349660.439123885
 10
470063.9201291251
 20
4349660.439123885
 10
470063.9201291251
 20
4349661.270007858
 10
470064.48360230273
 20
4349661.361906561
 10
470064.9201291251
 20
4349661.101339798
 10
470064.9201291251
 20
4349660.439123885
  0
TEXT
  5
8AD
330
17
100
AcDbEntity
  8
0
 62
5
100
AcDbText
 10
470064.26012912515
 20
4349660.700231841
 30
0.0
 40
0.1333
  1
1.33
  7
CN_TTF
 11
470064.26012912515
 21
4349660.700231841
 31
0.0
100
AcDbText
  0
LWPOLYLINE
  5
8AE
330
17
100
AcDbEntity
  8
爆区方格网
 62
5
100
AcDbPolyline
 90
5
 70
1
 10
470064.9201291251
 20
4349656.439123885
 10
470065.9201291251
 20
4349656.439123885
 10
470065.9201291251
 20
4349655.632516255
 10
470064.9201291251
 20
4349655.846673961
 10
470064.9201291251
 20
4349656.439123885
  0
TEXT
  5
8AF
330
17
100
AcDbEntity
  8
0
 62
5
100
AcDbText
 10
470065.26012912515
 20
4349656.0728989225
 30
0.0
 40
0.1333
  1
1.33
  7
CN_TTF
 11
470065.26012912515
 21
4349656.0728989225
 31
0.0
100
AcDbText
  0
LWPOLYLINE
  5
8B0
330
17
100
AcDbEntity
  8
爆区方格网
 62
5
100
AcDbPolyline
 90
5
 70
1
 10
470064.9201291251
 20
4349656.439123885
 10
470064.9201291251
 20
4349657.439123885
 10
470065.9201291251
 20
4349657.439123885
 10
470065.9201291251
 20
4349656.439123885
 10
470064.9201291251
 20
4349656.439123885
  0
TEXT
  5
8B1
330
17
100
AcDbEntity
  8
0
 62
5
100
AcDbText
 10
470065.26012912515
 20
4349656.8691238845
 30
0.0
 40
0.1333
  1
1.33
  7
CN_TTF
 11
470065.26012912515
 21
4349656.8691238845
 31
0.0
100
AcDbText
  0
LWPOLYLINE
  5
8B2
330
17
100
AcDbEntity
  8
爆区方格网
 62
5
100
AcDbPolyline
 90
5
 70
1
 10
470064.9201291251
 20
4349657.439123885
 10
470064.9201291251
 20
4349658.439123885
 10
470065.9201291251
 20
4349658.439123885
 10
470065.9201291251
 20
4349657.439123885
 10
470064.9201291251
 20
4349657.439123885
  0
TEXT
  5
8B3
330
17
100
AcDbEntity
  8
0
 62
5
100
AcDbText
 10
470065.26012912515
 20
4349657.8691238845
 30
0.0
 40
0.1333
  1
1.33
  7
CN_TTF
 11
470065.26012912515
 21
4349657.8691238845
 31
0.0
100
AcDbText
  0
LWPOLYLINE
  5
8B4
330
17
100
AcDbEntity
  8
爆区方格网
 62
5
100
AcDbPolyline
 90
5
 70
1
 10
470064.9201291251
 20
4349658.439123885
 10
470064.9201291251
 20
4349659.439123885
 10
470065.9201291251
 20
4349659.439123885
 10
470065.9201291251
 20
4349658.439123885
 10
470064.9201291251
 20
4349658.439123885
  0
TEXT
  5
8B5
330
17
100
AcDbEntity
  8
0
 62
5
100
AcDbText
 10
470065.26012912515
 20
4349658.8691238845
 30
0.0
 40
0.1333
  1
1.33
  7
CN_TTF
 11
470065.26012912515
 21
4349658.8691238845
 31
0.0
100
AcDbText
  0
LWPOLYLINE
  5
8B6
330
17
100
AcDbEntity
  8
爆区方格网
 62
5
100
AcDbPolyline
 90
5
 70
1
 10
470064.9201291251
 20
4349659.439123885
 10
470064.9201291251
 20
4349660.439123885
 10
470065.9201291251
 20
4349660.439123885
 10
470065.9201291251
 20
4349659.439123885
 10
470064.9201291251
 20
4349659.439123885
  0
TEXT
  5
8B7
330
17
100
AcDbEntity
  8
0
 62
5
100
AcDbText
 10
470065.26012912515
 20
4349659.8691238845
 30
0.0
 40
0.1333
  1
1.33
  7
CN_TTF
 11
470065.26012912515
 21
4349659.8691238845
 31
0.0
100
AcDbText
  0
LWPOLYLINE
  5
8B8
330
17
100
AcDbEntity
  8
爆区方格网
 62
5
100
AcDbPolyline
 90
7
 70
1
 10
470065.9201291251
 20
4349661.439123885
 10
470065.9201291251
 20
4349660.439123885
 10
470064.9201291251
 20
4349660.439123885
 10
470064.9201291251
 20
4349661.101339798
 10
470065.29737480794
 20
4349660.876158479
 10
470065.21074572427
 20
4349661.439123885
 10
470065.9201291251
 20
4349661.439123885
  0
TEXT
  5
8B9
330
17
100
AcDbEntity
  8
0
 62
5
100
AcDbText
 10
470065.44008924445
 20
4349660.918749139
 30
0.0
 40
0.1333
  1
1.33
  7
CN_TTF
 11
470065.44008924445
 21
4349660.918749139
 31
0.0
100
AcDbText
  0
LWPOLYLINE
  5
8BA
330
17
100
AcDbEntity
  8
爆区方格网
 62
5
100
AcDbPolyline
 90
6
 70
1
 10
470065.9201291251
 20
4349656.439123885
 10
470065.9201291251
 20
4349657.439123885
 10
470066.9201291251
 20
4349657.439123885
 10
470066.9201291251
 20
4349656.985092875
 10
470066.6029019951
 20
4349656.439123885
 10
470065.9201291251
 20
4349656.439123885
  0
TEXT
  5
8BB
330
17
100
AcDbEntity
  8
0
 62
5
100
AcDbText
 10
470066.1808223425
 20
4349656.642108379
 30
0.0
 40
0.1333
  1
1.33
  7
CN_TTF
 11
470066.1808223425
 21
4349656.642108379
 31
0.0
100
AcDbText
  0
LWPOLYLINE
  5
8BC
330
17
100
AcDbEntity
  8
爆区方格网
 62
5
100
AcDbPolyline
 90
5
 70
1
 10
470065.9201291251
 20
4349657.439123885
 10
470065.9201291251
 20
4349658.439123885
 10
470066.9201291251
 20
4349658.439123885
 10
470066.9201291251
 20
4349657.439123885
 10
470065.9201291251
 20
4349657.439123885
  0
TEXT
  5
8BD
330
17
100
AcDbEntity
  8
0
 62
5
100
AcDbText
 10
470066.26012912515
 20
4349657.8691238845
 30
0.0
 40
0.1333
  1
1.33
  7
CN_TTF
 11
470066.26012912515
 21
4349657.8691238845
 31
0.0
100
AcDbText
  0
LWPOLYLINE
  5
8BE
330
17
100
AcDbEntity
  8
爆区方格网
 62
5
100
AcDbPolyline
 90
5
 70
1
 10
470065.9201291251
 20
4349658.439123885
 10
470065.9201291251
 20
4349659.439123885
 10
470066.9201291251
 20
4349659.439123885
 10
470066.9201291251
 20
4349658.439123885
 10
470065.9201291251
 20
4349658.439123885
  0
TEXT
  5
8BF
330
17
100
AcDbEntity
  8
0
 62
5
100
AcDbText
 10
470066.26012912515
 20
4349658.8691238845
 30
0.0
 40
0.1333
  1
1.33
  7
CN_TTF
 11
470066.26012912515
 21
4349658.8691238845
 31
0.0
100
AcDbText
  0
LWPOLYLINE
  5
8C0
330
17
100
AcDbEntity
  8
爆区方格网
 62
5
100
AcDbPolyline
 90
5
 70
1
 10
470065.9201291251
 20
4349659.439123885
 10
470065.9201291251
 20
4349660.439123885
 10
470066.9201291251
 20
4349660.439123885
 10
470066.9201291251
 20
4349659.439123885
 10
470065.9201291251
 20
4349659.439123885
  0
TEXT
  5
8C1
330
17
100
AcDbEntity
  8
0
 62
5
100
AcDbText
 10
470066.26012912515
 20
4349659.8691238845
 30
0.0
 40
0.1333
  1
1.33
  7
CN_TTF
 11
470066.26012912515
 21
4349659.8691238845
 31
0.0
100
AcDbText
  0
LWPOLYLINE
  5
8C2
330
17
100
AcDbEntity
  8
爆区方格网
 62
5
100
AcDbPolyline
 90
5
 70
1
 10
470065.9201291251
 20
4349660.439123885
 10
470065.9201291251
 20
4349661.439123885
 10
470066.9201291251
 20
4349661.439123885
 10
470066.9201291251
 20
4349660.439123885
 10
470065.9201291251
 20
4349660.439123885
  0
TEXT
  5
8C3
330
17
100
AcDbEntity
  8
0
 62
5
100
AcDbText
 10
470066.26012912515
 20
4349660.8691238845
 30
0.0
 40
0.1333
  1
1.33
  7
CN_TTF
 11
470066.26012912515
 21
4349660.8691238845
 31
0.0
100
AcDbText
  0
LWPOLYLINE
  5
8C4
330
17
100
AcDbEntity
  8
爆区方格网
 62
5
100
AcDbPolyline
 90
5
 70
1
 10
470066.9201291251
 20
4349657.439123885
 10
470066.9201291251
 20
4349658.439123885
 10
470067.76497213513
 20
4349658.439123885
 10
470067.1839370651
 20
4349657.439123885
 10
470066.9201291251
 20
4349657.439123885
  0
TEXT
  5
8C5
330
17
100
AcDbEntity
  8
0
 62
5
100
AcDbText
 10
470067.03729186265
 20
4349657.8691238845
 30
0.0
 40
0.1333
  1
1.33
  7
CN_TTF
 11
470067.03729186265
 21
4349657.8691238845
 31
0.0
100
AcDbText
  0
LWPOLYLINE
  5
8C6
330
17
100
AcDbEntity
  8
爆区方格网
 62
5
100
AcDbPolyline
 90
6
 70
1
 10
470066.9201291251
 20
4349658.439123885
 10
470066.9201291251
 20
4349659.439123885
 10
470067.9201291251
 20
4349659.439123885
 10
470067.9201291251
 20
4349658.706159384
 10
470067.76497213513
 20
4349658.439123885
 10
470066.9201291251
 20
4349658.439123885
  0
TEXT
  5
8C7
330
17
100
AcDbEntity
  8
0
 62
5
100
AcDbText
 10
470067.26012912515
 20
4349659.002641634
 30
0.0
 40
0.1333
  1
1.33
  7
CN_TTF
 11
470067.26012912515
 21
4349659.002641634
 31
0.0
100
AcDbText
  0
LWPOLYLINE
  5
8C8
330
17
100
AcDbEntity
  8
爆区方格网
 62
5
100
AcDbPolyline
 90
5
 70
1
 10
470066.9201291251
 20
4349659.439123885
 10
470066.9201291251
 20
4349660.439123885
 10
470067.9201291251
 20
4349660.439123885
 10
470067.9201291251
 20
4349659.439123885
 10
470066.9201291251
 20
4349659.439123885
  0
TEXT
  5
8C9
330
17
100
AcDbEntity
  8
0
 62
5
100
AcDbText
 10
470067.26012912515
 20
4349659.8691238845
 30
0.0
 40
0.1333
  1
1.33
  7
CN_TTF
 11
470067.26012912515
 21
4349659.8691238845
 31
0.0
100
AcDbText
  0
LWPOLYLINE
  5
8CA
330
17
100
AcDbEntity
  8
爆区方格网
 62
5
100
AcDbPolyline
 90
6
 70
1
 10
470067.9201291251
 20
4349660.439123885
 10
470066.9201291251
 20
4349660.439123885
 10
470066.9201291251
 20
4349661.439123885
 10
470067.82121680694
 20
4349661.439123885
 10
470067.9201291251
 20
4349660.810976712
 10
470067.9201291251
 20
4349660.439123885
  0
TEXT
  5
8CB
330
17
100
AcDbEntity
  8
0
 62
5
100
AcDbText
 10
470067.2354010456
 20
4349661.055050299
 30
0.0
 40
0.1333
  1
1.33
  7
CN_TTF
 11
470067.2354010456
 21
4349661.055050299
 31
0.0
100
AcDbText
  0
LINE
  5
8CC
330
17
100
AcDbEntity
  8
点
 62
138
420
19532
100
AcDbLine
 10
470068.092
 20
4349643.299
 30
0.0
 11
470069.092
 21
4349643.299
 31
0.0
  0
LINE
  5
8CD
330
17
100
AcDbEntity
  8
点
 62
138
420
19532
100
AcDbLine
 10
470068.592
 20
4349642.799
 30
0.0
 11
470068.592
 21
4349643.799
 31
0.0
  0
LINE
  5
8CE
330
17
100
AcDbEntity
  8
钻孔
 62
1
370
35
100
AcDbLine
 10
470068.592
 20
4349643.299
 30
0.0
 11
470067.392
 21
4349643.299
 31
0.0
  0
TEXT
  5
8CF
330
17
100
AcDbEntity
  8
钻孔
 62
138
420
19532
100
AcDbText
 10
470066.312
 20
4349643.699
 30
0.0
 40
0.4
  1
BS-3940-0915-P1
  7
CN_TTF
 11
470066.312
 21
4349643.699
 31
0.0
100
AcDbText
  0
TEXT
  5
8D0
330
17
100
AcDbEntity
  8
钻孔
 62
1
100
AcDbText
 10
470065.402
 20
4349642.949
 30
0.0
 40
0.7
  1
2.23
  7
CN_TTF
 11
470065.402
 21
4349642.949
 31
0.0
100
AcDbText
  0
LINE
  5
8D1
330
17
100
AcDbEntity
  8
点
 62
138
420
19532
100
AcDbLine
 10
470060.658
 20
4349642.735
 30
0.0
 11
470061.658
 21
4349642.735
 31
0.0
  0
LINE
  5
8D2
330
17
100
AcDbEntity
  8
点
 62
138
420
19532
100
AcDbLine
 10
470061.158
 20
4349642.235
 30
0.0
 11
470061.158
 21
4349643.235
 31
0.0
  0
LINE
  5
8D3
330
17
100
AcDbEntity
  8
钻孔
 62
1
370
35
100
AcDbLine
 10
470061.158
 20
4349642.735
 30
0.0
 11
470059.958
 21
4349642.735
 31
0.0
  0
TEXT
  5
8D4
330
17
100
AcDbEntity
  8
钻孔
 62
138
420
19532
100
AcDbText
 10
470058.87799999997
 20
4349643.135000001
 30
0.0
 40
0.4
  1
BS-3940-0915-P2
  7
CN_TTF
 11
470058.87799999997
 21
4349643.135000001
 31
0.0
100
AcDbText
  0
TEXT
  5
8D5
330
17
100
AcDbEntity
  8
钻孔
 62
1
100
AcDbText
 10
470057.968
 20
4349642.385000001
 30
0.0
 40
0.7
  1
1.61
  7
CN_TTF
 11
470057.968
 21
4349642.385000001
 31
0.0
100
AcDbText
  0
LINE
  5
8D6
330
17
100
AcDbEntity
  8
点
 62
138
420
19532
100
AcDbLine
 10
470056.937
 20
4349644.451
 30
0.0
 11
470057.937
 21
4349644.451
 31
0.0
  0
LINE
  5
8D7
330
17
100
AcDbEntity
  8
点
 62
138
420
19532
100
AcDbLine
 10
470057.437
 20
4349643.951
 30
0.0
 11
470057.437
 21
4349644.951
 31
0.0
  0
LINE
  5
8D8
330
17
100
AcDbEntity
  8
钻孔
 62
5
370
35
100
AcDbLine
 10
470057.437
 20
4349644.451
 30
0.0
 11
470056.23699999996
 21
4349644.451
 31
0.0
  0
TEXT
  5
8D9
330
17
100
AcDbEntity
  8
钻孔
 62
138
420
19532
100
AcDbText
 10
470055.15699999995
 20
4349644.851000001
 30
0.0
 40
0.4
  1
BS-3940-0915-P3
  7
CN_TTF
 11
470055.15699999995
 21
4349644.851000001
 31
0.0
100
AcDbText
  0
TEXT
  5
8DA
330
17
100
AcDbEntity
  8
钻孔
 62
5
100
AcDbText
 10
470054.247
 20
4349644.101000001
 30
0.0
 40
0.7
  1
1.42
  7
CN_TTF
 11
470054.247
 21
4349644.101000001
 31
0.0
100
AcDbText
  0
LINE
  5
8DB
330
17
100
AcDbEntity
  8
点
 62
138
420
19532
100
AcDbLine
 10
470054.359
 20
4349642.006
 30
0.0
 11
470055.359
 21
4349642.006
 31
0.0
  0
LINE
  5
8DC
330
17
100
AcDbEntity
  8
点
 62
138
420
19532
100
AcDbLine
 10
470054.859
 20
4349641.506
 30
0.0
 11
470054.859
 21
4349642.506
 31
0.0
  0
LINE
  5
8DD
330
17
100
AcDbEntity
  8
钻孔
 62
1
370
35
100
AcDbLine
 10
470054.859
 20
4349642.006
 30
0.0
 11
470053.659
 21
4349642.006
 31
0.0
  0
TEXT
  5
8DE
330
17
100
AcDbEntity
  8
钻孔
 62
138
420
19532
100
AcDbText
 10
470052.57899999997
 20
4349642.406
 30
0.0
 40
0.4
  1
BS-3940-0915-P4
  7
CN_TTF
 11
470052.57899999997
 21
4349642.406
 31
0.0
100
AcDbText
  0
TEXT
  5
8DF
330
17
100
AcDbEntity
  8
钻孔
 62
1
100
AcDbText
 10
470051.669
 20
4349641.656
 30
0.0
 40
0.7
  1
1.74
  7
CN_TTF
 11
470051.669
 21
4349641.656
 31
0.0
100
AcDbText
  0
LINE
  5
8E0
330
17
100
AcDbEntity
  8
点
 62
138
420
19532
100
AcDbLine
 10
470047.007
 20
4349641.222
 30
0.0
 11
470048.007
 21
4349641.222
 31
0.0
  0
LINE
  5
8E1
330
17
100
AcDbEntity
  8
点
 62
138
420
19532
100
AcDbLine
 10
470047.507
 20
4349640.722
 30
0.0
 11
470047.507
 21
4349641.722
 31
0.0
  0
LINE
  5
8E2
330
17
100
AcDbEntity
  8
钻孔
 62
1
370
35
100
AcDbLine
 10
470047.507
 20
4349641.222
 30
0.0
 11
470046.307
 21
4349641.222
 31
0.0
  0
TEXT
  5
8E3
330
17
100
AcDbEntity
  8
钻孔
 62
138
420
19532
100
AcDbText
 10
470045.22699999996
 20
4349641.622
 30
0.0
 40
0.4
  1
BS-3940-0915-P5
  7
CN_TTF
 11
470045.22699999996
 21
4349641.622
 31
0.0
100
AcDbText
  0
TEXT
  5
8E4
330
17
100
AcDbEntity
  8
钻孔
 62
1
100
AcDbText
 10
470044.317
 20
4349640.872
 30
0.0
 40
0.7
  1
1.50
  7
CN_TTF
 11
470044.317
 21
4349640.872
 31
0.0
100
AcDbText
  0
LINE
  5
8E5
330
17
100
AcDbEntity
  8
点
 62
138
420
19532
100
AcDbLine
 10
470039.032
 20
4349640.434
 30
0.0
 11
470040.032
 21
4349640.434
 31
0.0
  0
LINE
  5
8E6
330
17
100
AcDbEntity
  8
点
 62
138
420
19532
100
AcDbLine
 10
470039.532
 20
4349639.934
 30
0.0
 11
470039.532
 21
4349640.934
 31
0.0
  0
LINE
  5
8E7
330
17
100
AcDbEntity
  8
钻孔
 62
5
370
35
100
AcDbLine
 10
470039.532
 20
4349640.434
 30
0.0
 11
470038.332
 21
4349640.434
 31
0.0
  0
TEXT
  5
8E8
330
17
100
AcDbEntity
  8
钻孔
 62
138
420
19532
100
AcDbText
 10
470037.252
 20
4349640.834000001
 30
0.0
 40
0.4
  1
BS-3940-0915-P6
  7
CN_TTF
 11
470037.252
 21
4349640.834000001
 31
0.0
100
AcDbText
  0
TEXT
  5
8E9
330
17
100
AcDbEntity
  8
钻孔
 62
5
100
AcDbText
 10
470036.342
 20
4349640.084000001
 30
0.0
 40
0.7
  1
1.39
  7
CN_TTF
 11
470036.342
 21
4349640.084000001
 31
0.0
100
AcDbText
  0
LINE
  5
8EA
330
17
100
AcDbEntity
  8
点
 62
138
420
19532
100
AcDbLine
 10
470042.899
 20
4349641.861
 30
0.0
 11
470043.899
 21
4349641.861
 31
0.0
  0
LINE
  5
8EB
330
17
100
AcDbEntity
  8
点
 62
138
420
19532
100
AcDbLine
 10
470043.399
 20
4349641.361
 30
0.0
 11
470043.399
 21
4349642.361
 31
0.0
  0
LINE
  5
8EC
330
17
100
AcDbEntity
  8
钻孔
 62
5
370
35
100
AcDbLine
 10
470043.399
 20
4349641.861
 30
0.0
 11
470042.19899999996
 21
4349641.861
 31
0.0
  0
TEXT
  5
8ED
330
17
100
AcDbEntity
  8
钻孔
 62
138
420
19532
100
AcDbText
 10
470041.11899999995
 20
4349642.261
 30
0.0
 40
0.4
  1
BS-3940-0915-P7
  7
CN_TTF
 11
470041.11899999995
 21
4349642.261
 31
0.0
100
AcDbText
  0
TEXT
  5
8EE
330
17
100
AcDbEntity
  8
钻孔
 62
5
100
AcDbText
 10
470040.209
 20
4349641.511
 30
0.0
 40
0.7
  1
1.21
  7
CN_TTF
 11
470040.209
 21
4349641.511
 31
0.0
100
AcDbText
  0
LINE
  5
8EF
330
17
100
AcDbEntity
  8
点
 62
138
420
19532
100
AcDbLine
 10
470035.872
 20
4349641.35
 30
0.0
 11
470036.872
 21
4349641.35
 31
0.0
  0
LINE
  5
8F0
330
17
100
AcDbEntity
  8
点
 62
138
420
19532
100
AcDbLine
 10
470036.372
 20
4349640.85
 30
0.0
 11
470036.372
 21
4349641.85
 31
0.0
  0
LINE
  5
8F1
330
17
100
AcDbEntity
  8
钻孔
 62
5
370
35
100
AcDbLine
 10
470036.372
 20
4349641.35
 30
0.0
 11
470035.17199999996
 21
4349641.35
 31
0.0
  0
TEXT
  5
8F2
330
17
100
AcDbEntity
  8
钻孔
 62
138
420
19532
100
AcDbText
 10
470034.09199999995
 20
4349641.75
 30
0.0
 40
0.4
  1
BS-3940-0915-P8
  7
CN_TTF
 11
470034.09199999995
 21
4349641.75
 31
0.0
100
AcDbText
  0
TEXT
  5
8F3
330
17
100
AcDbEntity
  8
钻孔
 62
5
100
AcDbText
 10
470033.182
 20
4349641.0
 30
0.0
 40
0.7
  1
1.40
  7
CN_TTF
 11
470033.182
 21
4349641.0
 31
0.0
100
AcDbText
  0
LINE
  5
8F4
330
17
100
AcDbEntity
  8
点
 62
138
420
19532
100
AcDbLine
 10
470032.564
 20
4349641.167
 30
0.0
 11
470033.564
 21
4349641.167
 31
0.0
  0
LINE
  5
8F5
330
17
100
AcDbEntity
  8
点
 62
138
420
19532
100
AcDbLine
 10
470033.064
 20
4349640.667
 30
0.0
 11
470033.064
 21
4349641.667
 31
0.0
  0
LINE
  5
8F6
330
17
100
AcDbEntity
  8
钻孔
 62
5
370
35
100
AcDbLine
 10
470033.064
 20
4349641.167
 30
0.0
 11
470031.864
 21
4349641.167
 31
0.0
  0
TEXT
  5
8F7
330
17
100
AcDbEntity
  8
钻孔
 62
138
420
19532
100
AcDbText
 10
470030.784
 20
4349641.567000001
 30
0.0
 40
0.4
  1
BS-3940-0915-P9
  7
CN_TTF
 11
470030.784
 21
4349641.567000001
 31
0.0
100
AcDbText
  0
TEXT
  5
8F8
330
17
100
AcDbEntity
  8
钻孔
 62
5
100
AcDbText
 10
470029.874
 20
4349640.817000001
 30
0.0
 40
0.7
  1
1.21
  7
CN_TTF
 11
470029.874
 21
4349640.817000001
 31
0.0
100
AcDbText
  0
LINE
  5
8F9
330
17
100
AcDbEntity
  8
点
 62
138
420
19532
100
AcDbLine
 10
470029.557
 20
4349641.477
 30
0.0
 11
470030.557
 21
4349641.477
 31
0.0
  0
LINE
  5
8FA
330
17
100
AcDbEntity
  8
点
 62
138
420
19532
100
AcDbLine
 10
470030.057
 20
4349640.977
 30
0.0
 11
470030.057
 21
4349641.977
 31
0.0
  0
LINE
  5
8FB
330
17
100
AcDbEntity
  8
钻孔
 62
1
370
35
100
AcDbLine
 10
470030.057
 20
4349641.477
 30
0.0
 11
470028.85699999996
 21
4349641.477
 31
0.0
  0
TEXT
  5
8FC
330
17
100
AcDbEntity
  8
钻孔
 62
138
420
19532
100
AcDbText
 10
470027.77699999994
 20
4349641.877
 30
0.0
 40
0.4
  1
BS-3940-0915-P10
  7
CN_TTF
 11
470027.77699999994
 21
4349641.877
 31
0.0
100
AcDbText
  0
TEXT
  5
8FD
330
17
100
AcDbEntity
  8
钻孔
 62
1
100
AcDbText
 10
470026.86699999997
 20
4349641.127
 30
0.0
 40
0.7
  1
1.74
  7
CN_TTF
 11
470026.86699999997
 21
4349641.127
 31
0.0
100
AcDbText
  0
LINE
  5
8FE
330
17
100
AcDbEntity
  8
点
 62
138
420
19532
100
AcDbLine
 10
470025.298
 20
4349640.181
 30
0.0
 11
470026.298
 21
4349640.181
 31
0.0
  0
LINE
  5
8FF
330
17
100
AcDbEntity
  8
点
 62
138
420
19532
100
AcDbLine
 10
470025.798
 20
4349639.681
 30
0.0
 11
470025.798
 21
4349640.681
 31
0.0
  0
LINE
  5
900
330
17
100
AcDbEntity
  8
钻孔
 62
1
370
35
100
AcDbLine
 10
470025.798
 20
4349640.181
 30
0.0
 11
470024.598
 21
4349640.181
 31
0.0
  0
TEXT
  5
901
330
17
100
AcDbEntity
  8
钻孔
 62
138
420
19532
100
AcDbText
 10
470023.518
 20
4349640.581
 30
0.0
 40
0.4
  1
BS-3940-0915-P11
  7
CN_TTF
 11
470023.518
 21
4349640.581
 31
0.0
100
AcDbText
  0
TEXT
  5
902
330
17
100
AcDbEntity
  8
钻孔
 62
1
100
AcDbText
 10
470022.608
 20
4349639.831
 30
0.0
 40
0.7
  1
1.75
  7
CN_TTF
 11
470022.608
 21
4349639.831
 31
0.0
100
AcDbText
  0
LINE
  5
903
330
17
100
AcDbEntity
  8
点
 62
138
420
19532
100
AcDbLine
 10
470022.498
 20
4349640.766
 30
0.0
 11
470023.498
 21
4349640.766
 31
0.0
  0
LINE
  5
904
330
17
100
AcDbEntity
  8
点
 62
138
420
19532
100
AcDbLine
 10
470022.998
 20
4349640.266
 30
0.0
 11
470022.998
 21
4349641.266
 31
0.0
  0
LINE
  5
905
330
17
100
AcDbEntity
  8
钻孔
 62
1
370
35
100
AcDbLine
 10
470022.998
 20
4349640.766
 30
0.0
 11
470021.798
 21
4349640.766
 31
0.0
  0
TEXT
  5
906
330
17
100
AcDbEntity
  8
钻孔
 62
138
420
19532
100
AcDbText
 10
470020.718
 20
4349641.166
 30
0.0
 40
0.4
  1
BS-3940-0915-P12
  7
CN_TTF
 11
470020.718
 21
4349641.166
 31
0.0
100
AcDbText
  0
TEXT
  5
907
330
17
100
AcDbEntity
  8
钻孔
 62
1
100
AcDbText
 10
470019.808
 20
4349640.416
 30
0.0
 40
0.7
  1
1.84
  7
CN_TTF
 11
470019.808
 21
4349640.416
 31
0.0
100
AcDbText
  0
LINE
  5
908
330
17
100
AcDbEntity
  8
点
 62
138
420
19532
100
AcDbLine
 10
470020.295
 20
4349640.988
 30
0.0
 11
470021.295
 21
4349640.988
 31
0.0
  0
LINE
  5
909
330
17
100
AcDbEntity
  8
点
 62
138
420
19532
100
AcDbLine
 10
470020.795
 20
4349640.488
 30
0.0
 11
470020.795
 21
4349641.488
 31
0.0
  0
LINE
  5
90A
330
17
100
AcDbEntity
  8
钻孔
 62
5
370
35
100
AcDbLine
 10
470020.795
 20
4349640.988
 30
0.0
 11
470019.595
 21
4349640.988
 31
0.0
  0
TEXT
  5
90B
330
17
100
AcDbEntity
  8
钻孔
 62
138
420
19532
100
AcDbText
 10
470018.51499999996
 20
4349641.388
 30
0.0
 40
0.4
  1
BS-3940-0915-P13
  7
CN_TTF
 11
470018.51499999996
 21
4349641.388
 31
0.0
100
AcDbText
  0
TEXT
  5
90C
330
17
100
AcDbEntity
  8
钻孔
 62
5
100
AcDbText
 10
470017.605
 20
4349640.638
 30
0.0
 40
0.7
  1
1.47
  7
CN_TTF
 11
470017.605
 21
4349640.638
 31
0.0
100
AcDbText
  0
LINE
  5
90D
330
17
100
AcDbEntity
  8
点
 62
138
420
19532
100
AcDbLine
 10
470013.94
 20
4349644.685
 30
0.0
 11
470014.94
 21
4349644.685
 31
0.0
  0
LINE
  5
90E
330
17
100
AcDbEntity
  8
点
 62
138
420
19532
100
AcDbLine
 10
470014.44
 20
4349644.185
 30
0.0
 11
470014.44
 21
4349645.185
 31
0.0
  0
LINE
  5
90F
330
17
100
AcDbEntity
  8
钻孔
 62
5
370
35
100
AcDbLine
 10
470014.44
 20
4349644.685
 30
0.0
 11
470013.24
 21
4349644.685
 31
0.0
  0
TEXT
  5
910
330
17
100
AcDbEntity
  8
钻孔
 62
138
420
19532
100
AcDbText
 10
470012.16
 20
4349645.085
 30
0.0
 40
0.4
  1
BS-3940-0915-P14
  7
CN_TTF
 11
470012.16
 21
4349645.085
 31
0.0
100
AcDbText
  0
TEXT
  5
911
330
17
100
AcDbEntity
  8
钻孔
 62
5
100
AcDbText
 10
470011.25
 20
4349644.335
 30
0.0
 40
0.7
  1
1.06
  7
CN_TTF
 11
470011.25
 21
4349644.335
 31
0.0
100
AcDbText
  0
LINE
  5
912
330
17
100
AcDbEntity
  8
点
 62
138
420
19532
100
AcDbLine
 10
470011.299
 20
4349640.741
 30
0.0
 11
470012.299
 21
4349640.741
 31
0.0
  0
LINE
  5
913
330
17
100
AcDbEntity
  8
点
 62
138
420
19532
100
AcDbLine
 10
470011.799
 20
4349640.241
 30
0.0
 11
470011.799
 21
4349641.241
 31
0.0
  0
LINE
  5
914
330
17
100
AcDbEntity
  8
钻孔
 62
1
370
35
100
AcDbLine
 10
470011.799
 20
4349640.741
 30
0.0
 11
470010.599
 21
4349640.741
 31
0.0
  0
TEXT
  5
915
330
17
100
AcDbEntity
  8
钻孔
 62
138
420
19532
100
AcDbText
 10
470009.519
 20
4349641.141000001
 30
0.0
 40
0.4
  1
BS-3940-0915-P15
  7
CN_TTF
 11
470009.519
 21
4349641.141000001
 31
0.0
100
AcDbText
  0
TEXT
  5
916
330
17
100
AcDbEntity
  8
钻孔
 62
1
100
AcDbText
 10
470008.609
 20
4349640.391000001
 30
0.0
 40
0.7
  1
1.55
  7
CN_TTF
 11
470008.609
 21
4349640.391000001
 31
0.0
100
AcDbText
  0
LINE
  5
917
330
17
100
AcDbEntity
  8
点
 62
138
420
19532
100
AcDbLine
 10
470015.107
 20
4349641.245
 30
0.0
 11
470016.107
 21
4349641.245
 31
0.0
  0
LINE
  5
918
330
17
100
AcDbEntity
  8
点
 62
138
420
19532
100
AcDbLine
 10
470015.607
 20
4349640.745
 30
0.0
 11
470015.607
 21
4349641.745
 31
0.0
  0
LINE
  5
919
330
17
100
AcDbEntity
  8
钻孔
 62
5
370
35
100
AcDbLine
 10
470015.607
 20
4349641.245
 30
0.0
 11
470014.407
 21
4349641.245
 31
0.0
  0
TEXT
  5
91A
330
17
100
AcDbEntity
  8
钻孔
 62
138
420
19532
100
AcDbText
 10
470013.327
 20
4349641.6450000005
 30
0.0
 40
0.4
  1
BS-3940-0915-P16
  7
CN_TTF
 11
470013.327
 21
4349641.6450000005
 31
0.0
100
AcDbText
  0
TEXT
  5
91B
330
17
100
AcDbEntity
  8
钻孔
 62
5
100
AcDbText
 10
470012.417
 20
4349640.8950000005
 30
0.0
 40
0.7
  1
1.37
  7
CN_TTF
 11
470012.417
 21
4349640.8950000005
 31
0.0
100
AcDbText
  0
LINE
  5
91C
330
17
100
AcDbEntity
  8
点
 62
138
420
19532
100
AcDbLine
 10
470008.079
 20
4349643.933
 30
0.0
 11
470009.079
 21
4349643.933
 31
0.0
  0
LINE
  5
91D
330
17
100
AcDbEntity
  8
点
 62
138
420
19532
100
AcDbLine
 10
470008.579
 20
4349643.433
 30
0.0
 11
470008.579
 21
4349644.433
 31
0.0
  0
LINE
  5
91E
330
17
100
AcDbEntity
  8
钻孔
 62
5
370
35
100
AcDbLine
 10
470008.579
 20
4349643.933
 30
0.0
 11
470007.379
 21
4349643.933
 31
0.0
  0
TEXT
  5
91F
330
17
100
AcDbEntity
  8
钻孔
 62
138
420
19532
100
AcDbText
 10
470006.299
 20
4349644.333000001
 30
0.0
 40
0.4
  1
BS-3940-0915-P17
  7
CN_TTF
 11
470006.299
 21
4349644.333000001
 31
0.0
100
AcDbText
  0
TEXT
  5
920
330
17
100
AcDbEntity
  8
钻孔
 62
5
100
AcDbText
 10
470005.389
 20
4349643.583000001
 30
0.0
 40
0.7
  1
1.25
  7
CN_TTF
 11
470005.389
 21
4349643.583000001
 31
0.0
100
AcDbText
  0
LINE
  5
921
330
17
100
AcDbEntity
  8
点
 62
138
420
19532
100
AcDbLine
 10
470005.942
 20
4349642.864
 30
0.0
 11
470006.942
 21
4349642.864
 31
0.0
  0
LINE
  5
922
330
17
100
AcDbEntity
  8
点
 62
138
420
19532
100
AcDbLine
 10
470006.442
 20
4349642.364
 30
0.0
 11
470006.442
 21
4349643.364
 31
0.0
  0
LINE
  5
923
330
17
100
AcDbEntity
  8
钻孔
 62
5
370
35
100
AcDbLine
 10
470006.442
 20
4349642.864
 30
0.0
 11
470005.24199999997
 21
4349642.864
 31
0.0
  0
TEXT
  5
924
330
17
100
AcDbEntity
  8
钻孔
 62
138
420
19532
100
AcDbText
 10
470004.16199999995
 20
4349643.264
 30
0.0
 40
0.4
  1
BS-3940-0915-P18
  7
CN_TTF
 11
470004.16199999995
 21
4349643.264
 31
0.0
100
AcDbText
  0
TEXT
  5
925
330
17
100
AcDbEntity
  8
钻孔
 62
5
100
AcDbText
 10
470003.252
 20
4349642.514
 30
0.0
 40
0.7
  1
1.13
  7
CN_TTF
 11
470003.252
 21
4349642.514
 31
0.0
100
AcDbText
  0
LINE
  5
926
330
17
100
AcDbEntity
  8
点
 62
138
420
19532
100
AcDbLine
 10
470003.039
 20
4349644.037
 30
0.0
 11
470004.039
 21
4349644.037
 31
0.0
  0
LINE
  5
927
330
17
100
AcDbEntity
  8
点
 62
138
420
19532
100
AcDbLine
 10
470003.539
 20
4349643.537
 30
0.0
 11
470003.539
 21
4349644.537
 31
0.0
  0
LINE
  5
928
330
17
100
AcDbEntity
  8
钻孔
 62
5
370
35
100
AcDbLine
 10
470003.539
 20
4349644.037
 30
0.0
 11
470002.339
 21
4349644.037
 31
0.0
  0
TEXT
  5
929
330
17
100
AcDbEntity
  8
钻孔
 62
138
420
19532
100
AcDbText
 10
470001.25899999996
 20
4349644.437
 30
0.0
 40
0.4
  1
BS-3940-0915-P19
  7
CN_TTF
 11
470001.25899999996
 21
4349644.437
 31
0.0
100
AcDbText
  0
TEXT
  5
92A
330
17
100
AcDbEntity
  8
钻孔
 62
5
100
AcDbText
 10
470000.349
 20
4349643.687
 30
0.0
 40
0.7
  1
1.16
  7
CN_TTF
 11
470000.349
 21
4349643.687
 31
0.0
100
AcDbText
  0
LINE
  5
92B
330
17
100
AcDbEntity
  8
点
 62
138
420
19532
100
AcDbLine
 10
470020.181
 20
4349646.444
 30
0.0
 11
470021.181
 21
4349646.444
 31
0.0
  0
LINE
  5
92C
330
17
100
AcDbEntity
  8
点
 62
138
420
19532
100
AcDbLine
 10
470020.681
 20
4349645.944
 30
0.0
 11
470020.681
 21
4349646.944
 31
0.0
  0
LINE
  5
92D
330
17
100
AcDbEntity
  8
钻孔
 62
5
370
35
100
AcDbLine
 10
470020.681
 20
4349646.444
 30
0.0
 11
470019.48099999997
 21
4349646.444
 31
0.0
  0
TEXT
  5
92E
330
17
100
AcDbEntity
  8
钻孔
 62
138
420
19532
100
AcDbText
 10
470018.40099999995
 20
4349646.8440000005
 30
0.0
 40
0.4
  1
BS-3940-0915-P20
  7
CN_TTF
 11
470018.40099999995
 21
4349646.8440000005
 31
0.0
100
AcDbText
  0
TEXT
  5
92F
330
17
100
AcDbEntity
  8
钻孔
 62
5
100
AcDbText
 10
470017.491
 20
4349646.0940000005
 30
0.0
 40
0.7
  1
1.26
  7
CN_TTF
 11
470017.491
 21
4349646.0940000005
 31
0.0
100
AcDbText
  0
LINE
  5
930
330
17
100
AcDbEntity
  8
点
 62
138
420
19532
100
AcDbLine
 10
470027.825
 20
4349647.48
 30
0.0
 11
470028.825
 21
4349647.48
 31
0.0
  0
LINE
  5
931
330
17
100
AcDbEntity
  8
点
 62
138
420
19532
100
AcDbLine
 10
470028.325
 20
4349646.98
 30
0.0
 11
470028.325
 21
4349647.98
 31
0.0
  0
LINE
  5
932
330
17
100
AcDbEntity
  8
钻孔
 62
8
370
35
100
AcDbLine
 10
470028.325
 20
4349647.48
 30
0.0
 11
470027.125
 21
4349647.48
 31
0.0
  0
TEXT
  5
933
330
17
100
AcDbEntity
  8
钻孔
 62
138
420
19532
100
AcDbText
 10
470026.045
 20
4349647.880000001
 30
0.0
 40
0.4
  1
BS-3940-0915-P21
  7
CN_TTF
 11
470026.045
 21
4349647.880000001
 31
0.0
100
AcDbText
  0
TEXT
  5
934
330
17
100
AcDbEntity
  8
钻孔
 62
8
100
AcDbText
 10
470025.135
 20
4349647.130000001
 30
0.0
 40
0.7
  1
0.46
  7
CN_TTF
 11
470025.135
 21
4349647.130000001
 31
0.0
100
AcDbText
  0
LINE
  5
935
330
17
100
AcDbEntity
  8
点
 62
138
420
19532
100
AcDbLine
 10
470025.641
 20
4349642.69
 30
0.0
 11
470026.641
 21
4349642.69
 31
0.0
  0
LINE
  5
936
330
17
100
AcDbEntity
  8
点
 62
138
420
19532
100
AcDbLine
 10
470026.141
 20
4349642.19
 30
0.0
 11
470026.141
 21
4349643.19
 31
0.0
  0
LINE
  5
937
330
17
100
AcDbEntity
  8
钻孔
 62
1
370
35
100
AcDbLine
 10
470026.141
 20
4349642.69
 30
0.0
 11
470024.941
 21
4349642.69
 31
0.0
  0
TEXT
  5
938
330
17
100
AcDbEntity
  8
钻孔
 62
138
420
19532
100
AcDbText
 10
470023.861
 20
4349643.090000001
 30
0.0
 40
0.4
  1
BS-3940-0915-P22
  7
CN_TTF
 11
470023.861
 21
4349643.090000001
 31
0.0
100
AcDbText
  0
TEXT
  5
939
330
17
100
AcDbEntity
  8
钻孔
 62
1
100
AcDbText
 10
470022.951
 20
4349642.340000001
 30
0.0
 40
0.7
  1
1.97
  7
CN_TTF
 11
470022.951
 21
4349642.340000001
 31
0.0
100
AcDbText
  0
LINE
  5
93A
330
17
100
AcDbEntity
  8
点
 62
138
420
19532
100
AcDbLine
 10
470032.141
 20
4349644.231
 30
0.0
 11
470033.141
 21
4349644.231
 31
0.0
  0
LINE
  5
93B
330
17
100
AcDbEntity
  8
点
 62
138
420
19532
100
AcDbLine
 10
470032.641
 20
4349643.731
 30
0.0
 11
470032.641
 21
4349644.731
 31
0.0
  0
LINE
  5
93C
330
17
100
AcDbEntity
  8
钻孔
 62
5
370
35
100
AcDbLine
 10
470032.641
 20
4349644.231
 30
0.0
 11
470031.441
 21
4349644.231
 31
0.0
  0
TEXT
  5
93D
330
17
100
AcDbEntity
  8
钻孔
 62
138
420
19532
100
AcDbText
 10
470030.361
 20
4349644.631
 30
0.0
 40
0.4
  1
BS-3940-0915-P23
  7
CN_TTF
 11
470030.361
 21
4349644.631
 31
0.0
100
AcDbText
  0
TEXT
  5
93E
330
17
100
AcDbEntity
  8
钻孔
 62
5
100
AcDbText
 10
470029.451
 20
4349643.881
 30
0.0
 40
0.7
  1
1.40
  7
CN_TTF
 11
470029.451
 21
4349643.881
 31
0.0
100
AcDbText
  0
LINE
  5
93F
330
17
100
AcDbEntity
  8
点
 62
138
420
19532
100
AcDbLine
 10
470034.616
 20
4349648.518
 30
0.0
 11
470035.616
 21
4349648.518
 31
0.0
  0
LINE
  5
940
330
17
100
AcDbEntity
  8
点
 62
138
420
19532
100
AcDbLine
 10
470035.116
 20
4349648.018
 30
0.0
 11
470035.116
 21
4349649.018
 31
0.0
  0
LINE
  5
941
330
17
100
AcDbEntity
  8
钻孔
 62
5
370
35
100
AcDbLine
 10
470035.116
 20
4349648.518
 30
0.0
 11
470033.91599999997
 21
4349648.518
 31
0.0
  0
TEXT
  5
942
330
17
100
AcDbEntity
  8
钻孔
 62
138
420
19532
100
AcDbText
 10
470032.83599999995
 20
4349648.9180000005
 30
0.0
 40
0.4
  1
BS-3940-0915-P24
  7
CN_TTF
 11
470032.83599999995
 21
4349648.9180000005
 31
0.0
100
AcDbText
  0
TEXT
  5
943
330
17
100
AcDbEntity
  8
钻孔
 62
5
100
AcDbText
 10
470031.926
 20
4349648.1680000005
 30
0.0
 40
0.7
  1
1.50
  7
CN_TTF
 11
470031.926
 21
4349648.1680000005
 31
0.0
100
AcDbText
  0
LINE
  5
944
330
17
100
AcDbEntity
  8
点
 62
138
420
19532
100
AcDbLine
 10
470038.921
 20
4349645.509
 30
0.0
 11
470039.921
 21
4349645.509
 31
0.0
  0
LINE
  5
945
330
17
100
AcDbEntity
  8
点
 62
138
420
19532
100
AcDbLine
 10
470039.421
 20
4349645.009
 30
0.0
 11
470039.421
 21
4349646.009
 31
0.0
  0
LINE
  5
946
330
17
100
AcDbEntity
  8
钻孔
 62
1
370
35
100
AcDbLine
 10
470039.421
 20
4349645.509
 30
0.0
 11
470038.22099999996
 21
4349645.509
 31
0.0
  0
TEXT
  5
947
330
17
100
AcDbEntity
  8
钻孔
 62
138
420
19532
100
AcDbText
 10
470037.14099999995
 20
4349645.909
 30
0.0
 40
0.4
  1
BS-3940-0915-P25
  7
CN_TTF
 11
470037.14099999995
 21
4349645.909
 31
0.0
100
AcDbText
  0
TEXT
  5
948
330
17
100
AcDbEntity
  8
钻孔
 62
1
100
AcDbText
 10
470036.23099999997
 20
4349645.159
 30
0.0
 40
0.7
  1
1.57
  7
CN_TTF
 11
470036.23099999997
 21
4349645.159
 31
0.0
100
AcDbText
  0
LINE
  5
949
330
17
100
AcDbEntity
  8
点
 62
138
420
19532
100
AcDbLine
 10
470041.497
 20
4349649.835
 30
0.0
 11
470042.497
 21
4349649.835
 31
0.0
  0
LINE
  5
94A
330
17
100
AcDbEntity
  8
点
 62
138
420
19532
100
AcDbLine
 10
470041.997
 20
4349649.335
 30
0.0
 11
470041.997
 21
4349650.335
 31
0.0
  0
LINE
  5
94B
330
17
100
AcDbEntity
  8
钻孔
 62
1
370
35
100
AcDbLine
 10
470041.997
 20
4349649.835
 30
0.0
 11
470040.79699999996
 21
4349649.835
 31
0.0
  0
TEXT
  5
94C
330
17
100
AcDbEntity
  8
钻孔
 62
138
420
19532
100
AcDbText
 10
470039.71699999995
 20
4349650.235
 30
0.0
 40
0.4
  1
BS-3940-0915-P26
  7
CN_TTF
 11
470039.71699999995
 21
4349650.235
 31
0.0
100
AcDbText
  0
TEXT
  5
94D
330
17
100
AcDbEntity
  8
钻孔
 62
1
100
AcDbText
 10
470038.807
 20
4349649.485
 30
0.0
 40
0.7
  1
1.57
  7
CN_TTF
 11
470038.807
 21
4349649.485
 31
0.0
100
AcDbText
  0
LINE
  5
94E
330
17
100
AcDbEntity
  8
点
 62
138
420
19532
100
AcDbLine
 10
470046.115
 20
4349646.667
 30
0.0
 11
470047.115
 21
4349646.667
 31
0.0
  0
LINE
  5
94F
330
17
100
AcDbEntity
  8
点
 62
138
420
19532
100
AcDbLine
 10
470046.615
 20
4349646.167
 30
0.0
 11
470046.615
 21
4349647.167
 31
0.0
  0
LINE
  5
950
330
17
100
AcDbEntity
  8
钻孔
 62
5
370
35
100
AcDbLine
 10
470046.615
 20
4349646.667
 30
0.0
 11
470045.415
 21
4349646.667
 31
0.0
  0
TEXT
  5
951
330
17
100
AcDbEntity
  8
钻孔
 62
138
420
19532
100
AcDbText
 10
470044.33499999996
 20
4349647.067000001
 30
0.0
 40
0.4
  1
BS-3940-0915-P27
  7
CN_TTF
 11
470044.33499999996
 21
4349647.067000001
 31
0.0
100
AcDbText
  0
TEXT
  5
952
330
17
100
AcDbEntity
  8
钻孔
 62
5
100
AcDbText
 10
470043.425
 20
4349646.317000001
 30
0.0
 40
0.7
  1
1.23
  7
CN_TTF
 11
470043.425
 21
4349646.317000001
 31
0.0
100
AcDbText
  0
LINE
  5
953
330
17
100
AcDbEntity
  8
点
 62
138
420
19532
100
AcDbLine
 10
470050.241
 20
4349643.295
 30
0.0
 11
470051.241
 21
4349643.295
 31
0.0
  0
LINE
  5
954
330
17
100
AcDbEntity
  8
点
 62
138
420
19532
100
AcDbLine
 10
470050.741
 20
4349642.795
 30
0.0
 11
470050.741
 21
4349643.795
 31
0.0
  0
LINE
  5
955
330
17
100
AcDbEntity
  8
钻孔
 62
1
370
35
100
AcDbLine
 10
470050.741
 20
4349643.295
 30
0.0
 11
470049.54099999997
 21
4349643.295
 31
0.0
  0
TEXT
  5
956
330
17
100
AcDbEntity
  8
钻孔
 62
138
420
19532
100
AcDbText
 10
470048.46099999995
 20
4349643.695
 30
0.0
 40
0.4
  1
BS-3940-0915-P28
  7
CN_TTF
 11
470048.46099999995
 21
4349643.695
 31
0.0
100
AcDbText
  0
TEXT
  5
957
330
17
100
AcDbEntity
  8
钻孔
 62
1
100
AcDbText
 10
470047.551
 20
4349642.945
 30
0.0
 40
0.7
  1
2.13
  7
CN_TTF
 11
470047.551
 21
4349642.945
 31
0.0
100
AcDbText
  0
LINE
  5
958
330
17
100
AcDbEntity
  8
点
 62
138
420
19532
100
AcDbLine
 10
470053.496
 20
4349647.888
 30
0.0
 11
470054.496
 21
4349647.888
 31
0.0
  0
LINE
  5
959
330
17
100
AcDbEntity
  8
点
 62
138
420
19532
100
AcDbLine
 10
470053.996
 20
4349647.388
 30
0.0
 11
470053.996
 21
4349648.388
 31
0.0
  0
LINE
  5
95A
330
17
100
AcDbEntity
  8
钻孔
 62
5
370
35
100
AcDbLine
 10
470053.996
 20
4349647.888
 30
0.0
 11
470052.796
 21
4349647.888
 31
0.0
  0
TEXT
  5
95B
330
17
100
AcDbEntity
  8
钻孔
 62
138
420
19532
100
AcDbText
 10
470051.71599999996
 20
4349648.288000001
 30
0.0
 40
0.4
  1
BS-3940-0915-P29
  7
CN_TTF
 11
470051.71599999996
 21
4349648.288000001
 31
0.0
100
AcDbText
  0
TEXT
  5
95C
330
17
100
AcDbEntity
  8
钻孔
 62
5
100
AcDbText
 10
470050.806
 20
4349647.538000001
 30
0.0
 40
0.7
  1
1.30
  7
CN_TTF
 11
470050.806
 21
4349647.538000001
 31
0.0
100
AcDbText
  0
LINE
  5
95D
330
17
100
AcDbEntity
  8
点
 62
138
420
19532
100
AcDbLine
 10
470059.898
 20
4349649.409
 30
0.0
 11
470060.898
 21
4349649.409
 31
0.0
  0
LINE
  5
95E
330
17
100
AcDbEntity
  8
点
 62
138
420
19532
100
AcDbLine
 10
470060.398
 20
4349648.909
 30
0.0
 11
470060.398
 21
4349649.909
 31
0.0
  0
LINE
  5
95F
330
17
100
AcDbEntity
  8
钻孔
 62
5
370
35
100
AcDbLine
 10
470060.398
 20
4349649.409
 30
0.0
 11
470059.198
 21
4349649.409
 31
0.0
  0
TEXT
  5
960
330
17
100
AcDbEntity
  8
钻孔
 62
138
420
19532
100
AcDbText
 10
470058.11799999996
 20
4349649.809
 30
0.0
 40
0.4
  1
BS-3940-0915-P30
  7
CN_TTF
 11
470058.11799999996
 21
4349649.809
 31
0.0
100
AcDbText
  0
TEXT
  5
961
330
17
100
AcDbEntity
  8
钻孔
 62
5
100
AcDbText
 10
470057.208
 20
4349649.059
 30
0.0
 40
0.7
  1
1.49
  7
CN_TTF
 11
470057.208
 21
4349649.059
 31
0.0
100
AcDbText
  0
LINE
  5
962
330
17
100
AcDbEntity
  8
点
 62
138
420
19532
100
AcDbLine
 10
470064.04
 20
4349646.067
 30
0.0
 11
470065.04
 21
4349646.067
 31
0.0
  0
LINE
  5
963
330
17
100
AcDbEntity
  8
点
 62
138
420
19532
100
AcDbLine
 10
470064.54
 20
4349645.567
 30
0.0
 11
470064.54
 21
4349646.567
 31
0.0
  0
LINE
  5
964
330
17
100
AcDbEntity
  8
钻孔
 62
1
370
35
100
AcDbLine
 10
470064.54
 20
4349646.067
 30
0.0
 11
470063.33999999997
 21
4349646.067
 31
0.0
  0
TEXT
  5
965
330
17
100
AcDbEntity
  8
钻孔
 62
138
420
19532
100
AcDbText
 10
470062.25999999995
 20
4349646.467
 30
0.0
 40
0.4
  1
BS-3940-0915-P31
  7
CN_TTF
 11
470062.25999999995
 21
4349646.467
 31
0.0
100
AcDbText
  0
TEXT
  5
966
330
17
100
AcDbEntity
  8
钻孔
 62
1
100
AcDbText
 10
470061.35
 20
4349645.717
 30
0.0
 40
0.7
  1
1.55
  7
CN_TTF
 11
470061.35
 21
4349645.717
 31
0.0
100
AcDbText
  0
LINE
  5
967
330
17
100
AcDbEntity
  8
点
 62
138
420
19532
100
AcDbLine
 10
470070.856
 20
4349647.474
 30
0.0
 11
470071.856
 21
4349647.474
 31
0.0
  0
LINE
  5
968
330
17
100
AcDbEntity
  8
点
 62
138
420
19532
100
AcDbLine
 10
470071.356
 20
4349646.974
 30
0.0
 11
470071.356
 21
4349647.974
 31
0.0
  0
LINE
  5
969
330
17
100
AcDbEntity
  8
钻孔
 62
1
370
35
100
AcDbLine
 10
470071.356
 20
4349647.474
 30
0.0
 11
470070.156
 21
4349647.474
 31
0.0
  0
TEXT
  5
96A
330
17
100
AcDbEntity
  8
钻孔
 62
138
420
19532
100
AcDbText
 10
470069.076
 20
4349647.874000001
 30
0.0
 40
0.4
  1
BS-3940-0915-P32
  7
CN_TTF
 11
470069.076
 21
4349647.874000001
 31
0.0
100
AcDbText
  0
TEXT
  5
96B
330
17
100
AcDbEntity
  8
钻孔
 62
1
100
AcDbText
 10
470068.166
 20
4349647.124000001
 30
0.0
 40
0.7
  1
1.58
  7
CN_TTF
 11
470068.166
 21
4349647.124000001
 31
0.0
100
AcDbText
  0
LINE
  5
96C
330
17
100
AcDbEntity
  8
点
 62
138
420
19532
100
AcDbLine
 10
470067.084
 20
4349650.19
 30
0.0
 11
470068.084
 21
4349650.19
 31
0.0
  0
LINE
  5
96D
330
17
100
AcDbEntity
  8
点
 62
138
420
19532
100
AcDbLine
 10
470067.584
 20
4349649.69
 30
0.0
 11
470067.584
 21
4349650.69
 31
0.0
  0
LINE
  5
96E
330
17
100
AcDbEntity
  8
钻孔
 62
5
370
35
100
AcDbLine
 10
470067.584
 20
4349650.19
 30
0.0
 11
470066.38399999996
 21
4349650.19
 31
0.0
  0
TEXT
  5
96F
330
17
100
AcDbEntity
  8
钻孔
 62
138
420
19532
100
AcDbText
 10
470065.30399999995
 20
4349650.590000001
 30
0.0
 40
0.4
  1
BS-3940-0915-P33
  7
CN_TTF
 11
470065.30399999995
 21
4349650.590000001
 31
0.0
100
AcDbText
  0
TEXT
  5
970
330
17
100
AcDbEntity
  8
钻孔
 62
5
100
AcDbText
 10
470064.394
 20
4349649.840000001
 30
0.0
 40
0.7
  1
1.39
  7
CN_TTF
 11
470064.394
 21
4349649.840000001
 31
0.0
100
AcDbText
  0
LINE
  5
971
330
17
100
AcDbEntity
  8
点
 62
138
420
19532
100
AcDbLine
 10
470073.713
 20
4349652.075
 30
0.0
 11
470074.713
 21
4349652.075
 31
0.0
  0
LINE
  5
972
330
17
100
AcDbEntity
  8
点
 62
138
420
19532
100
AcDbLine
 10
470074.213
 20
4349651.575
 30
0.0
 11
470074.213
 21
4349652.575
 31
0.0
  0
LINE
  5
973
330
17
100
AcDbEntity
  8
钻孔
 62
1
370
35
100
AcDbLine
 10
470074.213
 20
4349652.075
 30
0.0
 11
470073.013
 21
4349652.075
 31
0.0
  0
TEXT
  5
974
330
17
100
AcDbEntity
  8
钻孔
 62
138
420
19532
100
AcDbText
 10
470071.93299999996
 20
4349652.475000001
 30
0.0
 40
0.4
  1
BS-3940-0915-P34
  7
CN_TTF
 11
470071.93299999996
 21
4349652.475000001
 31
0.0
100
AcDbText
  0
TEXT
  5
975
330
17
100
AcDbEntity
  8
钻孔
 62
1
100
AcDbText
 10
470071.023
 20
4349651.725000001
 30
0.0
 40
0.7
  1
1.87
  7
CN_TTF
 11
470071.023
 21
4349651.725000001
 31
0.0
100
AcDbText
  0
LINE
  5
976
330
17
100
AcDbEntity
  8
点
 62
138
420
19532
100
AcDbLine
 10
470069.197
 20
4349655.003
 30
0.0
 11
470070.197
 21
4349655.003
 31
0.0
  0
LINE
  5
977
330
17
100
AcDbEntity
  8
点
 62
138
420
19532
100
AcDbLine
 10
470069.697
 20
4349654.503
 30
0.0
 11
470069.697
 21
4349655.503
 31
0.0
  0
LINE
  5
978
330
17
100
AcDbEntity
  8
钻孔
 62
2
370
35
100
AcDbLine
 10
470069.697
 20
4349655.003
 30
0.0
 11
470068.497
 21
4349655.003
 31
0.0
  0
TEXT
  5
979
330
17
100
AcDbEntity
  8
钻孔
 62
138
420
19532
100
AcDbText
 10
470067.41699999996
 20
4349655.403
 30
0.0
 40
0.4
  1
BS-3940-0915-P35
  7
CN_TTF
 11
470067.41699999996
 21
4349655.403
 31
0.0
100
AcDbText
  0
TEXT
  5
97A
330
17
100
AcDbEntity
  8
钻孔
 62
2
100
AcDbText
 10
470066.507
 20
4349654.653
 30
0.0
 40
0.7
  1
3.11
  7
CN_TTF
 11
470066.507
 21
4349654.653
 31
0.0
100
AcDbText
  0
LINE
  5
97B
330
17
100
AcDbEntity
  8
点
 62
138
420
19532
100
AcDbLine
 10
470062.367
 20
4349653.952
 30
0.0
 11
470063.367
 21
4349653.952
 31
0.0
  0
LINE
  5
97C
330
17
100
AcDbEntity
  8
点
 62
138
420
19532
100
AcDbLine
 10
470062.867
 20
4349653.452
 30
0.0
 11
470062.867
 21
4349654.452
 31
0.0
  0
LINE
  5
97D
330
17
100
AcDbEntity
  8
钻孔
 62
1
370
35
100
AcDbLine
 10
470062.867
 20
4349653.952
 30
0.0
 11
470061.667
 21
4349653.952
 31
0.0
  0
TEXT
  5
97E
330
17
100
AcDbEntity
  8
钻孔
 62
138
420
19532
100
AcDbText
 10
470060.587
 20
4349654.352
 30
0.0
 40
0.4
  1
BS-3940-0915-P36
  7
CN_TTF
 11
470060.587
 21
4349654.352
 31
0.0
100
AcDbText
  0
TEXT
  5
97F
330
17
100
AcDbEntity
  8
钻孔
 62
1
100
AcDbText
 10
470059.677
 20
4349653.602
 30
0.0
 40
0.7
  1
1.98
  7
CN_TTF
 11
470059.677
 21
4349653.602
 31
0.0
100
AcDbText
  0
LINE
  5
980
330
17
100
AcDbEntity
  8
点
 62
138
420
19532
100
AcDbLine
 10
470055.491
 20
4349652.737
 30
0.0
 11
470056.491
 21
4349652.737
 31
0.0
  0
LINE
  5
981
330
17
100
AcDbEntity
  8
点
 62
138
420
19532
100
AcDbLine
 10
470055.991
 20
4349652.237
 30
0.0
 11
470055.991
 21
4349653.237
 31
0.0
  0
LINE
  5
982
330
17
100
AcDbEntity
  8
钻孔
 62
1
370
35
100
AcDbLine
 10
470055.991
 20
4349652.737
 30
0.0
 11
470054.79099999997
 21
4349652.737
 31
0.0
  0
TEXT
  5
983
330
17
100
AcDbEntity
  8
钻孔
 62
138
420
19532
100
AcDbText
 10
470053.71099999995
 20
4349653.137
 30
0.0
 40
0.4
  1
BS-3940-0915-P37
  7
CN_TTF
 11
470053.71099999995
 21
4349653.137
 31
0.0
100
AcDbText
  0
TEXT
  5
984
330
17
100
AcDbEntity
  8
钻孔
 62
1
100
AcDbText
 10
470052.801
 20
4349652.387
 30
0.0
 40
0.7
  1
1.50
  7
CN_TTF
 11
470052.801
 21
4349652.387
 31
0.0
100
AcDbText
  0
LINE
  5
985
330
17
100
AcDbEntity
  8
点
 62
138
420
19532
100
AcDbLine
 10
470048.492
 20
4349651.461
 30
0.0
 11
470049.492
 21
4349651.461
 31
0.0
  0
LINE
  5
986
330
17
100
AcDbEntity
  8
点
 62
138
420
19532
100
AcDbLine
 10
470048.992
 20
4349650.961
 30
0.0
 11
470048.992
 21
4349651.961
 31
0.0
  0
LINE
  5
987
330
17
100
AcDbEntity
  8
钻孔
 62
5
370
35
100
AcDbLine
 10
470048.992
 20
4349651.461
 30
0.0
 11
470047.792
 21
4349651.461
 31
0.0
  0
TEXT
  5
988
330
17
100
AcDbEntity
  8
钻孔
 62
138
420
19532
100
AcDbText
 10
470046.712
 20
4349651.8610000005
 30
0.0
 40
0.4
  1
BS-3940-0915-P38
  7
CN_TTF
 11
470046.712
 21
4349651.8610000005
 31
0.0
100
AcDbText
  0
TEXT
  5
989
330
17
100
AcDbEntity
  8
钻孔
 62
5
100
AcDbText
 10
470045.802
 20
4349651.1110000005
 30
0.0
 40
0.7
  1
1.04
  7
CN_TTF
 11
470045.802
 21
4349651.1110000005
 31
0.0
100
AcDbText
  0
LINE
  5
98A
330
17
100
AcDbEntity
  8
点
 62
138
420
19532
100
AcDbLine
 10
470044.26
 20
4349654.925
 30
0.0
 11
470045.26
 21
4349654.925
 31
0.0
  0
LINE
  5
98B
330
17
100
AcDbEntity
  8
点
 62
138
420
19532
100
AcDbLine
 10
470044.76
 20
4349654.425
 30
0.0
 11
470044.76
 21
4349655.425
 31
0.0
  0
LINE
  5
98C
330
17
100
AcDbEntity
  8
钻孔
 62
4
370
35
100
AcDbLine
 10
470044.76
 20
4349654.925
 30
0.0
 11
470043.56
 21
4349654.925
 31
0.0
  0
TEXT
  5
98D
330
17
100
AcDbEntity
  8
钻孔
 62
138
420
19532
100
AcDbText
 10
470042.48
 20
4349655.325
 30
0.0
 40
0.4
  1
BS-3940-0915-P39
  7
CN_TTF
 11
470042.48
 21
4349655.325
 31
0.0
100
AcDbText
  0
TEXT
  5
98E
330
17
100
AcDbEntity
  8
钻孔
 62
4
100
AcDbText
 10
470041.57
 20
4349654.575
 30
0.0
 40
0.7
  1
0.61
  7
CN_TTF
 11
470041.57
 21
4349654.575
 31
0.0
100
AcDbText
  0
LINE
  5
98F
330
17
100
AcDbEntity
  8
点
 62
138
420
19532
100
AcDbLine
 10
470037.551
 20
4349654.012
 30
0.0
 11
470038.551
 21
4349654.012
 31
0.0
  0
LINE
  5
990
330
17
100
AcDbEntity
  8
点
 62
138
420
19532
100
AcDbLine
 10
470038.051
 20
4349653.512
 30
0.0
 11
470038.051
 21
4349654.512
 31
0.0
  0
LINE
  5
991
330
17
100
AcDbEntity
  8
钻孔
 62
5
370
35
100
AcDbLine
 10
470038.051
 20
4349654.012
 30
0.0
 11
470036.85099999997
 21
4349654.012
 31
0.0
  0
TEXT
  5
992
330
17
100
AcDbEntity
  8
钻孔
 62
138
420
19532
100
AcDbText
 10
470035.77099999995
 20
4349654.4120000005
 30
0.0
 40
0.4
  1
BS-3940-0915-P40
  7
CN_TTF
 11
470035.77099999995
 21
4349654.4120000005
 31
0.0
100
AcDbText
  0
TEXT
  5
993
330
17
100
AcDbEntity
  8
钻孔
 62
5
100
AcDbText
 10
470034.861
 20
4349653.6620000005
 30
0.0
 40
0.7
  1
1.30
  7
CN_TTF
 11
470034.861
 21
4349653.6620000005
 31
0.0
100
AcDbText
  0
LINE
  5
994
330
17
100
AcDbEntity
  8
点
 62
138
420
19532
100
AcDbLine
 10
470031.315
 20
4349652.543
 30
0.0
 11
470032.315
 21
4349652.543
 31
0.0
  0
LINE
  5
995
330
17
100
AcDbEntity
  8
点
 62
138
420
19532
100
AcDbLine
 10
470031.815
 20
4349652.043
 30
0.0
 11
470031.815
 21
4349653.043
 31
0.0
  0
LINE
  5
996
330
17
100
AcDbEntity
  8
钻孔
 62
5
370
35
100
AcDbLine
 10
470031.815
 20
4349652.543
 30
0.0
 11
470030.615
 21
4349652.543
 31
0.0
  0
TEXT
  5
997
330
17
100
AcDbEntity
  8
钻孔
 62
138
420
19532
100
AcDbText
 10
470029.535
 20
4349652.943
 30
0.0
 40
0.4
  1
BS-3940-0915-P41
  7
CN_TTF
 11
470029.535
 21
4349652.943
 31
0.0
100
AcDbText
  0
TEXT
  5
998
330
17
100
AcDbEntity
  8
钻孔
 62
5
100
AcDbText
 10
470028.625
 20
4349652.193
 30
0.0
 40
0.7
  1
1.03
  7
CN_TTF
 11
470028.625
 21
4349652.193
 31
0.0
100
AcDbText
  0
LINE
  5
999
330
17
100
AcDbEntity
  8
点
 62
138
420
19532
100
AcDbLine
 10
470025.353
 20
4349651.147
 30
0.0
 11
470026.353
 21
4349651.147
 31
0.0
  0
LINE
  5
99A
330
17
100
AcDbEntity
  8
点
 62
138
420
19532
100
AcDbLine
 10
470025.853
 20
4349650.647
 30
0.0
 11
470025.853
 21
4349651.647
 31
0.0
  0
LINE
  5
99B
330
17
100
AcDbEntity
  8
钻孔
 62
5
370
35
100
AcDbLine
 10
470025.853
 20
4349651.147
 30
0.0
 11
470024.653
 21
4349651.147
 31
0.0
  0
TEXT
  5
99C
330
17
100
AcDbEntity
  8
钻孔
 62
138
420
19532
100
AcDbText
 10
470023.573
 20
4349651.547
 30
0.0
 40
0.4
  1
BS-3940-0915-P42
  7
CN_TTF
 11
470023.573
 21
4349651.547
 31
0.0
100
AcDbText
  0
TEXT
  5
99D
330
17
100
AcDbEntity
  8
钻孔
 62
5
100
AcDbText
 10
470022.663
 20
4349650.797
 30
0.0
 40
0.7
  1
1.09
  7
CN_TTF
 11
470022.663
 21
4349650.797
 31
0.0
100
AcDbText
  0
LINE
  5
99E
330
17
100
AcDbEntity
  8
点
 62
138
420
19532
100
AcDbLine
 10
470016.824
 20
4349649.437
 30
0.0
 11
470017.824
 21
4349649.437
 31
0.0
  0
LINE
  5
99F
330
17
100
AcDbEntity
  8
点
 62
138
420
19532
100
AcDbLine
 10
470017.324
 20
4349648.937
 30
0.0
 11
470017.324
 21
4349649.937
 31
0.0
  0
LINE
  5
9A0
330
17
100
AcDbEntity
  8
钻孔
 62
5
370
35
100
AcDbLine
 10
470017.324
 20
4349649.437
 30
0.0
 11
470016.124
 21
4349649.437
 31
0.0
  0
TEXT
  5
9A1
330
17
100
AcDbEntity
  8
钻孔
 62
138
420
19532
100
AcDbText
 10
470015.044
 20
4349649.837
 30
0.0
 40
0.4
  1
BS-3940-0915-P43
  7
CN_TTF
 11
470015.044
 21
4349649.837
 31
0.0
100
AcDbText
  0
TEXT
  5
9A2
330
17
100
AcDbEntity
  8
钻孔
 62
5
100
AcDbText
 10
470014.134
 20
4349649.087
 30
0.0
 40
0.7
  1
1.28
  7
CN_TTF
 11
470014.134
 21
4349649.087
 31
0.0
100
AcDbText
  0
LINE
  5
9A3
330
17
100
AcDbEntity
  8
点
 62
138
420
19532
100
AcDbLine
 10
470051.692
 20
4349655.979
 30
0.0
 11
470052.692
 21
4349655.979
 31
0.0
  0
LINE
  5
9A4
330
17
100
AcDbEntity
  8
点
 62
138
420
19532
100
AcDbLine
 10
470052.192
 20
4349655.479
 30
0.0
 11
470052.192
 21
4349656.479
 31
0.0
  0
LINE
  5
9A5
330
17
100
AcDbEntity
  8
钻孔
 62
1
370
35
100
AcDbLine
 10
470052.192
 20
4349655.979
 30
0.0
 11
470050.99199999997
 21
4349655.979
 31
0.0
  0
TEXT
  5
9A6
330
17
100
AcDbEntity
  8
钻孔
 62
138
420
19532
100
AcDbText
 10
470049.91199999995
 20
4349656.379000001
 30
0.0
 40
0.4
  1
BS-3940-0915-P44
  7
CN_TTF
 11
470049.91199999995
 21
4349656.379000001
 31
0.0
100
AcDbText
  0
TEXT
  5
9A7
330
17
100
AcDbEntity
  8
钻孔
 62
1
100
AcDbText
 10
470049.002
 20
4349655.629000001
 30
0.0
 40
0.7
  1
1.82
  7
CN_TTF
 11
470049.002
 21
4349655.629000001
 31
0.0
100
AcDbText
  0
LINE
  5
9A8
330
17
100
AcDbEntity
  8
点
 62
138
420
19532
100
AcDbLine
 10
470058.4
 20
4349657.158
 30
0.0
 11
470059.4
 21
4349657.158
 31
0.0
  0
LINE
  5
9A9
330
17
100
AcDbEntity
  8
点
 62
138
420
19532
100
AcDbLine
 10
470058.9
 20
4349656.658
 30
0.0
 11
470058.9
 21
4349657.658
 31
0.0
  0
LINE
  5
9AA
330
17
100
AcDbEntity
  8
钻孔
 62
5
370
35
100
AcDbLine
 10
470058.9
 20
4349657.158
 30
0.0
 11
470057.7
 21
4349657.158
 31
0.0
  0
TEXT
  5
9AB
330
17
100
AcDbEntity
  8
钻孔
 62
138
420
19532
100
AcDbText
 10
470056.62
 20
4349657.558
 30
0.0
 40
0.4
  1
BS-3940-0915-P45
  7
CN_TTF
 11
470056.62
 21
4349657.558
 31
0.0
100
AcDbText
  0
TEXT
  5
9AC
330
17
100
AcDbEntity
  8
钻孔
 62
5
100
AcDbText
 10
470055.71
 20
4349656.808
 30
0.0
 40
0.7
  1
1.11
  7
CN_TTF
 11
470055.71
 21
4349656.808
 31
0.0
100
AcDbText
  0
LINE
  5
9AD
330
17
100
AcDbEntity
  8
点
 62
138
420
19532
100
AcDbLine
 10
470063.323
 20
4349658.416
 30
0.0
 11
470064.323
 21
4349658.416
 31
0.0
  0
LINE
  5
9AE
330
17
100
AcDbEntity
  8
点
 62
138
420
19532
100
AcDbLine
 10
470063.823
 20
4349657.916
 30
0.0
 11
470063.823
 21
4349658.916
 31
0.0
  0
LINE
  5
9AF
330
17
100
AcDbEntity
  8
钻孔
 62
5
370
35
100
AcDbLine
 10
470063.823
 20
4349658.416
 30
0.0
 11
470062.62299999996
 21
4349658.416
 31
0.0
  0
TEXT
  5
9B0
330
17
100
AcDbEntity
  8
钻孔
 62
138
420
19532
100
AcDbText
 10
470061.54299999995
 20
4349658.816000001
 30
0.0
 40
0.4
  1
BS-3940-0915-P46
  7
CN_TTF
 11
470061.54299999995
 21
4349658.816000001
 31
0.0
100
AcDbText
  0
TEXT
  5
9B1
330
17
100
AcDbEntity
  8
钻孔
 62
5
100
AcDbText
 10
470060.633
 20
4349658.066000001
 30
0.0
 40
0.7
  1
1.33
  7
CN_TTF
 11
470060.633
 21
4349658.066000001
 31
0.0
100
AcDbText
  0
LINE
  5
9B2
330
17
100
AcDbEntity
  8
点
 62
138
420
19532
100
AcDbLine
 10
470072.055
 20
4349659.791
 30
0.0
 11
470073.055
 21
4349659.791
 31
0.0
  0
LINE
  5
9B3
330
17
100
AcDbEntity
  8
点
 62
138
420
19532
100
AcDbLine
 10
470072.555
 20
4349659.291
 30
0.0
 11
470072.555
 21
4349660.291
 31
0.0
  0
LINE
  5
9B4
330
17
100
AcDbEntity
  8
钻孔
 62
1
370
35
100
AcDbLine
 10
470072.555
 20
4349659.791
 30
0.0
 11
470071.355
 21
4349659.791
 31
0.0
  0
TEXT
  5
9B5
330
17
100
AcDbEntity
  8
钻孔
 62
138
420
19532
100
AcDbText
 10
470070.27499999997
 20
4349660.191000001
 30
0.0
 40
0.4
  1
BS-3940-0915-P47
  7
CN_TTF
 11
470070.27499999997
 21
4349660.191000001
 31
0.0
100
AcDbText
  0
TEXT
  5
9B6
330
17
100
AcDbEntity
  8
钻孔
 62
1
100
AcDbText
 10
470069.365
 20
4349659.441000001
 30
0.0
 40
0.7
  1
1.63
  7
CN_TTF
 11
470069.365
 21
4349659.441000001
 31
0.0
100
AcDbText
  0
LINE
  5
9B7
330
17
100
AcDbEntity
  8
0
 62
7
100
AcDbLine
 10
470071.126
 20
4349657.397
 30
0.0
 11
470080.8444008518
 21
4349659.825696306
 31
0.0
  0
MTEXT
  5
9B8
330
17
100
AcDbEntity
  8
0
100
AcDbMText
 10
470080.8444008518
 20
4349659.825696306
 30
0.0
 40
3.0
 71
1
  1
1号矿块
  7
CN_TTF
  0
LINE
  5
9B9
330
17
100
AcDbEntity
  8
0
 62
7
100
AcDbLine
 10
470077.249
 20
4349652.237
 30
0.0
 11
470096.8782673025
 21
4349651.600567214
 31
0.0
  0
MTEXT
  5
9BA
330
17
100
AcDbEntity
  8
0
100
AcDbMText
 10
470096.8782673025
 20
4349651.600567214
 30
0.0
 40
3.0
 71
1
  1
2号矿块
  7
CN_TTF
  0
LINE
  5
9BB
330
17
100
AcDbEntity
  8
0
 62
7
100
AcDbLine
 10
470009.4933952812
 20
4349639.27925778
 30
0.0
 11
470008.91498130705
 21
4349636.001090281
 31
0.0
  0
MTEXT
  5
9BC
330
17
100
AcDbEntity
  8
0
100
AcDbMText
 10
470008.91498130705
 20
4349636.001090281
 30
0.0
 40
3.0
 71
1
  1
3号矿块
  7
CN_TTF
  0
LINE
  5
9BD
330
17
100
AcDbEntity
  8
0
 62
7
100
AcDbLine
 10
470036.03099999996
 20
4349644.869999999
 30
0.0
 11
470027.6237978544
 21
4349642.559428337
 31
0.0
  0
MTEXT
  5
9BE
330
17
100
AcDbEntity
  8
0
100
AcDbMText
 10
470027.6237978544
 20
4349642.559428337
 30
0.0
 40
3.0
 71
1
  1
4号矿块
  7
CN_TTF
  0
LINE
  5
9BF
330
17
100
AcDbEntity
  8
0
 62
7
100
AcDbLine
 10
470054.9760466723
 20
4349659.81128789
 30
0.0
 11
470058.69742606697
 21
4349671.012574517
 31
0.0
  0
MTEXT
  5
9C0
330
17
100
AcDbEntity
  8
0
100
AcDbMText
 10
470058.69742606697
 20
4349671.012574517
 30
0.0
 40
3.0
 71
1
  1
5号矿块
  7
CN_TTF
  0
LINE
  5
9C1
330
17
100
AcDbEntity
  8
0
 62
7
100
AcDbLine
 10
470069.7383654968
 20
4349649.264183987
 30
0.0
 11
470080.24937727384
 21
4349639.126839541
 31
0.0
  0
MTEXT
  5
9C2
330
17
100
AcDbEntity
  8
0
100
AcDbMText
 10
470080.24937727384
 20
4349639.126839541
 30
0.0
 40
3.0
 71
1
  1
6号矿块
  7
CN_TTF
  0
LINE
  5
9C3
330
17
100
AcDbEntity
  8
0
 62
7
100
AcDbLine
 10
470067.7495018601
 20
4349661.894552914
 30
0.0
 11
470072.9896809689
 21
4349667.192611188
 31
0.0
  0
MTEXT
  5
9C4
330
17
100
AcDbEntity
  8
0
100
AcDbMText
 10
470072.9896809689
 20
4349667.192611188
 30
0.0
 40
3.0
 71
1
  1
7号矿块
  7
CN_TTF
  0
TEXT
  5
9C5
330
17
100
AcDbEntity
  8
0
 62
7
100
AcDbText
 10
470003.539
 20
4349671.791
 30
0.0
 40
5.0
  1
3940平台 0915二次圈矿矿块图
  7
CN_TTF
 11
470003.539
 21
4349671.791
 31
0.0
100
AcDbText
  0
IMAGE
  5
9C9
330
17
100
AcDbEntity
  8
0
100
AcDbRasterImage
 90
0
 10
470079.213
 20
4349642.979405797
 30
0.0
 11
0.03051106025934401
 21
0.0
 31
0.0
 12
1.8682636142598827e-18
 22
0.03051106025934401
 32
0.0
 13
1311.0
 23
551.0
340
9C8
 70
3
280
0
281
50
282
50
283
0
360
9CA
 71
1
 91
2
 14
-0.5
 24
-0.5
 14
1310.5
 24
550.5
290
0
  0
ENDSEC
  0
SECTION
  2
OBJECTS
  0
DICTIONARY
  5
A
330
0
100
AcDbDictionary
281
1
  3
ACAD_COLOR
350
B
  3
ACAD_GROUP
350
C
  3
ACAD_LAYOUT
350
D
  3
ACAD_MATERIAL
350
E
  3
ACAD_MLEADERSTYLE
350
F
  3
ACAD_MLINESTYLE
350
10
  3
ACAD_PLOTSETTINGS
350
11
  3
ACAD_PLOTSTYLENAME
350
12
  3
ACAD_SCALELIST
350
14
  3
ACAD_TABLESTYLE
350
15
  3
ACAD_VISUALSTYLE
350
16
  3
EZDXF_META
350
2D
  3
ACAD_IMAGE_VARS
350
9C6
  3
ACAD_IMAGE_DICT
350
9C7
  0
DICTIONARY
  5
B
330
A
100
AcDbDictionary
281
1
  0
DICTIONARY
  5
C
330
A
100
AcDbDictionary
281
1
  0
DICTIONARY
  5
D
330
A
100
AcDbDictionary
281
1
  3
Model
350
1A
  3
Layout1
350
1E
  0
DICTIONARY
  5
E
330
A
100
AcDbDictionary
281
1
  3
ByBlock
350
1F
  3
ByLayer
350
20
  3
Global
350
21
  0
DICTIONARY
  5
F
330
A
100
AcDbDictionary
281
1
  3
Standard
350
2C
  0
DICTIONARY
  5
10
330
A
100
AcDbDictionary
281
1
  3
Standard
350
22
  0
DICTIONARY
  5
11
330
A
100
AcDbDictionary
281
1
  0
ACDBDICTIONARYWDFLT
  5
12
330
A
100
AcDbDictionary
281
1
  3
Normal
350
13
100
AcDbDictionaryWithDefault
340
13
  0
ACDBPLACEHOLDER
  5
13
330
12
  0
DICTIONARY
  5
14
330
A
100
AcDbDictionary
281
1
  0
DICTIONARY
  5
15
330
A
100
AcDbDictionary
281
1
  0
DICTIONARY
  5
16
330
A
100
AcDbDictionary
281
1
  0
LAYOUT
  5
1A
330
D
100
AcDbPlotSettings
  1

  4
A3
  6

 40
7.5
 41
20.0
 42
7.5
 43
20.0
 44
420.0
 45
297.0
 46
0.0
 47
0.0
 48
0.0
 49
0.0
140
0.0
141
0.0
142
1.0
143
1.0
 70
1024
 72
1
 73
0
 74
5
  7

 75
16
 76
0
 77
2
 78
300
147
1.0
148
0.0
149
0.0
100
AcDbLayout
  1
Model
 70
1
 71
0
 10
0.0
 20
0.0
 11
420.0
 21
297.0
 12
0.0
 22
0.0
 32
0.0
 14
1e+20
 24
1e+20
 34
1e+20
 15
-1e+20
 25
-1e+20
 35
-1e+20
146
0.0
 13
0.0
 23
0.0
 33
0.0
 16
1.0
 26
0.0
 36
0.0
 17
0.0
 27
1.0
 37
0.0
 76
1
330
17
  0
LAYOUT
  5
1E
330
D
100
AcDbPlotSettings
  1

  4
A3
  6

 40
7.5
 41
20.0
 42
7.5
 43
20.0
 44
420.0
 45
297.0
 46
0.0
 47
0.0
 48
0.0
 49
0.0
140
0.0
141
0.0
142
1.0
143
1.0
 70
0
 72
1
 73
0
 74
5
  7

 75
16
 76
0
 77
2
 78
300
147
1.0
148
0.0
149
0.0
100
AcDbLayout
  1
Layout1
 70
1
 71
1
 10
0.0
 20
0.0
 11
420.0
 21
297.0
 12
0.0
 22
0.0
 32
0.0
 14
1e+20
 24
1e+20
 34
1e+20
 15
-1e+20
 25
-1e+20
 35
-1e+20
146
0.0
 13
0.0
 23
0.0
 33
0.0
 16
1.0
 26
0.0
 36
0.0
 17
0.0
 27
1.0
 37
0.0
 76
1
330
1B
  0
MATERIAL
  5
1F
102
{ACAD_REACTORS
330
E
102
}
330
E
100
AcDbMaterial
  1
ByBlock
  2

 70
0
 40
1.0
 71
1
 41
1.0
 91
-1023410177
 42
1.0
 72
1
  3

 73
1
 74
1
 75
1
 44
0.5
 73
0
 45
1.0
 46
1.0
 77
1
  4

 78
1
 79
1
170
1
 48
1.0
171
1
  6

172
1
173
1
174
1
140
1.0
141
1.0
175
1
  7

176
1
177
1
178
1
143
1.0
179
1
  8

270
1
271
1
272
1
145
1.0
146
1.0
273
1
  9

274
1
275
1
276
1
 42
1.0
 72
1
  3

 73
1
 74
1
 75
1
 94
63
  0
MATERIAL
  5
20
102
{ACAD_REACTORS
330
E
102
}
330
E
100
AcDbMaterial
  1
ByLayer
  2

 70
0
 40
1.0
 71
1
 41
1.0
 91
-1023410177
 42
1.0
 72
1
  3

 73
1
 74
1
 75
1
 44
0.5
 73
0
 45
1.0
 46
1.0
 77
1
  4

 78
1
 79
1
170
1
 48
1.0
171
1
  6

172
1
173
1
174
1
140
1.0
141
1.0
175
1
  7

176
1
177
1
178
1
143
1.0
179
1
  8

270
1
271
1
272
1
145
1.0
146
1.0
273
1
  9

274
1
275
1
276
1
 42
1.0
 72
1
  3

 73
1
 74
1
 75
1
 94
63
  0
MATERIAL
  5
21
102
{ACAD_REACTORS
330
E
102
}
330
E
100
AcDbMaterial
  1
Global
  2

 70
0
 40
1.0
 71
1
 41
1.0
 91
-1023410177
 42
1.0
 72
1
  3

 73
1
 74
1
 75
1
 44
0.5
 73
0
 45
1.0
 46
1.0
 77
1
  4

 78
1
 79
1
170
1
 48
1.0
171
1
  6

172
1
173
1
174
1
140
1.0
141
1.0
175
1
  7

176
1
177
1
178
1
143
1.0
179
1
  8

270
1
271
1
272
1
145
1.0
146
1.0
273
1
  9

274
1
275
1
276
1
 42
1.0
 72
1
  3

 73
1
 74
1
 75
1
 94
63
  0
MLINESTYLE
  5
22
102
{ACAD_REACTORS
330
10
102
}
330
10
100
AcDbMlineStyle
  2
Standard
 70
0
  3

 62
256
 51
90.0
 52
90.0
 71
2
 49
0.5
 62
256
  6
BYLAYER
 49
-0.5
 62
256
  6
BYLAYER
  0
MLEADERSTYLE
  5
2C
102
{ACAD_REACTORS
330
F
102
}
330
F
100
AcDbMLeaderStyle
179
2
170
2
171
1
172
0
 90
2
 40
0.0
 41
0.0
173
1
 91
-1056964608
 92
-2
290
1
 42
2.0
291
1
 43
8.0
  3
Standard
 44
4.0
300

342
29
174
1
175
1
176
0
178
1
 93
-1056964608
 45
4.0
292
0
297
0
 46
4.0
 94
-1056964608
 47
1.0
 49
1.0
140
1.0
294
1
141
0.0
177
0
142
1.0
295
0
296
0
143
3.75
271
0
272
9
273
9
  0
DICTIONARY
  5
2D
330
A
100
AcDbDictionary
280
1
281
1
  3
CREATED_BY_EZDXF
350
2E
  3
WRITTEN_BY_EZDXF
350
9CD
  0
DICTIONARYVAR
  5
2E
330
2D
100
DictionaryVariables
280
0
  1
1.4.4 @ 2026-10-10T17:04:33.059061+00:00
  0
RASTERVARIABLES
  5
9C6
102
{ACAD_REACTORS
330
A
102
}
330
A
100
AcDbRasterVariables
 90
0
 70
0
 71
1
 72
3
  0
DICTIONARY
  5
9C7
330
A
100
AcDbDictionary
281
1
  3
D:\WK\N CRT\北部山头3940平台2026\7、单日数据\北部山头3940平台-0915\二次圈矿成果_auto\3940平台 0915炮孔数据报告.png
350
9C8
  0
IMAGEDEF
  5
9C8
102
{ACAD_REACTORS
330
9C7
330
9CA
102
}
330
9C7
100
AcDbRasterImageDef
 90
0
  1
D:\WK\N CRT\北部山头3940平台2026\7、单日数据\北部山头3940平台-0915\二次圈矿成果_auto\3940平台 0915炮孔数据报告.png
 10
1311.0
 20
551.0
 11
0.01
 21
0.01
280
1
281
0
  0
IMAGEDEF_REACTOR
  5
9CA
330
9C9
100
AcDbRasterImageDefReactor
 90
2
330
9C9
  0
DICTIONARYVAR
  5
9CD
330
2D
100
DictionaryVariables
280
0
  1
1.4.4 @ 2026-10-10T17:04:33.329804+00:00
  0
ENDSEC
  0
EOF
