  0
SECTION
  2
HEADER
  9
$ACADVER
  1
AC1024
  9
$ACADMAINTVER
 70
6
  9
$DWGCODEPAGE
  3
ANSI_1252
  9
$LASTSAVEDBY
  1
ezdxf
  9
$INSBASE
 10
0.0
 20
0.0
 30
0.0
  9
$EXTMIN
 10
1e+20
 20
1e+20
 30
1e+20
  9
$EXTMAX
 10
-1e+20
 20
-1e+20
 30
-1e+20
  9
$LIMMIN
 10
0.0
 20
0.0
  9
$LIMMAX
 10
420.0
 20
297.0
  9
$ORTHOMODE
 70
0
  9
$REGENMODE
 70
1
  9
$FILLMODE
 70
1
  9
$QTEXTMODE
 70
0
  9
$MIRRTEXT
 70
1
  9
$LTSCALE
 40
1.0
  9
$ATTMODE
 70
1
  9
$TEXTSIZE
 40
2.5
  9
$TRACEWID
 40
1.0
  9
$TEXTSTYLE
  7
Standard
  9
$CLAYER
  8
0
  9
$CELTYPE
  6
ByLayer
  9
$CECOLOR
 62
256
  9
$CELTSCALE
 40
1.0
  9
$DISPSILH
 70
0
  9
$DIMSCALE
 40
1.0
  9
$DIMASZ
 40
2.5
  9
$DIMEXO
 40
0.625
  9
$DIMDLI
 40
3.75
  9
$DIMRND
 40
0.0
  9
$DIMDLE
 40
0.0
  9
$DIMEXE
 40
1.25
  9
$DIMTP
 40
0.0
  9
$DIMTM
 40
0.0
  9
$DIMTXT
 40
2.5
  9
$DIMCEN
 40
2.5
  9
$DIMTSZ
 40
0.0
  9
$DIMTOL
 70
0
  9
$DIMLIM
 70
0
  9
$DIMTIH
 70
0
  9
$DIMTOH
 70
0
  9
$DIMSE1
 70
0
  9
$DIMSE2
 70
0
  9
$DIMTAD
 70
1
  9
$DIMZIN
 70
8
  9
$DIMBLK
  1

  9
$DIMASO
 70
1
  9
$DIMSHO
 70
1
  9
$DIMPOST
  1

  9
$DIMAPOST
  1

  9
$DIMALT
 70
0
  9
$DIMALTD
 70
3
  9
$DIMALTF
 40
0.03937007874
  9
$DIMLFAC
 40
1.0
  9
$DIMTOFL
 70
1
  9
$DIMTVP
 40
0.0
  9
$DIMTIX
 70
0
  9
$DIMSOXD
 70
0
  9
$DIMSAH
 70
0
  9
$DIMBLK1
  1

  9
$DIMBLK2
  1

  9
$DIMSTYLE
  2
ISO-25
  9
$DIMCLRD
 70
0
  9
$DIMCLRE
 70
0
  9
$DIMCLRT
 70
0
  9
$DIMTFAC
 40
1.0
  9
$DIMGAP
 40
0.625
  9
$DIMJUST
 70
0
  9
$DIMSD1
 70
0
  9
$DIMSD2
 70
0
  9
$DIMTOLJ
 70
0
  9
$DIMTZIN
 70
8
  9
$DIMALTZ
 70
0
  9
$DIMALTTZ
 70
0
  9
$DIMUPT
 70
0
  9
$DIMDEC
 70
2
  9
$DIMTDEC
 70
2
  9
$DIMALTU
 70
2
  9
$DIMALTTD
 70
3
  9
$DIMTXSTY
  7
Standard
  9
$DIMAUNIT
 70
0
  9
$DIMADEC
 70
0
  9
$DIMALTRND
 40
0.0
  9
$DIMAZIN
 70
0
  9
$DIMDSEP
 70
44
  9
$DIMATFIT
 70
3
  9
$DIMFRAC
 70
0
  9
$DIMLDRBLK
  1

  9
$DIMLUNIT
 70
2
  9
$DIMLWD
 70
-2
  9
$DIMLWE
 70
-2
  9
$DIMTMOVE
 70
0
  9
$DIMFXL
 40
1.0
  9
$DIMFXLON
 70
0
  9
$DIMJOGANG
 40
0.785398163397
  9
$DIMTFILL
 70
0
  9
$DIMTFILLCLR
 70
0
  9
$DIMARCSYM
 70
0
  9
$DIMLTYPE
  6

  9
$DIMLTEX1
  6

  9
$DIMLTEX2
  6

  9
$DIMTXTDIRECTION
 70
0
  9
$LUNITS
 70
2
  9
$LUPREC
 70
4
  9
$SKETCHINC
 40
1.0
  9
$FILLETRAD
 40
10.0
  9
$AUNITS
 70
0
  9
$AUPREC
 70
2
  9
$MENU
  1
.
  9
$ELEVATION
 40
0.0
  9
$PELEVATION
 40
0.0
  9
$THICKNESS
 40
0.0
  9
$LIMCHECK
 70
0
  9
$CHAMFERA
 40
0.0
  9
$CHAMFERB
 40
0.0
  9
$CHAMFERC
 40
0.0
  9
$CHAMFERD
 40
0.0
  9
$SKPOLY
 70
0
  9
$TDCREATE
 40
2461324.9198958334
  9
$TDUCREATE
 40
2458532.153996898
  9
$TDUPDATE
 40
2461324.9198958334
  9
$TDUUPDATE
 40
2458532.1544311
  9
$TDINDWG
 40
0.0
  9
$TDUSRTIMER
 40
0.0
  9
$USRTIMER
 70
1
  9
$ANGBASE
 50
0.0
  9
$ANGDIR
 70
0
  9
$PDMODE
 70
0
  9
$PDSIZE
 40
0.0
  9
$PLINEWID
 40
0.0
  9
$SPLFRAME
 70
0
  9
$SPLINETYPE
 70
6
  9
$SPLINESEGS
 70
8
  9
$HANDSEED
  5
726
  9
$SURFTAB1
 70
6
  9
$SURFTAB2
 70
6
  9
$SURFTYPE
 70
6
  9
$SURFU
 70
6
  9
$SURFV
 70
6
  9
$UCSBASE
  2

  9
$UCSNAME
  2

  9
$UCSORG
 10
0.0
 20
0.0
 30
0.0
  9
$UCSXDIR
 10
1.0
 20
0.0
 30
0.0
  9
$UCSYDIR
 10
0.0
 20
1.0
 30
0.0
  9
$UCSORTHOREF
  2

  9
$UCSORTHOVIEW
 70
0
  9
$UCSORGTOP
 10
0.0
 20
0.0
 30
0.0
  9
$UCSORGBOTTOM
 10
0.0
 20
0.0
 30
0.0
  9
$UCSORGLEFT
 10
0.0
 20
0.0
 30
0.0
  9
$UCSORGRIGHT
 10
0.0
 20
0.0
 30
0.0
  9
$UCSORGFRONT
 10
0.0
 20
0.0
 30
0.0
  9
$UCSORGBACK
 10
0.0
 20
0.0
 30
0.0
  9
$PUCSBASE
  2

  9
$PUCSNAME
  2

  9
$PUCSORG
 10
0.0
 20
0.0
 30
0.0
  9
$PUCSXDIR
 10
1.0
 20
0.0
 30
0.0
  9
$PUCSYDIR
 10
0.0
 20
1.0
 30
0.0
  9
$PUCSORTHOREF
  2

  9
$PUCSORTHOVIEW
 70
0
  9
$PUCSORGTOP
 10
0.0
 20
0.0
 30
0.0
  9
$PUCSORGBOTTOM
 10
0.0
 20
0.0
 30
0.0
  9
$PUCSORGLEFT
 10
0.0
 20
0.0
 30
0.0
  9
$PUCSORGRIGHT
 10
0.0
 20
0.0
 30
0.0
  9
$PUCSORGFRONT
 10
0.0
 20
0.0
 30
0.0
  9
$PUCSORGBACK
 10
0.0
 20
0.0
 30
0.0
  9
$USERI1
 70
0
  9
$USERI2
 70
0
  9
$USERI3
 70
0
  9
$USERI4
 70
0
  9
$USERI5
 70
0
  9
$USERR1
 40
0.0
  9
$USERR2
 40
0.0
  9
$USERR3
 40
0.0
  9
$USERR4
 40
0.0
  9
$USERR5
 40
0.0
  9
$WORLDVIEW
 70
1
  9
$SHADEDGE
 70
3
  9
$SHADEDIF
 70
70
  9
$TILEMODE
 70
1
  9
$MAXACTVP
 70
64
  9
$PINSBASE
 10
0.0
 20
0.0
 30
0.0
  9
$PLIMCHECK
 70
0
  9
$PEXTMIN
 10
1e+20
 20
1e+20
 30
1e+20
  9
$PEXTMAX
 10
-1e+20
 20
-1e+20
 30
-1e+20
  9
$PLIMMIN
 10
0.0
 20
0.0
  9
$PLIMMAX
 10
420.0
 20
297.0
  9
$UNITMODE
 70
0
  9
$VISRETAIN
 70
1
  9
$PLINEGEN
 70
0
  9
$PSLTSCALE
 70
1
  9
$TREEDEPTH
 70
3020
  9
$CMLSTYLE
  2
Standard
  9
$CMLJUST
 70
0
  9
$CMLSCALE
 40
20.0
  9
$PROXYGRAPHICS
 70
1
  9
$MEASUREMENT
 70
1
  9
$CELWEIGHT
370
-1
  9
$ENDCAPS
280
0
  9
$JOINSTYLE
280
0
  9
$LWDISPLAY
290
0
  9
$INSUNITS
 70
6
  9
$HYPERLINKBASE
  1

  9
$STYLESHEET
  1

  9
$XEDIT
290
1
  9
$CEPSNTYPE
380
0
  9
$PSTYLEMODE
290
1
  9
$FINGERPRINTGUID
  2
{D17FE7BC-6495-4732-857B-DEEF285219A9}
  9
$VERSIONGUID
  2
{FD8D297A-B378-4BC8-84EE-E4F8EE8F9D7A}
  9
$EXTNAMES
290
1
  9
$PSVPSCALE
 40
0.0
  9
$OLESTARTUP
290
0
  9
$SORTENTS
280
127
  9
$INDEXCTL
280
0
  9
$HIDETEXT
280
1
  9
$XCLIPFRAME
280
1
  9
$HALOGAP
280
0
  9
$OBSCOLOR
 70
257
  9
$OBSLTYPE
280
0
  9
$INTERSECTIONDISPLAY
280
0
  9
$INTERSECTIONCOLOR
 70
257
  9
$DIMASSOC
280
2
  9
$PROJECTNAME
  1

  9
$CAMERADISPLAY
290
0
  9
$LENSLENGTH
 40
50.0
  9
$CAMERAHEIGHT
 40
0.0
  9
$STEPSPERSEC
 40
24.0
  9
$STEPSIZE
 40
100.0
  9
$3DDWFPREC
 40
2.0
  9
$PSOLWIDTH
 40
0.005
  9
$PSOLHEIGHT
 40
0.08
  9
$LOFTANG1
 40
1.570796326795
  9
$LOFTANG2
 40
1.570796326795
  9
$LOFTMAG1
 40
0.0
  9
$LOFTMAG2
 40
0.0
  9
$LOFTPARAM
 70
7
  9
$LOFTNORMALS
280
1
  9
$LATITUDE
 40
37.795
  9
$LONGITUDE
 40
-122.394
  9
$NORTHDIRECTION
 40
0.0
  9
$TIMEZONE
 70
-8000
  9
$LIGHTGLYPHDISPLAY
280
1
  9
$TILEMODELIGHTSYNCH
280
1
  9
$CMATERIAL
347
20
  9
$SOLIDHIST
280
0
  9
$SHOWHIST
280
1
  9
$DWFFRAME
280
2
  9
$DGNFRAME
280
2
  9
$REALWORLDSCALE
290
1
  9
$INTERFERECOLOR
 62
256
  9
$CSHADOW
280
0
  9
$SHADOWPLANELOCATION
 40
0.0
  0
ENDSEC
  0
SECTION
  2
CLASSES
  0
CLASS
  1
ACDBDICTIONARYWDFLT
  2
AcDbDictionaryWithDefault
  3
ObjectDBX Classes
 90
0
 91
0
280
0
281
0
  0
CLASS
  1
SUN
  2
AcDbSun
  3
SCENEOE
 90
1153
 91
0
280
0
281
0
  0
CLASS
  1
VISUALSTYLE
  2
AcDbVisualStyle
  3
ObjectDBX Classes
 90
4095
 91
0
280
0
281
0
  0
CLASS
  1
MATERIAL
  2
AcDbMaterial
  3
ObjectDBX Classes
 90
1153
 91
0
280
0
281
0
  0
CLASS
  1
SCALE
  2
AcDbScale
  3
ObjectDBX Classes
 90
1153
 91
0
280
0
281
0
  0
CLASS
  1
TABLESTYLE
  2
AcDbTableStyle
  3
ObjectDBX Classes
 90
4095
 91
0
280
0
281
0
  0
CLASS
  1
MLEADERSTYLE
  2
AcDbMLeaderStyle
  3
ACDB_MLEADERSTYLE_CLASS
 90
4095
 91
0
280
0
281
0
  0
CLASS
  1
DICTIONARYVAR
  2
AcDbDictionaryVar
  3
ObjectDBX Classes
 90
0
 91
0
280
0
281
0
  0
CLASS
  1
CELLSTYLEMAP
  2
AcDbCellStyleMap
  3
ObjectDBX Classes
 90
1152
 91
0
280
0
281
0
  0
CLASS
  1
MENTALRAYRENDERSETTINGS
  2
AcDbMentalRayRenderSettings
  3
SCENEOE
 90
1024
 91
0
280
0
281
0
  0
CLASS
  1
ACDBDETAILVIEWSTYLE
  2
AcDbDetailViewStyle
  3
ObjectDBX Classes
 90
1025
 91
0
280
0
281
0
  0
CLASS
  1
ACDBSECTIONVIEWSTYLE
  2
AcDbSectionViewStyle
  3
ObjectDBX Classes
 90
1025
 91
0
280
0
281
0
  0
CLASS
  1
RASTERVARIABLES
  2
AcDbRasterVariables
  3
ISM
 90
0
 91
0
280
0
281
0
  0
CLASS
  1
IMAGE
  2
AcDbRasterImage
  3
ISM
 90
2175
 91
0
280
0
281
1
  0
CLASS
  1
IMAGEDEF
  2
AcDbRasterImageDef
  3
ISM
 90
0
 91
0
280
0
281
0
  0
CLASS
  1
IMAGEDEF_REACTOR
  2
AcDbRasterImageDefReactor
  3
ISM
 90
1
 91
0
280
0
281
0
  0
CLASS
  1
ACDBPLACEHOLDER
  2
AcDbPlaceHolder
  3
ObjectDBX Classes
 90
0
 91
0
280
0
281
0
  0
CLASS
  1
LAYOUT
  2
AcDbLayout
  3
ObjectDBX Classes
 90
0
 91
0
280
0
281
0
  0
ENDSEC
  0
SECTION
  2
TABLES
  0
TABLE
  2
VPORT
  5
8
330
0
100
AcDbSymbolTable
 70
1
  0
VPORT
  5
23
330
8
100
AcDbSymbolTableRecord
100
AcDbViewportTableRecord
  2
*Active
 70
0
 10
0.0
 20
0.0
 11
1.0
 21
1.0
 12
0.0
 22
0.0
 13
0.0
 23
0.0
 14
0.5
 24
0.5
 15
0.5
 25
0.5
 16
0.0
 26
0.0
 36
1.0
 17
0.0
 27
0.0
 37
0.0
 40
1000.0
 41
1.34
 42
50.0
 43
0.0
 44
0.0
 50
0.0
 51
0.0
 71
0
 72
1000
 73
1
 74
3
 75
0
 76
0
 77
0
 78
0
281
0
 65
0
146
0.0
  0
ENDTAB
  0
TABLE
  2
LTYPE
  5
2
330
0
100
AcDbSymbolTable
 70
3
  0
LTYPE
  5
24
330
2
100
AcDbSymbolTableRecord
100
AcDbLinetypeTableRecord
  2
ByBlock
 70
0
  3

 72
65
 73
0
 40
0.0
  0
LTYPE
  5
25
330
2
100
AcDbSymbolTableRecord
100
AcDbLinetypeTableRecord
  2
ByLayer
 70
0
  3

 72
65
 73
0
 40
0.0
  0
LTYPE
  5
26
330
2
100
AcDbSymbolTableRecord
100
AcDbLinetypeTableRecord
  2
Continuous
 70
0
  3

 72
65
 73
0
 40
0.0
  0
ENDTAB
  0
TABLE
  2
LAYER
  5
1
330
0
100
AcDbSymbolTable
 70
11
  0
LAYER
  5
27
330
1
100
AcDbSymbolTableRecord
100
AcDbLayerTableRecord
  2
0
 70
0
 62
7
  6
Continuous
370
-3
390
13
347
21
  0
LAYER
  5
28
330
1
100
AcDbSymbolTableRecord
100
AcDbLayerTableRecord
  2
Defpoints
 70
0
 62
7
  6
Continuous
290
0
370
-3
390
13
347
21
  0
LAYER
  5
2F
330
1
100
AcDbSymbolTableRecord
100
AcDbLayerTableRecord
  2
0.500-1.000
 70
0
 62
4
  6
Continuous
370
-3
390
13
347
21
  0
LAYER
  5
30
330
1
100
AcDbSymbolTableRecord
100
AcDbLayerTableRecord
  2
1.000-1.500
 70
0
 62
5
  6
Continuous
370
-3
390
13
347
21
  0
LAYER
  5
31
330
1
100
AcDbSymbolTableRecord
100
AcDbLayerTableRecord
  2
1.500-3.000
 70
0
 62
1
  6
Continuous
370
-3
390
13
347
21
  0
LAYER
  5
32
330
1
100
AcDbSymbolTableRecord
100
AcDbLayerTableRecord
  2
3.000-999.000
 70
0
 62
2
  6
Continuous
370
-3
390
13
347
21
  0
LAYER
  5
33
330
1
100
AcDbSymbolTableRecord
100
AcDbLayerTableRecord
  2
爆区方格网
 70
0
 62
7
  6
Continuous
370
-3
390
13
347
21
  0
LAYER
  5
34
330
1
100
AcDbSymbolTableRecord
100
AcDbLayerTableRecord
  2
钻孔
 70
0
 62
7
  6
Continuous
370
-3
390
13
347
21
  0
LAYER
  5
35
330
1
100
AcDbSymbolTableRecord
100
AcDbLayerTableRecord
  2
点
 70
0
 62
7
  6
Continuous
370
-3
390
13
347
21
  0
LAYER
  5
36
330
1
100
AcDbSymbolTableRecord
100
AcDbLayerTableRecord
  2
缺工程待取样
 70
0
 62
7
  6
Continuous
370
-3
390
13
347
21
  0
LAYER
  5
37
330
1
100
AcDbSymbolTableRecord
100
AcDbLayerTableRecord
  2
综合图_历史矿块
 70
0
 62
7
  6
Continuous
370
-3
390
13
347
21
  0
ENDTAB
  0
TABLE
  2
STYLE
  5
5
330
0
100
AcDbSymbolTable
 70
2
  0
STYLE
  5
29
330
5
100
AcDbSymbolTableRecord
100
AcDbTextStyleTableRecord
  2
Standard
 70
0
 40
0.0
 41
1.0
 50
0.0
 71
0
 42
2.5
  3
txt
  4

  0
STYLE
  5
38
330
5
100
AcDbSymbolTableRecord
100
AcDbTextStyleTableRecord
  2
CN_TTF
 70
0
 40
0.0
 41
1.0
 50
0.0
 71
0
 42
2.5
  3
simsunb.ttf
  4

  0
ENDTAB
  0
TABLE
  2
VIEW
  5
7
330
0
100
AcDbSymbolTable
 70
0
  0
ENDTAB
  0
TABLE
  2
UCS
  5
6
330
0
100
AcDbSymbolTable
 70
0
  0
ENDTAB
  0
TABLE
  2
APPID
  5
3
330
0
100
AcDbSymbolTable
 70
3
  0
APPID
  5
2A
330
3
100
AcDbSymbolTableRecord
100
AcDbRegAppTableRecord
  2
ACAD
 70
0
  0
APPID
  5
723
330
3
100
AcDbSymbolTableRecord
100
AcDbRegAppTableRecord
  2
HATCHBACKGROUNDCOLOR
 70
0
  0
APPID
  5
724
330
3
100
AcDbSymbolTableRecord
100
AcDbRegAppTableRecord
  2
EZDXF
 70
0
  0
ENDTAB
  0
TABLE
  2
DIMSTYLE
  5
4
330
0
100
AcDbSymbolTable
 70
1
100
AcDbDimStyleTable
  0
DIMSTYLE
105
2B
330
4
100
AcDbSymbolTableRecord
100
AcDbDimStyleTableRecord
  2
Standard
 70
0
 40
1.0
 41
2.5
 42
0.625
 43
3.75
 44
1.25
 45
0.0
 46
0.0
 47
0.0
 48
0.0
 49
2.5
140
2.5
141
2.5
142
0.0
143
0.03937007874
144
1.0
145
0.0
146
1.0
147
0.625
148
0.0
 69
0
 70
0
 71
0
 72
0
 73
0
 74
0
 75
0
 76
0
 77
1
 78
8
 79
3
170
0
171
3
172
1
173
0
174
0
175
0
176
0
177
0
178
0
179
2
271
2
272
2
273
2
274
3
275
0
276
0
277
2
278
44
279
0
280
0
281
0
282
0
283
0
284
8
285
0
286
0
288
0
289
3
290
0
371
-2
372
-2
  0
ENDTAB
  0
TABLE
  2
BLOCK_RECORD
  5
9
330
0
100
AcDbSymbolTable
 70
2
  0
BLOCK_RECORD
  5
17
330
9
100
AcDbSymbolTableRecord
100
AcDbBlockTableRecord
  2
*Model_Space
340
1A
 70
0
280
1
281
0
  0
BLOCK_RECORD
  5
1B
330
9
100
AcDbSymbolTableRecord
100
AcDbBlockTableRecord
  2
*Paper_Space
340
1E
 70
0
280
1
281
0
  0
ENDTAB
  0
ENDSEC
  0
SECTION
  2
BLOCKS
  0
BLOCK
  5
18
330
17
100
AcDbEntity
  8
0
100
AcDbBlockBegin
  2
*Model_Space
 70
0
 10
0.0
 20
0.0
 30
0.0
  3
*Model_Space
  1

  0
ENDBLK
  5
19
330
17
100
AcDbEntity
  8
0
100
AcDbBlockEnd
  0
BLOCK
  5
1C
330
1B
100
AcDbEntity
  8
0
100
AcDbBlockBegin
  2
*Paper_Space
 70
0
 10
0.0
 20
0.0
 30
0.0
  3
*Paper_Space
  1

  0
ENDBLK
  5
1D
330
1B
100
AcDbEntity
  8
0
100
AcDbBlockEnd
  0
ENDSEC
  0
SECTION
  2
ENTITIES
  0
LWPOLYLINE
  5
39
330
17
100
AcDbEntity
  8
综合图_历史矿块
 62
9
100
AcDbPolyline
 90
22
 70
1
 10
470000.618
 20
4349644.028
 10
470003.474
 20
4349646.45
 10
470006.69
 20
4349647.902
 10
470017.277
 20
4349652.328
 10
470025.068
 20
4349654.87
 10
470031.336
 20
4349656.433
 10
470040.661
 20
4349658.519
 10
470041.308
 20
4349654.163
 10
470042.09
 20
4349652.708
 10
470035.13
 20
4349650.711
 10
470032.425
 20
4349648.437
 10
470031.686
 20
4349647.744
 10
470028.158
 20
4349649.496
 10
470024.15
 20
4349646.879
 10
470026.249
 20
4349644.911
 10
470023.219
 20
4349642.756
 10
470021.897
 20
4349640.896
 10
470020.866
 20
4349638.2
 10
470011.725
 20
4349638.697
 10
470006.746
 20
4349640.564
 10
470003.426
 20
4349640.811
 10
470000.618
 20
4349644.028
  0
LWPOLYLINE
  5
3A
330
17
100
AcDbEntity
  8
综合图_历史矿块
 62
9
100
AcDbPolyline
 90
44
 70
1
 10
470049.125
 20
4349655.871
 10
470048.386
 20
4349659.836
 10
470053.816
 20
4349660.878
 10
470054.192
 20
4349658.942
 10
470055.414
 20
4349656.646
 10
470057.087
 20
4349654.869
 10
470060.964
 20
4349655.726
 10
470063.283
 20
4349656.008
 10
470066.204
 20
4349656.669
 10
470067.495
 20
4349658.791
 10
470066.788
 20
4349662.272
 10
470072.137
 20
4349662.937
 10
470076.183
 20
4349663.27
 10
470076.521
 20
4349660.129
 10
470077.249
 20
4349652.237
 10
470075.928
 20
4349647.622
 10
470073.547
 20
4349643.49
 10
470072.867
 20
4349640.331
 10
470068.933
 20
4349639.99
 10
470061.268
 20
4349639.601
 10
470054.879
 20
4349638.777
 10
470047.117
 20
4349638.106
 10
470044.567
 20
4349637.688
 10
470044.76
 20
4349641.293
 10
470047.467
 20
4349643.25
 10
470048.627
 20
4349645.298
 10
470052.039
 20
4349645.708
 10
470053.818
 20
4349643.965
 10
470057.131
 20
4349643.145
 10
470058.91
 20
4349643.639
 10
470059.872
 20
4349644.483
 10
470061.243
 20
4349645.934
 10
470062.274
 20
4349647.979
 10
470066.875
 20
4349647.997
 10
470069.526
 20
4349649.115
 10
470070.251
 20
4349650.304
 10
470068.988
 20
4349652.36
 10
470067.525
 20
4349652.661
 10
470062.645
 20
4349651.953
 10
470059.268
 20
4349651.538
 10
470055.296
 20
4349650.011
 10
470052.312
 20
4349651.762
 10
470050.741
 20
4349653.716
 10
470049.125
 20
4349655.871
  0
LWPOLYLINE
  5
3B
330
17
100
AcDbEntity
  8
综合图_历史矿块
 62
9
100
AcDbPolyline
 90
36
 70
1
 10
470027.679
 20
4349645.435
 10
470030.993
 20
4349646.298
 10
470031.686
 20
4349647.744
 10
470035.317
 20
4349645.041
 10
470039.466
 20
4349642.957
 10
470042.451
 20
4349644.322
 10
470042.562
 20
4349645.668
 10
470044.736
 20
4349648.414
 10
470045.096
 20
4349650.012
 10
470042.09
 20
4349652.708
 10
470045.45
 20
4349652.937
 10
470049.125
 20
4349655.871
 10
470052.312
 20
4349651.762
 10
470055.296
 20
4349650.011
 10
470059.268
 20
4349651.538
 10
470067.525
 20
4349652.661
 10
470068.988
 20
4349652.36
 10
470070.251
 20
4349650.304
 10
470069.526
 20
4349649.115
 10
470066.875
 20
4349647.997
 10
470062.274
 20
4349647.979
 10
470061.243
 20
4349645.934
 10
470059.872
 20
4349644.483
 10
470058.91
 20
4349643.639
 10
470057.131
 20
4349643.145
 10
470053.818
 20
4349643.965
 10
470052.039
 20
4349645.708
 10
470048.627
 20
4349645.298
 10
470047.467
 20
4349643.25
 10
470044.76
 20
4349641.293
 10
470044.567
 20
4349637.688
 10
470039.199
 20
4349637.514
 10
470030.11
 20
4349638.139
 10
470031.197
 20
4349641.303
 10
470029.949
 20
4349644.176
 10
470027.679
 20
4349645.435
  0
LWPOLYLINE
  5
3C
330
17
100
AcDbEntity
  8
综合图_历史矿块
 62
9
100
AcDbPolyline
 90
10
 70
1
 10
470053.816
 20
4349660.878
 10
470066.788
 20
4349662.272
 10
470067.495
 20
4349658.791
 10
470066.204
 20
4349656.669
 10
470063.283
 20
4349656.008
 10
470060.964
 20
4349655.726
 10
470057.087
 20
4349654.869
 10
470055.414
 20
4349656.646
 10
470054.192
 20
4349658.942
 10
470053.816
 20
4349660.878
  0
LWPOLYLINE
  5
3D
330
17
100
AcDbEntity
  8
综合图_历史矿块
 62
9
100
AcDbPolyline
 90
13
 70
1
 10
470045.096
 20
4349650.012
 10
470044.736
 20
4349648.414
 10
470043.047
 20
4349646.28
 10
470042.562
 20
4349645.668
 10
470042.451
 20
4349644.322
 10
470039.466
 20
4349642.957
 10
470035.741
 20
4349644.828
 10
470035.317
 20
4349645.041
 10
470031.686
 20
4349647.744
 10
470035.13
 20
4349650.711
 10
470038.1
 20
4349651.563
 10
470042.09
 20
4349652.708
 10
470045.096
 20
4349650.012
  0
LWPOLYLINE
  5
3E
330
17
100
AcDbEntity
  8
综合图_历史矿块
 62
9
100
AcDbPolyline
 90
14
 70
1
 10
470028.923
 20
4349644.745
 10
470029.949
 20
4349644.176
 10
470031.197
 20
4349641.303
 10
470030.11
 20
4349638.139
 10
470028.793
 20
4349637.985
 10
470025.85
 20
4349637.642
 10
470023.853
 20
4349637.865
 10
470020.866
 20
4349638.2
 10
470021.897
 20
4349640.896
 10
470023.219
 20
4349642.756
 10
470023.722
 20
4349643.113
 10
470026.249
 20
4349644.911
 10
470027.679
 20
4349645.435
 10
470028.923
 20
4349644.745
  0
LWPOLYLINE
  5
3F
330
17
100
AcDbEntity
  8
综合图_历史矿块
 62
9
100
AcDbPolyline
 90
7
 70
1
 10
470049.125
 20
4349655.871
 10
470045.45
 20
4349652.937
 10
470042.09
 20
4349652.708
 10
470041.308
 20
4349654.163
 10
470040.661
 20
4349658.519
 10
470048.386
 20
4349659.836
 10
470049.125
 20
4349655.871
  0
LWPOLYLINE
  5
40
330
17
100
AcDbEntity
  8
综合图_历史矿块
 62
9
100
AcDbPolyline
 90
38
 70
1
 10
470029.747
 20
4349659.666
 10
470022.479
 20
4349659.22
 10
470011.109
 20
4349657.066
 10
470005.904
 20
4349658.839
 10
470005.855
 20
4349663.071
 10
470009.65
 20
4349665.947
 10
470013.517
 20
4349665.924
 10
470020.331
 20
4349669.878
 10
470026.635
 20
4349670.162
 10
470034.008
 20
4349672.104
 10
470041.361
 20
4349673.104
 10
470047.349
 20
4349675.362
 10
470054.343
 20
4349677.216
 10
470060.932
 20
4349678.679
 10
470067.779
 20
4349680.445
 10
470070.374
 20
4349678.209
 10
470068.58
 20
4349676.606
 10
470063.61
 20
4349675.309
 10
470062.064
 20
4349672.658
 10
470060.242
 20
4349670.725
 10
470057.564
 20
4349669.703
 10
470054.969
 20
4349670.918
 10
470053.013
 20
4349672.199
 10
470049.134
 20
4349671.432
 10
470048.575
 20
4349669.089
 10
470047.317
 20
4349667.062
 10
470045.693
 20
4349664.477
 10
470051.034
 20
4349664.014
 10
470056.068
 20
4349663.433
 10
470058.789
 20
4349663.063
 10
470059.568
 20
4349661.496
 10
470056.568
 20
4349661.174
 10
470053.816
 20
4349660.878
 10
470048.386
 20
4349659.836
 10
470040.643
 20
4349658.515
 10
470037.619
 20
4349657.838
 10
470036.478
 20
4349659.6
 10
470029.747
 20
4349659.666
  0
LWPOLYLINE
  5
41
330
17
100
AcDbEntity
  8
综合图_历史矿块
 62
9
100
AcDbPolyline
 90
19
 70
1
 10
470059.568
 20
4349661.496
 10
470058.789
 20
4349663.063
 10
470056.068
 20
4349663.433
 10
470051.034
 20
4349664.014
 10
470045.693
 20
4349664.477
 10
470048.575
 20
4349669.089
 10
470049.134
 20
4349671.432
 10
470053.013
 20
4349672.199
 10
470054.969
 20
4349670.918
 10
470057.564
 20
4349669.703
 10
470060.242
 20
4349670.725
 10
470062.064
 20
4349672.658
 10
470063.61
 20
4349675.309
 10
470068.58
 20
4349676.606
 10
470071.461
 20
4349674.934
 10
470071.544
 20
4349671.081
 10
470069.538
 20
4349665.982
 10
470066.788
 20
4349662.272
 10
470059.568
 20
4349661.496
  0
LWPOLYLINE
  5
42
330
17
100
AcDbEntity
  8
综合图_历史矿块
 62
9
100
AcDbPolyline
 90
12
 70
1
 10
470087.319
 20
4349648.986
 10
470083.889
 20
4349651.991
 10
470087.36
 20
4349656.288
 10
470085.709
 20
4349659.311
 10
470090.823
 20
4349662.009
 10
470093.614
 20
4349664.11
 10
470095.247
 20
4349667.068
 10
470098.071
 20
4349670.29
 10
470100.543
 20
4349667.995
 10
470096.438
 20
4349661.24
 10
470092.908
 20
4349655.501
 10
470087.319
 20
4349648.986
  0
LWPOLYLINE
  5
43
330
17
100
AcDbEntity
  8
综合图_历史矿块
 62
9
100
AcDbPolyline
 90
28
 70
1
 10
470090.823
 20
4349662.009
 10
470088.803
 20
4349666.427
 10
470090.728
 20
4349672.913
 10
470092.958
 20
4349680.036
 10
470094.717
 20
4349686.447
 10
470097.817
 20
4349692.565
 10
470100.278
 20
4349701.085
 10
470103.459
 20
4349714.397
 10
470107.154
 20
4349716.026
 10
470110.138
 20
4349718.026
 10
470110.826
 20
4349722.422
 10
470114.373
 20
4349727.421
 10
470117.104
 20
4349732.651
 10
470121.68
 20
4349733.865
 10
470122.824
 20
4349730.456
 10
470115.23
 20
4349721.877
 10
470115.654
 20
4349715.406
 10
470115.919
 20
4349710.845
 10
470113.957
 20
4349704.321
 10
470116.025
 20
4349699.654
 10
470110.352
 20
4349690.002
 10
470106.057
 20
4349684.275
 10
470101.206
 20
4349674.834
 10
470100.543
 20
4349667.995
 10
470098.071
 20
4349670.29
 10
470095.247
 20
4349667.068
 10
470093.614
 20
4349664.11
 10
470090.823
 20
4349662.009
  0
LWPOLYLINE
  5
44
330
17
100
AcDbEntity
  8
综合图_历史矿块
 62
9
100
AcDbPolyline
 90
11
 70
1
 10
470114.373
 20
4349727.421
 10
470111.088
 20
4349722.791
 10
470110.826
 20
4349722.422
 10
470110.138
 20
4349718.026
 10
470107.154
 20
4349716.026
 10
470103.459
 20
4349714.397
 10
470104.254
 20
4349720.146
 10
470105.369
 20
4349724.5
 10
470106.074
 20
4349727.256
 10
470109.856
 20
4349729.218
 10
470114.373
 20
4349727.421
  0
LWPOLYLINE
  5
45
330
17
100
AcDbEntity
  8
3.000-999.000
 62
2
370
30
100
AcDbPolyline
 90
4
 70
1
 10
470011.11588904756
 20
4349666.79125929
 10
470011.27994309034
 20
4349665.711455578
 10
470008.9509704818
 20
4349666.004995431
 10
470011.11588904756
 20
4349666.79125929
  0
LWPOLYLINE
  5
46
330
17
100
AcDbEntity
  8
1.500-3.000
 62
1
370
30
100
AcDbPolyline
 90
68
 70
1
 10
470022.6518975972
 20
4349659.998496319
 10
470024.2604045457
 20
4349660.4419775475
 10
470026.2207247591
 20
4349660.982457164
 10
470031.96855548193
 20
4349662.567190778
 10
470033.3044826341
 20
4349662.935519069
 10
470030.87627830665
 20
4349663.241565923
 10
470027.39249061304
 20
4349663.680656758
 10
470022.2662903634
 20
4349664.326754552
 10
470020.9541960789
 20
4349664.492128745
 10
470019.7100639701
 20
4349664.648937096
 10
470015.6998491166
 20
4349665.154377938
 10
470011.27994309034
 20
4349665.711455578
 10
470011.11588904756
 20
4349666.79125929
 10
470015.4014186631
 20
4349668.347695224
 10
470019.6386166396
 20
4349669.886577879
 10
470023.09990171343
 20
4349670.450582184
 10
470029.6325113308
 20
4349671.5150480885
 10
470037.4623682158
 20
4349672.790895901
 10
470039.9611689087
 20
4349673.198066739
 10
470040.5467357735
 20
4349673.293482814
 10
470040.57323145046
 20
4349673.297800192
 10
470050.2249619364
 20
4349676.166293734
 10
470057.0316909963
 20
4349678.189253076
 10
470063.7379233877
 20
4349680.182344816
 10
470067.02791353664
 20
4349681.16012963
 10
470067.3326441409
 20
4349679.992426389
 10
470068.23956995166
 20
4349676.517159401
 10
470068.58
 20
4349676.606
 10
470071.461
 20
4349674.934
 10
470071.544
 20
4349671.081
 10
470069.538
 20
4349665.982
 10
470066.788
 20
4349662.272
 10
470059.568
 20
4349661.496
 10
470058.789
 20
4349663.063
 10
470056.068
 20
4349663.433
 10
470055.64307104837
 20
4349663.48204325
 10
470055.29877456464
 20
4349662.99575801
 10
470053.6384627055
 20
4349660.650729265
 10
470051.3881034585
 20
4349657.4723160695
 10
470051.32549214485
 20
4349657.383883689
 10
470049.9423627957
 20
4349657.233988839
 10
470049.18135626137
 20
4349657.311078337
 10
470048.2992409315
 20
4349657.400436082
 10
470048.12038597814
 20
4349658.794786906
 10
470047.9715
 20
4349659.9555
 10
470046.306
 20
4349660.26
 10
470044.506824602
 20
4349661.1687205685
 10
470043.351
 20
4349661.7524999995
 10
470042.215966791
 20
4349661.184351557
 10
470042.2159667899
 20
4349661.184351557
 10
470041.247
 20
4349661.5765
 10
470039.6
 20
4349662.9425
 10
470039.07673319324
 20
4349663.325724881
 10
470037.87
 20
4349664.2095
 10
470035.4820640031
 20
4349663.839914885
 10
470034.255
 20
4349663.65
 10
470033.1399505372
 20
4349661.843968022
 10
470033.102
 20
4349661.782500001
 10
470033.17894794355
 20
4349658.932112539
 10
470033.2246973578
 20
4349657.23741414
 10
470025.19057109
 20
4349658.501755658
 10
470021.8963256096
 20
4349659.020175606
 10
470019.26692898374
 20
4349658.004195551
 10
470015.5940471898
 20
4349656.585020289
 10
470012.36961925554
 20
4349656.493524371
 10
470012.3557269459
 20
4349657.15974053
 10
470018.8988742368
 20
4349658.963750767
 10
470022.6518975972
 20
4349659.998496319
  0
LWPOLYLINE
  5
47
330
17
100
AcDbEntity
  8
1.000-1.500
 62
5
370
30
100
AcDbPolyline
 90
31
 70
1
 10
470051.3881034585
 20
4349657.4723160695
 10
470054.3061818366
 20
4349661.593817485
 10
470055.64307104854
 20
4349663.48204325
 10
470051.034
 20
4349664.014
 10
470045.693
 20
4349664.477
 10
470048.575
 20
4349669.089
 10
470049.134
 20
4349671.432
 10
470053.013
 20
4349672.199
 10
470054.969
 20
4349670.918
 10
470057.564
 20
4349669.703
 10
470060.242
 20
4349670.725
 10
470062.064
 20
4349672.658
 10
470062.15425260545
 20
4349672.812760451
 10
470062.144
 20
4349672.853
 10
470063.4155
 20
4349675.2355
 10
470063.59090921073
 20
4349675.276264112
 10
470063.61
 20
4349675.309
 10
470068.58
 20
4349676.606
 10
470071.461
 20
4349674.934
 10
470071.544
 20
4349671.081
 10
470069.538
 20
4349665.982
 10
470069.115487569
 20
4349665.41199232
 10
470068.263600457
 20
4349663.423386242
 10
470067.40817976766
 20
4349663.108678887
 10
470066.788
 20
4349662.272
 10
470064.4513147997
 20
4349662.020854887
 10
470060.69764099445
 20
4349660.639886701
 10
470054.36958667415
 20
4349658.311809689
 10
470052.0652677214
 20
4349657.464055907
 10
470051.5472340377
 20
4349657.407914679
 10
470051.3881034585
 20
4349657.4723160695
  0
LWPOLYLINE
  5
48
330
17
100
AcDbEntity
  8
1.000-1.500
 62
5
370
30
100
AcDbPolyline
 90
12
 70
1
 10
470042.2300199478
 20
4349661.016352443
 10
470042.48320864915
 20
4349657.989596604
 10
470042.6128608421
 20
4349656.439663571
 10
470040.0552306178
 20
4349656.162483713
 10
470035.5881547811
 20
4349656.865473591
 10
470034.06628248567
 20
4349657.104972729
 10
470033.2246973578
 20
4349657.23741414
 10
470033.17894794355
 20
4349658.932112539
 10
470033.102
 20
4349661.782500001
 10
470034.2549999999
 20
4349663.65
 10
470037.87000000017
 20
4349664.2095
 10
470042.2300199478
 20
4349661.016352443
  0
LWPOLYLINE
  5
49
330
17
100
AcDbEntity
  8
1.000-1.500
 62
5
370
30
100
AcDbPolyline
 90
19
 70
1
 10
470045.6930000001
 20
4349664.477000001
 10
470048.575
 20
4349669.089000001
 10
470049.13399999996
 20
4349671.432
 10
470053.01300000044
 20
4349672.199
 10
470054.9690000007
 20
4349670.918
 10
470057.56399999437
 20
4349669.7030000035
 10
470060.24199999584
 20
4349670.724999995
 10
470062.06399999984
 20
4349672.658
 10
470063.6100000001
 20
4349675.309
 10
470068.58000000013
 20
4349676.606
 10
470071.461
 20
4349674.934
 10
470071.544
 20
4349671.081
 10
470069.5379999999
 20
4349665.982
 10
470066.7880000001
 20
4349662.272
 10
470059.568
 20
4349661.496
 10
470058.7890000013
 20
4349663.062999997
 10
470056.0679999741
 20
4349663.433000003
 10
470051.03399999946
 20
4349664.014
 10
470045.6930000001
 20
4349664.477000001
  0
LWPOLYLINE
  5
4A
330
17
100
AcDbEntity
  8
1.000-1.500
 62
5
370
30
100
AcDbPolyline
 90
4
 70
1
 10
470012.36961925554
 20
4349656.493524371
 10
470009.6605440709
 20
4349656.416652031
 10
470012.3557269459
 20
4349657.15974053
 10
470012.36961925554
 20
4349656.493524371
  0
LWPOLYLINE
  5
4B
330
17
100
AcDbEntity
  8
0.500-1.000
 62
4
370
30
100
AcDbPolyline
 90
19
 70
1
 10
470058.789
 20
4349663.063
 10
470056.068
 20
4349663.433
 10
470051.034
 20
4349664.014
 10
470045.693
 20
4349664.477
 10
470048.575
 20
4349669.089
 10
470049.134
 20
4349671.432
 10
470053.013
 20
4349672.199
 10
470054.969
 20
4349670.918
 10
470057.564
 20
4349669.703
 10
470060.242
 20
4349670.725
 10
470062.064
 20
4349672.658
 10
470063.61
 20
4349675.309
 10
470068.58
 20
4349676.606
 10
470071.461
 20
4349674.934
 10
470071.544
 20
4349671.081
 10
470069.538
 20
4349665.982
 10
470066.788
 20
4349662.272
 10
470059.568
 20
4349661.496
 10
470058.789
 20
4349663.063
  0
LWPOLYLINE
  5
4C
330
17
100
AcDbEntity
  8
0.500-1.000
 62
4
370
30
100
AcDbPolyline
 90
25
 70
1
 10
470044.28155436943
 20
4349662.218295195
 10
470048.575
 20
4349669.089
 10
470049.13399999996
 20
4349671.432
 10
470053.01300000044
 20
4349672.199
 10
470054.9690000007
 20
4349670.918
 10
470057.56399999437
 20
4349669.7030000035
 10
470060.24199999584
 20
4349670.724999995
 10
470062.06399999984
 20
4349672.658
 10
470063.6100000001
 20
4349675.309
 10
470068.58000000013
 20
4349676.606
 10
470071.461
 20
4349674.934
 10
470071.544
 20
4349671.081
 10
470069.5379999999
 20
4349665.982
 10
470066.7880000001
 20
4349662.272
 10
470059.568
 20
4349661.496
 10
470058.7890000013
 20
4349663.062999997
 10
470056.0679999762
 20
4349663.433000003
 10
470047.39706891624
 20
4349664.433757043
 10
470048.12038597814
 20
4349658.794786906
 10
470048.2992409315
 20
4349657.400436082
 10
470048.3428268044
 20
4349657.0606412
 10
470042.6128608421
 20
4349656.439663571
 10
470042.48320864915
 20
4349657.989596604
 10
470042.21596679004
 20
4349661.184351555
 10
470044.28155436943
 20
4349662.218295195
  0
LWPOLYLINE
  5
4D
330
17
100
AcDbEntity
  8
爆区方格网
 62
1
100
AcDbPolyline
 90
5
 70
1
 10
470011.9509704818
 20
4349666.162483713
 10
470011.21141860937
 20
4349666.162483713
 10
470011.11588904756
 20
4349666.79125929
 10
470011.9509704818
 20
4349667.094547533
 10
470011.9509704818
 20
4349666.162483713
  0
TEXT
  5
4E
330
17
100
AcDbEntity
  8
0
 62
1
100
AcDbText
 10
470011.3973121551
 20
4349666.406871501
 30
0.0
 40
0.1333
  1
2.53
  7
CN_TTF
 11
470011.3973121551
 21
4349666.406871501
 31
0.0
100
AcDbText
  0
LWPOLYLINE
  5
4F
330
17
100
AcDbEntity
  8
爆区方格网
 62
1
100
AcDbPolyline
 90
6
 70
1
 10
470012.9509704818
 20
4349657.162483713
 10
470012.9509704818
 20
4349656.510020712
 10
470012.36961925554
 20
4349656.493524371
 10
470012.3557269459
 20
4349657.15974053
 10
470012.3656764729
 20
4349657.162483713
 10
470012.9509704818
 20
4349657.162483713
  0
TEXT
  5
50
330
17
100
AcDbEntity
  8
0
 62
1
100
AcDbText
 10
470012.4967357936
 20
4349656.764880621
 30
0.0
 40
0.1333
  1
1.50
  7
CN_TTF
 11
470012.4967357936
 21
4349656.764880621
 31
0.0
100
AcDbText
  0
LWPOLYLINE
  5
51
330
17
100
AcDbEntity
  8
爆区方格网
 62
1
100
AcDbPolyline
 90
5
 70
1
 10
470011.9509704818
 20
4349666.162483713
 10
470012.9509704818
 20
4349666.162483713
 10
470012.9509704818
 20
4349665.500842052
 10
470011.9509704818
 20
4349665.626880396
 10
470011.9509704818
 20
4349666.162483713
  0
TEXT
  5
52
330
17
100
AcDbEntity
  8
0
 62
1
100
AcDbText
 10
470012.2909704818
 20
4349665.824682054
 30
0.0
 40
0.1333
  1
2.53
  7
CN_TTF
 11
470012.2909704818
 21
4349665.824682054
 31
0.0
100
AcDbText
  0
LWPOLYLINE
  5
53
330
17
100
AcDbEntity
  8
爆区方格网
 62
1
100
AcDbPolyline
 90
6
 70
1
 10
470012.9509704818
 20
4349667.162483713
 10
470012.9509704818
 20
4349666.162483713
 10
470011.9509704818
 20
4349666.162483713
 10
470011.9509704818
 20
4349667.094547533
 10
470012.1380276551
 20
4349667.162483713
 10
470012.9509704818
 20
4349667.162483713
  0
TEXT
  5
54
330
17
100
AcDbEntity
  8
0
 62
1
100
AcDbText
 10
470012.2909704818
 20
4349666.558515623
 30
0.0
 40
0.1333
  1
2.53
  7
CN_TTF
 11
470012.2909704818
 21
4349666.558515623
 31
0.0
100
AcDbText
  0
LWPOLYLINE
  5
55
330
17
100
AcDbEntity
  8
爆区方格网
 62
1
100
AcDbPolyline
 90
5
 70
1
 10
470012.9509704818
 20
4349657.162483713
 10
470013.9509704818
 20
4349657.162483713
 10
470013.9509704818
 20
4349656.538396573
 10
470012.9509704818
 20
4349656.510020712
 10
470012.9509704818
 20
4349657.162483713
  0
TEXT
  5
56
330
17
100
AcDbEntity
  8
0
 62
1
100
AcDbText
 10
470013.2909704818
 20
4349656.780440142
 30
0.0
 40
0.1333
  1
1.50
  7
CN_TTF
 11
470013.2909704818
 21
4349656.780440142
 31
0.0
100
AcDbText
  0
LWPOLYLINE
  5
57
330
17
100
AcDbEntity
  8
爆区方格网
 62
1
100
AcDbPolyline
 90
5
 70
1
 10
470012.9509704818
 20
4349666.162483713
 10
470013.9509704818
 20
4349666.162483713
 10
470013.9509704818
 20
4349665.374803707
 10
470012.9509704818
 20
4349665.500842052
 10
470012.9509704818
 20
4349666.162483713
  0
TEXT
  5
58
330
17
100
AcDbEntity
  8
0
 62
1
100
AcDbText
 10
470013.2909704818
 20
4349665.761662882
 30
0.0
 40
0.1333
  1
2.53
  7
CN_TTF
 11
470013.2909704818
 21
4349665.761662882
 31
0.0
100
AcDbText
  0
LWPOLYLINE
  5
59
330
17
100
AcDbEntity
  8
爆区方格网
 62
1
100
AcDbPolyline
 90
5
 70
1
 10
470012.9509704818
 20
4349666.162483713
 10
470012.9509704818
 20
4349667.162483713
 10
470013.9509704818
 20
4349667.162483713
 10
470013.9509704818
 20
4349666.162483713
 10
470012.9509704818
 20
4349666.162483713
  0
TEXT
  5
5A
330
17
100
AcDbEntity
  8
0
 62
1
100
AcDbText
 10
470013.2909704818
 20
4349666.592483712
 30
0.0
 40
0.1333
  1
2.53
  7
CN_TTF
 11
470013.2909704818
 21
4349666.592483712
 31
0.0
100
AcDbText
  0
LWPOLYLINE
  5
5B
330
17
100
AcDbEntity
  8
爆区方格网
 62
1
100
AcDbPolyline
 90
5
 70
1
 10
470013.9509704818
 20
4349657.162483713
 10
470014.9509704818
 20
4349657.162483713
 10
470014.9509704818
 20
4349656.566772434
 10
470013.9509704818
 20
4349656.538396573
 10
470013.9509704818
 20
4349657.162483713
  0
TEXT
  5
5C
330
17
100
AcDbEntity
  8
0
 62
1
100
AcDbText
 10
470014.2909704818
 20
4349656.7946280725
 30
0.0
 40
0.1333
  1
1.50
  7
CN_TTF
 11
470014.2909704818
 21
4349656.7946280725
 31
0.0
100
AcDbText
  0
LWPOLYLINE
  5
5D
330
17
100
AcDbEntity
  8
爆区方格网
 62
1
100
AcDbPolyline
 90
5
 70
1
 10
470014.9509704818
 20
4349657.162483713
 10
470013.9509704818
 20
4349657.162483713
 10
470013.9509704818
 20
4349657.599564905
 10
470014.9509704818
 20
4349657.875274767
 10
470014.9509704818
 20
4349657.162483713
  0
TEXT
  5
5E
330
17
100
AcDbEntity
  8
0
 62
1
100
AcDbText
 10
470014.2909704818
 20
4349657.311024308
 30
0.0
 40
0.1333
  1
1.50
  7
CN_TTF
 11
470014.2909704818
 21
4349657.311024308
 31
0.0
100
AcDbText
  0
LWPOLYLINE
  5
5F
330
17
100
AcDbEntity
  8
爆区方格网
 62
1
100
AcDbPolyline
 90
5
 70
1
 10
470013.9509704818
 20
4349666.162483713
 10
470014.9509704818
 20
4349666.162483713
 10
470014.9509704818
 20
4349665.2487653615
 10
470013.9509704818
 20
4349665.374803707
 10
470013.9509704818
 20
4349666.162483713
  0
TEXT
  5
60
330
17
100
AcDbEntity
  8
0
 62
1
100
AcDbText
 10
470014.2909704818
 20
4349665.6986437095
 30
0.0
 40
0.1333
  1
2.53
  7
CN_TTF
 11
470014.2909704818
 21
4349665.6986437095
 31
0.0
100
AcDbText
  0
LWPOLYLINE
  5
61
330
17
100
AcDbEntity
  8
爆区方格网
 62
1
100
AcDbPolyline
 90
5
 70
1
 10
470013.9509704818
 20
4349666.162483713
 10
470013.9509704818
 20
4349667.162483713
 10
470014.9509704818
 20
4349667.162483713
 10
470014.9509704818
 20
4349666.162483713
 10
470013.9509704818
 20
4349666.162483713
  0
TEXT
  5
62
330
17
100
AcDbEntity
  8
0
 62
1
100
AcDbText
 10
470014.2909704818
 20
4349666.592483712
 30
0.0
 40
0.1333
  1
2.53
  7
CN_TTF
 11
470014.2909704818
 21
4349666.592483712
 31
0.0
100
AcDbText
  0
LWPOLYLINE
  5
63
330
17
100
AcDbEntity
  8
爆区方格网
 62
1
100
AcDbPolyline
 90
6
 70
1
 10
470014.9509704818
 20
4349668.162483713
 10
470014.9509704818
 20
4349667.162483713
 10
470013.9509704818
 20
4349667.162483713
 10
470013.9509704818
 20
4349667.820915602
 10
470014.8914526571
 20
4349668.162483713
 10
470014.9509704818
 20
4349668.162483713
  0
TEXT
  5
64
330
17
100
AcDbEntity
  8
0
 62
1
100
AcDbText
 10
470014.2909704818
 20
4349667.421699657
 30
0.0
 40
0.1333
  1
2.53
  7
CN_TTF
 11
470014.2909704818
 21
4349667.421699657
 31
0.0
100
AcDbText
  0
LWPOLYLINE
  5
65
330
17
100
AcDbEntity
  8
爆区方格网
 62
1
100
AcDbPolyline
 90
6
 70
1
 10
470014.9509704818
 20
4349657.162483713
 10
470015.9509704818
 20
4349657.162483713
 10
470015.9509704818
 20
4349656.722932897
 10
470015.5940471898
 20
4349656.585020289
 10
470014.9509704818
 20
4349656.566772434
 10
470014.9509704818
 20
4349657.162483713
  0
TEXT
  5
66
330
17
100
AcDbEntity
  8
0
 62
1
100
AcDbText
 10
470015.2909704818
 20
4349656.872708304
 30
0.0
 40
0.1333
  1
1.50
  7
CN_TTF
 11
470015.2909704818
 21
4349656.872708304
 31
0.0
100
AcDbText
  0
LWPOLYLINE
  5
67
330
17
100
AcDbEntity
  8
爆区方格网
 62
1
100
AcDbPolyline
 90
5
 70
1
 10
470015.9509704818
 20
4349657.162483713
 10
470014.9509704818
 20
4349657.162483713
 10
470014.9509704818
 20
4349657.875274767
 10
470015.9509704818
 20
4349658.150984629
 10
470015.9509704818
 20
4349657.162483713
  0
TEXT
  5
68
330
17
100
AcDbEntity
  8
0
 62
1
100
AcDbText
 10
470015.2909704818
 20
4349657.44887924
 30
0.0
 40
0.1333
  1
1.50
  7
CN_TTF
 11
470015.2909704818
 21
4349657.44887924
 31
0.0
100
AcDbText
  0
LWPOLYLINE
  5
69
330
17
100
AcDbEntity
  8
爆区方格网
 62
1
100
AcDbPolyline
 90
6
 70
1
 10
470014.9509704818
 20
4349666.162483713
 10
470015.9509704818
 20
4349666.162483713
 10
470015.9509704818
 20
4349665.162483713
 10
470015.63553714537
 20
4349665.162483713
 10
470014.9509704818
 20
4349665.2487653615
 10
470014.9509704818
 20
4349666.162483713
  0
TEXT
  5
6A
330
17
100
AcDbEntity
  8
0
 62
1
100
AcDbText
 10
470015.2909704818
 20
4349665.635624537
 30
0.0
 40
0.1333
  1
2.53
  7
CN_TTF
 11
470015.2909704818
 21
4349665.635624537
 31
0.0
100
AcDbText
  0
LWPOLYLINE
  5
6B
330
17
100
AcDbEntity
  8
爆区方格网
 62
1
100
AcDbPolyline
 90
5
 70
1
 10
470014.9509704818
 20
4349666.162483713
 10
470014.9509704818
 20
4349667.162483713
 10
470015.9509704818
 20
4349667.162483713
 10
470015.9509704818
 20
4349666.162483713
 10
470014.9509704818
 20
4349666.162483713
  0
TEXT
  5
6C
330
17
100
AcDbEntity
  8
0
 62
1
100
AcDbText
 10
470015.2909704818
 20
4349666.592483712
 30
0.0
 40
0.1333
  1
2.53
  7
CN_TTF
 11
470015.2909704818
 21
4349666.592483712
 31
0.0
100
AcDbText
  0
LWPOLYLINE
  5
6D
330
17
100
AcDbEntity
  8
爆区方格网
 62
1
100
AcDbPolyline
 90
5
 70
1
 10
470014.9509704818
 20
4349667.162483713
 10
470014.9509704818
 20
4349668.162483713
 10
470015.9509704818
 20
4349668.162483713
 10
470015.9509704818
 20
4349667.162483713
 10
470014.9509704818
 20
4349667.162483713
  0
TEXT
  5
6E
330
17
100
AcDbEntity
  8
0
 62
1
100
AcDbText
 10
470015.2909704818
 20
4349667.592483712
 30
0.0
 40
0.1333
  1
2.53
  7
CN_TTF
 11
470015.2909704818
 21
4349667.592483712
 31
0.0
100
AcDbText
  0
LWPOLYLINE
  5
6F
330
17
100
AcDbEntity
  8
爆区方格网
 62
1
100
AcDbPolyline
 90
6
 70
1
 10
470016.9509704818
 20
4349658.162483713
 10
470016.9509704818
 20
4349657.162483713
 10
470015.9509704818
 20
4349657.162483713
 10
470015.9509704818
 20
4349658.150984629
 10
470015.99267767166
 20
4349658.162483713
 10
470016.9509704818
 20
4349658.162483713
  0
TEXT
  5
70
330
17
100
AcDbEntity
  8
0
 62
1
100
AcDbText
 10
470016.2909704818
 20
4349657.58673417
 30
0.0
 40
0.1333
  1
1.50
  7
CN_TTF
 11
470016.2909704818
 21
4349657.58673417
 31
0.0
100
AcDbText
  0
LWPOLYLINE
  5
71
330
17
100
AcDbEntity
  8
爆区方格网
 62
1
100
AcDbPolyline
 90
5
 70
1
 10
470015.9509704818
 20
4349665.162483713
 10
470015.9509704818
 20
4349666.162483713
 10
470016.9509704818
 20
4349666.162483713
 10
470016.9509704818
 20
4349665.162483713
 10
470015.9509704818
 20
4349665.162483713
  0
TEXT
  5
72
330
17
100
AcDbEntity
  8
0
 62
1
100
AcDbText
 10
470016.2909704818
 20
4349665.592483712
 30
0.0
 40
0.1333
  1
2.89
  7
CN_TTF
 11
470016.2909704818
 21
4349665.592483712
 31
0.0
100
AcDbText
  0
LWPOLYLINE
  5
73
330
17
100
AcDbEntity
  8
爆区方格网
 62
1
100
AcDbPolyline
 90
5
 70
1
 10
470015.9509704818
 20
4349666.162483713
 10
470015.9509704818
 20
4349667.162483713
 10
470016.9509704818
 20
4349667.162483713
 10
470016.9509704818
 20
4349666.162483713
 10
470015.9509704818
 20
4349666.162483713
  0
TEXT
  5
74
330
17
100
AcDbEntity
  8
0
 62
1
100
AcDbText
 10
470016.2909704818
 20
4349666.592483712
 30
0.0
 40
0.1333
  1
2.89
  7
CN_TTF
 11
470016.2909704818
 21
4349666.592483712
 31
0.0
100
AcDbText
  0
LWPOLYLINE
  5
75
330
17
100
AcDbEntity
  8
爆区方格网
 62
1
100
AcDbPolyline
 90
5
 70
1
 10
470015.9509704818
 20
4349667.162483713
 10
470015.9509704818
 20
4349668.162483713
 10
470016.9509704818
 20
4349668.162483713
 10
470016.9509704818
 20
4349667.162483713
 10
470015.9509704818
 20
4349667.162483713
  0
TEXT
  5
76
330
17
100
AcDbEntity
  8
0
 62
1
100
AcDbText
 10
470016.2909704818
 20
4349667.592483712
 30
0.0
 40
0.1333
  1
2.15
  7
CN_TTF
 11
470016.2909704818
 21
4349667.592483712
 31
0.0
100
AcDbText
  0
LWPOLYLINE
  5
77
330
17
100
AcDbEntity
  8
爆区方格网
 62
1
100
AcDbPolyline
 90
5
 70
1
 10
470016.9509704818
 20
4349668.162483713
 10
470015.9509704818
 20
4349668.162483713
 10
470015.9509704818
 20
4349668.547283671
 10
470016.9509704818
 20
4349668.910467705
 10
470016.9509704818
 20
4349668.162483713
  0
TEXT
  5
78
330
17
100
AcDbEntity
  8
0
 62
1
100
AcDbText
 10
470016.2909704818
 20
4349668.284883691
 30
0.0
 40
0.1333
  1
2.15
  7
CN_TTF
 11
470016.2909704818
 21
4349668.284883691
 31
0.0
100
AcDbText
  0
LWPOLYLINE
  5
79
330
17
100
AcDbEntity
  8
爆区方格网
 62
1
100
AcDbPolyline
 90
6
 70
1
 10
470016.9509704818
 20
4349657.162483713
 10
470016.9509704818
 20
4349658.162483713
 10
470017.9509704818
 20
4349658.162483713
 10
470017.9509704818
 20
4349657.495718596
 10
470017.0885454044
 20
4349657.162483713
 10
470016.9509704818
 20
4349657.162483713
  0
TEXT
  5
7A
330
17
100
AcDbEntity
  8
0
 62
1
100
AcDbText
 10
470017.2909704818
 20
4349657.759101154
 30
0.0
 40
0.1333
  1
1.50
  7
CN_TTF
 11
470017.2909704818
 21
4349657.759101154
 31
0.0
100
AcDbText
  0
LWPOLYLINE
  5
7B
330
17
100
AcDbEntity
  8
爆区方格网
 62
1
100
AcDbPolyline
 90
5
 70
1
 10
470016.9509704818
 20
4349665.162483713
 10
470016.9509704818
 20
4349666.162483713
 10
470017.9509704818
 20
4349666.162483713
 10
470017.9509704818
 20
4349665.162483713
 10
470016.9509704818
 20
4349665.162483713
  0
TEXT
  5
7C
330
17
100
AcDbEntity
  8
0
 62
1
100
AcDbText
 10
470017.2909704818
 20
4349665.592483712
 30
0.0
 40
0.1333
  1
2.89
  7
CN_TTF
 11
470017.2909704818
 21
4349665.592483712
 31
0.0
100
AcDbText
  0
LWPOLYLINE
  5
7D
330
17
100
AcDbEntity
  8
爆区方格网
 62
1
100
AcDbPolyline
 90
5
 70
1
 10
470016.9509704818
 20
4349666.162483713
 10
470016.9509704818
 20
4349667.162483713
 10
470017.9509704818
 20
4349667.162483713
 10
470017.9509704818
 20
4349666.162483713
 10
470016.9509704818
 20
4349666.162483713
  0
TEXT
  5
7E
330
17
100
AcDbEntity
  8
0
 62
1
100
AcDbText
 10
470017.2909704818
 20
4349666.592483712
 30
0.0
 40
0.1333
  1
2.15
  7
CN_TTF
 11
470017.2909704818
 21
4349666.592483712
 31
0.0
100
AcDbText
  0
LWPOLYLINE
  5
7F
330
17
100
AcDbEntity
  8
爆区方格网
 62
1
100
AcDbPolyline
 90
5
 70
1
 10
470016.9509704818
 20
4349667.162483713
 10
470016.9509704818
 20
4349668.162483713
 10
470017.9509704818
 20
4349668.162483713
 10
470017.9509704818
 20
4349667.162483713
 10
470016.9509704818
 20
4349667.162483713
  0
TEXT
  5
80
330
17
100
AcDbEntity
  8
0
 62
1
100
AcDbText
 10
470017.2909704818
 20
4349667.592483712
 30
0.0
 40
0.1333
  1
2.15
  7
CN_TTF
 11
470017.2909704818
 21
4349667.592483712
 31
0.0
100
AcDbText
  0
LWPOLYLINE
  5
81
330
17
100
AcDbEntity
  8
爆区方格网
 62
1
100
AcDbPolyline
 90
6
 70
1
 10
470017.9509704818
 20
4349669.162483713
 10
470017.9509704818
 20
4349668.162483713
 10
470016.9509704818
 20
4349668.162483713
 10
470016.9509704818
 20
4349668.910467705
 10
470017.6448776585
 20
4349669.162483713
 10
470017.9509704818
 20
4349669.162483713
  0
TEXT
  5
82
330
17
100
AcDbEntity
  8
0
 62
1
100
AcDbText
 10
470017.2909704818
 20
4349668.466475708
 30
0.0
 40
0.1333
  1
2.15
  7
CN_TTF
 11
470017.2909704818
 21
4349668.466475708
 31
0.0
100
AcDbText
  0
LWPOLYLINE
  5
83
330
17
100
AcDbEntity
  8
爆区方格网
 62
1
100
AcDbPolyline
 90
6
 70
1
 10
470018.9509704818
 20
4349658.162483713
 10
470017.9509704818
 20
4349658.162483713
 10
470017.9509704818
 20
4349658.702404353
 10
470018.8988742368
 20
4349658.963750767
 10
470018.9509704818
 20
4349658.978114215
 10
470018.9509704818
 20
4349658.162483713
  0
TEXT
  5
84
330
17
100
AcDbEntity
  8
0
 62
1
100
AcDbText
 10
470018.2909704818
 20
4349658.362444032
 30
0.0
 40
0.1333
  1
1.50
  7
CN_TTF
 11
470018.2909704818
 21
4349658.362444032
 31
0.0
100
AcDbText
  0
LWPOLYLINE
  5
85
330
17
100
AcDbEntity
  8
爆区方格网
 62
1
100
AcDbPolyline
 90
5
 70
1
 10
470017.9509704818
 20
4349665.162483713
 10
470017.9509704818
 20
4349666.162483713
 10
470018.9509704818
 20
4349666.162483713
 10
470018.9509704818
 20
4349665.162483713
 10
470017.9509704818
 20
4349665.162483713
  0
TEXT
  5
86
330
17
100
AcDbEntity
  8
0
 62
1
100
AcDbText
 10
470018.2909704818
 20
4349665.592483712
 30
0.0
 40
0.1333
  1
2.15
  7
CN_TTF
 11
470018.2909704818
 21
4349665.592483712
 31
0.0
100
AcDbText
  0
LWPOLYLINE
  5
87
330
17
100
AcDbEntity
  8
爆区方格网
 62
1
100
AcDbPolyline
 90
5
 70
1
 10
470017.9509704818
 20
4349666.162483713
 10
470017.9509704818
 20
4349667.162483713
 10
470018.9509704818
 20
4349667.162483713
 10
470018.9509704818
 20
4349666.162483713
 10
470017.9509704818
 20
4349666.162483713
  0
TEXT
  5
88
330
17
100
AcDbEntity
  8
0
 62
1
100
AcDbText
 10
470018.2909704818
 20
4349666.592483712
 30
0.0
 40
0.1333
  1
2.15
  7
CN_TTF
 11
470018.2909704818
 21
4349666.592483712
 31
0.0
100
AcDbText
  0
LWPOLYLINE
  5
89
330
17
100
AcDbEntity
  8
爆区方格网
 62
1
100
AcDbPolyline
 90
5
 70
1
 10
470017.9509704818
 20
4349667.162483713
 10
470017.9509704818
 20
4349668.162483713
 10
470018.9509704818
 20
4349668.162483713
 10
470018.9509704818
 20
4349667.162483713
 10
470017.9509704818
 20
4349667.162483713
  0
TEXT
  5
8A
330
17
100
AcDbEntity
  8
0
 62
1
100
AcDbText
 10
470018.2909704818
 20
4349667.592483712
 30
0.0
 40
0.1333
  1
2.15
  7
CN_TTF
 11
470018.2909704818
 21
4349667.592483712
 31
0.0
100
AcDbText
  0
LWPOLYLINE
  5
8B
330
17
100
AcDbEntity
  8
爆区方格网
 62
1
100
AcDbPolyline
 90
5
 70
1
 10
470017.9509704818
 20
4349668.162483713
 10
470017.9509704818
 20
4349669.162483713
 10
470018.9509704818
 20
4349669.162483713
 10
470018.9509704818
 20
4349668.162483713
 10
470017.9509704818
 20
4349668.162483713
  0
TEXT
  5
8C
330
17
100
AcDbEntity
  8
0
 62
1
100
AcDbText
 10
470018.2909704818
 20
4349668.592483712
 30
0.0
 40
0.1333
  1
2.15
  7
CN_TTF
 11
470018.2909704818
 21
4349668.592483712
 31
0.0
100
AcDbText
  0
LWPOLYLINE
  5
8D
330
17
100
AcDbEntity
  8
爆区方格网
 62
1
100
AcDbPolyline
 90
7
 70
1
 10
470019.9509704818
 20
4349659.162483713
 10
470019.9509704818
 20
4349658.268504295
 10
470019.67658501514
 20
4349658.162483713
 10
470018.9509704818
 20
4349658.162483713
 10
470018.9509704818
 20
4349658.978114215
 10
470019.61967887054
 20
4349659.162483713
 10
470019.9509704818
 20
4349659.162483713
  0
TEXT
  5
8E
330
17
100
AcDbEntity
  8
0
 62
1
100
AcDbText
 10
470019.2909704818
 20
4349658.553309254
 30
0.0
 40
0.1333
  1
1.97
  7
CN_TTF
 11
470019.2909704818
 21
4349658.553309254
 31
0.0
100
AcDbText
  0
LWPOLYLINE
  5
8F
330
17
100
AcDbEntity
  8
爆区方格网
 62
1
100
AcDbPolyline
 90
5
 70
1
 10
470018.9509704818
 20
4349665.162483713
 10
470018.9509704818
 20
4349666.162483713
 10
470019.9509704818
 20
4349666.162483713
 10
470019.9509704818
 20
4349665.162483713
 10
470018.9509704818
 20
4349665.162483713
  0
TEXT
  5
90
330
17
100
AcDbEntity
  8
0
 62
1
100
AcDbText
 10
470019.2909704818
 20
4349665.592483712
 30
0.0
 40
0.1333
  1
2.15
  7
CN_TTF
 11
470019.2909704818
 21
4349665.592483712
 31
0.0
100
AcDbText
  0
LWPOLYLINE
  5
91
330
17
100
AcDbEntity
  8
爆区方格网
 62
1
100
AcDbPolyline
 90
5
 70
1
 10
470018.9509704818
 20
4349666.162483713
 10
470018.9509704818
 20
4349667.162483713
 10
470019.9509704818
 20
4349667.162483713
 10
470019.9509704818
 20
4349666.162483713
 10
470018.9509704818
 20
4349666.162483713
  0
TEXT
  5
92
330
17
100
AcDbEntity
  8
0
 62
1
100
AcDbText
 10
470019.2909704818
 20
4349666.592483712
 30
0.0
 40
0.1333
  1
2.15
  7
CN_TTF
 11
470019.2909704818
 21
4349666.592483712
 31
0.0
100
AcDbText
  0
LWPOLYLINE
  5
93
330
17
100
AcDbEntity
  8
爆区方格网
 62
1
100
AcDbPolyline
 90
5
 70
1
 10
470018.9509704818
 20
4349667.162483713
 10
470018.9509704818
 20
4349668.162483713
 10
470019.9509704818
 20
4349668.162483713
 10
470019.9509704818
 20
4349667.162483713
 10
470018.9509704818
 20
4349667.162483713
  0
TEXT
  5
94
330
17
100
AcDbEntity
  8
0
 62
1
100
AcDbText
 10
470019.2909704818
 20
4349667.592483712
 30
0.0
 40
0.1333
  1
2.15
  7
CN_TTF
 11
470019.2909704818
 21
4349667.592483712
 31
0.0
100
AcDbText
  0
LWPOLYLINE
  5
95
330
17
100
AcDbEntity
  8
爆区方格网
 62
1
100
AcDbPolyline
 90
5
 70
1
 10
470018.9509704818
 20
4349668.162483713
 10
470018.9509704818
 20
4349669.162483713
 10
470019.9509704818
 20
4349669.162483713
 10
470019.9509704818
 20
4349668.162483713
 10
470018.9509704818
 20
4349668.162483713
  0
TEXT
  5
96
330
17
100
AcDbEntity
  8
0
 62
1
100
AcDbText
 10
470019.2909704818
 20
4349668.592483712
 30
0.0
 40
0.1333
  1
2.15
  7
CN_TTF
 11
470019.2909704818
 21
4349668.592483712
 31
0.0
100
AcDbText
  0
LWPOLYLINE
  5
97
330
17
100
AcDbEntity
  8
爆区方格网
 62
1
100
AcDbPolyline
 90
6
 70
1
 10
470019.9509704818
 20
4349669.162483713
 10
470018.9509704818
 20
4349669.162483713
 10
470018.9509704818
 20
4349669.6368357735
 10
470019.6386166396
 20
4349669.886577879
 10
470019.9509704818
 20
4349669.937474846
 10
470019.9509704818
 20
4349669.162483713
  0
TEXT
  5
98
330
17
100
AcDbEntity
  8
0
 62
1
100
AcDbText
 10
470019.2909704818
 20
4349669.329659743
 30
0.0
 40
0.1333
  1
2.15
  7
CN_TTF
 11
470019.2909704818
 21
4349669.329659743
 31
0.0
100
AcDbText
  0
LWPOLYLINE
  5
99
330
17
100
AcDbEntity
  8
爆区方格网
 62
1
100
AcDbPolyline
 90
5
 70
1
 10
470019.9509704818
 20
4349659.162483713
 10
470020.9509704818
 20
4349659.162483713
 10
470020.9509704818
 20
4349658.654897144
 10
470019.9509704818
 20
4349658.268504295
 10
470019.9509704818
 20
4349659.162483713
  0
TEXT
  5
9A
330
17
100
AcDbEntity
  8
0
 62
1
100
AcDbText
 10
470020.2909704818
 20
4349658.838690428
 30
0.0
 40
0.1333
  1
1.97
  7
CN_TTF
 11
470020.2909704818
 21
4349658.838690428
 31
0.0
100
AcDbText
  0
LWPOLYLINE
  5
9B
330
17
100
AcDbEntity
  8
爆区方格网
 62
1
100
AcDbPolyline
 90
5
 70
1
 10
470019.9509704818
 20
4349665.162483713
 10
470020.9509704818
 20
4349665.162483713
 10
470020.9509704818
 20
4349664.492535294
 10
470019.9509704818
 20
4349664.618573638
 10
470019.9509704818
 20
4349665.162483713
  0
TEXT
  5
9C
330
17
100
AcDbEntity
  8
0
 62
1
100
AcDbText
 10
470020.2909704818
 20
4349664.820528675
 30
0.0
 40
0.1333
  1
2.15
  7
CN_TTF
 11
470020.2909704818
 21
4349664.820528675
 31
0.0
100
AcDbText
  0
LWPOLYLINE
  5
9D
330
17
100
AcDbEntity
  8
爆区方格网
 62
1
100
AcDbPolyline
 90
5
 70
1
 10
470019.9509704818
 20
4349665.162483713
 10
470019.9509704818
 20
4349666.162483713
 10
470020.9509704818
 20
4349666.162483713
 10
470020.9509704818
 20
4349665.162483713
 10
470019.9509704818
 20
4349665.162483713
  0
TEXT
  5
9E
330
17
100
AcDbEntity
  8
0
 62
1
100
AcDbText
 10
470020.2909704818
 20
4349665.592483712
 30
0.0
 40
0.1333
  1
2.15
  7
CN_TTF
 11
470020.2909704818
 21
4349665.592483712
 31
0.0
100
AcDbText
  0
LWPOLYLINE
  5
9F
330
17
100
AcDbEntity
  8
爆区方格网
 62
1
100
AcDbPolyline
 90
5
 70
1
 10
470019.9509704818
 20
4349666.162483713
 10
470019.9509704818
 20
4349667.162483713
 10
470020.9509704818
 20
4349667.162483713
 10
470020.9509704818
 20
4349666.162483713
 10
470019.9509704818
 20
4349666.162483713
  0
TEXT
  5
A0
330
17
100
AcDbEntity
  8
0
 62
1
100
AcDbText
 10
470020.2909704818
 20
4349666.592483712
 30
0.0
 40
0.1333
  1
2.15
  7
CN_TTF
 11
470020.2909704818
 21
4349666.592483712
 31
0.0
100
AcDbText
  0
LWPOLYLINE
  5
A1
330
17
100
AcDbEntity
  8
爆区方格网
 62
1
100
AcDbPolyline
 90
5
 70
1
 10
470019.9509704818
 20
4349667.162483713
 10
470019.9509704818
 20
4349668.162483713
 10
470020.9509704818
 20
4349668.162483713
 10
470020.9509704818
 20
4349667.162483713
 10
470019.9509704818
 20
4349667.162483713
  0
TEXT
  5
A2
330
17
100
AcDbEntity
  8
0
 62
1
100
AcDbText
 10
470020.2909704818
 20
4349667.592483712
 30
0.0
 40
0.1333
  1
2.15
  7
CN_TTF
 11
470020.2909704818
 21
4349667.592483712
 31
0.0
100
AcDbText
  0
LWPOLYLINE
  5
A3
330
17
100
AcDbEntity
  8
爆区方格网
 62
1
100
AcDbPolyline
 90
5
 70
1
 10
470019.9509704818
 20
4349668.162483713
 10
470019.9509704818
 20
4349669.162483713
 10
470020.9509704818
 20
4349669.162483713
 10
470020.9509704818
 20
4349668.162483713
 10
470019.9509704818
 20
4349668.162483713
  0
TEXT
  5
A4
330
17
100
AcDbEntity
  8
0
 62
1
100
AcDbText
 10
470020.2909704818
 20
4349668.592483712
 30
0.0
 40
0.1333
  1
2.15
  7
CN_TTF
 11
470020.2909704818
 21
4349668.592483712
 31
0.0
100
AcDbText
  0
LWPOLYLINE
  5
A5
330
17
100
AcDbEntity
  8
爆区方格网
 62
1
100
AcDbPolyline
 90
5
 70
1
 10
470020.9509704818
 20
4349669.162483713
 10
470019.9509704818
 20
4349669.162483713
 10
470019.9509704818
 20
4349669.937474846
 10
470020.9509704818
 20
4349670.10042135
 10
470020.9509704818
 20
4349669.162483713
  0
TEXT
  5
A6
330
17
100
AcDbEntity
  8
0
 62
1
100
AcDbText
 10
470020.2909704818
 20
4349669.4799792785
 30
0.0
 40
0.1333
  1
2.15
  7
CN_TTF
 11
470020.2909704818
 21
4349669.4799792785
 31
0.0
100
AcDbText
  0
LWPOLYLINE
  5
A7
330
17
100
AcDbEntity
  8
爆区方格网
 62
1
100
AcDbPolyline
 90
5
 70
1
 10
470021.9509704818
 20
4349659.162483713
 10
470020.9509704818
 20
4349659.162483713
 10
470020.9509704818
 20
4349659.529533939
 10
470021.9509704818
 20
4349659.805243801
 10
470021.9509704818
 20
4349659.162483713
  0
TEXT
  5
A8
330
17
100
AcDbEntity
  8
0
 62
1
100
AcDbText
 10
470021.2909704818
 20
4349659.276008826
 30
0.0
 40
0.1333
  1
1.97
  7
CN_TTF
 11
470021.2909704818
 21
4349659.276008826
 31
0.0
100
AcDbText
  0
LWPOLYLINE
  5
A9
330
17
100
AcDbEntity
  8
爆区方格网
 62
1
100
AcDbPolyline
 90
6
 70
1
 10
470020.9509704818
 20
4349665.162483713
 10
470021.9509704818
 20
4349665.162483713
 10
470021.9509704818
 20
4349664.3664969485
 10
470020.9541960789
 20
4349664.492128745
 10
470020.9509704818
 20
4349664.492535294
 10
470020.9509704818
 20
4349665.162483713
  0
TEXT
  5
AA
330
17
100
AcDbEntity
  8
0
 62
1
100
AcDbText
 10
470021.2909704818
 20
4349664.7575095035
 30
0.0
 40
0.1333
  1
2.15
  7
CN_TTF
 11
470021.2909704818
 21
4349664.7575095035
 31
0.0
100
AcDbText
  0
LWPOLYLINE
  5
AB
330
17
100
AcDbEntity
  8
爆区方格网
 62
1
100
AcDbPolyline
 90
5
 70
1
 10
470020.9509704818
 20
4349665.162483713
 10
470020.9509704818
 20
4349666.162483713
 10
470021.9509704818
 20
4349666.162483713
 10
470021.9509704818
 20
4349665.162483713
 10
470020.9509704818
 20
4349665.162483713
  0
TEXT
  5
AC
330
17
100
AcDbEntity
  8
0
 62
1
100
AcDbText
 10
470021.2909704818
 20
4349665.592483712
 30
0.0
 40
0.1333
  1
2.15
  7
CN_TTF
 11
470021.2909704818
 21
4349665.592483712
 31
0.0
100
AcDbText
  0
LWPOLYLINE
  5
AD
330
17
100
AcDbEntity
  8
爆区方格网
 62
1
100
AcDbPolyline
 90
5
 70
1
 10
470020.9509704818
 20
4349666.162483713
 10
470020.9509704818
 20
4349667.162483713
 10
470021.9509704818
 20
4349667.162483713
 10
470021.9509704818
 20
4349666.162483713
 10
470020.9509704818
 20
4349666.162483713
  0
TEXT
  5
AE
330
17
100
AcDbEntity
  8
0
 62
1
100
AcDbText
 10
470021.2909704818
 20
4349666.592483712
 30
0.0
 40
0.1333
  1
2.15
  7
CN_TTF
 11
470021.2909704818
 21
4349666.592483712
 31
0.0
100
AcDbText
  0
LWPOLYLINE
  5
AF
330
17
100
AcDbEntity
  8
爆区方格网
 62
1
100
AcDbPolyline
 90
5
 70
1
 10
470020.9509704818
 20
4349667.162483713
 10
470020.9509704818
 20
4349668.162483713
 10
470021.9509704818
 20
4349668.162483713
 10
470021.9509704818
 20
4349667.162483713
 10
470020.9509704818
 20
4349667.162483713
  0
TEXT
  5
B0
330
17
100
AcDbEntity
  8
0
 62
1
100
AcDbText
 10
470021.2909704818
 20
4349667.592483712
 30
0.0
 40
0.1333
  1
2.15
  7
CN_TTF
 11
470021.2909704818
 21
4349667.592483712
 31
0.0
100
AcDbText
  0
LWPOLYLINE
  5
B1
330
17
100
AcDbEntity
  8
爆区方格网
 62
1
100
AcDbPolyline
 90
5
 70
1
 10
470020.9509704818
 20
4349668.162483713
 10
470020.9509704818
 20
4349669.162483713
 10
470021.9509704818
 20
4349669.162483713
 10
470021.9509704818
 20
4349668.162483713
 10
470020.9509704818
 20
4349668.162483713
  0
TEXT
  5
B2
330
17
100
AcDbEntity
  8
0
 62
1
100
AcDbText
 10
470021.2909704818
 20
4349668.592483712
 30
0.0
 40
0.1333
  1
2.15
  7
CN_TTF
 11
470021.2909704818
 21
4349668.592483712
 31
0.0
100
AcDbText
  0
LWPOLYLINE
  5
B3
330
17
100
AcDbEntity
  8
爆区方格网
 62
1
100
AcDbPolyline
 90
6
 70
1
 10
470021.9509704818
 20
4349670.162483713
 10
470021.9509704818
 20
4349669.162483713
 10
470020.9509704818
 20
4349669.162483713
 10
470020.9509704818
 20
4349670.10042135
 10
470021.33184616885
 20
4349670.162483713
 10
470021.9509704818
 20
4349670.162483713
  0
TEXT
  5
B4
330
17
100
AcDbEntity
  8
0
 62
1
100
AcDbText
 10
470021.2909704818
 20
4349669.561452531
 30
0.0
 40
0.1333
  1
2.15
  7
CN_TTF
 11
470021.2909704818
 21
4349669.561452531
 31
0.0
100
AcDbText
  0
LWPOLYLINE
  5
B5
330
17
100
AcDbEntity
  8
爆区方格网
 62
1
100
AcDbPolyline
 90
6
 70
1
 10
470022.9509704818
 20
4349659.162483713
 10
470021.9509704818
 20
4349659.162483713
 10
470021.9509704818
 20
4349659.805243801
 10
470022.6518975972
 20
4349659.998496319
 10
470022.9509704818
 20
4349660.080953663
 10
470022.9509704818
 20
4349659.162483713
  0
TEXT
  5
B6
330
17
100
AcDbEntity
  8
0
 62
1
100
AcDbText
 10
470022.2909704818
 20
4349659.413863757
 30
0.0
 40
0.1333
  1
1.97
  7
CN_TTF
 11
470022.2909704818
 21
4349659.413863757
 31
0.0
100
AcDbText
  0
LWPOLYLINE
  5
B7
330
17
100
AcDbEntity
  8
爆区方格网
 62
1
100
AcDbPolyline
 90
6
 70
1
 10
470021.9509704818
 20
4349665.162483713
 10
470022.9509704818
 20
4349665.162483713
 10
470022.9509704818
 20
4349664.240458604
 10
470022.2662903634
 20
4349664.326754552
 10
470021.9509704818
 20
4349664.3664969485
 10
470021.9509704818
 20
4349665.162483713
  0
TEXT
  5
B8
330
17
100
AcDbEntity
  8
0
 62
1
100
AcDbText
 10
470022.2909704818
 20
4349664.69449033
 30
0.0
 40
0.1333
  1
2.63
  7
CN_TTF
 11
470022.2909704818
 21
4349664.69449033
 31
0.0
100
AcDbText
  0
LWPOLYLINE
  5
B9
330
17
100
AcDbEntity
  8
爆区方格网
 62
1
100
AcDbPolyline
 90
5
 70
1
 10
470021.9509704818
 20
4349665.162483713
 10
470021.9509704818
 20
4349666.162483713
 10
470022.9509704818
 20
4349666.162483713
 10
470022.9509704818
 20
4349665.162483713
 10
470021.9509704818
 20
4349665.162483713
  0
TEXT
  5
BA
330
17
100
AcDbEntity
  8
0
 62
1
100
AcDbText
 10
470022.2909704818
 20
4349665.592483712
 30
0.0
 40
0.1333
  1
2.15
  7
CN_TTF
 11
470022.2909704818
 21
4349665.592483712
 31
0.0
100
AcDbText
  0
LWPOLYLINE
  5
BB
330
17
100
AcDbEntity
  8
爆区方格网
 62
1
100
AcDbPolyline
 90
5
 70
1
 10
470021.9509704818
 20
4349666.162483713
 10
470021.9509704818
 20
4349667.162483713
 10
470022.9509704818
 20
4349667.162483713
 10
470022.9509704818
 20
4349666.162483713
 10
470021.9509704818
 20
4349666.162483713
  0
TEXT
  5
BC
330
17
100
AcDbEntity
  8
0
 62
1
100
AcDbText
 10
470022.2909704818
 20
4349666.592483712
 30
0.0
 40
0.1333
  1
2.15
  7
CN_TTF
 11
470022.2909704818
 21
4349666.592483712
 31
0.0
100
AcDbText
  0
LWPOLYLINE
  5
BD
330
17
100
AcDbEntity
  8
爆区方格网
 62
1
100
AcDbPolyline
 90
5
 70
1
 10
470021.9509704818
 20
4349667.162483713
 10
470021.9509704818
 20
4349668.162483713
 10
470022.9509704818
 20
4349668.162483713
 10
470022.9509704818
 20
4349667.162483713
 10
470021.9509704818
 20
4349667.162483713
  0
TEXT
  5
BE
330
17
100
AcDbEntity
  8
0
 62
1
100
AcDbText
 10
470022.2909704818
 20
4349667.592483712
 30
0.0
 40
0.1333
  1
2.15
  7
CN_TTF
 11
470022.2909704818
 21
4349667.592483712
 31
0.0
100
AcDbText
  0
LWPOLYLINE
  5
BF
330
17
100
AcDbEntity
  8
爆区方格网
 62
1
100
AcDbPolyline
 90
5
 70
1
 10
470021.9509704818
 20
4349668.162483713
 10
470021.9509704818
 20
4349669.162483713
 10
470022.9509704818
 20
4349669.162483713
 10
470022.9509704818
 20
4349668.162483713
 10
470021.9509704818
 20
4349668.162483713
  0
TEXT
  5
C0
330
17
100
AcDbEntity
  8
0
 62
1
100
AcDbText
 10
470022.2909704818
 20
4349668.592483712
 30
0.0
 40
0.1333
  1
2.15
  7
CN_TTF
 11
470022.2909704818
 21
4349668.592483712
 31
0.0
100
AcDbText
  0
LWPOLYLINE
  5
C1
330
17
100
AcDbEntity
  8
爆区方格网
 62
1
100
AcDbPolyline
 90
5
 70
1
 10
470021.9509704818
 20
4349669.162483713
 10
470021.9509704818
 20
4349670.162483713
 10
470022.9509704818
 20
4349670.162483713
 10
470022.9509704818
 20
4349669.162483713
 10
470021.9509704818
 20
4349669.162483713
  0
TEXT
  5
C2
330
17
100
AcDbEntity
  8
0
 62
1
100
AcDbText
 10
470022.2909704818
 20
4349669.592483712
 30
0.0
 40
0.1333
  1
2.15
  7
CN_TTF
 11
470022.2909704818
 21
4349669.592483712
 31
0.0
100
AcDbText
  0
LWPOLYLINE
  5
C3
330
17
100
AcDbEntity
  8
爆区方格网
 62
1
100
AcDbPolyline
 90
6
 70
1
 10
470023.9509704818
 20
4349660.162483713
 10
470023.9509704818
 20
4349659.162483713
 10
470022.9509704818
 20
4349659.162483713
 10
470022.9509704818
 20
4349660.080953663
 10
470023.24668007065
 20
4349660.162483713
 10
470023.9509704818
 20
4349660.162483713
  0
TEXT
  5
C4
330
17
100
AcDbEntity
  8
0
 62
1
100
AcDbText
 10
470023.2909704818
 20
4349659.551718688
 30
0.0
 40
0.1333
  1
1.97
  7
CN_TTF
 11
470023.2909704818
 21
4349659.551718688
 31
0.0
100
AcDbText
  0
LWPOLYLINE
  5
C5
330
17
100
AcDbEntity
  8
爆区方格网
 62
1
100
AcDbPolyline
 90
6
 70
1
 10
470022.9509704818
 20
4349665.162483713
 10
470023.9509704818
 20
4349665.162483713
 10
470023.9509704818
 20
4349664.162483713
 10
470023.5696305494
 20
4349664.162483713
 10
470022.9509704818
 20
4349664.240458604
 10
470022.9509704818
 20
4349665.162483713
  0
TEXT
  5
C6
330
17
100
AcDbEntity
  8
0
 62
1
100
AcDbText
 10
470023.2909704818
 20
4349664.631471158
 30
0.0
 40
0.1333
  1
2.63
  7
CN_TTF
 11
470023.2909704818
 21
4349664.631471158
 31
0.0
100
AcDbText
  0
LWPOLYLINE
  5
C7
330
17
100
AcDbEntity
  8
爆区方格网
 62
1
100
AcDbPolyline
 90
5
 70
1
 10
470022.9509704818
 20
4349665.162483713
 10
470022.9509704818
 20
4349666.162483713
 10
470023.9509704818
 20
4349666.162483713
 10
470023.9509704818
 20
4349665.162483713
 10
470022.9509704818
 20
4349665.162483713
  0
TEXT
  5
C8
330
17
100
AcDbEntity
  8
0
 62
1
100
AcDbText
 10
470023.2909704818
 20
4349665.592483712
 30
0.0
 40
0.1333
  1
2.63
  7
CN_TTF
 11
470023.2909704818
 21
4349665.592483712
 31
0.0
100
AcDbText
  0
LWPOLYLINE
  5
C9
330
17
100
AcDbEntity
  8
爆区方格网
 62
1
100
AcDbPolyline
 90
5
 70
1
 10
470022.9509704818
 20
4349666.162483713
 10
470022.9509704818
 20
4349667.162483713
 10
470023.9509704818
 20
4349667.162483713
 10
470023.9509704818
 20
4349666.162483713
 10
470022.9509704818
 20
4349666.162483713
  0
TEXT
  5
CA
330
17
100
AcDbEntity
  8
0
 62
1
100
AcDbText
 10
470023.2909704818
 20
4349666.592483712
 30
0.0
 40
0.1333
  1
2.15
  7
CN_TTF
 11
470023.2909704818
 21
4349666.592483712
 31
0.0
100
AcDbText
  0
LWPOLYLINE
  5
CB
330
17
100
AcDbEntity
  8
爆区方格网
 62
1
100
AcDbPolyline
 90
5
 70
1
 10
470022.9509704818
 20
4349667.162483713
 10
470022.9509704818
 20
4349668.162483713
 10
470023.9509704818
 20
4349668.162483713
 10
470023.9509704818
 20
4349667.162483713
 10
470022.9509704818
 20
4349667.162483713
  0
TEXT
  5
CC
330
17
100
AcDbEntity
  8
0
 62
1
100
AcDbText
 10
470023.2909704818
 20
4349667.592483712
 30
0.0
 40
0.1333
  1
2.36
  7
CN_TTF
 11
470023.2909704818
 21
4349667.592483712
 31
0.0
100
AcDbText
  0
LWPOLYLINE
  5
CD
330
17
100
AcDbEntity
  8
爆区方格网
 62
1
100
AcDbPolyline
 90
5
 70
1
 10
470022.9509704818
 20
4349668.162483713
 10
470022.9509704818
 20
4349669.162483713
 10
470023.9509704818
 20
4349669.162483713
 10
470023.9509704818
 20
4349668.162483713
 10
470022.9509704818
 20
4349668.162483713
  0
TEXT
  5
CE
330
17
100
AcDbEntity
  8
0
 62
1
100
AcDbText
 10
470023.2909704818
 20
4349668.592483712
 30
0.0
 40
0.1333
  1
2.36
  7
CN_TTF
 11
470023.2909704818
 21
4349668.592483712
 31
0.0
100
AcDbText
  0
LWPOLYLINE
  5
CF
330
17
100
AcDbEntity
  8
爆区方格网
 62
1
100
AcDbPolyline
 90
5
 70
1
 10
470022.9509704818
 20
4349669.162483713
 10
470022.9509704818
 20
4349670.162483713
 10
470023.9509704818
 20
4349670.162483713
 10
470023.9509704818
 20
4349669.162483713
 10
470022.9509704818
 20
4349669.162483713
  0
TEXT
  5
D0
330
17
100
AcDbEntity
  8
0
 62
1
100
AcDbText
 10
470023.2909704818
 20
4349669.592483712
 30
0.0
 40
0.1333
  1
2.36
  7
CN_TTF
 11
470023.2909704818
 21
4349669.592483712
 31
0.0
100
AcDbText
  0
LWPOLYLINE
  5
D1
330
17
100
AcDbEntity
  8
爆区方格网
 62
1
100
AcDbPolyline
 90
5
 70
1
 10
470023.9509704818
 20
4349659.162483713
 10
470024.9509704818
 20
4349659.162483713
 10
470024.9509704818
 20
4349658.539461935
 10
470023.9509704818
 20
4349658.6968333125
 10
470023.9509704818
 20
4349659.162483713
  0
TEXT
  5
D2
330
17
100
AcDbEntity
  8
0
 62
1
100
AcDbText
 10
470024.2909704818
 20
4349658.859658512
 30
0.0
 40
0.1333
  1
1.97
  7
CN_TTF
 11
470024.2909704818
 21
4349658.859658512
 31
0.0
100
AcDbText
  0
LWPOLYLINE
  5
D3
330
17
100
AcDbEntity
  8
爆区方格网
 62
1
100
AcDbPolyline
 90
5
 70
1
 10
470023.9509704818
 20
4349659.162483713
 10
470023.9509704818
 20
4349660.162483713
 10
470024.9509704818
 20
4349660.162483713
 10
470024.9509704818
 20
4349659.162483713
 10
470023.9509704818
 20
4349659.162483713
  0
TEXT
  5
D4
330
17
100
AcDbEntity
  8
0
 62
1
100
AcDbText
 10
470024.2909704818
 20
4349659.592483712
 30
0.0
 40
0.1333
  1
1.97
  7
CN_TTF
 11
470024.2909704818
 21
4349659.592483712
 31
0.0
100
AcDbText
  0
LWPOLYLINE
  5
D5
330
17
100
AcDbEntity
  8
爆区方格网
 62
1
100
AcDbPolyline
 90
5
 70
1
 10
470023.9509704818
 20
4349664.162483713
 10
470023.9509704818
 20
4349665.162483713
 10
470024.9509704818
 20
4349665.162483713
 10
470024.9509704818
 20
4349664.162483713
 10
470023.9509704818
 20
4349664.162483713
  0
TEXT
  5
D6
330
17
100
AcDbEntity
  8
0
 62
1
100
AcDbText
 10
470024.2909704818
 20
4349664.592483712
 30
0.0
 40
0.1333
  1
2.63
  7
CN_TTF
 11
470024.2909704818
 21
4349664.592483712
 31
0.0
100
AcDbText
  0
LWPOLYLINE
  5
D7
330
17
100
AcDbEntity
  8
爆区方格网
 62
1
100
AcDbPolyline
 90
5
 70
1
 10
470023.9509704818
 20
4349665.162483713
 10
470023.9509704818
 20
4349666.162483713
 10
470024.9509704818
 20
4349666.162483713
 10
470024.9509704818
 20
4349665.162483713
 10
470023.9509704818
 20
4349665.162483713
  0
TEXT
  5
D8
330
17
100
AcDbEntity
  8
0
 62
1
100
AcDbText
 10
470024.2909704818
 20
4349665.592483712
 30
0.0
 40
0.1333
  1
2.63
  7
CN_TTF
 11
470024.2909704818
 21
4349665.592483712
 31
0.0
100
AcDbText
  0
LWPOLYLINE
  5
D9
330
17
100
AcDbEntity
  8
爆区方格网
 62
1
100
AcDbPolyline
 90
5
 70
1
 10
470023.9509704818
 20
4349666.162483713
 10
470023.9509704818
 20
4349667.162483713
 10
470024.9509704818
 20
4349667.162483713
 10
470024.9509704818
 20
4349666.162483713
 10
470023.9509704818
 20
4349666.162483713
  0
TEXT
  5
DA
330
17
100
AcDbEntity
  8
0
 62
1
100
AcDbText
 10
470024.2909704818
 20
4349666.592483712
 30
0.0
 40
0.1333
  1
2.36
  7
CN_TTF
 11
470024.2909704818
 21
4349666.592483712
 31
0.0
100
AcDbText
  0
LWPOLYLINE
  5
DB
330
17
100
AcDbEntity
  8
爆区方格网
 62
1
100
AcDbPolyline
 90
5
 70
1
 10
470023.9509704818
 20
4349667.162483713
 10
470023.9509704818
 20
4349668.162483713
 10
470024.9509704818
 20
4349668.162483713
 10
470024.9509704818
 20
4349667.162483713
 10
470023.9509704818
 20
4349667.162483713
  0
TEXT
  5
DC
330
17
100
AcDbEntity
  8
0
 62
1
100
AcDbText
 10
470024.2909704818
 20
4349667.592483712
 30
0.0
 40
0.1333
  1
2.36
  7
CN_TTF
 11
470024.2909704818
 21
4349667.592483712
 31
0.0
100
AcDbText
  0
LWPOLYLINE
  5
DD
330
17
100
AcDbEntity
  8
爆区方格网
 62
1
100
AcDbPolyline
 90
5
 70
1
 10
470023.9509704818
 20
4349668.162483713
 10
470023.9509704818
 20
4349669.162483713
 10
470024.9509704818
 20
4349669.162483713
 10
470024.9509704818
 20
4349668.162483713
 10
470023.9509704818
 20
4349668.162483713
  0
TEXT
  5
DE
330
17
100
AcDbEntity
  8
0
 62
1
100
AcDbText
 10
470024.2909704818
 20
4349668.592483712
 30
0.0
 40
0.1333
  1
2.36
  7
CN_TTF
 11
470024.2909704818
 21
4349668.592483712
 31
0.0
100
AcDbText
  0
LWPOLYLINE
  5
DF
330
17
100
AcDbEntity
  8
爆区方格网
 62
1
100
AcDbPolyline
 90
5
 70
1
 10
470023.9509704818
 20
4349669.162483713
 10
470023.9509704818
 20
4349670.162483713
 10
470024.9509704818
 20
4349670.162483713
 10
470024.9509704818
 20
4349669.162483713
 10
470023.9509704818
 20
4349669.162483713
  0
TEXT
  5
E0
330
17
100
AcDbEntity
  8
0
 62
1
100
AcDbText
 10
470024.2909704818
 20
4349669.592483712
 30
0.0
 40
0.1333
  1
2.36
  7
CN_TTF
 11
470024.2909704818
 21
4349669.592483712
 31
0.0
100
AcDbText
  0
LWPOLYLINE
  5
E1
330
17
100
AcDbEntity
  8
爆区方格网
 62
1
100
AcDbPolyline
 90
5
 70
1
 10
470024.9509704818
 20
4349670.162483713
 10
470023.9509704818
 20
4349670.162483713
 10
470023.9509704818
 20
4349670.589260865
 10
470024.9509704818
 20
4349670.75220737
 10
470024.9509704818
 20
4349670.162483713
  0
TEXT
  5
E2
330
17
100
AcDbEntity
  8
0
 62
1
100
AcDbText
 10
470024.2909704818
 20
4349670.3058722885
 30
0.0
 40
0.1333
  1
2.36
  7
CN_TTF
 11
470024.2909704818
 21
4349670.3058722885
 31
0.0
100
AcDbText
  0
LWPOLYLINE
  5
E3
330
17
100
AcDbEntity
  8
爆区方格网
 62
1
100
AcDbPolyline
 90
6
 70
1
 10
470024.9509704818
 20
4349659.162483713
 10
470025.9509704818
 20
4349659.162483713
 10
470025.9509704818
 20
4349658.382090558
 10
470025.19057109
 20
4349658.501755658
 10
470024.9509704818
 20
4349658.539461935
 10
470024.9509704818
 20
4349659.162483713
  0
TEXT
  5
E4
330
17
100
AcDbEntity
  8
0
 62
1
100
AcDbText
 10
470025.2909704818
 20
4349658.7809728235
 30
0.0
 40
0.1333
  1
1.72
  7
CN_TTF
 11
470025.2909704818
 21
4349658.7809728235
 31
0.0
100
AcDbText
  0
LWPOLYLINE
  5
E5
330
17
100
AcDbEntity
  8
爆区方格网
 62
1
100
AcDbPolyline
 90
5
 70
1
 10
470024.9509704818
 20
4349659.162483713
 10
470024.9509704818
 20
4349660.162483713
 10
470025.9509704818
 20
4349660.162483713
 10
470025.9509704818
 20
4349659.162483713
 10
470024.9509704818
 20
4349659.162483713
  0
TEXT
  5
E6
330
17
100
AcDbEntity
  8
0
 62
1
100
AcDbText
 10
470025.2909704818
 20
4349659.592483712
 30
0.0
 40
0.1333
  1
2.63
  7
CN_TTF
 11
470025.2909704818
 21
4349659.592483712
 31
0.0
100
AcDbText
  0
LWPOLYLINE
  5
E7
330
17
100
AcDbEntity
  8
爆区方格网
 62
1
100
AcDbPolyline
 90
5
 70
1
 10
470025.9509704818
 20
4349660.162483713
 10
470024.9509704818
 20
4349660.162483713
 10
470024.9509704818
 20
4349660.632373387
 10
470025.9509704818
 20
4349660.908083249
 10
470025.9509704818
 20
4349660.162483713
  0
TEXT
  5
E8
330
17
100
AcDbEntity
  8
0
 62
1
100
AcDbText
 10
470025.2909704818
 20
4349660.3274285495
 30
0.0
 40
0.1333
  1
2.63
  7
CN_TTF
 11
470025.2909704818
 21
4349660.3274285495
 31
0.0
100
AcDbText
  0
LWPOLYLINE
  5
E9
330
17
100
AcDbEntity
  8
爆区方格网
 62
1
100
AcDbPolyline
 90
5
 70
1
 10
470024.9509704818
 20
4349664.162483713
 10
470024.9509704818
 20
4349665.162483713
 10
470025.9509704818
 20
4349665.162483713
 10
470025.9509704818
 20
4349664.162483713
 10
470024.9509704818
 20
4349664.162483713
  0
TEXT
  5
EA
330
17
100
AcDbEntity
  8
0
 62
1
100
AcDbText
 10
470025.2909704818
 20
4349664.592483712
 30
0.0
 40
0.1333
  1
2.63
  7
CN_TTF
 11
470025.2909704818
 21
4349664.592483712
 31
0.0
100
AcDbText
  0
LWPOLYLINE
  5
EB
330
17
100
AcDbEntity
  8
爆区方格网
 62
1
100
AcDbPolyline
 90
5
 70
1
 10
470024.9509704818
 20
4349665.162483713
 10
470024.9509704818
 20
4349666.162483713
 10
470025.9509704818
 20
4349666.162483713
 10
470025.9509704818
 20
4349665.162483713
 10
470024.9509704818
 20
4349665.162483713
  0
TEXT
  5
EC
330
17
100
AcDbEntity
  8
0
 62
1
100
AcDbText
 10
470025.2909704818
 20
4349665.592483712
 30
0.0
 40
0.1333
  1
2.63
  7
CN_TTF
 11
470025.2909704818
 21
4349665.592483712
 31
0.0
100
AcDbText
  0
LWPOLYLINE
  5
ED
330
17
100
AcDbEntity
  8
爆区方格网
 62
1
100
AcDbPolyline
 90
5
 70
1
 10
470024.9509704818
 20
4349666.162483713
 10
470024.9509704818
 20
4349667.162483713
 10
470025.9509704818
 20
4349667.162483713
 10
470025.9509704818
 20
4349666.162483713
 10
470024.9509704818
 20
4349666.162483713
  0
TEXT
  5
EE
330
17
100
AcDbEntity
  8
0
 62
1
100
AcDbText
 10
470025.2909704818
 20
4349666.592483712
 30
0.0
 40
0.1333
  1
2.36
  7
CN_TTF
 11
470025.2909704818
 21
4349666.592483712
 31
0.0
100
AcDbText
  0
LWPOLYLINE
  5
EF
330
17
100
AcDbEntity
  8
爆区方格网
 62
1
100
AcDbPolyline
 90
5
 70
1
 10
470024.9509704818
 20
4349667.162483713
 10
470024.9509704818
 20
4349668.162483713
 10
470025.9509704818
 20
4349668.162483713
 10
470025.9509704818
 20
4349667.162483713
 10
470024.9509704818
 20
4349667.162483713
  0
TEXT
  5
F0
330
17
100
AcDbEntity
  8
0
 62
1
100
AcDbText
 10
470025.2909704818
 20
4349667.592483712
 30
0.0
 40
0.1333
  1
2.36
  7
CN_TTF
 11
470025.2909704818
 21
4349667.592483712
 31
0.0
100
AcDbText
  0
LWPOLYLINE
  5
F1
330
17
100
AcDbEntity
  8
爆区方格网
 62
1
100
AcDbPolyline
 90
5
 70
1
 10
470024.9509704818
 20
4349668.162483713
 10
470024.9509704818
 20
4349669.162483713
 10
470025.9509704818
 20
4349669.162483713
 10
470025.9509704818
 20
4349668.162483713
 10
470024.9509704818
 20
4349668.162483713
  0
TEXT
  5
F2
330
17
100
AcDbEntity
  8
0
 62
1
100
AcDbText
 10
470025.2909704818
 20
4349668.592483712
 30
0.0
 40
0.1333
  1
2.36
  7
CN_TTF
 11
470025.2909704818
 21
4349668.592483712
 31
0.0
100
AcDbText
  0
LWPOLYLINE
  5
F3
330
17
100
AcDbEntity
  8
爆区方格网
 62
1
100
AcDbPolyline
 90
5
 70
1
 10
470024.9509704818
 20
4349669.162483713
 10
470024.9509704818
 20
4349670.162483713
 10
470025.9509704818
 20
4349670.162483713
 10
470025.9509704818
 20
4349669.162483713
 10
470024.9509704818
 20
4349669.162483713
  0
TEXT
  5
F4
330
17
100
AcDbEntity
  8
0
 62
1
100
AcDbText
 10
470025.2909704818
 20
4349669.592483712
 30
0.0
 40
0.1333
  1
2.36
  7
CN_TTF
 11
470025.2909704818
 21
4349669.592483712
 31
0.0
100
AcDbText
  0
LWPOLYLINE
  5
F5
330
17
100
AcDbEntity
  8
爆区方格网
 62
1
100
AcDbPolyline
 90
5
 70
1
 10
470025.9509704818
 20
4349670.162483713
 10
470024.9509704818
 20
4349670.162483713
 10
470024.9509704818
 20
4349670.75220737
 10
470025.9509704818
 20
4349670.915153875
 10
470025.9509704818
 20
4349670.162483713
  0
TEXT
  5
F6
330
17
100
AcDbEntity
  8
0
 62
1
100
AcDbText
 10
470025.2909704818
 20
4349670.387345541
 30
0.0
 40
0.1333
  1
2.36
  7
CN_TTF
 11
470025.2909704818
 21
4349670.387345541
 31
0.0
100
AcDbText
  0
LWPOLYLINE
  5
F7
330
17
100
AcDbEntity
  8
爆区方格网
 62
1
100
AcDbPolyline
 90
5
 70
1
 10
470025.9509704818
 20
4349659.162483713
 10
470026.9509704818
 20
4349659.162483713
 10
470026.9509704818
 20
4349658.224719181
 10
470025.9509704818
 20
4349658.382090558
 10
470025.9509704818
 20
4349659.162483713
  0
TEXT
  5
F8
330
17
100
AcDbEntity
  8
0
 62
1
100
AcDbText
 10
470026.2909704818
 20
4349658.702287136
 30
0.0
 40
0.1333
  1
1.72
  7
CN_TTF
 11
470026.2909704818
 21
4349658.702287136
 31
0.0
100
AcDbText
  0
LWPOLYLINE
  5
F9
330
17
100
AcDbEntity
  8
爆区方格网
 62
1
100
AcDbPolyline
 90
5
 70
1
 10
470025.9509704818
 20
4349659.162483713
 10
470025.9509704818
 20
4349660.162483713
 10
470026.9509704818
 20
4349660.162483713
 10
470026.9509704818
 20
4349659.162483713
 10
470025.9509704818
 20
4349659.162483713
  0
TEXT
  5
FA
330
17
100
AcDbEntity
  8
0
 62
1
100
AcDbText
 10
470026.2909704818
 20
4349659.592483712
 30
0.0
 40
0.1333
  1
1.72
  7
CN_TTF
 11
470026.2909704818
 21
4349659.592483712
 31
0.0
100
AcDbText
  0
LWPOLYLINE
  5
FB
330
17
100
AcDbEntity
  8
爆区方格网
 62
1
100
AcDbPolyline
 90
7
 70
1
 10
470026.9509704818
 20
4349661.162483713
 10
470026.9509704818
 20
4349660.162483713
 10
470025.9509704818
 20
4349660.162483713
 10
470025.9509704818
 20
4349660.908083249
 10
470026.2207247591
 20
4349660.982457164
 10
470026.87368126813
 20
4349661.162483713
 10
470026.9509704818
 20
4349661.162483713
  0
TEXT
  5
FC
330
17
100
AcDbEntity
  8
0
 62
1
100
AcDbText
 10
470026.2909704818
 20
4349660.4652834805
 30
0.0
 40
0.1333
  1
1.72
  7
CN_TTF
 11
470026.2909704818
 21
4349660.4652834805
 31
0.0
100
AcDbText
  0
LWPOLYLINE
  5
FD
330
17
100
AcDbEntity
  8
爆区方格网
 62
1
100
AcDbPolyline
 90
5
 70
1
 10
470025.9509704818
 20
4349664.162483713
 10
470025.9509704818
 20
4349665.162483713
 10
470026.9509704818
 20
4349665.162483713
 10
470026.9509704818
 20
4349664.162483713
 10
470025.9509704818
 20
4349664.162483713
  0
TEXT
  5
FE
330
17
100
AcDbEntity
  8
0
 62
1
100
AcDbText
 10
470026.2909704818
 20
4349664.592483712
 30
0.0
 40
0.1333
  1
2.63
  7
CN_TTF
 11
470026.2909704818
 21
4349664.592483712
 31
0.0
100
AcDbText
  0
LWPOLYLINE
  5
FF
330
17
100
AcDbEntity
  8
爆区方格网
 62
1
100
AcDbPolyline
 90
5
 70
1
 10
470025.9509704818
 20
4349665.162483713
 10
470025.9509704818
 20
4349666.162483713
 10
470026.9509704818
 20
4349666.162483713
 10
470026.9509704818
 20
4349665.162483713
 10
470025.9509704818
 20
4349665.162483713
  0
TEXT
  5
100
330
17
100
AcDbEntity
  8
0
 62
1
100
AcDbText
 10
470026.2909704818
 20
4349665.592483712
 30
0.0
 40
0.1333
  1
2.36
  7
CN_TTF
 11
470026.2909704818
 21
4349665.592483712
 31
0.0
100
AcDbText
  0
LWPOLYLINE
  5
101
330
17
100
AcDbEntity
  8
爆区方格网
 62
1
100
AcDbPolyline
 90
5
 70
1
 10
470025.9509704818
 20
4349666.162483713
 10
470025.9509704818
 20
4349667.162483713
 10
470026.9509704818
 20
4349667.162483713
 10
470026.9509704818
 20
4349666.162483713
 10
470025.9509704818
 20
4349666.162483713
  0
TEXT
  5
102
330
17
100
AcDbEntity
  8
0
 62
1
100
AcDbText
 10
470026.2909704818
 20
4349666.592483712
 30
0.0
 40
0.1333
  1
2.36
  7
CN_TTF
 11
470026.2909704818
 21
4349666.592483712
 31
0.0
100
AcDbText
  0
LWPOLYLINE
  5
103
330
17
100
AcDbEntity
  8
爆区方格网
 62
1
100
AcDbPolyline
 90
5
 70
1
 10
470025.9509704818
 20
4349667.162483713
 10
470025.9509704818
 20
4349668.162483713
 10
470026.9509704818
 20
4349668.162483713
 10
470026.9509704818
 20
4349667.162483713
 10
470025.9509704818
 20
4349667.162483713
  0
TEXT
  5
104
330
17
100
AcDbEntity
  8
0
 62
1
100
AcDbText
 10
470026.2909704818
 20
4349667.592483712
 30
0.0
 40
0.1333
  1
2.36
  7
CN_TTF
 11
470026.2909704818
 21
4349667.592483712
 31
0.0
100
AcDbText
  0
LWPOLYLINE
  5
105
330
17
100
AcDbEntity
  8
爆区方格网
 62
1
100
AcDbPolyline
 90
5
 70
1
 10
470025.9509704818
 20
4349668.162483713
 10
470025.9509704818
 20
4349669.162483713
 10
470026.9509704818
 20
4349669.162483713
 10
470026.9509704818
 20
4349668.162483713
 10
470025.9509704818
 20
4349668.162483713
  0
TEXT
  5
106
330
17
100
AcDbEntity
  8
0
 62
1
100
AcDbText
 10
470026.2909704818
 20
4349668.592483712
 30
0.0
 40
0.1333
  1
2.36
  7
CN_TTF
 11
470026.2909704818
 21
4349668.592483712
 31
0.0
100
AcDbText
  0
LWPOLYLINE
  5
107
330
17
100
AcDbEntity
  8
爆区方格网
 62
1
100
AcDbPolyline
 90
5
 70
1
 10
470025.9509704818
 20
4349669.162483713
 10
470025.9509704818
 20
4349670.162483713
 10
470026.9509704818
 20
4349670.162483713
 10
470026.9509704818
 20
4349669.162483713
 10
470025.9509704818
 20
4349669.162483713
  0
TEXT
  5
108
330
17
100
AcDbEntity
  8
0
 62
1
100
AcDbText
 10
470026.2909704818
 20
4349669.592483712
 30
0.0
 40
0.1333
  1
2.36
  7
CN_TTF
 11
470026.2909704818
 21
4349669.592483712
 31
0.0
100
AcDbText
  0
LWPOLYLINE
  5
109
330
17
100
AcDbEntity
  8
爆区方格网
 62
1
100
AcDbPolyline
 90
5
 70
1
 10
470026.9509704818
 20
4349670.162483713
 10
470025.9509704818
 20
4349670.162483713
 10
470025.9509704818
 20
4349670.915153875
 10
470026.9509704818
 20
4349671.07810038
 10
470026.9509704818
 20
4349670.162483713
  0
TEXT
  5
10A
330
17
100
AcDbEntity
  8
0
 62
1
100
AcDbText
 10
470026.2909704818
 20
4349670.468818793
 30
0.0
 40
0.1333
  1
2.36
  7
CN_TTF
 11
470026.2909704818
 21
4349670.468818793
 31
0.0
100
AcDbText
  0
LWPOLYLINE
  5
10B
330
17
100
AcDbEntity
  8
爆区方格网
 62
1
100
AcDbPolyline
 90
6
 70
1
 10
470026.9509704818
 20
4349659.162483713
 10
470027.9509704818
 20
4349659.162483713
 10
470027.9509704818
 20
4349658.162483713
 10
470027.34643926914
 20
4349658.162483713
 10
470026.9509704818
 20
4349658.224719181
 10
470026.9509704818
 20
4349659.162483713
  0
TEXT
  5
10C
330
17
100
AcDbEntity
  8
0
 62
1
100
AcDbText
 10
470027.2909704818
 20
4349658.623601446
 30
0.0
 40
0.1333
  1
1.72
  7
CN_TTF
 11
470027.2909704818
 21
4349658.623601446
 31
0.0
100
AcDbText
  0
LWPOLYLINE
  5
10D
330
17
100
AcDbEntity
  8
爆区方格网
 62
1
100
AcDbPolyline
 90
5
 70
1
 10
470026.9509704818
 20
4349659.162483713
 10
470026.9509704818
 20
4349660.162483713
 10
470027.9509704818
 20
4349660.162483713
 10
470027.9509704818
 20
4349659.162483713
 10
470026.9509704818
 20
4349659.162483713
  0
TEXT
  5
10E
330
17
100
AcDbEntity
  8
0
 62
1
100
AcDbText
 10
470027.2909704818
 20
4349659.592483712
 30
0.0
 40
0.1333
  1
1.72
  7
CN_TTF
 11
470027.2909704818
 21
4349659.592483712
 31
0.0
100
AcDbText
  0
LWPOLYLINE
  5
10F
330
17
100
AcDbEntity
  8
爆区方格网
 62
1
100
AcDbPolyline
 90
5
 70
1
 10
470026.9509704818
 20
4349660.162483713
 10
470026.9509704818
 20
4349661.162483713
 10
470027.9509704818
 20
4349661.162483713
 10
470027.9509704818
 20
4349660.162483713
 10
470026.9509704818
 20
4349660.162483713
  0
TEXT
  5
110
330
17
100
AcDbEntity
  8
0
 62
1
100
AcDbText
 10
470027.2909704818
 20
4349660.592483712
 30
0.0
 40
0.1333
  1
1.72
  7
CN_TTF
 11
470027.2909704818
 21
4349660.592483712
 31
0.0
100
AcDbText
  0
LWPOLYLINE
  5
111
330
17
100
AcDbEntity
  8
爆区方格网
 62
1
100
AcDbPolyline
 90
5
 70
1
 10
470026.9509704818
 20
4349664.162483713
 10
470026.9509704818
 20
4349665.162483713
 10
470027.9509704818
 20
4349665.162483713
 10
470027.9509704818
 20
4349664.162483713
 10
470026.9509704818
 20
4349664.162483713
  0
TEXT
  5
112
330
17
100
AcDbEntity
  8
0
 62
1
100
AcDbText
 10
470027.2909704818
 20
4349664.592483712
 30
0.0
 40
0.1333
  1
2.63
  7
CN_TTF
 11
470027.2909704818
 21
4349664.592483712
 31
0.0
100
AcDbText
  0
LWPOLYLINE
  5
113
330
17
100
AcDbEntity
  8
爆区方格网
 62
1
100
AcDbPolyline
 90
5
 70
1
 10
470026.9509704818
 20
4349665.162483713
 10
470026.9509704818
 20
4349666.162483713
 10
470027.9509704818
 20
4349666.162483713
 10
470027.9509704818
 20
4349665.162483713
 10
470026.9509704818
 20
4349665.162483713
  0
TEXT
  5
114
330
17
100
AcDbEntity
  8
0
 62
1
100
AcDbText
 10
470027.2909704818
 20
4349665.592483712
 30
0.0
 40
0.1333
  1
2.36
  7
CN_TTF
 11
470027.2909704818
 21
4349665.592483712
 31
0.0
100
AcDbText
  0
LWPOLYLINE
  5
115
330
17
100
AcDbEntity
  8
爆区方格网
 62
1
100
AcDbPolyline
 90
5
 70
1
 10
470026.9509704818
 20
4349666.162483713
 10
470026.9509704818
 20
4349667.162483713
 10
470027.9509704818
 20
4349667.162483713
 10
470027.9509704818
 20
4349666.162483713
 10
470026.9509704818
 20
4349666.162483713
  0
TEXT
  5
116
330
17
100
AcDbEntity
  8
0
 62
1
100
AcDbText
 10
470027.2909704818
 20
4349666.592483712
 30
0.0
 40
0.1333
  1
2.36
  7
CN_TTF
 11
470027.2909704818
 21
4349666.592483712
 31
0.0
100
AcDbText
  0
LWPOLYLINE
  5
117
330
17
100
AcDbEntity
  8
爆区方格网
 62
1
100
AcDbPolyline
 90
5
 70
1
 10
470026.9509704818
 20
4349667.162483713
 10
470026.9509704818
 20
4349668.162483713
 10
470027.9509704818
 20
4349668.162483713
 10
470027.9509704818
 20
4349667.162483713
 10
470026.9509704818
 20
4349667.162483713
  0
TEXT
  5
118
330
17
100
AcDbEntity
  8
0
 62
1
100
AcDbText
 10
470027.2909704818
 20
4349667.592483712
 30
0.0
 40
0.1333
  1
2.36
  7
CN_TTF
 11
470027.2909704818
 21
4349667.592483712
 31
0.0
100
AcDbText
  0
LWPOLYLINE
  5
119
330
17
100
AcDbEntity
  8
爆区方格网
 62
1
100
AcDbPolyline
 90
5
 70
1
 10
470026.9509704818
 20
4349668.162483713
 10
470026.9509704818
 20
4349669.162483713
 10
470027.9509704818
 20
4349669.162483713
 10
470027.9509704818
 20
4349668.162483713
 10
470026.9509704818
 20
4349668.162483713
  0
TEXT
  5
11A
330
17
100
AcDbEntity
  8
0
 62
1
100
AcDbText
 10
470027.2909704818
 20
4349668.592483712
 30
0.0
 40
0.1333
  1
2.36
  7
CN_TTF
 11
470027.2909704818
 21
4349668.592483712
 31
0.0
100
AcDbText
  0
LWPOLYLINE
  5
11B
330
17
100
AcDbEntity
  8
爆区方格网
 62
1
100
AcDbPolyline
 90
5
 70
1
 10
470026.9509704818
 20
4349669.162483713
 10
470026.9509704818
 20
4349670.162483713
 10
470027.9509704818
 20
4349670.162483713
 10
470027.9509704818
 20
4349669.162483713
 10
470026.9509704818
 20
4349669.162483713
  0
TEXT
  5
11C
330
17
100
AcDbEntity
  8
0
 62
1
100
AcDbText
 10
470027.2909704818
 20
4349669.592483712
 30
0.0
 40
0.1333
  1
2.36
  7
CN_TTF
 11
470027.2909704818
 21
4349669.592483712
 31
0.0
100
AcDbText
  0
LWPOLYLINE
  5
11D
330
17
100
AcDbEntity
  8
爆区方格网
 62
1
100
AcDbPolyline
 90
6
 70
1
 10
470027.9509704818
 20
4349671.162483713
 10
470027.9509704818
 20
4349670.162483713
 10
470026.9509704818
 20
4349670.162483713
 10
470026.9509704818
 20
4349671.07810038
 10
470027.46882959857
 20
4349671.162483713
 10
470027.9509704818
 20
4349671.162483713
  0
TEXT
  5
11E
330
17
100
AcDbEntity
  8
0
 62
1
100
AcDbText
 10
470027.2909704818
 20
4349670.550292046
 30
0.0
 40
0.1333
  1
2.36
  7
CN_TTF
 11
470027.2909704818
 21
4349670.550292046
 31
0.0
100
AcDbText
  0
LWPOLYLINE
  5
11F
330
17
100
AcDbEntity
  8
爆区方格网
 62
1
100
AcDbPolyline
 90
5
 70
1
 10
470027.9509704818
 20
4349658.162483713
 10
470027.9509704818
 20
4349659.162483713
 10
470028.9509704818
 20
4349659.162483713
 10
470028.9509704818
 20
4349658.162483713
 10
470027.9509704818
 20
4349658.162483713
  0
TEXT
  5
120
330
17
100
AcDbEntity
  8
0
 62
1
100
AcDbText
 10
470028.2909704818
 20
4349658.592483712
 30
0.0
 40
0.1333
  1
1.72
  7
CN_TTF
 11
470028.2909704818
 21
4349658.592483712
 31
0.0
100
AcDbText
  0
LWPOLYLINE
  5
121
330
17
100
AcDbEntity
  8
爆区方格网
 62
1
100
AcDbPolyline
 90
5
 70
1
 10
470027.9509704818
 20
4349659.162483713
 10
470027.9509704818
 20
4349660.162483713
 10
470028.9509704818
 20
4349660.162483713
 10
470028.9509704818
 20
4349659.162483713
 10
470027.9509704818
 20
4349659.162483713
  0
TEXT
  5
122
330
17
100
AcDbEntity
  8
0
 62
1
100
AcDbText
 10
470028.2909704818
 20
4349659.592483712
 30
0.0
 40
0.1333
  1
1.72
  7
CN_TTF
 11
470028.2909704818
 21
4349659.592483712
 31
0.0
100
AcDbText
  0
LWPOLYLINE
  5
123
330
17
100
AcDbEntity
  8
爆区方格网
 62
1
100
AcDbPolyline
 90
5
 70
1
 10
470027.9509704818
 20
4349660.162483713
 10
470027.9509704818
 20
4349661.162483713
 10
470028.9509704818
 20
4349661.162483713
 10
470028.9509704818
 20
4349660.162483713
 10
470027.9509704818
 20
4349660.162483713
  0
TEXT
  5
124
330
17
100
AcDbEntity
  8
0
 62
1
100
AcDbText
 10
470028.2909704818
 20
4349660.592483712
 30
0.0
 40
0.1333
  1
1.72
  7
CN_TTF
 11
470028.2909704818
 21
4349660.592483712
 31
0.0
100
AcDbText
  0
LWPOLYLINE
  5
125
330
17
100
AcDbEntity
  8
爆区方格网
 62
1
100
AcDbPolyline
 90
5
 70
1
 10
470027.9509704818
 20
4349664.162483713
 10
470028.9509704818
 20
4349664.162483713
 10
470028.9509704818
 20
4349663.484228535
 10
470027.9509704818
 20
4349663.61026688
 10
470027.9509704818
 20
4349664.162483713
  0
TEXT
  5
126
330
17
100
AcDbEntity
  8
0
 62
1
100
AcDbText
 10
470028.2909704818
 20
4349663.816375297
 30
0.0
 40
0.1333
  1
1.72
  7
CN_TTF
 11
470028.2909704818
 21
4349663.816375297
 31
0.0
100
AcDbText
  0
LWPOLYLINE
  5
127
330
17
100
AcDbEntity
  8
爆区方格网
 62
1
100
AcDbPolyline
 90
5
 70
1
 10
470027.9509704818
 20
4349664.162483713
 10
470027.9509704818
 20
4349665.162483713
 10
470028.9509704818
 20
4349665.162483713
 10
470028.9509704818
 20
4349664.162483713
 10
470027.9509704818
 20
4349664.162483713
  0
TEXT
  5
128
330
17
100
AcDbEntity
  8
0
 62
1
100
AcDbText
 10
470028.2909704818
 20
4349664.592483712
 30
0.0
 40
0.1333
  1
1.72
  7
CN_TTF
 11
470028.2909704818
 21
4349664.592483712
 31
0.0
100
AcDbText
  0
LWPOLYLINE
  5
129
330
17
100
AcDbEntity
  8
爆区方格网
 62
1
100
AcDbPolyline
 90
5
 70
1
 10
470027.9509704818
 20
4349665.162483713
 10
470027.9509704818
 20
4349666.162483713
 10
470028.9509704818
 20
4349666.162483713
 10
470028.9509704818
 20
4349665.162483713
 10
470027.9509704818
 20
4349665.162483713
  0
TEXT
  5
12A
330
17
100
AcDbEntity
  8
0
 62
1
100
AcDbText
 10
470028.2909704818
 20
4349665.592483712
 30
0.0
 40
0.1333
  1
2.36
  7
CN_TTF
 11
470028.2909704818
 21
4349665.592483712
 31
0.0
100
AcDbText
  0
LWPOLYLINE
  5
12B
330
17
100
AcDbEntity
  8
爆区方格网
 62
1
100
AcDbPolyline
 90
5
 70
1
 10
470027.9509704818
 20
4349666.162483713
 10
470027.9509704818
 20
4349667.162483713
 10
470028.9509704818
 20
4349667.162483713
 10
470028.9509704818
 20
4349666.162483713
 10
470027.9509704818
 20
4349666.162483713
  0
TEXT
  5
12C
330
17
100
AcDbEntity
  8
0
 62
1
100
AcDbText
 10
470028.2909704818
 20
4349666.592483712
 30
0.0
 40
0.1333
  1
2.36
  7
CN_TTF
 11
470028.2909704818
 21
4349666.592483712
 31
0.0
100
AcDbText
  0
LWPOLYLINE
  5
12D
330
17
100
AcDbEntity
  8
爆区方格网
 62
1
100
AcDbPolyline
 90
5
 70
1
 10
470027.9509704818
 20
4349667.162483713
 10
470027.9509704818
 20
4349668.162483713
 10
470028.9509704818
 20
4349668.162483713
 10
470028.9509704818
 20
4349667.162483713
 10
470027.9509704818
 20
4349667.162483713
  0
TEXT
  5
12E
330
17
100
AcDbEntity
  8
0
 62
1
100
AcDbText
 10
470028.2909704818
 20
4349667.592483712
 30
0.0
 40
0.1333
  1
2.36
  7
CN_TTF
 11
470028.2909704818
 21
4349667.592483712
 31
0.0
100
AcDbText
  0
LWPOLYLINE
  5
12F
330
17
100
AcDbEntity
  8
爆区方格网
 62
1
100
AcDbPolyline
 90
5
 70
1
 10
470027.9509704818
 20
4349668.162483713
 10
470027.9509704818
 20
4349669.162483713
 10
470028.9509704818
 20
4349669.162483713
 10
470028.9509704818
 20
4349668.162483713
 10
470027.9509704818
 20
4349668.162483713
  0
TEXT
  5
130
330
17
100
AcDbEntity
  8
0
 62
1
100
AcDbText
 10
470028.2909704818
 20
4349668.592483712
 30
0.0
 40
0.1333
  1
2.36
  7
CN_TTF
 11
470028.2909704818
 21
4349668.592483712
 31
0.0
100
AcDbText
  0
LWPOLYLINE
  5
131
330
17
100
AcDbEntity
  8
爆区方格网
 62
1
100
AcDbPolyline
 90
5
 70
1
 10
470027.9509704818
 20
4349669.162483713
 10
470027.9509704818
 20
4349670.162483713
 10
470028.9509704818
 20
4349670.162483713
 10
470028.9509704818
 20
4349669.162483713
 10
470027.9509704818
 20
4349669.162483713
  0
TEXT
  5
132
330
17
100
AcDbEntity
  8
0
 62
1
100
AcDbText
 10
470028.2909704818
 20
4349669.592483712
 30
0.0
 40
0.1333
  1
2.36
  7
CN_TTF
 11
470028.2909704818
 21
4349669.592483712
 31
0.0
100
AcDbText
  0
LWPOLYLINE
  5
133
330
17
100
AcDbEntity
  8
爆区方格网
 62
1
100
AcDbPolyline
 90
5
 70
1
 10
470027.9509704818
 20
4349670.162483713
 10
470027.9509704818
 20
4349671.162483713
 10
470028.9509704818
 20
4349671.162483713
 10
470028.9509704818
 20
4349670.162483713
 10
470027.9509704818
 20
4349670.162483713
  0
TEXT
  5
134
330
17
100
AcDbEntity
  8
0
 62
1
100
AcDbText
 10
470028.2909704818
 20
4349670.592483712
 30
0.0
 40
0.1333
  1
2.36
  7
CN_TTF
 11
470028.2909704818
 21
4349670.592483712
 31
0.0
100
AcDbText
  0
LWPOLYLINE
  5
135
330
17
100
AcDbEntity
  8
爆区方格网
 62
1
100
AcDbPolyline
 90
5
 70
1
 10
470028.9509704818
 20
4349658.162483713
 10
470028.9509704818
 20
4349659.162483713
 10
470029.9509704818
 20
4349659.162483713
 10
470029.9509704818
 20
4349658.162483713
 10
470028.9509704818
 20
4349658.162483713
  0
TEXT
  5
136
330
17
100
AcDbEntity
  8
0
 62
1
100
AcDbText
 10
470029.2909704818
 20
4349658.592483712
 30
0.0
 40
0.1333
  1
1.72
  7
CN_TTF
 11
470029.2909704818
 21
4349658.592483712
 31
0.0
100
AcDbText
  0
LWPOLYLINE
  5
137
330
17
100
AcDbEntity
  8
爆区方格网
 62
1
100
AcDbPolyline
 90
5
 70
1
 10
470028.9509704818
 20
4349659.162483713
 10
470028.9509704818
 20
4349660.162483713
 10
470029.9509704818
 20
4349660.162483713
 10
470029.9509704818
 20
4349659.162483713
 10
470028.9509704818
 20
4349659.162483713
  0
TEXT
  5
138
330
17
100
AcDbEntity
  8
0
 62
1
100
AcDbText
 10
470029.2909704818
 20
4349659.592483712
 30
0.0
 40
0.1333
  1
1.72
  7
CN_TTF
 11
470029.2909704818
 21
4349659.592483712
 31
0.0
100
AcDbText
  0
LWPOLYLINE
  5
139
330
17
100
AcDbEntity
  8
爆区方格网
 62
1
100
AcDbPolyline
 90
5
 70
1
 10
470028.9509704818
 20
4349660.162483713
 10
470028.9509704818
 20
4349661.162483713
 10
470029.9509704818
 20
4349661.162483713
 10
470029.9509704818
 20
4349660.162483713
 10
470028.9509704818
 20
4349660.162483713
  0
TEXT
  5
13A
330
17
100
AcDbEntity
  8
0
 62
1
100
AcDbText
 10
470029.2909704818
 20
4349660.592483712
 30
0.0
 40
0.1333
  1
1.72
  7
CN_TTF
 11
470029.2909704818
 21
4349660.592483712
 31
0.0
100
AcDbText
  0
LWPOLYLINE
  5
13B
330
17
100
AcDbEntity
  8
爆区方格网
 62
1
100
AcDbPolyline
 90
5
 70
1
 10
470029.9509704818
 20
4349661.162483713
 10
470028.9509704818
 20
4349661.162483713
 10
470028.9509704818
 20
4349661.735212835
 10
470029.9509704818
 20
4349662.010922696
 10
470029.9509704818
 20
4349661.162483713
  0
TEXT
  5
13C
330
17
100
AcDbEntity
  8
0
 62
1
100
AcDbText
 10
470029.2909704818
 20
4349661.378848273
 30
0.0
 40
0.1333
  1
1.72
  7
CN_TTF
 11
470029.2909704818
 21
4349661.378848273
 31
0.0
100
AcDbText
  0
LWPOLYLINE
  5
13D
330
17
100
AcDbEntity
  8
爆区方格网
 62
1
100
AcDbPolyline
 90
5
 70
1
 10
470028.9509704818
 20
4349664.162483713
 10
470029.9509704818
 20
4349664.162483713
 10
470029.9509704818
 20
4349663.35819019
 10
470028.9509704818
 20
4349663.484228535
 10
470028.9509704818
 20
4349664.162483713
  0
TEXT
  5
13E
330
17
100
AcDbEntity
  8
0
 62
1
100
AcDbText
 10
470029.2909704818
 20
4349663.753356123
 30
0.0
 40
0.1333
  1
1.72
  7
CN_TTF
 11
470029.2909704818
 21
4349663.753356123
 31
0.0
100
AcDbText
  0
LWPOLYLINE
  5
13F
330
17
100
AcDbEntity
  8
爆区方格网
 62
1
100
AcDbPolyline
 90
5
 70
1
 10
470028.9509704818
 20
4349664.162483713
 10
470028.9509704818
 20
4349665.162483713
 10
470029.9509704818
 20
4349665.162483713
 10
470029.9509704818
 20
4349664.162483713
 10
470028.9509704818
 20
4349664.162483713
  0
TEXT
  5
140
330
17
100
AcDbEntity
  8
0
 62
1
100
AcDbText
 10
470029.2909704818
 20
4349664.592483712
 30
0.0
 40
0.1333
  1
1.67
  7
CN_TTF
 11
470029.2909704818
 21
4349664.592483712
 31
0.0
100
AcDbText
  0
LWPOLYLINE
  5
141
330
17
100
AcDbEntity
  8
爆区方格网
 62
1
100
AcDbPolyline
 90
5
 70
1
 10
470028.9509704818
 20
4349665.162483713
 10
470028.9509704818
 20
4349666.162483713
 10
470029.9509704818
 20
4349666.162483713
 10
470029.9509704818
 20
4349665.162483713
 10
470028.9509704818
 20
4349665.162483713
  0
TEXT
  5
142
330
17
100
AcDbEntity
  8
0
 62
1
100
AcDbText
 10
470029.2909704818
 20
4349665.592483712
 30
0.0
 40
0.1333
  1
1.67
  7
CN_TTF
 11
470029.2909704818
 21
4349665.592483712
 31
0.0
100
AcDbText
  0
LWPOLYLINE
  5
143
330
17
100
AcDbEntity
  8
爆区方格网
 62
1
100
AcDbPolyline
 90
5
 70
1
 10
470028.9509704818
 20
4349666.162483713
 10
470028.9509704818
 20
4349667.162483713
 10
470029.9509704818
 20
4349667.162483713
 10
470029.9509704818
 20
4349666.162483713
 10
470028.9509704818
 20
4349666.162483713
  0
TEXT
  5
144
330
17
100
AcDbEntity
  8
0
 62
1
100
AcDbText
 10
470029.2909704818
 20
4349666.592483712
 30
0.0
 40
0.1333
  1
1.67
  7
CN_TTF
 11
470029.2909704818
 21
4349666.592483712
 31
0.0
100
AcDbText
  0
LWPOLYLINE
  5
145
330
17
100
AcDbEntity
  8
爆区方格网
 62
1
100
AcDbPolyline
 90
5
 70
1
 10
470028.9509704818
 20
4349667.162483713
 10
470028.9509704818
 20
4349668.162483713
 10
470029.9509704818
 20
4349668.162483713
 10
470029.9509704818
 20
4349667.162483713
 10
470028.9509704818
 20
4349667.162483713
  0
TEXT
  5
146
330
17
100
AcDbEntity
  8
0
 62
1
100
AcDbText
 10
470029.2909704818
 20
4349667.592483712
 30
0.0
 40
0.1333
  1
2.36
  7
CN_TTF
 11
470029.2909704818
 21
4349667.592483712
 31
0.0
100
AcDbText
  0
LWPOLYLINE
  5
147
330
17
100
AcDbEntity
  8
爆区方格网
 62
1
100
AcDbPolyline
 90
5
 70
1
 10
470028.9509704818
 20
4349668.162483713
 10
470028.9509704818
 20
4349669.162483713
 10
470029.9509704818
 20
4349669.162483713
 10
470029.9509704818
 20
4349668.162483713
 10
470028.9509704818
 20
4349668.162483713
  0
TEXT
  5
148
330
17
100
AcDbEntity
  8
0
 62
1
100
AcDbText
 10
470029.2909704818
 20
4349668.592483712
 30
0.0
 40
0.1333
  1
2.36
  7
CN_TTF
 11
470029.2909704818
 21
4349668.592483712
 31
0.0
100
AcDbText
  0
LWPOLYLINE
  5
149
330
17
100
AcDbEntity
  8
爆区方格网
 62
1
100
AcDbPolyline
 90
5
 70
1
 10
470028.9509704818
 20
4349669.162483713
 10
470028.9509704818
 20
4349670.162483713
 10
470029.9509704818
 20
4349670.162483713
 10
470029.9509704818
 20
4349669.162483713
 10
470028.9509704818
 20
4349669.162483713
  0
TEXT
  5
14A
330
17
100
AcDbEntity
  8
0
 62
1
100
AcDbText
 10
470029.2909704818
 20
4349669.592483712
 30
0.0
 40
0.1333
  1
2.36
  7
CN_TTF
 11
470029.2909704818
 21
4349669.592483712
 31
0.0
100
AcDbText
  0
LWPOLYLINE
  5
14B
330
17
100
AcDbEntity
  8
爆区方格网
 62
1
100
AcDbPolyline
 90
5
 70
1
 10
470028.9509704818
 20
4349670.162483713
 10
470028.9509704818
 20
4349671.162483713
 10
470029.9509704818
 20
4349671.162483713
 10
470029.9509704818
 20
4349670.162483713
 10
470028.9509704818
 20
4349670.162483713
  0
TEXT
  5
14C
330
17
100
AcDbEntity
  8
0
 62
1
100
AcDbText
 10
470029.2909704818
 20
4349670.592483712
 30
0.0
 40
0.1333
  1
2.36
  7
CN_TTF
 11
470029.2909704818
 21
4349670.592483712
 31
0.0
100
AcDbText
  0
LWPOLYLINE
  5
14D
330
17
100
AcDbEntity
  8
爆区方格网
 62
1
100
AcDbPolyline
 90
5
 70
1
 10
470029.9509704818
 20
4349658.162483713
 10
470029.9509704818
 20
4349659.162483713
 10
470030.9509704818
 20
4349659.162483713
 10
470030.9509704818
 20
4349658.162483713
 10
470029.9509704818
 20
4349658.162483713
  0
TEXT
  5
14E
330
17
100
AcDbEntity
  8
0
 62
1
100
AcDbText
 10
470030.2909704818
 20
4349658.592483712
 30
0.0
 40
0.1333
  1
1.72
  7
CN_TTF
 11
470030.2909704818
 21
4349658.592483712
 31
0.0
100
AcDbText
  0
LWPOLYLINE
  5
14F
330
17
100
AcDbEntity
  8
爆区方格网
 62
1
100
AcDbPolyline
 90
5
 70
1
 10
470029.9509704818
 20
4349659.162483713
 10
470029.9509704818
 20
4349660.162483713
 10
470030.9509704818
 20
4349660.162483713
 10
470030.9509704818
 20
4349659.162483713
 10
470029.9509704818
 20
4349659.162483713
  0
TEXT
  5
150
330
17
100
AcDbEntity
  8
0
 62
1
100
AcDbText
 10
470030.2909704818
 20
4349659.592483712
 30
0.0
 40
0.1333
  1
1.72
  7
CN_TTF
 11
470030.2909704818
 21
4349659.592483712
 31
0.0
100
AcDbText
  0
LWPOLYLINE
  5
151
330
17
100
AcDbEntity
  8
爆区方格网
 62
1
100
AcDbPolyline
 90
5
 70
1
 10
470029.9509704818
 20
4349660.162483713
 10
470029.9509704818
 20
4349661.162483713
 10
470030.9509704818
 20
4349661.162483713
 10
470030.9509704818
 20
4349660.162483713
 10
470029.9509704818
 20
4349660.162483713
  0
TEXT
  5
152
330
17
100
AcDbEntity
  8
0
 62
1
100
AcDbText
 10
470030.2909704818
 20
4349660.592483712
 30
0.0
 40
0.1333
  1
1.72
  7
CN_TTF
 11
470030.2909704818
 21
4349660.592483712
 31
0.0
100
AcDbText
  0
LWPOLYLINE
  5
153
330
17
100
AcDbEntity
  8
爆区方格网
 62
1
100
AcDbPolyline
 90
6
 70
1
 10
470030.9509704818
 20
4349662.162483713
 10
470030.9509704818
 20
4349661.162483713
 10
470029.9509704818
 20
4349661.162483713
 10
470029.9509704818
 20
4349662.010922696
 10
470030.5006824685
 20
4349662.162483713
 10
470030.9509704818
 20
4349662.162483713
  0
TEXT
  5
154
330
17
100
AcDbEntity
  8
0
 62
1
100
AcDbText
 10
470030.2909704818
 20
4349661.516703204
 30
0.0
 40
0.1333
  1
1.72
  7
CN_TTF
 11
470030.2909704818
 21
4349661.516703204
 31
0.0
100
AcDbText
  0
LWPOLYLINE
  5
155
330
17
100
AcDbEntity
  8
爆区方格网
 62
1
100
AcDbPolyline
 90
6
 70
1
 10
470029.9509704818
 20
4349664.162483713
 10
470030.9509704818
 20
4349664.162483713
 10
470030.9509704818
 20
4349663.2321518455
 10
470030.87627830665
 20
4349663.241565923
 10
470029.9509704818
 20
4349663.35819019
 10
470029.9509704818
 20
4349664.162483713
  0
TEXT
  5
156
330
17
100
AcDbEntity
  8
0
 62
1
100
AcDbText
 10
470030.2909704818
 20
4349663.690336951
 30
0.0
 40
0.1333
  1
1.67
  7
CN_TTF
 11
470030.2909704818
 21
4349663.690336951
 31
0.0
100
AcDbText
  0
LWPOLYLINE
  5
157
330
17
100
AcDbEntity
  8
爆区方格网
 62
1
100
AcDbPolyline
 90
5
 70
1
 10
470029.9509704818
 20
4349664.162483713
 10
470029.9509704818
 20
4349665.162483713
 10
470030.9509704818
 20
4349665.162483713
 10
470030.9509704818
 20
4349664.162483713
 10
470029.9509704818
 20
4349664.162483713
  0
TEXT
  5
158
330
17
100
AcDbEntity
  8
0
 62
1
100
AcDbText
 10
470030.2909704818
 20
4349664.592483712
 30
0.0
 40
0.1333
  1
1.67
  7
CN_TTF
 11
470030.2909704818
 21
4349664.592483712
 31
0.0
100
AcDbText
  0
LWPOLYLINE
  5
159
330
17
100
AcDbEntity
  8
爆区方格网
 62
1
100
AcDbPolyline
 90
5
 70
1
 10
470029.9509704818
 20
4349665.162483713
 10
470029.9509704818
 20
4349666.162483713
 10
470030.9509704818
 20
4349666.162483713
 10
470030.9509704818
 20
4349665.162483713
 10
470029.9509704818
 20
4349665.162483713
  0
TEXT
  5
15A
330
17
100
AcDbEntity
  8
0
 62
1
100
AcDbText
 10
470030.2909704818
 20
4349665.592483712
 30
0.0
 40
0.1333
  1
1.67
  7
CN_TTF
 11
470030.2909704818
 21
4349665.592483712
 31
0.0
100
AcDbText
  0
LWPOLYLINE
  5
15B
330
17
100
AcDbEntity
  8
爆区方格网
 62
1
100
AcDbPolyline
 90
5
 70
1
 10
470029.9509704818
 20
4349666.162483713
 10
470029.9509704818
 20
4349667.162483713
 10
470030.9509704818
 20
4349667.162483713
 10
470030.9509704818
 20
4349666.162483713
 10
470029.9509704818
 20
4349666.162483713
  0
TEXT
  5
15C
330
17
100
AcDbEntity
  8
0
 62
1
100
AcDbText
 10
470030.2909704818
 20
4349666.592483712
 30
0.0
 40
0.1333
  1
1.67
  7
CN_TTF
 11
470030.2909704818
 21
4349666.592483712
 31
0.0
100
AcDbText
  0
LWPOLYLINE
  5
15D
330
17
100
AcDbEntity
  8
爆区方格网
 62
1
100
AcDbPolyline
 90
5
 70
1
 10
470029.9509704818
 20
4349667.162483713
 10
470029.9509704818
 20
4349668.162483713
 10
470030.9509704818
 20
4349668.162483713
 10
470030.9509704818
 20
4349667.162483713
 10
470029.9509704818
 20
4349667.162483713
  0
TEXT
  5
15E
330
17
100
AcDbEntity
  8
0
 62
1
100
AcDbText
 10
470030.2909704818
 20
4349667.592483712
 30
0.0
 40
0.1333
  1
1.67
  7
CN_TTF
 11
470030.2909704818
 21
4349667.592483712
 31
0.0
100
AcDbText
  0
LWPOLYLINE
  5
15F
330
17
100
AcDbEntity
  8
爆区方格网
 62
1
100
AcDbPolyline
 90
5
 70
1
 10
470029.9509704818
 20
4349668.162483713
 10
470029.9509704818
 20
4349669.162483713
 10
470030.9509704818
 20
4349669.162483713
 10
470030.9509704818
 20
4349668.162483713
 10
470029.9509704818
 20
4349668.162483713
  0
TEXT
  5
160
330
17
100
AcDbEntity
  8
0
 62
1
100
AcDbText
 10
470030.2909704818
 20
4349668.592483712
 30
0.0
 40
0.1333
  1
1.67
  7
CN_TTF
 11
470030.2909704818
 21
4349668.592483712
 31
0.0
100
AcDbText
  0
LWPOLYLINE
  5
161
330
17
100
AcDbEntity
  8
爆区方格网
 62
1
100
AcDbPolyline
 90
5
 70
1
 10
470029.9509704818
 20
4349669.162483713
 10
470029.9509704818
 20
4349670.162483713
 10
470030.9509704818
 20
4349670.162483713
 10
470030.9509704818
 20
4349669.162483713
 10
470029.9509704818
 20
4349669.162483713
  0
TEXT
  5
162
330
17
100
AcDbEntity
  8
0
 62
1
100
AcDbText
 10
470030.2909704818
 20
4349669.592483712
 30
0.0
 40
0.1333
  1
1.78
  7
CN_TTF
 11
470030.2909704818
 21
4349669.592483712
 31
0.0
100
AcDbText
  0
LWPOLYLINE
  5
163
330
17
100
AcDbEntity
  8
爆区方格网
 62
1
100
AcDbPolyline
 90
5
 70
1
 10
470029.9509704818
 20
4349670.162483713
 10
470029.9509704818
 20
4349671.162483713
 10
470030.9509704818
 20
4349671.162483713
 10
470030.9509704818
 20
4349670.162483713
 10
470029.9509704818
 20
4349670.162483713
  0
TEXT
  5
164
330
17
100
AcDbEntity
  8
0
 62
1
100
AcDbText
 10
470030.2909704818
 20
4349670.592483712
 30
0.0
 40
0.1333
  1
1.78
  7
CN_TTF
 11
470030.2909704818
 21
4349670.592483712
 31
0.0
100
AcDbText
  0
LWPOLYLINE
  5
165
330
17
100
AcDbEntity
  8
爆区方格网
 62
1
100
AcDbPolyline
 90
5
 70
1
 10
470030.9509704818
 20
4349658.162483713
 10
470031.9509704818
 20
4349658.162483713
 10
470031.9509704818
 20
4349657.437862293
 10
470030.9509704818
 20
4349657.59523367
 10
470030.9509704818
 20
4349658.162483713
  0
TEXT
  5
166
330
17
100
AcDbEntity
  8
0
 62
1
100
AcDbText
 10
470031.2909704818
 20
4349657.808858691
 30
0.0
 40
0.1333
  1
1.72
  7
CN_TTF
 11
470031.2909704818
 21
4349657.808858691
 31
0.0
100
AcDbText
  0
LWPOLYLINE
  5
167
330
17
100
AcDbEntity
  8
爆区方格网
 62
1
100
AcDbPolyline
 90
5
 70
1
 10
470030.9509704818
 20
4349658.162483713
 10
470030.9509704818
 20
4349659.162483713
 10
470031.9509704818
 20
4349659.162483713
 10
470031.9509704818
 20
4349658.162483713
 10
470030.9509704818
 20
4349658.162483713
  0
TEXT
  5
168
330
17
100
AcDbEntity
  8
0
 62
1
100
AcDbText
 10
470031.2909704818
 20
4349658.592483712
 30
0.0
 40
0.1333
  1
1.72
  7
CN_TTF
 11
470031.2909704818
 21
4349658.592483712
 31
0.0
100
AcDbText
  0
LWPOLYLINE
  5
169
330
17
100
AcDbEntity
  8
爆区方格网
 62
1
100
AcDbPolyline
 90
5
 70
1
 10
470030.9509704818
 20
4349659.162483713
 10
470030.9509704818
 20
4349660.162483713
 10
470031.9509704818
 20
4349660.162483713
 10
470031.9509704818
 20
4349659.162483713
 10
470030.9509704818
 20
4349659.162483713
  0
TEXT
  5
16A
330
17
100
AcDbEntity
  8
0
 62
1
100
AcDbText
 10
470031.2909704818
 20
4349659.592483712
 30
0.0
 40
0.1333
  1
1.72
  7
CN_TTF
 11
470031.2909704818
 21
4349659.592483712
 31
0.0
100
AcDbText
  0
LWPOLYLINE
  5
16B
330
17
100
AcDbEntity
  8
爆区方格网
 62
1
100
AcDbPolyline
 90
5
 70
1
 10
470030.9509704818
 20
4349660.162483713
 10
470030.9509704818
 20
4349661.162483713
 10
470031.9509704818
 20
4349661.162483713
 10
470031.9509704818
 20
4349660.162483713
 10
470030.9509704818
 20
4349660.162483713
  0
TEXT
  5
16C
330
17
100
AcDbEntity
  8
0
 62
1
100
AcDbText
 10
470031.2909704818
 20
4349660.592483712
 30
0.0
 40
0.1333
  1
1.72
  7
CN_TTF
 11
470031.2909704818
 21
4349660.592483712
 31
0.0
100
AcDbText
  0
LWPOLYLINE
  5
16D
330
17
100
AcDbEntity
  8
爆区方格网
 62
1
100
AcDbPolyline
 90
5
 70
1
 10
470030.9509704818
 20
4349661.162483713
 10
470030.9509704818
 20
4349662.162483713
 10
470031.9509704818
 20
4349662.162483713
 10
470031.9509704818
 20
4349661.162483713
 10
470030.9509704818
 20
4349661.162483713
  0
TEXT
  5
16E
330
17
100
AcDbEntity
  8
0
 62
1
100
AcDbText
 10
470031.2909704818
 20
4349661.592483712
 30
0.0
 40
0.1333
  1
1.72
  7
CN_TTF
 11
470031.2909704818
 21
4349661.592483712
 31
0.0
100
AcDbText
  0
LWPOLYLINE
  5
16F
330
17
100
AcDbEntity
  8
爆区方格网
 62
1
100
AcDbPolyline
 90
6
 70
1
 10
470030.9509704818
 20
4349664.162483713
 10
470031.9509704818
 20
4349664.162483713
 10
470031.9509704818
 20
4349663.162483713
 10
470031.5037239527
 20
4349663.162483713
 10
470030.9509704818
 20
4349663.2321518455
 10
470030.9509704818
 20
4349664.162483713
  0
TEXT
  5
170
330
17
100
AcDbEntity
  8
0
 62
1
100
AcDbText
 10
470031.2909704818
 20
4349663.627317779
 30
0.0
 40
0.1333
  1
1.67
  7
CN_TTF
 11
470031.2909704818
 21
4349663.627317779
 31
0.0
100
AcDbText
  0
LWPOLYLINE
  5
171
330
17
100
AcDbEntity
  8
爆区方格网
 62
1
100
AcDbPolyline
 90
5
 70
1
 10
470030.9509704818
 20
4349664.162483713
 10
470030.9509704818
 20
4349665.162483713
 10
470031.9509704818
 20
4349665.162483713
 10
470031.9509704818
 20
4349664.162483713
 10
470030.9509704818
 20
4349664.162483713
  0
TEXT
  5
172
330
17
100
AcDbEntity
  8
0
 62
1
100
AcDbText
 10
470031.2909704818
 20
4349664.592483712
 30
0.0
 40
0.1333
  1
1.67
  7
CN_TTF
 11
470031.2909704818
 21
4349664.592483712
 31
0.0
100
AcDbText
  0
LWPOLYLINE
  5
173
330
17
100
AcDbEntity
  8
爆区方格网
 62
1
100
AcDbPolyline
 90
5
 70
1
 10
470030.9509704818
 20
4349665.162483713
 10
470030.9509704818
 20
4349666.162483713
 10
470031.9509704818
 20
4349666.162483713
 10
470031.9509704818
 20
4349665.162483713
 10
470030.9509704818
 20
4349665.162483713
  0
TEXT
  5
174
330
17
100
AcDbEntity
  8
0
 62
1
100
AcDbText
 10
470031.2909704818
 20
4349665.592483712
 30
0.0
 40
0.1333
  1
1.67
  7
CN_TTF
 11
470031.2909704818
 21
4349665.592483712
 31
0.0
100
AcDbText
  0
LWPOLYLINE
  5
175
330
17
100
AcDbEntity
  8
爆区方格网
 62
1
100
AcDbPolyline
 90
5
 70
1
 10
470030.9509704818
 20
4349666.162483713
 10
470030.9509704818
 20
4349667.162483713
 10
470031.9509704818
 20
4349667.162483713
 10
470031.9509704818
 20
4349666.162483713
 10
470030.9509704818
 20
4349666.162483713
  0
TEXT
  5
176
330
17
100
AcDbEntity
  8
0
 62
1
100
AcDbText
 10
470031.2909704818
 20
4349666.592483712
 30
0.0
 40
0.1333
  1
1.67
  7
CN_TTF
 11
470031.2909704818
 21
4349666.592483712
 31
0.0
100
AcDbText
  0
LWPOLYLINE
  5
177
330
17
100
AcDbEntity
  8
爆区方格网
 62
1
100
AcDbPolyline
 90
5
 70
1
 10
470030.9509704818
 20
4349667.162483713
 10
470030.9509704818
 20
4349668.162483713
 10
470031.9509704818
 20
4349668.162483713
 10
470031.9509704818
 20
4349667.162483713
 10
470030.9509704818
 20
4349667.162483713
  0
TEXT
  5
178
330
17
100
AcDbEntity
  8
0
 62
1
100
AcDbText
 10
470031.2909704818
 20
4349667.592483712
 30
0.0
 40
0.1333
  1
1.67
  7
CN_TTF
 11
470031.2909704818
 21
4349667.592483712
 31
0.0
100
AcDbText
  0
LWPOLYLINE
  5
179
330
17
100
AcDbEntity
  8
爆区方格网
 62
1
100
AcDbPolyline
 90
5
 70
1
 10
470030.9509704818
 20
4349668.162483713
 10
470030.9509704818
 20
4349669.162483713
 10
470031.9509704818
 20
4349669.162483713
 10
470031.9509704818
 20
4349668.162483713
 10
470030.9509704818
 20
4349668.162483713
  0
TEXT
  5
17A
330
17
100
AcDbEntity
  8
0
 62
1
100
AcDbText
 10
470031.2909704818
 20
4349668.592483712
 30
0.0
 40
0.1333
  1
1.78
  7
CN_TTF
 11
470031.2909704818
 21
4349668.592483712
 31
0.0
100
AcDbText
  0
LWPOLYLINE
  5
17B
330
17
100
AcDbEntity
  8
爆区方格网
 62
1
100
AcDbPolyline
 90
5
 70
1
 10
470030.9509704818
 20
4349669.162483713
 10
470030.9509704818
 20
4349670.162483713
 10
470031.9509704818
 20
4349670.162483713
 10
470031.9509704818
 20
4349669.162483713
 10
470030.9509704818
 20
4349669.162483713
  0
TEXT
  5
17C
330
17
100
AcDbEntity
  8
0
 62
1
100
AcDbText
 10
470031.2909704818
 20
4349669.592483712
 30
0.0
 40
0.1333
  1
1.78
  7
CN_TTF
 11
470031.2909704818
 21
4349669.592483712
 31
0.0
100
AcDbText
  0
LWPOLYLINE
  5
17D
330
17
100
AcDbEntity
  8
爆区方格网
 62
1
100
AcDbPolyline
 90
5
 70
1
 10
470030.9509704818
 20
4349670.162483713
 10
470030.9509704818
 20
4349671.162483713
 10
470031.9509704818
 20
4349671.162483713
 10
470031.9509704818
 20
4349670.162483713
 10
470030.9509704818
 20
4349670.162483713
  0
TEXT
  5
17E
330
17
100
AcDbEntity
  8
0
 62
1
100
AcDbText
 10
470031.2909704818
 20
4349670.592483712
 30
0.0
 40
0.1333
  1
1.78
  7
CN_TTF
 11
470031.2909704818
 21
4349670.592483712
 31
0.0
100
AcDbText
  0
LWPOLYLINE
  5
17F
330
17
100
AcDbEntity
  8
爆区方格网
 62
1
100
AcDbPolyline
 90
5
 70
1
 10
470031.9509704818
 20
4349671.162483713
 10
470030.9509704818
 20
4349671.162483713
 10
470030.9509704818
 20
4349671.729886399
 10
470031.9509704818
 20
4349671.892832903
 10
470031.9509704818
 20
4349671.162483713
  0
TEXT
  5
180
330
17
100
AcDbEntity
  8
0
 62
1
100
AcDbText
 10
470031.2909704818
 20
4349671.376185056
 30
0.0
 40
0.1333
  1
1.78
  7
CN_TTF
 11
470031.2909704818
 21
4349671.376185056
 31
0.0
100
AcDbText
  0
LWPOLYLINE
  5
181
330
17
100
AcDbEntity
  8
爆区方格网
 62
1
100
AcDbPolyline
 90
5
 70
1
 10
470031.9509704818
 20
4349658.162483713
 10
470032.9509704818
 20
4349658.162483713
 10
470032.9509704818
 20
4349657.280490916
 10
470031.9509704818
 20
4349657.437862293
 10
470031.9509704818
 20
4349658.162483713
  0
TEXT
  5
182
330
17
100
AcDbEntity
  8
0
 62
1
100
AcDbText
 10
470032.2909704818
 20
4349657.730173003
 30
0.0
 40
0.1333
  1
1.72
  7
CN_TTF
 11
470032.2909704818
 21
4349657.730173003
 31
0.0
100
AcDbText
  0
LWPOLYLINE
  5
183
330
17
100
AcDbEntity
  8
爆区方格网
 62
1
100
AcDbPolyline
 90
5
 70
1
 10
470031.9509704818
 20
4349658.162483713
 10
470031.9509704818
 20
4349659.162483713
 10
470032.9509704818
 20
4349659.162483713
 10
470032.9509704818
 20
4349658.162483713
 10
470031.9509704818
 20
4349658.162483713
  0
TEXT
  5
184
330
17
100
AcDbEntity
  8
0
 62
1
100
AcDbText
 10
470032.2909704818
 20
4349658.592483712
 30
0.0
 40
0.1333
  1
1.72
  7
CN_TTF
 11
470032.2909704818
 21
4349658.592483712
 31
0.0
100
AcDbText
  0
LWPOLYLINE
  5
185
330
17
100
AcDbEntity
  8
爆区方格网
 62
1
100
AcDbPolyline
 90
5
 70
1
 10
470031.9509704818
 20
4349659.162483713
 10
470031.9509704818
 20
4349660.162483713
 10
470032.9509704818
 20
4349660.162483713
 10
470032.9509704818
 20
4349659.162483713
 10
470031.9509704818
 20
4349659.162483713
  0
TEXT
  5
186
330
17
100
AcDbEntity
  8
0
 62
1
100
AcDbText
 10
470032.2909704818
 20
4349659.592483712
 30
0.0
 40
0.1333
  1
1.72
  7
CN_TTF
 11
470032.2909704818
 21
4349659.592483712
 31
0.0
100
AcDbText
  0
LWPOLYLINE
  5
187
330
17
100
AcDbEntity
  8
爆区方格网
 62
1
100
AcDbPolyline
 90
5
 70
1
 10
470031.9509704818
 20
4349660.162483713
 10
470031.9509704818
 20
4349661.162483713
 10
470032.9509704818
 20
4349661.162483713
 10
470032.9509704818
 20
4349660.162483713
 10
470031.9509704818
 20
4349660.162483713
  0
TEXT
  5
188
330
17
100
AcDbEntity
  8
0
 62
1
100
AcDbText
 10
470032.2909704818
 20
4349660.592483712
 30
0.0
 40
0.1333
  1
1.72
  7
CN_TTF
 11
470032.2909704818
 21
4349660.592483712
 31
0.0
100
AcDbText
  0
LWPOLYLINE
  5
189
330
17
100
AcDbEntity
  8
爆区方格网
 62
1
100
AcDbPolyline
 90
5
 70
1
 10
470031.9509704818
 20
4349661.162483713
 10
470031.9509704818
 20
4349662.162483713
 10
470032.9509704818
 20
4349662.162483713
 10
470032.9509704818
 20
4349661.162483713
 10
470031.9509704818
 20
4349661.162483713
  0
TEXT
  5
18A
330
17
100
AcDbEntity
  8
0
 62
1
100
AcDbText
 10
470032.2909704818
 20
4349661.592483712
 30
0.0
 40
0.1333
  1
1.72
  7
CN_TTF
 11
470032.2909704818
 21
4349661.592483712
 31
0.0
100
AcDbText
  0
LWPOLYLINE
  5
18B
330
17
100
AcDbEntity
  8
爆区方格网
 62
1
100
AcDbPolyline
 90
6
 70
1
 10
470032.9509704818
 20
4349662.162483713
 10
470031.9509704818
 20
4349662.162483713
 10
470031.9509704818
 20
4349662.56234242
 10
470031.96855548193
 20
4349662.567190778
 10
470032.9509704818
 20
4349662.838052283
 10
470032.9509704818
 20
4349662.162483713
  0
TEXT
  5
18C
330
17
100
AcDbEntity
  8
0
 62
1
100
AcDbText
 10
470032.2909704818
 20
4349662.292413066
 30
0.0
 40
0.1333
  1
1.67
  7
CN_TTF
 11
470032.2909704818
 21
4349662.292413066
 31
0.0
100
AcDbText
  0
LWPOLYLINE
  5
18D
330
17
100
AcDbEntity
  8
爆区方格网
 62
1
100
AcDbPolyline
 90
5
 70
1
 10
470031.9509704818
 20
4349663.162483713
 10
470032.9509704818
 20
4349663.162483713
 10
470032.9509704818
 20
4349662.980075156
 10
470031.9509704818
 20
4349663.106113501
 10
470031.9509704818
 20
4349663.162483713
  0
TEXT
  5
18E
330
17
100
AcDbEntity
  8
0
 62
1
100
AcDbText
 10
470032.5409704818
 20
4349662.973094328
 30
0.0
 40
0.1333
  1
1.67
  7
CN_TTF
 11
470032.5409704818
 21
4349662.973094328
 31
0.0
100
AcDbText
  0
LWPOLYLINE
  5
18F
330
17
100
AcDbEntity
  8
爆区方格网
 62
1
100
AcDbPolyline
 90
5
 70
1
 10
470031.9509704818
 20
4349663.162483713
 10
470031.9509704818
 20
4349664.162483713
 10
470032.9509704818
 20
4349664.162483713
 10
470032.9509704818
 20
4349663.162483713
 10
470031.9509704818
 20
4349663.162483713
  0
TEXT
  5
190
330
17
100
AcDbEntity
  8
0
 62
1
100
AcDbText
 10
470032.2909704818
 20
4349663.592483712
 30
0.0
 40
0.1333
  1
1.67
  7
CN_TTF
 11
470032.2909704818
 21
4349663.592483712
 31
0.0
100
AcDbText
  0
LWPOLYLINE
  5
191
330
17
100
AcDbEntity
  8
爆区方格网
 62
1
100
AcDbPolyline
 90
5
 70
1
 10
470031.9509704818
 20
4349664.162483713
 10
470031.9509704818
 20
4349665.162483713
 10
470032.9509704818
 20
4349665.162483713
 10
470032.9509704818
 20
4349664.162483713
 10
470031.9509704818
 20
4349664.162483713
  0
TEXT
  5
192
330
17
100
AcDbEntity
  8
0
 62
1
100
AcDbText
 10
470032.2909704818
 20
4349664.592483712
 30
0.0
 40
0.1333
  1
1.67
  7
CN_TTF
 11
470032.2909704818
 21
4349664.592483712
 31
0.0
100
AcDbText
  0
LWPOLYLINE
  5
193
330
17
100
AcDbEntity
  8
爆区方格网
 62
1
100
AcDbPolyline
 90
5
 70
1
 10
470031.9509704818
 20
4349665.162483713
 10
470031.9509704818
 20
4349666.162483713
 10
470032.9509704818
 20
4349666.162483713
 10
470032.9509704818
 20
4349665.162483713
 10
470031.9509704818
 20
4349665.162483713
  0
TEXT
  5
194
330
17
100
AcDbEntity
  8
0
 62
1
100
AcDbText
 10
470032.2909704818
 20
4349665.592483712
 30
0.0
 40
0.1333
  1
1.67
  7
CN_TTF
 11
470032.2909704818
 21
4349665.592483712
 31
0.0
100
AcDbText
  0
LWPOLYLINE
  5
195
330
17
100
AcDbEntity
  8
爆区方格网
 62
1
100
AcDbPolyline
 90
5
 70
1
 10
470031.9509704818
 20
4349666.162483713
 10
470031.9509704818
 20
4349667.162483713
 10
470032.9509704818
 20
4349667.162483713
 10
470032.9509704818
 20
4349666.162483713
 10
470031.9509704818
 20
4349666.162483713
  0
TEXT
  5
196
330
17
100
AcDbEntity
  8
0
 62
1
100
AcDbText
 10
470032.2909704818
 20
4349666.592483712
 30
0.0
 40
0.1333
  1
1.67
  7
CN_TTF
 11
470032.2909704818
 21
4349666.592483712
 31
0.0
100
AcDbText
  0
LWPOLYLINE
  5
197
330
17
100
AcDbEntity
  8
爆区方格网
 62
1
100
AcDbPolyline
 90
5
 70
1
 10
470031.9509704818
 20
4349667.162483713
 10
470031.9509704818
 20
4349668.162483713
 10
470032.9509704818
 20
4349668.162483713
 10
470032.9509704818
 20
4349667.162483713
 10
470031.9509704818
 20
4349667.162483713
  0
TEXT
  5
198
330
17
100
AcDbEntity
  8
0
 62
1
100
AcDbText
 10
470032.2909704818
 20
4349667.592483712
 30
0.0
 40
0.1333
  1
1.67
  7
CN_TTF
 11
470032.2909704818
 21
4349667.592483712
 31
0.0
100
AcDbText
  0
LWPOLYLINE
  5
199
330
17
100
AcDbEntity
  8
爆区方格网
 62
1
100
AcDbPolyline
 90
5
 70
1
 10
470031.9509704818
 20
4349668.162483713
 10
470031.9509704818
 20
4349669.162483713
 10
470032.9509704818
 20
4349669.162483713
 10
470032.9509704818
 20
4349668.162483713
 10
470031.9509704818
 20
4349668.162483713
  0
TEXT
  5
19A
330
17
100
AcDbEntity
  8
0
 62
1
100
AcDbText
 10
470032.2909704818
 20
4349668.592483712
 30
0.0
 40
0.1333
  1
1.78
  7
CN_TTF
 11
470032.2909704818
 21
4349668.592483712
 31
0.0
100
AcDbText
  0
LWPOLYLINE
  5
19B
330
17
100
AcDbEntity
  8
爆区方格网
 62
1
100
AcDbPolyline
 90
5
 70
1
 10
470031.9509704818
 20
4349669.162483713
 10
470031.9509704818
 20
4349670.162483713
 10
470032.9509704818
 20
4349670.162483713
 10
470032.9509704818
 20
4349669.162483713
 10
470031.9509704818
 20
4349669.162483713
  0
TEXT
  5
19C
330
17
100
AcDbEntity
  8
0
 62
1
100
AcDbText
 10
470032.2909704818
 20
4349669.592483712
 30
0.0
 40
0.1333
  1
1.78
  7
CN_TTF
 11
470032.2909704818
 21
4349669.592483712
 31
0.0
100
AcDbText
  0
LWPOLYLINE
  5
19D
330
17
100
AcDbEntity
  8
爆区方格网
 62
1
100
AcDbPolyline
 90
5
 70
1
 10
470031.9509704818
 20
4349670.162483713
 10
470031.9509704818
 20
4349671.162483713
 10
470032.9509704818
 20
4349671.162483713
 10
470032.9509704818
 20
4349670.162483713
 10
470031.9509704818
 20
4349670.162483713
  0
TEXT
  5
19E
330
17
100
AcDbEntity
  8
0
 62
1
100
AcDbText
 10
470032.2909704818
 20
4349670.592483712
 30
0.0
 40
0.1333
  1
1.78
  7
CN_TTF
 11
470032.2909704818
 21
4349670.592483712
 31
0.0
100
AcDbText
  0
LWPOLYLINE
  5
19F
330
17
100
AcDbEntity
  8
爆区方格网
 62
1
100
AcDbPolyline
 90
5
 70
1
 10
470032.9509704818
 20
4349671.162483713
 10
470031.9509704818
 20
4349671.162483713
 10
470031.9509704818
 20
4349671.892832903
 10
470032.9509704818
 20
4349672.055779409
 10
470032.9509704818
 20
4349671.162483713
  0
TEXT
  5
1A0
330
17
100
AcDbEntity
  8
0
 62
1
100
AcDbText
 10
470032.2909704818
 20
4349671.457658308
 30
0.0
 40
0.1333
  1
1.78
  7
CN_TTF
 11
470032.2909704818
 21
4349671.457658308
 31
0.0
100
AcDbText
  0
LWPOLYLINE
  5
1A1
330
17
100
AcDbEntity
  8
爆区方格网
 62
1
100
AcDbPolyline
 90
9
 70
1
 10
470032.9509704818
 20
4349663.162483713
 10
470033.9509704818
 20
4349663.162483713
 10
470033.9509704818
 20
4349663.157567108
 10
470033.33660306287
 20
4349662.162483713
 10
470032.9509704818
 20
4349662.162483713
 10
470032.9509704818
 20
4349662.838052283
 10
470033.3044826341
 20
4349662.935519069
 10
470032.9509704818
 20
4349662.980075156
 10
470032.9509704818
 20
4349663.162483713
  0
TEXT
  5
1A2
330
17
100
AcDbEntity
  8
0
 62
1
100
AcDbText
 10
470033.08806127845
 20
4349662.430267997
 30
0.0
 40
0.1333
  1
1.67
  7
CN_TTF
 11
470033.08806127845
 21
4349662.430267997
 31
0.0
100
AcDbText
  0
LWPOLYLINE
  5
1A3
330
17
100
AcDbEntity
  8
爆区方格网
 62
1
100
AcDbPolyline
 90
5
 70
1
 10
470032.9509704818
 20
4349663.162483713
 10
470032.9509704818
 20
4349664.162483713
 10
470033.9509704818
 20
4349664.162483713
 10
470033.9509704818
 20
4349663.162483713
 10
470032.9509704818
 20
4349663.162483713
  0
TEXT
  5
1A4
330
17
100
AcDbEntity
  8
0
 62
1
100
AcDbText
 10
470033.2909704818
 20
4349663.592483712
 30
0.0
 40
0.1333
  1
1.67
  7
CN_TTF
 11
470033.2909704818
 21
4349663.592483712
 31
0.0
100
AcDbText
  0
LWPOLYLINE
  5
1A5
330
17
100
AcDbEntity
  8
爆区方格网
 62
1
100
AcDbPolyline
 90
5
 70
1
 10
470032.9509704818
 20
4349664.162483713
 10
470032.9509704818
 20
4349665.162483713
 10
470033.9509704818
 20
4349665.162483713
 10
470033.9509704818
 20
4349664.162483713
 10
470032.9509704818
 20
4349664.162483713
  0
TEXT
  5
1A6
330
17
100
AcDbEntity
  8
0
 62
1
100
AcDbText
 10
470033.2909704818
 20
4349664.592483712
 30
0.0
 40
0.1333
  1
1.67
  7
CN_TTF
 11
470033.2909704818
 21
4349664.592483712
 31
0.0
100
AcDbText
  0
LWPOLYLINE
  5
1A7
330
17
100
AcDbEntity
  8
爆区方格网
 62
1
100
AcDbPolyline
 90
5
 70
1
 10
470032.9509704818
 20
4349665.162483713
 10
470032.9509704818
 20
4349666.162483713
 10
470033.9509704818
 20
4349666.162483713
 10
470033.9509704818
 20
4349665.162483713
 10
470032.9509704818
 20
4349665.162483713
  0
TEXT
  5
1A8
330
17
100
AcDbEntity
  8
0
 62
1
100
AcDbText
 10
470033.2909704818
 20
4349665.592483712
 30
0.0
 40
0.1333
  1
1.67
  7
CN_TTF
 11
470033.2909704818
 21
4349665.592483712
 31
0.0
100
AcDbText
  0
LWPOLYLINE
  5
1A9
330
17
100
AcDbEntity
  8
爆区方格网
 62
1
100
AcDbPolyline
 90
5
 70
1
 10
470032.9509704818
 20
4349666.162483713
 10
470032.9509704818
 20
4349667.162483713
 10
470033.9509704818
 20
4349667.162483713
 10
470033.9509704818
 20
4349666.162483713
 10
470032.9509704818
 20
4349666.162483713
  0
TEXT
  5
1AA
330
17
100
AcDbEntity
  8
0
 62
1
100
AcDbText
 10
470033.2909704818
 20
4349666.592483712
 30
0.0
 40
0.1333
  1
1.67
  7
CN_TTF
 11
470033.2909704818
 21
4349666.592483712
 31
0.0
100
AcDbText
  0
LWPOLYLINE
  5
1AB
330
17
100
AcDbEntity
  8
爆区方格网
 62
1
100
AcDbPolyline
 90
5
 70
1
 10
470032.9509704818
 20
4349667.162483713
 10
470032.9509704818
 20
4349668.162483713
 10
470033.9509704818
 20
4349668.162483713
 10
470033.9509704818
 20
4349667.162483713
 10
470032.9509704818
 20
4349667.162483713
  0
TEXT
  5
1AC
330
17
100
AcDbEntity
  8
0
 62
1
100
AcDbText
 10
470033.2909704818
 20
4349667.592483712
 30
0.0
 40
0.1333
  1
1.78
  7
CN_TTF
 11
470033.2909704818
 21
4349667.592483712
 31
0.0
100
AcDbText
  0
LWPOLYLINE
  5
1AD
330
17
100
AcDbEntity
  8
爆区方格网
 62
1
100
AcDbPolyline
 90
5
 70
1
 10
470032.9509704818
 20
4349668.162483713
 10
470032.9509704818
 20
4349669.162483713
 10
470033.9509704818
 20
4349669.162483713
 10
470033.9509704818
 20
4349668.162483713
 10
470032.9509704818
 20
4349668.162483713
  0
TEXT
  5
1AE
330
17
100
AcDbEntity
  8
0
 62
1
100
AcDbText
 10
470033.2909704818
 20
4349668.592483712
 30
0.0
 40
0.1333
  1
1.78
  7
CN_TTF
 11
470033.2909704818
 21
4349668.592483712
 31
0.0
100
AcDbText
  0
LWPOLYLINE
  5
1AF
330
17
100
AcDbEntity
  8
爆区方格网
 62
1
100
AcDbPolyline
 90
5
 70
1
 10
470032.9509704818
 20
4349669.162483713
 10
470032.9509704818
 20
4349670.162483713
 10
470033.9509704818
 20
4349670.162483713
 10
470033.9509704818
 20
4349669.162483713
 10
470032.9509704818
 20
4349669.162483713
  0
TEXT
  5
1B0
330
17
100
AcDbEntity
  8
0
 62
1
100
AcDbText
 10
470033.2909704818
 20
4349669.592483712
 30
0.0
 40
0.1333
  1
1.78
  7
CN_TTF
 11
470033.2909704818
 21
4349669.592483712
 31
0.0
100
AcDbText
  0
LWPOLYLINE
  5
1B1
330
17
100
AcDbEntity
  8
爆区方格网
 62
1
100
AcDbPolyline
 90
5
 70
1
 10
470032.9509704818
 20
4349670.162483713
 10
470032.9509704818
 20
4349671.162483713
 10
470033.9509704818
 20
4349671.162483713
 10
470033.9509704818
 20
4349670.162483713
 10
470032.9509704818
 20
4349670.162483713
  0
TEXT
  5
1B2
330
17
100
AcDbEntity
  8
0
 62
1
100
AcDbText
 10
470033.2909704818
 20
4349670.592483712
 30
0.0
 40
0.1333
  1
1.78
  7
CN_TTF
 11
470033.2909704818
 21
4349670.592483712
 31
0.0
100
AcDbText
  0
LWPOLYLINE
  5
1B3
330
17
100
AcDbEntity
  8
爆区方格网
 62
1
100
AcDbPolyline
 90
6
 70
1
 10
470033.9509704818
 20
4349672.162483713
 10
470033.9509704818
 20
4349671.162483713
 10
470032.9509704818
 20
4349671.162483713
 10
470032.9509704818
 20
4349672.055779409
 10
470033.60581302946
 20
4349672.162483713
 10
470033.9509704818
 20
4349672.162483713
  0
TEXT
  5
1B4
330
17
100
AcDbEntity
  8
0
 62
1
100
AcDbText
 10
470033.2909704818
 20
4349671.53913156
 30
0.0
 40
0.1333
  1
1.78
  7
CN_TTF
 11
470033.2909704818
 21
4349671.53913156
 31
0.0
100
AcDbText
  0
LWPOLYLINE
  5
1B5
330
17
100
AcDbEntity
  8
爆区方格网
 62
1
100
AcDbPolyline
 90
5
 70
1
 10
470033.9509704818
 20
4349664.162483713
 10
470033.9509704818
 20
4349665.162483713
 10
470034.9509704818
 20
4349665.162483713
 10
470034.9509704818
 20
4349664.162483713
 10
470033.9509704818
 20
4349664.162483713
  0
TEXT
  5
1B6
330
17
100
AcDbEntity
  8
0
 62
1
100
AcDbText
 10
470034.2909704818
 20
4349664.592483712
 30
0.0
 40
0.1333
  1
1.67
  7
CN_TTF
 11
470034.2909704818
 21
4349664.592483712
 31
0.0
100
AcDbText
  0
LWPOLYLINE
  5
1B7
330
17
100
AcDbEntity
  8
爆区方格网
 62
1
100
AcDbPolyline
 90
5
 70
1
 10
470033.9509704818
 20
4349665.162483713
 10
470033.9509704818
 20
4349666.162483713
 10
470034.9509704818
 20
4349666.162483713
 10
470034.9509704818
 20
4349665.162483713
 10
470033.9509704818
 20
4349665.162483713
  0
TEXT
  5
1B8
330
17
100
AcDbEntity
  8
0
 62
1
100
AcDbText
 10
470034.2909704818
 20
4349665.592483712
 30
0.0
 40
0.1333
  1
1.67
  7
CN_TTF
 11
470034.2909704818
 21
4349665.592483712
 31
0.0
100
AcDbText
  0
LWPOLYLINE
  5
1B9
330
17
100
AcDbEntity
  8
爆区方格网
 62
1
100
AcDbPolyline
 90
5
 70
1
 10
470033.9509704818
 20
4349666.162483713
 10
470033.9509704818
 20
4349667.162483713
 10
470034.9509704818
 20
4349667.162483713
 10
470034.9509704818
 20
4349666.162483713
 10
470033.9509704818
 20
4349666.162483713
  0
TEXT
  5
1BA
330
17
100
AcDbEntity
  8
0
 62
1
100
AcDbText
 10
470034.2909704818
 20
4349666.592483712
 30
0.0
 40
0.1333
  1
1.78
  7
CN_TTF
 11
470034.2909704818
 21
4349666.592483712
 31
0.0
100
AcDbText
  0
LWPOLYLINE
  5
1BB
330
17
100
AcDbEntity
  8
爆区方格网
 62
1
100
AcDbPolyline
 90
5
 70
1
 10
470033.9509704818
 20
4349667.162483713
 10
470033.9509704818
 20
4349668.162483713
 10
470034.9509704818
 20
4349668.162483713
 10
470034.9509704818
 20
4349667.162483713
 10
470033.9509704818
 20
4349667.162483713
  0
TEXT
  5
1BC
330
17
100
AcDbEntity
  8
0
 62
1
100
AcDbText
 10
470034.2909704818
 20
4349667.592483712
 30
0.0
 40
0.1333
  1
1.78
  7
CN_TTF
 11
470034.2909704818
 21
4349667.592483712
 31
0.0
100
AcDbText
  0
LWPOLYLINE
  5
1BD
330
17
100
AcDbEntity
  8
爆区方格网
 62
1
100
AcDbPolyline
 90
5
 70
1
 10
470033.9509704818
 20
4349668.162483713
 10
470033.9509704818
 20
4349669.162483713
 10
470034.9509704818
 20
4349669.162483713
 10
470034.9509704818
 20
4349668.162483713
 10
470033.9509704818
 20
4349668.162483713
  0
TEXT
  5
1BE
330
17
100
AcDbEntity
  8
0
 62
1
100
AcDbText
 10
470034.2909704818
 20
4349668.592483712
 30
0.0
 40
0.1333
  1
1.78
  7
CN_TTF
 11
470034.2909704818
 21
4349668.592483712
 31
0.0
100
AcDbText
  0
LWPOLYLINE
  5
1BF
330
17
100
AcDbEntity
  8
爆区方格网
 62
1
100
AcDbPolyline
 90
5
 70
1
 10
470033.9509704818
 20
4349669.162483713
 10
470033.9509704818
 20
4349670.162483713
 10
470034.9509704818
 20
4349670.162483713
 10
470034.9509704818
 20
4349669.162483713
 10
470033.9509704818
 20
4349669.162483713
  0
TEXT
  5
1C0
330
17
100
AcDbEntity
  8
0
 62
1
100
AcDbText
 10
470034.2909704818
 20
4349669.592483712
 30
0.0
 40
0.1333
  1
1.78
  7
CN_TTF
 11
470034.2909704818
 21
4349669.592483712
 31
0.0
100
AcDbText
  0
LWPOLYLINE
  5
1C1
330
17
100
AcDbEntity
  8
爆区方格网
 62
1
100
AcDbPolyline
 90
5
 70
1
 10
470033.9509704818
 20
4349670.162483713
 10
470033.9509704818
 20
4349671.162483713
 10
470034.9509704818
 20
4349671.162483713
 10
470034.9509704818
 20
4349670.162483713
 10
470033.9509704818
 20
4349670.162483713
  0
TEXT
  5
1C2
330
17
100
AcDbEntity
  8
0
 62
1
100
AcDbText
 10
470034.2909704818
 20
4349670.592483712
 30
0.0
 40
0.1333
  1
1.78
  7
CN_TTF
 11
470034.2909704818
 21
4349670.592483712
 31
0.0
100
AcDbText
  0
LWPOLYLINE
  5
1C3
330
17
100
AcDbEntity
  8
爆区方格网
 62
1
100
AcDbPolyline
 90
5
 70
1
 10
470033.9509704818
 20
4349671.162483713
 10
470033.9509704818
 20
4349672.162483713
 10
470034.9509704818
 20
4349672.162483713
 10
470034.9509704818
 20
4349671.162483713
 10
470033.9509704818
 20
4349671.162483713
  0
TEXT
  5
1C4
330
17
100
AcDbEntity
  8
0
 62
1
100
AcDbText
 10
470034.2909704818
 20
4349671.592483712
 30
0.0
 40
0.1333
  1
1.78
  7
CN_TTF
 11
470034.2909704818
 21
4349671.592483712
 31
0.0
100
AcDbText
  0
LWPOLYLINE
  5
1C5
330
17
100
AcDbEntity
  8
爆区方格网
 62
1
100
AcDbPolyline
 90
5
 70
1
 10
470034.9509704818
 20
4349664.162483713
 10
470034.9509704818
 20
4349665.162483713
 10
470035.9509704818
 20
4349665.162483713
 10
470035.9509704818
 20
4349664.162483713
 10
470034.9509704818
 20
4349664.162483713
  0
TEXT
  5
1C6
330
17
100
AcDbEntity
  8
0
 62
1
100
AcDbText
 10
470035.2909704818
 20
4349664.592483712
 30
0.0
 40
0.1333
  1
2.03
  7
CN_TTF
 11
470035.2909704818
 21
4349664.592483712
 31
0.0
100
AcDbText
  0
LWPOLYLINE
  5
1C7
330
17
100
AcDbEntity
  8
爆区方格网
 62
1
100
AcDbPolyline
 90
5
 70
1
 10
470034.9509704818
 20
4349665.162483713
 10
470034.9509704818
 20
4349666.162483713
 10
470035.9509704818
 20
4349666.162483713
 10
470035.9509704818
 20
4349665.162483713
 10
470034.9509704818
 20
4349665.162483713
  0
TEXT
  5
1C8
330
17
100
AcDbEntity
  8
0
 62
1
100
AcDbText
 10
470035.2909704818
 20
4349665.592483712
 30
0.0
 40
0.1333
  1
2.03
  7
CN_TTF
 11
470035.2909704818
 21
4349665.592483712
 31
0.0
100
AcDbText
  0
LWPOLYLINE
  5
1C9
330
17
100
AcDbEntity
  8
爆区方格网
 62
1
100
AcDbPolyline
 90
5
 70
1
 10
470034.9509704818
 20
4349666.162483713
 10
470034.9509704818
 20
4349667.162483713
 10
470035.9509704818
 20
4349667.162483713
 10
470035.9509704818
 20
4349666.162483713
 10
470034.9509704818
 20
4349666.162483713
  0
TEXT
  5
1CA
330
17
100
AcDbEntity
  8
0
 62
1
100
AcDbText
 10
470035.2909704818
 20
4349666.592483712
 30
0.0
 40
0.1333
  1
2.03
  7
CN_TTF
 11
470035.2909704818
 21
4349666.592483712
 31
0.0
100
AcDbText
  0
LWPOLYLINE
  5
1CB
330
17
100
AcDbEntity
  8
爆区方格网
 62
1
100
AcDbPolyline
 90
5
 70
1
 10
470034.9509704818
 20
4349667.162483713
 10
470034.9509704818
 20
4349668.162483713
 10
470035.9509704818
 20
4349668.162483713
 10
470035.9509704818
 20
4349667.162483713
 10
470034.9509704818
 20
4349667.162483713
  0
TEXT
  5
1CC
330
17
100
AcDbEntity
  8
0
 62
1
100
AcDbText
 10
470035.2909704818
 20
4349667.592483712
 30
0.0
 40
0.1333
  1
1.78
  7
CN_TTF
 11
470035.2909704818
 21
4349667.592483712
 31
0.0
100
AcDbText
  0
LWPOLYLINE
  5
1CD
330
17
100
AcDbEntity
  8
爆区方格网
 62
1
100
AcDbPolyline
 90
5
 70
1
 10
470034.9509704818
 20
4349668.162483713
 10
470034.9509704818
 20
4349669.162483713
 10
470035.9509704818
 20
4349669.162483713
 10
470035.9509704818
 20
4349668.162483713
 10
470034.9509704818
 20
4349668.162483713
  0
TEXT
  5
1CE
330
17
100
AcDbEntity
  8
0
 62
1
100
AcDbText
 10
470035.2909704818
 20
4349668.592483712
 30
0.0
 40
0.1333
  1
1.78
  7
CN_TTF
 11
470035.2909704818
 21
4349668.592483712
 31
0.0
100
AcDbText
  0
LWPOLYLINE
  5
1CF
330
17
100
AcDbEntity
  8
爆区方格网
 62
1
100
AcDbPolyline
 90
5
 70
1
 10
470034.9509704818
 20
4349669.162483713
 10
470034.9509704818
 20
4349670.162483713
 10
470035.9509704818
 20
4349670.162483713
 10
470035.9509704818
 20
4349669.162483713
 10
470034.9509704818
 20
4349669.162483713
  0
TEXT
  5
1D0
330
17
100
AcDbEntity
  8
0
 62
1
100
AcDbText
 10
470035.2909704818
 20
4349669.592483712
 30
0.0
 40
0.1333
  1
1.78
  7
CN_TTF
 11
470035.2909704818
 21
4349669.592483712
 31
0.0
100
AcDbText
  0
LWPOLYLINE
  5
1D1
330
17
100
AcDbEntity
  8
爆区方格网
 62
1
100
AcDbPolyline
 90
5
 70
1
 10
470034.9509704818
 20
4349670.162483713
 10
470034.9509704818
 20
4349671.162483713
 10
470035.9509704818
 20
4349671.162483713
 10
470035.9509704818
 20
4349670.162483713
 10
470034.9509704818
 20
4349670.162483713
  0
TEXT
  5
1D2
330
17
100
AcDbEntity
  8
0
 62
1
100
AcDbText
 10
470035.2909704818
 20
4349670.592483712
 30
0.0
 40
0.1333
  1
1.78
  7
CN_TTF
 11
470035.2909704818
 21
4349670.592483712
 31
0.0
100
AcDbText
  0
LWPOLYLINE
  5
1D3
330
17
100
AcDbEntity
  8
爆区方格网
 62
1
100
AcDbPolyline
 90
5
 70
1
 10
470034.9509704818
 20
4349671.162483713
 10
470034.9509704818
 20
4349672.162483713
 10
470035.9509704818
 20
4349672.162483713
 10
470035.9509704818
 20
4349671.162483713
 10
470034.9509704818
 20
4349671.162483713
  0
TEXT
  5
1D4
330
17
100
AcDbEntity
  8
0
 62
1
100
AcDbText
 10
470035.2909704818
 20
4349671.592483712
 30
0.0
 40
0.1333
  1
1.78
  7
CN_TTF
 11
470035.2909704818
 21
4349671.592483712
 31
0.0
100
AcDbText
  0
LWPOLYLINE
  5
1D5
330
17
100
AcDbEntity
  8
爆区方格网
 62
1
100
AcDbPolyline
 90
5
 70
1
 10
470035.9509704818
 20
4349664.162483713
 10
470035.9509704818
 20
4349665.162483713
 10
470036.9509704818
 20
4349665.162483713
 10
470036.9509704818
 20
4349664.162483713
 10
470035.9509704818
 20
4349664.162483713
  0
TEXT
  5
1D6
330
17
100
AcDbEntity
  8
0
 62
1
100
AcDbText
 10
470036.2909704818
 20
4349664.592483712
 30
0.0
 40
0.1333
  1
2.03
  7
CN_TTF
 11
470036.2909704818
 21
4349664.592483712
 31
0.0
100
AcDbText
  0
LWPOLYLINE
  5
1D7
330
17
100
AcDbEntity
  8
爆区方格网
 62
1
100
AcDbPolyline
 90
5
 70
1
 10
470035.9509704818
 20
4349665.162483713
 10
470035.9509704818
 20
4349666.162483713
 10
470036.9509704818
 20
4349666.162483713
 10
470036.9509704818
 20
4349665.162483713
 10
470035.9509704818
 20
4349665.162483713
  0
TEXT
  5
1D8
330
17
100
AcDbEntity
  8
0
 62
1
100
AcDbText
 10
470036.2909704818
 20
4349665.592483712
 30
0.0
 40
0.1333
  1
2.03
  7
CN_TTF
 11
470036.2909704818
 21
4349665.592483712
 31
0.0
100
AcDbText
  0
LWPOLYLINE
  5
1D9
330
17
100
AcDbEntity
  8
爆区方格网
 62
1
100
AcDbPolyline
 90
5
 70
1
 10
470035.9509704818
 20
4349666.162483713
 10
470035.9509704818
 20
4349667.162483713
 10
470036.9509704818
 20
4349667.162483713
 10
470036.9509704818
 20
4349666.162483713
 10
470035.9509704818
 20
4349666.162483713
  0
TEXT
  5
1DA
330
17
100
AcDbEntity
  8
0
 62
1
100
AcDbText
 10
470036.2909704818
 20
4349666.592483712
 30
0.0
 40
0.1333
  1
2.03
  7
CN_TTF
 11
470036.2909704818
 21
4349666.592483712
 31
0.0
100
AcDbText
  0
LWPOLYLINE
  5
1DB
330
17
100
AcDbEntity
  8
爆区方格网
 62
1
100
AcDbPolyline
 90
5
 70
1
 10
470035.9509704818
 20
4349667.162483713
 10
470035.9509704818
 20
4349668.162483713
 10
470036.9509704818
 20
4349668.162483713
 10
470036.9509704818
 20
4349667.162483713
 10
470035.9509704818
 20
4349667.162483713
  0
TEXT
  5
1DC
330
17
100
AcDbEntity
  8
0
 62
1
100
AcDbText
 10
470036.2909704818
 20
4349667.592483712
 30
0.0
 40
0.1333
  1
2.03
  7
CN_TTF
 11
470036.2909704818
 21
4349667.592483712
 31
0.0
100
AcDbText
  0
LWPOLYLINE
  5
1DD
330
17
100
AcDbEntity
  8
爆区方格网
 62
1
100
AcDbPolyline
 90
5
 70
1
 10
470035.9509704818
 20
4349668.162483713
 10
470035.9509704818
 20
4349669.162483713
 10
470036.9509704818
 20
4349669.162483713
 10
470036.9509704818
 20
4349668.162483713
 10
470035.9509704818
 20
4349668.162483713
  0
TEXT
  5
1DE
330
17
100
AcDbEntity
  8
0
 62
1
100
AcDbText
 10
470036.2909704818
 20
4349668.592483712
 30
0.0
 40
0.1333
  1
1.78
  7
CN_TTF
 11
470036.2909704818
 21
4349668.592483712
 31
0.0
100
AcDbText
  0
LWPOLYLINE
  5
1DF
330
17
100
AcDbEntity
  8
爆区方格网
 62
1
100
AcDbPolyline
 90
5
 70
1
 10
470035.9509704818
 20
4349669.162483713
 10
470035.9509704818
 20
4349670.162483713
 10
470036.9509704818
 20
4349670.162483713
 10
470036.9509704818
 20
4349669.162483713
 10
470035.9509704818
 20
4349669.162483713
  0
TEXT
  5
1E0
330
17
100
AcDbEntity
  8
0
 62
1
100
AcDbText
 10
470036.2909704818
 20
4349669.592483712
 30
0.0
 40
0.1333
  1
1.78
  7
CN_TTF
 11
470036.2909704818
 21
4349669.592483712
 31
0.0
100
AcDbText
  0
LWPOLYLINE
  5
1E1
330
17
100
AcDbEntity
  8
爆区方格网
 62
1
100
AcDbPolyline
 90
5
 70
1
 10
470035.9509704818
 20
4349670.162483713
 10
470035.9509704818
 20
4349671.162483713
 10
470036.9509704818
 20
4349671.162483713
 10
470036.9509704818
 20
4349670.162483713
 10
470035.9509704818
 20
4349670.162483713
  0
TEXT
  5
1E2
330
17
100
AcDbEntity
  8
0
 62
1
100
AcDbText
 10
470036.2909704818
 20
4349670.592483712
 30
0.0
 40
0.1333
  1
1.78
  7
CN_TTF
 11
470036.2909704818
 21
4349670.592483712
 31
0.0
100
AcDbText
  0
LWPOLYLINE
  5
1E3
330
17
100
AcDbEntity
  8
爆区方格网
 62
1
100
AcDbPolyline
 90
5
 70
1
 10
470035.9509704818
 20
4349671.162483713
 10
470035.9509704818
 20
4349672.162483713
 10
470036.9509704818
 20
4349672.162483713
 10
470036.9509704818
 20
4349671.162483713
 10
470035.9509704818
 20
4349671.162483713
  0
TEXT
  5
1E4
330
17
100
AcDbEntity
  8
0
 62
1
100
AcDbText
 10
470036.2909704818
 20
4349671.592483712
 30
0.0
 40
0.1333
  1
1.78
  7
CN_TTF
 11
470036.2909704818
 21
4349671.592483712
 31
0.0
100
AcDbText
  0
LWPOLYLINE
  5
1E5
330
17
100
AcDbEntity
  8
爆区方格网
 62
1
100
AcDbPolyline
 90
8
 70
1
 10
470036.9509704818
 20
4349664.162483713
 10
470036.9509704818
 20
4349665.162483713
 10
470037.9509704818
 20
4349665.162483713
 10
470037.9509704818
 20
4349664.162483713
 10
470037.9341974561
 20
4349664.162483713
 10
470037.87
 20
4349664.2095
 10
470037.56622184365
 20
4349664.162483713
 10
470036.9509704818
 20
4349664.162483713
  0
TEXT
  5
1E6
330
17
100
AcDbEntity
  8
0
 62
1
100
AcDbText
 10
470037.2909704818
 20
4349664.615991856
 30
0.0
 40
0.1333
  1
2.03
  7
CN_TTF
 11
470037.2909704818
 21
4349664.615991856
 31
0.0
100
AcDbText
  0
LWPOLYLINE
  5
1E7
330
17
100
AcDbEntity
  8
爆区方格网
 62
1
100
AcDbPolyline
 90
5
 70
1
 10
470036.9509704818
 20
4349665.162483713
 10
470036.9509704818
 20
4349666.162483713
 10
470037.9509704818
 20
4349666.162483713
 10
470037.9509704818
 20
4349665.162483713
 10
470036.9509704818
 20
4349665.162483713
  0
TEXT
  5
1E8
330
17
100
AcDbEntity
  8
0
 62
1
100
AcDbText
 10
470037.2909704818
 20
4349665.592483712
 30
0.0
 40
0.1333
  1
2.03
  7
CN_TTF
 11
470037.2909704818
 21
4349665.592483712
 31
0.0
100
AcDbText
  0
LWPOLYLINE
  5
1E9
330
17
100
AcDbEntity
  8
爆区方格网
 62
1
100
AcDbPolyline
 90
5
 70
1
 10
470036.9509704818
 20
4349666.162483713
 10
470036.9509704818
 20
4349667.162483713
 10
470037.9509704818
 20
4349667.162483713
 10
470037.9509704818
 20
4349666.162483713
 10
470036.9509704818
 20
4349666.162483713
  0
TEXT
  5
1EA
330
17
100
AcDbEntity
  8
0
 62
1
100
AcDbText
 10
470037.2909704818
 20
4349666.592483712
 30
0.0
 40
0.1333
  1
2.03
  7
CN_TTF
 11
470037.2909704818
 21
4349666.592483712
 31
0.0
100
AcDbText
  0
LWPOLYLINE
  5
1EB
330
17
100
AcDbEntity
  8
爆区方格网
 62
1
100
AcDbPolyline
 90
5
 70
1
 10
470036.9509704818
 20
4349667.162483713
 10
470036.9509704818
 20
4349668.162483713
 10
470037.9509704818
 20
4349668.162483713
 10
470037.9509704818
 20
4349667.162483713
 10
470036.9509704818
 20
4349667.162483713
  0
TEXT
  5
1EC
330
17
100
AcDbEntity
  8
0
 62
1
100
AcDbText
 10
470037.2909704818
 20
4349667.592483712
 30
0.0
 40
0.1333
  1
2.03
  7
CN_TTF
 11
470037.2909704818
 21
4349667.592483712
 31
0.0
100
AcDbText
  0
LWPOLYLINE
  5
1ED
330
17
100
AcDbEntity
  8
爆区方格网
 62
1
100
AcDbPolyline
 90
5
 70
1
 10
470036.9509704818
 20
4349668.162483713
 10
470036.9509704818
 20
4349669.162483713
 10
470037.9509704818
 20
4349669.162483713
 10
470037.9509704818
 20
4349668.162483713
 10
470036.9509704818
 20
4349668.162483713
  0
TEXT
  5
1EE
330
17
100
AcDbEntity
  8
0
 62
1
100
AcDbText
 10
470037.2909704818
 20
4349668.592483712
 30
0.0
 40
0.1333
  1
2.03
  7
CN_TTF
 11
470037.2909704818
 21
4349668.592483712
 31
0.0
100
AcDbText
  0
LWPOLYLINE
  5
1EF
330
17
100
AcDbEntity
  8
爆区方格网
 62
1
100
AcDbPolyline
 90
5
 70
1
 10
470036.9509704818
 20
4349669.162483713
 10
470036.9509704818
 20
4349670.162483713
 10
470037.9509704818
 20
4349670.162483713
 10
470037.9509704818
 20
4349669.162483713
 10
470036.9509704818
 20
4349669.162483713
  0
TEXT
  5
1F0
330
17
100
AcDbEntity
  8
0
 62
1
100
AcDbText
 10
470037.2909704818
 20
4349669.592483712
 30
0.0
 40
0.1333
  1
1.78
  7
CN_TTF
 11
470037.2909704818
 21
4349669.592483712
 31
0.0
100
AcDbText
  0
LWPOLYLINE
  5
1F1
330
17
100
AcDbEntity
  8
爆区方格网
 62
1
100
AcDbPolyline
 90
5
 70
1
 10
470036.9509704818
 20
4349670.162483713
 10
470036.9509704818
 20
4349671.162483713
 10
470037.9509704818
 20
4349671.162483713
 10
470037.9509704818
 20
4349670.162483713
 10
470036.9509704818
 20
4349670.162483713
  0
TEXT
  5
1F2
330
17
100
AcDbEntity
  8
0
 62
1
100
AcDbText
 10
470037.2909704818
 20
4349670.592483712
 30
0.0
 40
0.1333
  1
1.78
  7
CN_TTF
 11
470037.2909704818
 21
4349670.592483712
 31
0.0
100
AcDbText
  0
LWPOLYLINE
  5
1F3
330
17
100
AcDbEntity
  8
爆区方格网
 62
1
100
AcDbPolyline
 90
5
 70
1
 10
470036.9509704818
 20
4349671.162483713
 10
470036.9509704818
 20
4349672.162483713
 10
470037.9509704818
 20
4349672.162483713
 10
470037.9509704818
 20
4349671.162483713
 10
470036.9509704818
 20
4349671.162483713
  0
TEXT
  5
1F4
330
17
100
AcDbEntity
  8
0
 62
1
100
AcDbText
 10
470037.2909704818
 20
4349671.592483712
 30
0.0
 40
0.1333
  1
1.78
  7
CN_TTF
 11
470037.2909704818
 21
4349671.592483712
 31
0.0
100
AcDbText
  0
LWPOLYLINE
  5
1F5
330
17
100
AcDbEntity
  8
爆区方格网
 62
1
100
AcDbPolyline
 90
6
 70
1
 10
470037.9509704818
 20
4349672.162483713
 10
470036.9509704818
 20
4349672.162483713
 10
470036.9509704818
 20
4349672.707565428
 10
470037.4623682158
 20
4349672.790895901
 10
470037.9509704818
 20
4349672.870511932
 10
470037.9509704818
 20
4349672.162483713
  0
TEXT
  5
1F6
330
17
100
AcDbEntity
  8
0
 62
1
100
AcDbText
 10
470037.2909704818
 20
4349672.36502457
 30
0.0
 40
0.1333
  1
1.78
  7
CN_TTF
 11
470037.2909704818
 21
4349672.36502457
 31
0.0
100
AcDbText
  0
LWPOLYLINE
  5
1F7
330
17
100
AcDbEntity
  8
爆区方格网
 62
1
100
AcDbPolyline
 90
5
 70
1
 10
470037.9509704818
 20
4349664.162483713
 10
470037.9509704818
 20
4349665.162483713
 10
470038.9509704818
 20
4349665.162483713
 10
470038.9509704818
 20
4349664.162483713
 10
470037.9509704818
 20
4349664.162483713
  0
TEXT
  5
1F8
330
17
100
AcDbEntity
  8
0
 62
1
100
AcDbText
 10
470038.2909704818
 20
4349664.592483712
 30
0.0
 40
0.1333
  1
2.03
  7
CN_TTF
 11
470038.2909704818
 21
4349664.592483712
 31
0.0
100
AcDbText
  0
LWPOLYLINE
  5
1F9
330
17
100
AcDbEntity
  8
爆区方格网
 62
1
100
AcDbPolyline
 90
5
 70
1
 10
470037.9509704818
 20
4349665.162483713
 10
470037.9509704818
 20
4349666.162483713
 10
470038.9509704818
 20
4349666.162483713
 10
470038.9509704818
 20
4349665.162483713
 10
470037.9509704818
 20
4349665.162483713
  0
TEXT
  5
1FA
330
17
100
AcDbEntity
  8
0
 62
1
100
AcDbText
 10
470038.2909704818
 20
4349665.592483712
 30
0.0
 40
0.1333
  1
2.03
  7
CN_TTF
 11
470038.2909704818
 21
4349665.592483712
 31
0.0
100
AcDbText
  0
LWPOLYLINE
  5
1FB
330
17
100
AcDbEntity
  8
爆区方格网
 62
1
100
AcDbPolyline
 90
5
 70
1
 10
470037.9509704818
 20
4349666.162483713
 10
470037.9509704818
 20
4349667.162483713
 10
470038.9509704818
 20
4349667.162483713
 10
470038.9509704818
 20
4349666.162483713
 10
470037.9509704818
 20
4349666.162483713
  0
TEXT
  5
1FC
330
17
100
AcDbEntity
  8
0
 62
1
100
AcDbText
 10
470038.2909704818
 20
4349666.592483712
 30
0.0
 40
0.1333
  1
2.03
  7
CN_TTF
 11
470038.2909704818
 21
4349666.592483712
 31
0.0
100
AcDbText
  0
LWPOLYLINE
  5
1FD
330
17
100
AcDbEntity
  8
爆区方格网
 62
1
100
AcDbPolyline
 90
5
 70
1
 10
470037.9509704818
 20
4349667.162483713
 10
470037.9509704818
 20
4349668.162483713
 10
470038.9509704818
 20
4349668.162483713
 10
470038.9509704818
 20
4349667.162483713
 10
470037.9509704818
 20
4349667.162483713
  0
TEXT
  5
1FE
330
17
100
AcDbEntity
  8
0
 62
1
100
AcDbText
 10
470038.2909704818
 20
4349667.592483712
 30
0.0
 40
0.1333
  1
2.03
  7
CN_TTF
 11
470038.2909704818
 21
4349667.592483712
 31
0.0
100
AcDbText
  0
LWPOLYLINE
  5
1FF
330
17
100
AcDbEntity
  8
爆区方格网
 62
1
100
AcDbPolyline
 90
5
 70
1
 10
470037.9509704818
 20
4349668.162483713
 10
470037.9509704818
 20
4349669.162483713
 10
470038.9509704818
 20
4349669.162483713
 10
470038.9509704818
 20
4349668.162483713
 10
470037.9509704818
 20
4349668.162483713
  0
TEXT
  5
200
330
17
100
AcDbEntity
  8
0
 62
1
100
AcDbText
 10
470038.2909704818
 20
4349668.592483712
 30
0.0
 40
0.1333
  1
2.03
  7
CN_TTF
 11
470038.2909704818
 21
4349668.592483712
 31
0.0
100
AcDbText
  0
LWPOLYLINE
  5
201
330
17
100
AcDbEntity
  8
爆区方格网
 62
1
100
AcDbPolyline
 90
5
 70
1
 10
470037.9509704818
 20
4349669.162483713
 10
470037.9509704818
 20
4349670.162483713
 10
470038.9509704818
 20
4349670.162483713
 10
470038.9509704818
 20
4349669.162483713
 10
470037.9509704818
 20
4349669.162483713
  0
TEXT
  5
202
330
17
100
AcDbEntity
  8
0
 62
1
100
AcDbText
 10
470038.2909704818
 20
4349669.592483712
 30
0.0
 40
0.1333
  1
2.03
  7
CN_TTF
 11
470038.2909704818
 21
4349669.592483712
 31
0.0
100
AcDbText
  0
LWPOLYLINE
  5
203
330
17
100
AcDbEntity
  8
爆区方格网
 62
1
100
AcDbPolyline
 90
5
 70
1
 10
470037.9509704818
 20
4349670.162483713
 10
470037.9509704818
 20
4349671.162483713
 10
470038.9509704818
 20
4349671.162483713
 10
470038.9509704818
 20
4349670.162483713
 10
470037.9509704818
 20
4349670.162483713
  0
TEXT
  5
204
330
17
100
AcDbEntity
  8
0
 62
1
100
AcDbText
 10
470038.2909704818
 20
4349670.592483712
 30
0.0
 40
0.1333
  1
2.03
  7
CN_TTF
 11
470038.2909704818
 21
4349670.592483712
 31
0.0
100
AcDbText
  0
LWPOLYLINE
  5
205
330
17
100
AcDbEntity
  8
爆区方格网
 62
1
100
AcDbPolyline
 90
5
 70
1
 10
470037.9509704818
 20
4349671.162483713
 10
470037.9509704818
 20
4349672.162483713
 10
470038.9509704818
 20
4349672.162483713
 10
470038.9509704818
 20
4349671.162483713
 10
470037.9509704818
 20
4349671.162483713
  0
TEXT
  5
206
330
17
100
AcDbEntity
  8
0
 62
1
100
AcDbText
 10
470038.2909704818
 20
4349671.592483712
 30
0.0
 40
0.1333
  1
1.78
  7
CN_TTF
 11
470038.2909704818
 21
4349671.592483712
 31
0.0
100
AcDbText
  0
LWPOLYLINE
  5
207
330
17
100
AcDbEntity
  8
爆区方格网
 62
1
100
AcDbPolyline
 90
5
 70
1
 10
470038.9509704818
 20
4349672.162483713
 10
470037.9509704818
 20
4349672.162483713
 10
470037.9509704818
 20
4349672.870511932
 10
470038.9509704818
 20
4349673.033458437
 10
470038.9509704818
 20
4349672.162483713
  0
TEXT
  5
208
330
17
100
AcDbEntity
  8
0
 62
1
100
AcDbText
 10
470038.2909704818
 20
4349672.446497822
 30
0.0
 40
0.1333
  1
1.78
  7
CN_TTF
 11
470038.2909704818
 21
4349672.446497822
 31
0.0
100
AcDbText
  0
LWPOLYLINE
  5
209
330
17
100
AcDbEntity
  8
爆区方格网
 62
1
100
AcDbPolyline
 90
7
 70
1
 10
470038.9509704818
 20
4349664.162483713
 10
470039.9509704818
 20
4349664.162483713
 10
470039.9509704818
 20
4349663.162483713
 10
470039.29962760623
 20
4349663.162483713
 10
470039.07673319324
 20
4349663.325724881
 10
470038.9509704818
 20
4349663.417829711
 10
470038.9509704818
 20
4349664.162483713
  0
TEXT
  5
20A
330
17
100
AcDbEntity
  8
0
 62
1
100
AcDbText
 10
470039.2909704818
 20
4349663.7201567115
 30
0.0
 40
0.1333
  1
1.75
  7
CN_TTF
 11
470039.2909704818
 21
4349663.7201567115
 31
0.0
100
AcDbText
  0
LWPOLYLINE
  5
20B
330
17
100
AcDbEntity
  8
爆区方格网
 62
1
100
AcDbPolyline
 90
7
 70
1
 10
470039.9509704818
 20
4349664.162483713
 10
470038.9509704818
 20
4349664.162483713
 10
470038.9509704818
 20
4349665.162483713
 10
470039.7260328242
 20
4349665.162483713
 10
470039.68383712985
 20
4349664.694370016
 10
470039.9509704818
 20
4349664.768021316
 10
470039.9509704818
 20
4349664.162483713
  0
TEXT
  5
20C
330
17
100
AcDbEntity
  8
0
 62
1
100
AcDbText
 10
470039.2909704818
 20
4349664.358426864
 30
0.0
 40
0.1333
  1
2.03
  7
CN_TTF
 11
470039.2909704818
 21
4349664.358426864
 31
0.0
100
AcDbText
  0
LWPOLYLINE
  5
20D
330
17
100
AcDbEntity
  8
爆区方格网
 62
1
100
AcDbPolyline
 90
5
 70
1
 10
470038.9509704818
 20
4349665.162483713
 10
470038.9509704818
 20
4349666.162483713
 10
470039.8161726656
 20
4349666.162483713
 10
470039.7260328242
 20
4349665.162483713
 10
470038.9509704818
 20
4349665.162483713
  0
TEXT
  5
20E
330
17
100
AcDbEntity
  8
0
 62
1
100
AcDbText
 10
470039.2010366134
 20
4349665.592483712
 30
0.0
 40
0.1333
  1
2.03
  7
CN_TTF
 11
470039.2010366134
 21
4349665.592483712
 31
0.0
100
AcDbText
  0
LWPOLYLINE
  5
20F
330
17
100
AcDbEntity
  8
爆区方格网
 62
1
100
AcDbPolyline
 90
5
 70
1
 10
470038.9509704818
 20
4349666.162483713
 10
470038.9509704818
 20
4349667.162483713
 10
470039.90631250705
 20
4349667.162483713
 10
470039.8161726656
 20
4349666.162483713
 10
470038.9509704818
 20
4349666.162483713
  0
TEXT
  5
210
330
17
100
AcDbEntity
  8
0
 62
1
100
AcDbText
 10
470039.2461065341
 20
4349666.592483712
 30
0.0
 40
0.1333
  1
2.03
  7
CN_TTF
 11
470039.2461065341
 21
4349666.592483712
 31
0.0
100
AcDbText
  0
LWPOLYLINE
  5
211
330
17
100
AcDbEntity
  8
爆区方格网
 62
1
100
AcDbPolyline
 90
6
 70
1
 10
470038.9509704818
 20
4349667.162483713
 10
470038.9509704818
 20
4349668.162483713
 10
470039.9509704818
 20
4349668.162483713
 10
470039.9509704818
 20
4349667.6579136355
 10
470039.90631250705
 20
4349667.162483713
 10
470038.9509704818
 20
4349667.162483713
  0
TEXT
  5
212
330
17
100
AcDbEntity
  8
0
 62
1
100
AcDbText
 10
470039.2909704818
 20
4349667.840198673
 30
0.0
 40
0.1333
  1
2.03
  7
CN_TTF
 11
470039.2909704818
 21
4349667.840198673
 31
0.0
100
AcDbText
  0
LWPOLYLINE
  5
213
330
17
100
AcDbEntity
  8
爆区方格网
 62
1
100
AcDbPolyline
 90
5
 70
1
 10
470038.9509704818
 20
4349668.162483713
 10
470038.9509704818
 20
4349669.162483713
 10
470039.9509704818
 20
4349669.162483713
 10
470039.9509704818
 20
4349668.162483713
 10
470038.9509704818
 20
4349668.162483713
  0
TEXT
  5
214
330
17
100
AcDbEntity
  8
0
 62
1
100
AcDbText
 10
470039.2909704818
 20
4349668.592483712
 30
0.0
 40
0.1333
  1
2.03
  7
CN_TTF
 11
470039.2909704818
 21
4349668.592483712
 31
0.0
100
AcDbText
  0
LWPOLYLINE
  5
215
330
17
100
AcDbEntity
  8
爆区方格网
 62
1
100
AcDbPolyline
 90
5
 70
1
 10
470038.9509704818
 20
4349669.162483713
 10
470038.9509704818
 20
4349670.162483713
 10
470039.9509704818
 20
4349670.162483713
 10
470039.9509704818
 20
4349669.162483713
 10
470038.9509704818
 20
4349669.162483713
  0
TEXT
  5
216
330
17
100
AcDbEntity
  8
0
 62
1
100
AcDbText
 10
470039.2909704818
 20
4349669.592483712
 30
0.0
 40
0.1333
  1
2.03
  7
CN_TTF
 11
470039.2909704818
 21
4349669.592483712
 31
0.0
100
AcDbText
  0
LWPOLYLINE
  5
217
330
17
100
AcDbEntity
  8
爆区方格网
 62
1
100
AcDbPolyline
 90
5
 70
1
 10
470038.9509704818
 20
4349670.162483713
 10
470038.9509704818
 20
4349671.162483713
 10
470039.9509704818
 20
4349671.162483713
 10
470039.9509704818
 20
4349670.162483713
 10
470038.9509704818
 20
4349670.162483713
  0
TEXT
  5
218
330
17
100
AcDbEntity
  8
0
 62
1
100
AcDbText
 10
470039.2909704818
 20
4349670.592483712
 30
0.0
 40
0.1333
  1
2.03
  7
CN_TTF
 11
470039.2909704818
 21
4349670.592483712
 31
0.0
100
AcDbText
  0
LWPOLYLINE
  5
219
330
17
100
AcDbEntity
  8
爆区方格网
 62
1
100
AcDbPolyline
 90
5
 70
1
 10
470038.9509704818
 20
4349671.162483713
 10
470038.9509704818
 20
4349672.162483713
 10
470039.9509704818
 20
4349672.162483713
 10
470039.9509704818
 20
4349671.162483713
 10
470038.9509704818
 20
4349671.162483713
  0
TEXT
  5
21A
330
17
100
AcDbEntity
  8
0
 62
1
100
AcDbText
 10
470039.2909704818
 20
4349671.592483712
 30
0.0
 40
0.1333
  1
2.03
  7
CN_TTF
 11
470039.2909704818
 21
4349671.592483712
 31
0.0
100
AcDbText
  0
LWPOLYLINE
  5
21B
330
17
100
AcDbEntity
  8
爆区方格网
 62
1
100
AcDbPolyline
 90
6
 70
1
 10
470039.9509704818
 20
4349673.162483713
 10
470039.9509704818
 20
4349672.162483713
 10
470038.9509704818
 20
4349672.162483713
 10
470038.9509704818
 20
4349673.033458437
 10
470039.74279646314
 20
4349673.162483713
 10
470039.9509704818
 20
4349673.162483713
  0
TEXT
  5
21C
330
17
100
AcDbEntity
  8
0
 62
1
100
AcDbText
 10
470039.2909704818
 20
4349672.527971074
 30
0.0
 40
0.1333
  1
1.78
  7
CN_TTF
 11
470039.2909704818
 21
4349672.527971074
 31
0.0
100
AcDbText
  0
LWPOLYLINE
  5
21D
330
17
100
AcDbEntity
  8
爆区方格网
 62
1
100
AcDbPolyline
 90
6
 70
1
 10
470039.9509704818
 20
4349663.162483713
 10
470040.9509704818
 20
4349663.162483713
 10
470040.9509704818
 20
4349662.162483713
 10
470040.54047351796
 20
4349662.162483713
 10
470039.9509704818
 20
4349662.6514097275
 10
470039.9509704818
 20
4349663.162483713
  0
TEXT
  5
21E
330
17
100
AcDbEntity
  8
0
 62
1
100
AcDbText
 10
470040.2909704818
 20
4349662.83694672
 30
0.0
 40
0.1333
  1
1.75
  7
CN_TTF
 11
470040.2909704818
 21
4349662.83694672
 31
0.0
100
AcDbText
  0
LWPOLYLINE
  5
21F
330
17
100
AcDbEntity
  8
爆区方格网
 62
1
100
AcDbPolyline
 90
5
 70
1
 10
470039.9509704818
 20
4349663.162483713
 10
470039.9509704818
 20
4349664.162483713
 10
470040.9509704818
 20
4349664.162483713
 10
470040.9509704818
 20
4349663.162483713
 10
470039.9509704818
 20
4349663.162483713
  0
TEXT
  5
220
330
17
100
AcDbEntity
  8
0
 62
1
100
AcDbText
 10
470040.2909704818
 20
4349663.592483712
 30
0.0
 40
0.1333
  1
1.75
  7
CN_TTF
 11
470040.2909704818
 21
4349663.592483712
 31
0.0
100
AcDbText
  0
LWPOLYLINE
  5
221
330
17
100
AcDbEntity
  8
爆区方格网
 62
1
100
AcDbPolyline
 90
6
 70
1
 10
470040.9509704818
 20
4349664.162483713
 10
470039.9509704818
 20
4349664.162483713
 10
470039.9509704818
 20
4349664.768021316
 10
470040.1790900146
 20
4349664.830916121
 10
470040.9509704818
 20
4349665.043731178
 10
470040.9509704818
 20
4349664.162483713
  0
TEXT
  5
222
330
17
100
AcDbEntity
  8
0
 62
1
100
AcDbText
 10
470040.2909704818
 20
4349664.395252515
 30
0.0
 40
0.1333
  1
1.75
  7
CN_TTF
 11
470040.2909704818
 21
4349664.395252515
 31
0.0
100
AcDbText
  0
LWPOLYLINE
  5
223
330
17
100
AcDbEntity
  8
爆区方格网
 62
1
100
AcDbPolyline
 90
5
 70
1
 10
470039.9509704818
 20
4349669.162483713
 10
470039.9509704818
 20
4349670.162483713
 10
470040.9509704818
 20
4349670.162483713
 10
470040.9509704818
 20
4349669.162483713
 10
470039.9509704818
 20
4349669.162483713
  0
TEXT
  5
224
330
17
100
AcDbEntity
  8
0
 62
1
100
AcDbText
 10
470040.2909704818
 20
4349669.592483712
 30
0.0
 40
0.1333
  1
2.03
  7
CN_TTF
 11
470040.2909704818
 21
4349669.592483712
 31
0.0
100
AcDbText
  0
LWPOLYLINE
  5
225
330
17
100
AcDbEntity
  8
爆区方格网
 62
1
100
AcDbPolyline
 90
5
 70
1
 10
470039.9509704818
 20
4349670.162483713
 10
470039.9509704818
 20
4349671.162483713
 10
470040.9509704818
 20
4349671.162483713
 10
470040.9509704818
 20
4349670.162483713
 10
470039.9509704818
 20
4349670.162483713
  0
TEXT
  5
226
330
17
100
AcDbEntity
  8
0
 62
1
100
AcDbText
 10
470040.2909704818
 20
4349670.592483712
 30
0.0
 40
0.1333
  1
2.03
  7
CN_TTF
 11
470040.2909704818
 21
4349670.592483712
 31
0.0
100
AcDbText
  0
LWPOLYLINE
  5
227
330
17
100
AcDbEntity
  8
爆区方格网
 62
1
100
AcDbPolyline
 90
5
 70
1
 10
470039.9509704818
 20
4349671.162483713
 10
470039.9509704818
 20
4349672.162483713
 10
470040.9509704818
 20
4349672.162483713
 10
470040.9509704818
 20
4349671.162483713
 10
470039.9509704818
 20
4349671.162483713
  0
TEXT
  5
228
330
17
100
AcDbEntity
  8
0
 62
1
100
AcDbText
 10
470040.2909704818
 20
4349671.592483712
 30
0.0
 40
0.1333
  1
2.03
  7
CN_TTF
 11
470040.2909704818
 21
4349671.592483712
 31
0.0
100
AcDbText
  0
LWPOLYLINE
  5
229
330
17
100
AcDbEntity
  8
爆区方格网
 62
1
100
AcDbPolyline
 90
5
 70
1
 10
470039.9509704818
 20
4349672.162483713
 10
470039.9509704818
 20
4349673.162483713
 10
470040.9509704818
 20
4349673.162483713
 10
470040.9509704818
 20
4349672.162483713
 10
470039.9509704818
 20
4349672.162483713
  0
TEXT
  5
22A
330
17
100
AcDbEntity
  8
0
 62
1
100
AcDbText
 10
470040.2909704818
 20
4349672.592483712
 30
0.0
 40
0.1333
  1
2.03
  7
CN_TTF
 11
470040.2909704818
 21
4349672.592483712
 31
0.0
100
AcDbText
  0
LWPOLYLINE
  5
22B
330
17
100
AcDbEntity
  8
爆区方格网
 62
1
100
AcDbPolyline
 90
6
 70
1
 10
470040.9509704818
 20
4349662.162483713
 10
470041.9509704818
 20
4349662.162483713
 10
470041.9509704818
 20
4349661.291597636
 10
470041.247
 20
4349661.5765
 10
470040.9509704818
 20
4349661.822022964
 10
470040.9509704818
 20
4349662.162483713
  0
TEXT
  5
22C
330
17
100
AcDbEntity
  8
0
 62
1
100
AcDbText
 10
470041.3649778611
 20
4349661.6292614825
 30
0.0
 40
0.1333
  1
1.75
  7
CN_TTF
 11
470041.3649778611
 21
4349661.6292614825
 31
0.0
100
AcDbText
  0
LWPOLYLINE
  5
22D
330
17
100
AcDbEntity
  8
爆区方格网
 62
1
100
AcDbPolyline
 90
5
 70
1
 10
470040.9509704818
 20
4349662.162483713
 10
470040.9509704818
 20
4349663.162483713
 10
470041.9509704818
 20
4349663.162483713
 10
470041.9509704818
 20
4349662.162483713
 10
470040.9509704818
 20
4349662.162483713
  0
TEXT
  5
22E
330
17
100
AcDbEntity
  8
0
 62
1
100
AcDbText
 10
470041.2909704818
 20
4349662.592483712
 30
0.0
 40
0.1333
  1
1.75
  7
CN_TTF
 11
470041.2909704818
 21
4349662.592483712
 31
0.0
100
AcDbText
  0
LWPOLYLINE
  5
22F
330
17
100
AcDbEntity
  8
爆区方格网
 62
1
100
AcDbPolyline
 90
5
 70
1
 10
470040.9509704818
 20
4349663.162483713
 10
470040.9509704818
 20
4349664.162483713
 10
470041.9509704818
 20
4349664.162483713
 10
470041.9509704818
 20
4349663.162483713
 10
470040.9509704818
 20
4349663.162483713
  0
TEXT
  5
230
330
17
100
AcDbEntity
  8
0
 62
1
100
AcDbText
 10
470041.2909704818
 20
4349663.592483712
 30
0.0
 40
0.1333
  1
1.75
  7
CN_TTF
 11
470041.2909704818
 21
4349663.592483712
 31
0.0
100
AcDbText
  0
LWPOLYLINE
  5
231
330
17
100
AcDbEntity
  8
爆区方格网
 62
1
100
AcDbPolyline
 90
6
 70
1
 10
470041.9509704818
 20
4349665.162483713
 10
470041.9509704818
 20
4349664.162483713
 10
470040.9509704818
 20
4349664.162483713
 10
470040.9509704818
 20
4349665.043731178
 10
470041.3816860684
 20
4349665.162483713
 10
470041.9509704818
 20
4349665.162483713
  0
TEXT
  5
232
330
17
100
AcDbEntity
  8
0
 62
1
100
AcDbText
 10
470041.2909704818
 20
4349664.533107445
 30
0.0
 40
0.1333
  1
1.75
  7
CN_TTF
 11
470041.2909704818
 21
4349664.533107445
 31
0.0
100
AcDbText
  0
LWPOLYLINE
  5
233
330
17
100
AcDbEntity
  8
爆区方格网
 62
1
100
AcDbPolyline
 90
7
 70
1
 10
470040.9509704818
 20
4349669.162483713
 10
470040.9509704818
 20
4349670.162483713
 10
470041.9509704818
 20
4349670.162483713
 10
470041.9509704818
 20
4349669.50139508
 10
470041.6265491103
 20
4349669.325653757
 10
470041.32533452695
 20
4349669.162483713
 10
470040.9509704818
 20
4349669.162483713
  0
TEXT
  5
234
330
17
100
AcDbEntity
  8
0
 62
1
100
AcDbText
 10
470041.2909704818
 20
4349669.761939396
 30
0.0
 40
0.1333
  1
2.03
  7
CN_TTF
 11
470041.2909704818
 21
4349669.761939396
 31
0.0
100
AcDbText
  0
LWPOLYLINE
  5
235
330
17
100
AcDbEntity
  8
爆区方格网
 62
1
100
AcDbPolyline
 90
5
 70
1
 10
470040.9509704818
 20
4349670.162483713
 10
470040.9509704818
 20
4349671.162483713
 10
470041.9509704818
 20
4349671.162483713
 10
470041.9509704818
 20
4349670.162483713
 10
470040.9509704818
 20
4349670.162483713
  0
TEXT
  5
236
330
17
100
AcDbEntity
  8
0
 62
1
100
AcDbText
 10
470041.2909704818
 20
4349670.592483712
 30
0.0
 40
0.1333
  1
1.88
  7
CN_TTF
 11
470041.2909704818
 21
4349670.592483712
 31
0.0
100
AcDbText
  0
LWPOLYLINE
  5
237
330
17
100
AcDbEntity
  8
爆区方格网
 62
1
100
AcDbPolyline
 90
5
 70
1
 10
470040.9509704818
 20
4349671.162483713
 10
470040.9509704818
 20
4349672.162483713
 10
470041.9509704818
 20
4349672.162483713
 10
470041.9509704818
 20
4349671.162483713
 10
470040.9509704818
 20
4349671.162483713
  0
TEXT
  5
238
330
17
100
AcDbEntity
  8
0
 62
1
100
AcDbText
 10
470041.2909704818
 20
4349671.592483712
 30
0.0
 40
0.1333
  1
1.88
  7
CN_TTF
 11
470041.2909704818
 21
4349671.592483712
 31
0.0
100
AcDbText
  0
LWPOLYLINE
  5
239
330
17
100
AcDbEntity
  8
爆区方格网
 62
1
100
AcDbPolyline
 90
5
 70
1
 10
470040.9509704818
 20
4349672.162483713
 10
470040.9509704818
 20
4349673.162483713
 10
470041.9509704818
 20
4349673.162483713
 10
470041.9509704818
 20
4349672.162483713
 10
470040.9509704818
 20
4349672.162483713
  0
TEXT
  5
23A
330
17
100
AcDbEntity
  8
0
 62
1
100
AcDbText
 10
470041.2909704818
 20
4349672.592483712
 30
0.0
 40
0.1333
  1
1.88
  7
CN_TTF
 11
470041.2909704818
 21
4349672.592483712
 31
0.0
100
AcDbText
  0
LWPOLYLINE
  5
23B
330
17
100
AcDbEntity
  8
爆区方格网
 62
1
100
AcDbPolyline
 90
7
 70
1
 10
470041.9509704818
 20
4349662.162483713
 10
470042.9509704818
 20
4349662.162483713
 10
470042.9509704818
 20
4349661.552262556
 10
470042.215966791
 20
4349661.184351557
 10
470042.2159667899
 20
4349661.184351557
 10
470041.9509704818
 20
4349661.291597636
 10
470041.9509704818
 20
4349662.162483713
  0
TEXT
  5
23C
330
17
100
AcDbEntity
  8
0
 62
1
100
AcDbText
 10
470042.2909704818
 20
4349661.787373134
 30
0.0
 40
0.1333
  1
1.75
  7
CN_TTF
 11
470042.2909704818
 21
4349661.787373134
 31
0.0
100
AcDbText
  0
LWPOLYLINE
  5
23D
330
17
100
AcDbEntity
  8
爆区方格网
 62
1
100
AcDbPolyline
 90
5
 70
1
 10
470041.9509704818
 20
4349662.162483713
 10
470041.9509704818
 20
4349663.162483713
 10
470042.9509704818
 20
4349663.162483713
 10
470042.9509704818
 20
4349662.162483713
 10
470041.9509704818
 20
4349662.162483713
  0
TEXT
  5
23E
330
17
100
AcDbEntity
  8
0
 62
1
100
AcDbText
 10
470042.2909704818
 20
4349662.592483712
 30
0.0
 40
0.1333
  1
1.75
  7
CN_TTF
 11
470042.2909704818
 21
4349662.592483712
 31
0.0
100
AcDbText
  0
LWPOLYLINE
  5
23F
330
17
100
AcDbEntity
  8
爆区方格网
 62
1
100
AcDbPolyline
 90
5
 70
1
 10
470041.9509704818
 20
4349663.162483713
 10
470041.9509704818
 20
4349664.162483713
 10
470042.9509704818
 20
4349664.162483713
 10
470042.9509704818
 20
4349663.162483713
 10
470041.9509704818
 20
4349663.162483713
  0
TEXT
  5
240
330
17
100
AcDbEntity
  8
0
 62
1
100
AcDbText
 10
470042.2909704818
 20
4349663.592483712
 30
0.0
 40
0.1333
  1
1.75
  7
CN_TTF
 11
470042.2909704818
 21
4349663.592483712
 31
0.0
100
AcDbText
  0
LWPOLYLINE
  5
241
330
17
100
AcDbEntity
  8
爆区方格网
 62
1
100
AcDbPolyline
 90
5
 70
1
 10
470041.9509704818
 20
4349664.162483713
 10
470041.9509704818
 20
4349665.162483713
 10
470042.9509704818
 20
4349665.162483713
 10
470042.9509704818
 20
4349664.162483713
 10
470041.9509704818
 20
4349664.162483713
  0
TEXT
  5
242
330
17
100
AcDbEntity
  8
0
 62
1
100
AcDbText
 10
470042.2909704818
 20
4349664.592483712
 30
0.0
 40
0.1333
  1
1.75
  7
CN_TTF
 11
470042.2909704818
 21
4349664.592483712
 31
0.0
100
AcDbText
  0
LWPOLYLINE
  5
243
330
17
100
AcDbEntity
  8
爆区方格网
 62
1
100
AcDbPolyline
 90
5
 70
1
 10
470041.9509704818
 20
4349670.162483713
 10
470041.9509704818
 20
4349671.162483713
 10
470042.9509704818
 20
4349671.162483713
 10
470042.9509704818
 20
4349670.162483713
 10
470041.9509704818
 20
4349670.162483713
  0
TEXT
  5
244
330
17
100
AcDbEntity
  8
0
 62
1
100
AcDbText
 10
470042.2909704818
 20
4349670.592483712
 30
0.0
 40
0.1333
  1
1.88
  7
CN_TTF
 11
470042.2909704818
 21
4349670.592483712
 31
0.0
100
AcDbText
  0
LWPOLYLINE
  5
245
330
17
100
AcDbEntity
  8
爆区方格网
 62
1
100
AcDbPolyline
 90
5
 70
1
 10
470041.9509704818
 20
4349671.162483713
 10
470041.9509704818
 20
4349672.162483713
 10
470042.9509704818
 20
4349672.162483713
 10
470042.9509704818
 20
4349671.162483713
 10
470041.9509704818
 20
4349671.162483713
  0
TEXT
  5
246
330
17
100
AcDbEntity
  8
0
 62
1
100
AcDbText
 10
470042.2909704818
 20
4349671.592483712
 30
0.0
 40
0.1333
  1
1.88
  7
CN_TTF
 11
470042.2909704818
 21
4349671.592483712
 31
0.0
100
AcDbText
  0
LWPOLYLINE
  5
247
330
17
100
AcDbEntity
  8
爆区方格网
 62
1
100
AcDbPolyline
 90
5
 70
1
 10
470041.9509704818
 20
4349672.162483713
 10
470041.9509704818
 20
4349673.162483713
 10
470042.9509704818
 20
4349673.162483713
 10
470042.9509704818
 20
4349672.162483713
 10
470041.9509704818
 20
4349672.162483713
  0
TEXT
  5
248
330
17
100
AcDbEntity
  8
0
 62
1
100
AcDbText
 10
470042.2909704818
 20
4349672.592483712
 30
0.0
 40
0.1333
  1
1.64
  7
CN_TTF
 11
470042.2909704818
 21
4349672.592483712
 31
0.0
100
AcDbText
  0
LWPOLYLINE
  5
249
330
17
100
AcDbEntity
  8
爆区方格网
 62
1
100
AcDbPolyline
 90
5
 70
1
 10
470042.9509704818
 20
4349673.162483713
 10
470041.9509704818
 20
4349673.162483713
 10
470041.9509704818
 20
4349673.7072641235
 10
470042.9509704818
 20
4349674.004464045
 10
470042.9509704818
 20
4349673.162483713
  0
TEXT
  5
24A
330
17
100
AcDbEntity
  8
0
 62
1
100
AcDbText
 10
470042.2909704818
 20
4349673.364873918
 30
0.0
 40
0.1333
  1
1.64
  7
CN_TTF
 11
470042.2909704818
 21
4349673.364873918
 31
0.0
100
AcDbText
  0
LWPOLYLINE
  5
24B
330
17
100
AcDbEntity
  8
爆区方格网
 62
1
100
AcDbPolyline
 90
5
 70
1
 10
470042.9509704818
 20
4349662.162483713
 10
470042.9509704818
 20
4349663.162483713
 10
470043.9509704818
 20
4349663.162483713
 10
470043.9509704818
 20
4349662.162483713
 10
470042.9509704818
 20
4349662.162483713
  0
TEXT
  5
24C
330
17
100
AcDbEntity
  8
0
 62
1
100
AcDbText
 10
470043.2909704818
 20
4349662.592483712
 30
0.0
 40
0.1333
  1
1.75
  7
CN_TTF
 11
470043.2909704818
 21
4349662.592483712
 31
0.0
100
AcDbText
  0
LWPOLYLINE
  5
24D
330
17
100
AcDbEntity
  8
爆区方格网
 62
1
100
AcDbPolyline
 90
5
 70
1
 10
470042.9509704818
 20
4349663.162483713
 10
470042.9509704818
 20
4349664.162483713
 10
470043.9509704818
 20
4349664.162483713
 10
470043.9509704818
 20
4349663.162483713
 10
470042.9509704818
 20
4349663.162483713
  0
TEXT
  5
24E
330
17
100
AcDbEntity
  8
0
 62
1
100
AcDbText
 10
470043.2909704818
 20
4349663.592483712
 30
0.0
 40
0.1333
  1
1.75
  7
CN_TTF
 11
470043.2909704818
 21
4349663.592483712
 31
0.0
100
AcDbText
  0
LWPOLYLINE
  5
24F
330
17
100
AcDbEntity
  8
爆区方格网
 62
1
100
AcDbPolyline
 90
5
 70
1
 10
470042.9509704818
 20
4349664.162483713
 10
470042.9509704818
 20
4349665.162483713
 10
470043.9509704818
 20
4349665.162483713
 10
470043.9509704818
 20
4349664.162483713
 10
470042.9509704818
 20
4349664.162483713
  0
TEXT
  5
250
330
17
100
AcDbEntity
  8
0
 62
1
100
AcDbText
 10
470043.2909704818
 20
4349664.592483712
 30
0.0
 40
0.1333
  1
1.75
  7
CN_TTF
 11
470043.2909704818
 21
4349664.592483712
 31
0.0
100
AcDbText
  0
LWPOLYLINE
  5
251
330
17
100
AcDbEntity
  8
爆区方格网
 62
1
100
AcDbPolyline
 90
5
 70
1
 10
470043.9509704818
 20
4349665.162483713
 10
470042.9509704818
 20
4349665.162483713
 10
470042.9509704818
 20
4349665.595150902
 10
470043.9509704818
 20
4349665.870860764
 10
470043.9509704818
 20
4349665.162483713
  0
TEXT
  5
252
330
17
100
AcDbEntity
  8
0
 62
1
100
AcDbText
 10
470043.2909704818
 20
4349665.3088173065
 30
0.0
 40
0.1333
  1
1.75
  7
CN_TTF
 11
470043.2909704818
 21
4349665.3088173065
 31
0.0
100
AcDbText
  0
LWPOLYLINE
  5
253
330
17
100
AcDbEntity
  8
爆区方格网
 62
1
100
AcDbPolyline
 90
6
 70
1
 10
470042.9509704818
 20
4349670.162483713
 10
470042.9509704818
 20
4349671.162483713
 10
470043.9509704818
 20
4349671.162483713
 10
470043.9509704818
 20
4349670.584809054
 10
470043.1713509618
 20
4349670.162483713
 10
470042.9509704818
 20
4349670.162483713
  0
TEXT
  5
254
330
17
100
AcDbEntity
  8
0
 62
1
100
AcDbText
 10
470043.2909704818
 20
4349670.803646383
 30
0.0
 40
0.1333
  1
1.88
  7
CN_TTF
 11
470043.2909704818
 21
4349670.803646383
 31
0.0
100
AcDbText
  0
LWPOLYLINE
  5
255
330
17
100
AcDbEntity
  8
爆区方格网
 62
1
100
AcDbPolyline
 90
5
 70
1
 10
470042.9509704818
 20
4349671.162483713
 10
470042.9509704818
 20
4349672.162483713
 10
470043.9509704818
 20
4349672.162483713
 10
470043.9509704818
 20
4349671.162483713
 10
470042.9509704818
 20
4349671.162483713
  0
TEXT
  5
256
330
17
100
AcDbEntity
  8
0
 62
1
100
AcDbText
 10
470043.2909704818
 20
4349671.592483712
 30
0.0
 40
0.1333
  1
1.88
  7
CN_TTF
 11
470043.2909704818
 21
4349671.592483712
 31
0.0
100
AcDbText
  0
LWPOLYLINE
  5
257
330
17
100
AcDbEntity
  8
爆区方格网
 62
1
100
AcDbPolyline
 90
5
 70
1
 10
470042.9509704818
 20
4349672.162483713
 10
470042.9509704818
 20
4349673.162483713
 10
470043.9509704818
 20
4349673.162483713
 10
470043.9509704818
 20
4349672.162483713
 10
470042.9509704818
 20
4349672.162483713
  0
TEXT
  5
258
330
17
100
AcDbEntity
  8
0
 62
1
100
AcDbText
 10
470043.2909704818
 20
4349672.592483712
 30
0.0
 40
0.1333
  1
1.64
  7
CN_TTF
 11
470043.2909704818
 21
4349672.592483712
 31
0.0
100
AcDbText
  0
LWPOLYLINE
  5
259
330
17
100
AcDbEntity
  8
爆区方格网
 62
1
100
AcDbPolyline
 90
6
 70
1
 10
470043.9509704818
 20
4349674.162483713
 10
470043.9509704818
 20
4349673.162483713
 10
470042.9509704818
 20
4349673.162483713
 10
470042.9509704818
 20
4349674.004464045
 10
470043.482665332
 20
4349674.162483713
 10
470043.9509704818
 20
4349674.162483713
  0
TEXT
  5
25A
330
17
100
AcDbEntity
  8
0
 62
1
100
AcDbText
 10
470043.2909704818
 20
4349673.513473879
 30
0.0
 40
0.1333
  1
1.64
  7
CN_TTF
 11
470043.2909704818
 21
4349673.513473879
 31
0.0
100
AcDbText
  0
LWPOLYLINE
  5
25B
330
17
100
AcDbEntity
  8
爆区方格网
 62
1
100
AcDbPolyline
 90
7
 70
1
 10
470043.9509704818
 20
4349662.162483713
 10
470044.9509704818
 20
4349662.162483713
 10
470044.9509704818
 20
4349661.162483713
 10
470044.51917294983
 20
4349661.162483713
 10
470044.506824602
 20
4349661.1687205685
 10
470043.9509704818
 20
4349661.449469224
 10
470043.9509704818
 20
4349662.162483713
  0
TEXT
  5
25C
330
17
100
AcDbEntity
  8
0
 62
1
100
AcDbText
 10
470044.2909704818
 20
4349661.735976468
 30
0.0
 40
0.1333
  1
1.75
  7
CN_TTF
 11
470044.2909704818
 21
4349661.735976468
 31
0.0
100
AcDbText
  0
LWPOLYLINE
  5
25D
330
17
100
AcDbEntity
  8
爆区方格网
 62
1
100
AcDbPolyline
 90
5
 70
1
 10
470043.9509704818
 20
4349662.162483713
 10
470043.9509704818
 20
4349663.162483713
 10
470044.9509704818
 20
4349663.162483713
 10
470044.9509704818
 20
4349662.162483713
 10
470043.9509704818
 20
4349662.162483713
  0
TEXT
  5
25E
330
17
100
AcDbEntity
  8
0
 62
1
100
AcDbText
 10
470044.2909704818
 20
4349662.592483712
 30
0.0
 40
0.1333
  1
1.75
  7
CN_TTF
 11
470044.2909704818
 21
4349662.592483712
 31
0.0
100
AcDbText
  0
LWPOLYLINE
  5
25F
330
17
100
AcDbEntity
  8
爆区方格网
 62
1
100
AcDbPolyline
 90
5
 70
1
 10
470043.9509704818
 20
4349663.162483713
 10
470043.9509704818
 20
4349664.162483713
 10
470044.9509704818
 20
4349664.162483713
 10
470044.9509704818
 20
4349663.162483713
 10
470043.9509704818
 20
4349663.162483713
  0
TEXT
  5
260
330
17
100
AcDbEntity
  8
0
 62
1
100
AcDbText
 10
470044.2909704818
 20
4349663.592483712
 30
0.0
 40
0.1333
  1
1.75
  7
CN_TTF
 11
470044.2909704818
 21
4349663.592483712
 31
0.0
100
AcDbText
  0
LWPOLYLINE
  5
261
330
17
100
AcDbEntity
  8
爆区方格网
 62
1
100
AcDbPolyline
 90
5
 70
1
 10
470043.9509704818
 20
4349664.162483713
 10
470043.9509704818
 20
4349665.162483713
 10
470044.9509704818
 20
4349665.162483713
 10
470044.9509704818
 20
4349664.162483713
 10
470043.9509704818
 20
4349664.162483713
  0
TEXT
  5
262
330
17
100
AcDbEntity
  8
0
 62
1
100
AcDbText
 10
470044.2909704818
 20
4349664.592483712
 30
0.0
 40
0.1333
  1
1.75
  7
CN_TTF
 11
470044.2909704818
 21
4349664.592483712
 31
0.0
100
AcDbText
  0
LWPOLYLINE
  5
263
330
17
100
AcDbEntity
  8
爆区方格网
 62
1
100
AcDbPolyline
 90
6
 70
1
 10
470044.9509704818
 20
4349665.162483713
 10
470043.9509704818
 20
4349665.162483713
 10
470043.9509704818
 20
4349665.870860764
 10
470044.1154375745
 20
4349665.916205963
 10
470044.9509704818
 20
4349666.146570626
 10
470044.9509704818
 20
4349665.162483713
  0
TEXT
  5
264
330
17
100
AcDbEntity
  8
0
 62
1
100
AcDbText
 10
470044.2909704818
 20
4349665.446672238
 30
0.0
 40
0.1333
  1
1.75
  7
CN_TTF
 11
470044.2909704818
 21
4349665.446672238
 31
0.0
100
AcDbText
  0
LWPOLYLINE
  5
265
330
17
100
AcDbEntity
  8
爆区方格网
 62
1
100
AcDbPolyline
 90
5
 70
1
 10
470043.9509704818
 20
4349671.162483713
 10
470043.9509704818
 20
4349672.162483713
 10
470044.9509704818
 20
4349672.162483713
 10
470044.9509704818
 20
4349671.162483713
 10
470043.9509704818
 20
4349671.162483713
  0
TEXT
  5
266
330
17
100
AcDbEntity
  8
0
 62
1
100
AcDbText
 10
470044.2909704818
 20
4349671.592483712
 30
0.0
 40
0.1333
  1
1.64
  7
CN_TTF
 11
470044.2909704818
 21
4349671.592483712
 31
0.0
100
AcDbText
  0
LWPOLYLINE
  5
267
330
17
100
AcDbEntity
  8
爆区方格网
 62
1
100
AcDbPolyline
 90
5
 70
1
 10
470043.9509704818
 20
4349672.162483713
 10
470043.9509704818
 20
4349673.162483713
 10
470044.9509704818
 20
4349673.162483713
 10
470044.9509704818
 20
4349672.162483713
 10
470043.9509704818
 20
4349672.162483713
  0
TEXT
  5
268
330
17
100
AcDbEntity
  8
0
 62
1
100
AcDbText
 10
470044.2909704818
 20
4349672.592483712
 30
0.0
 40
0.1333
  1
1.64
  7
CN_TTF
 11
470044.2909704818
 21
4349672.592483712
 31
0.0
100
AcDbText
  0
LWPOLYLINE
  5
269
330
17
100
AcDbEntity
  8
爆区方格网
 62
1
100
AcDbPolyline
 90
5
 70
1
 10
470043.9509704818
 20
4349673.162483713
 10
470043.9509704818
 20
4349674.162483713
 10
470044.9509704818
 20
4349674.162483713
 10
470044.9509704818
 20
4349673.162483713
 10
470043.9509704818
 20
4349673.162483713
  0
TEXT
  5
26A
330
17
100
AcDbEntity
  8
0
 62
1
100
AcDbText
 10
470044.2909704818
 20
4349673.592483712
 30
0.0
 40
0.1333
  1
1.64
  7
CN_TTF
 11
470044.2909704818
 21
4349673.592483712
 31
0.0
100
AcDbText
  0
LWPOLYLINE
  5
26B
330
17
100
AcDbEntity
  8
爆区方格网
 62
1
100
AcDbPolyline
 90
5
 70
1
 10
470044.9509704818
 20
4349661.162483713
 10
470044.9509704818
 20
4349662.162483713
 10
470045.9509704818
 20
4349662.162483713
 10
470045.9509704818
 20
4349661.162483713
 10
470044.9509704818
 20
4349661.162483713
  0
TEXT
  5
26C
330
17
100
AcDbEntity
  8
0
 62
1
100
AcDbText
 10
470045.2909704818
 20
4349661.592483712
 30
0.0
 40
0.1333
  1
2.32
  7
CN_TTF
 11
470045.2909704818
 21
4349661.592483712
 31
0.0
100
AcDbText
  0
LWPOLYLINE
  5
26D
330
17
100
AcDbEntity
  8
爆区方格网
 62
1
100
AcDbPolyline
 90
5
 70
1
 10
470044.9509704818
 20
4349662.162483713
 10
470044.9509704818
 20
4349663.162483713
 10
470045.9509704818
 20
4349663.162483713
 10
470045.9509704818
 20
4349662.162483713
 10
470044.9509704818
 20
4349662.162483713
  0
TEXT
  5
26E
330
17
100
AcDbEntity
  8
0
 62
1
100
AcDbText
 10
470045.2909704818
 20
4349662.592483712
 30
0.0
 40
0.1333
  1
2.32
  7
CN_TTF
 11
470045.2909704818
 21
4349662.592483712
 31
0.0
100
AcDbText
  0
LWPOLYLINE
  5
26F
330
17
100
AcDbEntity
  8
爆区方格网
 62
1
100
AcDbPolyline
 90
5
 70
1
 10
470044.9509704818
 20
4349663.162483713
 10
470044.9509704818
 20
4349664.162483713
 10
470045.9509704818
 20
4349664.162483713
 10
470045.9509704818
 20
4349663.162483713
 10
470044.9509704818
 20
4349663.162483713
  0
TEXT
  5
270
330
17
100
AcDbEntity
  8
0
 62
1
100
AcDbText
 10
470045.2909704818
 20
4349663.592483712
 30
0.0
 40
0.1333
  1
1.75
  7
CN_TTF
 11
470045.2909704818
 21
4349663.592483712
 31
0.0
100
AcDbText
  0
LWPOLYLINE
  5
271
330
17
100
AcDbEntity
  8
爆区方格网
 62
1
100
AcDbPolyline
 90
5
 70
1
 10
470044.9509704818
 20
4349664.162483713
 10
470044.9509704818
 20
4349665.162483713
 10
470045.9509704818
 20
4349665.162483713
 10
470045.9509704818
 20
4349664.162483713
 10
470044.9509704818
 20
4349664.162483713
  0
TEXT
  5
272
330
17
100
AcDbEntity
  8
0
 62
1
100
AcDbText
 10
470045.2909704818
 20
4349664.592483712
 30
0.0
 40
0.1333
  1
1.75
  7
CN_TTF
 11
470045.2909704818
 21
4349664.592483712
 31
0.0
100
AcDbText
  0
LWPOLYLINE
  5
273
330
17
100
AcDbEntity
  8
爆区方格网
 62
1
100
AcDbPolyline
 90
6
 70
1
 10
470045.9509704818
 20
4349666.162483713
 10
470045.9509704818
 20
4349665.162483713
 10
470044.9509704818
 20
4349665.162483713
 10
470044.9509704818
 20
4349666.146570626
 10
470045.00868726685
 20
4349666.162483713
 10
470045.9509704818
 20
4349666.162483713
  0
TEXT
  5
274
330
17
100
AcDbEntity
  8
0
 62
1
100
AcDbText
 10
470045.2909704818
 20
4349665.584527168
 30
0.0
 40
0.1333
  1
1.88
  7
CN_TTF
 11
470045.2909704818
 21
4349665.584527168
 31
0.0
100
AcDbText
  0
LWPOLYLINE
  5
275
330
17
100
AcDbEntity
  8
爆区方格网
 62
1
100
AcDbPolyline
 90
7
 70
1
 10
470044.9509704818
 20
4349671.162483713
 10
470044.9509704818
 20
4349672.162483713
 10
470045.9509704818
 20
4349672.162483713
 10
470045.9509704818
 20
4349671.668223026
 10
470045.0836517697
 20
4349671.1983904205
 10
470045.0173673968
 20
4349671.162483713
 10
470044.9509704818
 20
4349671.162483713
  0
TEXT
  5
276
330
17
100
AcDbEntity
  8
0
 62
1
100
AcDbText
 10
470045.0741408042
 20
4349671.363306724
 30
0.0
 40
0.1333
  1
1.64
  7
CN_TTF
 11
470045.0741408042
 21
4349671.363306724
 31
0.0
100
AcDbText
  0
LWPOLYLINE
  5
277
330
17
100
AcDbEntity
  8
爆区方格网
 62
1
100
AcDbPolyline
 90
5
 70
1
 10
470044.9509704818
 20
4349672.162483713
 10
470044.9509704818
 20
4349673.162483713
 10
470045.9509704818
 20
4349673.162483713
 10
470045.9509704818
 20
4349672.162483713
 10
470044.9509704818
 20
4349672.162483713
  0
TEXT
  5
278
330
17
100
AcDbEntity
  8
0
 62
1
100
AcDbText
 10
470045.2909704818
 20
4349672.592483712
 30
0.0
 40
0.1333
  1
1.64
  7
CN_TTF
 11
470045.2909704818
 21
4349672.592483712
 31
0.0
100
AcDbText
  0
LWPOLYLINE
  5
279
330
17
100
AcDbEntity
  8
爆区方格网
 62
1
100
AcDbPolyline
 90
5
 70
1
 10
470044.9509704818
 20
4349673.162483713
 10
470044.9509704818
 20
4349674.162483713
 10
470045.9509704818
 20
4349674.162483713
 10
470045.9509704818
 20
4349673.162483713
 10
470044.9509704818
 20
4349673.162483713
  0
TEXT
  5
27A
330
17
100
AcDbEntity
  8
0
 62
1
100
AcDbText
 10
470045.2909704818
 20
4349673.592483712
 30
0.0
 40
0.1333
  1
1.64
  7
CN_TTF
 11
470045.2909704818
 21
4349673.592483712
 31
0.0
100
AcDbText
  0
LWPOLYLINE
  5
27B
330
17
100
AcDbEntity
  8
爆区方格网
 62
1
100
AcDbPolyline
 90
5
 70
1
 10
470045.9509704818
 20
4349674.162483713
 10
470044.9509704818
 20
4349674.162483713
 10
470044.9509704818
 20
4349674.598863888
 10
470045.9509704818
 20
4349674.896063809
 10
470045.9509704818
 20
4349674.162483713
  0
TEXT
  5
27C
330
17
100
AcDbEntity
  8
0
 62
1
100
AcDbText
 10
470045.2909704818
 20
4349674.310673799
 30
0.0
 40
0.1333
  1
1.64
  7
CN_TTF
 11
470045.2909704818
 21
4349674.310673799
 31
0.0
100
AcDbText
  0
LWPOLYLINE
  5
27D
330
17
100
AcDbEntity
  8
爆区方格网
 62
1
100
AcDbPolyline
 90
7
 70
1
 10
470045.9509704818
 20
4349661.162483713
 10
470046.9509704818
 20
4349661.162483713
 10
470046.9509704818
 20
4349660.162483713
 10
470046.8393772624
 20
4349660.162483713
 10
470046.306
 20
4349660.26
 10
470045.9509704818
 20
4349660.43931694
 10
470045.9509704818
 20
4349661.162483713
  0
TEXT
  5
27E
330
17
100
AcDbEntity
  8
0
 62
1
100
AcDbText
 10
470046.2909704818
 20
4349660.730900326
 30
0.0
 40
0.1333
  1
2.32
  7
CN_TTF
 11
470046.2909704818
 21
4349660.730900326
 31
0.0
100
AcDbText
  0
LWPOLYLINE
  5
27F
330
17
100
AcDbEntity
  8
爆区方格网
 62
1
100
AcDbPolyline
 90
5
 70
1
 10
470045.9509704818
 20
4349661.162483713
 10
470045.9509704818
 20
4349662.162483713
 10
470046.9509704818
 20
4349662.162483713
 10
470046.9509704818
 20
4349661.162483713
 10
470045.9509704818
 20
4349661.162483713
  0
TEXT
  5
280
330
17
100
AcDbEntity
  8
0
 62
1
100
AcDbText
 10
470046.2909704818
 20
4349661.592483712
 30
0.0
 40
0.1333
  1
2.32
  7
CN_TTF
 11
470046.2909704818
 21
4349661.592483712
 31
0.0
100
AcDbText
  0
LWPOLYLINE
  5
281
330
17
100
AcDbEntity
  8
爆区方格网
 62
1
100
AcDbPolyline
 90
5
 70
1
 10
470045.9509704818
 20
4349662.162483713
 10
470045.9509704818
 20
4349663.162483713
 10
470046.9509704818
 20
4349663.162483713
 10
470046.9509704818
 20
4349662.162483713
 10
470045.9509704818
 20
4349662.162483713
  0
TEXT
  5
282
330
17
100
AcDbEntity
  8
0
 62
1
100
AcDbText
 10
470046.2909704818
 20
4349662.592483712
 30
0.0
 40
0.1333
  1
2.32
  7
CN_TTF
 11
470046.2909704818
 21
4349662.592483712
 31
0.0
100
AcDbText
  0
LWPOLYLINE
  5
283
330
17
100
AcDbEntity
  8
爆区方格网
 62
1
100
AcDbPolyline
 90
5
 70
1
 10
470045.9509704818
 20
4349663.162483713
 10
470045.9509704818
 20
4349664.162483713
 10
470046.9509704818
 20
4349664.162483713
 10
470046.9509704818
 20
4349663.162483713
 10
470045.9509704818
 20
4349663.162483713
  0
TEXT
  5
284
330
17
100
AcDbEntity
  8
0
 62
1
100
AcDbText
 10
470046.2909704818
 20
4349663.592483712
 30
0.0
 40
0.1333
  1
2.32
  7
CN_TTF
 11
470046.2909704818
 21
4349663.592483712
 31
0.0
100
AcDbText
  0
LWPOLYLINE
  5
285
330
17
100
AcDbEntity
  8
爆区方格网
 62
1
100
AcDbPolyline
 90
5
 70
1
 10
470045.9509704818
 20
4349664.162483713
 10
470045.9509704818
 20
4349665.162483713
 10
470046.9509704818
 20
4349665.162483713
 10
470046.9509704818
 20
4349664.162483713
 10
470045.9509704818
 20
4349664.162483713
  0
TEXT
  5
286
330
17
100
AcDbEntity
  8
0
 62
1
100
AcDbText
 10
470046.2909704818
 20
4349664.592483712
 30
0.0
 40
0.1333
  1
1.88
  7
CN_TTF
 11
470046.2909704818
 21
4349664.592483712
 31
0.0
100
AcDbText
  0
LWPOLYLINE
  5
287
330
17
100
AcDbEntity
  8
爆区方格网
 62
1
100
AcDbPolyline
 90
5
 70
1
 10
470045.9509704818
 20
4349665.162483713
 10
470045.9509704818
 20
4349666.162483713
 10
470046.9509704818
 20
4349666.162483713
 10
470046.9509704818
 20
4349665.162483713
 10
470045.9509704818
 20
4349665.162483713
  0
TEXT
  5
288
330
17
100
AcDbEntity
  8
0
 62
1
100
AcDbText
 10
470046.2909704818
 20
4349665.592483712
 30
0.0
 40
0.1333
  1
1.88
  7
CN_TTF
 11
470046.2909704818
 21
4349665.592483712
 31
0.0
100
AcDbText
  0
LWPOLYLINE
  5
289
330
17
100
AcDbEntity
  8
爆区方格网
 62
1
100
AcDbPolyline
 90
6
 70
1
 10
470045.9509704818
 20
4349672.162483713
 10
470045.9509704818
 20
4349673.162483713
 10
470046.9509704818
 20
4349673.162483713
 10
470046.9509704818
 20
4349672.209930014
 10
470046.86338383076
 20
4349672.162483713
 10
470045.9509704818
 20
4349672.162483713
  0
TEXT
  5
28A
330
17
100
AcDbEntity
  8
0
 62
1
100
AcDbText
 10
470046.2909704818
 20
4349672.616206863
 30
0.0
 40
0.1333
  1
1.64
  7
CN_TTF
 11
470046.2909704818
 21
4349672.616206863
 31
0.0
100
AcDbText
  0
LWPOLYLINE
  5
28B
330
17
100
AcDbEntity
  8
爆区方格网
 62
1
100
AcDbPolyline
 90
5
 70
1
 10
470045.9509704818
 20
4349673.162483713
 10
470045.9509704818
 20
4349674.162483713
 10
470046.9509704818
 20
4349674.162483713
 10
470046.9509704818
 20
4349673.162483713
 10
470045.9509704818
 20
4349673.162483713
  0
TEXT
  5
28C
330
17
100
AcDbEntity
  8
0
 62
1
100
AcDbText
 10
470046.2909704818
 20
4349673.592483712
 30
0.0
 40
0.1333
  1
1.64
  7
CN_TTF
 11
470046.2909704818
 21
4349673.592483712
 31
0.0
100
AcDbText
  0
LWPOLYLINE
  5
28D
330
17
100
AcDbEntity
  8
爆区方格网
 62
1
100
AcDbPolyline
 90
6
 70
1
 10
470046.9509704818
 20
4349675.162483713
 10
470046.9509704818
 20
4349674.162483713
 10
470045.9509704818
 20
4349674.162483713
 10
470045.9509704818
 20
4349674.896063809
 10
470046.84740377194
 20
4349675.162483713
 10
470046.9509704818
 20
4349675.162483713
  0
TEXT
  5
28E
330
17
100
AcDbEntity
  8
0
 62
1
100
AcDbText
 10
470046.2909704818
 20
4349674.459273761
 30
0.0
 40
0.1333
  1
1.64
  7
CN_TTF
 11
470046.2909704818
 21
4349674.459273761
 31
0.0
100
AcDbText
  0
LWPOLYLINE
  5
28F
330
17
100
AcDbEntity
  8
爆区方格网
 62
1
100
AcDbPolyline
 90
5
 70
1
 10
470046.9509704818
 20
4349660.162483713
 10
470046.9509704818
 20
4349661.162483713
 10
470047.9509704818
 20
4349661.162483713
 10
470047.9509704818
 20
4349660.162483713
 10
470046.9509704818
 20
4349660.162483713
  0
TEXT
  5
290
330
17
100
AcDbEntity
  8
0
 62
1
100
AcDbText
 10
470047.2909704818
 20
4349660.592483712
 30
0.0
 40
0.1333
  1
2.32
  7
CN_TTF
 11
470047.2909704818
 21
4349660.592483712
 31
0.0
100
AcDbText
  0
LWPOLYLINE
  5
291
330
17
100
AcDbEntity
  8
爆区方格网
 62
1
100
AcDbPolyline
 90
5
 70
1
 10
470046.9509704818
 20
4349661.162483713
 10
470046.9509704818
 20
4349662.162483713
 10
470047.9509704818
 20
4349662.162483713
 10
470047.9509704818
 20
4349661.162483713
 10
470046.9509704818
 20
4349661.162483713
  0
TEXT
  5
292
330
17
100
AcDbEntity
  8
0
 62
1
100
AcDbText
 10
470047.2909704818
 20
4349661.592483712
 30
0.0
 40
0.1333
  1
2.32
  7
CN_TTF
 11
470047.2909704818
 21
4349661.592483712
 31
0.0
100
AcDbText
  0
LWPOLYLINE
  5
293
330
17
100
AcDbEntity
  8
爆区方格网
 62
1
100
AcDbPolyline
 90
5
 70
1
 10
470046.9509704818
 20
4349662.162483713
 10
470046.9509704818
 20
4349663.162483713
 10
470047.9509704818
 20
4349663.162483713
 10
470047.9509704818
 20
4349662.162483713
 10
470046.9509704818
 20
4349662.162483713
  0
TEXT
  5
294
330
17
100
AcDbEntity
  8
0
 62
1
100
AcDbText
 10
470047.2909704818
 20
4349662.592483712
 30
0.0
 40
0.1333
  1
2.32
  7
CN_TTF
 11
470047.2909704818
 21
4349662.592483712
 31
0.0
100
AcDbText
  0
LWPOLYLINE
  5
295
330
17
100
AcDbEntity
  8
爆区方格网
 62
1
100
AcDbPolyline
 90
5
 70
1
 10
470046.9509704818
 20
4349663.162483713
 10
470046.9509704818
 20
4349664.162483713
 10
470047.9509704818
 20
4349664.162483713
 10
470047.9509704818
 20
4349663.162483713
 10
470046.9509704818
 20
4349663.162483713
  0
TEXT
  5
296
330
17
100
AcDbEntity
  8
0
 62
1
100
AcDbText
 10
470047.2909704818
 20
4349663.592483712
 30
0.0
 40
0.1333
  1
2.32
  7
CN_TTF
 11
470047.2909704818
 21
4349663.592483712
 31
0.0
100
AcDbText
  0
LWPOLYLINE
  5
297
330
17
100
AcDbEntity
  8
爆区方格网
 62
1
100
AcDbPolyline
 90
5
 70
1
 10
470046.9509704818
 20
4349664.162483713
 10
470046.9509704818
 20
4349665.162483713
 10
470047.9509704818
 20
4349665.162483713
 10
470047.9509704818
 20
4349664.162483713
 10
470046.9509704818
 20
4349664.162483713
  0
TEXT
  5
298
330
17
100
AcDbEntity
  8
0
 62
1
100
AcDbText
 10
470047.2909704818
 20
4349664.592483712
 30
0.0
 40
0.1333
  1
2.32
  7
CN_TTF
 11
470047.2909704818
 21
4349664.592483712
 31
0.0
100
AcDbText
  0
LWPOLYLINE
  5
299
330
17
100
AcDbEntity
  8
爆区方格网
 62
1
100
AcDbPolyline
 90
5
 70
1
 10
470046.9509704818
 20
4349665.162483713
 10
470046.9509704818
 20
4349666.162483713
 10
470047.9509704818
 20
4349666.162483713
 10
470047.9509704818
 20
4349665.162483713
 10
470046.9509704818
 20
4349665.162483713
  0
TEXT
  5
29A
330
17
100
AcDbEntity
  8
0
 62
1
100
AcDbText
 10
470047.2909704818
 20
4349665.592483712
 30
0.0
 40
0.1333
  1
1.88
  7
CN_TTF
 11
470047.2909704818
 21
4349665.592483712
 31
0.0
100
AcDbText
  0
LWPOLYLINE
  5
29B
330
17
100
AcDbEntity
  8
爆区方格网
 62
1
100
AcDbPolyline
 90
6
 70
1
 10
470047.9509704818
 20
4349666.162483713
 10
470046.9509704818
 20
4349666.162483713
 10
470046.9509704818
 20
4349666.69799035
 10
470047.4222229578
 20
4349666.827919305
 10
470047.9509704818
 20
4349666.973700212
 10
470047.9509704818
 20
4349666.162483713
  0
TEXT
  5
29C
330
17
100
AcDbEntity
  8
0
 62
1
100
AcDbText
 10
470047.2909704818
 20
4349666.360237031
 30
0.0
 40
0.1333
  1
1.88
  7
CN_TTF
 11
470047.2909704818
 21
4349666.360237031
 31
0.0
100
AcDbText
  0
LWPOLYLINE
  5
29D
330
17
100
AcDbEntity
  8
爆区方格网
 62
1
100
AcDbPolyline
 90
6
 70
1
 10
470046.9509704818
 20
4349673.162483713
 10
470047.9509704818
 20
4349673.162483713
 10
470047.9509704818
 20
4349672.649687234
 10
470047.7735
 20
4349672.6555
 10
470046.9509704818
 20
4349672.209930014
 10
470046.9509704818
 20
4349673.162483713
  0
TEXT
  5
29E
330
17
100
AcDbEntity
  8
0
 62
1
100
AcDbText
 10
470047.2909704818
 20
4349672.838991856
 30
0.0
 40
0.1333
  1
1.64
  7
CN_TTF
 11
470047.2909704818
 21
4349672.838991856
 31
0.0
100
AcDbText
  0
LWPOLYLINE
  5
29F
330
17
100
AcDbEntity
  8
爆区方格网
 62
1
100
AcDbPolyline
 90
5
 70
1
 10
470046.9509704818
 20
4349673.162483713
 10
470046.9509704818
 20
4349674.162483713
 10
470047.9509704818
 20
4349674.162483713
 10
470047.9509704818
 20
4349673.162483713
 10
470046.9509704818
 20
4349673.162483713
  0
TEXT
  5
2A0
330
17
100
AcDbEntity
  8
0
 62
1
100
AcDbText
 10
470047.2909704818
 20
4349673.592483712
 30
0.0
 40
0.1333
  1
1.64
  7
CN_TTF
 11
470047.2909704818
 21
4349673.592483712
 31
0.0
100
AcDbText
  0
LWPOLYLINE
  5
2A1
330
17
100
AcDbEntity
  8
爆区方格网
 62
1
100
AcDbPolyline
 90
5
 70
1
 10
470046.9509704818
 20
4349674.162483713
 10
470046.9509704818
 20
4349675.162483713
 10
470047.9509704818
 20
4349675.162483713
 10
470047.9509704818
 20
4349674.162483713
 10
470046.9509704818
 20
4349674.162483713
  0
TEXT
  5
2A2
330
17
100
AcDbEntity
  8
0
 62
1
100
AcDbText
 10
470047.2909704818
 20
4349674.592483712
 30
0.0
 40
0.1333
  1
1.64
  7
CN_TTF
 11
470047.2909704818
 21
4349674.592483712
 31
0.0
100
AcDbText
  0
LWPOLYLINE
  5
2A3
330
17
100
AcDbEntity
  8
爆区方格网
 62
1
100
AcDbPolyline
 90
5
 70
1
 10
470048.9509704818
 20
4349658.162483713
 10
470048.9509704818
 20
4349657.334416276
 10
470048.2992409315
 20
4349657.400436082
 10
470048.20149222214
 20
4349658.162483713
 10
470048.9509704818
 20
4349658.162483713
  0
TEXT
  5
2A4
330
17
100
AcDbEntity
  8
0
 62
1
100
AcDbText
 10
470048.4406685293
 20
4349657.711459897
 30
0.0
 40
0.1333
  1
2.32
  7
CN_TTF
 11
470048.4406685293
 21
4349657.711459897
 31
0.0
100
AcDbText
  0
LWPOLYLINE
  5
2A5
330
17
100
AcDbEntity
  8
爆区方格网
 62
1
100
AcDbPolyline
 90
6
 70
1
 10
470048.9509704818
 20
4349659.162483713
 10
470048.9509704818
 20
4349658.162483713
 10
470048.20149222214
 20
4349658.162483713
 10
470048.12038597814
 20
4349658.794786906
 10
470048.07322109386
 20
4349659.162483713
 10
470048.9509704818
 20
4349659.162483713
  0
TEXT
  5
2A6
330
17
100
AcDbEntity
  8
0
 62
1
100
AcDbText
 10
470048.395954791
 20
4349658.408635309
 30
0.0
 40
0.1333
  1
2.32
  7
CN_TTF
 11
470048.395954791
 21
4349658.408635309
 31
0.0
100
AcDbText
  0
LWPOLYLINE
  5
2A7
330
17
100
AcDbEntity
  8
爆区方格网
 62
1
100
AcDbPolyline
 90
7
 70
1
 10
470047.9509704818
 20
4349660.162483713
 10
470048.9509704818
 20
4349660.162483713
 10
470048.9509704818
 20
4349659.162483713
 10
470048.07322109386
 20
4349659.162483713
 10
470047.9715
 20
4349659.9555
 10
470047.9509704818
 20
4349659.959253371
 10
470047.9509704818
 20
4349660.162483713
  0
TEXT
  5
2A8
330
17
100
AcDbEntity
  8
0
 62
1
100
AcDbText
 10
470048.3266655143
 20
4349659.488991857
 30
0.0
 40
0.1333
  1
2.32
  7
CN_TTF
 11
470048.3266655143
 21
4349659.488991857
 31
0.0
100
AcDbText
  0
LWPOLYLINE
  5
2A9
330
17
100
AcDbEntity
  8
爆区方格网
 62
1
100
AcDbPolyline
 90
5
 70
1
 10
470047.9509704818
 20
4349660.162483713
 10
470047.9509704818
 20
4349661.162483713
 10
470048.9509704818
 20
4349661.162483713
 10
470048.9509704818
 20
4349660.162483713
 10
470047.9509704818
 20
4349660.162483713
  0
TEXT
  5
2AA
330
17
100
AcDbEntity
  8
0
 62
1
100
AcDbText
 10
470048.2909704818
 20
4349660.592483712
 30
0.0
 40
0.1333
  1
2.32
  7
CN_TTF
 11
470048.2909704818
 21
4349660.592483712
 31
0.0
100
AcDbText
  0
LWPOLYLINE
  5
2AB
330
17
100
AcDbEntity
  8
爆区方格网
 62
1
100
AcDbPolyline
 90
5
 70
1
 10
470047.9509704818
 20
4349661.162483713
 10
470047.9509704818
 20
4349662.162483713
 10
470048.9509704818
 20
4349662.162483713
 10
470048.9509704818
 20
4349661.162483713
 10
470047.9509704818
 20
4349661.162483713
  0
TEXT
  5
2AC
330
17
100
AcDbEntity
  8
0
 62
1
100
AcDbText
 10
470048.2909704818
 20
4349661.592483712
 30
0.0
 40
0.1333
  1
2.32
  7
CN_TTF
 11
470048.2909704818
 21
4349661.592483712
 31
0.0
100
AcDbText
  0
LWPOLYLINE
  5
2AD
330
17
100
AcDbEntity
  8
爆区方格网
 62
1
100
AcDbPolyline
 90
5
 70
1
 10
470047.9509704818
 20
4349662.162483713
 10
470047.9509704818
 20
4349663.162483713
 10
470048.9509704818
 20
4349663.162483713
 10
470048.9509704818
 20
4349662.162483713
 10
470047.9509704818
 20
4349662.162483713
  0
TEXT
  5
2AE
330
17
100
AcDbEntity
  8
0
 62
1
100
AcDbText
 10
470048.2909704818
 20
4349662.592483712
 30
0.0
 40
0.1333
  1
2.32
  7
CN_TTF
 11
470048.2909704818
 21
4349662.592483712
 31
0.0
100
AcDbText
  0
LWPOLYLINE
  5
2AF
330
17
100
AcDbEntity
  8
爆区方格网
 62
1
100
AcDbPolyline
 90
5
 70
1
 10
470047.9509704818
 20
4349663.162483713
 10
470047.9509704818
 20
4349664.162483713
 10
470048.9509704818
 20
4349664.162483713
 10
470048.9509704818
 20
4349663.162483713
 10
470047.9509704818
 20
4349663.162483713
  0
TEXT
  5
2B0
330
17
100
AcDbEntity
  8
0
 62
1
100
AcDbText
 10
470048.2909704818
 20
4349663.592483712
 30
0.0
 40
0.1333
  1
2.32
  7
CN_TTF
 11
470048.2909704818
 21
4349663.592483712
 31
0.0
100
AcDbText
  0
LWPOLYLINE
  5
2B1
330
17
100
AcDbEntity
  8
爆区方格网
 62
1
100
AcDbPolyline
 90
5
 70
1
 10
470047.9509704818
 20
4349664.162483713
 10
470047.9509704818
 20
4349665.162483713
 10
470048.9509704818
 20
4349665.162483713
 10
470048.9509704818
 20
4349664.162483713
 10
470047.9509704818
 20
4349664.162483713
  0
TEXT
  5
2B2
330
17
100
AcDbEntity
  8
0
 62
1
100
AcDbText
 10
470048.2909704818
 20
4349664.592483712
 30
0.0
 40
0.1333
  1
2.32
  7
CN_TTF
 11
470048.2909704818
 21
4349664.592483712
 31
0.0
100
AcDbText
  0
LWPOLYLINE
  5
2B3
330
17
100
AcDbEntity
  8
爆区方格网
 62
1
100
AcDbPolyline
 90
5
 70
1
 10
470047.9509704818
 20
4349665.162483713
 10
470047.9509704818
 20
4349666.162483713
 10
470048.9509704818
 20
4349666.162483713
 10
470048.9509704818
 20
4349665.162483713
 10
470047.9509704818
 20
4349665.162483713
  0
TEXT
  5
2B4
330
17
100
AcDbEntity
  8
0
 62
1
100
AcDbText
 10
470048.2909704818
 20
4349665.592483712
 30
0.0
 40
0.1333
  1
1.88
  7
CN_TTF
 11
470048.2909704818
 21
4349665.592483712
 31
0.0
100
AcDbText
  0
LWPOLYLINE
  5
2B5
330
17
100
AcDbEntity
  8
爆区方格网
 62
1
100
AcDbPolyline
 90
6
 70
1
 10
470048.9509704818
 20
4349667.162483713
 10
470048.9509704818
 20
4349666.162483713
 10
470047.9509704818
 20
4349666.162483713
 10
470047.9509704818
 20
4349666.973700212
 10
470048.6356884646
 20
4349667.162483713
 10
470048.9509704818
 20
4349667.162483713
  0
TEXT
  5
2B6
330
17
100
AcDbEntity
  8
0
 62
1
100
AcDbText
 10
470048.2909704818
 20
4349666.498091962
 30
0.0
 40
0.1333
  1
1.88
  7
CN_TTF
 11
470048.2909704818
 21
4349666.498091962
 31
0.0
100
AcDbText
  0
LWPOLYLINE
  5
2B7
330
17
100
AcDbEntity
  8
爆区方格网
 62
1
100
AcDbPolyline
 90
5
 70
1
 10
470047.9509704818
 20
4349673.162483713
 10
470048.9509704818
 20
4349673.162483713
 10
470048.9509704818
 20
4349672.616933808
 10
470047.9509704818
 20
4349672.649687234
 10
470047.9509704818
 20
4349673.162483713
  0
TEXT
  5
2B8
330
17
100
AcDbEntity
  8
0
 62
1
100
AcDbText
 10
470048.2909704818
 20
4349672.836085473
 30
0.0
 40
0.1333
  1
1.64
  7
CN_TTF
 11
470048.2909704818
 21
4349672.836085473
 31
0.0
100
AcDbText
  0
LWPOLYLINE
  5
2B9
330
17
100
AcDbEntity
  8
爆区方格网
 62
1
100
AcDbPolyline
 90
5
 70
1
 10
470047.9509704818
 20
4349673.162483713
 10
470047.9509704818
 20
4349674.162483713
 10
470048.9509704818
 20
4349674.162483713
 10
470048.9509704818
 20
4349673.162483713
 10
470047.9509704818
 20
4349673.162483713
  0
TEXT
  5
2BA
330
17
100
AcDbEntity
  8
0
 62
1
100
AcDbText
 10
470048.2909704818
 20
4349673.592483712
 30
0.0
 40
0.1333
  1
1.64
  7
CN_TTF
 11
470048.2909704818
 21
4349673.592483712
 31
0.0
100
AcDbText
  0
LWPOLYLINE
  5
2BB
330
17
100
AcDbEntity
  8
爆区方格网
 62
1
100
AcDbPolyline
 90
5
 70
1
 10
470047.9509704818
 20
4349674.162483713
 10
470047.9509704818
 20
4349675.162483713
 10
470048.9509704818
 20
4349675.162483713
 10
470048.9509704818
 20
4349674.162483713
 10
470047.9509704818
 20
4349674.162483713
  0
TEXT
  5
2BC
330
17
100
AcDbEntity
  8
0
 62
1
100
AcDbText
 10
470048.2909704818
 20
4349674.592483712
 30
0.0
 40
0.1333
  1
1.64
  7
CN_TTF
 11
470048.2909704818
 21
4349674.592483712
 31
0.0
100
AcDbText
  0
LWPOLYLINE
  5
2BD
330
17
100
AcDbEntity
  8
爆区方格网
 62
1
100
AcDbPolyline
 90
7
 70
1
 10
470048.9509704818
 20
4349658.162483713
 10
470049.9509704818
 20
4349658.162483713
 10
470049.9509704818
 20
4349657.234921686
 10
470049.9423627957
 20
4349657.233988839
 10
470049.18135626137
 20
4349657.311078337
 10
470048.9509704818
 20
4349657.334416276
 10
470048.9509704818
 20
4349658.162483713
  0
TEXT
  5
2BE
330
17
100
AcDbEntity
  8
0
 62
1
100
AcDbText
 10
470049.2909704818
 20
4349657.678449994
 30
0.0
 40
0.1333
  1
2.18
  7
CN_TTF
 11
470049.2909704818
 21
4349657.678449994
 31
0.0
100
AcDbText
  0
LWPOLYLINE
  5
2BF
330
17
100
AcDbEntity
  8
爆区方格网
 62
1
100
AcDbPolyline
 90
5
 70
1
 10
470048.9509704818
 20
4349658.162483713
 10
470048.9509704818
 20
4349659.162483713
 10
470049.9509704818
 20
4349659.162483713
 10
470049.9509704818
 20
4349658.162483713
 10
470048.9509704818
 20
4349658.162483713
  0
TEXT
  5
2C0
330
17
100
AcDbEntity
  8
0
 62
1
100
AcDbText
 10
470049.2909704818
 20
4349658.592483712
 30
0.0
 40
0.1333
  1
2.18
  7
CN_TTF
 11
470049.2909704818
 21
4349658.592483712
 31
0.0
100
AcDbText
  0
LWPOLYLINE
  5
2C1
330
17
100
AcDbEntity
  8
爆区方格网
 62
1
100
AcDbPolyline
 90
5
 70
1
 10
470048.9509704818
 20
4349659.162483713
 10
470048.9509704818
 20
4349660.162483713
 10
470049.9509704818
 20
4349660.162483713
 10
470049.9509704818
 20
4349659.162483713
 10
470048.9509704818
 20
4349659.162483713
  0
TEXT
  5
2C2
330
17
100
AcDbEntity
  8
0
 62
1
100
AcDbText
 10
470049.2909704818
 20
4349659.592483712
 30
0.0
 40
0.1333
  1
2.32
  7
CN_TTF
 11
470049.2909704818
 21
4349659.592483712
 31
0.0
100
AcDbText
  0
LWPOLYLINE
  5
2C3
330
17
100
AcDbEntity
  8
爆区方格网
 62
1
100
AcDbPolyline
 90
5
 70
1
 10
470048.9509704818
 20
4349660.162483713
 10
470048.9509704818
 20
4349661.162483713
 10
470049.9509704818
 20
4349661.162483713
 10
470049.9509704818
 20
4349660.162483713
 10
470048.9509704818
 20
4349660.162483713
  0
TEXT
  5
2C4
330
17
100
AcDbEntity
  8
0
 62
1
100
AcDbText
 10
470049.2909704818
 20
4349660.592483712
 30
0.0
 40
0.1333
  1
2.32
  7
CN_TTF
 11
470049.2909704818
 21
4349660.592483712
 31
0.0
100
AcDbText
  0
LWPOLYLINE
  5
2C5
330
17
100
AcDbEntity
  8
爆区方格网
 62
1
100
AcDbPolyline
 90
5
 70
1
 10
470048.9509704818
 20
4349661.162483713
 10
470048.9509704818
 20
4349662.162483713
 10
470049.9509704818
 20
4349662.162483713
 10
470049.9509704818
 20
4349661.162483713
 10
470048.9509704818
 20
4349661.162483713
  0
TEXT
  5
2C6
330
17
100
AcDbEntity
  8
0
 62
1
100
AcDbText
 10
470049.2909704818
 20
4349661.592483712
 30
0.0
 40
0.1333
  1
2.32
  7
CN_TTF
 11
470049.2909704818
 21
4349661.592483712
 31
0.0
100
AcDbText
  0
LWPOLYLINE
  5
2C7
330
17
100
AcDbEntity
  8
爆区方格网
 62
1
100
AcDbPolyline
 90
5
 70
1
 10
470048.9509704818
 20
4349662.162483713
 10
470048.9509704818
 20
4349663.162483713
 10
470049.9509704818
 20
4349663.162483713
 10
470049.9509704818
 20
4349662.162483713
 10
470048.9509704818
 20
4349662.162483713
  0
TEXT
  5
2C8
330
17
100
AcDbEntity
  8
0
 62
1
100
AcDbText
 10
470049.2909704818
 20
4349662.592483712
 30
0.0
 40
0.1333
  1
2.32
  7
CN_TTF
 11
470049.2909704818
 21
4349662.592483712
 31
0.0
100
AcDbText
  0
LWPOLYLINE
  5
2C9
330
17
100
AcDbEntity
  8
爆区方格网
 62
1
100
AcDbPolyline
 90
5
 70
1
 10
470048.9509704818
 20
4349663.162483713
 10
470048.9509704818
 20
4349664.162483713
 10
470049.9509704818
 20
4349664.162483713
 10
470049.9509704818
 20
4349663.162483713
 10
470048.9509704818
 20
4349663.162483713
  0
TEXT
  5
2CA
330
17
100
AcDbEntity
  8
0
 62
1
100
AcDbText
 10
470049.2909704818
 20
4349663.592483712
 30
0.0
 40
0.1333
  1
2.32
  7
CN_TTF
 11
470049.2909704818
 21
4349663.592483712
 31
0.0
100
AcDbText
  0
LWPOLYLINE
  5
2CB
330
17
100
AcDbEntity
  8
爆区方格网
 62
1
100
AcDbPolyline
 90
5
 70
1
 10
470048.9509704818
 20
4349664.162483713
 10
470048.9509704818
 20
4349665.162483713
 10
470049.9509704818
 20
4349665.162483713
 10
470049.9509704818
 20
4349664.162483713
 10
470048.9509704818
 20
4349664.162483713
  0
TEXT
  5
2CC
330
17
100
AcDbEntity
  8
0
 62
1
100
AcDbText
 10
470049.2909704818
 20
4349664.592483712
 30
0.0
 40
0.1333
  1
2.32
  7
CN_TTF
 11
470049.2909704818
 21
4349664.592483712
 31
0.0
100
AcDbText
  0
LWPOLYLINE
  5
2CD
330
17
100
AcDbEntity
  8
爆区方格网
 62
1
100
AcDbPolyline
 90
5
 70
1
 10
470048.9509704818
 20
4349665.162483713
 10
470048.9509704818
 20
4349666.162483713
 10
470049.9509704818
 20
4349666.162483713
 10
470049.9509704818
 20
4349665.162483713
 10
470048.9509704818
 20
4349665.162483713
  0
TEXT
  5
2CE
330
17
100
AcDbEntity
  8
0
 62
1
100
AcDbText
 10
470049.2909704818
 20
4349665.592483712
 30
0.0
 40
0.1333
  1
2.89
  7
CN_TTF
 11
470049.2909704818
 21
4349665.592483712
 31
0.0
100
AcDbText
  0
LWPOLYLINE
  5
2CF
330
17
100
AcDbEntity
  8
爆区方格网
 62
1
100
AcDbPolyline
 90
5
 70
1
 10
470048.9509704818
 20
4349666.162483713
 10
470048.9509704818
 20
4349667.162483713
 10
470049.9509704818
 20
4349667.162483713
 10
470049.9509704818
 20
4349666.162483713
 10
470048.9509704818
 20
4349666.162483713
  0
TEXT
  5
2D0
330
17
100
AcDbEntity
  8
0
 62
1
100
AcDbText
 10
470049.2909704818
 20
4349666.592483712
 30
0.0
 40
0.1333
  1
1.88
  7
CN_TTF
 11
470049.2909704818
 21
4349666.592483712
 31
0.0
100
AcDbText
  0
LWPOLYLINE
  5
2D1
330
17
100
AcDbEntity
  8
爆区方格网
 62
1
100
AcDbPolyline
 90
5
 70
1
 10
470048.9509704818
 20
4349673.162483713
 10
470049.9509704818
 20
4349673.162483713
 10
470049.9509704818
 20
4349672.584180381
 10
470048.9509704818
 20
4349672.616933808
 10
470048.9509704818
 20
4349673.162483713
  0
TEXT
  5
2D2
330
17
100
AcDbEntity
  8
0
 62
1
100
AcDbText
 10
470049.2909704818
 20
4349672.81970876
 30
0.0
 40
0.1333
  1
1.64
  7
CN_TTF
 11
470049.2909704818
 21
4349672.81970876
 31
0.0
100
AcDbText
  0
LWPOLYLINE
  5
2D3
330
17
100
AcDbEntity
  8
爆区方格网
 62
1
100
AcDbPolyline
 90
5
 70
1
 10
470048.9509704818
 20
4349673.162483713
 10
470048.9509704818
 20
4349674.162483713
 10
470049.9509704818
 20
4349674.162483713
 10
470049.9509704818
 20
4349673.162483713
 10
470048.9509704818
 20
4349673.162483713
  0
TEXT
  5
2D4
330
17
100
AcDbEntity
  8
0
 62
1
100
AcDbText
 10
470049.2909704818
 20
4349673.592483712
 30
0.0
 40
0.1333
  1
1.64
  7
CN_TTF
 11
470049.2909704818
 21
4349673.592483712
 31
0.0
100
AcDbText
  0
LWPOLYLINE
  5
2D5
330
17
100
AcDbEntity
  8
爆区方格网
 62
1
100
AcDbPolyline
 90
5
 70
1
 10
470048.9509704818
 20
4349674.162483713
 10
470048.9509704818
 20
4349675.162483713
 10
470049.9509704818
 20
4349675.162483713
 10
470049.9509704818
 20
4349674.162483713
 10
470048.9509704818
 20
4349674.162483713
  0
TEXT
  5
2D6
330
17
100
AcDbEntity
  8
0
 62
1
100
AcDbText
 10
470049.2909704818
 20
4349674.592483712
 30
0.0
 40
0.1333
  1
1.64
  7
CN_TTF
 11
470049.2909704818
 21
4349674.592483712
 31
0.0
100
AcDbText
  0
LWPOLYLINE
  5
2D7
330
17
100
AcDbEntity
  8
爆区方格网
 62
1
100
AcDbPolyline
 90
5
 70
1
 10
470049.9509704818
 20
4349675.162483713
 10
470048.9509704818
 20
4349675.162483713
 10
470048.9509704818
 20
4349675.787663573
 10
470049.9509704818
 20
4349676.084863495
 10
470049.9509704818
 20
4349675.162483713
  0
TEXT
  5
2D8
330
17
100
AcDbEntity
  8
0
 62
1
100
AcDbText
 10
470049.2909704818
 20
4349675.405073643
 30
0.0
 40
0.1333
  1
1.64
  7
CN_TTF
 11
470049.2909704818
 21
4349675.405073643
 31
0.0
100
AcDbText
  0
LWPOLYLINE
  5
2D9
330
17
100
AcDbEntity
  8
爆区方格网
 62
1
100
AcDbPolyline
 90
5
 70
1
 10
470049.9509704818
 20
4349658.162483713
 10
470050.9509704818
 20
4349658.162483713
 10
470050.9509704818
 20
4349657.343295389
 10
470049.9509704818
 20
4349657.234921686
 10
470049.9509704818
 20
4349658.162483713
  0
TEXT
  5
2DA
330
17
100
AcDbEntity
  8
0
 62
1
100
AcDbText
 10
470050.2909704818
 20
4349657.682889551
 30
0.0
 40
0.1333
  1
2.18
  7
CN_TTF
 11
470050.2909704818
 21
4349657.682889551
 31
0.0
100
AcDbText
  0
LWPOLYLINE
  5
2DB
330
17
100
AcDbEntity
  8
爆区方格网
 62
1
100
AcDbPolyline
 90
5
 70
1
 10
470049.9509704818
 20
4349658.162483713
 10
470049.9509704818
 20
4349659.162483713
 10
470050.9509704818
 20
4349659.162483713
 10
470050.9509704818
 20
4349658.162483713
 10
470049.9509704818
 20
4349658.162483713
  0
TEXT
  5
2DC
330
17
100
AcDbEntity
  8
0
 62
1
100
AcDbText
 10
470050.2909704818
 20
4349658.592483712
 30
0.0
 40
0.1333
  1
2.18
  7
CN_TTF
 11
470050.2909704818
 21
4349658.592483712
 31
0.0
100
AcDbText
  0
LWPOLYLINE
  5
2DD
330
17
100
AcDbEntity
  8
爆区方格网
 62
1
100
AcDbPolyline
 90
5
 70
1
 10
470049.9509704818
 20
4349659.162483713
 10
470049.9509704818
 20
4349660.162483713
 10
470050.9509704818
 20
4349660.162483713
 10
470050.9509704818
 20
4349659.162483713
 10
470049.9509704818
 20
4349659.162483713
  0
TEXT
  5
2DE
330
17
100
AcDbEntity
  8
0
 62
1
100
AcDbText
 10
470050.2909704818
 20
4349659.592483712
 30
0.0
 40
0.1333
  1
2.18
  7
CN_TTF
 11
470050.2909704818
 21
4349659.592483712
 31
0.0
100
AcDbText
  0
LWPOLYLINE
  5
2DF
330
17
100
AcDbEntity
  8
爆区方格网
 62
1
100
AcDbPolyline
 90
5
 70
1
 10
470049.9509704818
 20
4349660.162483713
 10
470049.9509704818
 20
4349661.162483713
 10
470050.9509704818
 20
4349661.162483713
 10
470050.9509704818
 20
4349660.162483713
 10
470049.9509704818
 20
4349660.162483713
  0
TEXT
  5
2E0
330
17
100
AcDbEntity
  8
0
 62
1
100
AcDbText
 10
470050.2909704818
 20
4349660.592483712
 30
0.0
 40
0.1333
  1
2.18
  7
CN_TTF
 11
470050.2909704818
 21
4349660.592483712
 31
0.0
100
AcDbText
  0
LWPOLYLINE
  5
2E1
330
17
100
AcDbEntity
  8
爆区方格网
 62
1
100
AcDbPolyline
 90
5
 70
1
 10
470049.9509704818
 20
4349661.162483713
 10
470049.9509704818
 20
4349662.162483713
 10
470050.9509704818
 20
4349662.162483713
 10
470050.9509704818
 20
4349661.162483713
 10
470049.9509704818
 20
4349661.162483713
  0
TEXT
  5
2E2
330
17
100
AcDbEntity
  8
0
 62
1
100
AcDbText
 10
470050.2909704818
 20
4349661.592483712
 30
0.0
 40
0.1333
  1
2.18
  7
CN_TTF
 11
470050.2909704818
 21
4349661.592483712
 31
0.0
100
AcDbText
  0
LWPOLYLINE
  5
2E3
330
17
100
AcDbEntity
  8
爆区方格网
 62
1
100
AcDbPolyline
 90
5
 70
1
 10
470049.9509704818
 20
4349662.162483713
 10
470049.9509704818
 20
4349663.162483713
 10
470050.9509704818
 20
4349663.162483713
 10
470050.9509704818
 20
4349662.162483713
 10
470049.9509704818
 20
4349662.162483713
  0
TEXT
  5
2E4
330
17
100
AcDbEntity
  8
0
 62
1
100
AcDbText
 10
470050.2909704818
 20
4349662.592483712
 30
0.0
 40
0.1333
  1
2.18
  7
CN_TTF
 11
470050.2909704818
 21
4349662.592483712
 31
0.0
100
AcDbText
  0
LWPOLYLINE
  5
2E5
330
17
100
AcDbEntity
  8
爆区方格网
 62
1
100
AcDbPolyline
 90
5
 70
1
 10
470049.9509704818
 20
4349663.162483713
 10
470049.9509704818
 20
4349664.162483713
 10
470050.9509704818
 20
4349664.162483713
 10
470050.9509704818
 20
4349663.162483713
 10
470049.9509704818
 20
4349663.162483713
  0
TEXT
  5
2E6
330
17
100
AcDbEntity
  8
0
 62
1
100
AcDbText
 10
470050.2909704818
 20
4349663.592483712
 30
0.0
 40
0.1333
  1
2.89
  7
CN_TTF
 11
470050.2909704818
 21
4349663.592483712
 31
0.0
100
AcDbText
  0
LWPOLYLINE
  5
2E7
330
17
100
AcDbEntity
  8
爆区方格网
 62
1
100
AcDbPolyline
 90
5
 70
1
 10
470049.9509704818
 20
4349664.162483713
 10
470049.9509704818
 20
4349665.162483713
 10
470050.9509704818
 20
4349665.162483713
 10
470050.9509704818
 20
4349664.162483713
 10
470049.9509704818
 20
4349664.162483713
  0
TEXT
  5
2E8
330
17
100
AcDbEntity
  8
0
 62
1
100
AcDbText
 10
470050.2909704818
 20
4349664.592483712
 30
0.0
 40
0.1333
  1
2.89
  7
CN_TTF
 11
470050.2909704818
 21
4349664.592483712
 31
0.0
100
AcDbText
  0
LWPOLYLINE
  5
2E9
330
17
100
AcDbEntity
  8
爆区方格网
 62
1
100
AcDbPolyline
 90
5
 70
1
 10
470049.9509704818
 20
4349665.162483713
 10
470049.9509704818
 20
4349666.162483713
 10
470050.9509704818
 20
4349666.162483713
 10
470050.9509704818
 20
4349665.162483713
 10
470049.9509704818
 20
4349665.162483713
  0
TEXT
  5
2EA
330
17
100
AcDbEntity
  8
0
 62
1
100
AcDbText
 10
470050.2909704818
 20
4349665.592483712
 30
0.0
 40
0.1333
  1
2.89
  7
CN_TTF
 11
470050.2909704818
 21
4349665.592483712
 31
0.0
100
AcDbText
  0
LWPOLYLINE
  5
2EB
330
17
100
AcDbEntity
  8
爆区方格网
 62
1
100
AcDbPolyline
 90
5
 70
1
 10
470049.9509704818
 20
4349666.162483713
 10
470049.9509704818
 20
4349667.162483713
 10
470050.9509704818
 20
4349667.162483713
 10
470050.9509704818
 20
4349666.162483713
 10
470049.9509704818
 20
4349666.162483713
  0
TEXT
  5
2EC
330
17
100
AcDbEntity
  8
0
 62
1
100
AcDbText
 10
470050.2909704818
 20
4349666.592483712
 30
0.0
 40
0.1333
  1
2.89
  7
CN_TTF
 11
470050.2909704818
 21
4349666.592483712
 31
0.0
100
AcDbText
  0
LWPOLYLINE
  5
2ED
330
17
100
AcDbEntity
  8
爆区方格网
 62
1
100
AcDbPolyline
 90
6
 70
1
 10
470050.9509704818
 20
4349667.162483713
 10
470049.9509704818
 20
4349667.162483713
 10
470049.9509704818
 20
4349667.525119936
 10
470050.93091901
 20
4349667.795301409
 10
470050.9509704818
 20
4349667.800829798
 10
470050.9509704818
 20
4349667.162483713
  0
TEXT
  5
2EE
330
17
100
AcDbEntity
  8
0
 62
1
100
AcDbText
 10
470050.2909704818
 20
4349667.273801824
 30
0.0
 40
0.1333
  1
1.88
  7
CN_TTF
 11
470050.2909704818
 21
4349667.273801824
 31
0.0
100
AcDbText
  0
LWPOLYLINE
  5
2EF
330
17
100
AcDbEntity
  8
爆区方格网
 62
1
100
AcDbPolyline
 90
5
 70
1
 10
470049.9509704818
 20
4349673.162483713
 10
470050.9509704818
 20
4349673.162483713
 10
470050.9509704818
 20
4349672.5514269555
 10
470049.9509704818
 20
4349672.584180381
 10
470049.9509704818
 20
4349673.162483713
  0
TEXT
  5
2F0
330
17
100
AcDbEntity
  8
0
 62
1
100
AcDbText
 10
470050.2909704818
 20
4349672.803332047
 30
0.0
 40
0.1333
  1
1.64
  7
CN_TTF
 11
470050.2909704818
 21
4349672.803332047
 31
0.0
100
AcDbText
  0
LWPOLYLINE
  5
2F1
330
17
100
AcDbEntity
  8
爆区方格网
 62
1
100
AcDbPolyline
 90
5
 70
1
 10
470049.9509704818
 20
4349673.162483713
 10
470049.9509704818
 20
4349674.162483713
 10
470050.9509704818
 20
4349674.162483713
 10
470050.9509704818
 20
4349673.162483713
 10
470049.9509704818
 20
4349673.162483713
  0
TEXT
  5
2F2
330
17
100
AcDbEntity
  8
0
 62
1
100
AcDbText
 10
470050.2909704818
 20
4349673.592483712
 30
0.0
 40
0.1333
  1
1.64
  7
CN_TTF
 11
470050.2909704818
 21
4349673.592483712
 31
0.0
100
AcDbText
  0
LWPOLYLINE
  5
2F3
330
17
100
AcDbEntity
  8
爆区方格网
 62
1
100
AcDbPolyline
 90
5
 70
1
 10
470049.9509704818
 20
4349674.162483713
 10
470049.9509704818
 20
4349675.162483713
 10
470050.9509704818
 20
4349675.162483713
 10
470050.9509704818
 20
4349674.162483713
 10
470049.9509704818
 20
4349674.162483713
  0
TEXT
  5
2F4
330
17
100
AcDbEntity
  8
0
 62
1
100
AcDbText
 10
470050.2909704818
 20
4349674.592483712
 30
0.0
 40
0.1333
  1
1.64
  7
CN_TTF
 11
470050.2909704818
 21
4349674.592483712
 31
0.0
100
AcDbText
  0
LWPOLYLINE
  5
2F5
330
17
100
AcDbEntity
  8
爆区方格网
 62
1
100
AcDbPolyline
 90
6
 70
1
 10
470050.9509704818
 20
4349676.162483713
 10
470050.9509704818
 20
4349675.162483713
 10
470049.9509704818
 20
4349675.162483713
 10
470049.9509704818
 20
4349676.084863495
 10
470050.21214221197
 20
4349676.162483713
 10
470050.9509704818
 20
4349676.162483713
  0
TEXT
  5
2F6
330
17
100
AcDbEntity
  8
0
 62
1
100
AcDbText
 10
470050.2909704818
 20
4349675.553673604
 30
0.0
 40
0.1333
  1
2.02
  7
CN_TTF
 11
470050.2909704818
 21
4349675.553673604
 31
0.0
100
AcDbText
  0
LWPOLYLINE
  5
2F7
330
17
100
AcDbEntity
  8
爆区方格网
 62
1
100
AcDbPolyline
 90
6
 70
1
 10
470050.9509704818
 20
4349658.162483713
 10
470051.8767514228
 20
4349658.162483713
 10
470051.3881034585
 20
4349657.4723160695
 10
470051.32549214485
 20
4349657.383883689
 10
470050.9509704818
 20
4349657.343295389
 10
470050.9509704818
 20
4349658.162483713
  0
TEXT
  5
2F8
330
17
100
AcDbEntity
  8
0
 62
1
100
AcDbText
 10
470051.13169896125
 20
4349657.747399891
 30
0.0
 40
0.1333
  1
2.18
  7
CN_TTF
 11
470051.13169896125
 21
4349657.747399891
 31
0.0
100
AcDbText
  0
LWPOLYLINE
  5
2F9
330
17
100
AcDbEntity
  8
爆区方格网
 62
1
100
AcDbPolyline
 90
6
 70
1
 10
470050.9509704818
 20
4349658.162483713
 10
470050.9509704818
 20
4349659.162483713
 10
470051.9509704818
 20
4349659.162483713
 10
470051.9509704818
 20
4349658.2673109025
 10
470051.8767514228
 20
4349658.162483713
 10
470050.9509704818
 20
4349658.162483713
  0
TEXT
  5
2FA
330
17
100
AcDbEntity
  8
0
 62
1
100
AcDbText
 10
470051.2909704818
 20
4349658.644897307
 30
0.0
 40
0.1333
  1
2.18
  7
CN_TTF
 11
470051.2909704818
 21
4349658.644897307
 31
0.0
100
AcDbText
  0
LWPOLYLINE
  5
2FB
330
17
100
AcDbEntity
  8
爆区方格网
 62
1
100
AcDbPolyline
 90
5
 70
1
 10
470050.9509704818
 20
4349659.162483713
 10
470050.9509704818
 20
4349660.162483713
 10
470051.9509704818
 20
4349660.162483713
 10
470051.9509704818
 20
4349659.162483713
 10
470050.9509704818
 20
4349659.162483713
  0
TEXT
  5
2FC
330
17
100
AcDbEntity
  8
0
 62
1
100
AcDbText
 10
470051.2909704818
 20
4349659.592483712
 30
0.0
 40
0.1333
  1
2.18
  7
CN_TTF
 11
470051.2909704818
 21
4349659.592483712
 31
0.0
100
AcDbText
  0
LWPOLYLINE
  5
2FD
330
17
100
AcDbEntity
  8
爆区方格网
 62
1
100
AcDbPolyline
 90
5
 70
1
 10
470050.9509704818
 20
4349660.162483713
 10
470050.9509704818
 20
4349661.162483713
 10
470051.9509704818
 20
4349661.162483713
 10
470051.9509704818
 20
4349660.162483713
 10
470050.9509704818
 20
4349660.162483713
  0
TEXT
  5
2FE
330
17
100
AcDbEntity
  8
0
 62
1
100
AcDbText
 10
470051.2909704818
 20
4349660.592483712
 30
0.0
 40
0.1333
  1
2.18
  7
CN_TTF
 11
470051.2909704818
 21
4349660.592483712
 31
0.0
100
AcDbText
  0
LWPOLYLINE
  5
2FF
330
17
100
AcDbEntity
  8
爆区方格网
 62
1
100
AcDbPolyline
 90
5
 70
1
 10
470050.9509704818
 20
4349661.162483713
 10
470050.9509704818
 20
4349662.162483713
 10
470051.9509704818
 20
4349662.162483713
 10
470051.9509704818
 20
4349661.162483713
 10
470050.9509704818
 20
4349661.162483713
  0
TEXT
  5
300
330
17
100
AcDbEntity
  8
0
 62
1
100
AcDbText
 10
470051.2909704818
 20
4349661.592483712
 30
0.0
 40
0.1333
  1
2.18
  7
CN_TTF
 11
470051.2909704818
 21
4349661.592483712
 31
0.0
100
AcDbText
  0
LWPOLYLINE
  5
301
330
17
100
AcDbEntity
  8
爆区方格网
 62
1
100
AcDbPolyline
 90
5
 70
1
 10
470050.9509704818
 20
4349662.162483713
 10
470050.9509704818
 20
4349663.162483713
 10
470051.9509704818
 20
4349663.162483713
 10
470051.9509704818
 20
4349662.162483713
 10
470050.9509704818
 20
4349662.162483713
  0
TEXT
  5
302
330
17
100
AcDbEntity
  8
0
 62
1
100
AcDbText
 10
470051.2909704818
 20
4349662.592483712
 30
0.0
 40
0.1333
  1
2.89
  7
CN_TTF
 11
470051.2909704818
 21
4349662.592483712
 31
0.0
100
AcDbText
  0
LWPOLYLINE
  5
303
330
17
100
AcDbEntity
  8
爆区方格网
 62
1
100
AcDbPolyline
 90
5
 70
1
 10
470050.9509704818
 20
4349663.162483713
 10
470050.9509704818
 20
4349664.162483713
 10
470051.9509704818
 20
4349664.162483713
 10
470051.9509704818
 20
4349663.162483713
 10
470050.9509704818
 20
4349663.162483713
  0
TEXT
  5
304
330
17
100
AcDbEntity
  8
0
 62
1
100
AcDbText
 10
470051.2909704818
 20
4349663.592483712
 30
0.0
 40
0.1333
  1
2.89
  7
CN_TTF
 11
470051.2909704818
 21
4349663.592483712
 31
0.0
100
AcDbText
  0
LWPOLYLINE
  5
305
330
17
100
AcDbEntity
  8
爆区方格网
 62
1
100
AcDbPolyline
 90
5
 70
1
 10
470050.9509704818
 20
4349664.162483713
 10
470050.9509704818
 20
4349665.162483713
 10
470051.9509704818
 20
4349665.162483713
 10
470051.9509704818
 20
4349664.162483713
 10
470050.9509704818
 20
4349664.162483713
  0
TEXT
  5
306
330
17
100
AcDbEntity
  8
0
 62
1
100
AcDbText
 10
470051.2909704818
 20
4349664.592483712
 30
0.0
 40
0.1333
  1
2.89
  7
CN_TTF
 11
470051.2909704818
 21
4349664.592483712
 31
0.0
100
AcDbText
  0
LWPOLYLINE
  5
307
330
17
100
AcDbEntity
  8
爆区方格网
 62
1
100
AcDbPolyline
 90
5
 70
1
 10
470050.9509704818
 20
4349665.162483713
 10
470050.9509704818
 20
4349666.162483713
 10
470051.9509704818
 20
4349666.162483713
 10
470051.9509704818
 20
4349665.162483713
 10
470050.9509704818
 20
4349665.162483713
  0
TEXT
  5
308
330
17
100
AcDbEntity
  8
0
 62
1
100
AcDbText
 10
470051.2909704818
 20
4349665.592483712
 30
0.0
 40
0.1333
  1
2.89
  7
CN_TTF
 11
470051.2909704818
 21
4349665.592483712
 31
0.0
100
AcDbText
  0
LWPOLYLINE
  5
309
330
17
100
AcDbEntity
  8
爆区方格网
 62
1
100
AcDbPolyline
 90
5
 70
1
 10
470050.9509704818
 20
4349666.162483713
 10
470050.9509704818
 20
4349667.162483713
 10
470051.9509704818
 20
4349667.162483713
 10
470051.9509704818
 20
4349666.162483713
 10
470050.9509704818
 20
4349666.162483713
  0
TEXT
  5
30A
330
17
100
AcDbEntity
  8
0
 62
1
100
AcDbText
 10
470051.2909704818
 20
4349666.592483712
 30
0.0
 40
0.1333
  1
2.89
  7
CN_TTF
 11
470051.2909704818
 21
4349666.592483712
 31
0.0
100
AcDbText
  0
LWPOLYLINE
  5
30B
330
17
100
AcDbEntity
  8
爆区方格网
 62
1
100
AcDbPolyline
 90
6
 70
1
 10
470051.9509704818
 20
4349667.162483713
 10
470050.9509704818
 20
4349667.162483713
 10
470050.9509704818
 20
4349667.800829798
 10
470051.27878415707
 20
4349667.891211261
 10
470051.9509704818
 20
4349668.07653966
 10
470051.9509704818
 20
4349667.162483713
  0
TEXT
  5
30C
330
17
100
AcDbEntity
  8
0
 62
1
100
AcDbText
 10
470051.2909704818
 20
4349667.411656755
 30
0.0
 40
0.1333
  1
2.89
  7
CN_TTF
 11
470051.2909704818
 21
4349667.411656755
 31
0.0
100
AcDbText
  0
LWPOLYLINE
  5
30D
330
17
100
AcDbEntity
  8
爆区方格网
 62
1
100
AcDbPolyline
 90
6
 70
1
 10
470050.9509704818
 20
4349673.162483713
 10
470051.9509704818
 20
4349673.162483713
 10
470051.9509704818
 20
4349672.51867353
 10
470051.3113488121
 20
4349672.53962333
 10
470050.9509704818
 20
4349672.5514269555
 10
470050.9509704818
 20
4349673.162483713
  0
TEXT
  5
30E
330
17
100
AcDbEntity
  8
0
 62
1
100
AcDbText
 10
470051.2909704818
 20
4349672.786955334
 30
0.0
 40
0.1333
  1
2.02
  7
CN_TTF
 11
470051.2909704818
 21
4349672.786955334
 31
0.0
100
AcDbText
  0
LWPOLYLINE
  5
30F
330
17
100
AcDbEntity
  8
爆区方格网
 62
1
100
AcDbPolyline
 90
5
 70
1
 10
470050.9509704818
 20
4349673.162483713
 10
470050.9509704818
 20
4349674.162483713
 10
470051.9509704818
 20
4349674.162483713
 10
470051.9509704818
 20
4349673.162483713
 10
470050.9509704818
 20
4349673.162483713
  0
TEXT
  5
310
330
17
100
AcDbEntity
  8
0
 62
1
100
AcDbText
 10
470051.2909704818
 20
4349673.592483712
 30
0.0
 40
0.1333
  1
2.02
  7
CN_TTF
 11
470051.2909704818
 21
4349673.592483712
 31
0.0
100
AcDbText
  0
LWPOLYLINE
  5
311
330
17
100
AcDbEntity
  8
爆区方格网
 62
1
100
AcDbPolyline
 90
5
 70
1
 10
470050.9509704818
 20
4349674.162483713
 10
470050.9509704818
 20
4349675.162483713
 10
470051.9509704818
 20
4349675.162483713
 10
470051.9509704818
 20
4349674.162483713
 10
470050.9509704818
 20
4349674.162483713
  0
TEXT
  5
312
330
17
100
AcDbEntity
  8
0
 62
1
100
AcDbText
 10
470051.2909704818
 20
4349674.592483712
 30
0.0
 40
0.1333
  1
2.02
  7
CN_TTF
 11
470051.2909704818
 21
4349674.592483712
 31
0.0
100
AcDbText
  0
LWPOLYLINE
  5
313
330
17
100
AcDbEntity
  8
爆区方格网
 62
1
100
AcDbPolyline
 90
5
 70
1
 10
470050.9509704818
 20
4349675.162483713
 10
470050.9509704818
 20
4349676.162483713
 10
470051.9509704818
 20
4349676.162483713
 10
470051.9509704818
 20
4349675.162483713
 10
470050.9509704818
 20
4349675.162483713
  0
TEXT
  5
314
330
17
100
AcDbEntity
  8
0
 62
1
100
AcDbText
 10
470051.2909704818
 20
4349675.592483712
 30
0.0
 40
0.1333
  1
2.02
  7
CN_TTF
 11
470051.2909704818
 21
4349675.592483712
 31
0.0
100
AcDbText
  0
LWPOLYLINE
  5
315
330
17
100
AcDbEntity
  8
爆区方格网
 62
1
100
AcDbPolyline
 90
6
 70
1
 10
470051.9509704818
 20
4349659.162483713
 10
470051.9509704818
 20
4349660.162483713
 10
470052.9509704818
 20
4349660.162483713
 10
470052.9509704818
 20
4349659.679713478
 10
470052.5847648586
 20
4349659.162483713
 10
470051.9509704818
 20
4349659.162483713
  0
TEXT
  5
316
330
17
100
AcDbEntity
  8
0
 62
1
100
AcDbText
 10
470052.19941907603
 20
4349659.351098595
 30
0.0
 40
0.1333
  1
2.18
  7
CN_TTF
 11
470052.19941907603
 21
4349659.351098595
 31
0.0
100
AcDbText
  0
LWPOLYLINE
  5
317
330
17
100
AcDbEntity
  8
爆区方格网
 62
1
100
AcDbPolyline
 90
5
 70
1
 10
470051.9509704818
 20
4349660.162483713
 10
470051.9509704818
 20
4349661.162483713
 10
470052.9509704818
 20
4349661.162483713
 10
470052.9509704818
 20
4349660.162483713
 10
470051.9509704818
 20
4349660.162483713
  0
TEXT
  5
318
330
17
100
AcDbEntity
  8
0
 62
1
100
AcDbText
 10
470052.2909704818
 20
4349660.592483712
 30
0.0
 40
0.1333
  1
2.18
  7
CN_TTF
 11
470052.2909704818
 21
4349660.592483712
 31
0.0
100
AcDbText
  0
LWPOLYLINE
  5
319
330
17
100
AcDbEntity
  8
爆区方格网
 62
1
100
AcDbPolyline
 90
5
 70
1
 10
470051.9509704818
 20
4349661.162483713
 10
470051.9509704818
 20
4349662.162483713
 10
470052.9509704818
 20
4349662.162483713
 10
470052.9509704818
 20
4349661.162483713
 10
470051.9509704818
 20
4349661.162483713
  0
TEXT
  5
31A
330
17
100
AcDbEntity
  8
0
 62
1
100
AcDbText
 10
470052.2909704818
 20
4349661.592483712
 30
0.0
 40
0.1333
  1
2.89
  7
CN_TTF
 11
470052.2909704818
 21
4349661.592483712
 31
0.0
100
AcDbText
  0
LWPOLYLINE
  5
31B
330
17
100
AcDbEntity
  8
爆区方格网
 62
1
100
AcDbPolyline
 90
5
 70
1
 10
470051.9509704818
 20
4349662.162483713
 10
470051.9509704818
 20
4349663.162483713
 10
470052.9509704818
 20
4349663.162483713
 10
470052.9509704818
 20
4349662.162483713
 10
470051.9509704818
 20
4349662.162483713
  0
TEXT
  5
31C
330
17
100
AcDbEntity
  8
0
 62
1
100
AcDbText
 10
470052.2909704818
 20
4349662.592483712
 30
0.0
 40
0.1333
  1
2.89
  7
CN_TTF
 11
470052.2909704818
 21
4349662.592483712
 31
0.0
100
AcDbText
  0
LWPOLYLINE
  5
31D
330
17
100
AcDbEntity
  8
爆区方格网
 62
1
100
AcDbPolyline
 90
5
 70
1
 10
470051.9509704818
 20
4349663.162483713
 10
470051.9509704818
 20
4349664.162483713
 10
470052.9509704818
 20
4349664.162483713
 10
470052.9509704818
 20
4349663.162483713
 10
470051.9509704818
 20
4349663.162483713
  0
TEXT
  5
31E
330
17
100
AcDbEntity
  8
0
 62
1
100
AcDbText
 10
470052.2909704818
 20
4349663.592483712
 30
0.0
 40
0.1333
  1
2.89
  7
CN_TTF
 11
470052.2909704818
 21
4349663.592483712
 31
0.0
100
AcDbText
  0
LWPOLYLINE
  5
31F
330
17
100
AcDbEntity
  8
爆区方格网
 62
1
100
AcDbPolyline
 90
5
 70
1
 10
470051.9509704818
 20
4349664.162483713
 10
470051.9509704818
 20
4349665.162483713
 10
470052.9509704818
 20
4349665.162483713
 10
470052.9509704818
 20
4349664.162483713
 10
470051.9509704818
 20
4349664.162483713
  0
TEXT
  5
320
330
17
100
AcDbEntity
  8
0
 62
1
100
AcDbText
 10
470052.2909704818
 20
4349664.592483712
 30
0.0
 40
0.1333
  1
2.89
  7
CN_TTF
 11
470052.2909704818
 21
4349664.592483712
 31
0.0
100
AcDbText
  0
LWPOLYLINE
  5
321
330
17
100
AcDbEntity
  8
爆区方格网
 62
1
100
AcDbPolyline
 90
5
 70
1
 10
470051.9509704818
 20
4349665.162483713
 10
470051.9509704818
 20
4349666.162483713
 10
470052.9509704818
 20
4349666.162483713
 10
470052.9509704818
 20
4349665.162483713
 10
470051.9509704818
 20
4349665.162483713
  0
TEXT
  5
322
330
17
100
AcDbEntity
  8
0
 62
1
100
AcDbText
 10
470052.2909704818
 20
4349665.592483712
 30
0.0
 40
0.1333
  1
2.89
  7
CN_TTF
 11
470052.2909704818
 21
4349665.592483712
 31
0.0
100
AcDbText
  0
LWPOLYLINE
  5
323
330
17
100
AcDbEntity
  8
爆区方格网
 62
1
100
AcDbPolyline
 90
5
 70
1
 10
470051.9509704818
 20
4349666.162483713
 10
470051.9509704818
 20
4349667.162483713
 10
470052.9509704818
 20
4349667.162483713
 10
470052.9509704818
 20
4349666.162483713
 10
470051.9509704818
 20
4349666.162483713
  0
TEXT
  5
324
330
17
100
AcDbEntity
  8
0
 62
1
100
AcDbText
 10
470052.2909704818
 20
4349666.592483712
 30
0.0
 40
0.1333
  1
2.89
  7
CN_TTF
 11
470052.2909704818
 21
4349666.592483712
 31
0.0
100
AcDbText
  0
LWPOLYLINE
  5
325
330
17
100
AcDbEntity
  8
爆区方格网
 62
1
100
AcDbPolyline
 90
6
 70
1
 10
470052.9509704818
 20
4349668.162483713
 10
470052.9509704818
 20
4349667.162483713
 10
470051.9509704818
 20
4349667.162483713
 10
470051.9509704818
 20
4349668.07653966
 10
470052.2626896649
 20
4349668.162483713
 10
470052.9509704818
 20
4349668.162483713
  0
TEXT
  5
326
330
17
100
AcDbEntity
  8
0
 62
1
100
AcDbText
 10
470052.2909704818
 20
4349667.549511686
 30
0.0
 40
0.1333
  1
2.89
  7
CN_TTF
 11
470052.2909704818
 21
4349667.549511686
 31
0.0
100
AcDbText
  0
LWPOLYLINE
  5
327
330
17
100
AcDbEntity
  8
爆区方格网
 62
1
100
AcDbPolyline
 90
7
 70
1
 10
470051.9509704818
 20
4349673.162483713
 10
470052.9509704818
 20
4349673.162483713
 10
470052.9509704818
 20
4349672.162483713
 10
470052.88675443415
 20
4349672.162483713
 10
470052.918
 20
4349672.487
 10
470051.9509704818
 20
4349672.51867353
 10
470051.9509704818
 20
4349673.162483713
  0
TEXT
  5
328
330
17
100
AcDbEntity
  8
0
 62
1
100
AcDbText
 10
470052.2909704818
 20
4349672.770578621
 30
0.0
 40
0.1333
  1
2.02
  7
CN_TTF
 11
470052.2909704818
 21
4349672.770578621
 31
0.0
100
AcDbText
  0
LWPOLYLINE
  5
329
330
17
100
AcDbEntity
  8
爆区方格网
 62
1
100
AcDbPolyline
 90
5
 70
1
 10
470051.9509704818
 20
4349673.162483713
 10
470051.9509704818
 20
4349674.162483713
 10
470052.9509704818
 20
4349674.162483713
 10
470052.9509704818
 20
4349673.162483713
 10
470051.9509704818
 20
4349673.162483713
  0
TEXT
  5
32A
330
17
100
AcDbEntity
  8
0
 62
1
100
AcDbText
 10
470052.2909704818
 20
4349673.592483712
 30
0.0
 40
0.1333
  1
2.02
  7
CN_TTF
 11
470052.2909704818
 21
4349673.592483712
 31
0.0
100
AcDbText
  0
LWPOLYLINE
  5
32B
330
17
100
AcDbEntity
  8
爆区方格网
 62
1
100
AcDbPolyline
 90
5
 70
1
 10
470051.9509704818
 20
4349674.162483713
 10
470051.9509704818
 20
4349675.162483713
 10
470052.9509704818
 20
4349675.162483713
 10
470052.9509704818
 20
4349674.162483713
 10
470051.9509704818
 20
4349674.162483713
  0
TEXT
  5
32C
330
17
100
AcDbEntity
  8
0
 62
1
100
AcDbText
 10
470052.2909704818
 20
4349674.592483712
 30
0.0
 40
0.1333
  1
2.02
  7
CN_TTF
 11
470052.2909704818
 21
4349674.592483712
 31
0.0
100
AcDbText
  0
LWPOLYLINE
  5
32D
330
17
100
AcDbEntity
  8
爆区方格网
 62
1
100
AcDbPolyline
 90
5
 70
1
 10
470051.9509704818
 20
4349675.162483713
 10
470051.9509704818
 20
4349676.162483713
 10
470052.9509704818
 20
4349676.162483713
 10
470052.9509704818
 20
4349675.162483713
 10
470051.9509704818
 20
4349675.162483713
  0
TEXT
  5
32E
330
17
100
AcDbEntity
  8
0
 62
1
100
AcDbText
 10
470052.2909704818
 20
4349675.592483712
 30
0.0
 40
0.1333
  1
2.02
  7
CN_TTF
 11
470052.2909704818
 21
4349675.592483712
 31
0.0
100
AcDbText
  0
LWPOLYLINE
  5
32F
330
17
100
AcDbEntity
  8
爆区方格网
 62
1
100
AcDbPolyline
 90
5
 70
1
 10
470052.9509704818
 20
4349676.162483713
 10
470051.9509704818
 20
4349676.162483713
 10
470051.9509704818
 20
4349676.6792633375
 10
470052.9509704818
 20
4349676.976463259
 10
470052.9509704818
 20
4349676.162483713
  0
TEXT
  5
330
330
17
100
AcDbEntity
  8
0
 62
1
100
AcDbText
 10
470052.2909704818
 20
4349676.350873524
 30
0.0
 40
0.1333
  1
2.02
  7
CN_TTF
 11
470052.2909704818
 21
4349676.350873524
 31
0.0
100
AcDbText
  0
LWPOLYLINE
  5
331
330
17
100
AcDbEntity
  8
爆区方格网
 62
1
100
AcDbPolyline
 90
7
 70
1
 10
470052.9509704818
 20
4349660.162483713
 10
470052.9509704818
 20
4349661.162483713
 10
470053.9509704818
 20
4349661.162483713
 10
470053.9509704818
 20
4349661.092116053
 10
470053.6384627055
 20
4349660.650729265
 10
470053.2927782944
 20
4349660.162483713
 10
470052.9509704818
 20
4349660.162483713
  0
TEXT
  5
332
330
17
100
AcDbEntity
  8
0
 62
1
100
AcDbText
 10
470053.2128435379
 20
4349660.801422659
 30
0.0
 40
0.1333
  1
2.89
  7
CN_TTF
 11
470053.2128435379
 21
4349660.801422659
 31
0.0
100
AcDbText
  0
LWPOLYLINE
  5
333
330
17
100
AcDbEntity
  8
爆区方格网
 62
1
100
AcDbPolyline
 90
5
 70
1
 10
470052.9509704818
 20
4349661.162483713
 10
470052.9509704818
 20
4349662.162483713
 10
470053.9509704818
 20
4349662.162483713
 10
470053.9509704818
 20
4349661.162483713
 10
470052.9509704818
 20
4349661.162483713
  0
TEXT
  5
334
330
17
100
AcDbEntity
  8
0
 62
1
100
AcDbText
 10
470053.2909704818
 20
4349661.592483712
 30
0.0
 40
0.1333
  1
2.89
  7
CN_TTF
 11
470053.2909704818
 21
4349661.592483712
 31
0.0
100
AcDbText
  0
LWPOLYLINE
  5
335
330
17
100
AcDbEntity
  8
爆区方格网
 62
1
100
AcDbPolyline
 90
5
 70
1
 10
470052.9509704818
 20
4349662.162483713
 10
470052.9509704818
 20
4349663.162483713
 10
470053.9509704818
 20
4349663.162483713
 10
470053.9509704818
 20
4349662.162483713
 10
470052.9509704818
 20
4349662.162483713
  0
TEXT
  5
336
330
17
100
AcDbEntity
  8
0
 62
1
100
AcDbText
 10
470053.2909704818
 20
4349662.592483712
 30
0.0
 40
0.1333
  1
2.89
  7
CN_TTF
 11
470053.2909704818
 21
4349662.592483712
 31
0.0
100
AcDbText
  0
LWPOLYLINE
  5
337
330
17
100
AcDbEntity
  8
爆区方格网
 62
1
100
AcDbPolyline
 90
5
 70
1
 10
470052.9509704818
 20
4349663.162483713
 10
470052.9509704818
 20
4349664.162483713
 10
470053.9509704818
 20
4349664.162483713
 10
470053.9509704818
 20
4349663.162483713
 10
470052.9509704818
 20
4349663.162483713
  0
TEXT
  5
338
330
17
100
AcDbEntity
  8
0
 62
1
100
AcDbText
 10
470053.2909704818
 20
4349663.592483712
 30
0.0
 40
0.1333
  1
2.89
  7
CN_TTF
 11
470053.2909704818
 21
4349663.592483712
 31
0.0
100
AcDbText
  0
LWPOLYLINE
  5
339
330
17
100
AcDbEntity
  8
爆区方格网
 62
1
100
AcDbPolyline
 90
5
 70
1
 10
470052.9509704818
 20
4349664.162483713
 10
470052.9509704818
 20
4349665.162483713
 10
470053.9509704818
 20
4349665.162483713
 10
470053.9509704818
 20
4349664.162483713
 10
470052.9509704818
 20
4349664.162483713
  0
TEXT
  5
33A
330
17
100
AcDbEntity
  8
0
 62
1
100
AcDbText
 10
470053.2909704818
 20
4349664.592483712
 30
0.0
 40
0.1333
  1
2.89
  7
CN_TTF
 11
470053.2909704818
 21
4349664.592483712
 31
0.0
100
AcDbText
  0
LWPOLYLINE
  5
33B
330
17
100
AcDbEntity
  8
爆区方格网
 62
1
100
AcDbPolyline
 90
5
 70
1
 10
470052.9509704818
 20
4349665.162483713
 10
470052.9509704818
 20
4349666.162483713
 10
470053.9509704818
 20
4349666.162483713
 10
470053.9509704818
 20
4349665.162483713
 10
470052.9509704818
 20
4349665.162483713
  0
TEXT
  5
33C
330
17
100
AcDbEntity
  8
0
 62
1
100
AcDbText
 10
470053.2909704818
 20
4349665.592483712
 30
0.0
 40
0.1333
  1
2.89
  7
CN_TTF
 11
470053.2909704818
 21
4349665.592483712
 31
0.0
100
AcDbText
  0
LWPOLYLINE
  5
33D
330
17
100
AcDbEntity
  8
爆区方格网
 62
1
100
AcDbPolyline
 90
5
 70
1
 10
470052.9509704818
 20
4349666.162483713
 10
470052.9509704818
 20
4349667.162483713
 10
470053.9509704818
 20
4349667.162483713
 10
470053.9509704818
 20
4349666.162483713
 10
470052.9509704818
 20
4349666.162483713
  0
TEXT
  5
33E
330
17
100
AcDbEntity
  8
0
 62
1
100
AcDbText
 10
470053.2909704818
 20
4349666.592483712
 30
0.0
 40
0.1333
  1
2.89
  7
CN_TTF
 11
470053.2909704818
 21
4349666.592483712
 31
0.0
100
AcDbText
  0
LWPOLYLINE
  5
33F
330
17
100
AcDbEntity
  8
爆区方格网
 62
1
100
AcDbPolyline
 90
5
 70
1
 10
470052.9509704818
 20
4349667.162483713
 10
470052.9509704818
 20
4349668.162483713
 10
470053.9509704818
 20
4349668.162483713
 10
470053.9509704818
 20
4349667.162483713
 10
470052.9509704818
 20
4349667.162483713
  0
TEXT
  5
340
330
17
100
AcDbEntity
  8
0
 62
1
100
AcDbText
 10
470053.2909704818
 20
4349667.592483712
 30
0.0
 40
0.1333
  1
2.89
  7
CN_TTF
 11
470053.2909704818
 21
4349667.592483712
 31
0.0
100
AcDbText
  0
LWPOLYLINE
  5
341
330
17
100
AcDbEntity
  8
爆区方格网
 62
1
100
AcDbPolyline
 90
5
 70
1
 10
470052.9509704818
 20
4349668.162483713
 10
470052.9509704818
 20
4349669.162483713
 10
470053.9509704818
 20
4349669.162483713
 10
470053.9509704818
 20
4349668.162483713
 10
470052.9509704818
 20
4349668.162483713
  0
TEXT
  5
342
330
17
100
AcDbEntity
  8
0
 62
1
100
AcDbText
 10
470053.2909704818
 20
4349668.592483712
 30
0.0
 40
0.1333
  1
2.89
  7
CN_TTF
 11
470053.2909704818
 21
4349668.592483712
 31
0.0
100
AcDbText
  0
LWPOLYLINE
  5
343
330
17
100
AcDbEntity
  8
爆区方格网
 62
1
100
AcDbPolyline
 90
5
 70
1
 10
470052.9509704818
 20
4349669.162483713
 10
470052.9509704818
 20
4349670.162483713
 10
470053.9509704818
 20
4349670.162483713
 10
470053.9509704818
 20
4349669.162483713
 10
470052.9509704818
 20
4349669.162483713
  0
TEXT
  5
344
330
17
100
AcDbEntity
  8
0
 62
1
100
AcDbText
 10
470053.2909704818
 20
4349669.592483712
 30
0.0
 40
0.1333
  1
2.02
  7
CN_TTF
 11
470053.2909704818
 21
4349669.592483712
 31
0.0
100
AcDbText
  0
LWPOLYLINE
  5
345
330
17
100
AcDbEntity
  8
爆区方格网
 62
1
100
AcDbPolyline
 90
5
 70
1
 10
470052.9509704818
 20
4349670.162483713
 10
470052.9509704818
 20
4349671.162483713
 10
470053.9509704818
 20
4349671.162483713
 10
470053.9509704818
 20
4349670.162483713
 10
470052.9509704818
 20
4349670.162483713
  0
TEXT
  5
346
330
17
100
AcDbEntity
  8
0
 62
1
100
AcDbText
 10
470053.2909704818
 20
4349670.592483712
 30
0.0
 40
0.1333
  1
2.02
  7
CN_TTF
 11
470053.2909704818
 21
4349670.592483712
 31
0.0
100
AcDbText
  0
LWPOLYLINE
  5
347
330
17
100
AcDbEntity
  8
爆区方格网
 62
1
100
AcDbPolyline
 90
5
 70
1
 10
470052.9509704818
 20
4349671.162483713
 10
470052.9509704818
 20
4349672.162483713
 10
470053.9509704818
 20
4349672.162483713
 10
470053.9509704818
 20
4349671.162483713
 10
470052.9509704818
 20
4349671.162483713
  0
TEXT
  5
348
330
17
100
AcDbEntity
  8
0
 62
1
100
AcDbText
 10
470053.2909704818
 20
4349671.592483712
 30
0.0
 40
0.1333
  1
2.02
  7
CN_TTF
 11
470053.2909704818
 21
4349671.592483712
 31
0.0
100
AcDbText
  0
LWPOLYLINE
  5
349
330
17
100
AcDbEntity
  8
爆区方格网
 62
1
100
AcDbPolyline
 90
5
 70
1
 10
470052.9509704818
 20
4349672.162483713
 10
470052.9509704818
 20
4349673.162483713
 10
470053.9509704818
 20
4349673.162483713
 10
470053.9509704818
 20
4349672.162483713
 10
470052.9509704818
 20
4349672.162483713
  0
TEXT
  5
34A
330
17
100
AcDbEntity
  8
0
 62
1
100
AcDbText
 10
470053.2909704818
 20
4349672.592483712
 30
0.0
 40
0.1333
  1
2.02
  7
CN_TTF
 11
470053.2909704818
 21
4349672.592483712
 31
0.0
100
AcDbText
  0
LWPOLYLINE
  5
34B
330
17
100
AcDbEntity
  8
爆区方格网
 62
1
100
AcDbPolyline
 90
5
 70
1
 10
470052.9509704818
 20
4349673.162483713
 10
470052.9509704818
 20
4349674.162483713
 10
470053.9509704818
 20
4349674.162483713
 10
470053.9509704818
 20
4349673.162483713
 10
470052.9509704818
 20
4349673.162483713
  0
TEXT
  5
34C
330
17
100
AcDbEntity
  8
0
 62
1
100
AcDbText
 10
470053.2909704818
 20
4349673.592483712
 30
0.0
 40
0.1333
  1
2.02
  7
CN_TTF
 11
470053.2909704818
 21
4349673.592483712
 31
0.0
100
AcDbText
  0
LWPOLYLINE
  5
34D
330
17
100
AcDbEntity
  8
爆区方格网
 62
1
100
AcDbPolyline
 90
5
 70
1
 10
470052.9509704818
 20
4349674.162483713
 10
470052.9509704818
 20
4349675.162483713
 10
470053.9509704818
 20
4349675.162483713
 10
470053.9509704818
 20
4349674.162483713
 10
470052.9509704818
 20
4349674.162483713
  0
TEXT
  5
34E
330
17
100
AcDbEntity
  8
0
 62
1
100
AcDbText
 10
470053.2909704818
 20
4349674.592483712
 30
0.0
 40
0.1333
  1
2.02
  7
CN_TTF
 11
470053.2909704818
 21
4349674.592483712
 31
0.0
100
AcDbText
  0
LWPOLYLINE
  5
34F
330
17
100
AcDbEntity
  8
爆区方格网
 62
1
100
AcDbPolyline
 90
5
 70
1
 10
470052.9509704818
 20
4349675.162483713
 10
470052.9509704818
 20
4349676.162483713
 10
470053.9509704818
 20
4349676.162483713
 10
470053.9509704818
 20
4349675.162483713
 10
470052.9509704818
 20
4349675.162483713
  0
TEXT
  5
350
330
17
100
AcDbEntity
  8
0
 62
1
100
AcDbText
 10
470053.2909704818
 20
4349675.592483712
 30
0.0
 40
0.1333
  1
2.02
  7
CN_TTF
 11
470053.2909704818
 21
4349675.592483712
 31
0.0
100
AcDbText
  0
LWPOLYLINE
  5
351
330
17
100
AcDbEntity
  8
爆区方格网
 62
1
100
AcDbPolyline
 90
6
 70
1
 10
470053.9509704818
 20
4349677.162483713
 10
470053.9509704818
 20
4349676.162483713
 10
470052.9509704818
 20
4349676.162483713
 10
470052.9509704818
 20
4349676.976463259
 10
470053.5768806513
 20
4349677.162483713
 10
470053.9509704818
 20
4349677.162483713
  0
TEXT
  5
352
330
17
100
AcDbEntity
  8
0
 62
1
100
AcDbText
 10
470053.2909704818
 20
4349676.499473486
 30
0.0
 40
0.1333
  1
2.02
  7
CN_TTF
 11
470053.2909704818
 21
4349676.499473486
 31
0.0
100
AcDbText
  0
LWPOLYLINE
  5
353
330
17
100
AcDbEntity
  8
爆区方格网
 62
1
100
AcDbPolyline
 90
6
 70
1
 10
470053.9509704818
 20
4349662.162483713
 10
470053.9509704818
 20
4349663.162483713
 10
470054.9509704818
 20
4349663.162483713
 10
470054.9509704818
 20
4349662.504518628
 10
470054.70880516624
 20
4349662.162483713
 10
470053.9509704818
 20
4349662.162483713
  0
TEXT
  5
354
330
17
100
AcDbEntity
  8
0
 62
1
100
AcDbText
 10
470054.2909704818
 20
4349662.76350117
 30
0.0
 40
0.1333
  1
2.89
  7
CN_TTF
 11
470054.2909704818
 21
4349662.76350117
 31
0.0
100
AcDbText
  0
LWPOLYLINE
  5
355
330
17
100
AcDbEntity
  8
爆区方格网
 62
1
100
AcDbPolyline
 90
5
 70
1
 10
470053.9509704818
 20
4349663.162483713
 10
470053.9509704818
 20
4349664.162483713
 10
470054.9509704818
 20
4349664.162483713
 10
470054.9509704818
 20
4349663.162483713
 10
470053.9509704818
 20
4349663.162483713
  0
TEXT
  5
356
330
17
100
AcDbEntity
  8
0
 62
1
100
AcDbText
 10
470054.2909704818
 20
4349663.592483712
 30
0.0
 40
0.1333
  1
2.89
  7
CN_TTF
 11
470054.2909704818
 21
4349663.592483712
 31
0.0
100
AcDbText
  0
LWPOLYLINE
  5
357
330
17
100
AcDbEntity
  8
爆区方格网
 62
1
100
AcDbPolyline
 90
5
 70
1
 10
470053.9509704818
 20
4349664.162483713
 10
470053.9509704818
 20
4349665.162483713
 10
470054.9509704818
 20
4349665.162483713
 10
470054.9509704818
 20
4349664.162483713
 10
470053.9509704818
 20
4349664.162483713
  0
TEXT
  5
358
330
17
100
AcDbEntity
  8
0
 62
1
100
AcDbText
 10
470054.2909704818
 20
4349664.592483712
 30
0.0
 40
0.1333
  1
2.89
  7
CN_TTF
 11
470054.2909704818
 21
4349664.592483712
 31
0.0
100
AcDbText
  0
LWPOLYLINE
  5
359
330
17
100
AcDbEntity
  8
爆区方格网
 62
1
100
AcDbPolyline
 90
5
 70
1
 10
470053.9509704818
 20
4349665.162483713
 10
470053.9509704818
 20
4349666.162483713
 10
470054.9509704818
 20
4349666.162483713
 10
470054.9509704818
 20
4349665.162483713
 10
470053.9509704818
 20
4349665.162483713
  0
TEXT
  5
35A
330
17
100
AcDbEntity
  8
0
 62
1
100
AcDbText
 10
470054.2909704818
 20
4349665.592483712
 30
0.0
 40
0.1333
  1
2.89
  7
CN_TTF
 11
470054.2909704818
 21
4349665.592483712
 31
0.0
100
AcDbText
  0
LWPOLYLINE
  5
35B
330
17
100
AcDbEntity
  8
爆区方格网
 62
1
100
AcDbPolyline
 90
5
 70
1
 10
470053.9509704818
 20
4349666.162483713
 10
470053.9509704818
 20
4349667.162483713
 10
470054.9509704818
 20
4349667.162483713
 10
470054.9509704818
 20
4349666.162483713
 10
470053.9509704818
 20
4349666.162483713
  0
TEXT
  5
35C
330
17
100
AcDbEntity
  8
0
 62
1
100
AcDbText
 10
470054.2909704818
 20
4349666.592483712
 30
0.0
 40
0.1333
  1
2.89
  7
CN_TTF
 11
470054.2909704818
 21
4349666.592483712
 31
0.0
100
AcDbText
  0
LWPOLYLINE
  5
35D
330
17
100
AcDbEntity
  8
爆区方格网
 62
1
100
AcDbPolyline
 90
5
 70
1
 10
470053.9509704818
 20
4349667.162483713
 10
470053.9509704818
 20
4349668.162483713
 10
470054.9509704818
 20
4349668.162483713
 10
470054.9509704818
 20
4349667.162483713
 10
470053.9509704818
 20
4349667.162483713
  0
TEXT
  5
35E
330
17
100
AcDbEntity
  8
0
 62
1
100
AcDbText
 10
470054.2909704818
 20
4349667.592483712
 30
0.0
 40
0.1333
  1
2.89
  7
CN_TTF
 11
470054.2909704818
 21
4349667.592483712
 31
0.0
100
AcDbText
  0
LWPOLYLINE
  5
35F
330
17
100
AcDbEntity
  8
爆区方格网
 62
1
100
AcDbPolyline
 90
5
 70
1
 10
470053.9509704818
 20
4349668.162483713
 10
470053.9509704818
 20
4349669.162483713
 10
470054.9509704818
 20
4349669.162483713
 10
470054.9509704818
 20
4349668.162483713
 10
470053.9509704818
 20
4349668.162483713
  0
TEXT
  5
360
330
17
100
AcDbEntity
  8
0
 62
1
100
AcDbText
 10
470054.2909704818
 20
4349668.592483712
 30
0.0
 40
0.1333
  1
1.82
  7
CN_TTF
 11
470054.2909704818
 21
4349668.592483712
 31
0.0
100
AcDbText
  0
LWPOLYLINE
  5
361
330
17
100
AcDbEntity
  8
爆区方格网
 62
1
100
AcDbPolyline
 90
5
 70
1
 10
470053.9509704818
 20
4349669.162483713
 10
470053.9509704818
 20
4349670.162483713
 10
470054.9509704818
 20
4349670.162483713
 10
470054.9509704818
 20
4349669.162483713
 10
470053.9509704818
 20
4349669.162483713
  0
TEXT
  5
362
330
17
100
AcDbEntity
  8
0
 62
1
100
AcDbText
 10
470054.2909704818
 20
4349669.592483712
 30
0.0
 40
0.1333
  1
1.82
  7
CN_TTF
 11
470054.2909704818
 21
4349669.592483712
 31
0.0
100
AcDbText
  0
LWPOLYLINE
  5
363
330
17
100
AcDbEntity
  8
爆区方格网
 62
1
100
AcDbPolyline
 90
5
 70
1
 10
470053.9509704818
 20
4349670.162483713
 10
470053.9509704818
 20
4349671.162483713
 10
470054.9509704818
 20
4349671.162483713
 10
470054.9509704818
 20
4349670.162483713
 10
470053.9509704818
 20
4349670.162483713
  0
TEXT
  5
364
330
17
100
AcDbEntity
  8
0
 62
1
100
AcDbText
 10
470054.2909704818
 20
4349670.592483712
 30
0.0
 40
0.1333
  1
1.82
  7
CN_TTF
 11
470054.2909704818
 21
4349670.592483712
 31
0.0
100
AcDbText
  0
LWPOLYLINE
  5
365
330
17
100
AcDbEntity
  8
爆区方格网
 62
1
100
AcDbPolyline
 90
5
 70
1
 10
470053.9509704818
 20
4349671.162483713
 10
470053.9509704818
 20
4349672.162483713
 10
470054.9509704818
 20
4349672.162483713
 10
470054.9509704818
 20
4349671.162483713
 10
470053.9509704818
 20
4349671.162483713
  0
TEXT
  5
366
330
17
100
AcDbEntity
  8
0
 62
1
100
AcDbText
 10
470054.2909704818
 20
4349671.592483712
 30
0.0
 40
0.1333
  1
2.02
  7
CN_TTF
 11
470054.2909704818
 21
4349671.592483712
 31
0.0
100
AcDbText
  0
LWPOLYLINE
  5
367
330
17
100
AcDbEntity
  8
爆区方格网
 62
1
100
AcDbPolyline
 90
5
 70
1
 10
470053.9509704818
 20
4349672.162483713
 10
470053.9509704818
 20
4349673.162483713
 10
470054.9509704818
 20
4349673.162483713
 10
470054.9509704818
 20
4349672.162483713
 10
470053.9509704818
 20
4349672.162483713
  0
TEXT
  5
368
330
17
100
AcDbEntity
  8
0
 62
1
100
AcDbText
 10
470054.2909704818
 20
4349672.592483712
 30
0.0
 40
0.1333
  1
2.02
  7
CN_TTF
 11
470054.2909704818
 21
4349672.592483712
 31
0.0
100
AcDbText
  0
LWPOLYLINE
  5
369
330
17
100
AcDbEntity
  8
爆区方格网
 62
1
100
AcDbPolyline
 90
5
 70
1
 10
470053.9509704818
 20
4349673.162483713
 10
470053.9509704818
 20
4349674.162483713
 10
470054.9509704818
 20
4349674.162483713
 10
470054.9509704818
 20
4349673.162483713
 10
470053.9509704818
 20
4349673.162483713
  0
TEXT
  5
36A
330
17
100
AcDbEntity
  8
0
 62
1
100
AcDbText
 10
470054.2909704818
 20
4349673.592483712
 30
0.0
 40
0.1333
  1
2.02
  7
CN_TTF
 11
470054.2909704818
 21
4349673.592483712
 31
0.0
100
AcDbText
  0
LWPOLYLINE
  5
36B
330
17
100
AcDbEntity
  8
爆区方格网
 62
1
100
AcDbPolyline
 90
5
 70
1
 10
470053.9509704818
 20
4349674.162483713
 10
470053.9509704818
 20
4349675.162483713
 10
470054.9509704818
 20
4349675.162483713
 10
470054.9509704818
 20
4349674.162483713
 10
470053.9509704818
 20
4349674.162483713
  0
TEXT
  5
36C
330
17
100
AcDbEntity
  8
0
 62
1
100
AcDbText
 10
470054.2909704818
 20
4349674.592483712
 30
0.0
 40
0.1333
  1
2.02
  7
CN_TTF
 11
470054.2909704818
 21
4349674.592483712
 31
0.0
100
AcDbText
  0
LWPOLYLINE
  5
36D
330
17
100
AcDbEntity
  8
爆区方格网
 62
1
100
AcDbPolyline
 90
5
 70
1
 10
470053.9509704818
 20
4349675.162483713
 10
470053.9509704818
 20
4349676.162483713
 10
470054.9509704818
 20
4349676.162483713
 10
470054.9509704818
 20
4349675.162483713
 10
470053.9509704818
 20
4349675.162483713
  0
TEXT
  5
36E
330
17
100
AcDbEntity
  8
0
 62
1
100
AcDbText
 10
470054.2909704818
 20
4349675.592483712
 30
0.0
 40
0.1333
  1
2.02
  7
CN_TTF
 11
470054.2909704818
 21
4349675.592483712
 31
0.0
100
AcDbText
  0
LWPOLYLINE
  5
36F
330
17
100
AcDbEntity
  8
爆区方格网
 62
1
100
AcDbPolyline
 90
5
 70
1
 10
470053.9509704818
 20
4349676.162483713
 10
470053.9509704818
 20
4349677.162483713
 10
470054.9509704818
 20
4349677.162483713
 10
470054.9509704818
 20
4349676.162483713
 10
470053.9509704818
 20
4349676.162483713
  0
TEXT
  5
370
330
17
100
AcDbEntity
  8
0
 62
1
100
AcDbText
 10
470054.2909704818
 20
4349676.592483712
 30
0.0
 40
0.1333
  1
2.02
  7
CN_TTF
 11
470054.2909704818
 21
4349676.592483712
 31
0.0
100
AcDbText
  0
LWPOLYLINE
  5
371
330
17
100
AcDbEntity
  8
爆区方格网
 62
1
100
AcDbPolyline
 90
6
 70
1
 10
470054.9509704818
 20
4349663.162483713
 10
470054.9509704818
 20
4349664.162483713
 10
470055.9509704818
 20
4349664.162483713
 10
470055.9509704818
 20
4349663.916921203
 10
470055.4168186022
 20
4349663.162483713
 10
470054.9509704818
 20
4349663.162483713
  0
TEXT
  5
372
330
17
100
AcDbEntity
  8
0
 62
1
100
AcDbText
 10
470055.1574325121
 20
4349663.469702458
 30
0.0
 40
0.1333
  1
2.89
  7
CN_TTF
 11
470055.1574325121
 21
4349663.469702458
 31
0.0
100
AcDbText
  0
LWPOLYLINE
  5
373
330
17
100
AcDbEntity
  8
爆区方格网
 62
1
100
AcDbPolyline
 90
5
 70
1
 10
470054.9509704818
 20
4349664.162483713
 10
470054.9509704818
 20
4349665.162483713
 10
470055.9509704818
 20
4349665.162483713
 10
470055.9509704818
 20
4349664.162483713
 10
470054.9509704818
 20
4349664.162483713
  0
TEXT
  5
374
330
17
100
AcDbEntity
  8
0
 62
1
100
AcDbText
 10
470055.2909704818
 20
4349664.592483712
 30
0.0
 40
0.1333
  1
2.89
  7
CN_TTF
 11
470055.2909704818
 21
4349664.592483712
 31
0.0
100
AcDbText
  0
LWPOLYLINE
  5
375
330
17
100
AcDbEntity
  8
爆区方格网
 62
1
100
AcDbPolyline
 90
5
 70
1
 10
470054.9509704818
 20
4349665.162483713
 10
470054.9509704818
 20
4349666.162483713
 10
470055.9509704818
 20
4349666.162483713
 10
470055.9509704818
 20
4349665.162483713
 10
470054.9509704818
 20
4349665.162483713
  0
TEXT
  5
376
330
17
100
AcDbEntity
  8
0
 62
1
100
AcDbText
 10
470055.2909704818
 20
4349665.592483712
 30
0.0
 40
0.1333
  1
2.89
  7
CN_TTF
 11
470055.2909704818
 21
4349665.592483712
 31
0.0
100
AcDbText
  0
LWPOLYLINE
  5
377
330
17
100
AcDbEntity
  8
爆区方格网
 62
1
100
AcDbPolyline
 90
5
 70
1
 10
470054.9509704818
 20
4349666.162483713
 10
470054.9509704818
 20
4349667.162483713
 10
470055.9509704818
 20
4349667.162483713
 10
470055.9509704818
 20
4349666.162483713
 10
470054.9509704818
 20
4349666.162483713
  0
TEXT
  5
378
330
17
100
AcDbEntity
  8
0
 62
1
100
AcDbText
 10
470055.2909704818
 20
4349666.592483712
 30
0.0
 40
0.1333
  1
2.89
  7
CN_TTF
 11
470055.2909704818
 21
4349666.592483712
 31
0.0
100
AcDbText
  0
LWPOLYLINE
  5
379
330
17
100
AcDbEntity
  8
爆区方格网
 62
1
100
AcDbPolyline
 90
5
 70
1
 10
470054.9509704818
 20
4349667.162483713
 10
470054.9509704818
 20
4349668.162483713
 10
470055.9509704818
 20
4349668.162483713
 10
470055.9509704818
 20
4349667.162483713
 10
470054.9509704818
 20
4349667.162483713
  0
TEXT
  5
37A
330
17
100
AcDbEntity
  8
0
 62
1
100
AcDbText
 10
470055.2909704818
 20
4349667.592483712
 30
0.0
 40
0.1333
  1
1.82
  7
CN_TTF
 11
470055.2909704818
 21
4349667.592483712
 31
0.0
100
AcDbText
  0
LWPOLYLINE
  5
37B
330
17
100
AcDbEntity
  8
爆区方格网
 62
1
100
AcDbPolyline
 90
5
 70
1
 10
470054.9509704818
 20
4349668.162483713
 10
470054.9509704818
 20
4349669.162483713
 10
470055.9509704818
 20
4349669.162483713
 10
470055.9509704818
 20
4349668.162483713
 10
470054.9509704818
 20
4349668.162483713
  0
TEXT
  5
37C
330
17
100
AcDbEntity
  8
0
 62
1
100
AcDbText
 10
470055.2909704818
 20
4349668.592483712
 30
0.0
 40
0.1333
  1
1.82
  7
CN_TTF
 11
470055.2909704818
 21
4349668.592483712
 31
0.0
100
AcDbText
  0
LWPOLYLINE
  5
37D
330
17
100
AcDbEntity
  8
爆区方格网
 62
1
100
AcDbPolyline
 90
5
 70
1
 10
470054.9509704818
 20
4349669.162483713
 10
470054.9509704818
 20
4349670.162483713
 10
470055.9509704818
 20
4349670.162483713
 10
470055.9509704818
 20
4349669.162483713
 10
470054.9509704818
 20
4349669.162483713
  0
TEXT
  5
37E
330
17
100
AcDbEntity
  8
0
 62
1
100
AcDbText
 10
470055.2909704818
 20
4349669.592483712
 30
0.0
 40
0.1333
  1
1.82
  7
CN_TTF
 11
470055.2909704818
 21
4349669.592483712
 31
0.0
100
AcDbText
  0
LWPOLYLINE
  5
37F
330
17
100
AcDbEntity
  8
爆区方格网
 62
1
100
AcDbPolyline
 90
5
 70
1
 10
470054.9509704818
 20
4349670.162483713
 10
470054.9509704818
 20
4349671.162483713
 10
470055.9509704818
 20
4349671.162483713
 10
470055.9509704818
 20
4349670.162483713
 10
470054.9509704818
 20
4349670.162483713
  0
TEXT
  5
380
330
17
100
AcDbEntity
  8
0
 62
1
100
AcDbText
 10
470055.2909704818
 20
4349670.592483712
 30
0.0
 40
0.1333
  1
1.82
  7
CN_TTF
 11
470055.2909704818
 21
4349670.592483712
 31
0.0
100
AcDbText
  0
LWPOLYLINE
  5
381
330
17
100
AcDbEntity
  8
爆区方格网
 62
1
100
AcDbPolyline
 90
5
 70
1
 10
470054.9509704818
 20
4349671.162483713
 10
470054.9509704818
 20
4349672.162483713
 10
470055.9509704818
 20
4349672.162483713
 10
470055.9509704818
 20
4349671.162483713
 10
470054.9509704818
 20
4349671.162483713
  0
TEXT
  5
382
330
17
100
AcDbEntity
  8
0
 62
1
100
AcDbText
 10
470055.2909704818
 20
4349671.592483712
 30
0.0
 40
0.1333
  1
1.82
  7
CN_TTF
 11
470055.2909704818
 21
4349671.592483712
 31
0.0
100
AcDbText
  0
LWPOLYLINE
  5
383
330
17
100
AcDbEntity
  8
爆区方格网
 62
1
100
AcDbPolyline
 90
5
 70
1
 10
470054.9509704818
 20
4349672.162483713
 10
470054.9509704818
 20
4349673.162483713
 10
470055.9509704818
 20
4349673.162483713
 10
470055.9509704818
 20
4349672.162483713
 10
470054.9509704818
 20
4349672.162483713
  0
TEXT
  5
384
330
17
100
AcDbEntity
  8
0
 62
1
100
AcDbText
 10
470055.2909704818
 20
4349672.592483712
 30
0.0
 40
0.1333
  1
2.02
  7
CN_TTF
 11
470055.2909704818
 21
4349672.592483712
 31
0.0
100
AcDbText
  0
LWPOLYLINE
  5
385
330
17
100
AcDbEntity
  8
爆区方格网
 62
1
100
AcDbPolyline
 90
5
 70
1
 10
470054.9509704818
 20
4349673.162483713
 10
470054.9509704818
 20
4349674.162483713
 10
470055.9509704818
 20
4349674.162483713
 10
470055.9509704818
 20
4349673.162483713
 10
470054.9509704818
 20
4349673.162483713
  0
TEXT
  5
386
330
17
100
AcDbEntity
  8
0
 62
1
100
AcDbText
 10
470055.2909704818
 20
4349673.592483712
 30
0.0
 40
0.1333
  1
2.02
  7
CN_TTF
 11
470055.2909704818
 21
4349673.592483712
 31
0.0
100
AcDbText
  0
LWPOLYLINE
  5
387
330
17
100
AcDbEntity
  8
爆区方格网
 62
1
100
AcDbPolyline
 90
5
 70
1
 10
470054.9509704818
 20
4349674.162483713
 10
470054.9509704818
 20
4349675.162483713
 10
470055.9509704818
 20
4349675.162483713
 10
470055.9509704818
 20
4349674.162483713
 10
470054.9509704818
 20
4349674.162483713
  0
TEXT
  5
388
330
17
100
AcDbEntity
  8
0
 62
1
100
AcDbText
 10
470055.2909704818
 20
4349674.592483712
 30
0.0
 40
0.1333
  1
2.02
  7
CN_TTF
 11
470055.2909704818
 21
4349674.592483712
 31
0.0
100
AcDbText
  0
LWPOLYLINE
  5
389
330
17
100
AcDbEntity
  8
爆区方格网
 62
1
100
AcDbPolyline
 90
5
 70
1
 10
470054.9509704818
 20
4349675.162483713
 10
470054.9509704818
 20
4349676.162483713
 10
470055.9509704818
 20
4349676.162483713
 10
470055.9509704818
 20
4349675.162483713
 10
470054.9509704818
 20
4349675.162483713
  0
TEXT
  5
38A
330
17
100
AcDbEntity
  8
0
 62
1
100
AcDbText
 10
470055.2909704818
 20
4349675.592483712
 30
0.0
 40
0.1333
  1
2.02
  7
CN_TTF
 11
470055.2909704818
 21
4349675.592483712
 31
0.0
100
AcDbText
  0
LWPOLYLINE
  5
38B
330
17
100
AcDbEntity
  8
爆区方格网
 62
1
100
AcDbPolyline
 90
5
 70
1
 10
470054.9509704818
 20
4349676.162483713
 10
470054.9509704818
 20
4349677.162483713
 10
470055.9509704818
 20
4349677.162483713
 10
470055.9509704818
 20
4349676.162483713
 10
470054.9509704818
 20
4349676.162483713
  0
TEXT
  5
38C
330
17
100
AcDbEntity
  8
0
 62
1
100
AcDbText
 10
470055.2909704818
 20
4349676.592483712
 30
0.0
 40
0.1333
  1
2.02
  7
CN_TTF
 11
470055.2909704818
 21
4349676.592483712
 31
0.0
100
AcDbText
  0
LWPOLYLINE
  5
38D
330
17
100
AcDbEntity
  8
爆区方格网
 62
1
100
AcDbPolyline
 90
5
 70
1
 10
470055.9509704818
 20
4349677.162483713
 10
470054.9509704818
 20
4349677.162483713
 10
470054.9509704818
 20
4349677.570863103
 10
470055.9509704818
 20
4349677.868063024
 10
470055.9509704818
 20
4349677.162483713
  0
TEXT
  5
38E
330
17
100
AcDbEntity
  8
0
 62
1
100
AcDbText
 10
470055.2909704818
 20
4349677.296673408
 30
0.0
 40
0.1333
  1
2.02
  7
CN_TTF
 11
470055.2909704818
 21
4349677.296673408
 31
0.0
100
AcDbText
  0
LWPOLYLINE
  5
38F
330
17
100
AcDbEntity
  8
爆区方格网
 62
1
100
AcDbPolyline
 90
5
 70
1
 10
470055.9509704818
 20
4349664.162483713
 10
470055.9509704818
 20
4349665.162483713
 10
470056.83284547395
 20
4349665.162483713
 10
470056.12483203807
 20
4349664.162483713
 10
470055.9509704818
 20
4349664.162483713
  0
TEXT
  5
390
330
17
100
AcDbEntity
  8
0
 62
1
100
AcDbText
 10
470056.05490461894
 20
4349664.592483712
 30
0.0
 40
0.1333
  1
1.76
  7
CN_TTF
 11
470056.05490461894
 21
4349664.592483712
 31
0.0
100
AcDbText
  0
LWPOLYLINE
  5
391
330
17
100
AcDbEntity
  8
爆区方格网
 62
1
100
AcDbPolyline
 90
6
 70
1
 10
470055.9509704818
 20
4349665.162483713
 10
470055.9509704818
 20
4349666.162483713
 10
470056.9509704818
 20
4349666.162483713
 10
470056.9509704818
 20
4349665.329323778
 10
470056.83284547395
 20
4349665.162483713
 10
470055.9509704818
 20
4349665.162483713
  0
TEXT
  5
392
330
17
100
AcDbEntity
  8
0
 62
1
100
AcDbText
 10
470056.2909704818
 20
4349665.675903745
 30
0.0
 40
0.1333
  1
1.76
  7
CN_TTF
 11
470056.2909704818
 21
4349665.675903745
 31
0.0
100
AcDbText
  0
LWPOLYLINE
  5
393
330
17
100
AcDbEntity
  8
爆区方格网
 62
1
100
AcDbPolyline
 90
5
 70
1
 10
470055.9509704818
 20
4349666.162483713
 10
470055.9509704818
 20
4349667.162483713
 10
470056.9509704818
 20
4349667.162483713
 10
470056.9509704818
 20
4349666.162483713
 10
470055.9509704818
 20
4349666.162483713
  0
TEXT
  5
394
330
17
100
AcDbEntity
  8
0
 62
1
100
AcDbText
 10
470056.2909704818
 20
4349666.592483712
 30
0.0
 40
0.1333
  1
1.76
  7
CN_TTF
 11
470056.2909704818
 21
4349666.592483712
 31
0.0
100
AcDbText
  0
LWPOLYLINE
  5
395
330
17
100
AcDbEntity
  8
爆区方格网
 62
1
100
AcDbPolyline
 90
5
 70
1
 10
470055.9509704818
 20
4349667.162483713
 10
470055.9509704818
 20
4349668.162483713
 10
470056.9509704818
 20
4349668.162483713
 10
470056.9509704818
 20
4349667.162483713
 10
470055.9509704818
 20
4349667.162483713
  0
TEXT
  5
396
330
17
100
AcDbEntity
  8
0
 62
1
100
AcDbText
 10
470056.2909704818
 20
4349667.592483712
 30
0.0
 40
0.1333
  1
1.82
  7
CN_TTF
 11
470056.2909704818
 21
4349667.592483712
 31
0.0
100
AcDbText
  0
LWPOLYLINE
  5
397
330
17
100
AcDbEntity
  8
爆区方格网
 62
1
100
AcDbPolyline
 90
5
 70
1
 10
470055.9509704818
 20
4349668.162483713
 10
470055.9509704818
 20
4349669.162483713
 10
470056.9509704818
 20
4349669.162483713
 10
470056.9509704818
 20
4349668.162483713
 10
470055.9509704818
 20
4349668.162483713
  0
TEXT
  5
398
330
17
100
AcDbEntity
  8
0
 62
1
100
AcDbText
 10
470056.2909704818
 20
4349668.592483712
 30
0.0
 40
0.1333
  1
1.82
  7
CN_TTF
 11
470056.2909704818
 21
4349668.592483712
 31
0.0
100
AcDbText
  0
LWPOLYLINE
  5
399
330
17
100
AcDbEntity
  8
爆区方格网
 62
1
100
AcDbPolyline
 90
5
 70
1
 10
470055.9509704818
 20
4349669.162483713
 10
470055.9509704818
 20
4349670.162483713
 10
470056.9509704818
 20
4349670.162483713
 10
470056.9509704818
 20
4349669.162483713
 10
470055.9509704818
 20
4349669.162483713
  0
TEXT
  5
39A
330
17
100
AcDbEntity
  8
0
 62
1
100
AcDbText
 10
470056.2909704818
 20
4349669.592483712
 30
0.0
 40
0.1333
  1
1.82
  7
CN_TTF
 11
470056.2909704818
 21
4349669.592483712
 31
0.0
100
AcDbText
  0
LWPOLYLINE
  5
39B
330
17
100
AcDbEntity
  8
爆区方格网
 62
1
100
AcDbPolyline
 90
5
 70
1
 10
470055.9509704818
 20
4349670.162483713
 10
470055.9509704818
 20
4349671.162483713
 10
470056.9509704818
 20
4349671.162483713
 10
470056.9509704818
 20
4349670.162483713
 10
470055.9509704818
 20
4349670.162483713
  0
TEXT
  5
39C
330
17
100
AcDbEntity
  8
0
 62
1
100
AcDbText
 10
470056.2909704818
 20
4349670.592483712
 30
0.0
 40
0.1333
  1
1.82
  7
CN_TTF
 11
470056.2909704818
 21
4349670.592483712
 31
0.0
100
AcDbText
  0
LWPOLYLINE
  5
39D
330
17
100
AcDbEntity
  8
爆区方格网
 62
1
100
AcDbPolyline
 90
5
 70
1
 10
470055.9509704818
 20
4349671.162483713
 10
470055.9509704818
 20
4349672.162483713
 10
470056.9509704818
 20
4349672.162483713
 10
470056.9509704818
 20
4349671.162483713
 10
470055.9509704818
 20
4349671.162483713
  0
TEXT
  5
39E
330
17
100
AcDbEntity
  8
0
 62
1
100
AcDbText
 10
470056.2909704818
 20
4349671.592483712
 30
0.0
 40
0.1333
  1
1.82
  7
CN_TTF
 11
470056.2909704818
 21
4349671.592483712
 31
0.0
100
AcDbText
  0
LWPOLYLINE
  5
39F
330
17
100
AcDbEntity
  8
爆区方格网
 62
1
100
AcDbPolyline
 90
5
 70
1
 10
470055.9509704818
 20
4349672.162483713
 10
470055.9509704818
 20
4349673.162483713
 10
470056.9509704818
 20
4349673.162483713
 10
470056.9509704818
 20
4349672.162483713
 10
470055.9509704818
 20
4349672.162483713
  0
TEXT
  5
3A0
330
17
100
AcDbEntity
  8
0
 62
1
100
AcDbText
 10
470056.2909704818
 20
4349672.592483712
 30
0.0
 40
0.1333
  1
1.82
  7
CN_TTF
 11
470056.2909704818
 21
4349672.592483712
 31
0.0
100
AcDbText
  0
LWPOLYLINE
  5
3A1
330
17
100
AcDbEntity
  8
爆区方格网
 62
1
100
AcDbPolyline
 90
5
 70
1
 10
470055.9509704818
 20
4349673.162483713
 10
470055.9509704818
 20
4349674.162483713
 10
470056.9509704818
 20
4349674.162483713
 10
470056.9509704818
 20
4349673.162483713
 10
470055.9509704818
 20
4349673.162483713
  0
TEXT
  5
3A2
330
17
100
AcDbEntity
  8
0
 62
1
100
AcDbText
 10
470056.2909704818
 20
4349673.592483712
 30
0.0
 40
0.1333
  1
2.02
  7
CN_TTF
 11
470056.2909704818
 21
4349673.592483712
 31
0.0
100
AcDbText
  0
LWPOLYLINE
  5
3A3
330
17
100
AcDbEntity
  8
爆区方格网
 62
1
100
AcDbPolyline
 90
5
 70
1
 10
470055.9509704818
 20
4349674.162483713
 10
470055.9509704818
 20
4349675.162483713
 10
470056.9509704818
 20
4349675.162483713
 10
470056.9509704818
 20
4349674.162483713
 10
470055.9509704818
 20
4349674.162483713
  0
TEXT
  5
3A4
330
17
100
AcDbEntity
  8
0
 62
1
100
AcDbText
 10
470056.2909704818
 20
4349674.592483712
 30
0.0
 40
0.1333
  1
2.02
  7
CN_TTF
 11
470056.2909704818
 21
4349674.592483712
 31
0.0
100
AcDbText
  0
LWPOLYLINE
  5
3A5
330
17
100
AcDbEntity
  8
爆区方格网
 62
1
100
AcDbPolyline
 90
5
 70
1
 10
470055.9509704818
 20
4349675.162483713
 10
470055.9509704818
 20
4349676.162483713
 10
470056.9509704818
 20
4349676.162483713
 10
470056.9509704818
 20
4349675.162483713
 10
470055.9509704818
 20
4349675.162483713
  0
TEXT
  5
3A6
330
17
100
AcDbEntity
  8
0
 62
1
100
AcDbText
 10
470056.2909704818
 20
4349675.592483712
 30
0.0
 40
0.1333
  1
2.02
  7
CN_TTF
 11
470056.2909704818
 21
4349675.592483712
 31
0.0
100
AcDbText
  0
LWPOLYLINE
  5
3A7
330
17
100
AcDbEntity
  8
爆区方格网
 62
1
100
AcDbPolyline
 90
5
 70
1
 10
470055.9509704818
 20
4349676.162483713
 10
470055.9509704818
 20
4349677.162483713
 10
470056.9509704818
 20
4349677.162483713
 10
470056.9509704818
 20
4349676.162483713
 10
470055.9509704818
 20
4349676.162483713
  0
TEXT
  5
3A8
330
17
100
AcDbEntity
  8
0
 62
1
100
AcDbText
 10
470056.2909704818
 20
4349676.592483712
 30
0.0
 40
0.1333
  1
2.02
  7
CN_TTF
 11
470056.2909704818
 21
4349676.592483712
 31
0.0
100
AcDbText
  0
LWPOLYLINE
  5
3A9
330
17
100
AcDbEntity
  8
爆区方格网
 62
1
100
AcDbPolyline
 90
6
 70
1
 10
470056.9509704818
 20
4349678.162483713
 10
470056.9509704818
 20
4349677.162483713
 10
470055.9509704818
 20
4349677.162483713
 10
470055.9509704818
 20
4349677.868063024
 10
470056.94161909056
 20
4349678.162483713
 10
470056.9509704818
 20
4349678.162483713
  0
TEXT
  5
3AA
330
17
100
AcDbEntity
  8
0
 62
1
100
AcDbText
 10
470056.2909704818
 20
4349677.445273368
 30
0.0
 40
0.1333
  1
2.02
  7
CN_TTF
 11
470056.2909704818
 21
4349677.445273368
 31
0.0
100
AcDbText
  0
LWPOLYLINE
  5
3AB
330
17
100
AcDbEntity
  8
爆区方格网
 62
1
100
AcDbPolyline
 90
6
 70
1
 10
470056.9509704818
 20
4349666.162483713
 10
470056.9509704818
 20
4349667.162483713
 10
470057.9509704818
 20
4349667.162483713
 10
470057.9509704818
 20
4349666.741726353
 10
470057.5408589098
 20
4349666.162483713
 10
470056.9509704818
 20
4349666.162483713
  0
TEXT
  5
3AC
330
17
100
AcDbEntity
  8
0
 62
1
100
AcDbText
 10
470057.1884425886
 20
4349666.382105032
 30
0.0
 40
0.1333
  1
1.76
  7
CN_TTF
 11
470057.1884425886
 21
4349666.382105032
 31
0.0
100
AcDbText
  0
LWPOLYLINE
  5
3AD
330
17
100
AcDbEntity
  8
爆区方格网
 62
1
100
AcDbPolyline
 90
5
 70
1
 10
470056.9509704818
 20
4349667.162483713
 10
470056.9509704818
 20
4349668.162483713
 10
470057.9509704818
 20
4349668.162483713
 10
470057.9509704818
 20
4349667.162483713
 10
470056.9509704818
 20
4349667.162483713
  0
TEXT
  5
3AE
330
17
100
AcDbEntity
  8
0
 62
1
100
AcDbText
 10
470057.2909704818
 20
4349667.592483712
 30
0.0
 40
0.1333
  1
1.82
  7
CN_TTF
 11
470057.2909704818
 21
4349667.592483712
 31
0.0
100
AcDbText
  0
LWPOLYLINE
  5
3AF
330
17
100
AcDbEntity
  8
爆区方格网
 62
1
100
AcDbPolyline
 90
5
 70
1
 10
470056.9509704818
 20
4349668.162483713
 10
470056.9509704818
 20
4349669.162483713
 10
470057.9509704818
 20
4349669.162483713
 10
470057.9509704818
 20
4349668.162483713
 10
470056.9509704818
 20
4349668.162483713
  0
TEXT
  5
3B0
330
17
100
AcDbEntity
  8
0
 62
1
100
AcDbText
 10
470057.2909704818
 20
4349668.592483712
 30
0.0
 40
0.1333
  1
1.82
  7
CN_TTF
 11
470057.2909704818
 21
4349668.592483712
 31
0.0
100
AcDbText
  0
LWPOLYLINE
  5
3B1
330
17
100
AcDbEntity
  8
爆区方格网
 62
1
100
AcDbPolyline
 90
5
 70
1
 10
470056.9509704818
 20
4349669.162483713
 10
470056.9509704818
 20
4349670.162483713
 10
470057.9509704818
 20
4349670.162483713
 10
470057.9509704818
 20
4349669.162483713
 10
470056.9509704818
 20
4349669.162483713
  0
TEXT
  5
3B2
330
17
100
AcDbEntity
  8
0
 62
1
100
AcDbText
 10
470057.2909704818
 20
4349669.592483712
 30
0.0
 40
0.1333
  1
1.82
  7
CN_TTF
 11
470057.2909704818
 21
4349669.592483712
 31
0.0
100
AcDbText
  0
LWPOLYLINE
  5
3B3
330
17
100
AcDbEntity
  8
爆区方格网
 62
1
100
AcDbPolyline
 90
5
 70
1
 10
470056.9509704818
 20
4349670.162483713
 10
470056.9509704818
 20
4349671.162483713
 10
470057.9509704818
 20
4349671.162483713
 10
470057.9509704818
 20
4349670.162483713
 10
470056.9509704818
 20
4349670.162483713
  0
TEXT
  5
3B4
330
17
100
AcDbEntity
  8
0
 62
1
100
AcDbText
 10
470057.2909704818
 20
4349670.592483712
 30
0.0
 40
0.1333
  1
1.82
  7
CN_TTF
 11
470057.2909704818
 21
4349670.592483712
 31
0.0
100
AcDbText
  0
LWPOLYLINE
  5
3B5
330
17
100
AcDbEntity
  8
爆区方格网
 62
1
100
AcDbPolyline
 90
5
 70
1
 10
470056.9509704818
 20
4349671.162483713
 10
470056.9509704818
 20
4349672.162483713
 10
470057.9509704818
 20
4349672.162483713
 10
470057.9509704818
 20
4349671.162483713
 10
470056.9509704818
 20
4349671.162483713
  0
TEXT
  5
3B6
330
17
100
AcDbEntity
  8
0
 62
1
100
AcDbText
 10
470057.2909704818
 20
4349671.592483712
 30
0.0
 40
0.1333
  1
1.82
  7
CN_TTF
 11
470057.2909704818
 21
4349671.592483712
 31
0.0
100
AcDbText
  0
LWPOLYLINE
  5
3B7
330
17
100
AcDbEntity
  8
爆区方格网
 62
1
100
AcDbPolyline
 90
5
 70
1
 10
470056.9509704818
 20
4349672.162483713
 10
470056.9509704818
 20
4349673.162483713
 10
470057.9509704818
 20
4349673.162483713
 10
470057.9509704818
 20
4349672.162483713
 10
470056.9509704818
 20
4349672.162483713
  0
TEXT
  5
3B8
330
17
100
AcDbEntity
  8
0
 62
1
100
AcDbText
 10
470057.2909704818
 20
4349672.592483712
 30
0.0
 40
0.1333
  1
1.82
  7
CN_TTF
 11
470057.2909704818
 21
4349672.592483712
 31
0.0
100
AcDbText
  0
LWPOLYLINE
  5
3B9
330
17
100
AcDbEntity
  8
爆区方格网
 62
1
100
AcDbPolyline
 90
5
 70
1
 10
470056.9509704818
 20
4349673.162483713
 10
470056.9509704818
 20
4349674.162483713
 10
470057.9509704818
 20
4349674.162483713
 10
470057.9509704818
 20
4349673.162483713
 10
470056.9509704818
 20
4349673.162483713
  0
TEXT
  5
3BA
330
17
100
AcDbEntity
  8
0
 62
1
100
AcDbText
 10
470057.2909704818
 20
4349673.592483712
 30
0.0
 40
0.1333
  1
1.82
  7
CN_TTF
 11
470057.2909704818
 21
4349673.592483712
 31
0.0
100
AcDbText
  0
LWPOLYLINE
  5
3BB
330
17
100
AcDbEntity
  8
爆区方格网
 62
1
100
AcDbPolyline
 90
5
 70
1
 10
470056.9509704818
 20
4349674.162483713
 10
470056.9509704818
 20
4349675.162483713
 10
470057.9509704818
 20
4349675.162483713
 10
470057.9509704818
 20
4349674.162483713
 10
470056.9509704818
 20
4349674.162483713
  0
TEXT
  5
3BC
330
17
100
AcDbEntity
  8
0
 62
1
100
AcDbText
 10
470057.2909704818
 20
4349674.592483712
 30
0.0
 40
0.1333
  1
1.82
  7
CN_TTF
 11
470057.2909704818
 21
4349674.592483712
 31
0.0
100
AcDbText
  0
LWPOLYLINE
  5
3BD
330
17
100
AcDbEntity
  8
爆区方格网
 62
1
100
AcDbPolyline
 90
5
 70
1
 10
470056.9509704818
 20
4349675.162483713
 10
470056.9509704818
 20
4349676.162483713
 10
470057.9509704818
 20
4349676.162483713
 10
470057.9509704818
 20
4349675.162483713
 10
470056.9509704818
 20
4349675.162483713
  0
TEXT
  5
3BE
330
17
100
AcDbEntity
  8
0
 62
1
100
AcDbText
 10
470057.2909704818
 20
4349675.592483712
 30
0.0
 40
0.1333
  1
2.02
  7
CN_TTF
 11
470057.2909704818
 21
4349675.592483712
 31
0.0
100
AcDbText
  0
LWPOLYLINE
  5
3BF
330
17
100
AcDbEntity
  8
爆区方格网
 62
1
100
AcDbPolyline
 90
5
 70
1
 10
470056.9509704818
 20
4349676.162483713
 10
470056.9509704818
 20
4349677.162483713
 10
470057.9509704818
 20
4349677.162483713
 10
470057.9509704818
 20
4349676.162483713
 10
470056.9509704818
 20
4349676.162483713
  0
TEXT
  5
3C0
330
17
100
AcDbEntity
  8
0
 62
1
100
AcDbText
 10
470057.2909704818
 20
4349676.592483712
 30
0.0
 40
0.1333
  1
1.55
  7
CN_TTF
 11
470057.2909704818
 21
4349676.592483712
 31
0.0
100
AcDbText
  0
LWPOLYLINE
  5
3C1
330
17
100
AcDbEntity
  8
爆区方格网
 62
1
100
AcDbPolyline
 90
5
 70
1
 10
470056.9509704818
 20
4349677.162483713
 10
470056.9509704818
 20
4349678.162483713
 10
470057.9509704818
 20
4349678.162483713
 10
470057.9509704818
 20
4349677.162483713
 10
470056.9509704818
 20
4349677.162483713
  0
TEXT
  5
3C2
330
17
100
AcDbEntity
  8
0
 62
1
100
AcDbText
 10
470057.2909704818
 20
4349677.592483712
 30
0.0
 40
0.1333
  1
1.55
  7
CN_TTF
 11
470057.2909704818
 21
4349677.592483712
 31
0.0
100
AcDbText
  0
LWPOLYLINE
  5
3C3
330
17
100
AcDbEntity
  8
爆区方格网
 62
1
100
AcDbPolyline
 90
6
 70
1
 10
470057.9509704818
 20
4349667.162483713
 10
470057.9509704818
 20
4349668.162483713
 10
470058.9509704818
 20
4349668.162483713
 10
470058.9509704818
 20
4349668.154128929
 10
470058.24887234566
 20
4349667.162483713
 10
470057.9509704818
 20
4349667.162483713
  0
TEXT
  5
3C4
330
17
100
AcDbEntity
  8
0
 62
1
100
AcDbText
 10
470058.1154459479
 20
4349667.588306321
 30
0.0
 40
0.1333
  1
1.82
  7
CN_TTF
 11
470058.1154459479
 21
4349667.588306321
 31
0.0
100
AcDbText
  0
LWPOLYLINE
  5
3C5
330
17
100
AcDbEntity
  8
爆区方格网
 62
1
100
AcDbPolyline
 90
5
 70
1
 10
470057.9509704818
 20
4349668.162483713
 10
470057.9509704818
 20
4349669.162483713
 10
470058.9509704818
 20
4349669.162483713
 10
470058.9509704818
 20
4349668.162483713
 10
470057.9509704818
 20
4349668.162483713
  0
TEXT
  5
3C6
330
17
100
AcDbEntity
  8
0
 62
1
100
AcDbText
 10
470058.2909704818
 20
4349668.592483712
 30
0.0
 40
0.1333
  1
1.82
  7
CN_TTF
 11
470058.2909704818
 21
4349668.592483712
 31
0.0
100
AcDbText
  0
LWPOLYLINE
  5
3C7
330
17
100
AcDbEntity
  8
爆区方格网
 62
1
100
AcDbPolyline
 90
5
 70
1
 10
470057.9509704818
 20
4349669.162483713
 10
470057.9509704818
 20
4349670.162483713
 10
470058.9509704818
 20
4349670.162483713
 10
470058.9509704818
 20
4349669.162483713
 10
470057.9509704818
 20
4349669.162483713
  0
TEXT
  5
3C8
330
17
100
AcDbEntity
  8
0
 62
1
100
AcDbText
 10
470058.2909704818
 20
4349669.592483712
 30
0.0
 40
0.1333
  1
1.82
  7
CN_TTF
 11
470058.2909704818
 21
4349669.592483712
 31
0.0
100
AcDbText
  0
LWPOLYLINE
  5
3C9
330
17
100
AcDbEntity
  8
爆区方格网
 62
1
100
AcDbPolyline
 90
5
 70
1
 10
470057.9509704818
 20
4349670.162483713
 10
470057.9509704818
 20
4349671.162483713
 10
470058.9509704818
 20
4349671.162483713
 10
470058.9509704818
 20
4349670.162483713
 10
470057.9509704818
 20
4349670.162483713
  0
TEXT
  5
3CA
330
17
100
AcDbEntity
  8
0
 62
1
100
AcDbText
 10
470058.2909704818
 20
4349670.592483712
 30
0.0
 40
0.1333
  1
1.82
  7
CN_TTF
 11
470058.2909704818
 21
4349670.592483712
 31
0.0
100
AcDbText
  0
LWPOLYLINE
  5
3CB
330
17
100
AcDbEntity
  8
爆区方格网
 62
1
100
AcDbPolyline
 90
5
 70
1
 10
470057.9509704818
 20
4349671.162483713
 10
470057.9509704818
 20
4349672.162483713
 10
470058.9509704818
 20
4349672.162483713
 10
470058.9509704818
 20
4349671.162483713
 10
470057.9509704818
 20
4349671.162483713
  0
TEXT
  5
3CC
330
17
100
AcDbEntity
  8
0
 62
1
100
AcDbText
 10
470058.2909704818
 20
4349671.592483712
 30
0.0
 40
0.1333
  1
1.82
  7
CN_TTF
 11
470058.2909704818
 21
4349671.592483712
 31
0.0
100
AcDbText
  0
LWPOLYLINE
  5
3CD
330
17
100
AcDbEntity
  8
爆区方格网
 62
1
100
AcDbPolyline
 90
5
 70
1
 10
470057.9509704818
 20
4349672.162483713
 10
470057.9509704818
 20
4349673.162483713
 10
470058.9509704818
 20
4349673.162483713
 10
470058.9509704818
 20
4349672.162483713
 10
470057.9509704818
 20
4349672.162483713
  0
TEXT
  5
3CE
330
17
100
AcDbEntity
  8
0
 62
1
100
AcDbText
 10
470058.2909704818
 20
4349672.592483712
 30
0.0
 40
0.1333
  1
1.82
  7
CN_TTF
 11
470058.2909704818
 21
4349672.592483712
 31
0.0
100
AcDbText
  0
LWPOLYLINE
  5
3CF
330
17
100
AcDbEntity
  8
爆区方格网
 62
1
100
AcDbPolyline
 90
5
 70
1
 10
470057.9509704818
 20
4349673.162483713
 10
470057.9509704818
 20
4349674.162483713
 10
470058.9509704818
 20
4349674.162483713
 10
470058.9509704818
 20
4349673.162483713
 10
470057.9509704818
 20
4349673.162483713
  0
TEXT
  5
3D0
330
17
100
AcDbEntity
  8
0
 62
1
100
AcDbText
 10
470058.2909704818
 20
4349673.592483712
 30
0.0
 40
0.1333
  1
1.82
  7
CN_TTF
 11
470058.2909704818
 21
4349673.592483712
 31
0.0
100
AcDbText
  0
LWPOLYLINE
  5
3D1
330
17
100
AcDbEntity
  8
爆区方格网
 62
1
100
AcDbPolyline
 90
5
 70
1
 10
470057.9509704818
 20
4349674.162483713
 10
470057.9509704818
 20
4349675.162483713
 10
470058.9509704818
 20
4349675.162483713
 10
470058.9509704818
 20
4349674.162483713
 10
470057.9509704818
 20
4349674.162483713
  0
TEXT
  5
3D2
330
17
100
AcDbEntity
  8
0
 62
1
100
AcDbText
 10
470058.2909704818
 20
4349674.592483712
 30
0.0
 40
0.1333
  1
1.82
  7
CN_TTF
 11
470058.2909704818
 21
4349674.592483712
 31
0.0
100
AcDbText
  0
LWPOLYLINE
  5
3D3
330
17
100
AcDbEntity
  8
爆区方格网
 62
1
100
AcDbPolyline
 90
5
 70
1
 10
470057.9509704818
 20
4349675.162483713
 10
470057.9509704818
 20
4349676.162483713
 10
470058.9509704818
 20
4349676.162483713
 10
470058.9509704818
 20
4349675.162483713
 10
470057.9509704818
 20
4349675.162483713
  0
TEXT
  5
3D4
330
17
100
AcDbEntity
  8
0
 62
1
100
AcDbText
 10
470058.2909704818
 20
4349675.592483712
 30
0.0
 40
0.1333
  1
1.55
  7
CN_TTF
 11
470058.2909704818
 21
4349675.592483712
 31
0.0
100
AcDbText
  0
LWPOLYLINE
  5
3D5
330
17
100
AcDbEntity
  8
爆区方格网
 62
1
100
AcDbPolyline
 90
5
 70
1
 10
470057.9509704818
 20
4349676.162483713
 10
470057.9509704818
 20
4349677.162483713
 10
470058.9509704818
 20
4349677.162483713
 10
470058.9509704818
 20
4349676.162483713
 10
470057.9509704818
 20
4349676.162483713
  0
TEXT
  5
3D6
330
17
100
AcDbEntity
  8
0
 62
1
100
AcDbText
 10
470058.2909704818
 20
4349676.592483712
 30
0.0
 40
0.1333
  1
1.55
  7
CN_TTF
 11
470058.2909704818
 21
4349676.592483712
 31
0.0
100
AcDbText
  0
LWPOLYLINE
  5
3D7
330
17
100
AcDbEntity
  8
爆区方格网
 62
1
100
AcDbPolyline
 90
5
 70
1
 10
470057.9509704818
 20
4349677.162483713
 10
470057.9509704818
 20
4349678.162483713
 10
470058.9509704818
 20
4349678.162483713
 10
470058.9509704818
 20
4349677.162483713
 10
470057.9509704818
 20
4349677.162483713
  0
TEXT
  5
3D8
330
17
100
AcDbEntity
  8
0
 62
1
100
AcDbText
 10
470058.2909704818
 20
4349677.592483712
 30
0.0
 40
0.1333
  1
1.55
  7
CN_TTF
 11
470058.2909704818
 21
4349677.592483712
 31
0.0
100
AcDbText
  0
LWPOLYLINE
  5
3D9
330
17
100
AcDbEntity
  8
爆区方格网
 62
1
100
AcDbPolyline
 90
6
 70
1
 10
470058.9509704818
 20
4349669.162483713
 10
470058.9509704818
 20
4349670.162483713
 10
470059.9509704818
 20
4349670.162483713
 10
470059.9509704818
 20
4349669.566531504
 10
470059.6648992172
 20
4349669.162483713
 10
470058.9509704818
 20
4349669.162483713
  0
TEXT
  5
3DA
330
17
100
AcDbEntity
  8
0
 62
1
100
AcDbText
 10
470059.2909704818
 20
4349669.794507608
 30
0.0
 40
0.1333
  1
1.82
  7
CN_TTF
 11
470059.2909704818
 21
4349669.794507608
 31
0.0
100
AcDbText
  0
LWPOLYLINE
  5
3DB
330
17
100
AcDbEntity
  8
爆区方格网
 62
1
100
AcDbPolyline
 90
5
 70
1
 10
470058.9509704818
 20
4349670.162483713
 10
470058.9509704818
 20
4349671.162483713
 10
470059.9509704818
 20
4349671.162483713
 10
470059.9509704818
 20
4349670.162483713
 10
470058.9509704818
 20
4349670.162483713
  0
TEXT
  5
3DC
330
17
100
AcDbEntity
  8
0
 62
1
100
AcDbText
 10
470059.2909704818
 20
4349670.592483712
 30
0.0
 40
0.1333
  1
1.82
  7
CN_TTF
 11
470059.2909704818
 21
4349670.592483712
 31
0.0
100
AcDbText
  0
LWPOLYLINE
  5
3DD
330
17
100
AcDbEntity
  8
爆区方格网
 62
1
100
AcDbPolyline
 90
5
 70
1
 10
470058.9509704818
 20
4349671.162483713
 10
470058.9509704818
 20
4349672.162483713
 10
470059.9509704818
 20
4349672.162483713
 10
470059.9509704818
 20
4349671.162483713
 10
470058.9509704818
 20
4349671.162483713
  0
TEXT
  5
3DE
330
17
100
AcDbEntity
  8
0
 62
1
100
AcDbText
 10
470059.2909704818
 20
4349671.592483712
 30
0.0
 40
0.1333
  1
1.82
  7
CN_TTF
 11
470059.2909704818
 21
4349671.592483712
 31
0.0
100
AcDbText
  0
LWPOLYLINE
  5
3DF
330
17
100
AcDbEntity
  8
爆区方格网
 62
1
100
AcDbPolyline
 90
5
 70
1
 10
470058.9509704818
 20
4349672.162483713
 10
470058.9509704818
 20
4349673.162483713
 10
470059.9509704818
 20
4349673.162483713
 10
470059.9509704818
 20
4349672.162483713
 10
470058.9509704818
 20
4349672.162483713
  0
TEXT
  5
3E0
330
17
100
AcDbEntity
  8
0
 62
1
100
AcDbText
 10
470059.2909704818
 20
4349672.592483712
 30
0.0
 40
0.1333
  1
1.82
  7
CN_TTF
 11
470059.2909704818
 21
4349672.592483712
 31
0.0
100
AcDbText
  0
LWPOLYLINE
  5
3E1
330
17
100
AcDbEntity
  8
爆区方格网
 62
1
100
AcDbPolyline
 90
5
 70
1
 10
470058.9509704818
 20
4349673.162483713
 10
470058.9509704818
 20
4349674.162483713
 10
470059.9509704818
 20
4349674.162483713
 10
470059.9509704818
 20
4349673.162483713
 10
470058.9509704818
 20
4349673.162483713
  0
TEXT
  5
3E2
330
17
100
AcDbEntity
  8
0
 62
1
100
AcDbText
 10
470059.2909704818
 20
4349673.592483712
 30
0.0
 40
0.1333
  1
1.82
  7
CN_TTF
 11
470059.2909704818
 21
4349673.592483712
 31
0.0
100
AcDbText
  0
LWPOLYLINE
  5
3E3
330
17
100
AcDbEntity
  8
爆区方格网
 62
1
100
AcDbPolyline
 90
5
 70
1
 10
470058.9509704818
 20
4349674.162483713
 10
470058.9509704818
 20
4349675.162483713
 10
470059.9509704818
 20
4349675.162483713
 10
470059.9509704818
 20
4349674.162483713
 10
470058.9509704818
 20
4349674.162483713
  0
TEXT
  5
3E4
330
17
100
AcDbEntity
  8
0
 62
1
100
AcDbText
 10
470059.2909704818
 20
4349674.592483712
 30
0.0
 40
0.1333
  1
1.55
  7
CN_TTF
 11
470059.2909704818
 21
4349674.592483712
 31
0.0
100
AcDbText
  0
LWPOLYLINE
  5
3E5
330
17
100
AcDbEntity
  8
爆区方格网
 62
1
100
AcDbPolyline
 90
5
 70
1
 10
470058.9509704818
 20
4349675.162483713
 10
470058.9509704818
 20
4349676.162483713
 10
470059.9509704818
 20
4349676.162483713
 10
470059.9509704818
 20
4349675.162483713
 10
470058.9509704818
 20
4349675.162483713
  0
TEXT
  5
3E6
330
17
100
AcDbEntity
  8
0
 62
1
100
AcDbText
 10
470059.2909704818
 20
4349675.592483712
 30
0.0
 40
0.1333
  1
1.55
  7
CN_TTF
 11
470059.2909704818
 21
4349675.592483712
 31
0.0
100
AcDbText
  0
LWPOLYLINE
  5
3E7
330
17
100
AcDbEntity
  8
爆区方格网
 62
1
100
AcDbPolyline
 90
5
 70
1
 10
470058.9509704818
 20
4349676.162483713
 10
470058.9509704818
 20
4349677.162483713
 10
470059.9509704818
 20
4349677.162483713
 10
470059.9509704818
 20
4349676.162483713
 10
470058.9509704818
 20
4349676.162483713
  0
TEXT
  5
3E8
330
17
100
AcDbEntity
  8
0
 62
1
100
AcDbText
 10
470059.2909704818
 20
4349676.592483712
 30
0.0
 40
0.1333
  1
1.55
  7
CN_TTF
 11
470059.2909704818
 21
4349676.592483712
 31
0.0
100
AcDbText
  0
LWPOLYLINE
  5
3E9
330
17
100
AcDbEntity
  8
爆区方格网
 62
1
100
AcDbPolyline
 90
5
 70
1
 10
470058.9509704818
 20
4349677.162483713
 10
470058.9509704818
 20
4349678.162483713
 10
470059.9509704818
 20
4349678.162483713
 10
470059.9509704818
 20
4349677.162483713
 10
470058.9509704818
 20
4349677.162483713
  0
TEXT
  5
3EA
330
17
100
AcDbEntity
  8
0
 62
1
100
AcDbText
 10
470059.2909704818
 20
4349677.592483712
 30
0.0
 40
0.1333
  1
1.55
  7
CN_TTF
 11
470059.2909704818
 21
4349677.592483712
 31
0.0
100
AcDbText
  0
LWPOLYLINE
  5
3EB
330
17
100
AcDbEntity
  8
爆区方格网
 62
1
100
AcDbPolyline
 90
5
 70
1
 10
470059.9509704818
 20
4349678.162483713
 10
470058.9509704818
 20
4349678.162483713
 10
470058.9509704818
 20
4349678.759662788
 10
470059.9509704818
 20
4349679.05686271
 10
470059.9509704818
 20
4349678.162483713
  0
TEXT
  5
3EC
330
17
100
AcDbEntity
  8
0
 62
1
100
AcDbText
 10
470059.2909704818
 20
4349678.39107325
 30
0.0
 40
0.1333
  1
1.55
  7
CN_TTF
 11
470059.2909704818
 21
4349678.39107325
 31
0.0
100
AcDbText
  0
LWPOLYLINE
  5
3ED
330
17
100
AcDbEntity
  8
爆区方格网
 62
1
100
AcDbPolyline
 90
6
 70
1
 10
470059.9509704818
 20
4349670.162483713
 10
470059.9509704818
 20
4349671.162483713
 10
470060.9509704818
 20
4349671.162483713
 10
470060.9509704818
 20
4349670.9789340785
 10
470060.37291265297
 20
4349670.162483713
 10
470059.9509704818
 20
4349670.162483713
  0
TEXT
  5
3EE
330
17
100
AcDbEntity
  8
0
 62
1
100
AcDbText
 10
470060.14645602443
 20
4349670.500708895
 30
0.0
 40
0.1333
  1
1.82
  7
CN_TTF
 11
470060.14645602443
 21
4349670.500708895
 31
0.0
100
AcDbText
  0
LWPOLYLINE
  5
3EF
330
17
100
AcDbEntity
  8
爆区方格网
 62
1
100
AcDbPolyline
 90
5
 70
1
 10
470059.9509704818
 20
4349671.162483713
 10
470059.9509704818
 20
4349672.162483713
 10
470060.9509704818
 20
4349672.162483713
 10
470060.9509704818
 20
4349671.162483713
 10
470059.9509704818
 20
4349671.162483713
  0
TEXT
  5
3F0
330
17
100
AcDbEntity
  8
0
 62
1
100
AcDbText
 10
470060.2909704818
 20
4349671.592483712
 30
0.0
 40
0.1333
  1
1.82
  7
CN_TTF
 11
470060.2909704818
 21
4349671.592483712
 31
0.0
100
AcDbText
  0
LWPOLYLINE
  5
3F1
330
17
100
AcDbEntity
  8
爆区方格网
 62
1
100
AcDbPolyline
 90
5
 70
1
 10
470059.9509704818
 20
4349672.162483713
 10
470059.9509704818
 20
4349673.162483713
 10
470060.9509704818
 20
4349673.162483713
 10
470060.9509704818
 20
4349672.162483713
 10
470059.9509704818
 20
4349672.162483713
  0
TEXT
  5
3F2
330
17
100
AcDbEntity
  8
0
 62
1
100
AcDbText
 10
470060.2909704818
 20
4349672.592483712
 30
0.0
 40
0.1333
  1
1.82
  7
CN_TTF
 11
470060.2909704818
 21
4349672.592483712
 31
0.0
100
AcDbText
  0
LWPOLYLINE
  5
3F3
330
17
100
AcDbEntity
  8
爆区方格网
 62
1
100
AcDbPolyline
 90
5
 70
1
 10
470059.9509704818
 20
4349673.162483713
 10
470059.9509704818
 20
4349674.162483713
 10
470060.9509704818
 20
4349674.162483713
 10
470060.9509704818
 20
4349673.162483713
 10
470059.9509704818
 20
4349673.162483713
  0
TEXT
  5
3F4
330
17
100
AcDbEntity
  8
0
 62
1
100
AcDbText
 10
470060.2909704818
 20
4349673.592483712
 30
0.0
 40
0.1333
  1
1.82
  7
CN_TTF
 11
470060.2909704818
 21
4349673.592483712
 31
0.0
100
AcDbText
  0
LWPOLYLINE
  5
3F5
330
17
100
AcDbEntity
  8
爆区方格网
 62
1
100
AcDbPolyline
 90
5
 70
1
 10
470059.9509704818
 20
4349674.162483713
 10
470059.9509704818
 20
4349675.162483713
 10
470060.9509704818
 20
4349675.162483713
 10
470060.9509704818
 20
4349674.162483713
 10
470059.9509704818
 20
4349674.162483713
  0
TEXT
  5
3F6
330
17
100
AcDbEntity
  8
0
 62
1
100
AcDbText
 10
470060.2909704818
 20
4349674.592483712
 30
0.0
 40
0.1333
  1
1.55
  7
CN_TTF
 11
470060.2909704818
 21
4349674.592483712
 31
0.0
100
AcDbText
  0
LWPOLYLINE
  5
3F7
330
17
100
AcDbEntity
  8
爆区方格网
 62
1
100
AcDbPolyline
 90
5
 70
1
 10
470059.9509704818
 20
4349675.162483713
 10
470059.9509704818
 20
4349676.162483713
 10
470060.9509704818
 20
4349676.162483713
 10
470060.9509704818
 20
4349675.162483713
 10
470059.9509704818
 20
4349675.162483713
  0
TEXT
  5
3F8
330
17
100
AcDbEntity
  8
0
 62
1
100
AcDbText
 10
470060.2909704818
 20
4349675.592483712
 30
0.0
 40
0.1333
  1
1.55
  7
CN_TTF
 11
470060.2909704818
 21
4349675.592483712
 31
0.0
100
AcDbText
  0
LWPOLYLINE
  5
3F9
330
17
100
AcDbEntity
  8
爆区方格网
 62
1
100
AcDbPolyline
 90
5
 70
1
 10
470059.9509704818
 20
4349676.162483713
 10
470059.9509704818
 20
4349677.162483713
 10
470060.9509704818
 20
4349677.162483713
 10
470060.9509704818
 20
4349676.162483713
 10
470059.9509704818
 20
4349676.162483713
  0
TEXT
  5
3FA
330
17
100
AcDbEntity
  8
0
 62
1
100
AcDbText
 10
470060.2909704818
 20
4349676.592483712
 30
0.0
 40
0.1333
  1
1.55
  7
CN_TTF
 11
470060.2909704818
 21
4349676.592483712
 31
0.0
100
AcDbText
  0
LWPOLYLINE
  5
3FB
330
17
100
AcDbEntity
  8
爆区方格网
 62
1
100
AcDbPolyline
 90
5
 70
1
 10
470059.9509704818
 20
4349677.162483713
 10
470059.9509704818
 20
4349678.162483713
 10
470060.9509704818
 20
4349678.162483713
 10
470060.9509704818
 20
4349677.162483713
 10
470059.9509704818
 20
4349677.162483713
  0
TEXT
  5
3FC
330
17
100
AcDbEntity
  8
0
 62
1
100
AcDbText
 10
470060.2909704818
 20
4349677.592483712
 30
0.0
 40
0.1333
  1
1.55
  7
CN_TTF
 11
470060.2909704818
 21
4349677.592483712
 31
0.0
100
AcDbText
  0
LWPOLYLINE
  5
3FD
330
17
100
AcDbEntity
  8
爆区方格网
 62
1
100
AcDbPolyline
 90
6
 70
1
 10
470060.9509704818
 20
4349679.162483713
 10
470060.9509704818
 20
4349678.162483713
 10
470059.9509704818
 20
4349678.162483713
 10
470059.9509704818
 20
4349679.05686271
 10
470060.3063575307
 20
4349679.162483713
 10
470060.9509704818
 20
4349679.162483713
  0
TEXT
  5
3FE
330
17
100
AcDbEntity
  8
0
 62
1
100
AcDbText
 10
470060.2909704818
 20
4349678.539673211
 30
0.0
 40
0.1333
  1
1.55
  7
CN_TTF
 11
470060.2909704818
 21
4349678.539673211
 31
0.0
100
AcDbText
  0
LWPOLYLINE
  5
3FF
330
17
100
AcDbEntity
  8
爆区方格网
 62
1
100
AcDbPolyline
 90
6
 70
1
 10
470060.9509704818
 20
4349672.162483713
 10
470060.9509704818
 20
4349673.162483713
 10
470061.9509704818
 20
4349673.162483713
 10
470061.9509704818
 20
4349672.391336654
 10
470061.7889395245
 20
4349672.162483713
 10
470060.9509704818
 20
4349672.162483713
  0
TEXT
  5
400
330
17
100
AcDbEntity
  8
0
 62
1
100
AcDbText
 10
470061.2909704818
 20
4349672.706910184
 30
0.0
 40
0.1333
  1
1.82
  7
CN_TTF
 11
470061.2909704818
 21
4349672.706910184
 31
0.0
100
AcDbText
  0
LWPOLYLINE
  5
401
330
17
100
AcDbEntity
  8
爆区方格网
 62
1
100
AcDbPolyline
 90
5
 70
1
 10
470060.9509704818
 20
4349673.162483713
 10
470060.9509704818
 20
4349674.162483713
 10
470061.9509704818
 20
4349674.162483713
 10
470061.9509704818
 20
4349673.162483713
 10
470060.9509704818
 20
4349673.162483713
  0
TEXT
  5
402
330
17
100
AcDbEntity
  8
0
 62
1
100
AcDbText
 10
470061.2909704818
 20
4349673.592483712
 30
0.0
 40
0.1333
  1
1.55
  7
CN_TTF
 11
470061.2909704818
 21
4349673.592483712
 31
0.0
100
AcDbText
  0
LWPOLYLINE
  5
403
330
17
100
AcDbEntity
  8
爆区方格网
 62
1
100
AcDbPolyline
 90
5
 70
1
 10
470060.9509704818
 20
4349674.162483713
 10
470060.9509704818
 20
4349675.162483713
 10
470061.9509704818
 20
4349675.162483713
 10
470061.9509704818
 20
4349674.162483713
 10
470060.9509704818
 20
4349674.162483713
  0
TEXT
  5
404
330
17
100
AcDbEntity
  8
0
 62
1
100
AcDbText
 10
470061.2909704818
 20
4349674.592483712
 30
0.0
 40
0.1333
  1
1.55
  7
CN_TTF
 11
470061.2909704818
 21
4349674.592483712
 31
0.0
100
AcDbText
  0
LWPOLYLINE
  5
405
330
17
100
AcDbEntity
  8
爆区方格网
 62
1
100
AcDbPolyline
 90
5
 70
1
 10
470060.9509704818
 20
4349675.162483713
 10
470060.9509704818
 20
4349676.162483713
 10
470061.9509704818
 20
4349676.162483713
 10
470061.9509704818
 20
4349675.162483713
 10
470060.9509704818
 20
4349675.162483713
  0
TEXT
  5
406
330
17
100
AcDbEntity
  8
0
 62
1
100
AcDbText
 10
470061.2909704818
 20
4349675.592483712
 30
0.0
 40
0.1333
  1
1.55
  7
CN_TTF
 11
470061.2909704818
 21
4349675.592483712
 31
0.0
100
AcDbText
  0
LWPOLYLINE
  5
407
330
17
100
AcDbEntity
  8
爆区方格网
 62
1
100
AcDbPolyline
 90
5
 70
1
 10
470060.9509704818
 20
4349676.162483713
 10
470060.9509704818
 20
4349677.162483713
 10
470061.9509704818
 20
4349677.162483713
 10
470061.9509704818
 20
4349676.162483713
 10
470060.9509704818
 20
4349676.162483713
  0
TEXT
  5
408
330
17
100
AcDbEntity
  8
0
 62
1
100
AcDbText
 10
470061.2909704818
 20
4349676.592483712
 30
0.0
 40
0.1333
  1
1.55
  7
CN_TTF
 11
470061.2909704818
 21
4349676.592483712
 31
0.0
100
AcDbText
  0
LWPOLYLINE
  5
409
330
17
100
AcDbEntity
  8
爆区方格网
 62
1
100
AcDbPolyline
 90
5
 70
1
 10
470060.9509704818
 20
4349677.162483713
 10
470060.9509704818
 20
4349678.162483713
 10
470061.9509704818
 20
4349678.162483713
 10
470061.9509704818
 20
4349677.162483713
 10
470060.9509704818
 20
4349677.162483713
  0
TEXT
  5
40A
330
17
100
AcDbEntity
  8
0
 62
1
100
AcDbText
 10
470061.2909704818
 20
4349677.592483712
 30
0.0
 40
0.1333
  1
1.55
  7
CN_TTF
 11
470061.2909704818
 21
4349677.592483712
 31
0.0
100
AcDbText
  0
LWPOLYLINE
  5
40B
330
17
100
AcDbEntity
  8
爆区方格网
 62
1
100
AcDbPolyline
 90
5
 70
1
 10
470060.9509704818
 20
4349678.162483713
 10
470060.9509704818
 20
4349679.162483713
 10
470061.9509704818
 20
4349679.162483713
 10
470061.9509704818
 20
4349678.162483713
 10
470060.9509704818
 20
4349678.162483713
  0
TEXT
  5
40C
330
17
100
AcDbEntity
  8
0
 62
1
100
AcDbText
 10
470061.2909704818
 20
4349678.592483712
 30
0.0
 40
0.1333
  1
1.55
  7
CN_TTF
 11
470061.2909704818
 21
4349678.592483712
 31
0.0
100
AcDbText
  0
LWPOLYLINE
  5
40D
330
17
100
AcDbEntity
  8
爆区方格网
 62
1
100
AcDbPolyline
 90
5
 70
1
 10
470061.9509704818
 20
4349673.162483713
 10
470061.9509704818
 20
4349674.162483713
 10
470062.84284933476
 20
4349674.162483713
 10
470062.3091662288
 20
4349673.162483713
 10
470061.9509704818
 20
4349673.162483713
  0
TEXT
  5
40E
330
17
100
AcDbEntity
  8
0
 62
1
100
AcDbText
 10
470062.10348913184
 20
4349673.592483712
 30
0.0
 40
0.1333
  1
1.55
  7
CN_TTF
 11
470062.10348913184
 21
4349673.592483712
 31
0.0
100
AcDbText
  0
LWPOLYLINE
  5
40F
330
17
100
AcDbEntity
  8
爆区方格网
 62
1
100
AcDbPolyline
 90
6
 70
1
 10
470061.9509704818
 20
4349674.162483713
 10
470061.9509704818
 20
4349675.162483713
 10
470062.9509704818
 20
4349675.162483713
 10
470062.9509704818
 20
4349674.365077998
 10
470062.84284933476
 20
4349674.162483713
 10
470061.9509704818
 20
4349674.162483713
  0
TEXT
  5
410
330
17
100
AcDbEntity
  8
0
 62
1
100
AcDbText
 10
470062.2909704818
 20
4349674.693780854
 30
0.0
 40
0.1333
  1
1.55
  7
CN_TTF
 11
470062.2909704818
 21
4349674.693780854
 31
0.0
100
AcDbText
  0
LWPOLYLINE
  5
411
330
17
100
AcDbEntity
  8
爆区方格网
 62
1
100
AcDbPolyline
 90
5
 70
1
 10
470061.9509704818
 20
4349675.162483713
 10
470061.9509704818
 20
4349676.162483713
 10
470062.9509704818
 20
4349676.162483713
 10
470062.9509704818
 20
4349675.162483713
 10
470061.9509704818
 20
4349675.162483713
  0
TEXT
  5
412
330
17
100
AcDbEntity
  8
0
 62
1
100
AcDbText
 10
470062.2909704818
 20
4349675.592483712
 30
0.0
 40
0.1333
  1
1.55
  7
CN_TTF
 11
470062.2909704818
 21
4349675.592483712
 31
0.0
100
AcDbText
  0
LWPOLYLINE
  5
413
330
17
100
AcDbEntity
  8
爆区方格网
 62
1
100
AcDbPolyline
 90
5
 70
1
 10
470061.9509704818
 20
4349676.162483713
 10
470061.9509704818
 20
4349677.162483713
 10
470062.9509704818
 20
4349677.162483713
 10
470062.9509704818
 20
4349676.162483713
 10
470061.9509704818
 20
4349676.162483713
  0
TEXT
  5
414
330
17
100
AcDbEntity
  8
0
 62
1
100
AcDbText
 10
470062.2909704818
 20
4349676.592483712
 30
0.0
 40
0.1333
  1
1.55
  7
CN_TTF
 11
470062.2909704818
 21
4349676.592483712
 31
0.0
100
AcDbText
  0
LWPOLYLINE
  5
415
330
17
100
AcDbEntity
  8
爆区方格网
 62
1
100
AcDbPolyline
 90
5
 70
1
 10
470061.9509704818
 20
4349677.162483713
 10
470061.9509704818
 20
4349678.162483713
 10
470062.9509704818
 20
4349678.162483713
 10
470062.9509704818
 20
4349677.162483713
 10
470061.9509704818
 20
4349677.162483713
  0
TEXT
  5
416
330
17
100
AcDbEntity
  8
0
 62
1
100
AcDbText
 10
470062.2909704818
 20
4349677.592483712
 30
0.0
 40
0.1333
  1
1.55
  7
CN_TTF
 11
470062.2909704818
 21
4349677.592483712
 31
0.0
100
AcDbText
  0
LWPOLYLINE
  5
417
330
17
100
AcDbEntity
  8
爆区方格网
 62
1
100
AcDbPolyline
 90
5
 70
1
 10
470061.9509704818
 20
4349678.162483713
 10
470061.9509704818
 20
4349679.162483713
 10
470062.9509704818
 20
4349679.162483713
 10
470062.9509704818
 20
4349678.162483713
 10
470061.9509704818
 20
4349678.162483713
  0
TEXT
  5
418
330
17
100
AcDbEntity
  8
0
 62
1
100
AcDbText
 10
470062.2909704818
 20
4349678.592483712
 30
0.0
 40
0.1333
  1
1.55
  7
CN_TTF
 11
470062.2909704818
 21
4349678.592483712
 31
0.0
100
AcDbText
  0
LWPOLYLINE
  5
419
330
17
100
AcDbEntity
  8
爆区方格网
 62
1
100
AcDbPolyline
 90
5
 70
1
 10
470062.9509704818
 20
4349679.162483713
 10
470061.9509704818
 20
4349679.162483713
 10
470061.9509704818
 20
4349679.6512625525
 10
470062.9509704818
 20
4349679.948462474
 10
470062.9509704818
 20
4349679.162483713
  0
TEXT
  5
41A
330
17
100
AcDbEntity
  8
0
 62
1
100
AcDbText
 10
470062.2909704818
 20
4349679.336873133
 30
0.0
 40
0.1333
  1
1.55
  7
CN_TTF
 11
470062.2909704818
 21
4349679.336873133
 31
0.0
100
AcDbText
  0
LWPOLYLINE
  5
41B
330
17
100
AcDbEntity
  8
爆区方格网
 62
1
100
AcDbPolyline
 90
7
 70
1
 10
470062.9509704818
 20
4349675.162483713
 10
470062.9509704818
 20
4349676.162483713
 10
470063.9509704818
 20
4349676.162483713
 10
470063.9509704818
 20
4349675.359940323
 10
470063.4155
 20
4349675.2355
 10
470063.3765324408
 20
4349675.162483713
 10
470062.9509704818
 20
4349675.162483713
  0
TEXT
  5
41C
330
17
100
AcDbEntity
  8
0
 62
1
100
AcDbText
 10
470063.2909704818
 20
4349675.691212017
 30
0.0
 40
0.1333
  1
1.55
  7
CN_TTF
 11
470063.2909704818
 21
4349675.691212017
 31
0.0
100
AcDbText
  0
LWPOLYLINE
  5
41D
330
17
100
AcDbEntity
  8
爆区方格网
 62
1
100
AcDbPolyline
 90
5
 70
1
 10
470062.9509704818
 20
4349676.162483713
 10
470062.9509704818
 20
4349677.162483713
 10
470063.9509704818
 20
4349677.162483713
 10
470063.9509704818
 20
4349676.162483713
 10
470062.9509704818
 20
4349676.162483713
  0
TEXT
  5
41E
330
17
100
AcDbEntity
  8
0
 62
1
100
AcDbText
 10
470063.2909704818
 20
4349676.592483712
 30
0.0
 40
0.1333
  1
1.55
  7
CN_TTF
 11
470063.2909704818
 21
4349676.592483712
 31
0.0
100
AcDbText
  0
LWPOLYLINE
  5
41F
330
17
100
AcDbEntity
  8
爆区方格网
 62
1
100
AcDbPolyline
 90
5
 70
1
 10
470062.9509704818
 20
4349677.162483713
 10
470062.9509704818
 20
4349678.162483713
 10
470063.9509704818
 20
4349678.162483713
 10
470063.9509704818
 20
4349677.162483713
 10
470062.9509704818
 20
4349677.162483713
  0
TEXT
  5
420
330
17
100
AcDbEntity
  8
0
 62
1
100
AcDbText
 10
470063.2909704818
 20
4349677.592483712
 30
0.0
 40
0.1333
  1
1.55
  7
CN_TTF
 11
470063.2909704818
 21
4349677.592483712
 31
0.0
100
AcDbText
  0
LWPOLYLINE
  5
421
330
17
100
AcDbEntity
  8
爆区方格网
 62
1
100
AcDbPolyline
 90
5
 70
1
 10
470062.9509704818
 20
4349678.162483713
 10
470062.9509704818
 20
4349679.162483713
 10
470063.9509704818
 20
4349679.162483713
 10
470063.9509704818
 20
4349678.162483713
 10
470062.9509704818
 20
4349678.162483713
  0
TEXT
  5
422
330
17
100
AcDbEntity
  8
0
 62
1
100
AcDbText
 10
470063.2909704818
 20
4349678.592483712
 30
0.0
 40
0.1333
  1
1.55
  7
CN_TTF
 11
470063.2909704818
 21
4349678.592483712
 31
0.0
100
AcDbText
  0
LWPOLYLINE
  5
423
330
17
100
AcDbEntity
  8
爆区方格网
 62
1
100
AcDbPolyline
 90
6
 70
1
 10
470063.9509704818
 20
4349680.162483713
 10
470063.9509704818
 20
4349679.162483713
 10
470062.9509704818
 20
4349679.162483713
 10
470062.9509704818
 20
4349679.948462474
 10
470063.6710959709
 20
4349680.162483713
 10
470063.9509704818
 20
4349680.162483713
  0
TEXT
  5
424
330
17
100
AcDbEntity
  8
0
 62
1
100
AcDbText
 10
470063.2909704818
 20
4349679.485473093
 30
0.0
 40
0.1333
  1
1.55
  7
CN_TTF
 11
470063.2909704818
 21
4349679.485473093
 31
0.0
100
AcDbText
  0
LWPOLYLINE
  5
425
330
17
100
AcDbEntity
  8
爆区方格网
 62
1
100
AcDbPolyline
 90
7
 70
1
 10
470063.9509704818
 20
4349676.162483713
 10
470064.9509704818
 20
4349676.162483713
 10
470064.9509704818
 20
4349675.59233469
 10
470064.81211506604
 20
4349675.560065473
 10
470064.0728327859
 20
4349675.388260436
 10
470063.9509704818
 20
4349675.359940323
 10
470063.9509704818
 20
4349676.162483713
  0
TEXT
  5
426
330
17
100
AcDbEntity
  8
0
 62
1
100
AcDbText
 10
470064.2909704818
 20
4349675.807409201
 30
0.0
 40
0.1333
  1
1.55
  7
CN_TTF
 11
470064.2909704818
 21
4349675.807409201
 31
0.0
100
AcDbText
  0
LWPOLYLINE
  5
427
330
17
100
AcDbEntity
  8
爆区方格网
 62
1
100
AcDbPolyline
 90
5
 70
1
 10
470063.9509704818
 20
4349676.162483713
 10
470063.9509704818
 20
4349677.162483713
 10
470064.9509704818
 20
4349677.162483713
 10
470064.9509704818
 20
4349676.162483713
 10
470063.9509704818
 20
4349676.162483713
  0
TEXT
  5
428
330
17
100
AcDbEntity
  8
0
 62
1
100
AcDbText
 10
470064.2909704818
 20
4349676.592483712
 30
0.0
 40
0.1333
  1
1.55
  7
CN_TTF
 11
470064.2909704818
 21
4349676.592483712
 31
0.0
100
AcDbText
  0
LWPOLYLINE
  5
429
330
17
100
AcDbEntity
  8
爆区方格网
 62
1
100
AcDbPolyline
 90
5
 70
1
 10
470063.9509704818
 20
4349677.162483713
 10
470063.9509704818
 20
4349678.162483713
 10
470064.9509704818
 20
4349678.162483713
 10
470064.9509704818
 20
4349677.162483713
 10
470063.9509704818
 20
4349677.162483713
  0
TEXT
  5
42A
330
17
100
AcDbEntity
  8
0
 62
1
100
AcDbText
 10
470064.2909704818
 20
4349677.592483712
 30
0.0
 40
0.1333
  1
2.01
  7
CN_TTF
 11
470064.2909704818
 21
4349677.592483712
 31
0.0
100
AcDbText
  0
LWPOLYLINE
  5
42B
330
17
100
AcDbEntity
  8
爆区方格网
 62
1
100
AcDbPolyline
 90
5
 70
1
 10
470063.9509704818
 20
4349678.162483713
 10
470063.9509704818
 20
4349679.162483713
 10
470064.9509704818
 20
4349679.162483713
 10
470064.9509704818
 20
4349678.162483713
 10
470063.9509704818
 20
4349678.162483713
  0
TEXT
  5
42C
330
17
100
AcDbEntity
  8
0
 62
1
100
AcDbText
 10
470064.2909704818
 20
4349678.592483712
 30
0.0
 40
0.1333
  1
2.01
  7
CN_TTF
 11
470064.2909704818
 21
4349678.592483712
 31
0.0
100
AcDbText
  0
LWPOLYLINE
  5
42D
330
17
100
AcDbEntity
  8
爆区方格网
 62
1
100
AcDbPolyline
 90
5
 70
1
 10
470063.9509704818
 20
4349679.162483713
 10
470063.9509704818
 20
4349680.162483713
 10
470064.9509704818
 20
4349680.162483713
 10
470064.9509704818
 20
4349679.162483713
 10
470063.9509704818
 20
4349679.162483713
  0
TEXT
  5
42E
330
17
100
AcDbEntity
  8
0
 62
1
100
AcDbText
 10
470064.2909704818
 20
4349679.592483712
 30
0.0
 40
0.1333
  1
2.01
  7
CN_TTF
 11
470064.2909704818
 21
4349679.592483712
 31
0.0
100
AcDbText
  0
LWPOLYLINE
  5
42F
330
17
100
AcDbEntity
  8
爆区方格网
 62
1
100
AcDbPolyline
 90
5
 70
1
 10
470064.9509704818
 20
4349676.162483713
 10
470064.9509704818
 20
4349677.162483713
 10
470065.9509704818
 20
4349677.162483713
 10
470065.9509704818
 20
4349676.162483713
 10
470064.9509704818
 20
4349676.162483713
  0
TEXT
  5
430
330
17
100
AcDbEntity
  8
0
 62
1
100
AcDbText
 10
470065.2909704818
 20
4349676.592483712
 30
0.0
 40
0.1333
  1
2.01
  7
CN_TTF
 11
470065.2909704818
 21
4349676.592483712
 31
0.0
100
AcDbText
  0
LWPOLYLINE
  5
431
330
17
100
AcDbEntity
  8
爆区方格网
 62
1
100
AcDbPolyline
 90
5
 70
1
 10
470064.9509704818
 20
4349677.162483713
 10
470064.9509704818
 20
4349678.162483713
 10
470065.9509704818
 20
4349678.162483713
 10
470065.9509704818
 20
4349677.162483713
 10
470064.9509704818
 20
4349677.162483713
  0
TEXT
  5
432
330
17
100
AcDbEntity
  8
0
 62
1
100
AcDbText
 10
470065.2909704818
 20
4349677.592483712
 30
0.0
 40
0.1333
  1
2.01
  7
CN_TTF
 11
470065.2909704818
 21
4349677.592483712
 31
0.0
100
AcDbText
  0
LWPOLYLINE
  5
433
330
17
100
AcDbEntity
  8
爆区方格网
 62
1
100
AcDbPolyline
 90
5
 70
1
 10
470064.9509704818
 20
4349678.162483713
 10
470064.9509704818
 20
4349679.162483713
 10
470065.9509704818
 20
4349679.162483713
 10
470065.9509704818
 20
4349678.162483713
 10
470064.9509704818
 20
4349678.162483713
  0
TEXT
  5
434
330
17
100
AcDbEntity
  8
0
 62
1
100
AcDbText
 10
470065.2909704818
 20
4349678.592483712
 30
0.0
 40
0.1333
  1
2.01
  7
CN_TTF
 11
470065.2909704818
 21
4349678.592483712
 31
0.0
100
AcDbText
  0
LWPOLYLINE
  5
435
330
17
100
AcDbEntity
  8
爆区方格网
 62
1
100
AcDbPolyline
 90
5
 70
1
 10
470064.9509704818
 20
4349679.162483713
 10
470064.9509704818
 20
4349680.162483713
 10
470065.9509704818
 20
4349680.162483713
 10
470065.9509704818
 20
4349679.162483713
 10
470064.9509704818
 20
4349679.162483713
  0
TEXT
  5
436
330
17
100
AcDbEntity
  8
0
 62
1
100
AcDbText
 10
470065.2909704818
 20
4349679.592483712
 30
0.0
 40
0.1333
  1
2.01
  7
CN_TTF
 11
470065.2909704818
 21
4349679.592483712
 31
0.0
100
AcDbText
  0
LWPOLYLINE
  5
437
330
17
100
AcDbEntity
  8
爆区方格网
 62
1
100
AcDbPolyline
 90
5
 70
1
 10
470065.9509704818
 20
4349680.162483713
 10
470064.9509704818
 20
4349680.162483713
 10
470064.9509704818
 20
4349680.542862317
 10
470065.9509704818
 20
4349680.840062238
 10
470065.9509704818
 20
4349680.162483713
  0
TEXT
  5
438
330
17
100
AcDbEntity
  8
0
 62
1
100
AcDbText
 10
470065.2909704818
 20
4349680.282673014
 30
0.0
 40
0.1333
  1
2.01
  7
CN_TTF
 11
470065.2909704818
 21
4349680.282673014
 31
0.0
100
AcDbText
  0
LWPOLYLINE
  5
439
330
17
100
AcDbEntity
  8
爆区方格网
 62
1
100
AcDbPolyline
 90
5
 70
1
 10
470065.9509704818
 20
4349676.162483713
 10
470065.9509704818
 20
4349677.162483713
 10
470066.9509704818
 20
4349677.162483713
 10
470066.9509704818
 20
4349676.162483713
 10
470065.9509704818
 20
4349676.162483713
  0
TEXT
  5
43A
330
17
100
AcDbEntity
  8
0
 62
1
100
AcDbText
 10
470066.2909704818
 20
4349676.592483712
 30
0.0
 40
0.1333
  1
2.01
  7
CN_TTF
 11
470066.2909704818
 21
4349676.592483712
 31
0.0
100
AcDbText
  0
LWPOLYLINE
  5
43B
330
17
100
AcDbEntity
  8
爆区方格网
 62
1
100
AcDbPolyline
 90
5
 70
1
 10
470065.9509704818
 20
4349677.162483713
 10
470065.9509704818
 20
4349678.162483713
 10
470066.9509704818
 20
4349678.162483713
 10
470066.9509704818
 20
4349677.162483713
 10
470065.9509704818
 20
4349677.162483713
  0
TEXT
  5
43C
330
17
100
AcDbEntity
  8
0
 62
1
100
AcDbText
 10
470066.2909704818
 20
4349677.592483712
 30
0.0
 40
0.1333
  1
2.01
  7
CN_TTF
 11
470066.2909704818
 21
4349677.592483712
 31
0.0
100
AcDbText
  0
LWPOLYLINE
  5
43D
330
17
100
AcDbEntity
  8
爆区方格网
 62
1
100
AcDbPolyline
 90
5
 70
1
 10
470065.9509704818
 20
4349678.162483713
 10
470065.9509704818
 20
4349679.162483713
 10
470066.9509704818
 20
4349679.162483713
 10
470066.9509704818
 20
4349678.162483713
 10
470065.9509704818
 20
4349678.162483713
  0
TEXT
  5
43E
330
17
100
AcDbEntity
  8
0
 62
1
100
AcDbText
 10
470066.2909704818
 20
4349678.592483712
 30
0.0
 40
0.1333
  1
2.01
  7
CN_TTF
 11
470066.2909704818
 21
4349678.592483712
 31
0.0
100
AcDbText
  0
LWPOLYLINE
  5
43F
330
17
100
AcDbEntity
  8
爆区方格网
 62
1
100
AcDbPolyline
 90
5
 70
1
 10
470065.9509704818
 20
4349679.162483713
 10
470065.9509704818
 20
4349680.162483713
 10
470066.9509704818
 20
4349680.162483713
 10
470066.9509704818
 20
4349679.162483713
 10
470065.9509704818
 20
4349679.162483713
  0
TEXT
  5
440
330
17
100
AcDbEntity
  8
0
 62
1
100
AcDbText
 10
470066.2909704818
 20
4349679.592483712
 30
0.0
 40
0.1333
  1
2.01
  7
CN_TTF
 11
470066.2909704818
 21
4349679.592483712
 31
0.0
100
AcDbText
  0
LWPOLYLINE
  5
441
330
17
100
AcDbEntity
  8
爆区方格网
 62
1
100
AcDbPolyline
 90
5
 70
1
 10
470066.9509704818
 20
4349680.162483713
 10
470065.9509704818
 20
4349680.162483713
 10
470065.9509704818
 20
4349680.840062238
 10
470066.9509704818
 20
4349681.13726216
 10
470066.9509704818
 20
4349680.162483713
  0
TEXT
  5
442
330
17
100
AcDbEntity
  8
0
 62
1
100
AcDbText
 10
470066.2909704818
 20
4349680.431272975
 30
0.0
 40
0.1333
  1
2.01
  7
CN_TTF
 11
470066.2909704818
 21
4349680.431272975
 31
0.0
100
AcDbText
  0
LWPOLYLINE
  5
443
330
17
100
AcDbEntity
  8
爆区方格网
 62
1
100
AcDbPolyline
 90
6
 70
1
 10
470066.9509704818
 20
4349676.162483713
 10
470066.9509704818
 20
4349677.162483713
 10
470067.9509704818
 20
4349677.162483713
 10
470067.9509704818
 20
4349676.389410094
 10
470067.23226721736
 20
4349676.162483713
 10
470066.9509704818
 20
4349676.162483713
  0
TEXT
  5
444
330
17
100
AcDbEntity
  8
0
 62
1
100
AcDbText
 10
470067.2909704818
 20
4349676.705946904
 30
0.0
 40
0.1333
  1
2.01
  7
CN_TTF
 11
470067.2909704818
 21
4349676.705946904
 31
0.0
100
AcDbText
  0
LWPOLYLINE
  5
445
330
17
100
AcDbEntity
  8
爆区方格网
 62
1
100
AcDbPolyline
 90
6
 70
1
 10
470067.9509704818
 20
4349677.162483713
 10
470066.9509704818
 20
4349677.162483713
 10
470066.9509704818
 20
4349678.162483713
 10
470067.8101965855
 20
4349678.162483713
 10
470067.9509704818
 20
4349677.62304943
 10
470067.9509704818
 20
4349677.162483713
  0
TEXT
  5
446
330
17
100
AcDbEntity
  8
0
 62
1
100
AcDbText
 10
470067.25577700784
 20
4349677.82276657
 30
0.0
 40
0.1333
  1
2.01
  7
CN_TTF
 11
470067.25577700784
 21
4349677.82276657
 31
0.0
100
AcDbText
  0
LWPOLYLINE
  5
447
330
17
100
AcDbEntity
  8
爆区方格网
 62
1
100
AcDbPolyline
 90
5
 70
1
 10
470066.9509704818
 20
4349678.162483713
 10
470066.9509704818
 20
4349679.162483713
 10
470067.5492307909
 20
4349679.162483713
 10
470067.8101965855
 20
4349678.162483713
 10
470066.9509704818
 20
4349678.162483713
  0
TEXT
  5
448
330
17
100
AcDbEntity
  8
0
 62
1
100
AcDbText
 10
470067.155342085
 20
4349678.592483712
 30
0.0
 40
0.1333
  1
2.01
  7
CN_TTF
 11
470067.155342085
 21
4349678.592483712
 31
0.0
100
AcDbText
  0
LWPOLYLINE
  5
449
330
17
100
AcDbEntity
  8
爆区方格网
 62
5
100
AcDbPolyline
 90
6
 70
1
 10
470051.9509704818
 20
4349658.162483713
 10
470052.9509704818
 20
4349658.162483713
 10
470052.9509704818
 20
4349657.789903969
 10
470052.0652677214
 20
4349657.464055907
 10
470051.9509704818
 20
4349657.451669092
 10
470051.9509704818
 20
4349658.162483713
  0
TEXT
  5
44A
330
17
100
AcDbEntity
  8
0
 62
5
100
AcDbText
 10
470052.2909704818
 20
4349657.90619384
 30
0.0
 40
0.1333
  1
1.02
  7
CN_TTF
 11
470052.2909704818
 21
4349657.90619384
 31
0.0
100
AcDbText
  0
LWPOLYLINE
  5
44B
330
17
100
AcDbEntity
  8
爆区方格网
 62
5
100
AcDbPolyline
 90
6
 70
1
 10
470052.9509704818
 20
4349659.162483713
 10
470052.9509704818
 20
4349658.162483713
 10
470051.9509704818
 20
4349658.162483713
 10
470051.9509704818
 20
4349658.2673109025
 10
470052.5847648588
 20
4349659.162483713
 10
470052.9509704818
 20
4349659.162483713
  0
TEXT
  5
44C
330
17
100
AcDbEntity
  8
0
 62
5
100
AcDbText
 10
470052.44941907603
 20
4349658.644897307
 30
0.0
 40
0.1333
  1
1.02
  7
CN_TTF
 11
470052.44941907603
 21
4349658.644897307
 31
0.0
100
AcDbText
  0
LWPOLYLINE
  5
44D
330
17
100
AcDbEntity
  8
爆区方格网
 62
5
100
AcDbPolyline
 90
5
 70
1
 10
470052.9509704818
 20
4349658.162483713
 10
470052.9509704818
 20
4349659.162483713
 10
470053.9509704818
 20
4349659.162483713
 10
470053.9509704818
 20
4349658.162483713
 10
470052.9509704818
 20
4349658.162483713
  0
TEXT
  5
44E
330
17
100
AcDbEntity
  8
0
 62
5
100
AcDbText
 10
470053.2909704818
 20
4349658.592483712
 30
0.0
 40
0.1333
  1
1.02
  7
CN_TTF
 11
470053.2909704818
 21
4349658.592483712
 31
0.0
100
AcDbText
  0
LWPOLYLINE
  5
44F
330
17
100
AcDbEntity
  8
爆区方格网
 62
5
100
AcDbPolyline
 90
6
 70
1
 10
470053.9509704818
 20
4349660.162483713
 10
470053.9509704818
 20
4349659.162483713
 10
470052.9509704818
 20
4349659.162483713
 10
470052.9509704818
 20
4349659.679713477
 10
470053.29277829477
 20
4349660.162483713
 10
470053.9509704818
 20
4349660.162483713
  0
TEXT
  5
450
330
17
100
AcDbEntity
  8
0
 62
5
100
AcDbText
 10
470053.2909704818
 20
4349659.351098595
 30
0.0
 40
0.1333
  1
1.02
  7
CN_TTF
 11
470053.2909704818
 21
4349659.351098595
 31
0.0
100
AcDbText
  0
LWPOLYLINE
  5
451
330
17
100
AcDbEntity
  8
爆区方格网
 62
5
100
AcDbPolyline
 90
7
 70
1
 10
470053.9509704818
 20
4349658.162483713
 10
470053.9509704818
 20
4349659.162483713
 10
470054.9509704818
 20
4349659.162483713
 10
470054.9509704818
 20
4349658.52569949
 10
470054.36958667415
 20
4349658.311809689
 10
470053.96369679866
 20
4349658.162483713
 10
470053.9509704818
 20
4349658.162483713
  0
TEXT
  5
452
330
17
100
AcDbEntity
  8
0
 62
5
100
AcDbText
 10
470054.2909704818
 20
4349658.774091601
 30
0.0
 40
0.1333
  1
1.11
  7
CN_TTF
 11
470054.2909704818
 21
4349658.774091601
 31
0.0
100
AcDbText
  0
LWPOLYLINE
  5
453
330
17
100
AcDbEntity
  8
爆区方格网
 62
5
100
AcDbPolyline
 90
5
 70
1
 10
470053.9509704818
 20
4349659.162483713
 10
470053.9509704818
 20
4349660.162483713
 10
470054.9509704818
 20
4349660.162483713
 10
470054.9509704818
 20
4349659.162483713
 10
470053.9509704818
 20
4349659.162483713
  0
TEXT
  5
454
330
17
100
AcDbEntity
  8
0
 62
5
100
AcDbText
 10
470054.2909704818
 20
4349659.592483712
 30
0.0
 40
0.1333
  1
1.02
  7
CN_TTF
 11
470054.2909704818
 21
4349659.592483712
 31
0.0
100
AcDbText
  0
LWPOLYLINE
  5
455
330
17
100
AcDbEntity
  8
爆区方格网
 62
5
100
AcDbPolyline
 90
6
 70
1
 10
470054.9509704818
 20
4349661.162483713
 10
470054.9509704818
 20
4349660.162483713
 10
470053.9509704818
 20
4349660.162483713
 10
470053.9509704818
 20
4349661.092116052
 10
470054.0007917307
 20
4349661.162483713
 10
470054.9509704818
 20
4349661.162483713
  0
TEXT
  5
456
330
17
100
AcDbEntity
  8
0
 62
5
100
AcDbText
 10
470054.2909704818
 20
4349660.557299882
 30
0.0
 40
0.1333
  1
1.02
  7
CN_TTF
 11
470054.2909704818
 21
4349660.557299882
 31
0.0
100
AcDbText
  0
LWPOLYLINE
  5
457
330
17
100
AcDbEntity
  8
爆区方格网
 62
5
100
AcDbPolyline
 90
6
 70
1
 10
470054.9509704818
 20
4349662.162483713
 10
470054.9509704818
 20
4349661.162483713
 10
470054.0007917307
 20
4349661.162483713
 10
470054.3061818366
 20
4349661.593817485
 10
470054.70880516653
 20
4349662.162483713
 10
470054.9509704818
 20
4349662.162483713
  0
TEXT
  5
458
330
17
100
AcDbEntity
  8
0
 62
5
100
AcDbText
 10
470054.56923199183
 20
4349661.808150599
 30
0.0
 40
0.1333
  1
1.06
  7
CN_TTF
 11
470054.56923199183
 21
4349661.808150599
 31
0.0
100
AcDbText
  0
LWPOLYLINE
  5
459
330
17
100
AcDbEntity
  8
爆区方格网
 62
5
100
AcDbPolyline
 90
5
 70
1
 10
470054.9509704818
 20
4349659.162483713
 10
470054.9509704818
 20
4349660.162483713
 10
470055.9509704818
 20
4349660.162483713
 10
470055.9509704818
 20
4349659.162483713
 10
470054.9509704818
 20
4349659.162483713
  0
TEXT
  5
45A
330
17
100
AcDbEntity
  8
0
 62
5
100
AcDbText
 10
470055.2909704818
 20
4349659.592483712
 30
0.0
 40
0.1333
  1
1.11
  7
CN_TTF
 11
470055.2909704818
 21
4349659.592483712
 31
0.0
100
AcDbText
  0
LWPOLYLINE
  5
45B
330
17
100
AcDbEntity
  8
爆区方格网
 62
5
100
AcDbPolyline
 90
5
 70
1
 10
470054.9509704818
 20
4349660.162483713
 10
470054.9509704818
 20
4349661.162483713
 10
470055.9509704818
 20
4349661.162483713
 10
470055.9509704818
 20
4349660.162483713
 10
470054.9509704818
 20
4349660.162483713
  0
TEXT
  5
45C
330
17
100
AcDbEntity
  8
0
 62
5
100
AcDbText
 10
470055.2909704818
 20
4349660.592483712
 30
0.0
 40
0.1333
  1
1.11
  7
CN_TTF
 11
470055.2909704818
 21
4349660.592483712
 31
0.0
100
AcDbText
  0
LWPOLYLINE
  5
45D
330
17
100
AcDbEntity
  8
爆区方格网
 62
5
100
AcDbPolyline
 90
5
 70
1
 10
470054.9509704818
 20
4349661.162483713
 10
470054.9509704818
 20
4349662.162483713
 10
470055.9509704818
 20
4349662.162483713
 10
470055.9509704818
 20
4349661.162483713
 10
470054.9509704818
 20
4349661.162483713
  0
TEXT
  5
45E
330
17
100
AcDbEntity
  8
0
 62
5
100
AcDbText
 10
470055.2909704818
 20
4349661.592483712
 30
0.0
 40
0.1333
  1
1.11
  7
CN_TTF
 11
470055.2909704818
 21
4349661.592483712
 31
0.0
100
AcDbText
  0
LWPOLYLINE
  5
45F
330
17
100
AcDbEntity
  8
爆区方格网
 62
5
100
AcDbPolyline
 90
6
 70
1
 10
470055.9509704818
 20
4349663.162483713
 10
470055.9509704818
 20
4349662.162483713
 10
470054.9509704818
 20
4349662.162483713
 10
470054.9509704818
 20
4349662.504518627
 10
470055.41681860236
 20
4349663.162483713
 10
470055.9509704818
 20
4349663.162483713
  0
TEXT
  5
460
330
17
100
AcDbEntity
  8
0
 62
5
100
AcDbText
 10
470055.4074325118
 20
4349662.763501169
 30
0.0
 40
0.1333
  1
1.06
  7
CN_TTF
 11
470055.4074325118
 21
4349662.763501169
 31
0.0
100
AcDbText
  0
LWPOLYLINE
  5
461
330
17
100
AcDbEntity
  8
爆区方格网
 62
5
100
AcDbPolyline
 90
6
 70
1
 10
470055.9509704818
 20
4349659.162483713
 10
470055.9509704818
 20
4349660.162483713
 10
470056.9509704818
 20
4349660.162483713
 10
470056.9509704818
 20
4349659.26149501
 10
470056.68184327247
 20
4349659.162483713
 10
470055.9509704818
 20
4349659.162483713
  0
TEXT
  5
462
330
17
100
AcDbEntity
  8
0
 62
5
100
AcDbText
 10
470056.2909704818
 20
4349659.6419893615
 30
0.0
 40
0.1333
  1
1.11
  7
CN_TTF
 11
470056.2909704818
 21
4349659.6419893615
 31
0.0
100
AcDbText
  0
LWPOLYLINE
  5
463
330
17
100
AcDbEntity
  8
爆区方格网
 62
5
100
AcDbPolyline
 90
5
 70
1
 10
470055.9509704818
 20
4349660.162483713
 10
470055.9509704818
 20
4349661.162483713
 10
470056.9509704818
 20
4349661.162483713
 10
470056.9509704818
 20
4349660.162483713
 10
470055.9509704818
 20
4349660.162483713
  0
TEXT
  5
464
330
17
100
AcDbEntity
  8
0
 62
5
100
AcDbText
 10
470056.2909704818
 20
4349660.592483712
 30
0.0
 40
0.1333
  1
1.11
  7
CN_TTF
 11
470056.2909704818
 21
4349660.592483712
 31
0.0
100
AcDbText
  0
LWPOLYLINE
  5
465
330
17
100
AcDbEntity
  8
爆区方格网
 62
5
100
AcDbPolyline
 90
5
 70
1
 10
470055.9509704818
 20
4349661.162483713
 10
470055.9509704818
 20
4349662.162483713
 10
470056.9509704818
 20
4349662.162483713
 10
470056.9509704818
 20
4349661.162483713
 10
470055.9509704818
 20
4349661.162483713
  0
TEXT
  5
466
330
17
100
AcDbEntity
  8
0
 62
5
100
AcDbText
 10
470056.2909704818
 20
4349661.592483712
 30
0.0
 40
0.1333
  1
1.11
  7
CN_TTF
 11
470056.2909704818
 21
4349661.592483712
 31
0.0
100
AcDbText
  0
LWPOLYLINE
  5
467
330
17
100
AcDbEntity
  8
爆区方格网
 62
5
100
AcDbPolyline
 90
5
 70
1
 10
470055.9509704818
 20
4349662.162483713
 10
470055.9509704818
 20
4349663.162483713
 10
470056.9509704818
 20
4349663.162483713
 10
470056.9509704818
 20
4349662.162483713
 10
470055.9509704818
 20
4349662.162483713
  0
TEXT
  5
468
330
17
100
AcDbEntity
  8
0
 62
5
100
AcDbText
 10
470056.2909704818
 20
4349662.592483712
 30
0.0
 40
0.1333
  1
1.11
  7
CN_TTF
 11
470056.2909704818
 21
4349662.592483712
 31
0.0
100
AcDbText
  0
LWPOLYLINE
  5
469
330
17
100
AcDbEntity
  8
爆区方格网
 62
5
100
AcDbPolyline
 90
6
 70
1
 10
470056.9509704818
 20
4349664.162483713
 10
470056.9509704818
 20
4349663.162483713
 10
470055.9509704818
 20
4349663.162483713
 10
470055.9509704818
 20
4349663.916921203
 10
470056.1248320382
 20
4349664.162483713
 10
470056.9509704818
 20
4349664.162483713
  0
TEXT
  5
46A
330
17
100
AcDbEntity
  8
0
 62
5
100
AcDbText
 10
470056.2909704818
 20
4349663.469702458
 30
0.0
 40
0.1333
  1
1.06
  7
CN_TTF
 11
470056.2909704818
 21
4349663.469702458
 31
0.0
100
AcDbText
  0
LWPOLYLINE
  5
46B
330
17
100
AcDbEntity
  8
爆区方格网
 62
5
100
AcDbPolyline
 90
5
 70
1
 10
470056.9509704818
 20
4349660.162483713
 10
470057.9509704818
 20
4349660.162483713
 10
470057.9509704818
 20
4349659.62939277
 10
470056.9509704818
 20
4349659.26149501
 10
470056.9509704818
 20
4349660.162483713
  0
TEXT
  5
46C
330
17
100
AcDbEntity
  8
0
 62
5
100
AcDbText
 10
470057.2909704818
 20
4349659.825938242
 30
0.0
 40
0.1333
  1
1.11
  7
CN_TTF
 11
470057.2909704818
 21
4349659.825938242
 31
0.0
100
AcDbText
  0
LWPOLYLINE
  5
46D
330
17
100
AcDbEntity
  8
爆区方格网
 62
5
100
AcDbPolyline
 90
5
 70
1
 10
470056.9509704818
 20
4349660.162483713
 10
470056.9509704818
 20
4349661.162483713
 10
470057.9509704818
 20
4349661.162483713
 10
470057.9509704818
 20
4349660.162483713
 10
470056.9509704818
 20
4349660.162483713
  0
TEXT
  5
46E
330
17
100
AcDbEntity
  8
0
 62
5
100
AcDbText
 10
470057.2909704818
 20
4349660.592483712
 30
0.0
 40
0.1333
  1
1.11
  7
CN_TTF
 11
470057.2909704818
 21
4349660.592483712
 31
0.0
100
AcDbText
  0
LWPOLYLINE
  5
46F
330
17
100
AcDbEntity
  8
爆区方格网
 62
5
100
AcDbPolyline
 90
5
 70
1
 10
470056.9509704818
 20
4349661.162483713
 10
470056.9509704818
 20
4349662.162483713
 10
470057.9509704818
 20
4349662.162483713
 10
470057.9509704818
 20
4349661.162483713
 10
470056.9509704818
 20
4349661.162483713
  0
TEXT
  5
470
330
17
100
AcDbEntity
  8
0
 62
5
100
AcDbText
 10
470057.2909704818
 20
4349661.592483712
 30
0.0
 40
0.1333
  1
1.11
  7
CN_TTF
 11
470057.2909704818
 21
4349661.592483712
 31
0.0
100
AcDbText
  0
LWPOLYLINE
  5
471
330
17
100
AcDbEntity
  8
爆区方格网
 62
5
100
AcDbPolyline
 90
5
 70
1
 10
470056.9509704818
 20
4349662.162483713
 10
470056.9509704818
 20
4349663.162483713
 10
470057.9509704818
 20
4349663.162483713
 10
470057.9509704818
 20
4349662.162483713
 10
470056.9509704818
 20
4349662.162483713
  0
TEXT
  5
472
330
17
100
AcDbEntity
  8
0
 62
5
100
AcDbText
 10
470057.2909704818
 20
4349662.592483712
 30
0.0
 40
0.1333
  1
1.11
  7
CN_TTF
 11
470057.2909704818
 21
4349662.592483712
 31
0.0
100
AcDbText
  0
LWPOLYLINE
  5
473
330
17
100
AcDbEntity
  8
爆区方格网
 62
5
100
AcDbPolyline
 90
5
 70
1
 10
470056.9509704818
 20
4349663.162483713
 10
470056.9509704818
 20
4349664.162483713
 10
470057.9509704818
 20
4349664.162483713
 10
470057.9509704818
 20
4349663.162483713
 10
470056.9509704818
 20
4349663.162483713
  0
TEXT
  5
474
330
17
100
AcDbEntity
  8
0
 62
5
100
AcDbText
 10
470057.2909704818
 20
4349663.592483712
 30
0.0
 40
0.1333
  1
1.11
  7
CN_TTF
 11
470057.2909704818
 21
4349663.592483712
 31
0.0
100
AcDbText
  0
LWPOLYLINE
  5
475
330
17
100
AcDbEntity
  8
爆区方格网
 62
5
100
AcDbPolyline
 90
5
 70
1
 10
470056.9509704818
 20
4349664.162483713
 10
470056.9509704818
 20
4349665.162483713
 10
470057.9509704818
 20
4349665.162483713
 10
470057.9509704818
 20
4349664.162483713
 10
470056.9509704818
 20
4349664.162483713
  0
TEXT
  5
476
330
17
100
AcDbEntity
  8
0
 62
5
100
AcDbText
 10
470057.2909704818
 20
4349664.592483712
 30
0.0
 40
0.1333
  1
1.06
  7
CN_TTF
 11
470057.2909704818
 21
4349664.592483712
 31
0.0
100
AcDbText
  0
LWPOLYLINE
  5
477
330
17
100
AcDbEntity
  8
爆区方格网
 62
5
100
AcDbPolyline
 90
6
 70
1
 10
470057.9509704818
 20
4349666.162483713
 10
470057.9509704818
 20
4349665.162483713
 10
470056.9509704818
 20
4349665.162483713
 10
470056.9509704818
 20
4349665.329323778
 10
470057.5408589098
 20
4349666.162483713
 10
470057.9509704818
 20
4349666.162483713
  0
TEXT
  5
478
330
17
100
AcDbEntity
  8
0
 62
5
100
AcDbText
 10
470057.43844258884
 20
4349665.675903745
 30
0.0
 40
0.1333
  1
1.06
  7
CN_TTF
 11
470057.43844258884
 21
4349665.675903745
 31
0.0
100
AcDbText
  0
LWPOLYLINE
  5
479
330
17
100
AcDbEntity
  8
爆区方格网
 62
5
100
AcDbPolyline
 90
5
 70
1
 10
470057.9509704818
 20
4349660.162483713
 10
470057.9509704818
 20
4349661.162483713
 10
470058.9509704818
 20
4349661.162483713
 10
470058.9509704818
 20
4349660.162483713
 10
470057.9509704818
 20
4349660.162483713
  0
TEXT
  5
47A
330
17
100
AcDbEntity
  8
0
 62
5
100
AcDbText
 10
470058.2909704818
 20
4349660.592483712
 30
0.0
 40
0.1333
  1
1.11
  7
CN_TTF
 11
470058.2909704818
 21
4349660.592483712
 31
0.0
100
AcDbText
  0
LWPOLYLINE
  5
47B
330
17
100
AcDbEntity
  8
爆区方格网
 62
5
100
AcDbPolyline
 90
5
 70
1
 10
470057.9509704818
 20
4349661.162483713
 10
470057.9509704818
 20
4349662.162483713
 10
470058.9509704818
 20
4349662.162483713
 10
470058.9509704818
 20
4349661.162483713
 10
470057.9509704818
 20
4349661.162483713
  0
TEXT
  5
47C
330
17
100
AcDbEntity
  8
0
 62
5
100
AcDbText
 10
470058.2909704818
 20
4349661.592483712
 30
0.0
 40
0.1333
  1
1.11
  7
CN_TTF
 11
470058.2909704818
 21
4349661.592483712
 31
0.0
100
AcDbText
  0
LWPOLYLINE
  5
47D
330
17
100
AcDbEntity
  8
爆区方格网
 62
5
100
AcDbPolyline
 90
5
 70
1
 10
470057.9509704818
 20
4349662.162483713
 10
470057.9509704818
 20
4349663.162483713
 10
470058.9509704818
 20
4349663.162483713
 10
470058.9509704818
 20
4349662.162483713
 10
470057.9509704818
 20
4349662.162483713
  0
TEXT
  5
47E
330
17
100
AcDbEntity
  8
0
 62
5
100
AcDbText
 10
470058.2909704818
 20
4349662.592483712
 30
0.0
 40
0.1333
  1
1.11
  7
CN_TTF
 11
470058.2909704818
 21
4349662.592483712
 31
0.0
100
AcDbText
  0
LWPOLYLINE
  5
47F
330
17
100
AcDbEntity
  8
爆区方格网
 62
5
100
AcDbPolyline
 90
5
 70
1
 10
470057.9509704818
 20
4349663.162483713
 10
470057.9509704818
 20
4349664.162483713
 10
470058.9509704818
 20
4349664.162483713
 10
470058.9509704818
 20
4349663.162483713
 10
470057.9509704818
 20
4349663.162483713
  0
TEXT
  5
480
330
17
100
AcDbEntity
  8
0
 62
5
100
AcDbText
 10
470058.2909704818
 20
4349663.592483712
 30
0.0
 40
0.1333
  1
1.11
  7
CN_TTF
 11
470058.2909704818
 21
4349663.592483712
 31
0.0
100
AcDbText
  0
LWPOLYLINE
  5
481
330
17
100
AcDbEntity
  8
爆区方格网
 62
5
100
AcDbPolyline
 90
5
 70
1
 10
470057.9509704818
 20
4349664.162483713
 10
470057.9509704818
 20
4349665.162483713
 10
470058.9509704818
 20
4349665.162483713
 10
470058.9509704818
 20
4349664.162483713
 10
470057.9509704818
 20
4349664.162483713
  0
TEXT
  5
482
330
17
100
AcDbEntity
  8
0
 62
5
100
AcDbText
 10
470058.2909704818
 20
4349664.592483712
 30
0.0
 40
0.1333
  1
1.11
  7
CN_TTF
 11
470058.2909704818
 21
4349664.592483712
 31
0.0
100
AcDbText
  0
LWPOLYLINE
  5
483
330
17
100
AcDbEntity
  8
爆区方格网
 62
5
100
AcDbPolyline
 90
5
 70
1
 10
470057.9509704818
 20
4349665.162483713
 10
470057.9509704818
 20
4349666.162483713
 10
470058.9509704818
 20
4349666.162483713
 10
470058.9509704818
 20
4349665.162483713
 10
470057.9509704818
 20
4349665.162483713
  0
TEXT
  5
484
330
17
100
AcDbEntity
  8
0
 62
5
100
AcDbText
 10
470058.2909704818
 20
4349665.592483712
 30
0.0
 40
0.1333
  1
1.06
  7
CN_TTF
 11
470058.2909704818
 21
4349665.592483712
 31
0.0
100
AcDbText
  0
LWPOLYLINE
  5
485
330
17
100
AcDbEntity
  8
爆区方格网
 62
5
100
AcDbPolyline
 90
6
 70
1
 10
470058.9509704818
 20
4349667.162483713
 10
470058.9509704818
 20
4349666.162483713
 10
470057.9509704818
 20
4349666.162483713
 10
470057.9509704818
 20
4349666.741726353
 10
470058.2488723456
 20
4349667.162483713
 10
470058.9509704818
 20
4349667.162483713
  0
TEXT
  5
486
330
17
100
AcDbEntity
  8
0
 62
5
100
AcDbText
 10
470058.2909704818
 20
4349666.382105032
 30
0.0
 40
0.1333
  1
1.06
  7
CN_TTF
 11
470058.2909704818
 21
4349666.382105032
 31
0.0
100
AcDbText
  0
LWPOLYLINE
  5
487
330
17
100
AcDbEntity
  8
爆区方格网
 62
5
100
AcDbPolyline
 90
6
 70
1
 10
470058.9509704818
 20
4349660.162483713
 10
470058.9509704818
 20
4349661.162483713
 10
470059.9509704818
 20
4349661.162483713
 10
470059.9509704818
 20
4349660.365188291
 10
470059.39998974634
 20
4349660.162483713
 10
470058.9509704818
 20
4349660.162483713
  0
TEXT
  5
488
330
17
100
AcDbEntity
  8
0
 62
5
100
AcDbText
 10
470059.2909704818
 20
4349660.693836002
 30
0.0
 40
0.1333
  1
1.11
  7
CN_TTF
 11
470059.2909704818
 21
4349660.693836002
 31
0.0
100
AcDbText
  0
LWPOLYLINE
  5
489
330
17
100
AcDbEntity
  8
爆区方格网
 62
5
100
AcDbPolyline
 90
5
 70
1
 10
470058.9509704818
 20
4349661.162483713
 10
470058.9509704818
 20
4349662.162483713
 10
470059.9509704818
 20
4349662.162483713
 10
470059.9509704818
 20
4349661.162483713
 10
470058.9509704818
 20
4349661.162483713
  0
TEXT
  5
48A
330
17
100
AcDbEntity
  8
0
 62
5
100
AcDbText
 10
470059.2909704818
 20
4349661.592483712
 30
0.0
 40
0.1333
  1
1.11
  7
CN_TTF
 11
470059.2909704818
 21
4349661.592483712
 31
0.0
100
AcDbText
  0
LWPOLYLINE
  5
48B
330
17
100
AcDbEntity
  8
爆区方格网
 62
5
100
AcDbPolyline
 90
5
 70
1
 10
470058.9509704818
 20
4349662.162483713
 10
470058.9509704818
 20
4349663.162483713
 10
470059.9509704818
 20
4349663.162483713
 10
470059.9509704818
 20
4349662.162483713
 10
470058.9509704818
 20
4349662.162483713
  0
TEXT
  5
48C
330
17
100
AcDbEntity
  8
0
 62
5
100
AcDbText
 10
470059.2909704818
 20
4349662.592483712
 30
0.0
 40
0.1333
  1
1.11
  7
CN_TTF
 11
470059.2909704818
 21
4349662.592483712
 31
0.0
100
AcDbText
  0
LWPOLYLINE
  5
48D
330
17
100
AcDbEntity
  8
爆区方格网
 62
5
100
AcDbPolyline
 90
5
 70
1
 10
470058.9509704818
 20
4349663.162483713
 10
470058.9509704818
 20
4349664.162483713
 10
470059.9509704818
 20
4349664.162483713
 10
470059.9509704818
 20
4349663.162483713
 10
470058.9509704818
 20
4349663.162483713
  0
TEXT
  5
48E
330
17
100
AcDbEntity
  8
0
 62
5
100
AcDbText
 10
470059.2909704818
 20
4349663.592483712
 30
0.0
 40
0.1333
  1
1.11
  7
CN_TTF
 11
470059.2909704818
 21
4349663.592483712
 31
0.0
100
AcDbText
  0
LWPOLYLINE
  5
48F
330
17
100
AcDbEntity
  8
爆区方格网
 62
5
100
AcDbPolyline
 90
5
 70
1
 10
470058.9509704818
 20
4349664.162483713
 10
470058.9509704818
 20
4349665.162483713
 10
470059.9509704818
 20
4349665.162483713
 10
470059.9509704818
 20
4349664.162483713
 10
470058.9509704818
 20
4349664.162483713
  0
TEXT
  5
490
330
17
100
AcDbEntity
  8
0
 62
5
100
AcDbText
 10
470059.2909704818
 20
4349664.592483712
 30
0.0
 40
0.1333
  1
1.11
  7
CN_TTF
 11
470059.2909704818
 21
4349664.592483712
 31
0.0
100
AcDbText
  0
LWPOLYLINE
  5
491
330
17
100
AcDbEntity
  8
爆区方格网
 62
5
100
AcDbPolyline
 90
5
 70
1
 10
470058.9509704818
 20
4349665.162483713
 10
470058.9509704818
 20
4349666.162483713
 10
470059.9509704818
 20
4349666.162483713
 10
470059.9509704818
 20
4349665.162483713
 10
470058.9509704818
 20
4349665.162483713
  0
TEXT
  5
492
330
17
100
AcDbEntity
  8
0
 62
5
100
AcDbText
 10
470059.2909704818
 20
4349665.592483712
 30
0.0
 40
0.1333
  1
1.11
  7
CN_TTF
 11
470059.2909704818
 21
4349665.592483712
 31
0.0
100
AcDbText
  0
LWPOLYLINE
  5
493
330
17
100
AcDbEntity
  8
爆区方格网
 62
5
100
AcDbPolyline
 90
5
 70
1
 10
470058.9509704818
 20
4349666.162483713
 10
470058.9509704818
 20
4349667.162483713
 10
470059.9509704818
 20
4349667.162483713
 10
470059.9509704818
 20
4349666.162483713
 10
470058.9509704818
 20
4349666.162483713
  0
TEXT
  5
494
330
17
100
AcDbEntity
  8
0
 62
5
100
AcDbText
 10
470059.2909704818
 20
4349666.592483712
 30
0.0
 40
0.1333
  1
1.11
  7
CN_TTF
 11
470059.2909704818
 21
4349666.592483712
 31
0.0
100
AcDbText
  0
LWPOLYLINE
  5
495
330
17
100
AcDbEntity
  8
爆区方格网
 62
5
100
AcDbPolyline
 90
8
 70
1
 10
470059.9509704818
 20
4349667.162483713
 10
470058.9509704818
 20
4349667.162483713
 10
470058.9509704818
 20
4349668.154128929
 10
470058.95688578143
 20
4349668.162483713
 10
470059.67109205446
 20
4349668.162483713
 10
470059.673
 20
4349668.1555
 10
470059.9509704818
 20
4349667.939205337
 10
470059.9509704818
 20
4349667.162483713
  0
TEXT
  5
496
330
17
100
AcDbEntity
  8
0
 62
5
100
AcDbText
 10
470059.2909704818
 20
4349667.480844525
 30
0.0
 40
0.1333
  1
1.06
  7
CN_TTF
 11
470059.2909704818
 21
4349667.480844525
 31
0.0
100
AcDbText
  0
LWPOLYLINE
  5
497
330
17
100
AcDbEntity
  8
爆区方格网
 62
5
100
AcDbPolyline
 90
4
 70
1
 10
470058.95688578143
 20
4349668.162483713
 10
470059.47223541286
 20
4349668.890364859
 10
470059.67109205446
 20
4349668.162483713
 10
470058.95688578143
 20
4349668.162483713
  0
TEXT
  5
498
330
17
100
AcDbEntity
  8
0
 62
5
100
AcDbText
 10
470059.2331121654
 20
4349668.456424286
 30
0.0
 40
0.1333
  1
1.06
  7
CN_TTF
 11
470059.2331121654
 21
4349668.456424286
 31
0.0
100
AcDbText
  0
LWPOLYLINE
  5
499
330
17
100
AcDbEntity
  8
爆区方格网
 62
5
100
AcDbPolyline
 90
6
 70
1
 10
470059.9509704818
 20
4349661.162483713
 10
470060.9509704818
 20
4349661.162483713
 10
470060.9509704818
 20
4349660.733086051
 10
470060.69764099445
 20
4349660.639886701
 10
470059.9509704818
 20
4349660.365188291
 10
470059.9509704818
 20
4349661.162483713
  0
TEXT
  5
49A
330
17
100
AcDbEntity
  8
0
 62
5
100
AcDbText
 10
470060.2909704818
 20
4349660.877784882
 30
0.0
 40
0.1333
  1
1.11
  7
CN_TTF
 11
470060.2909704818
 21
4349660.877784882
 31
0.0
100
AcDbText
  0
LWPOLYLINE
  5
49B
330
17
100
AcDbEntity
  8
爆区方格网
 62
5
100
AcDbPolyline
 90
5
 70
1
 10
470059.9509704818
 20
4349661.162483713
 10
470059.9509704818
 20
4349662.162483713
 10
470060.9509704818
 20
4349662.162483713
 10
470060.9509704818
 20
4349661.162483713
 10
470059.9509704818
 20
4349661.162483713
  0
TEXT
  5
49C
330
17
100
AcDbEntity
  8
0
 62
5
100
AcDbText
 10
470060.2909704818
 20
4349661.592483712
 30
0.0
 40
0.1333
  1
1.11
  7
CN_TTF
 11
470060.2909704818
 21
4349661.592483712
 31
0.0
100
AcDbText
  0
LWPOLYLINE
  5
49D
330
17
100
AcDbEntity
  8
爆区方格网
 62
5
100
AcDbPolyline
 90
5
 70
1
 10
470059.9509704818
 20
4349662.162483713
 10
470059.9509704818
 20
4349663.162483713
 10
470060.9509704818
 20
4349663.162483713
 10
470060.9509704818
 20
4349662.162483713
 10
470059.9509704818
 20
4349662.162483713
  0
TEXT
  5
49E
330
17
100
AcDbEntity
  8
0
 62
5
100
AcDbText
 10
470060.2909704818
 20
4349662.592483712
 30
0.0
 40
0.1333
  1
1.11
  7
CN_TTF
 11
470060.2909704818
 21
4349662.592483712
 31
0.0
100
AcDbText
  0
LWPOLYLINE
  5
49F
330
17
100
AcDbEntity
  8
爆区方格网
 62
5
100
AcDbPolyline
 90
5
 70
1
 10
470059.9509704818
 20
4349663.162483713
 10
470059.9509704818
 20
4349664.162483713
 10
470060.9509704818
 20
4349664.162483713
 10
470060.9509704818
 20
4349663.162483713
 10
470059.9509704818
 20
4349663.162483713
  0
TEXT
  5
4A0
330
17
100
AcDbEntity
  8
0
 62
5
100
AcDbText
 10
470060.2909704818
 20
4349663.592483712
 30
0.0
 40
0.1333
  1
1.11
  7
CN_TTF
 11
470060.2909704818
 21
4349663.592483712
 31
0.0
100
AcDbText
  0
LWPOLYLINE
  5
4A1
330
17
100
AcDbEntity
  8
爆区方格网
 62
5
100
AcDbPolyline
 90
5
 70
1
 10
470059.9509704818
 20
4349664.162483713
 10
470059.9509704818
 20
4349665.162483713
 10
470060.9509704818
 20
4349665.162483713
 10
470060.9509704818
 20
4349664.162483713
 10
470059.9509704818
 20
4349664.162483713
  0
TEXT
  5
4A2
330
17
100
AcDbEntity
  8
0
 62
5
100
AcDbText
 10
470060.2909704818
 20
4349664.592483712
 30
0.0
 40
0.1333
  1
1.11
  7
CN_TTF
 11
470060.2909704818
 21
4349664.592483712
 31
0.0
100
AcDbText
  0
LWPOLYLINE
  5
4A3
330
17
100
AcDbEntity
  8
爆区方格网
 62
5
100
AcDbPolyline
 90
5
 70
1
 10
470059.9509704818
 20
4349665.162483713
 10
470059.9509704818
 20
4349666.162483713
 10
470060.9509704818
 20
4349666.162483713
 10
470060.9509704818
 20
4349665.162483713
 10
470059.9509704818
 20
4349665.162483713
  0
TEXT
  5
4A4
330
17
100
AcDbEntity
  8
0
 62
5
100
AcDbText
 10
470060.2909704818
 20
4349665.592483712
 30
0.0
 40
0.1333
  1
1.11
  7
CN_TTF
 11
470060.2909704818
 21
4349665.592483712
 31
0.0
100
AcDbText
  0
LWPOLYLINE
  5
4A5
330
17
100
AcDbEntity
  8
爆区方格网
 62
5
100
AcDbPolyline
 90
6
 70
1
 10
470060.9509704818
 20
4349666.162483713
 10
470059.9509704818
 20
4349666.162483713
 10
470059.9509704818
 20
4349667.162483713
 10
470060.9491721056
 20
4349667.162483713
 10
470060.9509704818
 20
4349667.161084359
 10
470060.9509704818
 20
4349666.162483713
  0
TEXT
  5
4A6
330
17
100
AcDbEntity
  8
0
 62
5
100
AcDbText
 10
470060.2909704818
 20
4349666.591784036
 30
0.0
 40
0.1333
  1
1.11
  7
CN_TTF
 11
470060.2909704818
 21
4349666.591784036
 31
0.0
100
AcDbText
  0
LWPOLYLINE
  5
4A7
330
17
100
AcDbEntity
  8
爆区方格网
 62
5
100
AcDbPolyline
 90
5
 70
1
 10
470060.9509704818
 20
4349661.162483713
 10
470060.9509704818
 20
4349662.162483713
 10
470061.9509704818
 20
4349662.162483713
 10
470061.9509704818
 20
4349661.162483713
 10
470060.9509704818
 20
4349661.162483713
  0
TEXT
  5
4A8
330
17
100
AcDbEntity
  8
0
 62
5
100
AcDbText
 10
470061.2909704818
 20
4349661.592483712
 30
0.0
 40
0.1333
  1
1.11
  7
CN_TTF
 11
470061.2909704818
 21
4349661.592483712
 31
0.0
100
AcDbText
  0
LWPOLYLINE
  5
4A9
330
17
100
AcDbEntity
  8
爆区方格网
 62
5
100
AcDbPolyline
 90
5
 70
1
 10
470060.9509704818
 20
4349662.162483713
 10
470060.9509704818
 20
4349663.162483713
 10
470061.9509704818
 20
4349663.162483713
 10
470061.9509704818
 20
4349662.162483713
 10
470060.9509704818
 20
4349662.162483713
  0
TEXT
  5
4AA
330
17
100
AcDbEntity
  8
0
 62
5
100
AcDbText
 10
470061.2909704818
 20
4349662.592483712
 30
0.0
 40
0.1333
  1
1.11
  7
CN_TTF
 11
470061.2909704818
 21
4349662.592483712
 31
0.0
100
AcDbText
  0
LWPOLYLINE
  5
4AB
330
17
100
AcDbEntity
  8
爆区方格网
 62
5
100
AcDbPolyline
 90
5
 70
1
 10
470060.9509704818
 20
4349663.162483713
 10
470060.9509704818
 20
4349664.162483713
 10
470061.9509704818
 20
4349664.162483713
 10
470061.9509704818
 20
4349663.162483713
 10
470060.9509704818
 20
4349663.162483713
  0
TEXT
  5
4AC
330
17
100
AcDbEntity
  8
0
 62
5
100
AcDbText
 10
470061.2909704818
 20
4349663.592483712
 30
0.0
 40
0.1333
  1
1.11
  7
CN_TTF
 11
470061.2909704818
 21
4349663.592483712
 31
0.0
100
AcDbText
  0
LWPOLYLINE
  5
4AD
330
17
100
AcDbEntity
  8
爆区方格网
 62
5
100
AcDbPolyline
 90
5
 70
1
 10
470060.9509704818
 20
4349664.162483713
 10
470060.9509704818
 20
4349665.162483713
 10
470061.9509704818
 20
4349665.162483713
 10
470061.9509704818
 20
4349664.162483713
 10
470060.9509704818
 20
4349664.162483713
  0
TEXT
  5
4AE
330
17
100
AcDbEntity
  8
0
 62
5
100
AcDbText
 10
470061.2909704818
 20
4349664.592483712
 30
0.0
 40
0.1333
  1
1.11
  7
CN_TTF
 11
470061.2909704818
 21
4349664.592483712
 31
0.0
100
AcDbText
  0
LWPOLYLINE
  5
4AF
330
17
100
AcDbEntity
  8
爆区方格网
 62
5
100
AcDbPolyline
 90
5
 70
1
 10
470060.9509704818
 20
4349665.162483713
 10
470060.9509704818
 20
4349666.162483713
 10
470061.9509704818
 20
4349666.162483713
 10
470061.9509704818
 20
4349665.162483713
 10
470060.9509704818
 20
4349665.162483713
  0
TEXT
  5
4B0
330
17
100
AcDbEntity
  8
0
 62
5
100
AcDbText
 10
470061.2909704818
 20
4349665.592483712
 30
0.0
 40
0.1333
  1
1.11
  7
CN_TTF
 11
470061.2909704818
 21
4349665.592483712
 31
0.0
100
AcDbText
  0
LWPOLYLINE
  5
4B1
330
17
100
AcDbEntity
  8
爆区方格网
 62
5
100
AcDbPolyline
 90
6
 70
1
 10
470061.9509704818
 20
4349666.162483713
 10
470060.9509704818
 20
4349666.162483713
 10
470060.9509704818
 20
4349667.161084359
 10
470061.61549999996
 20
4349666.643999999
 10
470061.9509704818
 20
4349666.740150027
 10
470061.9509704818
 20
4349666.162483713
  0
TEXT
  5
4B2
330
17
100
AcDbEntity
  8
0
 62
5
100
AcDbText
 10
470061.0923435061
 20
4349666.622075013
 30
0.0
 40
0.1333
  1
1.11
  7
CN_TTF
 11
470061.0923435061
 21
4349666.622075013
 31
0.0
100
AcDbText
  0
LWPOLYLINE
  5
4B3
330
17
100
AcDbEntity
  8
爆区方格网
 62
5
100
AcDbPolyline
 90
6
 70
1
 10
470061.9509704818
 20
4349661.162483713
 10
470061.9509704818
 20
4349662.162483713
 10
470062.9509704818
 20
4349662.162483713
 10
470062.9509704818
 20
4349661.468881573
 10
470062.1181362196
 20
4349661.162483713
 10
470061.9509704818
 20
4349661.162483713
  0
TEXT
  5
4B4
330
17
100
AcDbEntity
  8
0
 62
5
100
AcDbText
 10
470062.2909704818
 20
4349661.745682642
 30
0.0
 40
0.1333
  1
1.11
  7
CN_TTF
 11
470062.2909704818
 21
4349661.745682642
 31
0.0
100
AcDbText
  0
LWPOLYLINE
  5
4B5
330
17
100
AcDbEntity
  8
爆区方格网
 62
5
100
AcDbPolyline
 90
5
 70
1
 10
470061.9509704818
 20
4349662.162483713
 10
470061.9509704818
 20
4349663.162483713
 10
470062.9509704818
 20
4349663.162483713
 10
470062.9509704818
 20
4349662.162483713
 10
470061.9509704818
 20
4349662.162483713
  0
TEXT
  5
4B6
330
17
100
AcDbEntity
  8
0
 62
5
100
AcDbText
 10
470062.2909704818
 20
4349662.592483712
 30
0.0
 40
0.1333
  1
1.11
  7
CN_TTF
 11
470062.2909704818
 21
4349662.592483712
 31
0.0
100
AcDbText
  0
LWPOLYLINE
  5
4B7
330
17
100
AcDbEntity
  8
爆区方格网
 62
5
100
AcDbPolyline
 90
5
 70
1
 10
470061.9509704818
 20
4349663.162483713
 10
470061.9509704818
 20
4349664.162483713
 10
470062.9509704818
 20
4349664.162483713
 10
470062.9509704818
 20
4349663.162483713
 10
470061.9509704818
 20
4349663.162483713
  0
TEXT
  5
4B8
330
17
100
AcDbEntity
  8
0
 62
5
100
AcDbText
 10
470062.2909704818
 20
4349663.592483712
 30
0.0
 40
0.1333
  1
1.11
  7
CN_TTF
 11
470062.2909704818
 21
4349663.592483712
 31
0.0
100
AcDbText
  0
LWPOLYLINE
  5
4B9
330
17
100
AcDbEntity
  8
爆区方格网
 62
5
100
AcDbPolyline
 90
5
 70
1
 10
470061.9509704818
 20
4349664.162483713
 10
470061.9509704818
 20
4349665.162483713
 10
470062.9509704818
 20
4349665.162483713
 10
470062.9509704818
 20
4349664.162483713
 10
470061.9509704818
 20
4349664.162483713
  0
TEXT
  5
4BA
330
17
100
AcDbEntity
  8
0
 62
5
100
AcDbText
 10
470062.2909704818
 20
4349664.592483712
 30
0.0
 40
0.1333
  1
1.11
  7
CN_TTF
 11
470062.2909704818
 21
4349664.592483712
 31
0.0
100
AcDbText
  0
LWPOLYLINE
  5
4BB
330
17
100
AcDbEntity
  8
爆区方格网
 62
5
100
AcDbPolyline
 90
5
 70
1
 10
470061.9509704818
 20
4349665.162483713
 10
470061.9509704818
 20
4349666.162483713
 10
470062.9509704818
 20
4349666.162483713
 10
470062.9509704818
 20
4349665.162483713
 10
470061.9509704818
 20
4349665.162483713
  0
TEXT
  5
4BC
330
17
100
AcDbEntity
  8
0
 62
5
100
AcDbText
 10
470062.2909704818
 20
4349665.592483712
 30
0.0
 40
0.1333
  1
1.11
  7
CN_TTF
 11
470062.2909704818
 21
4349665.592483712
 31
0.0
100
AcDbText
  0
LWPOLYLINE
  5
4BD
330
17
100
AcDbEntity
  8
爆区方格网
 62
5
100
AcDbPolyline
 90
5
 70
1
 10
470062.9509704818
 20
4349666.162483713
 10
470061.9509704818
 20
4349666.162483713
 10
470061.9509704818
 20
4349666.740150027
 10
470062.9509704818
 20
4349667.02676251
 10
470062.9509704818
 20
4349666.162483713
  0
TEXT
  5
4BE
330
17
100
AcDbEntity
  8
0
 62
5
100
AcDbText
 10
470062.2909704818
 20
4349666.3813168695
 30
0.0
 40
0.1333
  1
1.11
  7
CN_TTF
 11
470062.2909704818
 21
4349666.3813168695
 31
0.0
100
AcDbText
  0
LWPOLYLINE
  5
4BF
330
17
100
AcDbEntity
  8
爆区方格网
 62
5
100
AcDbPolyline
 90
6
 70
1
 10
470062.9509704818
 20
4349673.162483713
 10
470062.9509704818
 20
4349672.210633739
 10
470062.17941696773
 20
4349672.713995059
 10
470062.144
 20
4349672.853
 10
470062.3091662289
 20
4349673.162483713
 10
470062.9509704818
 20
4349673.162483713
  0
TEXT
  5
4C0
330
17
100
AcDbEntity
  8
0
 62
5
100
AcDbText
 10
470062.5980821033
 20
4349672.392314399
 30
0.0
 40
0.1333
  1
1.02
  7
CN_TTF
 11
470062.5980821033
 21
4349672.392314399
 31
0.0
100
AcDbText
  0
LWPOLYLINE
  5
4C1
330
17
100
AcDbEntity
  8
爆区方格网
 62
5
100
AcDbPolyline
 90
5
 70
1
 10
470062.9509704818
 20
4349662.162483713
 10
470063.9509704818
 20
4349662.162483713
 10
470063.9509704818
 20
4349661.836779333
 10
470062.9509704818
 20
4349661.468881573
 10
470062.9509704818
 20
4349662.162483713
  0
TEXT
  5
4C2
330
17
100
AcDbEntity
  8
0
 62
5
100
AcDbText
 10
470063.0409704818
 20
4349661.582830452
 30
0.0
 40
0.1333
  1
1.11
  7
CN_TTF
 11
470063.0409704818
 21
4349661.582830452
 31
0.0
100
AcDbText
  0
LWPOLYLINE
  5
4C3
330
17
100
AcDbEntity
  8
爆区方格网
 62
5
100
AcDbPolyline
 90
5
 70
1
 10
470062.9509704818
 20
4349662.162483713
 10
470062.9509704818
 20
4349663.162483713
 10
470063.9509704818
 20
4349663.162483713
 10
470063.9509704818
 20
4349662.162483713
 10
470062.9509704818
 20
4349662.162483713
  0
TEXT
  5
4C4
330
17
100
AcDbEntity
  8
0
 62
5
100
AcDbText
 10
470063.2909704818
 20
4349662.592483712
 30
0.0
 40
0.1333
  1
1.11
  7
CN_TTF
 11
470063.2909704818
 21
4349662.592483712
 31
0.0
100
AcDbText
  0
LWPOLYLINE
  5
4C5
330
17
100
AcDbEntity
  8
爆区方格网
 62
5
100
AcDbPolyline
 90
5
 70
1
 10
470062.9509704818
 20
4349663.162483713
 10
470062.9509704818
 20
4349664.162483713
 10
470063.9509704818
 20
4349664.162483713
 10
470063.9509704818
 20
4349663.162483713
 10
470062.9509704818
 20
4349663.162483713
  0
TEXT
  5
4C6
330
17
100
AcDbEntity
  8
0
 62
5
100
AcDbText
 10
470063.2909704818
 20
4349663.592483712
 30
0.0
 40
0.1333
  1
1.11
  7
CN_TTF
 11
470063.2909704818
 21
4349663.592483712
 31
0.0
100
AcDbText
  0
LWPOLYLINE
  5
4C7
330
17
100
AcDbEntity
  8
爆区方格网
 62
5
100
AcDbPolyline
 90
5
 70
1
 10
470062.9509704818
 20
4349664.162483713
 10
470062.9509704818
 20
4349665.162483713
 10
470063.9509704818
 20
4349665.162483713
 10
470063.9509704818
 20
4349664.162483713
 10
470062.9509704818
 20
4349664.162483713
  0
TEXT
  5
4C8
330
17
100
AcDbEntity
  8
0
 62
5
100
AcDbText
 10
470063.2909704818
 20
4349664.592483712
 30
0.0
 40
0.1333
  1
1.11
  7
CN_TTF
 11
470063.2909704818
 21
4349664.592483712
 31
0.0
100
AcDbText
  0
LWPOLYLINE
  5
4C9
330
17
100
AcDbEntity
  8
爆区方格网
 62
5
100
AcDbPolyline
 90
5
 70
1
 10
470062.9509704818
 20
4349665.162483713
 10
470062.9509704818
 20
4349666.162483713
 10
470063.9509704818
 20
4349666.162483713
 10
470063.9509704818
 20
4349665.162483713
 10
470062.9509704818
 20
4349665.162483713
  0
TEXT
  5
4CA
330
17
100
AcDbEntity
  8
0
 62
5
100
AcDbText
 10
470063.2909704818
 20
4349665.592483712
 30
0.0
 40
0.1333
  1
1.11
  7
CN_TTF
 11
470063.2909704818
 21
4349665.592483712
 31
0.0
100
AcDbText
  0
LWPOLYLINE
  5
4CB
330
17
100
AcDbEntity
  8
爆区方格网
 62
5
100
AcDbPolyline
 90
7
 70
1
 10
470063.9509704818
 20
4349667.162483713
 10
470063.9509704818
 20
4349666.162483713
 10
470062.9509704818
 20
4349666.162483713
 10
470062.9509704818
 20
4349667.02676251
 10
470063.29631840676
 20
4349667.125743536
 10
470063.4245060426
 20
4349667.162483713
 10
470063.9509704818
 20
4349667.162483713
  0
TEXT
  5
4CC
330
17
100
AcDbEntity
  8
0
 62
5
100
AcDbText
 10
470063.2909704818
 20
4349666.524623111
 30
0.0
 40
0.1333
  1
1.48
  7
CN_TTF
 11
470063.2909704818
 21
4349666.524623111
 31
0.0
100
AcDbText
  0
LWPOLYLINE
  5
4CD
330
17
100
AcDbEntity
  8
爆区方格网
 62
5
100
AcDbPolyline
 90
6
 70
1
 10
470062.9509704818
 20
4349673.162483713
 10
470063.9509704818
 20
4349673.162483713
 10
470063.9509704818
 20
4349672.162483713
 10
470063.02477496455
 20
4349672.162483713
 10
470062.9509704818
 20
4349672.210633739
 10
470062.9509704818
 20
4349673.162483713
  0
TEXT
  5
4CE
330
17
100
AcDbEntity
  8
0
 62
5
100
AcDbText
 10
470063.2909704818
 20
4349672.616558725
 30
0.0
 40
0.1333
  1
1.02
  7
CN_TTF
 11
470063.2909704818
 21
4349672.616558725
 31
0.0
100
AcDbText
  0
LWPOLYLINE
  5
4CF
330
17
100
AcDbEntity
  8
爆区方格网
 62
5
100
AcDbPolyline
 90
5
 70
1
 10
470062.9509704818
 20
4349673.162483713
 10
470062.9509704818
 20
4349674.162483713
 10
470063.9509704818
 20
4349674.162483713
 10
470063.9509704818
 20
4349673.162483713
 10
470062.9509704818
 20
4349673.162483713
  0
TEXT
  5
4D0
330
17
100
AcDbEntity
  8
0
 62
5
100
AcDbText
 10
470063.2909704818
 20
4349673.592483712
 30
0.0
 40
0.1333
  1
1.02
  7
CN_TTF
 11
470063.2909704818
 21
4349673.592483712
 31
0.0
100
AcDbText
  0
LWPOLYLINE
  5
4D1
330
17
100
AcDbEntity
  8
爆区方格网
 62
5
100
AcDbPolyline
 90
6
 70
1
 10
470063.9509704818
 20
4349675.162483713
 10
470063.9509704818
 20
4349674.162483713
 10
470062.9509704818
 20
4349674.162483713
 10
470062.9509704818
 20
4349674.365077997
 10
470063.3765324408
 20
4349675.162483713
 10
470063.9509704818
 20
4349675.162483713
  0
TEXT
  5
4D2
330
17
100
AcDbEntity
  8
0
 62
5
100
AcDbText
 10
470063.3973609716
 20
4349674.693780854
 30
0.0
 40
0.1333
  1
1.02
  7
CN_TTF
 11
470063.3973609716
 21
4349674.693780854
 31
0.0
100
AcDbText
  0
LWPOLYLINE
  5
4D3
330
17
100
AcDbEntity
  8
爆区方格网
 62
5
100
AcDbPolyline
 90
7
 70
1
 10
470063.9509704818
 20
4349662.162483713
 10
470063.9509704818
 20
4349663.162483713
 10
470064.9509704818
 20
4349663.162483713
 10
470064.9509704818
 20
4349662.204677093
 10
470064.86512526317
 20
4349662.17309483
 10
470064.8362826931
 20
4349662.162483713
 10
470063.9509704818
 20
4349662.162483713
  0
TEXT
  5
4D4
330
17
100
AcDbEntity
  8
0
 62
5
100
AcDbText
 10
470064.2909704818
 20
4349662.613580402
 30
0.0
 40
0.1333
  1
1.11
  7
CN_TTF
 11
470064.2909704818
 21
4349662.613580402
 31
0.0
100
AcDbText
  0
LWPOLYLINE
  5
4D5
330
17
100
AcDbEntity
  8
爆区方格网
 62
5
100
AcDbPolyline
 90
5
 70
1
 10
470063.9509704818
 20
4349663.162483713
 10
470063.9509704818
 20
4349664.162483713
 10
470064.9509704818
 20
4349664.162483713
 10
470064.9509704818
 20
4349663.162483713
 10
470063.9509704818
 20
4349663.162483713
  0
TEXT
  5
4D6
330
17
100
AcDbEntity
  8
0
 62
5
100
AcDbText
 10
470064.2909704818
 20
4349663.592483712
 30
0.0
 40
0.1333
  1
1.48
  7
CN_TTF
 11
470064.2909704818
 21
4349663.592483712
 31
0.0
100
AcDbText
  0
LWPOLYLINE
  5
4D7
330
17
100
AcDbEntity
  8
爆区方格网
 62
5
100
AcDbPolyline
 90
5
 70
1
 10
470063.9509704818
 20
4349664.162483713
 10
470063.9509704818
 20
4349665.162483713
 10
470064.9509704818
 20
4349665.162483713
 10
470064.9509704818
 20
4349664.162483713
 10
470063.9509704818
 20
4349664.162483713
  0
TEXT
  5
4D8
330
17
100
AcDbEntity
  8
0
 62
5
100
AcDbText
 10
470064.2909704818
 20
4349664.592483712
 30
0.0
 40
0.1333
  1
1.48
  7
CN_TTF
 11
470064.2909704818
 21
4349664.592483712
 31
0.0
100
AcDbText
  0
LWPOLYLINE
  5
4D9
330
17
100
AcDbEntity
  8
爆区方格网
 62
5
100
AcDbPolyline
 90
5
 70
1
 10
470063.9509704818
 20
4349665.162483713
 10
470063.9509704818
 20
4349666.162483713
 10
470064.9509704818
 20
4349666.162483713
 10
470064.9509704818
 20
4349665.162483713
 10
470063.9509704818
 20
4349665.162483713
  0
TEXT
  5
4DA
330
17
100
AcDbEntity
  8
0
 62
5
100
AcDbText
 10
470064.2909704818
 20
4349665.592483712
 30
0.0
 40
0.1333
  1
1.48
  7
CN_TTF
 11
470064.2909704818
 21
4349665.592483712
 31
0.0
100
AcDbText
  0
LWPOLYLINE
  5
4DB
330
17
100
AcDbEntity
  8
爆区方格网
 62
5
100
AcDbPolyline
 90
5
 70
1
 10
470063.9509704818
 20
4349666.162483713
 10
470063.9509704818
 20
4349667.162483713
 10
470064.9509704818
 20
4349667.162483713
 10
470064.9509704818
 20
4349666.162483713
 10
470063.9509704818
 20
4349666.162483713
  0
TEXT
  5
4DC
330
17
100
AcDbEntity
  8
0
 62
5
100
AcDbText
 10
470064.2909704818
 20
4349666.592483712
 30
0.0
 40
0.1333
  1
1.48
  7
CN_TTF
 11
470064.2909704818
 21
4349666.592483712
 31
0.0
100
AcDbText
  0
LWPOLYLINE
  5
4DD
330
17
100
AcDbEntity
  8
爆区方格网
 62
5
100
AcDbPolyline
 90
7
 70
1
 10
470063.9509704818
 20
4349672.162483713
 10
470064.9509704818
 20
4349672.162483713
 10
470064.9509704818
 20
4349671.162483713
 10
470064.51651842473
 20
4349671.162483713
 10
470064.228
 20
4349671.3774999995
 10
470063.9509704818
 20
4349671.5582339885
 10
470063.9509704818
 20
4349672.162483713
  0
TEXT
  5
4DE
330
17
100
AcDbEntity
  8
0
 62
5
100
AcDbText
 10
470064.2909704818
 20
4349671.790358851
 30
0.0
 40
0.1333
  1
1.02
  7
CN_TTF
 11
470064.2909704818
 21
4349671.790358851
 31
0.0
100
AcDbText
  0
LWPOLYLINE
  5
4DF
330
17
100
AcDbEntity
  8
爆区方格网
 62
5
100
AcDbPolyline
 90
5
 70
1
 10
470063.9509704818
 20
4349672.162483713
 10
470063.9509704818
 20
4349673.162483713
 10
470064.9509704818
 20
4349673.162483713
 10
470064.9509704818
 20
4349672.162483713
 10
470063.9509704818
 20
4349672.162483713
  0
TEXT
  5
4E0
330
17
100
AcDbEntity
  8
0
 62
5
100
AcDbText
 10
470064.2909704818
 20
4349672.592483712
 30
0.0
 40
0.1333
  1
1.02
  7
CN_TTF
 11
470064.2909704818
 21
4349672.592483712
 31
0.0
100
AcDbText
  0
LWPOLYLINE
  5
4E1
330
17
100
AcDbEntity
  8
爆区方格网
 62
5
100
AcDbPolyline
 90
5
 70
1
 10
470063.9509704818
 20
4349673.162483713
 10
470063.9509704818
 20
4349674.162483713
 10
470064.9509704818
 20
4349674.162483713
 10
470064.9509704818
 20
4349673.162483713
 10
470063.9509704818
 20
4349673.162483713
  0
TEXT
  5
4E2
330
17
100
AcDbEntity
  8
0
 62
5
100
AcDbText
 10
470064.2909704818
 20
4349673.592483712
 30
0.0
 40
0.1333
  1
1.02
  7
CN_TTF
 11
470064.2909704818
 21
4349673.592483712
 31
0.0
100
AcDbText
  0
LWPOLYLINE
  5
4E3
330
17
100
AcDbEntity
  8
爆区方格网
 62
5
100
AcDbPolyline
 90
5
 70
1
 10
470063.9509704818
 20
4349674.162483713
 10
470063.9509704818
 20
4349675.162483713
 10
470064.9509704818
 20
4349675.162483713
 10
470064.9509704818
 20
4349674.162483713
 10
470063.9509704818
 20
4349674.162483713
  0
TEXT
  5
4E4
330
17
100
AcDbEntity
  8
0
 62
5
100
AcDbText
 10
470064.2909704818
 20
4349674.592483712
 30
0.0
 40
0.1333
  1
1.02
  7
CN_TTF
 11
470064.2909704818
 21
4349674.592483712
 31
0.0
100
AcDbText
  0
LWPOLYLINE
  5
4E5
330
17
100
AcDbEntity
  8
爆区方格网
 62
5
100
AcDbPolyline
 90
5
 70
1
 10
470064.9509704818
 20
4349663.162483713
 10
470065.9509704818
 20
4349663.162483713
 10
470065.9509704818
 20
4349662.572574854
 10
470064.9509704818
 20
4349662.204677093
 10
470064.9509704818
 20
4349663.162483713
  0
TEXT
  5
4E6
330
17
100
AcDbEntity
  8
0
 62
5
100
AcDbText
 10
470065.2909704818
 20
4349662.797529283
 30
0.0
 40
0.1333
  1
1.48
  7
CN_TTF
 11
470065.2909704818
 21
4349662.797529283
 31
0.0
100
AcDbText
  0
LWPOLYLINE
  5
4E7
330
17
100
AcDbEntity
  8
爆区方格网
 62
5
100
AcDbPolyline
 90
5
 70
1
 10
470064.9509704818
 20
4349663.162483713
 10
470064.9509704818
 20
4349664.162483713
 10
470065.9509704818
 20
4349664.162483713
 10
470065.9509704818
 20
4349663.162483713
 10
470064.9509704818
 20
4349663.162483713
  0
TEXT
  5
4E8
330
17
100
AcDbEntity
  8
0
 62
5
100
AcDbText
 10
470065.2909704818
 20
4349663.592483712
 30
0.0
 40
0.1333
  1
1.48
  7
CN_TTF
 11
470065.2909704818
 21
4349663.592483712
 31
0.0
100
AcDbText
  0
LWPOLYLINE
  5
4E9
330
17
100
AcDbEntity
  8
爆区方格网
 62
5
100
AcDbPolyline
 90
5
 70
1
 10
470064.9509704818
 20
4349664.162483713
 10
470064.9509704818
 20
4349665.162483713
 10
470065.9509704818
 20
4349665.162483713
 10
470065.9509704818
 20
4349664.162483713
 10
470064.9509704818
 20
4349664.162483713
  0
TEXT
  5
4EA
330
17
100
AcDbEntity
  8
0
 62
5
100
AcDbText
 10
470065.2909704818
 20
4349664.592483712
 30
0.0
 40
0.1333
  1
1.48
  7
CN_TTF
 11
470065.2909704818
 21
4349664.592483712
 31
0.0
100
AcDbText
  0
LWPOLYLINE
  5
4EB
330
17
100
AcDbEntity
  8
爆区方格网
 62
5
100
AcDbPolyline
 90
5
 70
1
 10
470064.9509704818
 20
4349665.162483713
 10
470064.9509704818
 20
4349666.162483713
 10
470065.9509704818
 20
4349666.162483713
 10
470065.9509704818
 20
4349665.162483713
 10
470064.9509704818
 20
4349665.162483713
  0
TEXT
  5
4EC
330
17
100
AcDbEntity
  8
0
 62
5
100
AcDbText
 10
470065.2909704818
 20
4349665.592483712
 30
0.0
 40
0.1333
  1
1.48
  7
CN_TTF
 11
470065.2909704818
 21
4349665.592483712
 31
0.0
100
AcDbText
  0
LWPOLYLINE
  5
4ED
330
17
100
AcDbEntity
  8
爆区方格网
 62
5
100
AcDbPolyline
 90
5
 70
1
 10
470064.9509704818
 20
4349666.162483713
 10
470064.9509704818
 20
4349667.162483713
 10
470065.9509704818
 20
4349667.162483713
 10
470065.9509704818
 20
4349666.162483713
 10
470064.9509704818
 20
4349666.162483713
  0
TEXT
  5
4EE
330
17
100
AcDbEntity
  8
0
 62
5
100
AcDbText
 10
470065.2909704818
 20
4349666.592483712
 30
0.0
 40
0.1333
  1
1.48
  7
CN_TTF
 11
470065.2909704818
 21
4349666.592483712
 31
0.0
100
AcDbText
  0
LWPOLYLINE
  5
4EF
330
17
100
AcDbEntity
  8
爆区方格网
 62
5
100
AcDbPolyline
 90
6
 70
1
 10
470065.9509704818
 20
4349668.162483713
 10
470065.9509704818
 20
4349667.162483713
 10
470064.9509704818
 20
4349667.162483713
 10
470064.9509704818
 20
4349667.746096933
 10
470065.13723115413
 20
4349668.162483713
 10
470065.9509704818
 20
4349668.162483713
  0
TEXT
  5
4F0
330
17
100
AcDbEntity
  8
0
 62
5
100
AcDbText
 10
470065.2909704818
 20
4349667.384290323
 30
0.0
 40
0.1333
  1
1.48
  7
CN_TTF
 11
470065.2909704818
 21
4349667.384290323
 31
0.0
100
AcDbText
  0
LWPOLYLINE
  5
4F1
330
17
100
AcDbEntity
  8
爆区方格网
 62
5
100
AcDbPolyline
 90
5
 70
1
 10
470065.9509704818
 20
4349669.162483713
 10
470065.9509704818
 20
4349668.162483713
 10
470065.13723115413
 20
4349668.162483713
 10
470065.58455724973
 20
4349669.162483713
 10
470065.9509704818
 20
4349669.162483713
  0
TEXT
  5
4F2
330
17
100
AcDbEntity
  8
0
 62
5
100
AcDbText
 10
470065.49593234184
 20
4349668.592483712
 30
0.0
 40
0.1333
  1
1.48
  7
CN_TTF
 11
470065.49593234184
 21
4349668.592483712
 31
0.0
100
AcDbText
  0
LWPOLYLINE
  5
4F3
330
17
100
AcDbEntity
  8
爆区方格网
 62
5
100
AcDbPolyline
 90
7
 70
1
 10
470064.9509704818
 20
4349671.162483713
 10
470065.9509704818
 20
4349671.162483713
 10
470065.9509704818
 20
4349670.162483713
 10
470065.8583629379
 20
4349670.162483713
 10
470065.84485286585
 20
4349670.172551997
 10
470064.9509704818
 20
4349670.838711433
 10
470064.9509704818
 20
4349671.162483713
  0
TEXT
  5
4F4
330
17
100
AcDbEntity
  8
0
 62
5
100
AcDbText
 10
470065.51444107783
 20
4349670.435631715
 30
0.0
 40
0.1333
  1
1.02
  7
CN_TTF
 11
470065.51444107783
 21
4349670.435631715
 31
0.0
100
AcDbText
  0
LWPOLYLINE
  5
4F5
330
17
100
AcDbEntity
  8
爆区方格网
 62
5
100
AcDbPolyline
 90
5
 70
1
 10
470064.9509704818
 20
4349671.162483713
 10
470064.9509704818
 20
4349672.162483713
 10
470065.9509704818
 20
4349672.162483713
 10
470065.9509704818
 20
4349671.162483713
 10
470064.9509704818
 20
4349671.162483713
  0
TEXT
  5
4F6
330
17
100
AcDbEntity
  8
0
 62
5
100
AcDbText
 10
470065.2909704818
 20
4349671.592483712
 30
0.0
 40
0.1333
  1
1.02
  7
CN_TTF
 11
470065.2909704818
 21
4349671.592483712
 31
0.0
100
AcDbText
  0
LWPOLYLINE
  5
4F7
330
17
100
AcDbEntity
  8
爆区方格网
 62
5
100
AcDbPolyline
 90
5
 70
1
 10
470064.9509704818
 20
4349672.162483713
 10
470064.9509704818
 20
4349673.162483713
 10
470065.9509704818
 20
4349673.162483713
 10
470065.9509704818
 20
4349672.162483713
 10
470064.9509704818
 20
4349672.162483713
  0
TEXT
  5
4F8
330
17
100
AcDbEntity
  8
0
 62
5
100
AcDbText
 10
470065.2909704818
 20
4349672.592483712
 30
0.0
 40
0.1333
  1
1.02
  7
CN_TTF
 11
470065.2909704818
 21
4349672.592483712
 31
0.0
100
AcDbText
  0
LWPOLYLINE
  5
4F9
330
17
100
AcDbEntity
  8
爆区方格网
 62
5
100
AcDbPolyline
 90
5
 70
1
 10
470064.9509704818
 20
4349673.162483713
 10
470064.9509704818
 20
4349674.162483713
 10
470065.9509704818
 20
4349674.162483713
 10
470065.9509704818
 20
4349673.162483713
 10
470064.9509704818
 20
4349673.162483713
  0
TEXT
  5
4FA
330
17
100
AcDbEntity
  8
0
 62
5
100
AcDbText
 10
470065.2909704818
 20
4349673.592483712
 30
0.0
 40
0.1333
  1
1.02
  7
CN_TTF
 11
470065.2909704818
 21
4349673.592483712
 31
0.0
100
AcDbText
  0
LWPOLYLINE
  5
4FB
330
17
100
AcDbEntity
  8
爆区方格网
 62
5
100
AcDbPolyline
 90
5
 70
1
 10
470064.9509704818
 20
4349674.162483713
 10
470064.9509704818
 20
4349675.162483713
 10
470065.9509704818
 20
4349675.162483713
 10
470065.9509704818
 20
4349674.162483713
 10
470064.9509704818
 20
4349674.162483713
  0
TEXT
  5
4FC
330
17
100
AcDbEntity
  8
0
 62
5
100
AcDbText
 10
470065.2909704818
 20
4349674.592483712
 30
0.0
 40
0.1333
  1
1.02
  7
CN_TTF
 11
470065.2909704818
 21
4349674.592483712
 31
0.0
100
AcDbText
  0
LWPOLYLINE
  5
4FD
330
17
100
AcDbEntity
  8
爆区方格网
 62
5
100
AcDbPolyline
 90
5
 70
1
 10
470065.9509704818
 20
4349675.162483713
 10
470064.9509704818
 20
4349675.162483713
 10
470064.9509704818
 20
4349675.59233469
 10
470065.9509704818
 20
4349675.824729055
 10
470065.9509704818
 20
4349675.162483713
  0
TEXT
  5
4FE
330
17
100
AcDbEntity
  8
0
 62
5
100
AcDbText
 10
470065.2909704818
 20
4349675.307409201
 30
0.0
 40
0.1333
  1
1.02
  7
CN_TTF
 11
470065.2909704818
 21
4349675.307409201
 31
0.0
100
AcDbText
  0
LWPOLYLINE
  5
4FF
330
17
100
AcDbEntity
  8
爆区方格网
 62
5
100
AcDbPolyline
 90
5
 70
1
 10
470065.9509704818
 20
4349663.162483713
 10
470065.9509704818
 20
4349664.162483713
 10
470066.9509704818
 20
4349664.162483713
 10
470066.9509704818
 20
4349663.162483713
 10
470065.9509704818
 20
4349663.162483713
  0
TEXT
  5
500
330
17
100
AcDbEntity
  8
0
 62
5
100
AcDbText
 10
470066.2909704818
 20
4349663.592483712
 30
0.0
 40
0.1333
  1
1.48
  7
CN_TTF
 11
470066.2909704818
 21
4349663.592483712
 31
0.0
100
AcDbText
  0
LWPOLYLINE
  5
501
330
17
100
AcDbEntity
  8
爆区方格网
 62
5
100
AcDbPolyline
 90
5
 70
1
 10
470065.9509704818
 20
4349664.162483713
 10
470065.9509704818
 20
4349665.162483713
 10
470066.9509704818
 20
4349665.162483713
 10
470066.9509704818
 20
4349664.162483713
 10
470065.9509704818
 20
4349664.162483713
  0
TEXT
  5
502
330
17
100
AcDbEntity
  8
0
 62
5
100
AcDbText
 10
470066.2909704818
 20
4349664.592483712
 30
0.0
 40
0.1333
  1
1.48
  7
CN_TTF
 11
470066.2909704818
 21
4349664.592483712
 31
0.0
100
AcDbText
  0
LWPOLYLINE
  5
503
330
17
100
AcDbEntity
  8
爆区方格网
 62
5
100
AcDbPolyline
 90
5
 70
1
 10
470065.9509704818
 20
4349665.162483713
 10
470065.9509704818
 20
4349666.162483713
 10
470066.9509704818
 20
4349666.162483713
 10
470066.9509704818
 20
4349665.162483713
 10
470065.9509704818
 20
4349665.162483713
  0
TEXT
  5
504
330
17
100
AcDbEntity
  8
0
 62
5
100
AcDbText
 10
470066.2909704818
 20
4349665.592483712
 30
0.0
 40
0.1333
  1
1.48
  7
CN_TTF
 11
470066.2909704818
 21
4349665.592483712
 31
0.0
100
AcDbText
  0
LWPOLYLINE
  5
505
330
17
100
AcDbEntity
  8
爆区方格网
 62
5
100
AcDbPolyline
 90
5
 70
1
 10
470065.9509704818
 20
4349666.162483713
 10
470065.9509704818
 20
4349667.162483713
 10
470066.9509704818
 20
4349667.162483713
 10
470066.9509704818
 20
4349666.162483713
 10
470065.9509704818
 20
4349666.162483713
  0
TEXT
  5
506
330
17
100
AcDbEntity
  8
0
 62
5
100
AcDbText
 10
470066.2909704818
 20
4349666.592483712
 30
0.0
 40
0.1333
  1
1.48
  7
CN_TTF
 11
470066.2909704818
 21
4349666.592483712
 31
0.0
100
AcDbText
  0
LWPOLYLINE
  5
507
330
17
100
AcDbEntity
  8
爆区方格网
 62
5
100
AcDbPolyline
 90
5
 70
1
 10
470065.9509704818
 20
4349667.162483713
 10
470065.9509704818
 20
4349668.162483713
 10
470066.9509704818
 20
4349668.162483713
 10
470066.9509704818
 20
4349667.162483713
 10
470065.9509704818
 20
4349667.162483713
  0
TEXT
  5
508
330
17
100
AcDbEntity
  8
0
 62
5
100
AcDbText
 10
470066.2909704818
 20
4349667.592483712
 30
0.0
 40
0.1333
  1
1.48
  7
CN_TTF
 11
470066.2909704818
 21
4349667.592483712
 31
0.0
100
AcDbText
  0
LWPOLYLINE
  5
509
330
17
100
AcDbEntity
  8
爆区方格网
 62
5
100
AcDbPolyline
 90
5
 70
1
 10
470065.9509704818
 20
4349668.162483713
 10
470065.9509704818
 20
4349669.162483713
 10
470066.9509704818
 20
4349669.162483713
 10
470066.9509704818
 20
4349668.162483713
 10
470065.9509704818
 20
4349668.162483713
  0
TEXT
  5
50A
330
17
100
AcDbEntity
  8
0
 62
5
100
AcDbText
 10
470066.2909704818
 20
4349668.592483712
 30
0.0
 40
0.1333
  1
1.48
  7
CN_TTF
 11
470066.2909704818
 21
4349668.592483712
 31
0.0
100
AcDbText
  0
LWPOLYLINE
  5
50B
330
17
100
AcDbEntity
  8
爆区方格网
 62
5
100
AcDbPolyline
 90
8
 70
1
 10
470065.9509704818
 20
4349670.162483713
 10
470066.9509704818
 20
4349670.162483713
 10
470066.9509704818
 20
4349669.162483713
 10
470065.9509704818
 20
4349669.162483713
 10
470065.9509704818
 20
4349669.981602551
 10
470065.9885
 20
4349670.0655000005
 10
470065.9509704818
 20
4349670.093468605
 10
470065.9509704818
 20
4349670.162483713
  0
TEXT
  5
50C
330
17
100
AcDbEntity
  8
0
 62
5
100
AcDbText
 10
470066.2909704818
 20
4349669.502043132
 30
0.0
 40
0.1333
  1
1.17
  7
CN_TTF
 11
470066.2909704818
 21
4349669.502043132
 31
0.0
100
AcDbText
  0
LWPOLYLINE
  5
50D
330
17
100
AcDbEntity
  8
爆区方格网
 62
5
100
AcDbPolyline
 90
5
 70
1
 10
470065.9509704818
 20
4349670.162483713
 10
470065.9509704818
 20
4349671.162483713
 10
470066.9509704818
 20
4349671.162483713
 10
470066.9509704818
 20
4349670.162483713
 10
470065.9509704818
 20
4349670.162483713
  0
TEXT
  5
50E
330
17
100
AcDbEntity
  8
0
 62
5
100
AcDbText
 10
470066.2909704818
 20
4349670.592483712
 30
0.0
 40
0.1333
  1
1.17
  7
CN_TTF
 11
470066.2909704818
 21
4349670.592483712
 31
0.0
100
AcDbText
  0
LWPOLYLINE
  5
50F
330
17
100
AcDbEntity
  8
爆区方格网
 62
5
100
AcDbPolyline
 90
5
 70
1
 10
470065.9509704818
 20
4349671.162483713
 10
470065.9509704818
 20
4349672.162483713
 10
470066.9509704818
 20
4349672.162483713
 10
470066.9509704818
 20
4349671.162483713
 10
470065.9509704818
 20
4349671.162483713
  0
TEXT
  5
510
330
17
100
AcDbEntity
  8
0
 62
5
100
AcDbText
 10
470066.2909704818
 20
4349671.592483712
 30
0.0
 40
0.1333
  1
1.02
  7
CN_TTF
 11
470066.2909704818
 21
4349671.592483712
 31
0.0
100
AcDbText
  0
LWPOLYLINE
  5
511
330
17
100
AcDbEntity
  8
爆区方格网
 62
5
100
AcDbPolyline
 90
5
 70
1
 10
470065.9509704818
 20
4349672.162483713
 10
470065.9509704818
 20
4349673.162483713
 10
470066.9509704818
 20
4349673.162483713
 10
470066.9509704818
 20
4349672.162483713
 10
470065.9509704818
 20
4349672.162483713
  0
TEXT
  5
512
330
17
100
AcDbEntity
  8
0
 62
5
100
AcDbText
 10
470066.2909704818
 20
4349672.592483712
 30
0.0
 40
0.1333
  1
1.02
  7
CN_TTF
 11
470066.2909704818
 21
4349672.592483712
 31
0.0
100
AcDbText
  0
LWPOLYLINE
  5
513
330
17
100
AcDbEntity
  8
爆区方格网
 62
5
100
AcDbPolyline
 90
5
 70
1
 10
470065.9509704818
 20
4349673.162483713
 10
470065.9509704818
 20
4349674.162483713
 10
470066.9509704818
 20
4349674.162483713
 10
470066.9509704818
 20
4349673.162483713
 10
470065.9509704818
 20
4349673.162483713
  0
TEXT
  5
514
330
17
100
AcDbEntity
  8
0
 62
5
100
AcDbText
 10
470066.2909704818
 20
4349673.592483712
 30
0.0
 40
0.1333
  1
1.02
  7
CN_TTF
 11
470066.2909704818
 21
4349673.592483712
 31
0.0
100
AcDbText
  0
LWPOLYLINE
  5
515
330
17
100
AcDbEntity
  8
爆区方格网
 62
5
100
AcDbPolyline
 90
5
 70
1
 10
470065.9509704818
 20
4349674.162483713
 10
470065.9509704818
 20
4349675.162483713
 10
470066.9509704818
 20
4349675.162483713
 10
470066.9509704818
 20
4349674.162483713
 10
470065.9509704818
 20
4349674.162483713
  0
TEXT
  5
516
330
17
100
AcDbEntity
  8
0
 62
5
100
AcDbText
 10
470066.2909704818
 20
4349674.592483712
 30
0.0
 40
0.1333
  1
1.02
  7
CN_TTF
 11
470066.2909704818
 21
4349674.592483712
 31
0.0
100
AcDbText
  0
LWPOLYLINE
  5
517
330
17
100
AcDbEntity
  8
爆区方格网
 62
5
100
AcDbPolyline
 90
6
 70
1
 10
470066.9509704818
 20
4349675.162483713
 10
470065.9509704818
 20
4349675.162483713
 10
470065.9509704818
 20
4349675.824729055
 10
470066.7525
 20
4349676.011
 10
470066.9509704818
 20
4349676.073665902
 10
470066.9509704818
 20
4349675.162483713
  0
TEXT
  5
518
330
17
100
AcDbEntity
  8
0
 62
5
100
AcDbText
 10
470066.2909704818
 20
4349675.423606384
 30
0.0
 40
0.1333
  1
1.02
  7
CN_TTF
 11
470066.2909704818
 21
4349675.423606384
 31
0.0
100
AcDbText
  0
LWPOLYLINE
  5
519
330
17
100
AcDbEntity
  8
爆区方格网
 62
5
100
AcDbPolyline
 90
6
 70
1
 10
470066.9509704818
 20
4349663.162483713
 10
470066.9509704818
 20
4349664.162483713
 10
470067.9509704818
 20
4349664.162483713
 10
470067.9509704818
 20
4349663.308370374
 10
470067.55442916637
 20
4349663.162483713
 10
470066.9509704818
 20
4349663.162483713
  0
TEXT
  5
51A
330
17
100
AcDbEntity
  8
0
 62
5
100
AcDbText
 10
470067.2909704818
 20
4349663.665427043
 30
0.0
 40
0.1333
  1
1.48
  7
CN_TTF
 11
470067.2909704818
 21
4349663.665427043
 31
0.0
100
AcDbText
  0
LWPOLYLINE
  5
51B
330
17
100
AcDbEntity
  8
爆区方格网
 62
5
100
AcDbPolyline
 90
5
 70
1
 10
470066.9509704818
 20
4349664.162483713
 10
470066.9509704818
 20
4349665.162483713
 10
470067.9509704818
 20
4349665.162483713
 10
470067.9509704818
 20
4349664.162483713
 10
470066.9509704818
 20
4349664.162483713
  0
TEXT
  5
51C
330
17
100
AcDbEntity
  8
0
 62
5
100
AcDbText
 10
470067.2909704818
 20
4349664.592483712
 30
0.0
 40
0.1333
  1
1.48
  7
CN_TTF
 11
470067.2909704818
 21
4349664.592483712
 31
0.0
100
AcDbText
  0
LWPOLYLINE
  5
51D
330
17
100
AcDbEntity
  8
爆区方格网
 62
5
100
AcDbPolyline
 90
5
 70
1
 10
470066.9509704818
 20
4349665.162483713
 10
470066.9509704818
 20
4349666.162483713
 10
470067.9509704818
 20
4349666.162483713
 10
470067.9509704818
 20
4349665.162483713
 10
470066.9509704818
 20
4349665.162483713
  0
TEXT
  5
51E
330
17
100
AcDbEntity
  8
0
 62
5
100
AcDbText
 10
470067.2909704818
 20
4349665.592483712
 30
0.0
 40
0.1333
  1
1.48
  7
CN_TTF
 11
470067.2909704818
 21
4349665.592483712
 31
0.0
100
AcDbText
  0
LWPOLYLINE
  5
51F
330
17
100
AcDbEntity
  8
爆区方格网
 62
5
100
AcDbPolyline
 90
5
 70
1
 10
470066.9509704818
 20
4349666.162483713
 10
470066.9509704818
 20
4349667.162483713
 10
470067.9509704818
 20
4349667.162483713
 10
470067.9509704818
 20
4349666.162483713
 10
470066.9509704818
 20
4349666.162483713
  0
TEXT
  5
520
330
17
100
AcDbEntity
  8
0
 62
5
100
AcDbText
 10
470067.2909704818
 20
4349666.592483712
 30
0.0
 40
0.1333
  1
1.48
  7
CN_TTF
 11
470067.2909704818
 21
4349666.592483712
 31
0.0
100
AcDbText
  0
LWPOLYLINE
  5
521
330
17
100
AcDbEntity
  8
爆区方格网
 62
5
100
AcDbPolyline
 90
5
 70
1
 10
470066.9509704818
 20
4349667.162483713
 10
470066.9509704818
 20
4349668.162483713
 10
470067.9509704818
 20
4349668.162483713
 10
470067.9509704818
 20
4349667.162483713
 10
470066.9509704818
 20
4349667.162483713
  0
TEXT
  5
522
330
17
100
AcDbEntity
  8
0
 62
5
100
AcDbText
 10
470067.2909704818
 20
4349667.592483712
 30
0.0
 40
0.1333
  1
1.48
  7
CN_TTF
 11
470067.2909704818
 21
4349667.592483712
 31
0.0
100
AcDbText
  0
LWPOLYLINE
  5
523
330
17
100
AcDbEntity
  8
爆区方格网
 62
5
100
AcDbPolyline
 90
5
 70
1
 10
470066.9509704818
 20
4349668.162483713
 10
470066.9509704818
 20
4349669.162483713
 10
470067.9509704818
 20
4349669.162483713
 10
470067.9509704818
 20
4349668.162483713
 10
470066.9509704818
 20
4349668.162483713
  0
TEXT
  5
524
330
17
100
AcDbEntity
  8
0
 62
5
100
AcDbText
 10
470067.2909704818
 20
4349668.592483712
 30
0.0
 40
0.1333
  1
1.48
  7
CN_TTF
 11
470067.2909704818
 21
4349668.592483712
 31
0.0
100
AcDbText
  0
LWPOLYLINE
  5
525
330
17
100
AcDbEntity
  8
爆区方格网
 62
5
100
AcDbPolyline
 90
5
 70
1
 10
470066.9509704818
 20
4349669.162483713
 10
470066.9509704818
 20
4349670.162483713
 10
470067.9509704818
 20
4349670.162483713
 10
470067.9509704818
 20
4349669.162483713
 10
470066.9509704818
 20
4349669.162483713
  0
TEXT
  5
526
330
17
100
AcDbEntity
  8
0
 62
5
100
AcDbText
 10
470067.2909704818
 20
4349669.592483712
 30
0.0
 40
0.1333
  1
1.17
  7
CN_TTF
 11
470067.2909704818
 21
4349669.592483712
 31
0.0
100
AcDbText
  0
LWPOLYLINE
  5
527
330
17
100
AcDbEntity
  8
爆区方格网
 62
5
100
AcDbPolyline
 90
5
 70
1
 10
470066.9509704818
 20
4349670.162483713
 10
470066.9509704818
 20
4349671.162483713
 10
470067.9509704818
 20
4349671.162483713
 10
470067.9509704818
 20
4349670.162483713
 10
470066.9509704818
 20
4349670.162483713
  0
TEXT
  5
528
330
17
100
AcDbEntity
  8
0
 62
5
100
AcDbText
 10
470067.2909704818
 20
4349670.592483712
 30
0.0
 40
0.1333
  1
1.17
  7
CN_TTF
 11
470067.2909704818
 21
4349670.592483712
 31
0.0
100
AcDbText
  0
LWPOLYLINE
  5
529
330
17
100
AcDbEntity
  8
爆区方格网
 62
5
100
AcDbPolyline
 90
5
 70
1
 10
470066.9509704818
 20
4349671.162483713
 10
470066.9509704818
 20
4349672.162483713
 10
470067.9509704818
 20
4349672.162483713
 10
470067.9509704818
 20
4349671.162483713
 10
470066.9509704818
 20
4349671.162483713
  0
TEXT
  5
52A
330
17
100
AcDbEntity
  8
0
 62
5
100
AcDbText
 10
470067.2909704818
 20
4349671.592483712
 30
0.0
 40
0.1333
  1
1.17
  7
CN_TTF
 11
470067.2909704818
 21
4349671.592483712
 31
0.0
100
AcDbText
  0
LWPOLYLINE
  5
52B
330
17
100
AcDbEntity
  8
爆区方格网
 62
5
100
AcDbPolyline
 90
5
 70
1
 10
470066.9509704818
 20
4349672.162483713
 10
470066.9509704818
 20
4349673.162483713
 10
470067.9509704818
 20
4349673.162483713
 10
470067.9509704818
 20
4349672.162483713
 10
470066.9509704818
 20
4349672.162483713
  0
TEXT
  5
52C
330
17
100
AcDbEntity
  8
0
 62
5
100
AcDbText
 10
470067.2909704818
 20
4349672.592483712
 30
0.0
 40
0.1333
  1
1.02
  7
CN_TTF
 11
470067.2909704818
 21
4349672.592483712
 31
0.0
100
AcDbText
  0
LWPOLYLINE
  5
52D
330
17
100
AcDbEntity
  8
爆区方格网
 62
5
100
AcDbPolyline
 90
5
 70
1
 10
470066.9509704818
 20
4349673.162483713
 10
470066.9509704818
 20
4349674.162483713
 10
470067.9509704818
 20
4349674.162483713
 10
470067.9509704818
 20
4349673.162483713
 10
470066.9509704818
 20
4349673.162483713
  0
TEXT
  5
52E
330
17
100
AcDbEntity
  8
0
 62
5
100
AcDbText
 10
470067.2909704818
 20
4349673.592483712
 30
0.0
 40
0.1333
  1
1.02
  7
CN_TTF
 11
470067.2909704818
 21
4349673.592483712
 31
0.0
100
AcDbText
  0
LWPOLYLINE
  5
52F
330
17
100
AcDbEntity
  8
爆区方格网
 62
5
100
AcDbPolyline
 90
5
 70
1
 10
470066.9509704818
 20
4349674.162483713
 10
470066.9509704818
 20
4349675.162483713
 10
470067.9509704818
 20
4349675.162483713
 10
470067.9509704818
 20
4349674.162483713
 10
470066.9509704818
 20
4349674.162483713
  0
TEXT
  5
530
330
17
100
AcDbEntity
  8
0
 62
5
100
AcDbText
 10
470067.2909704818
 20
4349674.592483712
 30
0.0
 40
0.1333
  1
1.24
  7
CN_TTF
 11
470067.2909704818
 21
4349674.592483712
 31
0.0
100
AcDbText
  0
LWPOLYLINE
  5
531
330
17
100
AcDbEntity
  8
爆区方格网
 62
5
100
AcDbPolyline
 90
7
 70
1
 10
470067.9509704818
 20
4349676.162483713
 10
470067.9509704818
 20
4349675.162483713
 10
470066.9509704818
 20
4349675.162483713
 10
470066.9509704818
 20
4349676.073665902
 10
470066.9886154719
 20
4349676.085552089
 10
470067.2322672176
 20
4349676.162483713
 10
470067.9509704818
 20
4349676.162483713
  0
TEXT
  5
532
330
17
100
AcDbEntity
  8
0
 62
5
100
AcDbText
 10
470067.2909704818
 20
4349675.548074807
 30
0.0
 40
0.1333
  1
1.24
  7
CN_TTF
 11
470067.2909704818
 21
4349675.548074807
 31
0.0
100
AcDbText
  0
LWPOLYLINE
  5
533
330
17
100
AcDbEntity
  8
爆区方格网
 62
5
100
AcDbPolyline
 90
6
 70
1
 10
470067.9509704818
 20
4349664.162483713
 10
470067.9509704818
 20
4349665.162483713
 10
470068.9509704818
 20
4349665.162483713
 10
470068.9509704818
 20
4349665.027951201
 10
470068.58021801966
 20
4349664.162483713
 10
470067.9509704818
 20
4349664.162483713
  0
TEXT
  5
534
330
17
100
AcDbEntity
  8
0
 62
5
100
AcDbText
 10
470068.1982823663
 20
4349664.525217457
 30
0.0
 40
0.1333
  1
1.48
  7
CN_TTF
 11
470068.1982823663
 21
4349664.525217457
 31
0.0
100
AcDbText
  0
LWPOLYLINE
  5
535
330
17
100
AcDbEntity
  8
爆区方格网
 62
5
100
AcDbPolyline
 90
5
 70
1
 10
470067.9509704818
 20
4349665.162483713
 10
470067.9509704818
 20
4349666.162483713
 10
470068.9509704818
 20
4349666.162483713
 10
470068.9509704818
 20
4349665.162483713
 10
470067.9509704818
 20
4349665.162483713
  0
TEXT
  5
536
330
17
100
AcDbEntity
  8
0
 62
5
100
AcDbText
 10
470068.2909704818
 20
4349665.592483712
 30
0.0
 40
0.1333
  1
1.48
  7
CN_TTF
 11
470068.2909704818
 21
4349665.592483712
 31
0.0
100
AcDbText
  0
LWPOLYLINE
  5
537
330
17
100
AcDbEntity
  8
爆区方格网
 62
5
100
AcDbPolyline
 90
5
 70
1
 10
470067.9509704818
 20
4349666.162483713
 10
470067.9509704818
 20
4349667.162483713
 10
470068.9509704818
 20
4349667.162483713
 10
470068.9509704818
 20
4349666.162483713
 10
470067.9509704818
 20
4349666.162483713
  0
TEXT
  5
538
330
17
100
AcDbEntity
  8
0
 62
5
100
AcDbText
 10
470068.2909704818
 20
4349666.592483712
 30
0.0
 40
0.1333
  1
1.48
  7
CN_TTF
 11
470068.2909704818
 21
4349666.592483712
 31
0.0
100
AcDbText
  0
LWPOLYLINE
  5
539
330
17
100
AcDbEntity
  8
爆区方格网
 62
5
100
AcDbPolyline
 90
5
 70
1
 10
470067.9509704818
 20
4349667.162483713
 10
470067.9509704818
 20
4349668.162483713
 10
470068.9509704818
 20
4349668.162483713
 10
470068.9509704818
 20
4349667.162483713
 10
470067.9509704818
 20
4349667.162483713
  0
TEXT
  5
53A
330
17
100
AcDbEntity
  8
0
 62
5
100
AcDbText
 10
470068.2909704818
 20
4349667.592483712
 30
0.0
 40
0.1333
  1
1.48
  7
CN_TTF
 11
470068.2909704818
 21
4349667.592483712
 31
0.0
100
AcDbText
  0
LWPOLYLINE
  5
53B
330
17
100
AcDbEntity
  8
爆区方格网
 62
5
100
AcDbPolyline
 90
5
 70
1
 10
470067.9509704818
 20
4349668.162483713
 10
470067.9509704818
 20
4349669.162483713
 10
470068.9509704818
 20
4349669.162483713
 10
470068.9509704818
 20
4349668.162483713
 10
470067.9509704818
 20
4349668.162483713
  0
TEXT
  5
53C
330
17
100
AcDbEntity
  8
0
 62
5
100
AcDbText
 10
470068.2909704818
 20
4349668.592483712
 30
0.0
 40
0.1333
  1
1.17
  7
CN_TTF
 11
470068.2909704818
 21
4349668.592483712
 31
0.0
100
AcDbText
  0
LWPOLYLINE
  5
53D
330
17
100
AcDbEntity
  8
爆区方格网
 62
5
100
AcDbPolyline
 90
5
 70
1
 10
470067.9509704818
 20
4349669.162483713
 10
470067.9509704818
 20
4349670.162483713
 10
470068.9509704818
 20
4349670.162483713
 10
470068.9509704818
 20
4349669.162483713
 10
470067.9509704818
 20
4349669.162483713
  0
TEXT
  5
53E
330
17
100
AcDbEntity
  8
0
 62
5
100
AcDbText
 10
470068.2909704818
 20
4349669.592483712
 30
0.0
 40
0.1333
  1
1.17
  7
CN_TTF
 11
470068.2909704818
 21
4349669.592483712
 31
0.0
100
AcDbText
  0
LWPOLYLINE
  5
53F
330
17
100
AcDbEntity
  8
爆区方格网
 62
5
100
AcDbPolyline
 90
5
 70
1
 10
470067.9509704818
 20
4349670.162483713
 10
470067.9509704818
 20
4349671.162483713
 10
470068.9509704818
 20
4349671.162483713
 10
470068.9509704818
 20
4349670.162483713
 10
470067.9509704818
 20
4349670.162483713
  0
TEXT
  5
540
330
17
100
AcDbEntity
  8
0
 62
5
100
AcDbText
 10
470068.2909704818
 20
4349670.592483712
 30
0.0
 40
0.1333
  1
1.17
  7
CN_TTF
 11
470068.2909704818
 21
4349670.592483712
 31
0.0
100
AcDbText
  0
LWPOLYLINE
  5
541
330
17
100
AcDbEntity
  8
爆区方格网
 62
5
100
AcDbPolyline
 90
5
 70
1
 10
470067.9509704818
 20
4349671.162483713
 10
470067.9509704818
 20
4349672.162483713
 10
470068.9509704818
 20
4349672.162483713
 10
470068.9509704818
 20
4349671.162483713
 10
470067.9509704818
 20
4349671.162483713
  0
TEXT
  5
542
330
17
100
AcDbEntity
  8
0
 62
5
100
AcDbText
 10
470068.2909704818
 20
4349671.592483712
 30
0.0
 40
0.1333
  1
1.17
  7
CN_TTF
 11
470068.2909704818
 21
4349671.592483712
 31
0.0
100
AcDbText
  0
LWPOLYLINE
  5
543
330
17
100
AcDbEntity
  8
爆区方格网
 62
5
100
AcDbPolyline
 90
5
 70
1
 10
470067.9509704818
 20
4349672.162483713
 10
470067.9509704818
 20
4349673.162483713
 10
470068.9509704818
 20
4349673.162483713
 10
470068.9509704818
 20
4349672.162483713
 10
470067.9509704818
 20
4349672.162483713
  0
TEXT
  5
544
330
17
100
AcDbEntity
  8
0
 62
5
100
AcDbText
 10
470068.2909704818
 20
4349672.592483712
 30
0.0
 40
0.1333
  1
1.17
  7
CN_TTF
 11
470068.2909704818
 21
4349672.592483712
 31
0.0
100
AcDbText
  0
LWPOLYLINE
  5
545
330
17
100
AcDbEntity
  8
爆区方格网
 62
5
100
AcDbPolyline
 90
5
 70
1
 10
470067.9509704818
 20
4349673.162483713
 10
470067.9509704818
 20
4349674.162483713
 10
470068.9509704818
 20
4349674.162483713
 10
470068.9509704818
 20
4349673.162483713
 10
470067.9509704818
 20
4349673.162483713
  0
TEXT
  5
546
330
17
100
AcDbEntity
  8
0
 62
5
100
AcDbText
 10
470068.2909704818
 20
4349673.592483712
 30
0.0
 40
0.1333
  1
1.24
  7
CN_TTF
 11
470068.2909704818
 21
4349673.592483712
 31
0.0
100
AcDbText
  0
LWPOLYLINE
  5
547
330
17
100
AcDbEntity
  8
爆区方格网
 62
5
100
AcDbPolyline
 90
5
 70
1
 10
470067.9509704818
 20
4349674.162483713
 10
470067.9509704818
 20
4349675.162483713
 10
470068.9509704818
 20
4349675.162483713
 10
470068.9509704818
 20
4349674.162483713
 10
470067.9509704818
 20
4349674.162483713
  0
TEXT
  5
548
330
17
100
AcDbEntity
  8
0
 62
5
100
AcDbText
 10
470068.2909704818
 20
4349674.592483712
 30
0.0
 40
0.1333
  1
1.24
  7
CN_TTF
 11
470068.2909704818
 21
4349674.592483712
 31
0.0
100
AcDbText
  0
LWPOLYLINE
  5
549
330
17
100
AcDbEntity
  8
爆区方格网
 62
5
100
AcDbPolyline
 90
5
 70
1
 10
470067.9509704818
 20
4349675.162483713
 10
470067.9509704818
 20
4349676.162483713
 10
470068.9509704818
 20
4349676.162483713
 10
470068.9509704818
 20
4349675.162483713
 10
470067.9509704818
 20
4349675.162483713
  0
TEXT
  5
54A
330
17
100
AcDbEntity
  8
0
 62
5
100
AcDbText
 10
470068.2909704818
 20
4349675.592483712
 30
0.0
 40
0.1333
  1
1.24
  7
CN_TTF
 11
470068.2909704818
 21
4349675.592483712
 31
0.0
100
AcDbText
  0
LWPOLYLINE
  5
54B
330
17
100
AcDbEntity
  8
爆区方格网
 62
5
100
AcDbPolyline
 90
5
 70
1
 10
470068.9509704818
 20
4349666.162483713
 10
470068.9509704818
 20
4349667.162483713
 10
470069.86537014926
 20
4349667.162483713
 10
470069.4369861061
 20
4349666.162483713
 10
470068.9509704818
 20
4349666.162483713
  0
TEXT
  5
54C
330
17
100
AcDbEntity
  8
0
 62
5
100
AcDbText
 10
470069.14107430476
 20
4349666.592483712
 30
0.0
 40
0.1333
  1
1.48
  7
CN_TTF
 11
470069.14107430476
 21
4349666.592483712
 31
0.0
100
AcDbText
  0
LWPOLYLINE
  5
54D
330
17
100
AcDbEntity
  8
爆区方格网
 62
5
100
AcDbPolyline
 90
6
 70
1
 10
470068.9509704818
 20
4349667.162483713
 10
470068.9509704818
 20
4349668.162483713
 10
470069.9509704818
 20
4349668.162483713
 10
470069.9509704818
 20
4349667.36230519
 10
470069.86537014926
 20
4349667.162483713
 10
470068.9509704818
 20
4349667.162483713
  0
TEXT
  5
54E
330
17
100
AcDbEntity
  8
0
 62
5
100
AcDbText
 10
470069.2909704818
 20
4349667.692394451
 30
0.0
 40
0.1333
  1
1.48
  7
CN_TTF
 11
470069.2909704818
 21
4349667.692394451
 31
0.0
100
AcDbText
  0
LWPOLYLINE
  5
54F
330
17
100
AcDbEntity
  8
爆区方格网
 62
5
100
AcDbPolyline
 90
5
 70
1
 10
470068.9509704818
 20
4349668.162483713
 10
470068.9509704818
 20
4349669.162483713
 10
470069.9509704818
 20
4349669.162483713
 10
470069.9509704818
 20
4349668.162483713
 10
470068.9509704818
 20
4349668.162483713
  0
TEXT
  5
550
330
17
100
AcDbEntity
  8
0
 62
5
100
AcDbText
 10
470069.2909704818
 20
4349668.592483712
 30
0.0
 40
0.1333
  1
1.17
  7
CN_TTF
 11
470069.2909704818
 21
4349668.592483712
 31
0.0
100
AcDbText
  0
LWPOLYLINE
  5
551
330
17
100
AcDbEntity
  8
爆区方格网
 62
5
100
AcDbPolyline
 90
5
 70
1
 10
470068.9509704818
 20
4349669.162483713
 10
470068.9509704818
 20
4349670.162483713
 10
470069.9509704818
 20
4349670.162483713
 10
470069.9509704818
 20
4349669.162483713
 10
470068.9509704818
 20
4349669.162483713
  0
TEXT
  5
552
330
17
100
AcDbEntity
  8
0
 62
5
100
AcDbText
 10
470069.2909704818
 20
4349669.592483712
 30
0.0
 40
0.1333
  1
1.17
  7
CN_TTF
 11
470069.2909704818
 21
4349669.592483712
 31
0.0
100
AcDbText
  0
LWPOLYLINE
  5
553
330
17
100
AcDbEntity
  8
爆区方格网
 62
5
100
AcDbPolyline
 90
5
 70
1
 10
470068.9509704818
 20
4349670.162483713
 10
470068.9509704818
 20
4349671.162483713
 10
470069.9509704818
 20
4349671.162483713
 10
470069.9509704818
 20
4349670.162483713
 10
470068.9509704818
 20
4349670.162483713
  0
TEXT
  5
554
330
17
100
AcDbEntity
  8
0
 62
5
100
AcDbText
 10
470069.2909704818
 20
4349670.592483712
 30
0.0
 40
0.1333
  1
1.17
  7
CN_TTF
 11
470069.2909704818
 21
4349670.592483712
 31
0.0
100
AcDbText
  0
LWPOLYLINE
  5
555
330
17
100
AcDbEntity
  8
爆区方格网
 62
5
100
AcDbPolyline
 90
5
 70
1
 10
470068.9509704818
 20
4349671.162483713
 10
470068.9509704818
 20
4349672.162483713
 10
470069.9509704818
 20
4349672.162483713
 10
470069.9509704818
 20
4349671.162483713
 10
470068.9509704818
 20
4349671.162483713
  0
TEXT
  5
556
330
17
100
AcDbEntity
  8
0
 62
5
100
AcDbText
 10
470069.2909704818
 20
4349671.592483712
 30
0.0
 40
0.1333
  1
1.17
  7
CN_TTF
 11
470069.2909704818
 21
4349671.592483712
 31
0.0
100
AcDbText
  0
LWPOLYLINE
  5
557
330
17
100
AcDbEntity
  8
爆区方格网
 62
5
100
AcDbPolyline
 90
5
 70
1
 10
470068.9509704818
 20
4349672.162483713
 10
470068.9509704818
 20
4349673.162483713
 10
470069.9509704818
 20
4349673.162483713
 10
470069.9509704818
 20
4349672.162483713
 10
470068.9509704818
 20
4349672.162483713
  0
TEXT
  5
558
330
17
100
AcDbEntity
  8
0
 62
5
100
AcDbText
 10
470069.2909704818
 20
4349672.592483712
 30
0.0
 40
0.1333
  1
1.17
  7
CN_TTF
 11
470069.2909704818
 21
4349672.592483712
 31
0.0
100
AcDbText
  0
LWPOLYLINE
  5
559
330
17
100
AcDbEntity
  8
爆区方格网
 62
5
100
AcDbPolyline
 90
5
 70
1
 10
470068.9509704818
 20
4349673.162483713
 10
470068.9509704818
 20
4349674.162483713
 10
470069.9509704818
 20
4349674.162483713
 10
470069.9509704818
 20
4349673.162483713
 10
470068.9509704818
 20
4349673.162483713
  0
TEXT
  5
55A
330
17
100
AcDbEntity
  8
0
 62
5
100
AcDbText
 10
470069.2909704818
 20
4349673.592483712
 30
0.0
 40
0.1333
  1
1.24
  7
CN_TTF
 11
470069.2909704818
 21
4349673.592483712
 31
0.0
100
AcDbText
  0
LWPOLYLINE
  5
55B
330
17
100
AcDbEntity
  8
爆区方格网
 62
5
100
AcDbPolyline
 90
5
 70
1
 10
470068.9509704818
 20
4349674.162483713
 10
470068.9509704818
 20
4349675.162483713
 10
470069.9509704818
 20
4349675.162483713
 10
470069.9509704818
 20
4349674.162483713
 10
470068.9509704818
 20
4349674.162483713
  0
TEXT
  5
55C
330
17
100
AcDbEntity
  8
0
 62
5
100
AcDbText
 10
470069.2909704818
 20
4349674.592483712
 30
0.0
 40
0.1333
  1
1.24
  7
CN_TTF
 11
470069.2909704818
 21
4349674.592483712
 31
0.0
100
AcDbText
  0
LWPOLYLINE
  5
55D
330
17
100
AcDbEntity
  8
爆区方格网
 62
5
100
AcDbPolyline
 90
6
 70
1
 10
470069.9509704818
 20
4349675.162483713
 10
470068.9509704818
 20
4349675.162483713
 10
470068.9509704818
 20
4349676.162483713
 10
470068.961267919
 20
4349676.162483713
 10
470069.9509704818
 20
4349675.676098197
 10
470069.9509704818
 20
4349675.162483713
  0
TEXT
  5
55E
330
17
100
AcDbEntity
  8
0
 62
5
100
AcDbText
 10
470069.2909704818
 20
4349675.349290954
 30
0.0
 40
0.1333
  1
1.24
  7
CN_TTF
 11
470069.2909704818
 21
4349675.349290954
 31
0.0
100
AcDbText
  0
LWPOLYLINE
  5
55F
330
17
100
AcDbEntity
  8
爆区方格网
 62
5
100
AcDbPolyline
 90
5
 70
1
 10
470069.9509704818
 20
4349668.162483713
 10
470069.9509704818
 20
4349669.162483713
 10
470070.7221382357
 20
4349669.162483713
 10
470070.2937541925
 20
4349668.162483713
 10
470069.9509704818
 20
4349668.162483713
  0
TEXT
  5
560
330
17
100
AcDbEntity
  8
0
 62
5
100
AcDbText
 10
470070.0694583479
 20
4349668.592483712
 30
0.0
 40
0.1333
  1
1.17
  7
CN_TTF
 11
470070.0694583479
 21
4349668.592483712
 31
0.0
100
AcDbText
  0
LWPOLYLINE
  5
561
330
17
100
AcDbEntity
  8
爆区方格网
 62
5
100
AcDbPolyline
 90
6
 70
1
 10
470069.9509704818
 20
4349669.162483713
 10
470069.9509704818
 20
4349670.162483713
 10
470070.9509704818
 20
4349670.162483713
 10
470070.9509704818
 20
4349669.696659179
 10
470070.7221382357
 20
4349669.162483713
 10
470069.9509704818
 20
4349669.162483713
  0
TEXT
  5
562
330
17
100
AcDbEntity
  8
0
 62
5
100
AcDbText
 10
470070.2337624203
 20
4349669.359571446
 30
0.0
 40
0.1333
  1
1.17
  7
CN_TTF
 11
470070.2337624203
 21
4349669.359571446
 31
0.0
100
AcDbText
  0
LWPOLYLINE
  5
563
330
17
100
AcDbEntity
  8
爆区方格网
 62
5
100
AcDbPolyline
 90
5
 70
1
 10
470069.9509704818
 20
4349670.162483713
 10
470069.9509704818
 20
4349671.162483713
 10
470070.9509704818
 20
4349671.162483713
 10
470070.9509704818
 20
4349670.162483713
 10
470069.9509704818
 20
4349670.162483713
  0
TEXT
  5
564
330
17
100
AcDbEntity
  8
0
 62
5
100
AcDbText
 10
470070.2909704818
 20
4349670.592483712
 30
0.0
 40
0.1333
  1
1.17
  7
CN_TTF
 11
470070.2909704818
 21
4349670.592483712
 31
0.0
100
AcDbText
  0
LWPOLYLINE
  5
565
330
17
100
AcDbEntity
  8
爆区方格网
 62
5
100
AcDbPolyline
 90
5
 70
1
 10
470069.9509704818
 20
4349671.162483713
 10
470069.9509704818
 20
4349672.162483713
 10
470070.9509704818
 20
4349672.162483713
 10
470070.9509704818
 20
4349671.162483713
 10
470069.9509704818
 20
4349671.162483713
  0
TEXT
  5
566
330
17
100
AcDbEntity
  8
0
 62
5
100
AcDbText
 10
470070.2909704818
 20
4349671.592483712
 30
0.0
 40
0.1333
  1
1.17
  7
CN_TTF
 11
470070.2909704818
 21
4349671.592483712
 31
0.0
100
AcDbText
  0
LWPOLYLINE
  5
567
330
17
100
AcDbEntity
  8
爆区方格网
 62
5
100
AcDbPolyline
 90
5
 70
1
 10
470069.9509704818
 20
4349672.162483713
 10
470069.9509704818
 20
4349673.162483713
 10
470070.9509704818
 20
4349673.162483713
 10
470070.9509704818
 20
4349672.162483713
 10
470069.9509704818
 20
4349672.162483713
  0
TEXT
  5
568
330
17
100
AcDbEntity
  8
0
 62
5
100
AcDbText
 10
470070.2909704818
 20
4349672.592483712
 30
0.0
 40
0.1333
  1
1.17
  7
CN_TTF
 11
470070.2909704818
 21
4349672.592483712
 31
0.0
100
AcDbText
  0
LWPOLYLINE
  5
569
330
17
100
AcDbEntity
  8
爆区方格网
 62
5
100
AcDbPolyline
 90
5
 70
1
 10
470069.9509704818
 20
4349673.162483713
 10
470069.9509704818
 20
4349674.162483713
 10
470070.9509704818
 20
4349674.162483713
 10
470070.9509704818
 20
4349673.162483713
 10
470069.9509704818
 20
4349673.162483713
  0
TEXT
  5
56A
330
17
100
AcDbEntity
  8
0
 62
5
100
AcDbText
 10
470070.2909704818
 20
4349673.592483712
 30
0.0
 40
0.1333
  1
1.24
  7
CN_TTF
 11
470070.2909704818
 21
4349673.592483712
 31
0.0
100
AcDbText
  0
LWPOLYLINE
  5
56B
330
17
100
AcDbEntity
  8
爆区方格网
 62
5
100
AcDbPolyline
 90
5
 70
1
 10
470069.9509704818
 20
4349674.162483713
 10
470069.9509704818
 20
4349675.162483713
 10
470070.9509704818
 20
4349675.162483713
 10
470070.9509704818
 20
4349674.162483713
 10
470069.9509704818
 20
4349674.162483713
  0
TEXT
  5
56C
330
17
100
AcDbEntity
  8
0
 62
5
100
AcDbText
 10
470070.2909704818
 20
4349674.592483712
 30
0.0
 40
0.1333
  1
1.24
  7
CN_TTF
 11
470070.2909704818
 21
4349674.592483712
 31
0.0
100
AcDbText
  0
LWPOLYLINE
  5
56D
330
17
100
AcDbEntity
  8
爆区方格网
 62
5
100
AcDbPolyline
 90
5
 70
1
 10
470070.9509704818
 20
4349671.162483713
 10
470070.9509704818
 20
4349672.162483713
 10
470071.5207030501
 20
4349672.162483713
 10
470071.5422447059
 20
4349671.162483713
 10
470070.9509704818
 20
4349671.162483713
  0
TEXT
  5
56E
330
17
100
AcDbEntity
  8
0
 62
5
100
AcDbText
 10
470071.08122217987
 20
4349671.592483712
 30
0.0
 40
0.1333
  1
1.17
  7
CN_TTF
 11
470071.08122217987
 21
4349671.592483712
 31
0.0
100
AcDbText
  0
LWPOLYLINE
  5
56F
330
17
100
AcDbEntity
  8
爆区方格网
 62
5
100
AcDbPolyline
 90
6
 70
1
 10
470070.9509704818
 20
4349672.162483713
 10
470070.9509704818
 20
4349673.162483713
 10
470071.4991613942
 20
4349673.162483713
 10
470071.5017443574
 20
4349673.042578204
 10
470071.5207030501
 20
4349672.162483713
 10
470070.9509704818
 20
4349672.162483713
  0
TEXT
  5
570
330
17
100
AcDbEntity
  8
0
 62
5
100
AcDbText
 10
470071.07109709276
 20
4349672.532530958
 30
0.0
 40
0.1333
  1
1.17
  7
CN_TTF
 11
470071.07109709276
 21
4349672.532530958
 31
0.0
100
AcDbText
  0
LWPOLYLINE
  5
571
330
17
100
AcDbEntity
  8
爆区方格网
 62
5
100
AcDbPolyline
 90
5
 70
1
 10
470070.9509704818
 20
4349673.162483713
 10
470070.9509704818
 20
4349674.162483713
 10
470071.4776197384
 20
4349674.162483713
 10
470071.4991613942
 20
4349673.162483713
 10
470070.9509704818
 20
4349673.162483713
  0
TEXT
  5
572
330
17
100
AcDbEntity
  8
0
 62
5
100
AcDbText
 10
470071.0596805241
 20
4349673.592483712
 30
0.0
 40
0.1333
  1
1.24
  7
CN_TTF
 11
470071.0596805241
 21
4349673.592483712
 31
0.0
100
AcDbText
  0
LWPOLYLINE
  5
573
330
17
100
AcDbEntity
  8
爆区方格网
 62
5
100
AcDbPolyline
 90
6
 70
1
 10
470070.9509704818
 20
4349674.162483713
 10
470070.9509704818
 20
4349675.162483713
 10
470070.99607884564
 20
4349675.162483713
 10
470071.461
 20
4349674.934
 10
470071.4776197384
 20
4349674.162483713
 10
470070.9509704818
 20
4349674.162483713
  0
TEXT
  5
574
330
17
100
AcDbEntity
  8
0
 62
5
100
AcDbText
 10
470071.05014017556
 20
4349674.478241856
 30
0.0
 40
0.1333
  1
1.24
  7
CN_TTF
 11
470071.05014017556
 21
4349674.478241856
 31
0.0
100
AcDbText
  0
LWPOLYLINE
  5
575
330
17
100
AcDbEntity
  8
爆区方格网
 62
5
100
AcDbPolyline
 90
6
 70
1
 10
470033.9509704818
 20
4349658.162483713
 10
470033.9509704818
 20
4349657.162483713
 10
470033.7008349438
 20
4349657.162483713
 10
470033.2246973578
 20
4349657.23741414
 10
470033.1997245419
 20
4349658.162483713
 10
470033.9509704818
 20
4349658.162483713
  0
TEXT
  5
576
330
17
100
AcDbEntity
  8
0
 62
5
100
AcDbText
 10
470033.4215907158
 20
4349657.629948926
 30
0.0
 40
0.1333
  1
1.46
  7
CN_TTF
 11
470033.4215907158
 21
4349657.629948926
 31
0.0
100
AcDbText
  0
LWPOLYLINE
  5
577
330
17
100
AcDbEntity
  8
爆区方格网
 62
5
100
AcDbPolyline
 90
6
 70
1
 10
470033.9509704818
 20
4349659.162483713
 10
470033.9509704818
 20
4349658.162483713
 10
470033.1997245419
 20
4349658.162483713
 10
470033.17894794355
 20
4349658.932112539
 10
470033.17272893357
 20
4349659.162483713
 10
470033.9509704818
 20
4349659.162483713
  0
TEXT
  5
578
330
17
100
AcDbEntity
  8
0
 62
5
100
AcDbText
 10
470033.41015336226
 20
4349658.477298126
 30
0.0
 40
0.1333
  1
1.46
  7
CN_TTF
 11
470033.41015336226
 21
4349658.477298126
 31
0.0
100
AcDbText
  0
LWPOLYLINE
  5
579
330
17
100
AcDbEntity
  8
爆区方格网
 62
5
100
AcDbPolyline
 90
5
 70
1
 10
470033.9509704818
 20
4349660.162483713
 10
470033.9509704818
 20
4349659.162483713
 10
470033.17272893357
 20
4349659.162483713
 10
470033.1457333252
 20
4349660.162483713
 10
470033.9509704818
 20
4349660.162483713
  0
TEXT
  5
57A
330
17
100
AcDbEntity
  8
0
 62
5
100
AcDbText
 10
470033.3951008056
 20
4349659.592483712
 30
0.0
 40
0.1333
  1
1.46
  7
CN_TTF
 11
470033.3951008056
 21
4349659.592483712
 31
0.0
100
AcDbText
  0
LWPOLYLINE
  5
57B
330
17
100
AcDbEntity
  8
爆区方格网
 62
5
100
AcDbPolyline
 90
5
 70
1
 10
470033.9509704818
 20
4349661.162483713
 10
470033.9509704818
 20
4349660.162483713
 10
470033.1457333252
 20
4349660.162483713
 10
470033.11873771687
 20
4349661.162483713
 10
470033.9509704818
 20
4349661.162483713
  0
TEXT
  5
57C
330
17
100
AcDbEntity
  8
0
 62
5
100
AcDbText
 10
470033.38160300144
 20
4349660.592483712
 30
0.0
 40
0.1333
  1
1.46
  7
CN_TTF
 11
470033.38160300144
 21
4349660.592483712
 31
0.0
100
AcDbText
  0
LWPOLYLINE
  5
57D
330
17
100
AcDbEntity
  8
爆区方格网
 62
5
100
AcDbPolyline
 90
6
 70
1
 10
470033.9509704818
 20
4349662.162483713
 10
470033.9509704818
 20
4349661.162483713
 10
470033.11873771687
 20
4349661.162483713
 10
470033.102
 20
4349661.782500001
 10
470033.3366030629
 20
4349662.162483713
 10
470033.9509704818
 20
4349662.162483713
  0
TEXT
  5
57E
330
17
100
AcDbEntity
  8
0
 62
5
100
AcDbText
 10
470033.3706696701
 20
4349661.402491856
 30
0.0
 40
0.1333
  1
1.46
  7
CN_TTF
 11
470033.3706696701
 21
4349661.402491856
 31
0.0
100
AcDbText
  0
LWPOLYLINE
  5
57F
330
17
100
AcDbEntity
  8
爆区方格网
 62
5
100
AcDbPolyline
 90
5
 70
1
 10
470033.9509704818
 20
4349657.162483713
 10
470033.9509704818
 20
4349658.162483713
 10
470034.9509704818
 20
4349658.162483713
 10
470034.9509704818
 20
4349657.162483713
 10
470033.9509704818
 20
4349657.162483713
  0
TEXT
  5
580
330
17
100
AcDbEntity
  8
0
 62
5
100
AcDbText
 10
470034.2909704818
 20
4349657.592483712
 30
0.0
 40
0.1333
  1
1.46
  7
CN_TTF
 11
470034.2909704818
 21
4349657.592483712
 31
0.0
100
AcDbText
  0
LWPOLYLINE
  5
581
330
17
100
AcDbEntity
  8
爆区方格网
 62
5
100
AcDbPolyline
 90
5
 70
1
 10
470033.9509704818
 20
4349658.162483713
 10
470033.9509704818
 20
4349659.162483713
 10
470034.9509704818
 20
4349659.162483713
 10
470034.9509704818
 20
4349658.162483713
 10
470033.9509704818
 20
4349658.162483713
  0
TEXT
  5
582
330
17
100
AcDbEntity
  8
0
 62
5
100
AcDbText
 10
470034.2909704818
 20
4349658.592483712
 30
0.0
 40
0.1333
  1
1.46
  7
CN_TTF
 11
470034.2909704818
 21
4349658.592483712
 31
0.0
100
AcDbText
  0
LWPOLYLINE
  5
583
330
17
100
AcDbEntity
  8
爆区方格网
 62
5
100
AcDbPolyline
 90
5
 70
1
 10
470033.9509704818
 20
4349659.162483713
 10
470033.9509704818
 20
4349660.162483713
 10
470034.9509704818
 20
4349660.162483713
 10
470034.9509704818
 20
4349659.162483713
 10
470033.9509704818
 20
4349659.162483713
  0
TEXT
  5
584
330
17
100
AcDbEntity
  8
0
 62
5
100
AcDbText
 10
470034.2909704818
 20
4349659.592483712
 30
0.0
 40
0.1333
  1
1.46
  7
CN_TTF
 11
470034.2909704818
 21
4349659.592483712
 31
0.0
100
AcDbText
  0
LWPOLYLINE
  5
585
330
17
100
AcDbEntity
  8
爆区方格网
 62
5
100
AcDbPolyline
 90
5
 70
1
 10
470033.9509704818
 20
4349660.162483713
 10
470033.9509704818
 20
4349661.162483713
 10
470034.9509704818
 20
4349661.162483713
 10
470034.9509704818
 20
4349660.162483713
 10
470033.9509704818
 20
4349660.162483713
  0
TEXT
  5
586
330
17
100
AcDbEntity
  8
0
 62
5
100
AcDbText
 10
470034.2909704818
 20
4349660.592483712
 30
0.0
 40
0.1333
  1
1.46
  7
CN_TTF
 11
470034.2909704818
 21
4349660.592483712
 31
0.0
100
AcDbText
  0
LWPOLYLINE
  5
587
330
17
100
AcDbEntity
  8
爆区方格网
 62
5
100
AcDbPolyline
 90
5
 70
1
 10
470033.9509704818
 20
4349661.162483713
 10
470033.9509704818
 20
4349662.162483713
 10
470034.9509704818
 20
4349662.162483713
 10
470034.9509704818
 20
4349661.162483713
 10
470033.9509704818
 20
4349661.162483713
  0
TEXT
  5
588
330
17
100
AcDbEntity
  8
0
 62
5
100
AcDbText
 10
470034.2909704818
 20
4349661.592483712
 30
0.0
 40
0.1333
  1
1.46
  7
CN_TTF
 11
470034.2909704818
 21
4349661.592483712
 31
0.0
100
AcDbText
  0
LWPOLYLINE
  5
589
330
17
100
AcDbEntity
  8
爆区方格网
 62
5
100
AcDbPolyline
 90
6
 70
1
 10
470034.9509704818
 20
4349663.162483713
 10
470034.9509704818
 20
4349662.162483713
 10
470033.9509704818
 20
4349662.162483713
 10
470033.9509704818
 20
4349663.157567108
 10
470033.9540060081
 20
4349663.162483713
 10
470034.9509704818
 20
4349663.162483713
  0
TEXT
  5
58A
330
17
100
AcDbEntity
  8
0
 62
5
100
AcDbText
 10
470034.2909704818
 20
4349662.59002541
 30
0.0
 40
0.1333
  1
1.46
  7
CN_TTF
 11
470034.2909704818
 21
4349662.59002541
 31
0.0
100
AcDbText
  0
LWPOLYLINE
  5
58B
330
17
100
AcDbEntity
  8
爆区方格网
 62
5
100
AcDbPolyline
 90
5
 70
1
 10
470034.9509704818
 20
4349663.162483713
 10
470033.9540060081
 20
4349663.162483713
 10
470034.255
 20
4349663.65
 10
470034.9509704818
 20
4349663.757716593
 10
470034.9509704818
 20
4349663.162483713
  0
TEXT
  5
58C
330
17
100
AcDbEntity
  8
0
 62
5
100
AcDbText
 10
470034.36773674295
 20
4349663.336241856
 30
0.0
 40
0.1333
  1
1.46
  7
CN_TTF
 11
470034.36773674295
 21
4349663.336241856
 31
0.0
100
AcDbText
  0
LWPOLYLINE
  5
58D
330
17
100
AcDbEntity
  8
爆区方格网
 62
5
100
AcDbPolyline
 90
5
 70
1
 10
470034.9509704818
 20
4349657.162483713
 10
470034.9509704818
 20
4349658.162483713
 10
470035.9509704818
 20
4349658.162483713
 10
470035.9509704818
 20
4349657.162483713
 10
470034.9509704818
 20
4349657.162483713
  0
TEXT
  5
58E
330
17
100
AcDbEntity
  8
0
 62
5
100
AcDbText
 10
470035.2909704818
 20
4349657.592483712
 30
0.0
 40
0.1333
  1
1.46
  7
CN_TTF
 11
470035.2909704818
 21
4349657.592483712
 31
0.0
100
AcDbText
  0
LWPOLYLINE
  5
58F
330
17
100
AcDbEntity
  8
爆区方格网
 62
5
100
AcDbPolyline
 90
5
 70
1
 10
470034.9509704818
 20
4349658.162483713
 10
470034.9509704818
 20
4349659.162483713
 10
470035.9509704818
 20
4349659.162483713
 10
470035.9509704818
 20
4349658.162483713
 10
470034.9509704818
 20
4349658.162483713
  0
TEXT
  5
590
330
17
100
AcDbEntity
  8
0
 62
5
100
AcDbText
 10
470035.2909704818
 20
4349658.592483712
 30
0.0
 40
0.1333
  1
1.46
  7
CN_TTF
 11
470035.2909704818
 21
4349658.592483712
 31
0.0
100
AcDbText
  0
LWPOLYLINE
  5
591
330
17
100
AcDbEntity
  8
爆区方格网
 62
5
100
AcDbPolyline
 90
5
 70
1
 10
470034.9509704818
 20
4349659.162483713
 10
470034.9509704818
 20
4349660.162483713
 10
470035.9509704818
 20
4349660.162483713
 10
470035.9509704818
 20
4349659.162483713
 10
470034.9509704818
 20
4349659.162483713
  0
TEXT
  5
592
330
17
100
AcDbEntity
  8
0
 62
5
100
AcDbText
 10
470035.2909704818
 20
4349659.592483712
 30
0.0
 40
0.1333
  1
1.46
  7
CN_TTF
 11
470035.2909704818
 21
4349659.592483712
 31
0.0
100
AcDbText
  0
LWPOLYLINE
  5
593
330
17
100
AcDbEntity
  8
爆区方格网
 62
5
100
AcDbPolyline
 90
5
 70
1
 10
470034.9509704818
 20
4349660.162483713
 10
470034.9509704818
 20
4349661.162483713
 10
470035.9509704818
 20
4349661.162483713
 10
470035.9509704818
 20
4349660.162483713
 10
470034.9509704818
 20
4349660.162483713
  0
TEXT
  5
594
330
17
100
AcDbEntity
  8
0
 62
5
100
AcDbText
 10
470035.2909704818
 20
4349660.592483712
 30
0.0
 40
0.1333
  1
1.46
  7
CN_TTF
 11
470035.2909704818
 21
4349660.592483712
 31
0.0
100
AcDbText
  0
LWPOLYLINE
  5
595
330
17
100
AcDbEntity
  8
爆区方格网
 62
5
100
AcDbPolyline
 90
5
 70
1
 10
470034.9509704818
 20
4349661.162483713
 10
470034.9509704818
 20
4349662.162483713
 10
470035.9509704818
 20
4349662.162483713
 10
470035.9509704818
 20
4349661.162483713
 10
470034.9509704818
 20
4349661.162483713
  0
TEXT
  5
596
330
17
100
AcDbEntity
  8
0
 62
5
100
AcDbText
 10
470035.2909704818
 20
4349661.592483712
 30
0.0
 40
0.1333
  1
1.46
  7
CN_TTF
 11
470035.2909704818
 21
4349661.592483712
 31
0.0
100
AcDbText
  0
LWPOLYLINE
  5
597
330
17
100
AcDbEntity
  8
爆区方格网
 62
5
100
AcDbPolyline
 90
5
 70
1
 10
470034.9509704818
 20
4349662.162483713
 10
470034.9509704818
 20
4349663.162483713
 10
470035.9509704818
 20
4349663.162483713
 10
470035.9509704818
 20
4349662.162483713
 10
470034.9509704818
 20
4349662.162483713
  0
TEXT
  5
598
330
17
100
AcDbEntity
  8
0
 62
5
100
AcDbText
 10
470035.2909704818
 20
4349662.592483712
 30
0.0
 40
0.1333
  1
1.46
  7
CN_TTF
 11
470035.2909704818
 21
4349662.592483712
 31
0.0
100
AcDbText
  0
LWPOLYLINE
  5
599
330
17
100
AcDbEntity
  8
爆区方格网
 62
5
100
AcDbPolyline
 90
5
 70
1
 10
470035.9509704818
 20
4349663.162483713
 10
470034.9509704818
 20
4349663.162483713
 10
470034.9509704818
 20
4349663.757716593
 10
470035.9509704818
 20
4349663.912488378
 10
470035.9509704818
 20
4349663.162483713
  0
TEXT
  5
59A
330
17
100
AcDbEntity
  8
0
 62
5
100
AcDbText
 10
470035.2909704818
 20
4349663.390100153
 30
0.0
 40
0.1333
  1
1.46
  7
CN_TTF
 11
470035.2909704818
 21
4349663.390100153
 31
0.0
100
AcDbText
  0
LWPOLYLINE
  5
59B
330
17
100
AcDbEntity
  8
爆区方格网
 62
5
100
AcDbPolyline
 90
5
 70
1
 10
470035.9509704818
 20
4349657.162483713
 10
470035.9509704818
 20
4349658.162483713
 10
470036.9509704818
 20
4349658.162483713
 10
470036.9509704818
 20
4349657.162483713
 10
470035.9509704818
 20
4349657.162483713
  0
TEXT
  5
59C
330
17
100
AcDbEntity
  8
0
 62
5
100
AcDbText
 10
470036.2909704818
 20
4349657.592483712
 30
0.0
 40
0.1333
  1
1.27
  7
CN_TTF
 11
470036.2909704818
 21
4349657.592483712
 31
0.0
100
AcDbText
  0
LWPOLYLINE
  5
59D
330
17
100
AcDbEntity
  8
爆区方格网
 62
5
100
AcDbPolyline
 90
5
 70
1
 10
470035.9509704818
 20
4349658.162483713
 10
470035.9509704818
 20
4349659.162483713
 10
470036.9509704818
 20
4349659.162483713
 10
470036.9509704818
 20
4349658.162483713
 10
470035.9509704818
 20
4349658.162483713
  0
TEXT
  5
59E
330
17
100
AcDbEntity
  8
0
 62
5
100
AcDbText
 10
470036.2909704818
 20
4349658.592483712
 30
0.0
 40
0.1333
  1
1.46
  7
CN_TTF
 11
470036.2909704818
 21
4349658.592483712
 31
0.0
100
AcDbText
  0
LWPOLYLINE
  5
59F
330
17
100
AcDbEntity
  8
爆区方格网
 62
5
100
AcDbPolyline
 90
5
 70
1
 10
470035.9509704818
 20
4349659.162483713
 10
470035.9509704818
 20
4349660.162483713
 10
470036.9509704818
 20
4349660.162483713
 10
470036.9509704818
 20
4349659.162483713
 10
470035.9509704818
 20
4349659.162483713
  0
TEXT
  5
5A0
330
17
100
AcDbEntity
  8
0
 62
5
100
AcDbText
 10
470036.2909704818
 20
4349659.592483712
 30
0.0
 40
0.1333
  1
1.46
  7
CN_TTF
 11
470036.2909704818
 21
4349659.592483712
 31
0.0
100
AcDbText
  0
LWPOLYLINE
  5
5A1
330
17
100
AcDbEntity
  8
爆区方格网
 62
5
100
AcDbPolyline
 90
5
 70
1
 10
470035.9509704818
 20
4349660.162483713
 10
470035.9509704818
 20
4349661.162483713
 10
470036.9509704818
 20
4349661.162483713
 10
470036.9509704818
 20
4349660.162483713
 10
470035.9509704818
 20
4349660.162483713
  0
TEXT
  5
5A2
330
17
100
AcDbEntity
  8
0
 62
5
100
AcDbText
 10
470036.2909704818
 20
4349660.592483712
 30
0.0
 40
0.1333
  1
1.46
  7
CN_TTF
 11
470036.2909704818
 21
4349660.592483712
 31
0.0
100
AcDbText
  0
LWPOLYLINE
  5
5A3
330
17
100
AcDbEntity
  8
爆区方格网
 62
5
100
AcDbPolyline
 90
5
 70
1
 10
470035.9509704818
 20
4349661.162483713
 10
470035.9509704818
 20
4349662.162483713
 10
470036.9509704818
 20
4349662.162483713
 10
470036.9509704818
 20
4349661.162483713
 10
470035.9509704818
 20
4349661.162483713
  0
TEXT
  5
5A4
330
17
100
AcDbEntity
  8
0
 62
5
100
AcDbText
 10
470036.2909704818
 20
4349661.592483712
 30
0.0
 40
0.1333
  1
1.46
  7
CN_TTF
 11
470036.2909704818
 21
4349661.592483712
 31
0.0
100
AcDbText
  0
LWPOLYLINE
  5
5A5
330
17
100
AcDbEntity
  8
爆区方格网
 62
5
100
AcDbPolyline
 90
5
 70
1
 10
470035.9509704818
 20
4349662.162483713
 10
470035.9509704818
 20
4349663.162483713
 10
470036.9509704818
 20
4349663.162483713
 10
470036.9509704818
 20
4349662.162483713
 10
470035.9509704818
 20
4349662.162483713
  0
TEXT
  5
5A6
330
17
100
AcDbEntity
  8
0
 62
5
100
AcDbText
 10
470036.2909704818
 20
4349662.592483712
 30
0.0
 40
0.1333
  1
1.46
  7
CN_TTF
 11
470036.2909704818
 21
4349662.592483712
 31
0.0
100
AcDbText
  0
LWPOLYLINE
  5
5A7
330
17
100
AcDbEntity
  8
爆区方格网
 62
5
100
AcDbPolyline
 90
5
 70
1
 10
470036.9509704818
 20
4349663.162483713
 10
470035.9509704818
 20
4349663.162483713
 10
470035.9509704818
 20
4349663.912488378
 10
470036.9509704818
 20
4349664.067260162
 10
470036.9509704818
 20
4349663.162483713
  0
TEXT
  5
5A8
330
17
100
AcDbEntity
  8
0
 62
5
100
AcDbText
 10
470036.2909704818
 20
4349663.467486044
 30
0.0
 40
0.1333
  1
1.46
  7
CN_TTF
 11
470036.2909704818
 21
4349663.467486044
 31
0.0
100
AcDbText
  0
LWPOLYLINE
  5
5A9
330
17
100
AcDbEntity
  8
爆区方格网
 62
5
100
AcDbPolyline
 90
5
 70
1
 10
470036.9509704818
 20
4349657.162483713
 10
470037.9509704818
 20
4349657.162483713
 10
470037.9509704818
 20
4349656.493634029
 10
470036.9509704818
 20
4349656.651005407
 10
470036.9509704818
 20
4349657.162483713
  0
TEXT
  5
5AA
330
17
100
AcDbEntity
  8
0
 62
5
100
AcDbText
 10
470037.2909704818
 20
4349656.83674456
 30
0.0
 40
0.1333
  1
1.27
  7
CN_TTF
 11
470037.2909704818
 21
4349656.83674456
 31
0.0
100
AcDbText
  0
LWPOLYLINE
  5
5AB
330
17
100
AcDbEntity
  8
爆区方格网
 62
5
100
AcDbPolyline
 90
5
 70
1
 10
470036.9509704818
 20
4349657.162483713
 10
470036.9509704818
 20
4349658.162483713
 10
470037.9509704818
 20
4349658.162483713
 10
470037.9509704818
 20
4349657.162483713
 10
470036.9509704818
 20
4349657.162483713
  0
TEXT
  5
5AC
330
17
100
AcDbEntity
  8
0
 62
5
100
AcDbText
 10
470037.2909704818
 20
4349657.592483712
 30
0.0
 40
0.1333
  1
1.27
  7
CN_TTF
 11
470037.2909704818
 21
4349657.592483712
 31
0.0
100
AcDbText
  0
LWPOLYLINE
  5
5AD
330
17
100
AcDbEntity
  8
爆区方格网
 62
5
100
AcDbPolyline
 90
5
 70
1
 10
470036.9509704818
 20
4349658.162483713
 10
470036.9509704818
 20
4349659.162483713
 10
470037.9509704818
 20
4349659.162483713
 10
470037.9509704818
 20
4349658.162483713
 10
470036.9509704818
 20
4349658.162483713
  0
TEXT
  5
5AE
330
17
100
AcDbEntity
  8
0
 62
5
100
AcDbText
 10
470037.2909704818
 20
4349658.592483712
 30
0.0
 40
0.1333
  1
1.27
  7
CN_TTF
 11
470037.2909704818
 21
4349658.592483712
 31
0.0
100
AcDbText
  0
LWPOLYLINE
  5
5AF
330
17
100
AcDbEntity
  8
爆区方格网
 62
5
100
AcDbPolyline
 90
5
 70
1
 10
470036.9509704818
 20
4349659.162483713
 10
470036.9509704818
 20
4349660.162483713
 10
470037.9509704818
 20
4349660.162483713
 10
470037.9509704818
 20
4349659.162483713
 10
470036.9509704818
 20
4349659.162483713
  0
TEXT
  5
5B0
330
17
100
AcDbEntity
  8
0
 62
5
100
AcDbText
 10
470037.2909704818
 20
4349659.592483712
 30
0.0
 40
0.1333
  1
1.46
  7
CN_TTF
 11
470037.2909704818
 21
4349659.592483712
 31
0.0
100
AcDbText
  0
LWPOLYLINE
  5
5B1
330
17
100
AcDbEntity
  8
爆区方格网
 62
5
100
AcDbPolyline
 90
5
 70
1
 10
470036.9509704818
 20
4349660.162483713
 10
470036.9509704818
 20
4349661.162483713
 10
470037.9509704818
 20
4349661.162483713
 10
470037.9509704818
 20
4349660.162483713
 10
470036.9509704818
 20
4349660.162483713
  0
TEXT
  5
5B2
330
17
100
AcDbEntity
  8
0
 62
5
100
AcDbText
 10
470037.2909704818
 20
4349660.592483712
 30
0.0
 40
0.1333
  1
1.46
  7
CN_TTF
 11
470037.2909704818
 21
4349660.592483712
 31
0.0
100
AcDbText
  0
LWPOLYLINE
  5
5B3
330
17
100
AcDbEntity
  8
爆区方格网
 62
5
100
AcDbPolyline
 90
5
 70
1
 10
470036.9509704818
 20
4349661.162483713
 10
470036.9509704818
 20
4349662.162483713
 10
470037.9509704818
 20
4349662.162483713
 10
470037.9509704818
 20
4349661.162483713
 10
470036.9509704818
 20
4349661.162483713
  0
TEXT
  5
5B4
330
17
100
AcDbEntity
  8
0
 62
5
100
AcDbText
 10
470037.2909704818
 20
4349661.592483712
 30
0.0
 40
0.1333
  1
1.46
  7
CN_TTF
 11
470037.2909704818
 21
4349661.592483712
 31
0.0
100
AcDbText
  0
LWPOLYLINE
  5
5B5
330
17
100
AcDbEntity
  8
爆区方格网
 62
5
100
AcDbPolyline
 90
5
 70
1
 10
470036.9509704818
 20
4349662.162483713
 10
470036.9509704818
 20
4349663.162483713
 10
470037.9509704818
 20
4349663.162483713
 10
470037.9509704818
 20
4349662.162483713
 10
470036.9509704818
 20
4349662.162483713
  0
TEXT
  5
5B6
330
17
100
AcDbEntity
  8
0
 62
5
100
AcDbText
 10
470037.2909704818
 20
4349662.592483712
 30
0.0
 40
0.1333
  1
1.46
  7
CN_TTF
 11
470037.2909704818
 21
4349662.592483712
 31
0.0
100
AcDbText
  0
LWPOLYLINE
  5
5B7
330
17
100
AcDbEntity
  8
爆区方格网
 62
5
100
AcDbPolyline
 90
7
 70
1
 10
470037.9509704818
 20
4349663.162483713
 10
470036.9509704818
 20
4349663.162483713
 10
470036.9509704818
 20
4349664.067260162
 10
470037.5662218437
 20
4349664.162483713
 10
470037.9341974561
 20
4349664.162483713
 10
470037.9509704818
 20
4349664.150199653
 10
470037.9509704818
 20
4349663.162483713
  0
TEXT
  5
5B8
330
17
100
AcDbEntity
  8
0
 62
5
100
AcDbText
 10
470037.2909704818
 20
4349663.5448719375
 30
0.0
 40
0.1333
  1
1.46
  7
CN_TTF
 11
470037.2909704818
 21
4349663.5448719375
 31
0.0
100
AcDbText
  0
LWPOLYLINE
  5
5B9
330
17
100
AcDbEntity
  8
爆区方格网
 62
5
100
AcDbPolyline
 90
5
 70
1
 10
470037.9509704818
 20
4349657.162483713
 10
470038.9509704818
 20
4349657.162483713
 10
470038.9509704818
 20
4349656.336262652
 10
470037.9509704818
 20
4349656.493634029
 10
470037.9509704818
 20
4349657.162483713
  0
TEXT
  5
5BA
330
17
100
AcDbEntity
  8
0
 62
5
100
AcDbText
 10
470038.2909704818
 20
4349656.75805887
 30
0.0
 40
0.1333
  1
1.27
  7
CN_TTF
 11
470038.2909704818
 21
4349656.75805887
 31
0.0
100
AcDbText
  0
LWPOLYLINE
  5
5BB
330
17
100
AcDbEntity
  8
爆区方格网
 62
5
100
AcDbPolyline
 90
5
 70
1
 10
470037.9509704818
 20
4349657.162483713
 10
470037.9509704818
 20
4349658.162483713
 10
470038.9509704818
 20
4349658.162483713
 10
470038.9509704818
 20
4349657.162483713
 10
470037.9509704818
 20
4349657.162483713
  0
TEXT
  5
5BC
330
17
100
AcDbEntity
  8
0
 62
5
100
AcDbText
 10
470038.2909704818
 20
4349657.592483712
 30
0.0
 40
0.1333
  1
1.27
  7
CN_TTF
 11
470038.2909704818
 21
4349657.592483712
 31
0.0
100
AcDbText
  0
LWPOLYLINE
  5
5BD
330
17
100
AcDbEntity
  8
爆区方格网
 62
5
100
AcDbPolyline
 90
5
 70
1
 10
470037.9509704818
 20
4349658.162483713
 10
470037.9509704818
 20
4349659.162483713
 10
470038.9509704818
 20
4349659.162483713
 10
470038.9509704818
 20
4349658.162483713
 10
470037.9509704818
 20
4349658.162483713
  0
TEXT
  5
5BE
330
17
100
AcDbEntity
  8
0
 62
5
100
AcDbText
 10
470038.2909704818
 20
4349658.592483712
 30
0.0
 40
0.1333
  1
1.27
  7
CN_TTF
 11
470038.2909704818
 21
4349658.592483712
 31
0.0
100
AcDbText
  0
LWPOLYLINE
  5
5BF
330
17
100
AcDbEntity
  8
爆区方格网
 62
5
100
AcDbPolyline
 90
5
 70
1
 10
470037.9509704818
 20
4349659.162483713
 10
470037.9509704818
 20
4349660.162483713
 10
470038.9509704818
 20
4349660.162483713
 10
470038.9509704818
 20
4349659.162483713
 10
470037.9509704818
 20
4349659.162483713
  0
TEXT
  5
5C0
330
17
100
AcDbEntity
  8
0
 62
5
100
AcDbText
 10
470038.2909704818
 20
4349659.592483712
 30
0.0
 40
0.1333
  1
1.27
  7
CN_TTF
 11
470038.2909704818
 21
4349659.592483712
 31
0.0
100
AcDbText
  0
LWPOLYLINE
  5
5C1
330
17
100
AcDbEntity
  8
爆区方格网
 62
5
100
AcDbPolyline
 90
5
 70
1
 10
470037.9509704818
 20
4349660.162483713
 10
470037.9509704818
 20
4349661.162483713
 10
470038.9509704818
 20
4349661.162483713
 10
470038.9509704818
 20
4349660.162483713
 10
470037.9509704818
 20
4349660.162483713
  0
TEXT
  5
5C2
330
17
100
AcDbEntity
  8
0
 62
5
100
AcDbText
 10
470038.2909704818
 20
4349660.592483712
 30
0.0
 40
0.1333
  1
1.46
  7
CN_TTF
 11
470038.2909704818
 21
4349660.592483712
 31
0.0
100
AcDbText
  0
LWPOLYLINE
  5
5C3
330
17
100
AcDbEntity
  8
爆区方格网
 62
5
100
AcDbPolyline
 90
5
 70
1
 10
470037.9509704818
 20
4349661.162483713
 10
470037.9509704818
 20
4349662.162483713
 10
470038.9509704818
 20
4349662.162483713
 10
470038.9509704818
 20
4349661.162483713
 10
470037.9509704818
 20
4349661.162483713
  0
TEXT
  5
5C4
330
17
100
AcDbEntity
  8
0
 62
5
100
AcDbText
 10
470038.2909704818
 20
4349661.592483712
 30
0.0
 40
0.1333
  1
1.46
  7
CN_TTF
 11
470038.2909704818
 21
4349661.592483712
 31
0.0
100
AcDbText
  0
LWPOLYLINE
  5
5C5
330
17
100
AcDbEntity
  8
爆区方格网
 62
5
100
AcDbPolyline
 90
5
 70
1
 10
470037.9509704818
 20
4349662.162483713
 10
470037.9509704818
 20
4349663.162483713
 10
470038.9509704818
 20
4349663.162483713
 10
470038.9509704818
 20
4349662.162483713
 10
470037.9509704818
 20
4349662.162483713
  0
TEXT
  5
5C6
330
17
100
AcDbEntity
  8
0
 62
5
100
AcDbText
 10
470038.2909704818
 20
4349662.592483712
 30
0.0
 40
0.1333
  1
1.46
  7
CN_TTF
 11
470038.2909704818
 21
4349662.592483712
 31
0.0
100
AcDbText
  0
LWPOLYLINE
  5
5C7
330
17
100
AcDbEntity
  8
爆区方格网
 62
5
100
AcDbPolyline
 90
5
 70
1
 10
470038.9509704818
 20
4349663.162483713
 10
470037.9509704818
 20
4349663.162483713
 10
470037.9509704818
 20
4349664.150199653
 10
470038.9509704818
 20
4349663.417829711
 10
470038.9509704818
 20
4349663.162483713
  0
TEXT
  5
5C8
330
17
100
AcDbEntity
  8
0
 62
5
100
AcDbText
 10
470038.0409704821
 20
4349663.714014681
 30
0.0
 40
0.1333
  1
1.46
  7
CN_TTF
 11
470038.0409704821
 21
4349663.714014681
 31
0.0
100
AcDbText
  0
LWPOLYLINE
  5
5C9
330
17
100
AcDbEntity
  8
爆区方格网
 62
5
100
AcDbPolyline
 90
5
 70
1
 10
470038.9509704818
 20
4349657.162483713
 10
470039.9509704818
 20
4349657.162483713
 10
470039.9509704818
 20
4349656.178891274
 10
470038.9509704818
 20
4349656.336262652
 10
470038.9509704818
 20
4349657.162483713
  0
TEXT
  5
5CA
330
17
100
AcDbEntity
  8
0
 62
5
100
AcDbText
 10
470039.2909704818
 20
4349656.679373182
 30
0.0
 40
0.1333
  1
1.27
  7
CN_TTF
 11
470039.2909704818
 21
4349656.679373182
 31
0.0
100
AcDbText
  0
LWPOLYLINE
  5
5CB
330
17
100
AcDbEntity
  8
爆区方格网
 62
5
100
AcDbPolyline
 90
5
 70
1
 10
470038.9509704818
 20
4349657.162483713
 10
470038.9509704818
 20
4349658.162483713
 10
470039.9509704818
 20
4349658.162483713
 10
470039.9509704818
 20
4349657.162483713
 10
470038.9509704818
 20
4349657.162483713
  0
TEXT
  5
5CC
330
17
100
AcDbEntity
  8
0
 62
5
100
AcDbText
 10
470039.2909704818
 20
4349657.592483712
 30
0.0
 40
0.1333
  1
1.27
  7
CN_TTF
 11
470039.2909704818
 21
4349657.592483712
 31
0.0
100
AcDbText
  0
LWPOLYLINE
  5
5CD
330
17
100
AcDbEntity
  8
爆区方格网
 62
5
100
AcDbPolyline
 90
5
 70
1
 10
470038.9509704818
 20
4349658.162483713
 10
470038.9509704818
 20
4349659.162483713
 10
470039.9509704818
 20
4349659.162483713
 10
470039.9509704818
 20
4349658.162483713
 10
470038.9509704818
 20
4349658.162483713
  0
TEXT
  5
5CE
330
17
100
AcDbEntity
  8
0
 62
5
100
AcDbText
 10
470039.2909704818
 20
4349658.592483712
 30
0.0
 40
0.1333
  1
1.27
  7
CN_TTF
 11
470039.2909704818
 21
4349658.592483712
 31
0.0
100
AcDbText
  0
LWPOLYLINE
  5
5CF
330
17
100
AcDbEntity
  8
爆区方格网
 62
5
100
AcDbPolyline
 90
5
 70
1
 10
470038.9509704818
 20
4349659.162483713
 10
470038.9509704818
 20
4349660.162483713
 10
470039.9509704818
 20
4349660.162483713
 10
470039.9509704818
 20
4349659.162483713
 10
470038.9509704818
 20
4349659.162483713
  0
TEXT
  5
5D0
330
17
100
AcDbEntity
  8
0
 62
5
100
AcDbText
 10
470039.2909704818
 20
4349659.592483712
 30
0.0
 40
0.1333
  1
1.27
  7
CN_TTF
 11
470039.2909704818
 21
4349659.592483712
 31
0.0
100
AcDbText
  0
LWPOLYLINE
  5
5D1
330
17
100
AcDbEntity
  8
爆区方格网
 62
5
100
AcDbPolyline
 90
5
 70
1
 10
470038.9509704818
 20
4349660.162483713
 10
470038.9509704818
 20
4349661.162483713
 10
470039.9509704818
 20
4349661.162483713
 10
470039.9509704818
 20
4349660.162483713
 10
470038.9509704818
 20
4349660.162483713
  0
TEXT
  5
5D2
330
17
100
AcDbEntity
  8
0
 62
5
100
AcDbText
 10
470039.2909704818
 20
4349660.592483712
 30
0.0
 40
0.1333
  1
1.27
  7
CN_TTF
 11
470039.2909704818
 21
4349660.592483712
 31
0.0
100
AcDbText
  0
LWPOLYLINE
  5
5D3
330
17
100
AcDbEntity
  8
爆区方格网
 62
5
100
AcDbPolyline
 90
5
 70
1
 10
470038.9509704818
 20
4349661.162483713
 10
470038.9509704818
 20
4349662.162483713
 10
470039.9509704818
 20
4349662.162483713
 10
470039.9509704818
 20
4349661.162483713
 10
470038.9509704818
 20
4349661.162483713
  0
TEXT
  5
5D4
330
17
100
AcDbEntity
  8
0
 62
5
100
AcDbText
 10
470039.2909704818
 20
4349661.592483712
 30
0.0
 40
0.1333
  1
1.46
  7
CN_TTF
 11
470039.2909704818
 21
4349661.592483712
 31
0.0
100
AcDbText
  0
LWPOLYLINE
  5
5D5
330
17
100
AcDbEntity
  8
爆区方格网
 62
5
100
AcDbPolyline
 90
7
 70
1
 10
470039.9509704818
 20
4349662.162483713
 10
470038.9509704818
 20
4349662.162483713
 10
470038.9509704818
 20
4349663.162483713
 10
470039.29962760606
 20
4349663.162483713
 10
470039.6
 20
4349662.9425
 10
470039.9509704818
 20
4349662.651409728
 10
470039.9509704818
 20
4349662.162483713
  0
TEXT
  5
5D6
330
17
100
AcDbEntity
  8
0
 62
5
100
AcDbText
 10
470039.2032278611
 20
4349662.726954864
 30
0.0
 40
0.1333
  1
1.46
  7
CN_TTF
 11
470039.2032278611
 21
4349662.726954864
 31
0.0
100
AcDbText
  0
LWPOLYLINE
  5
5D7
330
17
100
AcDbEntity
  8
爆区方格网
 62
5
100
AcDbPolyline
 90
6
 70
1
 10
470039.9509704818
 20
4349657.162483713
 10
470040.9509704818
 20
4349657.162483713
 10
470040.9509704818
 20
4349656.259558359
 10
470040.055230618
 20
4349656.162483713
 10
470039.9509704818
 20
4349656.178891274
 10
470039.9509704818
 20
4349657.162483713
  0
TEXT
  5
5D8
330
17
100
AcDbEntity
  8
0
 62
5
100
AcDbText
 10
470040.2909704818
 20
4349656.641021036
 30
0.0
 40
0.1333
  1
1.27
  7
CN_TTF
 11
470040.2909704818
 21
4349656.641021036
 31
0.0
100
AcDbText
  0
LWPOLYLINE
  5
5D9
330
17
100
AcDbEntity
  8
爆区方格网
 62
5
100
AcDbPolyline
 90
5
 70
1
 10
470039.9509704818
 20
4349657.162483713
 10
470039.9509704818
 20
4349658.162483713
 10
470040.9509704818
 20
4349658.162483713
 10
470040.9509704818
 20
4349657.162483713
 10
470039.9509704818
 20
4349657.162483713
  0
TEXT
  5
5DA
330
17
100
AcDbEntity
  8
0
 62
5
100
AcDbText
 10
470040.2909704818
 20
4349657.592483712
 30
0.0
 40
0.1333
  1
1.27
  7
CN_TTF
 11
470040.2909704818
 21
4349657.592483712
 31
0.0
100
AcDbText
  0
LWPOLYLINE
  5
5DB
330
17
100
AcDbEntity
  8
爆区方格网
 62
5
100
AcDbPolyline
 90
5
 70
1
 10
470039.9509704818
 20
4349658.162483713
 10
470039.9509704818
 20
4349659.162483713
 10
470040.9509704818
 20
4349659.162483713
 10
470040.9509704818
 20
4349658.162483713
 10
470039.9509704818
 20
4349658.162483713
  0
TEXT
  5
5DC
330
17
100
AcDbEntity
  8
0
 62
5
100
AcDbText
 10
470040.2909704818
 20
4349658.592483712
 30
0.0
 40
0.1333
  1
1.27
  7
CN_TTF
 11
470040.2909704818
 21
4349658.592483712
 31
0.0
100
AcDbText
  0
LWPOLYLINE
  5
5DD
330
17
100
AcDbEntity
  8
爆区方格网
 62
5
100
AcDbPolyline
 90
5
 70
1
 10
470039.9509704818
 20
4349659.162483713
 10
470039.9509704818
 20
4349660.162483713
 10
470040.9509704818
 20
4349660.162483713
 10
470040.9509704818
 20
4349659.162483713
 10
470039.9509704818
 20
4349659.162483713
  0
TEXT
  5
5DE
330
17
100
AcDbEntity
  8
0
 62
5
100
AcDbText
 10
470040.2909704818
 20
4349659.592483712
 30
0.0
 40
0.1333
  1
1.27
  7
CN_TTF
 11
470040.2909704818
 21
4349659.592483712
 31
0.0
100
AcDbText
  0
LWPOLYLINE
  5
5DF
330
17
100
AcDbEntity
  8
爆区方格网
 62
5
100
AcDbPolyline
 90
5
 70
1
 10
470039.9509704818
 20
4349660.162483713
 10
470039.9509704818
 20
4349661.162483713
 10
470040.9509704818
 20
4349661.162483713
 10
470040.9509704818
 20
4349660.162483713
 10
470039.9509704818
 20
4349660.162483713
  0
TEXT
  5
5E0
330
17
100
AcDbEntity
  8
0
 62
5
100
AcDbText
 10
470040.2909704818
 20
4349660.592483712
 30
0.0
 40
0.1333
  1
1.27
  7
CN_TTF
 11
470040.2909704818
 21
4349660.592483712
 31
0.0
100
AcDbText
  0
LWPOLYLINE
  5
5E1
330
17
100
AcDbEntity
  8
爆区方格网
 62
5
100
AcDbPolyline
 90
6
 70
1
 10
470040.9509704818
 20
4349661.162483713
 10
470039.9509704818
 20
4349661.162483713
 10
470039.9509704818
 20
4349662.162483713
 10
470040.54047351814
 20
4349662.162483713
 10
470040.9509704818
 20
4349661.822022964
 10
470040.9509704818
 20
4349661.162483713
  0
TEXT
  5
5E2
330
17
100
AcDbEntity
  8
0
 62
5
100
AcDbText
 10
470040.2909704818
 20
4349661.422253339
 30
0.0
 40
0.1333
  1
1.27
  7
CN_TTF
 11
470040.2909704818
 21
4349661.422253339
 31
0.0
100
AcDbText
  0
LWPOLYLINE
  5
5E3
330
17
100
AcDbEntity
  8
爆区方格网
 62
5
100
AcDbPolyline
 90
5
 70
1
 10
470040.9509704818
 20
4349657.162483713
 10
470041.9509704818
 20
4349657.162483713
 10
470041.9509704818
 20
4349656.367932062
 10
470040.9509704818
 20
4349656.259558359
 10
470040.9509704818
 20
4349657.162483713
  0
TEXT
  5
5E4
330
17
100
AcDbEntity
  8
0
 62
5
100
AcDbText
 10
470041.2909704818
 20
4349656.695207886
 30
0.0
 40
0.1333
  1
1.27
  7
CN_TTF
 11
470041.2909704818
 21
4349656.695207886
 31
0.0
100
AcDbText
  0
LWPOLYLINE
  5
5E5
330
17
100
AcDbEntity
  8
爆区方格网
 62
5
100
AcDbPolyline
 90
5
 70
1
 10
470040.9509704818
 20
4349657.162483713
 10
470040.9509704818
 20
4349658.162483713
 10
470041.9509704818
 20
4349658.162483713
 10
470041.9509704818
 20
4349657.162483713
 10
470040.9509704818
 20
4349657.162483713
  0
TEXT
  5
5E6
330
17
100
AcDbEntity
  8
0
 62
5
100
AcDbText
 10
470041.2909704818
 20
4349657.592483712
 30
0.0
 40
0.1333
  1
1.27
  7
CN_TTF
 11
470041.2909704818
 21
4349657.592483712
 31
0.0
100
AcDbText
  0
LWPOLYLINE
  5
5E7
330
17
100
AcDbEntity
  8
爆区方格网
 62
5
100
AcDbPolyline
 90
5
 70
1
 10
470040.9509704818
 20
4349658.162483713
 10
470040.9509704818
 20
4349659.162483713
 10
470041.9509704818
 20
4349659.162483713
 10
470041.9509704818
 20
4349658.162483713
 10
470040.9509704818
 20
4349658.162483713
  0
TEXT
  5
5E8
330
17
100
AcDbEntity
  8
0
 62
5
100
AcDbText
 10
470041.2909704818
 20
4349658.592483712
 30
0.0
 40
0.1333
  1
1.27
  7
CN_TTF
 11
470041.2909704818
 21
4349658.592483712
 31
0.0
100
AcDbText
  0
LWPOLYLINE
  5
5E9
330
17
100
AcDbEntity
  8
爆区方格网
 62
5
100
AcDbPolyline
 90
5
 70
1
 10
470040.9509704818
 20
4349659.162483713
 10
470040.9509704818
 20
4349660.162483713
 10
470041.9509704818
 20
4349660.162483713
 10
470041.9509704818
 20
4349659.162483713
 10
470040.9509704818
 20
4349659.162483713
  0
TEXT
  5
5EA
330
17
100
AcDbEntity
  8
0
 62
5
100
AcDbText
 10
470041.2909704818
 20
4349659.592483712
 30
0.0
 40
0.1333
  1
1.27
  7
CN_TTF
 11
470041.2909704818
 21
4349659.592483712
 31
0.0
100
AcDbText
  0
LWPOLYLINE
  5
5EB
330
17
100
AcDbEntity
  8
爆区方格网
 62
5
100
AcDbPolyline
 90
5
 70
1
 10
470040.9509704818
 20
4349660.162483713
 10
470040.9509704818
 20
4349661.162483713
 10
470041.9509704818
 20
4349661.162483713
 10
470041.9509704818
 20
4349660.162483713
 10
470040.9509704818
 20
4349660.162483713
  0
TEXT
  5
5EC
330
17
100
AcDbEntity
  8
0
 62
5
100
AcDbText
 10
470041.2909704818
 20
4349660.592483712
 30
0.0
 40
0.1333
  1
1.27
  7
CN_TTF
 11
470041.2909704818
 21
4349660.592483712
 31
0.0
100
AcDbText
  0
LWPOLYLINE
  5
5ED
330
17
100
AcDbEntity
  8
爆区方格网
 62
5
100
AcDbPolyline
 90
5
 70
1
 10
470041.9509704818
 20
4349657.162483713
 10
470042.55239679985
 20
4349657.162483713
 10
470042.6128608421
 20
4349656.439663571
 10
470041.9509704818
 20
4349656.367932062
 10
470041.9509704818
 20
4349657.162483713
  0
TEXT
  5
5EE
330
17
100
AcDbEntity
  8
0
 62
5
100
AcDbText
 10
470042.10679965134
 20
4349656.731073642
 30
0.0
 40
0.1333
  1
1.27
  7
CN_TTF
 11
470042.10679965134
 21
4349656.731073642
 31
0.0
100
AcDbText
  0
LWPOLYLINE
  5
5EF
330
17
100
AcDbEntity
  8
爆区方格网
 62
5
100
AcDbPolyline
 90
6
 70
1
 10
470041.9509704818
 20
4349657.162483713
 10
470041.9509704818
 20
4349658.162483713
 10
470042.4687466097
 20
4349658.162483713
 10
470042.48320864915
 20
4349657.989596604
 10
470042.55239679985
 20
4349657.162483713
 10
470041.9509704818
 20
4349657.162483713
  0
TEXT
  5
5F0
330
17
100
AcDbEntity
  8
0
 62
5
100
AcDbText
 10
470042.0743866032
 20
4349657.506040158
 30
0.0
 40
0.1333
  1
1.27
  7
CN_TTF
 11
470042.0743866032
 21
4349657.506040158
 31
0.0
100
AcDbText
  0
LWPOLYLINE
  5
5F1
330
17
100
AcDbEntity
  8
爆区方格网
 62
5
100
AcDbPolyline
 90
5
 70
1
 10
470011.9509704818
 20
4349656.481644851
 10
470010.9509704818
 20
4349656.453268991
 10
470010.9509704818
 20
4349656.772435319
 10
470011.9509704818
 20
4349657.0481451815
 10
470011.9509704818
 20
4349656.481644851
  0
TEXT
  5
5F2
330
17
100
AcDbEntity
  8
0
 62
5
100
AcDbText
 10
470011.2909704818
 20
4349656.557040084
 30
0.0
 40
0.1333
  1
1.29
  7
CN_TTF
 11
470011.2909704818
 21
4349656.557040084
 31
0.0
100
AcDbText
  0
LWPOLYLINE
  5
5F3
330
17
100
AcDbEntity
  8
爆区方格网
 62
4
100
AcDbPolyline
 90
6
 70
1
 10
470059.9509704818
 20
4349668.162483713
 10
470060.9509704818
 20
4349668.162483713
 10
470060.9509704818
 20
4349667.162483713
 10
470060.9491721056
 20
4349667.162483713
 10
470059.9509704818
 20
4349667.939205337
 10
470059.9509704818
 20
4349668.162483713
  0
TEXT
  5
5F4
330
17
100
AcDbEntity
  8
0
 62
4
100
AcDbText
 10
470060.54052088776
 20
4349667.480844525
 30
0.0
 40
0.1333
  1
0.76
  7
CN_TTF
 11
470060.54052088776
 21
4349667.480844525
 31
0.0
100
AcDbText
  0
LWPOLYLINE
  5
5F5
330
17
100
AcDbEntity
  8
爆区方格网
 62
4
100
AcDbPolyline
 90
5
 70
1
 10
470059.9509704818
 20
4349668.162483713
 10
470059.9509704818
 20
4349669.162483713
 10
470060.9509704818
 20
4349669.162483713
 10
470060.9509704818
 20
4349668.162483713
 10
470059.9509704818
 20
4349668.162483713
  0
TEXT
  5
5F6
330
17
100
AcDbEntity
  8
0
 62
4
100
AcDbText
 10
470060.2909704818
 20
4349668.592483712
 30
0.0
 40
0.1333
  1
0.76
  7
CN_TTF
 11
470060.2909704818
 21
4349668.592483712
 31
0.0
100
AcDbText
  0
LWPOLYLINE
  5
5F7
330
17
100
AcDbEntity
  8
爆区方格网
 62
4
100
AcDbPolyline
 90
6
 70
1
 10
470060.9509704818
 20
4349670.162483713
 10
470060.9509704818
 20
4349669.162483713
 10
470059.9509704818
 20
4349669.162483713
 10
470059.9509704818
 20
4349669.566531504
 10
470060.37291265297
 20
4349670.162483713
 10
470060.9509704818
 20
4349670.162483713
  0
TEXT
  5
5F8
330
17
100
AcDbEntity
  8
0
 62
4
100
AcDbText
 10
470060.3964560246
 20
4349669.794507608
 30
0.0
 40
0.1333
  1
0.76
  7
CN_TTF
 11
470060.3964560246
 21
4349669.794507608
 31
0.0
100
AcDbText
  0
LWPOLYLINE
  5
5F9
330
17
100
AcDbEntity
  8
爆区方格网
 62
4
100
AcDbPolyline
 90
5
 70
1
 10
470060.9509704818
 20
4349667.162483713
 10
470060.9509704818
 20
4349668.162483713
 10
470061.9509704818
 20
4349668.162483713
 10
470061.9509704818
 20
4349667.162483713
 10
470060.9509704818
 20
4349667.162483713
  0
TEXT
  5
5FA
330
17
100
AcDbEntity
  8
0
 62
4
100
AcDbText
 10
470061.2909704818
 20
4349667.592483712
 30
0.0
 40
0.1333
  1
0.76
  7
CN_TTF
 11
470061.2909704818
 21
4349667.592483712
 31
0.0
100
AcDbText
  0
LWPOLYLINE
  5
5FB
330
17
100
AcDbEntity
  8
爆区方格网
 62
4
100
AcDbPolyline
 90
5
 70
1
 10
470060.9509704818
 20
4349668.162483713
 10
470060.9509704818
 20
4349669.162483713
 10
470061.9509704818
 20
4349669.162483713
 10
470061.9509704818
 20
4349668.162483713
 10
470060.9509704818
 20
4349668.162483713
  0
TEXT
  5
5FC
330
17
100
AcDbEntity
  8
0
 62
4
100
AcDbText
 10
470061.2909704818
 20
4349668.592483712
 30
0.0
 40
0.1333
  1
0.76
  7
CN_TTF
 11
470061.2909704818
 21
4349668.592483712
 31
0.0
100
AcDbText
  0
LWPOLYLINE
  5
5FD
330
17
100
AcDbEntity
  8
爆区方格网
 62
4
100
AcDbPolyline
 90
5
 70
1
 10
470060.9509704818
 20
4349669.162483713
 10
470060.9509704818
 20
4349670.162483713
 10
470061.9509704818
 20
4349670.162483713
 10
470061.9509704818
 20
4349669.162483713
 10
470060.9509704818
 20
4349669.162483713
  0
TEXT
  5
5FE
330
17
100
AcDbEntity
  8
0
 62
4
100
AcDbText
 10
470061.2909704818
 20
4349669.592483712
 30
0.0
 40
0.1333
  1
0.76
  7
CN_TTF
 11
470061.2909704818
 21
4349669.592483712
 31
0.0
100
AcDbText
  0
LWPOLYLINE
  5
5FF
330
17
100
AcDbEntity
  8
爆区方格网
 62
4
100
AcDbPolyline
 90
6
 70
1
 10
470061.9509704818
 20
4349671.162483713
 10
470061.9509704818
 20
4349670.162483713
 10
470060.9509704818
 20
4349670.162483713
 10
470060.9509704818
 20
4349670.9789340785
 10
470061.08092608873
 20
4349671.162483713
 10
470061.9509704818
 20
4349671.162483713
  0
TEXT
  5
600
330
17
100
AcDbEntity
  8
0
 62
4
100
AcDbText
 10
470061.2909704818
 20
4349670.500708895
 30
0.0
 40
0.1333
  1
0.76
  7
CN_TTF
 11
470061.2909704818
 21
4349670.500708895
 31
0.0
100
AcDbText
  0
LWPOLYLINE
  5
601
330
17
100
AcDbEntity
  8
爆区方格网
 62
4
100
AcDbPolyline
 90
5
 70
1
 10
470061.9509704818
 20
4349672.162483713
 10
470061.9509704818
 20
4349671.162483713
 10
470061.08092608873
 20
4349671.162483713
 10
470061.7889395245
 20
4349672.162483713
 10
470061.9509704818
 20
4349672.162483713
  0
TEXT
  5
602
330
17
100
AcDbEntity
  8
0
 62
4
100
AcDbText
 10
470061.5329516442
 20
4349671.592483712
 30
0.0
 40
0.1333
  1
0.76
  7
CN_TTF
 11
470061.5329516442
 21
4349671.592483712
 31
0.0
100
AcDbText
  0
LWPOLYLINE
  5
603
330
17
100
AcDbEntity
  8
爆区方格网
 62
4
100
AcDbPolyline
 90
5
 70
1
 10
470061.9509704818
 20
4349667.162483713
 10
470061.9509704818
 20
4349668.162483713
 10
470062.9509704818
 20
4349668.162483713
 10
470062.9509704818
 20
4349667.162483713
 10
470061.9509704818
 20
4349667.162483713
  0
TEXT
  5
604
330
17
100
AcDbEntity
  8
0
 62
4
100
AcDbText
 10
470062.2909704818
 20
4349667.592483712
 30
0.0
 40
0.1333
  1
0.76
  7
CN_TTF
 11
470062.2909704818
 21
4349667.592483712
 31
0.0
100
AcDbText
  0
LWPOLYLINE
  5
605
330
17
100
AcDbEntity
  8
爆区方格网
 62
4
100
AcDbPolyline
 90
5
 70
1
 10
470061.9509704818
 20
4349668.162483713
 10
470061.9509704818
 20
4349669.162483713
 10
470062.9509704818
 20
4349669.162483713
 10
470062.9509704818
 20
4349668.162483713
 10
470061.9509704818
 20
4349668.162483713
  0
TEXT
  5
606
330
17
100
AcDbEntity
  8
0
 62
4
100
AcDbText
 10
470062.2909704818
 20
4349668.592483712
 30
0.0
 40
0.1333
  1
0.76
  7
CN_TTF
 11
470062.2909704818
 21
4349668.592483712
 31
0.0
100
AcDbText
  0
LWPOLYLINE
  5
607
330
17
100
AcDbEntity
  8
爆区方格网
 62
4
100
AcDbPolyline
 90
5
 70
1
 10
470061.9509704818
 20
4349669.162483713
 10
470061.9509704818
 20
4349670.162483713
 10
470062.9509704818
 20
4349670.162483713
 10
470062.9509704818
 20
4349669.162483713
 10
470061.9509704818
 20
4349669.162483713
  0
TEXT
  5
608
330
17
100
AcDbEntity
  8
0
 62
4
100
AcDbText
 10
470062.2909704818
 20
4349669.592483712
 30
0.0
 40
0.1333
  1
0.76
  7
CN_TTF
 11
470062.2909704818
 21
4349669.592483712
 31
0.0
100
AcDbText
  0
LWPOLYLINE
  5
609
330
17
100
AcDbEntity
  8
爆区方格网
 62
4
100
AcDbPolyline
 90
5
 70
1
 10
470061.9509704818
 20
4349670.162483713
 10
470061.9509704818
 20
4349671.162483713
 10
470062.9509704818
 20
4349671.162483713
 10
470062.9509704818
 20
4349670.162483713
 10
470061.9509704818
 20
4349670.162483713
  0
TEXT
  5
60A
330
17
100
AcDbEntity
  8
0
 62
4
100
AcDbText
 10
470062.2909704818
 20
4349670.592483712
 30
0.0
 40
0.1333
  1
0.76
  7
CN_TTF
 11
470062.2909704818
 21
4349670.592483712
 31
0.0
100
AcDbText
  0
LWPOLYLINE
  5
60B
330
17
100
AcDbEntity
  8
爆区方格网
 62
4
100
AcDbPolyline
 90
5
 70
1
 10
470061.9509704818
 20
4349671.162483713
 10
470061.9509704818
 20
4349672.162483713
 10
470062.9509704818
 20
4349672.162483713
 10
470062.9509704818
 20
4349671.162483713
 10
470061.9509704818
 20
4349671.162483713
  0
TEXT
  5
60C
330
17
100
AcDbEntity
  8
0
 62
4
100
AcDbText
 10
470062.2909704818
 20
4349671.592483712
 30
0.0
 40
0.1333
  1
0.76
  7
CN_TTF
 11
470062.2909704818
 21
4349671.592483712
 31
0.0
100
AcDbText
  0
LWPOLYLINE
  5
60D
330
17
100
AcDbEntity
  8
爆区方格网
 62
4
100
AcDbPolyline
 90
7
 70
1
 10
470062.9509704818
 20
4349667.162483713
 10
470062.9509704818
 20
4349668.162483713
 10
470063.9509704818
 20
4349668.162483713
 10
470063.9509704818
 20
4349667.313374992
 10
470063.5823554267
 20
4349667.207725316
 10
470063.42450604343
 20
4349667.162483713
 10
470062.9509704818
 20
4349667.162483713
  0
TEXT
  5
60E
330
17
100
AcDbEntity
  8
0
 62
4
100
AcDbText
 10
470063.2909704818
 20
4349667.667929352
 30
0.0
 40
0.1333
  1
0.76
  7
CN_TTF
 11
470063.2909704818
 21
4349667.667929352
 31
0.0
100
AcDbText
  0
LWPOLYLINE
  5
60F
330
17
100
AcDbEntity
  8
爆区方格网
 62
4
100
AcDbPolyline
 90
5
 70
1
 10
470062.9509704818
 20
4349668.162483713
 10
470062.9509704818
 20
4349669.162483713
 10
470063.9509704818
 20
4349669.162483713
 10
470063.9509704818
 20
4349668.162483713
 10
470062.9509704818
 20
4349668.162483713
  0
TEXT
  5
610
330
17
100
AcDbEntity
  8
0
 62
4
100
AcDbText
 10
470063.2909704818
 20
4349668.592483712
 30
0.0
 40
0.1333
  1
0.76
  7
CN_TTF
 11
470063.2909704818
 21
4349668.592483712
 31
0.0
100
AcDbText
  0
LWPOLYLINE
  5
611
330
17
100
AcDbEntity
  8
爆区方格网
 62
4
100
AcDbPolyline
 90
5
 70
1
 10
470062.9509704818
 20
4349669.162483713
 10
470062.9509704818
 20
4349670.162483713
 10
470063.9509704818
 20
4349670.162483713
 10
470063.9509704818
 20
4349669.162483713
 10
470062.9509704818
 20
4349669.162483713
  0
TEXT
  5
612
330
17
100
AcDbEntity
  8
0
 62
4
100
AcDbText
 10
470063.2909704818
 20
4349669.592483712
 30
0.0
 40
0.1333
  1
0.76
  7
CN_TTF
 11
470063.2909704818
 21
4349669.592483712
 31
0.0
100
AcDbText
  0
LWPOLYLINE
  5
613
330
17
100
AcDbEntity
  8
爆区方格网
 62
4
100
AcDbPolyline
 90
5
 70
1
 10
470062.9509704818
 20
4349670.162483713
 10
470062.9509704818
 20
4349671.162483713
 10
470063.9509704818
 20
4349671.162483713
 10
470063.9509704818
 20
4349670.162483713
 10
470062.9509704818
 20
4349670.162483713
  0
TEXT
  5
614
330
17
100
AcDbEntity
  8
0
 62
4
100
AcDbText
 10
470063.2909704818
 20
4349670.592483712
 30
0.0
 40
0.1333
  1
0.76
  7
CN_TTF
 11
470063.2909704818
 21
4349670.592483712
 31
0.0
100
AcDbText
  0
LWPOLYLINE
  5
615
330
17
100
AcDbEntity
  8
爆区方格网
 62
4
100
AcDbPolyline
 90
6
 70
1
 10
470063.9509704818
 20
4349671.162483713
 10
470062.9509704818
 20
4349671.162483713
 10
470062.9509704818
 20
4349672.162483713
 10
470063.02477496455
 20
4349672.162483713
 10
470063.9509704818
 20
4349671.5582339885
 10
470063.9509704818
 20
4349671.162483713
  0
TEXT
  5
616
330
17
100
AcDbEntity
  8
0
 62
4
100
AcDbText
 10
470063.0594216021
 20
4349671.790358851
 30
0.0
 40
0.1333
  1
0.76
  7
CN_TTF
 11
470063.0594216021
 21
4349671.790358851
 31
0.0
100
AcDbText
  0
LWPOLYLINE
  5
617
330
17
100
AcDbEntity
  8
爆区方格网
 62
4
100
AcDbPolyline
 90
6
 70
1
 10
470063.9509704818
 20
4349668.162483713
 10
470064.9509704818
 20
4349668.162483713
 10
470064.9509704818
 20
4349667.746096933
 10
470064.876
 20
4349667.5785
 10
470063.9509704818
 20
4349667.313374992
 10
470063.9509704818
 20
4349668.162483713
  0
TEXT
  5
618
330
17
100
AcDbEntity
  8
0
 62
4
100
AcDbText
 10
470064.2722278615
 20
4349667.592298467
 30
0.0
 40
0.1333
  1
0.76
  7
CN_TTF
 11
470064.2722278615
 21
4349667.592298467
 31
0.0
100
AcDbText
  0
LWPOLYLINE
  5
619
330
17
100
AcDbEntity
  8
爆区方格网
 62
4
100
AcDbPolyline
 90
5
 70
1
 10
470063.9509704818
 20
4349668.162483713
 10
470063.9509704818
 20
4349669.162483713
 10
470064.9509704818
 20
4349669.162483713
 10
470064.9509704818
 20
4349668.162483713
 10
470063.9509704818
 20
4349668.162483713
  0
TEXT
  5
61A
330
17
100
AcDbEntity
  8
0
 62
4
100
AcDbText
 10
470064.2909704818
 20
4349668.592483712
 30
0.0
 40
0.1333
  1
0.76
  7
CN_TTF
 11
470064.2909704818
 21
4349668.592483712
 31
0.0
100
AcDbText
  0
LWPOLYLINE
  5
61B
330
17
100
AcDbEntity
  8
爆区方格网
 62
4
100
AcDbPolyline
 90
5
 70
1
 10
470063.9509704818
 20
4349669.162483713
 10
470063.9509704818
 20
4349670.162483713
 10
470064.9509704818
 20
4349670.162483713
 10
470064.9509704818
 20
4349669.162483713
 10
470063.9509704818
 20
4349669.162483713
  0
TEXT
  5
61C
330
17
100
AcDbEntity
  8
0
 62
4
100
AcDbText
 10
470064.2909704818
 20
4349669.592483712
 30
0.0
 40
0.1333
  1
0.76
  7
CN_TTF
 11
470064.2909704818
 21
4349669.592483712
 31
0.0
100
AcDbText
  0
LWPOLYLINE
  5
61D
330
17
100
AcDbEntity
  8
爆区方格网
 62
4
100
AcDbPolyline
 90
6
 70
1
 10
470064.9509704818
 20
4349670.162483713
 10
470063.9509704818
 20
4349670.162483713
 10
470063.9509704818
 20
4349671.162483713
 10
470064.51651842473
 20
4349671.162483713
 10
470064.9509704818
 20
4349670.838711433
 10
470064.9509704818
 20
4349670.162483713
  0
TEXT
  5
61E
330
17
100
AcDbEntity
  8
0
 62
4
100
AcDbText
 10
470064.2909704818
 20
4349670.430597573
 30
0.0
 40
0.1333
  1
0.76
  7
CN_TTF
 11
470064.2909704818
 21
4349670.430597573
 31
0.0
100
AcDbText
  0
LWPOLYLINE
  5
61F
330
17
100
AcDbEntity
  8
爆区方格网
 62
4
100
AcDbPolyline
 90
7
 70
1
 10
470065.9509704818
 20
4349669.981602551
 10
470065.5845572497
 20
4349669.162483713
 10
470064.9509704818
 20
4349669.162483713
 10
470064.9509704818
 20
4349670.162483713
 10
470065.8583629379
 20
4349670.162483713
 10
470065.9509704818
 20
4349670.093468605
 10
470065.9509704818
 20
4349669.981602551
  0
TEXT
  5
620
330
17
100
AcDbEntity
  8
0
 62
4
100
AcDbText
 10
470065.1993671738
 20
4349669.502043132
 30
0.0
 40
0.1333
  1
0.76
  7
CN_TTF
 11
470065.1993671738
 21
4349669.502043132
 31
0.0
100
AcDbText
  0
LWPOLYLINE
  5
621
330
17
100
AcDbEntity
  8
爆区方格网
 62
4
100
AcDbPolyline
 90
5
 70
1
 10
470042.9509704818
 20
4349659.162483713
 10
470042.9509704818
 20
4349658.162483713
 10
470042.4687466097
 20
4349658.162483713
 10
470042.38509641954
 20
4349659.162483713
 10
470042.9509704818
 20
4349659.162483713
  0
TEXT
  5
622
330
17
100
AcDbEntity
  8
0
 62
4
100
AcDbText
 10
470042.52894599823
 20
4349658.592483712
 30
0.0
 40
0.1333
  1
0.70
  7
CN_TTF
 11
470042.52894599823
 21
4349658.592483712
 31
0.0
100
AcDbText
  0
LWPOLYLINE
  5
623
330
17
100
AcDbEntity
  8
爆区方格网
 62
4
100
AcDbPolyline
 90
5
 70
1
 10
470042.9509704818
 20
4349660.162483713
 10
470042.9509704818
 20
4349659.162483713
 10
470042.38509641954
 20
4349659.162483713
 10
470042.3014462294
 20
4349660.162483713
 10
470042.9509704818
 20
4349660.162483713
  0
TEXT
  5
624
330
17
100
AcDbEntity
  8
0
 62
4
100
AcDbText
 10
470042.48712090316
 20
4349659.592483712
 30
0.0
 40
0.1333
  1
0.70
  7
CN_TTF
 11
470042.48712090316
 21
4349659.592483712
 31
0.0
100
AcDbText
  0
LWPOLYLINE
  5
625
330
17
100
AcDbEntity
  8
爆区方格网
 62
4
100
AcDbPolyline
 90
5
 70
1
 10
470042.9509704818
 20
4349661.162483713
 10
470042.9509704818
 20
4349660.162483713
 10
470042.3014462294
 20
4349660.162483713
 10
470042.21779603924
 20
4349661.162483713
 10
470042.9509704818
 20
4349661.162483713
  0
TEXT
  5
626
330
17
100
AcDbEntity
  8
0
 62
4
100
AcDbText
 10
470042.4452958081
 20
4349660.592483712
 30
0.0
 40
0.1333
  1
0.70
  7
CN_TTF
 11
470042.4452958081
 21
4349660.592483712
 31
0.0
100
AcDbText
  0
LWPOLYLINE
  5
627
330
17
100
AcDbEntity
  8
爆区方格网
 62
4
100
AcDbPolyline
 90
5
 70
1
 10
470042.9509704818
 20
4349657.162483713
 10
470043.9509704818
 20
4349657.162483713
 10
470043.9509704818
 20
4349656.584679468
 10
470042.9509704818
 20
4349656.476305765
 10
470042.9509704818
 20
4349657.162483713
  0
TEXT
  5
628
330
17
100
AcDbEntity
  8
0
 62
4
100
AcDbText
 10
470043.2909704818
 20
4349656.80358159
 30
0.0
 40
0.1333
  1
0.70
  7
CN_TTF
 11
470043.2909704818
 21
4349656.80358159
 31
0.0
100
AcDbText
  0
LWPOLYLINE
  5
629
330
17
100
AcDbEntity
  8
爆区方格网
 62
4
100
AcDbPolyline
 90
5
 70
1
 10
470042.9509704818
 20
4349657.162483713
 10
470042.9509704818
 20
4349658.162483713
 10
470043.9509704818
 20
4349658.162483713
 10
470043.9509704818
 20
4349657.162483713
 10
470042.9509704818
 20
4349657.162483713
  0
TEXT
  5
62A
330
17
100
AcDbEntity
  8
0
 62
4
100
AcDbText
 10
470043.2909704818
 20
4349657.592483712
 30
0.0
 40
0.1333
  1
0.70
  7
CN_TTF
 11
470043.2909704818
 21
4349657.592483712
 31
0.0
100
AcDbText
  0
LWPOLYLINE
  5
62B
330
17
100
AcDbEntity
  8
爆区方格网
 62
4
100
AcDbPolyline
 90
5
 70
1
 10
470042.9509704818
 20
4349658.162483713
 10
470042.9509704818
 20
4349659.162483713
 10
470043.9509704818
 20
4349659.162483713
 10
470043.9509704818
 20
4349658.162483713
 10
470042.9509704818
 20
4349658.162483713
  0
TEXT
  5
62C
330
17
100
AcDbEntity
  8
0
 62
4
100
AcDbText
 10
470043.2909704818
 20
4349658.592483712
 30
0.0
 40
0.1333
  1
0.70
  7
CN_TTF
 11
470043.2909704818
 21
4349658.592483712
 31
0.0
100
AcDbText
  0
LWPOLYLINE
  5
62D
330
17
100
AcDbEntity
  8
爆区方格网
 62
4
100
AcDbPolyline
 90
5
 70
1
 10
470042.9509704818
 20
4349659.162483713
 10
470042.9509704818
 20
4349660.162483713
 10
470043.9509704818
 20
4349660.162483713
 10
470043.9509704818
 20
4349659.162483713
 10
470042.9509704818
 20
4349659.162483713
  0
TEXT
  5
62E
330
17
100
AcDbEntity
  8
0
 62
4
100
AcDbText
 10
470043.2909704818
 20
4349659.592483712
 30
0.0
 40
0.1333
  1
0.70
  7
CN_TTF
 11
470043.2909704818
 21
4349659.592483712
 31
0.0
100
AcDbText
  0
LWPOLYLINE
  5
62F
330
17
100
AcDbEntity
  8
爆区方格网
 62
4
100
AcDbPolyline
 90
5
 70
1
 10
470042.9509704818
 20
4349660.162483713
 10
470042.9509704818
 20
4349661.162483713
 10
470043.9509704818
 20
4349661.162483713
 10
470043.9509704818
 20
4349660.162483713
 10
470042.9509704818
 20
4349660.162483713
  0
TEXT
  5
630
330
17
100
AcDbEntity
  8
0
 62
4
100
AcDbText
 10
470043.2909704818
 20
4349660.592483712
 30
0.0
 40
0.1333
  1
0.70
  7
CN_TTF
 11
470043.2909704818
 21
4349660.592483712
 31
0.0
100
AcDbText
  0
LWPOLYLINE
  5
631
330
17
100
AcDbEntity
  8
爆区方格网
 62
4
100
AcDbPolyline
 90
6
 70
1
 10
470043.9509704818
 20
4349661.162483713
 10
470042.9509704818
 20
4349661.162483713
 10
470042.9509704818
 20
4349661.552262556
 10
470043.351
 20
4349661.7524999995
 10
470043.9509704818
 20
4349661.449469224
 10
470043.9509704818
 20
4349661.162483713
  0
TEXT
  5
632
330
17
100
AcDbEntity
  8
0
 62
4
100
AcDbText
 10
470043.24009036506
 20
4349661.430865889
 30
0.0
 40
0.1333
  1
0.70
  7
CN_TTF
 11
470043.24009036506
 21
4349661.430865889
 31
0.0
100
AcDbText
  0
LWPOLYLINE
  5
633
330
17
100
AcDbEntity
  8
爆区方格网
 62
4
100
AcDbPolyline
 90
5
 70
1
 10
470043.9509704818
 20
4349657.162483713
 10
470044.9509704818
 20
4349657.162483713
 10
470044.9509704818
 20
4349656.693053171
 10
470043.9509704818
 20
4349656.584679468
 10
470043.9509704818
 20
4349657.162483713
  0
TEXT
  5
634
330
17
100
AcDbEntity
  8
0
 62
4
100
AcDbText
 10
470044.2909704818
 20
4349656.857768442
 30
0.0
 40
0.1333
  1
0.70
  7
CN_TTF
 11
470044.2909704818
 21
4349656.857768442
 31
0.0
100
AcDbText
  0
LWPOLYLINE
  5
635
330
17
100
AcDbEntity
  8
爆区方格网
 62
4
100
AcDbPolyline
 90
5
 70
1
 10
470043.9509704818
 20
4349657.162483713
 10
470043.9509704818
 20
4349658.162483713
 10
470044.9509704818
 20
4349658.162483713
 10
470044.9509704818
 20
4349657.162483713
 10
470043.9509704818
 20
4349657.162483713
  0
TEXT
  5
636
330
17
100
AcDbEntity
  8
0
 62
4
100
AcDbText
 10
470044.2909704818
 20
4349657.592483712
 30
0.0
 40
0.1333
  1
0.70
  7
CN_TTF
 11
470044.2909704818
 21
4349657.592483712
 31
0.0
100
AcDbText
  0
LWPOLYLINE
  5
637
330
17
100
AcDbEntity
  8
爆区方格网
 62
4
100
AcDbPolyline
 90
5
 70
1
 10
470043.9509704818
 20
4349658.162483713
 10
470043.9509704818
 20
4349659.162483713
 10
470044.9509704818
 20
4349659.162483713
 10
470044.9509704818
 20
4349658.162483713
 10
470043.9509704818
 20
4349658.162483713
  0
TEXT
  5
638
330
17
100
AcDbEntity
  8
0
 62
4
100
AcDbText
 10
470044.2909704818
 20
4349658.592483712
 30
0.0
 40
0.1333
  1
0.70
  7
CN_TTF
 11
470044.2909704818
 21
4349658.592483712
 31
0.0
100
AcDbText
  0
LWPOLYLINE
  5
639
330
17
100
AcDbEntity
  8
爆区方格网
 62
4
100
AcDbPolyline
 90
5
 70
1
 10
470043.9509704818
 20
4349659.162483713
 10
470043.9509704818
 20
4349660.162483713
 10
470044.9509704818
 20
4349660.162483713
 10
470044.9509704818
 20
4349659.162483713
 10
470043.9509704818
 20
4349659.162483713
  0
TEXT
  5
63A
330
17
100
AcDbEntity
  8
0
 62
4
100
AcDbText
 10
470044.2909704818
 20
4349659.592483712
 30
0.0
 40
0.1333
  1
0.70
  7
CN_TTF
 11
470044.2909704818
 21
4349659.592483712
 31
0.0
100
AcDbText
  0
LWPOLYLINE
  5
63B
330
17
100
AcDbEntity
  8
爆区方格网
 62
4
100
AcDbPolyline
 90
6
 70
1
 10
470044.9509704818
 20
4349660.162483713
 10
470043.9509704818
 20
4349660.162483713
 10
470043.9509704818
 20
4349661.162483713
 10
470044.51917295
 20
4349661.162483713
 10
470044.9509704818
 20
4349660.944393082
 10
470044.9509704818
 20
4349660.162483713
  0
TEXT
  5
63C
330
17
100
AcDbEntity
  8
0
 62
4
100
AcDbText
 10
470044.2909704818
 20
4349660.483438397
 30
0.0
 40
0.1333
  1
0.70
  7
CN_TTF
 11
470044.2909704818
 21
4349660.483438397
 31
0.0
100
AcDbText
  0
LWPOLYLINE
  5
63D
330
17
100
AcDbEntity
  8
爆区方格网
 62
4
100
AcDbPolyline
 90
5
 70
1
 10
470044.9509704818
 20
4349657.162483713
 10
470044.9509704818
 20
4349658.162483713
 10
470045.9509704818
 20
4349658.162483713
 10
470045.9509704818
 20
4349657.162483713
 10
470044.9509704818
 20
4349657.162483713
  0
TEXT
  5
63E
330
17
100
AcDbEntity
  8
0
 62
4
100
AcDbText
 10
470045.2909704818
 20
4349657.592483712
 30
0.0
 40
0.1333
  1
0.70
  7
CN_TTF
 11
470045.2909704818
 21
4349657.592483712
 31
0.0
100
AcDbText
  0
LWPOLYLINE
  5
63F
330
17
100
AcDbEntity
  8
爆区方格网
 62
4
100
AcDbPolyline
 90
5
 70
1
 10
470044.9509704818
 20
4349658.162483713
 10
470044.9509704818
 20
4349659.162483713
 10
470045.9509704818
 20
4349659.162483713
 10
470045.9509704818
 20
4349658.162483713
 10
470044.9509704818
 20
4349658.162483713
  0
TEXT
  5
640
330
17
100
AcDbEntity
  8
0
 62
4
100
AcDbText
 10
470045.2909704818
 20
4349658.592483712
 30
0.0
 40
0.1333
  1
0.70
  7
CN_TTF
 11
470045.2909704818
 21
4349658.592483712
 31
0.0
100
AcDbText
  0
LWPOLYLINE
  5
641
330
17
100
AcDbEntity
  8
爆区方格网
 62
4
100
AcDbPolyline
 90
5
 70
1
 10
470044.9509704818
 20
4349659.162483713
 10
470044.9509704818
 20
4349660.162483713
 10
470045.9509704818
 20
4349660.162483713
 10
470045.9509704818
 20
4349659.162483713
 10
470044.9509704818
 20
4349659.162483713
  0
TEXT
  5
642
330
17
100
AcDbEntity
  8
0
 62
4
100
AcDbText
 10
470045.2909704818
 20
4349659.592483712
 30
0.0
 40
0.1333
  1
0.70
  7
CN_TTF
 11
470045.2909704818
 21
4349659.592483712
 31
0.0
100
AcDbText
  0
LWPOLYLINE
  5
643
330
17
100
AcDbEntity
  8
爆区方格网
 62
4
100
AcDbPolyline
 90
5
 70
1
 10
470045.9509704818
 20
4349660.162483713
 10
470044.9509704818
 20
4349660.162483713
 10
470044.9509704818
 20
4349660.944393082
 10
470045.9509704818
 20
4349660.43931694
 10
470045.9509704818
 20
4349660.162483713
  0
TEXT
  5
644
330
17
100
AcDbEntity
  8
0
 62
4
100
AcDbText
 10
470045.0409704818
 20
4349660.62185501
 30
0.0
 40
0.1333
  1
0.70
  7
CN_TTF
 11
470045.0409704818
 21
4349660.62185501
 31
0.0
100
AcDbText
  0
LWPOLYLINE
  5
645
330
17
100
AcDbEntity
  8
爆区方格网
 62
4
100
AcDbPolyline
 90
5
 70
1
 10
470045.9509704818
 20
4349657.162483713
 10
470045.9509704818
 20
4349658.162483713
 10
470046.9509704818
 20
4349658.162483713
 10
470046.9509704818
 20
4349657.162483713
 10
470045.9509704818
 20
4349657.162483713
  0
TEXT
  5
646
330
17
100
AcDbEntity
  8
0
 62
4
100
AcDbText
 10
470046.2909704818
 20
4349657.592483712
 30
0.0
 40
0.1333
  1
0.70
  7
CN_TTF
 11
470046.2909704818
 21
4349657.592483712
 31
0.0
100
AcDbText
  0
LWPOLYLINE
  5
647
330
17
100
AcDbEntity
  8
爆区方格网
 62
4
100
AcDbPolyline
 90
5
 70
1
 10
470045.9509704818
 20
4349658.162483713
 10
470045.9509704818
 20
4349659.162483713
 10
470046.9509704818
 20
4349659.162483713
 10
470046.9509704818
 20
4349658.162483713
 10
470045.9509704818
 20
4349658.162483713
  0
TEXT
  5
648
330
17
100
AcDbEntity
  8
0
 62
4
100
AcDbText
 10
470046.2909704818
 20
4349658.592483712
 30
0.0
 40
0.1333
  1
0.70
  7
CN_TTF
 11
470046.2909704818
 21
4349658.592483712
 31
0.0
100
AcDbText
  0
LWPOLYLINE
  5
649
330
17
100
AcDbEntity
  8
爆区方格网
 62
4
100
AcDbPolyline
 90
6
 70
1
 10
470046.9509704818
 20
4349659.162483713
 10
470045.9509704818
 20
4349659.162483713
 10
470045.9509704818
 20
4349660.162483713
 10
470046.8393772624
 20
4349660.162483713
 10
470046.9509704818
 20
4349660.14208135
 10
470046.9509704818
 20
4349659.162483713
  0
TEXT
  5
64A
330
17
100
AcDbEntity
  8
0
 62
4
100
AcDbText
 10
470046.2909704818
 20
4349659.582282531
 30
0.0
 40
0.1333
  1
0.70
  7
CN_TTF
 11
470046.2909704818
 21
4349659.582282531
 31
0.0
100
AcDbText
  0
LWPOLYLINE
  5
64B
330
17
100
AcDbEntity
  8
爆区方格网
 62
4
100
AcDbPolyline
 90
5
 70
1
 10
470046.9509704818
 20
4349657.162483713
 10
470046.9509704818
 20
4349658.162483713
 10
470047.9509704818
 20
4349658.162483713
 10
470047.9509704818
 20
4349657.162483713
 10
470046.9509704818
 20
4349657.162483713
  0
TEXT
  5
64C
330
17
100
AcDbEntity
  8
0
 62
4
100
AcDbText
 10
470047.2909704818
 20
4349657.592483712
 30
0.0
 40
0.1333
  1
0.70
  7
CN_TTF
 11
470047.2909704818
 21
4349657.592483712
 31
0.0
100
AcDbText
  0
LWPOLYLINE
  5
64D
330
17
100
AcDbEntity
  8
爆区方格网
 62
4
100
AcDbPolyline
 90
5
 70
1
 10
470046.9509704818
 20
4349658.162483713
 10
470046.9509704818
 20
4349659.162483713
 10
470047.9509704818
 20
4349659.162483713
 10
470047.9509704818
 20
4349658.162483713
 10
470046.9509704818
 20
4349658.162483713
  0
TEXT
  5
64E
330
17
100
AcDbEntity
  8
0
 62
4
100
AcDbText
 10
470047.2909704818
 20
4349658.592483712
 30
0.0
 40
0.1333
  1
0.70
  7
CN_TTF
 11
470047.2909704818
 21
4349658.592483712
 31
0.0
100
AcDbText
  0
LWPOLYLINE
  5
64F
330
17
100
AcDbEntity
  8
爆区方格网
 62
4
100
AcDbPolyline
 90
5
 70
1
 10
470047.9509704818
 20
4349659.162483713
 10
470046.9509704818
 20
4349659.162483713
 10
470046.9509704818
 20
4349660.14208135
 10
470047.9509704818
 20
4349659.959253371
 10
470047.9509704818
 20
4349659.162483713
  0
TEXT
  5
650
330
17
100
AcDbEntity
  8
0
 62
4
100
AcDbText
 10
470047.2909704818
 20
4349659.490868541
 30
0.0
 40
0.1333
  1
0.70
  7
CN_TTF
 11
470047.2909704818
 21
4349659.490868541
 31
0.0
100
AcDbText
  0
LINE
  5
651
330
17
100
AcDbEntity
  8
点
 62
138
420
19532
100
AcDbLine
 10
470067.207
 20
4349678.238
 30
0.0
 11
470068.207
 21
4349678.238
 31
0.0
  0
LINE
  5
652
330
17
100
AcDbEntity
  8
点
 62
138
420
19532
100
AcDbLine
 10
470067.707
 20
4349677.738
 30
0.0
 11
470067.707
 21
4349678.738
 31
0.0
  0
LINE
  5
653
330
17
100
AcDbEntity
  8
钻孔
 62
1
370
35
100
AcDbLine
 10
470067.707
 20
4349678.238
 30
0.0
 11
470066.507
 21
4349678.238
 31
0.0
  0
TEXT
  5
654
330
17
100
AcDbEntity
  8
钻孔
 62
138
420
19532
100
AcDbText
 10
470065.42699999997
 20
4349678.638
 30
0.0
 40
0.4
  1
BS-3940-1003-P1
  7
CN_TTF
 11
470065.42699999997
 21
4349678.638
 31
0.0
100
AcDbText
  0
TEXT
  5
655
330
17
100
AcDbEntity
  8
钻孔
 62
1
100
AcDbText
 10
470064.517
 20
4349677.888
 30
0.0
 40
0.7
  1
2.01
  7
CN_TTF
 11
470064.517
 21
4349677.888
 31
0.0
100
AcDbText
  0
LINE
  5
656
330
17
100
AcDbEntity
  8
点
 62
138
420
19532
100
AcDbLine
 10
470068.785
 20
4349674.885
 30
0.0
 11
470069.785
 21
4349674.885
 31
0.0
  0
LINE
  5
657
330
17
100
AcDbEntity
  8
点
 62
138
420
19532
100
AcDbLine
 10
470069.285
 20
4349674.385
 30
0.0
 11
470069.285
 21
4349675.385
 31
0.0
  0
LINE
  5
658
330
17
100
AcDbEntity
  8
钻孔
 62
5
370
35
100
AcDbLine
 10
470069.285
 20
4349674.885
 30
0.0
 11
470068.08499999996
 21
4349674.885
 31
0.0
  0
TEXT
  5
659
330
17
100
AcDbEntity
  8
钻孔
 62
138
420
19532
100
AcDbText
 10
470067.00499999995
 20
4349675.285
 30
0.0
 40
0.4
  1
BS-3940-1003-P2
  7
CN_TTF
 11
470067.00499999995
 21
4349675.285
 31
0.0
100
AcDbText
  0
TEXT
  5
65A
330
17
100
AcDbEntity
  8
钻孔
 62
5
100
AcDbText
 10
470066.095
 20
4349674.535
 30
0.0
 40
0.7
  1
1.24
  7
CN_TTF
 11
470066.095
 21
4349674.535
 31
0.0
100
AcDbText
  0
LINE
  5
65B
330
17
100
AcDbEntity
  8
点
 62
138
420
19532
100
AcDbLine
 10
470068.819
 20
4349671.16
 30
0.0
 11
470069.819
 21
4349671.16
 31
0.0
  0
LINE
  5
65C
330
17
100
AcDbEntity
  8
点
 62
138
420
19532
100
AcDbLine
 10
470069.319
 20
4349670.66
 30
0.0
 11
470069.319
 21
4349671.66
 31
0.0
  0
LINE
  5
65D
330
17
100
AcDbEntity
  8
钻孔
 62
5
370
35
100
AcDbLine
 10
470069.319
 20
4349671.16
 30
0.0
 11
470068.119
 21
4349671.16
 31
0.0
  0
TEXT
  5
65E
330
17
100
AcDbEntity
  8
钻孔
 62
138
420
19532
100
AcDbText
 10
470067.039
 20
4349671.5600000005
 30
0.0
 40
0.4
  1
BS-3940-1003-P3
  7
CN_TTF
 11
470067.039
 21
4349671.5600000005
 31
0.0
100
AcDbText
  0
TEXT
  5
65F
330
17
100
AcDbEntity
  8
钻孔
 62
5
100
AcDbText
 10
470066.129
 20
4349670.8100000005
 30
0.0
 40
0.7
  1
1.17
  7
CN_TTF
 11
470066.129
 21
4349670.8100000005
 31
0.0
100
AcDbText
  0
LINE
  5
660
330
17
100
AcDbEntity
  8
点
 62
138
420
19532
100
AcDbLine
 10
470066.594
 20
4349666.186
 30
0.0
 11
470067.594
 21
4349666.186
 31
0.0
  0
LINE
  5
661
330
17
100
AcDbEntity
  8
点
 62
138
420
19532
100
AcDbLine
 10
470067.094
 20
4349665.686
 30
0.0
 11
470067.094
 21
4349666.686
 31
0.0
  0
LINE
  5
662
330
17
100
AcDbEntity
  8
钻孔
 62
5
370
35
100
AcDbLine
 10
470067.094
 20
4349666.186
 30
0.0
 11
470065.894
 21
4349666.186
 31
0.0
  0
TEXT
  5
663
330
17
100
AcDbEntity
  8
钻孔
 62
138
420
19532
100
AcDbText
 10
470064.81399999995
 20
4349666.586
 30
0.0
 40
0.4
  1
BS-3940-1003-P4
  7
CN_TTF
 11
470064.81399999995
 21
4349666.586
 31
0.0
100
AcDbText
  0
TEXT
  5
664
330
17
100
AcDbEntity
  8
钻孔
 62
5
100
AcDbText
 10
470063.904
 20
4349665.836
 30
0.0
 40
0.7
  1
1.48
  7
CN_TTF
 11
470063.904
 21
4349665.836
 31
0.0
100
AcDbText
  0
LINE
  5
665
330
17
100
AcDbEntity
  8
点
 62
138
420
19532
100
AcDbLine
 10
470060.073
 20
4349664.317
 30
0.0
 11
470061.073
 21
4349664.317
 31
0.0
  0
LINE
  5
666
330
17
100
AcDbEntity
  8
点
 62
138
420
19532
100
AcDbLine
 10
470060.573
 20
4349663.817
 30
0.0
 11
470060.573
 21
4349664.817
 31
0.0
  0
LINE
  5
667
330
17
100
AcDbEntity
  8
钻孔
 62
5
370
35
100
AcDbLine
 10
470060.573
 20
4349664.317
 30
0.0
 11
470059.37299999996
 21
4349664.317
 31
0.0
  0
TEXT
  5
668
330
17
100
AcDbEntity
  8
钻孔
 62
138
420
19532
100
AcDbText
 10
470058.29299999995
 20
4349664.717
 30
0.0
 40
0.4
  1
BS-3940-1003-P5
  7
CN_TTF
 11
470058.29299999995
 21
4349664.717
 31
0.0
100
AcDbText
  0
TEXT
  5
669
330
17
100
AcDbEntity
  8
钻孔
 62
5
100
AcDbText
 10
470057.383
 20
4349663.967
 30
0.0
 40
0.7
  1
1.11
  7
CN_TTF
 11
470057.383
 21
4349663.967
 31
0.0
100
AcDbText
  0
LINE
  5
66A
330
17
100
AcDbEntity
  8
点
 62
138
420
19532
100
AcDbLine
 10
470062.158
 20
4349668.971
 30
0.0
 11
470063.158
 21
4349668.971
 31
0.0
  0
LINE
  5
66B
330
17
100
AcDbEntity
  8
点
 62
138
420
19532
100
AcDbLine
 10
470062.658
 20
4349668.471
 30
0.0
 11
470062.658
 21
4349669.471
 31
0.0
  0
LINE
  5
66C
330
17
100
AcDbEntity
  8
钻孔
 62
4
370
35
100
AcDbLine
 10
470062.658
 20
4349668.971
 30
0.0
 11
470061.458
 21
4349668.971
 31
0.0
  0
TEXT
  5
66D
330
17
100
AcDbEntity
  8
钻孔
 62
138
420
19532
100
AcDbText
 10
470060.37799999997
 20
4349669.371
 30
0.0
 40
0.4
  1
BS-3940-1003-P6
  7
CN_TTF
 11
470060.37799999997
 21
4349669.371
 31
0.0
100
AcDbText
  0
TEXT
  5
66E
330
17
100
AcDbEntity
  8
钻孔
 62
4
100
AcDbText
 10
470059.468
 20
4349668.621
 30
0.0
 40
0.7
  1
0.76
  7
CN_TTF
 11
470059.468
 21
4349668.621
 31
0.0
100
AcDbText
  0
LINE
  5
66F
330
17
100
AcDbEntity
  8
点
 62
138
420
19532
100
AcDbLine
 10
470065.298
 20
4349673.784
 30
0.0
 11
470066.298
 21
4349673.784
 31
0.0
  0
LINE
  5
670
330
17
100
AcDbEntity
  8
点
 62
138
420
19532
100
AcDbLine
 10
470065.798
 20
4349673.284
 30
0.0
 11
470065.798
 21
4349674.284
 31
0.0
  0
LINE
  5
671
330
17
100
AcDbEntity
  8
钻孔
 62
5
370
35
100
AcDbLine
 10
470065.798
 20
4349673.784
 30
0.0
 11
470064.598
 21
4349673.784
 31
0.0
  0
TEXT
  5
672
330
17
100
AcDbEntity
  8
钻孔
 62
138
420
19532
100
AcDbText
 10
470063.518
 20
4349674.184
 30
0.0
 40
0.4
  1
BS-3940-1003-P7
  7
CN_TTF
 11
470063.518
 21
4349674.184
 31
0.0
100
AcDbText
  0
TEXT
  5
673
330
17
100
AcDbEntity
  8
钻孔
 62
5
100
AcDbText
 10
470062.608
 20
4349673.434
 30
0.0
 40
0.7
  1
1.02
  7
CN_TTF
 11
470062.608
 21
4349673.434
 31
0.0
100
AcDbText
  0
LINE
  5
674
330
17
100
AcDbEntity
  8
点
 62
138
420
19532
100
AcDbLine
 10
470060.533
 20
4349676.687
 30
0.0
 11
470061.533
 21
4349676.687
 31
0.0
  0
LINE
  5
675
330
17
100
AcDbEntity
  8
点
 62
138
420
19532
100
AcDbLine
 10
470061.033
 20
4349676.187
 30
0.0
 11
470061.033
 21
4349677.187
 31
0.0
  0
LINE
  5
676
330
17
100
AcDbEntity
  8
钻孔
 62
1
370
35
100
AcDbLine
 10
470061.033
 20
4349676.687
 30
0.0
 11
470059.833
 21
4349676.687
 31
0.0
  0
TEXT
  5
677
330
17
100
AcDbEntity
  8
钻孔
 62
138
420
19532
100
AcDbText
 10
470058.75299999997
 20
4349677.087
 30
0.0
 40
0.4
  1
BS-3940-1003-P8
  7
CN_TTF
 11
470058.75299999997
 21
4349677.087
 31
0.0
100
AcDbText
  0
TEXT
  5
678
330
17
100
AcDbEntity
  8
钻孔
 62
1
100
AcDbText
 10
470057.843
 20
4349676.337
 30
0.0
 40
0.7
  1
1.55
  7
CN_TTF
 11
470057.843
 21
4349676.337
 31
0.0
100
AcDbText
  0
LINE
  5
679
330
17
100
AcDbEntity
  8
点
 62
138
420
19532
100
AcDbLine
 10
470057.99
 20
4349671.922
 30
0.0
 11
470058.99
 21
4349671.922
 31
0.0
  0
LINE
  5
67A
330
17
100
AcDbEntity
  8
点
 62
138
420
19532
100
AcDbLine
 10
470058.49
 20
4349671.422
 30
0.0
 11
470058.49
 21
4349672.422
 31
0.0
  0
LINE
  5
67B
330
17
100
AcDbEntity
  8
钻孔
 62
1
370
35
100
AcDbLine
 10
470058.49
 20
4349671.922
 30
0.0
 11
470057.29
 21
4349671.922
 31
0.0
  0
TEXT
  5
67C
330
17
100
AcDbEntity
  8
钻孔
 62
138
420
19532
100
AcDbText
 10
470056.20999999996
 20
4349672.322000001
 30
0.0
 40
0.4
  1
BS-3940-1003-P9
  7
CN_TTF
 11
470056.20999999996
 21
4349672.322000001
 31
0.0
100
AcDbText
  0
TEXT
  5
67D
330
17
100
AcDbEntity
  8
钻孔
 62
1
100
AcDbText
 10
470055.3
 20
4349671.572000001
 30
0.0
 40
0.7
  1
1.82
  7
CN_TTF
 11
470055.3
 21
4349671.572000001
 31
0.0
100
AcDbText
  0
LINE
  5
67E
330
17
100
AcDbEntity
  8
点
 62
138
420
19532
100
AcDbLine
 10
470056.188
 20
4349667.34
 30
0.0
 11
470057.188
 21
4349667.34
 31
0.0
  0
LINE
  5
67F
330
17
100
AcDbEntity
  8
点
 62
138
420
19532
100
AcDbLine
 10
470056.688
 20
4349666.84
 30
0.0
 11
470056.688
 21
4349667.84
 31
0.0
  0
LINE
  5
680
330
17
100
AcDbEntity
  8
钻孔
 62
5
370
35
100
AcDbLine
 10
470056.688
 20
4349667.34
 30
0.0
 11
470055.488
 21
4349667.34
 31
0.0
  0
TEXT
  5
681
330
17
100
AcDbEntity
  8
钻孔
 62
138
420
19532
100
AcDbText
 10
470054.408
 20
4349667.74
 30
0.0
 40
0.4
  1
BS-3940-1003-P10
  7
CN_TTF
 11
470054.408
 21
4349667.74
 31
0.0
100
AcDbText
  0
TEXT
  5
682
330
17
100
AcDbEntity
  8
钻孔
 62
5
100
AcDbText
 10
470053.498
 20
4349666.99
 30
0.0
 40
0.7
  1
1.06
  7
CN_TTF
 11
470053.498
 21
4349666.99
 31
0.0
100
AcDbText
  0
LINE
  5
683
330
17
100
AcDbEntity
  8
点
 62
138
420
19532
100
AcDbLine
 10
470056.794
 20
4349662.037
 30
0.0
 11
470057.794
 21
4349662.037
 31
0.0
  0
LINE
  5
684
330
17
100
AcDbEntity
  8
点
 62
138
420
19532
100
AcDbLine
 10
470057.294
 20
4349661.537
 30
0.0
 11
470057.294
 21
4349662.537
 31
0.0
  0
LINE
  5
685
330
17
100
AcDbEntity
  8
钻孔
 62
1
370
35
100
AcDbLine
 10
470057.294
 20
4349662.037
 30
0.0
 11
470056.094
 21
4349662.037
 31
0.0
  0
TEXT
  5
686
330
17
100
AcDbEntity
  8
钻孔
 62
138
420
19532
100
AcDbText
 10
470055.01399999997
 20
4349662.437
 30
0.0
 40
0.4
  1
BS-3940-1003-P11
  7
CN_TTF
 11
470055.01399999997
 21
4349662.437
 31
0.0
100
AcDbText
  0
TEXT
  5
687
330
17
100
AcDbEntity
  8
钻孔
 62
1
100
AcDbText
 10
470054.104
 20
4349661.687
 30
0.0
 40
0.7
  1
1.76
  7
CN_TTF
 11
470054.104
 21
4349661.687
 31
0.0
100
AcDbText
  0
LINE
  5
688
330
17
100
AcDbEntity
  8
点
 62
138
420
19532
100
AcDbLine
 10
470052.597
 20
4349662.767
 30
0.0
 11
470053.597
 21
4349662.767
 31
0.0
  0
LINE
  5
689
330
17
100
AcDbEntity
  8
点
 62
138
420
19532
100
AcDbLine
 10
470053.097
 20
4349662.267
 30
0.0
 11
470053.097
 21
4349663.267
 31
0.0
  0
LINE
  5
68A
330
17
100
AcDbEntity
  8
钻孔
 62
1
370
35
100
AcDbLine
 10
470053.097
 20
4349662.767
 30
0.0
 11
470051.897
 21
4349662.767
 31
0.0
  0
TEXT
  5
68B
330
17
100
AcDbEntity
  8
钻孔
 62
138
420
19532
100
AcDbText
 10
470050.817
 20
4349663.167
 30
0.0
 40
0.4
  1
BS-3940-1003-P12
  7
CN_TTF
 11
470050.817
 21
4349663.167
 31
0.0
100
AcDbText
  0
TEXT
  5
68C
330
17
100
AcDbEntity
  8
钻孔
 62
1
100
AcDbText
 10
470049.907
 20
4349662.417
 30
0.0
 40
0.7
  1
2.89
  7
CN_TTF
 11
470049.907
 21
4349662.417
 31
0.0
100
AcDbText
  0
LINE
  5
68D
330
17
100
AcDbEntity
  8
点
 62
138
420
19532
100
AcDbLine
 10
470051.068
 20
4349670.045
 30
0.0
 11
470052.068
 21
4349670.045
 31
0.0
  0
LINE
  5
68E
330
17
100
AcDbEntity
  8
点
 62
138
420
19532
100
AcDbLine
 10
470051.568
 20
4349669.545
 30
0.0
 11
470051.568
 21
4349670.545
 31
0.0
  0
LINE
  5
68F
330
17
100
AcDbEntity
  8
钻孔
 62
5
370
35
100
AcDbLine
 10
470051.568
 20
4349670.045
 30
0.0
 11
470050.368
 21
4349670.045
 31
0.0
  0
TEXT
  5
690
330
17
100
AcDbEntity
  8
钻孔
 62
138
420
19532
100
AcDbText
 10
470049.288
 20
4349670.445
 30
0.0
 40
0.4
  1
BS-3940-1003-P13
  7
CN_TTF
 11
470049.288
 21
4349670.445
 31
0.0
100
AcDbText
  0
TEXT
  5
691
330
17
100
AcDbEntity
  8
钻孔
 62
5
100
AcDbText
 10
470048.378
 20
4349669.695
 30
0.0
 40
0.7
  1
1.03
  7
CN_TTF
 11
470048.378
 21
4349669.695
 31
0.0
100
AcDbText
  0
LINE
  5
692
330
17
100
AcDbEntity
  8
点
 62
138
420
19532
100
AcDbLine
 10
470053.768
 20
4349674.929
 30
0.0
 11
470054.768
 21
4349674.929
 31
0.0
  0
LINE
  5
693
330
17
100
AcDbEntity
  8
点
 62
138
420
19532
100
AcDbLine
 10
470054.268
 20
4349674.429
 30
0.0
 11
470054.268
 21
4349675.429
 31
0.0
  0
LINE
  5
694
330
17
100
AcDbEntity
  8
钻孔
 62
1
370
35
100
AcDbLine
 10
470054.268
 20
4349674.929
 30
0.0
 11
470053.06799999997
 21
4349674.929
 31
0.0
  0
TEXT
  5
695
330
17
100
AcDbEntity
  8
钻孔
 62
138
420
19532
100
AcDbText
 10
470051.98799999995
 20
4349675.329
 30
0.0
 40
0.4
  1
BS-3940-1003-P14
  7
CN_TTF
 11
470051.98799999995
 21
4349675.329
 31
0.0
100
AcDbText
  0
TEXT
  5
696
330
17
100
AcDbEntity
  8
钻孔
 62
1
100
AcDbText
 10
470051.078
 20
4349674.579
 30
0.0
 40
0.7
  1
2.02
  7
CN_TTF
 11
470051.078
 21
4349674.579
 31
0.0
100
AcDbText
  0
LINE
  5
697
330
17
100
AcDbEntity
  8
点
 62
138
420
19532
100
AcDbLine
 10
470047.028
 20
4349672.91
 30
0.0
 11
470048.028
 21
4349672.91
 31
0.0
  0
LINE
  5
698
330
17
100
AcDbEntity
  8
点
 62
138
420
19532
100
AcDbLine
 10
470047.528
 20
4349672.41
 30
0.0
 11
470047.528
 21
4349673.41
 31
0.0
  0
LINE
  5
699
330
17
100
AcDbEntity
  8
钻孔
 62
1
370
35
100
AcDbLine
 10
470047.528
 20
4349672.91
 30
0.0
 11
470046.328
 21
4349672.91
 31
0.0
  0
TEXT
  5
69A
330
17
100
AcDbEntity
  8
钻孔
 62
138
420
19532
100
AcDbText
 10
470045.24799999996
 20
4349673.3100000005
 30
0.0
 40
0.4
  1
BS-3940-1003-P15
  7
CN_TTF
 11
470045.24799999996
 21
4349673.3100000005
 31
0.0
100
AcDbText
  0
TEXT
  5
69B
330
17
100
AcDbEntity
  8
钻孔
 62
1
100
AcDbText
 10
470044.338
 20
4349672.5600000005
 30
0.0
 40
0.7
  1
1.64
  7
CN_TTF
 11
470044.338
 21
4349672.5600000005
 31
0.0
100
AcDbText
  0
LINE
  5
69C
330
17
100
AcDbEntity
  8
点
 62
138
420
19532
100
AcDbLine
 10
470044.974
 20
4349668.24
 30
0.0
 11
470045.974
 21
4349668.24
 31
0.0
  0
LINE
  5
69D
330
17
100
AcDbEntity
  8
点
 62
138
420
19532
100
AcDbLine
 10
470045.474
 20
4349667.74
 30
0.0
 11
470045.474
 21
4349668.74
 31
0.0
  0
LINE
  5
69E
330
17
100
AcDbEntity
  8
钻孔
 62
1
370
35
100
AcDbLine
 10
470045.474
 20
4349668.24
 30
0.0
 11
470044.274
 21
4349668.24
 31
0.0
  0
TEXT
  5
69F
330
17
100
AcDbEntity
  8
钻孔
 62
138
420
19532
100
AcDbText
 10
470043.19399999996
 20
4349668.640000001
 30
0.0
 40
0.4
  1
BS-3940-1003-P16
  7
CN_TTF
 11
470043.19399999996
 21
4349668.640000001
 31
0.0
100
AcDbText
  0
TEXT
  5
6A0
330
17
100
AcDbEntity
  8
钻孔
 62
1
100
AcDbText
 10
470042.284
 20
4349667.890000001
 30
0.0
 40
0.7
  1
1.88
  7
CN_TTF
 11
470042.284
 21
4349667.890000001
 31
0.0
100
AcDbText
  0
LINE
  5
6A1
330
17
100
AcDbEntity
  8
点
 62
138
420
19532
100
AcDbLine
 10
470048.824
 20
4349665.318
 30
0.0
 11
470049.824
 21
4349665.318
 31
0.0
  0
LINE
  5
6A2
330
17
100
AcDbEntity
  8
点
 62
138
420
19532
100
AcDbLine
 10
470049.324
 20
4349664.818
 30
0.0
 11
470049.324
 21
4349665.818
 31
0.0
  0
LINE
  5
6A3
330
17
100
AcDbEntity
  8
钻孔
 62
5
370
35
100
AcDbLine
 10
470049.324
 20
4349665.318
 30
0.0
 11
470048.124
 21
4349665.318
 31
0.0
  0
TEXT
  5
6A4
330
17
100
AcDbEntity
  8
钻孔
 62
138
420
19532
100
AcDbText
 10
470047.044
 20
4349665.718
 30
0.0
 40
0.4
  1
BS-3940-1003-P17
  7
CN_TTF
 11
470047.044
 21
4349665.718
 31
0.0
100
AcDbText
  0
TEXT
  5
6A5
330
17
100
AcDbEntity
  8
钻孔
 62
5
100
AcDbText
 10
470046.134
 20
4349664.968
 30
0.0
 40
0.7
  1
1.02
  7
CN_TTF
 11
470046.134
 21
4349664.968
 31
0.0
100
AcDbText
  0
LINE
  5
6A6
330
17
100
AcDbEntity
  8
点
 62
138
420
19532
100
AcDbLine
 10
470050.968
 20
4349660.404
 30
0.0
 11
470051.968
 21
4349660.404
 31
0.0
  0
LINE
  5
6A7
330
17
100
AcDbEntity
  8
点
 62
138
420
19532
100
AcDbLine
 10
470051.468
 20
4349659.904
 30
0.0
 11
470051.468
 21
4349660.904
 31
0.0
  0
LINE
  5
6A8
330
17
100
AcDbEntity
  8
钻孔
 62
1
370
35
100
AcDbLine
 10
470051.468
 20
4349660.404
 30
0.0
 11
470050.268
 21
4349660.404
 31
0.0
  0
TEXT
  5
6A9
330
17
100
AcDbEntity
  8
钻孔
 62
138
420
19532
100
AcDbText
 10
470049.18799999997
 20
4349660.8040000005
 30
0.0
 40
0.4
  1
BS-3940-1003-P18
  7
CN_TTF
 11
470049.18799999997
 21
4349660.8040000005
 31
0.0
100
AcDbText
  0
TEXT
  5
6AA
330
17
100
AcDbEntity
  8
钻孔
 62
1
100
AcDbText
 10
470048.278
 20
4349660.0540000005
 30
0.0
 40
0.7
  1
2.18
  7
CN_TTF
 11
470048.278
 21
4349660.0540000005
 31
0.0
100
AcDbText
  0
LINE
  5
6AB
330
17
100
AcDbEntity
  8
点
 62
138
420
19532
100
AcDbLine
 10
470047.637
 20
4349661.013
 30
0.0
 11
470048.637
 21
4349661.013
 31
0.0
  0
LINE
  5
6AC
330
17
100
AcDbEntity
  8
点
 62
138
420
19532
100
AcDbLine
 10
470048.137
 20
4349660.513
 30
0.0
 11
470048.137
 21
4349661.513
 31
0.0
  0
LINE
  5
6AD
330
17
100
AcDbEntity
  8
钻孔
 62
1
370
35
100
AcDbLine
 10
470048.137
 20
4349661.013
 30
0.0
 11
470046.937
 21
4349661.013
 31
0.0
  0
TEXT
  5
6AE
330
17
100
AcDbEntity
  8
钻孔
 62
138
420
19532
100
AcDbText
 10
470045.85699999996
 20
4349661.413000001
 30
0.0
 40
0.4
  1
BS-3940-1003-P19
  7
CN_TTF
 11
470045.85699999996
 21
4349661.413000001
 31
0.0
100
AcDbText
  0
TEXT
  5
6AF
330
17
100
AcDbEntity
  8
钻孔
 62
1
100
AcDbText
 10
470044.947
 20
4349660.663000001
 30
0.0
 40
0.7
  1
2.32
  7
CN_TTF
 11
470044.947
 21
4349660.663000001
 31
0.0
100
AcDbText
  0
LINE
  5
6B0
330
17
100
AcDbEntity
  8
点
 62
138
420
19532
100
AcDbLine
 10
470043.975
 20
4349659.507
 30
0.0
 11
470044.975
 21
4349659.507
 31
0.0
  0
LINE
  5
6B1
330
17
100
AcDbEntity
  8
点
 62
138
420
19532
100
AcDbLine
 10
470044.475
 20
4349659.007
 30
0.0
 11
470044.475
 21
4349660.007
 31
0.0
  0
LINE
  5
6B2
330
17
100
AcDbEntity
  8
钻孔
 62
4
370
35
100
AcDbLine
 10
470044.475
 20
4349659.507
 30
0.0
 11
470043.27499999997
 21
4349659.507
 31
0.0
  0
TEXT
  5
6B3
330
17
100
AcDbEntity
  8
钻孔
 62
138
420
19532
100
AcDbText
 10
470042.19499999995
 20
4349659.907000001
 30
0.0
 40
0.4
  1
BS-3940-1003-P20
  7
CN_TTF
 11
470042.19499999995
 21
4349659.907000001
 31
0.0
100
AcDbText
  0
TEXT
  5
6B4
330
17
100
AcDbEntity
  8
钻孔
 62
4
100
AcDbText
 10
470041.285
 20
4349659.157000001
 30
0.0
 40
0.7
  1
0.70
  7
CN_TTF
 11
470041.285
 21
4349659.157000001
 31
0.0
100
AcDbText
  0
LINE
  5
6B5
330
17
100
AcDbEntity
  8
点
 62
138
420
19532
100
AcDbLine
 10
470041.727
 20
4349663.998
 30
0.0
 11
470042.727
 21
4349663.998
 31
0.0
  0
LINE
  5
6B6
330
17
100
AcDbEntity
  8
点
 62
138
420
19532
100
AcDbLine
 10
470042.227
 20
4349663.498
 30
0.0
 11
470042.227
 21
4349664.498
 31
0.0
  0
LINE
  5
6B7
330
17
100
AcDbEntity
  8
钻孔
 62
1
370
35
100
AcDbLine
 10
470042.227
 20
4349663.998
 30
0.0
 11
470041.027
 21
4349663.998
 31
0.0
  0
TEXT
  5
6B8
330
17
100
AcDbEntity
  8
钻孔
 62
138
420
19532
100
AcDbText
 10
470039.947
 20
4349664.398
 30
0.0
 40
0.4
  1
BS-3940-1003-P21
  7
CN_TTF
 11
470039.947
 21
4349664.398
 31
0.0
100
AcDbText
  0
TEXT
  5
6B9
330
17
100
AcDbEntity
  8
钻孔
 62
1
100
AcDbText
 10
470039.037
 20
4349663.648
 30
0.0
 40
0.7
  1
1.75
  7
CN_TTF
 11
470039.037
 21
4349663.648
 31
0.0
100
AcDbText
  0
LINE
  5
6BA
330
17
100
AcDbEntity
  8
点
 62
138
420
19532
100
AcDbLine
 10
470040.779
 20
4349670.382
 30
0.0
 11
470041.779
 21
4349670.382
 31
0.0
  0
LINE
  5
6BB
330
17
100
AcDbEntity
  8
点
 62
138
420
19532
100
AcDbLine
 10
470041.279
 20
4349669.882
 30
0.0
 11
470041.279
 21
4349670.882
 31
0.0
  0
LINE
  5
6BC
330
17
100
AcDbEntity
  8
钻孔
 62
4
370
35
100
AcDbLine
 10
470041.279
 20
4349670.382
 30
0.0
 11
470040.07899999997
 21
4349670.382
 31
0.0
  0
TEXT
  5
6BD
330
17
100
AcDbEntity
  8
钻孔
 62
138
420
19532
100
AcDbText
 10
470038.99899999995
 20
4349670.782000001
 30
0.0
 40
0.4
  1
BS-3940-1003-P22
  7
CN_TTF
 11
470038.99899999995
 21
4349670.782000001
 31
0.0
100
AcDbText
  0
TEXT
  5
6BE
330
17
100
AcDbEntity
  8
钻孔
 62
4
100
AcDbText
 10
470038.089
 20
4349670.032000001
 30
0.0
 40
0.7
  1
0.78
  7
CN_TTF
 11
470038.089
 21
4349670.032000001
 31
0.0
100
AcDbText
  0
LINE
  5
6BF
330
17
100
AcDbEntity
  8
点
 62
138
420
19532
100
AcDbLine
 10
470038.267
 20
4349666.532
 30
0.0
 11
470039.267
 21
4349666.532
 31
0.0
  0
LINE
  5
6C0
330
17
100
AcDbEntity
  8
点
 62
138
420
19532
100
AcDbLine
 10
470038.767
 20
4349666.032
 30
0.0
 11
470038.767
 21
4349667.032
 31
0.0
  0
LINE
  5
6C1
330
17
100
AcDbEntity
  8
钻孔
 62
1
370
35
100
AcDbLine
 10
470038.767
 20
4349666.532
 30
0.0
 11
470037.567
 21
4349666.532
 31
0.0
  0
TEXT
  5
6C2
330
17
100
AcDbEntity
  8
钻孔
 62
138
420
19532
100
AcDbText
 10
470036.48699999996
 20
4349666.932
 30
0.0
 40
0.4
  1
BS-3940-1003-P23
  7
CN_TTF
 11
470036.48699999996
 21
4349666.932
 31
0.0
100
AcDbText
  0
TEXT
  5
6C3
330
17
100
AcDbEntity
  8
钻孔
 62
1
100
AcDbText
 10
470035.577
 20
4349666.182
 30
0.0
 40
0.7
  1
2.03
  7
CN_TTF
 11
470035.577
 21
4349666.182
 31
0.0
100
AcDbText
  0
LINE
  5
6C4
330
17
100
AcDbEntity
  8
点
 62
138
420
19532
100
AcDbLine
 10
470039.767
 20
4349659.155
 30
0.0
 11
470040.767
 21
4349659.155
 31
0.0
  0
LINE
  5
6C5
330
17
100
AcDbEntity
  8
点
 62
138
420
19532
100
AcDbLine
 10
470040.267
 20
4349658.655
 30
0.0
 11
470040.267
 21
4349659.655
 31
0.0
  0
LINE
  5
6C6
330
17
100
AcDbEntity
  8
钻孔
 62
5
370
35
100
AcDbLine
 10
470040.267
 20
4349659.155
 30
0.0
 11
470039.067
 21
4349659.155
 31
0.0
  0
TEXT
  5
6C7
330
17
100
AcDbEntity
  8
钻孔
 62
138
420
19532
100
AcDbText
 10
470037.98699999996
 20
4349659.555000001
 30
0.0
 40
0.4
  1
BS-3940-1003-P24
  7
CN_TTF
 11
470037.98699999996
 21
4349659.555000001
 31
0.0
100
AcDbText
  0
TEXT
  5
6C8
330
17
100
AcDbEntity
  8
钻孔
 62
5
100
AcDbText
 10
470037.077
 20
4349658.805000001
 30
0.0
 40
0.7
  1
1.27
  7
CN_TTF
 11
470037.077
 21
4349658.805000001
 31
0.0
100
AcDbText
  0
LINE
  5
6C9
330
17
100
AcDbEntity
  8
点
 62
138
420
19532
100
AcDbLine
 10
470036.473
 20
4349661.887
 30
0.0
 11
470037.473
 21
4349661.887
 31
0.0
  0
LINE
  5
6CA
330
17
100
AcDbEntity
  8
点
 62
138
420
19532
100
AcDbLine
 10
470036.973
 20
4349661.387
 30
0.0
 11
470036.973
 21
4349662.387
 31
0.0
  0
LINE
  5
6CB
330
17
100
AcDbEntity
  8
钻孔
 62
5
370
35
100
AcDbLine
 10
470036.973
 20
4349661.887
 30
0.0
 11
470035.773
 21
4349661.887
 31
0.0
  0
TEXT
  5
6CC
330
17
100
AcDbEntity
  8
钻孔
 62
138
420
19532
100
AcDbText
 10
470034.69299999997
 20
4349662.2870000005
 30
0.0
 40
0.4
  1
BS-3940-1003-P25
  7
CN_TTF
 11
470034.69299999997
 21
4349662.2870000005
 31
0.0
100
AcDbText
  0
TEXT
  5
6CD
330
17
100
AcDbEntity
  8
钻孔
 62
5
100
AcDbText
 10
470033.783
 20
4349661.5370000005
 30
0.0
 40
0.7
  1
1.46
  7
CN_TTF
 11
470033.783
 21
4349661.5370000005
 31
0.0
100
AcDbText
  0
LINE
  5
6CE
330
17
100
AcDbEntity
  8
点
 62
138
420
19532
100
AcDbLine
 10
470033.642
 20
4349669.734
 30
0.0
 11
470034.642
 21
4349669.734
 31
0.0
  0
LINE
  5
6CF
330
17
100
AcDbEntity
  8
点
 62
138
420
19532
100
AcDbLine
 10
470034.142
 20
4349669.234
 30
0.0
 11
470034.142
 21
4349670.234
 31
0.0
  0
LINE
  5
6D0
330
17
100
AcDbEntity
  8
钻孔
 62
1
370
35
100
AcDbLine
 10
470034.142
 20
4349669.734
 30
0.0
 11
470032.942
 21
4349669.734
 31
0.0
  0
TEXT
  5
6D1
330
17
100
AcDbEntity
  8
钻孔
 62
138
420
19532
100
AcDbText
 10
470031.86199999996
 20
4349670.134000001
 30
0.0
 40
0.4
  1
BS-3940-1003-P26
  7
CN_TTF
 11
470031.86199999996
 21
4349670.134000001
 31
0.0
100
AcDbText
  0
TEXT
  5
6D2
330
17
100
AcDbEntity
  8
钻孔
 62
1
100
AcDbText
 10
470030.952
 20
4349669.384000001
 30
0.0
 40
0.7
  1
1.78
  7
CN_TTF
 11
470030.952
 21
4349669.384000001
 31
0.0
100
AcDbText
  0
LINE
  5
6D3
330
17
100
AcDbEntity
  8
点
 62
138
420
19532
100
AcDbLine
 10
470031.037
 20
4349665.413
 30
0.0
 11
470032.037
 21
4349665.413
 31
0.0
  0
LINE
  5
6D4
330
17
100
AcDbEntity
  8
点
 62
138
420
19532
100
AcDbLine
 10
470031.537
 20
4349664.913
 30
0.0
 11
470031.537
 21
4349665.913
 31
0.0
  0
LINE
  5
6D5
330
17
100
AcDbEntity
  8
钻孔
 62
1
370
35
100
AcDbLine
 10
470031.537
 20
4349665.413
 30
0.0
 11
470030.337
 21
4349665.413
 31
0.0
  0
TEXT
  5
6D6
330
17
100
AcDbEntity
  8
钻孔
 62
138
420
19532
100
AcDbText
 10
470029.257
 20
4349665.813
 30
0.0
 40
0.4
  1
BS-3940-1003-P27
  7
CN_TTF
 11
470029.257
 21
4349665.813
 31
0.0
100
AcDbText
  0
TEXT
  5
6D7
330
17
100
AcDbEntity
  8
钻孔
 62
1
100
AcDbText
 10
470028.347
 20
4349665.063
 30
0.0
 40
0.7
  1
1.67
  7
CN_TTF
 11
470028.347
 21
4349665.063
 31
0.0
100
AcDbText
  0
LINE
  5
6D8
330
17
100
AcDbEntity
  8
点
 62
138
420
19532
100
AcDbLine
 10
470028.731
 20
4349661.678
 30
0.0
 11
470029.731
 21
4349661.678
 31
0.0
  0
LINE
  5
6D9
330
17
100
AcDbEntity
  8
点
 62
138
420
19532
100
AcDbLine
 10
470029.231
 20
4349661.178
 30
0.0
 11
470029.231
 21
4349662.178
 31
0.0
  0
LINE
  5
6DA
330
17
100
AcDbEntity
  8
钻孔
 62
1
370
35
100
AcDbLine
 10
470029.231
 20
4349661.678
 30
0.0
 11
470028.031
 21
4349661.678
 31
0.0
  0
TEXT
  5
6DB
330
17
100
AcDbEntity
  8
钻孔
 62
138
420
19532
100
AcDbText
 10
470026.951
 20
4349662.078000001
 30
0.0
 40
0.4
  1
BS-3940-1003-P28
  7
CN_TTF
 11
470026.951
 21
4349662.078000001
 31
0.0
100
AcDbText
  0
TEXT
  5
6DC
330
17
100
AcDbEntity
  8
钻孔
 62
1
100
AcDbText
 10
470026.041
 20
4349661.328000001
 30
0.0
 40
0.7
  1
1.72
  7
CN_TTF
 11
470026.041
 21
4349661.328000001
 31
0.0
100
AcDbText
  0
LINE
  5
6DD
330
17
100
AcDbEntity
  8
点
 62
138
420
19532
100
AcDbLine
 10
470026.11
 20
4349667.724
 30
0.0
 11
470027.11
 21
4349667.724
 31
0.0
  0
LINE
  5
6DE
330
17
100
AcDbEntity
  8
点
 62
138
420
19532
100
AcDbLine
 10
470026.61
 20
4349667.224
 30
0.0
 11
470026.61
 21
4349668.224
 31
0.0
  0
LINE
  5
6DF
330
17
100
AcDbEntity
  8
钻孔
 62
1
370
35
100
AcDbLine
 10
470026.61
 20
4349667.724
 30
0.0
 11
470025.41
 21
4349667.724
 31
0.0
  0
TEXT
  5
6E0
330
17
100
AcDbEntity
  8
钻孔
 62
138
420
19532
100
AcDbText
 10
470024.32999999996
 20
4349668.124000001
 30
0.0
 40
0.4
  1
BS-3940-1003-P29
  7
CN_TTF
 11
470024.32999999996
 21
4349668.124000001
 31
0.0
100
AcDbText
  0
TEXT
  5
6E1
330
17
100
AcDbEntity
  8
钻孔
 62
1
100
AcDbText
 10
470023.42
 20
4349667.374000001
 30
0.0
 40
0.7
  1
2.36
  7
CN_TTF
 11
470023.42
 21
4349667.374000001
 31
0.0
100
AcDbText
  0
LINE
  5
6E2
330
17
100
AcDbEntity
  8
点
 62
138
420
19532
100
AcDbLine
 10
470024.174
 20
4349663.657
 30
0.0
 11
470025.174
 21
4349663.657
 31
0.0
  0
LINE
  5
6E3
330
17
100
AcDbEntity
  8
点
 62
138
420
19532
100
AcDbLine
 10
470024.674
 20
4349663.157
 30
0.0
 11
470024.674
 21
4349664.157
 31
0.0
  0
LINE
  5
6E4
330
17
100
AcDbEntity
  8
钻孔
 62
1
370
35
100
AcDbLine
 10
470024.674
 20
4349663.657
 30
0.0
 11
470023.474
 21
4349663.657
 31
0.0
  0
TEXT
  5
6E5
330
17
100
AcDbEntity
  8
钻孔
 62
138
420
19532
100
AcDbText
 10
470022.394
 20
4349664.057
 30
0.0
 40
0.4
  1
BS-3940-1003-P30
  7
CN_TTF
 11
470022.394
 21
4349664.057
 31
0.0
100
AcDbText
  0
TEXT
  5
6E6
330
17
100
AcDbEntity
  8
钻孔
 62
1
100
AcDbText
 10
470021.484
 20
4349663.307
 30
0.0
 40
0.7
  1
2.63
  7
CN_TTF
 11
470021.484
 21
4349663.307
 31
0.0
100
AcDbText
  0
LINE
  5
6E7
330
17
100
AcDbEntity
  8
点
 62
138
420
19532
100
AcDbLine
 10
470019.837
 20
4349666.969
 30
0.0
 11
470020.837
 21
4349666.969
 31
0.0
  0
LINE
  5
6E8
330
17
100
AcDbEntity
  8
点
 62
138
420
19532
100
AcDbLine
 10
470020.337
 20
4349666.469
 30
0.0
 11
470020.337
 21
4349667.469
 31
0.0
  0
LINE
  5
6E9
330
17
100
AcDbEntity
  8
钻孔
 62
1
370
35
100
AcDbLine
 10
470020.337
 20
4349666.969
 30
0.0
 11
470019.137
 21
4349666.969
 31
0.0
  0
TEXT
  5
6EA
330
17
100
AcDbEntity
  8
钻孔
 62
138
420
19532
100
AcDbText
 10
470018.057
 20
4349667.369
 30
0.0
 40
0.4
  1
BS-3940-1003-P31
  7
CN_TTF
 11
470018.057
 21
4349667.369
 31
0.0
100
AcDbText
  0
TEXT
  5
6EB
330
17
100
AcDbEntity
  8
钻孔
 62
1
100
AcDbText
 10
470017.147
 20
4349666.619
 30
0.0
 40
0.7
  1
2.15
  7
CN_TTF
 11
470017.147
 21
4349666.619
 31
0.0
100
AcDbText
  0
LINE
  5
6EC
330
17
100
AcDbEntity
  8
点
 62
138
420
19532
100
AcDbLine
 10
470020.907
 20
4349661.98
 30
0.0
 11
470021.907
 21
4349661.98
 31
0.0
  0
LINE
  5
6ED
330
17
100
AcDbEntity
  8
点
 62
138
420
19532
100
AcDbLine
 10
470021.407
 20
4349661.48
 30
0.0
 11
470021.407
 21
4349662.48
 31
0.0
  0
LINE
  5
6EE
330
17
100
AcDbEntity
  8
钻孔
 62
1
370
35
100
AcDbLine
 10
470021.407
 20
4349661.98
 30
0.0
 11
470020.207
 21
4349661.98
 31
0.0
  0
TEXT
  5
6EF
330
17
100
AcDbEntity
  8
钻孔
 62
138
420
19532
100
AcDbText
 10
470019.127
 20
4349662.380000001
 30
0.0
 40
0.4
  1
BS-3940-1003-P32
  7
CN_TTF
 11
470019.127
 21
4349662.380000001
 31
0.0
100
AcDbText
  0
TEXT
  5
6F0
330
17
100
AcDbEntity
  8
钻孔
 62
1
100
AcDbText
 10
470018.217
 20
4349661.630000001
 30
0.0
 40
0.7
  1
1.97
  7
CN_TTF
 11
470018.217
 21
4349661.630000001
 31
0.0
100
AcDbText
  0
LINE
  5
6F1
330
17
100
AcDbEntity
  8
点
 62
138
420
19532
100
AcDbLine
 10
470017.277
 20
4349663.221
 30
0.0
 11
470018.277
 21
4349663.221
 31
0.0
  0
LINE
  5
6F2
330
17
100
AcDbEntity
  8
点
 62
138
420
19532
100
AcDbLine
 10
470017.777
 20
4349662.721
 30
0.0
 11
470017.777
 21
4349663.721
 31
0.0
  0
LINE
  5
6F3
330
17
100
AcDbEntity
  8
钻孔
 62
1
370
35
100
AcDbLine
 10
470017.777
 20
4349663.221
 30
0.0
 11
470016.577
 21
4349663.221
 31
0.0
  0
TEXT
  5
6F4
330
17
100
AcDbEntity
  8
钻孔
 62
138
420
19532
100
AcDbText
 10
470015.497
 20
4349663.621
 30
0.0
 40
0.4
  1
BS-3940-1003-P33
  7
CN_TTF
 11
470015.497
 21
4349663.621
 31
0.0
100
AcDbText
  0
TEXT
  5
6F5
330
17
100
AcDbEntity
  8
钻孔
 62
1
100
AcDbText
 10
470014.587
 20
4349662.871
 30
0.0
 40
0.7
  1
2.89
  7
CN_TTF
 11
470014.587
 21
4349662.871
 31
0.0
100
AcDbText
  0
LINE
  5
6F6
330
17
100
AcDbEntity
  8
点
 62
138
420
19532
100
AcDbLine
 10
470012.771
 20
4349663.687
 30
0.0
 11
470013.771
 21
4349663.687
 31
0.0
  0
LINE
  5
6F7
330
17
100
AcDbEntity
  8
点
 62
138
420
19532
100
AcDbLine
 10
470013.271
 20
4349663.187
 30
0.0
 11
470013.271
 21
4349664.187
 31
0.0
  0
LINE
  5
6F8
330
17
100
AcDbEntity
  8
钻孔
 62
1
370
35
100
AcDbLine
 10
470013.271
 20
4349663.687
 30
0.0
 11
470012.071
 21
4349663.687
 31
0.0
  0
TEXT
  5
6F9
330
17
100
AcDbEntity
  8
钻孔
 62
138
420
19532
100
AcDbText
 10
470010.991
 20
4349664.087
 30
0.0
 40
0.4
  1
BS-3940-1003-P34
  7
CN_TTF
 11
470010.991
 21
4349664.087
 31
0.0
100
AcDbText
  0
TEXT
  5
6FA
330
17
100
AcDbEntity
  8
钻孔
 62
1
100
AcDbText
 10
470010.081
 20
4349663.337
 30
0.0
 40
0.7
  1
2.53
  7
CN_TTF
 11
470010.081
 21
4349663.337
 31
0.0
100
AcDbText
  0
LINE
  5
6FB
330
17
100
AcDbEntity
  8
点
 62
138
420
19532
100
AcDbLine
 10
470014.517
 20
4349659.529
 30
0.0
 11
470015.517
 21
4349659.529
 31
0.0
  0
LINE
  5
6FC
330
17
100
AcDbEntity
  8
点
 62
138
420
19532
100
AcDbLine
 10
470015.017
 20
4349659.029
 30
0.0
 11
470015.017
 21
4349660.029
 31
0.0
  0
LINE
  5
6FD
330
17
100
AcDbEntity
  8
钻孔
 62
1
370
35
100
AcDbLine
 10
470015.017
 20
4349659.529
 30
0.0
 11
470013.817
 21
4349659.529
 31
0.0
  0
TEXT
  5
6FE
330
17
100
AcDbEntity
  8
钻孔
 62
138
420
19532
100
AcDbText
 10
470012.73699999996
 20
4349659.9290000005
 30
0.0
 40
0.4
  1
BS-3940-1003-P35
  7
CN_TTF
 11
470012.73699999996
 21
4349659.9290000005
 31
0.0
100
AcDbText
  0
TEXT
  5
6FF
330
17
100
AcDbEntity
  8
钻孔
 62
1
100
AcDbText
 10
470011.827
 20
4349659.1790000005
 30
0.0
 40
0.7
  1
1.50
  7
CN_TTF
 11
470011.827
 21
4349659.1790000005
 31
0.0
100
AcDbText
  0
LINE
  5
700
330
17
100
AcDbEntity
  8
点
 62
138
420
19532
100
AcDbLine
 10
470010.561
 20
4349662.095
 30
0.0
 11
470011.561
 21
4349662.095
 31
0.0
  0
LINE
  5
701
330
17
100
AcDbEntity
  8
点
 62
138
420
19532
100
AcDbLine
 10
470011.061
 20
4349661.595
 30
0.0
 11
470011.061
 21
4349662.595
 31
0.0
  0
LINE
  5
702
330
17
100
AcDbEntity
  8
钻孔
 62
1
370
35
100
AcDbLine
 10
470011.061
 20
4349662.095
 30
0.0
 11
470009.861
 21
4349662.095
 31
0.0
  0
TEXT
  5
703
330
17
100
AcDbEntity
  8
钻孔
 62
138
420
19532
100
AcDbText
 10
470008.78099999996
 20
4349662.495
 30
0.0
 40
0.4
  1
BS-3940-1003-P36
  7
CN_TTF
 11
470008.78099999996
 21
4349662.495
 31
0.0
100
AcDbText
  0
TEXT
  5
704
330
17
100
AcDbEntity
  8
钻孔
 62
1
100
AcDbText
 10
470007.871
 20
4349661.745
 30
0.0
 40
0.7
  1
2.97
  7
CN_TTF
 11
470007.871
 21
4349661.745
 31
0.0
100
AcDbText
  0
LINE
  5
705
330
17
100
AcDbEntity
  8
点
 62
138
420
19532
100
AcDbLine
 10
470009.098
 20
4349659.416
 30
0.0
 11
470010.098
 21
4349659.416
 31
0.0
  0
LINE
  5
706
330
17
100
AcDbEntity
  8
点
 62
138
420
19532
100
AcDbLine
 10
470009.598
 20
4349658.916
 30
0.0
 11
470009.598
 21
4349659.916
 31
0.0
  0
LINE
  5
707
330
17
100
AcDbEntity
  8
钻孔
 62
5
370
35
100
AcDbLine
 10
470009.598
 20
4349659.416
 30
0.0
 11
470008.398
 21
4349659.416
 31
0.0
  0
TEXT
  5
708
330
17
100
AcDbEntity
  8
钻孔
 62
138
420
19532
100
AcDbText
 10
470007.31799999997
 20
4349659.816000001
 30
0.0
 40
0.4
  1
BS-3940-1003-P37
  7
CN_TTF
 11
470007.31799999997
 21
4349659.816000001
 31
0.0
100
AcDbText
  0
TEXT
  5
709
330
17
100
AcDbEntity
  8
钻孔
 62
5
100
AcDbText
 10
470006.408
 20
4349659.066000001
 30
0.0
 40
0.7
  1
1.29
  7
CN_TTF
 11
470006.408
 21
4349659.066000001
 31
0.0
100
AcDbText
  0
LINE
  5
70A
330
17
100
AcDbEntity
  8
点
 62
138
420
19532
100
AcDbLine
 10
470009.48
 20
4349663.187
 30
0.0
 11
470010.48
 21
4349663.187
 31
0.0
  0
LINE
  5
70B
330
17
100
AcDbEntity
  8
点
 62
138
420
19532
100
AcDbLine
 10
470009.98
 20
4349662.687
 30
0.0
 11
470009.98
 21
4349663.687
 31
0.0
  0
LINE
  5
70C
330
17
100
AcDbEntity
  8
钻孔
 62
2
370
35
100
AcDbLine
 10
470009.98
 20
4349663.187
 30
0.0
 11
470008.77999999997
 21
4349663.187
 31
0.0
  0
TEXT
  5
70D
330
17
100
AcDbEntity
  8
钻孔
 62
138
420
19532
100
AcDbText
 10
470007.69999999995
 20
4349663.587
 30
0.0
 40
0.4
  1
BS-3940-1003-P38
  7
CN_TTF
 11
470007.69999999995
 21
4349663.587
 31
0.0
100
AcDbText
  0
TEXT
  5
70E
330
17
100
AcDbEntity
  8
钻孔
 62
2
100
AcDbText
 10
470006.79
 20
4349662.837
 30
0.0
 40
0.7
  1
4.27
  7
CN_TTF
 11
470006.79
 21
4349662.837
 31
0.0
100
AcDbText
  0
LINE
  5
70F
330
17
100
AcDbEntity
  8
0
 62
7
100
AcDbLine
 10
470008.9509704818
 20
4349666.004995431
 30
0.0
 11
470001.6427587807
 21
4349667.221417683
 31
0.0
  0
MTEXT
  5
710
330
17
100
AcDbEntity
  8
0
100
AcDbMText
 10
470001.6427587807
 20
4349667.221417683
 30
0.0
 40
3.0
 71
1
  1
1号矿块
  7
CN_TTF
  0
LINE
  5
711
330
17
100
AcDbEntity
  8
0
 62
7
100
AcDbLine
 10
470011.11588904756
 20
4349666.79125929
 30
0.0
 11
470001.5982071957
 21
4349677.849852305
 31
0.0
  0
MTEXT
  5
712
330
17
100
AcDbEntity
  8
0
100
AcDbMText
 10
470001.5982071957
 20
4349677.849852305
 30
0.0
 40
3.0
 71
1
  1
2号矿块
  7
CN_TTF
  0
LINE
  5
713
330
17
100
AcDbEntity
  8
0
 62
7
100
AcDbLine
 10
470071.544
 20
4349671.081
 30
0.0
 11
470084.7919301121
 21
4349669.875206649
 31
0.0
  0
MTEXT
  5
714
330
17
100
AcDbEntity
  8
0
100
AcDbMText
 10
470084.7919301121
 20
4349669.875206649
 30
0.0
 40
3.0
 71
1
  1
3号矿块
  7
CN_TTF
  0
LINE
  5
715
330
17
100
AcDbEntity
  8
0
 62
7
100
AcDbLine
 10
470033.2246973578
 20
4349657.23741414
 30
0.0
 11
470024.48749907693
 21
4349653.051313636
 31
0.0
  0
MTEXT
  5
716
330
17
100
AcDbEntity
  8
0
100
AcDbMText
 10
470024.48749907693
 20
4349653.051313636
 30
0.0
 40
3.0
 71
1
  1
4号矿块
  7
CN_TTF
  0
LINE
  5
717
330
17
100
AcDbEntity
  8
0
 62
7
100
AcDbLine
 10
470009.6605440709
 20
4349656.416652031
 30
0.0
 11
470003.0758373836
 21
4349655.070202685
 31
0.0
  0
MTEXT
  5
718
330
17
100
AcDbEntity
  8
0
100
AcDbMText
 10
470003.0758373836
 20
4349655.070202685
 30
0.0
 40
3.0
 71
1
  1
5号矿块
  7
CN_TTF
  0
LINE
  5
719
330
17
100
AcDbEntity
  8
0
 62
7
100
AcDbLine
 10
470065.9885
 20
4349670.0655000005
 30
0.0
 11
470074.58213623863
 21
4349673.307677467
 31
0.0
  0
MTEXT
  5
71A
330
17
100
AcDbEntity
  8
0
100
AcDbMText
 10
470074.58213623863
 20
4349673.307677467
 30
0.0
 40
3.0
 71
1
  1
6号矿块
  7
CN_TTF
  0
LINE
  5
71B
330
17
100
AcDbEntity
  8
0
 62
7
100
AcDbLine
 10
470047.98740430875
 20
4349657.022122748
 30
0.0
 11
470049.00588211574
 21
4349647.624291176
 31
0.0
  0
MTEXT
  5
71C
330
17
100
AcDbEntity
  8
0
100
AcDbMText
 10
470049.00588211574
 20
4349647.624291176
 30
0.0
 40
3.0
 71
1
  1
7号矿块
  7
CN_TTF
  0
TEXT
  5
71D
330
17
100
AcDbEntity
  8
0
 62
7
100
AcDbText
 10
470009.598
 20
4349690.238
 30
0.0
 40
5.0
  1
3940平台 1003二次圈矿矿块图
  7
CN_TTF
 11
470009.598
 21
4349690.238
 31
0.0
100
AcDbText
  0
IMAGE
  5
721
330
17
100
AcDbEntity
  8
0
100
AcDbRasterImage
 90
0
 10
470074.319
 20
4349660.083919145
 30
0.0
 11
0.03051106025934401
 21
0.0
 31
0.0
 12
1.8682636142598827e-18
 22
0.03051106025934401
 32
0.0
 13
1311.0
 23
595.0
340
720
 70
3
280
0
281
50
282
50
283
0
360
722
 71
1
 91
2
 14
-0.5
 24
-0.5
 14
1310.5
 24
594.5
290
0
  0
ENDSEC
  0
SECTION
  2
OBJECTS
  0
DICTIONARY
  5
A
330
0
100
AcDbDictionary
281
1
  3
ACAD_COLOR
350
B
  3
ACAD_GROUP
350
C
  3
ACAD_LAYOUT
350
D
  3
ACAD_MATERIAL
350
E
  3
ACAD_MLEADERSTYLE
350
F
  3
ACAD_MLINESTYLE
350
10
  3
ACAD_PLOTSETTINGS
350
11
  3
ACAD_PLOTSTYLENAME
350
12
  3
ACAD_SCALELIST
350
14
  3
ACAD_TABLESTYLE
350
15
  3
ACAD_VISUALSTYLE
350
16
  3
EZDXF_META
350
2D
  3
ACAD_IMAGE_VARS
350
71E
  3
ACAD_IMAGE_DICT
350
71F
  0
DICTIONARY
  5
B
330
A
100
AcDbDictionary
281
1
  0
DICTIONARY
  5
C
330
A
100
AcDbDictionary
281
1
  0
DICTIONARY
  5
D
330
A
100
AcDbDictionary
281
1
  3
Model
350
1A
  3
Layout1
350
1E
  0
DICTIONARY
  5
E
330
A
100
AcDbDictionary
281
1
  3
ByBlock
350
1F
  3
ByLayer
350
20
  3
Global
350
21
  0
DICTIONARY
  5
F
330
A
100
AcDbDictionary
281
1
  3
Standard
350
2C
  0
DICTIONARY
  5
10
330
A
100
AcDbDictionary
281
1
  3
Standard
350
22
  0
DICTIONARY
  5
11
330
A
100
AcDbDictionary
281
1
  0
ACDBDICTIONARYWDFLT
  5
12
330
A
100
AcDbDictionary
281
1
  3
Normal
350
13
100
AcDbDictionaryWithDefault
340
13
  0
ACDBPLACEHOLDER
  5
13
330
12
  0
DICTIONARY
  5
14
330
A
100
AcDbDictionary
281
1
  0
DICTIONARY
  5
15
330
A
100
AcDbDictionary
281
1
  0
DICTIONARY
  5
16
330
A
100
AcDbDictionary
281
1
  0
LAYOUT
  5
1A
330
D
100
AcDbPlotSettings
  1

  4
A3
  6

 40
7.5
 41
20.0
 42
7.5
 43
20.0
 44
420.0
 45
297.0
 46
0.0
 47
0.0
 48
0.0
 49
0.0
140
0.0
141
0.0
142
1.0
143
1.0
 70
1024
 72
1
 73
0
 74
5
  7

 75
16
 76
0
 77
2
 78
300
147
1.0
148
0.0
149
0.0
100
AcDbLayout
  1
Model
 70
1
 71
0
 10
0.0
 20
0.0
 11
420.0
 21
297.0
 12
0.0
 22
0.0
 32
0.0
 14
1e+20
 24
1e+20
 34
1e+20
 15
-1e+20
 25
-1e+20
 35
-1e+20
146
0.0
 13
0.0
 23
0.0
 33
0.0
 16
1.0
 26
0.0
 36
0.0
 17
0.0
 27
1.0
 37
0.0
 76
1
330
17
  0
LAYOUT
  5
1E
330
D
100
AcDbPlotSettings
  1

  4
A3
  6

 40
7.5
 41
20.0
 42
7.5
 43
20.0
 44
420.0
 45
297.0
 46
0.0
 47
0.0
 48
0.0
 49
0.0
140
0.0
141
0.0
142
1.0
143
1.0
 70
0
 72
1
 73
0
 74
5
  7

 75
16
 76
0
 77
2
 78
300
147
1.0
148
0.0
149
0.0
100
AcDbLayout
  1
Layout1
 70
1
 71
1
 10
0.0
 20
0.0
 11
420.0
 21
297.0
 12
0.0
 22
0.0
 32
0.0
 14
1e+20
 24
1e+20
 34
1e+20
 15
-1e+20
 25
-1e+20
 35
-1e+20
146
0.0
 13
0.0
 23
0.0
 33
0.0
 16
1.0
 26
0.0
 36
0.0
 17
0.0
 27
1.0
 37
0.0
 76
1
330
1B
  0
MATERIAL
  5
1F
102
{ACAD_REACTORS
330
E
102
}
330
E
100
AcDbMaterial
  1
ByBlock
  2

 70
0
 40
1.0
 71
1
 41
1.0
 91
-1023410177
 42
1.0
 72
1
  3

 73
1
 74
1
 75
1
 44
0.5
 73
0
 45
1.0
 46
1.0
 77
1
  4

 78
1
 79
1
170
1
 48
1.0
171
1
  6

172
1
173
1
174
1
140
1.0
141
1.0
175
1
  7

176
1
177
1
178
1
143
1.0
179
1
  8

270
1
271
1
272
1
145
1.0
146
1.0
273
1
  9

274
1
275
1
276
1
 42
1.0
 72
1
  3

 73
1
 74
1
 75
1
 94
63
  0
MATERIAL
  5
20
102
{ACAD_REACTORS
330
E
102
}
330
E
100
AcDbMaterial
  1
ByLayer
  2

 70
0
 40
1.0
 71
1
 41
1.0
 91
-1023410177
 42
1.0
 72
1
  3

 73
1
 74
1
 75
1
 44
0.5
 73
0
 45
1.0
 46
1.0
 77
1
  4

 78
1
 79
1
170
1
 48
1.0
171
1
  6

172
1
173
1
174
1
140
1.0
141
1.0
175
1
  7

176
1
177
1
178
1
143
1.0
179
1
  8

270
1
271
1
272
1
145
1.0
146
1.0
273
1
  9

274
1
275
1
276
1
 42
1.0
 72
1
  3

 73
1
 74
1
 75
1
 94
63
  0
MATERIAL
  5
21
102
{ACAD_REACTORS
330
E
102
}
330
E
100
AcDbMaterial
  1
Global
  2

 70
0
 40
1.0
 71
1
 41
1.0
 91
-1023410177
 42
1.0
 72
1
  3

 73
1
 74
1
 75
1
 44
0.5
 73
0
 45
1.0
 46
1.0
 77
1
  4

 78
1
 79
1
170
1
 48
1.0
171
1
  6

172
1
173
1
174
1
140
1.0
141
1.0
175
1
  7

176
1
177
1
178
1
143
1.0
179
1
  8

270
1
271
1
272
1
145
1.0
146
1.0
273
1
  9

274
1
275
1
276
1
 42
1.0
 72
1
  3

 73
1
 74
1
 75
1
 94
63
  0
MLINESTYLE
  5
22
102
{ACAD_REACTORS
330
10
102
}
330
10
100
AcDbMlineStyle
  2
Standard
 70
0
  3

 62
256
 51
90.0
 52
90.0
 71
2
 49
0.5
 62
256
  6
BYLAYER
 49
-0.5
 62
256
  6
BYLAYER
  0
MLEADERSTYLE
  5
2C
102
{ACAD_REACTORS
330
F
102
}
330
F
100
AcDbMLeaderStyle
179
2
170
2
171
1
172
0
 90
2
 40
0.0
 41
0.0
173
1
 91
-1056964608
 92
-2
290
1
 42
2.0
291
1
 43
8.0
  3
Standard
 44
4.0
300

342
29
174
1
175
1
176
0
178
1
 93
-1056964608
 45
4.0
292
0
297
0
 46
4.0
 94
-1056964608
 47
1.0
 49
1.0
140
1.0
294
1
141
0.0
177
0
142
1.0
295
0
296
0
143
3.75
271
0
272
9
273
9
  0
DICTIONARY
  5
2D
330
A
100
AcDbDictionary
280
1
281
1
  3
CREATED_BY_EZDXF
350
2E
  3
WRITTEN_BY_EZDXF
350
725
  0
DICTIONARYVAR
  5
2E
330
2D
100
DictionaryVariables
280
0
  1
1.4.4 @ 2026-10-10T17:04:39.260480+00:00
  0
RASTERVARIABLES
  5
71E
102
{ACAD_REACTORS
330
A
102
}
330
A
100
AcDbRasterVariables
 90
0
 70
0
 71
1
 72
3
  0
DICTIONARY
  5
71F
330
A
100
AcDbDictionary
281
1
  3
D:\WK\N CRT\北部山头3940平台2026\7、单日数据\北部山头3940平台-1003\二次圈矿成果_auto\3940平台 1003炮孔数据报告.png
350
720
  0
IMAGEDEF
  5
720
102
{ACAD_REACTORS
330
71F
330
722
102
}
330
71F
100
AcDbRasterImageDef
 90
0
  1
D:\WK\N CRT\北部山头3940平台2026\7、单日数据\北部山头3940平台-1003\二次圈矿成果_auto\3940平台 1003炮孔数据报告.png
 10
1311.0
 20
595.0
 11
0.01
 21
0.01
280
1
281
0
  0
IMAGEDEF_REACTOR
  5
722
330
721
100
AcDbRasterImageDefReactor
 90
2
330
721
  0
DICTIONARYVAR
  5
725
330
2D
100
DictionaryVariables
280
0
  1
1.4.4 @ 2026-10-10T17:04:39.462597+00:00
  0
ENDSEC
  0
EOF
