  0
SECTION
  2
HEADER
  9
$ACADVER
  1
AC1024
  9
$ACADMAINTVER
 70
6
  9
$DWGCODEPAGE
  3
ANSI_1252
  9
$LASTSAVEDBY
  1
ezdxf
  9
$INSBASE
 10
0.0
 20
0.0
 30
0.0
  9
$EXTMIN
 10
1e+20
 20
1e+20
 30
1e+20
  9
$EXTMAX
 10
-1e+20
 20
-1e+20
 30
-1e+20
  9
$LIMMIN
 10
0.0
 20
0.0
  9
$LIMMAX
 10
420.0
 20
297.0
  9
$ORTHOMODE
 70
0
  9
$REGENMODE
 70
1
  9
$FILLMODE
 70
1
  9
$QTEXTMODE
 70
0
  9
$MIRRTEXT
 70
1
  9
$LTSCALE
 40
1.0
  9
$ATTMODE
 70
1
  9
$TEXTSIZE
 40
2.5
  9
$TRACEWID
 40
1.0
  9
$TEXTSTYLE
  7
Standard
  9
$CLAYER
  8
0
  9
$CELTYPE
  6
ByLayer
  9
$CECOLOR
 62
256
  9
$CELTSCALE
 40
1.0
  9
$DISPSILH
 70
0
  9
$DIMSCALE
 40
1.0
  9
$DIMASZ
 40
2.5
  9
$DIMEXO
 40
0.625
  9
$DIMDLI
 40
3.75
  9
$DIMRND
 40
0.0
  9
$DIMDLE
 40
0.0
  9
$DIMEXE
 40
1.25
  9
$DIMTP
 40
0.0
  9
$DIMTM
 40
0.0
  9
$DIMTXT
 40
2.5
  9
$DIMCEN
 40
2.5
  9
$DIMTSZ
 40
0.0
  9
$DIMTOL
 70
0
  9
$DIMLIM
 70
0
  9
$DIMTIH
 70
0
  9
$DIMTOH
 70
0
  9
$DIMSE1
 70
0
  9
$DIMSE2
 70
0
  9
$DIMTAD
 70
1
  9
$DIMZIN
 70
8
  9
$DIMBLK
  1

  9
$DIMASO
 70
1
  9
$DIMSHO
 70
1
  9
$DIMPOST
  1

  9
$DIMAPOST
  1

  9
$DIMALT
 70
0
  9
$DIMALTD
 70
3
  9
$DIMALTF
 40
0.03937007874
  9
$DIMLFAC
 40
1.0
  9
$DIMTOFL
 70
1
  9
$DIMTVP
 40
0.0
  9
$DIMTIX
 70
0
  9
$DIMSOXD
 70
0
  9
$DIMSAH
 70
0
  9
$DIMBLK1
  1

  9
$DIMBLK2
  1

  9
$DIMSTYLE
  2
ISO-25
  9
$DIMCLRD
 70
0
  9
$DIMCLRE
 70
0
  9
$DIMCLRT
 70
0
  9
$DIMTFAC
 40
1.0
  9
$DIMGAP
 40
0.625
  9
$DIMJUST
 70
0
  9
$DIMSD1
 70
0
  9
$DIMSD2
 70
0
  9
$DIMTOLJ
 70
0
  9
$DIMTZIN
 70
8
  9
$DIMALTZ
 70
0
  9
$DIMALTTZ
 70
0
  9
$DIMUPT
 70
0
  9
$DIMDEC
 70
2
  9
$DIMTDEC
 70
2
  9
$DIMALTU
 70
2
  9
$DIMALTTD
 70
3
  9
$DIMTXSTY
  7
Standard
  9
$DIMAUNIT
 70
0
  9
$DIMADEC
 70
0
  9
$DIMALTRND
 40
0.0
  9
$DIMAZIN
 70
0
  9
$DIMDSEP
 70
44
  9
$DIMATFIT
 70
3
  9
$DIMFRAC
 70
0
  9
$DIMLDRBLK
  1

  9
$DIMLUNIT
 70
2
  9
$DIMLWD
 70
-2
  9
$DIMLWE
 70
-2
  9
$DIMTMOVE
 70
0
  9
$DIMFXL
 40
1.0
  9
$DIMFXLON
 70
0
  9
$DIMJOGANG
 40
0.785398163397
  9
$DIMTFILL
 70
0
  9
$DIMTFILLCLR
 70
0
  9
$DIMARCSYM
 70
0
  9
$DIMLTYPE
  6

  9
$DIMLTEX1
  6

  9
$DIMLTEX2
  6

  9
$DIMTXTDIRECTION
 70
0
  9
$LUNITS
 70
2
  9
$LUPREC
 70
4
  9
$SKETCHINC
 40
1.0
  9
$FILLETRAD
 40
10.0
  9
$AUNITS
 70
0
  9
$AUPREC
 70
2
  9
$MENU
  1
.
  9
$ELEVATION
 40
0.0
  9
$PELEVATION
 40
0.0
  9
$THICKNESS
 40
0.0
  9
$LIMCHECK
 70
0
  9
$CHAMFERA
 40
0.0
  9
$CHAMFERB
 40
0.0
  9
$CHAMFERC
 40
0.0
  9
$CHAMFERD
 40
0.0
  9
$SKPOLY
 70
0
  9
$TDCREATE
 40
2461324.9198611113
  9
$TDUCREATE
 40
2458532.153996898
  9
$TDUPDATE
 40
2461324.9198611113
  9
$TDUUPDATE
 40
2458532.1544311
  9
$TDINDWG
 40
0.0
  9
$TDUSRTIMER
 40
0.0
  9
$USRTIMER
 70
1
  9
$ANGBASE
 50
0.0
  9
$ANGDIR
 70
0
  9
$PDMODE
 70
0
  9
$PDSIZE
 40
0.0
  9
$PLINEWID
 40
0.0
  9
$SPLFRAME
 70
0
  9
$SPLINETYPE
 70
6
  9
$SPLINESEGS
 70
8
  9
$HANDSEED
  5
466
  9
$SURFTAB1
 70
6
  9
$SURFTAB2
 70
6
  9
$SURFTYPE
 70
6
  9
$SURFU
 70
6
  9
$SURFV
 70
6
  9
$UCSBASE
  2

  9
$UCSNAME
  2

  9
$UCSORG
 10
0.0
 20
0.0
 30
0.0
  9
$UCSXDIR
 10
1.0
 20
0.0
 30
0.0
  9
$UCSYDIR
 10
0.0
 20
1.0
 30
0.0
  9
$UCSORTHOREF
  2

  9
$UCSORTHOVIEW
 70
0
  9
$UCSORGTOP
 10
0.0
 20
0.0
 30
0.0
  9
$UCSORGBOTTOM
 10
0.0
 20
0.0
 30
0.0
  9
$UCSORGLEFT
 10
0.0
 20
0.0
 30
0.0
  9
$UCSORGRIGHT
 10
0.0
 20
0.0
 30
0.0
  9
$UCSORGFRONT
 10
0.0
 20
0.0
 30
0.0
  9
$UCSORGBACK
 10
0.0
 20
0.0
 30
0.0
  9
$PUCSBASE
  2

  9
$PUCSNAME
  2

  9
$PUCSORG
 10
0.0
 20
0.0
 30
0.0
  9
$PUCSXDIR
 10
1.0
 20
0.0
 30
0.0
  9
$PUCSYDIR
 10
0.0
 20
1.0
 30
0.0
  9
$PUCSORTHOREF
  2

  9
$PUCSORTHOVIEW
 70
0
  9
$PUCSORGTOP
 10
0.0
 20
0.0
 30
0.0
  9
$PUCSORGBOTTOM
 10
0.0
 20
0.0
 30
0.0
  9
$PUCSORGLEFT
 10
0.0
 20
0.0
 30
0.0
  9
$PUCSORGRIGHT
 10
0.0
 20
0.0
 30
0.0
  9
$PUCSORGFRONT
 10
0.0
 20
0.0
 30
0.0
  9
$PUCSORGBACK
 10
0.0
 20
0.0
 30
0.0
  9
$USERI1
 70
0
  9
$USERI2
 70
0
  9
$USERI3
 70
0
  9
$USERI4
 70
0
  9
$USERI5
 70
0
  9
$USERR1
 40
0.0
  9
$USERR2
 40
0.0
  9
$USERR3
 40
0.0
  9
$USERR4
 40
0.0
  9
$USERR5
 40
0.0
  9
$WORLDVIEW
 70
1
  9
$SHADEDGE
 70
3
  9
$SHADEDIF
 70
70
  9
$TILEMODE
 70
1
  9
$MAXACTVP
 70
64
  9
$PINSBASE
 10
0.0
 20
0.0
 30
0.0
  9
$PLIMCHECK
 70
0
  9
$PEXTMIN
 10
1e+20
 20
1e+20
 30
1e+20
  9
$PEXTMAX
 10
-1e+20
 20
-1e+20
 30
-1e+20
  9
$PLIMMIN
 10
0.0
 20
0.0
  9
$PLIMMAX
 10
420.0
 20
297.0
  9
$UNITMODE
 70
0
  9
$VISRETAIN
 70
1
  9
$PLINEGEN
 70
0
  9
$PSLTSCALE
 70
1
  9
$TREEDEPTH
 70
3020
  9
$CMLSTYLE
  2
Standard
  9
$CMLJUST
 70
0
  9
$CMLSCALE
 40
20.0
  9
$PROXYGRAPHICS
 70
1
  9
$MEASUREMENT
 70
1
  9
$CELWEIGHT
370
-1
  9
$ENDCAPS
280
0
  9
$JOINSTYLE
280
0
  9
$LWDISPLAY
290
0
  9
$INSUNITS
 70
6
  9
$HYPERLINKBASE
  1

  9
$STYLESHEET
  1

  9
$XEDIT
290
1
  9
$CEPSNTYPE
380
0
  9
$PSTYLEMODE
290
1
  9
$FINGERPRINTGUID
  2
{23E6EA1D-63CF-465D-B91A-DBF84511BD2B}
  9
$VERSIONGUID
  2
{F0DB99D0-9039-4A77-80E7-6C6B92D44DA7}
  9
$EXTNAMES
290
1
  9
$PSVPSCALE
 40
0.0
  9
$OLESTARTUP
290
0
  9
$SORTENTS
280
127
  9
$INDEXCTL
280
0
  9
$HIDETEXT
280
1
  9
$XCLIPFRAME
280
1
  9
$HALOGAP
280
0
  9
$OBSCOLOR
 70
257
  9
$OBSLTYPE
280
0
  9
$INTERSECTIONDISPLAY
280
0
  9
$INTERSECTIONCOLOR
 70
257
  9
$DIMASSOC
280
2
  9
$PROJECTNAME
  1

  9
$CAMERADISPLAY
290
0
  9
$LENSLENGTH
 40
50.0
  9
$CAMERAHEIGHT
 40
0.0
  9
$STEPSPERSEC
 40
24.0
  9
$STEPSIZE
 40
100.0
  9
$3DDWFPREC
 40
2.0
  9
$PSOLWIDTH
 40
0.005
  9
$PSOLHEIGHT
 40
0.08
  9
$LOFTANG1
 40
1.570796326795
  9
$LOFTANG2
 40
1.570796326795
  9
$LOFTMAG1
 40
0.0
  9
$LOFTMAG2
 40
0.0
  9
$LOFTPARAM
 70
7
  9
$LOFTNORMALS
280
1
  9
$LATITUDE
 40
37.795
  9
$LONGITUDE
 40
-122.394
  9
$NORTHDIRECTION
 40
0.0
  9
$TIMEZONE
 70
-8000
  9
$LIGHTGLYPHDISPLAY
280
1
  9
$TILEMODELIGHTSYNCH
280
1
  9
$CMATERIAL
347
20
  9
$SOLIDHIST
280
0
  9
$SHOWHIST
280
1
  9
$DWFFRAME
280
2
  9
$DGNFRAME
280
2
  9
$REALWORLDSCALE
290
1
  9
$INTERFERECOLOR
 62
256
  9
$CSHADOW
280
0
  9
$SHADOWPLANELOCATION
 40
0.0
  0
ENDSEC
  0
SECTION
  2
CLASSES
  0
CLASS
  1
ACDBDICTIONARYWDFLT
  2
AcDbDictionaryWithDefault
  3
ObjectDBX Classes
 90
0
 91
0
280
0
281
0
  0
CLASS
  1
SUN
  2
AcDbSun
  3
SCENEOE
 90
1153
 91
0
280
0
281
0
  0
CLASS
  1
VISUALSTYLE
  2
AcDbVisualStyle
  3
ObjectDBX Classes
 90
4095
 91
0
280
0
281
0
  0
CLASS
  1
MATERIAL
  2
AcDbMaterial
  3
ObjectDBX Classes
 90
1153
 91
0
280
0
281
0
  0
CLASS
  1
SCALE
  2
AcDbScale
  3
ObjectDBX Classes
 90
1153
 91
0
280
0
281
0
  0
CLASS
  1
TABLESTYLE
  2
AcDbTableStyle
  3
ObjectDBX Classes
 90
4095
 91
0
280
0
281
0
  0
CLASS
  1
MLEADERSTYLE
  2
AcDbMLeaderStyle
  3
ACDB_MLEADERSTYLE_CLASS
 90
4095
 91
0
280
0
281
0
  0
CLASS
  1
DICTIONARYVAR
  2
AcDbDictionaryVar
  3
ObjectDBX Classes
 90
0
 91
0
280
0
281
0
  0
CLASS
  1
CELLSTYLEMAP
  2
AcDbCellStyleMap
  3
ObjectDBX Classes
 90
1152
 91
0
280
0
281
0
  0
CLASS
  1
MENTALRAYRENDERSETTINGS
  2
AcDbMentalRayRenderSettings
  3
SCENEOE
 90
1024
 91
0
280
0
281
0
  0
CLASS
  1
ACDBDETAILVIEWSTYLE
  2
AcDbDetailViewStyle
  3
ObjectDBX Classes
 90
1025
 91
0
280
0
281
0
  0
CLASS
  1
ACDBSECTIONVIEWSTYLE
  2
AcDbSectionViewStyle
  3
ObjectDBX Classes
 90
1025
 91
0
280
0
281
0
  0
CLASS
  1
RASTERVARIABLES
  2
AcDbRasterVariables
  3
ISM
 90
0
 91
0
280
0
281
0
  0
CLASS
  1
IMAGE
  2
AcDbRasterImage
  3
ISM
 90
2175
 91
0
280
0
281
1
  0
CLASS
  1
IMAGEDEF
  2
AcDbRasterImageDef
  3
ISM
 90
0
 91
0
280
0
281
0
  0
CLASS
  1
IMAGEDEF_REACTOR
  2
AcDbRasterImageDefReactor
  3
ISM
 90
1
 91
0
280
0
281
0
  0
CLASS
  1
ACDBPLACEHOLDER
  2
AcDbPlaceHolder
  3
ObjectDBX Classes
 90
0
 91
0
280
0
281
0
  0
CLASS
  1
LAYOUT
  2
AcDbLayout
  3
ObjectDBX Classes
 90
0
 91
0
280
0
281
0
  0
ENDSEC
  0
SECTION
  2
TABLES
  0
TABLE
  2
VPORT
  5
8
330
0
100
AcDbSymbolTable
 70
1
  0
VPORT
  5
23
330
8
100
AcDbSymbolTableRecord
100
AcDbViewportTableRecord
  2
*Active
 70
0
 10
0.0
 20
0.0
 11
1.0
 21
1.0
 12
0.0
 22
0.0
 13
0.0
 23
0.0
 14
0.5
 24
0.5
 15
0.5
 25
0.5
 16
0.0
 26
0.0
 36
1.0
 17
0.0
 27
0.0
 37
0.0
 40
1000.0
 41
1.34
 42
50.0
 43
0.0
 44
0.0
 50
0.0
 51
0.0
 71
0
 72
1000
 73
1
 74
3
 75
0
 76
0
 77
0
 78
0
281
0
 65
0
146
0.0
  0
ENDTAB
  0
TABLE
  2
LTYPE
  5
2
330
0
100
AcDbSymbolTable
 70
3
  0
LTYPE
  5
24
330
2
100
AcDbSymbolTableRecord
100
AcDbLinetypeTableRecord
  2
ByBlock
 70
0
  3

 72
65
 73
0
 40
0.0
  0
LTYPE
  5
25
330
2
100
AcDbSymbolTableRecord
100
AcDbLinetypeTableRecord
  2
ByLayer
 70
0
  3

 72
65
 73
0
 40
0.0
  0
LTYPE
  5
26
330
2
100
AcDbSymbolTableRecord
100
AcDbLinetypeTableRecord
  2
Continuous
 70
0
  3

 72
65
 73
0
 40
0.0
  0
ENDTAB
  0
TABLE
  2
LAYER
  5
1
330
0
100
AcDbSymbolTable
 70
11
  0
LAYER
  5
27
330
1
100
AcDbSymbolTableRecord
100
AcDbLayerTableRecord
  2
0
 70
0
 62
7
  6
Continuous
370
-3
390
13
347
21
  0
LAYER
  5
28
330
1
100
AcDbSymbolTableRecord
100
AcDbLayerTableRecord
  2
Defpoints
 70
0
 62
7
  6
Continuous
290
0
370
-3
390
13
347
21
  0
LAYER
  5
2F
330
1
100
AcDbSymbolTableRecord
100
AcDbLayerTableRecord
  2
0.500-1.000
 70
0
 62
4
  6
Continuous
370
-3
390
13
347
21
  0
LAYER
  5
30
330
1
100
AcDbSymbolTableRecord
100
AcDbLayerTableRecord
  2
1.000-1.500
 70
0
 62
5
  6
Continuous
370
-3
390
13
347
21
  0
LAYER
  5
31
330
1
100
AcDbSymbolTableRecord
100
AcDbLayerTableRecord
  2
1.500-3.000
 70
0
 62
1
  6
Continuous
370
-3
390
13
347
21
  0
LAYER
  5
32
330
1
100
AcDbSymbolTableRecord
100
AcDbLayerTableRecord
  2
3.000-999.000
 70
0
 62
2
  6
Continuous
370
-3
390
13
347
21
  0
LAYER
  5
33
330
1
100
AcDbSymbolTableRecord
100
AcDbLayerTableRecord
  2
爆区方格网
 70
0
 62
7
  6
Continuous
370
-3
390
13
347
21
  0
LAYER
  5
34
330
1
100
AcDbSymbolTableRecord
100
AcDbLayerTableRecord
  2
钻孔
 70
0
 62
7
  6
Continuous
370
-3
390
13
347
21
  0
LAYER
  5
35
330
1
100
AcDbSymbolTableRecord
100
AcDbLayerTableRecord
  2
点
 70
0
 62
7
  6
Continuous
370
-3
390
13
347
21
  0
LAYER
  5
36
330
1
100
AcDbSymbolTableRecord
100
AcDbLayerTableRecord
  2
缺工程待取样
 70
0
 62
7
  6
Continuous
370
-3
390
13
347
21
  0
LAYER
  5
37
330
1
100
AcDbSymbolTableRecord
100
AcDbLayerTableRecord
  2
综合图_历史矿块
 70
0
 62
7
  6
Continuous
370
-3
390
13
347
21
  0
ENDTAB
  0
TABLE
  2
STYLE
  5
5
330
0
100
AcDbSymbolTable
 70
2
  0
STYLE
  5
29
330
5
100
AcDbSymbolTableRecord
100
AcDbTextStyleTableRecord
  2
Standard
 70
0
 40
0.0
 41
1.0
 50
0.0
 71
0
 42
2.5
  3
txt
  4

  0
STYLE
  5
38
330
5
100
AcDbSymbolTableRecord
100
AcDbTextStyleTableRecord
  2
CN_TTF
 70
0
 40
0.0
 41
1.0
 50
0.0
 71
0
 42
2.5
  3
simsunb.ttf
  4

  0
ENDTAB
  0
TABLE
  2
VIEW
  5
7
330
0
100
AcDbSymbolTable
 70
0
  0
ENDTAB
  0
TABLE
  2
UCS
  5
6
330
0
100
AcDbSymbolTable
 70
0
  0
ENDTAB
  0
TABLE
  2
APPID
  5
3
330
0
100
AcDbSymbolTable
 70
3
  0
APPID
  5
2A
330
3
100
AcDbSymbolTableRecord
100
AcDbRegAppTableRecord
  2
ACAD
 70
0
  0
APPID
  5
463
330
3
100
AcDbSymbolTableRecord
100
AcDbRegAppTableRecord
  2
HATCHBACKGROUNDCOLOR
 70
0
  0
APPID
  5
464
330
3
100
AcDbSymbolTableRecord
100
AcDbRegAppTableRecord
  2
EZDXF
 70
0
  0
ENDTAB
  0
TABLE
  2
DIMSTYLE
  5
4
330
0
100
AcDbSymbolTable
 70
1
100
AcDbDimStyleTable
  0
DIMSTYLE
105
2B
330
4
100
AcDbSymbolTableRecord
100
AcDbDimStyleTableRecord
  2
Standard
 70
0
 40
1.0
 41
2.5
 42
0.625
 43
3.75
 44
1.25
 45
0.0
 46
0.0
 47
0.0
 48
0.0
 49
2.5
140
2.5
141
2.5
142
0.0
143
0.03937007874
144
1.0
145
0.0
146
1.0
147
0.625
148
0.0
 69
0
 70
0
 71
0
 72
0
 73
0
 74
0
 75
0
 76
0
 77
1
 78
8
 79
3
170
0
171
3
172
1
173
0
174
0
175
0
176
0
177
0
178
0
179
2
271
2
272
2
273
2
274
3
275
0
276
0
277
2
278
44
279
0
280
0
281
0
282
0
283
0
284
8
285
0
286
0
288
0
289
3
290
0
371
-2
372
-2
  0
ENDTAB
  0
TABLE
  2
BLOCK_RECORD
  5
9
330
0
100
AcDbSymbolTable
 70
2
  0
BLOCK_RECORD
  5
17
330
9
100
AcDbSymbolTableRecord
100
AcDbBlockTableRecord
  2
*Model_Space
340
1A
 70
0
280
1
281
0
  0
BLOCK_RECORD
  5
1B
330
9
100
AcDbSymbolTableRecord
100
AcDbBlockTableRecord
  2
*Paper_Space
340
1E
 70
0
280
1
281
0
  0
ENDTAB
  0
ENDSEC
  0
SECTION
  2
BLOCKS
  0
BLOCK
  5
18
330
17
100
AcDbEntity
  8
0
100
AcDbBlockBegin
  2
*Model_Space
 70
0
 10
0.0
 20
0.0
 30
0.0
  3
*Model_Space
  1

  0
ENDBLK
  5
19
330
17
100
AcDbEntity
  8
0
100
AcDbBlockEnd
  0
BLOCK
  5
1C
330
1B
100
AcDbEntity
  8
0
100
AcDbBlockBegin
  2
*Paper_Space
 70
0
 10
0.0
 20
0.0
 30
0.0
  3
*Paper_Space
  1

  0
ENDBLK
  5
1D
330
1B
100
AcDbEntity
  8
0
100
AcDbBlockEnd
  0
ENDSEC
  0
SECTION
  2
ENTITIES
  0
LWPOLYLINE
  5
39
330
17
100
AcDbEntity
  8
综合图_历史矿块
 62
9
100
AcDbPolyline
 90
22
 70
1
 10
470000.618
 20
4349644.028
 10
470003.474
 20
4349646.45
 10
470006.69
 20
4349647.902
 10
470017.277
 20
4349652.328
 10
470025.068
 20
4349654.87
 10
470031.336
 20
4349656.433
 10
470040.661
 20
4349658.519
 10
470041.308
 20
4349654.163
 10
470042.09
 20
4349652.708
 10
470035.13
 20
4349650.711
 10
470032.425
 20
4349648.437
 10
470031.686
 20
4349647.744
 10
470028.158
 20
4349649.496
 10
470024.15
 20
4349646.879
 10
470026.249
 20
4349644.911
 10
470023.219
 20
4349642.756
 10
470021.897
 20
4349640.896
 10
470020.866
 20
4349638.2
 10
470011.725
 20
4349638.697
 10
470006.746
 20
4349640.564
 10
470003.426
 20
4349640.811
 10
470000.618
 20
4349644.028
  0
LWPOLYLINE
  5
3A
330
17
100
AcDbEntity
  8
综合图_历史矿块
 62
9
100
AcDbPolyline
 90
44
 70
1
 10
470049.125
 20
4349655.871
 10
470048.386
 20
4349659.836
 10
470053.816
 20
4349660.878
 10
470054.192
 20
4349658.942
 10
470055.414
 20
4349656.646
 10
470057.087
 20
4349654.869
 10
470060.964
 20
4349655.726
 10
470063.283
 20
4349656.008
 10
470066.204
 20
4349656.669
 10
470067.495
 20
4349658.791
 10
470066.788
 20
4349662.272
 10
470072.137
 20
4349662.937
 10
470076.183
 20
4349663.27
 10
470076.521
 20
4349660.129
 10
470077.249
 20
4349652.237
 10
470075.928
 20
4349647.622
 10
470073.547
 20
4349643.49
 10
470072.867
 20
4349640.331
 10
470068.933
 20
4349639.99
 10
470061.268
 20
4349639.601
 10
470054.879
 20
4349638.777
 10
470047.117
 20
4349638.106
 10
470044.567
 20
4349637.688
 10
470044.76
 20
4349641.293
 10
470047.467
 20
4349643.25
 10
470048.627
 20
4349645.298
 10
470052.039
 20
4349645.708
 10
470053.818
 20
4349643.965
 10
470057.131
 20
4349643.145
 10
470058.91
 20
4349643.639
 10
470059.872
 20
4349644.483
 10
470061.243
 20
4349645.934
 10
470062.274
 20
4349647.979
 10
470066.875
 20
4349647.997
 10
470069.526
 20
4349649.115
 10
470070.251
 20
4349650.304
 10
470068.988
 20
4349652.36
 10
470067.525
 20
4349652.661
 10
470062.645
 20
4349651.953
 10
470059.268
 20
4349651.538
 10
470055.296
 20
4349650.011
 10
470052.312
 20
4349651.762
 10
470050.741
 20
4349653.716
 10
470049.125
 20
4349655.871
  0
LWPOLYLINE
  5
3B
330
17
100
AcDbEntity
  8
综合图_历史矿块
 62
9
100
AcDbPolyline
 90
36
 70
1
 10
470027.679
 20
4349645.435
 10
470030.993
 20
4349646.298
 10
470031.686
 20
4349647.744
 10
470035.317
 20
4349645.041
 10
470039.466
 20
4349642.957
 10
470042.451
 20
4349644.322
 10
470042.562
 20
4349645.668
 10
470044.736
 20
4349648.414
 10
470045.096
 20
4349650.012
 10
470042.09
 20
4349652.708
 10
470045.45
 20
4349652.937
 10
470049.125
 20
4349655.871
 10
470052.312
 20
4349651.762
 10
470055.296
 20
4349650.011
 10
470059.268
 20
4349651.538
 10
470067.525
 20
4349652.661
 10
470068.988
 20
4349652.36
 10
470070.251
 20
4349650.304
 10
470069.526
 20
4349649.115
 10
470066.875
 20
4349647.997
 10
470062.274
 20
4349647.979
 10
470061.243
 20
4349645.934
 10
470059.872
 20
4349644.483
 10
470058.91
 20
4349643.639
 10
470057.131
 20
4349643.145
 10
470053.818
 20
4349643.965
 10
470052.039
 20
4349645.708
 10
470048.627
 20
4349645.298
 10
470047.467
 20
4349643.25
 10
470044.76
 20
4349641.293
 10
470044.567
 20
4349637.688
 10
470039.199
 20
4349637.514
 10
470030.11
 20
4349638.139
 10
470031.197
 20
4349641.303
 10
470029.949
 20
4349644.176
 10
470027.679
 20
4349645.435
  0
LWPOLYLINE
  5
3C
330
17
100
AcDbEntity
  8
综合图_历史矿块
 62
9
100
AcDbPolyline
 90
10
 70
1
 10
470053.816
 20
4349660.878
 10
470066.788
 20
4349662.272
 10
470067.495
 20
4349658.791
 10
470066.204
 20
4349656.669
 10
470063.283
 20
4349656.008
 10
470060.964
 20
4349655.726
 10
470057.087
 20
4349654.869
 10
470055.414
 20
4349656.646
 10
470054.192
 20
4349658.942
 10
470053.816
 20
4349660.878
  0
LWPOLYLINE
  5
3D
330
17
100
AcDbEntity
  8
综合图_历史矿块
 62
9
100
AcDbPolyline
 90
13
 70
1
 10
470045.096
 20
4349650.012
 10
470044.736
 20
4349648.414
 10
470043.047
 20
4349646.28
 10
470042.562
 20
4349645.668
 10
470042.451
 20
4349644.322
 10
470039.466
 20
4349642.957
 10
470035.741
 20
4349644.828
 10
470035.317
 20
4349645.041
 10
470031.686
 20
4349647.744
 10
470035.13
 20
4349650.711
 10
470038.1
 20
4349651.563
 10
470042.09
 20
4349652.708
 10
470045.096
 20
4349650.012
  0
LWPOLYLINE
  5
3E
330
17
100
AcDbEntity
  8
综合图_历史矿块
 62
9
100
AcDbPolyline
 90
14
 70
1
 10
470028.923
 20
4349644.745
 10
470029.949
 20
4349644.176
 10
470031.197
 20
4349641.303
 10
470030.11
 20
4349638.139
 10
470028.793
 20
4349637.985
 10
470025.85
 20
4349637.642
 10
470023.853
 20
4349637.865
 10
470020.866
 20
4349638.2
 10
470021.897
 20
4349640.896
 10
470023.219
 20
4349642.756
 10
470023.722
 20
4349643.113
 10
470026.249
 20
4349644.911
 10
470027.679
 20
4349645.435
 10
470028.923
 20
4349644.745
  0
LWPOLYLINE
  5
3F
330
17
100
AcDbEntity
  8
综合图_历史矿块
 62
9
100
AcDbPolyline
 90
7
 70
1
 10
470049.125
 20
4349655.871
 10
470045.45
 20
4349652.937
 10
470042.09
 20
4349652.708
 10
470041.308
 20
4349654.163
 10
470040.661
 20
4349658.519
 10
470048.386
 20
4349659.836
 10
470049.125
 20
4349655.871
  0
LWPOLYLINE
  5
40
330
17
100
AcDbEntity
  8
综合图_历史矿块
 62
9
100
AcDbPolyline
 90
38
 70
1
 10
470029.747
 20
4349659.666
 10
470022.479
 20
4349659.22
 10
470011.109
 20
4349657.066
 10
470005.904
 20
4349658.839
 10
470005.855
 20
4349663.071
 10
470009.65
 20
4349665.947
 10
470013.517
 20
4349665.924
 10
470020.331
 20
4349669.878
 10
470026.635
 20
4349670.162
 10
470034.008
 20
4349672.104
 10
470041.361
 20
4349673.104
 10
470047.349
 20
4349675.362
 10
470054.343
 20
4349677.216
 10
470060.932
 20
4349678.679
 10
470067.779
 20
4349680.445
 10
470070.374
 20
4349678.209
 10
470068.58
 20
4349676.606
 10
470063.61
 20
4349675.309
 10
470062.064
 20
4349672.658
 10
470060.242
 20
4349670.725
 10
470057.564
 20
4349669.703
 10
470054.969
 20
4349670.918
 10
470053.013
 20
4349672.199
 10
470049.134
 20
4349671.432
 10
470048.575
 20
4349669.089
 10
470047.317
 20
4349667.062
 10
470045.693
 20
4349664.477
 10
470051.034
 20
4349664.014
 10
470056.068
 20
4349663.433
 10
470058.789
 20
4349663.063
 10
470059.568
 20
4349661.496
 10
470056.568
 20
4349661.174
 10
470053.816
 20
4349660.878
 10
470048.386
 20
4349659.836
 10
470040.643
 20
4349658.515
 10
470037.619
 20
4349657.838
 10
470036.478
 20
4349659.6
 10
470029.747
 20
4349659.666
  0
LWPOLYLINE
  5
41
330
17
100
AcDbEntity
  8
综合图_历史矿块
 62
9
100
AcDbPolyline
 90
19
 70
1
 10
470059.568
 20
4349661.496
 10
470058.789
 20
4349663.063
 10
470056.068
 20
4349663.433
 10
470051.034
 20
4349664.014
 10
470045.693
 20
4349664.477
 10
470048.575
 20
4349669.089
 10
470049.134
 20
4349671.432
 10
470053.013
 20
4349672.199
 10
470054.969
 20
4349670.918
 10
470057.564
 20
4349669.703
 10
470060.242
 20
4349670.725
 10
470062.064
 20
4349672.658
 10
470063.61
 20
4349675.309
 10
470068.58
 20
4349676.606
 10
470071.461
 20
4349674.934
 10
470071.544
 20
4349671.081
 10
470069.538
 20
4349665.982
 10
470066.788
 20
4349662.272
 10
470059.568
 20
4349661.496
  0
LWPOLYLINE
  5
42
330
17
100
AcDbEntity
  8
综合图_历史矿块
 62
9
100
AcDbPolyline
 90
12
 70
1
 10
470087.319
 20
4349648.986
 10
470083.889
 20
4349651.991
 10
470087.36
 20
4349656.288
 10
470085.709
 20
4349659.311
 10
470090.823
 20
4349662.009
 10
470093.614
 20
4349664.11
 10
470095.247
 20
4349667.068
 10
470098.071
 20
4349670.29
 10
470100.543
 20
4349667.995
 10
470096.438
 20
4349661.24
 10
470092.908
 20
4349655.501
 10
470087.319
 20
4349648.986
  0
LWPOLYLINE
  5
43
330
17
100
AcDbEntity
  8
综合图_历史矿块
 62
9
100
AcDbPolyline
 90
28
 70
1
 10
470090.823
 20
4349662.009
 10
470088.803
 20
4349666.427
 10
470090.728
 20
4349672.913
 10
470092.958
 20
4349680.036
 10
470094.717
 20
4349686.447
 10
470097.817
 20
4349692.565
 10
470100.278
 20
4349701.085
 10
470103.459
 20
4349714.397
 10
470107.154
 20
4349716.026
 10
470110.138
 20
4349718.026
 10
470110.826
 20
4349722.422
 10
470114.373
 20
4349727.421
 10
470117.104
 20
4349732.651
 10
470121.68
 20
4349733.865
 10
470122.824
 20
4349730.456
 10
470115.23
 20
4349721.877
 10
470115.654
 20
4349715.406
 10
470115.919
 20
4349710.845
 10
470113.957
 20
4349704.321
 10
470116.025
 20
4349699.654
 10
470110.352
 20
4349690.002
 10
470106.057
 20
4349684.275
 10
470101.206
 20
4349674.834
 10
470100.543
 20
4349667.995
 10
470098.071
 20
4349670.29
 10
470095.247
 20
4349667.068
 10
470093.614
 20
4349664.11
 10
470090.823
 20
4349662.009
  0
LWPOLYLINE
  5
44
330
17
100
AcDbEntity
  8
综合图_历史矿块
 62
9
100
AcDbPolyline
 90
11
 70
1
 10
470114.373
 20
4349727.421
 10
470111.088
 20
4349722.791
 10
470110.826
 20
4349722.422
 10
470110.138
 20
4349718.026
 10
470107.154
 20
4349716.026
 10
470103.459
 20
4349714.397
 10
470104.254
 20
4349720.146
 10
470105.369
 20
4349724.5
 10
470106.074
 20
4349727.256
 10
470109.856
 20
4349729.218
 10
470114.373
 20
4349727.421
  0
LWPOLYLINE
  5
45
330
17
100
AcDbEntity
  8
0.500-1.000
 62
4
370
30
100
AcDbPolyline
 90
32
 70
1
 10
470044.76
 20
4349641.293
 10
470048.627
 20
4349645.298
 10
470052.039
 20
4349645.708
 10
470057.131
 20
4349643.145
 10
470059.872
 20
4349644.483
 10
470061.3933530072
 20
4349646.697258999
 10
470062.274
 20
4349647.979
 10
470066.875
 20
4349647.997
 10
470070.251
 20
4349650.304
 10
470067.525
 20
4349652.661
 10
470055.5376070457
 20
4349650.063355766
 10
470055.296
 20
4349650.011
 10
470052.312
 20
4349651.762
 10
470050.741
 20
4349653.716
 10
470049.125
 20
4349655.871
 10
470048.386
 20
4349659.836
 10
470053.816
 20
4349660.878
 10
470057.087
 20
4349654.869
 10
470060.964
 20
4349655.726
 10
470062.1713291994
 20
4349655.872816228
 10
470066.204
 20
4349656.669
 10
470067.495
 20
4349658.791
 10
470066.788
 20
4349662.272
 10
470072.137
 20
4349662.937
 10
470076.183
 20
4349663.27
 10
470076.521
 20
4349660.129
 10
470077.249
 20
4349652.237
 10
470075.928
 20
4349647.622
 10
470077.02934498066
 20
4349640.479890183
 10
470072.83654693747
 20
4349640.119292952
 10
470044.567
 20
4349637.688
 10
470044.76
 20
4349641.293
  0
LWPOLYLINE
  5
46
330
17
100
AcDbEntity
  8
缺工程待取样
 62
6
100
AcDbPolyline
 90
97
 70
1
 10
470032.553
 20
4349626.087
 10
470032.54657676973
 20
4349625.890790612
 10
470032.52733458416
 20
4349625.695421424
 10
470032.49535584124
 20
4349625.501729034
 10
470032.45077747887
 20
4349625.310542865
 10
470032.3937903885
 20
4349625.122681605
 10
470032.32463859755
 20
4349624.938949703
 10
470032.24361822463
 20
4349624.76013393
 10
470032.15107621136
 20
4349624.587
 10
470032.0474088369
 20
4349624.420289301
 10
470031.9330600209
 20
4349624.260715714
 10
470031.8085194224
 20
4349624.108962555
 10
470031.6743203436
 20
4349623.965679657
 10
470031.5310374453
 20
4349623.831480578
 10
470031.37928428705
 20
4349623.706939979
 10
470031.21971069905
 20
4349623.592591164
 10
470031.053
 20
4349623.488923789
 10
470030.8798660707
 20
4349623.396381776
 10
470030.7010502971
 20
4349623.315361403
 10
470030.5173183959
 20
4349623.246209612
 10
470030.32945713535
 20
4349623.189222521
 10
470030.13827096607
 20
4349623.144644159
 10
470029.94457857666
 20
4349623.112665416
 10
470029.7492093877
 20
4349623.093423231
 10
470029.553
 20
4349623.087
 10
470029.35679061234
 20
4349623.093423231
 10
470029.16142142337
 20
4349623.112665416
 10
470028.96772903396
 20
4349623.144644159
 10
470028.7765428647
 20
4349623.189222521
 10
470028.58868160413
 20
4349623.246209612
 10
470028.4049497029
 20
4349623.315361403
 10
470028.22613392933
 20
4349623.396381776
 10
470028.053
 20
4349623.488923789
 10
470027.886289301
 20
4349623.592591164
 10
470027.726715713
 20
4349623.706939979
 10
470027.57496255473
 20
4349623.831480578
 10
470027.43167965644
 20
4349623.965679657
 10
470027.2974805776
 20
4349624.108962555
 10
470027.1729399791
 20
4349624.260715714
 10
470027.05859116314
 20
4349624.420289301
 10
470026.95492378867
 20
4349624.587
 10
470026.8623817754
 20
4349624.76013393
 10
470026.7813614025
 20
4349624.938949703
 10
470026.71220961155
 20
4349625.122681605
 10
470026.65522252116
 20
4349625.310542865
 10
470026.6106441588
 20
4349625.501729034
 10
470026.5786654159
 20
4349625.695421424
 10
470026.5594232303
 20
4349625.890790612
 10
470026.553
 20
4349626.087
 10
470026.5594232303
 20
4349626.283209388
 10
470026.5786654159
 20
4349626.478578577
 10
470026.6106441588
 20
4349626.672270967
 10
470026.65522252116
 20
4349626.863457136
 10
470026.71220961155
 20
4349627.051318396
 10
470026.7813614025
 20
4349627.235050297
 10
470026.8623817754
 20
4349627.413866071
 10
470026.95492378867
 20
4349627.587
 10
470027.05859116314
 20
4349627.753710699
 10
470027.1729399791
 20
4349627.913284287
 10
470027.2974805776
 20
4349628.065037445
 10
470027.43167965644
 20
4349628.208320344
 10
470027.57496255473
 20
4349628.342519423
 10
470027.726715713
 20
4349628.467060021
 10
470027.886289301
 20
4349628.581408837
 10
470028.053
 20
4349628.685076212
 10
470028.22613392933
 20
4349628.777618225
 10
470028.4049497029
 20
4349628.858638598
 10
470028.58868160413
 20
4349628.927790388
 10
470028.7765428647
 20
4349628.984777479
 10
470028.96772903396
 20
4349629.029355842
 10
470029.16142142337
 20
4349629.061334585
 10
470029.35679061234
 20
4349629.08057677
 10
470029.553
 20
4349629.087
 10
470029.7492093877
 20
4349629.08057677
 10
470029.94457857666
 20
4349629.061334585
 10
470030.13827096607
 20
4349629.029355842
 10
470030.32945713535
 20
4349628.984777479
 10
470030.5173183959
 20
4349628.927790388
 10
470030.7010502971
 20
4349628.858638598
 10
470030.8798660707
 20
4349628.777618225
 10
470031.053
 20
4349628.685076212
 10
470031.21971069905
 20
4349628.581408837
 10
470031.37928428705
 20
4349628.467060021
 10
470031.5310374453
 20
4349628.342519423
 10
470031.6743203436
 20
4349628.208320344
 10
470031.8085194224
 20
4349628.065037445
 10
470031.9330600209
 20
4349627.913284287
 10
470032.0474088369
 20
4349627.753710699
 10
470032.15107621136
 20
4349627.587
 10
470032.24361822463
 20
4349627.413866071
 10
470032.32463859755
 20
4349627.235050297
 10
470032.3937903885
 20
4349627.051318396
 10
470032.45077747887
 20
4349626.863457136
 10
470032.49535584124
 20
4349626.672270967
 10
470032.52733458416
 20
4349626.478578577
 10
470032.54657676973
 20
4349626.283209388
 10
470032.553
 20
4349626.087
  0
TEXT
  5
47
330
17
100
AcDbEntity
  8
缺工程待取样
 62
6
100
AcDbText
 10
470027.273
 20
4349622.887
 30
0.0
 40
0.8
  1
BS-3940-0922-BL3 0.64  （缺工程，待取样验证后再进行施工）
  7
CN_TTF
 11
470027.273
 21
4349622.887
 31
0.0
100
AcDbText
  0
LWPOLYLINE
  5
48
330
17
100
AcDbEntity
  8
缺工程待取样
 62
6
100
AcDbPolyline
 90
97
 70
1
 10
470028.258
 20
4349620.243
 10
470028.2515767697
 20
4349620.046790612
 10
470028.2323345841
 20
4349619.851421423
 10
470028.2003558412
 20
4349619.657729033
 10
470028.1557774788
 20
4349619.466542864
 10
470028.09879038844
 20
4349619.278681604
 10
470028.0296385975
 20
4349619.094949703
 10
470027.9486182246
 20
4349618.916133929
 10
470027.8560762113
 20
4349618.743
 10
470027.75240883685
 20
4349618.576289301
 10
470027.63806002086
 20
4349618.416715713
 10
470027.5135194224
 20
4349618.264962555
 10
470027.37932034355
 20
4349618.121679656
 10
470027.23603744525
 20
4349617.987480577
 10
470027.084284287
 20
4349617.862939979
 10
470026.924710699
 20
4349617.748591163
 10
470026.758
 20
4349617.6449237885
 10
470026.58486607065
 20
4349617.552381775
 10
470026.4060502971
 20
4349617.471361402
 10
470026.22231839586
 20
4349617.402209612
 10
470026.0344571353
 20
4349617.345222521
 10
470025.843270966
 20
4349617.300644158
 10
470025.6495785766
 20
4349617.268665415
 10
470025.45420938765
 20
4349617.24942323
 10
470025.258
 20
4349617.243
 10
470025.0617906123
 20
4349617.24942323
 10
470024.8664214233
 20
4349617.268665415
 10
470024.6727290339
 20
4349617.300644158
 10
470024.48154286464
 20
4349617.345222521
 10
470024.2936816041
 20
4349617.402209612
 10
470024.10994970286
 20
4349617.471361402
 10
470023.9311339293
 20
4349617.552381775
 10
470023.758
 20
4349617.6449237885
 10
470023.59128930094
 20
4349617.748591163
 10
470023.43171571294
 20
4349617.862939979
 10
470023.2799625547
 20
4349617.987480577
 10
470023.1366796564
 20
4349618.121679656
 10
470023.00248057756
 20
4349618.264962555
 10
470022.8779399791
 20
4349618.416715713
 10
470022.7635911631
 20
4349618.576289301
 10
470022.6599237886
 20
4349618.743
 10
470022.56738177536
 20
4349618.916133929
 10
470022.48636140244
 20
4349619.094949703
 10
470022.4172096115
 20
4349619.278681604
 10
470022.3602225211
 20
4349619.466542864
 10
470022.31564415875
 20
4349619.657729033
 10
470022.28366541583
 20
4349619.851421423
 10
470022.26442323026
 20
4349620.046790612
 10
470022.258
 20
4349620.243
 10
470022.26442323026
 20
4349620.439209388
 10
470022.28366541583
 20
4349620.634578576
 10
470022.31564415875
 20
4349620.828270966
 10
470022.3602225211
 20
4349621.019457135
 10
470022.4172096115
 20
4349621.207318395
 10
470022.48636140244
 20
4349621.391050297
 10
470022.56738177536
 20
4349621.5698660705
 10
470022.6599237886
 20
4349621.743
 10
470022.7635911631
 20
4349621.909710699
 10
470022.8779399791
 20
4349622.069284286
 10
470023.00248057756
 20
4349622.221037445
 10
470023.1366796564
 20
4349622.364320343
 10
470023.2799625547
 20
4349622.4985194225
 10
470023.43171571294
 20
4349622.623060021
 10
470023.59128930094
 20
4349622.737408836
 10
470023.758
 20
4349622.841076211
 10
470023.9311339293
 20
4349622.933618224
 10
470024.10994970286
 20
4349623.014638597
 10
470024.2936816041
 20
4349623.083790388
 10
470024.48154286464
 20
4349623.140777479
 10
470024.6727290339
 20
4349623.185355841
 10
470024.8664214233
 20
4349623.217334584
 10
470025.0617906123
 20
4349623.2365767695
 10
470025.258
 20
4349623.243
 10
470025.45420938765
 20
4349623.2365767695
 10
470025.6495785766
 20
4349623.217334584
 10
470025.843270966
 20
4349623.185355841
 10
470026.0344571353
 20
4349623.140777479
 10
470026.22231839586
 20
4349623.083790388
 10
470026.4060502971
 20
4349623.014638597
 10
470026.58486607065
 20
4349622.933618224
 10
470026.758
 20
4349622.841076211
 10
470026.924710699
 20
4349622.737408836
 10
470027.084284287
 20
4349622.623060021
 10
470027.23603744525
 20
4349622.4985194225
 10
470027.37932034355
 20
4349622.364320343
 10
470027.5135194224
 20
4349622.221037445
 10
470027.63806002086
 20
4349622.069284286
 10
470027.75240883685
 20
4349621.909710699
 10
470027.8560762113
 20
4349621.743
 10
470027.9486182246
 20
4349621.5698660705
 10
470028.0296385975
 20
4349621.391050297
 10
470028.09879038844
 20
4349621.207318395
 10
470028.1557774788
 20
4349621.019457135
 10
470028.2003558412
 20
4349620.828270966
 10
470028.2323345841
 20
4349620.634578576
 10
470028.2515767697
 20
4349620.439209388
 10
470028.258
 20
4349620.243
  0
TEXT
  5
49
330
17
100
AcDbEntity
  8
缺工程待取样
 62
6
100
AcDbText
 10
470022.97799999994
 20
4349617.043
 30
0.0
 40
0.8
  1
BS-3940-0922-BL4 0.86  （缺工程，待取样验证后再进行施工）
  7
CN_TTF
 11
470022.97799999994
 21
4349617.043
 31
0.0
100
AcDbText
  0
LWPOLYLINE
  5
4A
330
17
100
AcDbEntity
  8
缺工程待取样
 62
6
100
AcDbPolyline
 90
97
 70
1
 10
470059.044
 20
4349630.068
 10
470059.0375767697
 20
4349629.871790612
 10
470059.01833458414
 20
4349629.676421423
 10
470058.9863558412
 20
4349629.482729034
 10
470058.94177747885
 20
4349629.291542864
 10
470058.88479038846
 20
4349629.103681604
 10
470058.81563859753
 20
4349628.919949703
 10
470058.7346182246
 20
4349628.741133929
 10
470058.64207621134
 20
4349628.568
 10
470058.5384088369
 20
4349628.401289301
 10
470058.4240600209
 20
4349628.241715713
 10
470058.2995194224
 20
4349628.089962555
 10
470058.16532034357
 20
4349627.946679656
 10
470058.0220374453
 20
4349627.812480577
 10
470057.870284287
 20
4349627.687939979
 10
470057.71071069903
 20
4349627.573591163
 10
470057.544
 20
4349627.469923789
 10
470057.3708660707
 20
4349627.3773817755
 10
470057.1920502971
 20
4349627.296361403
 10
470057.0083183959
 20
4349627.227209612
 10
470056.8204571353
 20
4349627.170222521
 10
470056.62927096605
 20
4349627.125644159
 10
470056.43557857664
 20
4349627.093665415
 10
470056.2402093877
 20
4349627.07442323
 10
470056.044
 20
4349627.068
 10
470055.8477906123
 20
4349627.07442323
 10
470055.65242142335
 20
4349627.093665415
 10
470055.45872903394
 20
4349627.125644159
 10
470055.26754286466
 20
4349627.170222521
 10
470055.0796816041
 20
4349627.227209612
 10
470054.8959497029
 20
4349627.296361403
 10
470054.7171339293
 20
4349627.3773817755
 10
470054.544
 20
4349627.469923789
 10
470054.37728930096
 20
4349627.573591163
 10
470054.21771571296
 20
4349627.687939979
 10
470054.0659625547
 20
4349627.812480577
 10
470053.9226796564
 20
4349627.946679656
 10
470053.7884805776
 20
4349628.089962555
 10
470053.6639399791
 20
4349628.241715713
 10
470053.5495911631
 20
4349628.401289301
 10
470053.44592378865
 20
4349628.568
 10
470053.3533817754
 20
4349628.741133929
 10
470053.27236140246
 20
4349628.919949703
 10
470053.2032096115
 20
4349629.103681604
 10
470053.14622252114
 20
4349629.291542864
 10
470053.10164415877
 20
4349629.482729034
 10
470053.06966541585
 20
4349629.676421423
 10
470053.0504232303
 20
4349629.871790612
 10
470053.044
 20
4349630.068
 10
470053.0504232303
 20
4349630.264209388
 10
470053.06966541585
 20
4349630.4595785765
 10
470053.10164415877
 20
4349630.653270966
 10
470053.14622252114
 20
4349630.844457136
 10
470053.2032096115
 20
4349631.032318396
 10
470053.27236140246
 20
4349631.216050297
 10
470053.3533817754
 20
4349631.394866071
 10
470053.44592378865
 20
4349631.568
 10
470053.5495911631
 20
4349631.734710699
 10
470053.6639399791
 20
4349631.894284287
 10
470053.7884805776
 20
4349632.046037445
 10
470053.9226796564
 20
4349632.189320344
 10
470054.0659625547
 20
4349632.323519423
 10
470054.21771571296
 20
4349632.448060021
 10
470054.37728930096
 20
4349632.562408837
 10
470054.544
 20
4349632.666076211
 10
470054.7171339293
 20
4349632.758618224
 10
470054.8959497029
 20
4349632.839638597
 10
470055.0796816041
 20
4349632.908790388
 10
470055.26754286466
 20
4349632.965777479
 10
470055.45872903394
 20
4349633.010355841
 10
470055.65242142335
 20
4349633.0423345845
 10
470055.8477906123
 20
4349633.06157677
 10
470056.044
 20
4349633.068
 10
470056.2402093877
 20
4349633.06157677
 10
470056.43557857664
 20
4349633.0423345845
 10
470056.62927096605
 20
4349633.010355841
 10
470056.8204571353
 20
4349632.965777479
 10
470057.0083183959
 20
4349632.908790388
 10
470057.1920502971
 20
4349632.839638597
 10
470057.3708660707
 20
4349632.758618224
 10
470057.544
 20
4349632.666076211
 10
470057.71071069903
 20
4349632.562408837
 10
470057.870284287
 20
4349632.448060021
 10
470058.0220374453
 20
4349632.323519423
 10
470058.16532034357
 20
4349632.189320344
 10
470058.2995194224
 20
4349632.046037445
 10
470058.4240600209
 20
4349631.894284287
 10
470058.5384088369
 20
4349631.734710699
 10
470058.64207621134
 20
4349631.568
 10
470058.7346182246
 20
4349631.394866071
 10
470058.81563859753
 20
4349631.216050297
 10
470058.88479038846
 20
4349631.032318396
 10
470058.94177747885
 20
4349630.844457136
 10
470058.9863558412
 20
4349630.653270966
 10
470059.01833458414
 20
4349630.4595785765
 10
470059.0375767697
 20
4349630.264209388
 10
470059.044
 20
4349630.068
  0
TEXT
  5
4B
330
17
100
AcDbEntity
  8
缺工程待取样
 62
6
100
AcDbText
 10
470053.76399999997
 20
4349626.868
 30
0.0
 40
0.8
  1
BS-3940-0922-BL1 1.78  （缺工程，待取样验证后再进行施工）
  7
CN_TTF
 11
470053.76399999997
 21
4349626.868
 31
0.0
100
AcDbText
  0
LWPOLYLINE
  5
4C
330
17
100
AcDbEntity
  8
缺工程待取样
 62
6
100
AcDbPolyline
 90
97
 70
1
 10
470045.001
 20
4349628.344
 10
470044.9945767697
 20
4349628.147790612
 10
470044.97533458413
 20
4349627.952421423
 10
470044.9433558412
 20
4349627.758729033
 10
470044.89877747884
 20
4349627.567542864
 10
470044.84179038845
 20
4349627.379681604
 10
470044.7726385975
 20
4349627.1959497025
 10
470044.6916182246
 20
4349627.017133929
 10
470044.59907621134
 20
4349626.844
 10
470044.49540883687
 20
4349626.677289301
 10
470044.3810600209
 20
4349626.517715713
 10
470044.2565194224
 20
4349626.365962555
 10
470044.12232034357
 20
4349626.222679656
 10
470043.9790374453
 20
4349626.088480577
 10
470043.827284287
 20
4349625.963939979
 10
470043.667710699
 20
4349625.849591163
 10
470043.501
 20
4349625.745923788
 10
470043.3278660707
 20
4349625.653381775
 10
470043.1490502971
 20
4349625.572361402
 10
470042.9653183959
 20
4349625.503209611
 10
470042.7774571353
 20
4349625.44622252
 10
470042.58627096604
 20
4349625.401644158
 10
470042.39257857663
 20
4349625.369665415
 10
470042.19720938767
 20
4349625.35042323
 10
470042.001
 20
4349625.344
 10
470041.8047906123
 20
4349625.35042323
 10
470041.60942142335
 20
4349625.369665415
 10
470041.41572903394
 20
4349625.401644158
 10
470041.22454286466
 20
4349625.44622252
 10
470041.0366816041
 20
4349625.503209611
 10
470040.8529497029
 20
4349625.572361402
 10
470040.6741339293
 20
4349625.653381775
 10
470040.501
 20
4349625.745923788
 10
470040.33428930095
 20
4349625.849591163
 10
470040.17471571296
 20
4349625.963939979
 10
470040.0229625547
 20
4349626.088480577
 10
470039.8796796564
 20
4349626.222679656
 10
470039.7454805776
 20
4349626.365962555
 10
470039.6209399791
 20
4349626.517715713
 10
470039.5065911631
 20
4349626.677289301
 10
470039.40292378864
 20
4349626.844
 10
470039.3103817754
 20
4349627.017133929
 10
470039.22936140245
 20
4349627.1959497025
 10
470039.1602096115
 20
4349627.379681604
 10
470039.10322252114
 20
4349627.567542864
 10
470039.05864415877
 20
4349627.758729033
 10
470039.02666541585
 20
4349627.952421423
 10
470039.0074232303
 20
4349628.147790612
 10
470039.001
 20
4349628.344
 10
470039.0074232303
 20
4349628.540209387
 10
470039.02666541585
 20
4349628.735578576
 10
470039.05864415877
 20
4349628.929270966
 10
470039.10322252114
 20
4349629.120457135
 10
470039.1602096115
 20
4349629.308318395
 10
470039.22936140245
 20
4349629.492050297
 10
470039.3103817754
 20
4349629.67086607
 10
470039.40292378864
 20
4349629.844
 10
470039.5065911631
 20
4349630.010710699
 10
470039.6209399791
 20
4349630.170284286
 10
470039.7454805776
 20
4349630.322037444
 10
470039.8796796564
 20
4349630.465320343
 10
470040.0229625547
 20
4349630.599519422
 10
470040.17471571296
 20
4349630.72406002
 10
470040.33428930095
 20
4349630.838408836
 10
470040.501
 20
4349630.942076211
 10
470040.6741339293
 20
4349631.034618224
 10
470040.8529497029
 20
4349631.115638597
 10
470041.0366816041
 20
4349631.184790388
 10
470041.22454286466
 20
4349631.241777479
 10
470041.41572903394
 20
4349631.286355841
 10
470041.60942142335
 20
4349631.318334584
 10
470041.8047906123
 20
4349631.337576769
 10
470042.001
 20
4349631.344
 10
470042.19720938767
 20
4349631.337576769
 10
470042.39257857663
 20
4349631.318334584
 10
470042.58627096604
 20
4349631.286355841
 10
470042.7774571353
 20
4349631.241777479
 10
470042.9653183959
 20
4349631.184790388
 10
470043.1490502971
 20
4349631.115638597
 10
470043.3278660707
 20
4349631.034618224
 10
470043.501
 20
4349630.942076211
 10
470043.667710699
 20
4349630.838408836
 10
470043.827284287
 20
4349630.72406002
 10
470043.9790374453
 20
4349630.599519422
 10
470044.12232034357
 20
4349630.465320343
 10
470044.2565194224
 20
4349630.322037444
 10
470044.3810600209
 20
4349630.170284286
 10
470044.49540883687
 20
4349630.010710699
 10
470044.59907621134
 20
4349629.844
 10
470044.6916182246
 20
4349629.67086607
 10
470044.7726385975
 20
4349629.492050297
 10
470044.84179038845
 20
4349629.308318395
 10
470044.89877747884
 20
4349629.120457135
 10
470044.9433558412
 20
4349628.929270966
 10
470044.97533458413
 20
4349628.735578576
 10
470044.9945767697
 20
4349628.540209387
 10
470045.001
 20
4349628.344
  0
TEXT
  5
4D
330
17
100
AcDbEntity
  8
缺工程待取样
 62
6
100
AcDbText
 10
470039.72099999996
 20
4349625.143999999
 30
0.0
 40
0.8
  1
BS-3940-0922-BL2 1.43  （缺工程，待取样验证后再进行施工）
  7
CN_TTF
 11
470039.72099999996
 21
4349625.143999999
 31
0.0
100
AcDbText
  0
LWPOLYLINE
  5
4E
330
17
100
AcDbEntity
  8
缺工程待取样
 62
6
100
AcDbPolyline
 90
97
 70
1
 10
470041.596
 20
4349619.708
 10
470041.58957676974
 20
4349619.511790612
 10
470041.57033458416
 20
4349619.316421423
 10
470041.53835584124
 20
4349619.122729033
 10
470041.49377747887
 20
4349618.931542864
 10
470041.4367903885
 20
4349618.743681604
 10
470041.36763859756
 20
4349618.559949703
 10
470041.28661822464
 20
4349618.381133929
 10
470041.19407621137
 20
4349618.208
 10
470041.0904088369
 20
4349618.041289301
 10
470040.9760600209
 20
4349617.881715713
 10
470040.85151942243
 20
4349617.729962555
 10
470040.7173203436
 20
4349617.586679656
 10
470040.5740374453
 20
4349617.452480577
 10
470040.42228428705
 20
4349617.327939979
 10
470040.26271069905
 20
4349617.213591163
 10
470040.096
 20
4349617.109923788
 10
470039.9228660707
 20
4349617.017381775
 10
470039.74405029713
 20
4349616.936361402
 10
470039.5603183959
 20
4349616.867209611
 10
470039.37245713535
 20
4349616.8102225205
 10
470039.1812709661
 20
4349616.765644158
 10
470038.98757857666
 20
4349616.733665415
 10
470038.7922093877
 20
4349616.71442323
 10
470038.596
 20
4349616.708
 10
470038.39979061234
 20
4349616.71442323
 10
470038.2044214234
 20
4349616.733665415
 10
470038.01072903397
 20
4349616.765644158
 10
470037.8195428647
 20
4349616.8102225205
 10
470037.63168160414
 20
4349616.867209611
 10
470037.4479497029
 20
4349616.936361402
 10
470037.26913392934
 20
4349617.017381775
 10
470037.096
 20
4349617.109923788
 10
470036.929289301
 20
4349617.213591163
 10
470036.769715713
 20
4349617.327939979
 10
470036.61796255474
 20
4349617.452480577
 10
470036.47467965644
 20
4349617.586679656
 10
470036.3404805776
 20
4349617.729962555
 10
470036.2159399791
 20
4349617.881715713
 10
470036.10159116314
 20
4349618.041289301
 10
470035.9979237887
 20
4349618.208
 10
470035.9053817754
 20
4349618.381133929
 10
470035.8243614025
 20
4349618.559949703
 10
470035.75520961155
 20
4349618.743681604
 10
470035.69822252117
 20
4349618.931542864
 10
470035.6536441588
 20
4349619.122729033
 10
470035.6216654159
 20
4349619.316421423
 10
470035.6024232303
 20
4349619.511790612
 10
470035.596
 20
4349619.708
 10
470035.6024232303
 20
4349619.9042093875
 10
470035.6216654159
 20
4349620.099578576
 10
470035.6536441588
 20
4349620.293270966
 10
470035.69822252117
 20
4349620.484457135
 10
470035.75520961155
 20
4349620.672318395
 10
470035.8243614025
 20
4349620.856050297
 10
470035.9053817754
 20
4349621.03486607
 10
470035.9979237887
 20
4349621.208
 10
470036.10159116314
 20
4349621.374710699
 10
470036.2159399791
 20
4349621.534284286
 10
470036.3404805776
 20
4349621.6860374445
 10
470036.47467965644
 20
4349621.829320343
 10
470036.61796255474
 20
4349621.963519422
 10
470036.769715713
 20
4349622.0880600205
 10
470036.929289301
 20
4349622.202408836
 10
470037.096
 20
4349622.306076211
 10
470037.26913392934
 20
4349622.398618224
 10
470037.4479497029
 20
4349622.479638597
 10
470037.63168160414
 20
4349622.548790388
 10
470037.8195428647
 20
4349622.605777479
 10
470038.01072903397
 20
4349622.650355841
 10
470038.2044214234
 20
4349622.682334584
 10
470038.39979061234
 20
4349622.701576769
 10
470038.596
 20
4349622.708
 10
470038.7922093877
 20
4349622.701576769
 10
470038.98757857666
 20
4349622.682334584
 10
470039.1812709661
 20
4349622.650355841
 10
470039.37245713535
 20
4349622.605777479
 10
470039.5603183959
 20
4349622.548790388
 10
470039.74405029713
 20
4349622.479638597
 10
470039.9228660707
 20
4349622.398618224
 10
470040.096
 20
4349622.306076211
 10
470040.26271069905
 20
4349622.202408836
 10
470040.42228428705
 20
4349622.0880600205
 10
470040.5740374453
 20
4349621.963519422
 10
470040.7173203436
 20
4349621.829320343
 10
470040.85151942243
 20
4349621.6860374445
 10
470040.9760600209
 20
4349621.534284286
 10
470041.0904088369
 20
4349621.374710699
 10
470041.19407621137
 20
4349621.208
 10
470041.28661822464
 20
4349621.03486607
 10
470041.36763859756
 20
4349620.856050297
 10
470041.4367903885
 20
4349620.672318395
 10
470041.49377747887
 20
4349620.484457135
 10
470041.53835584124
 20
4349620.293270966
 10
470041.57033458416
 20
4349620.099578576
 10
470041.58957676974
 20
4349619.9042093875
 10
470041.596
 20
4349619.708
  0
TEXT
  5
4F
330
17
100
AcDbEntity
  8
缺工程待取样
 62
6
100
AcDbText
 10
470036.316
 20
4349616.507999999
 30
0.0
 40
0.8
  1
BS-3940-0922-BL5 1.09  （缺工程，待取样验证后再进行施工）
  7
CN_TTF
 11
470036.316
 21
4349616.507999999
 31
0.0
100
AcDbText
  0
LWPOLYLINE
  5
50
330
17
100
AcDbEntity
  8
缺工程待取样
 62
6
100
AcDbPolyline
 90
97
 70
1
 10
470055.992
 20
4349616.825
 10
470055.98557676974
 20
4349616.628790612
 10
470055.96633458417
 20
4349616.433421424
 10
470055.93435584125
 20
4349616.239729034
 10
470055.8897774789
 20
4349616.048542865
 10
470055.8327903885
 20
4349615.860681605
 10
470055.76363859756
 20
4349615.676949703
 10
470055.68261822464
 20
4349615.498133929
 10
470055.5900762114
 20
4349615.325
 10
470055.4864088369
 20
4349615.158289301
 10
470055.3720600209
 20
4349614.998715714
 10
470055.24751942244
 20
4349614.846962555
 10
470055.1133203436
 20
4349614.703679657
 10
470054.9700374453
 20
4349614.5694805775
 10
470054.81828428706
 20
4349614.444939979
 10
470054.65871069906
 20
4349614.330591164
 10
470054.492
 20
4349614.226923789
 10
470054.3188660707
 20
4349614.134381776
 10
470054.14005029714
 20
4349614.053361403
 10
470053.9563183959
 20
4349613.984209612
 10
470053.76845713536
 20
4349613.927222521
 10
470053.5772709661
 20
4349613.882644159
 10
470053.3835785767
 20
4349613.850665416
 10
470053.1882093877
 20
4349613.8314232305
 10
470052.992
 20
4349613.825
 10
470052.79579061235
 20
4349613.8314232305
 10
470052.6004214234
 20
4349613.850665416
 10
470052.406729034
 20
4349613.882644159
 10
470052.2155428647
 20
4349613.927222521
 10
470052.02768160414
 20
4349613.984209612
 10
470051.8439497029
 20
4349614.053361403
 10
470051.66513392935
 20
4349614.134381776
 10
470051.492
 20
4349614.226923789
 10
470051.325289301
 20
4349614.330591164
 10
470051.165715713
 20
4349614.444939979
 10
470051.01396255475
 20
4349614.5694805775
 10
470050.87067965645
 20
4349614.703679657
 10
470050.7364805776
 20
4349614.846962555
 10
470050.61193997914
 20
4349614.998715714
 10
470050.49759116315
 20
4349615.158289301
 10
470050.3939237887
 20
4349615.325
 10
470050.3013817754
 20
4349615.498133929
 10
470050.2203614025
 20
4349615.676949703
 10
470050.15120961156
 20
4349615.860681605
 10
470050.0942225212
 20
4349616.048542865
 10
470050.0496441588
 20
4349616.239729034
 10
470050.0176654159
 20
4349616.433421424
 10
470049.9984232303
 20
4349616.628790612
 10
470049.992
 20
4349616.825
 10
470049.9984232303
 20
4349617.021209388
 10
470050.0176654159
 20
4349617.216578577
 10
470050.0496441588
 20
4349617.410270967
 10
470050.0942225212
 20
4349617.601457136
 10
470050.15120961156
 20
4349617.789318396
 10
470050.2203614025
 20
4349617.973050297
 10
470050.3013817754
 20
4349618.151866071
 10
470050.3939237887
 20
4349618.325
 10
470050.49759116315
 20
4349618.491710699
 10
470050.61193997914
 20
4349618.651284287
 10
470050.7364805776
 20
4349618.803037445
 10
470050.87067965645
 20
4349618.946320344
 10
470051.01396255475
 20
4349619.080519423
 10
470051.165715713
 20
4349619.205060021
 10
470051.325289301
 20
4349619.319408837
 10
470051.492
 20
4349619.4230762115
 10
470051.66513392935
 20
4349619.515618225
 10
470051.8439497029
 20
4349619.596638598
 10
470052.02768160414
 20
4349619.665790388
 10
470052.2155428647
 20
4349619.722777479
 10
470052.406729034
 20
4349619.767355842
 10
470052.6004214234
 20
4349619.799334585
 10
470052.79579061235
 20
4349619.81857677
 10
470052.992
 20
4349619.825
 10
470053.1882093877
 20
4349619.81857677
 10
470053.3835785767
 20
4349619.799334585
 10
470053.5772709661
 20
4349619.767355842
 10
470053.76845713536
 20
4349619.722777479
 10
470053.9563183959
 20
4349619.665790388
 10
470054.14005029714
 20
4349619.596638598
 10
470054.3188660707
 20
4349619.515618225
 10
470054.492
 20
4349619.4230762115
 10
470054.65871069906
 20
4349619.319408837
 10
470054.81828428706
 20
4349619.205060021
 10
470054.9700374453
 20
4349619.080519423
 10
470055.1133203436
 20
4349618.946320344
 10
470055.24751942244
 20
4349618.803037445
 10
470055.3720600209
 20
4349618.651284287
 10
470055.4864088369
 20
4349618.491710699
 10
470055.5900762114
 20
4349618.325
 10
470055.68261822464
 20
4349618.151866071
 10
470055.76363859756
 20
4349617.973050297
 10
470055.8327903885
 20
4349617.789318396
 10
470055.8897774789
 20
4349617.601457136
 10
470055.93435584125
 20
4349617.410270967
 10
470055.96633458417
 20
4349617.216578577
 10
470055.98557676974
 20
4349617.021209388
 10
470055.992
 20
4349616.825
  0
TEXT
  5
51
330
17
100
AcDbEntity
  8
缺工程待取样
 62
6
100
AcDbText
 10
470050.712
 20
4349613.625
 30
0.0
 40
0.8
  1
BS-3940-0922-BL6 1.54  （缺工程，待取样验证后再进行施工）
  7
CN_TTF
 11
470050.712
 21
4349613.625
 31
0.0
100
AcDbText
  0
LWPOLYLINE
  5
52
330
17
100
AcDbEntity
  8
爆区方格网
 62
4
100
AcDbPolyline
 90
5
 70
1
 10
470045.567
 20
4349638.688
 10
470045.567
 20
4349637.774003959
 10
470044.567
 20
4349637.688
 10
470044.6205367545
 20
4349638.688
 10
470045.567
 20
4349638.688
  0
TEXT
  5
53
330
17
100
AcDbEntity
  8
0
 62
4
100
AcDbText
 10
470044.9215352819
 20
4349638.161001979
 30
0.0
 40
0.1333
  1
0.99
  7
CN_TTF
 11
470044.9215352819
 21
4349638.161001979
 31
0.0
100
AcDbText
  0
LWPOLYLINE
  5
54
330
17
100
AcDbEntity
  8
爆区方格网
 62
4
100
AcDbPolyline
 90
5
 70
1
 10
470045.567
 20
4349639.688
 10
470045.567
 20
4349638.688
 10
470044.6205367545
 20
4349638.688
 10
470044.674073509
 20
4349639.688
 10
470045.567
 20
4349639.688
  0
TEXT
  5
55
330
17
100
AcDbEntity
  8
0
 62
4
100
AcDbText
 10
470044.9471525659
 20
4349639.118
 30
0.0
 40
0.1333
  1
0.99
  7
CN_TTF
 11
470044.9471525659
 21
4349639.118
 31
0.0
100
AcDbText
  0
LWPOLYLINE
  5
56
330
17
100
AcDbEntity
  8
爆区方格网
 62
4
100
AcDbPolyline
 90
5
 70
1
 10
470045.567
 20
4349640.688
 10
470045.567
 20
4349639.688
 10
470044.674073509
 20
4349639.688
 10
470044.72761026357
 20
4349640.688
 10
470045.567
 20
4349640.688
  0
TEXT
  5
57
330
17
100
AcDbEntity
  8
0
 62
4
100
AcDbText
 10
470044.97392094316
 20
4349640.118
 30
0.0
 40
0.1333
  1
0.99
  7
CN_TTF
 11
470044.97392094316
 21
4349640.118
 31
0.0
100
AcDbText
  0
LWPOLYLINE
  5
58
330
17
100
AcDbEntity
  8
爆区方格网
 62
4
100
AcDbPolyline
 90
6
 70
1
 10
470045.567
 20
4349641.688
 10
470045.567
 20
4349640.688
 10
470044.72761026357
 20
4349640.688
 10
470044.76
 20
4349641.293
 10
470045.1413895135
 20
4349641.688
 10
470045.567
 20
4349641.688
  0
TEXT
  5
59
330
17
100
AcDbEntity
  8
0
 62
4
100
AcDbText
 10
470044.99540256587
 20
4349640.920499999
 30
0.0
 40
0.1333
  1
0.99
  7
CN_TTF
 11
470044.99540256587
 21
4349640.920499999
 31
0.0
100
AcDbText
  0
LWPOLYLINE
  5
5A
330
17
100
AcDbEntity
  8
爆区方格网
 62
4
100
AcDbPolyline
 90
5
 70
1
 10
470045.567
 20
4349638.688
 10
470046.567
 20
4349638.688
 10
470046.567
 20
4349637.8600079175
 10
470045.567
 20
4349637.774003959
 10
470045.567
 20
4349638.688
  0
TEXT
  5
5B
330
17
100
AcDbEntity
  8
0
 62
4
100
AcDbText
 10
470045.907
 20
4349638.204003958
 30
0.0
 40
0.1333
  1
0.99
  7
CN_TTF
 11
470045.907
 21
4349638.204003958
 31
0.0
100
AcDbText
  0
LWPOLYLINE
  5
5C
330
17
100
AcDbEntity
  8
爆区方格网
 62
4
100
AcDbPolyline
 90
5
 70
1
 10
470045.567
 20
4349638.688
 10
470045.567
 20
4349639.688
 10
470046.567
 20
4349639.688
 10
470046.567
 20
4349638.688
 10
470045.567
 20
4349638.688
  0
TEXT
  5
5D
330
17
100
AcDbEntity
  8
0
 62
4
100
AcDbText
 10
470045.907
 20
4349639.118
 30
0.0
 40
0.1333
  1
0.99
  7
CN_TTF
 11
470045.907
 21
4349639.118
 31
0.0
100
AcDbText
  0
LWPOLYLINE
  5
5E
330
17
100
AcDbEntity
  8
爆区方格网
 62
4
100
AcDbPolyline
 90
5
 70
1
 10
470045.567
 20
4349639.688
 10
470045.567
 20
4349640.688
 10
470046.567
 20
4349640.688
 10
470046.567
 20
4349639.688
 10
470045.567
 20
4349639.688
  0
TEXT
  5
5F
330
17
100
AcDbEntity
  8
0
 62
4
100
AcDbText
 10
470045.907
 20
4349640.118
 30
0.0
 40
0.1333
  1
0.99
  7
CN_TTF
 11
470045.907
 21
4349640.118
 31
0.0
100
AcDbText
  0
LWPOLYLINE
  5
60
330
17
100
AcDbEntity
  8
爆区方格网
 62
4
100
AcDbPolyline
 90
5
 70
1
 10
470045.567
 20
4349640.688
 10
470045.567
 20
4349641.688
 10
470046.567
 20
4349641.688
 10
470046.567
 20
4349640.688
 10
470045.567
 20
4349640.688
  0
TEXT
  5
61
330
17
100
AcDbEntity
  8
0
 62
4
100
AcDbText
 10
470045.907
 20
4349641.118
 30
0.0
 40
0.1333
  1
0.99
  7
CN_TTF
 11
470045.907
 21
4349641.118
 31
0.0
100
AcDbText
  0
LWPOLYLINE
  5
62
330
17
100
AcDbEntity
  8
爆区方格网
 62
4
100
AcDbPolyline
 90
6
 70
1
 10
470046.567
 20
4349642.688
 10
470046.567
 20
4349641.688
 10
470045.567
 20
4349641.688
 10
470045.567
 20
4349642.128799069
 10
470046.1069325845
 20
4349642.688
 10
470046.567
 20
4349642.688
  0
TEXT
  5
63
330
17
100
AcDbEntity
  8
0
 62
4
100
AcDbText
 10
470046.04198314616
 20
4349642.338399534
 30
0.0
 40
0.1333
  1
0.99
  7
CN_TTF
 11
470046.04198314616
 21
4349642.338399534
 31
0.0
100
AcDbText
  0
LWPOLYLINE
  5
64
330
17
100
AcDbEntity
  8
爆区方格网
 62
4
100
AcDbPolyline
 90
5
 70
1
 10
470046.567
 20
4349638.688
 10
470047.567
 20
4349638.688
 10
470047.567
 20
4349637.946011877
 10
470046.567
 20
4349637.8600079175
 10
470046.567
 20
4349638.688
  0
TEXT
  5
65
330
17
100
AcDbEntity
  8
0
 62
4
100
AcDbText
 10
470046.907
 20
4349638.247005938
 30
0.0
 40
0.1333
  1
0.99
  7
CN_TTF
 11
470046.907
 21
4349638.247005938
 31
0.0
100
AcDbText
  0
LWPOLYLINE
  5
66
330
17
100
AcDbEntity
  8
爆区方格网
 62
4
100
AcDbPolyline
 90
5
 70
1
 10
470046.567
 20
4349638.688
 10
470046.567
 20
4349639.688
 10
470047.567
 20
4349639.688
 10
470047.567
 20
4349638.688
 10
470046.567
 20
4349638.688
  0
TEXT
  5
67
330
17
100
AcDbEntity
  8
0
 62
4
100
AcDbText
 10
470046.907
 20
4349639.118
 30
0.0
 40
0.1333
  1
0.99
  7
CN_TTF
 11
470046.907
 21
4349639.118
 31
0.0
100
AcDbText
  0
LWPOLYLINE
  5
68
330
17
100
AcDbEntity
  8
爆区方格网
 62
4
100
AcDbPolyline
 90
5
 70
1
 10
470046.567
 20
4349639.688
 10
470046.567
 20
4349640.688
 10
470047.567
 20
4349640.688
 10
470047.567
 20
4349639.688
 10
470046.567
 20
4349639.688
  0
TEXT
  5
69
330
17
100
AcDbEntity
  8
0
 62
4
100
AcDbText
 10
470046.907
 20
4349640.118
 30
0.0
 40
0.1333
  1
0.99
  7
CN_TTF
 11
470046.907
 21
4349640.118
 31
0.0
100
AcDbText
  0
LWPOLYLINE
  5
6A
330
17
100
AcDbEntity
  8
爆区方格网
 62
4
100
AcDbPolyline
 90
5
 70
1
 10
470046.567
 20
4349640.688
 10
470046.567
 20
4349641.688
 10
470047.567
 20
4349641.688
 10
470047.567
 20
4349640.688
 10
470046.567
 20
4349640.688
  0
TEXT
  5
6B
330
17
100
AcDbEntity
  8
0
 62
4
100
AcDbText
 10
470046.907
 20
4349641.118
 30
0.0
 40
0.1333
  1
0.99
  7
CN_TTF
 11
470046.907
 21
4349641.118
 31
0.0
100
AcDbText
  0
LWPOLYLINE
  5
6C
330
17
100
AcDbEntity
  8
爆区方格网
 62
4
100
AcDbPolyline
 90
5
 70
1
 10
470046.567
 20
4349641.688
 10
470046.567
 20
4349642.688
 10
470047.567
 20
4349642.688
 10
470047.567
 20
4349641.688
 10
470046.567
 20
4349641.688
  0
TEXT
  5
6D
330
17
100
AcDbEntity
  8
0
 62
4
100
AcDbText
 10
470046.907
 20
4349642.118
 30
0.0
 40
0.1333
  1
0.99
  7
CN_TTF
 11
470046.907
 21
4349642.118
 31
0.0
100
AcDbText
  0
LWPOLYLINE
  5
6E
330
17
100
AcDbEntity
  8
爆区方格网
 62
4
100
AcDbPolyline
 90
6
 70
1
 10
470047.567
 20
4349643.688
 10
470047.567
 20
4349642.688
 10
470046.567
 20
4349642.688
 10
470046.567
 20
4349643.164485647
 10
470047.0724756554
 20
4349643.688
 10
470047.567
 20
4349643.688
  0
TEXT
  5
6F
330
17
100
AcDbEntity
  8
0
 62
4
100
AcDbText
 10
470047.03336891386
 20
4349643.356242823
 30
0.0
 40
0.1333
  1
0.99
  7
CN_TTF
 11
470047.03336891386
 21
4349643.356242823
 31
0.0
100
AcDbText
  0
LWPOLYLINE
  5
70
330
17
100
AcDbEntity
  8
爆区方格网
 62
4
100
AcDbPolyline
 90
5
 70
1
 10
470047.567
 20
4349638.688
 10
470048.567
 20
4349638.688
 10
470048.567
 20
4349638.032015836
 10
470047.567
 20
4349637.946011877
 10
470047.567
 20
4349638.688
  0
TEXT
  5
71
330
17
100
AcDbEntity
  8
0
 62
4
100
AcDbText
 10
470047.907
 20
4349638.290007917
 30
0.0
 40
0.1333
  1
0.99
  7
CN_TTF
 11
470047.907
 21
4349638.290007917
 31
0.0
100
AcDbText
  0
LWPOLYLINE
  5
72
330
17
100
AcDbEntity
  8
爆区方格网
 62
4
100
AcDbPolyline
 90
5
 70
1
 10
470047.567
 20
4349638.688
 10
470047.567
 20
4349639.688
 10
470048.567
 20
4349639.688
 10
470048.567
 20
4349638.688
 10
470047.567
 20
4349638.688
  0
TEXT
  5
73
330
17
100
AcDbEntity
  8
0
 62
4
100
AcDbText
 10
470047.907
 20
4349639.118
 30
0.0
 40
0.1333
  1
0.99
  7
CN_TTF
 11
470047.907
 21
4349639.118
 31
0.0
100
AcDbText
  0
LWPOLYLINE
  5
74
330
17
100
AcDbEntity
  8
爆区方格网
 62
4
100
AcDbPolyline
 90
5
 70
1
 10
470047.567
 20
4349639.688
 10
470047.567
 20
4349640.688
 10
470048.567
 20
4349640.688
 10
470048.567
 20
4349639.688
 10
470047.567
 20
4349639.688
  0
TEXT
  5
75
330
17
100
AcDbEntity
  8
0
 62
4
100
AcDbText
 10
470047.907
 20
4349640.118
 30
0.0
 40
0.1333
  1
0.99
  7
CN_TTF
 11
470047.907
 21
4349640.118
 31
0.0
100
AcDbText
  0
LWPOLYLINE
  5
76
330
17
100
AcDbEntity
  8
爆区方格网
 62
4
100
AcDbPolyline
 90
5
 70
1
 10
470047.567
 20
4349640.688
 10
470047.567
 20
4349641.688
 10
470048.567
 20
4349641.688
 10
470048.567
 20
4349640.688
 10
470047.567
 20
4349640.688
  0
TEXT
  5
77
330
17
100
AcDbEntity
  8
0
 62
4
100
AcDbText
 10
470047.907
 20
4349641.118
 30
0.0
 40
0.1333
  1
0.99
  7
CN_TTF
 11
470047.907
 21
4349641.118
 31
0.0
100
AcDbText
  0
LWPOLYLINE
  5
78
330
17
100
AcDbEntity
  8
爆区方格网
 62
4
100
AcDbPolyline
 90
5
 70
1
 10
470047.567
 20
4349641.688
 10
470047.567
 20
4349642.688
 10
470048.567
 20
4349642.688
 10
470048.567
 20
4349641.688
 10
470047.567
 20
4349641.688
  0
TEXT
  5
79
330
17
100
AcDbEntity
  8
0
 62
4
100
AcDbText
 10
470047.907
 20
4349642.118
 30
0.0
 40
0.1333
  1
0.99
  7
CN_TTF
 11
470047.907
 21
4349642.118
 31
0.0
100
AcDbText
  0
LWPOLYLINE
  5
7A
330
17
100
AcDbEntity
  8
爆区方格网
 62
4
100
AcDbPolyline
 90
5
 70
1
 10
470047.567
 20
4349642.688
 10
470047.567
 20
4349643.688
 10
470048.567
 20
4349643.688
 10
470048.567
 20
4349642.688
 10
470047.567
 20
4349642.688
  0
TEXT
  5
7B
330
17
100
AcDbEntity
  8
0
 62
4
100
AcDbText
 10
470047.907
 20
4349643.118
 30
0.0
 40
0.1333
  1
0.99
  7
CN_TTF
 11
470047.907
 21
4349643.118
 31
0.0
100
AcDbText
  0
LWPOLYLINE
  5
7C
330
17
100
AcDbEntity
  8
爆区方格网
 62
4
100
AcDbPolyline
 90
6
 70
1
 10
470048.567
 20
4349644.688
 10
470048.567
 20
4349643.688
 10
470047.567
 20
4349643.688
 10
470047.567
 20
4349644.200172227
 10
470048.0380187264
 20
4349644.688
 10
470048.567
 20
4349644.688
  0
TEXT
  5
7D
330
17
100
AcDbEntity
  8
0
 62
4
100
AcDbText
 10
470047.907
 20
4349643.874086114
 30
0.0
 40
0.1333
  1
0.99
  7
CN_TTF
 11
470047.907
 21
4349643.874086114
 31
0.0
100
AcDbText
  0
LWPOLYLINE
  5
7E
330
17
100
AcDbEntity
  8
爆区方格网
 62
4
100
AcDbPolyline
 90
5
 70
1
 10
470048.567
 20
4349638.688
 10
470049.567
 20
4349638.688
 10
470049.567
 20
4349638.118019794
 10
470048.567
 20
4349638.032015836
 10
470048.567
 20
4349638.688
  0
TEXT
  5
7F
330
17
100
AcDbEntity
  8
0
 62
4
100
AcDbText
 10
470048.907
 20
4349638.333009897
 30
0.0
 40
0.1333
  1
0.99
  7
CN_TTF
 11
470048.907
 21
4349638.333009897
 31
0.0
100
AcDbText
  0
LWPOLYLINE
  5
80
330
17
100
AcDbEntity
  8
爆区方格网
 62
4
100
AcDbPolyline
 90
5
 70
1
 10
470048.567
 20
4349638.688
 10
470048.567
 20
4349639.688
 10
470049.567
 20
4349639.688
 10
470049.567
 20
4349638.688
 10
470048.567
 20
4349638.688
  0
TEXT
  5
81
330
17
100
AcDbEntity
  8
0
 62
4
100
AcDbText
 10
470048.907
 20
4349639.118
 30
0.0
 40
0.1333
  1
0.99
  7
CN_TTF
 11
470048.907
 21
4349639.118
 31
0.0
100
AcDbText
  0
LWPOLYLINE
  5
82
330
17
100
AcDbEntity
  8
爆区方格网
 62
4
100
AcDbPolyline
 90
5
 70
1
 10
470048.567
 20
4349639.688
 10
470048.567
 20
4349640.688
 10
470049.567
 20
4349640.688
 10
470049.567
 20
4349639.688
 10
470048.567
 20
4349639.688
  0
TEXT
  5
83
330
17
100
AcDbEntity
  8
0
 62
4
100
AcDbText
 10
470048.907
 20
4349640.118
 30
0.0
 40
0.1333
  1
0.99
  7
CN_TTF
 11
470048.907
 21
4349640.118
 31
0.0
100
AcDbText
  0
LWPOLYLINE
  5
84
330
17
100
AcDbEntity
  8
爆区方格网
 62
4
100
AcDbPolyline
 90
5
 70
1
 10
470048.567
 20
4349640.688
 10
470048.567
 20
4349641.688
 10
470049.567
 20
4349641.688
 10
470049.567
 20
4349640.688
 10
470048.567
 20
4349640.688
  0
TEXT
  5
85
330
17
100
AcDbEntity
  8
0
 62
4
100
AcDbText
 10
470048.907
 20
4349641.118
 30
0.0
 40
0.1333
  1
0.99
  7
CN_TTF
 11
470048.907
 21
4349641.118
 31
0.0
100
AcDbText
  0
LWPOLYLINE
  5
86
330
17
100
AcDbEntity
  8
爆区方格网
 62
4
100
AcDbPolyline
 90
5
 70
1
 10
470048.567
 20
4349641.688
 10
470048.567
 20
4349642.688
 10
470049.567
 20
4349642.688
 10
470049.567
 20
4349641.688
 10
470048.567
 20
4349641.688
  0
TEXT
  5
87
330
17
100
AcDbEntity
  8
0
 62
4
100
AcDbText
 10
470048.907
 20
4349642.118
 30
0.0
 40
0.1333
  1
0.99
  7
CN_TTF
 11
470048.907
 21
4349642.118
 31
0.0
100
AcDbText
  0
LWPOLYLINE
  5
88
330
17
100
AcDbEntity
  8
爆区方格网
 62
4
100
AcDbPolyline
 90
5
 70
1
 10
470048.567
 20
4349642.688
 10
470048.567
 20
4349643.688
 10
470049.567
 20
4349643.688
 10
470049.567
 20
4349642.688
 10
470048.567
 20
4349642.688
  0
TEXT
  5
89
330
17
100
AcDbEntity
  8
0
 62
4
100
AcDbText
 10
470048.907
 20
4349643.118
 30
0.0
 40
0.1333
  1
0.99
  7
CN_TTF
 11
470048.907
 21
4349643.118
 31
0.0
100
AcDbText
  0
LWPOLYLINE
  5
8A
330
17
100
AcDbEntity
  8
爆区方格网
 62
4
100
AcDbPolyline
 90
5
 70
1
 10
470048.567
 20
4349643.688
 10
470048.567
 20
4349644.688
 10
470049.567
 20
4349644.688
 10
470049.567
 20
4349643.688
 10
470048.567
 20
4349643.688
  0
TEXT
  5
8B
330
17
100
AcDbEntity
  8
0
 62
4
100
AcDbText
 10
470048.907
 20
4349644.118
 30
0.0
 40
0.1333
  1
0.99
  7
CN_TTF
 11
470048.907
 21
4349644.118
 31
0.0
100
AcDbText
  0
LWPOLYLINE
  5
8C
330
17
100
AcDbEntity
  8
爆区方格网
 62
4
100
AcDbPolyline
 90
6
 70
1
 10
470049.567
 20
4349644.688
 10
470048.567
 20
4349644.688
 10
470048.567
 20
4349645.2358588055
 10
470048.627
 20
4349645.298
 10
470049.567
 20
4349645.410954279
 10
470049.567
 20
4349644.688
  0
TEXT
  5
8D
330
17
100
AcDbEntity
  8
0
 62
4
100
AcDbText
 10
470048.907
 20
4349644.891929403
 30
0.0
 40
0.1333
  1
0.99
  7
CN_TTF
 11
470048.907
 21
4349644.891929403
 31
0.0
100
AcDbText
  0
LWPOLYLINE
  5
8E
330
17
100
AcDbEntity
  8
爆区方格网
 62
4
100
AcDbPolyline
 90
6
 70
1
 10
470049.567
 20
4349656.688
 10
470049.567
 20
4349655.688
 10
470049.31771211623
 20
4349655.688
 10
470049.125
 20
4349655.871
 10
470048.9727268601
 20
4349656.688
 10
470049.567
 20
4349656.688
  0
TEXT
  5
8F
330
17
100
AcDbEntity
  8
0
 62
4
100
AcDbText
 10
470049.14793171507
 20
4349656.2095
 30
0.0
 40
0.1333
  1
0.99
  7
CN_TTF
 11
470049.14793171507
 21
4349656.2095
 31
0.0
100
AcDbText
  0
LWPOLYLINE
  5
90
330
17
100
AcDbEntity
  8
爆区方格网
 62
4
100
AcDbPolyline
 90
5
 70
1
 10
470049.567
 20
4349657.688
 10
470049.567
 20
4349656.688
 10
470048.9727268601
 20
4349656.688
 10
470048.78634602774
 20
4349657.688
 10
470049.567
 20
4349657.688
  0
TEXT
  5
91
330
17
100
AcDbEntity
  8
0
 62
4
100
AcDbText
 10
470049.063268222
 20
4349657.118
 30
0.0
 40
0.1333
  1
0.99
  7
CN_TTF
 11
470049.063268222
 21
4349657.118
 31
0.0
100
AcDbText
  0
LWPOLYLINE
  5
92
330
17
100
AcDbEntity
  8
爆区方格网
 62
4
100
AcDbPolyline
 90
5
 70
1
 10
470049.567
 20
4349658.688
 10
470049.567
 20
4349657.688
 10
470048.78634602774
 20
4349657.688
 10
470048.59996519546
 20
4349658.688
 10
470049.567
 20
4349658.688
  0
TEXT
  5
93
330
17
100
AcDbEntity
  8
0
 62
4
100
AcDbText
 10
470048.97007780586
 20
4349658.118
 30
0.0
 40
0.1333
  1
0.99
  7
CN_TTF
 11
470048.97007780586
 21
4349658.118
 31
0.0
100
AcDbText
  0
LWPOLYLINE
  5
94
330
17
100
AcDbEntity
  8
爆区方格网
 62
4
100
AcDbPolyline
 90
6
 70
1
 10
470048.567
 20
4349659.688
 10
470049.567
 20
4349659.688
 10
470049.567
 20
4349658.688
 10
470048.59996519546
 20
4349658.688
 10
470048.567
 20
4349658.864870095
 10
470048.567
 20
4349659.688
  0
TEXT
  5
95
330
17
100
AcDbEntity
  8
0
 62
4
100
AcDbText
 10
470048.907
 20
4349659.206435047
 30
0.0
 40
0.1333
  1
0.99
  7
CN_TTF
 11
470048.907
 21
4349659.206435047
 31
0.0
100
AcDbText
  0
LWPOLYLINE
  5
96
330
17
100
AcDbEntity
  8
爆区方格网
 62
4
100
AcDbPolyline
 90
5
 70
1
 10
470049.567
 20
4349638.688
 10
470050.567
 20
4349638.688
 10
470050.567
 20
4349638.204023753
 10
470049.567
 20
4349638.118019794
 10
470049.567
 20
4349638.688
  0
TEXT
  5
97
330
17
100
AcDbEntity
  8
0
 62
4
100
AcDbText
 10
470049.907
 20
4349638.376011876
 30
0.0
 40
0.1333
  1
0.99
  7
CN_TTF
 11
470049.907
 21
4349638.376011876
 31
0.0
100
AcDbText
  0
LWPOLYLINE
  5
98
330
17
100
AcDbEntity
  8
爆区方格网
 62
4
100
AcDbPolyline
 90
5
 70
1
 10
470049.567
 20
4349638.688
 10
470049.567
 20
4349639.688
 10
470050.567
 20
4349639.688
 10
470050.567
 20
4349638.688
 10
470049.567
 20
4349638.688
  0
TEXT
  5
99
330
17
100
AcDbEntity
  8
0
 62
4
100
AcDbText
 10
470049.907
 20
4349639.118
 30
0.0
 40
0.1333
  1
0.99
  7
CN_TTF
 11
470049.907
 21
4349639.118
 31
0.0
100
AcDbText
  0
LWPOLYLINE
  5
9A
330
17
100
AcDbEntity
  8
爆区方格网
 62
4
100
AcDbPolyline
 90
5
 70
1
 10
470049.567
 20
4349639.688
 10
470049.567
 20
4349640.688
 10
470050.567
 20
4349640.688
 10
470050.567
 20
4349639.688
 10
470049.567
 20
4349639.688
  0
TEXT
  5
9B
330
17
100
AcDbEntity
  8
0
 62
4
100
AcDbText
 10
470049.907
 20
4349640.118
 30
0.0
 40
0.1333
  1
0.99
  7
CN_TTF
 11
470049.907
 21
4349640.118
 31
0.0
100
AcDbText
  0
LWPOLYLINE
  5
9C
330
17
100
AcDbEntity
  8
爆区方格网
 62
4
100
AcDbPolyline
 90
5
 70
1
 10
470049.567
 20
4349640.688
 10
470049.567
 20
4349641.688
 10
470050.567
 20
4349641.688
 10
470050.567
 20
4349640.688
 10
470049.567
 20
4349640.688
  0
TEXT
  5
9D
330
17
100
AcDbEntity
  8
0
 62
4
100
AcDbText
 10
470049.907
 20
4349641.118
 30
0.0
 40
0.1333
  1
0.99
  7
CN_TTF
 11
470049.907
 21
4349641.118
 31
0.0
100
AcDbText
  0
LWPOLYLINE
  5
9E
330
17
100
AcDbEntity
  8
爆区方格网
 62
4
100
AcDbPolyline
 90
5
 70
1
 10
470049.567
 20
4349641.688
 10
470049.567
 20
4349642.688
 10
470050.567
 20
4349642.688
 10
470050.567
 20
4349641.688
 10
470049.567
 20
4349641.688
  0
TEXT
  5
9F
330
17
100
AcDbEntity
  8
0
 62
4
100
AcDbText
 10
470049.907
 20
4349642.118
 30
0.0
 40
0.1333
  1
0.99
  7
CN_TTF
 11
470049.907
 21
4349642.118
 31
0.0
100
AcDbText
  0
LWPOLYLINE
  5
A0
330
17
100
AcDbEntity
  8
爆区方格网
 62
4
100
AcDbPolyline
 90
5
 70
1
 10
470049.567
 20
4349642.688
 10
470049.567
 20
4349643.688
 10
470050.567
 20
4349643.688
 10
470050.567
 20
4349642.688
 10
470049.567
 20
4349642.688
  0
TEXT
  5
A1
330
17
100
AcDbEntity
  8
0
 62
4
100
AcDbText
 10
470049.907
 20
4349643.118
 30
0.0
 40
0.1333
  1
0.99
  7
CN_TTF
 11
470049.907
 21
4349643.118
 31
0.0
100
AcDbText
  0
LWPOLYLINE
  5
A2
330
17
100
AcDbEntity
  8
爆区方格网
 62
4
100
AcDbPolyline
 90
5
 70
1
 10
470049.567
 20
4349643.688
 10
470049.567
 20
4349644.688
 10
470050.567
 20
4349644.688
 10
470050.567
 20
4349643.688
 10
470049.567
 20
4349643.688
  0
TEXT
  5
A3
330
17
100
AcDbEntity
  8
0
 62
4
100
AcDbText
 10
470049.907
 20
4349644.118
 30
0.0
 40
0.1333
  1
0.99
  7
CN_TTF
 11
470049.907
 21
4349644.118
 31
0.0
100
AcDbText
  0
LWPOLYLINE
  5
A4
330
17
100
AcDbEntity
  8
爆区方格网
 62
4
100
AcDbPolyline
 90
5
 70
1
 10
470050.567
 20
4349644.688
 10
470049.567
 20
4349644.688
 10
470049.567
 20
4349645.410954279
 10
470050.567
 20
4349645.531118406
 10
470050.567
 20
4349644.688
  0
TEXT
  5
A5
330
17
100
AcDbEntity
  8
0
 62
4
100
AcDbText
 10
470049.907
 20
4349644.979477139
 30
0.0
 40
0.1333
  1
0.99
  7
CN_TTF
 11
470049.907
 21
4349644.979477139
 31
0.0
100
AcDbText
  0
LWPOLYLINE
  5
A6
330
17
100
AcDbEntity
  8
爆区方格网
 62
4
100
AcDbPolyline
 90
6
 70
1
 10
470049.567
 20
4349655.688
 10
470050.567
 20
4349655.688
 10
470050.567
 20
4349654.688
 10
470050.37078378844
 20
4349654.688
 10
470049.567
 20
4349655.451275483
 10
470049.567
 20
4349655.688
  0
TEXT
  5
A7
330
17
100
AcDbEntity
  8
0
 62
4
100
AcDbText
 10
470050.1079459469
 20
4349654.999637742
 30
0.0
 40
0.1333
  1
0.99
  7
CN_TTF
 11
470050.1079459469
 21
4349654.999637742
 31
0.0
100
AcDbText
  0
LWPOLYLINE
  5
A8
330
17
100
AcDbEntity
  8
爆区方格网
 62
4
100
AcDbPolyline
 90
5
 70
1
 10
470049.567
 20
4349655.688
 10
470049.567
 20
4349656.688
 10
470050.567
 20
4349656.688
 10
470050.567
 20
4349655.688
 10
470049.567
 20
4349655.688
  0
TEXT
  5
A9
330
17
100
AcDbEntity
  8
0
 62
4
100
AcDbText
 10
470049.907
 20
4349656.118
 30
0.0
 40
0.1333
  1
0.99
  7
CN_TTF
 11
470049.907
 21
4349656.118
 31
0.0
100
AcDbText
  0
LWPOLYLINE
  5
AA
330
17
100
AcDbEntity
  8
爆区方格网
 62
4
100
AcDbPolyline
 90
5
 70
1
 10
470049.567
 20
4349656.688
 10
470049.567
 20
4349657.688
 10
470050.567
 20
4349657.688
 10
470050.567
 20
4349656.688
 10
470049.567
 20
4349656.688
  0
TEXT
  5
AB
330
17
100
AcDbEntity
  8
0
 62
4
100
AcDbText
 10
470049.907
 20
4349657.118
 30
0.0
 40
0.1333
  1
0.99
  7
CN_TTF
 11
470049.907
 21
4349657.118
 31
0.0
100
AcDbText
  0
LWPOLYLINE
  5
AC
330
17
100
AcDbEntity
  8
爆区方格网
 62
4
100
AcDbPolyline
 90
5
 70
1
 10
470049.567
 20
4349657.688
 10
470049.567
 20
4349658.688
 10
470050.567
 20
4349658.688
 10
470050.567
 20
4349657.688
 10
470049.567
 20
4349657.688
  0
TEXT
  5
AD
330
17
100
AcDbEntity
  8
0
 62
4
100
AcDbText
 10
470049.907
 20
4349658.118
 30
0.0
 40
0.1333
  1
0.99
  7
CN_TTF
 11
470049.907
 21
4349658.118
 31
0.0
100
AcDbText
  0
LWPOLYLINE
  5
AE
330
17
100
AcDbEntity
  8
爆区方格网
 62
4
100
AcDbPolyline
 90
5
 70
1
 10
470049.567
 20
4349658.688
 10
470049.567
 20
4349659.688
 10
470050.567
 20
4349659.688
 10
470050.567
 20
4349658.688
 10
470049.567
 20
4349658.688
  0
TEXT
  5
AF
330
17
100
AcDbEntity
  8
0
 62
4
100
AcDbText
 10
470049.907
 20
4349659.118
 30
0.0
 40
0.1333
  1
0.99
  7
CN_TTF
 11
470049.907
 21
4349659.118
 31
0.0
100
AcDbText
  0
LWPOLYLINE
  5
B0
330
17
100
AcDbEntity
  8
爆区方格网
 62
4
100
AcDbPolyline
 90
5
 70
1
 10
470050.567
 20
4349638.688
 10
470050.567
 20
4349639.688
 10
470051.567
 20
4349639.688
 10
470051.567
 20
4349638.688
 10
470050.567
 20
4349638.688
  0
TEXT
  5
B1
330
17
100
AcDbEntity
  8
0
 62
4
100
AcDbText
 10
470050.907
 20
4349639.118
 30
0.0
 40
0.1333
  1
0.99
  7
CN_TTF
 11
470050.907
 21
4349639.118
 31
0.0
100
AcDbText
  0
LWPOLYLINE
  5
B2
330
17
100
AcDbEntity
  8
爆区方格网
 62
4
100
AcDbPolyline
 90
5
 70
1
 10
470050.567
 20
4349639.688
 10
470050.567
 20
4349640.688
 10
470051.567
 20
4349640.688
 10
470051.567
 20
4349639.688
 10
470050.567
 20
4349639.688
  0
TEXT
  5
B3
330
17
100
AcDbEntity
  8
0
 62
4
100
AcDbText
 10
470050.907
 20
4349640.118
 30
0.0
 40
0.1333
  1
0.99
  7
CN_TTF
 11
470050.907
 21
4349640.118
 31
0.0
100
AcDbText
  0
LWPOLYLINE
  5
B4
330
17
100
AcDbEntity
  8
爆区方格网
 62
4
100
AcDbPolyline
 90
5
 70
1
 10
470050.567
 20
4349640.688
 10
470050.567
 20
4349641.688
 10
470051.567
 20
4349641.688
 10
470051.567
 20
4349640.688
 10
470050.567
 20
4349640.688
  0
TEXT
  5
B5
330
17
100
AcDbEntity
  8
0
 62
4
100
AcDbText
 10
470050.907
 20
4349641.118
 30
0.0
 40
0.1333
  1
0.99
  7
CN_TTF
 11
470050.907
 21
4349641.118
 31
0.0
100
AcDbText
  0
LWPOLYLINE
  5
B6
330
17
100
AcDbEntity
  8
爆区方格网
 62
4
100
AcDbPolyline
 90
5
 70
1
 10
470050.567
 20
4349641.688
 10
470050.567
 20
4349642.688
 10
470051.567
 20
4349642.688
 10
470051.567
 20
4349641.688
 10
470050.567
 20
4349641.688
  0
TEXT
  5
B7
330
17
100
AcDbEntity
  8
0
 62
4
100
AcDbText
 10
470050.907
 20
4349642.118
 30
0.0
 40
0.1333
  1
0.99
  7
CN_TTF
 11
470050.907
 21
4349642.118
 31
0.0
100
AcDbText
  0
LWPOLYLINE
  5
B8
330
17
100
AcDbEntity
  8
爆区方格网
 62
4
100
AcDbPolyline
 90
5
 70
1
 10
470050.567
 20
4349642.688
 10
470050.567
 20
4349643.688
 10
470051.567
 20
4349643.688
 10
470051.567
 20
4349642.688
 10
470050.567
 20
4349642.688
  0
TEXT
  5
B9
330
17
100
AcDbEntity
  8
0
 62
4
100
AcDbText
 10
470050.907
 20
4349643.118
 30
0.0
 40
0.1333
  1
0.99
  7
CN_TTF
 11
470050.907
 21
4349643.118
 31
0.0
100
AcDbText
  0
LWPOLYLINE
  5
BA
330
17
100
AcDbEntity
  8
爆区方格网
 62
4
100
AcDbPolyline
 90
5
 70
1
 10
470050.567
 20
4349643.688
 10
470050.567
 20
4349644.688
 10
470051.567
 20
4349644.688
 10
470051.567
 20
4349643.688
 10
470050.567
 20
4349643.688
  0
TEXT
  5
BB
330
17
100
AcDbEntity
  8
0
 62
4
100
AcDbText
 10
470050.907
 20
4349644.118
 30
0.0
 40
0.1333
  1
0.99
  7
CN_TTF
 11
470050.907
 21
4349644.118
 31
0.0
100
AcDbText
  0
LWPOLYLINE
  5
BC
330
17
100
AcDbEntity
  8
爆区方格网
 62
4
100
AcDbPolyline
 90
5
 70
1
 10
470051.567
 20
4349644.688
 10
470050.567
 20
4349644.688
 10
470050.567
 20
4349645.531118406
 10
470051.567
 20
4349645.651282532
 10
470051.567
 20
4349644.688
  0
TEXT
  5
BD
330
17
100
AcDbEntity
  8
0
 62
4
100
AcDbText
 10
470050.907
 20
4349645.039559202
 30
0.0
 40
0.1333
  1
0.99
  7
CN_TTF
 11
470050.907
 21
4349645.039559202
 31
0.0
100
AcDbText
  0
LWPOLYLINE
  5
BE
330
17
100
AcDbEntity
  8
爆区方格网
 62
4
100
AcDbPolyline
 90
6
 70
1
 10
470050.567
 20
4349654.688
 10
470051.567
 20
4349654.688
 10
470051.567
 20
4349653.688
 10
470051.42385546066
 20
4349653.688
 10
470050.567
 20
4349654.501672501
 10
470050.567
 20
4349654.688
  0
TEXT
  5
BF
330
17
100
AcDbEntity
  8
0
 62
4
100
AcDbText
 10
470051.1212138654
 20
4349654.02483625
 30
0.0
 40
0.1333
  1
0.99
  7
CN_TTF
 11
470051.1212138654
 21
4349654.02483625
 31
0.0
100
AcDbText
  0
LWPOLYLINE
  5
C0
330
17
100
AcDbEntity
  8
爆区方格网
 62
4
100
AcDbPolyline
 90
5
 70
1
 10
470050.567
 20
4349654.688
 10
470050.567
 20
4349655.688
 10
470051.567
 20
4349655.688
 10
470051.567
 20
4349654.688
 10
470050.567
 20
4349654.688
  0
TEXT
  5
C1
330
17
100
AcDbEntity
  8
0
 62
4
100
AcDbText
 10
470050.907
 20
4349655.118
 30
0.0
 40
0.1333
  1
0.99
  7
CN_TTF
 11
470050.907
 21
4349655.118
 31
0.0
100
AcDbText
  0
LWPOLYLINE
  5
C2
330
17
100
AcDbEntity
  8
爆区方格网
 62
4
100
AcDbPolyline
 90
5
 70
1
 10
470050.567
 20
4349655.688
 10
470050.567
 20
4349656.688
 10
470051.567
 20
4349656.688
 10
470051.567
 20
4349655.688
 10
470050.567
 20
4349655.688
  0
TEXT
  5
C3
330
17
100
AcDbEntity
  8
0
 62
4
100
AcDbText
 10
470050.907
 20
4349656.118
 30
0.0
 40
0.1333
  1
0.99
  7
CN_TTF
 11
470050.907
 21
4349656.118
 31
0.0
100
AcDbText
  0
LWPOLYLINE
  5
C4
330
17
100
AcDbEntity
  8
爆区方格网
 62
4
100
AcDbPolyline
 90
5
 70
1
 10
470050.567
 20
4349656.688
 10
470050.567
 20
4349657.688
 10
470051.567
 20
4349657.688
 10
470051.567
 20
4349656.688
 10
470050.567
 20
4349656.688
  0
TEXT
  5
C5
330
17
100
AcDbEntity
  8
0
 62
4
100
AcDbText
 10
470050.907
 20
4349657.118
 30
0.0
 40
0.1333
  1
0.99
  7
CN_TTF
 11
470050.907
 21
4349657.118
 31
0.0
100
AcDbText
  0
LWPOLYLINE
  5
C6
330
17
100
AcDbEntity
  8
爆区方格网
 62
4
100
AcDbPolyline
 90
5
 70
1
 10
470050.567
 20
4349657.688
 10
470050.567
 20
4349658.688
 10
470051.567
 20
4349658.688
 10
470051.567
 20
4349657.688
 10
470050.567
 20
4349657.688
  0
TEXT
  5
C7
330
17
100
AcDbEntity
  8
0
 62
4
100
AcDbText
 10
470050.907
 20
4349658.118
 30
0.0
 40
0.1333
  1
0.99
  7
CN_TTF
 11
470050.907
 21
4349658.118
 31
0.0
100
AcDbText
  0
LWPOLYLINE
  5
C8
330
17
100
AcDbEntity
  8
爆区方格网
 62
4
100
AcDbPolyline
 90
5
 70
1
 10
470050.567
 20
4349658.688
 10
470050.567
 20
4349659.688
 10
470051.567
 20
4349659.688
 10
470051.567
 20
4349658.688
 10
470050.567
 20
4349658.688
  0
TEXT
  5
C9
330
17
100
AcDbEntity
  8
0
 62
4
100
AcDbText
 10
470050.907
 20
4349659.118
 30
0.0
 40
0.1333
  1
0.99
  7
CN_TTF
 11
470050.907
 21
4349659.118
 31
0.0
100
AcDbText
  0
LWPOLYLINE
  5
CA
330
17
100
AcDbEntity
  8
爆区方格网
 62
4
100
AcDbPolyline
 90
5
 70
1
 10
470051.567
 20
4349659.688
 10
470050.567
 20
4349659.688
 10
470050.567
 20
4349660.2545270715
 10
470051.567
 20
4349660.446423941
 10
470051.567
 20
4349659.688
  0
TEXT
  5
CB
330
17
100
AcDbEntity
  8
0
 62
4
100
AcDbText
 10
470050.907
 20
4349659.901263535
 30
0.0
 40
0.1333
  1
0.99
  7
CN_TTF
 11
470050.907
 21
4349659.901263535
 31
0.0
100
AcDbText
  0
LWPOLYLINE
  5
CC
330
17
100
AcDbEntity
  8
爆区方格网
 62
4
100
AcDbPolyline
 90
5
 70
1
 10
470051.567
 20
4349638.688
 10
470051.567
 20
4349639.688
 10
470052.567
 20
4349639.688
 10
470052.567
 20
4349638.688
 10
470051.567
 20
4349638.688
  0
TEXT
  5
CD
330
17
100
AcDbEntity
  8
0
 62
4
100
AcDbText
 10
470051.907
 20
4349639.118
 30
0.0
 40
0.1333
  1
0.99
  7
CN_TTF
 11
470051.907
 21
4349639.118
 31
0.0
100
AcDbText
  0
LWPOLYLINE
  5
CE
330
17
100
AcDbEntity
  8
爆区方格网
 62
4
100
AcDbPolyline
 90
5
 70
1
 10
470051.567
 20
4349639.688
 10
470051.567
 20
4349640.688
 10
470052.567
 20
4349640.688
 10
470052.567
 20
4349639.688
 10
470051.567
 20
4349639.688
  0
TEXT
  5
CF
330
17
100
AcDbEntity
  8
0
 62
4
100
AcDbText
 10
470051.907
 20
4349640.118
 30
0.0
 40
0.1333
  1
0.99
  7
CN_TTF
 11
470051.907
 21
4349640.118
 31
0.0
100
AcDbText
  0
LWPOLYLINE
  5
D0
330
17
100
AcDbEntity
  8
爆区方格网
 62
4
100
AcDbPolyline
 90
5
 70
1
 10
470051.567
 20
4349640.688
 10
470051.567
 20
4349641.688
 10
470052.567
 20
4349641.688
 10
470052.567
 20
4349640.688
 10
470051.567
 20
4349640.688
  0
TEXT
  5
D1
330
17
100
AcDbEntity
  8
0
 62
4
100
AcDbText
 10
470051.907
 20
4349641.118
 30
0.0
 40
0.1333
  1
0.99
  7
CN_TTF
 11
470051.907
 21
4349641.118
 31
0.0
100
AcDbText
  0
LWPOLYLINE
  5
D2
330
17
100
AcDbEntity
  8
爆区方格网
 62
4
100
AcDbPolyline
 90
5
 70
1
 10
470051.567
 20
4349641.688
 10
470051.567
 20
4349642.688
 10
470052.567
 20
4349642.688
 10
470052.567
 20
4349641.688
 10
470051.567
 20
4349641.688
  0
TEXT
  5
D3
330
17
100
AcDbEntity
  8
0
 62
4
100
AcDbText
 10
470051.907
 20
4349642.118
 30
0.0
 40
0.1333
  1
0.99
  7
CN_TTF
 11
470051.907
 21
4349642.118
 31
0.0
100
AcDbText
  0
LWPOLYLINE
  5
D4
330
17
100
AcDbEntity
  8
爆区方格网
 62
4
100
AcDbPolyline
 90
5
 70
1
 10
470051.567
 20
4349642.688
 10
470051.567
 20
4349643.688
 10
470052.567
 20
4349643.688
 10
470052.567
 20
4349642.688
 10
470051.567
 20
4349642.688
  0
TEXT
  5
D5
330
17
100
AcDbEntity
  8
0
 62
4
100
AcDbText
 10
470051.907
 20
4349643.118
 30
0.0
 40
0.1333
  1
0.99
  7
CN_TTF
 11
470051.907
 21
4349643.118
 31
0.0
100
AcDbText
  0
LWPOLYLINE
  5
D6
330
17
100
AcDbEntity
  8
爆区方格网
 62
4
100
AcDbPolyline
 90
5
 70
1
 10
470051.567
 20
4349643.688
 10
470051.567
 20
4349644.688
 10
470052.567
 20
4349644.688
 10
470052.567
 20
4349643.688
 10
470051.567
 20
4349643.688
  0
TEXT
  5
D7
330
17
100
AcDbEntity
  8
0
 62
4
100
AcDbText
 10
470051.907
 20
4349644.118
 30
0.0
 40
0.1333
  1
0.99
  7
CN_TTF
 11
470051.907
 21
4349644.118
 31
0.0
100
AcDbText
  0
LWPOLYLINE
  5
D8
330
17
100
AcDbEntity
  8
爆区方格网
 62
4
100
AcDbPolyline
 90
7
 70
1
 10
470052.567
 20
4349644.688
 10
470051.567
 20
4349644.688
 10
470051.567
 20
4349645.651282532
 10
470051.872560979
 20
4349645.688
 10
470052.078734685
 20
4349645.688
 10
470052.567
 20
4349645.442237235
 10
470052.567
 20
4349644.688
  0
TEXT
  5
D9
330
17
100
AcDbEntity
  8
0
 62
4
100
AcDbText
 10
470051.907
 20
4349644.995118617
 30
0.0
 40
0.1333
  1
0.99
  7
CN_TTF
 11
470051.907
 21
4349644.995118617
 31
0.0
100
AcDbText
  0
LWPOLYLINE
  5
DA
330
17
100
AcDbEntity
  8
爆区方格网
 62
4
100
AcDbPolyline
 90
6
 70
1
 10
470051.567
 20
4349653.688
 10
470052.567
 20
4349653.688
 10
470052.567
 20
4349652.688
 10
470052.47692713287
 20
4349652.688
 10
470051.567
 20
4349653.552069519
 10
470051.567
 20
4349653.688
  0
TEXT
  5
DB
330
17
100
AcDbEntity
  8
0
 62
4
100
AcDbText
 10
470052.13448178297
 20
4349653.05003476
 30
0.0
 40
0.1333
  1
0.99
  7
CN_TTF
 11
470052.13448178297
 21
4349653.05003476
 31
0.0
100
AcDbText
  0
LWPOLYLINE
  5
DC
330
17
100
AcDbEntity
  8
爆区方格网
 62
4
100
AcDbPolyline
 90
5
 70
1
 10
470051.567
 20
4349653.688
 10
470051.567
 20
4349654.688
 10
470052.567
 20
4349654.688
 10
470052.567
 20
4349653.688
 10
470051.567
 20
4349653.688
  0
TEXT
  5
DD
330
17
100
AcDbEntity
  8
0
 62
4
100
AcDbText
 10
470051.907
 20
4349654.118
 30
0.0
 40
0.1333
  1
0.99
  7
CN_TTF
 11
470051.907
 21
4349654.118
 31
0.0
100
AcDbText
  0
LWPOLYLINE
  5
DE
330
17
100
AcDbEntity
  8
爆区方格网
 62
4
100
AcDbPolyline
 90
5
 70
1
 10
470051.567
 20
4349654.688
 10
470051.567
 20
4349655.688
 10
470052.567
 20
4349655.688
 10
470052.567
 20
4349654.688
 10
470051.567
 20
4349654.688
  0
TEXT
  5
DF
330
17
100
AcDbEntity
  8
0
 62
4
100
AcDbText
 10
470051.907
 20
4349655.118
 30
0.0
 40
0.1333
  1
0.99
  7
CN_TTF
 11
470051.907
 21
4349655.118
 31
0.0
100
AcDbText
  0
LWPOLYLINE
  5
E0
330
17
100
AcDbEntity
  8
爆区方格网
 62
4
100
AcDbPolyline
 90
5
 70
1
 10
470051.567
 20
4349655.688
 10
470051.567
 20
4349656.688
 10
470052.567
 20
4349656.688
 10
470052.567
 20
4349655.688
 10
470051.567
 20
4349655.688
  0
TEXT
  5
E1
330
17
100
AcDbEntity
  8
0
 62
4
100
AcDbText
 10
470051.907
 20
4349656.118
 30
0.0
 40
0.1333
  1
0.99
  7
CN_TTF
 11
470051.907
 21
4349656.118
 31
0.0
100
AcDbText
  0
LWPOLYLINE
  5
E2
330
17
100
AcDbEntity
  8
爆区方格网
 62
4
100
AcDbPolyline
 90
5
 70
1
 10
470051.567
 20
4349656.688
 10
470051.567
 20
4349657.688
 10
470052.567
 20
4349657.688
 10
470052.567
 20
4349656.688
 10
470051.567
 20
4349656.688
  0
TEXT
  5
E3
330
17
100
AcDbEntity
  8
0
 62
4
100
AcDbText
 10
470051.907
 20
4349657.118
 30
0.0
 40
0.1333
  1
0.99
  7
CN_TTF
 11
470051.907
 21
4349657.118
 31
0.0
100
AcDbText
  0
LWPOLYLINE
  5
E4
330
17
100
AcDbEntity
  8
爆区方格网
 62
4
100
AcDbPolyline
 90
5
 70
1
 10
470051.567
 20
4349657.688
 10
470051.567
 20
4349658.688
 10
470052.567
 20
4349658.688
 10
470052.567
 20
4349657.688
 10
470051.567
 20
4349657.688
  0
TEXT
  5
E5
330
17
100
AcDbEntity
  8
0
 62
4
100
AcDbText
 10
470051.907
 20
4349658.118
 30
0.0
 40
0.1333
  1
0.99
  7
CN_TTF
 11
470051.907
 21
4349658.118
 31
0.0
100
AcDbText
  0
LWPOLYLINE
  5
E6
330
17
100
AcDbEntity
  8
爆区方格网
 62
4
100
AcDbPolyline
 90
5
 70
1
 10
470051.567
 20
4349658.688
 10
470051.567
 20
4349659.688
 10
470052.567
 20
4349659.688
 10
470052.567
 20
4349658.688
 10
470051.567
 20
4349658.688
  0
TEXT
  5
E7
330
17
100
AcDbEntity
  8
0
 62
4
100
AcDbText
 10
470051.907
 20
4349659.118
 30
0.0
 40
0.1333
  1
0.99
  7
CN_TTF
 11
470051.907
 21
4349659.118
 31
0.0
100
AcDbText
  0
LWPOLYLINE
  5
E8
330
17
100
AcDbEntity
  8
爆区方格网
 62
4
100
AcDbPolyline
 90
5
 70
1
 10
470052.567
 20
4349659.688
 10
470051.567
 20
4349659.688
 10
470051.567
 20
4349660.446423941
 10
470052.567
 20
4349660.63832081
 10
470052.567
 20
4349659.688
  0
TEXT
  5
E9
330
17
100
AcDbEntity
  8
0
 62
4
100
AcDbText
 10
470051.907
 20
4349659.99721197
 30
0.0
 40
0.1333
  1
0.99
  7
CN_TTF
 11
470051.907
 21
4349659.99721197
 31
0.0
100
AcDbText
  0
LWPOLYLINE
  5
EA
330
17
100
AcDbEntity
  8
爆区方格网
 62
4
100
AcDbPolyline
 90
5
 70
1
 10
470052.567
 20
4349638.688
 10
470052.567
 20
4349639.688
 10
470053.567
 20
4349639.688
 10
470053.567
 20
4349638.688
 10
470052.567
 20
4349638.688
  0
TEXT
  5
EB
330
17
100
AcDbEntity
  8
0
 62
4
100
AcDbText
 10
470052.907
 20
4349639.118
 30
0.0
 40
0.1333
  1
0.99
  7
CN_TTF
 11
470052.907
 21
4349639.118
 31
0.0
100
AcDbText
  0
LWPOLYLINE
  5
EC
330
17
100
AcDbEntity
  8
爆区方格网
 62
4
100
AcDbPolyline
 90
5
 70
1
 10
470052.567
 20
4349639.688
 10
470052.567
 20
4349640.688
 10
470053.567
 20
4349640.688
 10
470053.567
 20
4349639.688
 10
470052.567
 20
4349639.688
  0
TEXT
  5
ED
330
17
100
AcDbEntity
  8
0
 62
4
100
AcDbText
 10
470052.907
 20
4349640.118
 30
0.0
 40
0.1333
  1
0.99
  7
CN_TTF
 11
470052.907
 21
4349640.118
 31
0.0
100
AcDbText
  0
LWPOLYLINE
  5
EE
330
17
100
AcDbEntity
  8
爆区方格网
 62
4
100
AcDbPolyline
 90
5
 70
1
 10
470052.567
 20
4349640.688
 10
470052.567
 20
4349641.688
 10
470053.567
 20
4349641.688
 10
470053.567
 20
4349640.688
 10
470052.567
 20
4349640.688
  0
TEXT
  5
EF
330
17
100
AcDbEntity
  8
0
 62
4
100
AcDbText
 10
470052.907
 20
4349641.118
 30
0.0
 40
0.1333
  1
0.99
  7
CN_TTF
 11
470052.907
 21
4349641.118
 31
0.0
100
AcDbText
  0
LWPOLYLINE
  5
F0
330
17
100
AcDbEntity
  8
爆区方格网
 62
4
100
AcDbPolyline
 90
5
 70
1
 10
470052.567
 20
4349641.688
 10
470052.567
 20
4349642.688
 10
470053.567
 20
4349642.688
 10
470053.567
 20
4349641.688
 10
470052.567
 20
4349641.688
  0
TEXT
  5
F1
330
17
100
AcDbEntity
  8
0
 62
4
100
AcDbText
 10
470052.907
 20
4349642.118
 30
0.0
 40
0.1333
  1
0.99
  7
CN_TTF
 11
470052.907
 21
4349642.118
 31
0.0
100
AcDbText
  0
LWPOLYLINE
  5
F2
330
17
100
AcDbEntity
  8
爆区方格网
 62
4
100
AcDbPolyline
 90
5
 70
1
 10
470052.567
 20
4349642.688
 10
470052.567
 20
4349643.688
 10
470053.567
 20
4349643.688
 10
470053.567
 20
4349642.688
 10
470052.567
 20
4349642.688
  0
TEXT
  5
F3
330
17
100
AcDbEntity
  8
0
 62
4
100
AcDbText
 10
470052.907
 20
4349643.118
 30
0.0
 40
0.1333
  1
0.99
  7
CN_TTF
 11
470052.907
 21
4349643.118
 31
0.0
100
AcDbText
  0
LWPOLYLINE
  5
F4
330
17
100
AcDbEntity
  8
爆区方格网
 62
4
100
AcDbPolyline
 90
5
 70
1
 10
470052.567
 20
4349643.688
 10
470052.567
 20
4349644.688
 10
470053.567
 20
4349644.688
 10
470053.567
 20
4349643.688
 10
470052.567
 20
4349643.688
  0
TEXT
  5
F5
330
17
100
AcDbEntity
  8
0
 62
4
100
AcDbText
 10
470052.907
 20
4349644.118
 30
0.0
 40
0.1333
  1
0.99
  7
CN_TTF
 11
470052.907
 21
4349644.118
 31
0.0
100
AcDbText
  0
LWPOLYLINE
  5
F6
330
17
100
AcDbEntity
  8
爆区方格网
 62
4
100
AcDbPolyline
 90
5
 70
1
 10
470053.567
 20
4349644.688
 10
470052.567
 20
4349644.688
 10
470052.567
 20
4349645.442237235
 10
470053.567
 20
4349644.938898664
 10
470053.567
 20
4349644.688
  0
TEXT
  5
F7
330
17
100
AcDbEntity
  8
0
 62
4
100
AcDbText
 10
470052.65699999954
 20
4349645.1205679495
 30
0.0
 40
0.1333
  1
0.99
  7
CN_TTF
 11
470052.65699999954
 21
4349645.1205679495
 31
0.0
100
AcDbText
  0
LWPOLYLINE
  5
F8
330
17
100
AcDbEntity
  8
爆区方格网
 62
4
100
AcDbPolyline
 90
6
 70
1
 10
470052.567
 20
4349652.688
 10
470053.567
 20
4349652.688
 10
470053.567
 20
4349651.688
 10
470053.52999880514
 20
4349651.688
 10
470052.567
 20
4349652.602466537
 10
470052.567
 20
4349652.688
  0
TEXT
  5
F9
330
17
100
AcDbEntity
  8
0
 62
4
100
AcDbText
 10
470053.1477497016
 20
4349652.075233268
 30
0.0
 40
0.1333
  1
0.99
  7
CN_TTF
 11
470053.1477497016
 21
4349652.075233268
 31
0.0
100
AcDbText
  0
LWPOLYLINE
  5
FA
330
17
100
AcDbEntity
  8
爆区方格网
 62
4
100
AcDbPolyline
 90
5
 70
1
 10
470052.567
 20
4349652.688
 10
470052.567
 20
4349653.688
 10
470053.567
 20
4349653.688
 10
470053.567
 20
4349652.688
 10
470052.567
 20
4349652.688
  0
TEXT
  5
FB
330
17
100
AcDbEntity
  8
0
 62
4
100
AcDbText
 10
470052.907
 20
4349653.118
 30
0.0
 40
0.1333
  1
0.99
  7
CN_TTF
 11
470052.907
 21
4349653.118
 31
0.0
100
AcDbText
  0
LWPOLYLINE
  5
FC
330
17
100
AcDbEntity
  8
爆区方格网
 62
4
100
AcDbPolyline
 90
5
 70
1
 10
470052.567
 20
4349653.688
 10
470052.567
 20
4349654.688
 10
470053.567
 20
4349654.688
 10
470053.567
 20
4349653.688
 10
470052.567
 20
4349653.688
  0
TEXT
  5
FD
330
17
100
AcDbEntity
  8
0
 62
4
100
AcDbText
 10
470052.907
 20
4349654.118
 30
0.0
 40
0.1333
  1
0.99
  7
CN_TTF
 11
470052.907
 21
4349654.118
 31
0.0
100
AcDbText
  0
LWPOLYLINE
  5
FE
330
17
100
AcDbEntity
  8
爆区方格网
 62
4
100
AcDbPolyline
 90
5
 70
1
 10
470052.567
 20
4349654.688
 10
470052.567
 20
4349655.688
 10
470053.567
 20
4349655.688
 10
470053.567
 20
4349654.688
 10
470052.567
 20
4349654.688
  0
TEXT
  5
FF
330
17
100
AcDbEntity
  8
0
 62
4
100
AcDbText
 10
470052.907
 20
4349655.118
 30
0.0
 40
0.1333
  1
0.99
  7
CN_TTF
 11
470052.907
 21
4349655.118
 31
0.0
100
AcDbText
  0
LWPOLYLINE
  5
100
330
17
100
AcDbEntity
  8
爆区方格网
 62
4
100
AcDbPolyline
 90
5
 70
1
 10
470052.567
 20
4349655.688
 10
470052.567
 20
4349656.688
 10
470053.567
 20
4349656.688
 10
470053.567
 20
4349655.688
 10
470052.567
 20
4349655.688
  0
TEXT
  5
101
330
17
100
AcDbEntity
  8
0
 62
4
100
AcDbText
 10
470052.907
 20
4349656.118
 30
0.0
 40
0.1333
  1
0.99
  7
CN_TTF
 11
470052.907
 21
4349656.118
 31
0.0
100
AcDbText
  0
LWPOLYLINE
  5
102
330
17
100
AcDbEntity
  8
爆区方格网
 62
4
100
AcDbPolyline
 90
5
 70
1
 10
470052.567
 20
4349656.688
 10
470052.567
 20
4349657.688
 10
470053.567
 20
4349657.688
 10
470053.567
 20
4349656.688
 10
470052.567
 20
4349656.688
  0
TEXT
  5
103
330
17
100
AcDbEntity
  8
0
 62
4
100
AcDbText
 10
470052.907
 20
4349657.118
 30
0.0
 40
0.1333
  1
0.99
  7
CN_TTF
 11
470052.907
 21
4349657.118
 31
0.0
100
AcDbText
  0
LWPOLYLINE
  5
104
330
17
100
AcDbEntity
  8
爆区方格网
 62
4
100
AcDbPolyline
 90
5
 70
1
 10
470052.567
 20
4349657.688
 10
470052.567
 20
4349658.688
 10
470053.567
 20
4349658.688
 10
470053.567
 20
4349657.688
 10
470052.567
 20
4349657.688
  0
TEXT
  5
105
330
17
100
AcDbEntity
  8
0
 62
4
100
AcDbText
 10
470052.907
 20
4349658.118
 30
0.0
 40
0.1333
  1
0.99
  7
CN_TTF
 11
470052.907
 21
4349658.118
 31
0.0
100
AcDbText
  0
LWPOLYLINE
  5
106
330
17
100
AcDbEntity
  8
爆区方格网
 62
4
100
AcDbPolyline
 90
5
 70
1
 10
470052.567
 20
4349658.688
 10
470052.567
 20
4349659.688
 10
470053.567
 20
4349659.688
 10
470053.567
 20
4349658.688
 10
470052.567
 20
4349658.688
  0
TEXT
  5
107
330
17
100
AcDbEntity
  8
0
 62
4
100
AcDbText
 10
470052.907
 20
4349659.118
 30
0.0
 40
0.1333
  1
0.99
  7
CN_TTF
 11
470052.907
 21
4349659.118
 31
0.0
100
AcDbText
  0
LWPOLYLINE
  5
108
330
17
100
AcDbEntity
  8
爆区方格网
 62
4
100
AcDbPolyline
 90
6
 70
1
 10
470053.567
 20
4349660.688
 10
470053.567
 20
4349659.688
 10
470052.567
 20
4349659.688
 10
470052.567
 20
4349660.63832081
 10
470052.825884839
 20
4349660.688
 10
470053.567
 20
4349660.688
  0
TEXT
  5
109
330
17
100
AcDbEntity
  8
0
 62
4
100
AcDbText
 10
470052.907
 20
4349660.093160405
 30
0.0
 40
0.1333
  1
0.99
  7
CN_TTF
 11
470052.907
 21
4349660.093160405
 31
0.0
100
AcDbText
  0
LWPOLYLINE
  5
10A
330
17
100
AcDbEntity
  8
爆区方格网
 62
4
100
AcDbPolyline
 90
5
 70
1
 10
470053.567
 20
4349638.688
 10
470053.567
 20
4349639.688
 10
470054.567
 20
4349639.688
 10
470054.567
 20
4349638.688
 10
470053.567
 20
4349638.688
  0
TEXT
  5
10B
330
17
100
AcDbEntity
  8
0
 62
4
100
AcDbText
 10
470053.907
 20
4349639.118
 30
0.0
 40
0.1333
  1
0.99
  7
CN_TTF
 11
470053.907
 21
4349639.118
 31
0.0
100
AcDbText
  0
LWPOLYLINE
  5
10C
330
17
100
AcDbEntity
  8
爆区方格网
 62
4
100
AcDbPolyline
 90
5
 70
1
 10
470053.567
 20
4349639.688
 10
470053.567
 20
4349640.688
 10
470054.567
 20
4349640.688
 10
470054.567
 20
4349639.688
 10
470053.567
 20
4349639.688
  0
TEXT
  5
10D
330
17
100
AcDbEntity
  8
0
 62
4
100
AcDbText
 10
470053.907
 20
4349640.118
 30
0.0
 40
0.1333
  1
0.99
  7
CN_TTF
 11
470053.907
 21
4349640.118
 31
0.0
100
AcDbText
  0
LWPOLYLINE
  5
10E
330
17
100
AcDbEntity
  8
爆区方格网
 62
4
100
AcDbPolyline
 90
5
 70
1
 10
470053.567
 20
4349640.688
 10
470053.567
 20
4349641.688
 10
470054.567
 20
4349641.688
 10
470054.567
 20
4349640.688
 10
470053.567
 20
4349640.688
  0
TEXT
  5
10F
330
17
100
AcDbEntity
  8
0
 62
4
100
AcDbText
 10
470053.907
 20
4349641.118
 30
0.0
 40
0.1333
  1
0.99
  7
CN_TTF
 11
470053.907
 21
4349641.118
 31
0.0
100
AcDbText
  0
LWPOLYLINE
  5
110
330
17
100
AcDbEntity
  8
爆区方格网
 62
4
100
AcDbPolyline
 90
5
 70
1
 10
470053.567
 20
4349641.688
 10
470053.567
 20
4349642.688
 10
470054.567
 20
4349642.688
 10
470054.567
 20
4349641.688
 10
470053.567
 20
4349641.688
  0
TEXT
  5
111
330
17
100
AcDbEntity
  8
0
 62
4
100
AcDbText
 10
470053.907
 20
4349642.118
 30
0.0
 40
0.1333
  1
0.99
  7
CN_TTF
 11
470053.907
 21
4349642.118
 31
0.0
100
AcDbText
  0
LWPOLYLINE
  5
112
330
17
100
AcDbEntity
  8
爆区方格网
 62
4
100
AcDbPolyline
 90
5
 70
1
 10
470053.567
 20
4349642.688
 10
470053.567
 20
4349643.688
 10
470054.567
 20
4349643.688
 10
470054.567
 20
4349642.688
 10
470053.567
 20
4349642.688
  0
TEXT
  5
113
330
17
100
AcDbEntity
  8
0
 62
4
100
AcDbText
 10
470053.907
 20
4349643.118
 30
0.0
 40
0.1333
  1
0.99
  7
CN_TTF
 11
470053.907
 21
4349643.118
 31
0.0
100
AcDbText
  0
LWPOLYLINE
  5
114
330
17
100
AcDbEntity
  8
爆区方格网
 62
4
100
AcDbPolyline
 90
6
 70
1
 10
470054.567
 20
4349643.688
 10
470053.567
 20
4349643.688
 10
470053.567
 20
4349644.688
 10
470054.0654689807
 20
4349644.688
 10
470054.567
 20
4349644.435560094
 10
470054.567
 20
4349643.688
  0
TEXT
  5
115
330
17
100
AcDbEntity
  8
0
 62
4
100
AcDbText
 10
470053.907
 20
4349643.991780046
 30
0.0
 40
0.1333
  1
0.99
  7
CN_TTF
 11
470053.907
 21
4349643.991780046
 31
0.0
100
AcDbText
  0
LWPOLYLINE
  5
116
330
17
100
AcDbEntity
  8
爆区方格网
 62
4
100
AcDbPolyline
 90
5
 70
1
 10
470053.567
 20
4349651.688
 10
470054.567
 20
4349651.688
 10
470054.567
 20
4349650.703260574
 10
470053.567
 20
4349651.652863555
 10
470053.567
 20
4349651.688
  0
TEXT
  5
117
330
17
100
AcDbEntity
  8
0
 62
4
100
AcDbText
 10
470054.1569999998
 20
4349651.108062064
 30
0.0
 40
0.1333
  1
0.99
  7
CN_TTF
 11
470054.1569999998
 21
4349651.108062064
 31
0.0
100
AcDbText
  0
LWPOLYLINE
  5
118
330
17
100
AcDbEntity
  8
爆区方格网
 62
4
100
AcDbPolyline
 90
5
 70
1
 10
470053.567
 20
4349651.688
 10
470053.567
 20
4349652.688
 10
470054.567
 20
4349652.688
 10
470054.567
 20
4349651.688
 10
470053.567
 20
4349651.688
  0
TEXT
  5
119
330
17
100
AcDbEntity
  8
0
 62
4
100
AcDbText
 10
470053.907
 20
4349652.118
 30
0.0
 40
0.1333
  1
0.99
  7
CN_TTF
 11
470053.907
 21
4349652.118
 31
0.0
100
AcDbText
  0
LWPOLYLINE
  5
11A
330
17
100
AcDbEntity
  8
爆区方格网
 62
4
100
AcDbPolyline
 90
5
 70
1
 10
470053.567
 20
4349652.688
 10
470053.567
 20
4349653.688
 10
470054.567
 20
4349653.688
 10
470054.567
 20
4349652.688
 10
470053.567
 20
4349652.688
  0
TEXT
  5
11B
330
17
100
AcDbEntity
  8
0
 62
4
100
AcDbText
 10
470053.907
 20
4349653.118
 30
0.0
 40
0.1333
  1
0.99
  7
CN_TTF
 11
470053.907
 21
4349653.118
 31
0.0
100
AcDbText
  0
LWPOLYLINE
  5
11C
330
17
100
AcDbEntity
  8
爆区方格网
 62
4
100
AcDbPolyline
 90
5
 70
1
 10
470053.567
 20
4349653.688
 10
470053.567
 20
4349654.688
 10
470054.567
 20
4349654.688
 10
470054.567
 20
4349653.688
 10
470053.567
 20
4349653.688
  0
TEXT
  5
11D
330
17
100
AcDbEntity
  8
0
 62
4
100
AcDbText
 10
470053.907
 20
4349654.118
 30
0.0
 40
0.1333
  1
0.99
  7
CN_TTF
 11
470053.907
 21
4349654.118
 31
0.0
100
AcDbText
  0
LWPOLYLINE
  5
11E
330
17
100
AcDbEntity
  8
爆区方格网
 62
4
100
AcDbPolyline
 90
5
 70
1
 10
470053.567
 20
4349654.688
 10
470053.567
 20
4349655.688
 10
470054.567
 20
4349655.688
 10
470054.567
 20
4349654.688
 10
470053.567
 20
4349654.688
  0
TEXT
  5
11F
330
17
100
AcDbEntity
  8
0
 62
4
100
AcDbText
 10
470053.907
 20
4349655.118
 30
0.0
 40
0.1333
  1
0.99
  7
CN_TTF
 11
470053.907
 21
4349655.118
 31
0.0
100
AcDbText
  0
LWPOLYLINE
  5
120
330
17
100
AcDbEntity
  8
爆区方格网
 62
4
100
AcDbPolyline
 90
5
 70
1
 10
470053.567
 20
4349655.688
 10
470053.567
 20
4349656.688
 10
470054.567
 20
4349656.688
 10
470054.567
 20
4349655.688
 10
470053.567
 20
4349655.688
  0
TEXT
  5
121
330
17
100
AcDbEntity
  8
0
 62
4
100
AcDbText
 10
470053.907
 20
4349656.118
 30
0.0
 40
0.1333
  1
0.99
  7
CN_TTF
 11
470053.907
 21
4349656.118
 31
0.0
100
AcDbText
  0
LWPOLYLINE
  5
122
330
17
100
AcDbEntity
  8
爆区方格网
 62
4
100
AcDbPolyline
 90
5
 70
1
 10
470053.567
 20
4349656.688
 10
470053.567
 20
4349657.688
 10
470054.567
 20
4349657.688
 10
470054.567
 20
4349656.688
 10
470053.567
 20
4349656.688
  0
TEXT
  5
123
330
17
100
AcDbEntity
  8
0
 62
4
100
AcDbText
 10
470053.907
 20
4349657.118
 30
0.0
 40
0.1333
  1
0.99
  7
CN_TTF
 11
470053.907
 21
4349657.118
 31
0.0
100
AcDbText
  0
LWPOLYLINE
  5
124
330
17
100
AcDbEntity
  8
爆区方格网
 62
4
100
AcDbPolyline
 90
5
 70
1
 10
470053.567
 20
4349657.688
 10
470053.567
 20
4349658.688
 10
470054.567
 20
4349658.688
 10
470054.567
 20
4349657.688
 10
470053.567
 20
4349657.688
  0
TEXT
  5
125
330
17
100
AcDbEntity
  8
0
 62
4
100
AcDbText
 10
470053.907
 20
4349658.118
 30
0.0
 40
0.1333
  1
0.99
  7
CN_TTF
 11
470053.907
 21
4349658.118
 31
0.0
100
AcDbText
  0
LWPOLYLINE
  5
126
330
17
100
AcDbEntity
  8
爆区方格网
 62
4
100
AcDbPolyline
 90
6
 70
1
 10
470054.567
 20
4349658.688
 10
470053.567
 20
4349658.688
 10
470053.567
 20
4349659.688
 10
470054.46377666807
 20
4349659.688
 10
470054.567
 20
4349659.49837328
 10
470054.567
 20
4349658.688
  0
TEXT
  5
127
330
17
100
AcDbEntity
  8
0
 62
4
100
AcDbText
 10
470053.907
 20
4349659.02318664
 30
0.0
 40
0.1333
  1
0.99
  7
CN_TTF
 11
470053.907
 21
4349659.02318664
 31
0.0
100
AcDbText
  0
LWPOLYLINE
  5
128
330
17
100
AcDbEntity
  8
爆区方格网
 62
4
100
AcDbPolyline
 90
5
 70
1
 10
470053.567
 20
4349659.688
 10
470053.567
 20
4349660.688
 10
470053.9194265266
 20
4349660.688
 10
470054.46377666807
 20
4349659.688
 10
470053.567
 20
4349659.688
  0
TEXT
  5
129
330
17
100
AcDbEntity
  8
0
 62
4
100
AcDbText
 10
470053.71930079866
 20
4349660.118
 30
0.0
 40
0.1333
  1
0.99
  7
CN_TTF
 11
470053.71930079866
 21
4349660.118
 31
0.0
100
AcDbText
  0
LWPOLYLINE
  5
12A
330
17
100
AcDbEntity
  8
爆区方格网
 62
4
100
AcDbPolyline
 90
5
 70
1
 10
470054.567
 20
4349638.688
 10
470054.567
 20
4349639.688
 10
470055.567
 20
4349639.688
 10
470055.567
 20
4349638.688
 10
470054.567
 20
4349638.688
  0
TEXT
  5
12B
330
17
100
AcDbEntity
  8
0
 62
4
100
AcDbText
 10
470054.907
 20
4349639.118
 30
0.0
 40
0.1333
  1
0.99
  7
CN_TTF
 11
470054.907
 21
4349639.118
 31
0.0
100
AcDbText
  0
LWPOLYLINE
  5
12C
330
17
100
AcDbEntity
  8
爆区方格网
 62
4
100
AcDbPolyline
 90
5
 70
1
 10
470054.567
 20
4349639.688
 10
470054.567
 20
4349640.688
 10
470055.567
 20
4349640.688
 10
470055.567
 20
4349639.688
 10
470054.567
 20
4349639.688
  0
TEXT
  5
12D
330
17
100
AcDbEntity
  8
0
 62
4
100
AcDbText
 10
470054.907
 20
4349640.118
 30
0.0
 40
0.1333
  1
0.99
  7
CN_TTF
 11
470054.907
 21
4349640.118
 31
0.0
100
AcDbText
  0
LWPOLYLINE
  5
12E
330
17
100
AcDbEntity
  8
爆区方格网
 62
4
100
AcDbPolyline
 90
5
 70
1
 10
470054.567
 20
4349640.688
 10
470054.567
 20
4349641.688
 10
470055.567
 20
4349641.688
 10
470055.567
 20
4349640.688
 10
470054.567
 20
4349640.688
  0
TEXT
  5
12F
330
17
100
AcDbEntity
  8
0
 62
4
100
AcDbText
 10
470054.907
 20
4349641.118
 30
0.0
 40
0.1333
  1
0.99
  7
CN_TTF
 11
470054.907
 21
4349641.118
 31
0.0
100
AcDbText
  0
LWPOLYLINE
  5
130
330
17
100
AcDbEntity
  8
爆区方格网
 62
4
100
AcDbPolyline
 90
5
 70
1
 10
470054.567
 20
4349641.688
 10
470054.567
 20
4349642.688
 10
470055.567
 20
4349642.688
 10
470055.567
 20
4349641.688
 10
470054.567
 20
4349641.688
  0
TEXT
  5
131
330
17
100
AcDbEntity
  8
0
 62
4
100
AcDbText
 10
470054.907
 20
4349642.118
 30
0.0
 40
0.1333
  1
0.99
  7
CN_TTF
 11
470054.907
 21
4349642.118
 31
0.0
100
AcDbText
  0
LWPOLYLINE
  5
132
330
17
100
AcDbEntity
  8
爆区方格网
 62
4
100
AcDbPolyline
 90
5
 70
1
 10
470054.567
 20
4349642.688
 10
470054.567
 20
4349643.688
 10
470055.567
 20
4349643.688
 10
470055.567
 20
4349642.688
 10
470054.567
 20
4349642.688
  0
TEXT
  5
133
330
17
100
AcDbEntity
  8
0
 62
4
100
AcDbText
 10
470054.907
 20
4349643.118
 30
0.0
 40
0.1333
  1
0.99
  7
CN_TTF
 11
470054.907
 21
4349643.118
 31
0.0
100
AcDbText
  0
LWPOLYLINE
  5
134
330
17
100
AcDbEntity
  8
爆区方格网
 62
4
100
AcDbPolyline
 90
6
 70
1
 10
470054.567
 20
4349651.688
 10
470055.567
 20
4349651.688
 10
470055.567
 20
4349650.688
 10
470054.58307047735
 20
4349650.688
 10
470054.567
 20
4349650.703260574
 10
470054.567
 20
4349651.688
  0
TEXT
  5
135
330
17
100
AcDbEntity
  8
0
 62
4
100
AcDbText
 10
470054.907
 20
4349651.1256302865
 30
0.0
 40
0.1333
  1
0.99
  7
CN_TTF
 11
470054.907
 21
4349651.1256302865
 31
0.0
100
AcDbText
  0
LWPOLYLINE
  5
136
330
17
100
AcDbEntity
  8
爆区方格网
 62
4
100
AcDbPolyline
 90
5
 70
1
 10
470054.567
 20
4349651.688
 10
470054.567
 20
4349652.688
 10
470055.567
 20
4349652.688
 10
470055.567
 20
4349651.688
 10
470054.567
 20
4349651.688
  0
TEXT
  5
137
330
17
100
AcDbEntity
  8
0
 62
4
100
AcDbText
 10
470054.907
 20
4349652.118
 30
0.0
 40
0.1333
  1
0.99
  7
CN_TTF
 11
470054.907
 21
4349652.118
 31
0.0
100
AcDbText
  0
LWPOLYLINE
  5
138
330
17
100
AcDbEntity
  8
爆区方格网
 62
4
100
AcDbPolyline
 90
5
 70
1
 10
470054.567
 20
4349652.688
 10
470054.567
 20
4349653.688
 10
470055.567
 20
4349653.688
 10
470055.567
 20
4349652.688
 10
470054.567
 20
4349652.688
  0
TEXT
  5
139
330
17
100
AcDbEntity
  8
0
 62
4
100
AcDbText
 10
470054.907
 20
4349653.118
 30
0.0
 40
0.1333
  1
0.99
  7
CN_TTF
 11
470054.907
 21
4349653.118
 31
0.0
100
AcDbText
  0
LWPOLYLINE
  5
13A
330
17
100
AcDbEntity
  8
爆区方格网
 62
4
100
AcDbPolyline
 90
5
 70
1
 10
470054.567
 20
4349653.688
 10
470054.567
 20
4349654.688
 10
470055.567
 20
4349654.688
 10
470055.567
 20
4349653.688
 10
470054.567
 20
4349653.688
  0
TEXT
  5
13B
330
17
100
AcDbEntity
  8
0
 62
4
100
AcDbText
 10
470054.907
 20
4349654.118
 30
0.0
 40
0.1333
  1
0.99
  7
CN_TTF
 11
470054.907
 21
4349654.118
 31
0.0
100
AcDbText
  0
LWPOLYLINE
  5
13C
330
17
100
AcDbEntity
  8
爆区方格网
 62
4
100
AcDbPolyline
 90
5
 70
1
 10
470054.567
 20
4349654.688
 10
470054.567
 20
4349655.688
 10
470055.567
 20
4349655.688
 10
470055.567
 20
4349654.688
 10
470054.567
 20
4349654.688
  0
TEXT
  5
13D
330
17
100
AcDbEntity
  8
0
 62
4
100
AcDbText
 10
470054.907
 20
4349655.118
 30
0.0
 40
0.1333
  1
0.99
  7
CN_TTF
 11
470054.907
 21
4349655.118
 31
0.0
100
AcDbText
  0
LWPOLYLINE
  5
13E
330
17
100
AcDbEntity
  8
爆区方格网
 62
4
100
AcDbPolyline
 90
5
 70
1
 10
470054.567
 20
4349655.688
 10
470054.567
 20
4349656.688
 10
470055.567
 20
4349656.688
 10
470055.567
 20
4349655.688
 10
470054.567
 20
4349655.688
  0
TEXT
  5
13F
330
17
100
AcDbEntity
  8
0
 62
4
100
AcDbText
 10
470054.907
 20
4349656.118
 30
0.0
 40
0.1333
  1
0.99
  7
CN_TTF
 11
470054.907
 21
4349656.118
 31
0.0
100
AcDbText
  0
LWPOLYLINE
  5
140
330
17
100
AcDbEntity
  8
爆区方格网
 62
4
100
AcDbPolyline
 90
6
 70
1
 10
470055.567
 20
4349656.688
 10
470054.567
 20
4349656.688
 10
470054.567
 20
4349657.688
 10
470055.55247695104
 20
4349657.688
 10
470055.567
 20
4349657.661320391
 10
470055.567
 20
4349656.688
  0
TEXT
  5
141
330
17
100
AcDbEntity
  8
0
 62
4
100
AcDbText
 10
470054.907
 20
4349657.104660195
 30
0.0
 40
0.1333
  1
0.99
  7
CN_TTF
 11
470054.907
 21
4349657.104660195
 31
0.0
100
AcDbText
  0
LWPOLYLINE
  5
142
330
17
100
AcDbEntity
  8
爆区方格网
 62
4
100
AcDbPolyline
 90
5
 70
1
 10
470054.567
 20
4349657.688
 10
470054.567
 20
4349658.688
 10
470055.00812680955
 20
4349658.688
 10
470055.55247695104
 20
4349657.688
 10
470054.567
 20
4349657.688
  0
TEXT
  5
143
330
17
100
AcDbEntity
  8
0
 62
4
100
AcDbText
 10
470054.7636509402
 20
4349658.118
 30
0.0
 40
0.1333
  1
0.99
  7
CN_TTF
 11
470054.7636509402
 21
4349658.118
 31
0.0
100
AcDbText
  0
LWPOLYLINE
  5
144
330
17
100
AcDbEntity
  8
爆区方格网
 62
4
100
AcDbPolyline
 90
6
 70
1
 10
470055.567
 20
4349638.688
 10
470055.567
 20
4349639.688
 10
470056.567
 20
4349639.688
 10
470056.567
 20
4349638.7200475065
 10
470056.1943717298
 20
4349638.688
 10
470055.567
 20
4349638.688
  0
TEXT
  5
145
330
17
100
AcDbEntity
  8
0
 62
4
100
AcDbText
 10
470055.907
 20
4349639.134023753
 30
0.0
 40
0.1333
  1
0.99
  7
CN_TTF
 11
470055.907
 21
4349639.134023753
 31
0.0
100
AcDbText
  0
LWPOLYLINE
  5
146
330
17
100
AcDbEntity
  8
爆区方格网
 62
4
100
AcDbPolyline
 90
5
 70
1
 10
470055.567
 20
4349639.688
 10
470055.567
 20
4349640.688
 10
470056.567
 20
4349640.688
 10
470056.567
 20
4349639.688
 10
470055.567
 20
4349639.688
  0
TEXT
  5
147
330
17
100
AcDbEntity
  8
0
 62
4
100
AcDbText
 10
470055.907
 20
4349640.118
 30
0.0
 40
0.1333
  1
0.99
  7
CN_TTF
 11
470055.907
 21
4349640.118
 31
0.0
100
AcDbText
  0
LWPOLYLINE
  5
148
330
17
100
AcDbEntity
  8
爆区方格网
 62
4
100
AcDbPolyline
 90
5
 70
1
 10
470055.567
 20
4349640.688
 10
470055.567
 20
4349641.688
 10
470056.567
 20
4349641.688
 10
470056.567
 20
4349640.688
 10
470055.567
 20
4349640.688
  0
TEXT
  5
149
330
17
100
AcDbEntity
  8
0
 62
4
100
AcDbText
 10
470055.907
 20
4349641.118
 30
0.0
 40
0.1333
  1
0.99
  7
CN_TTF
 11
470055.907
 21
4349641.118
 31
0.0
100
AcDbText
  0
LWPOLYLINE
  5
14A
330
17
100
AcDbEntity
  8
爆区方格网
 62
4
100
AcDbPolyline
 90
5
 70
1
 10
470055.567
 20
4349641.688
 10
470055.567
 20
4349642.688
 10
470056.567
 20
4349642.688
 10
470056.567
 20
4349641.688
 10
470055.567
 20
4349641.688
  0
TEXT
  5
14B
330
17
100
AcDbEntity
  8
0
 62
4
100
AcDbText
 10
470055.907
 20
4349642.118
 30
0.0
 40
0.1333
  1
0.99
  7
CN_TTF
 11
470055.907
 21
4349642.118
 31
0.0
100
AcDbText
  0
LWPOLYLINE
  5
14C
330
17
100
AcDbEntity
  8
爆区方格网
 62
4
100
AcDbPolyline
 90
6
 70
1
 10
470056.567
 20
4349642.688
 10
470055.567
 20
4349642.688
 10
470055.567
 20
4349643.688
 10
470056.05220327637
 20
4349643.688
 10
470056.567
 20
4349643.428882953
 10
470056.567
 20
4349642.688
  0
TEXT
  5
14D
330
17
100
AcDbEntity
  8
0
 62
4
100
AcDbText
 10
470055.907
 20
4349642.988441477
 30
0.0
 40
0.1333
  1
0.99
  7
CN_TTF
 11
470055.907
 21
4349642.988441477
 31
0.0
100
AcDbText
  0
LWPOLYLINE
  5
14E
330
17
100
AcDbEntity
  8
爆区方格网
 62
4
100
AcDbPolyline
 90
5
 70
1
 10
470055.567
 20
4349650.688
 10
470056.567
 20
4349650.688
 10
470056.567
 20
4349650.286423174
 10
470055.567
 20
4349650.069725161
 10
470055.567
 20
4349650.688
  0
TEXT
  5
14F
330
17
100
AcDbEntity
  8
0
 62
4
100
AcDbText
 10
470055.907
 20
4349650.417211587
 30
0.0
 40
0.1333
  1
0.99
  7
CN_TTF
 11
470055.907
 21
4349650.417211587
 31
0.0
100
AcDbText
  0
LWPOLYLINE
  5
150
330
17
100
AcDbEntity
  8
爆区方格网
 62
4
100
AcDbPolyline
 90
5
 70
1
 10
470055.567
 20
4349650.688
 10
470055.567
 20
4349651.688
 10
470056.567
 20
4349651.688
 10
470056.567
 20
4349650.688
 10
470055.567
 20
4349650.688
  0
TEXT
  5
151
330
17
100
AcDbEntity
  8
0
 62
4
100
AcDbText
 10
470055.907
 20
4349651.118
 30
0.0
 40
0.1333
  1
0.99
  7
CN_TTF
 11
470055.907
 21
4349651.118
 31
0.0
100
AcDbText
  0
LWPOLYLINE
  5
152
330
17
100
AcDbEntity
  8
爆区方格网
 62
4
100
AcDbPolyline
 90
5
 70
1
 10
470055.567
 20
4349651.688
 10
470055.567
 20
4349652.688
 10
470056.567
 20
4349652.688
 10
470056.567
 20
4349651.688
 10
470055.567
 20
4349651.688
  0
TEXT
  5
153
330
17
100
AcDbEntity
  8
0
 62
4
100
AcDbText
 10
470055.907
 20
4349652.118
 30
0.0
 40
0.1333
  1
0.99
  7
CN_TTF
 11
470055.907
 21
4349652.118
 31
0.0
100
AcDbText
  0
LWPOLYLINE
  5
154
330
17
100
AcDbEntity
  8
爆区方格网
 62
4
100
AcDbPolyline
 90
5
 70
1
 10
470055.567
 20
4349652.688
 10
470055.567
 20
4349653.688
 10
470056.567
 20
4349653.688
 10
470056.567
 20
4349652.688
 10
470055.567
 20
4349652.688
  0
TEXT
  5
155
330
17
100
AcDbEntity
  8
0
 62
4
100
AcDbText
 10
470055.907
 20
4349653.118
 30
0.0
 40
0.1333
  1
0.99
  7
CN_TTF
 11
470055.907
 21
4349653.118
 31
0.0
100
AcDbText
  0
LWPOLYLINE
  5
156
330
17
100
AcDbEntity
  8
爆区方格网
 62
4
100
AcDbPolyline
 90
5
 70
1
 10
470055.567
 20
4349653.688
 10
470055.567
 20
4349654.688
 10
470056.567
 20
4349654.688
 10
470056.567
 20
4349653.688
 10
470055.567
 20
4349653.688
  0
TEXT
  5
157
330
17
100
AcDbEntity
  8
0
 62
4
100
AcDbText
 10
470055.907
 20
4349654.118
 30
0.0
 40
0.1333
  1
0.99
  7
CN_TTF
 11
470055.907
 21
4349654.118
 31
0.0
100
AcDbText
  0
LWPOLYLINE
  5
158
330
17
100
AcDbEntity
  8
爆区方格网
 62
4
100
AcDbPolyline
 90
5
 70
1
 10
470055.567
 20
4349654.688
 10
470055.567
 20
4349655.688
 10
470056.567
 20
4349655.688
 10
470056.567
 20
4349654.688
 10
470055.567
 20
4349654.688
  0
TEXT
  5
159
330
17
100
AcDbEntity
  8
0
 62
4
100
AcDbText
 10
470055.907
 20
4349655.118
 30
0.0
 40
0.1333
  1
0.99
  7
CN_TTF
 11
470055.907
 21
4349655.118
 31
0.0
100
AcDbText
  0
LWPOLYLINE
  5
15A
330
17
100
AcDbEntity
  8
爆区方格网
 62
4
100
AcDbPolyline
 90
6
 70
1
 10
470056.567
 20
4349655.688
 10
470055.567
 20
4349655.688
 10
470055.567
 20
4349656.688
 10
470056.0968270926
 20
4349656.688
 10
470056.567
 20
4349655.824267502
 10
470056.567
 20
4349655.688
  0
TEXT
  5
15B
330
17
100
AcDbEntity
  8
0
 62
4
100
AcDbText
 10
470055.78945677314
 20
4349656.186133751
 30
0.0
 40
0.1333
  1
0.99
  7
CN_TTF
 11
470055.78945677314
 21
4349656.186133751
 31
0.0
100
AcDbText
  0
LWPOLYLINE
  5
15C
330
17
100
AcDbEntity
  8
爆区方格网
 62
4
100
AcDbPolyline
 90
5
 70
1
 10
470056.567
 20
4349639.688
 10
470057.567
 20
4349639.688
 10
470057.567
 20
4349638.806051466
 10
470056.567
 20
4349638.7200475065
 10
470056.567
 20
4349639.688
  0
TEXT
  5
15D
330
17
100
AcDbEntity
  8
0
 62
4
100
AcDbText
 10
470056.907
 20
4349639.177025733
 30
0.0
 40
0.1333
  1
0.99
  7
CN_TTF
 11
470056.907
 21
4349639.177025733
 31
0.0
100
AcDbText
  0
LWPOLYLINE
  5
15E
330
17
100
AcDbEntity
  8
爆区方格网
 62
4
100
AcDbPolyline
 90
5
 70
1
 10
470056.567
 20
4349639.688
 10
470056.567
 20
4349640.688
 10
470057.567
 20
4349640.688
 10
470057.567
 20
4349639.688
 10
470056.567
 20
4349639.688
  0
TEXT
  5
15F
330
17
100
AcDbEntity
  8
0
 62
4
100
AcDbText
 10
470056.907
 20
4349640.118
 30
0.0
 40
0.1333
  1
0.99
  7
CN_TTF
 11
470056.907
 21
4349640.118
 31
0.0
100
AcDbText
  0
LWPOLYLINE
  5
160
330
17
100
AcDbEntity
  8
爆区方格网
 62
4
100
AcDbPolyline
 90
5
 70
1
 10
470056.567
 20
4349640.688
 10
470056.567
 20
4349641.688
 10
470057.567
 20
4349641.688
 10
470057.567
 20
4349640.688
 10
470056.567
 20
4349640.688
  0
TEXT
  5
161
330
17
100
AcDbEntity
  8
0
 62
4
100
AcDbText
 10
470056.907
 20
4349641.118
 30
0.0
 40
0.1333
  1
0.99
  7
CN_TTF
 11
470056.907
 21
4349641.118
 31
0.0
100
AcDbText
  0
LWPOLYLINE
  5
162
330
17
100
AcDbEntity
  8
爆区方格网
 62
4
100
AcDbPolyline
 90
5
 70
1
 10
470056.567
 20
4349641.688
 10
470056.567
 20
4349642.688
 10
470057.567
 20
4349642.688
 10
470057.567
 20
4349641.688
 10
470056.567
 20
4349641.688
  0
TEXT
  5
163
330
17
100
AcDbEntity
  8
0
 62
4
100
AcDbText
 10
470056.907
 20
4349642.118
 30
0.0
 40
0.1333
  1
0.99
  7
CN_TTF
 11
470056.907
 21
4349642.118
 31
0.0
100
AcDbText
  0
LWPOLYLINE
  5
164
330
17
100
AcDbEntity
  8
爆区方格网
 62
4
100
AcDbPolyline
 90
5
 70
1
 10
470056.567
 20
4349650.688
 10
470056.567
 20
4349651.688
 10
470057.567
 20
4349651.688
 10
470057.567
 20
4349650.688
 10
470056.567
 20
4349650.688
  0
TEXT
  5
165
330
17
100
AcDbEntity
  8
0
 62
4
100
AcDbText
 10
470056.907
 20
4349651.118
 30
0.0
 40
0.1333
  1
0.99
  7
CN_TTF
 11
470056.907
 21
4349651.118
 31
0.0
100
AcDbText
  0
LWPOLYLINE
  5
166
330
17
100
AcDbEntity
  8
爆区方格网
 62
4
100
AcDbPolyline
 90
5
 70
1
 10
470056.567
 20
4349651.688
 10
470056.567
 20
4349652.688
 10
470057.567
 20
4349652.688
 10
470057.567
 20
4349651.688
 10
470056.567
 20
4349651.688
  0
TEXT
  5
167
330
17
100
AcDbEntity
  8
0
 62
4
100
AcDbText
 10
470056.907
 20
4349652.118
 30
0.0
 40
0.1333
  1
0.99
  7
CN_TTF
 11
470056.907
 21
4349652.118
 31
0.0
100
AcDbText
  0
LWPOLYLINE
  5
168
330
17
100
AcDbEntity
  8
爆区方格网
 62
4
100
AcDbPolyline
 90
5
 70
1
 10
470056.567
 20
4349652.688
 10
470056.567
 20
4349653.688
 10
470057.567
 20
4349653.688
 10
470057.567
 20
4349652.688
 10
470056.567
 20
4349652.688
  0
TEXT
  5
169
330
17
100
AcDbEntity
  8
0
 62
4
100
AcDbText
 10
470056.907
 20
4349653.118
 30
0.0
 40
0.1333
  1
0.99
  7
CN_TTF
 11
470056.907
 21
4349653.118
 31
0.0
100
AcDbText
  0
LWPOLYLINE
  5
16A
330
17
100
AcDbEntity
  8
爆区方格网
 62
4
100
AcDbPolyline
 90
5
 70
1
 10
470056.567
 20
4349653.688
 10
470056.567
 20
4349654.688
 10
470057.567
 20
4349654.688
 10
470057.567
 20
4349653.688
 10
470056.567
 20
4349653.688
  0
TEXT
  5
16B
330
17
100
AcDbEntity
  8
0
 62
4
100
AcDbText
 10
470056.907
 20
4349654.118
 30
0.0
 40
0.1333
  1
0.99
  7
CN_TTF
 11
470056.907
 21
4349654.118
 31
0.0
100
AcDbText
  0
LWPOLYLINE
  5
16C
330
17
100
AcDbEntity
  8
爆区方格网
 62
4
100
AcDbPolyline
 90
5
 70
1
 10
470057.567
 20
4349639.688
 10
470058.567
 20
4349639.688
 10
470058.567
 20
4349638.892055424
 10
470057.567
 20
4349638.806051466
 10
470057.567
 20
4349639.688
  0
TEXT
  5
16D
330
17
100
AcDbEntity
  8
0
 62
4
100
AcDbText
 10
470057.907
 20
4349639.220027711
 30
0.0
 40
0.1333
  1
0.99
  7
CN_TTF
 11
470057.907
 21
4349639.220027711
 31
0.0
100
AcDbText
  0
LWPOLYLINE
  5
16E
330
17
100
AcDbEntity
  8
爆区方格网
 62
4
100
AcDbPolyline
 90
5
 70
1
 10
470057.567
 20
4349639.688
 10
470057.567
 20
4349640.688
 10
470058.567
 20
4349640.688
 10
470058.567
 20
4349639.688
 10
470057.567
 20
4349639.688
  0
TEXT
  5
16F
330
17
100
AcDbEntity
  8
0
 62
4
100
AcDbText
 10
470057.907
 20
4349640.118
 30
0.0
 40
0.1333
  1
0.99
  7
CN_TTF
 11
470057.907
 21
4349640.118
 31
0.0
100
AcDbText
  0
LWPOLYLINE
  5
170
330
17
100
AcDbEntity
  8
爆区方格网
 62
4
100
AcDbPolyline
 90
5
 70
1
 10
470057.567
 20
4349640.688
 10
470057.567
 20
4349641.688
 10
470058.567
 20
4349641.688
 10
470058.567
 20
4349640.688
 10
470057.567
 20
4349640.688
  0
TEXT
  5
171
330
17
100
AcDbEntity
  8
0
 62
4
100
AcDbText
 10
470057.907
 20
4349641.118
 30
0.0
 40
0.1333
  1
0.99
  7
CN_TTF
 11
470057.907
 21
4349641.118
 31
0.0
100
AcDbText
  0
LWPOLYLINE
  5
172
330
17
100
AcDbEntity
  8
爆区方格网
 62
4
100
AcDbPolyline
 90
5
 70
1
 10
470057.567
 20
4349641.688
 10
470057.567
 20
4349642.688
 10
470058.567
 20
4349642.688
 10
470058.567
 20
4349641.688
 10
470057.567
 20
4349641.688
  0
TEXT
  5
173
330
17
100
AcDbEntity
  8
0
 62
4
100
AcDbText
 10
470057.907
 20
4349642.118
 30
0.0
 40
0.1333
  1
0.99
  7
CN_TTF
 11
470057.907
 21
4349642.118
 31
0.0
100
AcDbText
  0
LWPOLYLINE
  5
174
330
17
100
AcDbEntity
  8
爆区方格网
 62
4
100
AcDbPolyline
 90
6
 70
1
 10
470058.567
 20
4349643.688
 10
470058.567
 20
4349642.688
 10
470057.567
 20
4349642.688
 10
470057.567
 20
4349643.357830353
 10
470058.24337892444
 20
4349643.688
 10
470058.567
 20
4349643.688
  0
TEXT
  5
175
330
17
100
AcDbEntity
  8
0
 62
4
100
AcDbText
 10
470057.907
 20
4349642.952915177
 30
0.0
 40
0.1333
  1
0.99
  7
CN_TTF
 11
470057.907
 21
4349642.952915177
 31
0.0
100
AcDbText
  0
LWPOLYLINE
  5
176
330
17
100
AcDbEntity
  8
爆区方格网
 62
4
100
AcDbPolyline
 90
6
 70
1
 10
470057.567
 20
4349650.688
 10
470057.567
 20
4349651.688
 10
470058.567
 20
4349651.688
 10
470058.567
 20
4349650.7198192
 10
470058.42016339797
 20
4349650.688
 10
470057.567
 20
4349650.688
  0
TEXT
  5
177
330
17
100
AcDbEntity
  8
0
 62
4
100
AcDbText
 10
470057.907
 20
4349651.1339096
 30
0.0
 40
0.1333
  1
0.99
  7
CN_TTF
 11
470057.907
 21
4349651.1339096
 31
0.0
100
AcDbText
  0
LWPOLYLINE
  5
178
330
17
100
AcDbEntity
  8
爆区方格网
 62
4
100
AcDbPolyline
 90
5
 70
1
 10
470057.567
 20
4349651.688
 10
470057.567
 20
4349652.688
 10
470058.567
 20
4349652.688
 10
470058.567
 20
4349651.688
 10
470057.567
 20
4349651.688
  0
TEXT
  5
179
330
17
100
AcDbEntity
  8
0
 62
4
100
AcDbText
 10
470057.907
 20
4349652.118
 30
0.0
 40
0.1333
  1
0.99
  7
CN_TTF
 11
470057.907
 21
4349652.118
 31
0.0
100
AcDbText
  0
LWPOLYLINE
  5
17A
330
17
100
AcDbEntity
  8
爆区方格网
 62
4
100
AcDbPolyline
 90
5
 70
1
 10
470057.567
 20
4349652.688
 10
470057.567
 20
4349653.688
 10
470058.567
 20
4349653.688
 10
470058.567
 20
4349652.688
 10
470057.567
 20
4349652.688
  0
TEXT
  5
17B
330
17
100
AcDbEntity
  8
0
 62
4
100
AcDbText
 10
470057.907
 20
4349653.118
 30
0.0
 40
0.1333
  1
0.99
  7
CN_TTF
 11
470057.907
 21
4349653.118
 31
0.0
100
AcDbText
  0
LWPOLYLINE
  5
17C
330
17
100
AcDbEntity
  8
爆区方格网
 62
4
100
AcDbPolyline
 90
5
 70
1
 10
470057.567
 20
4349653.688
 10
470057.567
 20
4349654.688
 10
470058.567
 20
4349654.688
 10
470058.567
 20
4349653.688
 10
470057.567
 20
4349653.688
  0
TEXT
  5
17D
330
17
100
AcDbEntity
  8
0
 62
4
100
AcDbText
 10
470057.907
 20
4349654.118
 30
0.0
 40
0.1333
  1
0.99
  7
CN_TTF
 11
470057.907
 21
4349654.118
 31
0.0
100
AcDbText
  0
LWPOLYLINE
  5
17E
330
17
100
AcDbEntity
  8
爆区方格网
 62
4
100
AcDbPolyline
 90
5
 70
1
 10
470058.567
 20
4349639.688
 10
470059.567
 20
4349639.688
 10
470059.567
 20
4349638.978059383
 10
470058.567
 20
4349638.892055424
 10
470058.567
 20
4349639.688
  0
TEXT
  5
17F
330
17
100
AcDbEntity
  8
0
 62
4
100
AcDbText
 10
470058.907
 20
4349639.263029691
 30
0.0
 40
0.1333
  1
0.99
  7
CN_TTF
 11
470058.907
 21
4349639.263029691
 31
0.0
100
AcDbText
  0
LWPOLYLINE
  5
180
330
17
100
AcDbEntity
  8
爆区方格网
 62
4
100
AcDbPolyline
 90
5
 70
1
 10
470058.567
 20
4349639.688
 10
470058.567
 20
4349640.688
 10
470059.567
 20
4349640.688
 10
470059.567
 20
4349639.688
 10
470058.567
 20
4349639.688
  0
TEXT
  5
181
330
17
100
AcDbEntity
  8
0
 62
4
100
AcDbText
 10
470058.907
 20
4349640.118
 30
0.0
 40
0.1333
  1
0.99
  7
CN_TTF
 11
470058.907
 21
4349640.118
 31
0.0
100
AcDbText
  0
LWPOLYLINE
  5
182
330
17
100
AcDbEntity
  8
爆区方格网
 62
4
100
AcDbPolyline
 90
5
 70
1
 10
470058.567
 20
4349640.688
 10
470058.567
 20
4349641.688
 10
470059.567
 20
4349641.688
 10
470059.567
 20
4349640.688
 10
470058.567
 20
4349640.688
  0
TEXT
  5
183
330
17
100
AcDbEntity
  8
0
 62
4
100
AcDbText
 10
470058.907
 20
4349641.118
 30
0.0
 40
0.1333
  1
0.99
  7
CN_TTF
 11
470058.907
 21
4349641.118
 31
0.0
100
AcDbText
  0
LWPOLYLINE
  5
184
330
17
100
AcDbEntity
  8
爆区方格网
 62
4
100
AcDbPolyline
 90
5
 70
1
 10
470058.567
 20
4349641.688
 10
470058.567
 20
4349642.688
 10
470059.567
 20
4349642.688
 10
470059.567
 20
4349641.688
 10
470058.567
 20
4349641.688
  0
TEXT
  5
185
330
17
100
AcDbEntity
  8
0
 62
4
100
AcDbText
 10
470058.907
 20
4349642.118
 30
0.0
 40
0.1333
  1
0.99
  7
CN_TTF
 11
470058.907
 21
4349642.118
 31
0.0
100
AcDbText
  0
LWPOLYLINE
  5
186
330
17
100
AcDbEntity
  8
爆区方格网
 62
4
100
AcDbPolyline
 90
5
 70
1
 10
470058.567
 20
4349642.688
 10
470058.567
 20
4349643.688
 10
470059.567
 20
4349643.688
 10
470059.567
 20
4349642.688
 10
470058.567
 20
4349642.688
  0
TEXT
  5
187
330
17
100
AcDbEntity
  8
0
 62
4
100
AcDbText
 10
470058.907
 20
4349643.118
 30
0.0
 40
0.1333
  1
0.99
  7
CN_TTF
 11
470058.907
 21
4349643.118
 31
0.0
100
AcDbText
  0
LWPOLYLINE
  5
188
330
17
100
AcDbEntity
  8
爆区方格网
 62
4
100
AcDbPolyline
 90
5
 70
1
 10
470058.567
 20
4349651.688
 10
470059.567
 20
4349651.688
 10
470059.567
 20
4349650.936517213
 10
470058.567
 20
4349650.7198192
 10
470058.567
 20
4349651.688
  0
TEXT
  5
189
330
17
100
AcDbEntity
  8
0
 62
4
100
AcDbText
 10
470058.907
 20
4349651.2422586065
 30
0.0
 40
0.1333
  1
0.99
  7
CN_TTF
 11
470058.907
 21
4349651.2422586065
 31
0.0
100
AcDbText
  0
LWPOLYLINE
  5
18A
330
17
100
AcDbEntity
  8
爆区方格网
 62
4
100
AcDbPolyline
 90
5
 70
1
 10
470058.567
 20
4349651.688
 10
470058.567
 20
4349652.688
 10
470059.567
 20
4349652.688
 10
470059.567
 20
4349651.688
 10
470058.567
 20
4349651.688
  0
TEXT
  5
18B
330
17
100
AcDbEntity
  8
0
 62
4
100
AcDbText
 10
470058.907
 20
4349652.118
 30
0.0
 40
0.1333
  1
0.99
  7
CN_TTF
 11
470058.907
 21
4349652.118
 31
0.0
100
AcDbText
  0
LWPOLYLINE
  5
18C
330
17
100
AcDbEntity
  8
爆区方格网
 62
4
100
AcDbPolyline
 90
5
 70
1
 10
470058.567
 20
4349652.688
 10
470058.567
 20
4349653.688
 10
470059.567
 20
4349653.688
 10
470059.567
 20
4349652.688
 10
470058.567
 20
4349652.688
  0
TEXT
  5
18D
330
17
100
AcDbEntity
  8
0
 62
4
100
AcDbText
 10
470058.907
 20
4349653.118
 30
0.0
 40
0.1333
  1
0.99
  7
CN_TTF
 11
470058.907
 21
4349653.118
 31
0.0
100
AcDbText
  0
LWPOLYLINE
  5
18E
330
17
100
AcDbEntity
  8
爆区方格网
 62
4
100
AcDbPolyline
 90
5
 70
1
 10
470058.567
 20
4349653.688
 10
470058.567
 20
4349654.688
 10
470059.567
 20
4349654.688
 10
470059.567
 20
4349653.688
 10
470058.567
 20
4349653.688
  0
TEXT
  5
18F
330
17
100
AcDbEntity
  8
0
 62
4
100
AcDbText
 10
470058.907
 20
4349654.118
 30
0.0
 40
0.1333
  1
0.99
  7
CN_TTF
 11
470058.907
 21
4349654.118
 31
0.0
100
AcDbText
  0
LWPOLYLINE
  5
190
330
17
100
AcDbEntity
  8
爆区方格网
 62
4
100
AcDbPolyline
 90
5
 70
1
 10
470059.567
 20
4349654.688
 10
470058.567
 20
4349654.688
 10
470058.567
 20
4349655.161201382
 10
470059.567
 20
4349655.3586347485
 10
470059.567
 20
4349654.688
  0
TEXT
  5
191
330
17
100
AcDbEntity
  8
0
 62
4
100
AcDbText
 10
470058.907
 20
4349654.85460069
 30
0.0
 40
0.1333
  1
0.99
  7
CN_TTF
 11
470058.907
 21
4349654.85460069
 31
0.0
100
AcDbText
  0
LWPOLYLINE
  5
192
330
17
100
AcDbEntity
  8
爆区方格网
 62
4
100
AcDbPolyline
 90
5
 70
1
 10
470059.567
 20
4349639.688
 10
470060.567
 20
4349639.688
 10
470060.567
 20
4349639.064063342
 10
470059.567
 20
4349638.978059383
 10
470059.567
 20
4349639.688
  0
TEXT
  5
193
330
17
100
AcDbEntity
  8
0
 62
4
100
AcDbText
 10
470059.907
 20
4349639.30603167
 30
0.0
 40
0.1333
  1
0.99
  7
CN_TTF
 11
470059.907
 21
4349639.30603167
 31
0.0
100
AcDbText
  0
LWPOLYLINE
  5
194
330
17
100
AcDbEntity
  8
爆区方格网
 62
4
100
AcDbPolyline
 90
5
 70
1
 10
470059.567
 20
4349639.688
 10
470059.567
 20
4349640.688
 10
470060.567
 20
4349640.688
 10
470060.567
 20
4349639.688
 10
470059.567
 20
4349639.688
  0
TEXT
  5
195
330
17
100
AcDbEntity
  8
0
 62
4
100
AcDbText
 10
470059.907
 20
4349640.118
 30
0.0
 40
0.1333
  1
0.99
  7
CN_TTF
 11
470059.907
 21
4349640.118
 31
0.0
100
AcDbText
  0
LWPOLYLINE
  5
196
330
17
100
AcDbEntity
  8
爆区方格网
 62
4
100
AcDbPolyline
 90
5
 70
1
 10
470059.567
 20
4349640.688
 10
470059.567
 20
4349641.688
 10
470060.567
 20
4349641.688
 10
470060.567
 20
4349640.688
 10
470059.567
 20
4349640.688
  0
TEXT
  5
197
330
17
100
AcDbEntity
  8
0
 62
4
100
AcDbText
 10
470059.907
 20
4349641.118
 30
0.0
 40
0.1333
  1
0.99
  7
CN_TTF
 11
470059.907
 21
4349641.118
 31
0.0
100
AcDbText
  0
LWPOLYLINE
  5
198
330
17
100
AcDbEntity
  8
爆区方格网
 62
4
100
AcDbPolyline
 90
5
 70
1
 10
470059.567
 20
4349641.688
 10
470059.567
 20
4349642.688
 10
470060.567
 20
4349642.688
 10
470060.567
 20
4349641.688
 10
470059.567
 20
4349641.688
  0
TEXT
  5
199
330
17
100
AcDbEntity
  8
0
 62
4
100
AcDbText
 10
470059.907
 20
4349642.118
 30
0.0
 40
0.1333
  1
0.99
  7
CN_TTF
 11
470059.907
 21
4349642.118
 31
0.0
100
AcDbText
  0
LWPOLYLINE
  5
19A
330
17
100
AcDbEntity
  8
爆区方格网
 62
4
100
AcDbPolyline
 90
5
 70
1
 10
470059.567
 20
4349642.688
 10
470059.567
 20
4349643.688
 10
470060.567
 20
4349643.688
 10
470060.567
 20
4349642.688
 10
470059.567
 20
4349642.688
  0
TEXT
  5
19B
330
17
100
AcDbEntity
  8
0
 62
4
100
AcDbText
 10
470059.907
 20
4349643.118
 30
0.0
 40
0.1333
  1
0.99
  7
CN_TTF
 11
470059.907
 21
4349643.118
 31
0.0
100
AcDbText
  0
LWPOLYLINE
  5
19C
330
17
100
AcDbEntity
  8
爆区方格网
 62
4
100
AcDbPolyline
 90
7
 70
1
 10
470060.567
 20
4349644.688
 10
470060.567
 20
4349643.688
 10
470059.567
 20
4349643.688
 10
470059.567
 20
4349644.334116381
 10
470059.872
 20
4349644.483
 10
470060.0128495423
 20
4349644.688
 10
470060.567
 20
4349644.688
  0
TEXT
  5
19D
330
17
100
AcDbEntity
  8
0
 62
4
100
AcDbText
 10
470059.907
 20
4349643.941058191
 30
0.0
 40
0.1333
  1
0.99
  7
CN_TTF
 11
470059.907
 21
4349643.941058191
 31
0.0
100
AcDbText
  0
LWPOLYLINE
  5
19E
330
17
100
AcDbEntity
  8
爆区方格网
 62
4
100
AcDbPolyline
 90
5
 70
1
 10
470059.567
 20
4349651.688
 10
470060.567
 20
4349651.688
 10
470060.567
 20
4349651.153215226
 10
470059.567
 20
4349650.936517213
 10
470059.567
 20
4349651.688
  0
TEXT
  5
19F
330
17
100
AcDbEntity
  8
0
 62
4
100
AcDbText
 10
470059.907
 20
4349651.350607613
 30
0.0
 40
0.1333
  1
0.99
  7
CN_TTF
 11
470059.907
 21
4349651.350607613
 31
0.0
100
AcDbText
  0
LWPOLYLINE
  5
1A0
330
17
100
AcDbEntity
  8
爆区方格网
 62
4
100
AcDbPolyline
 90
5
 70
1
 10
470059.567
 20
4349651.688
 10
470059.567
 20
4349652.688
 10
470060.567
 20
4349652.688
 10
470060.567
 20
4349651.688
 10
470059.567
 20
4349651.688
  0
TEXT
  5
1A1
330
17
100
AcDbEntity
  8
0
 62
4
100
AcDbText
 10
470059.907
 20
4349652.118
 30
0.0
 40
0.1333
  1
0.99
  7
CN_TTF
 11
470059.907
 21
4349652.118
 31
0.0
100
AcDbText
  0
LWPOLYLINE
  5
1A2
330
17
100
AcDbEntity
  8
爆区方格网
 62
4
100
AcDbPolyline
 90
5
 70
1
 10
470059.567
 20
4349652.688
 10
470059.567
 20
4349653.688
 10
470060.567
 20
4349653.688
 10
470060.567
 20
4349652.688
 10
470059.567
 20
4349652.688
  0
TEXT
  5
1A3
330
17
100
AcDbEntity
  8
0
 62
4
100
AcDbText
 10
470059.907
 20
4349653.118
 30
0.0
 40
0.1333
  1
0.99
  7
CN_TTF
 11
470059.907
 21
4349653.118
 31
0.0
100
AcDbText
  0
LWPOLYLINE
  5
1A4
330
17
100
AcDbEntity
  8
爆区方格网
 62
4
100
AcDbPolyline
 90
5
 70
1
 10
470059.567
 20
4349653.688
 10
470059.567
 20
4349654.688
 10
470060.567
 20
4349654.688
 10
470060.567
 20
4349653.688
 10
470059.567
 20
4349653.688
  0
TEXT
  5
1A5
330
17
100
AcDbEntity
  8
0
 62
4
100
AcDbText
 10
470059.907
 20
4349654.118
 30
0.0
 40
0.1333
  1
0.99
  7
CN_TTF
 11
470059.907
 21
4349654.118
 31
0.0
100
AcDbText
  0
LWPOLYLINE
  5
1A6
330
17
100
AcDbEntity
  8
爆区方格网
 62
4
100
AcDbPolyline
 90
5
 70
1
 10
470060.567
 20
4349654.688
 10
470059.567
 20
4349654.688
 10
470059.567
 20
4349655.3586347485
 10
470060.567
 20
4349655.556068114
 10
470060.567
 20
4349654.688
  0
TEXT
  5
1A7
330
17
100
AcDbEntity
  8
0
 62
4
100
AcDbText
 10
470059.907
 20
4349654.953317374
 30
0.0
 40
0.1333
  1
0.99
  7
CN_TTF
 11
470059.907
 21
4349654.953317374
 31
0.0
100
AcDbText
  0
LWPOLYLINE
  5
1A8
330
17
100
AcDbEntity
  8
爆区方格网
 62
4
100
AcDbPolyline
 90
5
 70
1
 10
470060.567
 20
4349639.688
 10
470061.567
 20
4349639.688
 10
470061.567
 20
4349639.150067301
 10
470060.567
 20
4349639.064063342
 10
470060.567
 20
4349639.688
  0
TEXT
  5
1A9
330
17
100
AcDbEntity
  8
0
 62
4
100
AcDbText
 10
470060.907
 20
4349639.34903365
 30
0.0
 40
0.1333
  1
0.99
  7
CN_TTF
 11
470060.907
 21
4349639.34903365
 31
0.0
100
AcDbText
  0
LWPOLYLINE
  5
1AA
330
17
100
AcDbEntity
  8
爆区方格网
 62
4
100
AcDbPolyline
 90
5
 70
1
 10
470060.567
 20
4349639.688
 10
470060.567
 20
4349640.688
 10
470061.567
 20
4349640.688
 10
470061.567
 20
4349639.688
 10
470060.567
 20
4349639.688
  0
TEXT
  5
1AB
330
17
100
AcDbEntity
  8
0
 62
4
100
AcDbText
 10
470060.907
 20
4349640.118
 30
0.0
 40
0.1333
  1
0.99
  7
CN_TTF
 11
470060.907
 21
4349640.118
 31
0.0
100
AcDbText
  0
LWPOLYLINE
  5
1AC
330
17
100
AcDbEntity
  8
爆区方格网
 62
4
100
AcDbPolyline
 90
5
 70
1
 10
470060.567
 20
4349640.688
 10
470060.567
 20
4349641.688
 10
470061.567
 20
4349641.688
 10
470061.567
 20
4349640.688
 10
470060.567
 20
4349640.688
  0
TEXT
  5
1AD
330
17
100
AcDbEntity
  8
0
 62
4
100
AcDbText
 10
470060.907
 20
4349641.118
 30
0.0
 40
0.1333
  1
0.99
  7
CN_TTF
 11
470060.907
 21
4349641.118
 31
0.0
100
AcDbText
  0
LWPOLYLINE
  5
1AE
330
17
100
AcDbEntity
  8
爆区方格网
 62
4
100
AcDbPolyline
 90
5
 70
1
 10
470060.567
 20
4349641.688
 10
470060.567
 20
4349642.688
 10
470061.567
 20
4349642.688
 10
470061.567
 20
4349641.688
 10
470060.567
 20
4349641.688
  0
TEXT
  5
1AF
330
17
100
AcDbEntity
  8
0
 62
4
100
AcDbText
 10
470060.907
 20
4349642.118
 30
0.0
 40
0.1333
  1
0.99
  7
CN_TTF
 11
470060.907
 21
4349642.118
 31
0.0
100
AcDbText
  0
LWPOLYLINE
  5
1B0
330
17
100
AcDbEntity
  8
爆区方格网
 62
4
100
AcDbPolyline
 90
5
 70
1
 10
470060.567
 20
4349642.688
 10
470060.567
 20
4349643.688
 10
470061.567
 20
4349643.688
 10
470061.567
 20
4349642.688
 10
470060.567
 20
4349642.688
  0
TEXT
  5
1B1
330
17
100
AcDbEntity
  8
0
 62
4
100
AcDbText
 10
470060.907
 20
4349643.118
 30
0.0
 40
0.1333
  1
0.99
  7
CN_TTF
 11
470060.907
 21
4349643.118
 31
0.0
100
AcDbText
  0
LWPOLYLINE
  5
1B2
330
17
100
AcDbEntity
  8
爆区方格网
 62
4
100
AcDbPolyline
 90
5
 70
1
 10
470060.567
 20
4349643.688
 10
470060.567
 20
4349644.688
 10
470061.567
 20
4349644.688
 10
470061.567
 20
4349643.688
 10
470060.567
 20
4349643.688
  0
TEXT
  5
1B3
330
17
100
AcDbEntity
  8
0
 62
4
100
AcDbText
 10
470060.907
 20
4349644.118
 30
0.0
 40
0.1333
  1
0.99
  7
CN_TTF
 11
470060.907
 21
4349644.118
 31
0.0
100
AcDbText
  0
LWPOLYLINE
  5
1B4
330
17
100
AcDbEntity
  8
爆区方格网
 62
4
100
AcDbPolyline
 90
6
 70
1
 10
470061.567
 20
4349645.688
 10
470061.567
 20
4349644.688
 10
470060.567
 20
4349644.688
 10
470060.567
 20
4349645.494540383
 10
470060.6999204804
 20
4349645.688
 10
470061.567
 20
4349645.688
  0
TEXT
  5
1B5
330
17
100
AcDbEntity
  8
0
 62
4
100
AcDbText
 10
470060.907
 20
4349645.021270191
 30
0.0
 40
0.1333
  1
0.99
  7
CN_TTF
 11
470060.907
 21
4349645.021270191
 31
0.0
100
AcDbText
  0
LWPOLYLINE
  5
1B6
330
17
100
AcDbEntity
  8
爆区方格网
 62
4
100
AcDbPolyline
 90
5
 70
1
 10
470061.567
 20
4349646.688
 10
470061.567
 20
4349645.688
 10
470060.6999204804
 20
4349645.688
 10
470061.3869914184
 20
4349646.688
 10
470061.567
 20
4349646.688
  0
TEXT
  5
1B7
330
17
100
AcDbEntity
  8
0
 62
4
100
AcDbText
 10
470061.1452279747
 20
4349646.118
 30
0.0
 40
0.1333
  1
0.99
  7
CN_TTF
 11
470061.1452279747
 21
4349646.118
 31
0.0
100
AcDbText
  0
LWPOLYLINE
  5
1B8
330
17
100
AcDbEntity
  8
爆区方格网
 62
4
100
AcDbPolyline
 90
5
 70
1
 10
470060.567
 20
4349651.688
 10
470060.567
 20
4349652.688
 10
470061.567
 20
4349652.688
 10
470061.567
 20
4349651.688
 10
470060.567
 20
4349651.688
  0
TEXT
  5
1B9
330
17
100
AcDbEntity
  8
0
 62
4
100
AcDbText
 10
470060.907
 20
4349652.118
 30
0.0
 40
0.1333
  1
0.99
  7
CN_TTF
 11
470060.907
 21
4349652.118
 31
0.0
100
AcDbText
  0
LWPOLYLINE
  5
1BA
330
17
100
AcDbEntity
  8
爆区方格网
 62
4
100
AcDbPolyline
 90
5
 70
1
 10
470060.567
 20
4349652.688
 10
470060.567
 20
4349653.688
 10
470061.567
 20
4349653.688
 10
470061.567
 20
4349652.688
 10
470060.567
 20
4349652.688
  0
TEXT
  5
1BB
330
17
100
AcDbEntity
  8
0
 62
4
100
AcDbText
 10
470060.907
 20
4349653.118
 30
0.0
 40
0.1333
  1
0.99
  7
CN_TTF
 11
470060.907
 21
4349653.118
 31
0.0
100
AcDbText
  0
LWPOLYLINE
  5
1BC
330
17
100
AcDbEntity
  8
爆区方格网
 62
4
100
AcDbPolyline
 90
5
 70
1
 10
470060.567
 20
4349653.688
 10
470060.567
 20
4349654.688
 10
470061.567
 20
4349654.688
 10
470061.567
 20
4349653.688
 10
470060.567
 20
4349653.688
  0
TEXT
  5
1BD
330
17
100
AcDbEntity
  8
0
 62
4
100
AcDbText
 10
470060.907
 20
4349654.118
 30
0.0
 40
0.1333
  1
0.99
  7
CN_TTF
 11
470060.907
 21
4349654.118
 31
0.0
100
AcDbText
  0
LWPOLYLINE
  5
1BE
330
17
100
AcDbEntity
  8
爆区方格网
 62
4
100
AcDbPolyline
 90
6
 70
1
 10
470061.567
 20
4349655.688
 10
470061.567
 20
4349654.688
 10
470060.567
 20
4349654.688
 10
470060.567
 20
4349655.556068114
 10
470061.23523500114
 20
4349655.688
 10
470061.567
 20
4349655.688
  0
TEXT
  5
1BF
330
17
100
AcDbEntity
  8
0
 62
4
100
AcDbText
 10
470060.907
 20
4349655.052034057
 30
0.0
 40
0.1333
  1
0.99
  7
CN_TTF
 11
470060.907
 21
4349655.052034057
 31
0.0
100
AcDbText
  0
LWPOLYLINE
  5
1C0
330
17
100
AcDbEntity
  8
爆区方格网
 62
4
100
AcDbPolyline
 90
5
 70
1
 10
470061.567
 20
4349639.688
 10
470061.567
 20
4349640.688
 10
470062.567
 20
4349640.688
 10
470062.567
 20
4349639.688
 10
470061.567
 20
4349639.688
  0
TEXT
  5
1C1
330
17
100
AcDbEntity
  8
0
 62
4
100
AcDbText
 10
470061.907
 20
4349640.118
 30
0.0
 40
0.1333
  1
0.99
  7
CN_TTF
 11
470061.907
 21
4349640.118
 31
0.0
100
AcDbText
  0
LWPOLYLINE
  5
1C2
330
17
100
AcDbEntity
  8
爆区方格网
 62
4
100
AcDbPolyline
 90
5
 70
1
 10
470061.567
 20
4349640.688
 10
470061.567
 20
4349641.688
 10
470062.567
 20
4349641.688
 10
470062.567
 20
4349640.688
 10
470061.567
 20
4349640.688
  0
TEXT
  5
1C3
330
17
100
AcDbEntity
  8
0
 62
4
100
AcDbText
 10
470061.907
 20
4349641.118
 30
0.0
 40
0.1333
  1
0.99
  7
CN_TTF
 11
470061.907
 21
4349641.118
 31
0.0
100
AcDbText
  0
LWPOLYLINE
  5
1C4
330
17
100
AcDbEntity
  8
爆区方格网
 62
4
100
AcDbPolyline
 90
5
 70
1
 10
470061.567
 20
4349641.688
 10
470061.567
 20
4349642.688
 10
470062.567
 20
4349642.688
 10
470062.567
 20
4349641.688
 10
470061.567
 20
4349641.688
  0
TEXT
  5
1C5
330
17
100
AcDbEntity
  8
0
 62
4
100
AcDbText
 10
470061.907
 20
4349642.118
 30
0.0
 40
0.1333
  1
0.99
  7
CN_TTF
 11
470061.907
 21
4349642.118
 31
0.0
100
AcDbText
  0
LWPOLYLINE
  5
1C6
330
17
100
AcDbEntity
  8
爆区方格网
 62
4
100
AcDbPolyline
 90
5
 70
1
 10
470061.567
 20
4349642.688
 10
470061.567
 20
4349643.688
 10
470062.567
 20
4349643.688
 10
470062.567
 20
4349642.688
 10
470061.567
 20
4349642.688
  0
TEXT
  5
1C7
330
17
100
AcDbEntity
  8
0
 62
4
100
AcDbText
 10
470061.907
 20
4349643.118
 30
0.0
 40
0.1333
  1
0.99
  7
CN_TTF
 11
470061.907
 21
4349643.118
 31
0.0
100
AcDbText
  0
LWPOLYLINE
  5
1C8
330
17
100
AcDbEntity
  8
爆区方格网
 62
4
100
AcDbPolyline
 90
5
 70
1
 10
470061.567
 20
4349643.688
 10
470061.567
 20
4349644.688
 10
470062.567
 20
4349644.688
 10
470062.567
 20
4349643.688
 10
470061.567
 20
4349643.688
  0
TEXT
  5
1C9
330
17
100
AcDbEntity
  8
0
 62
4
100
AcDbText
 10
470061.907
 20
4349644.118
 30
0.0
 40
0.1333
  1
0.99
  7
CN_TTF
 11
470061.907
 21
4349644.118
 31
0.0
100
AcDbText
  0
LWPOLYLINE
  5
1CA
330
17
100
AcDbEntity
  8
爆区方格网
 62
4
100
AcDbPolyline
 90
5
 70
1
 10
470061.567
 20
4349644.688
 10
470061.567
 20
4349645.688
 10
470062.567
 20
4349645.688
 10
470062.567
 20
4349644.688
 10
470061.567
 20
4349644.688
  0
TEXT
  5
1CB
330
17
100
AcDbEntity
  8
0
 62
4
100
AcDbText
 10
470061.907
 20
4349645.118
 30
0.0
 40
0.1333
  1
0.99
  7
CN_TTF
 11
470061.907
 21
4349645.118
 31
0.0
100
AcDbText
  0
LWPOLYLINE
  5
1CC
330
17
100
AcDbEntity
  8
爆区方格网
 62
4
100
AcDbPolyline
 90
5
 70
1
 10
470061.567
 20
4349645.688
 10
470061.567
 20
4349646.688
 10
470062.567
 20
4349646.688
 10
470062.567
 20
4349645.688
 10
470061.567
 20
4349645.688
  0
TEXT
  5
1CD
330
17
100
AcDbEntity
  8
0
 62
4
100
AcDbText
 10
470061.907
 20
4349646.118
 30
0.0
 40
0.1333
  1
0.99
  7
CN_TTF
 11
470061.907
 21
4349646.118
 31
0.0
100
AcDbText
  0
LWPOLYLINE
  5
1CE
330
17
100
AcDbEntity
  8
爆区方格网
 62
4
100
AcDbPolyline
 90
6
 70
1
 10
470062.567
 20
4349647.688
 10
470062.567
 20
4349646.688
 10
470061.567
 20
4349646.688
 10
470061.567
 20
4349646.949994172
 10
470062.0740623568
 20
4349647.688
 10
470062.567
 20
4349647.688
  0
TEXT
  5
1CF
330
17
100
AcDbEntity
  8
0
 62
4
100
AcDbText
 10
470062.0337655892
 20
4349647.248997086
 30
0.0
 40
0.1333
  1
0.99
  7
CN_TTF
 11
470062.0337655892
 21
4349647.248997086
 31
0.0
100
AcDbText
  0
LWPOLYLINE
  5
1D0
330
17
100
AcDbEntity
  8
爆区方格网
 62
4
100
AcDbPolyline
 90
5
 70
1
 10
470061.567
 20
4349651.688
 10
470061.567
 20
4349652.688
 10
470062.567
 20
4349652.688
 10
470062.567
 20
4349651.688
 10
470061.567
 20
4349651.688
  0
TEXT
  5
1D1
330
17
100
AcDbEntity
  8
0
 62
4
100
AcDbText
 10
470061.907
 20
4349652.118
 30
0.0
 40
0.1333
  1
0.99
  7
CN_TTF
 11
470061.907
 21
4349652.118
 31
0.0
100
AcDbText
  0
LWPOLYLINE
  5
1D2
330
17
100
AcDbEntity
  8
爆区方格网
 62
4
100
AcDbPolyline
 90
5
 70
1
 10
470061.567
 20
4349652.688
 10
470061.567
 20
4349653.688
 10
470062.567
 20
4349653.688
 10
470062.567
 20
4349652.688
 10
470061.567
 20
4349652.688
  0
TEXT
  5
1D3
330
17
100
AcDbEntity
  8
0
 62
4
100
AcDbText
 10
470061.907
 20
4349653.118
 30
0.0
 40
0.1333
  1
0.99
  7
CN_TTF
 11
470061.907
 21
4349653.118
 31
0.0
100
AcDbText
  0
LWPOLYLINE
  5
1D4
330
17
100
AcDbEntity
  8
爆区方格网
 62
4
100
AcDbPolyline
 90
5
 70
1
 10
470061.567
 20
4349653.688
 10
470061.567
 20
4349654.688
 10
470062.567
 20
4349654.688
 10
470062.567
 20
4349653.688
 10
470061.567
 20
4349653.688
  0
TEXT
  5
1D5
330
17
100
AcDbEntity
  8
0
 62
4
100
AcDbText
 10
470061.907
 20
4349654.118
 30
0.0
 40
0.1333
  1
0.99
  7
CN_TTF
 11
470061.907
 21
4349654.118
 31
0.0
100
AcDbText
  0
LWPOLYLINE
  5
1D6
330
17
100
AcDbEntity
  8
爆区方格网
 62
4
100
AcDbPolyline
 90
5
 70
1
 10
470061.567
 20
4349654.688
 10
470061.567
 20
4349655.688
 10
470062.567
 20
4349655.688
 10
470062.567
 20
4349654.688
 10
470061.567
 20
4349654.688
  0
TEXT
  5
1D7
330
17
100
AcDbEntity
  8
0
 62
4
100
AcDbText
 10
470061.907
 20
4349655.118
 30
0.0
 40
0.1333
  1
0.99
  7
CN_TTF
 11
470061.907
 21
4349655.118
 31
0.0
100
AcDbText
  0
LWPOLYLINE
  5
1D8
330
17
100
AcDbEntity
  8
爆区方格网
 62
4
100
AcDbPolyline
 90
5
 70
1
 10
470062.567
 20
4349639.688
 10
470062.567
 20
4349640.688
 10
470063.567
 20
4349640.688
 10
470063.567
 20
4349639.688
 10
470062.567
 20
4349639.688
  0
TEXT
  5
1D9
330
17
100
AcDbEntity
  8
0
 62
4
100
AcDbText
 10
470062.907
 20
4349640.118
 30
0.0
 40
0.1333
  1
0.99
  7
CN_TTF
 11
470062.907
 21
4349640.118
 31
0.0
100
AcDbText
  0
LWPOLYLINE
  5
1DA
330
17
100
AcDbEntity
  8
爆区方格网
 62
4
100
AcDbPolyline
 90
5
 70
1
 10
470062.567
 20
4349640.688
 10
470062.567
 20
4349641.688
 10
470063.567
 20
4349641.688
 10
470063.567
 20
4349640.688
 10
470062.567
 20
4349640.688
  0
TEXT
  5
1DB
330
17
100
AcDbEntity
  8
0
 62
4
100
AcDbText
 10
470062.907
 20
4349641.118
 30
0.0
 40
0.1333
  1
0.99
  7
CN_TTF
 11
470062.907
 21
4349641.118
 31
0.0
100
AcDbText
  0
LWPOLYLINE
  5
1DC
330
17
100
AcDbEntity
  8
爆区方格网
 62
4
100
AcDbPolyline
 90
5
 70
1
 10
470062.567
 20
4349641.688
 10
470062.567
 20
4349642.688
 10
470063.567
 20
4349642.688
 10
470063.567
 20
4349641.688
 10
470062.567
 20
4349641.688
  0
TEXT
  5
1DD
330
17
100
AcDbEntity
  8
0
 62
4
100
AcDbText
 10
470062.907
 20
4349642.118
 30
0.0
 40
0.1333
  1
0.99
  7
CN_TTF
 11
470062.907
 21
4349642.118
 31
0.0
100
AcDbText
  0
LWPOLYLINE
  5
1DE
330
17
100
AcDbEntity
  8
爆区方格网
 62
4
100
AcDbPolyline
 90
5
 70
1
 10
470062.567
 20
4349642.688
 10
470062.567
 20
4349643.688
 10
470063.567
 20
4349643.688
 10
470063.567
 20
4349642.688
 10
470062.567
 20
4349642.688
  0
TEXT
  5
1DF
330
17
100
AcDbEntity
  8
0
 62
4
100
AcDbText
 10
470062.907
 20
4349643.118
 30
0.0
 40
0.1333
  1
0.99
  7
CN_TTF
 11
470062.907
 21
4349643.118
 31
0.0
100
AcDbText
  0
LWPOLYLINE
  5
1E0
330
17
100
AcDbEntity
  8
爆区方格网
 62
4
100
AcDbPolyline
 90
5
 70
1
 10
470062.567
 20
4349643.688
 10
470062.567
 20
4349644.688
 10
470063.567
 20
4349644.688
 10
470063.567
 20
4349643.688
 10
470062.567
 20
4349643.688
  0
TEXT
  5
1E1
330
17
100
AcDbEntity
  8
0
 62
4
100
AcDbText
 10
470062.907
 20
4349644.118
 30
0.0
 40
0.1333
  1
0.99
  7
CN_TTF
 11
470062.907
 21
4349644.118
 31
0.0
100
AcDbText
  0
LWPOLYLINE
  5
1E2
330
17
100
AcDbEntity
  8
爆区方格网
 62
4
100
AcDbPolyline
 90
5
 70
1
 10
470062.567
 20
4349644.688
 10
470062.567
 20
4349645.688
 10
470063.567
 20
4349645.688
 10
470063.567
 20
4349644.688
 10
470062.567
 20
4349644.688
  0
TEXT
  5
1E3
330
17
100
AcDbEntity
  8
0
 62
4
100
AcDbText
 10
470062.907
 20
4349645.118
 30
0.0
 40
0.1333
  1
0.99
  7
CN_TTF
 11
470062.907
 21
4349645.118
 31
0.0
100
AcDbText
  0
LWPOLYLINE
  5
1E4
330
17
100
AcDbEntity
  8
爆区方格网
 62
4
100
AcDbPolyline
 90
5
 70
1
 10
470062.567
 20
4349645.688
 10
470062.567
 20
4349646.688
 10
470063.567
 20
4349646.688
 10
470063.567
 20
4349645.688
 10
470062.567
 20
4349645.688
  0
TEXT
  5
1E5
330
17
100
AcDbEntity
  8
0
 62
4
100
AcDbText
 10
470062.907
 20
4349646.118
 30
0.0
 40
0.1333
  1
0.99
  7
CN_TTF
 11
470062.907
 21
4349646.118
 31
0.0
100
AcDbText
  0
LWPOLYLINE
  5
1E6
330
17
100
AcDbEntity
  8
爆区方格网
 62
4
100
AcDbPolyline
 90
5
 70
1
 10
470062.567
 20
4349646.688
 10
470062.567
 20
4349647.688
 10
470063.567
 20
4349647.688
 10
470063.567
 20
4349646.688
 10
470062.567
 20
4349646.688
  0
TEXT
  5
1E7
330
17
100
AcDbEntity
  8
0
 62
4
100
AcDbText
 10
470062.907
 20
4349647.118
 30
0.0
 40
0.1333
  1
0.99
  7
CN_TTF
 11
470062.907
 21
4349647.118
 31
0.0
100
AcDbText
  0
LWPOLYLINE
  5
1E8
330
17
100
AcDbEntity
  8
爆区方格网
 62
4
100
AcDbPolyline
 90
6
 70
1
 10
470062.567
 20
4349651.688
 10
470062.567
 20
4349652.688
 10
470063.567
 20
4349652.688
 10
470063.567
 20
4349651.803309265
 10
470063.0348803777
 20
4349651.688
 10
470062.567
 20
4349651.688
  0
TEXT
  5
1E9
330
17
100
AcDbEntity
  8
0
 62
4
100
AcDbText
 10
470062.907
 20
4349652.175654632
 30
0.0
 40
0.1333
  1
0.99
  7
CN_TTF
 11
470062.907
 21
4349652.175654632
 31
0.0
100
AcDbText
  0
LWPOLYLINE
  5
1EA
330
17
100
AcDbEntity
  8
爆区方格网
 62
4
100
AcDbPolyline
 90
5
 70
1
 10
470062.567
 20
4349652.688
 10
470062.567
 20
4349653.688
 10
470063.567
 20
4349653.688
 10
470063.567
 20
4349652.688
 10
470062.567
 20
4349652.688
  0
TEXT
  5
1EB
330
17
100
AcDbEntity
  8
0
 62
4
100
AcDbText
 10
470062.907
 20
4349653.118
 30
0.0
 40
0.1333
  1
0.99
  7
CN_TTF
 11
470062.907
 21
4349653.118
 31
0.0
100
AcDbText
  0
LWPOLYLINE
  5
1EC
330
17
100
AcDbEntity
  8
爆区方格网
 62
4
100
AcDbPolyline
 90
5
 70
1
 10
470062.567
 20
4349653.688
 10
470062.567
 20
4349654.688
 10
470063.567
 20
4349654.688
 10
470063.567
 20
4349653.688
 10
470062.567
 20
4349653.688
  0
TEXT
  5
1ED
330
17
100
AcDbEntity
  8
0
 62
4
100
AcDbText
 10
470062.907
 20
4349654.118
 30
0.0
 40
0.1333
  1
0.99
  7
CN_TTF
 11
470062.907
 21
4349654.118
 31
0.0
100
AcDbText
  0
LWPOLYLINE
  5
1EE
330
17
100
AcDbEntity
  8
爆区方格网
 62
4
100
AcDbPolyline
 90
5
 70
1
 10
470062.567
 20
4349654.688
 10
470062.567
 20
4349655.688
 10
470063.567
 20
4349655.688
 10
470063.567
 20
4349654.688
 10
470062.567
 20
4349654.688
  0
TEXT
  5
1EF
330
17
100
AcDbEntity
  8
0
 62
4
100
AcDbText
 10
470062.907
 20
4349655.118
 30
0.0
 40
0.1333
  1
0.99
  7
CN_TTF
 11
470062.907
 21
4349655.118
 31
0.0
100
AcDbText
  0
LWPOLYLINE
  5
1F0
330
17
100
AcDbEntity
  8
爆区方格网
 62
4
100
AcDbPolyline
 90
5
 70
1
 10
470063.567
 20
4349639.688
 10
470063.567
 20
4349640.688
 10
470064.567
 20
4349640.688
 10
470064.567
 20
4349639.688
 10
470063.567
 20
4349639.688
  0
TEXT
  5
1F1
330
17
100
AcDbEntity
  8
0
 62
4
100
AcDbText
 10
470063.907
 20
4349640.118
 30
0.0
 40
0.1333
  1
0.99
  7
CN_TTF
 11
470063.907
 21
4349640.118
 31
0.0
100
AcDbText
  0
LWPOLYLINE
  5
1F2
330
17
100
AcDbEntity
  8
爆区方格网
 62
4
100
AcDbPolyline
 90
5
 70
1
 10
470063.567
 20
4349640.688
 10
470063.567
 20
4349641.688
 10
470064.567
 20
4349641.688
 10
470064.567
 20
4349640.688
 10
470063.567
 20
4349640.688
  0
TEXT
  5
1F3
330
17
100
AcDbEntity
  8
0
 62
4
100
AcDbText
 10
470063.907
 20
4349641.118
 30
0.0
 40
0.1333
  1
0.99
  7
CN_TTF
 11
470063.907
 21
4349641.118
 31
0.0
100
AcDbText
  0
LWPOLYLINE
  5
1F4
330
17
100
AcDbEntity
  8
爆区方格网
 62
4
100
AcDbPolyline
 90
5
 70
1
 10
470063.567
 20
4349641.688
 10
470063.567
 20
4349642.688
 10
470064.567
 20
4349642.688
 10
470064.567
 20
4349641.688
 10
470063.567
 20
4349641.688
  0
TEXT
  5
1F5
330
17
100
AcDbEntity
  8
0
 62
4
100
AcDbText
 10
470063.907
 20
4349642.118
 30
0.0
 40
0.1333
  1
0.99
  7
CN_TTF
 11
470063.907
 21
4349642.118
 31
0.0
100
AcDbText
  0
LWPOLYLINE
  5
1F6
330
17
100
AcDbEntity
  8
爆区方格网
 62
4
100
AcDbPolyline
 90
5
 70
1
 10
470063.567
 20
4349642.688
 10
470063.567
 20
4349643.688
 10
470064.567
 20
4349643.688
 10
470064.567
 20
4349642.688
 10
470063.567
 20
4349642.688
  0
TEXT
  5
1F7
330
17
100
AcDbEntity
  8
0
 62
4
100
AcDbText
 10
470063.907
 20
4349643.118
 30
0.0
 40
0.1333
  1
0.99
  7
CN_TTF
 11
470063.907
 21
4349643.118
 31
0.0
100
AcDbText
  0
LWPOLYLINE
  5
1F8
330
17
100
AcDbEntity
  8
爆区方格网
 62
4
100
AcDbPolyline
 90
5
 70
1
 10
470063.567
 20
4349643.688
 10
470063.567
 20
4349644.688
 10
470064.567
 20
4349644.688
 10
470064.567
 20
4349643.688
 10
470063.567
 20
4349643.688
  0
TEXT
  5
1F9
330
17
100
AcDbEntity
  8
0
 62
4
100
AcDbText
 10
470063.907
 20
4349644.118
 30
0.0
 40
0.1333
  1
0.99
  7
CN_TTF
 11
470063.907
 21
4349644.118
 31
0.0
100
AcDbText
  0
LWPOLYLINE
  5
1FA
330
17
100
AcDbEntity
  8
爆区方格网
 62
4
100
AcDbPolyline
 90
5
 70
1
 10
470063.567
 20
4349644.688
 10
470063.567
 20
4349645.688
 10
470064.567
 20
4349645.688
 10
470064.567
 20
4349644.688
 10
470063.567
 20
4349644.688
  0
TEXT
  5
1FB
330
17
100
AcDbEntity
  8
0
 62
4
100
AcDbText
 10
470063.907
 20
4349645.118
 30
0.0
 40
0.1333
  1
0.99
  7
CN_TTF
 11
470063.907
 21
4349645.118
 31
0.0
100
AcDbText
  0
LWPOLYLINE
  5
1FC
330
17
100
AcDbEntity
  8
爆区方格网
 62
4
100
AcDbPolyline
 90
5
 70
1
 10
470063.567
 20
4349645.688
 10
470063.567
 20
4349646.688
 10
470064.567
 20
4349646.688
 10
470064.567
 20
4349645.688
 10
470063.567
 20
4349645.688
  0
TEXT
  5
1FD
330
17
100
AcDbEntity
  8
0
 62
4
100
AcDbText
 10
470063.907
 20
4349646.118
 30
0.0
 40
0.1333
  1
0.99
  7
CN_TTF
 11
470063.907
 21
4349646.118
 31
0.0
100
AcDbText
  0
LWPOLYLINE
  5
1FE
330
17
100
AcDbEntity
  8
爆区方格网
 62
4
100
AcDbPolyline
 90
5
 70
1
 10
470063.567
 20
4349646.688
 10
470063.567
 20
4349647.688
 10
470064.567
 20
4349647.688
 10
470064.567
 20
4349646.688
 10
470063.567
 20
4349646.688
  0
TEXT
  5
1FF
330
17
100
AcDbEntity
  8
0
 62
4
100
AcDbText
 10
470063.907
 20
4349647.118
 30
0.0
 40
0.1333
  1
0.99
  7
CN_TTF
 11
470063.907
 21
4349647.118
 31
0.0
100
AcDbText
  0
LWPOLYLINE
  5
200
330
17
100
AcDbEntity
  8
爆区方格网
 62
4
100
AcDbPolyline
 90
5
 70
1
 10
470063.567
 20
4349652.688
 10
470064.567
 20
4349652.688
 10
470064.567
 20
4349652.020007278
 10
470063.567
 20
4349651.803309265
 10
470063.567
 20
4349652.688
  0
TEXT
  5
201
330
17
100
AcDbEntity
  8
0
 62
4
100
AcDbText
 10
470063.907
 20
4349652.284003639
 30
0.0
 40
0.1333
  1
0.99
  7
CN_TTF
 11
470063.907
 21
4349652.284003639
 31
0.0
100
AcDbText
  0
LWPOLYLINE
  5
202
330
17
100
AcDbEntity
  8
爆区方格网
 62
4
100
AcDbPolyline
 90
5
 70
1
 10
470063.567
 20
4349652.688
 10
470063.567
 20
4349653.688
 10
470064.567
 20
4349653.688
 10
470064.567
 20
4349652.688
 10
470063.567
 20
4349652.688
  0
TEXT
  5
203
330
17
100
AcDbEntity
  8
0
 62
4
100
AcDbText
 10
470063.907
 20
4349653.118
 30
0.0
 40
0.1333
  1
0.99
  7
CN_TTF
 11
470063.907
 21
4349653.118
 31
0.0
100
AcDbText
  0
LWPOLYLINE
  5
204
330
17
100
AcDbEntity
  8
爆区方格网
 62
4
100
AcDbPolyline
 90
5
 70
1
 10
470063.567
 20
4349653.688
 10
470063.567
 20
4349654.688
 10
470064.567
 20
4349654.688
 10
470064.567
 20
4349653.688
 10
470063.567
 20
4349653.688
  0
TEXT
  5
205
330
17
100
AcDbEntity
  8
0
 62
4
100
AcDbText
 10
470063.907
 20
4349654.118
 30
0.0
 40
0.1333
  1
0.99
  7
CN_TTF
 11
470063.907
 21
4349654.118
 31
0.0
100
AcDbText
  0
LWPOLYLINE
  5
206
330
17
100
AcDbEntity
  8
爆区方格网
 62
4
100
AcDbPolyline
 90
5
 70
1
 10
470063.567
 20
4349654.688
 10
470063.567
 20
4349655.688
 10
470064.567
 20
4349655.688
 10
470064.567
 20
4349654.688
 10
470063.567
 20
4349654.688
  0
TEXT
  5
207
330
17
100
AcDbEntity
  8
0
 62
4
100
AcDbText
 10
470063.907
 20
4349655.118
 30
0.0
 40
0.1333
  1
0.99
  7
CN_TTF
 11
470063.907
 21
4349655.118
 31
0.0
100
AcDbText
  0
LWPOLYLINE
  5
208
330
17
100
AcDbEntity
  8
爆区方格网
 62
4
100
AcDbPolyline
 90
5
 70
1
 10
470064.567
 20
4349655.688
 10
470063.567
 20
4349655.688
 10
470063.567
 20
4349656.148368213
 10
470064.567
 20
4349656.345801579
 10
470064.567
 20
4349655.688
  0
TEXT
  5
209
330
17
100
AcDbEntity
  8
0
 62
4
100
AcDbText
 10
470063.907
 20
4349655.848184107
 30
0.0
 40
0.1333
  1
0.99
  7
CN_TTF
 11
470063.907
 21
4349655.848184107
 31
0.0
100
AcDbText
  0
LWPOLYLINE
  5
20A
330
17
100
AcDbEntity
  8
爆区方格网
 62
4
100
AcDbPolyline
 90
5
 70
1
 10
470064.567
 20
4349639.688
 10
470064.567
 20
4349640.688
 10
470065.567
 20
4349640.688
 10
470065.567
 20
4349639.688
 10
470064.567
 20
4349639.688
  0
TEXT
  5
20B
330
17
100
AcDbEntity
  8
0
 62
4
100
AcDbText
 10
470064.907
 20
4349640.118
 30
0.0
 40
0.1333
  1
0.99
  7
CN_TTF
 11
470064.907
 21
4349640.118
 31
0.0
100
AcDbText
  0
LWPOLYLINE
  5
20C
330
17
100
AcDbEntity
  8
爆区方格网
 62
4
100
AcDbPolyline
 90
5
 70
1
 10
470064.567
 20
4349640.688
 10
470064.567
 20
4349641.688
 10
470065.567
 20
4349641.688
 10
470065.567
 20
4349640.688
 10
470064.567
 20
4349640.688
  0
TEXT
  5
20D
330
17
100
AcDbEntity
  8
0
 62
4
100
AcDbText
 10
470064.907
 20
4349641.118
 30
0.0
 40
0.1333
  1
0.99
  7
CN_TTF
 11
470064.907
 21
4349641.118
 31
0.0
100
AcDbText
  0
LWPOLYLINE
  5
20E
330
17
100
AcDbEntity
  8
爆区方格网
 62
4
100
AcDbPolyline
 90
5
 70
1
 10
470064.567
 20
4349641.688
 10
470064.567
 20
4349642.688
 10
470065.567
 20
4349642.688
 10
470065.567
 20
4349641.688
 10
470064.567
 20
4349641.688
  0
TEXT
  5
20F
330
17
100
AcDbEntity
  8
0
 62
4
100
AcDbText
 10
470064.907
 20
4349642.118
 30
0.0
 40
0.1333
  1
0.99
  7
CN_TTF
 11
470064.907
 21
4349642.118
 31
0.0
100
AcDbText
  0
LWPOLYLINE
  5
210
330
17
100
AcDbEntity
  8
爆区方格网
 62
4
100
AcDbPolyline
 90
5
 70
1
 10
470064.567
 20
4349642.688
 10
470064.567
 20
4349643.688
 10
470065.567
 20
4349643.688
 10
470065.567
 20
4349642.688
 10
470064.567
 20
4349642.688
  0
TEXT
  5
211
330
17
100
AcDbEntity
  8
0
 62
4
100
AcDbText
 10
470064.907
 20
4349643.118
 30
0.0
 40
0.1333
  1
0.99
  7
CN_TTF
 11
470064.907
 21
4349643.118
 31
0.0
100
AcDbText
  0
LWPOLYLINE
  5
212
330
17
100
AcDbEntity
  8
爆区方格网
 62
4
100
AcDbPolyline
 90
5
 70
1
 10
470064.567
 20
4349643.688
 10
470064.567
 20
4349644.688
 10
470065.567
 20
4349644.688
 10
470065.567
 20
4349643.688
 10
470064.567
 20
4349643.688
  0
TEXT
  5
213
330
17
100
AcDbEntity
  8
0
 62
4
100
AcDbText
 10
470064.907
 20
4349644.118
 30
0.0
 40
0.1333
  1
0.99
  7
CN_TTF
 11
470064.907
 21
4349644.118
 31
0.0
100
AcDbText
  0
LWPOLYLINE
  5
214
330
17
100
AcDbEntity
  8
爆区方格网
 62
4
100
AcDbPolyline
 90
5
 70
1
 10
470064.567
 20
4349644.688
 10
470064.567
 20
4349645.688
 10
470065.567
 20
4349645.688
 10
470065.567
 20
4349644.688
 10
470064.567
 20
4349644.688
  0
TEXT
  5
215
330
17
100
AcDbEntity
  8
0
 62
4
100
AcDbText
 10
470064.907
 20
4349645.118
 30
0.0
 40
0.1333
  1
0.99
  7
CN_TTF
 11
470064.907
 21
4349645.118
 31
0.0
100
AcDbText
  0
LWPOLYLINE
  5
216
330
17
100
AcDbEntity
  8
爆区方格网
 62
4
100
AcDbPolyline
 90
5
 70
1
 10
470064.567
 20
4349645.688
 10
470064.567
 20
4349646.688
 10
470065.567
 20
4349646.688
 10
470065.567
 20
4349645.688
 10
470064.567
 20
4349645.688
  0
TEXT
  5
217
330
17
100
AcDbEntity
  8
0
 62
4
100
AcDbText
 10
470064.907
 20
4349646.118
 30
0.0
 40
0.1333
  1
0.99
  7
CN_TTF
 11
470064.907
 21
4349646.118
 31
0.0
100
AcDbText
  0
LWPOLYLINE
  5
218
330
17
100
AcDbEntity
  8
爆区方格网
 62
4
100
AcDbPolyline
 90
5
 70
1
 10
470064.567
 20
4349646.688
 10
470064.567
 20
4349647.688
 10
470065.567
 20
4349647.688
 10
470065.567
 20
4349646.688
 10
470064.567
 20
4349646.688
  0
TEXT
  5
219
330
17
100
AcDbEntity
  8
0
 62
4
100
AcDbText
 10
470064.907
 20
4349647.118
 30
0.0
 40
0.1333
  1
0.99
  7
CN_TTF
 11
470064.907
 21
4349647.118
 31
0.0
100
AcDbText
  0
LWPOLYLINE
  5
21A
330
17
100
AcDbEntity
  8
爆区方格网
 62
4
100
AcDbPolyline
 90
5
 70
1
 10
470064.567
 20
4349652.688
 10
470065.567
 20
4349652.688
 10
470065.567
 20
4349652.236705291
 10
470064.567
 20
4349652.020007278
 10
470064.567
 20
4349652.688
  0
TEXT
  5
21B
330
17
100
AcDbEntity
  8
0
 62
4
100
AcDbText
 10
470064.907
 20
4349652.392352645
 30
0.0
 40
0.1333
  1
0.99
  7
CN_TTF
 11
470064.907
 21
4349652.392352645
 31
0.0
100
AcDbText
  0
LWPOLYLINE
  5
21C
330
17
100
AcDbEntity
  8
爆区方格网
 62
4
100
AcDbPolyline
 90
5
 70
1
 10
470064.567
 20
4349652.688
 10
470064.567
 20
4349653.688
 10
470065.567
 20
4349653.688
 10
470065.567
 20
4349652.688
 10
470064.567
 20
4349652.688
  0
TEXT
  5
21D
330
17
100
AcDbEntity
  8
0
 62
4
100
AcDbText
 10
470064.907
 20
4349653.118
 30
0.0
 40
0.1333
  1
0.99
  7
CN_TTF
 11
470064.907
 21
4349653.118
 31
0.0
100
AcDbText
  0
LWPOLYLINE
  5
21E
330
17
100
AcDbEntity
  8
爆区方格网
 62
4
100
AcDbPolyline
 90
5
 70
1
 10
470064.567
 20
4349653.688
 10
470064.567
 20
4349654.688
 10
470065.567
 20
4349654.688
 10
470065.567
 20
4349653.688
 10
470064.567
 20
4349653.688
  0
TEXT
  5
21F
330
17
100
AcDbEntity
  8
0
 62
4
100
AcDbText
 10
470064.907
 20
4349654.118
 30
0.0
 40
0.1333
  1
0.99
  7
CN_TTF
 11
470064.907
 21
4349654.118
 31
0.0
100
AcDbText
  0
LWPOLYLINE
  5
220
330
17
100
AcDbEntity
  8
爆区方格网
 62
4
100
AcDbPolyline
 90
5
 70
1
 10
470064.567
 20
4349654.688
 10
470064.567
 20
4349655.688
 10
470065.567
 20
4349655.688
 10
470065.567
 20
4349654.688
 10
470064.567
 20
4349654.688
  0
TEXT
  5
221
330
17
100
AcDbEntity
  8
0
 62
4
100
AcDbText
 10
470064.907
 20
4349655.118
 30
0.0
 40
0.1333
  1
0.99
  7
CN_TTF
 11
470064.907
 21
4349655.118
 31
0.0
100
AcDbText
  0
LWPOLYLINE
  5
222
330
17
100
AcDbEntity
  8
爆区方格网
 62
4
100
AcDbPolyline
 90
5
 70
1
 10
470065.567
 20
4349655.688
 10
470064.567
 20
4349655.688
 10
470064.567
 20
4349656.345801579
 10
470065.567
 20
4349656.543234945
 10
470065.567
 20
4349655.688
  0
TEXT
  5
223
330
17
100
AcDbEntity
  8
0
 62
4
100
AcDbText
 10
470064.907
 20
4349655.946900789
 30
0.0
 40
0.1333
  1
0.99
  7
CN_TTF
 11
470064.907
 21
4349655.946900789
 31
0.0
100
AcDbText
  0
LWPOLYLINE
  5
224
330
17
100
AcDbEntity
  8
爆区方格网
 62
4
100
AcDbPolyline
 90
5
 70
1
 10
470065.567
 20
4349639.688
 10
470065.567
 20
4349640.688
 10
470066.567
 20
4349640.688
 10
470066.567
 20
4349639.688
 10
470065.567
 20
4349639.688
  0
TEXT
  5
225
330
17
100
AcDbEntity
  8
0
 62
4
100
AcDbText
 10
470065.907
 20
4349640.118
 30
0.0
 40
0.1333
  1
0.99
  7
CN_TTF
 11
470065.907
 21
4349640.118
 31
0.0
100
AcDbText
  0
LWPOLYLINE
  5
226
330
17
100
AcDbEntity
  8
爆区方格网
 62
4
100
AcDbPolyline
 90
5
 70
1
 10
470065.567
 20
4349640.688
 10
470065.567
 20
4349641.688
 10
470066.567
 20
4349641.688
 10
470066.567
 20
4349640.688
 10
470065.567
 20
4349640.688
  0
TEXT
  5
227
330
17
100
AcDbEntity
  8
0
 62
4
100
AcDbText
 10
470065.907
 20
4349641.118
 30
0.0
 40
0.1333
  1
0.99
  7
CN_TTF
 11
470065.907
 21
4349641.118
 31
0.0
100
AcDbText
  0
LWPOLYLINE
  5
228
330
17
100
AcDbEntity
  8
爆区方格网
 62
4
100
AcDbPolyline
 90
5
 70
1
 10
470065.567
 20
4349641.688
 10
470065.567
 20
4349642.688
 10
470066.567
 20
4349642.688
 10
470066.567
 20
4349641.688
 10
470065.567
 20
4349641.688
  0
TEXT
  5
229
330
17
100
AcDbEntity
  8
0
 62
4
100
AcDbText
 10
470065.907
 20
4349642.118
 30
0.0
 40
0.1333
  1
0.99
  7
CN_TTF
 11
470065.907
 21
4349642.118
 31
0.0
100
AcDbText
  0
LWPOLYLINE
  5
22A
330
17
100
AcDbEntity
  8
爆区方格网
 62
4
100
AcDbPolyline
 90
5
 70
1
 10
470065.567
 20
4349642.688
 10
470065.567
 20
4349643.688
 10
470066.567
 20
4349643.688
 10
470066.567
 20
4349642.688
 10
470065.567
 20
4349642.688
  0
TEXT
  5
22B
330
17
100
AcDbEntity
  8
0
 62
4
100
AcDbText
 10
470065.907
 20
4349643.118
 30
0.0
 40
0.1333
  1
0.99
  7
CN_TTF
 11
470065.907
 21
4349643.118
 31
0.0
100
AcDbText
  0
LWPOLYLINE
  5
22C
330
17
100
AcDbEntity
  8
爆区方格网
 62
4
100
AcDbPolyline
 90
5
 70
1
 10
470065.567
 20
4349643.688
 10
470065.567
 20
4349644.688
 10
470066.567
 20
4349644.688
 10
470066.567
 20
4349643.688
 10
470065.567
 20
4349643.688
  0
TEXT
  5
22D
330
17
100
AcDbEntity
  8
0
 62
4
100
AcDbText
 10
470065.907
 20
4349644.118
 30
0.0
 40
0.1333
  1
0.99
  7
CN_TTF
 11
470065.907
 21
4349644.118
 31
0.0
100
AcDbText
  0
LWPOLYLINE
  5
22E
330
17
100
AcDbEntity
  8
爆区方格网
 62
4
100
AcDbPolyline
 90
5
 70
1
 10
470065.567
 20
4349644.688
 10
470065.567
 20
4349645.688
 10
470066.567
 20
4349645.688
 10
470066.567
 20
4349644.688
 10
470065.567
 20
4349644.688
  0
TEXT
  5
22F
330
17
100
AcDbEntity
  8
0
 62
4
100
AcDbText
 10
470065.907
 20
4349645.118
 30
0.0
 40
0.1333
  1
0.99
  7
CN_TTF
 11
470065.907
 21
4349645.118
 31
0.0
100
AcDbText
  0
LWPOLYLINE
  5
230
330
17
100
AcDbEntity
  8
爆区方格网
 62
4
100
AcDbPolyline
 90
5
 70
1
 10
470065.567
 20
4349645.688
 10
470065.567
 20
4349646.688
 10
470066.567
 20
4349646.688
 10
470066.567
 20
4349645.688
 10
470065.567
 20
4349645.688
  0
TEXT
  5
231
330
17
100
AcDbEntity
  8
0
 62
4
100
AcDbText
 10
470065.907
 20
4349646.118
 30
0.0
 40
0.1333
  1
0.99
  7
CN_TTF
 11
470065.907
 21
4349646.118
 31
0.0
100
AcDbText
  0
LWPOLYLINE
  5
232
330
17
100
AcDbEntity
  8
爆区方格网
 62
4
100
AcDbPolyline
 90
5
 70
1
 10
470065.567
 20
4349646.688
 10
470065.567
 20
4349647.688
 10
470066.567
 20
4349647.688
 10
470066.567
 20
4349646.688
 10
470065.567
 20
4349646.688
  0
TEXT
  5
233
330
17
100
AcDbEntity
  8
0
 62
4
100
AcDbText
 10
470065.907
 20
4349647.118
 30
0.0
 40
0.1333
  1
0.99
  7
CN_TTF
 11
470065.907
 21
4349647.118
 31
0.0
100
AcDbText
  0
LWPOLYLINE
  5
234
330
17
100
AcDbEntity
  8
爆区方格网
 62
4
100
AcDbPolyline
 90
5
 70
1
 10
470065.567
 20
4349652.688
 10
470065.567
 20
4349653.688
 10
470066.567
 20
4349653.688
 10
470066.567
 20
4349652.688
 10
470065.567
 20
4349652.688
  0
TEXT
  5
235
330
17
100
AcDbEntity
  8
0
 62
4
100
AcDbText
 10
470065.907
 20
4349653.118
 30
0.0
 40
0.1333
  1
0.99
  7
CN_TTF
 11
470065.907
 21
4349653.118
 31
0.0
100
AcDbText
  0
LWPOLYLINE
  5
236
330
17
100
AcDbEntity
  8
爆区方格网
 62
4
100
AcDbPolyline
 90
5
 70
1
 10
470065.567
 20
4349653.688
 10
470065.567
 20
4349654.688
 10
470066.567
 20
4349654.688
 10
470066.567
 20
4349653.688
 10
470065.567
 20
4349653.688
  0
TEXT
  5
237
330
17
100
AcDbEntity
  8
0
 62
4
100
AcDbText
 10
470065.907
 20
4349654.118
 30
0.0
 40
0.1333
  1
0.99
  7
CN_TTF
 11
470065.907
 21
4349654.118
 31
0.0
100
AcDbText
  0
LWPOLYLINE
  5
238
330
17
100
AcDbEntity
  8
爆区方格网
 62
4
100
AcDbPolyline
 90
5
 70
1
 10
470065.567
 20
4349654.688
 10
470065.567
 20
4349655.688
 10
470066.567
 20
4349655.688
 10
470066.567
 20
4349654.688
 10
470065.567
 20
4349654.688
  0
TEXT
  5
239
330
17
100
AcDbEntity
  8
0
 62
4
100
AcDbText
 10
470065.907
 20
4349655.118
 30
0.0
 40
0.1333
  1
0.99
  7
CN_TTF
 11
470065.907
 21
4349655.118
 31
0.0
100
AcDbText
  0
LWPOLYLINE
  5
23A
330
17
100
AcDbEntity
  8
爆区方格网
 62
4
100
AcDbPolyline
 90
7
 70
1
 10
470066.567
 20
4349656.688
 10
470066.567
 20
4349655.688
 10
470065.567
 20
4349655.688
 10
470065.567
 20
4349656.543234945
 10
470066.204
 20
4349656.669
 10
470066.21555937815
 20
4349656.688
 10
470066.567
 20
4349656.688
  0
TEXT
  5
23B
330
17
100
AcDbEntity
  8
0
 62
4
100
AcDbText
 10
470065.907
 20
4349656.045617472
 30
0.0
 40
0.1333
  1
0.99
  7
CN_TTF
 11
470065.907
 21
4349656.045617472
 31
0.0
100
AcDbText
  0
LWPOLYLINE
  5
23C
330
17
100
AcDbEntity
  8
爆区方格网
 62
4
100
AcDbPolyline
 90
5
 70
1
 10
470066.567
 20
4349639.688
 10
470066.567
 20
4349640.688
 10
470067.567
 20
4349640.688
 10
470067.567
 20
4349639.688
 10
470066.567
 20
4349639.688
  0
TEXT
  5
23D
330
17
100
AcDbEntity
  8
0
 62
4
100
AcDbText
 10
470066.907
 20
4349640.118
 30
0.0
 40
0.1333
  1
0.99
  7
CN_TTF
 11
470066.907
 21
4349640.118
 31
0.0
100
AcDbText
  0
LWPOLYLINE
  5
23E
330
17
100
AcDbEntity
  8
爆区方格网
 62
4
100
AcDbPolyline
 90
5
 70
1
 10
470066.567
 20
4349640.688
 10
470066.567
 20
4349641.688
 10
470067.567
 20
4349641.688
 10
470067.567
 20
4349640.688
 10
470066.567
 20
4349640.688
  0
TEXT
  5
23F
330
17
100
AcDbEntity
  8
0
 62
4
100
AcDbText
 10
470066.907
 20
4349641.118
 30
0.0
 40
0.1333
  1
0.99
  7
CN_TTF
 11
470066.907
 21
4349641.118
 31
0.0
100
AcDbText
  0
LWPOLYLINE
  5
240
330
17
100
AcDbEntity
  8
爆区方格网
 62
4
100
AcDbPolyline
 90
5
 70
1
 10
470066.567
 20
4349641.688
 10
470066.567
 20
4349642.688
 10
470067.567
 20
4349642.688
 10
470067.567
 20
4349641.688
 10
470066.567
 20
4349641.688
  0
TEXT
  5
241
330
17
100
AcDbEntity
  8
0
 62
4
100
AcDbText
 10
470066.907
 20
4349642.118
 30
0.0
 40
0.1333
  1
0.99
  7
CN_TTF
 11
470066.907
 21
4349642.118
 31
0.0
100
AcDbText
  0
LWPOLYLINE
  5
242
330
17
100
AcDbEntity
  8
爆区方格网
 62
4
100
AcDbPolyline
 90
5
 70
1
 10
470066.567
 20
4349642.688
 10
470066.567
 20
4349643.688
 10
470067.567
 20
4349643.688
 10
470067.567
 20
4349642.688
 10
470066.567
 20
4349642.688
  0
TEXT
  5
243
330
17
100
AcDbEntity
  8
0
 62
4
100
AcDbText
 10
470066.907
 20
4349643.118
 30
0.0
 40
0.1333
  1
0.99
  7
CN_TTF
 11
470066.907
 21
4349643.118
 31
0.0
100
AcDbText
  0
LWPOLYLINE
  5
244
330
17
100
AcDbEntity
  8
爆区方格网
 62
4
100
AcDbPolyline
 90
5
 70
1
 10
470066.567
 20
4349643.688
 10
470066.567
 20
4349644.688
 10
470067.567
 20
4349644.688
 10
470067.567
 20
4349643.688
 10
470066.567
 20
4349643.688
  0
TEXT
  5
245
330
17
100
AcDbEntity
  8
0
 62
4
100
AcDbText
 10
470066.907
 20
4349644.118
 30
0.0
 40
0.1333
  1
0.99
  7
CN_TTF
 11
470066.907
 21
4349644.118
 31
0.0
100
AcDbText
  0
LWPOLYLINE
  5
246
330
17
100
AcDbEntity
  8
爆区方格网
 62
4
100
AcDbPolyline
 90
5
 70
1
 10
470066.567
 20
4349644.688
 10
470066.567
 20
4349645.688
 10
470067.567
 20
4349645.688
 10
470067.567
 20
4349644.688
 10
470066.567
 20
4349644.688
  0
TEXT
  5
247
330
17
100
AcDbEntity
  8
0
 62
4
100
AcDbText
 10
470066.907
 20
4349645.118
 30
0.0
 40
0.1333
  1
0.99
  7
CN_TTF
 11
470066.907
 21
4349645.118
 31
0.0
100
AcDbText
  0
LWPOLYLINE
  5
248
330
17
100
AcDbEntity
  8
爆区方格网
 62
4
100
AcDbPolyline
 90
5
 70
1
 10
470066.567
 20
4349645.688
 10
470066.567
 20
4349646.688
 10
470067.567
 20
4349646.688
 10
470067.567
 20
4349645.688
 10
470066.567
 20
4349645.688
  0
TEXT
  5
249
330
17
100
AcDbEntity
  8
0
 62
4
100
AcDbText
 10
470066.907
 20
4349646.118
 30
0.0
 40
0.1333
  1
0.99
  7
CN_TTF
 11
470066.907
 21
4349646.118
 31
0.0
100
AcDbText
  0
LWPOLYLINE
  5
24A
330
17
100
AcDbEntity
  8
爆区方格网
 62
4
100
AcDbPolyline
 90
5
 70
1
 10
470066.567
 20
4349646.688
 10
470066.567
 20
4349647.688
 10
470067.567
 20
4349647.688
 10
470067.567
 20
4349646.688
 10
470066.567
 20
4349646.688
  0
TEXT
  5
24B
330
17
100
AcDbEntity
  8
0
 62
4
100
AcDbText
 10
470066.907
 20
4349647.118
 30
0.0
 40
0.1333
  1
0.99
  7
CN_TTF
 11
470066.907
 21
4349647.118
 31
0.0
100
AcDbText
  0
LWPOLYLINE
  5
24C
330
17
100
AcDbEntity
  8
爆区方格网
 62
4
100
AcDbPolyline
 90
5
 70
1
 10
470066.567
 20
4349652.688
 10
470066.567
 20
4349653.688
 10
470067.567
 20
4349653.688
 10
470067.567
 20
4349652.688
 10
470066.567
 20
4349652.688
  0
TEXT
  5
24D
330
17
100
AcDbEntity
  8
0
 62
4
100
AcDbText
 10
470066.907
 20
4349653.118
 30
0.0
 40
0.1333
  1
0.99
  7
CN_TTF
 11
470066.907
 21
4349653.118
 31
0.0
100
AcDbText
  0
LWPOLYLINE
  5
24E
330
17
100
AcDbEntity
  8
爆区方格网
 62
4
100
AcDbPolyline
 90
5
 70
1
 10
470066.567
 20
4349653.688
 10
470066.567
 20
4349654.688
 10
470067.567
 20
4349654.688
 10
470067.567
 20
4349653.688
 10
470066.567
 20
4349653.688
  0
TEXT
  5
24F
330
17
100
AcDbEntity
  8
0
 62
4
100
AcDbText
 10
470066.907
 20
4349654.118
 30
0.0
 40
0.1333
  1
0.99
  7
CN_TTF
 11
470066.907
 21
4349654.118
 31
0.0
100
AcDbText
  0
LWPOLYLINE
  5
250
330
17
100
AcDbEntity
  8
爆区方格网
 62
4
100
AcDbPolyline
 90
5
 70
1
 10
470066.567
 20
4349654.688
 10
470066.567
 20
4349655.688
 10
470067.567
 20
4349655.688
 10
470067.567
 20
4349654.688
 10
470066.567
 20
4349654.688
  0
TEXT
  5
251
330
17
100
AcDbEntity
  8
0
 62
4
100
AcDbText
 10
470066.907
 20
4349655.118
 30
0.0
 40
0.1333
  1
0.99
  7
CN_TTF
 11
470066.907
 21
4349655.118
 31
0.0
100
AcDbText
  0
LWPOLYLINE
  5
252
330
17
100
AcDbEntity
  8
爆区方格网
 62
4
100
AcDbPolyline
 90
5
 70
1
 10
470066.567
 20
4349655.688
 10
470066.567
 20
4349656.688
 10
470067.567
 20
4349656.688
 10
470067.567
 20
4349655.688
 10
470066.567
 20
4349655.688
  0
TEXT
  5
253
330
17
100
AcDbEntity
  8
0
 62
4
100
AcDbText
 10
470066.907
 20
4349656.118
 30
0.0
 40
0.1333
  1
0.99
  7
CN_TTF
 11
470066.907
 21
4349656.118
 31
0.0
100
AcDbText
  0
LWPOLYLINE
  5
254
330
17
100
AcDbEntity
  8
爆区方格网
 62
4
100
AcDbPolyline
 90
6
 70
1
 10
470067.567
 20
4349657.688
 10
470067.567
 20
4349656.688
 10
470066.567
 20
4349656.688
 10
470066.567
 20
4349657.265658404
 10
470066.82394769095
 20
4349657.688
 10
470067.567
 20
4349657.688
  0
TEXT
  5
255
330
17
100
AcDbEntity
  8
0
 62
4
100
AcDbText
 10
470066.907
 20
4349656.906829202
 30
0.0
 40
0.1333
  1
0.99
  7
CN_TTF
 11
470066.907
 21
4349656.906829202
 31
0.0
100
AcDbText
  0
LWPOLYLINE
  5
256
330
17
100
AcDbEntity
  8
爆区方格网
 62
4
100
AcDbPolyline
 90
5
 70
1
 10
470067.567
 20
4349661.688
 10
470067.567
 20
4349660.688
 10
470067.10971444985
 20
4349660.688
 10
470066.9066118931
 20
4349661.688
 10
470067.567
 20
4349661.688
  0
TEXT
  5
257
330
17
100
AcDbEntity
  8
0
 62
4
100
AcDbText
 10
470067.1275815857
 20
4349661.118
 30
0.0
 40
0.1333
  1
0.99
  7
CN_TTF
 11
470067.1275815857
 21
4349661.118
 31
0.0
100
AcDbText
  0
LWPOLYLINE
  5
258
330
17
100
AcDbEntity
  8
爆区方格网
 62
4
100
AcDbPolyline
 90
5
 70
1
 10
470067.567
 20
4349661.688
 10
470066.9066118931
 20
4349661.688
 10
470066.788
 20
4349662.272
 10
470067.567
 20
4349662.354750612
 10
470067.567
 20
4349661.688
  0
TEXT
  5
259
330
17
100
AcDbEntity
  8
0
 62
4
100
AcDbText
 10
470067.04715297325
 20
4349661.91
 30
0.0
 40
0.1333
  1
0.99
  7
CN_TTF
 11
470067.04715297325
 21
4349661.91
 31
0.0
100
AcDbText
  0
LWPOLYLINE
  5
25A
330
17
100
AcDbEntity
  8
爆区方格网
 62
4
100
AcDbPolyline
 90
6
 70
1
 10
470067.567
 20
4349639.688
 10
470067.567
 20
4349640.688
 10
470068.567
 20
4349640.688
 10
470068.567
 20
4349639.752095013
 10
470067.8217434597
 20
4349639.688
 10
470067.567
 20
4349639.688
  0
TEXT
  5
25B
330
17
100
AcDbEntity
  8
0
 62
4
100
AcDbText
 10
470067.907
 20
4349640.150047506
 30
0.0
 40
0.1333
  1
0.99
  7
CN_TTF
 11
470067.907
 21
4349640.150047506
 31
0.0
100
AcDbText
  0
LWPOLYLINE
  5
25C
330
17
100
AcDbEntity
  8
爆区方格网
 62
4
100
AcDbPolyline
 90
5
 70
1
 10
470067.567
 20
4349640.688
 10
470067.567
 20
4349641.688
 10
470068.567
 20
4349641.688
 10
470068.567
 20
4349640.688
 10
470067.567
 20
4349640.688
  0
TEXT
  5
25D
330
17
100
AcDbEntity
  8
0
 62
4
100
AcDbText
 10
470067.907
 20
4349641.118
 30
0.0
 40
0.1333
  1
0.99
  7
CN_TTF
 11
470067.907
 21
4349641.118
 31
0.0
100
AcDbText
  0
LWPOLYLINE
  5
25E
330
17
100
AcDbEntity
  8
爆区方格网
 62
4
100
AcDbPolyline
 90
5
 70
1
 10
470067.567
 20
4349641.688
 10
470067.567
 20
4349642.688
 10
470068.567
 20
4349642.688
 10
470068.567
 20
4349641.688
 10
470067.567
 20
4349641.688
  0
TEXT
  5
25F
330
17
100
AcDbEntity
  8
0
 62
4
100
AcDbText
 10
470067.907
 20
4349642.118
 30
0.0
 40
0.1333
  1
0.99
  7
CN_TTF
 11
470067.907
 21
4349642.118
 31
0.0
100
AcDbText
  0
LWPOLYLINE
  5
260
330
17
100
AcDbEntity
  8
爆区方格网
 62
4
100
AcDbPolyline
 90
5
 70
1
 10
470067.567
 20
4349642.688
 10
470067.567
 20
4349643.688
 10
470068.567
 20
4349643.688
 10
470068.567
 20
4349642.688
 10
470067.567
 20
4349642.688
  0
TEXT
  5
261
330
17
100
AcDbEntity
  8
0
 62
4
100
AcDbText
 10
470067.907
 20
4349643.118
 30
0.0
 40
0.1333
  1
0.99
  7
CN_TTF
 11
470067.907
 21
4349643.118
 31
0.0
100
AcDbText
  0
LWPOLYLINE
  5
262
330
17
100
AcDbEntity
  8
爆区方格网
 62
4
100
AcDbPolyline
 90
5
 70
1
 10
470067.567
 20
4349643.688
 10
470067.567
 20
4349644.688
 10
470068.567
 20
4349644.688
 10
470068.567
 20
4349643.688
 10
470067.567
 20
4349643.688
  0
TEXT
  5
263
330
17
100
AcDbEntity
  8
0
 62
4
100
AcDbText
 10
470067.907
 20
4349644.118
 30
0.0
 40
0.1333
  1
0.99
  7
CN_TTF
 11
470067.907
 21
4349644.118
 31
0.0
100
AcDbText
  0
LWPOLYLINE
  5
264
330
17
100
AcDbEntity
  8
爆区方格网
 62
4
100
AcDbPolyline
 90
5
 70
1
 10
470067.567
 20
4349644.688
 10
470067.567
 20
4349645.688
 10
470068.567
 20
4349645.688
 10
470068.567
 20
4349644.688
 10
470067.567
 20
4349644.688
  0
TEXT
  5
265
330
17
100
AcDbEntity
  8
0
 62
4
100
AcDbText
 10
470067.907
 20
4349645.118
 30
0.0
 40
0.1333
  1
0.99
  7
CN_TTF
 11
470067.907
 21
4349645.118
 31
0.0
100
AcDbText
  0
LWPOLYLINE
  5
266
330
17
100
AcDbEntity
  8
爆区方格网
 62
4
100
AcDbPolyline
 90
5
 70
1
 10
470067.567
 20
4349645.688
 10
470067.567
 20
4349646.688
 10
470068.567
 20
4349646.688
 10
470068.567
 20
4349645.688
 10
470067.567
 20
4349645.688
  0
TEXT
  5
267
330
17
100
AcDbEntity
  8
0
 62
4
100
AcDbText
 10
470067.907
 20
4349646.118
 30
0.0
 40
0.1333
  1
0.99
  7
CN_TTF
 11
470067.907
 21
4349646.118
 31
0.0
100
AcDbText
  0
LWPOLYLINE
  5
268
330
17
100
AcDbEntity
  8
爆区方格网
 62
4
100
AcDbPolyline
 90
5
 70
1
 10
470067.567
 20
4349646.688
 10
470067.567
 20
4349647.688
 10
470068.567
 20
4349647.688
 10
470068.567
 20
4349646.688
 10
470067.567
 20
4349646.688
  0
TEXT
  5
269
330
17
100
AcDbEntity
  8
0
 62
4
100
AcDbText
 10
470067.907
 20
4349647.118
 30
0.0
 40
0.1333
  1
0.99
  7
CN_TTF
 11
470067.907
 21
4349647.118
 31
0.0
100
AcDbText
  0
LWPOLYLINE
  5
26A
330
17
100
AcDbEntity
  8
爆区方格网
 62
4
100
AcDbPolyline
 90
6
 70
1
 10
470068.567
 20
4349648.688
 10
470068.567
 20
4349647.688
 10
470067.567
 20
4349647.688
 10
470067.567
 20
4349648.469880332
 10
470067.8861902903
 20
4349648.688
 10
470068.567
 20
4349648.688
  0
TEXT
  5
26B
330
17
100
AcDbEntity
  8
0
 62
4
100
AcDbText
 10
470067.907
 20
4349648.008940166
 30
0.0
 40
0.1333
  1
0.99
  7
CN_TTF
 11
470067.907
 21
4349648.008940166
 31
0.0
100
AcDbText
  0
LWPOLYLINE
  5
26C
330
17
100
AcDbEntity
  8
爆区方格网
 62
4
100
AcDbPolyline
 90
5
 70
1
 10
470067.567
 20
4349652.688
 10
470067.567
 20
4349653.688
 10
470068.567
 20
4349653.688
 10
470068.567
 20
4349652.688
 10
470067.567
 20
4349652.688
  0
TEXT
  5
26D
330
17
100
AcDbEntity
  8
0
 62
4
100
AcDbText
 10
470067.907
 20
4349653.118
 30
0.0
 40
0.1333
  1
0.99
  7
CN_TTF
 11
470067.907
 21
4349653.118
 31
0.0
100
AcDbText
  0
LWPOLYLINE
  5
26E
330
17
100
AcDbEntity
  8
爆区方格网
 62
4
100
AcDbPolyline
 90
5
 70
1
 10
470067.567
 20
4349653.688
 10
470067.567
 20
4349654.688
 10
470068.567
 20
4349654.688
 10
470068.567
 20
4349653.688
 10
470067.567
 20
4349653.688
  0
TEXT
  5
26F
330
17
100
AcDbEntity
  8
0
 62
4
100
AcDbText
 10
470067.907
 20
4349654.118
 30
0.0
 40
0.1333
  1
0.99
  7
CN_TTF
 11
470067.907
 21
4349654.118
 31
0.0
100
AcDbText
  0
LWPOLYLINE
  5
270
330
17
100
AcDbEntity
  8
爆区方格网
 62
4
100
AcDbPolyline
 90
5
 70
1
 10
470067.567
 20
4349654.688
 10
470067.567
 20
4349655.688
 10
470068.567
 20
4349655.688
 10
470068.567
 20
4349654.688
 10
470067.567
 20
4349654.688
  0
TEXT
  5
271
330
17
100
AcDbEntity
  8
0
 62
4
100
AcDbText
 10
470067.907
 20
4349655.118
 30
0.0
 40
0.1333
  1
0.99
  7
CN_TTF
 11
470067.907
 21
4349655.118
 31
0.0
100
AcDbText
  0
LWPOLYLINE
  5
272
330
17
100
AcDbEntity
  8
爆区方格网
 62
4
100
AcDbPolyline
 90
5
 70
1
 10
470067.567
 20
4349655.688
 10
470067.567
 20
4349656.688
 10
470068.567
 20
4349656.688
 10
470068.567
 20
4349655.688
 10
470067.567
 20
4349655.688
  0
TEXT
  5
273
330
17
100
AcDbEntity
  8
0
 62
4
100
AcDbText
 10
470067.907
 20
4349656.118
 30
0.0
 40
0.1333
  1
0.99
  7
CN_TTF
 11
470067.907
 21
4349656.118
 31
0.0
100
AcDbText
  0
LWPOLYLINE
  5
274
330
17
100
AcDbEntity
  8
爆区方格网
 62
4
100
AcDbPolyline
 90
5
 70
1
 10
470067.567
 20
4349656.688
 10
470067.567
 20
4349657.688
 10
470068.567
 20
4349657.688
 10
470068.567
 20
4349656.688
 10
470067.567
 20
4349656.688
  0
TEXT
  5
275
330
17
100
AcDbEntity
  8
0
 62
4
100
AcDbText
 10
470067.907
 20
4349657.118
 30
0.0
 40
0.1333
  1
0.99
  7
CN_TTF
 11
470067.907
 21
4349657.118
 31
0.0
100
AcDbText
  0
LWPOLYLINE
  5
276
330
17
100
AcDbEntity
  8
爆区方格网
 62
4
100
AcDbPolyline
 90
5
 70
1
 10
470067.567
 20
4349657.688
 10
470067.567
 20
4349658.688
 10
470068.567
 20
4349658.688
 10
470068.567
 20
4349657.688
 10
470067.567
 20
4349657.688
  0
TEXT
  5
277
330
17
100
AcDbEntity
  8
0
 62
4
100
AcDbText
 10
470067.907
 20
4349658.118
 30
0.0
 40
0.1333
  1
0.99
  7
CN_TTF
 11
470067.907
 21
4349658.118
 31
0.0
100
AcDbText
  0
LWPOLYLINE
  5
278
330
17
100
AcDbEntity
  8
爆区方格网
 62
4
100
AcDbPolyline
 90
5
 70
1
 10
470067.567
 20
4349658.688
 10
470067.567
 20
4349659.688
 10
470068.567
 20
4349659.688
 10
470068.567
 20
4349658.688
 10
470067.567
 20
4349658.688
  0
TEXT
  5
279
330
17
100
AcDbEntity
  8
0
 62
4
100
AcDbText
 10
470067.907
 20
4349659.118
 30
0.0
 40
0.1333
  1
0.99
  7
CN_TTF
 11
470067.907
 21
4349659.118
 31
0.0
100
AcDbText
  0
LWPOLYLINE
  5
27A
330
17
100
AcDbEntity
  8
爆区方格网
 62
4
100
AcDbPolyline
 90
5
 70
1
 10
470067.567
 20
4349659.688
 10
470067.567
 20
4349660.688
 10
470068.567
 20
4349660.688
 10
470068.567
 20
4349659.688
 10
470067.567
 20
4349659.688
  0
TEXT
  5
27B
330
17
100
AcDbEntity
  8
0
 62
4
100
AcDbText
 10
470067.907
 20
4349660.118
 30
0.0
 40
0.1333
  1
0.99
  7
CN_TTF
 11
470067.907
 21
4349660.118
 31
0.0
100
AcDbText
  0
LWPOLYLINE
  5
27C
330
17
100
AcDbEntity
  8
爆区方格网
 62
4
100
AcDbPolyline
 90
5
 70
1
 10
470067.567
 20
4349660.688
 10
470067.567
 20
4349661.688
 10
470068.567
 20
4349661.688
 10
470068.567
 20
4349660.688
 10
470067.567
 20
4349660.688
  0
TEXT
  5
27D
330
17
100
AcDbEntity
  8
0
 62
4
100
AcDbText
 10
470067.907
 20
4349661.118
 30
0.0
 40
0.1333
  1
0.99
  7
CN_TTF
 11
470067.907
 21
4349661.118
 31
0.0
100
AcDbText
  0
LWPOLYLINE
  5
27E
330
17
100
AcDbEntity
  8
爆区方格网
 62
4
100
AcDbPolyline
 90
5
 70
1
 10
470068.567
 20
4349661.688
 10
470067.567
 20
4349661.688
 10
470067.567
 20
4349662.354750612
 10
470068.567
 20
4349662.460977328
 10
470068.567
 20
4349661.688
  0
TEXT
  5
27F
330
17
100
AcDbEntity
  8
0
 62
4
100
AcDbText
 10
470067.907
 20
4349661.951375306
 30
0.0
 40
0.1333
  1
0.99
  7
CN_TTF
 11
470067.907
 21
4349661.951375306
 31
0.0
100
AcDbText
  0
LWPOLYLINE
  5
280
330
17
100
AcDbEntity
  8
爆区方格网
 62
4
100
AcDbPolyline
 90
5
 70
1
 10
470068.567
 20
4349640.688
 10
470069.567
 20
4349640.688
 10
470069.567
 20
4349639.838098972
 10
470068.567
 20
4349639.752095013
 10
470068.567
 20
4349640.688
  0
TEXT
  5
281
330
17
100
AcDbEntity
  8
0
 62
4
100
AcDbText
 10
470068.907
 20
4349640.193049486
 30
0.0
 40
0.1333
  1
0.99
  7
CN_TTF
 11
470068.907
 21
4349640.193049486
 31
0.0
100
AcDbText
  0
LWPOLYLINE
  5
282
330
17
100
AcDbEntity
  8
爆区方格网
 62
4
100
AcDbPolyline
 90
5
 70
1
 10
470068.567
 20
4349640.688
 10
470068.567
 20
4349641.688
 10
470069.567
 20
4349641.688
 10
470069.567
 20
4349640.688
 10
470068.567
 20
4349640.688
  0
TEXT
  5
283
330
17
100
AcDbEntity
  8
0
 62
4
100
AcDbText
 10
470068.907
 20
4349641.118
 30
0.0
 40
0.1333
  1
0.99
  7
CN_TTF
 11
470068.907
 21
4349641.118
 31
0.0
100
AcDbText
  0
LWPOLYLINE
  5
284
330
17
100
AcDbEntity
  8
爆区方格网
 62
4
100
AcDbPolyline
 90
5
 70
1
 10
470068.567
 20
4349641.688
 10
470068.567
 20
4349642.688
 10
470069.567
 20
4349642.688
 10
470069.567
 20
4349641.688
 10
470068.567
 20
4349641.688
  0
TEXT
  5
285
330
17
100
AcDbEntity
  8
0
 62
4
100
AcDbText
 10
470068.907
 20
4349642.118
 30
0.0
 40
0.1333
  1
0.99
  7
CN_TTF
 11
470068.907
 21
4349642.118
 31
0.0
100
AcDbText
  0
LWPOLYLINE
  5
286
330
17
100
AcDbEntity
  8
爆区方格网
 62
4
100
AcDbPolyline
 90
5
 70
1
 10
470068.567
 20
4349642.688
 10
470068.567
 20
4349643.688
 10
470069.567
 20
4349643.688
 10
470069.567
 20
4349642.688
 10
470068.567
 20
4349642.688
  0
TEXT
  5
287
330
17
100
AcDbEntity
  8
0
 62
4
100
AcDbText
 10
470068.907
 20
4349643.118
 30
0.0
 40
0.1333
  1
0.99
  7
CN_TTF
 11
470068.907
 21
4349643.118
 31
0.0
100
AcDbText
  0
LWPOLYLINE
  5
288
330
17
100
AcDbEntity
  8
爆区方格网
 62
4
100
AcDbPolyline
 90
5
 70
1
 10
470068.567
 20
4349643.688
 10
470068.567
 20
4349644.688
 10
470069.567
 20
4349644.688
 10
470069.567
 20
4349643.688
 10
470068.567
 20
4349643.688
  0
TEXT
  5
289
330
17
100
AcDbEntity
  8
0
 62
4
100
AcDbText
 10
470068.907
 20
4349644.118
 30
0.0
 40
0.1333
  1
0.99
  7
CN_TTF
 11
470068.907
 21
4349644.118
 31
0.0
100
AcDbText
  0
LWPOLYLINE
  5
28A
330
17
100
AcDbEntity
  8
爆区方格网
 62
4
100
AcDbPolyline
 90
5
 70
1
 10
470068.567
 20
4349644.688
 10
470068.567
 20
4349645.688
 10
470069.567
 20
4349645.688
 10
470069.567
 20
4349644.688
 10
470068.567
 20
4349644.688
  0
TEXT
  5
28B
330
17
100
AcDbEntity
  8
0
 62
4
100
AcDbText
 10
470068.907
 20
4349645.118
 30
0.0
 40
0.1333
  1
0.99
  7
CN_TTF
 11
470068.907
 21
4349645.118
 31
0.0
100
AcDbText
  0
LWPOLYLINE
  5
28C
330
17
100
AcDbEntity
  8
爆区方格网
 62
4
100
AcDbPolyline
 90
5
 70
1
 10
470068.567
 20
4349645.688
 10
470068.567
 20
4349646.688
 10
470069.567
 20
4349646.688
 10
470069.567
 20
4349645.688
 10
470068.567
 20
4349645.688
  0
TEXT
  5
28D
330
17
100
AcDbEntity
  8
0
 62
4
100
AcDbText
 10
470068.907
 20
4349646.118
 30
0.0
 40
0.1333
  1
0.99
  7
CN_TTF
 11
470068.907
 21
4349646.118
 31
0.0
100
AcDbText
  0
LWPOLYLINE
  5
28E
330
17
100
AcDbEntity
  8
爆区方格网
 62
4
100
AcDbPolyline
 90
5
 70
1
 10
470068.567
 20
4349646.688
 10
470068.567
 20
4349647.688
 10
470069.567
 20
4349647.688
 10
470069.567
 20
4349646.688
 10
470068.567
 20
4349646.688
  0
TEXT
  5
28F
330
17
100
AcDbEntity
  8
0
 62
4
100
AcDbText
 10
470068.907
 20
4349647.118
 30
0.0
 40
0.1333
  1
0.99
  7
CN_TTF
 11
470068.907
 21
4349647.118
 31
0.0
100
AcDbText
  0
LWPOLYLINE
  5
290
330
17
100
AcDbEntity
  8
爆区方格网
 62
4
100
AcDbPolyline
 90
5
 70
1
 10
470068.567
 20
4349647.688
 10
470068.567
 20
4349648.688
 10
470069.567
 20
4349648.688
 10
470069.567
 20
4349647.688
 10
470068.567
 20
4349647.688
  0
TEXT
  5
291
330
17
100
AcDbEntity
  8
0
 62
4
100
AcDbText
 10
470068.907
 20
4349648.118
 30
0.0
 40
0.1333
  1
0.99
  7
CN_TTF
 11
470068.907
 21
4349648.118
 31
0.0
100
AcDbText
  0
LWPOLYLINE
  5
292
330
17
100
AcDbEntity
  8
爆区方格网
 62
4
100
AcDbPolyline
 90
6
 70
1
 10
470069.567
 20
4349649.688
 10
470069.567
 20
4349648.688
 10
470068.567
 20
4349648.688
 10
470068.567
 20
4349649.153233413
 10
470069.3495626359
 20
4349649.688
 10
470069.567
 20
4349649.688
  0
TEXT
  5
293
330
17
100
AcDbEntity
  8
0
 62
4
100
AcDbText
 10
470069.1026406593
 20
4349649.350616707
 30
0.0
 40
0.1333
  1
0.99
  7
CN_TTF
 11
470069.1026406593
 21
4349649.350616707
 31
0.0
100
AcDbText
  0
LWPOLYLINE
  5
294
330
17
100
AcDbEntity
  8
爆区方格网
 62
4
100
AcDbPolyline
 90
6
 70
1
 10
470068.567
 20
4349652.688
 10
470069.567
 20
4349652.688
 10
470069.567
 20
4349651.688
 10
470068.65032795916
 20
4349651.688
 10
470068.567
 20
4349651.760048423
 10
470068.567
 20
4349652.688
  0
TEXT
  5
295
330
17
100
AcDbEntity
  8
0
 62
4
100
AcDbText
 10
470068.907
 20
4349652.154024212
 30
0.0
 40
0.1333
  1
0.99
  7
CN_TTF
 11
470068.907
 21
4349652.154024212
 31
0.0
100
AcDbText
  0
LWPOLYLINE
  5
296
330
17
100
AcDbEntity
  8
爆区方格网
 62
4
100
AcDbPolyline
 90
5
 70
1
 10
470068.567
 20
4349652.688
 10
470068.567
 20
4349653.688
 10
470069.567
 20
4349653.688
 10
470069.567
 20
4349652.688
 10
470068.567
 20
4349652.688
  0
TEXT
  5
297
330
17
100
AcDbEntity
  8
0
 62
4
100
AcDbText
 10
470068.907
 20
4349653.118
 30
0.0
 40
0.1333
  1
0.99
  7
CN_TTF
 11
470068.907
 21
4349653.118
 31
0.0
100
AcDbText
  0
LWPOLYLINE
  5
298
330
17
100
AcDbEntity
  8
爆区方格网
 62
4
100
AcDbPolyline
 90
5
 70
1
 10
470068.567
 20
4349653.688
 10
470068.567
 20
4349654.688
 10
470069.567
 20
4349654.688
 10
470069.567
 20
4349653.688
 10
470068.567
 20
4349653.688
  0
TEXT
  5
299
330
17
100
AcDbEntity
  8
0
 62
4
100
AcDbText
 10
470068.907
 20
4349654.118
 30
0.0
 40
0.1333
  1
0.99
  7
CN_TTF
 11
470068.907
 21
4349654.118
 31
0.0
100
AcDbText
  0
LWPOLYLINE
  5
29A
330
17
100
AcDbEntity
  8
爆区方格网
 62
4
100
AcDbPolyline
 90
5
 70
1
 10
470068.567
 20
4349654.688
 10
470068.567
 20
4349655.688
 10
470069.567
 20
4349655.688
 10
470069.567
 20
4349654.688
 10
470068.567
 20
4349654.688
  0
TEXT
  5
29B
330
17
100
AcDbEntity
  8
0
 62
4
100
AcDbText
 10
470068.907
 20
4349655.118
 30
0.0
 40
0.1333
  1
0.99
  7
CN_TTF
 11
470068.907
 21
4349655.118
 31
0.0
100
AcDbText
  0
LWPOLYLINE
  5
29C
330
17
100
AcDbEntity
  8
爆区方格网
 62
4
100
AcDbPolyline
 90
5
 70
1
 10
470068.567
 20
4349655.688
 10
470068.567
 20
4349656.688
 10
470069.567
 20
4349656.688
 10
470069.567
 20
4349655.688
 10
470068.567
 20
4349655.688
  0
TEXT
  5
29D
330
17
100
AcDbEntity
  8
0
 62
4
100
AcDbText
 10
470068.907
 20
4349656.118
 30
0.0
 40
0.1333
  1
0.99
  7
CN_TTF
 11
470068.907
 21
4349656.118
 31
0.0
100
AcDbText
  0
LWPOLYLINE
  5
29E
330
17
100
AcDbEntity
  8
爆区方格网
 62
4
100
AcDbPolyline
 90
5
 70
1
 10
470068.567
 20
4349656.688
 10
470068.567
 20
4349657.688
 10
470069.567
 20
4349657.688
 10
470069.567
 20
4349656.688
 10
470068.567
 20
4349656.688
  0
TEXT
  5
29F
330
17
100
AcDbEntity
  8
0
 62
4
100
AcDbText
 10
470068.907
 20
4349657.118
 30
0.0
 40
0.1333
  1
0.99
  7
CN_TTF
 11
470068.907
 21
4349657.118
 31
0.0
100
AcDbText
  0
LWPOLYLINE
  5
2A0
330
17
100
AcDbEntity
  8
爆区方格网
 62
4
100
AcDbPolyline
 90
5
 70
1
 10
470068.567
 20
4349657.688
 10
470068.567
 20
4349658.688
 10
470069.567
 20
4349658.688
 10
470069.567
 20
4349657.688
 10
470068.567
 20
4349657.688
  0
TEXT
  5
2A1
330
17
100
AcDbEntity
  8
0
 62
4
100
AcDbText
 10
470068.907
 20
4349658.118
 30
0.0
 40
0.1333
  1
0.99
  7
CN_TTF
 11
470068.907
 21
4349658.118
 31
0.0
100
AcDbText
  0
LWPOLYLINE
  5
2A2
330
17
100
AcDbEntity
  8
爆区方格网
 62
4
100
AcDbPolyline
 90
5
 70
1
 10
470068.567
 20
4349658.688
 10
470068.567
 20
4349659.688
 10
470069.567
 20
4349659.688
 10
470069.567
 20
4349658.688
 10
470068.567
 20
4349658.688
  0
TEXT
  5
2A3
330
17
100
AcDbEntity
  8
0
 62
4
100
AcDbText
 10
470068.907
 20
4349659.118
 30
0.0
 40
0.1333
  1
0.99
  7
CN_TTF
 11
470068.907
 21
4349659.118
 31
0.0
100
AcDbText
  0
LWPOLYLINE
  5
2A4
330
17
100
AcDbEntity
  8
爆区方格网
 62
4
100
AcDbPolyline
 90
5
 70
1
 10
470068.567
 20
4349659.688
 10
470068.567
 20
4349660.688
 10
470069.567
 20
4349660.688
 10
470069.567
 20
4349659.688
 10
470068.567
 20
4349659.688
  0
TEXT
  5
2A5
330
17
100
AcDbEntity
  8
0
 62
4
100
AcDbText
 10
470068.907
 20
4349660.118
 30
0.0
 40
0.1333
  1
0.99
  7
CN_TTF
 11
470068.907
 21
4349660.118
 31
0.0
100
AcDbText
  0
LWPOLYLINE
  5
2A6
330
17
100
AcDbEntity
  8
爆区方格网
 62
4
100
AcDbPolyline
 90
5
 70
1
 10
470068.567
 20
4349660.688
 10
470068.567
 20
4349661.688
 10
470069.567
 20
4349661.688
 10
470069.567
 20
4349660.688
 10
470068.567
 20
4349660.688
  0
TEXT
  5
2A7
330
17
100
AcDbEntity
  8
0
 62
4
100
AcDbText
 10
470068.907
 20
4349661.118
 30
0.0
 40
0.1333
  1
0.99
  7
CN_TTF
 11
470068.907
 21
4349661.118
 31
0.0
100
AcDbText
  0
LWPOLYLINE
  5
2A8
330
17
100
AcDbEntity
  8
爆区方格网
 62
4
100
AcDbPolyline
 90
5
 70
1
 10
470069.567
 20
4349661.688
 10
470068.567
 20
4349661.688
 10
470068.567
 20
4349662.460977328
 10
470069.567
 20
4349662.567204044
 10
470069.567
 20
4349661.688
  0
TEXT
  5
2A9
330
17
100
AcDbEntity
  8
0
 62
4
100
AcDbText
 10
470068.907
 20
4349662.004488664
 30
0.0
 40
0.1333
  1
0.99
  7
CN_TTF
 11
470068.907
 21
4349662.004488664
 31
0.0
100
AcDbText
  0
LWPOLYLINE
  5
2AA
330
17
100
AcDbEntity
  8
爆区方格网
 62
4
100
AcDbPolyline
 90
5
 70
1
 10
470069.567
 20
4349640.688
 10
470070.567
 20
4349640.688
 10
470070.567
 20
4349639.92410293
 10
470069.567
 20
4349639.838098972
 10
470069.567
 20
4349640.688
  0
TEXT
  5
2AB
330
17
100
AcDbEntity
  8
0
 62
4
100
AcDbText
 10
470069.907
 20
4349640.236051464
 30
0.0
 40
0.1333
  1
0.99
  7
CN_TTF
 11
470069.907
 21
4349640.236051464
 31
0.0
100
AcDbText
  0
LWPOLYLINE
  5
2AC
330
17
100
AcDbEntity
  8
爆区方格网
 62
4
100
AcDbPolyline
 90
5
 70
1
 10
470069.567
 20
4349640.688
 10
470069.567
 20
4349641.688
 10
470070.567
 20
4349641.688
 10
470070.567
 20
4349640.688
 10
470069.567
 20
4349640.688
  0
TEXT
  5
2AD
330
17
100
AcDbEntity
  8
0
 62
4
100
AcDbText
 10
470069.907
 20
4349641.118
 30
0.0
 40
0.1333
  1
0.99
  7
CN_TTF
 11
470069.907
 21
4349641.118
 31
0.0
100
AcDbText
  0
LWPOLYLINE
  5
2AE
330
17
100
AcDbEntity
  8
爆区方格网
 62
4
100
AcDbPolyline
 90
5
 70
1
 10
470069.567
 20
4349641.688
 10
470069.567
 20
4349642.688
 10
470070.567
 20
4349642.688
 10
470070.567
 20
4349641.688
 10
470069.567
 20
4349641.688
  0
TEXT
  5
2AF
330
17
100
AcDbEntity
  8
0
 62
4
100
AcDbText
 10
470069.907
 20
4349642.118
 30
0.0
 40
0.1333
  1
0.99
  7
CN_TTF
 11
470069.907
 21
4349642.118
 31
0.0
100
AcDbText
  0
LWPOLYLINE
  5
2B0
330
17
100
AcDbEntity
  8
爆区方格网
 62
4
100
AcDbPolyline
 90
5
 70
1
 10
470069.567
 20
4349642.688
 10
470069.567
 20
4349643.688
 10
470070.567
 20
4349643.688
 10
470070.567
 20
4349642.688
 10
470069.567
 20
4349642.688
  0
TEXT
  5
2B1
330
17
100
AcDbEntity
  8
0
 62
4
100
AcDbText
 10
470069.907
 20
4349643.118
 30
0.0
 40
0.1333
  1
0.99
  7
CN_TTF
 11
470069.907
 21
4349643.118
 31
0.0
100
AcDbText
  0
LWPOLYLINE
  5
2B2
330
17
100
AcDbEntity
  8
爆区方格网
 62
4
100
AcDbPolyline
 90
5
 70
1
 10
470069.567
 20
4349643.688
 10
470069.567
 20
4349644.688
 10
470070.567
 20
4349644.688
 10
470070.567
 20
4349643.688
 10
470069.567
 20
4349643.688
  0
TEXT
  5
2B3
330
17
100
AcDbEntity
  8
0
 62
4
100
AcDbText
 10
470069.907
 20
4349644.118
 30
0.0
 40
0.1333
  1
0.99
  7
CN_TTF
 11
470069.907
 21
4349644.118
 31
0.0
100
AcDbText
  0
LWPOLYLINE
  5
2B4
330
17
100
AcDbEntity
  8
爆区方格网
 62
4
100
AcDbPolyline
 90
5
 70
1
 10
470069.567
 20
4349644.688
 10
470069.567
 20
4349645.688
 10
470070.567
 20
4349645.688
 10
470070.567
 20
4349644.688
 10
470069.567
 20
4349644.688
  0
TEXT
  5
2B5
330
17
100
AcDbEntity
  8
0
 62
4
100
AcDbText
 10
470069.907
 20
4349645.118
 30
0.0
 40
0.1333
  1
0.99
  7
CN_TTF
 11
470069.907
 21
4349645.118
 31
0.0
100
AcDbText
  0
LWPOLYLINE
  5
2B6
330
17
100
AcDbEntity
  8
爆区方格网
 62
4
100
AcDbPolyline
 90
5
 70
1
 10
470069.567
 20
4349645.688
 10
470069.567
 20
4349646.688
 10
470070.567
 20
4349646.688
 10
470070.567
 20
4349645.688
 10
470069.567
 20
4349645.688
  0
TEXT
  5
2B7
330
17
100
AcDbEntity
  8
0
 62
4
100
AcDbText
 10
470069.907
 20
4349646.118
 30
0.0
 40
0.1333
  1
0.99
  7
CN_TTF
 11
470069.907
 21
4349646.118
 31
0.0
100
AcDbText
  0
LWPOLYLINE
  5
2B8
330
17
100
AcDbEntity
  8
爆区方格网
 62
4
100
AcDbPolyline
 90
5
 70
1
 10
470069.567
 20
4349646.688
 10
470069.567
 20
4349647.688
 10
470070.567
 20
4349647.688
 10
470070.567
 20
4349646.688
 10
470069.567
 20
4349646.688
  0
TEXT
  5
2B9
330
17
100
AcDbEntity
  8
0
 62
4
100
AcDbText
 10
470069.907
 20
4349647.118
 30
0.0
 40
0.1333
  1
0.99
  7
CN_TTF
 11
470069.907
 21
4349647.118
 31
0.0
100
AcDbText
  0
LWPOLYLINE
  5
2BA
330
17
100
AcDbEntity
  8
爆区方格网
 62
4
100
AcDbPolyline
 90
5
 70
1
 10
470069.567
 20
4349647.688
 10
470069.567
 20
4349648.688
 10
470070.567
 20
4349648.688
 10
470070.567
 20
4349647.688
 10
470069.567
 20
4349647.688
  0
TEXT
  5
2BB
330
17
100
AcDbEntity
  8
0
 62
4
100
AcDbText
 10
470069.907
 20
4349648.118
 30
0.0
 40
0.1333
  1
0.99
  7
CN_TTF
 11
470069.907
 21
4349648.118
 31
0.0
100
AcDbText
  0
LWPOLYLINE
  5
2BC
330
17
100
AcDbEntity
  8
爆区方格网
 62
4
100
AcDbPolyline
 90
5
 70
1
 10
470069.567
 20
4349648.688
 10
470069.567
 20
4349649.688
 10
470070.567
 20
4349649.688
 10
470070.567
 20
4349648.688
 10
470069.567
 20
4349648.688
  0
TEXT
  5
2BD
330
17
100
AcDbEntity
  8
0
 62
4
100
AcDbText
 10
470069.907
 20
4349649.118
 30
0.0
 40
0.1333
  1
0.99
  7
CN_TTF
 11
470069.907
 21
4349649.118
 31
0.0
100
AcDbText
  0
LWPOLYLINE
  5
2BE
330
17
100
AcDbEntity
  8
爆区方格网
 62
4
100
AcDbPolyline
 90
6
 70
1
 10
470069.567
 20
4349651.688
 10
470070.567
 20
4349651.688
 10
470070.567
 20
4349650.688
 10
470069.8068829015
 20
4349650.688
 10
470069.567
 20
4349650.895411592
 10
470069.567
 20
4349651.688
  0
TEXT
  5
2BF
330
17
100
AcDbEntity
  8
0
 62
4
100
AcDbText
 10
470069.907
 20
4349651.221705796
 30
0.0
 40
0.1333
  1
0.99
  7
CN_TTF
 11
470069.907
 21
4349651.221705796
 31
0.0
100
AcDbText
  0
LWPOLYLINE
  5
2C0
330
17
100
AcDbEntity
  8
爆区方格网
 62
4
100
AcDbPolyline
 90
5
 70
1
 10
470069.567
 20
4349651.688
 10
470069.567
 20
4349652.688
 10
470070.567
 20
4349652.688
 10
470070.567
 20
4349651.688
 10
470069.567
 20
4349651.688
  0
TEXT
  5
2C1
330
17
100
AcDbEntity
  8
0
 62
4
100
AcDbText
 10
470069.907
 20
4349652.118
 30
0.0
 40
0.1333
  1
0.99
  7
CN_TTF
 11
470069.907
 21
4349652.118
 31
0.0
100
AcDbText
  0
LWPOLYLINE
  5
2C2
330
17
100
AcDbEntity
  8
爆区方格网
 62
4
100
AcDbPolyline
 90
5
 70
1
 10
470069.567
 20
4349652.688
 10
470069.567
 20
4349653.688
 10
470070.567
 20
4349653.688
 10
470070.567
 20
4349652.688
 10
470069.567
 20
4349652.688
  0
TEXT
  5
2C3
330
17
100
AcDbEntity
  8
0
 62
4
100
AcDbText
 10
470069.907
 20
4349653.118
 30
0.0
 40
0.1333
  1
0.99
  7
CN_TTF
 11
470069.907
 21
4349653.118
 31
0.0
100
AcDbText
  0
LWPOLYLINE
  5
2C4
330
17
100
AcDbEntity
  8
爆区方格网
 62
4
100
AcDbPolyline
 90
5
 70
1
 10
470069.567
 20
4349653.688
 10
470069.567
 20
4349654.688
 10
470070.567
 20
4349654.688
 10
470070.567
 20
4349653.688
 10
470069.567
 20
4349653.688
  0
TEXT
  5
2C5
330
17
100
AcDbEntity
  8
0
 62
4
100
AcDbText
 10
470069.907
 20
4349654.118
 30
0.0
 40
0.1333
  1
0.99
  7
CN_TTF
 11
470069.907
 21
4349654.118
 31
0.0
100
AcDbText
  0
LWPOLYLINE
  5
2C6
330
17
100
AcDbEntity
  8
爆区方格网
 62
4
100
AcDbPolyline
 90
5
 70
1
 10
470069.567
 20
4349654.688
 10
470069.567
 20
4349655.688
 10
470070.567
 20
4349655.688
 10
470070.567
 20
4349654.688
 10
470069.567
 20
4349654.688
  0
TEXT
  5
2C7
330
17
100
AcDbEntity
  8
0
 62
4
100
AcDbText
 10
470069.907
 20
4349655.118
 30
0.0
 40
0.1333
  1
0.99
  7
CN_TTF
 11
470069.907
 21
4349655.118
 31
0.0
100
AcDbText
  0
LWPOLYLINE
  5
2C8
330
17
100
AcDbEntity
  8
爆区方格网
 62
4
100
AcDbPolyline
 90
5
 70
1
 10
470069.567
 20
4349655.688
 10
470069.567
 20
4349656.688
 10
470070.567
 20
4349656.688
 10
470070.567
 20
4349655.688
 10
470069.567
 20
4349655.688
  0
TEXT
  5
2C9
330
17
100
AcDbEntity
  8
0
 62
4
100
AcDbText
 10
470069.907
 20
4349656.118
 30
0.0
 40
0.1333
  1
0.99
  7
CN_TTF
 11
470069.907
 21
4349656.118
 31
0.0
100
AcDbText
  0
LWPOLYLINE
  5
2CA
330
17
100
AcDbEntity
  8
爆区方格网
 62
4
100
AcDbPolyline
 90
5
 70
1
 10
470069.567
 20
4349656.688
 10
470069.567
 20
4349657.688
 10
470070.567
 20
4349657.688
 10
470070.567
 20
4349656.688
 10
470069.567
 20
4349656.688
  0
TEXT
  5
2CB
330
17
100
AcDbEntity
  8
0
 62
4
100
AcDbText
 10
470069.907
 20
4349657.118
 30
0.0
 40
0.1333
  1
0.99
  7
CN_TTF
 11
470069.907
 21
4349657.118
 31
0.0
100
AcDbText
  0
LWPOLYLINE
  5
2CC
330
17
100
AcDbEntity
  8
爆区方格网
 62
4
100
AcDbPolyline
 90
5
 70
1
 10
470069.567
 20
4349657.688
 10
470069.567
 20
4349658.688
 10
470070.567
 20
4349658.688
 10
470070.567
 20
4349657.688
 10
470069.567
 20
4349657.688
  0
TEXT
  5
2CD
330
17
100
AcDbEntity
  8
0
 62
4
100
AcDbText
 10
470069.907
 20
4349658.118
 30
0.0
 40
0.1333
  1
0.99
  7
CN_TTF
 11
470069.907
 21
4349658.118
 31
0.0
100
AcDbText
  0
LWPOLYLINE
  5
2CE
330
17
100
AcDbEntity
  8
爆区方格网
 62
4
100
AcDbPolyline
 90
5
 70
1
 10
470069.567
 20
4349658.688
 10
470069.567
 20
4349659.688
 10
470070.567
 20
4349659.688
 10
470070.567
 20
4349658.688
 10
470069.567
 20
4349658.688
  0
TEXT
  5
2CF
330
17
100
AcDbEntity
  8
0
 62
4
100
AcDbText
 10
470069.907
 20
4349659.118
 30
0.0
 40
0.1333
  1
0.99
  7
CN_TTF
 11
470069.907
 21
4349659.118
 31
0.0
100
AcDbText
  0
LWPOLYLINE
  5
2D0
330
17
100
AcDbEntity
  8
爆区方格网
 62
4
100
AcDbPolyline
 90
5
 70
1
 10
470069.567
 20
4349659.688
 10
470069.567
 20
4349660.688
 10
470070.567
 20
4349660.688
 10
470070.567
 20
4349659.688
 10
470069.567
 20
4349659.688
  0
TEXT
  5
2D1
330
17
100
AcDbEntity
  8
0
 62
4
100
AcDbText
 10
470069.907
 20
4349660.118
 30
0.0
 40
0.1333
  1
0.99
  7
CN_TTF
 11
470069.907
 21
4349660.118
 31
0.0
100
AcDbText
  0
LWPOLYLINE
  5
2D2
330
17
100
AcDbEntity
  8
爆区方格网
 62
4
100
AcDbPolyline
 90
5
 70
1
 10
470069.567
 20
4349660.688
 10
470069.567
 20
4349661.688
 10
470070.567
 20
4349661.688
 10
470070.567
 20
4349660.688
 10
470069.567
 20
4349660.688
  0
TEXT
  5
2D3
330
17
100
AcDbEntity
  8
0
 62
4
100
AcDbText
 10
470069.907
 20
4349661.118
 30
0.0
 40
0.1333
  1
0.99
  7
CN_TTF
 11
470069.907
 21
4349661.118
 31
0.0
100
AcDbText
  0
LWPOLYLINE
  5
2D4
330
17
100
AcDbEntity
  8
爆区方格网
 62
4
100
AcDbPolyline
 90
5
 70
1
 10
470070.567
 20
4349661.688
 10
470069.567
 20
4349661.688
 10
470069.567
 20
4349662.567204044
 10
470070.567
 20
4349662.67343076
 10
470070.567
 20
4349661.688
  0
TEXT
  5
2D5
330
17
100
AcDbEntity
  8
0
 62
4
100
AcDbText
 10
470069.907
 20
4349662.057602022
 30
0.0
 40
0.1333
  1
0.99
  7
CN_TTF
 11
470069.907
 21
4349662.057602022
 31
0.0
100
AcDbText
  0
LWPOLYLINE
  5
2D6
330
17
100
AcDbEntity
  8
爆区方格网
 62
4
100
AcDbPolyline
 90
5
 70
1
 10
470070.567
 20
4349640.688
 10
470071.567
 20
4349640.688
 10
470071.567
 20
4349640.0101068895
 10
470070.567
 20
4349639.92410293
 10
470070.567
 20
4349640.688
  0
TEXT
  5
2D7
330
17
100
AcDbEntity
  8
0
 62
4
100
AcDbText
 10
470070.907
 20
4349640.279053444
 30
0.0
 40
0.1333
  1
0.99
  7
CN_TTF
 11
470070.907
 21
4349640.279053444
 31
0.0
100
AcDbText
  0
LWPOLYLINE
  5
2D8
330
17
100
AcDbEntity
  8
爆区方格网
 62
4
100
AcDbPolyline
 90
5
 70
1
 10
470070.567
 20
4349640.688
 10
470070.567
 20
4349641.688
 10
470071.567
 20
4349641.688
 10
470071.567
 20
4349640.688
 10
470070.567
 20
4349640.688
  0
TEXT
  5
2D9
330
17
100
AcDbEntity
  8
0
 62
4
100
AcDbText
 10
470070.907
 20
4349641.118
 30
0.0
 40
0.1333
  1
0.99
  7
CN_TTF
 11
470070.907
 21
4349641.118
 31
0.0
100
AcDbText
  0
LWPOLYLINE
  5
2DA
330
17
100
AcDbEntity
  8
爆区方格网
 62
4
100
AcDbPolyline
 90
5
 70
1
 10
470070.567
 20
4349641.688
 10
470070.567
 20
4349642.688
 10
470071.567
 20
4349642.688
 10
470071.567
 20
4349641.688
 10
470070.567
 20
4349641.688
  0
TEXT
  5
2DB
330
17
100
AcDbEntity
  8
0
 62
4
100
AcDbText
 10
470070.907
 20
4349642.118
 30
0.0
 40
0.1333
  1
0.99
  7
CN_TTF
 11
470070.907
 21
4349642.118
 31
0.0
100
AcDbText
  0
LWPOLYLINE
  5
2DC
330
17
100
AcDbEntity
  8
爆区方格网
 62
4
100
AcDbPolyline
 90
5
 70
1
 10
470070.567
 20
4349642.688
 10
470070.567
 20
4349643.688
 10
470071.567
 20
4349643.688
 10
470071.567
 20
4349642.688
 10
470070.567
 20
4349642.688
  0
TEXT
  5
2DD
330
17
100
AcDbEntity
  8
0
 62
4
100
AcDbText
 10
470070.907
 20
4349643.118
 30
0.0
 40
0.1333
  1
0.99
  7
CN_TTF
 11
470070.907
 21
4349643.118
 31
0.0
100
AcDbText
  0
LWPOLYLINE
  5
2DE
330
17
100
AcDbEntity
  8
爆区方格网
 62
4
100
AcDbPolyline
 90
5
 70
1
 10
470070.567
 20
4349643.688
 10
470070.567
 20
4349644.688
 10
470071.567
 20
4349644.688
 10
470071.567
 20
4349643.688
 10
470070.567
 20
4349643.688
  0
TEXT
  5
2DF
330
17
100
AcDbEntity
  8
0
 62
4
100
AcDbText
 10
470070.907
 20
4349644.118
 30
0.0
 40
0.1333
  1
0.99
  7
CN_TTF
 11
470070.907
 21
4349644.118
 31
0.0
100
AcDbText
  0
LWPOLYLINE
  5
2E0
330
17
100
AcDbEntity
  8
爆区方格网
 62
4
100
AcDbPolyline
 90
5
 70
1
 10
470070.567
 20
4349644.688
 10
470070.567
 20
4349645.688
 10
470071.567
 20
4349645.688
 10
470071.567
 20
4349644.688
 10
470070.567
 20
4349644.688
  0
TEXT
  5
2E1
330
17
100
AcDbEntity
  8
0
 62
4
100
AcDbText
 10
470070.907
 20
4349645.118
 30
0.0
 40
0.1333
  1
0.99
  7
CN_TTF
 11
470070.907
 21
4349645.118
 31
0.0
100
AcDbText
  0
LWPOLYLINE
  5
2E2
330
17
100
AcDbEntity
  8
爆区方格网
 62
4
100
AcDbPolyline
 90
5
 70
1
 10
470070.567
 20
4349645.688
 10
470070.567
 20
4349646.688
 10
470071.567
 20
4349646.688
 10
470071.567
 20
4349645.688
 10
470070.567
 20
4349645.688
  0
TEXT
  5
2E3
330
17
100
AcDbEntity
  8
0
 62
4
100
AcDbText
 10
470070.907
 20
4349646.118
 30
0.0
 40
0.1333
  1
0.99
  7
CN_TTF
 11
470070.907
 21
4349646.118
 31
0.0
100
AcDbText
  0
LWPOLYLINE
  5
2E4
330
17
100
AcDbEntity
  8
爆区方格网
 62
4
100
AcDbPolyline
 90
5
 70
1
 10
470070.567
 20
4349646.688
 10
470070.567
 20
4349647.688
 10
470071.567
 20
4349647.688
 10
470071.567
 20
4349646.688
 10
470070.567
 20
4349646.688
  0
TEXT
  5
2E5
330
17
100
AcDbEntity
  8
0
 62
4
100
AcDbText
 10
470070.907
 20
4349647.118
 30
0.0
 40
0.1333
  1
0.99
  7
CN_TTF
 11
470070.907
 21
4349647.118
 31
0.0
100
AcDbText
  0
LWPOLYLINE
  5
2E6
330
17
100
AcDbEntity
  8
爆区方格网
 62
4
100
AcDbPolyline
 90
5
 70
1
 10
470070.567
 20
4349647.688
 10
470070.567
 20
4349648.688
 10
470071.567
 20
4349648.688
 10
470071.567
 20
4349647.688
 10
470070.567
 20
4349647.688
  0
TEXT
  5
2E7
330
17
100
AcDbEntity
  8
0
 62
4
100
AcDbText
 10
470070.907
 20
4349648.118
 30
0.0
 40
0.1333
  1
0.99
  7
CN_TTF
 11
470070.907
 21
4349648.118
 31
0.0
100
AcDbText
  0
LWPOLYLINE
  5
2E8
330
17
100
AcDbEntity
  8
爆区方格网
 62
4
100
AcDbPolyline
 90
5
 70
1
 10
470070.567
 20
4349648.688
 10
470070.567
 20
4349649.688
 10
470071.567
 20
4349649.688
 10
470071.567
 20
4349648.688
 10
470070.567
 20
4349648.688
  0
TEXT
  5
2E9
330
17
100
AcDbEntity
  8
0
 62
4
100
AcDbText
 10
470070.907
 20
4349649.118
 30
0.0
 40
0.1333
  1
0.99
  7
CN_TTF
 11
470070.907
 21
4349649.118
 31
0.0
100
AcDbText
  0
LWPOLYLINE
  5
2EA
330
17
100
AcDbEntity
  8
爆区方格网
 62
4
100
AcDbPolyline
 90
5
 70
1
 10
470070.567
 20
4349649.688
 10
470070.567
 20
4349650.688
 10
470071.567
 20
4349650.688
 10
470071.567
 20
4349649.688
 10
470070.567
 20
4349649.688
  0
TEXT
  5
2EB
330
17
100
AcDbEntity
  8
0
 62
4
100
AcDbText
 10
470070.907
 20
4349650.118
 30
0.0
 40
0.1333
  1
0.99
  7
CN_TTF
 11
470070.907
 21
4349650.118
 31
0.0
100
AcDbText
  0
LWPOLYLINE
  5
2EC
330
17
100
AcDbEntity
  8
爆区方格网
 62
4
100
AcDbPolyline
 90
5
 70
1
 10
470070.567
 20
4349650.688
 10
470070.567
 20
4349651.688
 10
470071.567
 20
4349651.688
 10
470071.567
 20
4349650.688
 10
470070.567
 20
4349650.688
  0
TEXT
  5
2ED
330
17
100
AcDbEntity
  8
0
 62
4
100
AcDbText
 10
470070.907
 20
4349651.118
 30
0.0
 40
0.1333
  1
0.99
  7
CN_TTF
 11
470070.907
 21
4349651.118
 31
0.0
100
AcDbText
  0
LWPOLYLINE
  5
2EE
330
17
100
AcDbEntity
  8
爆区方格网
 62
4
100
AcDbPolyline
 90
5
 70
1
 10
470070.567
 20
4349651.688
 10
470070.567
 20
4349652.688
 10
470071.567
 20
4349652.688
 10
470071.567
 20
4349651.688
 10
470070.567
 20
4349651.688
  0
TEXT
  5
2EF
330
17
100
AcDbEntity
  8
0
 62
4
100
AcDbText
 10
470070.907
 20
4349652.118
 30
0.0
 40
0.1333
  1
0.99
  7
CN_TTF
 11
470070.907
 21
4349652.118
 31
0.0
100
AcDbText
  0
LWPOLYLINE
  5
2F0
330
17
100
AcDbEntity
  8
爆区方格网
 62
4
100
AcDbPolyline
 90
5
 70
1
 10
470070.567
 20
4349652.688
 10
470070.567
 20
4349653.688
 10
470071.567
 20
4349653.688
 10
470071.567
 20
4349652.688
 10
470070.567
 20
4349652.688
  0
TEXT
  5
2F1
330
17
100
AcDbEntity
  8
0
 62
4
100
AcDbText
 10
470070.907
 20
4349653.118
 30
0.0
 40
0.1333
  1
0.99
  7
CN_TTF
 11
470070.907
 21
4349653.118
 31
0.0
100
AcDbText
  0
LWPOLYLINE
  5
2F2
330
17
100
AcDbEntity
  8
爆区方格网
 62
4
100
AcDbPolyline
 90
5
 70
1
 10
470070.567
 20
4349653.688
 10
470070.567
 20
4349654.688
 10
470071.567
 20
4349654.688
 10
470071.567
 20
4349653.688
 10
470070.567
 20
4349653.688
  0
TEXT
  5
2F3
330
17
100
AcDbEntity
  8
0
 62
4
100
AcDbText
 10
470070.907
 20
4349654.118
 30
0.0
 40
0.1333
  1
0.99
  7
CN_TTF
 11
470070.907
 21
4349654.118
 31
0.0
100
AcDbText
  0
LWPOLYLINE
  5
2F4
330
17
100
AcDbEntity
  8
爆区方格网
 62
4
100
AcDbPolyline
 90
5
 70
1
 10
470070.567
 20
4349654.688
 10
470070.567
 20
4349655.688
 10
470071.567
 20
4349655.688
 10
470071.567
 20
4349654.688
 10
470070.567
 20
4349654.688
  0
TEXT
  5
2F5
330
17
100
AcDbEntity
  8
0
 62
4
100
AcDbText
 10
470070.907
 20
4349655.118
 30
0.0
 40
0.1333
  1
0.99
  7
CN_TTF
 11
470070.907
 21
4349655.118
 31
0.0
100
AcDbText
  0
LWPOLYLINE
  5
2F6
330
17
100
AcDbEntity
  8
爆区方格网
 62
4
100
AcDbPolyline
 90
5
 70
1
 10
470070.567
 20
4349655.688
 10
470070.567
 20
4349656.688
 10
470071.567
 20
4349656.688
 10
470071.567
 20
4349655.688
 10
470070.567
 20
4349655.688
  0
TEXT
  5
2F7
330
17
100
AcDbEntity
  8
0
 62
4
100
AcDbText
 10
470070.907
 20
4349656.118
 30
0.0
 40
0.1333
  1
0.99
  7
CN_TTF
 11
470070.907
 21
4349656.118
 31
0.0
100
AcDbText
  0
LWPOLYLINE
  5
2F8
330
17
100
AcDbEntity
  8
爆区方格网
 62
4
100
AcDbPolyline
 90
5
 70
1
 10
470070.567
 20
4349656.688
 10
470070.567
 20
4349657.688
 10
470071.567
 20
4349657.688
 10
470071.567
 20
4349656.688
 10
470070.567
 20
4349656.688
  0
TEXT
  5
2F9
330
17
100
AcDbEntity
  8
0
 62
4
100
AcDbText
 10
470070.907
 20
4349657.118
 30
0.0
 40
0.1333
  1
0.99
  7
CN_TTF
 11
470070.907
 21
4349657.118
 31
0.0
100
AcDbText
  0
LWPOLYLINE
  5
2FA
330
17
100
AcDbEntity
  8
爆区方格网
 62
4
100
AcDbPolyline
 90
5
 70
1
 10
470070.567
 20
4349657.688
 10
470070.567
 20
4349658.688
 10
470071.567
 20
4349658.688
 10
470071.567
 20
4349657.688
 10
470070.567
 20
4349657.688
  0
TEXT
  5
2FB
330
17
100
AcDbEntity
  8
0
 62
4
100
AcDbText
 10
470070.907
 20
4349658.118
 30
0.0
 40
0.1333
  1
0.99
  7
CN_TTF
 11
470070.907
 21
4349658.118
 31
0.0
100
AcDbText
  0
LWPOLYLINE
  5
2FC
330
17
100
AcDbEntity
  8
爆区方格网
 62
4
100
AcDbPolyline
 90
5
 70
1
 10
470070.567
 20
4349658.688
 10
470070.567
 20
4349659.688
 10
470071.567
 20
4349659.688
 10
470071.567
 20
4349658.688
 10
470070.567
 20
4349658.688
  0
TEXT
  5
2FD
330
17
100
AcDbEntity
  8
0
 62
4
100
AcDbText
 10
470070.907
 20
4349659.118
 30
0.0
 40
0.1333
  1
0.99
  7
CN_TTF
 11
470070.907
 21
4349659.118
 31
0.0
100
AcDbText
  0
LWPOLYLINE
  5
2FE
330
17
100
AcDbEntity
  8
爆区方格网
 62
4
100
AcDbPolyline
 90
5
 70
1
 10
470070.567
 20
4349659.688
 10
470070.567
 20
4349660.688
 10
470071.567
 20
4349660.688
 10
470071.567
 20
4349659.688
 10
470070.567
 20
4349659.688
  0
TEXT
  5
2FF
330
17
100
AcDbEntity
  8
0
 62
4
100
AcDbText
 10
470070.907
 20
4349660.118
 30
0.0
 40
0.1333
  1
0.99
  7
CN_TTF
 11
470070.907
 21
4349660.118
 31
0.0
100
AcDbText
  0
LWPOLYLINE
  5
300
330
17
100
AcDbEntity
  8
爆区方格网
 62
4
100
AcDbPolyline
 90
5
 70
1
 10
470070.567
 20
4349660.688
 10
470070.567
 20
4349661.688
 10
470071.567
 20
4349661.688
 10
470071.567
 20
4349660.688
 10
470070.567
 20
4349660.688
  0
TEXT
  5
301
330
17
100
AcDbEntity
  8
0
 62
4
100
AcDbText
 10
470070.907
 20
4349661.118
 30
0.0
 40
0.1333
  1
0.99
  7
CN_TTF
 11
470070.907
 21
4349661.118
 31
0.0
100
AcDbText
  0
LWPOLYLINE
  5
302
330
17
100
AcDbEntity
  8
爆区方格网
 62
4
100
AcDbPolyline
 90
6
 70
1
 10
470071.567
 20
4349662.688
 10
470071.567
 20
4349661.688
 10
470070.567
 20
4349661.688
 10
470070.567
 20
4349662.67343076
 10
470070.7041523078
 20
4349662.688
 10
470071.567
 20
4349662.688
  0
TEXT
  5
303
330
17
100
AcDbEntity
  8
0
 62
4
100
AcDbText
 10
470070.907
 20
4349662.11071538
 30
0.0
 40
0.1333
  1
0.99
  7
CN_TTF
 11
470070.907
 21
4349662.11071538
 31
0.0
100
AcDbText
  0
LWPOLYLINE
  5
304
330
17
100
AcDbEntity
  8
爆区方格网
 62
4
100
AcDbPolyline
 90
5
 70
1
 10
470071.567
 20
4349640.688
 10
470072.567
 20
4349640.688
 10
470072.567
 20
4349640.096110849
 10
470071.567
 20
4349640.0101068895
 10
470071.567
 20
4349640.688
  0
TEXT
  5
305
330
17
100
AcDbEntity
  8
0
 62
4
100
AcDbText
 10
470071.907
 20
4349640.322055424
 30
0.0
 40
0.1333
  1
0.99
  7
CN_TTF
 11
470071.907
 21
4349640.322055424
 31
0.0
100
AcDbText
  0
LWPOLYLINE
  5
306
330
17
100
AcDbEntity
  8
爆区方格网
 62
4
100
AcDbPolyline
 90
5
 70
1
 10
470071.567
 20
4349640.688
 10
470071.567
 20
4349641.688
 10
470072.567
 20
4349641.688
 10
470072.567
 20
4349640.688
 10
470071.567
 20
4349640.688
  0
TEXT
  5
307
330
17
100
AcDbEntity
  8
0
 62
4
100
AcDbText
 10
470071.907
 20
4349641.118
 30
0.0
 40
0.1333
  1
0.99
  7
CN_TTF
 11
470071.907
 21
4349641.118
 31
0.0
100
AcDbText
  0
LWPOLYLINE
  5
308
330
17
100
AcDbEntity
  8
爆区方格网
 62
4
100
AcDbPolyline
 90
5
 70
1
 10
470071.567
 20
4349641.688
 10
470071.567
 20
4349642.688
 10
470072.567
 20
4349642.688
 10
470072.567
 20
4349641.688
 10
470071.567
 20
4349641.688
  0
TEXT
  5
309
330
17
100
AcDbEntity
  8
0
 62
4
100
AcDbText
 10
470071.907
 20
4349642.118
 30
0.0
 40
0.1333
  1
0.99
  7
CN_TTF
 11
470071.907
 21
4349642.118
 31
0.0
100
AcDbText
  0
LWPOLYLINE
  5
30A
330
17
100
AcDbEntity
  8
爆区方格网
 62
4
100
AcDbPolyline
 90
5
 70
1
 10
470071.567
 20
4349642.688
 10
470071.567
 20
4349643.688
 10
470072.567
 20
4349643.688
 10
470072.567
 20
4349642.688
 10
470071.567
 20
4349642.688
  0
TEXT
  5
30B
330
17
100
AcDbEntity
  8
0
 62
4
100
AcDbText
 10
470071.907
 20
4349643.118
 30
0.0
 40
0.1333
  1
0.99
  7
CN_TTF
 11
470071.907
 21
4349643.118
 31
0.0
100
AcDbText
  0
LWPOLYLINE
  5
30C
330
17
100
AcDbEntity
  8
爆区方格网
 62
4
100
AcDbPolyline
 90
5
 70
1
 10
470071.567
 20
4349643.688
 10
470071.567
 20
4349644.688
 10
470072.567
 20
4349644.688
 10
470072.567
 20
4349643.688
 10
470071.567
 20
4349643.688
  0
TEXT
  5
30D
330
17
100
AcDbEntity
  8
0
 62
4
100
AcDbText
 10
470071.907
 20
4349644.118
 30
0.0
 40
0.1333
  1
0.99
  7
CN_TTF
 11
470071.907
 21
4349644.118
 31
0.0
100
AcDbText
  0
LWPOLYLINE
  5
30E
330
17
100
AcDbEntity
  8
爆区方格网
 62
4
100
AcDbPolyline
 90
5
 70
1
 10
470071.567
 20
4349644.688
 10
470071.567
 20
4349645.688
 10
470072.567
 20
4349645.688
 10
470072.567
 20
4349644.688
 10
470071.567
 20
4349644.688
  0
TEXT
  5
30F
330
17
100
AcDbEntity
  8
0
 62
4
100
AcDbText
 10
470071.907
 20
4349645.118
 30
0.0
 40
0.1333
  1
0.99
  7
CN_TTF
 11
470071.907
 21
4349645.118
 31
0.0
100
AcDbText
  0
LWPOLYLINE
  5
310
330
17
100
AcDbEntity
  8
爆区方格网
 62
4
100
AcDbPolyline
 90
5
 70
1
 10
470071.567
 20
4349645.688
 10
470071.567
 20
4349646.688
 10
470072.567
 20
4349646.688
 10
470072.567
 20
4349645.688
 10
470071.567
 20
4349645.688
  0
TEXT
  5
311
330
17
100
AcDbEntity
  8
0
 62
4
100
AcDbText
 10
470071.907
 20
4349646.118
 30
0.0
 40
0.1333
  1
0.99
  7
CN_TTF
 11
470071.907
 21
4349646.118
 31
0.0
100
AcDbText
  0
LWPOLYLINE
  5
312
330
17
100
AcDbEntity
  8
爆区方格网
 62
4
100
AcDbPolyline
 90
5
 70
1
 10
470071.567
 20
4349646.688
 10
470071.567
 20
4349647.688
 10
470072.567
 20
4349647.688
 10
470072.567
 20
4349646.688
 10
470071.567
 20
4349646.688
  0
TEXT
  5
313
330
17
100
AcDbEntity
  8
0
 62
4
100
AcDbText
 10
470071.907
 20
4349647.118
 30
0.0
 40
0.1333
  1
0.99
  7
CN_TTF
 11
470071.907
 21
4349647.118
 31
0.0
100
AcDbText
  0
LWPOLYLINE
  5
314
330
17
100
AcDbEntity
  8
爆区方格网
 62
4
100
AcDbPolyline
 90
5
 70
1
 10
470071.567
 20
4349647.688
 10
470071.567
 20
4349648.688
 10
470072.567
 20
4349648.688
 10
470072.567
 20
4349647.688
 10
470071.567
 20
4349647.688
  0
TEXT
  5
315
330
17
100
AcDbEntity
  8
0
 62
4
100
AcDbText
 10
470071.907
 20
4349648.118
 30
0.0
 40
0.1333
  1
0.99
  7
CN_TTF
 11
470071.907
 21
4349648.118
 31
0.0
100
AcDbText
  0
LWPOLYLINE
  5
316
330
17
100
AcDbEntity
  8
爆区方格网
 62
4
100
AcDbPolyline
 90
5
 70
1
 10
470071.567
 20
4349648.688
 10
470071.567
 20
4349649.688
 10
470072.567
 20
4349649.688
 10
470072.567
 20
4349648.688
 10
470071.567
 20
4349648.688
  0
TEXT
  5
317
330
17
100
AcDbEntity
  8
0
 62
4
100
AcDbText
 10
470071.907
 20
4349649.118
 30
0.0
 40
0.1333
  1
0.99
  7
CN_TTF
 11
470071.907
 21
4349649.118
 31
0.0
100
AcDbText
  0
LWPOLYLINE
  5
318
330
17
100
AcDbEntity
  8
爆区方格网
 62
4
100
AcDbPolyline
 90
5
 70
1
 10
470071.567
 20
4349649.688
 10
470071.567
 20
4349650.688
 10
470072.567
 20
4349650.688
 10
470072.567
 20
4349649.688
 10
470071.567
 20
4349649.688
  0
TEXT
  5
319
330
17
100
AcDbEntity
  8
0
 62
4
100
AcDbText
 10
470071.907
 20
4349650.118
 30
0.0
 40
0.1333
  1
0.99
  7
CN_TTF
 11
470071.907
 21
4349650.118
 31
0.0
100
AcDbText
  0
LWPOLYLINE
  5
31A
330
17
100
AcDbEntity
  8
爆区方格网
 62
4
100
AcDbPolyline
 90
5
 70
1
 10
470071.567
 20
4349650.688
 10
470071.567
 20
4349651.688
 10
470072.567
 20
4349651.688
 10
470072.567
 20
4349650.688
 10
470071.567
 20
4349650.688
  0
TEXT
  5
31B
330
17
100
AcDbEntity
  8
0
 62
4
100
AcDbText
 10
470071.907
 20
4349651.118
 30
0.0
 40
0.1333
  1
0.99
  7
CN_TTF
 11
470071.907
 21
4349651.118
 31
0.0
100
AcDbText
  0
LWPOLYLINE
  5
31C
330
17
100
AcDbEntity
  8
爆区方格网
 62
4
100
AcDbPolyline
 90
5
 70
1
 10
470071.567
 20
4349651.688
 10
470071.567
 20
4349652.688
 10
470072.567
 20
4349652.688
 10
470072.567
 20
4349651.688
 10
470071.567
 20
4349651.688
  0
TEXT
  5
31D
330
17
100
AcDbEntity
  8
0
 62
4
100
AcDbText
 10
470071.907
 20
4349652.118
 30
0.0
 40
0.1333
  1
0.99
  7
CN_TTF
 11
470071.907
 21
4349652.118
 31
0.0
100
AcDbText
  0
LWPOLYLINE
  5
31E
330
17
100
AcDbEntity
  8
爆区方格网
 62
4
100
AcDbPolyline
 90
5
 70
1
 10
470071.567
 20
4349652.688
 10
470071.567
 20
4349653.688
 10
470072.567
 20
4349653.688
 10
470072.567
 20
4349652.688
 10
470071.567
 20
4349652.688
  0
TEXT
  5
31F
330
17
100
AcDbEntity
  8
0
 62
4
100
AcDbText
 10
470071.907
 20
4349653.118
 30
0.0
 40
0.1333
  1
0.99
  7
CN_TTF
 11
470071.907
 21
4349653.118
 31
0.0
100
AcDbText
  0
LWPOLYLINE
  5
320
330
17
100
AcDbEntity
  8
爆区方格网
 62
4
100
AcDbPolyline
 90
5
 70
1
 10
470071.567
 20
4349653.688
 10
470071.567
 20
4349654.688
 10
470072.567
 20
4349654.688
 10
470072.567
 20
4349653.688
 10
470071.567
 20
4349653.688
  0
TEXT
  5
321
330
17
100
AcDbEntity
  8
0
 62
4
100
AcDbText
 10
470071.907
 20
4349654.118
 30
0.0
 40
0.1333
  1
0.99
  7
CN_TTF
 11
470071.907
 21
4349654.118
 31
0.0
100
AcDbText
  0
LWPOLYLINE
  5
322
330
17
100
AcDbEntity
  8
爆区方格网
 62
4
100
AcDbPolyline
 90
5
 70
1
 10
470071.567
 20
4349654.688
 10
470071.567
 20
4349655.688
 10
470072.567
 20
4349655.688
 10
470072.567
 20
4349654.688
 10
470071.567
 20
4349654.688
  0
TEXT
  5
323
330
17
100
AcDbEntity
  8
0
 62
4
100
AcDbText
 10
470071.907
 20
4349655.118
 30
0.0
 40
0.1333
  1
0.99
  7
CN_TTF
 11
470071.907
 21
4349655.118
 31
0.0
100
AcDbText
  0
LWPOLYLINE
  5
324
330
17
100
AcDbEntity
  8
爆区方格网
 62
4
100
AcDbPolyline
 90
5
 70
1
 10
470071.567
 20
4349655.688
 10
470071.567
 20
4349656.688
 10
470072.567
 20
4349656.688
 10
470072.567
 20
4349655.688
 10
470071.567
 20
4349655.688
  0
TEXT
  5
325
330
17
100
AcDbEntity
  8
0
 62
4
100
AcDbText
 10
470071.907
 20
4349656.118
 30
0.0
 40
0.1333
  1
0.99
  7
CN_TTF
 11
470071.907
 21
4349656.118
 31
0.0
100
AcDbText
  0
LWPOLYLINE
  5
326
330
17
100
AcDbEntity
  8
爆区方格网
 62
4
100
AcDbPolyline
 90
5
 70
1
 10
470071.567
 20
4349656.688
 10
470071.567
 20
4349657.688
 10
470072.567
 20
4349657.688
 10
470072.567
 20
4349656.688
 10
470071.567
 20
4349656.688
  0
TEXT
  5
327
330
17
100
AcDbEntity
  8
0
 62
4
100
AcDbText
 10
470071.907
 20
4349657.118
 30
0.0
 40
0.1333
  1
0.99
  7
CN_TTF
 11
470071.907
 21
4349657.118
 31
0.0
100
AcDbText
  0
LWPOLYLINE
  5
328
330
17
100
AcDbEntity
  8
爆区方格网
 62
4
100
AcDbPolyline
 90
5
 70
1
 10
470071.567
 20
4349657.688
 10
470071.567
 20
4349658.688
 10
470072.567
 20
4349658.688
 10
470072.567
 20
4349657.688
 10
470071.567
 20
4349657.688
  0
TEXT
  5
329
330
17
100
AcDbEntity
  8
0
 62
4
100
AcDbText
 10
470071.907
 20
4349658.118
 30
0.0
 40
0.1333
  1
0.99
  7
CN_TTF
 11
470071.907
 21
4349658.118
 31
0.0
100
AcDbText
  0
LWPOLYLINE
  5
32A
330
17
100
AcDbEntity
  8
爆区方格网
 62
4
100
AcDbPolyline
 90
5
 70
1
 10
470071.567
 20
4349658.688
 10
470071.567
 20
4349659.688
 10
470072.567
 20
4349659.688
 10
470072.567
 20
4349658.688
 10
470071.567
 20
4349658.688
  0
TEXT
  5
32B
330
17
100
AcDbEntity
  8
0
 62
4
100
AcDbText
 10
470071.907
 20
4349659.118
 30
0.0
 40
0.1333
  1
0.99
  7
CN_TTF
 11
470071.907
 21
4349659.118
 31
0.0
100
AcDbText
  0
LWPOLYLINE
  5
32C
330
17
100
AcDbEntity
  8
爆区方格网
 62
4
100
AcDbPolyline
 90
5
 70
1
 10
470071.567
 20
4349659.688
 10
470071.567
 20
4349660.688
 10
470072.567
 20
4349660.688
 10
470072.567
 20
4349659.688
 10
470071.567
 20
4349659.688
  0
TEXT
  5
32D
330
17
100
AcDbEntity
  8
0
 62
4
100
AcDbText
 10
470071.907
 20
4349660.118
 30
0.0
 40
0.1333
  1
0.99
  7
CN_TTF
 11
470071.907
 21
4349660.118
 31
0.0
100
AcDbText
  0
LWPOLYLINE
  5
32E
330
17
100
AcDbEntity
  8
爆区方格网
 62
4
100
AcDbPolyline
 90
5
 70
1
 10
470071.567
 20
4349660.688
 10
470071.567
 20
4349661.688
 10
470072.567
 20
4349661.688
 10
470072.567
 20
4349660.688
 10
470071.567
 20
4349660.688
  0
TEXT
  5
32F
330
17
100
AcDbEntity
  8
0
 62
4
100
AcDbText
 10
470071.907
 20
4349661.118
 30
0.0
 40
0.1333
  1
0.99
  7
CN_TTF
 11
470071.907
 21
4349661.118
 31
0.0
100
AcDbText
  0
LWPOLYLINE
  5
330
330
17
100
AcDbEntity
  8
爆区方格网
 62
4
100
AcDbPolyline
 90
5
 70
1
 10
470071.567
 20
4349661.688
 10
470071.567
 20
4349662.688
 10
470072.567
 20
4349662.688
 10
470072.567
 20
4349661.688
 10
470071.567
 20
4349661.688
  0
TEXT
  5
331
330
17
100
AcDbEntity
  8
0
 62
4
100
AcDbText
 10
470071.907
 20
4349662.118
 30
0.0
 40
0.1333
  1
0.99
  7
CN_TTF
 11
470071.907
 21
4349662.118
 31
0.0
100
AcDbText
  0
LWPOLYLINE
  5
332
330
17
100
AcDbEntity
  8
爆区方格网
 62
4
100
AcDbPolyline
 90
6
 70
1
 10
470072.567
 20
4349640.688
 10
470073.567
 20
4349640.688
 10
470073.567
 20
4349640.182114807
 10
470072.83654693747
 20
4349640.119292952
 10
470072.567
 20
4349640.096110849
 10
470072.567
 20
4349640.688
  0
TEXT
  5
333
330
17
100
AcDbEntity
  8
0
 62
4
100
AcDbText
 10
470072.907
 20
4349640.365057403
 30
0.0
 40
0.1333
  1
0.99
  7
CN_TTF
 11
470072.907
 21
4349640.365057403
 31
0.0
100
AcDbText
  0
LWPOLYLINE
  5
334
330
17
100
AcDbEntity
  8
爆区方格网
 62
4
100
AcDbPolyline
 90
5
 70
1
 10
470072.567
 20
4349640.688
 10
470072.567
 20
4349641.688
 10
470073.567
 20
4349641.688
 10
470073.567
 20
4349640.688
 10
470072.567
 20
4349640.688
  0
TEXT
  5
335
330
17
100
AcDbEntity
  8
0
 62
4
100
AcDbText
 10
470072.907
 20
4349641.118
 30
0.0
 40
0.1333
  1
0.99
  7
CN_TTF
 11
470072.907
 21
4349641.118
 31
0.0
100
AcDbText
  0
LWPOLYLINE
  5
336
330
17
100
AcDbEntity
  8
爆区方格网
 62
4
100
AcDbPolyline
 90
5
 70
1
 10
470072.567
 20
4349641.688
 10
470072.567
 20
4349642.688
 10
470073.567
 20
4349642.688
 10
470073.567
 20
4349641.688
 10
470072.567
 20
4349641.688
  0
TEXT
  5
337
330
17
100
AcDbEntity
  8
0
 62
4
100
AcDbText
 10
470072.907
 20
4349642.118
 30
0.0
 40
0.1333
  1
0.99
  7
CN_TTF
 11
470072.907
 21
4349642.118
 31
0.0
100
AcDbText
  0
LWPOLYLINE
  5
338
330
17
100
AcDbEntity
  8
爆区方格网
 62
4
100
AcDbPolyline
 90
5
 70
1
 10
470072.567
 20
4349642.688
 10
470072.567
 20
4349643.688
 10
470073.567
 20
4349643.688
 10
470073.567
 20
4349642.688
 10
470072.567
 20
4349642.688
  0
TEXT
  5
339
330
17
100
AcDbEntity
  8
0
 62
4
100
AcDbText
 10
470072.907
 20
4349643.118
 30
0.0
 40
0.1333
  1
0.99
  7
CN_TTF
 11
470072.907
 21
4349643.118
 31
0.0
100
AcDbText
  0
LWPOLYLINE
  5
33A
330
17
100
AcDbEntity
  8
爆区方格网
 62
4
100
AcDbPolyline
 90
5
 70
1
 10
470072.567
 20
4349643.688
 10
470072.567
 20
4349644.688
 10
470073.567
 20
4349644.688
 10
470073.567
 20
4349643.688
 10
470072.567
 20
4349643.688
  0
TEXT
  5
33B
330
17
100
AcDbEntity
  8
0
 62
4
100
AcDbText
 10
470072.907
 20
4349644.118
 30
0.0
 40
0.1333
  1
0.99
  7
CN_TTF
 11
470072.907
 21
4349644.118
 31
0.0
100
AcDbText
  0
LWPOLYLINE
  5
33C
330
17
100
AcDbEntity
  8
爆区方格网
 62
4
100
AcDbPolyline
 90
5
 70
1
 10
470072.567
 20
4349644.688
 10
470072.567
 20
4349645.688
 10
470073.567
 20
4349645.688
 10
470073.567
 20
4349644.688
 10
470072.567
 20
4349644.688
  0
TEXT
  5
33D
330
17
100
AcDbEntity
  8
0
 62
4
100
AcDbText
 10
470072.907
 20
4349645.118
 30
0.0
 40
0.1333
  1
0.99
  7
CN_TTF
 11
470072.907
 21
4349645.118
 31
0.0
100
AcDbText
  0
LWPOLYLINE
  5
33E
330
17
100
AcDbEntity
  8
爆区方格网
 62
4
100
AcDbPolyline
 90
5
 70
1
 10
470072.567
 20
4349645.688
 10
470072.567
 20
4349646.688
 10
470073.567
 20
4349646.688
 10
470073.567
 20
4349645.688
 10
470072.567
 20
4349645.688
  0
TEXT
  5
33F
330
17
100
AcDbEntity
  8
0
 62
4
100
AcDbText
 10
470072.907
 20
4349646.118
 30
0.0
 40
0.1333
  1
0.99
  7
CN_TTF
 11
470072.907
 21
4349646.118
 31
0.0
100
AcDbText
  0
LWPOLYLINE
  5
340
330
17
100
AcDbEntity
  8
爆区方格网
 62
4
100
AcDbPolyline
 90
5
 70
1
 10
470072.567
 20
4349646.688
 10
470072.567
 20
4349647.688
 10
470073.567
 20
4349647.688
 10
470073.567
 20
4349646.688
 10
470072.567
 20
4349646.688
  0
TEXT
  5
341
330
17
100
AcDbEntity
  8
0
 62
4
100
AcDbText
 10
470072.907
 20
4349647.118
 30
0.0
 40
0.1333
  1
0.99
  7
CN_TTF
 11
470072.907
 21
4349647.118
 31
0.0
100
AcDbText
  0
LWPOLYLINE
  5
342
330
17
100
AcDbEntity
  8
爆区方格网
 62
4
100
AcDbPolyline
 90
5
 70
1
 10
470072.567
 20
4349647.688
 10
470072.567
 20
4349648.688
 10
470073.567
 20
4349648.688
 10
470073.567
 20
4349647.688
 10
470072.567
 20
4349647.688
  0
TEXT
  5
343
330
17
100
AcDbEntity
  8
0
 62
4
100
AcDbText
 10
470072.907
 20
4349648.118
 30
0.0
 40
0.1333
  1
0.99
  7
CN_TTF
 11
470072.907
 21
4349648.118
 31
0.0
100
AcDbText
  0
LWPOLYLINE
  5
344
330
17
100
AcDbEntity
  8
爆区方格网
 62
4
100
AcDbPolyline
 90
5
 70
1
 10
470072.567
 20
4349648.688
 10
470072.567
 20
4349649.688
 10
470073.567
 20
4349649.688
 10
470073.567
 20
4349648.688
 10
470072.567
 20
4349648.688
  0
TEXT
  5
345
330
17
100
AcDbEntity
  8
0
 62
4
100
AcDbText
 10
470072.907
 20
4349649.118
 30
0.0
 40
0.1333
  1
0.99
  7
CN_TTF
 11
470072.907
 21
4349649.118
 31
0.0
100
AcDbText
  0
LWPOLYLINE
  5
346
330
17
100
AcDbEntity
  8
爆区方格网
 62
4
100
AcDbPolyline
 90
5
 70
1
 10
470072.567
 20
4349649.688
 10
470072.567
 20
4349650.688
 10
470073.567
 20
4349650.688
 10
470073.567
 20
4349649.688
 10
470072.567
 20
4349649.688
  0
TEXT
  5
347
330
17
100
AcDbEntity
  8
0
 62
4
100
AcDbText
 10
470072.907
 20
4349650.118
 30
0.0
 40
0.1333
  1
0.99
  7
CN_TTF
 11
470072.907
 21
4349650.118
 31
0.0
100
AcDbText
  0
LWPOLYLINE
  5
348
330
17
100
AcDbEntity
  8
爆区方格网
 62
4
100
AcDbPolyline
 90
5
 70
1
 10
470072.567
 20
4349650.688
 10
470072.567
 20
4349651.688
 10
470073.567
 20
4349651.688
 10
470073.567
 20
4349650.688
 10
470072.567
 20
4349650.688
  0
TEXT
  5
349
330
17
100
AcDbEntity
  8
0
 62
4
100
AcDbText
 10
470072.907
 20
4349651.118
 30
0.0
 40
0.1333
  1
0.99
  7
CN_TTF
 11
470072.907
 21
4349651.118
 31
0.0
100
AcDbText
  0
LWPOLYLINE
  5
34A
330
17
100
AcDbEntity
  8
爆区方格网
 62
4
100
AcDbPolyline
 90
5
 70
1
 10
470072.567
 20
4349651.688
 10
470072.567
 20
4349652.688
 10
470073.567
 20
4349652.688
 10
470073.567
 20
4349651.688
 10
470072.567
 20
4349651.688
  0
TEXT
  5
34B
330
17
100
AcDbEntity
  8
0
 62
4
100
AcDbText
 10
470072.907
 20
4349652.118
 30
0.0
 40
0.1333
  1
0.99
  7
CN_TTF
 11
470072.907
 21
4349652.118
 31
0.0
100
AcDbText
  0
LWPOLYLINE
  5
34C
330
17
100
AcDbEntity
  8
爆区方格网
 62
4
100
AcDbPolyline
 90
5
 70
1
 10
470072.567
 20
4349652.688
 10
470072.567
 20
4349653.688
 10
470073.567
 20
4349653.688
 10
470073.567
 20
4349652.688
 10
470072.567
 20
4349652.688
  0
TEXT
  5
34D
330
17
100
AcDbEntity
  8
0
 62
4
100
AcDbText
 10
470072.907
 20
4349653.118
 30
0.0
 40
0.1333
  1
0.99
  7
CN_TTF
 11
470072.907
 21
4349653.118
 31
0.0
100
AcDbText
  0
LWPOLYLINE
  5
34E
330
17
100
AcDbEntity
  8
爆区方格网
 62
4
100
AcDbPolyline
 90
5
 70
1
 10
470072.567
 20
4349653.688
 10
470072.567
 20
4349654.688
 10
470073.567
 20
4349654.688
 10
470073.567
 20
4349653.688
 10
470072.567
 20
4349653.688
  0
TEXT
  5
34F
330
17
100
AcDbEntity
  8
0
 62
4
100
AcDbText
 10
470072.907
 20
4349654.118
 30
0.0
 40
0.1333
  1
0.99
  7
CN_TTF
 11
470072.907
 21
4349654.118
 31
0.0
100
AcDbText
  0
LWPOLYLINE
  5
350
330
17
100
AcDbEntity
  8
爆区方格网
 62
4
100
AcDbPolyline
 90
5
 70
1
 10
470072.567
 20
4349654.688
 10
470072.567
 20
4349655.688
 10
470073.567
 20
4349655.688
 10
470073.567
 20
4349654.688
 10
470072.567
 20
4349654.688
  0
TEXT
  5
351
330
17
100
AcDbEntity
  8
0
 62
4
100
AcDbText
 10
470072.907
 20
4349655.118
 30
0.0
 40
0.1333
  1
0.99
  7
CN_TTF
 11
470072.907
 21
4349655.118
 31
0.0
100
AcDbText
  0
LWPOLYLINE
  5
352
330
17
100
AcDbEntity
  8
爆区方格网
 62
4
100
AcDbPolyline
 90
5
 70
1
 10
470072.567
 20
4349655.688
 10
470072.567
 20
4349656.688
 10
470073.567
 20
4349656.688
 10
470073.567
 20
4349655.688
 10
470072.567
 20
4349655.688
  0
TEXT
  5
353
330
17
100
AcDbEntity
  8
0
 62
4
100
AcDbText
 10
470072.907
 20
4349656.118
 30
0.0
 40
0.1333
  1
0.99
  7
CN_TTF
 11
470072.907
 21
4349656.118
 31
0.0
100
AcDbText
  0
LWPOLYLINE
  5
354
330
17
100
AcDbEntity
  8
爆区方格网
 62
4
100
AcDbPolyline
 90
5
 70
1
 10
470072.567
 20
4349656.688
 10
470072.567
 20
4349657.688
 10
470073.567
 20
4349657.688
 10
470073.567
 20
4349656.688
 10
470072.567
 20
4349656.688
  0
TEXT
  5
355
330
17
100
AcDbEntity
  8
0
 62
4
100
AcDbText
 10
470072.907
 20
4349657.118
 30
0.0
 40
0.1333
  1
0.99
  7
CN_TTF
 11
470072.907
 21
4349657.118
 31
0.0
100
AcDbText
  0
LWPOLYLINE
  5
356
330
17
100
AcDbEntity
  8
爆区方格网
 62
4
100
AcDbPolyline
 90
5
 70
1
 10
470072.567
 20
4349657.688
 10
470072.567
 20
4349658.688
 10
470073.567
 20
4349658.688
 10
470073.567
 20
4349657.688
 10
470072.567
 20
4349657.688
  0
TEXT
  5
357
330
17
100
AcDbEntity
  8
0
 62
4
100
AcDbText
 10
470072.907
 20
4349658.118
 30
0.0
 40
0.1333
  1
0.99
  7
CN_TTF
 11
470072.907
 21
4349658.118
 31
0.0
100
AcDbText
  0
LWPOLYLINE
  5
358
330
17
100
AcDbEntity
  8
爆区方格网
 62
4
100
AcDbPolyline
 90
5
 70
1
 10
470072.567
 20
4349658.688
 10
470072.567
 20
4349659.688
 10
470073.567
 20
4349659.688
 10
470073.567
 20
4349658.688
 10
470072.567
 20
4349658.688
  0
TEXT
  5
359
330
17
100
AcDbEntity
  8
0
 62
4
100
AcDbText
 10
470072.907
 20
4349659.118
 30
0.0
 40
0.1333
  1
0.99
  7
CN_TTF
 11
470072.907
 21
4349659.118
 31
0.0
100
AcDbText
  0
LWPOLYLINE
  5
35A
330
17
100
AcDbEntity
  8
爆区方格网
 62
4
100
AcDbPolyline
 90
5
 70
1
 10
470072.567
 20
4349659.688
 10
470072.567
 20
4349660.688
 10
470073.567
 20
4349660.688
 10
470073.567
 20
4349659.688
 10
470072.567
 20
4349659.688
  0
TEXT
  5
35B
330
17
100
AcDbEntity
  8
0
 62
4
100
AcDbText
 10
470072.907
 20
4349660.118
 30
0.0
 40
0.1333
  1
0.99
  7
CN_TTF
 11
470072.907
 21
4349660.118
 31
0.0
100
AcDbText
  0
LWPOLYLINE
  5
35C
330
17
100
AcDbEntity
  8
爆区方格网
 62
4
100
AcDbPolyline
 90
5
 70
1
 10
470072.567
 20
4349660.688
 10
470072.567
 20
4349661.688
 10
470073.567
 20
4349661.688
 10
470073.567
 20
4349660.688
 10
470072.567
 20
4349660.688
  0
TEXT
  5
35D
330
17
100
AcDbEntity
  8
0
 62
4
100
AcDbText
 10
470072.907
 20
4349661.118
 30
0.0
 40
0.1333
  1
0.99
  7
CN_TTF
 11
470072.907
 21
4349661.118
 31
0.0
100
AcDbText
  0
LWPOLYLINE
  5
35E
330
17
100
AcDbEntity
  8
爆区方格网
 62
4
100
AcDbPolyline
 90
5
 70
1
 10
470072.567
 20
4349661.688
 10
470072.567
 20
4349662.688
 10
470073.567
 20
4349662.688
 10
470073.567
 20
4349661.688
 10
470072.567
 20
4349661.688
  0
TEXT
  5
35F
330
17
100
AcDbEntity
  8
0
 62
4
100
AcDbText
 10
470072.907
 20
4349662.118
 30
0.0
 40
0.1333
  1
0.99
  7
CN_TTF
 11
470072.907
 21
4349662.118
 31
0.0
100
AcDbText
  0
LWPOLYLINE
  5
360
330
17
100
AcDbEntity
  8
爆区方格网
 62
4
100
AcDbPolyline
 90
5
 70
1
 10
470073.567
 20
4349640.688
 10
470073.567
 20
4349641.688
 10
470074.567
 20
4349641.688
 10
470074.567
 20
4349640.688
 10
470073.567
 20
4349640.688
  0
TEXT
  5
361
330
17
100
AcDbEntity
  8
0
 62
4
100
AcDbText
 10
470073.907
 20
4349641.118
 30
0.0
 40
0.1333
  1
0.99
  7
CN_TTF
 11
470073.907
 21
4349641.118
 31
0.0
100
AcDbText
  0
LWPOLYLINE
  5
362
330
17
100
AcDbEntity
  8
爆区方格网
 62
4
100
AcDbPolyline
 90
5
 70
1
 10
470073.567
 20
4349641.688
 10
470073.567
 20
4349642.688
 10
470074.567
 20
4349642.688
 10
470074.567
 20
4349641.688
 10
470073.567
 20
4349641.688
  0
TEXT
  5
363
330
17
100
AcDbEntity
  8
0
 62
4
100
AcDbText
 10
470073.907
 20
4349642.118
 30
0.0
 40
0.1333
  1
0.99
  7
CN_TTF
 11
470073.907
 21
4349642.118
 31
0.0
100
AcDbText
  0
LWPOLYLINE
  5
364
330
17
100
AcDbEntity
  8
爆区方格网
 62
4
100
AcDbPolyline
 90
5
 70
1
 10
470073.567
 20
4349642.688
 10
470073.567
 20
4349643.688
 10
470074.567
 20
4349643.688
 10
470074.567
 20
4349642.688
 10
470073.567
 20
4349642.688
  0
TEXT
  5
365
330
17
100
AcDbEntity
  8
0
 62
4
100
AcDbText
 10
470073.907
 20
4349643.118
 30
0.0
 40
0.1333
  1
0.99
  7
CN_TTF
 11
470073.907
 21
4349643.118
 31
0.0
100
AcDbText
  0
LWPOLYLINE
  5
366
330
17
100
AcDbEntity
  8
爆区方格网
 62
4
100
AcDbPolyline
 90
5
 70
1
 10
470073.567
 20
4349643.688
 10
470073.567
 20
4349644.688
 10
470074.567
 20
4349644.688
 10
470074.567
 20
4349643.688
 10
470073.567
 20
4349643.688
  0
TEXT
  5
367
330
17
100
AcDbEntity
  8
0
 62
4
100
AcDbText
 10
470073.907
 20
4349644.118
 30
0.0
 40
0.1333
  1
0.99
  7
CN_TTF
 11
470073.907
 21
4349644.118
 31
0.0
100
AcDbText
  0
LWPOLYLINE
  5
368
330
17
100
AcDbEntity
  8
爆区方格网
 62
4
100
AcDbPolyline
 90
5
 70
1
 10
470073.567
 20
4349644.688
 10
470073.567
 20
4349645.688
 10
470074.567
 20
4349645.688
 10
470074.567
 20
4349644.688
 10
470073.567
 20
4349644.688
  0
TEXT
  5
369
330
17
100
AcDbEntity
  8
0
 62
4
100
AcDbText
 10
470073.907
 20
4349645.118
 30
0.0
 40
0.1333
  1
0.99
  7
CN_TTF
 11
470073.907
 21
4349645.118
 31
0.0
100
AcDbText
  0
LWPOLYLINE
  5
36A
330
17
100
AcDbEntity
  8
爆区方格网
 62
4
100
AcDbPolyline
 90
5
 70
1
 10
470073.567
 20
4349645.688
 10
470073.567
 20
4349646.688
 10
470074.567
 20
4349646.688
 10
470074.567
 20
4349645.688
 10
470073.567
 20
4349645.688
  0
TEXT
  5
36B
330
17
100
AcDbEntity
  8
0
 62
4
100
AcDbText
 10
470073.907
 20
4349646.118
 30
0.0
 40
0.1333
  1
0.99
  7
CN_TTF
 11
470073.907
 21
4349646.118
 31
0.0
100
AcDbText
  0
LWPOLYLINE
  5
36C
330
17
100
AcDbEntity
  8
爆区方格网
 62
4
100
AcDbPolyline
 90
5
 70
1
 10
470073.567
 20
4349646.688
 10
470073.567
 20
4349647.688
 10
470074.567
 20
4349647.688
 10
470074.567
 20
4349646.688
 10
470073.567
 20
4349646.688
  0
TEXT
  5
36D
330
17
100
AcDbEntity
  8
0
 62
4
100
AcDbText
 10
470073.907
 20
4349647.118
 30
0.0
 40
0.1333
  1
0.99
  7
CN_TTF
 11
470073.907
 21
4349647.118
 31
0.0
100
AcDbText
  0
LWPOLYLINE
  5
36E
330
17
100
AcDbEntity
  8
爆区方格网
 62
4
100
AcDbPolyline
 90
5
 70
1
 10
470073.567
 20
4349647.688
 10
470073.567
 20
4349648.688
 10
470074.567
 20
4349648.688
 10
470074.567
 20
4349647.688
 10
470073.567
 20
4349647.688
  0
TEXT
  5
36F
330
17
100
AcDbEntity
  8
0
 62
4
100
AcDbText
 10
470073.907
 20
4349648.118
 30
0.0
 40
0.1333
  1
0.99
  7
CN_TTF
 11
470073.907
 21
4349648.118
 31
0.0
100
AcDbText
  0
LWPOLYLINE
  5
370
330
17
100
AcDbEntity
  8
爆区方格网
 62
4
100
AcDbPolyline
 90
5
 70
1
 10
470073.567
 20
4349648.688
 10
470073.567
 20
4349649.688
 10
470074.567
 20
4349649.688
 10
470074.567
 20
4349648.688
 10
470073.567
 20
4349648.688
  0
TEXT
  5
371
330
17
100
AcDbEntity
  8
0
 62
4
100
AcDbText
 10
470073.907
 20
4349649.118
 30
0.0
 40
0.1333
  1
0.99
  7
CN_TTF
 11
470073.907
 21
4349649.118
 31
0.0
100
AcDbText
  0
LWPOLYLINE
  5
372
330
17
100
AcDbEntity
  8
爆区方格网
 62
4
100
AcDbPolyline
 90
5
 70
1
 10
470073.567
 20
4349649.688
 10
470073.567
 20
4349650.688
 10
470074.567
 20
4349650.688
 10
470074.567
 20
4349649.688
 10
470073.567
 20
4349649.688
  0
TEXT
  5
373
330
17
100
AcDbEntity
  8
0
 62
4
100
AcDbText
 10
470073.907
 20
4349650.118
 30
0.0
 40
0.1333
  1
0.99
  7
CN_TTF
 11
470073.907
 21
4349650.118
 31
0.0
100
AcDbText
  0
LWPOLYLINE
  5
374
330
17
100
AcDbEntity
  8
爆区方格网
 62
4
100
AcDbPolyline
 90
5
 70
1
 10
470073.567
 20
4349650.688
 10
470073.567
 20
4349651.688
 10
470074.567
 20
4349651.688
 10
470074.567
 20
4349650.688
 10
470073.567
 20
4349650.688
  0
TEXT
  5
375
330
17
100
AcDbEntity
  8
0
 62
4
100
AcDbText
 10
470073.907
 20
4349651.118
 30
0.0
 40
0.1333
  1
0.99
  7
CN_TTF
 11
470073.907
 21
4349651.118
 31
0.0
100
AcDbText
  0
LWPOLYLINE
  5
376
330
17
100
AcDbEntity
  8
爆区方格网
 62
4
100
AcDbPolyline
 90
5
 70
1
 10
470073.567
 20
4349651.688
 10
470073.567
 20
4349652.688
 10
470074.567
 20
4349652.688
 10
470074.567
 20
4349651.688
 10
470073.567
 20
4349651.688
  0
TEXT
  5
377
330
17
100
AcDbEntity
  8
0
 62
4
100
AcDbText
 10
470073.907
 20
4349652.118
 30
0.0
 40
0.1333
  1
0.99
  7
CN_TTF
 11
470073.907
 21
4349652.118
 31
0.0
100
AcDbText
  0
LWPOLYLINE
  5
378
330
17
100
AcDbEntity
  8
爆区方格网
 62
4
100
AcDbPolyline
 90
5
 70
1
 10
470073.567
 20
4349652.688
 10
470073.567
 20
4349653.688
 10
470074.567
 20
4349653.688
 10
470074.567
 20
4349652.688
 10
470073.567
 20
4349652.688
  0
TEXT
  5
379
330
17
100
AcDbEntity
  8
0
 62
4
100
AcDbText
 10
470073.907
 20
4349653.118
 30
0.0
 40
0.1333
  1
0.99
  7
CN_TTF
 11
470073.907
 21
4349653.118
 31
0.0
100
AcDbText
  0
LWPOLYLINE
  5
37A
330
17
100
AcDbEntity
  8
爆区方格网
 62
4
100
AcDbPolyline
 90
5
 70
1
 10
470073.567
 20
4349653.688
 10
470073.567
 20
4349654.688
 10
470074.567
 20
4349654.688
 10
470074.567
 20
4349653.688
 10
470073.567
 20
4349653.688
  0
TEXT
  5
37B
330
17
100
AcDbEntity
  8
0
 62
4
100
AcDbText
 10
470073.907
 20
4349654.118
 30
0.0
 40
0.1333
  1
0.99
  7
CN_TTF
 11
470073.907
 21
4349654.118
 31
0.0
100
AcDbText
  0
LWPOLYLINE
  5
37C
330
17
100
AcDbEntity
  8
爆区方格网
 62
4
100
AcDbPolyline
 90
5
 70
1
 10
470073.567
 20
4349654.688
 10
470073.567
 20
4349655.688
 10
470074.567
 20
4349655.688
 10
470074.567
 20
4349654.688
 10
470073.567
 20
4349654.688
  0
TEXT
  5
37D
330
17
100
AcDbEntity
  8
0
 62
4
100
AcDbText
 10
470073.907
 20
4349655.118
 30
0.0
 40
0.1333
  1
0.99
  7
CN_TTF
 11
470073.907
 21
4349655.118
 31
0.0
100
AcDbText
  0
LWPOLYLINE
  5
37E
330
17
100
AcDbEntity
  8
爆区方格网
 62
4
100
AcDbPolyline
 90
5
 70
1
 10
470073.567
 20
4349655.688
 10
470073.567
 20
4349656.688
 10
470074.567
 20
4349656.688
 10
470074.567
 20
4349655.688
 10
470073.567
 20
4349655.688
  0
TEXT
  5
37F
330
17
100
AcDbEntity
  8
0
 62
4
100
AcDbText
 10
470073.907
 20
4349656.118
 30
0.0
 40
0.1333
  1
0.99
  7
CN_TTF
 11
470073.907
 21
4349656.118
 31
0.0
100
AcDbText
  0
LWPOLYLINE
  5
380
330
17
100
AcDbEntity
  8
爆区方格网
 62
4
100
AcDbPolyline
 90
5
 70
1
 10
470073.567
 20
4349656.688
 10
470073.567
 20
4349657.688
 10
470074.567
 20
4349657.688
 10
470074.567
 20
4349656.688
 10
470073.567
 20
4349656.688
  0
TEXT
  5
381
330
17
100
AcDbEntity
  8
0
 62
4
100
AcDbText
 10
470073.907
 20
4349657.118
 30
0.0
 40
0.1333
  1
0.99
  7
CN_TTF
 11
470073.907
 21
4349657.118
 31
0.0
100
AcDbText
  0
LWPOLYLINE
  5
382
330
17
100
AcDbEntity
  8
爆区方格网
 62
4
100
AcDbPolyline
 90
5
 70
1
 10
470073.567
 20
4349657.688
 10
470073.567
 20
4349658.688
 10
470074.567
 20
4349658.688
 10
470074.567
 20
4349657.688
 10
470073.567
 20
4349657.688
  0
TEXT
  5
383
330
17
100
AcDbEntity
  8
0
 62
4
100
AcDbText
 10
470073.907
 20
4349658.118
 30
0.0
 40
0.1333
  1
0.99
  7
CN_TTF
 11
470073.907
 21
4349658.118
 31
0.0
100
AcDbText
  0
LWPOLYLINE
  5
384
330
17
100
AcDbEntity
  8
爆区方格网
 62
4
100
AcDbPolyline
 90
5
 70
1
 10
470073.567
 20
4349658.688
 10
470073.567
 20
4349659.688
 10
470074.567
 20
4349659.688
 10
470074.567
 20
4349658.688
 10
470073.567
 20
4349658.688
  0
TEXT
  5
385
330
17
100
AcDbEntity
  8
0
 62
4
100
AcDbText
 10
470073.907
 20
4349659.118
 30
0.0
 40
0.1333
  1
0.99
  7
CN_TTF
 11
470073.907
 21
4349659.118
 31
0.0
100
AcDbText
  0
LWPOLYLINE
  5
386
330
17
100
AcDbEntity
  8
爆区方格网
 62
4
100
AcDbPolyline
 90
5
 70
1
 10
470073.567
 20
4349659.688
 10
470073.567
 20
4349660.688
 10
470074.567
 20
4349660.688
 10
470074.567
 20
4349659.688
 10
470073.567
 20
4349659.688
  0
TEXT
  5
387
330
17
100
AcDbEntity
  8
0
 62
4
100
AcDbText
 10
470073.907
 20
4349660.118
 30
0.0
 40
0.1333
  1
0.99
  7
CN_TTF
 11
470073.907
 21
4349660.118
 31
0.0
100
AcDbText
  0
LWPOLYLINE
  5
388
330
17
100
AcDbEntity
  8
爆区方格网
 62
4
100
AcDbPolyline
 90
5
 70
1
 10
470073.567
 20
4349660.688
 10
470073.567
 20
4349661.688
 10
470074.567
 20
4349661.688
 10
470074.567
 20
4349660.688
 10
470073.567
 20
4349660.688
  0
TEXT
  5
389
330
17
100
AcDbEntity
  8
0
 62
4
100
AcDbText
 10
470073.907
 20
4349661.118
 30
0.0
 40
0.1333
  1
0.99
  7
CN_TTF
 11
470073.907
 21
4349661.118
 31
0.0
100
AcDbText
  0
LWPOLYLINE
  5
38A
330
17
100
AcDbEntity
  8
爆区方格网
 62
4
100
AcDbPolyline
 90
5
 70
1
 10
470073.567
 20
4349661.688
 10
470073.567
 20
4349662.688
 10
470074.567
 20
4349662.688
 10
470074.567
 20
4349661.688
 10
470073.567
 20
4349661.688
  0
TEXT
  5
38B
330
17
100
AcDbEntity
  8
0
 62
4
100
AcDbText
 10
470073.907
 20
4349662.118
 30
0.0
 40
0.1333
  1
0.99
  7
CN_TTF
 11
470073.907
 21
4349662.118
 31
0.0
100
AcDbText
  0
LWPOLYLINE
  5
38C
330
17
100
AcDbEntity
  8
爆区方格网
 62
4
100
AcDbPolyline
 90
5
 70
1
 10
470074.567
 20
4349640.688
 10
470074.567
 20
4349641.688
 10
470075.567
 20
4349641.688
 10
470075.567
 20
4349640.688
 10
470074.567
 20
4349640.688
  0
TEXT
  5
38D
330
17
100
AcDbEntity
  8
0
 62
4
100
AcDbText
 10
470074.907
 20
4349641.118
 30
0.0
 40
0.1333
  1
0.99
  7
CN_TTF
 11
470074.907
 21
4349641.118
 31
0.0
100
AcDbText
  0
LWPOLYLINE
  5
38E
330
17
100
AcDbEntity
  8
爆区方格网
 62
4
100
AcDbPolyline
 90
5
 70
1
 10
470074.567
 20
4349641.688
 10
470074.567
 20
4349642.688
 10
470075.567
 20
4349642.688
 10
470075.567
 20
4349641.688
 10
470074.567
 20
4349641.688
  0
TEXT
  5
38F
330
17
100
AcDbEntity
  8
0
 62
4
100
AcDbText
 10
470074.907
 20
4349642.118
 30
0.0
 40
0.1333
  1
0.99
  7
CN_TTF
 11
470074.907
 21
4349642.118
 31
0.0
100
AcDbText
  0
LWPOLYLINE
  5
390
330
17
100
AcDbEntity
  8
爆区方格网
 62
4
100
AcDbPolyline
 90
5
 70
1
 10
470074.567
 20
4349642.688
 10
470074.567
 20
4349643.688
 10
470075.567
 20
4349643.688
 10
470075.567
 20
4349642.688
 10
470074.567
 20
4349642.688
  0
TEXT
  5
391
330
17
100
AcDbEntity
  8
0
 62
4
100
AcDbText
 10
470074.907
 20
4349643.118
 30
0.0
 40
0.1333
  1
0.99
  7
CN_TTF
 11
470074.907
 21
4349643.118
 31
0.0
100
AcDbText
  0
LWPOLYLINE
  5
392
330
17
100
AcDbEntity
  8
爆区方格网
 62
4
100
AcDbPolyline
 90
5
 70
1
 10
470074.567
 20
4349643.688
 10
470074.567
 20
4349644.688
 10
470075.567
 20
4349644.688
 10
470075.567
 20
4349643.688
 10
470074.567
 20
4349643.688
  0
TEXT
  5
393
330
17
100
AcDbEntity
  8
0
 62
4
100
AcDbText
 10
470074.907
 20
4349644.118
 30
0.0
 40
0.1333
  1
0.99
  7
CN_TTF
 11
470074.907
 21
4349644.118
 31
0.0
100
AcDbText
  0
LWPOLYLINE
  5
394
330
17
100
AcDbEntity
  8
爆区方格网
 62
4
100
AcDbPolyline
 90
5
 70
1
 10
470074.567
 20
4349644.688
 10
470074.567
 20
4349645.688
 10
470075.567
 20
4349645.688
 10
470075.567
 20
4349644.688
 10
470074.567
 20
4349644.688
  0
TEXT
  5
395
330
17
100
AcDbEntity
  8
0
 62
4
100
AcDbText
 10
470074.907
 20
4349645.118
 30
0.0
 40
0.1333
  1
0.99
  7
CN_TTF
 11
470074.907
 21
4349645.118
 31
0.0
100
AcDbText
  0
LWPOLYLINE
  5
396
330
17
100
AcDbEntity
  8
爆区方格网
 62
4
100
AcDbPolyline
 90
5
 70
1
 10
470074.567
 20
4349645.688
 10
470074.567
 20
4349646.688
 10
470075.567
 20
4349646.688
 10
470075.567
 20
4349645.688
 10
470074.567
 20
4349645.688
  0
TEXT
  5
397
330
17
100
AcDbEntity
  8
0
 62
4
100
AcDbText
 10
470074.907
 20
4349646.118
 30
0.0
 40
0.1333
  1
0.99
  7
CN_TTF
 11
470074.907
 21
4349646.118
 31
0.0
100
AcDbText
  0
LWPOLYLINE
  5
398
330
17
100
AcDbEntity
  8
爆区方格网
 62
4
100
AcDbPolyline
 90
5
 70
1
 10
470074.567
 20
4349646.688
 10
470074.567
 20
4349647.688
 10
470075.567
 20
4349647.688
 10
470075.567
 20
4349646.688
 10
470074.567
 20
4349646.688
  0
TEXT
  5
399
330
17
100
AcDbEntity
  8
0
 62
4
100
AcDbText
 10
470074.907
 20
4349647.118
 30
0.0
 40
0.1333
  1
0.99
  7
CN_TTF
 11
470074.907
 21
4349647.118
 31
0.0
100
AcDbText
  0
LWPOLYLINE
  5
39A
330
17
100
AcDbEntity
  8
爆区方格网
 62
4
100
AcDbPolyline
 90
5
 70
1
 10
470074.567
 20
4349647.688
 10
470074.567
 20
4349648.688
 10
470075.567
 20
4349648.688
 10
470075.567
 20
4349647.688
 10
470074.567
 20
4349647.688
  0
TEXT
  5
39B
330
17
100
AcDbEntity
  8
0
 62
4
100
AcDbText
 10
470074.907
 20
4349648.118
 30
0.0
 40
0.1333
  1
0.99
  7
CN_TTF
 11
470074.907
 21
4349648.118
 31
0.0
100
AcDbText
  0
LWPOLYLINE
  5
39C
330
17
100
AcDbEntity
  8
爆区方格网
 62
4
100
AcDbPolyline
 90
5
 70
1
 10
470074.567
 20
4349648.688
 10
470074.567
 20
4349649.688
 10
470075.567
 20
4349649.688
 10
470075.567
 20
4349648.688
 10
470074.567
 20
4349648.688
  0
TEXT
  5
39D
330
17
100
AcDbEntity
  8
0
 62
4
100
AcDbText
 10
470074.907
 20
4349649.118
 30
0.0
 40
0.1333
  1
0.99
  7
CN_TTF
 11
470074.907
 21
4349649.118
 31
0.0
100
AcDbText
  0
LWPOLYLINE
  5
39E
330
17
100
AcDbEntity
  8
爆区方格网
 62
4
100
AcDbPolyline
 90
5
 70
1
 10
470074.567
 20
4349649.688
 10
470074.567
 20
4349650.688
 10
470075.567
 20
4349650.688
 10
470075.567
 20
4349649.688
 10
470074.567
 20
4349649.688
  0
TEXT
  5
39F
330
17
100
AcDbEntity
  8
0
 62
4
100
AcDbText
 10
470074.907
 20
4349650.118
 30
0.0
 40
0.1333
  1
0.99
  7
CN_TTF
 11
470074.907
 21
4349650.118
 31
0.0
100
AcDbText
  0
LWPOLYLINE
  5
3A0
330
17
100
AcDbEntity
  8
爆区方格网
 62
4
100
AcDbPolyline
 90
5
 70
1
 10
470074.567
 20
4349650.688
 10
470074.567
 20
4349651.688
 10
470075.567
 20
4349651.688
 10
470075.567
 20
4349650.688
 10
470074.567
 20
4349650.688
  0
TEXT
  5
3A1
330
17
100
AcDbEntity
  8
0
 62
4
100
AcDbText
 10
470074.907
 20
4349651.118
 30
0.0
 40
0.1333
  1
0.99
  7
CN_TTF
 11
470074.907
 21
4349651.118
 31
0.0
100
AcDbText
  0
LWPOLYLINE
  5
3A2
330
17
100
AcDbEntity
  8
爆区方格网
 62
4
100
AcDbPolyline
 90
5
 70
1
 10
470074.567
 20
4349651.688
 10
470074.567
 20
4349652.688
 10
470075.567
 20
4349652.688
 10
470075.567
 20
4349651.688
 10
470074.567
 20
4349651.688
  0
TEXT
  5
3A3
330
17
100
AcDbEntity
  8
0
 62
4
100
AcDbText
 10
470074.907
 20
4349652.118
 30
0.0
 40
0.1333
  1
0.99
  7
CN_TTF
 11
470074.907
 21
4349652.118
 31
0.0
100
AcDbText
  0
LWPOLYLINE
  5
3A4
330
17
100
AcDbEntity
  8
爆区方格网
 62
4
100
AcDbPolyline
 90
5
 70
1
 10
470074.567
 20
4349652.688
 10
470074.567
 20
4349653.688
 10
470075.567
 20
4349653.688
 10
470075.567
 20
4349652.688
 10
470074.567
 20
4349652.688
  0
TEXT
  5
3A5
330
17
100
AcDbEntity
  8
0
 62
4
100
AcDbText
 10
470074.907
 20
4349653.118
 30
0.0
 40
0.1333
  1
0.99
  7
CN_TTF
 11
470074.907
 21
4349653.118
 31
0.0
100
AcDbText
  0
LWPOLYLINE
  5
3A6
330
17
100
AcDbEntity
  8
爆区方格网
 62
4
100
AcDbPolyline
 90
5
 70
1
 10
470074.567
 20
4349653.688
 10
470074.567
 20
4349654.688
 10
470075.567
 20
4349654.688
 10
470075.567
 20
4349653.688
 10
470074.567
 20
4349653.688
  0
TEXT
  5
3A7
330
17
100
AcDbEntity
  8
0
 62
4
100
AcDbText
 10
470074.907
 20
4349654.118
 30
0.0
 40
0.1333
  1
0.99
  7
CN_TTF
 11
470074.907
 21
4349654.118
 31
0.0
100
AcDbText
  0
LWPOLYLINE
  5
3A8
330
17
100
AcDbEntity
  8
爆区方格网
 62
4
100
AcDbPolyline
 90
5
 70
1
 10
470074.567
 20
4349654.688
 10
470074.567
 20
4349655.688
 10
470075.567
 20
4349655.688
 10
470075.567
 20
4349654.688
 10
470074.567
 20
4349654.688
  0
TEXT
  5
3A9
330
17
100
AcDbEntity
  8
0
 62
4
100
AcDbText
 10
470074.907
 20
4349655.118
 30
0.0
 40
0.1333
  1
0.99
  7
CN_TTF
 11
470074.907
 21
4349655.118
 31
0.0
100
AcDbText
  0
LWPOLYLINE
  5
3AA
330
17
100
AcDbEntity
  8
爆区方格网
 62
4
100
AcDbPolyline
 90
5
 70
1
 10
470074.567
 20
4349655.688
 10
470074.567
 20
4349656.688
 10
470075.567
 20
4349656.688
 10
470075.567
 20
4349655.688
 10
470074.567
 20
4349655.688
  0
TEXT
  5
3AB
330
17
100
AcDbEntity
  8
0
 62
4
100
AcDbText
 10
470074.907
 20
4349656.118
 30
0.0
 40
0.1333
  1
0.99
  7
CN_TTF
 11
470074.907
 21
4349656.118
 31
0.0
100
AcDbText
  0
LWPOLYLINE
  5
3AC
330
17
100
AcDbEntity
  8
爆区方格网
 62
4
100
AcDbPolyline
 90
5
 70
1
 10
470074.567
 20
4349656.688
 10
470074.567
 20
4349657.688
 10
470075.567
 20
4349657.688
 10
470075.567
 20
4349656.688
 10
470074.567
 20
4349656.688
  0
TEXT
  5
3AD
330
17
100
AcDbEntity
  8
0
 62
4
100
AcDbText
 10
470074.907
 20
4349657.118
 30
0.0
 40
0.1333
  1
0.99
  7
CN_TTF
 11
470074.907
 21
4349657.118
 31
0.0
100
AcDbText
  0
LWPOLYLINE
  5
3AE
330
17
100
AcDbEntity
  8
爆区方格网
 62
4
100
AcDbPolyline
 90
5
 70
1
 10
470074.567
 20
4349657.688
 10
470074.567
 20
4349658.688
 10
470075.567
 20
4349658.688
 10
470075.567
 20
4349657.688
 10
470074.567
 20
4349657.688
  0
TEXT
  5
3AF
330
17
100
AcDbEntity
  8
0
 62
4
100
AcDbText
 10
470074.907
 20
4349658.118
 30
0.0
 40
0.1333
  1
0.99
  7
CN_TTF
 11
470074.907
 21
4349658.118
 31
0.0
100
AcDbText
  0
LWPOLYLINE
  5
3B0
330
17
100
AcDbEntity
  8
爆区方格网
 62
4
100
AcDbPolyline
 90
5
 70
1
 10
470074.567
 20
4349658.688
 10
470074.567
 20
4349659.688
 10
470075.567
 20
4349659.688
 10
470075.567
 20
4349658.688
 10
470074.567
 20
4349658.688
  0
TEXT
  5
3B1
330
17
100
AcDbEntity
  8
0
 62
4
100
AcDbText
 10
470074.907
 20
4349659.118
 30
0.0
 40
0.1333
  1
0.99
  7
CN_TTF
 11
470074.907
 21
4349659.118
 31
0.0
100
AcDbText
  0
LWPOLYLINE
  5
3B2
330
17
100
AcDbEntity
  8
爆区方格网
 62
4
100
AcDbPolyline
 90
5
 70
1
 10
470074.567
 20
4349659.688
 10
470074.567
 20
4349660.688
 10
470075.567
 20
4349660.688
 10
470075.567
 20
4349659.688
 10
470074.567
 20
4349659.688
  0
TEXT
  5
3B3
330
17
100
AcDbEntity
  8
0
 62
4
100
AcDbText
 10
470074.907
 20
4349660.118
 30
0.0
 40
0.1333
  1
0.99
  7
CN_TTF
 11
470074.907
 21
4349660.118
 31
0.0
100
AcDbText
  0
LWPOLYLINE
  5
3B4
330
17
100
AcDbEntity
  8
爆区方格网
 62
4
100
AcDbPolyline
 90
5
 70
1
 10
470074.567
 20
4349660.688
 10
470074.567
 20
4349661.688
 10
470075.567
 20
4349661.688
 10
470075.567
 20
4349660.688
 10
470074.567
 20
4349660.688
  0
TEXT
  5
3B5
330
17
100
AcDbEntity
  8
0
 62
4
100
AcDbText
 10
470074.907
 20
4349661.118
 30
0.0
 40
0.1333
  1
0.99
  7
CN_TTF
 11
470074.907
 21
4349661.118
 31
0.0
100
AcDbText
  0
LWPOLYLINE
  5
3B6
330
17
100
AcDbEntity
  8
爆区方格网
 62
4
100
AcDbPolyline
 90
5
 70
1
 10
470074.567
 20
4349661.688
 10
470074.567
 20
4349662.688
 10
470075.567
 20
4349662.688
 10
470075.567
 20
4349661.688
 10
470074.567
 20
4349661.688
  0
TEXT
  5
3B7
330
17
100
AcDbEntity
  8
0
 62
4
100
AcDbText
 10
470074.907
 20
4349662.118
 30
0.0
 40
0.1333
  1
0.99
  7
CN_TTF
 11
470074.907
 21
4349662.118
 31
0.0
100
AcDbText
  0
LWPOLYLINE
  5
3B8
330
17
100
AcDbEntity
  8
爆区方格网
 62
4
100
AcDbPolyline
 90
5
 70
1
 10
470075.567
 20
4349640.688
 10
470075.567
 20
4349641.688
 10
470076.567
 20
4349641.688
 10
470076.567
 20
4349640.688
 10
470075.567
 20
4349640.688
  0
TEXT
  5
3B9
330
17
100
AcDbEntity
  8
0
 62
4
100
AcDbText
 10
470075.907
 20
4349641.118
 30
0.0
 40
0.1333
  1
0.99
  7
CN_TTF
 11
470075.907
 21
4349641.118
 31
0.0
100
AcDbText
  0
LWPOLYLINE
  5
3BA
330
17
100
AcDbEntity
  8
爆区方格网
 62
4
100
AcDbPolyline
 90
5
 70
1
 10
470075.567
 20
4349641.688
 10
470075.567
 20
4349642.688
 10
470076.567
 20
4349642.688
 10
470076.567
 20
4349641.688
 10
470075.567
 20
4349641.688
  0
TEXT
  5
3BB
330
17
100
AcDbEntity
  8
0
 62
4
100
AcDbText
 10
470075.907
 20
4349642.118
 30
0.0
 40
0.1333
  1
0.99
  7
CN_TTF
 11
470075.907
 21
4349642.118
 31
0.0
100
AcDbText
  0
LWPOLYLINE
  5
3BC
330
17
100
AcDbEntity
  8
爆区方格网
 62
4
100
AcDbPolyline
 90
6
 70
1
 10
470076.567
 20
4349642.688
 10
470075.567
 20
4349642.688
 10
470075.567
 20
4349643.688
 10
470076.53464023164
 20
4349643.688
 10
470076.567
 20
4349643.478150205
 10
470076.567
 20
4349642.688
  0
TEXT
  5
3BD
330
17
100
AcDbEntity
  8
0
 62
4
100
AcDbText
 10
470075.907
 20
4349643.013075102
 30
0.0
 40
0.1333
  1
0.99
  7
CN_TTF
 11
470075.907
 21
4349643.013075102
 31
0.0
100
AcDbText
  0
LWPOLYLINE
  5
3BE
330
17
100
AcDbEntity
  8
爆区方格网
 62
4
100
AcDbPolyline
 90
5
 70
1
 10
470075.567
 20
4349643.688
 10
470075.567
 20
4349644.688
 10
470076.38043580065
 20
4349644.688
 10
470076.53464023164
 20
4349643.688
 10
470075.567
 20
4349643.688
  0
TEXT
  5
3BF
330
17
100
AcDbEntity
  8
0
 62
4
100
AcDbText
 10
470075.8522690081
 20
4349644.118
 30
0.0
 40
0.1333
  1
0.99
  7
CN_TTF
 11
470075.8522690081
 21
4349644.118
 31
0.0
100
AcDbText
  0
LWPOLYLINE
  5
3C0
330
17
100
AcDbEntity
  8
爆区方格网
 62
4
100
AcDbPolyline
 90
5
 70
1
 10
470075.567
 20
4349644.688
 10
470075.567
 20
4349645.688
 10
470076.22623136966
 20
4349645.688
 10
470076.38043580065
 20
4349644.688
 10
470075.567
 20
4349644.688
  0
TEXT
  5
3C1
330
17
100
AcDbEntity
  8
0
 62
4
100
AcDbText
 10
470075.7751667926
 20
4349645.118
 30
0.0
 40
0.1333
  1
0.99
  7
CN_TTF
 11
470075.7751667926
 21
4349645.118
 31
0.0
100
AcDbText
  0
LWPOLYLINE
  5
3C2
330
17
100
AcDbEntity
  8
爆区方格网
 62
4
100
AcDbPolyline
 90
5
 70
1
 10
470075.567
 20
4349645.688
 10
470075.567
 20
4349646.688
 10
470076.0720269386
 20
4349646.688
 10
470076.22623136966
 20
4349645.688
 10
470075.567
 20
4349645.688
  0
TEXT
  5
3C3
330
17
100
AcDbEntity
  8
0
 62
4
100
AcDbText
 10
470075.6980645771
 20
4349646.118
 30
0.0
 40
0.1333
  1
0.99
  7
CN_TTF
 11
470075.6980645771
 21
4349646.118
 31
0.0
100
AcDbText
  0
LWPOLYLINE
  5
3C4
330
17
100
AcDbEntity
  8
爆区方格网
 62
4
100
AcDbPolyline
 90
5
 70
1
 10
470075.567
 20
4349647.688
 10
470075.567
 20
4349648.688
 10
470076.2331323943
 20
4349648.688
 10
470075.94689187425
 20
4349647.688
 10
470075.567
 20
4349647.688
  0
TEXT
  5
3C5
330
17
100
AcDbEntity
  8
0
 62
4
100
AcDbText
 10
470075.6685060672
 20
4349648.118
 30
0.0
 40
0.1333
  1
0.99
  7
CN_TTF
 11
470075.6685060672
 21
4349648.118
 31
0.0
100
AcDbText
  0
LWPOLYLINE
  5
3C6
330
17
100
AcDbEntity
  8
爆区方格网
 62
4
100
AcDbPolyline
 90
5
 70
1
 10
470075.567
 20
4349648.688
 10
470075.567
 20
4349649.688
 10
470076.5193729144
 20
4349649.688
 10
470076.2331323943
 20
4349648.688
 10
470075.567
 20
4349648.688
  0
TEXT
  5
3C7
330
17
100
AcDbEntity
  8
0
 62
4
100
AcDbText
 10
470075.81162632717
 20
4349649.118
 30
0.0
 40
0.1333
  1
0.99
  7
CN_TTF
 11
470075.81162632717
 21
4349649.118
 31
0.0
100
AcDbText
  0
LWPOLYLINE
  5
3C8
330
17
100
AcDbEntity
  8
爆区方格网
 62
4
100
AcDbPolyline
 90
6
 70
1
 10
470075.567
 20
4349649.688
 10
470075.567
 20
4349650.688
 10
470076.567
 20
4349650.688
 10
470076.567
 20
4349649.854388342
 10
470076.5193729144
 20
4349649.688
 10
470075.567
 20
4349649.688
  0
TEXT
  5
3C9
330
17
100
AcDbEntity
  8
0
 62
4
100
AcDbText
 10
470075.907
 20
4349650.201194171
 30
0.0
 40
0.1333
  1
0.99
  7
CN_TTF
 11
470075.907
 21
4349650.201194171
 31
0.0
100
AcDbText
  0
LWPOLYLINE
  5
3CA
330
17
100
AcDbEntity
  8
爆区方格网
 62
4
100
AcDbPolyline
 90
5
 70
1
 10
470075.567
 20
4349650.688
 10
470075.567
 20
4349651.688
 10
470076.567
 20
4349651.688
 10
470076.567
 20
4349650.688
 10
470075.567
 20
4349650.688
  0
TEXT
  5
3CB
330
17
100
AcDbEntity
  8
0
 62
4
100
AcDbText
 10
470075.907
 20
4349651.118
 30
0.0
 40
0.1333
  1
0.99
  7
CN_TTF
 11
470075.907
 21
4349651.118
 31
0.0
100
AcDbText
  0
LWPOLYLINE
  5
3CC
330
17
100
AcDbEntity
  8
爆区方格网
 62
4
100
AcDbPolyline
 90
5
 70
1
 10
470075.567
 20
4349651.688
 10
470075.567
 20
4349652.688
 10
470076.567
 20
4349652.688
 10
470076.567
 20
4349651.688
 10
470075.567
 20
4349651.688
  0
TEXT
  5
3CD
330
17
100
AcDbEntity
  8
0
 62
4
100
AcDbText
 10
470075.907
 20
4349652.118
 30
0.0
 40
0.1333
  1
0.99
  7
CN_TTF
 11
470075.907
 21
4349652.118
 31
0.0
100
AcDbText
  0
LWPOLYLINE
  5
3CE
330
17
100
AcDbEntity
  8
爆区方格网
 62
4
100
AcDbPolyline
 90
5
 70
1
 10
470075.567
 20
4349652.688
 10
470075.567
 20
4349653.688
 10
470076.567
 20
4349653.688
 10
470076.567
 20
4349652.688
 10
470075.567
 20
4349652.688
  0
TEXT
  5
3CF
330
17
100
AcDbEntity
  8
0
 62
4
100
AcDbText
 10
470075.907
 20
4349653.118
 30
0.0
 40
0.1333
  1
0.99
  7
CN_TTF
 11
470075.907
 21
4349653.118
 31
0.0
100
AcDbText
  0
LWPOLYLINE
  5
3D0
330
17
100
AcDbEntity
  8
爆区方格网
 62
4
100
AcDbPolyline
 90
5
 70
1
 10
470075.567
 20
4349653.688
 10
470075.567
 20
4349654.688
 10
470076.567
 20
4349654.688
 10
470076.567
 20
4349653.688
 10
470075.567
 20
4349653.688
  0
TEXT
  5
3D1
330
17
100
AcDbEntity
  8
0
 62
4
100
AcDbText
 10
470075.907
 20
4349654.118
 30
0.0
 40
0.1333
  1
0.99
  7
CN_TTF
 11
470075.907
 21
4349654.118
 31
0.0
100
AcDbText
  0
LWPOLYLINE
  5
3D2
330
17
100
AcDbEntity
  8
爆区方格网
 62
4
100
AcDbPolyline
 90
5
 70
1
 10
470075.567
 20
4349654.688
 10
470075.567
 20
4349655.688
 10
470076.567
 20
4349655.688
 10
470076.567
 20
4349654.688
 10
470075.567
 20
4349654.688
  0
TEXT
  5
3D3
330
17
100
AcDbEntity
  8
0
 62
4
100
AcDbText
 10
470075.907
 20
4349655.118
 30
0.0
 40
0.1333
  1
0.99
  7
CN_TTF
 11
470075.907
 21
4349655.118
 31
0.0
100
AcDbText
  0
LWPOLYLINE
  5
3D4
330
17
100
AcDbEntity
  8
爆区方格网
 62
4
100
AcDbPolyline
 90
5
 70
1
 10
470075.567
 20
4349655.688
 10
470075.567
 20
4349656.688
 10
470076.567
 20
4349656.688
 10
470076.567
 20
4349655.688
 10
470075.567
 20
4349655.688
  0
TEXT
  5
3D5
330
17
100
AcDbEntity
  8
0
 62
4
100
AcDbText
 10
470075.907
 20
4349656.118
 30
0.0
 40
0.1333
  1
0.99
  7
CN_TTF
 11
470075.907
 21
4349656.118
 31
0.0
100
AcDbText
  0
LWPOLYLINE
  5
3D6
330
17
100
AcDbEntity
  8
爆区方格网
 62
4
100
AcDbPolyline
 90
5
 70
1
 10
470075.567
 20
4349656.688
 10
470075.567
 20
4349657.688
 10
470076.567
 20
4349657.688
 10
470076.567
 20
4349656.688
 10
470075.567
 20
4349656.688
  0
TEXT
  5
3D7
330
17
100
AcDbEntity
  8
0
 62
4
100
AcDbText
 10
470075.907
 20
4349657.118
 30
0.0
 40
0.1333
  1
0.99
  7
CN_TTF
 11
470075.907
 21
4349657.118
 31
0.0
100
AcDbText
  0
LWPOLYLINE
  5
3D8
330
17
100
AcDbEntity
  8
爆区方格网
 62
4
100
AcDbPolyline
 90
5
 70
1
 10
470075.567
 20
4349657.688
 10
470075.567
 20
4349658.688
 10
470076.567
 20
4349658.688
 10
470076.567
 20
4349657.688
 10
470075.567
 20
4349657.688
  0
TEXT
  5
3D9
330
17
100
AcDbEntity
  8
0
 62
4
100
AcDbText
 10
470075.907
 20
4349658.118
 30
0.0
 40
0.1333
  1
0.99
  7
CN_TTF
 11
470075.907
 21
4349658.118
 31
0.0
100
AcDbText
  0
LWPOLYLINE
  5
3DA
330
17
100
AcDbEntity
  8
爆区方格网
 62
4
100
AcDbPolyline
 90
6
 70
1
 10
470076.567
 20
4349658.688
 10
470075.567
 20
4349658.688
 10
470075.567
 20
4349659.688
 10
470076.52909009333
 20
4349659.688
 10
470076.567
 20
4349659.295636022
 10
470076.567
 20
4349658.688
  0
TEXT
  5
3DB
330
17
100
AcDbEntity
  8
0
 62
4
100
AcDbText
 10
470075.907
 20
4349658.9218180105
 30
0.0
 40
0.1333
  1
0.99
  7
CN_TTF
 11
470075.907
 21
4349658.9218180105
 31
0.0
100
AcDbText
  0
LWPOLYLINE
  5
3DC
330
17
100
AcDbEntity
  8
爆区方格网
 62
4
100
AcDbPolyline
 90
5
 70
1
 10
470075.567
 20
4349659.688
 10
470075.567
 20
4349660.688
 10
470076.43247086013
 20
4349660.688
 10
470076.52909009333
 20
4349659.688
 10
470075.567
 20
4349659.688
  0
TEXT
  5
3DD
330
17
100
AcDbEntity
  8
0
 62
4
100
AcDbText
 10
470075.8638902384
 20
4349660.118
 30
0.0
 40
0.1333
  1
0.99
  7
CN_TTF
 11
470075.8638902384
 21
4349660.118
 31
0.0
100
AcDbText
  0
LWPOLYLINE
  5
3DE
330
17
100
AcDbEntity
  8
爆区方格网
 62
4
100
AcDbPolyline
 90
5
 70
1
 10
470075.567
 20
4349660.688
 10
470075.567
 20
4349661.688
 10
470076.3358516269
 20
4349661.688
 10
470076.43247086013
 20
4349660.688
 10
470075.567
 20
4349660.688
  0
TEXT
  5
3DF
330
17
100
AcDbEntity
  8
0
 62
4
100
AcDbText
 10
470075.81558062177
 20
4349661.118
 30
0.0
 40
0.1333
  1
0.99
  7
CN_TTF
 11
470075.81558062177
 21
4349661.118
 31
0.0
100
AcDbText
  0
LWPOLYLINE
  5
3E0
330
17
100
AcDbEntity
  8
爆区方格网
 62
4
100
AcDbPolyline
 90
5
 70
1
 10
470075.567
 20
4349661.688
 10
470075.567
 20
4349662.688
 10
470076.2392323937
 20
4349662.688
 10
470076.3358516269
 20
4349661.688
 10
470075.567
 20
4349661.688
  0
TEXT
  5
3E1
330
17
100
AcDbEntity
  8
0
 62
4
100
AcDbText
 10
470075.76727100514
 20
4349662.118
 30
0.0
 40
0.1333
  1
0.99
  7
CN_TTF
 11
470075.76727100514
 21
4349662.118
 31
0.0
100
AcDbText
  0
LWPOLYLINE
  5
3E2
330
17
100
AcDbEntity
  8
爆区方格网
 62
4
100
AcDbPolyline
 90
5
 70
1
 10
470075.567
 20
4349662.688
 10
470075.567
 20
4349663.204564342
 10
470076.183
 20
4349663.27
 10
470076.2392323937
 20
4349662.688
 10
470075.567
 20
4349662.688
  0
TEXT
  5
3E3
330
17
100
AcDbEntity
  8
0
 62
4
100
AcDbText
 10
470075.7306386842
 20
4349662.87628217
 30
0.0
 40
0.1333
  1
0.99
  7
CN_TTF
 11
470075.7306386842
 21
4349662.87628217
 31
0.0
100
AcDbText
  0
LWPOLYLINE
  5
3E4
330
17
100
AcDbEntity
  8
爆区方格网
 62
4
100
AcDbPolyline
 90
6
 70
1
 10
470076.567
 20
4349651.688
 10
470076.567
 20
4349652.688
 10
470077.2054247258
 20
4349652.688
 10
470077.249
 20
4349652.237
 10
470077.0918539546
 20
4349651.688
 10
470076.567
 20
4349651.688
  0
TEXT
  5
3E5
330
17
100
AcDbEntity
  8
0
 62
4
100
AcDbText
 10
470076.7087134887
 20
4349651.8925
 30
0.0
 40
0.1333
  1
0.99
  7
CN_TTF
 11
470076.7087134887
 21
4349651.8925
 31
0.0
100
AcDbText
  0
LWPOLYLINE
  5
3E6
330
17
100
AcDbEntity
  8
爆区方格网
 62
4
100
AcDbPolyline
 90
5
 70
1
 10
470076.567
 20
4349652.688
 10
470076.567
 20
4349653.688
 10
470077.1088054926
 20
4349653.688
 10
470077.2054247258
 20
4349652.688
 10
470076.567
 20
4349652.688
  0
TEXT
  5
3E7
330
17
100
AcDbEntity
  8
0
 62
4
100
AcDbText
 10
470076.70205755456
 20
4349653.118
 30
0.0
 40
0.1333
  1
0.99
  7
CN_TTF
 11
470076.70205755456
 21
4349653.118
 31
0.0
100
AcDbText
  0
LINE
  5
3E8
330
17
100
AcDbEntity
  8
点
 62
138
420
19532
100
AcDbLine
 10
470104.881
 20
4349646.761
 30
0.0
 11
470105.881
 21
4349646.761
 31
0.0
  0
LINE
  5
3E9
330
17
100
AcDbEntity
  8
点
 62
138
420
19532
100
AcDbLine
 10
470105.381
 20
4349646.261
 30
0.0
 11
470105.381
 21
4349647.261
 31
0.0
  0
LINE
  5
3EA
330
17
100
AcDbEntity
  8
钻孔
 62
8
370
35
100
AcDbLine
 10
470105.381
 20
4349646.761
 30
0.0
 11
470104.181
 21
4349646.761
 31
0.0
  0
TEXT
  5
3EB
330
17
100
AcDbEntity
  8
钻孔
 62
138
420
19532
100
AcDbText
 10
470103.10099999997
 20
4349647.161
 30
0.0
 40
0.4
  1
BS-3940-0922-P1
  7
CN_TTF
 11
470103.10099999997
 21
4349647.161
 31
0.0
100
AcDbText
  0
TEXT
  5
3EC
330
17
100
AcDbEntity
  8
钻孔
 62
8
100
AcDbText
 10
470102.191
 20
4349646.411
 30
0.0
 40
0.7
  1
0.06
  7
CN_TTF
 11
470102.191
 21
4349646.411
 31
0.0
100
AcDbText
  0
LINE
  5
3ED
330
17
100
AcDbEntity
  8
点
 62
138
420
19532
100
AcDbLine
 10
470102.364
 20
4349642.963
 30
0.0
 11
470103.364
 21
4349642.963
 31
0.0
  0
LINE
  5
3EE
330
17
100
AcDbEntity
  8
点
 62
138
420
19532
100
AcDbLine
 10
470102.864
 20
4349642.463
 30
0.0
 11
470102.864
 21
4349643.463
 31
0.0
  0
LINE
  5
3EF
330
17
100
AcDbEntity
  8
钻孔
 62
8
370
35
100
AcDbLine
 10
470102.864
 20
4349642.963
 30
0.0
 11
470101.664
 21
4349642.963
 31
0.0
  0
TEXT
  5
3F0
330
17
100
AcDbEntity
  8
钻孔
 62
138
420
19532
100
AcDbText
 10
470100.584
 20
4349643.363000001
 30
0.0
 40
0.4
  1
BS-3940-0922-P2
  7
CN_TTF
 11
470100.584
 21
4349643.363000001
 31
0.0
100
AcDbText
  0
TEXT
  5
3F1
330
17
100
AcDbEntity
  8
钻孔
 62
8
100
AcDbText
 10
470099.674
 20
4349642.613000001
 30
0.0
 40
0.7
  1
0.09
  7
CN_TTF
 11
470099.674
 21
4349642.613000001
 31
0.0
100
AcDbText
  0
LINE
  5
3F2
330
17
100
AcDbEntity
  8
点
 62
138
420
19532
100
AcDbLine
 10
470098.582
 20
4349645.082
 30
0.0
 11
470099.582
 21
4349645.082
 31
0.0
  0
LINE
  5
3F3
330
17
100
AcDbEntity
  8
点
 62
138
420
19532
100
AcDbLine
 10
470099.082
 20
4349644.582
 30
0.0
 11
470099.082
 21
4349645.582
 31
0.0
  0
LINE
  5
3F4
330
17
100
AcDbEntity
  8
钻孔
 62
8
370
35
100
AcDbLine
 10
470099.082
 20
4349645.082
 30
0.0
 11
470097.882
 21
4349645.082
 31
0.0
  0
TEXT
  5
3F5
330
17
100
AcDbEntity
  8
钻孔
 62
138
420
19532
100
AcDbText
 10
470096.80199999997
 20
4349645.482000001
 30
0.0
 40
0.4
  1
BS-3940-0922-P3
  7
CN_TTF
 11
470096.80199999997
 21
4349645.482000001
 31
0.0
100
AcDbText
  0
TEXT
  5
3F6
330
17
100
AcDbEntity
  8
钻孔
 62
8
100
AcDbText
 10
470095.892
 20
4349644.732000001
 30
0.0
 40
0.7
  1
0.35
  7
CN_TTF
 11
470095.892
 21
4349644.732000001
 31
0.0
100
AcDbText
  0
LINE
  5
3F7
330
17
100
AcDbEntity
  8
点
 62
138
420
19532
100
AcDbLine
 10
470099.513
 20
4349640.178
 30
0.0
 11
470100.513
 21
4349640.178
 31
0.0
  0
LINE
  5
3F8
330
17
100
AcDbEntity
  8
点
 62
138
420
19532
100
AcDbLine
 10
470100.013
 20
4349639.678
 30
0.0
 11
470100.013
 21
4349640.678
 31
0.0
  0
LINE
  5
3F9
330
17
100
AcDbEntity
  8
钻孔
 62
8
370
35
100
AcDbLine
 10
470100.013
 20
4349640.178
 30
0.0
 11
470098.81299999997
 21
4349640.178
 31
0.0
  0
TEXT
  5
3FA
330
17
100
AcDbEntity
  8
钻孔
 62
138
420
19532
100
AcDbText
 10
470097.73299999995
 20
4349640.578000001
 30
0.0
 40
0.4
  1
BS-3940-0922-P4
  7
CN_TTF
 11
470097.73299999995
 21
4349640.578000001
 31
0.0
100
AcDbText
  0
TEXT
  5
3FB
330
17
100
AcDbEntity
  8
钻孔
 62
8
100
AcDbText
 10
470096.823
 20
4349639.828000001
 30
0.0
 40
0.7
  1
0.07
  7
CN_TTF
 11
470096.823
 21
4349639.828000001
 31
0.0
100
AcDbText
  0
LINE
  5
3FC
330
17
100
AcDbEntity
  8
点
 62
138
420
19532
100
AcDbLine
 10
470096.245
 20
4349640.334
 30
0.0
 11
470097.245
 21
4349640.334
 31
0.0
  0
LINE
  5
3FD
330
17
100
AcDbEntity
  8
点
 62
138
420
19532
100
AcDbLine
 10
470096.745
 20
4349639.834
 30
0.0
 11
470096.745
 21
4349640.834
 31
0.0
  0
LINE
  5
3FE
330
17
100
AcDbEntity
  8
钻孔
 62
8
370
35
100
AcDbLine
 10
470096.745
 20
4349640.334
 30
0.0
 11
470095.545
 21
4349640.334
 31
0.0
  0
TEXT
  5
3FF
330
17
100
AcDbEntity
  8
钻孔
 62
138
420
19532
100
AcDbText
 10
470094.46499999997
 20
4349640.734
 30
0.0
 40
0.4
  1
BS-3940-0922-P5
  7
CN_TTF
 11
470094.46499999997
 21
4349640.734
 31
0.0
100
AcDbText
  0
TEXT
  5
400
330
17
100
AcDbEntity
  8
钻孔
 62
8
100
AcDbText
 10
470093.555
 20
4349639.984
 30
0.0
 40
0.7
  1
0.08
  7
CN_TTF
 11
470093.555
 21
4349639.984
 31
0.0
100
AcDbText
  0
LINE
  5
401
330
17
100
AcDbEntity
  8
点
 62
138
420
19532
100
AcDbLine
 10
470096.628
 20
4349634.687
 30
0.0
 11
470097.628
 21
4349634.687
 31
0.0
  0
LINE
  5
402
330
17
100
AcDbEntity
  8
点
 62
138
420
19532
100
AcDbLine
 10
470097.128
 20
4349634.187
 30
0.0
 11
470097.128
 21
4349635.187
 31
0.0
  0
LINE
  5
403
330
17
100
AcDbEntity
  8
钻孔
 62
8
370
35
100
AcDbLine
 10
470097.128
 20
4349634.687
 30
0.0
 11
470095.928
 21
4349634.687
 31
0.0
  0
TEXT
  5
404
330
17
100
AcDbEntity
  8
钻孔
 62
138
420
19532
100
AcDbText
 10
470094.848
 20
4349635.087
 30
0.0
 40
0.4
  1
BS-3940-0922-P6
  7
CN_TTF
 11
470094.848
 21
4349635.087
 31
0.0
100
AcDbText
  0
TEXT
  5
405
330
17
100
AcDbEntity
  8
钻孔
 62
8
100
AcDbText
 10
470093.938
 20
4349634.337
 30
0.0
 40
0.7
  1
0.07
  7
CN_TTF
 11
470093.938
 21
4349634.337
 31
0.0
100
AcDbText
  0
LINE
  5
406
330
17
100
AcDbEntity
  8
点
 62
138
420
19532
100
AcDbLine
 10
470094.172
 20
4349635.118
 30
0.0
 11
470095.172
 21
4349635.118
 31
0.0
  0
LINE
  5
407
330
17
100
AcDbEntity
  8
点
 62
138
420
19532
100
AcDbLine
 10
470094.672
 20
4349634.618
 30
0.0
 11
470094.672
 21
4349635.618
 31
0.0
  0
LINE
  5
408
330
17
100
AcDbEntity
  8
钻孔
 62
8
370
35
100
AcDbLine
 10
470094.672
 20
4349635.118
 30
0.0
 11
470093.472
 21
4349635.118
 31
0.0
  0
TEXT
  5
409
330
17
100
AcDbEntity
  8
钻孔
 62
138
420
19532
100
AcDbText
 10
470092.392
 20
4349635.518
 30
0.0
 40
0.4
  1
BS-3940-0922-P7
  7
CN_TTF
 11
470092.392
 21
4349635.518
 31
0.0
100
AcDbText
  0
TEXT
  5
40A
330
17
100
AcDbEntity
  8
钻孔
 62
8
100
AcDbText
 10
470091.482
 20
4349634.768
 30
0.0
 40
0.7
  1
0.08
  7
CN_TTF
 11
470091.482
 21
4349634.768
 31
0.0
100
AcDbText
  0
LINE
  5
40B
330
17
100
AcDbEntity
  8
点
 62
138
420
19532
100
AcDbLine
 10
470091.543
 20
4349642.796
 30
0.0
 11
470092.543
 21
4349642.796
 31
0.0
  0
LINE
  5
40C
330
17
100
AcDbEntity
  8
点
 62
138
420
19532
100
AcDbLine
 10
470092.043
 20
4349642.296
 30
0.0
 11
470092.043
 21
4349643.296
 31
0.0
  0
LINE
  5
40D
330
17
100
AcDbEntity
  8
钻孔
 62
8
370
35
100
AcDbLine
 10
470092.043
 20
4349642.796
 30
0.0
 11
470090.843
 21
4349642.796
 31
0.0
  0
TEXT
  5
40E
330
17
100
AcDbEntity
  8
钻孔
 62
138
420
19532
100
AcDbText
 10
470089.763
 20
4349643.196
 30
0.0
 40
0.4
  1
BS-3940-0922-P8
  7
CN_TTF
 11
470089.763
 21
4349643.196
 31
0.0
100
AcDbText
  0
TEXT
  5
40F
330
17
100
AcDbEntity
  8
钻孔
 62
8
100
AcDbText
 10
470088.853
 20
4349642.446
 30
0.0
 40
0.7
  1
0.35
  7
CN_TTF
 11
470088.853
 21
4349642.446
 31
0.0
100
AcDbText
  0
LINE
  5
410
330
17
100
AcDbEntity
  8
点
 62
138
420
19532
100
AcDbLine
 10
470086.691
 20
4349641.925
 30
0.0
 11
470087.691
 21
4349641.925
 31
0.0
  0
LINE
  5
411
330
17
100
AcDbEntity
  8
点
 62
138
420
19532
100
AcDbLine
 10
470087.191
 20
4349641.425
 30
0.0
 11
470087.191
 21
4349642.425
 31
0.0
  0
LINE
  5
412
330
17
100
AcDbEntity
  8
钻孔
 62
4
370
35
100
AcDbLine
 10
470087.191
 20
4349641.925
 30
0.0
 11
470085.991
 21
4349641.925
 31
0.0
  0
TEXT
  5
413
330
17
100
AcDbEntity
  8
钻孔
 62
138
420
19532
100
AcDbText
 10
470084.91099999996
 20
4349642.325
 30
0.0
 40
0.4
  1
BS-3940-0922-P9
  7
CN_TTF
 11
470084.91099999996
 21
4349642.325
 31
0.0
100
AcDbText
  0
TEXT
  5
414
330
17
100
AcDbEntity
  8
钻孔
 62
4
100
AcDbText
 10
470084.001
 20
4349641.575
 30
0.0
 40
0.7
  1
0.78
  7
CN_TTF
 11
470084.001
 21
4349641.575
 31
0.0
100
AcDbText
  0
LINE
  5
415
330
17
100
AcDbEntity
  8
点
 62
138
420
19532
100
AcDbLine
 10
470089.426
 20
4349638.452
 30
0.0
 11
470090.426
 21
4349638.452
 31
0.0
  0
LINE
  5
416
330
17
100
AcDbEntity
  8
点
 62
138
420
19532
100
AcDbLine
 10
470089.926
 20
4349637.952
 30
0.0
 11
470089.926
 21
4349638.952
 31
0.0
  0
LINE
  5
417
330
17
100
AcDbEntity
  8
钻孔
 62
8
370
35
100
AcDbLine
 10
470089.926
 20
4349638.452
 30
0.0
 11
470088.72599999997
 21
4349638.452
 31
0.0
  0
TEXT
  5
418
330
17
100
AcDbEntity
  8
钻孔
 62
138
420
19532
100
AcDbText
 10
470087.64599999995
 20
4349638.852
 30
0.0
 40
0.4
  1
BS-3940-0922-P10
  7
CN_TTF
 11
470087.64599999995
 21
4349638.852
 31
0.0
100
AcDbText
  0
TEXT
  5
419
330
17
100
AcDbEntity
  8
钻孔
 62
8
100
AcDbText
 10
470086.736
 20
4349638.102
 30
0.0
 40
0.7
  1
0.17
  7
CN_TTF
 11
470086.736
 21
4349638.102
 31
0.0
100
AcDbText
  0
LINE
  5
41A
330
17
100
AcDbEntity
  8
点
 62
138
420
19532
100
AcDbLine
 10
470090.98
 20
4349632.669
 30
0.0
 11
470091.98
 21
4349632.669
 31
0.0
  0
LINE
  5
41B
330
17
100
AcDbEntity
  8
点
 62
138
420
19532
100
AcDbLine
 10
470091.48
 20
4349632.169
 30
0.0
 11
470091.48
 21
4349633.169
 31
0.0
  0
LINE
  5
41C
330
17
100
AcDbEntity
  8
钻孔
 62
8
370
35
100
AcDbLine
 10
470091.48
 20
4349632.669
 30
0.0
 11
470090.27999999997
 21
4349632.669
 31
0.0
  0
TEXT
  5
41D
330
17
100
AcDbEntity
  8
钻孔
 62
138
420
19532
100
AcDbText
 10
470089.19999999995
 20
4349633.069
 30
0.0
 40
0.4
  1
BS-3940-0922-P11
  7
CN_TTF
 11
470089.19999999995
 21
4349633.069
 31
0.0
100
AcDbText
  0
TEXT
  5
41E
330
17
100
AcDbEntity
  8
钻孔
 62
8
100
AcDbText
 10
470088.29
 20
4349632.319
 30
0.0
 40
0.7
  1
0.14
  7
CN_TTF
 11
470088.29
 21
4349632.319
 31
0.0
100
AcDbText
  0
LINE
  5
41F
330
17
100
AcDbEntity
  8
点
 62
138
420
19532
100
AcDbLine
 10
470087.479
 20
4349633.233
 30
0.0
 11
470088.479
 21
4349633.233
 31
0.0
  0
LINE
  5
420
330
17
100
AcDbEntity
  8
点
 62
138
420
19532
100
AcDbLine
 10
470087.979
 20
4349632.733
 30
0.0
 11
470087.979
 21
4349633.733
 31
0.0
  0
LINE
  5
421
330
17
100
AcDbEntity
  8
钻孔
 62
8
370
35
100
AcDbLine
 10
470087.979
 20
4349633.233
 30
0.0
 11
470086.779
 21
4349633.233
 31
0.0
  0
TEXT
  5
422
330
17
100
AcDbEntity
  8
钻孔
 62
138
420
19532
100
AcDbText
 10
470085.69899999996
 20
4349633.633
 30
0.0
 40
0.4
  1
BS-3940-0922-P12
  7
CN_TTF
 11
470085.69899999996
 21
4349633.633
 31
0.0
100
AcDbText
  0
TEXT
  5
423
330
17
100
AcDbEntity
  8
钻孔
 62
8
100
AcDbText
 10
470084.789
 20
4349632.883
 30
0.0
 40
0.7
  1
0.20
  7
CN_TTF
 11
470084.789
 21
4349632.883
 31
0.0
100
AcDbText
  0
LINE
  5
424
330
17
100
AcDbEntity
  8
点
 62
138
420
19532
100
AcDbLine
 10
470084.352
 20
4349630.609
 30
0.0
 11
470085.352
 21
4349630.609
 31
0.0
  0
LINE
  5
425
330
17
100
AcDbEntity
  8
点
 62
138
420
19532
100
AcDbLine
 10
470084.852
 20
4349630.109
 30
0.0
 11
470084.852
 21
4349631.109
 31
0.0
  0
LINE
  5
426
330
17
100
AcDbEntity
  8
钻孔
 62
8
370
35
100
AcDbLine
 10
470084.852
 20
4349630.609
 30
0.0
 11
470083.652
 21
4349630.609
 31
0.0
  0
TEXT
  5
427
330
17
100
AcDbEntity
  8
钻孔
 62
138
420
19532
100
AcDbText
 10
470082.572
 20
4349631.009000001
 30
0.0
 40
0.4
  1
BS-3940-0922-P13
  7
CN_TTF
 11
470082.572
 21
4349631.009000001
 31
0.0
100
AcDbText
  0
TEXT
  5
428
330
17
100
AcDbEntity
  8
钻孔
 62
8
100
AcDbText
 10
470081.662
 20
4349630.259000001
 30
0.0
 40
0.7
  1
0.01
  7
CN_TTF
 11
470081.662
 21
4349630.259000001
 31
0.0
100
AcDbText
  0
LINE
  5
429
330
17
100
AcDbEntity
  8
点
 62
138
420
19532
100
AcDbLine
 10
470080.797
 20
4349630.865
 30
0.0
 11
470081.797
 21
4349630.865
 31
0.0
  0
LINE
  5
42A
330
17
100
AcDbEntity
  8
点
 62
138
420
19532
100
AcDbLine
 10
470081.297
 20
4349630.365
 30
0.0
 11
470081.297
 21
4349631.365
 31
0.0
  0
LINE
  5
42B
330
17
100
AcDbEntity
  8
钻孔
 62
8
370
35
100
AcDbLine
 10
470081.297
 20
4349630.865
 30
0.0
 11
470080.097
 21
4349630.865
 31
0.0
  0
TEXT
  5
42C
330
17
100
AcDbEntity
  8
钻孔
 62
138
420
19532
100
AcDbText
 10
470079.017
 20
4349631.265000001
 30
0.0
 40
0.4
  1
BS-3940-0922-P14
  7
CN_TTF
 11
470079.017
 21
4349631.265000001
 31
0.0
100
AcDbText
  0
TEXT
  5
42D
330
17
100
AcDbEntity
  8
钻孔
 62
8
100
AcDbText
 10
470078.107
 20
4349630.515000001
 30
0.0
 40
0.7
  1
0.37
  7
CN_TTF
 11
470078.107
 21
4349630.515000001
 31
0.0
100
AcDbText
  0
LINE
  5
42E
330
17
100
AcDbEntity
  8
点
 62
138
420
19532
100
AcDbLine
 10
470076.4
 20
4349634.019
 30
0.0
 11
470077.4
 21
4349634.019
 31
0.0
  0
LINE
  5
42F
330
17
100
AcDbEntity
  8
点
 62
138
420
19532
100
AcDbLine
 10
470076.9
 20
4349633.519
 30
0.0
 11
470076.9
 21
4349634.519
 31
0.0
  0
LINE
  5
430
330
17
100
AcDbEntity
  8
钻孔
 62
4
370
35
100
AcDbLine
 10
470076.9
 20
4349634.019
 30
0.0
 11
470075.7
 21
4349634.019
 31
0.0
  0
TEXT
  5
431
330
17
100
AcDbEntity
  8
钻孔
 62
138
420
19532
100
AcDbText
 10
470074.62
 20
4349634.419000001
 30
0.0
 40
0.4
  1
BS-3940-0922-P15
  7
CN_TTF
 11
470074.62
 21
4349634.419000001
 31
0.0
100
AcDbText
  0
TEXT
  5
432
330
17
100
AcDbEntity
  8
钻孔
 62
4
100
AcDbText
 10
470073.71
 20
4349633.669000001
 30
0.0
 40
0.7
  1
0.99
  7
CN_TTF
 11
470073.71
 21
4349633.669000001
 31
0.0
100
AcDbText
  0
LINE
  5
433
330
17
100
AcDbEntity
  8
点
 62
138
420
19532
100
AcDbLine
 10
470079.653
 20
4349639.678
 30
0.0
 11
470080.653
 21
4349639.678
 31
0.0
  0
LINE
  5
434
330
17
100
AcDbEntity
  8
点
 62
138
420
19532
100
AcDbLine
 10
470080.153
 20
4349639.178
 30
0.0
 11
470080.153
 21
4349640.178
 31
0.0
  0
LINE
  5
435
330
17
100
AcDbEntity
  8
钻孔
 62
4
370
35
100
AcDbLine
 10
470080.153
 20
4349639.678
 30
0.0
 11
470078.953
 21
4349639.678
 31
0.0
  0
TEXT
  5
436
330
17
100
AcDbEntity
  8
钻孔
 62
138
420
19532
100
AcDbText
 10
470077.87299999996
 20
4349640.078000001
 30
0.0
 40
0.4
  1
BS-3940-0922-P16
  7
CN_TTF
 11
470077.87299999996
 21
4349640.078000001
 31
0.0
100
AcDbText
  0
TEXT
  5
437
330
17
100
AcDbEntity
  8
钻孔
 62
4
100
AcDbText
 10
470076.963
 20
4349639.328000001
 30
0.0
 40
0.7
  1
0.99
  7
CN_TTF
 11
470076.963
 21
4349639.328000001
 31
0.0
100
AcDbText
  0
LINE
  5
438
330
17
100
AcDbEntity
  8
点
 62
138
420
19532
100
AcDbLine
 10
470082.942
 20
4349636.831
 30
0.0
 11
470083.942
 21
4349636.831
 31
0.0
  0
LINE
  5
439
330
17
100
AcDbEntity
  8
点
 62
138
420
19532
100
AcDbLine
 10
470083.442
 20
4349636.331
 30
0.0
 11
470083.442
 21
4349637.331
 31
0.0
  0
LINE
  5
43A
330
17
100
AcDbEntity
  8
钻孔
 62
4
370
35
100
AcDbLine
 10
470083.442
 20
4349636.831
 30
0.0
 11
470082.24199999997
 21
4349636.831
 31
0.0
  0
TEXT
  5
43B
330
17
100
AcDbEntity
  8
钻孔
 62
138
420
19532
100
AcDbText
 10
470081.16199999995
 20
4349637.231000001
 30
0.0
 40
0.4
  1
BS-3940-0922-P17
  7
CN_TTF
 11
470081.16199999995
 21
4349637.231000001
 31
0.0
100
AcDbText
  0
TEXT
  5
43C
330
17
100
AcDbEntity
  8
钻孔
 62
4
100
AcDbText
 10
470080.252
 20
4349636.481000001
 30
0.0
 40
0.7
  1
0.55
  7
CN_TTF
 11
470080.252
 21
4349636.481000001
 31
0.0
100
AcDbText
  0
LINE
  5
43D
330
17
100
AcDbEntity
  8
点
 62
138
420
19532
100
AcDbLine
 10
470055.544
 20
4349630.068
 30
0.0
 11
470056.544
 21
4349630.068
 31
0.0
  0
LINE
  5
43E
330
17
100
AcDbEntity
  8
点
 62
138
420
19532
100
AcDbLine
 10
470056.044
 20
4349629.568
 30
0.0
 11
470056.044
 21
4349630.568
 31
0.0
  0
LINE
  5
43F
330
17
100
AcDbEntity
  8
钻孔
 62
1
370
35
100
AcDbLine
 10
470056.044
 20
4349630.068
 30
0.0
 11
470054.844
 21
4349630.068
 31
0.0
  0
TEXT
  5
440
330
17
100
AcDbEntity
  8
钻孔
 62
138
420
19532
100
AcDbText
 10
470053.76399999997
 20
4349630.468
 30
0.0
 40
0.4
  1
BS-3940-0922-BL1
  7
CN_TTF
 11
470053.76399999997
 21
4349630.468
 31
0.0
100
AcDbText
  0
TEXT
  5
441
330
17
100
AcDbEntity
  8
钻孔
 62
1
100
AcDbText
 10
470052.854
 20
4349629.718
 30
0.0
 40
0.7
  1
1.78
  7
CN_TTF
 11
470052.854
 21
4349629.718
 31
0.0
100
AcDbText
  0
LINE
  5
442
330
17
100
AcDbEntity
  8
点
 62
138
420
19532
100
AcDbLine
 10
470041.501
 20
4349628.344
 30
0.0
 11
470042.501
 21
4349628.344
 31
0.0
  0
LINE
  5
443
330
17
100
AcDbEntity
  8
点
 62
138
420
19532
100
AcDbLine
 10
470042.001
 20
4349627.844
 30
0.0
 11
470042.001
 21
4349628.844
 31
0.0
  0
LINE
  5
444
330
17
100
AcDbEntity
  8
钻孔
 62
5
370
35
100
AcDbLine
 10
470042.001
 20
4349628.344
 30
0.0
 11
470040.801
 21
4349628.344
 31
0.0
  0
TEXT
  5
445
330
17
100
AcDbEntity
  8
钻孔
 62
138
420
19532
100
AcDbText
 10
470039.72099999996
 20
4349628.744
 30
0.0
 40
0.4
  1
BS-3940-0922-BL2
  7
CN_TTF
 11
470039.72099999996
 21
4349628.744
 31
0.0
100
AcDbText
  0
TEXT
  5
446
330
17
100
AcDbEntity
  8
钻孔
 62
5
100
AcDbText
 10
470038.811
 20
4349627.994
 30
0.0
 40
0.7
  1
1.43
  7
CN_TTF
 11
470038.811
 21
4349627.994
 31
0.0
100
AcDbText
  0
LINE
  5
447
330
17
100
AcDbEntity
  8
点
 62
138
420
19532
100
AcDbLine
 10
470029.053
 20
4349626.087
 30
0.0
 11
470030.053
 21
4349626.087
 31
0.0
  0
LINE
  5
448
330
17
100
AcDbEntity
  8
点
 62
138
420
19532
100
AcDbLine
 10
470029.553
 20
4349625.587
 30
0.0
 11
470029.553
 21
4349626.587
 31
0.0
  0
LINE
  5
449
330
17
100
AcDbEntity
  8
钻孔
 62
4
370
35
100
AcDbLine
 10
470029.553
 20
4349626.087
 30
0.0
 11
470028.353
 21
4349626.087
 31
0.0
  0
TEXT
  5
44A
330
17
100
AcDbEntity
  8
钻孔
 62
138
420
19532
100
AcDbText
 10
470027.273
 20
4349626.487000001
 30
0.0
 40
0.4
  1
BS-3940-0922-BL3
  7
CN_TTF
 11
470027.273
 21
4349626.487000001
 31
0.0
100
AcDbText
  0
TEXT
  5
44B
330
17
100
AcDbEntity
  8
钻孔
 62
4
100
AcDbText
 10
470026.363
 20
4349625.737000001
 30
0.0
 40
0.7
  1
0.64
  7
CN_TTF
 11
470026.363
 21
4349625.737000001
 31
0.0
100
AcDbText
  0
LINE
  5
44C
330
17
100
AcDbEntity
  8
点
 62
138
420
19532
100
AcDbLine
 10
470024.758
 20
4349620.243
 30
0.0
 11
470025.758
 21
4349620.243
 31
0.0
  0
LINE
  5
44D
330
17
100
AcDbEntity
  8
点
 62
138
420
19532
100
AcDbLine
 10
470025.258
 20
4349619.743
 30
0.0
 11
470025.258
 21
4349620.743
 31
0.0
  0
LINE
  5
44E
330
17
100
AcDbEntity
  8
钻孔
 62
4
370
35
100
AcDbLine
 10
470025.258
 20
4349620.243
 30
0.0
 11
470024.05799999996
 21
4349620.243
 31
0.0
  0
TEXT
  5
44F
330
17
100
AcDbEntity
  8
钻孔
 62
138
420
19532
100
AcDbText
 10
470022.97799999994
 20
4349620.643
 30
0.0
 40
0.4
  1
BS-3940-0922-BL4
  7
CN_TTF
 11
470022.97799999994
 21
4349620.643
 31
0.0
100
AcDbText
  0
TEXT
  5
450
330
17
100
AcDbEntity
  8
钻孔
 62
4
100
AcDbText
 10
470022.06799999997
 20
4349619.893
 30
0.0
 40
0.7
  1
0.86
  7
CN_TTF
 11
470022.06799999997
 21
4349619.893
 31
0.0
100
AcDbText
  0
LINE
  5
451
330
17
100
AcDbEntity
  8
点
 62
138
420
19532
100
AcDbLine
 10
470038.096
 20
4349619.708
 30
0.0
 11
470039.096
 21
4349619.708
 31
0.0
  0
LINE
  5
452
330
17
100
AcDbEntity
  8
点
 62
138
420
19532
100
AcDbLine
 10
470038.596
 20
4349619.208
 30
0.0
 11
470038.596
 21
4349620.208
 31
0.0
  0
LINE
  5
453
330
17
100
AcDbEntity
  8
钻孔
 62
5
370
35
100
AcDbLine
 10
470038.596
 20
4349619.708
 30
0.0
 11
470037.396
 21
4349619.708
 31
0.0
  0
TEXT
  5
454
330
17
100
AcDbEntity
  8
钻孔
 62
138
420
19532
100
AcDbText
 10
470036.316
 20
4349620.108
 30
0.0
 40
0.4
  1
BS-3940-0922-BL5
  7
CN_TTF
 11
470036.316
 21
4349620.108
 31
0.0
100
AcDbText
  0
TEXT
  5
455
330
17
100
AcDbEntity
  8
钻孔
 62
5
100
AcDbText
 10
470035.406
 20
4349619.358
 30
0.0
 40
0.7
  1
1.09
  7
CN_TTF
 11
470035.406
 21
4349619.358
 31
0.0
100
AcDbText
  0
LINE
  5
456
330
17
100
AcDbEntity
  8
点
 62
138
420
19532
100
AcDbLine
 10
470052.492
 20
4349616.825
 30
0.0
 11
470053.492
 21
4349616.825
 31
0.0
  0
LINE
  5
457
330
17
100
AcDbEntity
  8
点
 62
138
420
19532
100
AcDbLine
 10
470052.992
 20
4349616.325
 30
0.0
 11
470052.992
 21
4349617.325
 31
0.0
  0
LINE
  5
458
330
17
100
AcDbEntity
  8
钻孔
 62
1
370
35
100
AcDbLine
 10
470052.992
 20
4349616.825
 30
0.0
 11
470051.792
 21
4349616.825
 31
0.0
  0
TEXT
  5
459
330
17
100
AcDbEntity
  8
钻孔
 62
138
420
19532
100
AcDbText
 10
470050.712
 20
4349617.225000001
 30
0.0
 40
0.4
  1
BS-3940-0922-BL6
  7
CN_TTF
 11
470050.712
 21
4349617.225000001
 31
0.0
100
AcDbText
  0
TEXT
  5
45A
330
17
100
AcDbEntity
  8
钻孔
 62
1
100
AcDbText
 10
470049.802
 20
4349616.475000001
 30
0.0
 40
0.7
  1
1.54
  7
CN_TTF
 11
470049.802
 21
4349616.475000001
 31
0.0
100
AcDbText
  0
LINE
  5
45B
330
17
100
AcDbEntity
  8
0
 62
7
100
AcDbLine
 10
470077.249
 20
4349652.237
 30
0.0
 11
470100.66002243117
 21
4349652.15006615
 31
0.0
  0
MTEXT
  5
45C
330
17
100
AcDbEntity
  8
0
100
AcDbMText
 10
470100.66002243117
 20
4349652.15006615
 30
0.0
 40
3.0
 71
1
  1
1号矿块
  7
CN_TTF
  0
TEXT
  5
45D
330
17
100
AcDbEntity
  8
0
 62
7
100
AcDbText
 10
470025.258
 20
4349658.761
 30
0.0
 40
5.0
  1
3940平台 0922二次圈矿矿块图
  7
CN_TTF
 11
470025.258
 21
4349658.761
 31
0.0
100
AcDbText
  0
IMAGE
  5
461
330
17
100
AcDbEntity
  8
0
100
AcDbRasterImage
 90
0
 10
470110.381
 20
4349640.506232647
 30
0.0
 11
0.03051106025934401
 21
0.0
 31
0.0
 12
1.868263614259883e-18
 22
0.030511060259344015
 32
0.0
 13
1311.0
 23
205.0
340
460
 70
3
280
0
281
50
282
50
283
0
360
462
 71
1
 91
2
 14
-0.5
 24
-0.5
 14
1310.5
 24
204.5
290
0
  0
ENDSEC
  0
SECTION
  2
OBJECTS
  0
DICTIONARY
  5
A
330
0
100
AcDbDictionary
281
1
  3
ACAD_COLOR
350
B
  3
ACAD_GROUP
350
C
  3
ACAD_LAYOUT
350
D
  3
ACAD_MATERIAL
350
E
  3
ACAD_MLEADERSTYLE
350
F
  3
ACAD_MLINESTYLE
350
10
  3
ACAD_PLOTSETTINGS
350
11
  3
ACAD_PLOTSTYLENAME
350
12
  3
ACAD_SCALELIST
350
14
  3
ACAD_TABLESTYLE
350
15
  3
ACAD_VISUALSTYLE
350
16
  3
EZDXF_META
350
2D
  3
ACAD_IMAGE_VARS
350
45E
  3
ACAD_IMAGE_DICT
350
45F
  0
DICTIONARY
  5
B
330
A
100
AcDbDictionary
281
1
  0
DICTIONARY
  5
C
330
A
100
AcDbDictionary
281
1
  0
DICTIONARY
  5
D
330
A
100
AcDbDictionary
281
1
  3
Model
350
1A
  3
Layout1
350
1E
  0
DICTIONARY
  5
E
330
A
100
AcDbDictionary
281
1
  3
ByBlock
350
1F
  3
ByLayer
350
20
  3
Global
350
21
  0
DICTIONARY
  5
F
330
A
100
AcDbDictionary
281
1
  3
Standard
350
2C
  0
DICTIONARY
  5
10
330
A
100
AcDbDictionary
281
1
  3
Standard
350
22
  0
DICTIONARY
  5
11
330
A
100
AcDbDictionary
281
1
  0
ACDBDICTIONARYWDFLT
  5
12
330
A
100
AcDbDictionary
281
1
  3
Normal
350
13
100
AcDbDictionaryWithDefault
340
13
  0
ACDBPLACEHOLDER
  5
13
330
12
  0
DICTIONARY
  5
14
330
A
100
AcDbDictionary
281
1
  0
DICTIONARY
  5
15
330
A
100
AcDbDictionary
281
1
  0
DICTIONARY
  5
16
330
A
100
AcDbDictionary
281
1
  0
LAYOUT
  5
1A
330
D
100
AcDbPlotSettings
  1

  4
A3
  6

 40
7.5
 41
20.0
 42
7.5
 43
20.0
 44
420.0
 45
297.0
 46
0.0
 47
0.0
 48
0.0
 49
0.0
140
0.0
141
0.0
142
1.0
143
1.0
 70
1024
 72
1
 73
0
 74
5
  7

 75
16
 76
0
 77
2
 78
300
147
1.0
148
0.0
149
0.0
100
AcDbLayout
  1
Model
 70
1
 71
0
 10
0.0
 20
0.0
 11
420.0
 21
297.0
 12
0.0
 22
0.0
 32
0.0
 14
1e+20
 24
1e+20
 34
1e+20
 15
-1e+20
 25
-1e+20
 35
-1e+20
146
0.0
 13
0.0
 23
0.0
 33
0.0
 16
1.0
 26
0.0
 36
0.0
 17
0.0
 27
1.0
 37
0.0
 76
1
330
17
  0
LAYOUT
  5
1E
330
D
100
AcDbPlotSettings
  1

  4
A3
  6

 40
7.5
 41
20.0
 42
7.5
 43
20.0
 44
420.0
 45
297.0
 46
0.0
 47
0.0
 48
0.0
 49
0.0
140
0.0
141
0.0
142
1.0
143
1.0
 70
0
 72
1
 73
0
 74
5
  7

 75
16
 76
0
 77
2
 78
300
147
1.0
148
0.0
149
0.0
100
AcDbLayout
  1
Layout1
 70
1
 71
1
 10
0.0
 20
0.0
 11
420.0
 21
297.0
 12
0.0
 22
0.0
 32
0.0
 14
1e+20
 24
1e+20
 34
1e+20
 15
-1e+20
 25
-1e+20
 35
-1e+20
146
0.0
 13
0.0
 23
0.0
 33
0.0
 16
1.0
 26
0.0
 36
0.0
 17
0.0
 27
1.0
 37
0.0
 76
1
330
1B
  0
MATERIAL
  5
1F
102
{ACAD_REACTORS
330
E
102
}
330
E
100
AcDbMaterial
  1
ByBlock
  2

 70
0
 40
1.0
 71
1
 41
1.0
 91
-1023410177
 42
1.0
 72
1
  3

 73
1
 74
1
 75
1
 44
0.5
 73
0
 45
1.0
 46
1.0
 77
1
  4

 78
1
 79
1
170
1
 48
1.0
171
1
  6

172
1
173
1
174
1
140
1.0
141
1.0
175
1
  7

176
1
177
1
178
1
143
1.0
179
1
  8

270
1
271
1
272
1
145
1.0
146
1.0
273
1
  9

274
1
275
1
276
1
 42
1.0
 72
1
  3

 73
1
 74
1
 75
1
 94
63
  0
MATERIAL
  5
20
102
{ACAD_REACTORS
330
E
102
}
330
E
100
AcDbMaterial
  1
ByLayer
  2

 70
0
 40
1.0
 71
1
 41
1.0
 91
-1023410177
 42
1.0
 72
1
  3

 73
1
 74
1
 75
1
 44
0.5
 73
0
 45
1.0
 46
1.0
 77
1
  4

 78
1
 79
1
170
1
 48
1.0
171
1
  6

172
1
173
1
174
1
140
1.0
141
1.0
175
1
  7

176
1
177
1
178
1
143
1.0
179
1
  8

270
1
271
1
272
1
145
1.0
146
1.0
273
1
  9

274
1
275
1
276
1
 42
1.0
 72
1
  3

 73
1
 74
1
 75
1
 94
63
  0
MATERIAL
  5
21
102
{ACAD_REACTORS
330
E
102
}
330
E
100
AcDbMaterial
  1
Global
  2

 70
0
 40
1.0
 71
1
 41
1.0
 91
-1023410177
 42
1.0
 72
1
  3

 73
1
 74
1
 75
1
 44
0.5
 73
0
 45
1.0
 46
1.0
 77
1
  4

 78
1
 79
1
170
1
 48
1.0
171
1
  6

172
1
173
1
174
1
140
1.0
141
1.0
175
1
  7

176
1
177
1
178
1
143
1.0
179
1
  8

270
1
271
1
272
1
145
1.0
146
1.0
273
1
  9

274
1
275
1
276
1
 42
1.0
 72
1
  3

 73
1
 74
1
 75
1
 94
63
  0
MLINESTYLE
  5
22
102
{ACAD_REACTORS
330
10
102
}
330
10
100
AcDbMlineStyle
  2
Standard
 70
0
  3

 62
256
 51
90.0
 52
90.0
 71
2
 49
0.5
 62
256
  6
BYLAYER
 49
-0.5
 62
256
  6
BYLAYER
  0
MLEADERSTYLE
  5
2C
102
{ACAD_REACTORS
330
F
102
}
330
F
100
AcDbMLeaderStyle
179
2
170
2
171
1
172
0
 90
2
 40
0.0
 41
0.0
173
1
 91
-1056964608
 92
-2
290
1
 42
2.0
291
1
 43
8.0
  3
Standard
 44
4.0
300

342
29
174
1
175
1
176
0
178
1
 93
-1056964608
 45
4.0
292
0
297
0
 46
4.0
 94
-1056964608
 47
1.0
 49
1.0
140
1.0
294
1
141
0.0
177
0
142
1.0
295
0
296
0
143
3.75
271
0
272
9
273
9
  0
DICTIONARY
  5
2D
330
A
100
AcDbDictionary
280
1
281
1
  3
CREATED_BY_EZDXF
350
2E
  3
WRITTEN_BY_EZDXF
350
465
  0
DICTIONARYVAR
  5
2E
330
2D
100
DictionaryVariables
280
0
  1
1.4.4 @ 2026-10-10T17:04:36.204162+00:00
  0
RASTERVARIABLES
  5
45E
102
{ACAD_REACTORS
330
A
102
}
330
A
100
AcDbRasterVariables
 90
0
 70
0
 71
1
 72
3
  0
DICTIONARY
  5
45F
330
A
100
AcDbDictionary
281
1
  3
D:\WK\N CRT\北部山头3940平台2026\7、单日数据\北部山头3940平台-0922\二次圈矿成果_auto\3940平台 0922炮孔数据报告.png
350
460
  0
IMAGEDEF
  5
460
102
{ACAD_REACTORS
330
45F
330
462
102
}
330
45F
100
AcDbRasterImageDef
 90
0
  1
D:\WK\N CRT\北部山头3940平台2026\7、单日数据\北部山头3940平台-0922\二次圈矿成果_auto\3940平台 0922炮孔数据报告.png
 10
1311.0
 20
205.0
 11
0.01
 21
0.01
280
1
281
0
  0
IMAGEDEF_REACTOR
  5
462
330
461
100
AcDbRasterImageDefReactor
 90
2
330
461
  0
DICTIONARYVAR
  5
465
330
2D
100
DictionaryVariables
280
0
  1
1.4.4 @ 2026-10-10T17:04:36.308344+00:00
  0
ENDSEC
  0
EOF
